1002,1,1786,554,174,338,1,1,1
1002,2,595,537,161,303,1,1,1
1002,3,1410,539,223,479,1,1,1
1002,4,457,476,260,598,1,1,1
1002,5,73,467,240,578,1,1,1
1002,7,2510,621,117,239,1,1,1
1002,10,968,564,60,190,1,1,1
1003,1,1785,554,171,338,1,1,1
1003,2,591,536,163,306,1,1,1
1003,3,1413,541,218,481,1,1,1
1003,4,458,477,266,597,1,1,1
1003,5,74,468,237,578,1,1,1
1003,7,2509,621,116,240,1,1,1
1003,10,967,564,61,191,1,1,1
1004,1,1784,554,168,338,1,1,1
1004,2,586,535,165,308,1,1,1
1004,3,1415,542,213,483,1,1,1
1004,4,459,479,271,595,1,1,1
1004,5,75,468,234,579,1,1,1
1004,7,2509,621,115,241,1,1,1
1004,10,966,564,62,191,1,1,1
1005,1,1783,554,165,338,1,1,1
1005,2,582,534,167,311,1,1,1
1005,3,1418,543,208,485,1,1,1
1005,4,461,481,276,593,1,1,1
1005,5,76,469,231,579,1,1,1
1005,7,2508,621,114,242,1,1,1
1005,10,965,564,63,192,1,1,1
1006,1,1782,553,161,338,1,1,1
1006,2,576,533,169,312,1,1,1
1006,3,1420,543,202,487,1,1,1
1006,4,461,482,282,592,1,1,1
1006,5,76,469,228,579,1,1,1
1006,7,2507,620,112,243,1,1,1
1006,10,964,564,64,192,1,1,1
1007,1,1783,554,152,338,1,1,1
1007,2,578,530,165,320,1,1,1
1007,3,1418,545,210,487,1,1,1
1007,4,463,483,283,591,1,1,1
1007,5,79,470,227,581,1,1,1
1007,7,2509,622,112,242,1,1,1
1007,10,965,565,62,192,1,1,1
1008,1,1783,554,144,337,1,1,1
1008,2,580,526,160,327,1,1,1
1008,3,1416,547,217,487,1,1,1
1008,4,464,484,285,589,1,1,1
1008,5,82,470,224,583,1,1,1
1008,7,2510,623,112,241,1,1,1
1008,10,965,566,60,191,1,1,1
1009,1,1784,554,135,337,1,1,1
1009,2,582,523,155,334,1,1,1
1009,3,1414,548,224,487,1,1,1
1009,4,465,485,286,588,1,1,1
1009,5,85,471,222,584,1,1,1
1009,7,2511,624,111,240,1,1,1
1009,10,966,567,58,191,1,1,1
1010,1,1784,554,127,336,1,1,1
1010,2,583,519,151,342,1,1,1
1010,3,1412,550,232,487,1,1,1
1010,4,466,486,288,586,1,1,1
1010,5,87,471,220,586,1,1,1
1010,7,2512,625,111,239,1,1,1
1010,10,966,568,56,190,1,1,1
1011,1,1784,553,117,335,1,1,1
1011,2,584,515,146,348,1,1,1
1011,3,1410,551,238,487,1,1,1
1011,4,466,487,289,584,1,1,1
1011,5,89,471,217,587,1,1,1
1011,7,2512,625,110,238,1,1,1
1011,10,966,569,53,189,1,1,1
1012,1,1782,555,113,334,1,1,1
1012,3,1422,551,232,487,1,1,1
1012,4,475,487,282,582,1,1,1
1012,5,81,472,225,591,1,1,1
1012,7,2512,625,110,240,1,1,1
1012,10,965,570,57,189,1,1,1
1013,1,1778,556,110,333,1,1,1
1013,3,1433,551,226,487,1,1,1
1013,4,483,487,275,580,1,1,1
1013,5,72,473,232,594,1,1,1
1013,7,2511,625,110,240,1,1,1
1013,10,964,570,59,190,1,1,1
1014,1,1775,557,106,331,1,1,1
1014,3,1444,551,220,487,1,1,1
1014,4,491,487,268,577,1,1,1
1014,5,64,473,238,598,1,1,1
1014,7,2510,624,110,242,1,1,1
1014,10,962,571,62,190,1,1,1
1015,1,1772,558,102,330,1,1,1
1015,3,1455,551,214,487,1,1,1
1015,4,499,487,262,575,1,1,1
1015,5,55,474,244,601,1,1,1
1015,7,2509,624,110,242,1,1,1
1015,10,961,571,64,190,1,1,1
1016,1,1769,558,97,328,1,1,1
1016,3,1466,551,207,487,1,1,1
1016,4,507,487,253,571,1,1,1
1016,5,46,474,251,605,1,1,1
1016,7,2507,623,110,243,1,1,1
1016,10,958,571,66,189,1,1,1
1017,1,1757,559,108,328,1,1,1
1017,3,1478,552,197,488,1,1,1
1017,4,524,486,243,574,1,1,1
1017,5,45,474,254,607,1,1,1
1017,7,2508,623,111,244,1,1,1
1017,10,958,572,67,191,1,1,1
1018,1,1745,559,117,329,1,1,1
1018,3,1489,553,187,488,1,1,1
1018,4,541,485,231,575,1,1,1
1018,5,44,474,257,608,1,1,1
1018,7,2508,623,112,244,1,1,1
1018,10,958,572,67,192,1,1,1
1019,1,1733,559,127,329,1,1,1
1019,3,1501,554,176,488,1,1,1
1019,4,558,484,220,577,1,1,1
1019,5,43,474,260,609,1,1,1
1019,7,2508,623,113,244,1,1,1
1019,10,957,573,67,192,1,1,1
1020,1,1721,559,137,329,1,1,1
1020,3,1512,555,166,488,1,1,1
1020,4,574,483,209,578,1,1,1
1020,5,42,474,262,610,1,1,1
1020,7,2509,623,113,244,1,1,1
1020,10,957,573,67,193,1,1,1
1021,1,1708,558,147,329,1,1,1
1021,2,552,541,141,314,1,1,1
1021,3,1523,555,155,488,1,1,1
1021,4,591,482,197,579,1,1,1
1021,5,41,473,264,611,1,1,1
1021,7,2508,623,114,244,1,1,1
1021,10,955,573,67,194,1,1,1
1022,1,1706,560,147,328,1,1,1
1022,2,551,541,140,315,1,1,1
1022,3,1529,556,151,487,1,1,1
1022,4,598,486,198,576,1,1,1
1022,5,40,475,262,610,1,1,1
1022,7,2510,625,112,242,1,1,1
1022,10,958,574,65,192,1,1,1
1023,1,1702,562,147,325,1,1,1
1023,2,549,541,139,315,1,1,1
1023,3,1534,557,147,485,1,1,1
1023,4,606,489,197,574,1,1,1
1023,5,39,476,260,608,1,1,1
1023,7,2511,626,109,240,1,1,1
1023,10,960,575,63,189,1,1,1
1024,1,1699,563,147,324,1,1,1
1024,2,548,541,137,315,1,1,1
1024,3,1539,557,143,484,1,1,1
1024,4,613,492,197,571,1,1,1
1024,5,38,477,257,607,1,1,1
1024,7,2512,627,106,239,1,1,1
1024,10,961,575,62,188,1,1,1
1025,1,1696,565,147,322,1,1,1
1025,2,546,541,136,316,1,1,1
1025,3,1544,557,139,483,1,1,1
1025,4,620,496,197,568,1,1,1
1025,5,38,479,254,604,1,1,1
1025,7,2513,628,103,237,1,1,1
1025,10,963,576,59,185,1,1,1
1026,1,1692,566,146,320,1,1,1
1026,2,544,540,134,316,1,1,1
1026,3,1548,557,134,481,1,1,1
1026,4,627,499,197,565,1,1,1
1026,5,36,479,251,602,1,1,1
1026,7,2513,629,100,234,1,1,1
1026,10,965,576,56,183,1,1,1
1027,1,1692,566,146,320,1,1,1
1027,2,543,541,133,319,1,1,1
1027,3,1549,559,137,480,1,1,1
1027,4,631,500,206,563,1,1,1
1027,5,33,480,254,603,1,1,1
1027,7,2513,629,102,235,1,1,1
1027,10,965,576,56,184,1,1,1
1028,1,1691,565,146,320,1,1,1
1028,2,541,543,131,319,1,1,1
1028,3,1549,559,139,480,1,1,1
1028,4,635,501,214,561,1,1,1
1028,5,30,480,256,603,1,1,1
1028,7,2512,628,104,236,1,1,1
1028,10,965,576,56,184,1,1,1
1029,1,1691,565,145,320,1,1,1
1029,2,540,544,129,321,1,1,1
1029,3,1549,560,142,479,1,1,1
1029,4,639,502,222,558,1,1,1
1029,5,27,480,257,604,1,1,1
1029,7,2512,628,104,236,1,1,1
1029,10,965,576,55,185,1,1,1
1030,1,1690,565,144,319,1,1,1
1030,2,539,545,127,323,1,1,1
1030,3,1549,561,144,478,1,1,1
1030,4,643,503,230,556,1,1,1
1030,5,23,481,260,603,1,1,1
1030,7,2511,627,106,237,1,1,1
1030,10,965,576,55,185,1,1,1
1031,1,1689,564,143,319,1,1,1
1031,2,537,545,124,324,1,1,1
1031,3,1548,561,146,477,1,1,1
1031,4,646,504,238,553,1,1,1
1031,5,20,480,261,603,1,1,1
1031,7,2510,626,106,236,1,1,1
1031,10,964,576,54,184,1,1,1
1032,1,1690,564,138,318,1,1,1
1032,2,537,546,125,325,1,1,1
1032,3,1552,559,147,478,1,1,1
1032,4,647,505,240,553,1,1,1
1032,5,18,480,253,605,1,1,1
1032,7,2511,626,106,237,1,1,1
1032,10,964,577,56,184,1,1,1
1033,1,1691,563,132,317,1,1,1
1033,2,537,545,125,326,1,1,1
1033,3,1555,557,148,478,1,1,1
1033,4,646,506,242,553,1,1,1
1033,5,15,480,246,605,1,1,1
1033,7,2511,626,106,237,1,1,1
1033,10,964,577,56,184,1,1,1
1034,1,1692,563,125,316,1,1,1
1034,2,537,545,125,326,1,1,1
1034,3,1559,555,147,478,1,1,1
1034,4,646,507,244,552,1,1,1
1034,5,13,480,238,605,1,1,1
1034,7,2511,626,106,237,1,1,1
1034,10,963,577,57,183,1,1,1
1035,1,1693,562,119,316,1,1,1
1035,2,537,545,125,327,1,1,1
1035,3,1562,553,148,478,1,1,1
1035,4,646,508,245,552,1,1,1
1035,5,11,480,229,605,1,1,1
1035,7,2511,625,106,237,1,1,1
1035,10,963,577,57,183,1,1,1
1036,1,1693,561,113,314,1,1,1
1036,2,536,544,125,327,1,1,1
1036,3,1565,550,147,478,1,1,1
1036,4,645,508,247,552,1,1,1
1036,5,8,479,221,605,1,1,1
1036,7,2511,624,104,237,1,1,1
1036,10,961,576,58,182,1,1,1
1037,1,1694,562,104,313,1,1,1
1037,2,536,544,125,328,1,1,1
1037,3,1576,551,142,475,1,1,1
1037,4,655,508,238,553,1,1,1
1037,5,7,480,214,606,1,1,1
1037,7,2511,625,105,237,1,1,1
1037,10,963,577,57,183,1,1,1
1038,1,1694,561,95,313,1,1,1
1038,2,536,544,124,328,1,1,1
1038,3,1586,552,136,470,1,1,1
1038,4,664,507,229,554,1,1,1
1038,5,6,480,207,606,1,1,1
1038,7,2511,626,104,235,1,1,1
1038,10,964,577,56,183,1,1,1
1039,1,1694,561,86,312,1,1,1
1039,2,536,544,123,328,1,1,1
1039,3,1597,552,129,467,1,1,1
1039,4,673,507,220,555,1,1,1
1039,5,5,480,199,607,1,1,1
1039,7,2511,626,104,235,1,1,1
1039,10,964,577,56,184,1,1,1
1040,1,1695,560,77,312,1,1,1
1040,2,535,544,124,328,1,1,1
1040,3,1607,553,124,463,1,1,1
1040,4,682,507,211,555,1,1,1
1040,5,4,480,192,607,1,1,1
1040,7,2511,626,103,234,1,1,1
1040,10,965,577,55,184,1,1,1
1041,1,1694,559,68,311,1,1,1
1041,2,535,543,122,328,1,1,1
1041,3,1617,553,117,458,1,1,1
1041,4,690,506,202,556,1,1,1
1041,5,3,480,184,607,1,1,1
1041,7,2510,626,103,232,1,1,1
1041,10,965,577,53,184,1,1,1
1042,2,529,544,128,329,1,1,1
1042,3,1620,553,123,459,1,1,1
1042,4,706,506,192,557,1,1,1
1042,5,2,480,185,608,1,1,1
1042,7,2511,627,102,233,1,1,1
1042,10,966,578,53,184,1,1,1
1043,2,523,544,133,331,1,1,1
1043,3,1623,553,127,458,1,1,1
1043,4,721,507,183,556,1,1,1
1043,5,2,480,185,608,1,1,1
1043,7,2511,626,102,234,1,1,1
1043,10,966,578,53,184,1,1,1
1044,2,517,545,138,331,1,1,1
1044,3,1626,552,132,459,1,1,1
1044,4,736,507,173,556,1,1,1
1044,5,1,480,186,608,1,1,1
1044,7,2512,626,101,234,1,1,1
1044,10,965,578,53,184,1,1,1
1045,2,511,545,143,332,1,1,1
1045,3,1629,552,136,458,1,1,1
1045,4,751,507,163,556,1,1,1
1045,5,1,480,186,608,1,1,1
1045,7,2512,626,102,235,1,1,1
1045,10,965,578,53,184,1,1,1
1046,2,505,545,147,332,1,1,1
1046,3,1631,551,141,458,1,1,1
1046,4,765,507,153,555,1,1,1
1046,5,0,479,186,609,1,1,1
1046,7,2512,625,100,235,1,1,1
1046,10,964,578,52,183,1,1,1
1047,2,504,546,148,333,1,1,1
1047,3,1632,553,153,457,1,1,1
1047,4,772,508,165,555,1,1,1
1047,5,0,480,187,609,1,1,1
1047,7,2513,625,101,236,1,1,1
1047,10,965,578,53,184,1,1,1
1048,2,503,546,148,333,1,1,1
1048,3,1633,555,164,455,1,1,1
1048,4,779,509,175,553,1,1,1
1048,5,0,480,188,609,1,1,1
1048,7,2513,625,100,236,1,1,1
1048,10,964,578,54,184,1,1,1
1049,2,502,546,149,333,1,1,1
1049,3,1634,558,175,453,1,1,1
1049,4,785,510,187,552,1,1,1
1049,5,0,481,189,608,1,1,1
1049,7,2513,625,100,236,1,1,1
1049,10,964,578,54,184,1,1,1
1050,2,500,547,150,332,1,1,1
1050,3,1635,560,186,451,1,1,1
1050,4,791,511,198,551,1,1,1
1050,5,1,481,189,607,1,1,1
1050,7,2513,625,100,236,1,1,1
1050,10,964,578,54,185,1,1,1
1051,2,499,547,150,332,1,1,1
1051,3,1635,561,197,449,1,1,1
1051,4,797,512,209,548,1,1,1
1051,5,0,481,190,606,1,1,1
1051,7,2512,624,100,235,1,1,1
1051,10,963,577,54,185,1,1,1
1052,2,501,547,146,334,1,1,1
1052,3,1636,562,199,448,1,1,1
1052,4,799,514,216,548,1,1,1
1052,5,1,482,189,606,1,1,1
1052,7,2513,625,100,236,1,1,1
1052,10,963,578,55,185,1,1,1
1053,2,503,547,142,336,1,1,1
1053,3,1637,562,200,447,1,1,1
1053,4,800,515,224,547,1,1,1
1053,5,0,482,190,606,1,1,1
1053,7,2513,625,100,236,1,1,1
1053,10,963,579,55,184,1,1,1
1054,2,506,548,136,336,1,1,1
1054,3,1638,562,202,445,1,1,1
1054,4,800,517,233,546,1,1,1
1054,5,0,482,189,606,1,1,1
1054,7,2514,626,99,235,1,1,1
1054,10,963,579,55,184,1,1,1
1055,2,508,548,132,338,1,1,1
1055,3,1638,562,204,444,1,1,1
1055,4,801,518,241,545,1,1,1
1055,5,0,482,189,606,1,1,1
1055,7,2514,626,99,235,1,1,1
1055,10,963,580,55,183,1,1,1
1056,1,1595,563,142,305,1,1,1
1056,2,509,547,127,339,1,1,1
1056,3,1638,561,204,442,1,1,1
1056,4,802,519,247,543,1,1,1
1056,5,0,481,188,605,1,1,1
1056,7,2514,626,98,234,1,1,1
1056,10,962,580,55,182,1,1,1
1057,1,1595,563,141,306,1,1,1
1057,2,507,548,128,341,1,1,1
1057,3,1648,562,195,442,1,1,1
1057,4,802,520,249,544,1,1,1
1057,5,0,482,189,606,1,1,1
1057,7,2513,626,99,235,1,1,1
1057,10,961,580,57,183,1,1,1
1058,1,1594,562,139,307,1,1,1
1058,2,504,547,129,344,1,1,1
1058,3,1657,561,186,443,1,1,1
1058,4,802,520,250,544,1,1,1
1058,5,0,482,189,607,1,1,1
1058,7,2513,626,99,235,1,1,1
1058,10,960,580,58,183,1,1,1
1059,1,1594,561,137,308,1,1,1
1059,2,501,547,130,345,1,1,1
1059,3,1667,561,176,444,1,1,1
1059,4,802,519,251,545,1,1,1
1059,5,0,482,189,608,1,1,1
1059,7,2512,626,99,235,1,1,1
1059,10,959,580,59,183,1,1,1
1060,1,1593,560,135,309,1,1,1
1060,2,498,547,131,347,1,1,1
1060,3,1676,561,166,444,1,1,1
1060,4,802,519,252,545,1,1,1
1060,5,1,482,188,608,1,1,1
1060,7,2511,626,100,235,1,1,1
1060,10,958,580,60,183,1,1,1
1061,1,1592,559,133,309,1,1,1
1061,2,495,546,131,348,1,1,1
1061,3,1685,560,157,444,1,1,1
1061,4,801,519,253,545,1,1,1
1061,5,0,481,188,609,1,1,1
1061,7,2510,625,100,235,1,1,1
1061,10,956,580,61,182,1,1,1
1062,1,1593,559,123,310,1,1,1
1062,2,493,545,132,350,1,1,1
1062,3,1698,560,148,445,1,1,1
1062,4,812,518,243,545,1,1,1
1062,5,1,482,188,609,1,1,1
1062,7,2511,626,99,235,1,1,1
1063,1,1593,559,114,310,1,1,1
1063,2,491,544,132,351,1,1,1
1063,3,1711,560,138,445,1,1,1
1063,4,821,517,234,544,1,1,1
1063,5,0,483,188,608,1,1,1
1063,7,2511,626,99,235,1,1,1
1064,1,1593,559,104,310,1,1,1
1064,2,488,543,133,351,1,1,1
1064,3,1724,560,129,445,1,1,1
1064,4,831,517,224,542,1,1,1
1064,5,0,483,187,607,1,1,1
1064,7,2511,626,99,236,1,1,1
1065,1,1594,559,94,310,1,1,1
1065,2,486,542,134,352,1,1,1
1065,3,1737,560,119,445,1,1,1
1065,4,841,516,214,541,1,1,1
1065,5,0,484,187,606,1,1,1
1065,7,2511,626,98,236,1,1,1
1066,1,1594,559,84,310,1,1,1
1066,2,484,541,134,353,1,1,1
1066,3,1750,560,110,445,1,1,1
1066,4,851,515,204,540,1,1,1
1066,5,0,484,186,606,1,1,1
1066,7,2511,626,98,236,1,1,1
1067,1,1588,559,86,310,1,1,1
1067,2,485,541,136,353,1,1,1
1067,3,1752,561,111,444,1,1,1
1067,4,869,515,190,541,1,1,1
1067,5,1,484,183,606,1,1,1
1067,7,2511,626,100,236,1,1,1
1068,1,1582,559,88,310,1,1,1
1068,2,485,541,139,353,1,1,1
1068,3,1754,562,112,443,1,1,1
1068,4,887,515,176,542,1,1,1
1068,5,2,485,180,604,1,1,1
1068,7,2510,626,102,236,1,1,1
1069,1,1577,560,88,309,1,1,1
1069,2,486,542,141,352,1,1,1
1069,3,1757,562,113,442,1,1,1
1069,4,904,516,162,542,1,1,1
1069,5,2,485,178,604,1,1,1
1069,7,2510,625,104,237,1,1,1
1070,1,1571,560,90,309,1,1,1
1070,2,486,542,144,352,1,1,1
1070,3,1759,563,114,441,1,1,1
1070,4,922,516,148,543,1,1,1
1070,5,3,486,175,602,1,1,1
1070,7,2509,625,106,237,1,1,1
1071,1,1565,560,92,309,1,1,1
1071,2,487,542,146,352,1,1,1
1071,3,1761,564,115,440,1,1,1
1071,4,940,516,134,544,1,1,1
1071,5,4,486,172,602,1,1,1
1071,7,2509,625,108,237,1,1,1
1072,1,1555,560,101,309,1,1,1
1072,2,489,542,151,353,1,1,1
1072,3,1762,565,118,439,1,1,1
1072,4,944,517,148,542,1,1,1
1072,5,6,487,174,601,1,1,1
1072,7,2509,624,110,238,1,1,1
1073,1,1545,560,109,309,1,1,1
1073,2,491,541,156,354,1,1,1
1073,3,1764,566,121,439,1,1,1
1073,4,949,517,162,541,1,1,1
1073,5,8,487,176,601,1,1,1
1073,7,2509,624,112,238,1,1,1
1074,1,1535,560,118,309,1,1,1
1074,2,493,541,161,355,1,1,1
1074,3,1765,567,124,438,1,1,1
1074,4,953,518,176,539,1,1,1
1074,5,10,488,178,599,1,1,1
1074,7,2509,623,114,238,1,1,1
1075,1,1525,560,126,309,1,1,1
1075,2,495,540,166,356,1,1,1
1075,3,1766,568,127,437,1,1,1
1075,4,958,518,190,538,1,1,1
1075,5,12,489,180,598,1,1,1
1075,7,2509,623,116,238,1,1,1
1076,1,1514,560,134,308,1,1,1
1076,2,497,539,171,357,1,1,1
1076,3,1767,569,129,436,1,1,1
1076,4,961,519,204,536,1,1,1
1076,5,14,489,181,597,1,1,1
1076,7,2509,622,118,238,1,1,1
1077,1,1512,561,136,307,1,1,1
1077,2,501,539,169,357,1,1,1
1077,3,1773,569,129,435,1,1,1
1077,4,963,520,211,535,1,1,1
1077,5,16,492,191,596,1,1,1
1077,7,2509,623,118,238,1,1,1
1078,1,1509,561,138,307,1,1,1
1078,2,504,539,167,357,1,1,1
1078,3,1777,569,128,433,1,1,1
1078,4,963,521,220,534,1,1,1
1078,5,18,494,200,594,1,1,1
1078,7,2509,623,117,238,1,1,1
1079,1,1506,561,140,307,1,1,1
1079,2,508,539,165,357,1,1,1
1079,3,1782,569,127,431,1,1,1
1079,4,964,521,227,533,1,1,1
1079,5,19,497,210,592,1,1,1
1079,7,2509,624,116,237,1,1,1
1080,1,1503,561,141,306,1,1,1
1080,2,511,539,163,357,1,1,1
1080,3,1787,569,126,429,1,1,1
1080,4,965,522,234,532,1,1,1
1080,5,21,499,219,591,1,1,1
1080,7,2509,624,116,237,1,1,1
1081,1,1500,561,143,305,1,1,1
1081,2,514,538,160,356,1,1,1
1081,3,1791,568,125,427,1,1,1
1081,4,965,522,242,530,1,1,1
1081,5,22,501,227,588,1,1,1
1081,7,2509,624,114,235,1,1,1
1081,10,961,580,52,182,1,1,1
1082,1,1499,561,144,306,1,1,1
1082,2,516,538,160,357,1,1,1
1082,3,1796,568,125,425,1,1,1
1082,4,967,522,241,532,1,1,1
1082,5,23,505,240,589,1,1,1
1082,7,2509,625,114,235,1,1,1
1082,10,961,581,53,182,1,1,1
1083,1,1498,561,144,306,1,1,1
1083,2,518,538,160,357,1,1,1
1083,3,1800,567,124,424,1,1,1
1083,4,968,521,241,533,1,1,1
1083,5,23,509,252,588,1,1,1
1083,7,2509,624,113,236,1,1,1
1083,10,961,580,53,183,1,1,1
1084,1,1496,560,146,307,1,1,1
1084,2,519,538,160,357,1,1,1
1084,3,1805,566,123,422,1,1,1
1084,4,970,520,240,534,1,1,1
1084,5,24,512,263,587,1,1,1
1084,7,2510,624,112,236,1,1,1
1084,10,961,580,53,183,1,1,1
1085,1,1495,560,146,308,1,1,1
1085,2,521,538,159,357,1,1,1
1085,3,1809,565,122,420,1,1,1
1085,4,971,520,239,535,1,1,1
1085,5,24,516,275,586,1,1,1
1085,7,2510,624,111,236,1,1,1
1085,10,961,580,53,183,1,1,1
1086,1,1493,559,146,308,1,1,1
1086,2,522,538,158,356,1,1,1
1086,3,1813,564,121,417,1,1,1
1086,4,972,518,238,536,1,1,1
1086,5,24,519,287,585,1,1,1
1086,7,2509,624,110,236,1,1,1
1086,10,960,579,53,182,1,1,1
1087,1,1494,559,143,308,1,1,1
1087,2,526,538,155,356,1,1,1
1087,3,1816,565,126,416,1,1,1
1087,4,985,518,227,537,1,1,1
1087,5,29,518,290,588,1,1,1
1087,7,2509,624,111,236,1,1,1
1087,10,961,579,53,183,1,1,1
1088,1,1494,559,140,307,1,1,1
1088,2,529,539,151,355,1,1,1
1088,3,1819,566,131,415,1,1,1
1088,4,997,518,216,537,1,1,1
1088,5,34,517,293,589,1,1,1
1088,7,2509,624,110,236,1,1,1
1088,10,960,579,54,183,1,1,1
1089,1,1494,559,137,307,1,1,1
1089,2,533,539,147,354,1,1,1
1089,3,1822,567,136,413,1,1,1
1089,4,1009,517,204,538,1,1,1
1089,5,39,516,296,590,1,1,1
1089,7,2508,624,111,235,1,1,1
1089,10,960,578,54,183,1,1,1
1090,1,1494,558,133,307,1,1,1
1090,2,536,539,143,354,1,1,1
1090,3,1824,568,142,412,1,1,1
1090,4,1021,516,193,539,1,1,1
1090,5,44,515,299,591,1,1,1
1090,7,2507,624,111,235,1,1,1
1090,10,960,578,54,183,1,1,1
1091,1,1493,557,130,306,1,1,1
1091,2,539,538,138,353,1,1,1
1091,3,1826,568,146,411,1,1,1
1091,4,1033,515,181,538,1,1,1
1091,5,49,514,301,592,1,1,1
1091,7,2506,624,111,234,1,1,1
1091,10,959,577,54,183,1,1,1
1092,1,1494,558,121,305,1,1,1
1092,2,543,539,136,353,1,1,1
1092,3,1829,570,149,409,1,1,1
1092,4,1047,516,171,538,1,1,1
1092,5,83,506,280,598,1,1,1
1092,7,2507,624,111,235,1,1,1
1092,10,960,577,54,184,1,1,1
1093,1,1493,557,112,305,1,1,1
1093,2,546,538,133,354,1,1,1
1093,3,1830,573,152,405,1,1,1
1093,4,1061,516,160,538,1,1,1
1093,5,116,498,259,604,1,1,1
1093,7,2507,624,111,235,1,1,1
1093,10,960,577,54,183,1,1,1
1094,1,1493,557,103,305,1,1,1
1094,2,549,538,130,353,1,1,1
1094,3,1832,575,154,402,1,1,1
1094,4,1075,516,149,538,1,1,1
1094,5,149,490,237,610,1,1,1
1094,7,2507,623,111,236,1,1,1
1094,10,960,577,55,183,1,1,1
1095,1,1493,557,93,304,1,1,1
1095,2,552,538,127,353,1,1,1
1095,3,1834,577,156,400,1,1,1
1095,4,1089,516,138,538,1,1,1
1095,5,182,482,216,616,1,1,1
1095,7,2507,623,111,236,1,1,1
1095,10,960,577,55,183,1,1,1
1096,1,1492,556,84,303,1,1,1
1096,2,555,537,123,352,1,1,1
1096,3,1835,579,157,396,1,1,1
1096,4,1103,516,126,537,1,1,1
1096,5,214,473,195,622,1,1,1
1096,7,2506,622,111,235,1,1,1
1096,10,960,576,54,183,1,1,1
1097,1,1486,556,88,304,1,1,1
1097,2,561,536,132,352,1,1,1
1097,3,1835,577,163,398,1,1,1
1097,4,1106,516,143,538,1,1,1
1097,5,228,480,209,621,1,1,1
1097,7,2506,623,112,236,1,1,1
1097,10,960,576,56,184,1,1,1
1098,1,1479,555,93,305,1,1,1
1098,2,567,536,140,351,1,1,1
1098,3,1835,575,167,398,1,1,1
1098,4,1108,516,161,538,1,1,1
1098,5,241,487,222,620,1,1,1
1098,7,2504,624,114,236,1,1,1
1098,10,959,575,58,186,1,1,1
1099,1,1472,555,97,304,1,1,1
1099,2,573,535,148,350,1,1,1
1099,3,1834,573,173,399,1,1,1
1099,4,1111,516,178,538,1,1,1
1099,5,254,494,236,618,1,1,1
1099,7,2503,624,115,236,1,1,1
1099,10,958,574,60,187,1,1,1
1100,1,1466,554,101,305,1,1,1
1100,2,579,534,156,350,1,1,1
1100,3,1834,571,177,400,1,1,1
1100,4,1113,516,195,538,1,1,1
1100,5,267,501,250,617,1,1,1
1100,7,2501,625,117,236,1,1,1
1100,10,957,573,62,188,1,1,1
1101,1,1458,553,105,305,1,1,1
1101,2,584,533,164,348,1,1,1
1101,3,1833,569,182,400,1,1,1
1101,4,1115,515,212,538,1,1,1
1101,5,279,507,264,615,1,1,1
1101,7,2500,625,117,235,1,1,1
1101,10,956,571,64,189,1,1,1
1102,1,1450,553,112,306,1,1,1
1102,2,587,534,168,349,1,1,1
1102,3,1840,570,179,398,1,1,1
1102,4,1115,516,218,538,1,1,1
1102,5,280,510,285,617,1,1,1
1102,7,2500,624,117,237,1,1,1
1102,10,956,571,64,191,1,1,1
1103,1,1441,553,118,306,1,1,1
1103,2,590,535,171,348,1,1,1
1103,3,1847,570,176,397,1,1,1
1103,4,1115,517,223,537,1,1,1
1103,5,281,512,306,619,1,1,1
1103,7,2500,623,116,238,1,1,1
1103,10,956,571,63,191,1,1,1
1104,1,1431,552,125,307,1,1,1
1104,2,592,536,175,348,1,1,1
1104,3,1853,571,173,395,1,1,1
1104,4,1115,518,229,536,1,1,1
1104,5,281,514,327,621,1,1,1
1104,7,2500,621,115,239,1,1,1
1104,10,956,570,63,192,1,1,1
1105,1,1422,552,132,307,1,1,1
1105,2,595,537,178,347,1,1,1
1105,3,1860,571,170,394,1,1,1
1105,4,1115,519,234,535,1,1,1
1105,5,282,516,348,623,1,1,1
1105,7,2500,619,114,240,1,1,1
1105,10,956,570,62,192,1,1,1
1106,1,1412,551,138,307,1,1,1
1106,2,597,538,182,346,1,1,1
1106,3,1866,571,166,392,1,1,1
1106,4,1115,520,238,533,1,1,1
1106,5,282,517,369,625,1,1,1
1106,7,2500,617,112,241,1,1,1
1106,10,956,569,61,192,1,1,1
1107,1,1412,551,139,307,1,1,1
1107,2,600,538,180,346,1,1,1
1107,3,1871,572,164,392,1,1,1
1107,4,1118,519,235,534,1,1,1
1107,5,305,510,348,634,1,1,1
1107,7,2501,618,113,241,1,1,1
1107,10,956,570,62,191,1,1,1
1108,1,1411,551,139,306,1,1,1
1108,2,603,538,178,346,1,1,1
1108,3,1875,572,162,392,1,1,1
1108,4,1122,518,231,534,1,1,1
1108,5,328,503,326,642,1,1,1
1108,7,2501,618,114,241,1,1,1
1108,10,955,570,63,191,1,1,1
1109,1,1410,551,140,305,1,1,1
1109,2,605,538,176,345,1,1,1
1109,3,1879,572,160,392,1,1,1
1109,4,1125,517,227,534,1,1,1
1109,5,351,495,305,650,1,1,1
1109,7,2502,618,114,241,1,1,1
1109,10,955,571,63,189,1,1,1
1110,1,1409,551,140,304,1,1,1
1110,2,608,538,174,345,1,1,1
1110,3,1883,572,159,392,1,1,1
1110,4,1128,516,224,534,1,1,1
1110,5,374,487,283,659,1,1,1
1110,7,2502,618,115,241,1,1,1
1110,10,954,571,64,188,1,1,1
1111,1,1407,551,141,302,1,1,1
1111,2,610,538,171,343,1,1,1
1111,3,1887,571,156,392,1,1,1
1111,4,1130,515,220,533,1,1,1
1111,5,397,479,261,666,1,1,1
1111,7,2502,617,115,241,1,1,1
1111,10,953,571,64,187,1,1,1
1112,1,1406,551,143,304,1,1,1
1112,2,615,538,168,342,1,1,1
1112,3,1888,573,155,392,1,1,1
1112,4,1142,515,210,533,1,1,1
1112,5,426,474,247,671,1,1,1
1112,7,2503,618,115,241,1,1,1
1112,10,954,571,65,188,1,1,1
1113,1,1405,550,144,306,1,1,1
1113,2,619,537,165,341,1,1,1
1113,3,1888,574,155,391,1,1,1
1113,4,1153,515,199,532,1,1,1
1113,5,454,468,233,675,1,1,1
1113,7,2504,619,114,241,1,1,1
1113,10,954,571,66,188,1,1,1
1114,1,1403,550,146,307,1,1,1
1114,2,624,537,161,339,1,1,1
1114,3,1889,575,153,391,1,1,1
1114,4,1165,515,188,531,1,1,1
1114,5,482,463,219,679,1,1,1
1114,7,2504,619,114,242,1,1,1
1114,10,954,570,67,189,1,1,1
1115,1,1402,549,147,309,1,1,1
1115,2,629,536,157,338,1,1,1
1115,3,1889,576,153,390,1,1,1
1115,4,1176,515,177,530,1,1,1
1115,5,510,457,204,683,1,1,1
1115,7,2505,620,113,241,1,1,1
1115,10,954,570,68,189,1,1,1
1116,1,1400,548,148,310,1,1,1
1116,2,633,535,153,335,1,1,1
1116,3,1889,576,151,389,1,1,1
1116,4,1187,515,166,528,1,1,1
1116,5,538,451,189,687,1,1,1
1116,7,2505,620,112,241,1,1,1
1116,10,953,569,69,189,1,1,1
1117,1,1399,549,144,310,1,1,1
1117,3,1889,577,153,388,1,1,1
1117,4,1195,516,165,528,1,1,1
1117,5,546,464,224,682,1,1,1
1117,7,2505,621,112,241,1,1,1
1117,10,954,569,69,190,1,1,1
1118,1,1399,549,137,311,1,1,1
1118,3,1889,577,153,386,1,1,1
1118,4,1204,516,162,528,1,1,1
1118,5,554,476,258,677,1,1,1
1118,7,2505,621,112,241,1,1,1
1118,10,955,569,68,191,1,1,1
1119,1,1398,549,132,312,1,1,1
1119,3,1888,577,155,384,1,1,1
1119,4,1212,517,160,527,1,1,1
1119,5,562,488,292,672,1,1,1
1119,7,2505,621,111,241,1,1,1
1119,10,955,569,68,192,1,1,1
1120,1,1398,549,126,312,1,1,1
1120,3,1888,577,155,381,1,1,1
1120,4,1220,517,158,527,1,1,1
1120,5,569,501,327,666,1,1,1
1120,7,2505,621,111,241,1,1,1
1120,10,956,569,67,192,1,1,1
1121,1,1397,548,120,312,1,1,1
1121,3,1887,576,156,379,1,1,1
1121,4,1228,517,156,525,1,1,1
1121,5,576,512,361,661,1,1,1
1121,7,2505,620,110,241,1,1,1
1121,10,956,569,66,192,1,1,1
1122,1,1398,549,110,312,1,1,1
1122,3,1889,578,154,377,1,1,1
1122,4,1233,519,164,524,1,1,1
1122,5,580,518,379,662,1,1,1
1122,7,2507,622,108,240,1,1,1
1122,10,958,570,64,191,1,1,1
1123,1,1399,549,100,312,1,1,1
1123,3,1890,579,152,375,1,1,1
1123,4,1238,519,171,523,1,1,1
1123,5,582,522,398,664,1,1,1
1123,7,2508,623,107,239,1,1,1
1123,10,959,571,62,189,1,1,1
1124,1,1400,549,89,312,1,1,1
1124,3,1892,579,149,374,1,1,1
1124,4,1243,520,179,521,1,1,1
1124,5,585,527,415,664,1,1,1
1124,7,2510,624,105,238,1,1,1
1124,10,960,572,60,188,1,1,1
1125,1,1401,550,79,310,1,1,1
1125,3,1893,580,147,372,1,1,1
1125,4,1247,520,187,521,1,1,1
1125,5,587,532,434,665,1,1,1
1125,7,2512,625,104,237,1,1,1
1125,10,961,573,58,186,1,1,1
1126,1,1402,550,67,310,1,1,1
1126,2,703,538,98,333,1,1,1
1126,3,1894,581,144,370,1,1,1
1126,4,1252,521,194,518,1,1,1
1126,5,590,536,451,665,1,1,1
1126,7,2513,625,102,236,1,1,1
1126,10,962,573,55,185,1,1,1
1127,1,1392,550,75,309,1,1,1
1127,2,706,540,108,332,1,1,1
1127,3,1895,581,140,370,1,1,1
1127,4,1257,522,197,517,1,1,1
1127,5,621,529,422,673,1,1,1
1127,7,2514,625,101,237,1,1,1
1128,1,1381,551,83,307,1,1,1
1128,2,709,541,117,330,1,1,1
1128,3,1895,581,136,371,1,1,1
1128,4,1261,524,200,515,1,1,1
1128,5,652,521,392,680,1,1,1
1128,7,2514,625,100,237,1,1,1
1129,1,1371,551,91,307,1,1,1
1129,2,711,542,126,329,1,1,1
1129,3,1895,580,133,372,1,1,1
1129,4,1265,525,203,513,1,1,1
1129,5,682,512,364,688,1,1,1
1129,7,2515,625,99,237,1,1,1
1130,1,1360,552,99,305,1,1,1
1130,2,714,543,135,327,1,1,1
1130,3,1895,580,129,372,1,1,1
1130,4,1270,526,205,511,1,1,1
1130,5,713,504,335,696,1,1,1
1130,7,2515,625,98,237,1,1,1
1131,1,1349,552,106,303,1,1,1
1131,2,716,544,144,325,1,1,1
1131,3,1895,579,124,372,1,1,1
1131,4,1274,527,207,509,1,1,1
1131,5,744,496,305,702,1,1,1
1131,7,2515,624,97,236,1,1,1
1132,2,716,545,148,326,1,1,1
1132,3,1894,579,121,373,1,1,1
1132,4,1274,529,209,507,1,1,1
1132,5,788,485,281,712,1,1,1
1132,7,2515,625,98,236,1,1,1
1133,2,715,545,152,327,1,1,1
1133,3,1892,579,117,373,1,1,1
1133,4,1274,530,210,506,1,1,1
1133,5,833,473,256,722,1,1,1
1133,7,2513,625,100,236,1,1,1
1134,2,714,545,157,327,1,1,1
1134,3,1890,578,114,374,1,1,1
1134,4,1274,531,212,505,1,1,1
1134,5,877,462,231,730,1,1,1
1134,7,2512,626,100,235,1,1,1
1135,2,713,546,161,327,1,1,1
1135,3,1888,578,110,374,1,1,1
1135,4,1273,533,214,502,1,1,1
1135,5,922,451,206,739,1,1,1
1135,7,2511,626,101,235,1,1,1
1136,2,712,546,164,327,1,1,1
1136,3,1885,577,106,374,1,1,1
1136,4,1273,534,215,501,1,1,1
1136,5,965,439,181,748,1,1,1
1136,7,2510,626,101,234,1,1,1
1137,2,714,546,164,328,1,1,1
1137,3,1883,578,105,374,1,1,1
1137,4,1282,533,212,500,1,1,1
1137,5,986,450,204,743,1,1,1
1137,7,2510,626,102,235,1,1,1
1138,2,716,546,163,328,1,1,1
1138,3,1881,579,103,372,1,1,1
1138,4,1291,533,208,497,1,1,1
1138,5,1007,461,226,738,1,1,1
1138,7,2510,626,101,235,1,1,1
1139,2,718,546,162,327,1,1,1
1139,3,1878,580,101,370,1,1,1
1139,4,1299,532,206,496,1,1,1
1139,5,1027,472,249,733,1,1,1
1139,7,2510,626,101,235,1,1,1
1140,2,719,546,163,327,1,1,1
1140,3,1875,581,100,368,1,1,1
1140,4,1308,531,202,494,1,1,1
1140,5,1048,483,271,728,1,1,1
1140,7,2510,626,101,235,1,1,1
1141,1,1297,550,129,305,1,1,1
1141,2,721,545,161,326,1,1,1
1141,3,1872,581,98,366,1,1,1
1141,4,1316,530,199,492,1,1,1
1141,5,1067,494,294,722,1,1,1
1141,7,2510,625,100,234,1,1,1
1141,10,958,577,55,182,1,1,1
1142,2,727,546,155,326,1,1,1
1142,3,1868,582,100,366,1,1,1
1142,4,1330,530,184,493,1,1,1
1142,5,1068,504,331,720,1,1,1
1142,7,2510,626,100,235,1,1,1
1142,10,958,577,56,183,1,1,1
1143,2,733,546,149,325,1,1,1
1143,3,1863,582,103,366,1,1,1
1143,4,1344,529,169,494,1,1,1
1143,5,1069,514,367,717,1,1,1
1143,7,2510,626,100,235,1,1,1
1143,10,958,577,56,183,1,1,1
1144,2,738,546,143,325,1,1,1
1144,3,1859,582,105,366,1,1,1
1144,4,1358,528,154,495,1,1,1
1144,5,1069,524,404,714,1,1,1
1144,7,2510,626,100,236,1,1,1
1144,10,958,577,55,183,1,1,1
1145,2,744,547,137,323,1,1,1
1145,3,1854,581,108,367,1,1,1
1145,4,1372,527,139,497,1,1,1
1145,5,1070,534,440,711,1,1,1
1145,7,2510,627,100,235,1,1,1
1145,10,958,577,55,183,1,1,1
1146,2,749,546,130,322,1,1,1
1146,3,1849,581,110,365,1,1,1
1146,4,1385,526,123,496,1,1,1
1146,5,1070,543,477,708,1,1,1
1146,7,2509,626,100,235,1,1,1
1146,10,957,577,55,182,1,1,1
1147,2,759,545,125,326,1,1,1
1147,3,1848,581,112,368,1,1,1
1147,5,1086,538,467,716,1,1,1
1147,7,2507,626,102,236,1,1,1
1147,10,956,576,58,185,1,1,1
1148,2,768,544,120,328,1,1,1
1148,3,1846,581,114,370,1,1,1
1148,5,1103,533,456,723,1,1,1
1148,7,2504,624,105,238,1,1,1
1148,10,955,575,60,187,1,1,1
1149,2,777,542,115,330,1,1,1
1149,3,1844,580,117,373,1,1,1
1149,5,1119,528,446,730,1,1,1
1149,7,2501,623,107,239,1,1,1
1149,10,954,574,62,188,1,1,1
1150,2,786,540,110,333,1,1,1
1150,3,1843,580,118,375,1,1,1
1150,5,1135,523,436,737,1,1,1
1150,7,2498,622,110,240,1,1,1
1150,10,952,573,65,190,1,1,1
1151,1,1264,541,102,320,1,1,1
1151,2,794,538,105,335,1,1,1
1151,3,1841,579,120,376,1,1,1
1151,5,1151,517,425,743,1,1,1
1151,7,2494,620,112,241,1,1,1
1151,10,951,571,66,192,1,1,1
1152,1,1254,542,110,319,1,1,1
1152,2,797,539,114,335,1,1,1
1152,3,1836,578,123,379,1,1,1
1152,5,1208,504,390,754,1,1,1
1152,7,2495,621,112,240,1,1,1
1152,10,951,571,66,193,1,1,1
1153,1,1245,542,116,319,1,1,1
1153,2,800,541,123,332,1,1,1
1153,3,1831,577,125,380,1,1,1
1153,5,1265,489,354,765,1,1,1
1153,7,2495,622,112,239,1,1,1
1153,10,951,571,66,192,1,1,1
1154,1,1235,543,122,317,1,1,1
1154,2,803,542,131,331,1,1,1
1154,3,1826,576,128,382,1,1,1
1154,5,1322,475,318,776,1,1,1
1154,7,2495,622,111,238,1,1,1
1154,10,951,570,65,193,1,1,1
1155,1,1225,543,129,316,1,1,1
1155,2,805,543,140,329,1,1,1
1155,3,1821,575,130,383,1,1,1
1155,5,1379,461,282,786,1,1,1
1155,7,2495,623,111,236,1,1,1
1155,10,951,570,65,192,1,1,1
1156,1,1215,543,135,315,1,1,1
1156,2,807,543,148,328,1,1,1
1156,3,1815,574,133,384,1,1,1
1156,4,1405,538,192,484,1,1,1
1156,5,1435,446,246,797,1,1,1
1156,7,2494,623,110,235,1,1,1
1156,10,951,569,64,192,1,1,1
1157,1,1210,544,141,315,1,1,1
1157,2,808,545,156,326,1,1,1
1157,3,1809,573,139,385,1,1,1
1157,4,1409,538,188,483,1,1,1
1157,5,1459,451,251,797,1,1,1
1157,7,2495,623,110,236,1,1,1
1157,10,951,570,63,192,1,1,1
1158,1,1205,545,146,314,1,1,1
1158,2,809,547,163,324,1,1,1
1158,3,1802,572,145,385,1,1,1
1158,4,1412,538,185,480,1,1,1
1158,5,1482,456,255,796,1,1,1
1158,7,2495,623,109,237,1,1,1
1158,10,951,570,62,192,1,1,1
1159,1,1200,545,151,314,1,1,1
1159,2,809,548,170,322,1,1,1
1159,3,1795,571,151,385,1,1,1
1159,4,1416,538,181,477,1,1,1
1159,5,1505,462,260,794,1,1,1
1159,7,2495,623,109,238,1,1,1
1159,10,951,571,61,191,1,1,1
1160,1,1195,546,156,313,1,1,1
1160,2,810,550,177,320,1,1,1
1160,3,1789,570,156,385,1,1,1
1160,4,1419,538,178,475,1,1,1
1160,5,1528,467,265,793,1,1,1
1160,7,2495,623,108,238,1,1,1
1160,10,951,571,60,191,1,1,1
1161,1,1189,546,161,312,1,1,1
1161,2,810,551,184,317,1,1,1
1161,3,1782,569,161,384,1,1,1
1161,4,1423,538,174,471,1,1,1
1161,5,1551,471,269,792,1,1,1
1161,7,2494,623,107,238,1,1,1
1161,10,951,571,58,189,1,1,1
1162,1,1189,545,157,316,1,1,1
1162,2,813,551,180,318,1,1,1
1162,4,1433,538,169,470,1,1,1
1162,5,1567,482,306,792,1,1,1
1162,7,2493,623,109,239,1,1,1
1162,10,951,573,59,189,1,1,1
1163,1,1189,544,152,318,1,1,1
1163,2,815,551,177,318,1,1,1
1163,4,1444,537,162,468,1,1,1
1163,5,1583,491,343,793,1,1,1
1163,7,2492,623,110,240,1,1,1
1163,10,950,574,59,189,1,1,1
1164,1,1188,543,148,321,1,1,1
1164,2,818,551,172,318,1,1,1
1164,4,1454,537,156,466,1,1,1
1164,5,1599,501,380,792,1,1,1
1164,7,2490,623,111,240,1,1,1
1164,10,950,575,59,188,1,1,1
1165,1,1188,542,143,323,1,1,1
1165,2,821,551,168,318,1,1,1
1165,4,1464,536,150,464,1,1,1
1165,5,1615,511,417,792,1,1,1
1165,7,2489,623,112,241,1,1,1
1165,10,949,576,59,188,1,1,1
1166,1,1187,541,138,325,1,1,1
1166,2,823,551,164,317,1,1,1
1166,4,1474,535,143,461,1,1,1
1166,5,1630,520,453,792,1,1,1
1166,7,2487,623,112,241,1,1,1
1166,10,948,576,58,187,1,1,1
1167,1,1185,541,131,326,1,1,1
1167,2,831,551,162,318,1,1,1
1167,4,1476,536,148,460,1,1,1
1167,5,1636,524,460,793,1,1,1
1167,7,2486,624,113,240,1,1,1
1167,10,946,576,62,188,1,1,1
1168,1,1182,540,125,328,1,1,1
1168,2,839,550,159,319,1,1,1
1168,4,1477,536,153,458,1,1,1
1168,5,1641,528,466,793,1,1,1
1168,7,2485,624,114,240,1,1,1
1168,10,944,576,65,188,1,1,1
1169,1,1179,539,119,329,1,1,1
1169,2,848,550,156,319,1,1,1
1169,4,1479,536,157,457,1,1,1
1169,5,1646,531,472,794,1,1,1
1169,7,2484,625,114,239,1,1,1
1169,10,941,575,68,189,1,1,1
1170,1,1177,539,112,330,1,1,1
1170,2,856,549,154,320,1,1,1
1170,4,1481,536,162,455,1,1,1
1170,5,1651,535,479,794,1,1,1
1170,7,2483,625,115,239,1,1,1
1170,10,938,575,72,189,1,1,1
1171,1,1174,538,105,330,1,1,1
1171,2,864,548,151,320,1,1,1
1171,3,1705,579,187,374,1,1,1
1171,4,1482,535,166,453,1,1,1
1171,5,1656,538,484,794,1,1,1
1171,7,2482,625,115,238,1,1,1
1171,10,935,574,74,189,1,1,1
1172,1,1164,539,110,329,1,1,1
1172,2,874,549,147,320,1,1,1
1172,3,1702,579,185,375,1,1,1
1172,4,1486,538,168,451,1,1,1
1172,5,1711,522,456,807,1,1,1
1172,7,2484,626,112,238,1,1,1
1172,10,938,575,71,188,1,1,1
1173,1,1153,540,115,326,1,1,1
1173,2,883,549,144,320,1,1,1
1173,3,1699,578,182,377,1,1,1
1173,4,1490,540,170,449,1,1,1
1173,5,1766,506,427,819,1,1,1
1173,7,2486,626,109,238,1,1,1
1173,10,941,576,67,187,1,1,1
1174,1,1143,540,119,324,1,1,1
1174,2,893,550,140,320,1,1,1
1174,3,1695,577,181,378,1,1,1
1174,4,1493,542,173,447,1,1,1
1174,5,1821,490,398,831,1,1,1
1174,7,2488,627,105,236,1,1,1
1174,10,944,576,62,186,1,1,1
1175,1,1132,541,124,322,1,1,1
1175,2,902,550,137,320,1,1,1
1175,3,1692,576,179,379,1,1,1
1175,4,1497,544,175,444,1,1,1
1175,5,1876,474,370,843,1,1,1
1175,7,2489,627,103,236,1,1,1
1175,10,946,577,59,185,1,1,1
1176,1,1121,541,129,319,1,1,1
1176,2,911,550,133,319,1,1,1
1176,3,1688,574,176,380,1,1,1
1176,4,1500,546,176,441,1,1,1
1176,5,1931,458,340,855,1,1,1
1176,7,2491,627,98,235,1,1,1
1176,10,948,577,54,183,1,1,1
1177,1,1116,542,131,319,1,1,1
1177,2,913,551,137,319,1,1,1
1177,3,1683,574,175,383,1,1,1
1177,4,1502,547,180,439,1,1,1
1177,5,1961,452,335,858,1,1,1
1177,7,2490,628,99,235,1,1,1
1178,1,1111,542,133,320,1,1,1
1178,2,915,552,139,318,1,1,1
1178,3,1678,573,174,384,1,1,1
1178,4,1503,547,185,437,1,1,1
1178,5,1991,445,328,862,1,1,1
1178,7,2489,629,98,234,1,1,1
1179,1,1106,542,135,320,1,1,1
1179,2,917,553,142,317,1,1,1
1179,3,1673,572,172,386,1,1,1
1179,4,1504,548,189,434,1,1,1
1179,5,2021,439,322,865,1,1,1
1179,7,2488,630,98,234,1,1,1
1180,1,1101,542,137,320,1,1,1
1180,2,919,553,145,317,1,1,1
1180,3,1667,571,171,388,1,1,1
1180,4,1506,549,192,431,1,1,1
1180,5,2051,432,316,869,1,1,1
1180,7,2486,631,99,233,1,1,1
1181,1,1095,541,139,320,1,1,1
1181,2,920,553,148,316,1,1,1
1181,3,1662,569,168,390,1,1,1
1181,4,1506,549,196,429,1,1,1
1181,5,2080,425,310,873,1,1,1
1181,7,2485,631,98,232,1,1,1
1182,1,1090,541,144,321,1,1,1
1182,2,920,554,150,317,1,1,1
1182,3,1662,570,166,392,1,1,1
1182,4,1511,549,194,430,1,1,1
1182,5,2103,446,328,865,1,1,1
1182,7,2484,631,98,233,1,1,1
1183,1,1085,541,147,321,1,1,1
1183,2,920,554,150,317,1,1,1
1183,3,1662,571,163,393,1,1,1
1183,4,1515,549,192,430,1,1,1
1183,5,2126,466,346,858,1,1,1
1183,7,2483,632,98,232,1,1,1
1184,1,1080,540,151,322,1,1,1
1184,2,919,554,152,317,1,1,1
1184,3,1662,572,160,393,1,1,1
1184,4,1520,549,189,430,1,1,1
1184,5,2149,486,363,850,1,1,1
1184,7,2482,632,98,233,1,1,1
1185,1,1075,540,154,322,1,1,1
1185,2,919,554,152,317,1,1,1
1185,3,1661,572,158,395,1,1,1
1185,4,1524,549,187,430,1,1,1
1185,5,2171,507,381,842,1,1,1
1185,7,2481,632,98,233,1,1,1
1186,1,1069,539,158,321,1,1,1
1186,2,917,553,153,317,1,1,1
1186,3,1661,572,154,396,1,1,1
1186,4,1528,548,185,430,1,1,1
1186,5,2194,526,398,834,1,1,1
1186,7,2480,631,97,232,1,1,1
1187,1,1069,539,155,323,1,1,1
1187,2,923,554,149,316,1,1,1
1187,3,1662,573,153,397,1,1,1
1187,4,1533,549,178,430,1,1,1
1187,5,2193,531,421,832,1,1,1
1188,1,1069,539,152,323,1,1,1
1188,2,929,554,143,314,1,1,1
1188,3,1662,572,153,399,1,1,1
1188,4,1538,549,171,430,1,1,1
1188,5,2193,535,443,829,1,1,1
1189,1,1069,539,149,323,1,1,1
1189,2,935,554,137,313,1,1,1
1189,3,1663,572,152,400,1,1,1
1189,4,1543,550,164,430,1,1,1
1189,5,2192,539,466,827,1,1,1
1190,1,1069,538,146,325,1,1,1
1190,2,940,553,132,312,1,1,1
1190,3,1663,572,152,402,1,1,1
1190,4,1548,550,156,430,1,1,1
1190,5,2192,542,488,825,1,1,1
1191,1,1068,537,142,325,1,1,1
1191,2,945,553,126,309,1,1,1
1191,3,1664,571,150,402,1,1,1
1191,4,1552,550,149,430,1,1,1
1191,5,2191,546,510,822,1,1,1
1191,10,932,573,60,185,1,1,1
1192,1,1068,538,135,325,1,1,1
1192,2,949,554,122,308,1,1,1
1192,3,1663,572,151,403,1,1,1
1192,4,1551,551,151,430,1,1,1
1192,5,2219,542,483,826,1,1,1
1192,10,932,574,59,186,1,1,1
1193,1,1067,538,128,325,1,1,1
1193,2,953,554,117,308,1,1,1
1193,3,1663,571,151,404,1,1,1
1193,4,1550,552,152,429,1,1,1
1193,5,2248,538,454,829,1,1,1
1193,10,932,575,58,185,1,1,1
1194,1,1066,538,120,325,1,1,1
1194,2,957,554,113,307,1,1,1
1194,3,1662,571,152,405,1,1,1
1194,4,1549,553,152,428,1,1,1
1194,5,2276,534,427,832,1,1,1
1194,10,931,575,57,185,1,1,1
1195,1,1066,537,111,326,1,1,1
1195,2,961,555,108,305,1,1,1
1195,3,1662,571,152,405,1,1,1
1195,4,1548,553,153,428,1,1,1
1195,5,2304,530,399,835,1,1,1
1195,10,930,575,56,185,1,1,1
1196,1,1064,537,103,325,1,1,1
1196,2,964,554,103,304,1,1,1
1196,3,1660,570,153,406,1,1,1
1196,4,1546,553,153,426,1,1,1
1196,5,2332,525,371,838,1,1,1
1196,7,2459,634,103,228,1,1,1
1196,10,929,575,54,184,1,1,1
1197,1,1065,537,99,327,1,1,1
1197,2,966,556,105,303,1,1,1
1197,3,1657,570,157,406,1,1,1
1197,4,1546,554,154,426,1,1,1
1197,5,2372,515,332,838,1,1,1
1197,7,2457,634,103,229,1,1,1
1197,10,928,576,55,184,1,1,1
1198,1,1065,537,94,328,1,1,1
1198,2,967,557,107,302,1,1,1
1198,3,1653,570,162,406,1,1,1
1198,4,1544,554,155,426,1,1,1
1198,5,2410,505,293,838,1,1,1
1198,7,2455,634,102,229,1,1,1
1198,10,926,576,55,184,1,1,1
1199,1,1065,537,90,329,1,1,1
1199,2,969,558,108,301,1,1,1
1199,3,1650,570,166,406,1,1,1
1199,4,1543,554,156,426,1,1,1
1199,5,2449,494,254,838,1,1,1
1199,7,2454,634,101,229,1,1,1
1199,10,924,576,55,184,1,1,1
1200,1,1065,537,85,330,1,1,1
1200,2,970,559,109,300,1,1,1
1200,3,1646,570,170,405,1,1,1
1200,4,1542,554,156,425,1,1,1
1200,5,2488,484,214,837,1,1,1
1200,7,2452,634,100,229,1,1,1
1200,10,923,577,54,183,1,1,1
1201,1,1064,537,80,330,1,1,1
1201,2,971,559,111,299,1,1,1
1201,3,1642,570,174,404,1,1,1
1201,4,1540,554,156,424,1,1,1
1201,5,2526,473,175,836,1,1,1
1201,7,2449,633,99,228,1,1,1
1201,10,920,576,54,183,1,1,1
1202,1,1054,538,87,329,1,1,1
1202,2,969,560,109,299,1,1,1
1202,3,1643,570,175,405,1,1,1
1202,4,1538,555,156,424,1,1,1
1202,5,2539,484,162,831,1,1,1
1202,7,2446,633,100,230,1,1,1
1202,10,919,577,54,183,1,1,1
1203,1,1044,538,93,328,1,1,1
1203,2,968,561,106,297,1,1,1
1203,3,1645,570,174,404,1,1,1
1203,4,1536,555,154,425,1,1,1
1203,5,2551,496,149,824,1,1,1
1203,7,2443,633,100,230,1,1,1
1203,10,917,576,55,185,1,1,1
1204,1,1034,538,99,328,1,1,1
1204,2,966,561,103,296,1,1,1
1204,3,1646,570,174,404,1,1,1
1204,4,1534,556,153,424,1,1,1
1204,5,2563,507,137,818,1,1,1
1204,7,2439,633,101,230,1,1,1
1204,10,915,576,55,185,1,1,1
1205,1,1024,538,105,327,1,1,1
1205,2,964,562,101,295,1,1,1
1205,3,1648,570,173,403,1,1,1
1205,4,1532,556,152,425,1,1,1
1205,5,2576,518,123,812,1,1,1
1205,7,2436,633,101,229,1,1,1
1205,10,914,576,54,185,1,1,1
1206,1,1014,538,110,326,1,1,1
1206,2,962,562,98,294,1,1,1
1206,3,1648,569,172,403,1,1,1
1206,4,1529,556,151,424,1,1,1
1206,5,2587,528,110,806,1,1,1
1206,7,2432,632,101,230,1,1,1
1206,10,911,575,54,185,1,1,1
1207,1,1010,539,111,326,1,1,1
1207,2,963,562,100,293,1,1,1
1207,3,1651,571,171,402,1,1,1
1207,4,1528,556,148,424,1,1,1
1207,7,2430,632,100,230,1,1,1
1207,10,909,575,55,186,1,1,1
1208,1,1006,539,110,327,1,1,1
1208,2,963,563,103,291,1,1,1
1208,3,1653,572,168,401,1,1,1
1208,4,1526,557,145,422,1,1,1
1208,7,2428,632,99,230,1,1,1
1208,10,907,575,55,186,1,1,1
1209,1,1003,539,109,328,1,1,1
1209,2,964,563,105,290,1,1,1
1209,3,1656,573,165,400,1,1,1
1209,4,1525,557,142,421,1,1,1
1209,7,2426,632,98,229,1,1,1
1209,10,905,575,55,185,1,1,1
1210,1,999,539,108,329,1,1,1
1210,2,964,563,107,288,1,1,1
1210,3,1658,575,163,398,1,1,1
1210,4,1524,557,138,420,1,1,1
1210,7,2424,633,96,228,1,1,1
1210,10,902,574,56,186,1,1,1
1211,1,994,539,108,329,1,1,1
1211,2,964,563,109,287,1,1,1
1211,3,1660,575,160,397,1,1,1
1211,4,1522,556,135,418,1,1,1
1211,7,2421,632,95,228,1,1,1
1211,10,900,574,55,186,1,1,1
1212,1,993,539,108,331,1,1,1
1212,3,1660,576,158,397,1,1,1
1212,4,1518,556,138,420,1,1,1
1212,7,2419,633,96,228,1,1,1
1212,10,898,574,56,186,1,1,1
1213,1,991,539,109,332,1,1,1
1213,3,1660,576,156,397,1,1,1
1213,4,1514,555,141,421,1,1,1
1213,7,2415,633,97,227,1,1,1
1213,10,896,573,56,187,1,1,1
1214,1,989,538,109,335,1,1,1
1214,3,1660,577,154,395,1,1,1
1214,4,1510,554,143,423,1,1,1
1214,7,2412,633,98,227,1,1,1
1214,10,894,573,57,187,1,1,1
1215,1,987,538,109,336,1,1,1
1215,3,1660,577,151,395,1,1,1
1215,4,1506,553,145,424,1,1,1
1215,7,2409,633,98,227,1,1,1
1215,10,892,573,57,187,1,1,1
1216,1,985,537,109,337,1,1,1
1216,3,1660,577,148,394,1,1,1
1216,4,1501,552,147,424,1,1,1
1216,7,2406,633,98,226,1,1,1
1216,10,889,572,57,187,1,1,1
1217,1,982,537,105,338,1,1,1
1217,3,1664,576,143,396,1,1,1
1217,4,1499,553,149,424,1,1,1
1217,10,889,573,57,186,1,1,1
1218,1,980,536,100,339,1,1,1
1218,3,1667,576,138,395,1,1,1
1218,4,1495,553,152,423,1,1,1
1218,10,887,573,57,186,1,1,1
1219,1,977,535,95,339,1,1,1
1219,3,1670,575,133,396,1,1,1
1219,4,1492,554,153,422,1,1,1
1219,10,886,573,56,186,1,1,1
1220,1,974,534,91,340,1,1,1
1220,3,1673,575,128,396,1,1,1
1220,4,1489,554,155,422,1,1,1
1220,10,885,573,56,185,1,1,1
1221,1,971,532,86,341,1,1,1
1221,3,1676,573,123,396,1,1,1
1221,4,1485,555,156,420,1,1,1
1221,8,2396,631,96,226,1,1,1
1221,10,883,572,55,185,1,1,1
1222,1,962,532,93,342,1,1,1
1222,3,1675,573,122,397,1,1,1
1222,4,1481,554,158,418,1,1,1
1222,10,882,571,55,188,1,1,1
1223,1,954,531,99,343,1,1,1
1223,3,1673,571,123,399,1,1,1
1223,4,1478,553,158,417,1,1,1
1223,10,881,569,55,190,1,1,1
1224,1,945,530,106,344,1,1,1
1224,3,1672,570,122,400,1,1,1
1224,4,1474,551,160,416,1,1,1
1224,10,880,568,54,192,1,1,1
1225,1,937,529,111,345,1,1,1
1225,3,1671,568,121,401,1,1,1
1225,4,1470,550,161,414,1,1,1
1225,10,878,566,54,195,1,1,1
1226,1,928,528,117,346,1,1,1
1226,2,989,556,89,289,1,1,1
1226,3,1669,566,120,402,1,1,1
1226,4,1466,548,161,412,1,1,1
1226,7,2382,625,100,230,1,1,1
1226,10,876,564,53,197,1,1,1
1227,1,917,528,125,346,1,1,1
1227,2,990,555,91,291,1,1,1
1227,3,1669,567,119,403,1,1,1
1227,4,1464,548,161,411,1,1,1
1227,7,2381,626,99,231,1,1,1
1227,10,874,565,56,197,1,1,1
1228,1,906,527,131,346,1,1,1
1228,2,990,554,92,291,1,1,1
1228,3,1669,568,118,402,1,1,1
1228,4,1461,547,160,410,1,1,1
1228,7,2380,627,98,230,1,1,1
1228,10,872,565,58,197,1,1,1
1229,1,894,527,138,346,1,1,1
1229,2,990,553,93,292,1,1,1
1229,3,1669,568,116,403,1,1,1
1229,4,1457,546,160,409,1,1,1
1229,7,2379,627,97,231,1,1,1
1229,10,869,566,60,196,1,1,1
1230,1,883,526,145,346,1,1,1
1230,2,990,552,94,292,1,1,1
1230,3,1669,569,115,402,1,1,1
1230,4,1454,545,160,408,1,1,1
1230,7,2378,628,96,230,1,1,1
1230,10,867,566,62,196,1,1,1
1231,1,871,525,151,346,1,1,1
1231,2,989,551,94,292,1,1,1
1231,3,1669,569,112,402,1,1,1
1231,4,1451,543,158,407,1,1,1
1231,7,2376,628,94,230,1,1,1
1231,10,864,566,64,194,1,1,1
1232,1,866,526,157,347,1,1,1
1232,2,993,551,92,292,1,1,1
1232,3,1669,570,110,401,1,1,1
1232,4,1451,544,155,407,1,1,1
1232,7,2375,628,96,231,1,1,1
1232,10,863,567,64,194,1,1,1
1233,1,861,526,161,348,1,1,1
1233,2,996,551,89,291,1,1,1
1233,3,1668,570,109,400,1,1,1
1233,4,1450,545,152,405,1,1,1
1233,7,2374,627,97,232,1,1,1
1233,10,861,568,65,193,1,1,1
1234,1,855,526,167,349,1,1,1
1234,2,999,551,86,290,1,1,1
1234,3,1668,571,106,398,1,1,1
1234,4,1450,545,148,405,1,1,1
1234,7,2372,627,98,232,1,1,1
1234,10,859,568,66,192,1,1,1
1235,1,849,526,172,350,1,1,1
1235,2,1002,551,83,288,1,1,1
1235,3,1667,571,105,397,1,1,1
1235,4,1449,546,145,403,1,1,1
1235,7,2371,626,99,233,1,1,1
1235,10,858,569,66,190,1,1,1
1236,1,843,525,176,351,1,1,1
1236,2,1005,551,79,287,1,1,1
1236,3,1666,571,102,394,1,1,1
1236,4,1448,546,141,402,1,1,1
1236,7,2369,625,100,233,1,1,1
1236,10,856,569,66,189,1,1,1
1237,1,843,526,175,351,1,1,1
1237,2,1004,552,85,286,1,1,1
1237,3,1666,571,102,395,1,1,1
1237,4,1447,548,140,400,1,1,1
1237,7,2368,627,101,232,1,1,1
1237,10,857,565,68,193,1,1,1
1238,1,843,526,172,352,1,1,1
1238,2,1002,553,92,284,1,1,1
1238,3,1665,571,102,395,1,1,1
1238,4,1445,550,139,398,1,1,1
1238,7,2366,628,102,232,1,1,1
1238,10,858,560,69,198,1,1,1
1239,1,842,526,171,352,1,1,1
1239,2,1001,554,97,283,1,1,1
1239,3,1664,570,102,395,1,1,1
1239,4,1443,552,138,395,1,1,1
1239,7,2365,629,103,232,1,1,1
1239,10,859,555,70,202,1,1,1
1240,1,842,526,168,353,1,1,1
1240,2,999,555,104,281,1,1,1
1240,3,1663,570,102,395,1,1,1
1240,4,1441,554,136,393,1,1,1
1240,7,2363,630,104,231,1,1,1
1240,10,861,551,70,206,1,1,1
1241,1,841,525,166,353,1,1,1
1241,2,997,556,110,279,1,1,1
1241,3,1661,569,102,394,1,1,1
1241,4,1438,556,135,389,1,1,1
1241,7,2361,630,105,230,1,1,1
1241,10,861,546,71,210,1,1,1
1242,1,841,525,160,353,1,1,1
1242,2,999,556,114,279,1,1,1
1242,3,1657,569,105,395,1,1,1
1242,4,1437,555,136,390,1,1,1
1242,7,2362,631,106,230,1,1,1
1243,1,841,525,153,351,1,1,1
1243,2,1002,555,116,279,1,1,1
1243,3,1653,569,107,394,1,1,1
1243,4,1435,553,136,391,1,1,1
1243,7,2363,631,107,230,1,1,1
1244,1,841,524,147,351,1,1,1
1244,2,1004,555,119,278,1,1,1
1244,3,1649,569,109,394,1,1,1
1244,4,1434,552,136,391,1,1,1
1244,7,2363,631,108,229,1,1,1
1245,1,841,524,140,349,1,1,1
1245,2,1006,554,122,278,1,1,1
1245,3,1645,569,111,393,1,1,1
1245,4,1432,550,136,392,1,1,1
1245,7,2364,631,109,228,1,1,1
1246,1,841,523,133,348,1,1,1
1246,2,1007,553,125,276,1,1,1
1246,3,1641,569,112,392,1,1,1
1246,4,1430,548,135,392,1,1,1
1246,7,2364,630,110,228,1,1,1
1247,1,837,523,130,350,1,1,1
1247,2,1010,555,127,275,1,1,1
1247,3,1635,570,115,390,1,1,1
1247,4,1431,549,136,388,1,1,1
1247,7,2366,631,107,228,1,1,1
1248,1,834,523,125,351,1,1,1
1248,2,1013,556,128,274,1,1,1
1248,3,1629,571,118,388,1,1,1
1248,4,1431,550,136,384,1,1,1
1248,7,2369,631,103,227,1,1,1
1249,1,830,523,122,353,1,1,1
1249,2,1016,557,129,273,1,1,1
1249,3,1622,572,121,386,1,1,1
1249,4,1432,550,135,380,1,1,1
1249,7,2371,631,100,227,1,1,1
1250,1,827,522,117,355,1,1,1
1250,2,1019,558,129,271,1,1,1
1250,3,1616,573,123,384,1,1,1
1250,4,1432,551,136,375,1,1,1
1250,7,2373,631,97,226,1,1,1
1251,1,823,522,113,356,1,1,1
1251,2,1021,559,130,269,1,1,1
1251,3,1609,574,125,380,1,1,1
1251,4,1432,551,135,371,1,1,1
1251,7,2375,631,93,225,1,1,1
1252,1,817,522,115,357,1,1,1
1252,2,1030,560,126,269,1,1,1
1252,3,1608,575,127,381,1,1,1
1252,4,1430,551,136,371,1,1,1
1252,7,2376,632,93,225,1,1,1
1253,1,812,522,116,357,1,1,1
1253,2,1039,560,120,269,1,1,1
1253,3,1605,576,130,381,1,1,1
1253,4,1428,551,136,370,1,1,1
1253,7,2376,632,94,225,1,1,1
1254,1,806,521,118,359,1,1,1
1254,2,1047,560,116,269,1,1,1
1254,3,1603,576,131,382,1,1,1
1254,4,1427,552,136,368,1,1,1
1254,7,2377,632,93,225,1,1,1
1255,1,800,521,121,359,1,1,1
1255,2,1056,560,111,268,1,1,1
1255,3,1601,577,133,382,1,1,1
1255,4,1425,552,136,367,1,1,1
1255,7,2377,633,94,224,1,1,1
1256,1,794,520,122,360,1,1,1
1256,2,1064,560,106,268,1,1,1
1256,3,1598,577,135,382,1,1,1
1256,4,1422,551,136,366,1,1,1
1256,7,2377,633,93,224,1,1,1
1257,1,789,521,126,360,1,1,1
1257,2,1072,560,100,268,1,1,1
1257,3,1599,576,132,383,1,1,1
1257,4,1418,552,139,367,1,1,1
1257,7,2379,633,93,224,1,1,1
1258,1,783,520,130,361,1,1,1
1258,2,1080,560,94,268,1,1,1
1258,3,1600,574,129,385,1,1,1
1258,4,1414,553,141,365,1,1,1
1258,7,2379,633,94,224,1,1,1
1259,1,777,520,135,361,1,1,1
1259,2,1087,560,89,267,1,1,1
1259,3,1600,572,126,387,1,1,1
1259,4,1410,554,143,364,1,1,1
1259,7,2380,633,93,224,1,1,1
1260,1,771,520,139,361,1,1,1
1260,2,1095,560,83,267,1,1,1
1260,3,1601,571,123,388,1,1,1
1260,4,1405,554,146,364,1,1,1
1260,7,2381,633,93,224,1,1,1
1261,1,765,519,143,361,1,1,1
1261,2,1102,559,77,266,1,1,1
1261,3,1601,569,119,390,1,1,1
1261,4,1401,554,147,363,1,1,1
1261,7,2381,632,92,224,1,1,1
1261,10,874,564,51,186,1,1,1
1262,1,762,519,147,363,1,1,1
1262,2,1104,560,84,267,1,1,1
1262,3,1599,568,114,391,1,1,1
1262,4,1400,555,146,363,1,1,1
1262,7,2382,633,93,224,1,1,1
1262,10,873,565,53,186,1,1,1
1263,1,758,518,150,365,1,1,1
1263,2,1105,561,91,266,1,1,1
1263,3,1597,568,108,391,1,1,1
1263,4,1400,555,143,362,1,1,1
1263,7,2382,633,93,224,1,1,1
1263,10,873,565,53,186,1,1,1
1264,1,755,517,153,367,1,1,1
1264,2,1106,561,99,266,1,1,1
1264,3,1594,567,103,391,1,1,1
1264,4,1399,556,141,360,1,1,1
1264,7,2383,633,92,224,1,1,1
1264,10,872,564,55,187,1,1,1
1265,1,751,516,157,369,1,1,1
1265,2,1107,561,106,267,1,1,1
1265,3,1592,566,97,392,1,1,1
1265,4,1398,556,139,359,1,1,1
1265,7,2383,633,93,224,1,1,1
1265,10,872,564,55,187,1,1,1
1266,1,747,514,160,370,1,1,1
1266,2,1107,561,113,266,1,1,1
1266,3,1589,565,91,392,1,1,1
1266,4,1397,556,136,358,1,1,1
1266,7,2383,633,92,224,1,1,1
1266,10,871,564,56,186,1,1,1
1267,1,750,514,151,372,1,1,1
1267,2,1109,562,113,266,1,1,1
1267,3,1575,566,103,392,1,1,1
1267,4,1397,555,133,358,1,1,1
1267,7,2383,633,93,225,1,1,1
1267,10,872,564,55,187,1,1,1
1268,1,753,513,141,373,1,1,1
1268,2,1109,562,114,266,1,1,1
1268,3,1560,566,114,393,1,1,1
1268,4,1397,554,129,357,1,1,1
1268,7,2383,633,93,225,1,1,1
1268,10,872,564,55,187,1,1,1
1269,1,756,513,131,373,1,1,1
1269,2,1110,562,114,265,1,1,1
1269,3,1545,567,126,392,1,1,1
1269,4,1397,554,125,355,1,1,1
1269,7,2383,633,93,225,1,1,1
1269,10,872,564,55,187,1,1,1
1270,1,759,512,121,375,1,1,1
1270,2,1111,562,114,265,1,1,1
1270,3,1531,567,136,392,1,1,1
1270,4,1397,553,121,354,1,1,1
1270,7,2382,632,94,226,1,1,1
1270,10,872,564,55,186,1,1,1
1271,1,761,511,111,375,1,1,1
1271,2,1112,562,114,264,1,1,1
1271,3,1515,567,147,391,1,1,1
1271,4,1396,551,116,353,1,1,1
1271,7,2381,632,93,226,1,1,1
1271,10,872,563,54,186,1,1,1
1272,1,756,511,110,376,1,1,1
1272,2,1116,562,111,267,1,1,1
1272,3,1509,567,155,394,1,1,1
1272,4,1393,552,117,351,1,1,1
1272,7,2382,632,95,227,1,1,1
1272,10,872,564,56,187,1,1,1
1273,1,750,510,109,377,1,1,1
1273,2,1121,561,106,270,1,1,1
1273,3,1503,566,162,396,1,1,1
1273,4,1388,553,118,348,1,1,1
1273,7,2383,631,94,228,1,1,1
1273,10,872,563,58,189,1,1,1
1274,1,745,510,107,377,1,1,1
1274,2,1125,560,103,273,1,1,1
1274,3,1496,565,169,399,1,1,1
1274,4,1384,553,119,347,1,1,1
1274,7,2383,630,95,228,1,1,1
1274,10,871,563,60,190,1,1,1
1275,1,739,509,106,378,1,1,1
1275,2,1129,559,100,276,1,1,1
1275,3,1490,564,176,401,1,1,1
1275,4,1379,554,120,344,1,1,1
1275,7,2383,630,96,228,1,1,1
1275,10,871,563,61,190,1,1,1
1276,1,733,508,104,379,1,1,1
1276,2,1133,558,95,279,1,1,1
1276,3,1483,562,183,404,1,1,1
1276,4,1375,554,120,341,1,1,1
1276,7,2383,629,95,229,1,1,1
1276,10,870,562,62,191,1,1,1
1277,1,717,508,117,380,1,1,1
1277,2,1141,559,93,276,1,1,1
1277,3,1482,563,186,403,1,1,1
1277,4,1373,553,120,343,1,1,1
1277,7,2382,630,97,228,1,1,1
1277,10,870,563,64,191,1,1,1
1278,1,702,508,129,381,1,1,1
1278,2,1148,560,91,273,1,1,1
1278,3,1482,564,188,401,1,1,1
1278,4,1372,553,119,343,1,1,1
1278,7,2382,631,97,227,1,1,1
1278,10,869,563,66,191,1,1,1
1279,1,686,508,141,382,1,1,1
1279,2,1156,561,88,269,1,1,1
1279,3,1481,565,191,399,1,1,1
1279,4,1370,552,118,344,1,1,1
1279,7,2381,632,98,226,1,1,1
1279,10,868,563,68,191,1,1,1
1280,1,670,508,154,383,1,1,1
1280,2,1163,562,86,266,1,1,1
1280,3,1480,566,193,397,1,1,1
1280,4,1368,551,118,345,1,1,1
1280,7,2380,632,99,226,1,1,1
1280,10,868,563,69,191,1,1,1
1281,1,654,508,166,383,1,1,1
1281,2,1170,562,83,262,1,1,1
1281,3,1479,566,195,395,1,1,1
1281,4,1366,550,116,345,1,1,1
1281,7,2379,633,100,225,1,1,1
1281,10,866,562,70,191,1,1,1
1282,1,652,507,171,385,1,1,1
1282,2,1174,564,86,263,1,1,1
1282,3,1481,566,185,396,1,1,1
1282,4,1364,552,118,344,1,1,1
1282,7,2381,632,97,225,1,1,1
1282,10,868,563,68,192,1,1,1
1283,1,649,507,177,385,1,1,1
1283,2,1177,566,89,262,1,1,1
1283,3,1483,565,174,396,1,1,1
1283,4,1362,553,118,343,1,1,1
1283,7,2383,632,95,225,1,1,1
1283,10,868,563,66,193,1,1,1
1284,1,647,506,181,386,1,1,1
1284,2,1181,567,91,263,1,1,1
1284,3,1484,564,164,396,1,1,1
1284,4,1359,555,119,341,1,1,1
1284,7,2384,631,93,225,1,1,1
1284,10,869,563,64,194,1,1,1
1285,1,644,505,187,387,1,1,1
1285,2,1184,569,93,263,1,1,1
1285,3,1486,563,152,396,1,1,1
1285,4,1357,557,120,339,1,1,1
1285,7,2386,630,90,225,1,1,1
1285,10,870,563,61,194,1,1,1
1286,1,641,504,191,387,1,1,1
1286,2,1187,570,95,262,1,1,1
1286,3,1487,562,141,395,1,1,1
1286,4,1354,558,120,337,1,1,1
1286,7,2387,629,87,225,1,1,1
1286,10,870,562,58,195,1,1,1
1287,1,641,503,188,390,1,1,1
1287,2,1186,570,103,262,1,1,1
1287,3,1483,563,135,394,1,1,1
1287,4,1351,557,120,340,1,1,1
1287,7,2387,629,88,226,1,1,1
1287,10,870,563,60,195,1,1,1
1288,1,640,503,185,392,1,1,1
1288,2,1184,569,111,263,1,1,1
1288,3,1479,563,129,394,1,1,1
1288,4,1348,557,119,340,1,1,1
1288,7,2386,629,89,227,1,1,1
1288,10,869,564,62,194,1,1,1
1289,1,639,502,182,395,1,1,1
1289,2,1183,568,118,263,1,1,1
1289,3,1475,563,122,393,1,1,1
1289,4,1344,556,119,342,1,1,1
1289,7,2385,629,90,228,1,1,1
1289,10,868,565,64,193,1,1,1
1290,1,638,501,179,397,1,1,1
1290,2,1181,568,126,262,1,1,1
1290,3,1471,563,115,392,1,1,1
1290,4,1341,555,117,344,1,1,1
1290,7,2384,629,91,228,1,1,1
1290,10,868,566,64,192,1,1,1
1291,1,637,500,175,400,1,1,1
1291,2,1179,566,133,262,1,1,1
1291,3,1466,562,108,391,1,1,1
1291,4,1337,554,116,345,1,1,1
1291,7,2383,629,91,229,1,1,1
1291,10,866,566,66,191,1,1,1
1292,1,627,499,176,400,1,1,1
1292,2,1183,568,130,263,1,1,1
1292,3,1452,563,119,391,1,1,1
1292,4,1336,554,114,344,1,1,1
1292,7,2383,629,93,231,1,1,1
1292,10,868,567,65,191,1,1,1
1293,1,616,498,178,400,1,1,1
1293,2,1188,568,126,265,1,1,1
1293,3,1437,564,130,390,1,1,1
1293,4,1334,554,112,343,1,1,1
1293,7,2383,629,94,233,1,1,1
1293,10,868,567,65,191,1,1,1
1294,1,605,497,180,400,1,1,1
1294,2,1192,569,123,265,1,1,1
1294,3,1422,565,141,389,1,1,1
1294,4,1333,554,109,341,1,1,1
1294,7,2383,629,95,234,1,1,1
1294,10,869,567,64,191,1,1,1
1295,1,594,497,182,400,1,1,1
1295,2,1196,570,120,266,1,1,1
1295,3,1407,566,151,388,1,1,1
1295,4,1331,554,106,339,1,1,1
1295,7,2383,629,95,236,1,1,1
1295,10,870,567,63,191,1,1,1
1296,1,583,495,183,400,1,1,1
1296,2,1200,570,116,266,1,1,1
1296,3,1391,566,162,387,1,1,1
1296,4,1329,554,104,337,1,1,1
1296,7,2383,629,95,237,1,1,1
1296,10,870,566,62,191,1,1,1
1297,1,576,495,187,403,1,1,1
1297,2,1207,570,114,267,1,1,1
1297,3,1387,567,166,387,1,1,1
1297,4,1324,553,106,337,1,1,1
1297,7,2383,630,96,236,1,1,1
1297,10,871,567,62,190,1,1,1
1298,1,568,493,191,408,1,1,1
1298,2,1214,569,111,267,1,1,1
1298,3,1383,567,169,386,1,1,1
1298,4,1320,552,107,336,1,1,1
1298,7,2382,631,97,234,1,1,1
1298,10,870,567,62,190,1,1,1
1299,1,561,492,195,411,1,1,1
1299,2,1222,568,108,267,1,1,1
1299,3,1378,567,173,385,1,1,1
1299,4,1315,551,109,335,1,1,1
1299,7,2381,632,98,232,1,1,1
1299,10,870,567,62,189,1,1,1
1300,1,554,491,198,414,1,1,1
1300,2,1229,568,105,266,1,1,1
1300,3,1374,567,176,385,1,1,1
1300,4,1310,550,111,334,1,1,1
1300,7,2380,632,99,231,1,1,1
1300,10,870,567,61,188,1,1,1
1301,1,546,489,202,417,1,1,1
1301,2,1235,566,102,266,1,1,1
1301,3,1369,566,179,384,1,1,1
1301,4,1305,548,112,333,1,1,1
1301,7,2379,633,100,228,1,1,1
1301,10,869,566,61,187,1,1,1
1302,1,545,491,202,418,1,1,1
1302,2,1239,567,103,266,1,1,1
1302,3,1367,565,180,386,1,1,1
1302,4,1295,549,119,333,1,1,1
1302,7,2379,633,100,229,1,1,1
1302,10,870,566,60,189,1,1,1
1303,1,544,493,201,417,1,1,1
1303,2,1243,567,102,266,1,1,1
1303,3,1365,564,180,387,1,1,1
1303,4,1286,549,125,333,1,1,1
1303,7,2379,633,100,229,1,1,1
1303,10,871,566,59,190,1,1,1
1304,1,543,494,200,417,1,1,1
1304,2,1247,567,101,266,1,1,1
1304,3,1363,562,180,389,1,1,1
1304,4,1276,549,131,333,1,1,1
1304,7,2379,633,100,229,1,1,1
1304,10,872,565,57,192,1,1,1
1305,1,542,496,199,416,1,1,1
1305,2,1250,567,101,266,1,1,1
1305,3,1361,561,180,390,1,1,1
1305,4,1266,549,138,333,1,1,1
1305,7,2379,633,100,229,1,1,1
1305,10,873,565,56,193,1,1,1
1306,1,541,497,197,415,1,1,1
1306,2,1253,566,100,266,1,1,1
1306,3,1358,558,179,392,1,1,1
1306,4,1256,548,143,333,1,1,1
1306,7,2379,633,100,228,1,1,1
1306,10,874,564,53,194,1,1,1
1307,1,543,497,192,419,1,1,1
1307,3,1361,559,165,393,1,1,1
1307,4,1251,550,145,331,1,1,1
1307,7,2381,634,97,228,1,1,1
1307,10,874,565,54,194,1,1,1
1308,1,544,496,188,423,1,1,1
1308,3,1362,559,152,393,1,1,1
1308,4,1245,552,148,328,1,1,1
1308,7,2382,634,94,229,1,1,1
1308,10,874,565,54,194,1,1,1
1309,1,546,496,183,426,1,1,1
1309,3,1364,559,138,394,1,1,1
1309,4,1239,553,150,326,1,1,1
1309,7,2383,635,92,228,1,1,1
1309,10,874,566,54,193,1,1,1
1310,1,547,495,179,430,1,1,1
1310,3,1365,559,124,394,1,1,1
1310,4,1234,555,152,323,1,1,1
1310,7,2384,635,89,229,1,1,1
1310,10,874,566,54,193,1,1,1
1311,1,548,494,174,433,1,1,1
1311,3,1366,558,110,394,1,1,1
1311,4,1228,556,153,320,1,1,1
1311,7,2384,635,87,228,1,1,1
1311,10,874,566,53,192,1,1,1
1312,1,548,494,171,435,1,1,1
1312,3,1356,558,115,396,1,1,1
1312,4,1228,556,153,321,1,1,1
1312,7,2382,636,91,229,1,1,1
1312,10,874,567,55,192,1,1,1
1313,1,548,493,168,436,1,1,1
1313,3,1345,557,121,397,1,1,1
1313,4,1227,556,152,322,1,1,1
1313,7,2379,636,95,229,1,1,1
1313,10,873,567,57,193,1,1,1
1314,1,547,492,165,438,1,1,1
1314,3,1334,556,126,398,1,1,1
1314,4,1227,556,150,322,1,1,1
1314,7,2377,636,98,230,1,1,1
1314,10,873,567,58,194,1,1,1
1315,1,547,491,162,439,1,1,1
1315,3,1324,555,130,399,1,1,1
1315,4,1226,556,150,323,1,1,1
1315,7,2374,636,102,230,1,1,1
1315,10,872,567,60,194,1,1,1
1316,1,546,489,158,441,1,1,1
1316,2,1282,574,110,261,1,1,1
1316,3,1312,553,135,400,1,1,1
1316,4,1225,556,148,323,1,1,1
1316,7,2371,635,105,230,1,1,1
1316,10,871,566,61,194,1,1,1
1317,1,544,491,158,441,1,1,1
1317,3,1305,556,143,398,1,1,1
1317,4,1225,556,144,325,1,1,1
1317,7,2374,636,104,232,1,1,1
1317,10,872,567,62,196,1,1,1
1318,1,541,492,157,441,1,1,1
1318,3,1297,558,151,396,1,1,1
1318,4,1224,556,140,326,1,1,1
1318,7,2376,637,103,232,1,1,1
1318,10,873,567,61,198,1,1,1
1319,1,538,493,156,441,1,1,1
1319,3,1290,560,157,394,1,1,1
1319,4,1223,556,136,327,1,1,1
1319,7,2378,637,102,233,1,1,1
1319,10,873,567,62,199,1,1,1
1320,1,536,494,155,441,1,1,1
1320,3,1282,562,165,392,1,1,1
1320,4,1222,556,132,328,1,1,1
1320,7,2380,638,101,233,1,1,1
1320,10,874,567,61,201,1,1,1
1321,1,533,494,153,441,1,1,1
1321,3,1274,564,171,389,1,1,1
1321,4,1220,556,128,328,1,1,1
1321,7,2382,638,100,233,1,1,1
1321,10,874,566,61,202,1,1,1
1322,1,527,495,159,442,1,1,1
1322,3,1274,564,171,390,1,1,1
1322,4,1221,556,121,328,1,1,1
1322,7,2383,639,99,233,1,1,1
1322,10,875,568,60,200,1,1,1
1323,1,520,495,166,443,1,1,1
1323,3,1275,563,169,391,1,1,1
1323,4,1221,556,115,328,1,1,1
1323,7,2384,640,99,233,1,1,1
1323,10,876,570,59,197,1,1,1
1324,1,513,495,172,444,1,1,1
1324,3,1275,563,168,391,1,1,1
1324,4,1221,555,108,329,1,1,1
1324,7,2385,640,98,234,1,1,1
1324,10,877,572,57,193,1,1,1
1325,1,507,496,177,445,1,1,1
1325,3,1275,563,168,391,1,1,1
1325,4,1221,555,102,329,1,1,1
1325,7,2386,641,97,233,1,1,1
1325,10,878,573,56,191,1,1,1
1326,1,500,495,183,445,1,1,1
1326,2,1354,579,83,270,1,1,1
1326,3,1275,562,166,391,1,1,1
1326,4,1220,554,95,329,1,1,1
1326,7,2387,641,95,233,1,1,1
1326,10,879,575,54,187,1,1,1
1327,1,493,496,188,447,1,1,1
1327,2,1353,582,92,268,1,1,1
1327,3,1277,563,155,391,1,1,1
1327,4,1210,556,103,327,1,1,1
1327,7,2389,642,94,234,1,1,1
1327,10,879,576,55,187,1,1,1
1328,1,486,496,193,449,1,1,1
1328,2,1353,585,100,264,1,1,1
1328,3,1278,564,145,390,1,1,1
1328,4,1199,558,110,325,1,1,1
1328,7,2390,643,93,234,1,1,1
1328,10,879,576,55,187,1,1,1
1329,1,479,497,198,450,1,1,1
1329,2,1352,587,108,262,1,1,1
1329,3,1280,564,134,389,1,1,1
1329,4,1189,559,116,324,1,1,1
1329,7,2391,644,92,234,1,1,1
1329,10,878,577,56,186,1,1,1
1330,1,472,497,203,451,1,1,1
1330,2,1351,590,117,258,1,1,1
1330,3,1281,565,123,388,1,1,1
1330,4,1178,561,123,322,1,1,1
1330,7,2392,644,91,235,1,1,1
1330,10,878,577,57,186,1,1,1
1331,1,465,497,207,452,1,1,1
1331,2,1350,592,125,255,1,1,1
1331,3,1282,565,112,387,1,1,1
1331,4,1167,562,130,320,1,1,1
1331,7,2392,645,90,235,1,1,1
1331,10,877,577,57,185,1,1,1
1332,1,466,498,203,455,1,1,1
1332,2,1351,593,125,255,1,1,1
1332,3,1277,566,111,386,1,1,1
1332,4,1163,564,133,319,1,1,1
1332,7,2393,646,90,233,1,1,1
1332,10,878,578,58,185,1,1,1
1333,1,468,499,198,457,1,1,1
1333,2,1352,593,125,256,1,1,1
1333,3,1272,566,108,386,1,1,1
1333,4,1158,565,137,318,1,1,1
1333,7,2393,648,90,230,1,1,1
1333,10,878,579,59,185,1,1,1
1334,1,469,499,193,460,1,1,1
1334,2,1353,594,125,256,1,1,1
1334,3,1267,567,106,384,1,1,1
1334,4,1153,566,140,317,1,1,1
1334,7,2393,649,91,228,1,1,1
1334,10,879,579,59,185,1,1,1
1335,1,470,500,189,462,1,1,1
1335,2,1354,594,126,257,1,1,1
1335,3,1261,568,104,383,1,1,1
1335,4,1149,567,143,316,1,1,1
1335,7,2393,651,91,225,1,1,1
1335,10,879,580,60,185,1,1,1
1336,1,471,500,183,465,1,1,1
1336,2,1354,594,126,257,1,1,1
1336,3,1256,568,101,382,1,1,1
1336,4,1143,568,146,315,1,1,1
1336,7,2393,652,91,223,1,1,1
1336,10,879,580,60,184,1,1,1
1337,1,466,499,184,468,1,1,1
1337,2,1361,595,122,256,1,1,1
1337,3,1241,569,112,381,1,1,1
1337,4,1142,569,149,314,1,1,1
1337,7,2393,652,92,224,1,1,1
1337,10,880,581,59,185,1,1,1
1338,1,461,497,185,472,1,1,1
1338,2,1367,595,118,256,1,1,1
1338,3,1226,570,122,379,1,1,1
1338,4,1141,569,150,313,1,1,1
1338,7,2393,652,91,225,1,1,1
1338,10,880,581,58,185,1,1,1
1339,1,456,496,185,474,1,1,1
1339,2,1373,595,114,255,1,1,1
1339,3,1212,571,132,377,1,1,1
1339,4,1139,569,152,313,1,1,1
1339,7,2392,652,92,226,1,1,1
1339,10,881,581,57,185,1,1,1
1340,1,451,495,185,477,1,1,1
1340,2,1379,595,111,255,1,1,1
1340,3,1197,571,142,376,1,1,1
1340,4,1138,569,154,312,1,1,1
1340,7,2392,652,92,227,1,1,1
1340,10,881,580,56,186,1,1,1
1341,1,445,493,185,480,1,1,1
1341,2,1385,595,106,254,1,1,1
1341,3,1181,572,152,373,1,1,1
1341,4,1136,568,155,311,1,1,1
1341,7,2391,652,91,227,1,1,1
1341,10,881,580,54,185,1,1,1
1342,1,440,493,189,481,1,1,1
1342,2,1393,595,102,254,1,1,1
1342,3,1179,572,155,375,1,1,1
1342,4,1136,568,151,312,1,1,1
1342,7,2391,653,92,227,1,1,1
1342,10,881,580,55,186,1,1,1
1343,1,434,492,192,482,1,1,1
1343,2,1402,594,97,256,1,1,1
1343,3,1175,571,158,377,1,1,1
1343,4,1137,567,145,314,1,1,1
1343,7,2391,653,92,227,1,1,1
1343,10,881,581,55,186,1,1,1
1344,1,428,492,195,482,1,1,1
1344,2,1410,594,92,256,1,1,1
1344,3,1172,570,161,378,1,1,1
1344,4,1137,565,141,316,1,1,1
1344,7,2390,653,93,227,1,1,1
1344,10,880,581,56,186,1,1,1
1345,1,422,491,199,483,1,1,1
1345,2,1418,593,88,257,1,1,1
1345,3,1168,570,164,379,1,1,1
1345,4,1138,564,135,317,1,1,1
1345,7,2390,653,92,226,1,1,1
1345,10,880,581,56,187,1,1,1
1346,1,416,491,202,483,1,1,1
1346,2,1426,593,83,257,1,1,1
1346,3,1165,569,167,381,1,1,1
1346,4,1138,563,130,318,1,1,1
1346,7,2389,653,93,226,1,1,1
1346,10,879,581,57,187,1,1,1
1347,1,413,490,203,485,1,1,1
1347,2,1427,593,88,258,1,1,1
1347,3,1164,568,164,382,1,1,1
1347,4,1138,562,120,320,1,1,1
1347,7,2389,653,93,226,1,1,1
1347,10,879,582,57,186,1,1,1
1348,1,410,489,204,487,1,1,1
1348,2,1428,594,93,257,1,1,1
1348,3,1163,568,162,382,1,1,1
1348,4,1137,562,110,321,1,1,1
1348,7,2390,653,92,227,1,1,1
1348,10,879,582,57,187,1,1,1
1349,1,407,488,205,489,1,1,1
1349,2,1429,594,97,258,1,1,1
1349,3,1162,567,159,383,1,1,1
1349,4,1137,561,100,323,1,1,1
1349,7,2390,653,92,227,1,1,1
1349,10,879,583,57,186,1,1,1
1350,1,404,487,206,491,1,1,1
1350,2,1430,595,102,258,1,1,1
1350,3,1161,567,156,383,1,1,1
1350,4,1136,561,90,324,1,1,1
1350,7,2391,653,91,227,1,1,1
1350,10,879,583,58,186,1,1,1
1351,1,401,486,205,492,1,1,1
1351,2,1430,594,107,258,1,1,1
1351,3,1160,566,153,384,1,1,1
1351,4,1135,560,79,325,1,1,1
1351,7,2391,653,91,227,1,1,1
1351,10,878,583,58,186,1,1,1
1352,1,403,487,203,494,1,1,1
1352,2,1431,596,110,257,1,1,1
1352,3,1159,565,143,385,1,1,1
1352,4,1134,560,78,326,1,1,1
1352,7,2390,654,91,227,1,1,1
1352,10,878,583,58,186,1,1,1
1353,1,404,488,200,496,1,1,1
1353,2,1431,597,113,256,1,1,1
1353,3,1158,564,132,386,1,1,1
1353,4,1132,560,76,326,1,1,1
1353,7,2389,654,91,227,1,1,1
1353,10,877,583,58,186,1,1,1
1354,1,405,489,197,497,1,1,1
1354,2,1431,597,116,256,1,1,1
1354,3,1157,564,120,386,1,1,1
1354,4,1131,560,73,327,1,1,1
1354,7,2387,655,92,227,1,1,1
1354,10,876,583,58,186,1,1,1
1355,1,406,490,194,498,1,1,1
1355,2,1431,598,119,255,1,1,1
1355,3,1156,563,109,387,1,1,1
1355,4,1129,559,72,328,1,1,1
1355,7,2386,655,91,227,1,1,1
1355,10,875,583,59,185,1,1,1
1356,1,406,491,191,498,1,1,1
1356,2,1431,599,122,253,1,1,1
1356,3,1154,562,99,388,1,1,1
1356,4,1127,559,69,328,1,1,1
1356,7,2384,655,91,226,1,1,1
1356,10,873,582,59,185,1,1,1
1357,1,404,491,192,503,1,1,1
1357,2,1433,599,119,254,1,1,1
1357,3,1141,562,105,389,1,1,1
1357,4,1123,559,70,329,1,1,1
1357,7,2382,655,91,227,1,1,1
1357,10,871,582,60,186,1,1,1
1358,1,401,491,193,507,1,1,1
1358,2,1435,598,116,255,1,1,1
1358,3,1128,562,110,389,1,1,1
1358,4,1118,560,72,328,1,1,1
1358,7,2378,655,91,227,1,1,1
1358,10,869,582,59,186,1,1,1
1359,1,398,490,194,511,1,1,1
1359,2,1437,598,113,255,1,1,1
1359,3,1115,562,115,389,1,1,1
1359,4,1113,560,73,329,1,1,1
1359,7,2375,655,91,226,1,1,1
1359,10,867,581,59,187,1,1,1
1360,1,395,490,195,515,1,1,1
1360,2,1440,597,108,256,1,1,1
1360,3,1102,562,121,389,1,1,1
1360,4,1109,560,74,329,1,1,1
1360,7,2372,655,91,226,1,1,1
1360,10,865,581,59,187,1,1,1
1361,1,392,489,195,519,1,1,1
1361,2,1441,596,105,256,1,1,1
1361,3,1088,561,126,389,1,1,1
1361,4,1104,560,74,329,1,1,1
1361,7,2368,654,90,226,1,1,1
1361,10,862,580,58,187,1,1,1
1362,1,386,488,199,522,1,1,1
1362,2,1447,597,100,257,1,1,1
1362,3,1075,562,135,389,1,1,1
1362,7,2364,654,91,226,1,1,1
1362,10,860,580,59,188,1,1,1
1363,1,379,487,204,524,1,1,1
1363,2,1451,597,95,258,1,1,1
1363,3,1061,562,145,389,1,1,1
1363,7,2360,654,90,225,1,1,1
1363,10,857,580,59,187,1,1,1
1364,1,372,486,208,527,1,1,1
1364,2,1456,597,90,259,1,1,1
1364,3,1048,562,153,389,1,1,1
1364,7,2356,654,90,225,1,1,1
1364,10,853,580,60,187,1,1,1
1365,1,365,485,212,529,1,1,1
1365,2,1461,597,84,260,1,1,1
1365,3,1034,562,162,389,1,1,1
1365,7,2351,654,90,224,1,1,1
1365,10,850,580,60,187,1,1,1
1366,1,358,483,216,531,1,1,1
1366,2,1466,597,78,260,1,1,1
1366,3,1020,562,170,387,1,1,1
1366,5,2646,615,55,524,1,1,1
1366,7,2346,654,90,223,1,1,1
1366,10,847,579,60,187,1,1,1
1367,1,353,483,218,532,1,1,1
1367,2,1466,598,80,260,1,1,1
1367,3,1017,561,170,389,1,1,1
1367,5,2623,610,80,529,1,1,1
1367,7,2342,654,90,223,1,1,1
1367,10,843,579,60,187,1,1,1
1368,1,347,482,221,533,1,1,1
1368,2,1465,598,82,260,1,1,1
1368,3,1013,559,170,390,1,1,1
1368,5,2599,605,104,533,1,1,1
1368,7,2337,654,89,223,1,1,1
1368,10,839,579,60,187,1,1,1
1369,1,341,481,224,534,1,1,1
1369,2,1465,598,84,260,1,1,1
1369,3,1010,558,168,391,1,1,1
1369,5,2575,600,128,538,1,1,1
1369,7,2332,654,89,222,1,1,1
1369,10,836,578,59,187,1,1,1
1370,1,336,480,226,535,1,1,1
1370,2,1464,598,86,260,1,1,1
1370,3,1006,556,168,392,1,1,1
1370,5,2551,595,153,542,1,1,1
1370,7,2328,654,88,222,1,1,1
1370,10,832,577,59,187,1,1,1
1371,1,330,478,228,535,1,1,1
1371,2,1463,598,88,260,1,1,1
1371,3,1001,554,167,393,1,1,1
1371,4,1061,556,101,333,1,1,1
1371,5,2527,590,176,546,1,1,1
1371,7,2322,654,87,221,1,1,1
1371,10,827,576,59,187,1,1,1
1372,1,327,477,227,540,1,1,1
1372,2,1460,598,91,260,1,1,1
1372,3,998,553,161,394,1,1,1
1372,4,1058,556,103,334,1,1,1
1372,5,2514,590,190,547,1,1,1
1372,7,2318,654,87,221,1,1,1
1372,10,824,576,59,188,1,1,1
1373,1,323,476,226,543,1,1,1
1373,2,1456,598,94,261,1,1,1
1373,3,994,551,154,395,1,1,1
1373,4,1055,556,103,334,1,1,1
1373,5,2500,590,204,547,1,1,1
1373,7,2313,655,87,220,1,1,1
1373,10,820,576,59,187,1,1,1
1374,1,320,474,225,548,1,1,1
1374,2,1452,599,97,260,1,1,1
1374,3,990,550,148,396,1,1,1
1374,4,1051,556,104,335,1,1,1
1374,5,2486,590,217,546,1,1,1
1374,7,2308,655,87,220,1,1,1
1374,10,816,576,59,187,1,1,1
1375,1,316,472,224,552,1,1,1
1375,2,1449,599,100,260,1,1,1
1375,3,986,548,141,397,1,1,1
1375,4,1048,555,104,337,1,1,1
1375,5,2473,590,230,546,1,1,1
1375,7,2303,655,86,219,1,1,1
1375,10,812,575,60,188,1,1,1
1376,1,312,470,222,555,1,1,1
1376,2,1444,599,103,259,1,1,1
1376,3,981,546,134,397,1,1,1
1376,4,1044,555,104,337,1,1,1
1376,5,2459,590,243,545,1,1,1
1376,7,2297,655,86,218,1,1,1
1376,10,808,574,59,188,1,1,1
1377,1,306,471,225,559,1,1,1
1377,2,1445,599,102,261,1,1,1
1377,3,979,546,135,399,1,1,1
1377,4,1042,554,105,339,1,1,1
1377,5,2455,590,242,543,1,1,1
1377,7,2293,655,87,219,1,1,1
1377,10,805,575,60,187,1,1,1
1378,1,300,471,227,562,1,1,1
1378,2,1445,598,101,262,1,1,1
1378,3,976,546,135,400,1,1,1
1378,4,1041,553,103,341,1,1,1
1378,5,2450,590,242,539,1,1,1
1378,7,2289,655,87,219,1,1,1
1378,10,800,574,61,188,1,1,1
1379,1,294,471,229,565,1,1,1
1379,2,1444,598,100,263,1,1,1
1379,3,973,546,135,401,1,1,1
1379,4,1039,552,103,344,1,1,1
1379,5,2446,590,240,536,1,1,1
1379,7,2285,656,86,218,1,1,1
1379,10,796,574,62,187,1,1,1
1380,1,288,470,231,569,1,1,1
1380,2,1444,597,99,264,1,1,1
1380,3,970,545,135,403,1,1,1
1380,4,1037,551,103,346,1,1,1
1380,5,2442,589,238,534,1,1,1
1380,7,2281,656,86,218,1,1,1
1380,10,792,574,63,187,1,1,1
1381,1,281,470,232,571,1,1,1
1381,2,1443,596,97,264,1,1,1
1381,3,967,545,135,403,1,1,1
1381,4,1035,550,102,347,1,1,1
1381,5,2437,589,237,530,1,1,1
1381,7,2276,656,85,217,1,1,1
1381,10,787,573,63,186,1,1,1
1382,1,271,470,239,575,1,1,1
1382,2,1449,596,93,265,1,1,1
1382,3,964,545,139,404,1,1,1
1382,4,1034,551,105,348,1,1,1
1382,5,2434,589,227,527,1,1,1
1382,7,2274,656,86,217,1,1,1
1382,10,787,573,62,188,1,1,1
1383,1,261,470,244,578,1,1,1
1383,2,1454,596,89,265,1,1,1
1383,3,962,545,142,406,1,1,1
1383,4,1033,552,109,348,1,1,1
1383,5,2430,588,218,524,1,1,1
1383,7,2272,656,85,216,1,1,1
1383,10,785,573,62,188,1,1,1
1384,1,252,469,248,583,1,1,1
1384,2,1460,596,83,265,1,1,1
1384,3,959,545,146,407,1,1,1
1384,4,1031,553,113,348,1,1,1
1384,5,2426,588,209,520,1,1,1
1384,7,2269,655,85,216,1,1,1
1384,10,784,573,60,188,1,1,1
1385,1,242,469,254,586,1,1,1
1385,2,1465,595,79,265,1,1,1
1385,3,957,545,148,408,1,1,1
1385,4,1030,554,116,348,1,1,1
1385,5,2423,587,198,517,1,1,1
1385,7,2266,655,85,215,1,1,1
1385,10,782,572,60,189,1,1,1
1386,1,231,468,259,589,1,1,1
1386,2,1470,595,74,264,1,1,1
1386,3,953,545,152,408,1,1,1
1386,4,1028,554,119,347,1,1,1
1386,5,2419,586,188,513,1,1,1
1386,7,2263,655,84,214,1,1,1
1386,10,780,572,58,188,1,1,1
1387,1,224,466,262,595,1,1,1
1387,2,1470,595,79,265,1,1,1
1387,3,955,546,153,408,1,1,1
1387,4,1028,554,120,349,1,1,1
1387,5,2417,587,187,511,1,1,1
1387,7,2262,655,85,214,1,1,1
1387,10,779,572,59,188,1,1,1
1388,1,217,464,265,600,1,1,1
1388,2,1470,595,83,264,1,1,1
1388,3,956,547,155,407,1,1,1
1388,4,1028,554,120,350,1,1,1
1388,5,2416,586,184,510,1,1,1
1388,7,2261,654,84,215,1,1,1
1388,10,777,571,60,189,1,1,1
1389,1,210,462,267,604,1,1,1
1389,2,1470,595,87,264,1,1,1
1389,3,957,548,156,406,1,1,1
1389,4,1028,553,121,352,1,1,1
1389,5,2414,586,182,508,1,1,1
1389,7,2259,654,85,215,1,1,1
1389,10,775,570,60,189,1,1,1
1390,1,203,460,269,609,1,1,1
1390,2,1470,596,91,263,1,1,1
1390,3,957,549,158,405,1,1,1
1390,4,1028,552,121,354,1,1,1
1390,5,2412,586,180,506,1,1,1
1390,7,2257,654,85,215,1,1,1
1390,10,773,570,61,189,1,1,1
1391,1,195,458,271,613,1,1,1
1391,2,1469,595,95,262,1,1,1
1391,3,958,549,159,404,1,1,1
1391,4,1027,551,121,354,1,1,1
1391,5,2410,585,177,505,1,1,1
1391,7,2255,653,85,215,1,1,1
1391,10,771,569,61,188,1,1,1
1392,1,194,457,270,615,1,1,1
1392,2,1470,596,99,263,1,1,1
1392,3,960,549,157,405,1,1,1
1392,4,1036,550,118,356,1,1,1
1392,5,2409,585,178,505,1,1,1
1392,7,2255,654,85,215,1,1,1
1392,10,771,569,61,189,1,1,1
1393,1,192,456,269,616,1,1,1
1393,2,1471,596,102,264,1,1,1
1393,3,962,548,154,406,1,1,1
1393,4,1045,549,113,357,1,1,1
1393,5,2408,585,177,505,1,1,1
1393,7,2254,654,85,215,1,1,1
1393,10,771,569,61,189,1,1,1
1394,1,190,454,268,619,1,1,1
1394,2,1472,597,105,264,1,1,1
1394,3,963,547,152,407,1,1,1
1394,4,1054,548,108,357,1,1,1
1394,5,2407,584,177,506,1,1,1
1394,7,2253,654,85,214,1,1,1
1394,10,771,570,60,188,1,1,1
1395,1,188,453,267,620,1,1,1
1395,2,1473,597,108,264,1,1,1
1395,3,965,546,149,408,1,1,1
1395,4,1062,547,105,357,1,1,1
1395,5,2406,584,177,506,1,1,1
1395,7,2251,654,86,214,1,1,1
1395,10,770,570,61,187,1,1,1
1396,1,186,451,265,621,1,1,1
1396,2,1473,597,110,264,1,1,1
1396,3,966,545,146,408,1,1,1
1396,4,1070,545,100,358,1,1,1
1396,5,2405,583,176,506,1,1,1
1396,7,2250,653,85,214,1,1,1
1396,10,769,569,60,187,1,1,1
1397,1,188,451,263,622,1,1,1
1397,2,1475,598,107,265,1,1,1
1397,3,969,545,144,411,1,1,1
1397,4,1073,546,104,358,1,1,1
1397,5,2405,583,176,507,1,1,1
1397,7,2250,653,85,215,1,1,1
1397,10,770,570,60,187,1,1,1
1398,1,191,451,259,622,1,1,1
1398,2,1477,597,103,268,1,1,1
1398,3,971,545,142,412,1,1,1
1398,4,1076,546,107,359,1,1,1
1398,5,2405,582,175,508,1,1,1
1398,7,2250,653,85,214,1,1,1
1398,10,769,570,60,188,1,1,1
1399,1,193,450,257,623,1,1,1
1399,2,1479,597,98,269,1,1,1
1399,3,974,545,139,414,1,1,1
1399,4,1078,546,111,359,1,1,1
1399,5,2404,581,176,509,1,1,1
1399,7,2250,652,84,215,1,1,1
1399,10,769,570,60,188,1,1,1
1400,1,195,450,254,623,1,1,1
1400,2,1480,597,95,270,1,1,1
1400,3,976,545,137,415,1,1,1
1400,4,1081,546,114,360,1,1,1
1400,5,2404,580,175,510,1,1,1
1400,7,2250,652,84,215,1,1,1
1400,10,769,570,60,188,1,1,1
1401,1,197,449,250,624,1,1,1
1401,2,1481,596,90,271,1,1,1
1401,3,977,544,134,416,1,1,1
1401,4,1083,545,118,360,1,1,1
1401,5,2403,579,174,509,1,1,1
1401,7,2249,651,84,215,1,1,1
1401,10,768,570,59,188,1,1,1
1402,1,198,449,251,627,1,1,1
1402,2,1484,596,92,273,1,1,1
1402,3,981,545,132,417,1,1,1
1402,4,1086,547,129,360,1,1,1
1402,5,2404,579,175,509,1,1,1
1402,7,2250,651,84,215,1,1,1
1402,10,768,570,60,188,1,1,1
1403,1,199,449,251,630,1,1,1
1403,2,1486,596,93,273,1,1,1
1403,3,984,545,130,417,1,1,1
1403,4,1088,548,141,360,1,1,1
1403,5,2404,578,175,509,1,1,1
1403,7,2250,651,84,215,1,1,1
1403,10,768,570,60,188,1,1,1
1404,1,201,449,250,634,1,1,1
1404,2,1488,595,94,275,1,1,1
1404,3,988,546,127,416,1,1,1
1404,4,1090,548,153,360,1,1,1
1404,5,2404,577,176,509,1,1,1
1404,7,2250,651,84,215,1,1,1
1404,10,768,571,61,187,1,1,1
1405,1,202,448,250,638,1,1,1
1405,2,1489,594,96,276,1,1,1
1405,3,991,546,124,416,1,1,1
1405,4,1093,549,163,360,1,1,1
1405,5,2405,577,175,508,1,1,1
1405,7,2250,651,84,214,1,1,1
1405,10,767,571,62,187,1,1,1
1406,1,202,448,250,640,1,1,1
1406,2,1491,593,97,276,1,1,1
1406,3,994,546,121,416,1,1,1
1406,4,1094,550,174,358,1,1,1
1406,5,2404,575,175,508,1,1,1
1406,7,2250,651,83,213,1,1,1
1406,10,766,571,61,187,1,1,1
1407,1,206,449,250,642,1,1,1
1407,2,1493,593,97,277,1,1,1
1407,3,994,546,122,416,1,1,1
1407,4,1095,551,178,360,1,1,1
1407,5,2406,576,176,509,1,1,1
1407,7,2251,650,84,214,1,1,1
1407,10,767,571,62,187,1,1,1
1408,1,210,449,249,644,1,1,1
1408,2,1494,592,98,278,1,1,1
1408,3,994,546,122,416,1,1,1
1408,4,1096,552,181,360,1,1,1
1408,5,2406,575,177,510,1,1,1
1408,7,2251,650,85,214,1,1,1
1408,10,768,570,62,188,1,1,1
1409,1,213,450,249,645,1,1,1
1409,2,1495,592,99,277,1,1,1
1409,3,994,545,122,416,1,1,1
1409,4,1097,553,183,361,1,1,1
1409,5,2407,575,177,510,1,1,1
1409,7,2252,649,85,215,1,1,1
1409,10,769,570,61,188,1,1,1
1410,1,217,450,248,648,1,1,1
1410,2,1496,591,99,278,1,1,1
1410,3,994,545,122,416,1,1,1
1410,4,1097,554,186,361,1,1,1
1410,5,2408,575,177,510,1,1,1
1410,7,2252,649,86,214,1,1,1
1410,10,769,570,62,188,1,1,1
1411,1,220,450,248,649,1,1,1
1411,2,1497,590,99,277,1,1,1
1411,3,993,544,122,415,1,1,1
1411,4,1097,555,188,361,1,1,1
1411,5,2408,574,177,510,1,1,1
1411,7,2252,648,85,214,1,1,1
1411,10,769,569,61,188,1,1,1
1412,1,225,450,248,652,1,1,1
1412,2,1499,591,100,278,1,1,1
1412,3,991,544,125,417,1,1,1
1412,4,1106,554,184,363,1,1,1
1412,5,2410,574,178,511,1,1,1
1412,7,2254,648,86,215,1,1,1
1412,10,771,570,62,188,1,1,1
1413,1,229,450,249,655,1,1,1
1413,2,1501,591,99,278,1,1,1
1413,3,989,544,127,417,1,1,1
1413,4,1115,554,179,363,1,1,1
1413,5,2412,574,178,510,1,1,1
1413,7,2256,647,85,215,1,1,1
1413,10,773,570,61,187,1,1,1
1414,1,234,450,250,657,1,1,1
1414,2,1503,590,99,279,1,1,1
1414,3,986,544,129,418,1,1,1
1414,4,1123,553,174,364,1,1,1
1414,5,2413,573,178,511,1,1,1
1414,7,2258,647,85,215,1,1,1
1414,10,775,570,60,187,1,1,1
1415,1,238,450,251,659,1,1,1
1415,2,1504,590,100,279,1,1,1
1415,3,984,543,131,419,1,1,1
1415,4,1131,552,169,365,1,1,1
1415,5,2415,573,178,511,1,1,1
1415,7,2260,646,84,216,1,1,1
1415,10,777,571,60,186,1,1,1
1416,1,243,449,250,662,1,1,1
1416,2,1506,590,99,279,1,1,1
1416,3,981,542,133,419,1,1,1
1416,4,1139,551,164,366,1,1,1
1416,5,2416,572,178,511,1,1,1
1416,7,2261,645,84,215,1,1,1
1416,10,778,570,59,185,1,1,1
1417,1,243,449,255,663,1,1,1
1417,2,1505,591,100,279,1,1,1
1417,3,983,542,133,420,1,1,1
1417,4,1155,550,156,369,1,1,1
1417,5,2417,571,180,512,1,1,1
1417,7,2263,645,84,216,1,1,1
1417,10,779,571,59,185,1,1,1
1418,1,244,448,259,664,1,1,1
1418,2,1503,591,102,279,1,1,1
1418,3,984,541,134,421,1,1,1
1418,4,1170,549,148,371,1,1,1
1418,5,2418,571,180,511,1,1,1
1418,7,2264,645,85,215,1,1,1
1418,10,780,571,59,185,1,1,1
1419,1,244,447,263,666,1,1,1
1419,2,1501,591,104,280,1,1,1
1419,3,985,540,135,422,1,1,1
1419,4,1185,548,140,373,1,1,1
1419,5,2419,570,181,511,1,1,1
1419,7,2265,644,85,216,1,1,1
1419,10,781,570,59,187,1,1,1
1420,1,244,446,268,667,1,1,1
1420,2,1500,592,105,279,1,1,1
1420,3,986,539,136,423,1,1,1
1420,4,1200,547,132,375,1,1,1
1420,5,2420,569,182,512,1,1,1
1420,7,2266,644,85,216,1,1,1
1420,10,782,570,58,187,1,1,1
1421,1,244,445,272,668,1,1,1
1421,2,1498,592,106,279,1,1,1
1421,3,987,538,136,422,1,1,1
1421,4,1214,546,123,376,1,1,1
1421,5,2420,568,183,511,1,1,1
1421,7,2267,643,85,215,1,1,1
1421,10,782,570,58,186,1,1,1
1422,1,248,446,271,672,1,1,1
1422,2,1499,591,104,281,1,1,1
1422,3,993,538,132,423,1,1,1
1422,4,1219,547,132,377,1,1,1
1422,5,2423,567,183,512,1,1,1
1422,7,2269,643,85,216,1,1,1
1422,10,784,570,58,186,1,1,1
1423,1,251,446,270,676,1,1,1
1423,2,1500,590,102,283,1,1,1
1423,3,999,538,127,423,1,1,1
1423,4,1223,548,141,378,1,1,1
1423,5,2424,567,184,512,1,1,1
1423,7,2270,642,85,216,1,1,1
1423,10,785,570,58,185,1,1,1
1424,1,254,446,270,680,1,1,1
1424,2,1501,589,100,284,1,1,1
1424,3,1005,538,122,423,1,1,1
1424,4,1226,549,151,378,1,1,1
1424,5,2426,566,184,512,1,1,1
1424,7,2271,641,85,216,1,1,1
1424,10,785,569,59,186,1,1,1
1425,1,258,446,268,684,1,1,1
1425,2,1502,588,97,285,1,1,1
1425,3,1011,537,117,423,1,1,1
1425,4,1230,550,160,379,1,1,1
1425,5,2427,565,185,512,1,1,1
1425,7,2272,641,85,216,1,1,1
1425,10,786,569,59,185,1,1,1
1426,1,261,446,267,688,1,1,1
1426,2,1502,587,95,286,1,1,1
1426,3,1016,536,112,423,1,1,1
1426,4,1233,551,168,378,1,1,1
1426,5,2429,564,184,512,1,1,1
1426,7,2272,639,85,216,1,1,1
1426,10,787,568,58,184,1,1,1
1427,1,265,446,263,692,1,1,1
1427,2,1500,586,96,287,1,1,1
1427,3,1021,537,116,423,1,1,1
1427,4,1236,552,174,379,1,1,1
1427,5,2430,563,185,513,1,1,1
1427,7,2274,639,85,217,1,1,1
1427,10,788,569,58,185,1,1,1
1428,1,270,446,258,696,1,1,1
1428,2,1498,585,97,288,1,1,1
1428,3,1025,537,120,423,1,1,1
1428,4,1238,553,179,380,1,1,1
1428,5,2431,563,186,513,1,1,1
1428,7,2274,639,85,217,1,1,1
1428,10,789,569,58,185,1,1,1
1429,1,274,446,254,700,1,1,1
1429,2,1495,583,98,290,1,1,1
1429,3,1030,538,123,422,1,1,1
1429,4,1241,553,184,381,1,1,1
1429,5,2431,562,188,514,1,1,1
1429,7,2275,638,85,217,1,1,1
1429,10,790,569,57,185,1,1,1
1430,1,278,446,250,704,1,1,1
1430,2,1493,582,98,290,1,1,1
1430,3,1034,538,127,421,1,1,1
1430,4,1243,554,189,381,1,1,1
1430,5,2432,562,189,513,1,1,1
1430,7,2276,638,84,217,1,1,1
1430,10,791,569,57,186,1,1,1
1431,1,282,446,246,707,1,1,1
1431,2,1490,580,99,291,1,1,1
1431,3,1038,538,131,420,1,1,1
1431,4,1245,554,193,381,1,1,1
1431,5,2433,561,189,513,1,1,1
1431,7,2276,637,84,217,1,1,1
1431,10,791,568,57,186,1,1,1
1432,1,284,446,247,711,1,1,1
1432,2,1489,580,99,293,1,1,1
1432,3,1039,539,137,420,1,1,1
1432,4,1258,554,187,382,1,1,1
1432,5,2432,560,192,514,1,1,1
1432,7,2277,636,85,218,1,1,1
1432,10,791,568,59,186,1,1,1
1433,1,285,445,248,715,1,1,1
1433,2,1488,580,99,293,1,1,1
1433,3,1040,539,142,419,1,1,1
1433,4,1271,552,179,384,1,1,1
1433,5,2430,559,195,514,1,1,1
1433,7,2278,635,85,218,1,1,1
1433,10,792,567,59,187,1,1,1
1434,1,287,445,248,718,1,1,1
1434,2,1487,580,99,294,1,1,1
1434,3,1040,540,148,417,1,1,1
1434,4,1284,551,171,385,1,1,1
1434,5,2429,558,198,514,1,1,1
1434,7,2279,634,85,218,1,1,1
1434,10,792,567,60,186,1,1,1
1435,1,288,445,249,721,1,1,1
1435,2,1486,579,99,295,1,1,1
1435,3,1041,540,154,417,1,1,1
1435,4,1298,550,163,385,1,1,1
1435,5,2428,557,201,514,1,1,1
1435,7,2280,633,86,219,1,1,1
1435,10,792,566,60,187,1,1,1
1436,1,289,444,249,725,1,1,1
1436,2,1485,578,98,295,1,1,1
1436,3,1041,540,159,415,1,1,1
1436,4,1310,548,155,386,1,1,1
1436,5,2426,556,203,513,1,1,1
1436,7,2280,632,86,218,1,1,1
1436,10,792,565,61,187,1,1,1
1437,1,291,442,250,729,1,1,1
1437,2,1482,578,100,298,1,1,1
1437,3,1043,540,159,413,1,1,1
1437,4,1325,547,150,387,1,1,1
1437,5,2423,558,209,512,1,1,1
1437,7,2282,631,86,220,1,1,1
1437,10,793,565,61,187,1,1,1
1438,1,293,439,249,733,1,1,1
1438,2,1480,577,100,299,1,1,1
1438,3,1044,539,159,410,1,1,1
1438,4,1339,545,146,389,1,1,1
1438,5,2419,561,214,508,1,1,1
1438,7,2283,631,87,219,1,1,1
1438,10,794,566,61,185,1,1,1
1439,1,294,437,249,736,1,1,1
1439,2,1477,576,102,301,1,1,1
1439,3,1045,538,159,408,1,1,1
1439,4,1353,543,141,390,1,1,1
1439,5,2415,563,220,506,1,1,1
1439,7,2284,630,87,219,1,1,1
1439,10,795,566,60,185,1,1,1
1440,1,296,434,248,740,1,1,1
1440,2,1474,576,103,302,1,1,1
1440,3,1046,538,160,404,1,1,1
1440,4,1367,542,136,391,1,1,1
1440,5,2411,565,225,503,1,1,1
1440,7,2286,629,87,219,1,1,1
1440,10,796,567,60,183,1,1,1
1441,1,297,431,248,743,1,1,1
1441,2,1471,574,103,303,1,1,1
1441,3,1047,536,159,401,1,1,1
1441,4,1381,539,131,392,1,1,1
1441,5,2407,566,230,500,1,1,1
1441,7,2286,627,86,220,1,1,1
1441,10,797,566,59,182,1,1,1
1442,1,298,431,252,743,1,1,1
1442,3,1051,537,161,399,1,1,1
1442,4,1382,541,149,393,1,1,1
1442,5,2402,566,236,501,1,1,1
1442,7,2287,628,87,219,1,1,1
1442,10,797,566,59,184,1,1,1
1443,1,299,430,256,744,1,1,1
1443,3,1054,538,163,396,1,1,1
1443,4,1382,542,167,393,1,1,1
1443,5,2396,565,243,502,1,1,1
1443,7,2288,627,85,219,1,1,1
1443,10,796,566,60,183,1,1,1
1444,1,301,429,259,744,1,1,1
1444,3,1057,538,165,393,1,1,1
1444,4,1382,544,185,393,1,1,1
1444,5,2390,564,249,502,1,1,1
1444,7,2288,627,85,218,1,1,1
1444,10,796,565,60,184,1,1,1
1445,1,302,429,263,744,1,1,1
1445,3,1061,538,166,391,1,1,1
1445,4,1382,545,203,393,1,1,1
1445,5,2384,563,255,502,1,1,1
1445,7,2289,627,84,217,1,1,1
1445,10,796,564,60,185,1,1,1
1446,1,302,427,267,744,1,1,1
1446,3,1063,538,168,387,1,1,1
1446,4,1382,546,220,393,1,1,1
1446,5,2378,561,261,503,1,1,1
1446,7,2289,626,83,216,1,1,1
1446,10,795,563,60,185,1,1,1
1447,1,301,427,272,746,1,1,1
1447,3,1064,541,174,386,1,1,1
1447,4,1385,546,221,396,1,1,1
1447,5,2377,561,262,504,1,1,1
1447,7,2289,626,86,216,1,1,1
1447,10,795,564,63,186,1,1,1
1448,1,300,426,277,747,1,1,1
1448,3,1064,543,180,384,1,1,1
1448,4,1389,546,219,399,1,1,1
1448,5,2377,561,262,504,1,1,1
1448,7,2289,625,88,217,1,1,1
1448,10,794,564,66,186,1,1,1
1449,1,298,425,283,749,1,1,1
1449,3,1064,545,186,382,1,1,1
1449,4,1392,546,219,401,1,1,1
1449,5,2376,560,263,505,1,1,1
1449,7,2289,624,90,218,1,1,1
1449,10,793,564,69,186,1,1,1
1450,1,297,424,288,750,1,1,1
1450,3,1064,548,191,379,1,1,1
1450,4,1395,546,218,404,1,1,1
1450,5,2376,560,263,506,1,1,1
1450,7,2289,623,93,218,1,1,1
1450,10,792,564,72,186,1,1,1
1451,1,295,422,293,752,1,1,1
1451,3,1063,550,197,377,1,1,1
1451,4,1397,545,218,406,1,1,1
1451,5,2375,559,263,506,1,1,1
1451,7,2288,622,95,218,1,1,1
1451,10,790,563,75,186,1,1,1
1452,1,299,424,299,751,1,1,1
1452,3,1067,549,201,376,1,1,1
1452,4,1415,545,210,405,1,1,1
1452,5,2373,557,266,507,1,1,1
1452,7,2289,622,93,218,1,1,1
1452,10,792,563,72,187,1,1,1
1453,1,302,425,306,749,1,1,1
1453,3,1071,548,204,376,1,1,1
1453,4,1431,544,202,404,1,1,1
1453,5,2370,555,269,506,1,1,1
1453,7,2290,622,90,216,1,1,1
1453,10,793,563,68,187,1,1,1
1454,1,305,427,312,747,1,1,1
1454,3,1075,547,207,375,1,1,1
1454,4,1448,543,194,402,1,1,1
1454,5,2368,554,271,505,1,1,1
1454,7,2290,621,89,216,1,1,1
1454,10,794,562,65,188,1,1,1
1455,1,308,428,319,745,1,1,1
1455,3,1078,546,211,374,1,1,1
1455,4,1465,542,185,401,1,1,1
1455,5,2366,552,273,505,1,1,1
1455,7,2290,621,87,214,1,1,1
1455,10,795,562,62,188,1,1,1
1456,1,311,429,325,743,1,1,1
1456,2,1409,563,131,313,1,1,1
1456,3,1081,545,213,372,1,1,1
1456,4,1481,540,177,400,1,1,1
1456,5,2363,550,275,504,1,1,1
1456,7,2290,620,84,213,1,1,1
1456,10,795,561,59,188,1,1,1
1457,1,315,430,317,750,1,1,1
1457,2,1404,564,131,313,1,1,1
1457,3,1094,544,206,373,1,1,1
1457,4,1494,540,176,406,1,1,1
1457,5,2362,550,276,504,1,1,1
1457,7,2290,619,85,215,1,1,1
1457,10,795,561,60,189,1,1,1
1458,1,318,430,309,757,1,1,1
1458,2,1398,564,130,313,1,1,1
1458,3,1105,543,200,373,1,1,1
1458,4,1505,540,175,411,1,1,1
1458,5,2360,549,278,505,1,1,1
1458,7,2289,618,86,216,1,1,1
1458,10,794,560,62,189,1,1,1
1459,1,321,431,302,764,1,1,1
1459,2,1393,564,129,313,1,1,1
1459,3,1117,541,192,374,1,1,1
1459,4,1517,540,173,416,1,1,1
1459,5,2358,549,279,504,1,1,1
1459,7,2288,616,87,218,1,1,1
1459,10,793,560,64,189,1,1,1
1460,1,324,431,294,771,1,1,1
1460,2,1387,564,128,313,1,1,1
1460,3,1129,540,185,375,1,1,1
1460,4,1529,539,172,422,1,1,1
1460,5,2356,548,281,505,1,1,1
1460,7,2287,615,88,219,1,1,1
1460,10,792,560,66,188,1,1,1
1461,1,327,431,286,777,1,1,1
1461,2,1381,563,127,313,1,1,1
1461,3,1140,538,177,375,1,1,1
1461,4,1540,538,170,427,1,1,1
1461,5,2354,547,281,504,1,1,1
1461,7,2286,613,88,220,1,1,1
1461,10,790,559,68,188,1,1,1
1462,1,331,430,284,783,1,1,1
1462,2,1380,563,127,315,1,1,1
1462,3,1147,539,174,374,1,1,1
1462,4,1540,541,187,425,1,1,1
1462,5,2352,547,283,505,1,1,1
1462,7,2283,613,90,222,1,1,1
1462,10,790,558,66,190,1,1,1
1463,1,335,429,281,788,1,1,1
1463,2,1377,563,128,315,1,1,1
1463,3,1154,540,170,372,1,1,1
1463,4,1540,544,202,422,1,1,1
1463,5,2350,546,284,505,1,1,1
1463,7,2279,613,92,223,1,1,1
1463,10,789,557,65,191,1,1,1
1464,1,338,428,280,793,1,1,1
1464,2,1375,562,129,317,1,1,1
1464,3,1160,540,166,371,1,1,1
1464,4,1540,547,218,419,1,1,1
1464,5,2348,545,284,506,1,1,1
1464,7,2275,612,95,225,1,1,1
1464,10,788,556,63,192,1,1,1
1465,1,342,426,277,799,1,1,1
1465,2,1373,562,129,317,1,1,1
1465,3,1166,540,163,370,1,1,1
1465,4,1539,550,234,416,1,1,1
1465,5,2345,544,286,506,1,1,1
1465,7,2272,612,96,226,1,1,1
1465,10,787,555,61,193,1,1,1
1466,1,345,425,275,804,1,1,1
1466,2,1370,561,129,318,1,1,1
1466,3,1172,540,159,368,1,1,1
1466,4,1538,552,250,413,1,1,1
1466,5,2343,543,286,506,1,1,1
1466,7,2268,611,97,227,1,1,1
1466,10,786,554,59,193,1,1,1
1467,1,345,425,280,805,1,1,1
1467,2,1365,560,131,319,1,1,1
1467,3,1175,541,160,368,1,1,1
1467,4,1551,551,240,416,1,1,1
1467,5,2340,543,289,507,1,1,1
1467,7,2267,611,95,226,1,1,1
1467,10,783,554,62,192,1,1,1
1468,1,345,424,285,806,1,1,1
1468,2,1360,558,132,321,1,1,1
1468,3,1177,542,160,366,1,1,1
1468,4,1563,550,230,419,1,1,1
1468,5,2337,543,292,506,1,1,1
1468,7,2266,610,93,225,1,1,1
1468,10,780,554,64,191,1,1,1
1469,1,344,424,290,807,1,1,1
1469,2,1354,556,134,322,1,1,1
1469,3,1180,542,160,366,1,1,1
1469,4,1575,550,220,420,1,1,1
1469,5,2334,543,294,506,1,1,1
1469,7,2265,610,90,223,1,1,1
1469,10,777,553,66,191,1,1,1
1470,1,344,423,295,808,1,1,1
1470,2,1349,554,135,324,1,1,1
1470,3,1182,543,161,364,1,1,1
1470,4,1588,549,210,422,1,1,1
1470,5,2330,543,298,505,1,1,1
1470,7,2265,610,86,221,1,1,1
1470,10,774,553,68,189,1,1,1
1471,1,343,422,300,809,1,1,1
1471,2,1343,552,136,325,1,1,1
1471,3,1184,543,161,363,1,1,1
1471,4,1600,547,200,425,1,1,1
1471,5,2327,543,300,504,1,1,1
1471,7,2263,609,84,220,1,1,1
1471,10,770,552,70,188,1,1,1
1472,1,342,423,303,816,1,1,1
1472,2,1339,552,137,325,1,1,1
1472,3,1185,542,160,364,1,1,1
1472,4,1617,545,194,426,1,1,1
1472,5,2323,543,296,503,1,1,1
1472,7,2260,609,84,220,1,1,1
1472,10,769,553,68,189,1,1,1
1473,1,340,424,307,821,1,1,1
1473,2,1335,552,138,325,1,1,1
1473,3,1185,541,159,365,1,1,1
1473,4,1635,543,187,427,1,1,1
1473,5,2318,542,293,503,1,1,1
1473,7,2257,609,83,219,1,1,1
1473,10,767,555,66,188,1,1,1
1474,1,339,424,309,828,1,1,1
1474,2,1331,553,138,325,1,1,1
1474,3,1185,540,158,365,1,1,1
1474,4,1652,541,182,427,1,1,1
1474,5,2314,541,289,503,1,1,1
1474,7,2253,609,83,218,1,1,1
1474,10,765,556,64,187,1,1,1
1475,1,337,425,313,834,1,1,1
1475,2,1326,553,140,325,1,1,1
1475,3,1186,539,157,366,1,1,1
1475,4,1669,538,176,429,1,1,1
1475,5,2309,541,286,502,1,1,1
1475,7,2250,609,83,218,1,1,1
1475,10,763,557,62,187,1,1,1
1476,1,335,425,315,840,1,1,1
1476,2,1322,552,140,324,1,1,1
1476,3,1186,538,155,366,1,1,1
1476,4,1686,535,169,429,1,1,1
1476,5,2304,539,282,501,1,1,1
1476,7,2246,609,82,216,1,1,1
1476,10,761,557,59,187,1,1,1
1477,1,337,424,321,844,1,1,1
1477,2,1318,552,144,326,1,1,1
1477,3,1189,538,153,367,1,1,1
1477,4,1683,537,184,428,1,1,1
1477,5,2299,540,283,500,1,1,1
1477,7,2241,608,83,217,1,1,1
1477,10,757,556,60,189,1,1,1
1478,1,338,423,326,847,1,1,1
1478,2,1314,551,147,327,1,1,1
1478,3,1191,538,151,366,1,1,1
1478,4,1680,538,197,427,1,1,1
1478,5,2293,540,283,498,1,1,1
1478,7,2237,607,83,217,1,1,1
1478,10,753,554,61,190,1,1,1
1479,1,339,422,331,849,1,1,1
1479,2,1310,551,149,328,1,1,1
1479,3,1193,538,148,366,1,1,1
1479,4,1677,538,211,428,1,1,1
1479,5,2287,540,284,497,1,1,1
1479,7,2232,606,84,217,1,1,1
1479,10,749,552,61,192,1,1,1
1480,1,340,421,336,852,1,1,1
1480,2,1306,550,152,329,1,1,1
1480,3,1196,538,145,366,1,1,1
1480,4,1674,539,225,427,1,1,1
1480,5,2281,539,285,496,1,1,1
1480,7,2227,605,84,218,1,1,1
1480,10,745,550,62,193,1,1,1
1481,1,341,419,340,855,1,1,1
1481,2,1302,549,155,329,1,1,1
1481,3,1197,537,143,367,1,1,1
1481,4,1670,540,238,425,1,1,1
1481,5,2274,539,285,494,1,1,1
1481,7,2222,603,84,217,1,1,1
1481,10,741,547,62,195,1,1,1
1482,1,344,419,349,858,1,1,1
1482,2,1299,549,155,329,1,1,1
1482,3,1196,537,142,368,1,1,1
1482,4,1671,540,248,426,1,1,1
1482,5,2271,539,284,494,1,1,1
1482,7,2218,603,84,218,1,1,1
1482,10,737,547,63,195,1,1,1
1483,1,347,418,356,861,1,1,1
1483,2,1296,548,155,329,1,1,1
1483,3,1193,537,143,368,1,1,1
1483,4,1672,540,256,426,1,1,1
1483,5,2266,539,283,493,1,1,1
1483,7,2214,603,83,217,1,1,1
1483,10,733,546,63,195,1,1,1
1484,1,350,417,363,864,1,1,1
1484,2,1294,547,155,328,1,1,1
1484,3,1191,536,142,369,1,1,1
1484,4,1673,541,264,425,1,1,1
1484,5,2262,540,281,492,1,1,1
1484,7,2210,603,82,216,1,1,1
1484,10,729,544,63,196,1,1,1
1485,1,353,416,370,867,1,1,1
1485,2,1291,546,155,328,1,1,1
1485,3,1189,536,141,369,1,1,1
1485,4,1674,541,272,425,1,1,1
1485,5,2258,540,280,491,1,1,1
1485,7,2205,602,82,217,1,1,1
1485,10,725,543,64,197,1,1,1
1486,1,355,414,377,870,1,1,1
1486,2,1287,545,155,327,1,1,1
1486,3,1186,535,140,369,1,1,1
1486,4,1675,540,280,424,1,1,1
1486,5,2253,539,278,491,1,1,1
1486,7,2200,601,80,216,1,1,1
1486,10,720,542,63,196,1,1,1
1487,1,371,412,359,873,1,1,1
1487,2,1285,546,154,327,1,1,1
1487,3,1184,536,142,369,1,1,1
1487,4,1692,539,270,426,1,1,1
1487,5,2249,539,278,490,1,1,1
1487,7,2197,601,80,216,1,1,1
1487,10,717,542,64,197,1,1,1
1488,1,386,408,340,877,1,1,1
1488,2,1283,546,152,328,1,1,1
1488,3,1181,536,143,368,1,1,1
1488,4,1708,537,261,428,1,1,1
1488,5,2244,538,277,490,1,1,1
1488,7,2193,601,80,216,1,1,1
1488,10,713,541,64,197,1,1,1
1489,1,402,405,321,880,1,1,1
1489,2,1281,546,151,328,1,1,1
1489,3,1178,535,145,368,1,1,1
1489,4,1725,536,250,429,1,1,1
1489,5,2240,537,276,489,1,1,1
1489,7,2189,601,80,215,1,1,1
1489,10,710,541,63,197,1,1,1
1490,1,417,402,302,883,1,1,1
1490,2,1278,545,150,329,1,1,1
1490,3,1174,535,147,367,1,1,1
1490,4,1742,534,240,431,1,1,1
1490,5,2235,536,275,489,1,1,1
1490,7,2185,600,80,215,1,1,1
1490,10,706,540,63,198,1,1,1
1491,1,432,398,282,886,1,1,1
1491,2,1275,545,148,328,1,1,1
1491,3,1171,535,148,366,1,1,1
1491,4,1758,532,230,432,1,1,1
1491,5,2230,534,274,488,1,1,1
1491,7,2180,599,79,214,1,1,1
1491,10,701,540,63,197,1,1,1
1492,1,444,398,278,887,1,1,1
1492,2,1274,545,147,329,1,1,1
1492,3,1169,534,147,367,1,1,1
1492,4,1768,532,231,435,1,1,1
1492,5,2227,534,273,488,1,1,1
1492,7,2177,600,80,214,1,1,1
1492,10,699,539,63,198,1,1,1
1493,1,455,397,274,889,1,1,1
1493,2,1272,544,147,331,1,1,1
1493,3,1166,533,146,368,1,1,1
1493,4,1777,532,233,437,1,1,1
1493,5,2223,534,272,488,1,1,1
1493,7,2173,600,80,213,1,1,1
1493,10,695,538,63,198,1,1,1
1494,1,466,396,270,890,1,1,1
1494,2,1270,544,146,331,1,1,1
1494,3,1164,532,144,368,1,1,1
1494,4,1786,532,235,439,1,1,1
1494,5,2220,534,271,487,1,1,1
1494,7,2169,600,81,213,1,1,1
1494,10,692,537,63,198,1,1,1
1495,1,477,395,266,891,1,1,1
1495,2,1269,543,144,332,1,1,1
1495,3,1161,530,143,370,1,1,1
1495,4,1796,532,236,441,1,1,1
1495,5,2216,533,270,487,1,1,1
1495,7,2165,600,81,212,1,1,1
1495,10,688,536,63,199,1,1,1
1496,1,487,394,262,891,1,1,1
1496,2,1266,542,143,332,1,1,1
1496,3,1158,529,141,370,1,1,1
1496,4,1805,531,237,443,1,1,1
1496,5,2212,532,269,485,1,1,1
1496,7,2161,599,81,211,1,1,1
1496,10,684,534,62,198,1,1,1
1497,1,495,394,282,892,1,1,1
1497,2,1270,541,138,333,1,1,1
1497,3,1156,530,144,368,1,1,1
1497,4,1802,533,244,443,1,1,1
1497,5,2208,533,269,485,1,1,1
1497,7,2158,598,81,211,1,1,1
1497,10,679,534,63,199,1,1,1
1498,1,502,394,303,892,1,1,1
1498,2,1273,539,132,334,1,1,1
1498,3,1153,530,146,367,1,1,1
1498,4,1799,535,250,441,1,1,1
1498,5,2204,533,268,484,1,1,1
1498,7,2154,596,82,212,1,1,1
1498,10,674,534,64,198,1,1,1
1499,1,509,394,323,892,1,1,1
1499,2,1276,537,127,335,1,1,1
1499,3,1151,531,148,365,1,1,1
1499,4,1797,537,255,439,1,1,1
1499,5,2200,534,267,482,1,1,1
1499,7,2151,594,81,212,1,1,1
1499,10,668,533,65,198,1,1,1
1500,1,516,393,343,893,1,1,1
1500,2,1279,536,121,335,1,1,1
1500,3,1148,531,150,363,1,1,1
1500,4,1794,539,262,438,1,1,1
1500,5,2195,534,267,481,1,1,1
1500,7,2147,593,82,211,1,1,1
1500,10,662,532,66,198,1,1,1
1501,1,522,393,363,893,1,1,1
1501,2,1281,534,115,336,1,1,1
1501,3,1145,531,152,361,1,1,1
1501,4,1790,540,268,436,1,1,1
1501,5,2190,534,265,479,1,1,1
1501,7,2143,590,81,211,1,1,1
1501,10,656,531,65,197,1,1,1
1502,1,524,395,371,890,1,1,1
1502,2,1285,535,118,336,1,1,1
1502,3,1143,531,148,363,1,1,1
1502,4,1801,540,269,436,1,1,1
1502,5,2189,532,265,481,1,1,1
1502,7,2140,592,83,211,1,1,1
1503,1,525,396,378,889,1,1,1
1503,2,1289,535,120,336,1,1,1
1503,3,1140,531,144,363,1,1,1
1503,4,1811,539,269,436,1,1,1
1503,5,2186,530,264,482,1,1,1
1503,7,2137,593,83,210,1,1,1
1504,1,525,397,386,887,1,1,1
1504,2,1293,535,121,337,1,1,1
1504,3,1137,530,140,365,1,1,1
1504,4,1821,538,269,435,1,1,1
1504,5,2184,529,263,482,1,1,1
1504,7,2134,594,84,210,1,1,1
1505,1,526,399,393,884,1,1,1
1505,2,1296,536,124,336,1,1,1
1505,3,1135,530,135,365,1,1,1
1505,4,1831,537,270,435,1,1,1
1505,5,2182,527,262,483,1,1,1
1505,7,2130,595,86,209,1,1,1
1506,1,527,400,400,881,1,1,1
1506,2,1300,536,125,336,1,1,1
1506,3,1131,529,131,365,1,1,1
1506,4,1840,536,270,434,1,1,1
1506,5,2179,525,261,484,1,1,1
1506,7,2127,595,86,209,1,1,1
1507,1,527,400,402,880,1,1,1
1507,2,1301,537,125,337,1,1,1
1507,3,1132,529,124,366,1,1,1
1507,4,1862,535,258,435,1,1,1
1507,5,2178,525,260,482,1,1,1
1507,7,2125,594,86,210,1,1,1
1508,1,527,400,403,879,1,1,1
1508,2,1302,538,125,337,1,1,1
1508,3,1132,529,116,366,1,1,1
1508,4,1883,533,245,437,1,1,1
1508,5,2177,525,258,480,1,1,1
1508,7,2124,593,85,211,1,1,1
1509,1,527,400,404,878,1,1,1
1509,2,1303,539,125,336,1,1,1
1509,3,1132,528,108,366,1,1,1
1509,4,1904,531,232,438,1,1,1
1509,5,2175,525,256,479,1,1,1
1509,7,2122,591,85,212,1,1,1
1510,1,527,400,406,876,1,1,1
1510,2,1304,540,125,336,1,1,1
1510,3,1132,528,101,366,1,1,1
1510,4,1925,529,219,440,1,1,1
1510,5,2174,525,254,477,1,1,1
1510,7,2120,590,85,213,1,1,1
1511,1,527,400,406,875,1,1,1
1511,2,1304,540,125,336,1,1,1
1511,3,1131,527,93,365,1,1,1
1511,4,1945,527,206,440,1,1,1
1511,5,2172,525,252,475,1,1,1
1511,7,2118,588,84,213,1,1,1
1512,1,543,400,388,874,1,1,1
1512,2,1307,540,125,338,1,1,1
1512,3,1130,525,100,368,1,1,1
1512,4,1946,528,209,440,1,1,1
1512,5,2169,525,255,475,1,1,1
1512,7,2115,588,85,213,1,1,1
1513,1,558,400,371,873,1,1,1
1513,2,1310,540,124,339,1,1,1
1513,3,1129,524,105,369,1,1,1
1513,4,1946,528,213,439,1,1,1
1513,5,2165,525,257,475,1,1,1
1513,7,2113,587,85,213,1,1,1
1514,1,574,400,352,872,1,1,1
1514,2,1313,540,123,340,1,1,1
1514,3,1128,522,111,371,1,1,1
1514,4,1947,529,215,438,1,1,1
1514,5,2162,525,259,475,1,1,1
1514,7,2110,586,85,212,1,1,1
1515,1,589,400,334,871,1,1,1
1515,2,1315,539,124,342,1,1,1
1515,3,1126,520,117,373,1,1,1
1515,4,1947,529,218,437,1,1,1
1515,5,2158,525,262,475,1,1,1
1515,7,2107,585,86,212,1,1,1
1516,1,604,400,315,870,1,1,1
1516,2,1318,538,122,343,1,1,1
1516,3,1125,518,122,375,1,1,1
1516,4,1947,529,220,436,1,1,1
1516,5,2154,525,263,475,1,1,1
1516,7,2104,584,86,211,1,1,1
1516,10,634,525,75,200,1,1,1
1517,1,628,400,294,872,1,1,1
1517,2,1319,539,123,343,1,1,1
1517,3,1124,518,124,377,1,1,1
1517,4,1946,531,225,436,1,1,1
1517,5,2156,526,260,474,1,1,1
1517,7,2105,586,85,209,1,1,1
1517,10,632,524,74,202,1,1,1
1518,1,652,401,271,872,1,1,1
1518,2,1319,540,125,342,1,1,1
1518,3,1122,517,127,381,1,1,1
1518,4,1944,532,231,437,1,1,1
1518,5,2158,528,256,473,1,1,1
1518,7,2106,588,84,206,1,1,1
1518,10,630,522,73,206,1,1,1
1519,1,675,401,250,874,1,1,1
1519,2,1320,540,125,342,1,1,1
1519,3,1121,517,128,383,1,1,1
1519,4,1942,534,236,436,1,1,1
1519,5,2160,529,251,472,1,1,1
1519,7,2107,590,83,203,1,1,1
1519,10,629,521,71,208,1,1,1
1520,1,699,402,227,874,1,1,1
1520,2,1320,540,126,342,1,1,1
1520,3,1120,516,130,386,1,1,1
1520,4,1940,535,241,436,1,1,1
1520,5,2162,530,247,472,1,1,1
1520,7,2108,591,81,201,1,1,1
1520,10,627,520,69,210,1,1,1
1521,1,722,402,204,875,1,1,1
1521,2,1320,540,127,340,1,1,1
1521,3,1118,515,131,388,1,1,1
1521,4,1938,536,245,436,1,1,1
1521,5,2163,531,243,470,1,1,1
1521,7,2109,593,79,197,1,1,1
1521,10,625,518,68,213,1,1,1
1522,1,730,405,230,868,1,1,1
1522,2,1324,540,128,342,1,1,1
1522,3,1119,516,131,388,1,1,1
1522,4,1941,535,247,437,1,1,1
1522,5,2166,533,240,469,1,1,1
1522,7,2107,593,79,200,1,1,1
1522,10,625,520,67,211,1,1,1
1523,1,737,407,255,861,1,1,1
1523,2,1328,540,128,343,1,1,1
1523,3,1121,515,128,389,1,1,1
1523,4,1944,533,247,438,1,1,1
1523,5,2168,534,237,468,1,1,1
1523,7,2105,593,78,201,1,1,1
1523,10,624,522,67,208,1,1,1
1524,1,744,410,281,853,1,1,1
1524,2,1332,539,129,344,1,1,1
1524,3,1122,515,127,389,1,1,1
1524,4,1946,531,249,439,1,1,1
1524,5,2169,535,236,467,1,1,1
1524,7,2103,593,78,203,1,1,1
1524,10,624,523,67,207,1,1,1
1525,1,751,412,306,846,1,1,1
1525,2,1336,539,129,345,1,1,1
1525,3,1123,514,126,389,1,1,1
1525,4,1949,529,250,440,1,1,1
1525,5,2171,536,233,466,1,1,1
1525,7,2101,594,77,204,1,1,1
1525,10,623,525,67,204,1,1,1
1526,1,758,414,331,839,1,1,1
1526,2,1340,538,129,345,1,1,1
1526,3,1124,514,124,388,1,1,1
1526,4,1951,527,250,441,1,1,1
1526,5,2173,536,229,465,1,1,1
1526,7,2099,593,75,205,1,1,1
1526,10,622,526,66,201,1,1,1
1527,1,760,418,342,833,1,1,1
1527,2,1347,539,126,346,1,1,1
1527,3,1124,515,123,388,1,1,1
1527,4,1955,529,234,440,1,1,1
1527,5,2175,536,227,466,1,1,1
1527,7,2098,594,78,206,1,1,1
1527,10,622,527,66,202,1,1,1
1528,1,762,420,352,829,1,1,1
1528,2,1353,539,122,347,1,1,1
1528,3,1124,515,122,389,1,1,1
1528,4,1958,530,218,439,1,1,1
1528,5,2177,536,223,467,1,1,1
1528,7,2097,594,80,206,1,1,1
1528,10,621,528,66,201,1,1,1
1529,1,764,423,362,824,1,1,1
1529,2,1360,540,118,346,1,1,1
1529,3,1124,516,120,388,1,1,1
1529,4,1961,532,202,438,1,1,1
1529,5,2179,536,220,467,1,1,1
1529,7,2096,594,82,207,1,1,1
1529,10,620,528,65,202,1,1,1
1530,1,765,426,373,819,1,1,1
1530,2,1367,540,114,347,1,1,1
1530,3,1123,516,120,389,1,1,1
1530,4,1964,533,186,437,1,1,1
1530,5,2180,536,218,468,1,1,1
1530,7,2096,594,84,208,1,1,1
1530,10,619,529,65,201,1,1,1
1531,1,766,429,383,813,1,1,1
1531,2,1373,540,110,346,1,1,1
1531,3,1123,516,118,388,1,1,1
1531,4,1967,534,169,436,1,1,1
1531,5,2182,535,214,468,1,1,1
1531,7,2094,594,86,207,1,1,1
1531,10,617,528,65,201,1,1,1
1532,1,769,428,382,815,1,1,1
1532,2,1373,541,114,347,1,1,1
1532,3,1126,518,120,388,1,1,1
1532,4,1967,535,172,436,1,1,1
1532,5,2184,535,212,470,1,1,1
1532,7,2093,595,85,208,1,1,1
1532,10,617,529,66,202,1,1,1
1533,1,771,428,381,815,1,1,1
1533,2,1373,542,117,347,1,1,1
1533,3,1128,519,124,388,1,1,1
1533,4,1966,535,175,437,1,1,1
1533,5,2186,534,210,471,1,1,1
1533,7,2092,595,83,208,1,1,1
1533,10,617,529,66,202,1,1,1
1534,1,773,427,380,816,1,1,1
1534,2,1372,543,120,347,1,1,1
1534,3,1131,521,126,386,1,1,1
1534,4,1966,535,177,437,1,1,1
1534,5,2188,534,208,472,1,1,1
1534,7,2090,596,83,207,1,1,1
1534,10,616,529,66,202,1,1,1
1535,1,775,426,379,818,1,1,1
1535,2,1372,544,123,346,1,1,1
1535,3,1133,522,129,386,1,1,1
1535,4,1965,536,180,437,1,1,1
1535,5,2190,533,206,473,1,1,1
1535,7,2089,596,81,208,1,1,1
1535,10,615,528,67,204,1,1,1
1536,1,776,425,378,818,1,1,1
1536,2,1371,544,126,346,1,1,1
1536,3,1135,523,131,385,1,1,1
1536,4,1964,535,181,437,1,1,1
1536,5,2191,532,203,473,1,1,1
1536,7,2087,596,80,207,1,1,1
1536,10,614,528,66,203,1,1,1
1537,1,795,425,360,819,1,1,1
1537,2,1372,544,126,347,1,1,1
1537,3,1138,525,137,384,1,1,1
1537,4,1965,536,178,438,1,1,1
1537,5,2197,533,197,474,1,1,1
1537,7,2087,597,80,207,1,1,1
1537,10,615,529,66,203,1,1,1
1538,1,814,425,340,819,1,1,1
1538,2,1373,544,126,347,1,1,1
1538,3,1139,526,145,382,1,1,1
1538,4,1965,536,174,438,1,1,1
1538,5,2202,533,191,474,1,1,1
1538,7,2087,598,79,207,1,1,1
1538,10,615,529,66,203,1,1,1
1539,1,833,425,321,820,1,1,1
1539,2,1373,544,126,346,1,1,1
1539,3,1141,528,151,380,1,1,1
1539,4,1965,536,171,439,1,1,1
1539,5,2208,533,184,475,1,1,1
1539,7,2087,598,79,207,1,1,1
1539,10,615,530,65,201,1,1,1
1540,1,852,426,301,819,1,1,1
1540,2,1373,545,126,345,1,1,1
1540,3,1143,530,158,378,1,1,1
1540,4,1966,537,167,438,1,1,1
1540,5,2213,533,178,475,1,1,1
1540,7,2087,599,78,207,1,1,1
1540,10,615,530,65,201,1,1,1
1541,1,870,425,282,819,1,1,1
1541,2,1373,544,126,345,1,1,1
1541,3,1144,531,164,375,1,1,1
1541,4,1965,536,163,439,1,1,1
1541,5,2218,533,171,475,1,1,1
1541,7,2087,599,77,206,1,1,1
1541,10,615,530,64,200,1,1,1
1542,1,896,426,276,819,1,1,1
1542,2,1377,545,129,345,1,1,1
1542,3,1146,531,164,377,1,1,1
1542,4,1963,537,166,439,1,1,1
1542,5,2219,533,171,475,1,1,1
1542,7,2087,599,78,207,1,1,1
1542,10,615,531,65,201,1,1,1
1543,1,921,427,269,818,1,1,1
1543,2,1380,544,133,346,1,1,1
1543,3,1148,530,162,378,1,1,1
1543,4,1961,537,169,440,1,1,1
1543,5,2220,534,170,475,1,1,1
1543,7,2086,600,79,207,1,1,1
1543,10,615,531,65,201,1,1,1
1544,1,947,428,262,817,1,1,1
1544,2,1383,544,136,346,1,1,1
1544,3,1149,530,162,378,1,1,1
1544,4,1958,537,172,440,1,1,1
1544,5,2221,534,169,475,1,1,1
1544,7,2086,600,79,207,1,1,1
1544,10,615,530,65,202,1,1,1
1545,1,972,429,256,816,1,1,1
1545,2,1386,544,140,345,1,1,1
1545,3,1151,529,160,380,1,1,1
1545,4,1955,537,175,440,1,1,1
1545,5,2222,534,168,475,1,1,1
1545,7,2085,600,80,207,1,1,1
1545,10,615,530,65,203,1,1,1
1546,1,997,429,249,815,1,1,1
1546,2,1389,544,143,344,1,1,1
1546,3,1152,528,159,380,1,1,1
1546,4,1952,536,177,441,1,1,1
1546,5,2222,534,167,474,1,1,1
1546,7,2084,600,80,206,1,1,1
1546,10,615,530,65,202,1,1,1
1547,1,1001,430,261,815,1,1,1
1547,2,1398,544,135,345,1,1,1
1547,3,1160,529,152,381,1,1,1
1547,4,1950,537,176,440,1,1,1
1547,5,2224,535,165,474,1,1,1
1547,7,2082,601,82,207,1,1,1
1547,10,615,529,66,204,1,1,1
1548,1,1005,431,272,814,1,1,1
1548,2,1407,544,127,344,1,1,1
1548,3,1167,530,146,381,1,1,1
1548,4,1948,538,174,439,1,1,1
1548,5,2224,536,165,473,1,1,1
1548,7,2080,600,83,207,1,1,1
1548,10,615,528,67,205,1,1,1
1549,1,1009,432,283,813,1,1,1
1549,2,1416,544,119,343,1,1,1
1549,3,1174,531,140,381,1,1,1
1549,4,1946,538,172,438,1,1,1
1549,5,2225,537,163,472,1,1,1
1549,7,2077,600,85,207,1,1,1
1549,10,614,527,69,205,1,1,1
1550,1,1012,433,296,812,1,1,1
1550,2,1425,543,111,344,1,1,1
1550,3,1181,531,134,382,1,1,1
1550,4,1943,538,170,438,1,1,1
1550,5,2226,538,161,471,1,1,1
1550,7,2075,600,85,207,1,1,1
1550,10,614,526,69,206,1,1,1
1551,1,1015,434,306,811,1,1,1
1551,2,1434,543,102,343,1,1,1
1551,3,1188,531,127,381,1,1,1
1551,4,1940,538,168,436,1,1,1
1551,5,2227,538,159,470,1,1,1
1551,7,2072,600,86,206,1,1,1
1551,10,613,525,70,206,1,1,1
1552,1,1017,436,313,809,1,1,1
1552,2,1437,544,108,342,1,1,1
1552,3,1196,531,123,384,1,1,1
1552,4,1941,539,167,438,1,1,1
1552,5,2228,538,160,472,1,1,1
1552,7,2076,600,85,207,1,1,1
1552,10,614,525,70,208,1,1,1
1553,1,1019,438,318,807,1,1,1
1553,2,1440,544,113,342,1,1,1
1553,3,1204,530,118,386,1,1,1
1553,4,1942,540,164,439,1,1,1
1553,5,2228,537,161,474,1,1,1
1553,7,2079,599,84,208,1,1,1
1553,10,614,525,69,210,1,1,1
1554,1,1020,440,325,805,1,1,1
1554,2,1442,545,119,341,1,1,1
1554,3,1212,529,113,389,1,1,1
1554,4,1942,540,163,440,1,1,1
1554,5,2229,536,161,476,1,1,1
1554,7,2082,599,83,208,1,1,1
1554,10,614,525,69,211,1,1,1
1555,1,1021,441,331,804,1,1,1
1555,2,1445,545,124,341,1,1,1
1555,3,1220,528,109,391,1,1,1
1555,4,1943,540,161,442,1,1,1
1555,5,2229,535,163,478,1,1,1
1555,7,2085,598,81,209,1,1,1
1555,10,614,525,68,212,1,1,1
1556,1,1022,443,336,802,1,1,1
1556,2,1447,545,129,340,1,1,1
1556,3,1227,527,104,393,1,1,1
1556,4,1943,540,159,443,1,1,1
1556,5,2229,534,163,479,1,1,1
1556,7,2088,597,79,209,1,1,1
1556,10,613,525,68,213,1,1,1
1557,1,1029,444,330,800,1,1,1
1557,2,1449,548,135,339,1,1,1
1557,3,1225,529,114,394,1,1,1
1557,4,1943,541,159,444,1,1,1
1557,5,2227,535,168,479,1,1,1
1557,7,2089,598,80,210,1,1,1
1557,10,613,526,69,212,1,1,1
1558,1,1035,444,323,798,1,1,1
1558,2,1450,551,140,336,1,1,1
1558,3,1224,531,122,395,1,1,1
1558,4,1942,542,159,445,1,1,1
1558,5,2225,536,172,479,1,1,1
1558,7,2089,599,80,210,1,1,1
1558,10,613,528,70,209,1,1,1
1559,1,1040,445,318,795,1,1,1
1559,2,1452,554,144,334,1,1,1
1559,3,1222,533,132,396,1,1,1
1559,4,1942,542,159,446,1,1,1
1559,5,2223,537,176,478,1,1,1
1559,7,2089,599,81,211,1,1,1
1559,10,612,529,71,207,1,1,1
1560,1,1046,445,311,793,1,1,1
1560,2,1453,556,150,332,1,1,1
1560,3,1220,535,141,396,1,1,1
1560,4,1941,543,159,447,1,1,1
1560,5,2220,538,180,477,1,1,1
1560,7,2089,600,81,210,1,1,1
1560,10,612,530,72,205,1,1,1
1561,1,1052,445,304,790,1,1,1
1561,2,1454,559,154,329,1,1,1
1561,3,1218,536,150,397,1,1,1
1561,4,1940,543,159,447,1,1,1
1561,5,2218,538,184,477,1,1,1
1561,7,2088,600,81,211,1,1,1
1561,10,611,531,72,202,1,1,1
1562,1,1073,446,286,787,1,1,1
1562,2,1455,559,152,328,1,1,1
1562,4,1941,544,159,448,1,1,1
1562,5,2220,540,180,475,1,1,1
1562,7,2088,602,82,210,1,1,1
1562,10,611,532,73,203,1,1,1
1563,1,1094,447,266,783,1,1,1
1563,2,1456,558,149,328,1,1,1
1563,4,1941,545,159,448,1,1,1
1563,5,2223,540,176,475,1,1,1
1563,7,2088,605,81,208,1,1,1
1563,10,611,532,72,204,1,1,1
1564,1,1115,448,247,779,1,1,1
1564,2,1457,558,147,327,1,1,1
1564,4,1941,546,159,448,1,1,1
1564,5,2225,541,172,474,1,1,1
1564,7,2087,607,81,207,1,1,1
1564,10,611,532,72,205,1,1,1
1565,1,1136,449,228,775,1,1,1
1565,2,1458,557,144,326,1,1,1
1565,4,1941,547,159,448,1,1,1
1565,5,2227,542,168,472,1,1,1
1565,7,2087,609,80,206,1,1,1
1565,10,611,532,71,206,1,1,1
1566,1,1156,450,209,770,1,1,1
1566,2,1459,556,140,325,1,1,1
1566,4,1940,547,159,447,1,1,1
1566,5,2229,543,163,470,1,1,1
1566,7,2086,611,79,204,1,1,1
1566,10,611,531,70,206,1,1,1
1567,1,1172,450,212,770,1,1,1
1567,2,1464,556,141,327,1,1,1
1567,4,1940,548,160,450,1,1,1
1567,5,2229,544,164,471,1,1,1
1567,7,2088,610,78,207,1,1,1
1567,10,613,533,69,206,1,1,1
1568,1,1188,450,213,769,1,1,1
1568,2,1469,556,140,328,1,1,1
1568,4,1939,548,162,453,1,1,1
1568,5,2229,545,163,471,1,1,1
1568,7,2090,610,77,208,1,1,1
1568,10,615,534,68,206,1,1,1
1569,1,1203,450,216,768,1,1,1
1569,2,1474,555,140,330,1,1,1
1569,4,1938,548,163,456,1,1,1
1569,5,2228,546,164,472,1,1,1
1569,7,2092,609,75,210,1,1,1
1569,10,617,535,66,205,1,1,1
1570,1,1219,450,218,767,1,1,1
1570,2,1479,555,139,330,1,1,1
1570,4,1937,548,165,458,1,1,1
1570,5,2228,547,163,472,1,1,1
1570,7,2094,608,74,212,1,1,1
1570,10,619,535,65,205,1,1,1
1571,1,1234,450,220,765,1,1,1
1571,2,1484,554,138,331,1,1,1
1571,4,1936,547,165,461,1,1,1
1571,5,2227,547,163,472,1,1,1
1571,7,2095,606,72,213,1,1,1
1571,10,620,536,63,204,1,1,1
1572,1,1234,451,230,763,1,1,1
1572,2,1491,555,134,331,1,1,1
1572,4,1935,548,166,460,1,1,1
1572,5,2226,548,163,472,1,1,1
1572,7,2094,607,75,213,1,1,1
1572,10,620,537,64,204,1,1,1
1573,1,1234,452,239,760,1,1,1
1573,2,1497,556,131,330,1,1,1
1573,4,1934,549,166,459,1,1,1
1573,5,2225,547,163,473,1,1,1
1573,7,2093,608,76,211,1,1,1
1573,10,620,537,64,203,1,1,1
1574,1,1233,453,250,756,1,1,1
1574,2,1503,557,128,329,1,1,1
1574,4,1933,550,165,457,1,1,1
1574,5,2224,547,163,473,1,1,1
1574,7,2092,609,78,210,1,1,1
1574,10,620,537,64,203,1,1,1
1575,1,1233,455,259,752,1,1,1
1575,2,1510,558,123,327,1,1,1
1575,4,1932,550,165,457,1,1,1
1575,5,2223,547,162,473,1,1,1
1575,7,2091,609,79,210,1,1,1
1575,10,619,537,65,203,1,1,1
1576,1,1232,455,268,749,1,1,1
1576,2,1516,559,119,326,1,1,1
1576,4,1930,551,165,455,1,1,1
1576,5,2222,546,161,473,1,1,1
1576,7,2090,609,80,208,1,1,1
1576,10,618,537,64,202,1,1,1
1577,1,1233,457,267,749,1,1,1
1577,2,1517,559,121,327,1,1,1
1577,4,1931,551,165,455,1,1,1
1577,5,2220,548,161,472,1,1,1
1577,7,2091,610,79,208,1,1,1
1577,10,619,537,65,202,1,1,1
1578,1,1234,459,265,747,1,1,1
1578,2,1518,560,122,326,1,1,1
1578,4,1932,550,163,456,1,1,1
1578,5,2218,549,161,471,1,1,1
1578,7,2091,610,79,207,1,1,1
1578,10,618,537,66,202,1,1,1
1579,1,1234,460,263,747,1,1,1
1579,2,1519,560,122,327,1,1,1
1579,4,1933,550,162,456,1,1,1
1579,5,2215,549,161,471,1,1,1
1579,7,2092,610,77,207,1,1,1
1579,10,618,537,66,202,1,1,1
1580,1,1234,462,261,746,1,1,1
1580,2,1520,561,123,326,1,1,1
1580,4,1934,549,160,457,1,1,1
1580,5,2213,550,161,470,1,1,1
1580,7,2093,610,76,207,1,1,1
1580,10,618,538,66,201,1,1,1
1581,1,1234,463,259,744,1,1,1
1581,2,1520,561,124,326,1,1,1
1581,4,1934,548,159,457,1,1,1
1581,5,2210,551,161,469,1,1,1
1581,7,2093,609,75,206,1,1,1
1581,10,617,537,65,201,1,1,1
1582,1,1242,463,266,744,1,1,1
1582,2,1521,562,124,326,1,1,1
1582,4,1930,548,164,458,1,1,1
1582,5,2211,552,158,469,1,1,1
1582,7,2092,610,76,206,1,1,1
1582,10,617,538,67,201,1,1,1
1583,1,1250,462,272,743,1,1,1
1583,2,1521,562,124,326,1,1,1
1583,4,1925,548,170,457,1,1,1
1583,5,2212,553,155,468,1,1,1
1583,7,2092,610,76,206,1,1,1
1583,10,617,538,67,202,1,1,1
1584,1,1258,462,279,741,1,1,1
1584,2,1521,563,124,325,1,1,1
1584,4,1920,548,175,457,1,1,1
1584,5,2213,554,152,467,1,1,1
1584,7,2091,610,77,206,1,1,1
1584,10,617,539,67,201,1,1,1
1585,1,1266,462,285,740,1,1,1
1585,2,1522,564,123,324,1,1,1
1585,4,1915,547,180,458,1,1,1
1585,5,2214,555,149,466,1,1,1
1585,7,2090,610,78,206,1,1,1
1585,10,617,539,67,202,1,1,1
1586,1,1273,461,291,738,1,1,1
1586,2,1521,564,123,323,1,1,1
1586,4,1909,546,186,457,1,1,1
1586,5,2214,555,145,465,1,1,1
1586,7,2089,609,79,206,1,1,1
1586,10,616,539,67,201,1,1,1
1587,1,1283,462,290,737,1,1,1
1587,2,1523,564,122,320,1,1,1
1587,4,1909,547,187,457,1,1,1
1587,5,2213,556,146,463,1,1,1
1587,7,2088,609,80,207,1,1,1
1587,10,616,539,67,202,1,1,1
1588,1,1293,463,288,735,1,1,1
1588,2,1525,563,119,318,1,1,1
1588,4,1908,547,189,458,1,1,1
1588,5,2212,556,145,461,1,1,1
1588,7,2088,609,80,207,1,1,1
1588,10,616,539,66,202,1,1,1
1589,1,1303,464,286,732,1,1,1
1589,2,1526,562,118,315,1,1,1
1589,4,1908,547,190,458,1,1,1
1589,5,2211,557,144,458,1,1,1
1589,7,2087,609,81,207,1,1,1
1589,10,616,539,66,201,1,1,1
1590,1,1313,464,283,731,1,1,1
1590,2,1527,561,116,312,1,1,1
1590,4,1907,547,191,458,1,1,1
1590,5,2209,557,144,455,1,1,1
1590,7,2087,608,81,208,1,1,1
1590,10,615,539,66,201,1,1,1