1 1 736 817 50 150
1 2 627 853 77 139
1 3 861 773 38 134
1 4 1148 709 42 128
1 5 611 616 53 82
1 6 636 542 33 87
1 7 692 572 29 88
1 8 728 561 33 89
1 9 774 573 28 87
1 10 768 563 27 85
1 11 745 557 35 83
1 12 700 372 25 42
1 13 689 362 27 48
1 14 637 346 22 42
1 15 626 342 20 42
1 16 1171 362 28 46
1 17 78 357 31 52
1 18 18 377 24 49
1 19 64 372 30 53
1 20 1405 335 20 42
1 21 1797 362 24 54
2 1 736 817 50 150
2 2 628 850 77 139
2 3 861 773 38 134
2 4 1148 709 42 128
2 5 611 616 53 82
2 6 638 542 33 87
2 7 692 572 29 88
2 8 728 561 33 89
2 9 773 572 28 87
2 10 768 563 27 85
2 11 745 557 35 83
2 12 699 376 25 42
2 13 687 363 24 47
2 14 633 348 24 39
2 15 625 342 19 43
2 16 1169 362 28 46
2 17 78 357 31 52
2 18 18 377 24 49
2 19 62 372 31 53
2 20 1404 335 20 42
2 21 1795 361 24 54
3 1 736 817 50 150
3 2 627 852 77 139
3 3 857 773 41 134
3 4 1149 709 42 128
3 5 611 616 53 82
3 6 635 542 33 87
3 7 692 572 29 88
3 8 728 561 33 89
3 9 772 571 29 91
3 10 768 563 27 85
3 11 745 557 35 83
3 12 695 375 24 41
3 13 685 363 25 49
3 14 631 348 24 39
3 15 623 342 19 43
3 16 1165 361 24 46
3 17 78 357 31 52
3 18 18 377 24 49
3 19 61 374 32 51
3 20 1404 335 20 42
3 21 1792 361 24 54
4 1 736 817 50 150
4 2 626 851 77 139
4 3 852 773 48 134
4 4 1147 709 44 130
4 5 611 616 53 82
4 6 635 542 33 87
4 7 692 572 29 88
4 8 728 561 33 89
4 9 773 570 28 89
4 10 768 563 27 84
4 11 745 557 35 83
4 12 692 372 19 45
4 13 682 364 24 45
4 14 629 349 23 38
4 15 621 342 19 44
4 16 1164 361 24 46
4 17 78 357 31 52
4 18 18 377 24 49
4 19 60 374 32 51
4 20 1403 335 20 42
4 21 1787 361 31 53
5 1 736 817 50 150
5 2 628 852 77 139
5 3 852 773 48 134
5 4 1147 709 46 130
5 5 611 616 53 82
5 6 637 542 33 87
5 7 692 572 29 88
5 8 728 561 33 89
5 9 772 570 29 91
5 10 767 563 29 83
5 11 745 557 35 83
5 12 689 372 22 43
5 13 680 363 24 45
5 14 626 349 24 39
5 15 620 343 19 43
5 16 1162 360 24 47
5 17 78 357 31 52
5 18 18 377 24 49
5 19 59 374 32 51
5 20 1401 334 20 43
5 21 1781 362 37 51
6 1 735 817 50 150
6 2 628 850 77 141
6 3 851 773 50 134
6 4 1147 709 46 130
6 5 611 616 53 82
6 6 636 542 32 87
6 7 692 572 29 88
6 8 728 561 33 89
6 9 773 573 29 86
6 10 767 563 29 83
6 11 745 557 35 83
6 12 689 370 22 45
6 13 676 362 24 45
6 14 626 349 20 40
6 15 618 343 20 42
6 16 1158 360 24 46
6 17 78 357 31 52
6 18 18 377 24 49
6 19 58 374 32 51
6 20 1401 334 21 43
6 21 1779 362 37 51
7 1 735 816 50 150
7 2 627 850 77 141
7 3 851 773 50 134
7 4 1147 709 47 132
7 5 611 616 53 82
7 6 637 541 33 87
7 7 692 572 29 88
7 8 728 561 33 89
7 9 774 572 29 88
7 10 767 563 29 83
7 11 745 557 35 83
7 12 687 371 22 45
7 13 674 361 24 46
7 14 624 348 19 40
7 15 616 343 21 41
7 16 1156 360 24 48
7 17 78 357 31 52
7 18 18 377 24 49
7 19 57 375 34 52
7 20 1401 335 20 42
7 21 1775 363 37 51
8 1 735 816 50 150
8 2 628 850 77 141
8 3 851 773 50 134
8 4 1147 709 47 132
8 5 611 615 53 82
8 6 638 542 33 87
8 7 692 571 29 88
8 8 728 561 33 89
8 9 773 571 28 87
8 10 767 563 29 83
8 11 745 557 35 83
8 12 683 371 25 44
8 13 672 361 24 47
8 14 622 347 19 39
8 15 612 342 23 42
8 16 1153 360 24 49
8 17 78 357 31 52
8 18 18 377 24 49
8 19 56 375 34 52
8 20 1395 334 25 43
8 21 1777 363 33 51
9 1 735 816 50 150
9 2 626 850 77 141
9 3 851 772 51 134
9 4 1147 709 47 132
9 5 611 615 53 82
9 6 637 541 32 87
9 7 692 571 29 88
9 8 728 561 33 89
9 9 774 572 28 87
9 10 767 563 29 83
9 11 745 557 35 83
9 12 678 372 29 45
9 13 670 363 25 47
9 14 619 346 24 40
9 15 611 342 23 42
9 16 1151 360 24 48
9 17 78 357 31 52
9 18 18 377 24 49
9 19 56 375 34 52
9 20 1395 334 25 43
9 21 1775 363 31 50
10 1 735 816 50 150
10 2 627 850 77 141
10 3 851 772 51 134
10 4 1148 709 47 133
10 5 611 615 53 82
10 6 638 541 30 87
10 7 692 571 29 88
10 8 728 560 33 89
10 9 773 570 28 87
10 10 767 563 29 83
10 11 745 557 35 83
10 12 675 372 30 45
10 13 668 363 25 47
10 14 617 346 25 41
10 15 609 342 22 41
10 16 1148 360 24 48
10 17 78 357 31 52
10 18 18 377 24 49
10 19 55 375 33 52
10 20 1391 334 27 44
10 21 1773 362 28 50
11 1 735 816 50 150
11 2 626 850 77 141
11 3 850 771 51 134
11 4 1148 709 47 131
11 5 611 615 53 82
11 6 637 541 30 87
11 7 692 571 29 88
11 8 728 560 33 89
11 9 774 571 28 87
11 10 767 563 29 83
11 11 745 557 35 83
11 12 674 373 29 45
11 13 666 362 24 49
11 14 615 346 27 41
11 15 608 342 22 43
11 16 1145 360 29 50
11 17 78 357 31 52
11 18 18 377 24 49
11 19 54 375 33 52
11 20 1391 334 27 44
11 21 1770 361 27 52
12 1 735 816 50 150
12 2 627 848 77 141
12 3 850 771 51 134
12 4 1148 709 50 129
12 5 611 615 53 82
12 6 638 542 29 85
12 7 692 571 29 88
12 8 728 560 33 89
12 9 773 572 30 86
12 10 768 563 29 83
12 11 745 557 35 83
12 12 672 371 27 45
12 13 664 363 24 48
12 14 614 346 24 41
12 15 607 342 22 43
12 16 1143 361 29 46
12 17 78 357 31 52
12 18 18 377 24 49
12 19 53 376 32 51
12 20 1390 334 27 44
12 21 1767 360 27 54
13 1 735 816 50 150
13 2 627 850 77 141
13 3 850 772 51 134
13 4 1148 709 51 129
13 5 611 615 53 82
13 6 636 541 34 87
13 7 692 571 29 88
13 8 728 560 33 89
13 9 772 572 30 86
13 10 767 563 29 83
13 11 745 557 35 83
13 12 670 372 25 44
13 13 662 364 25 46
13 14 612 346 24 42
13 15 604 342 23 44
13 16 1141 361 29 46
13 17 78 357 31 52
13 18 18 377 24 49
13 19 55 375 33 52
13 20 1388 334 27 44
13 21 1766 359 25 55
14 1 735 816 50 150
14 2 627 849 77 141
14 3 849 772 51 134
14 4 1149 709 53 126
14 5 611 615 53 82
14 6 637 541 33 87
14 7 692 571 29 88
14 8 728 560 33 89
14 9 772 570 30 86
14 10 768 563 29 83
14 11 745 557 35 83
14 12 668 372 25 44
14 13 660 364 24 47
14 14 610 346 24 43
14 15 603 342 23 44
14 16 1140 361 22 47
14 17 78 357 31 52
14 18 18 377 24 49
14 19 54 375 27 52
14 20 1388 334 27 43
14 21 1764 358 25 55
15 1 735 816 50 150
15 2 627 850 77 141
15 3 848 771 51 135
15 4 1150 714 53 122
15 5 610 613 53 82
15 6 638 541 31 87
15 7 692 571 29 88
15 8 728 560 33 89
15 9 771 571 31 88
15 10 768 563 29 83
15 11 745 557 35 83
15 12 667 372 23 45
15 13 658 364 24 46
15 14 608 346 25 42
15 15 600 342 23 44
15 16 1137 360 22 48
15 17 78 357 31 52
15 18 17 376 24 49
15 19 53 375 27 52
15 20 1388 334 27 43
15 21 1759 358 28 55
16 1 735 816 50 149
16 2 626 848 77 141
16 3 848 771 51 134
16 4 1150 714 53 118
16 5 610 613 53 82
16 6 636 541 33 87
16 7 692 571 29 88
16 8 728 560 33 89
16 9 772 570 30 86
16 10 768 562 29 84
16 11 745 557 35 83
16 12 666 371 22 45
16 13 654 366 24 42
16 14 607 346 25 42
16 15 598 342 23 45
16 16 1134 360 22 47
16 17 78 357 31 52
16 18 17 376 24 49
16 19 53 375 27 53
16 20 1387 334 27 42
16 21 1753 358 32 54
17 1 735 816 50 149
17 2 628 849 77 141
17 3 848 771 51 135
17 4 1150 715 55 119
17 5 610 613 53 82
17 6 637 541 30 87
17 7 692 571 29 88
17 8 728 560 33 89
17 9 771 570 31 88
17 10 768 562 29 84
17 11 745 557 35 83
17 12 664 371 24 45
17 13 652 365 24 44
17 14 605 345 23 45
17 15 594 340 25 46
17 16 1132 357 22 49
17 17 78 357 31 52
17 18 17 376 24 50
17 19 51 375 28 53
17 20 1386 334 24 42
17 21 1751 358 35 54
18 1 735 816 50 149
18 2 628 849 77 141
18 3 847 770 51 135
18 4 1150 715 55 119
18 5 610 613 53 82
18 6 638 540 32 87
18 7 692 571 29 88
18 8 729 560 32 89
18 9 772 570 32 89
18 10 768 562 29 84
18 11 745 557 35 83
18 12 662 370 24 46
18 13 650 364 23 46
18 14 603 345 21 44
18 15 592 340 25 46
18 16 1129 356 24 51
18 17 78 357 31 52
18 18 17 376 24 49
18 19 50 375 28 53
18 20 1388 334 22 44
18 21 1749 359 36 52
19 1 735 816 50 149
19 2 628 849 77 141
19 3 847 770 52 135
19 4 1151 716 55 118
19 5 610 613 53 82
19 6 636 541 31 87
19 7 692 571 29 88
19 8 729 560 32 89
19 9 772 571 31 88
19 10 768 562 29 84
19 11 745 557 35 82
19 12 659 370 24 46
19 13 649 364 20 48
19 14 602 345 23 45
19 15 591 340 25 46
19 16 1126 356 24 51
19 17 78 357 31 52
19 18 17 376 24 49
19 19 48 375 28 53
19 20 1388 334 22 44
19 21 1750 360 32 52
20 1 735 816 50 149
20 2 628 849 77 141
20 3 851 769 50 136
20 4 1154 716 52 119
20 5 610 613 53 82
20 6 635 542 33 87
20 7 692 571 29 88
20 8 729 560 32 89
20 9 775 571 28 86
20 10 768 562 29 84
20 11 745 557 35 82
20 12 657 370 27 48
20 13 647 364 20 48
20 14 599 344 23 46
20 15 590 342 27 44
20 16 1124 356 24 52
20 17 78 357 31 52
20 18 17 376 24 49
20 19 47 375 28 53
20 20 1386 333 22 44
20 21 1748 360 30 51
21 1 735 817 50 149
21 2 628 849 77 141
21 3 851 769 50 136
21 4 1154 716 52 119
21 5 610 613 53 82
21 6 635 540 33 87
21 7 692 571 29 88
21 8 729 560 32 89
21 9 772 571 30 86
21 10 768 562 29 84
21 11 745 557 35 82
21 12 655 370 27 49
21 13 645 364 24 48
21 14 597 346 27 42
21 15 589 342 27 44
21 16 1121 356 25 51
21 17 78 357 31 52
21 18 17 376 24 49
21 19 46 375 31 52
21 20 1386 333 19 43
21 21 1746 360 28 50
22 1 735 816 50 149
22 2 628 848 77 141
22 3 851 768 50 136
22 4 1154 716 50 119
22 5 610 613 53 82
22 6 637 540 33 87
22 7 692 571 29 88
22 8 730 560 32 89
22 9 773 570 31 88
22 10 769 561 28 85
22 11 746 557 35 82
22 12 652 370 28 50
22 13 639 363 28 50
22 14 595 348 24 42
22 15 586 342 24 45
22 16 1119 357 27 49
22 17 78 357 31 52
22 18 17 376 24 49
22 19 45 375 31 52
22 20 1385 333 19 43
22 21 1744 359 28 50
23 1 735 817 49 148
23 2 628 848 77 141
23 3 851 768 50 137
23 4 1154 716 50 124
23 5 610 613 53 82
23 6 637 541 33 87
23 7 692 571 29 88
23 8 730 560 32 89
23 9 772 571 31 88
23 10 767 561 30 86
23 11 746 557 35 82
23 12 650 370 28 49
23 13 637 364 28 50
23 14 594 348 24 42
23 15 585 342 24 45
23 16 1117 358 27 48
23 17 78 357 31 52
23 18 17 375 24 49
23 19 44 375 31 53
23 20 1384 333 19 43
23 21 1741 359 28 49
24 1 735 817 49 148
24 2 628 848 77 141
24 3 851 768 50 137
24 4 1154 716 50 124
24 5 610 613 53 82
24 6 638 540 32 87
24 7 692 571 29 88
24 8 730 560 32 89
24 9 773 571 30 87
24 10 767 561 30 86
24 11 746 557 35 82
24 12 649 370 25 48
24 13 637 366 22 46
24 14 592 349 24 41
24 15 584 343 23 45
24 16 1115 358 23 48
24 17 78 357 31 52
24 18 17 376 24 49
24 19 43 375 32 53
24 20 1380 333 23 43
24 21 1739 358 28 50
25 1 735 817 49 148
25 2 628 848 77 141
25 3 851 768 50 137
25 4 1155 716 49 125
25 5 610 613 53 82
25 6 635 542 33 87
25 7 693 571 29 88
25 8 730 560 32 89
25 9 774 570 30 87
25 10 767 562 30 85
25 11 746 557 34 82
25 12 647 371 24 47
25 13 635 366 22 46
25 14 590 350 24 40
25 15 582 343 23 43
25 16 1112 358 23 48
25 17 78 357 31 52
25 18 17 375 24 49
25 19 42 375 31 52
25 20 1379 333 23 43
25 21 1736 357 28 51
26 1 735 817 49 148
26 2 629 848 77 141
26 3 850 767 51 137
26 4 1155 716 49 125
26 5 610 613 53 82
26 6 636 540 33 87
26 7 693 571 29 88
26 8 730 560 32 89
26 9 774 570 29 88
26 10 767 562 30 85
26 11 746 557 34 81
26 12 645 371 20 48
26 13 634 367 22 46
26 14 587 350 24 40
26 15 580 342 23 44
26 16 1111 357 20 49
26 17 78 357 31 52
26 18 17 375 24 49
26 19 41 380 28 47
26 20 1379 333 23 43
26 21 1735 358 27 50
27 1 735 817 49 148
27 2 629 848 77 141
27 3 850 767 51 138
27 4 1154 716 49 126
27 5 610 613 53 82
27 6 636 541 33 87
27 7 693 570 29 88
27 8 730 560 32 89
27 9 773 569 31 88
27 10 769 562 29 83
27 11 747 557 34 81
27 12 643 371 19 49
27 13 632 366 22 48
27 14 586 349 24 42
27 15 578 342 23 44
27 16 1108 357 20 51
27 17 78 357 31 52
27 18 17 375 24 49
27 19 41 375 31 52
27 20 1375 333 25 43
27 21 1728 358 32 51
28 1 735 817 49 148
28 2 629 848 77 141
28 3 847 766 54 139
28 4 1155 716 48 127
28 5 611 613 53 82
28 6 639 540 33 87
28 7 693 570 29 88
28 8 729 560 33 89
28 9 773 569 30 88
28 10 769 562 29 83
28 11 747 562 34 75
28 12 641 370 20 48
28 13 630 365 22 49
28 14 584 349 23 41
28 15 576 342 24 45
28 16 1106 356 21 50
28 17 78 357 31 52
28 18 17 375 24 49
28 19 40 375 32 53
28 20 1375 333 28 44
28 21 1726 358 32 51
29 1 735 817 49 148
29 2 629 848 77 141
29 3 845 765 54 139
29 4 1154 716 48 128
29 5 611 612 53 82
29 6 635 542 33 87
29 7 693 570 29 88
29 8 729 560 33 89
29 9 774 569 30 89
29 10 769 562 29 83
29 11 747 562 34 75
29 12 638 371 21 47
29 13 626 364 24 49
29 14 582 348 24 42
29 15 574 342 24 46
29 16 1103 355 21 51
29 17 78 357 31 52
29 18 17 375 24 49
29 19 40 375 32 53
29 20 1374 333 28 44
29 21 1723 359 32 51
30 1 735 817 49 147
30 2 629 848 77 141
30 3 844 765 56 139
30 4 1155 716 45 128
30 5 611 612 53 82
30 6 639 541 33 87
30 7 693 570 29 88
30 8 729 560 33 89
30 9 774 569 30 86
30 10 769 562 29 83
30 11 747 562 34 75
30 12 636 371 23 47
30 13 624 364 23 48
30 14 580 349 24 42
30 15 572 342 24 46
30 16 1097 356 24 50
30 17 78 357 31 52
30 18 17 375 24 49
30 19 37 374 32 54
30 20 1374 333 25 44
30 21 1725 359 31 48
31 1 735 817 49 147
31 2 628 849 78 140
31 3 841 767 60 136
31 4 1154 716 43 129
31 5 611 612 53 82
31 6 638 540 33 87
31 7 693 570 29 88
31 8 729 560 33 89
31 9 773 568 30 88
31 10 769 562 29 83
31 11 747 562 34 75
31 12 634 371 23 47
31 13 622 364 23 49
31 14 579 347 24 42
31 15 571 342 24 45
31 16 1094 356 31 51
31 17 78 357 31 52
31 18 17 375 24 49
31 19 37 374 27 53
31 20 1376 333 24 45
31 21 1723 359 31 48
32 1 735 817 49 147
32 2 628 845 78 144
32 3 839 771 60 136
32 4 1153 716 44 131
32 5 611 612 53 82
32 6 639 540 30 87
32 7 693 570 30 91
32 8 729 560 33 89
32 9 774 568 30 88
32 10 769 562 29 83
32 11 747 562 34 75
32 12 632 371 24 45
32 13 619 364 27 51
32 14 577 347 24 43
32 15 569 343 24 44
32 16 1092 356 29 52
32 17 78 357 31 52
32 18 17 375 24 49
32 19 37 374 27 53
32 20 1374 333 23 45
32 21 1722 358 25 49
33 1 735 817 49 147
33 2 628 845 78 144
33 3 840 768 60 137
33 4 1152 716 44 130
33 5 611 612 53 82
33 6 639 541 29 87
33 7 693 570 27 92
33 8 729 560 33 89
33 9 773 568 30 89
33 10 769 562 29 83
33 11 747 562 34 75
33 12 629 372 27 46
33 13 617 365 27 51
33 14 575 348 24 42
33 15 567 344 24 43
33 16 1090 358 25 49
33 17 78 357 31 52
33 18 17 376 24 48
33 19 36 374 24 53
33 20 1373 333 23 45
33 21 1719 357 24 49
34 1 735 817 49 147
34 2 628 847 78 142
34 3 839 768 60 137
34 4 1149 716 47 130
34 5 611 612 53 82
34 6 638 540 32 87
34 7 693 570 27 92
34 8 729 560 33 89
34 9 772 566 30 90
34 10 769 562 29 83
34 11 747 561 34 76
34 12 627 373 24 45
34 13 614 365 30 48
34 14 573 348 27 40
34 15 565 343 22 43
34 16 1088 359 25 49
34 17 78 357 31 52
34 18 18 375 24 48
34 19 34 374 24 53
34 20 1373 333 23 45
34 21 1716 356 24 51
35 1 735 817 49 147
35 2 628 847 78 142
35 3 840 766 60 141
35 4 1142 716 54 131
35 5 611 612 53 82
35 6 639 540 30 87
35 7 693 570 27 92
35 8 729 560 33 89
35 9 774 571 29 86
35 10 770 562 29 83
35 11 747 561 34 76
35 12 625 374 24 44
35 13 612 366 29 48
35 14 572 348 24 42
35 15 563 343 22 44
35 16 1089 358 21 50
35 17 78 357 31 52
35 18 18 375 24 48
35 19 34 374 24 53
35 20 1373 333 17 44
35 21 1714 355 24 52
36 1 735 817 49 147
36 2 628 847 78 142
36 3 839 768 60 141
36 4 1136 716 60 126
36 5 611 612 53 82
36 6 638 540 31 87
36 7 693 570 27 92
36 8 729 560 33 89
36 9 773 571 30 86
36 10 770 562 29 83
36 11 747 561 34 75
36 12 623 374 22 46
36 13 610 367 25 48
36 14 571 348 23 44
36 15 561 343 23 44
36 16 1087 357 19 51
36 17 78 357 31 52
36 18 18 375 24 49
36 19 33 374 24 55
36 20 1372 333 17 44
36 21 1710 354 27 52
37 1 735 817 49 147
37 2 628 847 78 142
37 3 840 767 60 141
37 4 1134 716 62 126
37 5 611 612 53 82
37 6 637 540 32 85
37 7 693 570 27 92
37 8 729 560 33 88
37 9 773 571 30 87
37 10 770 562 29 83
37 11 747 565 34 72
37 12 621 374 19 46
37 13 608 367 24 49
37 14 570 348 20 43
37 15 560 342 23 45
37 16 1085 356 19 52
37 17 78 357 31 52
37 18 19 375 24 49
37 19 32 374 24 55
37 20 1371 330 18 47
37 21 1708 354 27 52
38 1 735 817 49 148
38 2 628 847 78 142
38 3 839 763 60 141
38 4 1134 716 62 126
38 5 611 612 53 82
38 6 637 540 33 87
38 7 693 570 27 92
38 8 729 560 33 88
38 9 775 570 28 88
38 10 770 562 29 83
38 11 747 565 34 72
38 12 616 374 22 46
38 13 607 366 27 48
38 14 565 347 23 42
38 15 557 342 24 44
38 16 1081 356 19 52
38 17 78 357 31 52
38 18 19 375 24 48
38 19 30 374 27 55
38 20 1370 330 18 47
38 21 1700 354 33 51
39 1 735 817 49 147
39 2 628 847 78 142
39 3 842 765 60 141
39 4 1133 716 63 126
39 5 611 612 53 82
39 6 636 541 33 87
39 7 693 570 27 92
39 8 729 560 33 88
39 9 775 570 28 88
39 10 770 561 29 83
39 11 747 565 34 72
39 12 614 373 23 46
39 13 603 366 30 48
39 14 563 346 24 44
39 15 556 342 24 44
39 16 1079 356 23 49
39 17 78 357 31 52
39 18 19 375 24 49
39 19 28 374 31 57
39 20 1367 330 21 47
39 21 1698 354 33 51
40 1 735 816 49 147
40 2 628 847 78 142
40 3 841 763 60 141
40 4 1133 716 63 126
40 5 611 612 53 82
40 6 636 540 32 87
40 7 693 570 27 92
40 8 729 560 33 88
40 9 775 570 28 88
40 10 769 561 29 83
40 11 747 565 34 72
40 12 612 372 23 46
40 13 601 365 27 49
40 14 561 346 24 44
40 15 553 342 24 47
40 16 1076 356 23 50
40 17 78 357 31 52
40 18 20 375 25 51
40 19 27 374 32 57
40 20 1366 330 21 47
40 21 1695 355 33 51
41 1 735 816 49 148
41 2 628 847 78 142
41 3 841 766 60 141
41 4 1135 716 61 126
41 5 611 612 53 82
41 6 638 540 33 87
41 7 693 570 27 92
41 8 729 560 33 89
41 9 775 570 28 88
41 10 769 561 29 83
41 11 747 565 34 72
41 12 610 372 27 47
41 13 599 365 25 48
41 14 559 346 24 44
41 15 552 342 24 47
41 16 1074 356 23 49
41 17 78 357 31 52
41 18 19 375 27 51
41 19 27 374 32 57
41 20 1366 330 21 47
41 21 1696 355 30 51
42 1 735 816 49 148
42 2 628 846 78 142
42 3 842 765 57 138
42 4 1138 716 58 126
42 5 611 612 53 82
42 6 635 540 33 87
42 7 693 570 27 92
42 8 729 560 33 89
42 9 775 570 28 88
42 10 769 561 29 83
42 11 747 565 34 72
42 12 608 372 28 47
42 13 597 365 28 50
42 14 558 346 24 45
42 15 551 344 24 45
42 16 1068 356 30 52
42 17 78 357 31 52
42 18 19 375 27 51
42 19 24 374 31 56
42 20 1362 330 25 45
42 21 1694 356 29 50
43 1 735 815 49 148
43 2 628 846 78 142
43 3 846 764 54 139
43 4 1140 716 56 126
43 5 612 612 52 82
43 6 636 540 33 87
43 7 693 570 27 92
43 8 731 560 31 89
43 9 775 570 28 88
43 10 770 561 29 83
43 11 748 565 34 72
43 12 604 372 30 48
43 13 595 365 28 50
43 14 556 346 24 48
43 15 550 344 20 44
43 16 1066 356 28 52
43 17 78 357 31 52
43 18 18 374 27 53
43 19 24 378 30 52
43 20 1362 330 25 45
43 21 1695 355 25 51
44 1 735 815 50 149
44 2 628 846 78 142
44 3 846 764 54 139
44 4 1140 716 56 126
44 5 612 612 52 82
44 6 638 540 33 87
44 7 693 570 27 92
44 8 731 560 31 89
44 9 775 570 28 88
44 10 770 561 29 83
44 11 748 565 34 72
44 12 602 372 30 49
44 13 592 366 28 51
44 14 555 347 24 46
44 15 549 345 19 45
44 16 1064 356 28 49
44 17 78 357 31 52
44 18 18 377 25 48
44 19 24 378 30 52
44 20 1361 330 25 45
44 21 1693 354 24 52
45 1 736 815 49 148
45 2 628 846 78 142
45 3 846 764 54 139
45 4 1140 717 56 130
45 5 612 612 52 82
45 6 638 539 33 87
45 7 693 570 27 92
45 8 731 560 31 89
45 9 775 570 28 88
45 10 770 561 29 82
45 11 748 565 34 72
45 12 600 373 30 48
45 13 589 365 28 49
45 14 551 349 25 42
45 15 546 346 21 42
45 16 1062 356 24 49
45 17 78 357 31 52
45 18 20 373 27 51
45 19 22 378 29 53
45 20 1359 330 25 45
45 21 1691 353 23 52
46 1 736 814 47 149
46 2 628 846 78 142
46 3 845 763 54 140
46 4 1143 717 53 134
46 5 612 612 52 82
46 6 637 542 32 86
46 7 693 570 27 92
46 8 731 560 31 89
46 9 775 570 28 88
46 10 770 561 29 83
46 11 748 565 34 72
46 12 598 374 29 48
46 13 587 366 29 50
46 14 548 349 27 43
46 15 544 346 21 42
46 16 1060 358 22 47
46 17 78 357 31 52
46 18 20 373 27 51
46 19 22 378 29 53
46 20 1358 330 25 45
46 21 1689 352 21 52
47 1 736 814 46 149
47 2 628 846 78 142
47 3 845 763 55 140
47 4 1143 717 53 134
47 5 612 612 52 82
47 6 636 540 31 87
47 7 693 570 27 92
47 8 731 560 31 89
47 9 775 570 28 88
47 10 770 561 29 83
47 11 751 565 32 71
47 12 597 374 27 47
47 13 585 367 28 49
47 14 546 349 25 43
47 15 542 346 21 43
47 16 1057 358 22 47
47 17 78 357 31 52
47 18 19 373 27 51
47 19 19 378 25 52
47 20 1359 330 24 45
47 21 1686 351 21 53
48 1 736 813 45 150
48 2 628 846 78 142
48 3 843 763 57 140
48 4 1144 718 53 135
48 5 612 612 51 82
48 6 638 540 30 85
48 7 693 570 27 92
48 8 732 560 30 89
48 9 775 570 28 88
48 10 769 561 29 84
48 11 751 565 34 70
48 12 595 375 24 46
48 13 583 367 25 49
48 14 544 349 24 44
48 15 540 346 21 41
48 16 1055 357 22 47
48 17 78 357 31 52
48 18 19 373 28 52
48 19 18 378 25 52
48 20 1358 330 24 45
48 21 1683 351 25 54
49 1 736 813 48 150
49 2 628 845 78 142
49 3 843 763 53 140
49 4 1146 718 49 136
49 5 612 612 51 82
49 6 637 540 32 86
49 7 693 570 27 92
49 8 732 560 30 89
49 9 775 570 28 88
49 10 769 561 29 84
49 11 751 565 34 70
49 12 593 375 21 45
49 13 581 367 25 48
49 14 542 349 24 45
49 15 538 346 20 41
49 16 1052 357 24 48
49 17 78 357 31 52
49 18 20 373 27 52
49 19 18 378 27 53
49 20 1359 330 24 45
49 21 1680 351 27 51
50 1 736 812 46 151
50 2 628 845 78 143
50 3 843 763 49 140
50 4 1147 718 49 136
50 5 612 612 51 82
50 6 636 541 32 88
50 7 693 570 28 90
50 8 732 560 30 89
50 9 775 570 28 88
50 10 769 561 29 83
50 11 751 565 35 71
50 12 590 374 23 46
50 13 579 366 24 48
50 14 540 349 24 42
50 15 536 346 20 41
50 16 1050 356 24 48
50 17 78 357 31 52
50 18 20 373 27 51
50 19 15 378 27 54
50 20 1357 330 22 44
50 21 1675 351 30 50
51 1 736 812 48 151
51 2 629 845 78 143
51 3 843 763 46 140
51 4 1147 719 49 136
51 5 612 612 51 82
51 6 637 540 33 87
51 7 693 570 28 90
51 8 732 560 30 89
51 9 775 570 28 88
51 10 769 561 29 84
51 11 751 565 35 71
51 12 588 374 24 48
51 13 577 366 24 48
51 14 540 346 23 46
51 15 535 347 20 39
51 16 1048 356 24 49
51 17 78 357 31 52
51 18 20 373 27 51
51 19 15 378 25 55
51 20 1357 330 22 44
51 21 1673 351 30 50
52 1 737 811 47 151
52 2 629 845 78 142
52 3 843 763 44 140
52 4 1150 719 46 135
52 5 612 612 51 82
52 6 637 540 35 87
52 7 693 570 28 90
52 8 730 560 32 89
52 9 775 570 28 87
52 10 769 561 29 83
52 11 753 565 33 71
52 12 586 374 24 48
52 13 573 365 25 48
52 14 539 348 25 44
52 15 532 344 23 45
52 16 1044 356 27 50
52 17 78 357 31 52
52 18 20 373 27 51
52 19 14 378 25 56
52 20 1357 330 21 45
52 21 1670 352 30 49
53 1 737 811 48 152
53 2 629 845 78 142
53 3 843 763 44 139
53 4 1151 719 46 139
53 5 612 611 51 82
53 6 638 539 33 87
53 7 693 570 28 90
53 8 730 560 32 89
53 9 775 570 28 87
53 10 769 561 29 83
53 11 753 565 35 71
53 12 584 374 24 48
53 13 571 365 25 48
53 14 538 348 24 45
53 15 531 344 23 45
53 16 1042 356 29 51
53 17 78 357 31 52
53 18 21 373 27 51
53 19 13 378 29 55
53 20 1357 330 16 45
53 21 1667 352 31 51
54 1 737 811 46 152
54 2 629 845 78 143
54 3 843 763 44 140
54 4 1153 721 42 138
54 5 612 608 53 85
54 6 638 540 33 87
54 7 693 570 28 90
54 8 730 560 32 89
54 9 775 570 28 87
54 10 769 561 29 83
54 11 754 565 34 71
54 12 582 374 25 47
54 13 568 365 29 49
54 14 537 348 23 44
54 15 528 345 23 45
54 16 1041 357 24 50
54 17 78 357 31 52
54 18 21 373 27 51
54 19 12 378 29 55
54 20 1356 330 16 45
54 21 1669 351 25 52
55 1 737 810 48 153
55 2 629 845 78 143
55 3 843 763 43 134
55 4 1154 721 42 138
55 5 612 607 50 86
55 6 638 539 30 86
55 7 693 569 28 91
55 8 730 559 32 89
55 9 775 570 28 87
55 10 769 561 29 83
55 11 754 562 34 74
55 12 577 375 29 47
55 13 566 365 29 51
55 14 532 349 27 42
55 15 526 345 19 47
55 16 1039 357 24 48
55 17 78 357 31 52
55 18 21 373 27 51
55 19 12 378 29 56
55 20 1356 330 16 45
55 21 1667 350 25 53
56 1 737 809 47 153
56 2 629 845 78 143
56 3 843 763 43 134
56 4 1154 722 42 137
56 5 612 608 51 85
56 6 638 539 33 87
56 7 693 569 28 91
56 8 730 559 32 89
56 9 775 570 28 87
56 10 769 561 29 83
56 11 754 562 37 74
56 12 575 376 27 46
56 13 564 365 30 52
56 14 529 349 27 44
56 15 523 345 20 45
56 16 1037 358 22 47
56 17 78 357 31 52
56 18 21 373 27 51
56 19 10 379 32 55
56 20 1350 330 21 46
56 21 1665 350 23 52
57 1 738 809 48 153
57 2 629 845 78 142
57 3 843 763 43 133
57 4 1154 723 42 137
57 5 612 605 50 88
57 6 639 540 29 83
57 7 693 569 28 91
57 8 730 559 32 89
57 9 775 570 28 87
57 10 768 560 29 84
57 11 756 562 35 74
57 12 573 377 25 45
57 13 561 369 30 48
57 14 525 349 27 42
57 15 522 345 20 45
57 16 1035 358 21 48
57 17 79 357 31 52
57 18 21 373 27 51
57 19 9 379 32 55
57 20 1350 330 21 46
57 21 1663 349 24 53
58 1 738 808 45 154
58 2 629 845 78 142
58 3 843 763 43 133
58 4 1155 723 42 136
58 5 612 604 50 89
58 6 639 539 30 88
58 7 693 569 28 91
58 8 730 559 32 89
58 9 775 570 28 87
58 10 769 561 29 83
58 11 756 562 37 74
58 12 573 379 23 45
58 13 559 370 28 48
58 14 525 351 27 41
58 15 521 345 20 45
58 16 1033 357 21 49
58 17 79 357 31 52
58 18 21 373 27 50
58 19 9 379 30 53
58 20 1343 330 27 43
58 21 1660 347 23 55
59 1 738 808 48 154
59 2 629 845 78 142
59 3 843 763 43 133
59 4 1153 723 46 134
59 5 612 604 50 89
59 6 639 540 29 84
59 7 693 569 28 91
59 8 730 560 32 89
59 9 775 570 28 87
59 10 769 561 29 83
59 11 756 562 37 74
59 12 571 379 20 43
59 13 557 370 28 48
59 14 523 350 24 42
59 15 518 345 20 45
59 16 1031 357 21 48
59 17 79 357 31 52
59 18 21 373 27 50
59 19 8 379 30 53
59 20 1343 330 27 43
59 21 1655 347 25 54
60 1 738 808 47 155
60 2 629 845 78 142
60 3 845 764 41 133
60 4 1153 723 46 136
60 5 615 603 47 89
60 6 641 542 28 82
60 7 693 569 28 91
60 8 730 560 32 88
60 9 775 570 28 87
60 10 769 562 29 82
60 11 756 562 37 74
60 12 569 379 20 44
60 13 556 370 25 47
60 14 521 350 24 44
60 15 516 344 21 46
60 16 1028 356 23 50
60 17 79 357 31 52
60 18 21 373 27 50
60 19 8 379 30 54
60 20 1342 330 30 44
60 21 1653 347 25 54
61 1 739 807 42 156
61 2 629 845 78 142
61 3 845 764 45 133
61 4 1153 725 46 134
61 5 615 602 45 90
61 6 638 539 29 85
61 7 693 569 28 91
61 8 731 560 31 88
61 9 775 570 28 87
61 10 769 561 29 83
61 11 756 560 40 76
61 12 564 375 25 49
61 13 554 370 24 48
61 14 520 347 24 47
61 15 514 345 24 46
61 16 1025 356 23 50
61 17 79 357 31 52
61 18 21 373 27 50
61 19 5 378 33 55
61 20 1342 330 30 44
61 21 1647 349 32 50
62 1 739 807 45 156
62 2 630 845 78 142
62 3 845 764 58 133
62 4 1153 725 46 134
62 5 615 600 46 92
62 6 637 540 31 86
62 7 693 569 28 91
62 8 733 560 29 88
62 9 775 570 28 87
62 10 770 562 29 82
62 11 756 560 40 76
62 12 562 374 27 50
62 13 550 369 27 48
62 14 518 347 28 46
62 15 514 345 24 47
62 16 1023 356 24 51
62 17 79 357 31 52
62 18 21 373 27 50
62 19 5 378 33 55
62 20 1341 330 30 43
62 21 1645 349 32 50
63 1 739 808 46 155
63 2 630 845 78 142
63 3 845 764 55 133
63 4 1154 726 46 134
63 5 615 601 46 91
63 6 639 540 32 85
63 7 694 569 28 91
63 8 733 560 29 88
63 9 775 570 28 87
63 10 769 562 29 82
63 11 758 560 38 76
63 12 560 373 28 51
63 13 548 369 25 46
63 14 517 347 27 47
63 15 513 345 22 46
63 16 1018 356 28 50
63 17 79 357 31 52
63 18 21 373 27 51
63 19 4 378 31 57
63 20 1343 330 28 43
63 21 1644 350 30 50
64 1 739 807 47 155
64 2 630 845 78 142
64 3 845 764 60 133
64 4 1154 726 46 134
64 5 615 599 44 93
64 6 640 539 33 87
64 7 694 569 28 91
64 8 733 560 29 88
64 9 775 570 28 87
64 10 769 562 29 82
64 11 758 560 38 76
64 12 558 372 28 51
64 13 546 369 27 48
64 14 512 348 29 46
64 15 508 344 23 47
64 16 1016 357 28 49
64 17 79 357 31 52
64 18 21 373 27 50
64 19 4 378 24 57
64 20 1343 330 28 43
64 21 1643 351 28 50
65 1 739 807 46 156
65 2 630 845 78 142
65 3 845 764 63 133
65 4 1154 726 46 134
65 5 615 599 44 93
65 6 639 539 31 85
65 7 694 569 28 91
65 8 733 560 29 88
65 9 775 570 28 87
65 10 769 562 29 82
65 11 760 560 43 72
65 12 555 374 28 50
65 13 543 369 28 48
65 14 513 349 24 45
65 15 507 344 23 47
65 16 1014 358 28 48
65 17 79 357 31 52
65 18 21 373 27 50
65 19 2 380 25 55
65 20 1342 330 23 43
65 21 1643 351 22 48
66 1 739 806 45 157
66 2 630 845 78 142
66 3 845 764 67 133
66 4 1155 726 47 134
66 5 615 597 44 95
66 6 637 540 33 86
66 7 694 569 28 91
66 8 733 559 29 88
66 9 776 570 28 87
66 10 769 561 29 83
66 11 760 560 43 72
66 12 553 374 32 50
66 13 541 369 28 50
66 14 509 350 25 45
66 15 504 344 24 49
66 16 1012 359 25 47
66 17 79 357 31 52
66 18 21 373 27 50
66 19 1 380 25 55
66 20 1342 330 23 43
66 21 1641 351 22 48
67 1 739 806 46 157
67 2 630 845 78 142
67 3 845 764 67 133
67 4 1155 726 47 134
67 5 615 597 44 95
67 6 638 539 30 85
67 7 694 569 28 91
67 8 733 559 29 89
67 9 776 570 28 87
67 10 768 560 30 85
67 11 763 560 43 73
67 12 551 374 31 50
67 13 539 370 28 50
67 14 508 351 24 46
67 15 502 345 23 48
67 16 1010 359 23 47
67 17 79 357 31 52
67 18 21 373 27 50
67 19 1 380 25 56
67 20 1341 330 23 43
67 21 1639 350 22 47
68 1 739 806 46 158
68 2 630 845 78 142
68 3 845 764 69 133
68 4 1156 727 47 134
68 5 615 597 42 95
68 6 639 540 29 84
68 7 694 569 28 91
68 8 734 559 29 89
68 9 776 570 28 87
68 10 770 562 29 82
68 11 765 559 43 76
68 12 549 376 29 49
68 13 535 370 30 50
68 14 506 351 24 43
68 15 502 344 23 47
68 16 1008 359 21 46
68 17 79 357 31 52
68 18 21 374 27 50
68 19 0 380 24 56
68 20 1341 330 22 43
68 21 1636 349 23 50
69 1 740 805 45 158
69 2 631 845 78 142
69 3 845 764 69 131
69 4 1156 727 47 137
69 5 615 595 42 97
69 6 641 541 28 83
69 7 694 569 28 91
69 8 732 559 31 89
69 9 776 570 28 87
69 10 770 562 29 82
69 11 765 559 43 76
69 12 547 377 29 49
69 13 533 371 30 50
69 14 502 351 24 43
69 15 501 344 23 47
69 16 1006 358 21 47
69 17 79 357 31 52
69 18 22 374 28 50
69 19 -1 380 24 56
69 20 1340 330 20 44
69 21 1634 348 23 51
70 1 740 805 44 158
70 2 631 845 78 142
70 3 845 764 69 131
70 4 1156 727 47 137
70 5 618 595 39 97
70 6 637 541 32 84
70 7 694 569 28 91
70 8 732 559 31 89
70 9 776 570 28 87
70 10 770 562 29 82
70 11 767 558 42 78
70 12 545 376 28 51
70 13 532 371 25 49
70 14 500 350 28 44
70 15 496 344 23 48
70 16 1003 358 24 48
70 17 79 357 31 52
70 18 22 374 28 50
70 19 -1 380 24 56
70 20 1340 330 20 44
70 21 1632 348 23 51
71 1 740 805 47 158
71 2 631 845 78 142
71 3 845 764 67 131
71 4 1157 728 47 137
71 5 618 594 38 98
71 6 637 541 32 84
71 7 694 569 28 91
71 8 730 559 33 89
71 9 776 570 28 87
71 10 770 563 28 81
71 11 772 558 37 76
71 12 544 376 22 50
71 13 530 371 25 49
71 14 498 350 29 46
71 15 495 344 24 47
71 16 1001 357 25 49
71 17 79 357 31 52
71 18 22 374 28 50
71 19 -2 380 24 57
71 20 1339 330 20 44
71 21 1625 347 30 51
72 1 740 805 45 158
72 2 631 845 78 142
72 3 845 764 67 131
72 4 1157 728 47 138
72 5 618 594 38 98
72 6 637 541 32 84
72 7 694 569 28 91
72 8 729 559 34 89
72 9 776 570 28 87
72 10 769 561 29 83
72 11 772 558 37 76
72 12 542 376 21 51
72 13 528 370 27 52
72 14 500 351 25 44
72 15 494 344 24 47
72 16 999 357 24 49
72 17 79 357 31 52
72 18 22 374 28 50
72 19 -4 379 24 58
72 20 1333 330 24 44
72 21 1623 348 31 50
73 1 740 805 47 158
73 2 631 845 78 142
73 3 845 764 63 131
73 4 1158 728 48 140
73 5 620 594 36 98
73 6 637 541 32 84
73 7 694 569 28 91
73 8 729 559 34 89
73 9 776 570 28 87
73 10 770 562 28 82
73 11 772 558 37 76
73 12 540 376 20 52
73 13 523 369 30 49
73 14 495 350 25 45
73 15 491 345 24 46
73 16 997 357 24 49
73 17 79 357 31 52
73 18 21 374 28 50
73 19 -4 381 24 57
73 20 1333 330 24 44
73 21 1621 348 31 50
74 1 740 805 46 158
74 2 631 845 78 142
74 3 845 764 63 131
74 4 1158 728 48 140
74 5 620 594 39 98
74 6 637 541 32 84
74 7 694 569 28 91
74 8 729 561 34 87
74 9 776 570 28 87
74 10 770 562 28 82
74 11 772 558 37 76
74 12 537 375 23 51
74 13 521 369 27 50
74 14 493 350 31 44
74 15 489 345 24 48
74 16 994 358 24 46
74 17 79 357 31 52
74 18 21 374 28 50
74 19 -1 381 23 55
74 20 1332 330 24 43
74 21 1618 349 32 49
75 1 740 805 47 158
75 2 631 845 78 142
75 3 845 764 61 131
75 4 1159 729 48 140
75 5 620 592 42 100
75 6 637 541 32 84
75 7 694 569 28 91
75 8 729 561 34 87
75 9 776 570 28 87
75 10 770 560 29 85
75 11 772 558 37 76
75 12 535 375 23 51
75 13 519 369 27 51
75 14 491 350 32 45
75 15 489 346 20 45
75 16 992 358 24 47
75 17 79 357 31 52
75 18 21 374 28 50
75 19 -1 381 22 55
75 20 1331 330 24 43
75 21 1616 350 31 48
76 1 740 804 46 159
76 2 631 845 78 142
76 3 845 764 56 133
76 4 1159 729 48 140
76 5 622 592 40 100
76 6 637 541 32 84
76 7 694 569 28 91
76 8 729 561 34 87
76 9 776 570 28 87
76 10 770 563 24 81
76 11 778 556 36 84
76 12 529 375 27 51
76 13 517 369 27 51
76 14 489 351 30 43
76 15 487 346 20 46
76 16 990 358 22 48
76 17 79 357 31 52
76 18 21 374 28 50
76 19 -1 381 22 55
76 20 1329 330 30 44
76 21 1616 349 27 49
77 1 740 804 47 159
77 2 631 845 78 142
77 3 845 764 54 133
77 4 1160 730 48 139
77 5 622 592 43 100
77 6 637 541 32 84
77 7 694 569 28 91
77 8 729 561 35 87
77 9 776 570 28 87
77 10 770 560 29 85
77 11 778 556 36 84
77 12 527 375 30 50
77 13 515 369 27 51
77 14 487 351 30 43
77 15 484 346 20 45
77 16 988 358 21 49
77 17 79 357 31 52
77 18 21 374 28 50
77 19 -2 382 22 54
77 20 1330 330 25 44
77 21 1614 349 24 50
78 1 740 804 46 159
78 2 631 845 78 141
78 3 845 764 48 137
78 4 1161 731 48 140
78 5 622 592 46 100
78 6 637 541 32 84
78 7 694 569 28 91
78 8 729 561 35 87
78 9 776 570 28 87
78 10 770 560 29 85
78 11 778 556 36 84
78 12 525 376 31 51
78 13 511 370 28 51
78 14 485 351 30 42
78 15 483 346 20 45
78 16 986 358 21 49
78 17 79 357 31 52
78 18 21 374 28 50
78 19 0 382 20 54
78 20 1330 330 25 44
78 21 1612 348 23 49
79 1 740 803 46 160
79 2 631 845 78 142
79 3 845 764 47 140
79 4 1162 732 47 140
79 5 622 592 44 100
79 6 637 541 32 84
79 7 694 569 28 91
79 8 729 561 35 87
79 9 776 571 28 87
79 10 770 560 29 85
79 11 778 556 36 84
79 12 523 377 30 50
79 13 508 371 29 50
79 14 483 351 31 44
79 15 480 346 22 45
79 16 983 357 21 50
79 17 79 357 31 52
79 18 20 374 28 50
79 20 1329 331 24 43
79 21 1610 347 23 51
80 1 740 804 46 159
80 2 631 845 78 142
80 3 845 764 42 143
80 4 1162 733 47 139
80 5 622 592 45 100
80 6 637 541 32 84
80 7 694 569 28 91
80 8 728 560 35 88
80 9 777 571 28 87
80 10 770 560 29 85
80 11 778 556 36 84
80 12 521 378 27 50
80 13 506 372 29 49
80 14 484 351 27 44
80 15 478 346 22 46
80 16 980 356 22 51
80 17 80 357 31 52
80 18 19 374 28 50
80 20 1330 331 23 44
80 21 1608 346 24 51
81 1 740 804 46 159
81 2 631 845 78 142
81 3 845 764 46 143
81 4 1163 733 47 139
81 5 622 592 45 100
81 6 637 541 32 84
81 7 694 569 28 91
81 8 729 560 35 88
81 9 777 571 28 87
81 10 770 560 29 86
81 11 778 556 36 84
81 12 519 378 24 51
81 13 504 373 29 49
81 14 482 353 24 43
81 15 476 346 21 47
81 16 978 356 22 51
81 17 80 357 31 52
81 18 19 375 28 50
81 20 1329 331 24 42
81 21 1606 346 24 51
82 1 740 804 47 159
82 2 631 845 78 142
82 3 845 768 49 140
82 4 1164 735 46 138
82 5 622 592 44 100
82 6 637 541 32 84
82 7 694 569 28 91
82 8 728 560 35 88
82 9 776 571 27 86
82 10 770 560 29 86
82 11 784 556 34 79
82 12 517 378 23 52
82 13 502 374 28 46
82 14 480 353 24 43
82 15 474 346 21 48
82 16 974 356 24 50
82 17 80 357 31 50
82 18 18 375 28 49
82 20 1328 331 24 42
82 21 1601 346 25 50
83 1 741 803 53 160
83 2 631 846 78 142
83 3 845 768 52 141
83 4 1164 735 48 137
83 5 622 592 44 100
83 6 638 541 32 84
83 7 694 569 28 91
83 8 728 561 35 87
83 9 776 571 28 87
83 10 770 560 29 86
83 11 784 556 34 79
83 12 513 377 24 54
83 13 500 374 29 49
83 14 477 352 24 42
83 15 472 346 24 47
83 16 972 356 24 50
83 17 80 357 31 50
83 18 17 375 30 50
83 20 1328 331 22 42
83 21 1599 346 29 50
84 1 741 803 42 160
84 2 631 846 78 141
84 3 845 768 55 141
84 4 1164 736 48 136
84 5 624 592 41 100
84 6 637 541 32 84
84 7 694 569 28 91
84 8 730 561 34 87
84 9 776 571 28 87
84 10 770 560 29 86
84 11 786 556 34 80
84 12 511 376 27 54
84 13 498 374 27 48
84 14 475 353 24 42
84 15 473 346 22 48
84 16 969 357 27 48
84 17 80 356 31 50
84 18 17 375 30 50
84 20 1328 331 22 42
84 21 1596 346 30 51
85 1 741 803 44 160
85 2 631 846 78 142
85 3 845 768 57 141
85 4 1165 737 47 135
85 5 624 592 41 100
85 6 638 541 32 84
85 7 694 569 28 91
85 8 730 561 34 87
85 9 776 571 28 87
85 10 770 560 29 86
85 11 786 556 34 80
85 12 508 375 29 52
85 13 495 374 27 48
85 14 473 353 28 43
85 15 471 346 22 47
85 16 967 358 27 47
85 17 80 356 31 50
85 18 17 375 30 50
85 20 1327 331 18 42
85 21 1594 346 30 49
86 1 741 804 47 159
86 2 631 846 78 142
86 3 845 768 58 141
86 4 1165 737 49 135
86 5 624 592 41 100
86 6 638 541 32 84
86 7 694 569 28 91
86 8 731 562 33 86
86 9 776 571 28 87
86 10 770 559 29 86
86 11 789 562 34 75
86 12 506 374 29 52
86 13 492 372 28 48
86 14 471 354 27 42
86 15 468 349 22 45
86 16 964 359 25 47
86 17 80 356 31 50
86 18 16 375 30 50
86 20 1327 331 18 42
86 21 1592 347 29 48
87 1 741 803 46 160
87 2 631 846 78 142
87 3 842 770 62 139
87 4 1165 738 49 134
87 5 624 592 41 100
87 6 638 541 32 84
87 7 694 569 28 91
87 8 733 562 31 86
87 9 776 571 28 87
87 10 770 560 29 86
87 11 789 562 34 75
87 12 503 374 32 53
87 13 490 372 29 49
87 14 469 354 27 42
87 15 466 349 22 45
87 16 962 359 25 47
87 17 80 355 32 52
87 18 16 376 30 49
87 20 1322 331 22 44
87 21 1592 347 25 49
88 1 741 802 46 161
88 2 631 846 78 142
88 3 842 770 61 139
88 4 1165 739 49 134
88 5 624 592 41 100
88 6 637 541 32 84
88 7 694 569 28 91
88 8 733 562 31 86
88 9 776 571 28 87
88 10 770 559 29 86
88 11 790 562 34 75
88 12 501 374 32 54
88 13 487 372 29 49
88 14 466 354 28 42
88 15 463 349 22 45
88 16 959 360 23 46
88 17 80 357 31 50
88 18 16 375 30 50
88 20 1322 331 22 44
88 21 1590 347 24 48
89 1 741 804 47 160
89 2 631 846 78 142
89 3 842 770 61 139
89 4 1165 740 49 133
89 5 624 592 41 100
89 6 638 541 32 84
89 7 694 569 28 91
89 8 733 562 31 86
89 9 776 571 28 87
89 10 770 559 29 86
89 11 789 562 34 75
89 12 499 375 32 54
89 13 485 373 29 50
89 14 466 354 24 43
89 15 461 349 22 45
89 16 956 360 20 45
89 17 80 357 31 50
89 18 15 376 30 49
89 20 1321 331 22 44
89 21 1588 346 24 48
90 1 741 803 46 160
90 2 631 846 78 142
90 3 840 773 63 136
90 4 1160 741 54 132
90 5 624 592 41 100
90 6 638 541 32 84
90 7 694 569 28 91
90 8 733 562 31 86
90 9 776 571 28 87
90 10 770 559 29 86
90 11 789 562 34 75
90 12 496 375 32 56
90 13 483 374 29 49
90 14 464 353 24 45
90 15 459 349 24 47
90 16 953 360 23 46
90 17 80 357 31 50
90 18 15 375 30 50
90 20 1317 331 27 43
90 21 1586 346 22 48
91 1 741 802 48 162
91 2 631 846 78 142
91 3 840 774 61 136
91 4 1160 741 56 132
91 5 624 593 41 99
91 6 638 541 32 84
91 7 694 569 28 91
91 8 734 562 31 87
91 9 776 571 28 87
91 10 770 560 29 86
91 11 792 562 31 77
91 12 494 376 31 53
91 13 481 375 29 49
91 14 462 353 24 45
91 15 456 349 25 47
91 16 951 359 24 47
91 17 80 357 31 50
91 18 14 376 30 49
91 20 1317 331 27 43
91 21 1582 345 24 49
92 1 743 805 42 159
92 2 631 846 78 142
92 3 840 774 61 136
92 4 1156 741 60 132
92 5 624 593 41 99
92 6 638 542 32 84
92 7 694 569 28 91
92 8 733 562 32 87
92 9 776 571 28 87
92 10 770 560 29 86
92 11 792 562 37 77
92 12 492 379 30 52
92 13 478 375 29 49
92 14 460 353 24 46
92 15 455 349 24 47
92 16 949 359 24 47
92 17 80 357 31 50
92 18 14 376 29 49
92 20 1316 331 27 43
92 21 1580 344 25 50
92 22 1902 382 21 45
93 1 743 805 42 159
93 2 631 847 78 142
93 3 840 775 60 136
93 4 1154 741 62 132
93 5 625 593 41 99
93 6 638 541 32 84
93 7 694 569 28 91
93 8 731 562 34 87
93 9 776 571 28 87
93 10 770 560 29 86
93 11 796 562 33 78
93 12 490 379 25 50
93 13 476 375 28 47
93 14 457 352 25 46
93 15 453 349 25 46
93 16 946 359 27 48
93 17 80 357 31 50
93 18 14 376 29 49
93 20 1316 331 24 44
93 21 1575 344 29 50
93 22 1900 382 22 44
94 1 743 805 42 159
94 2 631 847 78 142
94 3 840 776 59 134
94 4 1152 745 64 128
94 5 625 593 41 99
94 6 638 542 32 84
94 7 695 569 28 91
94 8 731 562 34 87
94 9 776 571 28 87
94 10 771 560 29 86
94 11 797 562 34 74
94 12 488 379 25 50
94 13 474 375 24 50
94 14 455 352 25 46
94 15 451 349 22 47
94 16 944 359 27 48
94 17 80 357 31 50
94 18 14 376 29 49
94 20 1315 331 24 45
94 21 1569 344 33 48
94 22 1898 382 24 48
95 1 743 805 42 159
95 2 631 847 78 142
95 3 842 776 54 134
95 4 1150 745 66 128
95 5 625 592 41 99
95 6 637 541 32 85
95 7 695 569 28 91
95 8 731 562 34 87
95 9 776 571 28 87
95 10 771 560 29 86
95 11 798 562 34 74
95 12 486 379 24 50
95 13 471 374 25 51
95 14 453 353 25 45
95 15 449 349 22 47
95 16 941 360 28 48
95 17 80 357 31 50
95 18 14 376 29 49
95 20 1315 331 24 42
95 21 1567 344 34 49
95 22 1897 382 24 48
96 1 743 805 42 159
96 2 632 847 78 142
96 3 845 776 47 134
96 4 1150 745 69 128
96 5 625 593 41 99
96 6 637 541 33 86
96 7 695 570 28 91
96 8 731 562 34 87
96 9 774 571 30 87
96 10 771 560 29 86
96 11 799 562 34 74
96 12 484 379 25 50
96 13 469 373 28 53
96 14 451 354 24 44
96 15 447 351 22 45
96 16 939 361 27 47
96 17 80 357 31 50
96 18 14 376 29 48
96 20 1314 331 24 42
96 21 1566 344 35 49
96 22 1896 382 24 49
97 1 742 805 42 159
97 2 632 844 78 145
97 3 845 776 43 134
97 4 1150 745 69 128
97 5 625 593 41 99
97 6 638 542 32 84
97 7 695 570 28 91
97 8 732 562 34 87
97 9 771 571 33 87
97 10 771 559 29 86
97 11 802 562 34 74
97 12 482 379 28 51
97 13 467 373 30 52
97 14 450 353 25 44
97 15 446 351 22 46
97 16 936 361 27 47
97 17 80 357 31 50
97 18 13 376 29 48
97 20 1314 331 24 41
97 21 1565 344 32 49
97 22 1898 382 21 49
98 1 743 806 42 159
98 2 632 844 78 145
98 3 845 776 42 134
98 4 1149 746 71 128
98 5 625 593 42 101
98 6 637 541 33 86
98 7 695 570 28 91
98 8 732 563 34 86
98 9 770 571 34 87
98 10 771 560 29 86
98 11 800 562 41 75
98 12 480 379 28 51
98 13 462 373 32 52
98 14 447 355 28 42
98 15 444 351 22 46
98 16 934 361 23 47
98 17 80 357 31 50
98 18 13 376 29 48
98 20 1314 332 23 40
98 21 1564 344 30 49
98 22 1896 381 24 50
99 1 742 806 42 159
99 2 632 844 78 145
99 3 847 776 40 134
99 4 1149 746 71 128
99 5 625 593 42 101
99 6 638 542 32 84
99 7 695 570 28 91
99 8 732 563 34 86
99 9 771 570 35 88
99 10 771 559 29 86
99 11 801 562 41 75
99 12 475 379 31 50
99 13 460 373 32 52
99 14 446 356 27 42
99 15 441 349 22 46
99 16 931 360 23 47
99 17 81 357 31 50
99 18 12 377 29 48
99 20 1314 332 23 40
99 21 1562 344 27 49
99 22 1895 381 24 50
100 1 742 806 42 159
100 2 632 846 78 143
100 3 847 776 40 134
100 4 1150 746 70 128
100 5 625 593 42 101
100 6 638 542 32 84
100 7 695 570 28 91
100 8 732 563 34 86
100 9 770 571 36 87
100 10 771 560 29 86
100 11 801 562 41 75
100 12 473 380 32 51
100 13 458 374 33 52
100 14 443 355 28 43
100 15 436 349 25 46
100 16 928 359 24 49
100 17 81 357 31 50
100 18 12 377 29 48
100 20 1313 332 23 40
100 21 1561 344 24 49
100 22 1894 377 24 50
101 1 742 806 42 159
101 2 632 846 78 143
101 3 847 776 40 134
101 4 1151 746 69 128
101 5 625 593 42 101
101 6 639 542 31 84
101 7 695 570 28 91
101 8 732 563 34 86
101 9 770 570 35 88
101 10 771 559 30 87
101 11 802 562 40 72
101 12 471 381 32 51
101 13 456 375 34 52
101 14 441 355 25 45
101 15 434 349 25 46
101 16 926 358 24 50
101 17 81 357 31 50
101 18 11 377 29 48
101 20 1313 332 20 39
101 21 1559 343 23 51
101 22 1893 377 24 50
102 1 742 807 42 158
102 2 632 846 78 143
102 3 847 777 40 134
102 4 1153 746 67 128
102 5 625 593 42 101
102 6 639 542 31 84
102 7 695 570 28 91
102 8 730 563 36 86
102 9 770 570 35 88
102 10 771 559 30 87
102 11 803 562 42 74
102 12 468 382 29 53
102 13 454 376 29 52
102 14 439 355 24 42
102 15 432 349 25 46
102 16 923 358 24 50
102 17 81 357 31 50
102 18 11 377 29 48
102 20 1312 332 20 39
102 21 1554 342 25 52
102 22 1890 377 24 51
103 1 741 807 42 159
103 2 632 846 78 143
103 3 847 777 40 134
103 4 1154 749 66 125
103 5 625 593 42 101
103 6 639 542 31 84
103 7 695 570 28 91
103 8 730 563 36 86
103 9 770 570 35 88
103 10 771 559 30 87
103 11 804 562 42 74
103 12 466 383 29 50
103 13 452 377 27 51
103 14 437 355 25 43
103 15 430 349 23 47
103 16 920 358 25 50
103 17 81 357 31 50
103 18 10 377 29 48
103 20 1312 332 19 41
103 21 1552 341 25 52
103 22 1889 380 24 51
104 1 741 808 42 158
104 2 632 846 78 143
104 3 848 777 40 133
104 4 1156 749 64 125
104 5 625 593 42 101
104 6 639 542 31 84
104 7 695 570 28 91
104 8 730 563 36 86
104 9 769 570 36 88
104 10 771 559 30 87
104 11 804 562 42 74
104 12 464 383 29 50
104 13 450 377 27 51
104 14 435 355 25 43
104 15 429 352 23 44
104 16 918 358 28 51
104 17 81 357 31 50
104 18 9 377 28 50
104 20 1311 332 19 41
104 21 1550 341 25 52
104 22 1885 380 27 50
105 1 740 807 42 159
105 2 633 846 78 143
105 3 848 777 40 133
105 4 1157 751 63 123
105 5 625 593 42 101
105 6 639 542 31 84
105 7 695 570 28 91
105 8 730 563 36 87
105 9 769 570 36 88
105 10 770 559 30 87
105 11 806 562 42 74
105 12 461 383 27 47
105 13 448 378 25 49
105 14 433 356 27 44
105 15 428 353 24 44
105 16 916 358 28 51
105 17 81 357 31 50
105 18 9 377 28 50
105 20 1311 331 19 42
105 21 1547 342 28 50
105 22 1881 380 30 50
106 1 741 808 42 158
106 2 633 846 78 143
106 3 848 777 40 133
106 4 1157 751 63 123
106 5 625 593 42 101
106 6 639 542 31 84
106 7 695 570 28 91
106 8 729 563 36 86
106 9 770 570 35 88
106 10 770 559 30 88
106 11 805 562 42 74
106 12 459 382 25 51
106 13 445 378 25 49
106 14 431 356 27 44
106 15 426 353 24 44
106 16 913 359 28 50
106 17 81 357 31 50
106 18 9 377 28 50
106 20 1306 331 24 40
106 21 1545 342 28 50
106 22 1880 380 30 50
107 1 741 809 42 157
107 2 633 846 78 143
107 3 848 777 40 133
107 4 1161 751 59 124
107 5 626 593 42 101
107 6 639 542 31 84
107 7 695 570 28 91
107 8 729 563 36 86
107 9 768 570 37 89
107 10 771 560 30 87
107 11 808 560 44 77
107 12 457 381 25 51
107 13 444 379 27 50
107 14 429 357 25 42
107 15 423 353 25 46
107 16 910 360 27 49
107 17 81 357 31 50
107 18 9 377 28 50
107 20 1302 331 28 42
107 21 1542 342 28 50
107 22 1878 380 30 50
108 1 740 808 42 158
108 2 633 847 78 143
108 3 851 778 37 133
108 4 1164 751 56 125
108 5 626 593 42 101
108 6 639 542 31 84
108 7 695 570 28 91
108 8 729 563 36 86
108 9 768 570 37 89
108 10 771 559 30 88
108 11 808 560 40 75
108 12 454 382 29 49
108 13 437 377 31 50
108 14 427 358 25 42
108 15 421 354 25 45
108 16 909 359 28 50
108 17 81 357 31 50
108 18 9 377 28 50
108 20 1302 331 28 43
108 21 1540 343 28 49
108 22 1877 380 30 50
109 1 740 808 42 158
109 2 633 847 78 143
109 3 851 778 37 133
109 4 1166 750 56 125
109 5 626 594 42 101
109 6 639 542 31 84
109 7 695 570 28 91
109 8 729 563 36 86
109 9 768 570 37 89
109 10 770 558 30 88
109 11 808 560 40 75
109 12 452 382 31 49
109 13 435 377 31 49
109 14 425 358 27 41
109 15 420 354 23 43
109 16 906 360 23 48
109 17 81 357 31 50
109 18 8 377 28 50
109 20 1302 331 28 43
109 21 1541 343 24 50
109 22 1876 380 30 50
110 1 740 809 42 157
110 2 633 847 78 143
110 3 851 778 37 133
110 4 1166 750 56 126
110 5 626 594 42 101
110 6 639 542 31 84
110 7 695 570 28 91
110 8 729 563 36 86
110 9 768 571 39 86
110 10 771 559 30 88
110 11 811 560 38 75
110 12 450 382 31 49
110 13 434 377 30 50
110 14 423 358 28 42
110 15 418 354 23 44
110 16 903 360 23 48
110 17 81 357 31 50
110 18 8 377 28 50
110 20 1301 331 28 42
110 21 1539 343 24 50
110 22 1874 380 32 51
111 1 740 809 42 157
111 2 633 847 78 143
111 3 851 778 37 133
111 4 1166 749 57 126
111 5 626 594 42 101
111 6 639 542 31 84
111 7 695 570 28 91
111 8 729 563 36 86
111 9 768 571 37 88
111 10 771 559 30 87
111 11 814 560 35 75
111 12 447 383 31 49
111 13 432 378 30 51
111 14 422 355 24 45
111 15 415 354 24 44
111 16 901 359 23 49
111 17 81 357 31 50
111 18 8 377 28 50
111 20 1301 331 28 42
111 21 1538 342 24 50
111 22 1873 380 32 51
112 1 740 809 42 157
112 2 633 847 78 143
112 3 851 779 37 132
112 4 1169 749 54 126
112 5 626 594 42 101
112 6 639 542 31 84
112 7 695 570 28 91
112 8 728 563 36 86
112 9 768 571 37 88
112 10 771 559 30 88
112 11 816 560 35 77
112 12 445 383 32 51
112 13 430 379 30 51
112 14 420 355 24 46
112 15 413 354 24 45
112 16 898 359 23 48
112 17 81 358 31 50
112 18 8 377 28 50
112 20 1300 332 24 40
112 21 1535 342 21 49
112 22 1873 380 32 49
113 1 740 810 42 157
113 2 634 846 77 143
113 3 851 779 37 132
113 4 1169 749 54 126
113 5 626 594 42 101
113 6 639 542 31 84
113 7 696 570 28 91
113 8 730 563 36 86
113 9 768 571 37 88
113 10 770 559 30 88
113 11 816 560 36 80
113 12 443 385 33 51
113 13 427 380 30 49
113 14 415 355 24 45
113 15 411 354 24 45
113 16 895 358 24 49
113 17 81 358 31 50
113 18 8 377 28 50
113 20 1300 332 23 41
113 21 1532 342 23 49
113 22 1872 380 32 49
114 1 740 810 42 156
114 2 634 846 77 143
114 3 851 779 37 133
114 4 1169 749 56 127
114 5 626 594 42 101
114 6 640 542 31 84
114 7 696 570 28 91
114 8 730 563 36 86
114 9 768 571 37 88
114 10 770 559 30 88
114 11 820 560 32 80
114 12 441 385 32 49
114 13 427 382 28 48
114 14 416 358 23 43
114 15 409 355 24 44
114 16 893 358 24 49
114 17 81 358 31 50
114 18 9 377 28 50
114 20 1300 332 23 41
114 21 1530 342 23 49
114 22 1870 378 32 51
115 1 739 810 41 156
115 2 634 846 77 143
115 3 851 779 37 133
115 4 1170 749 55 128
115 5 626 594 42 101
115 6 640 543 31 84
115 7 696 570 28 91
115 8 733 564 35 83
115 9 768 571 37 88
115 10 771 559 30 88
115 11 820 560 32 80
115 12 439 386 25 48
115 13 423 381 30 49
115 14 414 358 20 42
115 15 405 354 24 47
115 16 890 358 27 52
115 17 81 358 31 50
115 18 6 377 28 50
115 20 1299 332 22 40
115 21 1525 341 25 49
115 22 1869 378 24 51
116 1 739 811 41 156
116 2 634 846 77 143
116 3 851 779 37 132
116 4 1170 746 56 133
116 5 626 594 42 101
116 6 640 543 31 84
116 7 696 570 28 91
116 8 733 564 34 82
116 9 768 571 37 88
116 10 770 559 30 88
116 11 821 560 32 80
116 12 436 386 27 49
116 13 420 381 28 48
116 14 410 357 22 43
116 15 403 354 24 47
116 16 888 359 24 50
116 17 81 358 31 50
116 18 5 376 29 52
116 20 1299 330 22 42
116 21 1523 341 25 49
116 22 1870 378 22 50
117 1 739 811 41 156
117 2 634 846 77 143
117 3 851 779 37 132
117 4 1170 746 58 134
117 5 626 594 42 101
117 6 640 543 31 84
117 7 696 570 28 91
117 8 730 563 36 86
117 9 768 571 37 88
117 10 771 559 30 88
117 11 822 561 32 80
117 12 434 386 25 48
117 13 418 380 28 49
117 14 409 357 21 46
117 15 402 355 24 46
117 16 885 360 24 49
117 17 81 357 31 50
117 18 5 376 28 50
117 20 1300 330 17 43
117 21 1521 341 25 49
117 22 1869 378 24 50
118 1 740 811 44 155
118 2 634 846 77 143
118 3 851 779 40 132
118 4 1172 746 56 134
118 5 626 594 42 101
118 6 640 543 31 84
118 7 696 570 28 91
118 8 729 563 36 86
118 9 768 571 37 88
118 10 771 560 30 87
118 11 823 561 33 82
118 12 432 386 24 48
118 13 416 379 28 49
118 14 407 357 21 45
118 15 400 355 24 46
118 16 883 360 24 51
118 17 81 357 31 50
118 18 4 376 29 52
118 20 1299 330 17 43
118 21 1518 341 30 49
118 22 1868 378 24 50
119 1 740 810 44 156
119 2 634 846 77 143
119 3 851 779 41 132
119 4 1172 746 56 134
119 5 626 594 42 100
119 6 640 543 31 84
119 7 696 570 28 91
119 8 732 563 34 86
119 9 768 571 37 88
119 10 771 559 30 87
119 11 823 561 32 80
119 12 429 385 28 48
119 13 414 379 28 50
119 14 405 357 21 45
119 15 398 355 23 45
119 16 880 360 21 51
119 17 81 357 31 50
119 18 5 378 27 48
119 20 1299 330 17 43
119 21 1517 341 30 49
119 22 1862 378 29 49
120 1 740 810 44 156
120 2 632 847 77 143
120 3 851 779 41 132
120 4 1172 746 56 134
120 5 626 594 40 102
120 6 640 543 31 84
120 7 696 570 28 91
120 8 732 563 32 87
120 9 770 571 35 88
120 10 771 559 30 88
120 11 825 562 32 81
120 12 427 385 28 51
120 13 411 379 27 51
120 14 402 358 20 43
120 15 396 355 24 46
120 16 877 360 21 49
120 17 81 357 31 50
120 18 4 376 28 51
120 20 1297 330 17 43
120 21 1515 342 25 50
120 22 1859 378 31 49
121 1 740 810 44 156
121 2 632 847 77 143
121 3 851 779 41 132
121 4 1173 747 56 136
121 5 626 594 40 102
121 6 640 543 31 84
121 7 696 571 28 91
121 8 732 563 34 86
121 9 770 571 35 88
121 10 771 559 30 87
121 11 826 563 32 81
121 12 423 385 32 52
121 13 408 379 28 50
121 14 400 358 20 43
121 15 394 355 24 46
121 16 874 359 22 50
121 17 81 357 31 50
121 18 4 377 28 51
121 20 1294 330 20 44
121 21 1514 342 24 48
121 22 1855 378 34 49
122 1 740 810 44 156
122 2 632 847 76 143
122 3 851 779 41 132
122 4 1173 747 56 136
122 5 626 594 40 102
122 6 640 543 31 84
122 7 696 571 28 91
122 8 730 563 37 87
122 9 770 571 35 88
122 10 770 560 30 87
122 11 827 564 32 80
122 12 421 386 30 50
122 13 406 379 29 49
122 14 396 358 20 44
122 15 392 355 24 49
122 16 871 359 25 51
122 17 81 358 31 50
122 18 4 377 28 50
122 20 1294 330 20 44
122 21 1513 342 22 48
122 22 1854 378 36 50
123 1 740 810 44 156
123 2 632 847 73 143
123 3 851 779 41 132
123 4 1176 748 51 136
123 5 626 594 40 102
123 6 640 543 31 84
123 7 696 571 28 91
123 8 729 563 38 87
123 9 773 571 32 88
123 10 771 560 30 87
123 11 827 565 32 79
123 12 419 387 30 49
123 13 404 380 29 49
123 14 397 358 21 45
123 15 390 354 24 45
123 16 869 359 25 51
123 17 81 358 31 50
123 18 4 377 28 50
123 20 1291 330 22 43
123 21 1509 342 24 48
123 22 1854 378 35 49
124 1 740 811 44 156
124 2 635 847 68 143
124 3 852 779 41 132
124 4 1177 749 51 136
124 5 626 594 40 102
124 6 640 543 31 84
124 7 696 571 28 91
124 8 729 563 38 87
124 9 775 571 30 88
124 10 771 559 30 88
124 11 827 565 32 80
124 12 416 388 30 49
124 13 401 380 30 50
124 14 395 358 22 46
124 15 388 354 24 45
124 16 867 359 28 51
124 17 81 358 31 50
124 18 3 377 28 50
124 20 1290 330 23 43
124 21 1507 341 23 49
124 22 1853 378 35 49
125 1 740 811 44 156
125 2 634 847 69 143
125 3 852 780 41 132
125 4 1179 749 49 136
125 5 627 594 39 102
125 6 640 543 31 84
125 7 696 571 28 91
125 8 729 563 38 87
125 9 775 571 30 88
125 10 771 560 30 88
125 11 827 565 32 80
125 12 414 389 30 48
125 13 399 381 30 50
125 14 391 358 24 47
125 15 386 355 24 45
125 16 864 361 28 49
125 17 81 358 31 50
125 18 3 377 28 50
125 20 1290 330 23 43
125 21 1503 340 24 49
125 22 1853 378 33 48
126 1 740 811 44 156
126 2 635 847 64 143
126 3 852 779 41 132
126 4 1179 749 50 139
126 5 627 594 39 102
126 6 640 543 31 84
126 7 696 571 28 91
126 8 729 563 38 87
126 9 775 571 30 88
126 10 771 560 30 87
126 11 827 565 32 80
126 12 413 389 27 48
126 13 397 382 28 50
126 14 389 358 25 46
126 15 384 355 24 45
126 16 862 361 29 50
126 17 81 358 31 50
126 18 2 377 29 51
126 20 1289 330 23 43
126 21 1501 340 24 49
126 22 1852 378 34 49
127 1 740 811 44 156
127 2 636 847 60 143
127 3 852 779 41 132
127 4 1180 750 50 139
127 5 627 594 41 102
127 6 640 543 31 84
127 7 696 571 28 91
127 8 729 563 38 87
127 9 775 571 30 88
127 10 771 560 30 88
127 11 827 565 32 80
127 12 411 389 24 50
127 13 395 382 24 50
127 14 387 359 25 46
127 15 381 355 24 46
127 16 860 362 28 50
127 17 81 358 31 50
127 18 2 377 29 51
127 20 1288 330 24 43
127 21 1499 340 25 50
127 22 1853 378 30 50
128 1 740 811 44 156
128 2 636 847 63 143
128 3 852 779 39 132
128 4 1182 750 48 139
128 5 627 594 41 102
128 6 640 543 31 84
128 7 696 571 28 91
128 8 729 563 38 87
128 9 775 572 30 88
128 10 771 560 30 87
128 11 827 565 32 80
128 12 409 388 24 50
128 13 393 382 22 50
128 14 387 360 24 45
128 15 380 356 24 44
128 16 858 362 25 49
128 17 82 358 31 50
128 18 2 377 29 51
128 20 1287 330 24 43
128 21 1495 340 28 50
128 22 1852 378 30 48
129 1 740 811 44 156
129 2 635 847 63 143
129 3 852 779 39 132
129 4 1183 751 52 139
129 5 627 594 41 102
129 6 641 543 31 83
129 7 696 571 28 91
129 8 729 563 38 87
129 9 775 572 30 88
129 10 771 560 30 87
129 11 828 565 32 81
129 12 405 387 25 52
129 13 388 382 24 50
129 14 385 360 21 43
129 15 377 356 24 44
129 16 855 362 24 47
129 17 82 358 31 50
129 18 2 377 28 51
129 20 1287 330 24 42
129 21 1492 340 29 51
129 22 1851 376 28 50
130 1 740 811 44 156
130 2 635 847 63 143
130 3 852 779 39 132
130 4 1183 750 55 141
130 5 627 594 41 102
130 6 640 543 31 84
130 7 696 571 28 91
130 8 730 563 36 87
130 9 775 572 30 88
130 10 771 560 30 87
130 11 828 565 32 80
130 12 402 387 28 53
130 13 386 382 25 51
130 14 382 359 22 44
130 15 375 356 22 43
130 16 853 362 24 47
130 17 82 358 31 50
130 18 1 377 29 51
130 20 1286 330 23 41
130 21 1490 340 30 50
130 22 1850 376 24 49
131 1 740 812 44 156
131 2 636 848 61 143
131 3 852 779 39 132
131 4 1184 751 55 141
131 5 627 594 46 102
131 6 640 543 31 84
131 7 696 571 28 91
131 8 730 563 36 87
131 9 775 572 30 88
131 10 771 562 31 84
131 11 827 566 34 80
131 12 400 387 31 52
131 13 384 382 28 51
131 14 378 359 22 44
131 15 373 356 20 42
131 16 850 362 22 47
131 17 82 358 31 50
131 18 1 377 28 50
131 20 1285 330 24 43
131 21 1488 342 29 48
131 22 1850 376 24 50
132 1 740 812 44 156
132 2 636 848 61 143
132 3 857 780 32 132
132 4 1185 752 55 140
132 5 627 594 50 104
132 6 640 543 31 84
132 7 696 571 28 91
132 8 729 563 36 87
132 9 775 572 30 88
132 10 771 562 31 84
132 11 827 566 34 80
132 12 394 387 36 53
132 13 382 382 30 52
132 14 376 360 22 44
132 15 371 356 19 42
132 16 847 361 22 48
132 17 82 358 31 50
132 18 1 377 28 51
132 20 1284 330 22 40
132 21 1488 343 25 48
132 22 1849 376 24 52
133 1 740 812 44 156
133 2 636 848 61 143
133 3 857 780 32 132
133 4 1186 753 55 138
133 5 627 594 49 105
133 6 640 543 31 84
133 7 697 571 28 91
133 8 729 563 36 87
133 9 775 572 30 88
133 10 771 562 31 84
133 11 827 567 35 83
133 12 392 389 37 50
133 13 380 382 30 53
133 14 375 360 22 45
133 15 369 356 19 42
133 16 846 361 24 49
133 17 82 358 31 50
133 18 1 377 29 51
133 20 1283 331 24 42
133 21 1487 343 23 46
133 22 1848 376 22 52
134 1 740 812 44 156
134 2 636 848 61 143
134 3 857 780 32 132
134 4 1187 754 54 137
134 5 627 594 42 105
134 6 640 543 31 84
134 7 697 571 28 91
134 8 729 563 36 87
134 9 775 572 30 88
134 10 771 562 31 84
134 11 827 567 35 83
134 12 390 389 38 52
134 13 377 383 31 53
134 14 373 360 22 46
134 15 366 356 19 42
134 16 844 361 24 49
134 17 82 358 31 50
134 18 1 377 28 51
134 20 1284 331 16 42
134 21 1485 343 23 46
134 22 1847 376 22 52
135 1 740 812 44 156
135 2 637 848 61 143
135 3 857 780 32 132
135 4 1187 754 54 137
135 5 627 594 39 105
135 6 640 544 31 84
135 7 697 572 28 91
135 8 729 563 36 87
135 9 775 572 30 88
135 10 771 562 31 84
135 11 827 568 35 83
135 12 388 390 35 51
135 13 375 384 30 50
135 14 370 361 22 46
135 15 364 356 20 43
135 16 842 361 24 49
135 17 82 358 31 50
135 18 0 378 28 51
135 20 1283 331 16 42
135 21 1482 342 24 47
135 22 1843 376 24 51
136 1 740 812 44 156
136 2 637 848 60 143
136 3 857 781 32 132
136 4 1187 754 54 137
136 5 624 594 42 105
136 6 640 544 31 84
136 7 697 572 28 91
136 8 729 563 36 87
136 9 775 572 30 88
136 10 771 562 31 84
136 11 827 569 35 82
136 12 386 390 32 53
136 13 373 385 27 53
136 14 368 361 23 47
136 15 361 357 20 43
136 16 838 361 27 50
136 17 82 358 31 50
136 18 0 378 28 50
136 20 1282 331 18 42
136 21 1480 342 23 46
136 22 1839 376 28 51
137 1 741 812 44 156
137 2 637 848 60 143
137 3 858 781 32 132
137 4 1188 754 53 137
137 5 624 594 39 105
137 6 640 544 31 84
137 7 697 572 28 91
137 8 729 563 36 87
137 9 775 572 30 88
137 10 771 562 31 84
137 11 828 569 29 87
137 12 386 391 29 52
137 13 371 386 25 52
137 14 366 362 22 46
137 15 359 357 21 45
137 16 836 362 25 50
137 17 82 358 31 50
137 18 0 378 28 50
137 20 1281 331 18 42
137 21 1478 341 23 46
137 22 1838 376 28 51
138 1 741 812 44 156
138 2 637 848 59 143
138 3 858 781 32 132
138 4 1188 754 52 137
138 5 624 594 39 105
138 6 640 544 31 84
138 7 697 572 28 91
138 8 728 563 36 87
138 9 775 572 30 88
138 10 771 562 32 86
138 11 828 570 28 82
138 12 384 391 25 51
138 13 367 386 28 52
138 14 363 362 22 45
138 15 358 358 19 42
138 16 834 363 24 49
138 17 82 358 31 50
138 18 0 378 28 50
138 20 1280 331 18 42
138 21 1475 342 24 46
138 22 1836 376 28 51
139 1 741 812 44 156
139 2 637 848 59 143
139 3 858 781 32 131
139 4 1186 754 54 137
139 5 622 594 39 105
139 6 640 544 31 84
139 7 697 572 28 91
139 8 729 563 36 88
139 9 775 572 30 88
139 10 771 562 32 86
139 11 828 571 28 82
139 12 382 391 24 51
139 13 365 386 25 52
139 14 361 362 24 50
139 15 355 358 19 43
139 16 831 364 24 48
139 17 82 358 31 50
139 18 -1 379 28 50
139 20 1280 332 18 42
139 21 1470 342 27 46
139 22 1835 376 31 52
140 1 741 812 44 156
140 2 637 848 59 143
140 3 858 781 32 131
140 4 1186 754 54 137
140 5 622 594 39 105
140 6 640 544 31 84
140 7 697 572 28 91
140 8 729 563 36 88
140 9 775 572 30 88
140 10 771 562 32 86
140 11 828 571 28 81
140 12 380 391 24 52
140 13 363 386 25 52
140 14 359 362 24 45
140 15 353 358 20 44
140 16 829 364 22 48
140 17 82 358 31 50
140 18 -1 379 28 49
140 20 1275 332 24 41
140 21 1468 342 31 45
140 22 1834 376 30 52
141 1 741 812 44 156
141 2 638 848 59 144
141 3 858 781 32 131
141 4 1182 754 58 137
141 5 622 594 39 105
141 6 640 544 31 84
141 7 697 572 28 91
141 8 729 563 36 87
141 9 775 572 30 88
141 10 771 562 32 86
141 11 828 572 29 83
141 12 378 391 24 52
141 13 360 386 27 50
141 14 357 363 24 44
141 15 352 358 20 44
141 16 826 364 23 49
141 17 82 358 31 50
141 18 -1 379 27 49
141 20 1275 332 24 41
141 21 1466 342 31 45
141 22 1833 376 29 48
142 1 741 812 44 156
142 2 638 848 59 144
142 3 858 782 32 131
142 4 1177 754 63 137
142 5 622 594 39 105
142 6 641 544 31 83
142 7 697 572 28 91
142 8 730 563 36 88
142 9 775 573 30 88
142 10 771 562 32 86
142 11 828 572 28 87
142 12 371 391 30 52
142 13 355 386 30 50
142 14 355 363 24 45
142 15 349 358 19 42
142 16 823 364 22 47
142 17 82 358 31 50
142 18 -1 379 27 49
142 20 1275 332 23 42
142 21 1464 343 32 45
142 22 1832 376 29 48
143 1 741 812 44 156
143 2 638 848 59 144
143 3 858 782 32 131
143 4 1173 754 67 137
143 5 619 594 45 105
143 6 641 544 31 84
143 7 697 572 28 91
143 8 730 563 33 84
143 9 775 573 30 88
143 10 771 562 32 86
143 11 828 572 32 87
143 12 368 391 31 53
143 13 353 386 30 50
143 14 353 363 24 44
143 15 348 358 19 43
143 16 820 364 24 48
143 17 82 358 31 50
143 18 -1 379 28 50
143 20 1274 332 23 42
143 21 1463 343 28 45
143 22 1831 376 29 48
144 1 741 812 44 156
144 2 639 848 59 144
144 3 857 782 33 131
144 4 1171 754 68 137
144 5 616 594 45 105
144 6 641 544 31 84
144 7 697 572 28 91
144 8 730 563 33 84
144 9 775 573 30 88
144 10 771 563 32 86
144 11 828 572 32 86
144 12 367 392 32 52
144 13 349 386 31 50
144 14 350 363 24 44
144 15 346 359 19 42
144 16 818 363 24 50
144 17 82 358 31 50
144 18 -2 379 28 49
144 20 1274 332 24 42
144 21 1462 343 25 46
144 22 1830 376 29 48
145 1 742 812 44 156
145 2 639 848 59 144
145 3 857 782 33 131
145 4 1170 754 70 137
145 5 617 591 45 105
145 6 641 544 31 84
145 7 697 572 28 91
145 8 730 563 33 84
145 9 775 573 30 87
145 10 771 563 32 86
145 11 828 572 32 86
145 12 365 393 32 52
145 13 347 387 32 51
145 14 348 363 24 45
145 15 344 358 21 46
145 16 816 363 25 50
145 17 82 358 31 50
145 18 -2 379 28 50
145 20 1273 332 24 42
145 21 1460 342 24 46
145 22 1829 376 27 50
146 1 742 812 44 156
146 2 639 848 59 144
146 3 857 782 33 131
146 4 1171 754 69 138
146 5 617 591 45 105
146 6 641 545 31 83
146 7 697 572 28 91
146 8 730 563 33 84
146 9 775 573 30 88
146 10 771 563 31 86
146 11 828 572 32 86
146 12 363 395 28 50
146 13 345 388 29 49
146 14 345 364 24 45
146 15 344 360 20 43
146 16 814 363 25 50
146 17 82 358 31 50
146 18 -2 379 28 50
146 20 1273 332 23 42
146 21 1458 341 20 47
146 22 1828 374 24 52
147 1 742 812 44 157
147 2 640 848 59 144
147 3 857 782 34 131
147 4 1169 754 73 137
147 5 617 591 51 105
147 6 641 545 31 83
147 7 697 572 28 91
147 8 731 563 33 84
147 9 775 573 30 88
147 10 771 562 31 87
147 11 827 572 33 87
147 12 361 396 25 50
147 13 342 389 30 50
147 14 343 364 24 46
147 15 342 361 20 43
147 16 811 364 25 49
147 17 82 358 31 50
147 18 -1 378 25 50
147 20 1272 331 24 43
147 21 1455 340 22 47
147 22 1827 374 24 52
148 1 742 812 44 156
148 2 640 848 59 144
148 3 857 782 36 131
148 4 1168 754 73 137
148 5 617 591 51 105
148 6 641 545 31 84
148 7 697 573 28 91
148 8 731 563 33 84
148 9 775 573 30 88
148 10 771 562 31 87
148 11 828 574 31 83
148 12 357 395 25 50
148 13 340 390 28 50
148 14 343 365 24 43
148 15 339 361 21 44
148 16 809 364 27 49
148 17 82 358 31 50
148 18 0 378 24 50
148 20 1271 331 19 42
148 21 1453 339 24 49
148 22 1827 374 24 52
149 1 742 812 44 157
149 2 640 848 59 145
149 3 857 782 36 131
149 4 1168 754 73 138
149 5 618 591 50 103
149 6 641 545 31 84
149 7 697 573 28 91
149 8 731 563 33 84
149 9 775 573 30 87
149 10 771 562 31 87
149 11 828 574 31 83
149 12 355 395 25 50
149 13 338 391 28 49
149 14 339 365 24 45
149 15 334 358 21 45
149 16 807 365 24 46
149 17 82 358 31 50
149 18 0 378 24 50
149 20 1271 331 20 44
149 21 1449 338 25 50
149 22 1826 374 24 52
150 1 742 812 44 157
150 2 641 848 59 144
150 3 857 782 36 131
150 4 1170 754 71 138
150 5 617 591 51 105
150 6 641 545 30 82
150 7 697 573 28 91
150 8 731 563 31 85
150 9 775 574 30 87
150 10 771 562 31 87
150 11 827 575 29 85
150 12 352 393 28 53
150 13 336 391 27 49
150 14 338 365 24 44
150 15 332 358 21 45
150 16 801 365 29 47
150 17 82 358 31 50
150 18 0 378 24 50
150 20 1271 331 19 44
150 21 1447 340 28 48
150 22 1821 374 24 51
151 1 742 812 44 157
151 2 641 849 59 144
151 3 857 782 36 131
151 4 1169 754 71 138
151 5 617 591 51 102
151 6 641 545 31 84
151 7 697 573 28 91
151 8 731 563 31 85
151 9 775 573 30 87
151 10 771 562 31 87
151 11 825 575 31 85
151 12 349 394 29 51
151 13 334 391 25 49
151 14 335 365 24 44
151 15 330 358 21 45
151 16 799 365 27 46
151 17 82 358 31 50
151 18 0 378 24 50
151 20 1271 331 18 43
151 21 1445 340 28 48
151 22 1816 374 29 48
152 1 743 812 44 157
152 2 641 849 59 144
152 3 857 783 36 131
152 4 1168 754 67 139
152 5 617 591 51 102
152 6 641 545 31 84
152 7 697 573 28 91
152 8 731 563 31 85
152 9 775 573 30 88
152 10 771 562 31 87
152 11 825 575 31 85
152 12 346 393 29 52
152 13 328 388 29 52
152 14 334 365 23 43
152 15 328 358 21 44
152 16 796 365 23 48
152 17 82 358 31 50
152 18 0 378 24 50
152 20 1271 331 18 43
152 21 1443 342 28 45
152 22 1815 374 31 51
153 1 743 812 44 157
153 2 642 849 58 142
153 3 857 783 36 131
153 4 1167 754 62 139
153 5 623 591 49 104
153 6 641 545 31 84
153 7 697 573 28 91
153 8 731 563 31 85
153 9 775 573 30 88
153 10 771 562 31 87
153 11 824 576 31 84
153 12 344 395 32 49
153 13 325 388 33 52
153 14 331 365 23 43
153 15 325 358 20 44
153 16 793 365 24 49
153 17 82 358 31 50
153 18 0 378 24 50
153 20 1266 331 22 43
153 21 1441 343 28 45
153 22 1814 374 31 51
154 1 743 812 44 157
154 2 644 850 57 143
154 3 857 783 36 131
154 4 1169 754 51 142
154 5 623 591 49 104
154 6 641 545 31 84
154 7 697 573 28 91
154 8 731 563 31 85
154 9 775 573 30 88
154 10 771 562 31 87
154 11 820 577 34 83
154 12 342 395 32 49
154 13 322 388 34 52
154 14 329 365 23 43
154 15 323 359 20 43
154 16 790 365 29 50
154 17 82 359 31 50
154 18 0 378 24 50
154 20 1266 331 20 42
154 21 1439 342 28 47
154 22 1813 374 33 52
155 1 743 812 44 157
155 2 644 850 58 143
155 3 857 783 36 131
155 4 1170 754 49 142
155 5 623 591 53 103
155 6 641 544 31 85
155 7 697 573 28 91
155 8 731 563 31 85
155 9 775 573 30 88
155 10 771 562 31 87
155 11 819 578 34 83
155 12 336 396 35 53
155 13 322 388 31 53
155 14 326 365 23 43
155 15 321 359 20 42
155 16 788 365 30 51
155 17 82 359 31 50
155 18 0 378 24 50
155 20 1265 331 20 42
155 21 1437 342 27 46
155 22 1812 374 33 48
156 1 743 812 44 157
156 2 644 850 58 143
156 3 857 783 36 131
156 4 1170 754 49 145
156 5 624 591 56 104
156 6 641 544 31 85
156 7 697 573 28 91
156 8 731 563 31 85
156 9 775 574 30 88
156 10 771 562 31 87
156 11 818 578 35 83
156 12 334 397 34 51
156 13 319 389 31 53
156 14 324 366 24 43
156 15 319 359 20 43
156 16 786 365 29 50
156 17 82 359 31 50
156 18 0 378 24 50
156 20 1260 331 24 42
156 21 1436 342 23 46
156 22 1811 374 33 48
157 1 743 812 44 157
157 2 644 850 58 143
157 3 857 783 35 131
157 4 1165 754 54 142
157 5 624 591 56 104
157 6 641 544 31 85
157 7 697 573 28 91
157 8 731 564 31 85
157 9 776 574 30 88
157 10 771 562 31 87
157 11 817 578 35 83
157 12 332 398 34 51
157 13 317 390 29 54
157 14 322 367 24 44
157 15 317 360 20 43
157 16 784 365 29 48
157 17 82 359 31 50
157 18 0 378 24 50
157 20 1260 331 24 42
157 21 1434 342 22 45
157 22 1811 374 30 49
158 1 743 812 44 157
158 2 644 850 58 143
158 3 857 783 36 131
158 4 1158 753 61 138
158 5 624 591 57 103
158 6 641 544 31 85
158 7 697 573 28 91
158 8 731 564 31 85
158 9 776 574 30 88
158 10 771 562 31 87
158 11 817 579 35 83
158 12 330 399 33 51
158 13 315 391 29 51
158 14 319 367 24 45
158 15 315 360 21 44
158 16 779 365 31 50
158 17 82 359 31 50
158 18 0 378 24 50
158 20 1259 331 24 42
158 21 1432 341 22 45
158 22 1810 374 32 50
159 1 743 812 44 157
159 2 644 850 58 143
159 3 857 783 35 131
159 4 1150 752 70 138
159 5 624 591 61 104
159 6 641 544 31 85
159 7 697 573 28 91
159 8 731 564 31 85
159 9 776 574 30 88
159 10 771 562 31 87
159 11 816 580 35 82
159 12 328 400 32 49
159 13 313 392 28 52
159 14 317 367 24 46
159 15 312 360 22 46
159 16 777 367 30 48
159 17 82 359 31 50
159 18 0 378 24 50
159 20 1258 331 24 42
159 21 1429 341 24 45
159 22 1809 374 32 50
160 1 744 812 44 156
160 2 644 851 58 143
160 3 857 783 34 131
160 4 1146 753 73 136
160 5 626 591 64 104
160 6 641 544 31 85
160 7 697 573 28 91
160 8 731 564 31 85
160 9 776 574 30 88
160 10 771 563 31 87
160 11 815 580 39 84
160 12 327 401 29 50
160 13 311 392 28 52
160 14 317 367 24 45
160 15 311 360 22 46
160 16 775 367 28 48
160 17 82 359 31 50
160 18 0 378 24 50
160 20 1257 331 24 42
160 21 1427 340 24 46
160 22 1811 373 27 50
161 1 743 812 44 158
161 2 646 851 56 142
161 3 857 783 34 131
161 4 1141 753 78 136
161 5 626 591 64 104
161 6 641 544 31 85
161 7 697 573 28 91
161 8 731 564 31 85
161 9 776 574 30 88
161 10 771 563 31 87
161 11 816 580 37 85
161 12 325 401 23 50
161 13 309 392 27 53
161 14 316 367 24 44
161 15 307 359 24 47
161 16 772 367 27 48
161 17 82 359 31 50
161 18 1 378 24 50
161 20 1258 331 23 43
161 21 1424 341 25 46
161 22 1810 373 27 50
162 1 744 812 44 156
162 2 646 851 56 142
162 3 857 783 34 131
162 4 1138 753 81 133
162 5 626 591 64 104
162 6 641 545 31 85
162 7 697 573 28 91
162 8 731 564 31 86
162 9 775 574 30 88
162 10 771 563 31 87
162 11 815 580 37 85
162 12 323 400 25 51
162 13 303 392 29 52
162 14 314 367 24 44
162 15 305 359 24 47
162 16 770 369 24 45
162 17 82 359 31 50
162 18 1 378 24 51
162 20 1258 331 23 42
162 21 1422 341 27 46
162 22 1809 372 27 50
163 1 743 812 45 158
163 2 646 851 56 142
163 3 857 783 35 131
163 4 1135 753 84 133
163 5 626 591 64 104
163 6 641 545 31 85
163 7 697 573 28 91
163 8 730 564 31 86
163 9 775 574 30 88
163 10 771 563 31 87
163 11 815 581 36 86
163 12 316 398 31 53
163 13 300 392 30 53
163 14 312 367 24 44
163 15 303 359 24 47
163 16 767 369 24 46
163 17 82 359 31 50
163 18 1 378 24 51
163 20 1258 331 23 42
163 21 1417 341 32 46
163 22 1807 372 23 49
164 1 743 812 45 158
164 2 648 851 54 142
164 3 857 783 35 131
164 4 1133 753 86 133
164 5 626 591 64 104
164 6 641 545 31 85
164 7 697 573 28 91
164 8 730 564 31 86
164 9 775 574 30 88
164 10 771 563 31 87
164 11 814 581 36 87
164 12 314 398 33 52
164 13 297 392 30 51
164 14 309 367 24 44
164 15 302 362 24 43
164 16 764 368 25 46
164 17 82 359 31 50
164 18 1 378 24 51
164 20 1257 331 21 41
164 21 1416 342 29 45
164 22 1806 372 23 49
165 1 743 812 45 158
165 2 648 852 59 141
165 3 857 783 37 132
165 4 1133 753 84 133
165 5 626 591 61 105
165 6 641 545 31 85
165 7 697 573 28 91
165 8 730 564 31 85
165 9 776 574 30 88
165 10 771 563 31 87
165 11 814 581 33 85
165 12 311 397 34 54
165 13 294 392 31 52
165 14 307 368 24 44
165 15 300 362 24 43
165 16 761 368 30 48
165 17 82 359 31 50
165 18 1 378 25 51
165 20 1257 331 21 41
165 21 1415 343 27 43
165 22 1804 372 23 49
166 1 743 812 45 159
166 2 648 852 62 141
166 3 857 783 37 132
166 4 1133 753 84 133
166 5 626 591 61 105
166 6 641 545 31 85
166 7 697 574 28 91
166 8 730 565 31 86
166 9 776 574 30 88
166 10 771 563 31 87
166 11 813 581 33 85
166 12 309 397 34 54
166 13 292 392 32 52
166 14 305 368 24 44
166 15 297 362 24 44
166 16 759 368 32 49
166 17 82 359 31 50
166 18 1 378 25 51
166 20 1256 332 17 40
166 21 1414 343 25 43
166 22 1804 372 23 49
167 1 744 813 44 157
167 2 647 852 67 140
167 3 857 782 38 132
167 4 1133 753 84 133
167 5 626 591 57 104
167 6 641 545 31 85
167 7 697 574 28 91
167 8 730 565 31 88
167 9 776 574 30 88
167 10 771 563 31 87
167 11 813 581 33 85
167 12 306 399 33 54
167 13 289 393 34 52
167 14 302 369 24 44
167 15 295 363 24 43
167 16 757 368 32 50
167 17 82 359 31 50
167 18 1 378 25 51
167 20 1255 332 17 40
167 21 1413 343 23 43
167 22 1798 372 27 50
168 1 743 812 45 158
168 2 647 852 67 140
168 3 857 782 38 132
168 4 1133 754 82 133
168 5 626 591 57 104
168 6 641 545 31 85
168 7 697 574 28 91
168 8 730 565 31 88
168 9 776 574 30 88
168 10 771 563 31 87
168 11 812 581 34 85
168 12 304 400 32 53
168 13 286 394 36 52
168 14 300 369 25 45
168 15 292 364 25 44
168 16 753 368 32 47
168 17 82 359 31 50
168 18 1 378 25 51
168 20 1255 330 17 45
168 21 1410 343 24 44
168 22 1798 372 25 50
169 1 743 812 45 158
169 2 650 852 64 140
169 3 857 782 38 132
169 4 1133 754 82 133
169 5 626 591 57 104
169 6 641 545 31 85
169 7 697 574 28 91
169 8 730 565 31 88
169 9 776 574 30 88
169 10 771 563 31 87
169 11 812 581 31 87
169 12 301 401 30 53
169 13 284 395 32 51
169 14 297 369 24 45
169 15 291 364 25 44
169 16 751 369 32 45
169 17 82 359 31 50
169 18 1 378 25 51
169 20 1255 330 16 45
169 21 1406 340 24 46
169 22 1797 372 25 50
170 1 743 812 45 159
170 2 650 852 64 140
170 3 857 782 38 132
170 4 1136 754 78 133
170 5 626 591 57 104
170 6 641 545 31 85
170 7 697 574 28 91
170 8 730 565 31 88
170 9 775 574 30 88
170 10 771 563 31 87
170 11 811 581 33 87
170 12 299 402 29 52
170 13 281 396 33 53
170 14 295 369 25 46
170 15 288 364 25 44
170 16 749 370 32 45
170 17 82 359 31 50
170 18 1 377 25 52
170 20 1253 330 17 43
170 21 1406 341 23 45
170 22 1796 372 25 50
171 1 743 813 44 158
171 2 650 852 64 140
171 3 858 781 38 132
171 4 1140 754 74 133
171 5 626 591 57 104
171 6 641 545 31 85
171 7 697 574 28 91
171 8 730 565 31 88
171 9 775 574 30 88
171 10 771 563 31 87
171 11 809 581 34 88
171 12 298 402 27 52
171 13 279 397 31 50
171 14 292 369 25 46
171 15 286 364 24 43
171 16 746 371 29 44
171 17 82 359 31 50
171 18 1 377 25 52
171 20 1246 330 24 42
171 21 1404 340 23 45
171 22 1794 372 25 51
172 1 743 813 44 157
172 2 650 852 67 140
172 3 858 781 38 133
172 4 1146 754 68 133
172 5 626 591 57 104
172 6 641 545 31 85
172 7 697 574 28 91
172 8 730 565 31 88
172 9 775 574 30 88
172 10 771 563 31 87
172 11 808 581 35 91
172 12 296 401 23 52
172 13 277 397 30 51
172 14 290 369 25 46
172 15 285 364 24 42
172 16 744 371 29 44
172 17 82 359 31 50
172 18 1 378 25 52
172 20 1246 330 24 42
172 21 1402 340 24 47
172 22 1792 372 27 50
173 1 744 814 44 156
173 2 650 852 67 140
173 3 858 780 38 133
173 4 1151 754 62 133
173 5 626 591 57 104
173 6 641 545 31 85
173 7 697 574 28 91
173 8 730 565 31 88
173 9 775 575 30 88
173 10 771 563 31 87
173 11 807 585 32 91
173 12 294 400 25 54
173 13 273 396 32 50
173 14 288 369 24 45
173 15 282 365 24 41
173 16 741 371 24 45
173 17 82 359 31 50
173 18 1 377 25 52
173 20 1245 330 24 42
173 21 1398 340 25 45
173 22 1791 372 27 48
174 1 743 814 44 157
174 2 650 852 67 141
174 3 859 780 39 135
174 4 1161 754 51 133
174 5 626 591 56 105
174 6 641 545 31 85
174 7 697 574 28 91
174 8 730 565 31 88
174 9 775 575 30 87
174 10 771 563 31 87
174 11 806 586 32 86
174 12 292 399 29 55
174 13 270 396 30 52
174 14 286 369 24 44
174 15 280 365 24 41
174 16 738 370 24 46
174 17 82 359 31 50
174 18 1 377 25 52
174 20 1245 330 24 44
174 21 1396 340 25 45
174 22 1791 372 25 48
175 1 743 814 44 156
175 2 650 852 67 140
175 3 859 779 37 136
175 4 1164 754 47 133
175 5 626 591 56 104
175 6 641 545 31 85
175 7 697 574 28 91
175 8 730 565 31 88
175 9 775 575 30 87
175 10 771 563 31 87
175 11 804 587 33 87
175 12 287 398 32 56
175 13 267 396 31 55
175 14 283 370 30 42
175 15 278 365 23 40
175 16 733 369 30 47
175 17 82 359 31 50
175 18 1 377 25 52
175 20 1245 330 24 44
175 21 1394 341 28 43
175 22 1789 372 25 48
176 1 743 814 44 156
176 2 650 852 67 140
176 3 859 778 37 136
176 4 1165 754 47 136
176 5 626 591 56 104
176 6 641 545 31 85
176 7 697 574 28 91
176 8 730 565 31 88
176 9 775 575 30 87
176 10 771 563 31 87
176 11 803 588 33 87
176 12 283 400 34 54
176 13 264 396 34 54
176 14 281 371 32 41
176 15 276 365 28 42
176 16 731 369 31 48
176 17 82 359 31 50
176 18 1 377 25 52
176 20 1245 330 24 44
176 21 1392 342 27 42
176 22 1790 372 21 48
177 1 742 814 44 157
177 2 649 852 66 140
177 3 859 778 37 135
177 4 1166 754 44 140
177 5 626 591 60 104
177 6 641 545 31 85
177 7 697 574 28 91
177 8 731 565 31 88
177 9 775 575 30 87
177 10 771 563 31 87
177 11 803 588 33 86
177 12 281 400 35 55
177 13 261 396 37 50
177 14 279 372 32 41
177 15 274 365 28 42
177 16 728 369 32 49
177 17 82 359 31 50
177 18 1 378 25 51
177 20 1244 330 24 45
177 21 1390 342 25 43
177 22 1789 371 20 50
178 1 742 814 44 157
178 2 649 852 62 140
178 3 860 778 37 136
178 4 1167 754 44 141
178 5 626 591 60 104
178 6 641 545 31 85
178 7 697 574 28 91
178 8 730 565 31 88
178 9 775 575 30 87
178 10 771 563 31 87
178 11 801 588 33 87
178 12 279 401 35 55
178 13 258 397 36 53
178 14 276 372 32 41
178 15 271 366 28 43
178 16 725 369 33 48
178 17 82 359 31 50
178 18 1 377 25 52
178 20 1245 331 24 44
178 21 1387 342 28 43
178 22 1789 371 19 48
179 1 743 815 44 156
179 2 649 852 62 140
179 3 860 778 37 135
179 4 1168 754 43 142
179 5 626 591 60 104
179 6 641 545 31 85
179 7 697 574 28 91
179 8 730 565 31 88
179 9 775 575 30 87
179 10 771 564 31 87
179 11 801 590 32 84
179 12 277 402 34 54
179 13 257 395 32 56
179 14 274 372 33 44
179 15 269 366 25 40
179 16 722 370 33 48
179 17 82 359 31 50
179 18 1 377 25 52
179 20 1244 331 23 42
179 21 1385 341 28 45
179 22 1787 371 20 48
180 1 742 815 44 157
180 2 649 852 61 140
180 3 860 778 39 131
180 4 1166 754 48 144
180 5 626 592 60 104
180 6 642 545 31 85
180 7 697 574 28 91
180 8 730 565 31 88
180 9 775 575 30 87
180 10 771 564 31 87
180 11 798 590 33 84
180 12 274 405 32 51
180 13 255 396 34 57
180 14 272 372 31 47
180 15 267 366 27 41
180 16 720 371 34 45
180 17 82 359 31 50
180 18 1 378 25 51
180 20 1243 331 23 42
180 21 1384 341 23 45
180 22 1784 371 22 49
181 1 742 815 44 156
181 2 649 852 60 140
181 3 862 778 40 131
181 4 1166 756 48 142
181 5 626 592 58 103
181 6 641 545 31 85
181 7 697 574 28 91
181 8 730 565 31 88
181 9 775 575 30 87
181 10 771 564 31 87
181 11 798 590 33 84
181 12 269 408 33 50
181 13 253 397 33 58
181 14 270 372 30 45
181 15 265 366 27 41
181 16 717 371 29 45
181 17 82 359 31 50
181 18 1 378 25 52
181 20 1243 331 20 42
181 21 1382 340 22 44
181 22 1782 371 23 48
182 1 742 815 44 156
182 2 649 852 60 140
182 3 862 778 50 131
182 4 1166 756 51 142
182 5 626 592 58 103
182 6 641 545 31 85
182 7 696 574 28 91
182 8 730 565 31 88
182 9 775 575 30 87
182 10 771 564 31 87
182 11 797 590 32 87
182 12 266 408 33 50
182 13 251 397 30 58
182 14 268 372 29 46
182 15 263 366 27 42
182 16 717 371 27 45
182 17 82 359 31 50
182 18 1 378 25 52
182 20 1241 331 20 43
182 21 1381 339 21 45
182 22 1779 371 24 48
183 1 742 816 44 156
183 2 649 852 60 140
183 3 862 778 58 131
183 4 1166 756 54 143
183 5 630 592 51 104
183 6 641 545 31 85
183 7 696 574 28 91
183 8 730 565 31 88
183 9 775 575 30 87
183 10 771 564 31 87
183 11 797 590 32 87
183 12 264 407 30 50
183 13 249 397 29 58
183 14 266 371 25 47
183 15 259 366 28 40
183 16 714 371 27 46
183 17 82 359 31 50
183 18 1 378 25 52
183 20 1241 331 20 43
183 21 1379 339 22 46
183 22 1773 371 30 48
184 1 742 816 44 156
184 2 649 852 60 140
184 3 862 778 56 130
184 4 1166 756 55 144
184 5 630 592 51 104
184 6 641 545 31 85
184 7 696 574 28 91
184 8 730 565 31 88
184 9 775 575 30 87
184 10 771 564 31 87
184 11 796 590 30 85
184 12 259 407 34 50
184 13 243 400 30 53
184 14 264 371 24 47
184 15 257 366 28 40
184 16 711 370 25 48
184 17 82 359 31 50
184 18 1 378 25 52
184 20 1240 331 21 43
184 21 1377 339 22 46
184 22 1772 371 30 48
185 1 742 816 44 156
185 2 649 852 60 140
185 3 862 778 61 131
185 4 1166 756 55 144
185 5 631 592 50 104
185 6 641 545 31 85
185 7 696 574 28 91
185 8 726 565 34 88
185 9 775 575 30 88
185 10 771 564 31 87
185 11 794 590 32 85
185 12 257 407 33 52
185 13 241 400 30 53
185 14 262 371 28 46
185 15 255 366 28 40
185 16 709 369 27 49
185 17 82 360 31 50
185 18 1 378 25 52
185 20 1240 331 17 42
185 21 1375 339 27 46
185 22 1770 371 33 48
186 1 742 816 44 156
186 2 646 852 63 140
186 3 862 778 63 131
186 4 1167 756 55 145
186 5 632 592 50 104
186 6 641 545 31 85
186 7 696 574 28 91
186 8 722 565 38 88
186 9 775 575 30 88
186 10 771 564 31 87
186 11 794 590 32 86
186 12 255 407 33 52
186 13 237 399 32 53
186 14 260 371 27 45
186 15 252 366 24 46
186 16 707 369 27 49
186 17 82 360 31 50
186 18 1 378 25 52
186 20 1237 331 19 43
186 21 1371 339 29 46
186 22 1771 371 31 49
187 1 741 816 44 156
187 2 646 852 61 140
187 3 862 778 66 131
187 4 1167 757 55 145
187 5 632 592 49 104
187 6 641 545 31 85
187 7 696 574 28 91
187 8 721 565 39 88
187 9 775 575 30 88
187 10 771 564 31 87
187 11 786 590 39 85
187 12 252 407 36 52
187 13 234 399 34 53
187 14 258 371 27 45
187 15 250 366 24 46
187 16 704 368 27 51
187 17 82 360 31 50
187 18 1 378 25 51
187 20 1234 331 21 43
187 21 1368 340 29 46
187 22 1770 371 31 48
188 1 741 816 44 156
188 2 643 852 61 140
188 3 862 778 69 131
188 4 1167 757 55 144
188 5 632 592 49 104
188 6 641 546 31 85
188 7 696 574 28 91
188 8 719 565 41 88
188 9 775 575 30 87
188 10 770 564 31 87
188 11 785 590 39 86
188 12 250 406 36 53
188 13 231 399 36 53
188 14 258 371 25 45
188 15 248 367 24 46
188 16 702 368 27 50
188 17 82 360 31 50
188 18 1 378 25 51
188 20 1233 331 23 43
188 21 1366 341 27 45
188 22 1769 371 31 48
189 1 741 816 44 156
189 2 643 852 61 140
189 3 862 778 70 131
189 4 1167 757 55 144
189 5 636 592 46 104
189 6 641 546 31 85
189 7 696 574 28 91
189 8 716 565 44 87
189 9 775 575 30 87
189 10 770 564 31 87
189 11 784 590 39 86
189 12 248 407 36 53
189 13 230 399 34 53
189 14 256 372 25 45
189 15 245 367 24 47
189 16 697 370 32 49
189 17 82 360 31 50
189 18 1 378 24 51
189 20 1232 331 23 43
189 21 1364 341 25 44
189 22 1767 371 31 47
190 1 741 816 44 156
190 2 643 852 61 140
190 3 862 778 70 131
190 4 1168 758 55 143
190 5 636 592 44 105
190 6 641 546 31 85
190 7 696 574 28 91
190 8 715 565 45 87
190 9 775 575 30 87
190 10 770 564 31 87
190 11 779 590 44 85
190 12 246 408 33 53
190 13 227 400 35 55
190 14 253 372 28 46
190 15 242 367 24 48
190 16 694 371 32 49
190 17 82 360 31 50
190 18 0 378 25 52
190 20 1229 331 29 43
190 21 1363 341 24 44
190 22 1765 371 31 48
191 1 741 816 44 156
191 2 643 852 61 140
191 3 862 778 68 131
191 4 1166 757 56 147
191 5 636 592 44 105
191 6 640 546 31 85
191 7 696 574 28 91
191 8 715 565 45 84
191 9 775 575 30 87
191 10 770 564 31 87
191 11 779 590 43 86
191 12 244 409 29 52
191 13 224 401 35 55
191 14 251 372 29 47
191 15 240 367 24 49
191 16 692 370 31 50
191 17 82 360 31 50
191 18 0 378 24 51
191 20 1229 331 29 43
191 21 1362 340 22 45
191 22 1764 370 31 48
192 1 741 816 44 156
192 2 644 852 56 140
192 3 862 778 67 127
192 4 1166 758 56 147
192 5 637 592 44 105
192 6 640 546 31 85
192 7 696 574 28 91
192 8 713 565 46 83
192 9 775 575 30 87
192 10 771 564 31 86
192 11 780 590 41 87
192 12 242 409 29 53
192 13 222 402 33 54
192 14 248 373 24 45
192 15 237 366 25 50
192 16 689 371 28 47
192 17 82 360 31 50
192 18 0 379 24 51
192 20 1229 331 24 44
192 21 1360 339 23 46
192 22 1769 370 20 50
193 1 741 816 44 156
193 2 644 852 56 140
193 3 862 778 67 127
193 4 1167 761 55 143
193 5 637 593 44 104
193 6 640 546 31 85
193 7 696 574 28 91
193 8 712 565 47 82
193 9 775 575 30 87
193 10 771 564 31 86
193 11 780 590 41 87
193 12 238 410 28 54
193 13 220 403 31 55
193 14 246 372 25 46
193 15 234 366 25 51
193 16 687 371 28 47
193 17 82 360 31 50
193 18 0 379 24 51
193 20 1229 331 24 42
193 21 1357 339 24 46
193 22 1768 370 20 50
194 1 740 816 44 156
194 2 644 852 56 140
194 3 862 778 63 127
194 4 1168 762 57 142
194 5 638 593 43 105
194 6 640 546 31 85
194 7 696 574 28 91
194 8 711 565 47 82
194 9 775 575 30 87
194 10 771 564 31 87
194 11 779 590 41 87
194 12 236 409 29 55
194 13 216 403 30 56
194 14 243 373 24 45
194 15 232 369 25 45
194 16 684 371 24 47
194 17 82 360 31 50
194 18 0 378 25 51
194 20 1229 331 24 42
194 21 1355 339 24 46
194 22 1766 369 20 50
195 1 740 816 44 156
195 2 644 851 54 141
195 3 862 778 60 127
195 4 1169 763 59 141
195 5 638 593 42 105
195 6 640 546 31 85
195 7 696 574 28 91
195 8 708 565 50 84
195 9 775 575 30 87
195 10 771 564 31 87
195 11 778 590 41 87
195 12 234 408 30 57
195 13 213 403 31 57
195 14 241 373 24 44
195 15 230 369 25 45
195 16 681 371 24 49
195 17 82 360 31 50
195 18 0 379 24 51
195 20 1228 331 24 41
195 21 1350 339 27 45
195 22 1765 369 20 51
196 1 740 816 44 156
196 2 644 851 54 141
196 3 862 778 56 127
196 4 1168 764 62 140
196 5 638 593 42 105
196 6 640 546 31 85
196 7 696 575 28 91
196 8 706 565 51 84
196 9 775 575 30 87
196 10 770 564 31 87
196 11 778 590 42 88
196 12 230 408 30 56
196 13 210 403 30 57
196 14 239 373 25 47
196 15 227 370 25 44
196 16 678 370 27 51
196 17 82 360 31 50
196 18 0 379 24 51
196 20 1228 331 24 41
196 21 1348 339 27 45
196 22 1763 369 20 50
197 1 740 816 44 156
197 2 644 851 54 141
197 3 862 778 51 128
197 4 1168 767 64 137
197 5 639 593 42 102
197 6 640 546 31 85
197 7 696 575 28 89
197 8 705 565 52 84
197 9 774 575 30 87
197 10 770 564 31 87
197 11 778 590 42 88
197 12 228 408 30 56
197 13 207 403 30 57
197 14 236 373 25 47
197 15 225 370 25 44
197 16 676 370 27 51
197 17 82 360 31 50
197 18 0 379 25 51
197 20 1227 331 24 40
197 21 1346 339 29 44
197 22 1757 370 24 48
198 1 740 816 44 156
198 2 643 850 54 142
198 3 862 778 46 130
198 4 1167 768 66 135
198 5 639 593 42 102
198 6 640 546 31 85
198 7 696 575 28 89
198 8 707 565 50 84
198 9 774 575 30 87
198 10 770 564 31 87
198 11 777 587 42 88
198 12 223 408 35 57
198 13 204 403 33 56
198 14 237 373 30 47
198 15 223 371 25 44
198 16 673 368 29 53
198 17 82 360 31 50
198 18 0 379 25 51
198 20 1228 331 24 41
198 21 1344 340 29 43
198 22 1756 370 24 47
199 1 741 816 44 157
199 2 643 850 54 143
199 3 860 776 48 132
199 4 1170 768 64 135
199 5 643 593 39 102
199 6 640 546 31 85
199 7 696 575 28 89
199 8 706 565 50 84
199 9 774 575 30 87
199 10 770 564 31 87
199 11 777 587 42 88
199 12 221 408 37 58
199 13 201 403 33 56
199 14 235 373 31 48
199 15 220 371 25 44
199 16 670 368 29 53
199 17 82 360 31 50
199 18 0 379 25 51
199 20 1226 331 20 41
199 21 1344 339 27 44
199 22 1751 370 29 47
200 1 740 816 44 156
200 2 643 850 54 143
200 3 860 776 43 134
200 4 1170 768 63 134
200 5 643 593 39 102
200 6 640 546 31 85
200 7 696 575 28 88
200 8 707 566 48 83
200 9 774 576 30 87
200 10 770 564 31 87
200 11 776 587 42 88
200 12 219 408 36 57
200 13 198 403 34 57
200 14 234 373 29 49
200 15 217 371 25 44
200 16 668 369 30 52
200 17 82 360 31 50
200 18 0 378 25 51
200 20 1225 331 20 42
200 21 1342 340 24 43
200 22 1750 370 29 47
201 1 740 816 44 157
201 2 642 850 54 144
201 3 859 776 37 137
201 4 1170 769 64 134
201 5 644 593 39 102
201 6 640 546 31 85
201 7 696 575 28 88
201 8 712 566 42 83
201 9 774 575 30 87
201 10 770 564 31 87
201 11 776 587 38 90
201 12 217 412 36 53
201 13 195 404 36 55
201 14 230 374 28 46
201 15 214 371 30 51
201 16 665 369 31 54
201 17 82 360 31 50
201 18 0 379 24 51
201 20 1225 329 19 44
201 21 1341 340 24 43
201 22 1748 370 29 47
202 1 740 816 44 157
202 2 642 849 55 144
202 3 858 776 38 138
202 4 1172 771 63 130
202 5 644 593 39 102
202 6 640 546 31 85
202 7 696 575 28 88
202 8 708 567 45 82
202 9 774 575 30 87
202 10 770 564 31 87
202 11 776 587 36 92
202 12 215 412 37 55
202 13 192 405 36 55
202 14 227 374 30 45
202 15 212 371 30 49
202 16 663 371 29 47
202 17 82 360 31 50
202 18 0 379 25 51
202 20 1224 329 19 44
202 21 1338 340 22 45
202 22 1747 370 29 47
203 1 740 816 44 157
203 2 641 848 55 145
203 3 857 776 40 139
203 4 1172 771 63 130
203 5 645 593 43 102
203 6 640 546 31 85
203 7 695 575 28 87
203 8 712 567 41 82
203 9 774 575 30 87
203 10 770 564 31 87
203 11 776 587 35 90
203 12 209 413 35 52
203 13 190 406 36 55
203 14 225 373 31 47
203 15 210 371 31 50
203 16 660 371 29 47
203 17 82 360 31 50
203 18 0 379 25 51
203 20 1222 329 21 44
203 21 1336 340 22 44
203 22 1745 370 32 48
204 1 740 816 44 157
204 2 641 847 55 146
204 3 859 776 38 139
204 4 1172 772 63 129
204 5 645 593 43 102
204 6 640 546 31 85
204 7 695 576 28 87
204 8 712 567 40 81
204 9 774 575 30 87
204 10 770 564 31 87
204 11 775 587 35 90
204 12 207 413 32 53
204 13 188 407 33 52
204 14 224 372 27 51
204 15 207 371 31 50
204 16 657 371 25 50
204 17 82 360 31 50
204 18 0 379 25 51
204 20 1222 329 21 44
204 21 1334 339 24 44
204 22 1747 370 29 49
205 1 740 816 44 157
205 2 640 847 55 146
205 3 859 776 38 139
205 4 1172 772 62 129
205 5 645 593 43 102
205 6 640 546 31 85
205 7 695 576 28 87
205 8 713 564 37 85
205 9 774 575 30 87
205 10 770 564 31 87
205 11 775 587 29 91
205 12 205 413 29 54
205 13 186 407 31 54
205 14 222 371 27 52
205 15 207 371 28 52
205 16 654 370 25 50
205 17 82 360 31 50
205 18 0 378 25 51
205 20 1216 329 25 43
205 21 1332 337 24 45
205 22 1746 370 29 49
206 1 740 816 44 157
206 2 640 847 55 146
206 3 859 776 38 139
206 4 1172 773 62 128
206 5 645 593 43 102
206 6 640 546 31 85
206 7 692 576 31 87
206 8 712 564 37 85
206 9 774 575 31 88
206 10 770 564 31 87
206 11 774 587 29 91
206 12 203 413 29 54
206 13 183 407 31 54
206 14 220 371 28 53
206 15 208 371 24 53
206 16 651 370 25 50
206 17 82 360 31 50
206 18 0 378 25 51
206 20 1216 329 25 43
206 21 1331 337 24 45
206 22 1745 370 25 47
207 1 741 816 44 156
207 2 640 846 55 146
207 3 859 776 38 139
207 4 1171 773 62 128
207 5 646 593 43 102
207 6 640 546 31 85
207 7 692 576 31 87
207 8 711 564 36 85
207 9 774 575 31 88
207 10 770 564 31 87
207 11 774 587 29 91
207 12 197 413 34 55
207 13 181 407 30 55
207 14 218 373 30 47
207 15 206 371 24 51
207 16 648 369 25 50
207 17 82 360 31 50
207 18 0 379 25 51
207 20 1215 329 25 43
207 21 1327 337 27 46
207 22 1747 368 23 49
208 1 742 817 44 156
208 2 640 846 55 146
208 3 858 776 42 139
208 4 1166 774 65 126
208 5 646 593 43 101
208 6 640 546 31 85
208 7 691 576 31 87
208 8 710 564 37 84
208 9 773 575 31 88
208 10 770 564 31 87
208 11 771 588 31 91
208 12 195 413 35 56
208 13 177 407 31 55
208 14 215 375 30 46
208 15 204 371 24 51
208 16 647 368 30 53
208 17 82 360 31 50
208 18 0 379 25 51
208 20 1215 329 28 43
208 21 1324 337 28 47
208 22 1745 367 23 49
209 1 740 816 44 157
209 2 640 846 55 147
209 3 858 776 42 139
209 4 1165 774 63 126
209 5 646 593 43 101
209 6 640 546 31 85
209 7 691 576 31 87
209 8 709 564 37 84
209 9 773 576 31 88
209 10 770 564 31 87
209 11 771 588 31 91
209 12 193 413 35 56
209 13 174 407 34 55
209 14 213 375 30 49
209 15 201 373 23 50
209 16 645 368 28 53
209 17 83 360 31 50
209 18 -1 378 25 51
209 20 1214 329 29 45
209 21 1323 338 27 44
209 22 1744 367 23 49
210 1 742 817 44 155
210 2 640 846 56 147
210 3 858 776 42 139
210 4 1164 774 60 126
210 5 644 593 43 101
210 6 640 546 31 85
210 7 691 576 31 87
210 8 709 565 37 84
210 9 773 576 32 87
210 10 770 564 31 87
210 11 770 589 31 91
210 12 190 414 37 56
210 13 171 407 36 56
210 14 212 376 30 49
210 15 199 373 24 49
210 16 641 369 29 53
210 17 83 360 31 50
210 18 -1 379 25 51
210 20 1214 329 27 44
210 21 1322 338 27 44
210 22 1743 367 23 49
211 1 740 816 44 157
211 2 640 846 55 147
211 3 858 776 42 139
211 4 1160 774 61 126
211 5 644 593 43 101
211 6 640 546 31 85
211 7 691 577 31 87
211 8 711 565 34 84
211 9 773 576 33 87
211 10 770 564 31 87
211 11 770 589 31 91
211 12 188 415 36 53
211 13 168 407 36 57
211 14 209 377 28 49
211 15 197 373 24 50
211 16 639 370 29 53
211 17 83 360 31 50
211 18 -1 379 25 51
211 20 1214 329 25 43
211 21 1319 339 27 43
211 22 1741 367 23 49
212 1 740 816 44 157
212 2 640 846 55 146
212 3 858 777 42 139
212 4 1158 773 62 126
212 5 644 593 43 101
212 6 640 546 31 85
212 7 691 577 31 87
212 8 709 567 36 82
212 9 772 576 34 86
212 10 770 564 31 87
212 11 768 589 31 91
212 12 186 416 33 53
212 13 165 408 38 54
212 14 207 377 28 50
212 15 194 373 25 51
212 16 636 371 28 51
212 17 83 360 31 50
212 18 -1 379 25 51
212 20 1215 332 24 40
212 21 1318 339 24 44
212 22 1740 367 23 49
213 1 740 816 44 157
213 2 640 846 55 146
213 3 857 775 42 139
213 4 1156 768 66 133
213 5 644 593 43 101
213 6 640 546 31 85
213 7 691 577 31 86
213 8 710 565 34 85
213 9 772 576 34 86
213 10 770 564 31 87
213 11 768 589 31 91
213 12 182 416 34 53
213 13 162 409 39 56
213 14 205 377 27 49
213 15 191 373 28 49
213 16 633 371 29 53
213 17 83 360 31 50
213 18 -1 379 25 51
213 20 1214 332 24 40
213 21 1317 339 22 45
213 22 1734 367 28 47
214 1 740 816 44 157
214 2 640 846 55 147
214 3 857 775 42 139
214 4 1155 766 66 134
214 5 644 593 43 100
214 6 640 546 31 85
214 7 690 578 31 86
214 8 710 566 35 80
214 9 771 576 34 86
214 10 770 564 31 87
214 11 767 590 33 91
214 12 179 417 34 52
214 13 159 410 41 59
214 14 202 377 29 50
214 15 189 373 28 49
214 16 631 371 24 51
214 17 83 360 31 50
214 18 -1 379 24 51
214 20 1214 332 22 41
214 21 1313 338 24 44
214 22 1733 367 28 47
215 1 742 818 44 155
215 2 641 847 55 147
215 3 857 775 40 139
215 4 1156 763 66 138
215 5 644 593 43 100
215 6 640 546 31 85
215 7 691 578 30 85
215 8 710 567 36 80
215 9 770 576 34 87
215 10 770 564 31 87
215 11 767 590 34 90
215 12 175 418 33 51
215 13 157 411 33 54
215 14 200 376 30 51
215 15 186 373 29 50
215 16 628 371 24 51
215 17 83 360 31 50
215 18 -1 379 25 51
215 20 1215 331 18 41
215 21 1311 337 24 45
215 22 1731 367 28 47
216 1 740 816 44 157
216 2 641 847 55 147
216 3 857 775 39 139
216 4 1155 762 66 139
216 5 643 593 42 100
216 6 640 546 31 85
216 7 690 578 30 85
216 8 711 567 35 83
216 9 773 576 35 87
216 10 770 564 31 87
216 11 767 590 34 90
216 12 173 418 31 52
216 13 155 412 32 55
216 14 198 377 30 50
216 15 183 373 29 51
216 16 625 370 24 52
216 17 83 360 31 50
216 18 -1 379 25 51
216 20 1215 331 18 41
216 21 1308 337 27 46
216 22 1729 368 30 47
217 1 740 816 44 157
217 2 641 847 55 146
217 3 857 775 39 139
217 4 1156 763 66 138
217 5 644 593 45 101
217 6 640 546 31 85
217 7 688 579 30 85
217 8 710 565 35 86
217 9 773 576 35 87
217 10 770 564 31 87
217 11 766 590 34 90
217 12 171 417 32 54
217 13 151 412 37 55
217 14 197 377 31 51
217 15 182 374 28 49
217 16 622 370 27 52
217 17 83 360 31 50
217 18 -1 379 25 51
217 20 1214 331 16 41
217 21 1306 336 28 47
217 22 1728 368 32 46
218 1 742 817 44 156
218 2 642 847 55 146
218 3 857 775 38 139
218 4 1155 758 67 142
218 5 644 593 45 101
218 6 640 546 31 85
218 7 690 578 30 85
218 8 711 565 35 83
218 9 776 576 31 88
218 10 770 564 31 87
218 11 766 591 34 90
218 12 168 417 32 54
218 13 148 412 37 55
218 14 194 377 32 48
218 15 180 374 28 48
218 16 620 369 27 53
218 17 83 360 31 50
218 18 -1 379 25 51
218 20 1213 331 17 42
218 21 1305 337 28 46
218 22 1725 368 34 46
219 1 740 816 44 157
219 2 642 848 55 145
219 3 857 775 38 139
219 4 1154 758 67 141
219 5 644 593 47 101
219 6 640 546 31 85
219 7 688 578 30 86
219 8 710 564 36 83
219 9 776 576 30 87
219 10 770 564 31 87
219 11 766 591 34 90
219 12 165 416 36 57
219 13 145 412 34 56
219 14 193 377 31 49
219 15 177 374 28 49
219 16 617 370 28 53
219 17 83 360 31 50
219 18 -1 379 25 51
219 20 1211 331 16 43
219 21 1303 337 28 47
219 22 1724 368 34 46
220 1 740 816 44 157
220 2 643 848 55 145
220 3 857 775 38 139
220 4 1152 754 68 142
220 5 644 593 50 97
220 6 640 546 31 85
220 7 688 578 30 86
220 8 710 566 36 81
220 9 776 576 30 87
220 10 770 564 31 87
220 11 766 591 34 90
220 12 162 415 37 58
220 13 141 412 33 56
220 14 191 379 30 49
220 15 176 377 27 49
220 16 614 370 28 53
220 17 83 360 31 50
220 18 -1 379 25 51
220 20 1210 331 16 43
220 21 1299 337 30 47
220 22 1724 368 32 46
221 1 740 816 44 157
221 2 643 849 54 144
221 3 857 775 38 139
221 4 1151 753 68 142
221 5 644 593 50 97
221 6 640 546 31 88
221 7 687 578 30 86
221 8 712 566 34 83
221 9 776 576 30 87
221 10 770 564 31 87
221 11 766 591 34 90
221 12 159 416 39 56
221 13 138 412 35 54
221 14 189 379 28 49
221 15 174 377 27 49
221 16 612 371 29 53
221 17 83 360 31 50
221 18 -1 379 25 51
221 20 1205 331 22 40
221 21 1298 338 29 45
221 22 1723 368 29 44
222 1 740 816 44 157
222 2 643 849 54 144
222 3 857 775 38 139
222 4 1150 753 68 142
222 5 644 593 50 97
222 6 640 546 31 88
222 7 687 578 30 86
222 8 711 564 35 84
222 9 776 576 30 87
222 10 770 564 31 87
222 11 765 591 34 90
222 12 156 417 39 56
222 13 135 412 35 55
222 14 187 379 29 49
222 15 171 377 28 50
222 16 610 371 28 53
222 17 83 360 31 50
222 18 -1 378 25 52
222 20 1205 331 22 40
222 21 1296 339 25 44
222 22 1726 366 24 47
223 1 741 816 44 157
223 2 644 850 54 144
223 3 857 775 38 139
223 4 1148 756 72 137
223 5 644 593 56 95
223 6 640 546 31 88
223 7 687 577 28 85
223 8 712 563 34 85
223 9 775 576 30 88
223 10 770 564 31 87
223 11 765 591 34 90
223 12 154 418 39 55
223 13 132 413 35 55
223 14 183 379 27 49
223 15 170 377 28 50
223 16 608 374 24 50
223 17 83 360 31 50
223 18 -1 379 25 51
223 20 1204 331 22 40
223 21 1295 339 25 44
223 22 1725 366 24 49
224 1 741 816 44 156
224 2 644 850 54 143
224 3 857 775 38 138
224 4 1148 756 72 137
224 5 644 593 58 95
224 6 640 546 31 88
224 7 687 577 28 85
224 8 713 564 33 85
224 9 777 576 28 89
224 10 770 564 31 87
224 11 765 591 34 89
224 12 152 420 37 54
224 13 129 413 35 56
224 14 181 379 24 49
224 15 170 379 24 45
224 16 606 374 24 50
224 17 83 360 31 50
224 18 -1 378 25 52
224 20 1201 330 27 42
224 21 1293 339 25 43
224 22 1727 366 18 50
225 1 741 816 44 156
225 2 644 850 54 143
225 3 857 775 38 138
225 4 1147 755 72 137
225 5 644 593 58 95
225 6 640 546 31 88
225 7 686 577 25 86
225 8 713 563 33 84
225 9 777 576 28 89
225 10 770 564 31 87
225 11 764 590 34 91
225 12 148 421 37 53
225 13 126 415 40 55
225 14 178 378 27 50
225 15 165 377 28 51
225 16 604 373 21 49
225 17 83 360 31 50
225 18 -1 377 25 53
225 20 1201 330 27 42
225 21 1292 336 25 46
225 22 1724 366 20 49
226 1 742 816 44 157
226 2 645 850 54 143
226 3 857 775 38 138
226 4 1146 754 72 138
226 5 644 593 58 95
226 6 640 546 31 88
226 7 685 577 27 86
226 8 713 562 34 86
226 9 777 576 28 89
226 10 770 564 31 87
226 11 767 591 32 90
226 12 146 421 33 55
226 13 124 416 40 54
226 14 177 378 27 51
226 15 164 378 27 49
226 16 601 372 22 52
226 17 83 360 31 50
226 18 -1 378 25 52
226 20 1201 330 27 42
226 21 1291 335 22 46
226 22 1723 366 20 49
227 1 741 816 44 156
227 2 645 851 54 143
227 3 857 776 38 138
227 4 1147 754 71 138
227 5 644 593 58 94
227 6 640 546 31 88
227 7 685 577 27 86
227 8 713 562 33 86
227 9 777 576 28 87
227 10 770 564 31 87
227 11 767 591 32 90
227 12 143 421 33 55
227 13 122 416 34 55
227 14 174 378 27 50
227 15 162 377 27 49
227 16 597 373 24 51
227 17 83 360 31 50
227 18 -1 378 25 52
227 20 1200 331 25 41
227 21 1290 337 21 45
227 22 1722 366 21 49
228 1 741 816 44 156
228 2 645 851 54 142
228 3 857 776 38 138
228 4 1144 753 71 139
228 5 644 593 56 95
228 6 640 546 31 88
228 7 680 576 31 86
228 8 714 561 34 86
228 9 777 576 28 87
228 10 770 564 31 87
228 11 767 591 32 90
228 12 141 421 29 54
228 13 120 416 30 55
228 14 172 378 30 50
228 15 159 377 27 49
228 16 595 372 24 51
228 17 83 360 31 50
228 18 -1 378 25 52
228 20 1202 330 23 41
228 21 1289 337 21 45
228 22 1718 366 24 49
229 1 741 816 44 156
229 2 645 851 54 142
229 3 857 776 38 138
229 4 1144 752 66 136
229 5 644 593 52 95
229 6 640 546 31 88
229 7 680 576 31 86
229 8 716 561 32 87
229 9 777 576 28 87
229 10 770 564 31 87
229 11 767 591 32 90
229 12 135 420 35 55
229 13 118 416 30 55
229 14 170 378 31 51
229 15 157 378 28 50
229 16 592 373 27 52
229 17 83 360 31 50
229 18 -1 378 25 51
229 20 1198 331 24 40
229 21 1286 336 22 43
229 22 1715 366 25 48
230 1 742 816 44 156
230 2 646 851 54 142
230 3 857 776 38 138
230 4 1143 752 66 135
230 5 644 593 46 98
230 6 640 546 31 88
230 7 679 576 31 86
230 8 716 562 32 87
230 9 777 576 28 87
230 10 770 564 31 87
230 11 767 591 32 90
230 12 133 419 37 57
230 13 115 416 30 56
230 14 168 379 30 51
230 15 154 377 27 53
230 16 591 373 27 54
230 17 83 360 31 50
230 18 -1 378 25 51
230 20 1199 331 24 41
230 21 1284 336 24 44
230 22 1714 366 25 49
231 1 741 817 44 156
231 2 646 851 54 142
231 3 857 776 38 138
231 4 1143 751 59 135
231 5 644 592 46 99
231 6 640 546 31 88
231 7 679 576 33 87
231 8 715 562 32 87
231 9 777 576 28 87
231 10 770 564 31 87
231 11 767 591 32 90
231 12 131 419 37 59
231 13 110 416 32 57
231 14 166 379 30 51
231 15 152 377 27 53
231 16 586 373 30 54
231 17 83 360 31 50
231 18 -1 378 25 52
231 20 1198 331 23 42
231 21 1282 336 24 44
231 22 1712 366 27 48
232 1 741 817 44 156
232 2 646 851 54 142
232 3 857 776 38 138
232 4 1141 748 56 135
232 5 644 592 45 99
232 6 640 546 31 88
232 7 679 576 33 87
232 8 715 560 32 87
232 9 777 576 28 87
232 10 770 564 31 87
232 11 767 591 32 90
232 12 129 419 36 59
232 13 107 416 35 55
232 14 163 381 27 49
232 15 150 377 27 53
232 16 584 373 30 52
232 17 83 360 31 50
232 18 -1 378 25 51
232 20 1198 331 20 41
232 21 1280 337 24 44
232 22 1708 366 30 48
233 1 740 816 44 156
233 2 646 852 53 141
233 3 857 779 38 137
233 4 1143 748 58 131
233 5 644 592 46 99
233 6 640 546 31 88
233 7 678 575 33 87
233 8 716 561 32 87
233 9 777 576 28 87
233 10 770 564 31 87
233 11 767 591 32 90
233 12 123 420 40 59
233 13 104 416 37 56
233 14 161 381 30 51
233 15 148 378 27 53
233 16 580 374 31 52
233 17 83 360 31 50
233 18 -1 378 24 51
233 20 1198 330 19 42
233 21 1279 337 23 43
233 22 1707 366 31 46
234 1 741 817 44 156
234 2 646 851 54 142
234 3 857 779 38 137
234 4 1142 748 65 130
234 5 644 592 44 99
234 6 640 546 31 88
234 7 678 575 33 88
234 8 716 561 32 87
234 9 777 576 28 87
234 10 770 564 31 87
234 11 767 591 32 90
234 12 120 421 37 58
234 13 100 415 38 57
234 14 160 381 31 52
234 15 144 377 27 51
234 16 578 374 28 52
234 17 83 360 31 50
234 18 -1 378 25 51
234 20 1197 330 19 42
234 21 1276 338 24 44
234 22 1706 366 31 46
235 1 741 816 44 156
235 2 646 852 53 142
235 3 860 779 35 137
235 4 1141 747 68 133
235 5 644 592 44 100
235 6 640 546 31 88
235 7 677 575 34 88
235 8 714 561 32 87
235 9 777 576 28 87
235 10 770 564 31 87
235 11 767 591 32 90
235 12 118 422 35 58
235 13 97 416 37 57
235 14 158 380 27 51
235 15 143 377 27 51
235 16 576 374 27 53
235 17 83 360 31 50
235 18 -3 376 27 54
235 20 1196 330 20 43
235 21 1273 338 27 42
235 22 1705 366 30 47
236 1 741 816 44 156
236 2 646 851 54 143
236 3 860 779 35 137
236 4 1136 748 76 129
236 5 644 592 42 99
236 6 640 546 31 88
236 7 678 574 34 89
236 8 714 561 33 88
236 9 777 576 28 87
236 10 770 564 31 87
236 11 767 591 32 90
236 12 116 423 35 57
236 13 94 417 38 58
236 14 154 382 30 48
236 15 139 376 28 53
236 16 574 373 24 53
236 17 83 360 31 50
236 18 -2 378 25 52
236 20 1194 330 20 44
236 21 1271 338 22 43
236 22 1704 366 30 46
237 1 741 816 44 156
237 2 646 852 53 141
237 3 860 779 35 137
237 4 1135 745 79 133
237 5 644 592 40 98
237 6 640 546 31 88
237 7 678 574 34 89
237 8 714 562 33 88
237 9 777 576 28 87
237 10 770 564 31 87
237 11 767 591 32 90
237 12 115 426 32 55
237 13 92 418 36 57
237 14 152 381 31 49
237 15 136 376 28 53
237 16 569 372 24 56
237 17 83 360 31 50
237 18 -2 377 25 52
237 20 1193 330 21 44
237 21 1269 337 22 44
237 22 1706 366 24 47
238 1 741 816 44 156
238 2 646 852 53 141
238 3 860 779 35 137
238 4 1128 745 86 132
238 5 642 592 42 98
238 6 640 545 31 88
238 7 677 574 34 89
238 8 713 562 33 86
238 9 777 576 28 87
238 10 770 564 31 87
238 11 767 591 32 90
238 12 113 426 30 55
238 13 89 419 36 58
238 14 153 382 30 50
238 15 135 380 28 50
238 16 566 374 25 55
238 17 83 360 31 50
238 18 -2 377 25 52
238 20 1191 330 23 43
238 21 1266 334 22 47
238 22 1709 366 19 47
239 1 741 816 44 156
239 2 646 852 53 141
239 3 860 779 35 137
239 4 1128 745 86 128
239 5 642 592 42 98
239 6 640 545 31 88
239 7 677 573 34 89
239 8 713 559 32 89
239 9 777 576 28 87
239 10 770 564 31 87
239 11 767 591 32 90
239 12 111 425 28 56
239 13 86 419 36 58
239 14 150 381 32 52
239 15 133 380 28 50
239 16 564 374 24 52
239 17 83 360 31 50
239 18 -2 377 25 52
239 20 1186 330 28 42
239 21 1264 333 22 48
239 22 1708 363 19 51
240 1 741 816 44 156
240 2 646 852 53 141
240 3 860 779 35 137
240 4 1128 745 83 129
240 5 642 592 42 98
240 6 640 545 31 88
240 7 676 573 34 90
240 8 712 559 32 89
240 9 777 576 28 87
240 10 770 564 31 87
240 11 767 591 32 90
240 12 108 424 30 58
240 13 84 419 36 57
240 14 144 383 35 49
240 15 131 380 27 52
240 16 562 374 27 53
240 17 83 360 31 50
240 18 -2 378 25 52
240 20 1186 330 27 43
240 21 1261 333 27 49
240 22 1703 363 23 50
241 1 741 816 44 156
241 2 646 852 53 141
241 3 860 779 35 136
241 4 1123 745 88 129
241 5 642 592 42 98
241 6 640 545 31 88
241 7 676 573 34 90
241 8 712 559 32 89
241 9 777 576 28 86
241 10 769 564 31 87
241 11 767 590 32 90
241 12 102 423 35 58
241 13 81 419 30 57
241 14 142 383 35 49
241 15 130 380 27 52
241 16 559 374 29 53
241 17 83 360 31 50
241 18 -2 377 25 52
241 20 1186 330 27 43
241 21 1257 333 29 48
241 22 1702 363 21 49
242 1 741 816 44 156
242 2 646 852 53 141
242 3 860 779 35 136
242 4 1123 742 82 132
242 5 640 592 44 98
242 6 638 545 31 89
242 7 676 572 35 91
242 8 711 559 32 89
242 9 777 576 28 86
242 10 769 564 31 87
242 11 767 591 32 90
242 12 99 423 35 58
242 13 78 419 30 57
242 14 141 383 32 50
242 15 126 380 27 53
242 16 557 374 30 54
242 17 83 360 31 50
242 18 0 377 24 49
242 20 1184 330 27 43
242 21 1255 333 29 48
242 22 1701 363 21 49
243 1 740 816 44 156
243 2 645 852 53 141
243 3 860 779 35 136
243 4 1125 742 76 128
243 5 640 592 44 98
243 6 640 545 31 88
243 7 675 572 32 91
243 8 711 559 32 89
243 9 777 576 28 87
243 10 769 564 31 87
243 11 767 590 32 90
243 12 97 423 37 60
243 13 74 418 30 58
243 14 139 385 32 50
243 15 124 381 27 52
243 16 554 375 29 53
243 17 83 360 31 50
243 18 0 377 24 49
243 20 1185 330 24 43
243 21 1253 334 29 47
243 22 1698 363 23 48
244 1 740 816 44 156
244 2 645 852 53 141
244 3 860 779 35 137
244 4 1125 742 71 128
244 5 640 592 44 98
244 6 640 545 31 88
244 7 675 572 32 91
244 8 710 559 32 89
244 9 777 576 28 87
244 10 769 564 31 87
244 11 767 590 32 90
244 12 94 426 37 58
244 13 71 418 35 61
244 14 135 386 29 47
244 15 124 382 29 50
244 16 552 375 29 53
244 17 83 360 31 50
244 18 0 377 24 49
244 20 1185 330 25 42
244 21 1254 335 25 45
244 22 1694 363 25 49
245 1 741 816 44 156
245 2 645 852 53 141
245 3 860 780 35 136
245 4 1125 742 65 127
245 5 640 592 44 98
245 6 640 545 31 88
245 7 674 572 30 91
245 8 710 560 32 89
245 9 777 576 28 87
245 10 769 564 31 87
245 11 767 590 32 90
245 12 92 427 37 57
245 13 68 418 36 60
245 14 132 386 30 49
245 15 122 382 29 51
245 16 549 376 24 52
245 17 83 360 31 50
245 18 0 377 24 49
245 20 1185 330 25 42
245 21 1252 335 24 44
245 22 1690 363 29 48
246 1 741 816 44 156
246 2 645 852 53 142
246 3 860 780 35 136
246 4 1125 742 59 131
246 5 639 591 44 98
246 6 640 545 31 88
246 7 674 572 30 91
246 8 709 560 35 90
246 9 777 576 28 86
246 10 769 564 31 87
246 11 767 590 32 90
246 12 90 428 37 57
246 13 65 419 36 60
246 14 130 385 31 51
246 15 119 382 31 50
246 16 547 376 21 50
246 17 83 360 31 50
246 18 0 377 24 49
246 20 1184 330 24 41
246 21 1250 335 23 47
246 22 1689 363 29 48
247 1 741 816 44 156
247 2 645 852 53 142
247 3 860 780 35 136
247 4 1125 743 56 131
247 5 638 592 44 98
247 6 640 545 31 88
247 7 674 572 30 91
247 8 709 560 36 87
247 9 777 576 28 86
247 10 769 564 31 87
247 11 767 590 32 90
247 12 85 430 38 55
247 13 62 420 36 60
247 14 127 385 32 49
247 15 117 384 31 49
247 16 544 377 23 49
247 17 83 360 31 50
247 18 0 377 24 49
247 20 1185 330 22 42
247 21 1249 335 22 45
247 22 1686 363 30 49
248 1 741 816 44 157
248 2 645 852 53 142
248 3 860 780 35 136
248 4 1125 744 55 132
248 5 638 592 44 98
248 6 640 545 31 88
248 7 673 572 30 91
248 8 709 560 36 87
248 9 777 576 28 86
248 10 769 564 31 87
248 11 767 590 32 90
248 12 82 431 35 54
248 13 60 421 37 59
248 14 125 385 32 49
248 15 113 381 24 55
248 16 541 376 23 51
248 17 83 360 31 50
248 18 -1 377 24 49
248 20 1185 330 21 43
248 21 1247 335 22 45
248 22 1685 363 33 47
249 1 741 816 44 157
249 2 645 852 53 142
249 3 860 780 35 136
249 4 1125 745 55 135
249 5 638 592 44 98
249 6 640 545 31 88
249 7 673 572 30 90
249 8 708 560 36 87
249 9 777 576 28 86
249 10 769 564 31 87
249 11 767 590 32 90
249 12 80 431 32 55
249 13 58 422 37 59
249 14 123 385 32 49
249 15 111 382 24 55
249 16 538 375 27 53
249 17 83 360 31 50
249 18 -1 377 24 49
249 20 1185 330 19 42
249 21 1246 334 22 46
249 22 1684 363 33 47
250 1 740 816 44 156
250 2 645 852 53 142
250 3 860 780 35 136
250 4 1132 746 45 138
250 5 638 592 44 98
250 6 640 545 31 88
250 7 673 572 29 91
250 8 707 560 37 87
250 9 777 576 28 86
250 10 769 564 31 87
250 11 767 590 32 90
250 12 75 430 30 56
250 13 55 422 35 60
250 14 121 386 32 49
250 15 109 382 24 55
250 16 533 375 29 54
250 17 83 360 31 50
250 18 -1 377 24 49
250 20 1183 330 20 42
250 21 1243 334 23 46
250 22 1685 363 30 47
251 1 740 816 44 156
251 2 645 852 53 142
251 3 860 780 35 136
251 4 1132 748 45 137
251 5 639 592 44 98
251 6 640 545 31 88
251 7 672 572 29 87
251 8 707 560 37 87
251 9 777 576 28 86
251 10 769 564 31 87
251 11 767 590 32 90
251 12 72 429 31 57
251 13 53 422 28 60
251 14 118 387 32 48
251 15 107 382 24 56
251 16 530 375 32 56
251 17 83 360 31 50
251 18 -1 377 24 49
251 20 1183 330 18 42
251 21 1239 334 25 43
251 22 1684 363 30 47
252 1 740 816 44 156
252 2 645 852 53 142
252 3 860 780 35 136
252 4 1132 751 46 138
252 5 639 592 44 98
252 6 640 545 31 88
252 7 670 572 31 88
252 8 707 560 37 87
252 9 777 576 28 86
252 10 769 564 31 87
252 11 767 590 32 90
252 12 71 428 32 59
252 13 50 422 27 61
252 14 117 389 31 47
252 15 104 382 24 57
252 16 527 375 34 55
252 17 82 360 31 50
252 18 -1 377 24 49
252 20 1182 330 17 42
252 21 1237 334 25 44
252 22 1685 363 28 48
253 1 741 818 44 155
253 2 644 851 55 143
253 3 860 780 35 136
253 4 1132 753 45 135
253 5 639 592 44 98
253 6 639 546 31 88
253 7 670 572 31 88
253 8 706 560 37 87
253 9 776 576 28 86
253 10 769 564 31 87
253 11 767 590 32 90
253 12 68 428 34 58
253 13 43 424 31 60
253 14 115 389 31 48
253 15 102 383 27 51
253 16 525 376 34 53
253 17 82 360 31 50
253 18 -2 377 24 49
253 20 1180 330 18 41
253 21 1235 334 25 44
253 22 1684 363 24 49
254 1 740 816 44 156
254 2 644 851 55 143
254 3 860 780 35 136
254 4 1132 755 45 134
254 5 639 594 44 98
254 6 639 545 31 88
254 7 670 572 30 88
254 8 706 560 37 87
254 9 776 576 28 87
254 10 769 564 31 87
254 11 767 590 32 90
254 12 66 428 36 61
254 13 40 424 33 57
254 14 111 390 30 46
254 15 101 383 25 50
254 16 523 376 31 52
254 17 82 360 31 50
254 18 -1 377 24 49
254 20 1177 330 20 40
254 21 1233 335 28 44
254 22 1683 363 23 47
255 1 740 816 44 156
255 2 644 851 55 143
255 3 860 780 35 136
255 4 1132 757 44 132
255 5 639 594 44 95
255 6 639 546 31 86
255 7 670 572 30 88
255 8 706 560 37 87
255 9 776 576 28 87
255 10 769 564 31 87
255 11 767 590 32 90
255 12 58 430 40 57
255 13 37 424 37 57
255 14 110 388 29 49
255 15 100 384 24 46
255 16 521 377 29 50
255 17 82 360 31 50
255 18 -1 377 24 49
255 20 1174 330 23 43
255 21 1231 336 27 44
255 22 1682 363 23 47
256 1 740 816 44 156
256 2 644 851 55 143
256 3 860 780 35 136
256 4 1132 758 44 131
256 5 639 594 44 95
256 6 639 546 31 86
256 7 670 572 30 88
256 8 706 560 37 87
256 9 776 576 28 87
256 10 769 564 31 87
256 11 767 590 32 90
256 12 55 431 40 58
256 13 34 424 39 60
256 14 108 387 30 51
256 15 96 385 25 51
256 16 516 378 29 50
256 17 82 360 31 50
256 18 -2 377 24 49
256 20 1174 330 24 42
256 21 1230 337 25 42
256 22 1681 362 22 48
257 1 740 816 44 156
257 2 643 850 55 144
257 3 859 780 35 136
257 4 1132 757 44 133
257 5 639 594 44 95
257 6 639 546 31 86
257 7 669 572 30 88
257 8 706 560 37 87
257 9 776 576 28 86
257 10 769 564 31 87
257 11 767 591 32 90
257 12 52 433 39 57
257 13 31 425 37 60
257 14 105 388 30 51
257 15 93 382 24 54
257 16 515 378 24 53
257 17 82 360 31 50
257 18 -2 377 24 49
257 20 1174 330 24 43
257 21 1228 337 25 42
257 22 1682 362 20 49
258 1 740 816 44 156
258 2 643 850 55 144
258 3 859 780 35 136
258 4 1132 757 43 133
258 5 639 594 44 95
258 6 639 546 31 86
258 7 669 572 30 87
258 8 706 560 37 87
258 9 776 576 28 86
258 10 769 564 31 87
258 11 767 591 32 90
258 12 50 435 37 54
258 13 28 426 39 60
258 14 102 388 30 50
258 15 92 383 22 53
258 16 513 377 25 55
258 17 82 360 31 50
258 18 -2 377 24 49
258 20 1173 330 24 44
258 21 1226 337 23 41
258 22 1680 362 20 46
259 1 740 816 44 156
259 2 643 850 55 144
259 3 859 780 35 136
259 4 1132 757 41 133
259 5 639 594 44 95
259 6 639 546 31 86
259 7 669 573 30 87
259 8 706 560 37 87
259 9 776 576 28 86
259 10 769 564 31 87
259 11 766 591 32 90
259 12 47 435 36 56
259 13 24 427 39 60
259 14 101 388 34 48
259 15 90 384 22 54
259 16 510 376 28 55
259 17 82 360 31 50
259 18 -2 377 24 49
259 20 1172 330 25 45
259 21 1224 336 24 43
259 22 1679 362 20 46
260 1 740 816 44 156
260 2 643 850 55 144
260 3 859 780 35 136
260 4 1131 757 41 133
260 5 639 594 44 95
260 6 639 546 31 86
260 7 669 573 30 87
260 8 706 560 37 87
260 9 776 576 28 86
260 10 768 564 31 87
260 11 766 591 32 90
260 12 45 435 32 57
260 13 22 428 40 61
260 14 99 388 35 49
260 15 88 386 22 53
260 16 505 377 31 53
260 17 82 360 31 50
260 18 -2 377 24 49
260 20 1169 330 29 41
260 21 1222 335 24 45
260 22 1671 362 27 46
261 1 740 816 44 156
261 2 643 850 56 144
261 3 859 780 35 136
261 4 1122 757 50 133
261 5 639 594 44 95
261 6 639 546 31 86
261 7 667 573 29 86
261 8 706 560 37 87
261 9 776 576 28 87
261 10 768 564 31 87
261 11 766 591 32 90
261 12 43 435 31 58
261 13 21 429 34 60
261 14 97 388 35 49
261 15 86 386 24 53
261 16 503 377 31 54
261 17 82 360 31 50
261 18 -2 378 24 49
261 20 1169 330 25 42
261 21 1220 335 24 43
261 22 1670 362 27 46
262 1 740 816 44 157
262 2 642 849 56 145
262 3 859 781 35 135
262 4 1120 757 52 133
262 5 639 594 44 95
262 6 639 546 31 86
262 7 667 573 31 86
262 8 706 560 37 87
262 9 776 576 28 87
262 10 768 564 31 87
262 11 766 591 32 90
262 12 40 435 34 57
262 13 19 429 30 60
262 14 96 389 31 49
262 15 85 386 24 53
262 16 500 377 31 54
262 17 82 360 31 50
262 18 -2 377 24 49
262 20 1171 330 22 44
262 21 1216 335 27 42
262 22 1665 362 32 48
263 1 741 817 44 156
263 2 642 849 56 145
263 3 859 780 35 136
263 4 1115 757 57 133
263 5 639 594 44 95
263 6 639 546 31 86
263 7 667 573 31 86
263 8 707 560 37 87
263 9 776 576 28 87
263 10 768 564 31 87
263 11 766 591 32 90
263 12 37 434 36 59
263 13 12 431 34 58
263 14 92 390 32 48
263 15 79 387 28 52
263 16 497 378 31 54
263 17 82 360 31 50
263 18 -2 377 24 49
263 20 1171 330 22 42
263 21 1214 335 27 42
263 22 1664 362 32 48
263 23 1901 408 21 56
264 1 741 816 44 157
264 2 642 849 56 145
264 3 859 780 35 136
264 4 1109 757 63 133
264 5 639 594 44 95
264 6 639 546 31 86
264 7 667 573 31 85
264 8 707 560 37 87
264 9 776 576 28 87
264 10 768 564 31 87
264 11 766 591 32 90
264 12 34 433 37 60
264 13 9 431 32 58
264 14 91 390 32 49
264 15 77 387 29 53
264 16 494 379 34 53
264 17 81 360 31 50
264 18 -2 377 24 49
264 20 1170 330 22 43
264 21 1212 335 29 43
264 22 1663 362 34 47
264 23 1897 407 25 56
265 1 740 816 44 157
265 2 642 848 56 146
265 3 859 780 35 136
265 4 1105 757 68 133
265 5 638 594 44 95
265 6 638 546 31 86
265 7 666 573 33 85
265 8 707 560 37 87
265 9 776 576 28 87
265 10 768 564 31 87
265 11 766 591 32 90
265 12 31 434 38 57
265 13 6 431 34 57
265 14 89 389 32 48
265 15 75 386 28 55
265 16 492 380 32 54
265 17 81 360 31 50
265 18 -2 377 24 49
265 20 1170 330 20 41
265 21 1211 335 29 43
265 22 1662 362 34 47
265 23 1893 406 29 57
266 1 740 816 44 157
266 2 641 848 56 146
266 3 859 780 35 136
266 4 1100 757 73 133
266 5 638 594 44 95
266 6 638 546 31 86
266 7 666 573 33 85
266 8 708 560 37 87
266 9 776 576 28 87
266 10 768 564 31 87
266 11 766 591 32 90
266 12 28 435 39 59
266 13 3 431 35 58
266 14 86 391 28 49
266 15 72 386 32 53
266 16 490 383 31 49
266 17 79 360 31 50
266 18 -2 377 24 49
266 20 1169 330 19 40
266 21 1210 336 25 41
266 22 1662 362 32 48
266 23 1889 405 33 58
267 1 739 816 44 157
267 2 641 847 56 146
267 3 859 780 35 136
267 4 1098 757 75 133
267 5 638 594 44 95
267 6 638 546 31 86
267 7 666 573 33 85
267 8 708 560 37 87
267 9 776 576 28 87
267 10 768 564 31 87
267 11 766 591 32 90
267 12 24 436 39 59
267 13 0 431 36 59
267 14 84 391 27 49
267 15 70 386 33 53
267 16 488 383 28 50
267 17 79 359 31 50
267 18 -2 377 24 49
267 20 1168 330 19 40
267 21 1209 336 24 43
267 22 1661 362 32 49
267 23 1881 405 35 58
268 1 739 816 44 157
268 2 641 847 56 147
268 3 859 780 35 136
268 4 1098 757 75 133
268 5 638 594 44 95
268 6 638 546 31 86
268 7 666 573 33 85
268 8 707 560 38 88
268 9 776 576 28 87
268 10 768 564 31 87
268 11 766 591 32 90
268 12 23 437 40 59
268 13 0 432 35 59
268 14 82 391 31 49
268 15 68 386 33 53
268 16 485 383 25 51
268 17 78 360 31 50
268 18 -2 378 24 48
268 20 1168 330 19 41
268 21 1207 337 23 42
268 22 1660 362 30 49
268 23 1877 405 35 58
269 1 739 816 44 157
269 2 640 847 57 147
269 3 859 781 35 135
269 4 1098 757 76 134
269 5 638 594 44 95
269 6 638 546 31 86
269 7 665 573 33 85
269 8 707 560 38 88
269 9 776 576 28 86
269 10 768 564 31 87
269 11 766 591 32 90
269 12 21 439 39 58
269 13 0 432 29 61
269 14 80 391 33 51
269 15 66 387 32 53
269 16 482 382 28 53
269 17 79 361 31 50
269 18 -2 378 24 49
269 20 1167 330 19 41
269 21 1205 336 24 43
269 22 1659 362 30 47
269 23 1874 406 37 58
270 1 739 816 44 157
270 2 640 846 57 148
270 3 860 780 35 136
270 4 1098 757 78 134
270 5 638 594 44 95
270 6 638 546 31 86
270 7 665 572 34 83
270 8 708 560 38 88
270 9 776 576 28 87
270 10 768 564 31 87
270 11 766 591 32 90
270 12 18 441 37 54
270 13 -1 433 28 59
270 14 75 391 34 49
270 15 64 388 32 53
270 16 479 381 29 54
270 17 79 360 31 50
270 18 -2 378 24 48
270 20 1163 330 23 42
270 21 1203 335 23 44
270 22 1658 362 29 45
270 23 1871 406 37 58
271 1 740 816 44 157
271 2 640 846 57 148
271 3 860 780 35 136
271 4 1099 757 77 134
271 5 638 594 44 95
271 6 638 546 31 86
271 7 665 572 34 83
271 8 708 560 38 88
271 9 776 576 28 87
271 10 768 564 31 87
271 11 766 591 32 90
271 12 15 441 36 57
271 13 -1 439 23 54
271 14 73 391 35 50
271 15 62 388 32 54
271 16 476 382 31 53
271 17 81 360 31 50
271 18 -2 378 24 48
271 20 1161 330 24 42
271 21 1202 334 23 44
271 22 1661 362 22 46
271 23 1866 406 30 59
272 1 735 816 48 157
272 2 642 847 54 146
272 3 858 780 37 137
272 4 1101 757 75 134
272 5 638 594 44 95
272 6 638 546 31 86
272 7 665 572 34 83
272 8 710 560 36 88
272 9 776 576 28 87
272 10 768 564 31 87
272 11 766 591 32 90
272 12 13 441 34 55
272 13 -1 442 20 54
272 14 70 394 33 47
272 15 60 389 32 53
272 16 473 381 32 55
272 17 81 360 31 50
272 18 -1 377 24 49
272 20 1158 330 28 42
272 21 1199 334 23 44
272 22 1660 362 22 46
272 23 1865 405 27 59
273 1 735 817 47 156
273 2 642 847 54 146
273 3 858 780 37 138
273 4 1102 757 75 133
273 5 638 593 44 95
273 6 638 546 31 86
273 7 665 572 34 83
273 8 710 560 36 88
273 9 776 576 28 87
273 10 768 564 31 87
273 11 766 591 32 90
273 12 10 441 31 57
273 14 68 395 33 47
273 15 56 389 30 50
273 16 470 381 36 52
273 17 79 361 31 50
273 18 -2 377 24 49
273 20 1158 330 25 42
273 21 1198 334 23 43
273 22 1659 362 21 46
273 23 1862 404 28 61
274 1 733 817 49 156
274 2 642 846 54 147
274 3 859 779 37 138
274 4 1109 757 68 134
274 5 638 594 44 95
274 6 638 546 31 86
274 7 666 571 33 84
274 8 711 560 36 88
274 9 776 576 28 87
274 10 768 564 31 87
274 11 766 591 32 90
274 12 7 440 32 58
274 14 66 395 33 48
274 15 54 389 30 50
274 16 468 381 35 54
274 17 79 360 31 50
274 18 -1 377 24 49
274 20 1158 330 25 42
274 21 1195 334 24 42
274 22 1658 361 22 47
274 23 1858 403 30 59
275 1 732 817 52 156
275 2 641 846 54 147
275 3 859 779 37 138
275 4 1114 757 63 134
275 5 638 594 46 96
275 6 638 546 31 86
275 7 666 571 33 84
275 8 711 560 36 88
275 9 776 576 28 87
275 10 768 564 31 87
275 11 766 591 32 90
275 12 0 441 39 59
275 14 63 393 32 47
275 15 52 389 29 48
275 16 466 382 34 55
275 17 79 360 31 50
275 18 -1 377 24 49
275 20 1157 330 25 42
275 21 1192 334 25 43
275 22 1657 361 22 47
275 23 1854 402 30 58
276 1 733 817 51 156
276 2 641 846 54 147
276 3 859 779 37 138
276 4 1120 757 61 135
276 5 638 594 46 96
276 6 638 546 31 86
276 7 666 571 33 85
276 8 711 560 34 88
276 9 776 576 28 87
276 10 768 564 31 87
276 11 766 591 32 90
276 12 -2 441 38 58
276 14 61 394 29 48
276 15 49 389 29 48
276 16 464 382 32 56
276 17 78 361 31 50
276 18 -1 377 24 49
276 20 1158 331 24 42
276 21 1190 334 25 43
276 22 1652 361 25 46
276 23 1847 402 33 59
277 1 732 819 52 153
277 2 641 845 55 147
277 3 860 779 37 137
277 4 1129 757 52 135
277 5 638 594 49 96
277 6 638 546 31 86
277 7 666 570 33 85
277 8 711 560 34 88
277 9 776 576 28 87
277 10 768 564 31 87
277 11 766 591 32 90
277 12 -3 441 36 58
277 14 59 394 30 49
277 15 47 390 30 50
277 16 460 384 30 52
277 17 79 360 31 50
277 18 -1 377 24 49
277 20 1158 331 23 42
277 21 1188 335 25 42
277 22 1650 361 27 46
277 23 1843 402 37 59
278 1 732 819 52 153
278 2 641 845 55 148
278 3 859 779 37 137
278 4 1131 757 51 135
278 5 638 594 49 96
278 6 638 546 31 86
278 7 666 570 33 83
278 8 711 560 34 88
278 9 776 576 28 87
278 10 768 564 31 87
278 11 766 591 32 90
278 12 -1 442 34 58
278 14 56 394 34 49
278 15 44 390 32 53
278 16 457 384 28 52
278 17 79 360 31 50
278 18 -1 378 24 48
278 20 1157 331 24 41
278 21 1186 335 24 42
278 22 1645 361 31 46
278 23 1840 402 37 58
279 1 732 819 52 153
279 2 641 845 55 148
279 3 859 778 37 138
279 4 1132 757 51 135
279 5 638 594 49 97
279 6 638 546 31 86
279 7 666 572 33 81
279 8 711 560 34 88
279 9 776 576 28 87
279 10 768 564 31 87
279 11 766 591 32 90
279 12 -3 443 31 59
279 14 54 394 35 50
279 15 42 391 32 52
279 16 454 384 28 53
279 17 78 360 31 50
279 18 -1 378 24 48
279 20 1156 331 24 41
279 21 1185 336 24 40
279 22 1644 361 31 46
279 23 1837 403 34 56
280 1 732 819 52 153
280 2 640 845 55 148
280 3 860 778 37 134
280 4 1133 757 53 135
280 5 638 593 49 97
280 6 639 546 31 85
280 7 666 572 33 81
280 8 711 560 34 88
280 9 776 576 28 87
280 10 768 564 31 87
280 11 766 591 32 90
280 12 1 450 22 53
280 14 52 394 37 50
280 15 40 391 32 52
280 16 451 383 29 53
280 17 78 360 31 50
280 18 0 378 24 48
280 20 1156 331 21 42
280 21 1182 335 25 42
280 22 1646 361 28 46
280 23 1834 403 29 53
281 1 732 819 52 153
281 2 640 845 55 148
281 3 860 778 37 134
281 4 1134 757 55 135
281 5 638 593 52 97
281 6 639 546 30 85
281 7 666 572 33 81
281 8 711 560 34 88
281 9 776 576 28 87
281 10 768 564 31 87
281 11 766 591 32 90
281 12 -2 452 20 50
281 14 50 394 38 52
281 15 36 392 33 54
281 16 448 383 31 54
281 17 78 360 31 50
281 18 0 377 24 48
281 20 1156 331 21 42
281 21 1184 335 20 44
281 22 1645 361 28 46
281 23 1830 403 25 53
282 1 732 819 52 152
282 2 640 845 55 148
282 3 862 777 34 135
282 4 1133 757 60 135
282 5 638 593 52 97
282 6 639 546 30 84
282 7 666 571 33 82
282 8 709 560 36 88
282 9 776 576 28 87
282 10 768 564 31 87
282 11 766 591 32 90
282 14 48 394 36 51
282 15 34 392 33 54
282 16 445 383 32 55
282 17 78 360 31 50
282 18 0 377 24 49
282 20 1156 330 19 39
282 21 1182 334 20 45
282 22 1646 361 25 46
282 23 1827 402 25 53
283 1 732 820 52 152
283 2 640 845 55 148
283 3 862 777 35 136
283 4 1132 757 64 135
283 5 638 593 52 98
283 6 638 546 31 85
283 7 666 571 33 82
283 8 709 560 36 88
283 9 776 576 28 87
283 10 768 564 31 87
283 11 766 591 32 90
283 14 43 397 38 47
283 15 35 393 29 54
283 16 443 383 31 54
283 17 78 361 31 50
283 18 0 377 24 49
283 20 1155 330 19 39
283 21 1180 334 21 45
283 22 1645 361 25 46
283 23 1822 401 30 55
284 1 732 819 52 152
284 2 640 845 55 148
284 3 862 777 35 136
284 4 1133 757 64 135
284 5 638 593 52 98
284 6 638 546 31 85
284 7 666 571 33 82
284 8 707 560 38 88
284 9 775 576 28 87
284 10 768 564 31 87
284 11 766 591 32 90
284 14 41 397 37 48
284 15 33 393 28 55
284 16 440 384 31 55
284 17 78 359 31 50
284 18 0 377 24 48
284 20 1155 330 17 42
284 21 1176 334 23 45
284 22 1643 361 24 46
284 23 1818 400 30 55
285 1 732 819 52 152
285 2 640 845 55 148
285 3 862 777 35 136
285 4 1133 760 64 133
285 5 638 592 52 98
285 6 638 546 31 85
285 7 666 571 33 82
285 8 706 560 39 88
285 9 775 576 28 87
285 10 768 564 31 87
285 11 766 591 32 90
285 14 39 397 37 48
285 15 31 393 28 52
285 16 436 384 33 54
285 17 79 359 31 50
285 18 0 377 24 48
285 20 1154 330 16 43
285 21 1174 334 23 45
285 22 1646 361 21 46
285 23 1816 399 30 55
286 1 732 819 52 153
286 2 640 844 55 148
286 3 861 777 38 135
286 4 1134 760 64 134
286 5 638 592 52 98
286 6 638 546 31 85
286 7 666 571 33 82
286 8 701 560 44 88
286 9 775 576 28 87
286 10 768 564 31 87
286 11 766 591 32 90
286 14 37 396 33 48
286 15 29 393 30 51
286 16 436 385 31 52
286 17 78 360 31 50
286 18 0 377 24 48
286 20 1149 330 21 43
286 21 1172 334 24 44
286 22 1645 358 21 46
286 23 1807 399 38 56
287 1 731 819 52 153
287 2 640 845 55 148
287 3 861 777 38 135
287 4 1135 760 65 134
287 5 638 592 53 98
287 6 640 547 29 82
287 7 666 571 33 82
287 8 701 560 44 88
287 9 775 576 28 87
287 10 768 564 31 87
287 11 765 591 32 90
287 14 35 396 29 49
287 15 25 393 30 52
287 16 434 386 30 51
287 17 79 360 31 50
287 18 0 377 24 49
287 20 1149 330 19 41
287 21 1170 334 24 44
287 22 1644 358 18 47
287 23 1803 399 38 56
288 1 732 819 52 153
288 2 641 845 55 147
288 3 861 777 38 135
288 4 1136 761 64 133
288 5 638 592 53 98
288 6 638 546 30 84
288 7 666 571 33 82
288 8 698 560 46 88
288 9 775 576 28 87
288 10 768 564 31 87
288 11 765 591 32 90
288 14 33 396 30 50
288 15 22 393 34 56
288 16 430 386 29 53
288 17 78 359 31 50
288 18 0 377 24 49
288 20 1145 329 25 44
288 21 1169 333 23 46
288 22 1643 358 18 47
288 23 1799 399 39 57
289 1 732 819 52 153
289 2 641 845 55 148
289 3 861 777 38 135
289 4 1138 761 65 132
289 5 638 592 53 99
289 6 638 546 31 85
289 7 666 571 30 82
289 8 695 560 49 88
289 9 775 576 28 87
289 10 768 564 31 87
289 11 765 591 32 90
289 14 30 396 34 51
289 15 20 393 34 56
289 16 427 386 28 53
289 17 80 360 31 50
289 18 0 377 24 49
289 20 1145 329 24 46
289 21 1168 334 22 45
289 22 1639 358 21 48
289 23 1796 399 36 51
290 1 732 819 52 153
290 2 641 845 55 148
290 3 861 777 38 138
290 4 1142 761 64 133
290 5 638 592 53 99
290 6 639 546 31 87
290 7 666 571 33 82
290 8 694 560 50 88
290 9 775 576 28 87
290 10 768 564 31 87
290 11 765 591 32 90
290 14 28 397 34 51
290 15 18 394 29 57
290 16 424 385 29 55
290 17 77 360 31 50
290 18 1 378 24 47
290 20 1145 329 24 44
290 21 1166 333 22 45
290 22 1638 358 21 48
290 23 1792 400 34 49
291 1 731 819 52 153
291 2 641 845 55 148
291 3 861 777 38 138
291 4 1147 761 60 136
291 5 638 592 54 99
291 6 639 546 31 87
291 7 666 571 34 83
291 8 694 560 49 87
291 9 775 575 28 87
291 10 768 564 31 87
291 11 765 591 32 90
291 14 25 397 34 50
291 15 16 395 29 58
291 16 420 385 31 53
291 17 77 360 31 50
291 18 0 377 24 49
291 20 1144 329 25 43
291 21 1165 333 22 45
291 22 1634 358 23 48
291 23 1792 400 30 50
292 1 732 819 52 153
292 2 641 846 54 147
292 3 861 777 39 140
292 4 1151 761 59 137
292 5 637 592 53 99
292 6 639 546 31 87
292 7 666 571 34 82
292 8 693 560 50 87
292 9 775 575 28 87
292 10 768 564 31 87
292 11 765 591 32 90
292 14 24 399 33 50
292 15 15 396 29 57
292 16 417 385 34 53
292 17 78 361 31 50
292 18 0 377 24 49
292 20 1143 329 27 43
292 21 1161 332 23 47
292 22 1633 358 23 48
292 23 1788 399 24 52
293 1 731 818 52 154
293 2 641 845 54 147
293 3 861 777 39 140
293 4 1157 761 57 138
293 5 641 591 49 100
293 6 639 546 31 87
293 7 666 571 33 82
293 8 690 560 53 87
293 9 775 575 28 87
293 10 768 564 31 87
293 11 765 591 32 90
293 14 21 400 34 49
293 15 14 396 22 54
293 16 415 385 34 54
293 17 78 360 31 50
293 18 0 377 24 48
293 20 1143 329 25 43
293 21 1160 333 21 46
293 22 1628 358 25 48
293 23 1785 398 24 53
294 1 731 818 52 154
294 2 642 846 54 146
294 3 861 777 39 140
294 4 1161 761 56 140
294 5 641 591 51 103
294 6 639 546 31 87
294 7 666 571 31 82
294 8 689 560 54 87
294 9 775 575 28 87
294 10 768 564 31 87
294 11 765 590 32 90
294 14 18 400 34 48
294 15 12 396 22 54
294 16 411 385 36 54
294 17 78 360 31 50
294 18 1 378 23 46
294 20 1144 329 24 45
294 21 1159 333 20 45
294 22 1627 358 28 49
294 23 1780 397 28 52
295 1 732 818 52 154
295 2 642 846 54 146
295 3 861 777 39 142
295 4 1165 761 55 144
295 5 641 591 51 103
295 6 639 546 31 87
295 7 666 571 31 82
295 8 689 564 54 83
295 9 775 575 28 87
295 10 768 564 31 87
295 11 765 590 32 90
295 14 16 401 32 48
295 15 9 396 22 54
295 16 408 386 36 54
295 17 76 360 31 50
295 18 0 377 24 48
295 20 1145 329 20 41
295 21 1155 335 19 43
295 22 1626 358 28 49
295 23 1777 396 29 53
296 1 729 819 52 153
296 2 642 846 54 146
296 3 861 777 39 142
296 4 1166 761 58 144
296 5 641 591 51 103
296 6 639 546 31 86
296 7 666 571 31 82
296 8 687 564 56 83
296 9 775 575 28 87
296 10 768 564 31 87
296 11 765 590 32 90
296 14 13 401 31 46
296 15 6 396 27 53
296 16 406 386 36 54
296 17 76 360 31 50
296 18 1 378 23 46
296 20 1144 329 19 41
296 21 1153 333 19 45
296 22 1625 358 28 45
296 23 1773 395 29 53
297 1 732 818 48 154
297 2 642 846 54 146
297 3 861 777 39 142
297 4 1168 761 60 145
297 5 641 591 51 103
297 6 639 546 31 86
297 7 666 571 31 82
297 8 689 564 54 83
297 9 775 575 28 87
297 10 768 564 31 87
297 11 765 590 32 90
297 14 11 401 32 47
297 15 4 396 27 54
297 16 405 387 32 55
297 17 78 360 31 50
297 18 0 377 24 48
297 20 1143 329 19 41
297 21 1151 333 24 44
297 22 1625 358 29 47
297 23 1764 395 37 52
298 1 732 818 48 154
298 2 643 847 54 145
298 3 861 778 39 142
298 4 1169 761 65 145
298 5 641 591 51 103
298 6 639 546 31 86
298 7 665 571 31 82
298 8 689 564 54 83
298 9 775 575 28 87
298 10 768 564 31 87
298 11 765 590 32 90
298 14 7 401 33 49
298 15 0 396 28 55
298 16 403 387 31 55
298 17 78 360 31 50
298 18 2 378 23 45
298 20 1142 330 18 39
298 21 1149 333 24 44
298 22 1624 358 29 46
298 23 1760 394 38 52
299 1 732 818 48 154
299 2 643 847 54 145
299 3 861 778 40 143
299 4 1167 761 68 147
299 5 643 590 54 102
299 6 639 546 31 86
299 7 665 571 31 82
299 8 692 564 51 83
299 9 775 575 28 87
299 10 768 564 31 87
299 11 765 590 32 90
299 14 5 401 37 46
299 15 -4 395 31 56
299 16 401 387 30 55
299 17 77 361 28 50
299 18 1 377 24 47
299 20 1140 330 20 40
299 21 1147 334 24 43
299 22 1623 358 29 45
299 23 1756 394 38 51
300 1 732 814 48 158
300 2 643 847 54 145
300 3 861 778 40 143
300 4 1166 764 76 146
300 5 643 590 54 102
300 6 639 546 31 86
300 7 665 571 31 82
300 8 693 564 50 83
300 9 775 575 28 87
300 10 768 564 31 87
300 11 765 590 32 90
300 14 3 401 40 52
300 15 -2 395 28 56
300 16 395 387 29 56
300 17 77 361 28 50
300 18 1 378 23 46
300 20 1140 329 20 40
300 21 1145 335 25 43
300 22 1626 358 24 46
300 23 1755 395 32 51
301 1 732 814 48 158
301 2 643 847 54 145
301 3 861 779 40 143
301 4 1167 764 81 146
301 5 643 590 54 102
301 6 639 546 31 86
301 7 664 571 30 82
301 8 693 564 50 83
301 9 775 575 28 87
301 10 768 564 31 87
301 11 765 590 32 90
301 14 1 401 38 51
301 15 -2 400 24 52
301 16 392 387 29 55
301 17 77 362 28 50
301 18 1 378 24 46
301 20 1139 329 20 40
301 21 1144 335 23 43
301 22 1625 358 24 45
301 23 1756 395 24 51
302 1 732 814 50 158
302 2 644 848 53 145
302 3 861 779 43 142
302 4 1168 765 81 146
302 5 643 590 62 102
302 6 639 546 31 86
302 7 664 571 30 82
302 8 693 564 50 83
302 9 775 575 28 87
302 10 768 564 31 87
302 11 765 590 32 90
302 14 -1 401 38 51
302 15 -2 400 24 53
302 16 389 387 32 57
302 17 77 362 28 50
302 18 0 378 24 46
302 20 1137 329 20 40
302 21 1143 335 20 43
302 22 1624 358 19 46
302 23 1753 395 24 51
303 1 732 814 50 158
303 2 644 848 53 144
303 3 861 780 43 142
303 4 1168 766 84 148
303 5 643 590 63 100
303 6 639 546 31 87
303 7 663 571 30 82
303 8 694 564 49 83
303 9 775 575 28 87
303 10 768 564 31 87
303 11 765 591 32 90
303 14 1 403 33 51
303 16 385 387 35 57
303 17 77 362 28 50
303 18 0 378 24 47
303 20 1137 329 20 40
303 21 1141 335 20 44
303 22 1623 358 19 46
303 23 1748 394 24 50
304 1 732 814 50 158
304 2 644 848 53 144
304 3 861 780 45 141
304 4 1167 766 88 148
304 5 643 590 63 100
304 6 640 546 31 86
304 7 663 571 31 82
304 8 695 564 48 83
304 9 775 575 28 87
304 10 768 564 31 87
304 11 765 591 32 90
304 14 0 403 31 49
304 16 384 388 34 55
304 17 77 362 28 50
304 18 0 379 24 49
304 20 1134 329 22 42
304 21 1136 334 24 43
304 22 1621 356 21 47
304 23 1745 393 24 50
305 1 732 814 50 158
305 2 644 848 53 144
305 3 861 783 45 139
305 4 1168 768 88 146
305 5 643 590 63 100
305 6 639 546 31 87
305 7 662 571 33 82
305 8 695 564 48 83
305 9 775 576 28 87
305 10 768 564 31 87
305 11 765 591 32 90
305 14 -1 403 31 49
305 16 381 389 34 55
305 17 77 362 28 50
305 18 0 379 24 49
305 20 1133 329 22 42
305 21 1135 334 23 45
305 22 1620 356 21 47
305 23 1741 392 28 53
306 1 732 813 50 159
306 2 645 849 53 144
306 3 861 783 47 139
306 4 1169 768 88 146
306 5 643 590 61 101
306 6 639 546 31 87
306 7 662 571 33 82
306 8 697 564 46 83
306 9 775 576 28 87
306 10 768 564 31 87
306 11 765 591 32 90
306 14 0 403 23 49
306 16 378 390 34 55
306 17 77 362 28 50
306 18 0 379 24 49
306 20 1131 329 24 43
306 21 1134 334 23 45
306 22 1617 356 22 48
306 23 1734 391 32 55
307 1 732 813 50 159
307 2 645 849 53 144
307 3 861 784 47 139
307 4 1169 769 90 145
307 5 643 590 54 101
307 6 639 546 31 87
307 7 662 571 33 82
307 8 698 564 45 83
307 9 775 576 28 87
307 10 768 564 31 87
307 11 765 591 32 90
307 14 0 406 18 46
307 16 376 391 33 54
307 17 77 362 28 50
307 18 -1 379 24 49
307 20 1130 329 24 43
307 21 1131 333 24 44
307 22 1613 356 24 48
307 23 1730 390 35 52
308 1 732 813 50 159
308 2 645 849 53 144
308 3 862 784 47 138
308 4 1170 770 90 144
308 5 644 590 53 101
308 6 639 546 31 87
308 7 662 571 33 82
308 8 698 564 40 83
308 9 775 575 28 87
308 10 768 564 31 87
308 11 765 591 32 90
308 16 372 392 34 55
308 17 77 362 28 50
308 18 -1 379 24 49
308 20 1128 329 24 43
308 21 1129 333 24 44
308 22 1612 356 25 49
308 23 1726 390 35 52
309 1 732 813 50 159
309 2 645 849 53 144
309 3 862 787 47 136
309 4 1170 770 94 144
309 5 644 590 52 101
309 6 640 546 31 88
309 7 662 571 33 80
309 8 700 564 38 83
309 9 775 575 28 87
309 10 768 564 31 87
309 11 765 591 32 90
309 16 371 392 31 51
309 17 77 362 28 50
309 18 -1 379 24 49
309 20 1130 330 23 40
309 21 1128 333 24 43
309 22 1607 356 30 48
309 23 1719 390 41 51
310 1 733 812 50 159
310 2 646 849 53 143
310 3 862 788 47 136
310 4 1172 770 92 144
310 5 644 591 47 101
310 6 639 546 31 87
310 7 662 571 33 80
310 8 703 564 35 83
310 9 775 575 28 87
310 10 768 564 31 87
310 11 765 591 32 90
310 16 368 392 28 53
310 17 77 362 28 50
310 18 -1 379 24 50
310 20 1126 330 28 41
310 21 1125 334 28 41
310 22 1606 356 30 48
310 23 1716 391 40 49
311 1 732 813 50 159
311 2 645 849 53 143
311 3 862 788 47 135
311 4 1173 770 92 143
311 5 644 591 47 101
311 6 639 546 31 87
311 7 663 571 33 80
311 8 703 564 35 83
311 9 775 575 28 87
311 10 768 564 31 87
311 11 765 591 32 90
311 16 365 391 29 55
311 17 77 362 28 50
311 18 -2 379 24 50
311 20 1126 330 27 41
311 21 1124 335 28 41
311 22 1605 356 31 48
311 23 1715 391 31 49
312 1 732 812 50 159
312 2 645 849 53 143
312 3 863 788 45 135
312 4 1177 771 87 143
312 5 644 591 47 101
312 6 641 545 31 88
312 7 660 571 33 81
312 8 703 564 35 83
312 9 775 575 28 87
312 10 768 564 31 87
312 11 765 590 32 90
312 16 362 390 31 57
312 17 77 362 28 50
312 18 -2 379 24 50
312 20 1125 330 27 42
312 21 1122 335 24 41
312 22 1604 356 32 47
312 23 1711 391 31 49
313 1 735 812 47 159
313 2 645 849 53 143
313 3 863 788 45 135
313 4 1177 772 89 142
313 5 644 591 47 102
313 6 639 546 31 87
313 7 660 571 33 81
313 8 702 564 36 83
313 9 775 575 28 87
313 10 768 564 31 87
313 11 765 590 32 90
313 16 358 389 35 58
313 17 77 362 28 50
313 18 -2 379 24 50
313 20 1127 329 22 44
313 21 1121 335 24 41
313 22 1603 356 32 47
313 23 1707 390 31 51
314 1 735 812 47 159
314 2 646 849 53 143
314 3 864 789 45 135
314 4 1177 772 85 142
314 5 644 591 47 102
314 6 639 546 31 87
314 7 661 571 33 82
314 8 702 564 36 83
314 9 775 575 28 87
314 10 768 564 31 87
314 11 765 590 32 90
314 16 355 389 36 57
314 17 77 362 28 50
314 18 -2 379 24 50
314 20 1127 329 18 45
314 21 1119 335 25 42
314 22 1605 356 27 45
314 23 1704 389 31 52
315 1 735 812 47 159
315 2 646 850 53 143
315 3 864 789 45 134
315 4 1181 772 79 142
315 5 646 592 47 102
315 6 639 546 31 87
315 7 661 571 33 82
315 8 702 564 36 83
315 9 775 575 28 87
315 10 768 564 31 87
315 11 765 590 32 90
315 16 352 389 36 58
315 17 77 362 31 50
315 18 -2 379 24 50
315 20 1126 329 19 43
315 21 1116 335 24 41
315 22 1605 356 24 47
315 23 1700 387 33 54
316 1 736 811 46 160
316 2 646 850 53 143
316 3 863 789 47 134
316 4 1181 772 73 142
316 5 645 591 48 102
316 6 639 546 31 87
316 7 661 571 33 82
316 8 702 564 36 83
316 9 775 575 28 87
316 10 768 564 31 87
316 11 765 590 32 90
316 16 349 389 36 58
316 17 77 360 31 52
316 18 -2 379 24 50
316 20 1125 329 19 43
316 21 1115 334 22 43
316 22 1604 356 24 46
316 23 1697 386 33 54
317 1 736 811 46 160
317 2 645 849 53 143
317 3 863 789 49 134
317 4 1185 772 59 142
317 5 647 593 47 102
317 6 638 546 31 87
317 7 661 571 33 81
317 8 702 564 36 83
317 9 775 575 28 87
317 10 768 564 31 87
317 11 765 590 32 90
317 16 346 390 37 57
317 17 77 360 31 52
317 18 -2 379 24 50
317 20 1127 329 17 43
317 21 1113 334 21 44
317 22 1603 356 24 47
317 23 1692 386 33 55
318 1 736 811 46 160
318 2 646 850 53 143
318 3 863 789 51 134
318 4 1185 772 48 142
318 5 650 594 44 102
318 6 638 546 31 87
318 7 662 571 33 81
318 8 702 564 37 83
318 9 775 575 28 87
318 10 768 564 31 87
318 11 765 590 32 90
318 16 343 391 37 56
318 17 77 360 31 52
318 18 -2 379 24 49
318 20 1126 329 18 43
318 21 1111 334 20 43
318 22 1603 356 24 46
318 23 1689 386 36 52
319 1 736 811 46 160
319 2 646 850 53 143
319 3 863 789 53 134
319 4 1185 772 48 142
319 5 650 594 44 102
319 6 639 546 31 87
319 7 662 571 33 81
319 8 701 564 38 83
319 9 775 575 28 87
319 10 768 564 31 87
319 11 765 590 32 90
319 16 342 393 34 53
319 17 77 360 31 52
319 18 -2 379 24 49
319 20 1124 329 18 43
319 21 1109 334 20 43
319 22 1601 355 24 47
319 23 1686 386 35 53
320 1 736 811 46 160
320 2 646 850 53 143
320 3 865 789 55 134
320 4 1186 772 50 142
320 5 643 593 52 102
320 6 638 545 32 88
320 7 660 571 31 79
320 8 701 564 38 83
320 9 775 575 28 87
320 10 768 564 31 87
320 11 765 590 32 90
320 16 339 394 32 53
320 17 77 361 31 52
320 18 -2 379 24 50
320 20 1122 329 20 43
320 21 1103 334 24 43
320 22 1601 355 20 47
320 23 1683 387 32 51
321 1 736 811 46 160
321 2 646 850 53 143
321 3 865 789 58 134
321 4 1188 772 51 142
321 5 643 593 52 102
321 6 638 545 32 88
321 7 661 570 35 79
321 8 701 564 38 83
321 9 775 575 28 87
321 10 768 564 31 87
321 11 765 590 32 90
321 16 336 394 28 55
321 17 77 361 31 52
321 18 -2 379 24 49
321 20 1121 329 21 44
321 21 1103 334 27 43
321 22 1600 355 20 47
321 23 1680 388 30 49
322 1 736 811 46 160
322 2 646 850 53 142
322 3 865 789 62 134
322 4 1188 772 51 142
322 5 635 593 60 101
322 6 638 545 32 88
322 7 661 570 32 81
322 8 702 564 38 83
322 9 775 575 28 87
322 10 768 564 31 87
322 11 765 590 32 90
322 16 333 394 28 56
322 17 78 361 31 51
322 18 -2 379 24 50
322 20 1118 329 23 43
322 21 1102 334 24 42
322 22 1597 355 22 47
322 23 1677 388 29 48
323 1 736 811 46 159
323 2 646 850 52 142
323 3 866 791 64 132
323 4 1181 772 56 142
323 5 634 593 61 100
323 6 638 545 32 88
323 7 661 570 32 79
323 8 702 564 38 83
323 9 775 575 28 87
323 10 768 564 31 87
323 11 765 590 32 90
323 16 329 393 31 56
323 17 77 361 31 52
323 18 -2 379 24 49
323 20 1118 329 24 41
323 21 1100 334 24 43
323 22 1593 355 24 48
323 23 1674 387 29 48
324 1 736 812 46 159
324 2 645 851 53 142
324 3 867 791 67 132
324 4 1179 772 58 141
324 5 631 593 64 102
324 6 638 545 32 88
324 7 662 570 32 80
324 8 702 564 38 83
324 9 775 575 28 87
324 10 768 564 31 87
324 11 765 590 32 90
324 16 324 392 33 57
324 17 78 361 31 52
324 18 -2 379 24 50
324 20 1117 329 24 41
324 21 1099 334 24 43
324 22 1590 355 27 48
324 23 1670 387 27 49
325 1 736 812 46 159
325 2 646 851 52 142
325 3 867 792 72 130
325 4 1177 772 60 141
325 5 630 593 65 103
325 6 638 545 32 88
325 7 661 570 33 83
325 8 704 564 36 83
325 9 775 575 28 87
325 10 768 564 31 87
325 11 765 590 32 90
325 16 322 392 33 57
325 17 77 360 31 52
325 18 -2 379 24 50
325 20 1114 329 27 42
325 21 1099 336 24 42
325 22 1589 355 27 48
325 23 1667 386 27 49
326 1 736 812 46 159
326 2 645 851 53 143
326 3 868 792 72 130
326 4 1178 772 60 141
326 5 629 593 66 104
326 6 638 545 32 88
326 7 662 569 32 81
326 8 704 564 36 83
326 9 775 575 28 87
326 10 768 564 31 87
326 11 765 590 32 90
326 16 319 392 34 58
326 17 77 360 31 52
326 18 -2 379 24 49
326 20 1115 329 24 43
326 21 1098 336 16 40
326 22 1588 355 27 47
326 23 1663 385 31 50
327 1 736 812 46 159
327 2 646 851 52 141
327 3 868 792 72 130
327 4 1178 772 60 141
327 5 632 593 63 104
327 6 638 545 32 88
327 7 662 569 33 80
327 8 704 564 36 83
327 9 775 575 28 87
327 10 768 564 31 87
327 11 765 590 32 90
327 16 316 393 37 58
327 17 78 360 31 51
327 18 -2 379 24 49
327 20 1115 329 23 41
327 21 1094 335 20 43
327 22 1588 355 25 47
327 23 1660 384 31 50
328 1 736 812 46 158
328 2 646 851 52 141
328 3 869 793 72 130
328 4 1178 772 60 141
328 5 633 595 59 101
328 6 638 545 32 88
328 7 662 569 33 81
328 8 707 564 32 83
328 9 775 575 28 87
328 10 768 564 31 87
328 11 765 590 32 90
328 16 313 396 35 56
328 17 78 360 30 51
328 18 -1 379 24 49
328 20 1115 329 23 41
328 21 1092 334 20 44
328 22 1585 355 27 48
328 23 1653 384 34 51
329 1 736 813 45 158
329 2 646 851 52 141
329 3 872 793 72 131
329 4 1178 772 60 141
329 5 635 595 57 102
329 6 638 545 32 88
329 7 662 569 33 78
329 8 707 564 32 83
329 9 775 575 28 87
329 10 768 564 31 87
329 11 765 590 32 90
329 16 311 397 34 55
329 17 78 360 30 51
329 18 -1 379 24 49
329 20 1114 329 20 42
329 21 1090 334 22 45
329 22 1584 355 27 47
329 23 1650 384 36 49
330 1 735 813 45 158
330 2 646 851 52 141
330 3 873 794 72 131
330 4 1178 772 60 141
330 5 639 595 53 104
330 6 638 545 32 88
330 7 662 569 33 78
330 8 707 564 31 83
330 9 775 575 28 87
330 10 768 564 31 87
330 11 765 590 32 90
330 16 309 397 29 56
330 17 78 360 30 51
330 18 -1 379 24 49
330 20 1114 329 20 42
330 21 1088 334 22 45
330 22 1583 355 28 46
330 23 1647 384 36 49
331 1 735 813 48 157
331 2 646 852 52 141
331 3 874 795 72 130
331 4 1179 772 60 141
331 5 639 595 53 104
331 6 638 545 32 87
331 7 662 568 34 80
331 8 707 564 31 83
331 9 775 575 28 87
331 10 768 564 31 87
331 11 765 590 32 90
331 16 303 397 33 56
331 17 79 361 29 50
331 18 -1 379 24 49
331 20 1113 329 19 42
331 21 1083 334 27 46
331 22 1584 355 24 48
331 23 1644 385 34 49
332 1 735 813 48 157
332 2 646 852 52 141
332 3 873 795 75 132
332 4 1183 772 55 141
332 5 644 595 48 104
332 6 638 545 32 87
332 7 662 568 34 84
332 8 707 564 31 83
332 9 775 575 28 87
332 10 768 564 31 87
332 11 765 590 32 90
332 16 301 396 29 56
332 17 79 362 29 49
332 18 -1 379 24 49
332 20 1113 329 17 40
332 21 1081 334 28 43
332 22 1583 355 24 47
332 23 1642 386 28 46
333 1 735 814 48 156
333 2 646 852 52 141
333 3 874 795 75 132
333 4 1183 772 60 141
333 5 646 595 46 104
333 6 638 545 32 87
333 7 662 568 34 81
333 8 708 564 31 83
333 9 775 575 28 87
333 10 768 564 31 87
333 11 765 590 32 90
333 16 298 396 30 56
333 17 79 361 29 50
333 18 -1 379 24 49
333 20 1112 329 17 40
333 21 1080 334 28 43
333 22 1582 355 24 48
333 23 1640 386 24 49
334 1 735 814 48 156
334 2 646 852 52 141
334 3 875 795 75 129
334 4 1194 772 49 141
334 5 646 595 48 104
334 6 638 545 32 87
334 7 662 568 35 84
334 8 708 564 31 83
334 9 775 575 28 87
334 10 768 564 31 87
334 11 765 590 32 90
334 16 295 395 31 57
334 17 78 360 30 51
334 18 -1 379 24 49
334 20 1112 329 17 43
334 21 1078 335 27 42
334 22 1584 355 18 47
334 23 1637 384 25 51
335 1 735 814 48 156
335 2 646 852 52 140
335 3 874 795 77 129
335 4 1195 772 48 141
335 5 650 595 44 104
335 6 638 545 32 87
335 7 663 567 33 86
335 8 708 564 31 83
335 9 775 575 28 87
335 10 768 564 31 87
335 11 765 590 32 90
335 16 292 396 30 56
335 17 79 360 29 52
335 18 0 379 24 49
335 20 1108 329 21 41
335 21 1080 336 23 42
335 22 1583 355 18 47
335 23 1633 383 28 49
336 1 735 814 48 156
336 2 645 853 52 140
336 3 875 795 75 129
336 4 1195 772 50 141
336 5 653 595 41 104
336 6 638 545 32 87
336 7 663 567 33 85
336 8 708 564 31 83
336 9 775 575 28 87
336 10 768 564 31 87
336 11 765 590 32 90
336 16 289 396 36 58
336 17 79 360 29 52
336 18 0 379 24 49
336 20 1107 329 22 42
336 21 1079 336 20 40
336 22 1582 355 18 47
336 23 1629 382 28 50
337 1 735 815 48 156
337 2 646 853 52 140
337 3 876 795 73 129
337 4 1198 772 47 141
337 5 653 595 41 104
337 6 638 545 32 87
337 7 666 567 30 86
337 8 708 564 31 83
337 9 775 575 28 87
337 10 768 564 31 87
337 11 765 590 32 90
337 16 286 398 38 55
337 17 79 360 29 52
337 18 0 379 24 49
337 20 1105 329 23 42
337 21 1075 335 22 42
337 22 1580 355 20 46
337 23 1625 381 31 51
338 1 735 816 48 154
338 2 646 853 52 140
338 3 877 795 73 129
338 4 1198 772 47 144
338 5 651 596 43 103
338 6 638 545 32 87
338 7 666 567 30 87
338 8 709 563 31 84
338 9 775 575 28 87
338 10 768 564 31 87
338 11 765 590 32 90
338 16 283 399 38 56
338 17 79 360 29 52
338 18 0 379 24 49
338 20 1105 329 23 42
338 21 1074 335 22 42
338 22 1574 355 24 43
338 23 1619 381 34 49
339 1 735 816 48 154
339 2 645 854 51 138
339 3 879 795 70 129
339 4 1199 772 47 144
339 5 650 596 41 103
339 6 638 545 32 87
339 7 666 567 30 86
339 8 709 563 31 84
339 9 775 575 28 87
339 10 768 564 31 87
339 11 765 590 32 90
339 16 280 399 37 55
339 17 79 360 29 52
339 18 0 379 24 49
339 20 1104 329 22 40
339 21 1071 334 19 42
339 22 1570 355 28 43
339 23 1616 381 35 49
340 1 735 816 48 154
340 2 646 853 52 140
340 3 880 795 69 129
340 4 1200 772 46 148
340 5 650 596 41 104
340 6 638 545 32 87
340 7 666 567 31 88
340 8 709 563 31 84
340 9 775 575 28 87
340 10 768 564 31 87
340 11 765 590 32 90
340 16 277 399 35 56
340 17 80 360 29 52
340 18 0 379 24 49
340 20 1104 329 23 42
340 21 1070 334 22 45
340 22 1569 355 28 43
340 23 1613 381 35 49
341 1 735 816 48 154
341 2 643 853 54 140
341 3 877 795 73 126
341 4 1204 772 43 149
341 5 649 596 42 104
341 6 638 545 32 87
341 7 666 566 31 87
341 8 710 563 31 84
341 9 775 575 28 88
341 10 768 564 31 87
341 11 765 590 32 90
341 16 274 399 33 55
341 17 80 361 29 51
341 18 0 379 24 49
341 20 1104 329 23 43
341 21 1067 334 24 43
341 22 1568 355 27 47
341 23 1610 382 33 48
342 1 735 816 48 154
342 2 643 853 54 140
342 3 878 795 73 126
342 4 1205 772 46 150
342 5 650 598 36 104
342 6 638 545 32 87
342 7 665 564 33 84
342 8 710 563 31 84
342 9 775 575 28 88
342 10 768 564 31 87
342 11 765 590 32 90
342 16 271 398 28 58
342 17 80 361 28 51
342 18 0 379 24 49
342 20 1103 329 23 43
342 21 1065 334 24 45
342 22 1566 355 28 46
342 23 1608 383 29 48
343 1 735 816 48 154
343 2 643 853 54 140
343 3 878 795 73 127
343 4 1206 772 46 150
343 5 649 596 42 104
343 6 638 545 32 87
343 7 665 564 33 84
343 8 710 563 31 84
343 9 775 575 28 88
343 10 768 564 31 87
343 11 765 590 32 90
343 16 268 400 29 56
343 17 80 361 28 51
343 18 0 379 24 49
343 20 1103 329 23 43
343 21 1063 334 24 45
343 22 1565 355 31 46
343 23 1606 380 24 51
344 1 735 816 48 154
344 2 643 853 54 140
344 3 878 795 73 127
344 4 1206 773 49 150
344 5 649 596 42 104
344 6 638 545 32 87
344 7 665 564 33 84
344 8 710 563 31 84
344 9 775 575 28 87
344 10 768 564 31 87
344 11 765 590 32 90
344 16 266 399 30 57
344 17 80 361 29 51
344 18 0 379 24 48
344 20 1101 329 23 42
344 21 1061 334 24 43
344 22 1564 355 31 46
344 23 1604 379 24 51
345 1 735 816 48 154
345 2 643 853 54 140
345 3 878 794 74 128
345 4 1207 773 51 152
345 5 647 596 41 105
345 6 638 545 32 87
345 7 665 564 33 84
345 8 710 563 31 84
345 9 775 575 28 87
345 10 768 564 31 87
345 11 765 590 32 90
345 16 262 399 32 58
345 17 80 360 29 52
345 18 0 379 24 48
345 20 1100 329 22 42
345 21 1059 335 24 42
345 22 1566 355 27 46
345 23 1599 378 24 51
346 1 735 816 48 154
346 2 643 853 54 140
346 3 879 794 73 129
346 4 1208 773 51 152
346 5 645 596 43 105
346 6 638 545 32 87
346 7 665 564 33 84
346 8 711 563 31 83
346 9 775 575 28 87
346 10 768 564 31 87
346 11 765 590 32 90
346 16 259 399 32 59
346 17 80 360 29 52
346 18 1 379 23 48
346 20 1099 329 23 42
346 21 1057 335 24 43
346 22 1566 355 25 44
346 23 1596 377 24 51
347 1 735 816 48 154
347 2 643 853 54 140
347 3 879 794 73 129
347 4 1208 774 51 152
347 5 636 596 50 106
347 6 638 545 32 87
347 7 665 564 33 84
347 8 711 563 31 84
347 9 775 575 28 87
347 10 768 564 31 87
347 11 765 590 32 90
347 16 256 399 35 57
347 17 80 360 29 52
347 18 1 379 23 48
347 20 1101 328 20 43
347 21 1055 336 24 43
347 22 1565 355 25 44
347 23 1592 376 29 52
348 1 735 816 48 154
348 2 643 853 54 140
348 3 880 794 73 130
348 4 1208 774 49 155
348 5 631 596 55 106
348 6 638 545 32 87
348 7 665 564 33 84
348 8 711 563 31 84
348 9 775 575 28 87
348 10 768 564 31 87
348 11 765 590 32 90
348 16 253 399 36 58
348 17 80 360 29 52
348 18 1 379 24 48
348 20 1101 329 18 42
348 21 1054 336 23 42
348 22 1564 354 24 43
348 23 1589 375 29 52
349 1 735 816 48 155
349 2 643 853 54 140
349 3 881 794 74 130
349 4 1209 775 49 154
349 5 631 596 55 106
349 6 638 545 32 87
349 7 665 564 33 84
349 8 711 563 31 84
349 9 775 574 28 88
349 10 768 564 31 87
349 11 765 590 32 90
349 16 251 404 34 52
349 17 80 360 29 52
349 18 0 379 24 48
349 20 1101 329 18 42
349 21 1053 336 20 42
349 22 1563 354 22 42
349 23 1583 375 32 50
350 1 735 816 48 155
350 2 643 853 54 140
350 3 881 795 75 132
350 4 1209 775 49 154
350 5 629 596 57 105
350 6 638 545 32 87
350 7 665 566 32 82
350 8 711 563 31 84
350 9 775 575 28 87
350 10 768 564 31 87
350 11 765 590 32 90
350 16 248 405 33 51
350 17 80 360 29 52
350 18 0 379 24 48
350 20 1099 329 18 40
350 21 1051 335 19 43
350 22 1561 354 23 45
350 23 1580 375 32 50
351 1 735 816 48 155
351 2 643 853 54 140
351 3 884 795 70 129
351 4 1209 776 48 153
351 5 631 596 55 106
351 6 638 545 32 87
351 7 665 566 32 82
351 8 711 563 31 84
351 9 775 575 30 87
351 10 768 564 31 87
351 11 765 590 32 90
351 16 246 404 29 55
351 17 80 360 29 52
351 18 0 379 24 48
351 20 1096 329 21 43
351 21 1047 335 21 45
351 22 1559 354 24 44
351 23 1577 376 33 51
352 1 735 816 48 155
352 2 643 853 54 140
352 3 884 795 70 130
352 4 1209 776 45 153
352 5 631 596 55 106
352 6 638 545 32 87
352 7 665 566 32 82
352 8 711 563 31 84
352 9 775 575 30 87
352 10 768 564 31 87
352 11 765 590 32 90
352 16 244 404 27 55
352 17 80 361 29 51
352 18 0 379 24 48
352 20 1096 329 21 43
352 21 1045 334 23 43
352 22 1560 354 22 45
352 23 1574 377 31 50
353 1 736 816 48 155
353 2 643 853 54 140
353 3 896 798 61 140
353 4 1205 777 49 152
353 5 640 596 46 106
353 6 638 545 32 87
353 7 665 566 32 82
353 8 711 563 31 84
353 9 775 575 30 87
353 10 768 564 31 87
353 11 765 590 32 90
353 16 240 403 25 57
353 17 80 361 28 51
353 18 0 379 24 49
353 20 1092 329 22 42
353 21 1044 334 23 43
353 22 1559 354 21 46
353 23 1572 380 31 47
354 1 736 816 48 155
354 2 643 853 54 140
354 3 906 798 54 149
354 4 1205 779 49 151
354 5 642 596 44 106
354 6 638 545 32 87
354 7 665 566 32 82
354 8 711 563 31 84
354 9 775 575 30 87
354 10 768 564 31 87
354 11 765 590 32 90
354 16 235 403 29 55
354 17 80 360 29 52
354 18 0 378 24 49
354 20 1092 329 22 42
354 21 1041 334 27 44
354 22 1558 354 20 43
354 23 1569 380 24 47
355 1 736 815 48 155
355 2 643 853 54 140
355 3 906 798 56 153
355 4 1205 780 49 151
355 5 644 600 40 101
355 6 638 545 32 87
355 7 665 566 32 82
355 8 711 563 31 84
355 9 775 575 30 87
355 10 768 564 31 87
355 11 765 590 32 90
355 16 232 403 29 55
355 17 80 361 29 51
355 18 0 379 24 49
355 20 1087 329 25 42
355 21 1040 334 25 46
355 22 1555 354 22 44
355 23 1567 379 23 48
356 1 736 815 48 155
356 2 643 853 54 140
356 3 906 799 56 153
356 4 1206 780 46 150
356 5 644 600 40 101
356 6 638 545 32 87
356 7 665 566 32 82
356 8 711 563 31 84
356 9 775 575 30 87
356 10 768 564 31 87
356 11 766 590 32 90
356 16 229 403 34 57
356 17 80 360 30 51
356 18 -1 379 24 49
356 20 1087 329 25 42
356 21 1038 335 25 44
356 22 1550 354 24 44
356 23 1561 378 25 49
357 1 736 815 48 155
357 2 643 851 54 142
357 3 907 802 58 150
357 4 1206 780 46 150
357 5 644 600 40 101
357 6 638 545 32 87
357 7 665 566 32 82
357 8 712 563 31 84
357 9 775 575 30 87
357 10 768 564 31 87
357 11 766 590 32 90
357 16 224 403 37 59
357 17 80 360 30 51
357 18 -1 379 24 49
357 20 1086 329 25 42
357 21 1037 335 24 43
357 22 1549 354 24 42
357 23 1558 377 28 50
358 1 736 815 48 156
358 2 643 851 54 142
358 3 908 803 58 150
358 4 1204 781 49 150
358 5 640 600 44 101
358 6 638 545 32 87
358 7 664 566 33 83
358 8 712 564 31 83
358 9 775 575 30 87
358 10 768 564 31 87
358 11 766 590 32 90
358 16 221 403 38 60
358 17 80 359 30 51
358 18 0 379 24 49
358 20 1086 329 27 44
358 21 1036 335 23 44
358 22 1547 354 27 44
358 23 1554 376 28 51
359 1 736 815 48 155
359 2 643 851 54 142
359 3 909 803 60 150
359 4 1204 781 49 150
359 5 635 600 49 101
359 6 638 545 32 87
359 7 664 566 33 83
359 8 712 564 31 83
359 9 775 575 30 87
359 10 768 564 31 87
359 11 766 590 32 90
359 16 218 405 37 59
359 17 80 359 30 51
359 18 0 379 24 49
359 20 1088 329 24 42
359 21 1033 335 22 43
359 22 1546 354 25 43
359 23 1551 375 29 52
360 1 736 815 49 156
360 2 643 851 54 142
360 3 910 804 60 149
360 4 1204 782 49 150
360 5 631 600 57 101
360 6 638 545 32 87
360 7 664 566 33 83
360 8 712 563 31 84
360 9 775 575 30 87
360 10 768 564 31 87
360 11 766 590 32 90
360 16 216 405 37 55
360 17 80 359 30 51
360 18 -1 379 24 49
360 20 1088 329 24 42
360 21 1032 335 21 44
360 22 1546 354 24 43
360 23 1547 375 30 48
361 1 736 815 49 157
361 2 643 851 54 142
361 3 911 805 61 148
361 4 1204 782 49 150
361 5 630 600 61 101
361 6 638 545 32 87
361 7 664 566 33 84
361 8 712 563 31 84
361 9 775 575 30 87
361 10 768 564 31 87
361 11 766 590 32 90
361 16 213 406 36 54
361 17 80 359 30 52
361 18 -1 379 24 49
361 20 1087 329 24 43
361 21 1027 335 24 42
361 22 1544 354 24 43
361 23 1541 375 33 49
362 1 736 815 49 157
362 2 643 851 54 142
362 3 912 806 61 146
362 4 1204 782 49 150
362 5 626 600 65 101
362 6 638 545 32 87
362 7 664 566 33 84
362 8 712 563 31 84
362 9 775 575 30 87
362 10 768 564 31 87
362 11 766 590 32 90
362 16 211 406 32 57
362 17 80 360 30 51
362 18 -1 379 24 49
362 20 1087 329 21 42
362 21 1026 335 24 42
362 22 1542 351 24 46
362 23 1538 376 34 46
363 1 736 815 49 157
363 2 643 852 54 142
363 3 917 807 57 146
363 4 1204 783 49 150
363 5 625 600 71 101
363 6 638 545 32 87
363 7 663 565 33 84
363 8 712 563 31 84
363 9 775 575 30 87
363 10 768 564 31 87
363 11 766 590 32 90
363 16 207 406 30 56
363 17 80 360 30 51
363 18 -1 379 24 49
363 20 1087 329 20 42
363 21 1024 334 24 42
363 22 1542 351 24 47
363 23 1536 376 34 46
364 1 736 815 49 157
364 2 643 852 54 142
364 3 920 808 55 144
364 4 1204 783 49 149
364 5 625 600 71 101
364 6 638 545 32 87
364 7 663 565 33 84
364 8 711 563 31 84
364 9 775 575 30 87
364 10 768 564 31 87
364 11 766 590 32 90
364 16 204 406 31 57
364 17 80 360 30 51
364 18 -2 379 24 50
364 20 1087 329 16 40
364 21 1021 334 25 45
364 22 1541 351 24 46
364 23 1537 375 24 48
365 1 736 815 49 157
365 2 643 852 54 141
365 3 927 808 49 144
365 4 1205 784 50 149
365 5 624 600 71 101
365 6 639 545 32 87
365 7 663 565 34 85
365 8 711 564 31 83
365 9 776 575 30 87
365 10 768 564 31 87
365 11 766 590 32 90
365 16 200 406 31 57
365 17 80 360 30 51
365 18 -2 379 24 49
365 20 1085 329 18 42
365 21 1019 334 27 45
365 22 1540 351 24 46
365 23 1535 374 24 51
366 1 737 815 49 157
366 2 644 852 54 141
366 3 931 811 45 141
366 4 1205 784 50 147
366 5 624 600 71 101
366 6 639 545 32 87
366 7 663 566 33 84
366 8 711 563 31 84
366 9 776 575 30 87
366 10 768 564 31 87
366 11 766 590 32 90
366 16 196 406 31 58
366 17 81 361 30 51
366 18 -2 379 24 50
366 20 1084 329 18 42
366 21 1017 334 27 45
366 22 1539 351 24 44
366 23 1528 373 30 51
367 1 737 815 49 157
367 2 644 852 54 141
367 3 932 811 45 142
367 4 1205 784 50 147
367 5 627 600 65 101
367 6 639 545 32 87
367 7 664 564 32 83
367 8 711 563 31 84
367 9 776 575 30 87
367 10 768 564 31 87
367 11 766 590 32 90
367 16 193 405 37 61
367 17 81 361 30 51
367 18 -3 379 24 50
367 20 1083 329 18 42
367 21 1015 334 30 45
367 22 1540 351 23 45
367 23 1525 372 24 52
368 1 737 815 49 157
368 2 644 852 54 141
368 3 937 813 41 140
368 4 1203 788 51 144
368 5 630 600 65 105
368 6 639 545 32 87
368 7 664 564 32 84
368 8 710 563 31 85
368 9 776 575 30 87
368 10 768 564 31 87
368 11 766 590 32 90
368 16 190 405 38 62
368 17 83 360 28 51
368 18 -3 379 24 51
368 20 1083 329 18 43
368 21 1016 335 25 44
368 22 1539 351 23 45
368 23 1522 371 29 51
369 1 737 815 49 157
369 2 644 852 54 141
369 3 938 814 45 139
369 4 1203 788 51 144
369 5 629 600 55 105
369 6 639 545 32 87
369 7 664 564 32 83
369 8 711 564 31 83
369 9 776 575 30 87
369 10 768 564 31 87
369 11 766 590 32 90
369 16 187 408 38 60
369 17 83 360 28 51
369 18 -4 379 24 50
369 20 1080 329 20 43
369 21 1015 335 24 43
369 22 1538 351 23 45
369 23 1519 370 29 51
370 1 737 815 49 157
370 2 644 852 54 141
370 3 939 815 48 139
370 4 1200 789 54 143
370 5 628 600 54 105
370 6 639 545 32 87
370 7 664 564 32 83
370 8 710 563 31 84
370 9 776 575 30 87
370 10 768 564 31 87
370 11 766 590 32 90
370 16 185 409 37 58
370 17 83 359 28 51
370 18 0 379 21 50
370 20 1078 330 22 43
370 21 1014 335 24 43
370 22 1535 351 24 47
370 23 1514 370 33 50
371 1 737 815 49 157
371 2 644 852 54 141
371 3 940 816 55 139
371 4 1197 789 55 143
371 5 627 600 54 105
371 6 639 545 32 87
371 7 666 564 30 84
371 8 710 563 31 84
371 9 776 575 30 87
371 10 768 564 31 87
371 11 766 590 32 90
371 16 182 409 35 58
371 17 83 359 28 52
371 18 -1 379 21 50
371 20 1075 330 24 41
371 21 1012 335 20 43
371 22 1534 351 24 47
371 23 1507 370 38 51
372 1 737 815 49 157
372 2 644 852 54 141
372 3 942 814 58 139
372 4 1197 789 55 143
372 5 628 601 52 105
372 6 639 545 32 87
372 7 664 564 32 85
372 8 711 561 31 86
372 9 776 575 30 87
372 10 769 564 31 87
372 11 766 590 32 90
372 16 181 411 32 56
372 17 83 359 28 52
372 18 -1 379 21 50
372 20 1075 330 25 42
372 21 1011 335 20 45
372 22 1532 351 24 46
372 23 1504 370 33 52
373 1 737 815 49 157
373 2 644 852 54 141
373 3 943 814 61 139
373 4 1196 792 58 138
373 5 626 603 52 103
373 6 639 545 32 87
373 7 664 564 33 86
373 8 711 561 31 86
373 9 776 575 30 87
373 10 769 564 31 87
373 11 766 590 32 90
373 16 179 411 25 57
373 17 83 359 28 52
373 18 -1 379 21 50
373 20 1075 330 25 43
373 21 1008 335 21 45
373 22 1525 351 31 45
373 23 1505 370 29 53
374 1 737 815 49 157
374 2 644 852 54 142
374 3 943 814 62 139
374 4 1196 792 58 138
374 5 625 605 52 103
374 6 640 546 32 86
374 7 664 564 33 86
374 8 711 561 31 86
374 9 776 576 30 87
374 10 769 564 31 87
374 11 766 590 32 90
374 16 174 413 29 55
374 17 83 359 28 51
374 18 -1 379 21 50
374 20 1075 330 24 41
374 21 1007 335 21 45
374 22 1527 351 28 46
374 23 1502 370 25 52
375 1 737 815 49 157
375 2 644 852 54 142
375 3 944 815 62 139
375 4 1196 793 58 138
375 5 624 605 52 103
375 6 639 545 32 87
375 7 664 564 33 86
375 8 710 561 31 86
375 9 776 576 30 87
375 10 769 564 31 87
375 11 766 590 32 90
375 16 171 413 29 56
375 17 83 360 28 51
375 18 -1 379 21 51
375 20 1075 330 24 41
375 21 1006 335 21 46
375 22 1526 351 28 46
375 23 1499 373 25 49
376 1 738 815 49 157
376 2 644 852 54 142
376 3 945 815 64 141
376 4 1195 793 58 138
376 5 623 605 52 104
376 6 639 545 32 87
376 7 664 564 35 83
376 8 710 561 31 86
376 9 776 576 30 87
376 10 769 564 31 87
376 11 766 590 32 90
376 16 166 412 35 57
376 17 83 360 28 51
376 18 -1 378 23 51
376 20 1074 330 24 41
376 21 1003 335 22 47
376 22 1525 351 30 43
376 23 1495 372 25 50
377 1 738 815 49 157
377 2 645 852 54 142
377 3 944 818 65 139
377 4 1195 793 58 138
377 5 622 606 47 102
377 6 640 546 31 85
377 7 664 564 35 83
377 8 710 561 31 86
377 9 776 576 30 86
377 10 769 564 31 87
377 11 766 590 32 90
377 16 163 411 36 58
377 17 83 360 28 51
377 18 0 378 22 51
377 20 1072 330 24 40
377 21 999 335 27 44
377 22 1526 351 25 44
377 23 1492 371 24 51
378 1 738 815 49 157
378 2 645 852 54 142
378 3 945 818 65 139
378 4 1195 793 58 138
378 5 619 606 51 102
378 6 640 545 32 87
378 7 664 564 35 83
378 8 709 561 31 86
378 9 776 576 30 86
378 10 769 564 31 87
378 11 767 590 32 90
378 16 161 411 36 58
378 17 84 360 28 51
378 18 0 378 22 51
378 20 1074 330 24 42
378 21 995 335 30 44
378 22 1525 351 25 43
378 23 1489 370 24 52
379 1 738 815 49 157
379 2 645 852 54 141
379 3 946 819 63 138
379 4 1194 795 60 137
379 5 618 606 52 103
379 6 640 546 32 87
379 7 663 564 36 82
379 8 709 561 31 87
379 9 777 576 30 87
379 10 769 564 31 87
379 11 767 590 32 90
379 16 157 413 39 58
379 17 84 360 28 51
379 18 0 378 22 51
379 20 1075 330 18 40
379 21 993 336 28 43
379 22 1527 351 22 45
379 23 1486 370 28 49
380 1 738 815 49 157
380 2 645 852 54 142
380 3 947 819 60 138
380 4 1194 795 62 136
380 5 615 606 58 102
380 6 640 546 32 87
380 7 663 564 36 82
380 8 709 561 31 87
380 9 777 576 30 87
380 10 769 564 31 87
380 11 767 590 32 90
380 16 154 414 39 58
380 17 84 360 28 51
380 18 0 378 22 52
380 20 1072 330 21 41
380 21 992 336 28 43
380 22 1526 351 22 45
380 23 1478 369 33 50
381 1 738 815 49 157
381 2 646 852 54 142
381 3 948 819 60 138
381 4 1193 796 60 134
381 5 614 606 59 103
381 6 640 546 31 86
381 7 663 564 36 82
381 8 709 561 31 87
381 9 777 576 30 87
381 10 769 564 31 87
381 11 767 590 32 90
381 16 152 415 38 57
381 17 84 360 28 51
381 18 0 378 22 51
381 20 1072 330 19 41
381 21 990 337 27 41
381 22 1526 351 22 44
381 23 1475 369 33 50
382 1 738 815 49 157
382 2 646 852 54 142
382 3 949 819 60 138
382 4 1194 797 58 134
382 5 613 605 59 104
382 6 640 546 31 86
382 7 664 564 36 82
382 8 709 561 31 87
382 9 777 576 30 87
382 10 769 564 31 87
382 11 767 590 32 90
382 16 148 416 38 56
382 17 84 359 28 51
382 18 0 378 22 51
382 20 1072 330 19 41
382 21 989 337 24 40
382 22 1523 351 22 45
382 23 1472 369 33 50
383 1 738 816 49 157
383 2 646 852 54 142
383 3 953 819 56 138
383 4 1192 800 61 131
383 5 610 606 61 104
383 6 640 546 31 86
383 7 664 564 36 82
383 8 708 561 31 87
383 9 777 576 30 87
383 10 769 564 31 87
383 11 767 590 29 90
383 16 145 417 37 55
383 17 84 359 28 51
383 18 -1 378 22 52
383 20 1070 330 19 42
383 21 990 337 23 41
383 22 1522 351 22 45
383 23 1469 369 32 49
384 1 739 816 49 157
384 2 646 852 54 142
384 3 956 819 54 138
384 4 1190 799 61 131
384 5 609 606 57 105
384 6 640 546 31 86
384 7 664 564 38 82
384 8 708 561 31 87
384 9 777 576 30 87
384 10 769 564 31 87
384 11 767 590 29 90
384 16 142 416 35 57
384 17 84 359 28 51
384 18 -1 378 22 52
384 20 1070 330 19 42
384 21 988 337 20 42
384 22 1521 351 22 45
384 23 1466 370 32 48
385 1 738 816 49 157
385 2 646 853 54 141
385 3 957 819 51 138
385 4 1189 799 61 131
385 5 600 608 64 102
385 6 640 546 31 86
385 7 664 564 38 82
385 8 708 561 31 87
385 9 777 576 30 87
385 10 769 564 31 87
385 11 767 590 29 90
385 16 139 415 32 57
385 17 84 359 28 51
385 18 -2 378 22 52
385 20 1066 330 22 43
385 21 986 337 20 43
385 22 1520 351 22 45
385 23 1469 371 22 48
386 1 739 816 49 157
386 2 647 852 54 142
386 3 958 819 51 138
386 4 1189 800 61 131
386 5 595 609 65 103
386 6 641 546 31 87
386 7 666 564 36 83
386 8 707 561 32 86
386 9 777 576 30 87
386 10 769 564 31 87
386 11 767 590 29 90
386 16 135 415 32 57
386 17 84 359 28 51
386 18 -4 377 23 53
386 20 1066 330 22 43
386 21 983 334 22 44
386 22 1516 351 24 44
386 23 1466 371 23 47
387 1 739 816 49 157
387 2 647 853 54 142
387 3 959 819 52 143
387 4 1188 800 61 131
387 5 591 608 66 104
387 6 641 546 31 87
387 7 666 564 36 83
387 8 707 561 32 86
387 9 777 576 30 86
387 10 769 564 31 87
387 11 767 590 29 90
387 16 133 414 35 59
387 17 84 360 28 51
387 18 -4 378 23 53
387 20 1063 330 24 43
387 21 982 334 22 44
387 22 1515 351 24 44
387 23 1463 371 23 46
388 1 739 816 49 157
388 2 647 852 54 142
388 3 960 824 52 140
388 4 1187 801 61 135
388 5 586 610 66 104
388 6 641 546 31 87
388 7 667 564 34 81
388 8 707 561 32 86
388 9 777 576 30 87
388 10 769 564 31 87
388 11 767 590 29 90
388 16 131 414 35 60
388 17 84 360 28 51
388 18 -4 378 23 54
388 20 1060 330 27 41
388 21 979 334 24 44
388 22 1512 351 27 44
388 23 1460 370 23 46
389 1 739 816 49 157
389 2 647 852 54 142
389 3 957 824 59 146
389 4 1186 802 61 137
389 5 584 611 67 104
389 6 641 546 31 87
389 7 667 564 34 81
389 8 704 561 36 88
389 9 777 576 30 87
389 10 770 564 31 86
389 11 767 590 29 90
389 16 128 414 36 62
389 17 84 360 28 51
389 18 -4 378 23 53
389 20 1060 331 24 40
389 21 977 335 24 43
389 22 1510 351 28 44
389 23 1454 368 29 46
390 1 738 816 49 157
390 2 647 852 54 142
390 3 958 824 60 148
390 4 1185 800 61 140
390 5 582 612 67 104
390 6 641 546 31 87
390 7 668 563 34 83
390 8 704 561 36 88
390 9 777 576 30 87
390 10 770 564 31 87
390 11 767 590 29 90
390 16 125 415 36 62
390 17 84 360 28 51
390 18 -5 377 23 54
390 20 1060 331 24 40
390 21 975 336 24 41
390 22 1509 351 30 45
390 23 1451 368 29 46
391 1 739 816 49 157
391 2 647 852 54 142
391 3 958 824 62 148
391 4 1184 800 61 140
391 5 580 612 66 103
391 6 641 546 31 87
391 7 668 563 34 83
391 8 704 561 36 88
391 9 777 576 30 87
391 10 770 564 31 86
391 11 767 590 29 90
391 16 122 416 36 62
391 17 84 360 28 51
391 18 -4 379 23 52
391 20 1059 331 24 40
391 21 974 336 24 43
391 22 1513 351 24 44
391 23 1445 367 34 47
392 1 739 816 49 157
392 2 647 852 54 142
392 3 958 824 64 152
392 4 1183 801 61 140
392 5 579 612 66 103
392 6 641 546 31 87
392 7 669 561 34 85
392 8 704 561 36 88
392 9 777 576 30 87
392 10 770 564 31 87
392 11 767 590 29 90
392 16 120 418 34 59
392 17 84 360 28 51
392 18 -5 379 22 52
392 20 1058 331 24 39
392 21 972 336 23 43
392 22 1509 351 28 43
392 23 1442 367 34 48
393 1 739 816 49 157
393 2 647 852 54 142
393 3 958 828 64 152
393 4 1181 801 61 141
393 5 578 613 66 102
393 6 641 546 31 87
393 7 669 561 34 85
393 8 703 561 36 88
393 9 777 576 30 87
393 10 770 564 31 87
393 11 767 590 29 90
393 16 115 419 33 59
393 17 84 360 28 51
393 18 -5 379 22 51
393 20 1059 331 24 40
393 21 971 336 22 42
393 22 1508 351 28 43
393 23 1438 367 32 47
394 1 739 817 49 156
394 2 646 853 54 142
394 3 959 829 66 152
394 4 1184 800 55 142
394 5 575 614 64 100
394 6 641 546 31 87
394 7 672 561 32 86
394 8 703 561 36 88
394 9 777 576 30 87
394 10 770 564 31 87
394 11 767 590 29 90
394 16 113 419 32 57
394 17 84 359 28 51
394 18 -5 378 23 53
394 20 1059 331 24 40
394 21 970 336 19 43
394 22 1513 351 23 44
394 23 1435 368 31 49
395 1 739 817 49 157
395 2 646 853 54 141
395 3 960 830 66 152
395 4 1183 800 55 142
395 5 576 613 63 102
395 6 641 546 31 87
395 7 672 561 32 86
395 8 703 561 36 88
395 9 777 576 30 87
395 10 770 564 31 87
395 11 767 590 29 90
395 16 109 419 33 58
395 17 84 359 28 51
395 18 -5 378 23 53
395 20 1058 331 23 39
395 21 966 336 21 45
395 22 1512 351 23 44
395 23 1434 369 28 48
396 1 739 817 49 157
396 2 647 852 54 143
396 3 960 831 66 151
396 4 1183 800 56 146
396 5 578 613 56 104
396 6 641 546 31 87
396 7 673 561 32 86
396 8 704 561 35 88
396 9 777 576 30 86
396 10 770 564 31 87
396 11 767 590 29 90
396 16 108 419 31 59
396 17 84 359 28 51
396 18 -5 377 23 54
396 20 1058 331 23 39
396 21 965 336 22 45
396 22 1510 351 19 43
396 23 1431 369 28 48
397 1 739 817 49 157
397 2 647 852 54 143
397 3 961 834 66 148
397 4 1182 800 56 151
397 5 576 612 53 104
397 6 641 546 31 87
397 7 673 561 32 86
397 8 704 561 35 88
397 9 777 576 30 86
397 10 770 564 31 87
397 11 768 591 29 90
397 16 102 418 35 60
397 17 84 359 28 51
397 18 -5 377 24 55
397 20 1057 331 19 37
397 21 963 335 23 44
397 22 1506 351 22 43
397 23 1429 367 23 49
398 1 739 817 49 157
398 2 647 852 54 143
398 3 962 835 65 150
398 4 1182 800 54 151
398 5 577 612 46 104
398 6 641 546 31 87
398 7 673 561 31 86
398 8 704 561 35 88
398 9 777 576 30 86
398 10 770 564 31 87
398 11 768 591 29 90
398 16 98 418 39 60
398 17 84 360 28 51
398 18 -5 377 24 55
398 20 1057 331 19 39
398 21 962 335 24 44
398 22 1505 351 22 43
398 23 1426 366 23 49
399 1 739 817 49 157
399 2 647 852 54 143
399 3 965 836 61 149
399 4 1180 800 56 153
399 5 576 612 43 106
399 6 641 546 31 87
399 7 673 561 31 86
399 8 704 561 35 88
399 9 777 576 30 86
399 10 770 564 31 87
399 11 768 591 29 90
399 16 95 418 39 60
399 17 84 360 28 51
399 18 -5 377 24 55
399 20 1056 331 19 39
399 21 958 335 27 45
399 22 1503 351 23 43
399 23 1422 366 24 49
400 1 739 817 49 157
400 2 647 852 54 143
400 3 965 837 61 148
400 4 1179 800 57 152
400 5 575 613 43 106
400 6 641 546 31 87
400 7 673 561 31 86
400 8 704 561 35 88
400 9 777 576 30 86
400 10 770 564 31 87
400 11 768 590 29 90
400 16 92 418 39 60
400 17 84 360 28 51
400 18 -5 377 24 55
400 20 1056 331 19 40
400 21 956 335 25 44
400 22 1502 351 22 44
400 23 1418 365 24 49
401 1 739 817 49 157
401 2 647 852 54 143
401 3 966 837 58 148
401 4 1177 800 59 149
401 5 574 613 38 107
401 6 641 546 31 87
401 7 674 561 31 86
401 8 704 561 35 88
401 9 777 576 30 86
401 10 770 564 31 87
401 11 768 590 29 90
401 16 89 419 42 64
401 17 84 360 28 51
401 18 -5 377 24 55
401 20 1055 331 19 42
401 21 954 335 24 44
401 22 1501 351 22 44
401 23 1415 365 28 50
402 1 739 817 49 157
402 2 647 853 54 143
402 3 968 838 56 147
402 4 1175 800 61 150
402 5 576 614 35 111
402 6 641 546 31 87
402 7 676 561 29 86
402 8 704 561 35 88
402 9 777 576 30 86
402 10 770 564 31 87
402 11 768 590 32 90
402 16 87 422 41 61
402 17 85 361 28 51
402 18 -5 377 23 54
402 20 1052 331 21 41
402 21 953 335 24 44
402 22 1497 351 25 44
402 23 1412 365 28 49
403 1 739 817 49 157
403 2 647 853 54 143
403 3 972 839 52 146
403 4 1174 800 62 149
403 5 574 615 35 111
403 6 641 546 31 87
403 7 676 561 29 84
403 8 704 561 35 88
403 9 777 576 30 86
403 10 770 564 31 87
403 11 768 591 29 90
403 16 84 424 39 58
403 17 85 360 28 51
403 18 -5 377 23 54
403 20 1052 331 21 41
403 21 951 336 24 43
403 22 1494 351 28 45
403 23 1407 365 33 48
404 1 739 817 49 157
404 2 647 853 54 142
404 3 972 840 49 145
404 4 1174 801 62 147
404 5 571 615 40 112
404 6 641 546 31 87
404 7 676 561 29 84
404 8 704 562 35 88
404 9 778 576 30 86
404 10 770 564 31 86
404 11 768 591 31 89
404 16 81 426 37 59
404 17 85 360 28 51
404 18 -5 377 23 54
404 20 1047 331 24 40
404 21 948 336 25 43
404 22 1493 351 28 45
404 23 1404 366 32 47
405 1 739 817 49 157
405 2 647 853 54 142
405 3 973 841 48 144
405 4 1174 801 62 147
405 5 565 616 45 111
405 6 641 546 31 87
405 7 676 561 29 84
405 8 704 562 35 88
405 9 778 577 30 86
405 10 770 564 31 86
405 11 768 591 31 89
405 16 79 426 34 57
405 17 85 360 28 51
405 18 -4 377 23 54
405 20 1047 331 28 41
405 21 947 336 22 41
405 22 1492 351 31 45
405 23 1401 367 30 46
406 1 739 817 49 157
406 2 647 853 54 142
406 3 974 842 48 144
406 4 1174 801 62 147
406 5 564 616 48 113
406 6 641 546 31 87
406 7 677 561 29 84
406 8 704 562 35 87
406 9 778 577 30 86
406 10 770 564 31 86
406 11 768 591 31 89
406 16 73 426 34 58
406 17 84 360 28 51
406 18 -4 377 23 54
406 20 1047 331 28 41
406 21 945 336 21 44
406 22 1491 351 31 45
406 23 1402 367 25 46
407 1 739 817 49 157
407 2 647 853 54 142
407 3 974 842 48 143
407 4 1178 801 58 147
407 5 563 616 48 113
407 6 641 546 31 87
407 7 677 561 29 84
407 8 704 562 35 87
407 9 778 577 30 86
407 10 770 564 31 86
407 11 768 591 30 88
407 16 70 425 35 59
407 17 84 360 28 51
407 18 -4 377 23 54
407 20 1045 331 28 42
407 21 943 336 21 43
407 22 1492 351 29 45
407 23 1399 367 21 46
408 1 739 817 49 157
408 2 647 853 54 142
408 3 976 843 48 143
408 4 1183 801 53 147
408 5 561 617 48 112
408 6 641 546 31 87
408 7 677 559 29 86
408 8 704 562 35 87
408 9 778 577 30 86
408 10 770 564 31 86
408 11 768 591 32 90
408 16 67 425 38 62
408 17 84 360 28 51
408 18 -4 377 23 54
408 20 1046 331 27 42
408 21 942 335 22 45
408 22 1491 351 29 45
408 23 1396 367 21 45
409 1 740 817 49 157
409 2 647 854 54 142
409 3 977 844 47 142
409 4 1183 801 53 147
409 5 560 617 48 112
409 6 641 546 31 87
409 7 677 559 29 86
409 8 704 563 35 87
409 9 778 577 30 86
409 10 770 564 31 86
409 11 768 591 33 88
409 16 64 425 38 62
409 17 84 360 28 51
409 18 -4 378 23 54
409 20 1046 331 27 42
409 21 940 335 23 45
409 22 1489 349 29 46
409 23 1393 366 21 46
410 1 740 817 49 157
410 2 647 853 54 142
410 3 977 845 47 142
410 4 1184 802 53 147
410 5 559 617 48 113
410 6 641 546 31 87
410 7 677 559 29 86
410 8 704 563 36 88
410 9 778 577 30 86
410 10 770 564 31 86
410 11 768 591 33 89
410 16 61 425 38 62
410 17 85 360 28 51
410 18 -4 378 23 54
410 20 1045 331 24 42
410 21 939 335 24 46
410 22 1488 349 25 45
410 23 1389 365 25 47
411 1 740 817 49 157
411 2 648 853 54 142
411 3 978 845 45 149
411 4 1184 802 53 149
411 5 557 618 45 111
411 6 641 547 31 87
411 7 677 559 29 86
411 8 704 563 34 87
411 9 778 577 30 86
411 10 770 564 31 86
411 11 768 591 33 87
411 16 58 426 38 62
411 17 85 360 28 51
411 18 -3 378 23 54
411 20 1045 331 24 42
411 21 934 335 28 45
411 22 1489 349 24 46
411 23 1384 364 28 48
412 1 740 817 49 157
412 2 648 854 54 142
412 3 978 846 45 151
412 4 1185 802 53 150
412 5 551 618 50 111
412 6 641 547 31 87
412 7 677 559 29 86
412 8 704 563 37 90
412 9 778 577 30 86
412 10 770 564 31 86
412 11 768 591 34 89
412 16 54 428 39 63
412 17 85 361 28 51
412 18 -3 378 23 54
412 20 1044 331 24 40
412 21 933 335 27 44
412 22 1488 349 22 45
412 23 1381 364 28 48
413 1 740 817 49 157
413 2 648 854 54 142
413 3 978 850 47 151
413 4 1187 802 54 151
413 5 550 618 45 111
413 6 641 547 31 87
413 7 677 559 29 86
413 8 704 563 36 90
413 9 778 577 30 86
413 10 770 565 31 86
413 11 768 591 33 88
413 16 51 430 40 58
413 17 85 361 28 51
413 18 -3 378 23 54
413 20 1044 331 24 40
413 21 931 336 28 44
413 22 1487 349 22 45
413 23 1378 364 28 48
414 1 740 817 49 157
414 2 648 854 54 142
414 3 978 851 47 151
414 4 1186 803 54 150
414 5 548 618 46 111
414 6 641 547 31 87
414 7 677 559 29 86
414 8 704 564 35 88
414 9 778 577 30 86
414 10 770 565 31 86
414 11 768 590 35 89
414 16 49 431 40 58
414 17 85 361 28 51
414 18 -3 378 23 54
414 20 1043 331 22 39
414 21 930 337 27 43
414 22 1486 349 19 45
414 23 1374 365 29 45
415 1 740 817 49 157
415 2 648 854 54 142
415 3 979 852 49 154
415 4 1187 803 54 152
415 5 543 621 42 110
415 6 641 547 31 87
415 7 677 559 29 86
415 8 704 566 37 88
415 9 778 577 30 86
415 10 770 565 31 86
415 11 768 591 35 89
415 16 46 431 37 58
415 17 87 361 24 51
415 18 -2 378 23 54
415 20 1043 331 19 41
415 21 927 337 24 43
415 22 1485 349 19 45
415 23 1371 366 30 46
416 1 740 817 49 157
416 2 648 854 54 142
416 3 980 853 49 154
416 4 1187 805 55 150
416 5 547 621 37 110
416 6 641 547 31 87
416 7 677 559 29 86
416 8 704 565 39 89
416 9 779 576 30 87
416 10 770 565 31 86
416 11 768 590 35 89
416 16 42 430 35 61
416 17 87 361 24 51
416 18 -2 378 23 54
416 20 1043 331 19 41
416 21 926 337 23 43
416 22 1480 349 23 44
416 23 1369 366 25 45
417 1 740 817 49 157
417 2 648 854 54 142
417 3 980 856 48 152
417 4 1188 805 58 150
417 5 543 621 39 111
417 6 641 547 31 87
417 7 677 559 29 86
417 8 704 564 40 90
417 9 779 576 30 88
417 10 770 565 31 86
417 11 769 590 36 90
417 16 38 430 36 59
417 17 87 360 24 51
417 18 -2 378 23 54
417 20 1042 331 20 41
417 21 925 337 23 43
417 22 1476 349 25 44
417 23 1367 366 25 44
418 1 740 817 49 157
418 2 648 854 54 142
418 3 981 858 49 152
418 4 1186 807 60 150
418 5 542 621 42 111
418 6 641 547 31 87
418 7 676 559 29 87
418 8 704 565 40 90
418 9 778 577 30 86
418 10 770 565 31 86
418 11 768 591 35 88
418 16 34 430 37 60
418 17 87 360 27 52
418 18 -2 378 23 54
418 20 1040 331 22 42
418 21 923 336 21 44
418 22 1475 349 25 44
418 23 1363 366 25 45
419 1 740 817 49 157
419 2 648 854 54 142
419 3 981 859 48 153
419 4 1187 807 60 150
419 5 539 621 44 111
419 6 641 547 31 87
419 7 676 559 29 87
419 8 704 565 40 90
419 9 778 577 30 86
419 10 770 565 31 86
419 11 768 590 35 89
419 16 30 430 40 60
419 17 85 360 29 52
419 18 -2 378 23 54
419 20 1037 331 24 41
419 21 920 336 22 45
419 22 1474 349 28 45
419 23 1360 365 24 47
420 1 740 817 49 157
420 2 648 854 54 142
420 3 982 860 46 156
420 4 1189 808 60 150
420 5 529 621 53 111
420 6 641 547 31 87
420 7 676 559 29 87
420 8 704 565 40 90
420 9 778 577 30 86
420 10 770 565 31 86
420 11 769 590 36 90
420 16 27 430 40 60
420 17 85 360 29 52
420 18 -1 378 23 54
420 20 1034 331 24 40
420 21 918 335 23 44
420 22 1473 349 28 45
420 23 1357 364 24 47
421 1 740 817 49 157
421 2 648 854 54 142
421 3 983 861 46 156
421 4 1186 809 64 149
421 5 528 621 56 112
421 6 641 547 32 87
421 7 676 560 29 87
421 8 704 565 40 90
421 9 778 577 30 86
421 10 770 565 31 86
421 11 768 591 38 89
421 16 24 431 42 61
421 17 85 360 29 52
421 18 -1 378 24 54
421 20 1034 331 24 40
421 21 916 335 27 44
421 22 1473 349 28 44
421 23 1353 364 27 48
422 1 740 817 49 157
422 2 648 854 54 142
422 3 984 863 48 154
422 4 1187 809 64 149
422 5 523 621 60 113
422 6 641 547 33 87
422 7 676 560 29 87
422 8 704 565 40 90
422 9 778 577 30 86
422 10 770 565 31 86
422 11 769 590 37 90
422 16 21 432 45 62
422 17 85 361 29 52
422 18 -1 377 24 55
422 20 1033 331 24 40
422 21 915 335 25 46
422 22 1474 349 24 46
422 23 1350 363 27 49
423 1 740 817 49 157
423 2 648 854 54 142
423 3 984 866 50 153
423 4 1188 809 67 149
423 5 520 626 64 108
423 6 641 547 33 87
423 7 675 560 29 87
423 8 704 565 40 90
423 9 778 577 30 86
423 10 770 565 31 86
423 11 770 591 36 91
423 16 18 433 44 61
423 17 85 361 29 52
423 18 -1 377 24 55
423 20 1033 331 27 41
423 21 914 335 25 46
423 22 1473 349 24 45
423 23 1347 364 31 48
424 1 740 818 49 157
424 2 648 854 54 142
424 3 985 867 50 153
424 4 1189 809 67 149
424 5 524 626 59 108
424 6 641 547 34 87
424 7 674 560 29 87
424 8 705 565 39 88
424 9 777 577 31 86
424 10 770 565 31 86
424 11 770 591 36 91
424 16 15 435 42 60
424 17 85 361 30 53
424 18 -1 377 24 55
424 20 1033 331 27 41
424 21 912 337 25 42
424 22 1472 349 24 44
424 23 1344 364 31 47
425 1 739 817 49 157
425 2 647 855 53 142
425 3 985 868 53 152
425 4 1190 809 67 150
425 5 523 626 59 108
425 6 641 547 34 87
425 7 674 560 29 86
425 8 704 565 38 92
425 9 777 577 31 86
425 10 770 565 31 86
425 11 770 591 36 91
425 16 13 436 39 60
425 17 85 361 30 51
425 18 -1 377 23 54
425 20 1032 331 27 41
425 21 911 337 25 42
425 22 1472 349 23 45
425 23 1341 364 31 47
426 1 740 818 49 157
426 2 647 855 54 142
426 3 983 871 58 148
426 4 1196 809 63 152
426 5 521 626 58 110
426 6 641 547 35 87
426 7 675 561 29 86
426 8 704 565 38 91
426 9 778 577 30 85
426 10 770 565 31 86
426 11 770 591 36 91
426 16 11 436 36 61
426 17 85 361 30 51
426 18 -1 377 23 54
426 20 1033 331 27 41
426 21 908 337 24 43
426 22 1471 349 23 45
426 23 1339 365 31 47
427 1 740 818 49 157
427 2 647 854 54 142
427 3 983 872 58 148
427 4 1199 809 61 152
427 5 520 626 56 111
427 6 641 547 35 87
427 7 675 561 29 86
427 8 703 565 38 91
427 9 776 578 31 84
427 10 770 565 31 86
427 11 770 591 36 91
427 16 5 436 35 58
427 17 85 361 30 51
427 18 0 377 23 54
427 20 1030 332 24 41
427 21 907 337 24 43
427 22 1470 349 20 43
427 23 1337 365 24 47
428 1 740 818 49 157
428 2 647 855 53 142
428 3 985 873 58 147
428 4 1200 809 61 152
428 5 519 626 52 112
428 6 641 547 36 87
428 7 674 561 28 87
428 8 703 565 38 95
428 9 775 578 32 85
428 10 770 565 31 86
428 11 770 591 36 91
428 16 2 436 35 58
428 17 85 361 30 51
428 18 2 378 23 54
428 20 1030 332 24 41
428 21 905 337 24 43
428 22 1469 349 20 43
428 23 1335 365 21 47
429 1 740 818 49 157
429 2 647 855 53 141
429 3 985 873 58 147
429 4 1203 809 60 154
429 5 518 626 50 114
429 6 640 547 37 89
429 7 674 561 28 87
429 8 703 565 38 96
429 9 777 578 30 85
429 10 770 565 31 86
429 11 770 591 36 91
429 16 -1 436 36 61
429 17 85 361 29 51
429 18 2 378 24 54
429 20 1030 332 24 40
429 21 904 337 24 43
429 22 1468 349 20 43
429 23 1332 365 21 46
430 1 740 818 49 157
430 2 647 855 53 142
430 3 985 874 61 148
430 4 1206 809 58 154
430 5 517 626 47 112
430 6 640 547 37 89
430 7 674 561 28 87
430 8 702 565 38 96
430 9 776 578 31 85
430 10 770 565 31 86
430 11 770 591 36 91
430 16 -3 436 35 63
430 17 85 361 29 51
430 18 2 378 24 54
430 20 1030 332 22 39
430 21 901 336 23 44
430 22 1466 348 20 45
430 23 1327 364 24 46
431 1 740 818 49 157
431 2 647 855 53 142
431 3 984 878 61 142
431 4 1209 810 56 154
431 5 516 628 40 110
431 6 640 547 37 89
431 7 673 562 28 87
431 8 702 565 41 96
431 9 777 578 30 86
431 10 770 565 31 86
431 11 771 592 36 90
431 16 -3 439 34 61
431 17 85 361 29 51
431 18 2 378 24 54
431 20 1030 332 20 38
431 21 898 336 24 46
431 22 1465 348 20 46
431 23 1324 363 25 47
432 1 740 818 49 157
432 2 647 855 53 141
432 3 984 878 61 142
432 4 1211 810 54 154
432 5 515 628 39 111
432 6 640 547 37 89
432 7 673 562 28 87
432 8 702 565 41 96
432 9 778 578 30 85
432 10 770 565 31 86
432 11 771 592 36 90
432 16 -3 440 31 61
432 17 85 363 29 51
432 18 2 378 24 54
432 20 1031 330 15 41
432 21 897 336 22 43
432 22 1462 348 22 46
432 23 1321 362 25 47
433 1 740 818 49 157
433 2 647 855 54 142
433 3 984 879 64 142
433 4 1211 811 54 153
433 5 513 628 36 114
433 6 640 547 37 89
433 7 673 562 28 86
433 8 701 565 41 96
433 9 774 578 34 84
433 10 770 565 31 86
433 11 770 592 36 91
433 16 -6 441 31 60
433 17 85 363 29 51
433 18 2 378 24 54
433 20 1030 330 15 42
433 21 896 336 22 43
433 22 1458 348 24 47
433 23 1319 362 24 46
434 1 740 818 49 157
434 2 647 856 53 141
434 3 984 879 64 143
434 4 1212 811 54 158
434 5 508 628 40 115
434 6 640 547 37 89
434 7 673 562 28 86
434 8 700 565 38 96
434 9 774 578 34 84
434 10 770 565 31 86
434 11 771 593 36 90
434 17 85 363 29 51
434 18 2 378 24 54
434 20 1030 330 15 42
434 21 894 336 24 44
434 22 1457 348 24 47
434 23 1315 363 28 46
435 1 739 818 49 157
435 2 647 856 53 141
435 3 985 880 64 142
435 4 1213 813 54 156
435 5 504 630 44 117
435 6 640 547 40 88
435 7 673 562 28 86
435 8 699 565 32 96
435 9 774 579 34 83
435 10 770 565 31 86
435 11 771 592 36 91
435 17 85 363 25 50
435 18 3 378 24 53
435 20 1026 330 18 41
435 21 891 336 27 46
435 22 1456 348 27 44
435 23 1312 363 30 45
436 1 740 818 49 157
436 2 647 856 53 141
436 3 985 880 65 144
436 4 1213 814 54 156
436 5 502 631 44 117
436 6 640 547 40 88
436 7 672 563 27 85
436 8 698 566 32 95
436 9 773 578 37 86
436 10 770 565 31 86
436 11 771 592 37 93
436 17 84 363 27 50
436 18 3 378 24 54
436 20 1022 330 24 43
436 21 890 336 25 44
436 22 1455 348 27 44
436 23 1309 363 29 46
437 1 740 819 49 157
437 2 647 856 53 141
437 3 985 880 64 142
437 4 1215 817 54 155
437 5 499 633 44 117
437 6 640 547 40 88
437 7 672 563 27 85
437 8 697 566 32 95
437 9 773 579 34 85
437 10 770 565 31 86
437 11 771 593 36 90
437 17 84 363 27 50
437 18 3 378 24 54
437 20 1022 330 24 43
437 21 888 337 24 44
437 22 1454 348 27 44
437 23 1307 364 29 45
438 1 740 819 49 157
438 2 647 856 53 142
438 3 986 881 64 141
438 4 1214 818 54 155
438 5 498 634 48 118
438 6 640 547 40 88
438 7 672 563 27 85
438 8 694 566 35 95
438 9 773 579 34 83
438 10 770 565 31 86
438 11 771 593 36 90
438 17 84 363 27 50
438 18 3 378 24 54
438 20 1021 331 24 42
438 21 887 340 24 41
438 22 1452 348 27 44
438 23 1304 364 22 45
439 1 740 819 49 157
439 2 647 856 53 141
439 3 987 882 63 139
439 4 1213 819 54 155
439 5 492 635 53 117
439 6 640 547 40 88
439 7 672 563 28 86
439 8 689 566 40 93
439 9 775 579 35 86
439 10 770 565 31 86
439 11 772 593 39 92
439 17 84 363 27 50
439 18 3 378 24 54
439 20 1021 331 24 41
439 21 886 340 24 42
439 22 1453 348 24 44
439 23 1301 364 22 46
440 1 740 819 49 157
440 2 646 856 53 141
440 3 987 882 63 139
440 4 1213 820 54 155
440 5 490 636 53 114
440 6 640 547 40 88
440 7 672 563 27 85
440 8 687 566 42 92
440 9 773 579 34 84
440 10 770 565 31 86
440 11 772 593 39 92
440 17 83 363 29 51
440 18 3 378 24 54
440 20 1021 331 24 41
440 21 883 340 21 40
440 22 1452 348 24 43
440 23 1298 363 24 47
441 1 741 819 49 157
441 2 646 856 53 141
441 3 985 883 70 142
441 4 1213 821 54 155
441 5 491 637 47 114
441 6 640 547 38 87
441 7 672 564 27 84
441 8 689 566 40 91
441 9 773 579 34 84
441 10 770 565 31 86
441 11 772 593 39 92
441 17 83 363 29 51
441 18 4 379 24 53
441 20 1020 331 24 41
441 21 881 339 21 42
441 22 1451 348 24 44
441 23 1296 362 24 47
442 1 740 819 49 157
442 2 646 856 53 141
442 3 985 883 73 143
442 4 1214 821 54 158
442 5 488 637 47 114
442 6 640 547 38 87
442 7 671 564 30 82
442 8 689 566 41 91
442 9 773 579 34 83
442 10 770 565 31 86
442 11 772 593 39 92
442 17 83 363 29 51
442 18 4 378 24 55
442 20 1020 331 23 41
442 21 879 338 22 44
442 22 1452 348 23 44
442 23 1290 362 24 47
443 1 740 819 49 157
443 2 646 856 53 141
443 3 986 883 75 146
443 4 1214 822 54 158
443 5 487 637 47 114
443 6 640 547 38 87
443 7 671 564 30 82
443 8 692 566 38 93
443 9 773 579 35 85
443 10 770 565 31 86
443 11 773 593 39 92
443 17 83 363 29 51
443 18 4 378 24 55
443 20 1020 331 23 41
443 21 878 338 23 44
443 22 1451 348 19 43
443 23 1287 362 28 48
444 1 741 819 49 157
444 2 646 856 53 141
444 3 987 883 75 146
444 4 1215 823 54 158
444 5 485 638 46 111
444 6 640 547 38 87
444 7 671 564 30 82
444 8 692 566 43 90
444 9 774 576 34 87
444 10 770 565 31 86
444 11 773 593 41 89
444 17 83 363 29 51
444 18 5 379 24 53
444 20 1019 331 22 41
444 21 874 337 24 45
444 22 1450 348 19 43
444 23 1282 362 33 48
445 1 741 819 49 156
445 2 646 856 53 141
445 3 991 884 73 146
445 4 1216 824 54 157
445 5 490 637 43 114
445 6 640 547 38 87
445 7 670 564 31 83
445 8 692 566 43 90
445 9 774 576 34 87
445 10 770 565 31 86
445 11 773 593 41 89
445 17 83 363 29 51
445 18 4 379 24 54
445 20 1019 331 22 41
445 21 872 337 24 45
445 22 1449 348 19 44
445 23 1280 362 32 48
446 1 739 819 49 157
446 2 646 856 54 142
446 3 992 885 74 146
446 4 1216 823 54 159
446 5 489 637 43 114
446 6 640 547 38 87
446 7 670 564 31 83
446 8 691 566 42 90
446 9 774 576 34 87
446 10 770 565 31 86
446 11 773 593 41 89
446 17 83 363 29 51
446 18 4 379 24 55
446 20 1018 331 21 41
446 21 871 337 24 46
446 22 1448 348 19 45
446 23 1278 362 32 48
447 1 739 819 49 157
447 2 646 856 53 141
447 3 993 886 74 146
447 4 1217 824 54 158
447 5 489 637 41 114
447 6 640 547 38 87
447 7 669 564 32 83
447 8 692 566 39 91
447 9 774 576 34 87
447 10 770 565 31 86
447 11 773 593 41 89
447 17 83 363 29 51
447 18 4 379 24 54
447 20 1018 331 17 42
447 21 868 337 27 45
447 22 1444 348 22 45
447 23 1276 362 31 47
448 1 740 819 49 156
448 2 646 856 53 141
448 3 997 886 70 146
448 4 1217 824 54 158
448 5 485 637 45 116
448 6 640 547 38 87
448 7 669 564 32 83
448 8 692 566 37 91
448 9 775 576 34 87
448 10 770 565 31 86
448 11 773 593 41 89
448 17 83 363 29 51
448 18 4 379 24 52
448 20 1017 331 17 42
448 21 867 337 25 43
448 22 1442 348 23 45
448 23 1273 363 25 46
449 1 741 819 49 156
449 2 646 856 53 142
449 3 998 887 70 142
449 4 1217 826 53 155
449 5 484 638 45 116
449 6 640 547 38 87
449 7 669 564 32 83
449 8 692 566 37 91
449 9 775 576 34 87
449 10 770 565 31 86
449 11 774 593 41 89
449 17 83 363 29 51
449 18 4 379 24 54
449 20 1017 331 17 42
449 21 865 337 25 45
449 22 1441 348 23 45
449 23 1270 363 23 46
450 1 741 819 49 156
450 2 646 856 53 141
450 3 999 888 70 142
450 4 1217 827 57 154
450 5 480 638 49 115
450 6 640 547 38 87
450 7 669 564 32 83
450 8 694 566 35 92
450 9 775 576 34 87
450 10 770 565 31 86
450 11 774 593 41 89
450 17 80 363 32 51
450 18 4 379 24 54
450 20 1016 331 18 44
450 21 863 339 27 43
450 22 1436 348 27 43
450 23 1267 362 23 46
451 1 741 819 49 156
451 2 646 856 53 141
451 3 1000 889 70 141
451 4 1217 828 57 153
451 5 479 639 49 115
451 6 640 547 38 87
451 7 669 564 32 83
451 8 694 566 38 93
451 9 775 576 34 87
451 10 770 565 31 86
451 11 774 593 41 89
451 17 80 363 32 51
451 18 4 379 24 54
451 20 1014 331 20 43
451 21 862 339 24 41
451 22 1435 348 27 43
451 23 1265 362 25 46
452 1 741 819 49 156
452 2 646 856 53 141
452 3 1002 891 68 145
452 4 1218 828 57 153
452 5 485 639 43 112
452 6 640 547 38 87
452 7 669 564 32 84
452 8 705 566 27 92
452 9 776 577 34 87
452 10 770 565 31 86
452 11 775 593 41 89
452 17 80 363 34 51
452 18 4 379 24 54
452 20 1013 331 20 43
452 21 861 339 21 42
452 22 1434 348 30 44
452 23 1262 361 27 47
453 1 741 819 48 156
453 2 646 856 53 142
453 3 1003 892 68 146
453 4 1219 830 58 151
453 5 485 639 43 112
453 6 640 547 38 87
453 7 669 563 32 84
453 8 707 566 25 91
453 9 777 577 34 86
453 10 770 565 31 86
453 11 775 594 43 90
453 17 80 363 34 51
453 18 4 378 25 55
453 20 1011 331 22 42
453 21 860 338 20 43
453 22 1433 348 31 44
453 23 1259 361 25 45
454 1 741 819 48 156
454 2 646 856 53 142
454 3 1005 892 66 145
454 4 1220 830 58 151
454 5 485 639 43 112
454 6 640 547 38 87
454 7 670 563 32 84
454 8 707 566 28 91
454 9 774 576 37 88
454 10 770 565 31 86
454 11 775 594 45 89
454 17 80 363 36 51
454 18 5 378 24 54
454 20 1008 331 24 41
454 21 859 337 21 45
454 22 1435 348 28 44
454 23 1253 361 29 47
455 1 741 819 48 156
455 2 646 855 54 142
455 3 1003 894 70 144
455 4 1220 831 58 150
455 5 487 639 41 113
455 6 640 547 38 87
455 7 670 563 32 84
455 8 705 566 30 90
455 9 773 576 38 88
455 10 770 565 31 86
455 11 775 594 45 89
455 17 79 363 37 51
455 18 4 379 24 54
455 20 1008 331 24 41
455 21 854 336 24 46
455 22 1434 348 25 44
455 23 1250 361 29 47
456 1 741 819 48 156
456 2 646 855 53 142
456 3 1005 895 71 141
456 4 1221 831 58 151
456 5 489 639 41 111
456 6 640 547 38 87
456 7 669 563 33 86
456 8 705 566 30 90
456 9 773 576 38 88
456 10 770 565 31 87
456 11 776 594 45 89
456 17 78 363 38 51
456 18 9 379 24 54
456 20 1006 331 25 41
456 21 853 336 24 45
456 22 1436 348 21 43
456 23 1247 361 31 49
457 1 741 819 48 156
457 2 646 855 53 142
457 3 1005 898 71 143
457 4 1221 832 57 149
457 5 489 639 41 111
457 6 640 547 38 87
457 7 669 563 33 86
457 8 705 566 31 93
457 9 773 576 36 88
457 10 770 565 31 87
457 11 776 594 45 89
457 17 76 363 42 51
457 18 9 378 25 55
457 20 1006 331 27 42
457 21 851 336 24 46
457 22 1435 348 21 43
457 23 1244 362 30 48
458 1 741 819 48 156
458 2 646 855 53 142
458 3 1007 899 71 142
458 4 1224 832 57 150
458 5 490 639 41 111
458 6 640 547 38 87
458 7 669 563 33 86
458 8 705 566 31 93
458 9 773 576 36 88
458 10 770 565 31 87
458 11 776 594 45 89
458 17 74 363 43 51
458 18 7 378 30 54
458 20 1006 331 25 42
458 21 848 336 24 44
458 22 1434 348 19 43
458 23 1244 363 24 45
459 1 741 819 48 156
459 2 646 855 53 142
459 3 1011 902 69 139
459 4 1225 832 55 150
459 5 490 639 43 111
459 6 640 547 38 87
459 7 670 563 33 86
459 8 707 566 29 94
459 9 774 576 35 89
459 10 770 565 31 87
459 11 777 594 45 90
459 17 71 365 45 49
459 18 8 379 31 53
459 20 1006 331 24 41
459 21 847 336 24 44
459 22 1433 346 19 45
459 23 1242 363 24 45
460 1 741 819 48 156
460 2 646 855 54 142
460 3 1013 904 68 138
460 4 1226 832 55 150
460 5 494 639 39 111
460 6 640 547 38 87
460 7 670 562 33 86
460 8 707 566 31 95
460 9 774 576 35 89
460 10 770 565 31 87
460 11 777 594 45 89
460 17 71 365 45 49
460 18 8 380 31 52
460 20 1006 331 24 41
460 21 844 338 25 43
460 22 1432 346 19 44
460 23 1238 363 23 44
460 24 1903 414 20 58
461 1 741 819 48 156
461 2 646 855 54 142
461 3 1016 902 69 141
461 4 1226 833 59 152
461 5 498 637 39 115
461 6 640 547 38 87
461 7 670 562 33 86
461 8 707 566 31 95
461 9 775 576 35 89
461 10 770 565 31 87
461 11 776 594 45 89
461 17 71 365 45 49
461 18 10 379 31 54
461 20 1005 331 23 41
461 21 843 338 23 43
461 22 1431 346 16 44
461 23 1235 362 23 45
461 24 1899 413 22 59
462 1 741 819 48 156
462 2 646 855 54 142
462 3 1025 903 62 140
462 4 1227 833 63 153
462 5 498 637 39 111
462 6 640 547 38 87
462 7 671 562 32 88
462 8 707 566 33 97
462 9 775 576 33 90
462 10 770 565 31 87
462 11 781 594 44 92
462 17 71 365 45 49
462 18 10 379 31 50
462 20 1005 331 21 41
462 21 840 340 24 42
462 22 1428 346 18 45
462 23 1233 361 24 45
462 24 1891 413 31 59
463 1 741 819 48 156
463 2 646 855 54 142
463 3 1028 904 62 138
463 4 1228 833 63 153
463 5 498 637 41 112
463 6 640 547 38 87
463 7 671 562 32 88
463 8 707 566 35 98
463 9 771 576 37 89
463 10 770 565 31 87
463 11 781 594 44 92
463 17 73 365 43 49
463 18 12 379 29 54
463 20 1005 331 18 41
463 21 838 340 22 41
463 22 1426 346 19 46
463 23 1229 360 25 48
463 24 1886 410 34 62
464 1 741 819 48 156
464 2 646 855 54 142
464 3 1036 905 58 139
464 4 1229 834 66 155
464 5 500 636 41 112
464 6 640 547 38 87
464 7 672 562 32 88
464 8 707 566 35 95
464 9 771 576 37 89
464 10 770 565 31 87
464 11 782 594 44 88
464 17 73 365 38 48
464 18 13 379 25 52
464 20 1004 331 18 41
464 21 836 339 22 41
464 22 1425 346 22 47
464 23 1224 360 28 49
464 24 1883 410 37 62
465 1 741 818 48 156
465 2 646 854 54 142
465 3 1044 908 51 133
465 4 1230 834 66 155
465 5 500 636 41 112
465 6 640 547 38 87
465 7 672 562 32 88
465 8 707 566 36 95
465 9 772 576 37 90
465 10 770 565 31 87
465 11 782 594 44 88
465 17 75 365 36 48
465 18 12 379 29 52
465 20 1004 331 18 41
465 21 834 339 27 42
465 22 1424 346 22 47
465 23 1221 360 30 50
465 24 1881 411 37 63
466 1 741 818 48 156
466 2 646 855 54 142
466 3 1047 910 52 133
466 4 1231 835 66 155
466 5 501 634 44 115
466 6 640 547 38 87
466 7 672 561 32 89
466 8 708 566 35 94
466 9 772 575 37 90
466 10 770 565 31 87
466 11 783 594 43 84
466 17 75 365 36 48
466 18 11 382 31 48
466 20 1003 331 18 41
466 21 833 338 25 44
466 22 1419 346 25 44
466 23 1218 360 30 48
466 24 1878 412 36 61
467 1 741 818 48 156
467 2 646 854 54 142
467 3 1050 910 53 135
467 4 1231 835 68 156
467 5 502 633 44 115
467 6 640 547 38 87
467 7 673 561 31 90
467 8 708 566 37 95
467 9 772 575 37 90
467 10 770 565 31 87
467 11 783 594 43 84
467 17 78 366 33 47
467 18 11 382 31 48
467 20 1002 331 19 42
467 21 830 337 28 45
467 22 1418 347 25 43
467 23 1216 361 28 48
467 24 1876 411 33 63
468 1 741 818 48 156
468 2 646 854 54 142
468 3 1051 911 57 137
468 4 1232 837 68 154
468 5 502 633 44 115
468 6 640 547 38 87
468 7 673 561 31 90
468 8 708 568 37 93
468 9 773 575 38 90
468 10 770 565 31 87
468 11 784 594 43 84
468 17 79 366 32 47
468 18 12 382 31 48
468 20 1001 331 19 43
468 21 828 337 27 46
468 22 1417 347 25 43
468 23 1213 362 27 47
468 24 1873 410 33 63
469 1 741 818 48 156
469 2 646 854 54 142
469 3 1050 912 62 142
469 4 1233 837 64 156
469 5 502 633 44 115
469 6 640 547 38 87
469 7 673 561 31 90
469 8 710 568 35 90
469 9 772 576 37 90
469 10 770 565 31 86
469 11 784 594 43 84
469 17 79 366 32 48
469 18 12 382 31 48
469 20 998 331 21 43
469 21 826 337 27 47
469 22 1416 347 25 43
469 23 1211 362 25 46
469 24 1870 409 29 62
470 1 741 818 48 156
470 2 646 854 54 142
470 3 1053 914 67 145
470 4 1233 837 65 156
470 5 503 633 44 115
470 6 640 547 38 87
470 7 673 561 31 90
470 8 710 568 35 90
470 9 774 575 38 91
470 10 770 565 31 86
470 11 784 594 43 84
470 17 80 366 31 48
470 18 13 382 31 48
470 20 995 331 24 41
470 21 824 337 27 47
470 22 1416 347 24 43
470 23 1208 362 24 45
470 24 1867 408 29 62
471 1 741 818 48 156
471 2 646 854 54 142
471 3 1053 915 75 147
471 4 1234 837 65 156
471 5 502 632 46 117
471 6 640 547 38 87
471 7 673 561 31 90
471 8 710 568 39 88
471 9 772 578 35 86
471 10 770 565 31 86
471 11 785 594 44 85
471 17 80 366 31 48
471 18 12 382 31 48
471 20 994 331 24 42
471 21 822 338 29 44
471 22 1415 347 24 42
471 23 1206 361 23 45
471 24 1864 406 30 63
472 1 741 818 48 156
472 2 646 854 54 142
472 3 1055 916 78 149
472 4 1236 837 67 156
472 5 503 631 46 117
472 6 640 547 38 87
472 7 673 561 31 88
472 8 710 568 39 88
472 9 772 578 35 86
472 10 771 565 32 89
472 11 785 594 44 85
472 17 80 362 29 51
472 18 14 382 31 48
472 20 994 331 24 42
472 21 820 339 28 43
472 22 1415 347 22 43
472 23 1204 360 23 45
472 24 1860 405 35 64
473 1 741 818 48 156
473 2 647 854 53 141
473 3 1057 917 80 154
473 4 1237 837 67 156
473 5 501 631 49 116
473 6 640 547 38 87
473 7 673 561 31 88
473 8 710 568 40 91
473 9 772 578 35 86
473 10 771 565 31 88
473 11 785 594 44 85
473 17 80 361 31 52
473 18 15 382 31 48
473 20 993 331 24 42
473 21 819 338 25 43
473 22 1416 347 20 44
473 23 1202 360 22 44
473 24 1857 407 36 62
474 1 741 818 48 156
474 2 647 854 53 142
474 3 1060 920 79 154
474 4 1240 837 65 156
474 5 495 630 59 117
474 6 640 547 38 87
474 7 673 561 31 88
474 8 710 568 41 92
474 9 772 578 35 86
474 10 771 565 31 88
474 11 785 594 44 85
474 17 80 361 31 52
474 18 15 382 31 48
474 20 992 331 24 42
474 21 818 338 24 46
474 22 1414 345 19 44
474 23 1197 360 25 45
474 24 1853 407 37 63
475 1 737 818 51 157
475 2 647 854 53 141
475 3 1063 924 78 152
475 4 1244 837 62 156
475 5 492 629 64 113
475 6 640 547 38 87
475 7 673 561 31 88
475 8 710 568 41 92
475 9 773 578 35 86
475 10 771 565 31 88
475 11 786 594 44 85
475 17 80 361 31 52
475 18 16 383 30 47
475 20 991 331 24 42
475 21 817 338 21 44
475 22 1413 345 19 44
475 23 1194 360 25 45
475 24 1850 407 34 59
476 1 737 818 51 157
476 2 647 854 53 141
476 3 1067 927 75 152
476 4 1245 837 62 156
476 5 489 628 68 113
476 6 640 547 38 87
476 7 673 561 31 88
476 8 710 569 38 91
476 9 773 578 35 86
476 10 771 565 31 88
476 11 786 594 44 88
476 17 80 361 31 52
476 18 17 383 30 46
476 20 990 332 24 41
476 21 813 338 23 44
476 22 1413 345 18 43
476 23 1191 360 25 45
476 24 1844 408 37 58
477 1 737 818 51 157
477 2 647 854 53 141
477 3 1069 928 73 152
477 4 1249 838 62 155
477 5 489 627 68 113
477 6 640 547 38 87
477 7 673 561 31 88
477 8 710 569 37 92
477 9 773 578 35 87
477 10 771 565 31 88
477 11 783 594 47 89
477 17 80 361 31 52
477 18 17 382 31 48
477 20 989 332 24 41
477 21 812 337 23 44
477 22 1411 345 19 43
477 23 1188 360 25 46
477 24 1841 409 35 55
478 1 737 818 51 157
478 2 647 854 53 141
478 3 1075 929 68 152
478 4 1250 839 62 158
478 5 490 627 70 113
478 6 640 547 38 87
478 7 673 561 31 88
478 8 710 569 34 93
478 9 773 577 35 87
478 10 771 565 31 88
478 11 783 594 47 89
478 17 80 362 31 52
478 18 18 382 31 48
478 20 991 332 23 41
478 21 810 337 24 47
478 22 1410 345 19 43
478 23 1185 361 24 45
478 24 1842 410 24 54
479 1 737 818 51 157
479 2 647 854 53 141
479 3 1084 933 64 147
479 4 1251 840 62 161
479 5 488 626 72 114
479 6 640 547 38 87
479 7 673 561 31 87
479 8 713 569 31 93
479 9 773 577 35 87
479 10 771 565 31 88
479 11 783 594 47 89
479 17 81 362 30 51
479 18 18 383 29 44
479 20 991 332 23 41
479 21 809 337 24 47
479 22 1406 345 22 44
479 23 1183 361 24 45
479 24 1839 405 25 59
480 1 737 818 51 157
480 2 647 854 53 141
480 3 1093 938 56 143
480 4 1252 841 62 163
480 5 488 625 75 114
480 6 640 547 38 87
480 7 673 561 31 87
480 8 713 569 31 93
480 9 772 578 35 87
480 10 771 565 31 88
480 11 783 594 47 89
480 17 81 362 31 51
480 18 19 382 31 48
480 20 990 332 23 41
480 21 806 337 24 46
480 22 1403 345 24 43
480 23 1180 362 24 44
480 24 1835 405 27 58
481 1 737 818 51 156
481 2 647 854 53 141
481 3 1097 940 58 141
481 4 1253 842 62 163
481 5 488 625 75 114
481 6 640 546 38 87
481 7 673 562 31 87
481 8 713 569 34 90
481 9 772 578 35 87
481 10 771 565 31 88
481 11 783 594 47 89
481 17 81 363 30 50
481 18 20 383 27 46
481 20 990 332 23 42
481 21 804 337 28 47
481 22 1402 345 24 43
481 23 1178 361 21 43
481 24 1833 404 28 59
482 1 737 818 51 156
482 2 648 854 53 141
482 3 1098 941 65 140
482 4 1254 843 60 167
482 5 491 624 75 115
482 6 640 547 38 87
482 7 672 562 31 87
482 8 713 569 34 90
482 9 772 578 35 86
482 10 771 565 31 88
482 11 783 594 47 89
482 17 81 363 30 51
482 18 20 383 27 46
482 20 990 332 19 40
482 21 803 337 25 46
482 22 1401 345 24 43
482 23 1175 360 21 44
482 24 1828 403 27 57
483 1 737 818 51 156
483 2 647 853 56 141
483 3 1099 943 71 135
483 4 1255 844 60 166
483 5 495 624 73 115
483 6 640 547 38 87
483 7 672 562 31 87
483 8 711 569 36 91
483 9 772 578 35 85
483 10 771 565 31 88
483 11 781 594 49 88
483 17 82 364 29 49
483 18 21 383 24 47
483 20 990 332 19 40
483 21 802 337 24 47
483 22 1400 345 24 43
483 23 1167 360 27 45
483 24 1825 402 32 59
484 1 737 818 51 156
484 2 647 853 57 141
484 3 1100 942 74 136
484 4 1255 844 60 166
484 5 497 624 73 115
484 6 640 546 38 87
484 7 672 562 31 87
484 8 711 569 36 91
484 9 772 578 35 85
484 10 771 565 31 88
484 11 781 594 49 88
484 17 81 362 31 51
484 18 21 382 24 48
484 20 989 332 18 41
484 21 798 340 27 44
484 22 1395 345 27 43
484 23 1166 360 24 46
484 24 1817 401 36 59
485 1 737 818 51 156
485 2 647 853 59 141
485 3 1101 941 78 137
485 4 1256 846 59 165
485 5 498 623 73 115
485 6 640 546 38 87
485 7 672 562 30 86
485 8 708 569 39 90
485 9 772 578 35 85
485 10 771 565 31 88
485 11 781 594 48 89
485 17 81 362 30 51
485 18 21 382 24 51
485 20 986 332 21 41
485 21 797 340 24 44
485 22 1398 346 28 43
485 23 1163 360 29 47
485 24 1814 401 36 59
486 1 737 819 51 156
486 2 646 854 62 142
486 3 1102 940 78 137
486 4 1257 848 61 166
486 5 504 623 68 116
486 6 640 546 38 87
486 7 673 561 31 88
486 8 708 569 39 90
486 9 772 578 35 85
486 10 771 565 31 88
486 11 781 594 48 89
486 17 81 361 31 52
486 18 21 382 24 51
486 20 986 332 20 42
486 21 793 340 24 44
486 22 1397 346 28 43
486 23 1160 360 30 44
486 24 1810 400 37 61
487 1 737 819 51 156
487 2 646 854 62 142
487 3 1104 943 78 134
487 4 1258 849 61 165
487 5 510 621 63 116
487 6 640 546 38 87
487 7 671 562 30 86
487 8 707 569 39 89
487 9 772 578 35 85
487 10 771 565 31 88
487 11 781 594 48 89
487 17 81 361 31 52
487 18 22 382 24 51
487 20 982 332 24 40
487 21 792 340 24 44
487 22 1397 347 23 42
487 23 1157 360 30 44
487 24 1806 401 37 59
488 1 737 819 50 155
488 2 646 854 62 142
488 3 1106 943 78 134
488 4 1258 850 60 163
488 5 511 620 63 116
488 6 640 546 38 87
488 7 671 562 30 86
488 8 707 569 39 89
488 9 774 578 33 85
488 10 771 565 31 87
488 11 781 594 48 90
488 17 81 361 31 52
488 18 22 382 24 51
488 20 982 332 24 41
488 21 790 339 23 45
488 22 1396 347 23 41
488 23 1155 361 28 45
488 24 1803 402 36 58
489 1 737 819 50 155
489 2 646 854 62 142
489 3 1107 944 79 135
489 4 1258 851 62 162
489 5 515 620 60 116
489 6 640 546 38 87
489 7 671 562 30 86
489 8 707 569 38 88
489 9 774 578 33 84
489 10 771 565 31 87
489 11 781 594 48 90
489 17 81 361 31 52
489 18 22 382 24 50
489 20 980 332 27 42
489 21 788 338 24 45
489 22 1395 347 23 40
489 23 1153 362 24 43
489 24 1800 402 36 58
490 1 737 819 50 155
490 2 646 854 62 141
490 3 1104 946 87 136
490 4 1258 852 62 164
490 5 521 619 55 116
490 6 640 546 38 87
490 7 673 560 31 88
490 8 707 569 39 90
490 9 774 578 33 84
490 10 771 565 31 88
490 11 781 594 48 90
490 17 81 361 31 52
490 18 22 382 24 50
490 20 980 332 24 41
490 21 786 338 24 45
490 22 1395 347 21 41
490 23 1151 362 24 42
490 24 1802 401 29 58
491 1 737 819 50 155
491 2 646 854 62 141
491 3 1106 948 86 133
491 4 1258 851 62 165
491 5 526 621 53 115
491 6 640 546 38 87
491 7 671 563 30 85
491 8 706 569 41 91
491 9 774 578 33 84
491 10 771 565 31 88
491 11 781 594 47 91
491 17 81 361 31 52
491 18 22 382 24 50
491 20 977 332 28 40
491 21 785 337 25 46
491 22 1394 344 20 44
491 23 1147 362 23 44
491 24 1800 400 29 59
492 1 737 818 50 155
492 2 646 850 64 146
492 3 1102 951 91 130
492 4 1258 852 62 164
492 5 530 620 50 115
492 6 640 546 38 87
492 7 670 563 30 85
492 8 705 569 41 91
492 9 774 578 33 84
492 10 771 565 31 88
492 11 781 594 47 91
492 17 81 362 30 51
492 18 22 382 24 50
492 20 977 332 28 40
492 21 782 337 28 47
492 22 1393 344 20 44
492 23 1142 361 24 44
492 24 1796 399 24 59
493 1 737 819 50 155
493 2 646 850 64 146
493 3 1103 951 91 129
493 4 1258 853 61 163
493 5 531 619 50 110
493 6 640 546 38 87
493 7 670 563 30 85
493 8 705 569 41 91
493 9 774 578 33 84
493 10 771 564 31 88
493 11 781 594 47 91
493 17 81 362 30 50
493 18 22 382 24 50
493 20 976 332 28 40
493 21 781 340 28 45
493 22 1392 344 20 44
493 23 1140 360 27 44
493 24 1793 397 24 60
494 1 737 818 50 155
494 2 646 853 65 143
494 3 1107 958 87 122
494 4 1258 853 61 163
494 5 537 613 44 111
494 6 640 546 38 87
494 7 673 560 31 89
494 8 704 568 41 92
494 9 774 578 33 84
494 10 771 564 31 88
494 11 781 594 47 91
494 17 81 361 31 52
494 18 22 382 24 50
494 20 975 332 28 39
494 21 779 341 28 44
494 22 1391 344 22 44
494 23 1138 360 27 45
494 24 1791 396 27 63
495 1 737 818 50 155
495 2 646 855 65 141
495 3 1106 961 86 118
495 4 1258 854 61 163
495 5 538 611 44 111
495 6 640 546 38 87
495 7 673 560 31 89
495 8 703 569 41 92
495 9 774 578 33 84
495 10 771 564 31 88
495 11 781 594 47 91
495 17 82 364 29 48
495 18 23 382 24 50
495 20 975 332 27 41
495 21 778 341 25 43
495 22 1390 344 22 44
495 23 1136 360 27 45
495 24 1783 395 32 63
496 1 737 818 50 155
496 2 646 855 65 141
496 3 1111 968 83 110
496 4 1259 857 60 159
496 5 539 608 44 114
496 6 640 546 38 87
496 7 673 560 31 89
496 8 703 568 42 93
496 9 774 578 33 84
496 10 771 565 31 88
496 11 781 594 49 87
496 17 82 365 29 48
496 18 23 382 24 50
496 20 975 332 27 41
496 21 777 341 27 44
496 22 1386 344 25 43
496 23 1133 360 27 46
496 24 1779 394 32 64
497 1 737 819 50 155
497 2 646 855 65 141
497 3 1114 974 83 105
497 4 1259 857 60 159
497 5 544 606 40 113
497 6 640 546 38 87
497 7 673 560 32 89
497 8 703 568 39 92
497 9 774 578 33 84
497 10 771 565 31 88
497 11 781 594 49 87
497 17 81 362 30 51
497 18 23 382 24 50
497 20 974 332 23 39
497 21 775 341 24 40
497 22 1385 344 25 44
497 23 1128 360 29 44
497 24 1774 395 39 63
498 1 737 818 50 155
498 2 646 855 65 141
498 3 1117 982 84 97
498 4 1260 854 62 163
498 5 545 604 40 113
498 6 640 546 38 87
498 7 669 560 32 88
498 8 702 568 40 91
498 9 774 578 33 84
498 10 771 565 31 88
498 11 781 594 49 87
498 17 81 361 31 51
498 18 23 382 24 49
498 20 976 332 18 41
498 21 771 341 22 43
498 22 1384 344 24 45
498 23 1125 360 29 44
498 24 1771 395 39 62
499 1 737 818 50 155
499 2 646 855 65 141
499 3 1122 985 81 93
499 4 1260 857 62 161
499 5 546 602 40 112
499 6 640 546 38 87
499 7 669 560 32 88
499 8 702 568 40 91
499 9 774 578 33 84
499 10 771 564 31 88
499 11 781 594 49 87
499 17 81 361 31 51
499 18 23 382 24 49
499 20 975 332 18 41
499 21 769 341 22 43
499 22 1383 344 24 45
499 23 1122 361 29 43
499 24 1768 396 38 61
500 1 737 818 51 156
500 2 646 855 65 141
500 3 1126 989 78 90
500 4 1260 858 62 161
500 5 548 600 40 113
500 6 640 546 38 87
500 7 669 560 32 88
500 8 701 568 40 91
500 9 774 578 33 84
500 10 771 564 31 88
500 11 781 594 49 87
500 17 81 361 31 51
500 18 22 382 24 50
500 20 975 332 18 41
500 21 768 340 24 45
500 22 1382 344 24 44
500 23 1123 361 23 43
500 24 1769 396 30 60
501 1 737 818 51 156
501 2 646 851 66 145
501 3 1126 990 79 91
501 4 1260 858 62 160
501 5 550 599 40 114
501 6 640 546 38 87
501 7 669 562 32 88
501 8 701 568 36 91
501 9 774 578 33 84
501 10 771 565 31 88
501 11 781 594 49 87
501 17 81 361 31 52
501 18 22 380 24 52
501 20 974 331 19 42
501 21 766 339 24 46
501 22 1380 344 25 44
501 23 1120 361 23 43
501 24 1767 397 30 59
502 1 737 818 50 155
502 2 646 851 66 145
502 3 1127 995 78 85
502 4 1261 859 62 160
502 5 551 598 40 112
502 6 640 546 38 87
502 7 669 562 33 89
502 8 700 568 33 91
502 9 774 578 33 84
502 10 771 565 31 87
502 11 781 594 49 87
502 17 81 361 31 52
502 18 22 380 24 52
502 20 974 332 18 42
502 21 764 339 25 46
502 22 1379 344 25 44
502 23 1117 361 24 46
502 24 1765 396 24 57
503 1 737 818 51 156
503 2 646 851 66 145
503 3 1127 996 78 85
503 4 1261 860 61 160
503 5 553 599 39 111
503 6 640 546 38 87
503 7 669 562 30 85
503 8 699 568 33 91
503 9 774 578 33 84
503 10 771 565 31 87
503 11 781 594 49 87
503 17 81 361 31 52
503 18 22 380 24 52
503 20 974 332 18 41
503 21 762 339 27 47
503 22 1378 344 25 43
503 23 1115 360 23 47
503 24 1762 395 23 56
504 1 737 818 51 156
504 2 646 851 66 145
504 3 1128 999 76 85
504 4 1262 862 60 157
504 5 554 599 40 113
504 6 640 546 38 87
504 7 669 562 30 85
504 8 699 568 33 91
504 9 774 578 33 84
504 10 771 565 31 87
504 11 781 594 49 87
504 17 81 362 31 52
504 18 22 380 24 52
504 20 971 332 20 41
504 21 759 339 28 45
504 22 1376 344 24 44
504 23 1111 360 24 47
504 24 1757 394 28 61
505 1 737 818 51 156
505 2 646 851 66 145
505 3 1129 1002 72 77
505 4 1262 863 60 157
505 5 555 598 38 105
505 6 640 546 38 87
505 7 669 563 30 84
505 8 699 566 33 92
505 9 774 578 33 84
505 10 771 565 31 88
505 11 781 594 49 87
505 17 81 363 30 50
505 18 21 380 24 53
505 20 969 332 22 42
505 21 758 339 28 45
505 22 1378 344 22 44
505 23 1107 360 29 45
505 24 1754 393 28 62
506 1 737 818 51 156
506 2 646 851 66 145
506 3 1130 1005 72 77
506 4 1262 864 60 156
506 5 556 597 38 105
506 6 640 546 38 87
506 7 669 563 31 84
506 8 699 566 32 93
506 9 774 578 33 84
506 10 771 565 31 87
506 11 781 594 49 87
506 17 81 362 30 50
506 18 22 380 24 52
506 20 969 332 22 41
506 21 756 340 27 44
506 22 1379 344 19 45
506 23 1104 359 29 46
506 24 1752 392 28 61
507 1 738 818 51 156
507 2 646 851 66 145
507 3 1128 1009 75 78
507 4 1263 866 59 161
507 5 557 595 38 106
507 6 640 546 38 86
507 7 669 564 32 83
507 8 698 566 31 94
507 9 774 578 33 84
507 10 771 565 31 87
507 11 781 594 49 87
507 17 81 363 30 50
507 18 22 380 24 52
507 20 969 332 22 41
507 21 754 340 27 44
507 22 1378 344 19 45
507 23 1101 359 31 44
507 24 1742 391 35 61
508 1 738 817 51 156
508 2 646 854 66 142
508 3 1129 1014 75 71
508 4 1264 868 58 159
508 5 560 593 37 103
508 6 640 546 38 87
508 7 666 565 34 83
508 8 698 566 31 94
508 9 774 578 33 84
508 10 771 565 31 87
508 11 782 594 49 87
508 17 82 364 29 48
508 18 22 380 24 52
508 20 968 332 22 41
508 21 752 340 28 44
508 22 1377 344 19 45
508 23 1098 359 31 44
508 24 1739 391 35 61
509 1 738 817 51 156
509 2 646 854 66 142
509 3 1133 1018 71 72
509 4 1264 869 58 158
509 5 561 590 41 110
509 6 640 546 38 87
509 7 666 566 34 82
509 8 697 566 31 92
509 9 774 578 33 84
509 10 771 565 31 87
509 11 782 594 49 87
509 17 80 361 31 52
509 18 22 380 24 52
509 20 967 332 22 40
509 21 751 340 24 45
509 22 1374 344 19 46
509 23 1098 360 24 45
509 24 1735 391 40 60
510 1 738 817 51 156
510 2 646 854 63 142
510 3 1135 1020 70 60
510 4 1264 870 58 157
510 5 562 589 41 110
510 6 640 546 38 87
510 7 666 567 33 81
510 8 697 566 31 92
510 9 774 578 33 84
510 10 771 565 31 87
510 11 782 594 49 87
510 17 81 363 30 50
510 18 22 380 24 52
510 20 966 332 21 40
510 21 748 340 25 46
510 22 1374 344 18 45
510 23 1095 361 24 44
510 24 1732 392 39 58
511 1 738 817 51 156
511 2 646 854 63 142
511 3 1141 1024 63 55
511 4 1266 873 60 154
511 5 563 588 39 108
511 6 640 546 38 87
511 7 666 571 33 76
511 8 696 566 31 91
511 9 774 578 33 84
511 10 771 565 31 87
511 11 782 594 49 87
511 17 80 361 31 52
511 18 22 380 24 52
511 20 965 332 21 40
511 21 747 339 23 45
511 22 1368 344 23 44
511 23 1093 361 21 42
511 24 1727 391 42 63
512 1 738 817 51 156
512 2 646 854 63 142
512 3 1147 1028 59 52
512 4 1267 876 60 151
512 5 563 588 40 107
512 6 640 546 38 87
512 7 666 572 33 75
512 8 696 566 31 91
512 9 774 578 33 84
512 10 771 565 31 87
512 11 781 594 49 87
512 17 80 361 31 51
512 18 22 380 24 52
512 20 964 333 21 39
512 21 746 339 22 47
512 22 1367 344 23 44
512 23 1091 361 23 43
512 24 1727 392 33 60
513 1 738 817 51 157
513 2 646 854 63 142
513 3 1148 1030 59 52
513 4 1264 877 66 150
513 5 564 588 40 106
513 6 640 546 38 87
513 7 662 573 35 75
513 8 695 566 31 91
513 9 774 578 33 84
513 10 771 565 31 87
513 11 781 594 49 87
513 17 80 361 31 52
513 18 22 380 24 52
513 20 965 331 20 42
513 21 742 339 24 49
513 22 1365 344 24 45
513 23 1088 361 23 44
513 24 1724 392 33 59
514 1 738 817 51 157
514 2 646 854 65 142
514 3 1149 1031 58 52
514 4 1261 878 69 150
514 5 563 588 44 107
514 6 640 546 38 87
514 7 661 574 38 76
514 8 695 566 31 91
514 9 774 578 33 84
514 10 771 565 31 87
514 11 781 594 49 87
514 17 80 361 31 52
514 18 22 380 24 52
514 20 965 331 20 42
514 21 740 339 24 46
514 22 1365 344 24 44
514 23 1085 360 23 46
514 24 1725 395 28 56
515 1 739 817 51 156
515 2 646 854 68 142
515 3 1150 1028 58 51
515 4 1260 878 71 149
515 5 564 588 44 106
515 6 640 546 38 87
515 7 656 574 41 77
515 8 694 566 31 91
515 9 774 578 33 84
515 10 771 565 31 87
515 11 781 594 49 87
515 17 80 361 31 52
515 18 22 380 24 52
515 20 964 331 17 41
515 21 738 339 28 46
515 22 1364 344 24 44
515 23 1083 359 23 46
515 24 1722 393 29 57
516 1 739 817 51 157
516 2 646 854 68 142
516 3 1153 1031 53 51
516 4 1258 878 72 154
516 5 564 587 44 103
516 6 640 546 38 87
516 7 654 574 44 79
516 8 693 567 30 90
516 9 774 578 33 84
516 10 771 565 31 87
516 11 781 594 49 87
516 17 80 361 31 52
516 18 22 380 24 52
516 20 962 331 19 41
516 21 736 339 28 46
516 22 1363 344 24 44
516 23 1080 359 24 46
516 24 1719 393 28 56
517 1 739 816 51 157
517 2 646 854 68 142
517 3 1155 1033 52 48
517 4 1258 878 72 154
517 5 565 586 45 100
517 6 641 546 38 86
517 7 652 575 47 78
517 8 693 567 30 90
517 9 774 578 33 84
517 10 771 564 31 87
517 11 781 594 49 87
517 17 80 362 31 51
517 18 16 380 29 51
517 20 962 331 19 41
517 21 734 340 28 46
517 22 1362 344 25 44
517 23 1074 359 28 45
517 24 1715 391 28 57
518 1 739 816 51 157
518 2 646 854 68 142
518 4 1258 879 72 153
518 5 571 585 39 102
518 6 641 546 37 87
518 7 651 574 49 79
518 8 692 566 31 92
518 9 774 578 33 84
518 10 771 565 31 87
518 11 781 594 49 87
518 17 80 361 31 51
518 18 16 380 29 51
518 20 960 331 20 42
518 21 733 340 25 45
518 22 1361 344 25 43
518 23 1071 359 29 45
518 24 1713 391 30 57
519 1 739 817 51 157
519 2 646 854 68 142
519 4 1259 878 72 154
519 5 572 584 39 100
519 6 640 546 37 86
519 7 645 573 54 80
519 8 692 566 31 92
519 9 774 578 33 84
519 10 771 564 31 87
519 11 781 594 49 87
519 17 81 364 29 48
519 18 16 380 29 51
519 20 960 331 20 42
519 21 732 342 25 43
519 22 1363 344 23 43
519 23 1068 361 27 41
519 24 1705 391 35 57
520 1 739 817 51 156
520 2 646 854 68 142
520 4 1259 879 72 151
520 5 573 580 39 100
520 6 640 546 40 87
520 7 642 573 55 79
520 8 692 566 31 92
520 9 774 578 33 84
520 10 771 564 31 88
520 11 781 594 49 87
520 17 81 363 30 50
520 18 15 380 29 51
520 20 957 331 22 42
520 21 731 342 23 43
520 22 1362 344 21 43
520 23 1067 362 23 42
520 24 1700 391 40 57
521 1 739 817 51 157
521 2 646 854 68 143
521 4 1258 879 73 151
521 5 574 579 39 99
521 6 641 546 37 87
521 7 640 573 53 80
521 8 691 566 31 93
521 9 774 578 33 84
521 10 771 565 31 87
521 11 781 594 49 87
521 17 81 362 30 51
521 18 15 380 29 51
521 20 956 331 23 42
521 21 729 341 22 44
521 22 1361 344 21 43
521 23 1067 362 20 42
521 24 1697 392 37 55
522 1 739 817 51 157
522 2 646 854 68 143
522 4 1258 879 73 151
522 5 572 579 43 99
522 6 641 546 36 88
522 7 631 573 59 80
522 8 691 566 31 93
522 9 774 578 33 84
522 10 771 564 31 88
522 11 781 594 49 87
522 17 81 362 30 51
522 18 14 380 29 51
522 20 952 331 27 42
522 21 727 341 22 44
522 22 1361 344 17 42
522 23 1065 362 19 43
522 24 1694 391 37 56
523 1 739 816 51 157
523 2 646 854 68 143
523 4 1256 879 75 151
523 5 572 579 45 99
523 6 640 546 37 89
523 7 628 573 60 82
523 8 691 565 31 93
523 9 774 578 33 83
523 10 771 564 31 88
523 11 781 594 49 87
523 17 80 362 31 51
523 18 13 381 29 51
523 20 952 331 27 42
523 21 725 340 22 45
523 22 1358 344 19 42
523 23 1059 361 23 43
523 24 1696 392 32 54
524 1 739 816 51 157
524 2 646 854 67 143
524 4 1254 879 77 151
524 5 573 578 45 99
524 6 640 546 36 89
524 7 621 573 63 82
524 8 691 565 31 93
524 9 774 578 33 83
524 10 771 564 31 88
524 11 781 594 49 87
524 17 80 361 31 52
524 18 13 381 29 51
524 20 951 331 27 42
524 21 723 342 24 43
524 22 1357 344 19 42
524 23 1056 360 23 44
524 24 1693 392 31 53
525 1 739 816 51 157
525 2 647 854 64 143
525 4 1254 880 77 150
525 5 574 578 45 98
525 6 641 546 36 88
525 7 620 577 55 79
525 8 691 565 32 94
525 9 774 578 33 84
525 10 771 565 31 87
525 11 781 594 49 87
525 17 80 361 31 51
525 18 12 381 28 50
525 20 950 332 27 41
525 21 718 342 27 44
525 22 1357 344 19 41
525 23 1053 360 24 44
525 24 1690 392 29 53
526 1 739 817 51 157
526 2 647 854 64 143
526 4 1254 880 80 150
526 5 574 577 54 93
526 6 641 546 36 88
526 7 619 578 52 78
526 8 691 565 34 91
526 9 774 578 33 84
526 10 771 565 31 87
526 11 781 594 49 87
526 17 80 361 31 52
526 18 12 382 28 49
526 20 949 332 25 41
526 21 716 342 27 44
526 22 1355 344 19 42
526 23 1050 359 24 45
526 24 1687 391 28 55
527 1 739 817 51 157
527 2 647 854 61 143
527 4 1254 880 80 150
527 5 575 576 54 94
527 6 642 545 36 87
527 7 621 579 45 79
527 8 691 565 38 90
527 9 774 578 33 84
527 10 771 565 31 87
527 11 781 594 49 87
527 17 80 361 31 52
527 18 12 382 28 49
527 20 949 332 25 40
527 21 714 342 27 45
527 22 1350 344 23 43
527 23 1047 360 24 44
527 24 1684 390 28 55
527 25 1904 376 19 49
528 1 739 817 51 157
528 2 647 854 60 143
528 4 1254 880 80 150
528 5 580 575 52 95
528 6 642 545 36 87
528 7 621 583 45 75
528 8 693 565 36 90
528 9 774 578 33 84
528 10 772 564 31 88
528 11 782 594 49 87
528 17 79 361 31 52
528 18 12 382 28 49
528 20 950 331 24 42
528 21 712 343 27 44
528 22 1347 344 24 44
528 23 1044 360 30 44
528 24 1681 389 31 57
528 25 1901 377 22 48
529 1 739 817 51 157
529 2 648 855 57 139
529 4 1255 880 80 150
529 5 581 575 52 91
529 6 642 545 36 88
529 7 621 584 39 76
529 8 693 565 36 90
529 9 774 578 33 84
529 10 772 564 31 88
529 11 782 594 49 87
529 17 79 361 31 52
529 18 11 382 28 49
529 20 949 331 24 42
529 21 711 343 27 42
529 22 1346 344 28 44
529 23 1041 360 29 44
529 24 1674 388 35 57
529 25 1901 377 21 48
530 1 740 817 51 157
530 2 648 855 57 139
530 4 1255 880 80 150
530 5 582 576 52 90
530 6 642 545 36 88
530 7 621 584 39 76
530 8 693 565 38 90
530 9 774 578 33 84
530 10 771 565 31 87
530 11 782 594 49 87
530 17 80 362 31 51
530 18 11 382 28 49
530 20 949 331 24 43
530 21 710 343 25 43
530 22 1345 344 29 43
530 23 1039 361 27 42
530 24 1671 388 38 55
530 25 1898 376 22 50
531 1 739 817 51 157
531 2 648 855 57 139
531 4 1255 881 82 150
531 5 582 576 50 92
531 6 642 545 36 87
531 7 621 584 43 74
531 8 693 565 38 90
531 9 774 578 33 84
531 10 771 565 31 87
531 11 782 594 49 87
531 17 80 363 30 50
531 18 11 382 28 49
531 20 948 331 24 43
531 21 709 343 24 43
531 22 1344 344 29 44
531 23 1036 362 25 40
531 24 1668 388 38 55
531 25 1896 375 23 52
532 1 739 817 51 157
532 2 648 855 57 139
532 4 1255 881 82 150
532 5 585 576 47 93
532 6 642 545 36 87
532 7 622 584 44 74
532 8 693 565 35 90
532 9 774 578 33 84
532 10 771 565 31 87
532 11 782 594 49 87
532 17 80 364 29 49
532 18 11 382 28 49
532 20 948 331 21 41
532 21 706 343 21 45
532 22 1343 344 29 44
532 23 1035 362 23 42
532 24 1665 388 39 56
532 25 1893 374 23 53
533 1 739 817 51 157
533 2 648 855 57 139
533 4 1255 881 82 149
533 5 589 576 49 89
533 6 642 545 36 87
533 7 623 584 46 76
533 8 693 565 35 90
533 9 774 578 33 84
533 10 771 565 31 87
533 11 782 594 49 87
533 17 80 363 30 50
533 18 11 382 27 49
533 20 947 331 21 41
533 21 702 343 24 45
533 22 1344 344 25 44
533 23 1031 362 24 43
533 24 1662 389 39 55
533 25 1890 372 24 53
534 1 739 817 51 157
534 2 648 855 57 139
534 4 1261 881 78 149
534 5 589 575 50 91
534 6 642 545 36 87
534 7 624 584 47 78
534 8 696 565 33 90
534 9 774 578 33 84
534 10 771 565 31 87
534 11 782 594 49 87
534 17 80 363 30 50
534 18 11 382 27 49
534 20 947 331 20 43
534 21 700 343 25 43
534 22 1343 344 25 44
534 23 1028 362 23 44
534 24 1662 390 35 54
534 25 1883 371 28 52
535 1 739 817 51 157
535 2 648 855 57 139
535 4 1261 881 80 149
535 5 589 574 50 91
535 6 642 545 36 87
535 7 624 584 47 78
535 8 696 565 33 90
535 9 774 578 33 84
535 10 771 565 31 87
535 11 782 594 49 87
535 17 80 362 30 51
535 18 11 382 27 49
535 20 946 331 21 42
535 21 699 343 27 43
535 22 1343 344 24 42
535 23 1026 361 23 45
535 24 1659 390 34 53
535 25 1875 371 33 51
536 1 739 817 51 157
536 2 648 855 57 139
536 4 1266 881 75 149
536 5 589 573 43 91
536 6 642 545 36 87
536 7 631 584 41 78
536 8 696 565 33 90
536 9 774 578 33 84
536 10 771 565 31 87
536 11 782 594 49 87
536 17 79 362 31 51
536 18 11 382 27 49
536 20 945 331 21 42
536 21 696 343 28 45
536 22 1342 344 24 41
536 23 1022 360 24 45
536 24 1657 389 30 54
536 25 1872 371 34 51
537 1 739 818 51 157
537 2 648 855 57 139
537 4 1268 881 73 149
537 5 592 572 40 91
537 6 642 545 36 87
537 7 632 587 41 75
537 8 696 565 33 90
537 9 774 578 33 84
537 10 771 565 31 87
537 11 782 594 49 87
537 17 79 362 31 51
537 18 9 382 25 50
537 20 944 331 21 42
537 21 694 343 28 45
537 22 1343 344 21 42
537 23 1020 360 24 44
537 24 1654 388 24 56
537 25 1869 372 34 51
538 1 739 818 51 157
538 2 648 855 57 139
538 4 1269 881 74 151
538 5 591 572 35 91
538 6 642 545 36 87
538 7 633 587 41 75
538 8 697 565 33 90
538 9 774 578 33 84
538 10 771 565 31 87
538 11 782 594 49 87
538 17 79 362 31 51
538 18 9 382 25 50
538 20 944 331 21 42
538 21 692 343 28 46
538 22 1342 344 17 42
538 23 1015 360 29 47
538 24 1651 387 24 56
538 25 1870 372 29 51
539 1 741 818 49 157
539 2 648 856 61 139
539 4 1269 886 73 144
539 5 591 572 36 95
539 6 642 545 36 87
539 7 633 587 41 77
539 8 697 565 33 90
539 9 774 578 33 84
539 10 771 565 31 87
539 11 782 594 49 87
539 17 79 361 31 51
539 18 9 382 25 50
539 20 943 331 21 42
539 21 690 344 30 43
539 22 1341 344 17 43
539 23 1012 360 29 45
539 24 1649 385 25 58
539 25 1868 372 27 51
540 1 741 818 49 157
540 2 648 856 65 139
540 4 1276 886 68 152
540 5 590 572 41 98
540 6 642 545 36 87
540 7 636 587 39 77
540 8 695 565 35 90
540 9 774 578 33 84
540 10 771 565 31 86
540 11 782 594 49 87
540 17 79 361 31 52
540 18 9 382 25 50
540 20 941 333 24 39
540 21 688 345 29 42
540 22 1337 344 20 43
540 23 1012 361 24 46
540 24 1645 385 32 57
540 25 1866 372 24 52
541 1 741 818 49 157
541 2 648 853 68 142
541 4 1280 887 65 154
541 5 590 572 44 100
541 6 642 545 36 87
541 7 637 587 37 77
541 8 695 565 35 90
541 9 774 578 33 84
541 10 772 565 31 87
541 11 782 594 49 87
541 17 78 363 30 50
541 18 9 382 25 50
541 20 940 333 24 40
541 21 687 345 27 42
541 22 1336 344 20 43
541 23 1010 362 24 44
541 24 1637 384 38 56
541 25 1862 371 25 51
542 1 741 818 49 157
542 2 648 853 68 142
542 4 1281 888 65 155
542 5 586 572 48 100
542 6 642 545 36 88
542 7 639 587 39 77
542 8 695 565 35 90
542 9 774 578 33 84
542 10 772 565 31 87
542 11 782 594 49 87
542 17 79 362 31 51
542 18 9 382 25 50
542 20 941 333 23 40
542 21 683 343 27 44
542 22 1337 344 19 44
542 23 1008 363 24 42
542 24 1634 384 38 56
542 25 1859 370 25 51
543 1 741 818 49 157
543 2 648 853 70 142
543 4 1278 890 68 156
543 5 586 572 48 96
543 6 642 545 36 88
543 7 641 587 37 79
543 8 695 565 35 90
543 9 774 578 33 84
543 10 772 565 31 87
543 11 782 594 49 87
543 17 79 363 30 50
543 18 9 382 25 50
543 20 940 333 23 40
543 21 682 343 24 45
543 22 1331 344 24 43
543 23 1004 363 22 42
543 24 1631 384 38 57
543 25 1856 369 25 53
544 1 741 818 49 157
544 2 648 853 72 142
544 4 1279 893 69 156
544 5 585 572 49 94
544 6 642 545 36 88
544 7 642 587 37 80
544 8 695 565 35 90
544 9 774 578 33 84
544 10 772 565 31 86
544 11 782 594 49 87
544 17 79 365 28 48
544 18 9 382 25 50
544 20 940 333 22 41
544 21 682 343 23 45
544 22 1330 344 24 43
544 23 1000 362 24 42
544 24 1628 385 36 55
544 25 1855 368 24 53
545 1 741 818 49 157
545 2 648 853 75 142
545 4 1281 894 67 158
545 5 585 572 49 95
545 6 642 545 36 88
545 7 644 587 36 80
545 8 696 565 35 90
545 9 774 578 33 84
545 10 772 565 31 87
545 11 782 594 49 87
545 17 80 365 29 48
545 18 9 382 25 50
545 20 939 333 19 40
545 21 680 342 24 46
545 22 1329 342 24 45
545 23 998 361 24 45
545 24 1626 386 35 54
545 25 1846 368 34 55
546 1 741 818 49 157
546 2 648 853 76 142
546 4 1282 895 68 160
546 5 587 572 48 96
546 6 643 545 36 88
546 7 645 587 36 80
546 8 696 565 35 89
546 9 774 578 33 84
546 10 772 565 31 87
546 11 782 594 49 87
546 17 79 363 30 50
546 18 9 382 25 50
546 20 939 333 19 40
546 21 679 342 23 46
546 22 1328 342 24 45
546 23 995 360 24 45
546 24 1627 387 28 53
546 25 1843 368 34 51
547 1 741 818 49 157
547 2 648 853 77 142
547 4 1279 897 72 162
547 5 587 572 48 96
547 6 643 545 37 90
547 7 645 587 40 81
547 8 696 566 35 89
547 9 774 578 33 84
547 10 772 565 31 87
547 11 782 594 49 87
547 17 79 364 29 49
547 18 9 382 25 50
547 20 938 333 20 41
547 21 675 342 25 46
547 22 1327 342 25 44
547 23 992 360 24 46
547 24 1625 387 28 53
547 25 1840 369 33 50
548 1 736 815 49 157
548 2 644 849 77 143
548 4 1275 902 72 161
548 5 585 567 48 96
548 6 640 541 36 88
548 7 643 583 41 84
548 8 694 562 35 89
548 9 772 575 33 84
548 10 769 562 31 86
548 11 780 591 49 88
548 17 76 357 25 44
548 18 8 375 24 47
548 20 933 333 20 41
548 21 669 340 25 45
548 22 1321 345 24 43
548 23 986 360 25 46
548 24 1618 394 25 50
548 25 1833 379 35 54
549 1 738 817 49 157
549 2 646 851 75 142
549 4 1278 903 71 159
549 5 585 570 49 94
549 6 643 543 36 88
549 7 645 586 41 83
549 8 695 564 35 89
549 9 774 577 33 84
549 10 771 564 31 87
549 11 781 593 47 87
549 17 80 356 30 51
549 18 11 377 24 49
549 20 938 333 18 40
549 21 673 340 25 46
549 22 1329 345 23 44
549 23 988 361 28 43
549 24 1618 389 28 53
549 25 1835 374 33 54
550 1 737 817 49 157
550 2 645 851 75 142
550 4 1280 901 72 161
550 5 582 569 51 94
550 6 642 543 36 88
550 7 644 586 40 85
550 8 695 564 32 89
550 9 773 577 33 84
550 10 771 563 31 87
550 11 780 593 47 87
550 17 79 355 30 51
550 18 10 375 24 50
550 20 937 333 16 39
550 21 670 341 24 44
550 22 1328 345 23 44
550 23 985 361 29 43
550 24 1614 388 28 55
550 25 1834 375 25 52
551 1 737 817 49 157
551 2 645 851 75 142
551 4 1280 902 72 158
551 5 581 569 54 93
551 6 642 543 36 88
551 7 644 586 40 85
551 8 695 564 32 89
551 9 773 577 33 84
551 10 771 563 31 87
551 11 780 593 47 87
551 17 78 355 31 51
551 18 7 374 28 51
551 20 935 333 17 39
551 21 668 341 27 45
551 22 1327 345 20 44
551 23 982 362 29 43
551 24 1611 387 28 55
551 25 1833 375 23 52
552 1 737 817 49 157
552 2 645 853 75 140
552 4 1282 902 77 158
552 5 580 567 52 96
552 6 642 543 36 88
552 7 644 585 40 86
552 8 695 564 32 89
552 9 773 576 33 84
552 10 771 563 31 87
552 11 780 593 47 87
552 17 77 355 31 51
552 18 9 374 27 50
552 20 934 333 17 41
552 21 666 341 24 45
552 22 1326 345 20 44
552 23 980 363 24 41
552 24 1607 387 34 58
552 25 1830 374 23 53
553 1 737 817 49 157
553 2 645 853 75 140
553 4 1282 902 82 158
553 5 579 567 51 96
553 6 642 543 36 87
553 7 643 585 40 82
553 8 695 564 31 89
553 9 773 576 33 84
553 10 770 563 31 87
553 11 780 593 47 87
553 17 77 355 30 51
553 18 9 374 28 50
553 20 930 333 24 42
553 21 663 341 24 47
553 22 1326 345 19 44
553 23 978 363 22 42
553 24 1598 387 40 54
553 25 1826 373 24 53
554 1 737 817 49 157
554 2 645 853 75 140
554 4 1286 903 80 158
554 5 578 567 51 97
554 6 642 543 36 87
554 7 643 585 40 82
554 8 695 564 31 89
554 9 773 576 33 84
554 10 770 564 31 87
554 11 780 593 47 87
554 17 78 356 30 50
554 18 9 374 28 50
554 20 928 333 25 42
554 21 661 341 24 46
554 22 1325 345 19 44
554 23 976 362 20 47
554 24 1595 387 40 53
554 25 1821 371 28 53
555 1 737 817 49 157
555 2 645 853 75 140
555 4 1286 904 84 154
555 5 577 566 49 98
555 6 642 543 35 86
555 7 643 584 40 82
555 8 695 564 31 89
555 9 773 576 33 84
555 10 770 564 31 87
555 11 780 593 47 87
555 17 79 357 29 49
555 18 9 374 30 51
555 20 928 333 25 41
555 21 660 341 24 47
555 22 1324 345 15 43
555 23 970 361 23 43
555 24 1594 389 36 52
555 25 1813 370 33 53
556 1 737 817 49 157
556 2 645 853 77 140
556 4 1286 905 88 154
556 5 578 566 47 98
556 6 642 543 36 87
556 7 642 584 40 83
556 8 695 564 31 89
556 9 773 577 33 84
556 10 770 564 31 87
556 11 780 593 47 87
556 17 79 358 29 48
556 18 9 374 32 50
556 20 928 333 25 41
556 21 658 340 23 47
556 22 1323 345 15 43
556 23 967 360 25 44
556 24 1595 390 32 52
556 25 1810 370 33 53
557 1 737 817 49 157
557 2 645 853 79 140
557 4 1286 906 90 163
557 5 577 565 47 98
557 6 642 542 36 88
557 7 644 583 40 84
557 8 695 564 31 89
557 9 773 577 33 84
557 10 770 563 31 87
557 11 780 593 47 87
557 17 79 359 28 47
557 18 7 374 34 50
557 20 927 333 24 41
557 21 653 339 27 50
557 22 1318 345 20 42
557 23 964 359 25 44
557 24 1593 391 29 50
557 25 1807 370 33 53
558 1 736 817 49 157
558 2 645 853 79 140
558 4 1286 907 90 163
558 5 575 562 47 100
558 6 642 543 36 88
558 7 644 583 37 84
558 8 695 564 31 89
558 9 773 577 33 84
558 10 770 564 31 87
558 11 780 593 47 87
558 17 78 357 30 50
558 18 7 374 36 50
558 20 926 333 24 39
558 21 652 338 24 49
558 22 1317 345 20 42
558 23 962 359 25 44
558 24 1591 391 29 49
558 25 1804 371 33 50
559 1 736 817 49 157
559 2 645 853 79 140
559 4 1286 910 90 169
559 5 574 562 47 100
559 6 642 542 36 89
559 7 644 583 34 82
559 8 695 564 31 89
559 9 773 576 33 84
559 10 770 564 31 87
559 11 780 593 47 87
559 17 79 357 29 48
559 18 7 374 35 51
559 20 925 333 24 39
559 21 648 338 27 50
559 22 1313 345 24 44
559 23 959 359 25 44
559 24 1587 390 27 49
559 25 1804 371 29 50
560 1 734 817 51 157
560 2 645 853 79 140
560 4 1286 914 90 165
560 5 573 562 47 100
560 6 642 544 36 88
560 7 643 579 34 86
560 8 695 563 31 89
560 9 773 576 33 84
560 10 770 564 31 86
560 11 780 593 47 87
560 17 78 356 30 50
560 18 7 374 38 51
560 20 928 333 22 40
560 21 650 342 25 44
560 22 1312 345 24 44
560 23 956 360 28 45
560 24 1584 389 27 51
560 25 1802 371 25 50
561 1 734 817 51 157
561 2 645 853 75 140
561 4 1286 916 89 164
561 5 572 562 47 99
561 6 642 544 36 88
561 7 643 577 34 86
561 8 695 563 31 90
561 9 773 576 33 84
561 10 770 564 31 87
561 11 780 593 47 87
561 17 78 355 30 51
561 18 7 374 38 51
561 20 928 333 20 39
561 21 648 342 27 45
561 22 1311 345 24 42
561 23 954 361 24 45
561 24 1582 388 27 52
561 25 1799 371 23 50
562 1 734 817 50 157
562 2 645 853 71 140
562 4 1286 917 88 163
562 5 571 562 47 99
562 6 642 544 36 87
562 7 643 575 34 86
562 8 695 563 31 92
562 9 773 576 33 84
562 10 770 564 31 87
562 11 780 593 47 87
562 17 77 355 30 50
562 18 5 374 40 51
562 20 927 333 20 39
562 21 646 342 25 44
562 22 1310 345 24 42
562 23 952 362 23 44
562 24 1579 386 28 53
562 25 1796 370 23 50
563 1 734 817 50 157
563 2 645 853 68 140
563 4 1286 919 86 162
563 5 570 561 48 98
563 6 642 544 35 86
563 7 643 575 34 86
563 8 695 563 31 92
563 9 773 576 33 84
563 10 770 564 31 87
563 11 780 593 47 87
563 17 77 355 30 51
563 18 5 374 40 51
563 20 926 333 17 39
563 21 644 343 27 45
563 22 1309 345 27 45
563 23 950 363 22 44
563 24 1577 385 28 52
563 25 1790 369 28 52
564 1 734 817 50 157
564 2 645 853 64 140
564 4 1286 925 83 156
564 5 567 562 49 96
564 6 642 544 35 86
564 7 643 574 34 86
564 8 695 562 31 92
564 9 773 576 33 84
564 10 770 563 31 87
564 11 780 593 47 87
564 17 77 355 30 51
564 18 2 374 43 51
564 20 923 333 19 38
564 21 643 343 27 44
564 22 1308 345 27 45
564 23 948 363 22 44
564 24 1570 385 32 52
564 25 1787 368 29 53
565 1 734 817 50 157
565 2 645 850 64 143
565 4 1281 928 88 153
565 5 566 561 49 95
565 6 642 544 35 86
565 7 646 574 32 87
565 8 695 562 31 92
565 9 773 576 33 84
565 10 770 563 31 87
565 11 780 593 47 87
565 17 77 355 30 51
565 18 2 374 43 51
565 20 922 333 19 38
565 21 642 343 24 42
565 22 1307 345 25 43
565 23 946 362 18 44
565 24 1567 385 32 52
565 25 1784 367 29 53
566 1 735 816 50 158
566 2 645 849 59 144
566 4 1282 932 88 151
566 5 564 558 49 96
566 6 643 542 35 85
566 7 647 571 32 87
566 8 696 559 32 94
566 9 774 575 33 84
566 10 771 562 31 87
566 11 781 591 47 87
566 17 75 353 31 52
566 18 3 371 39 46
566 20 924 332 17 40
566 21 639 342 27 42
566 22 1309 345 22 45
566 23 941 361 21 42
566 24 1565 387 33 51
566 25 1782 368 29 53
567 1 739 818 50 157
567 2 649 851 58 143
567 4 1286 932 88 151
567 5 565 562 49 96
567 6 646 546 36 87
567 7 650 575 32 87
567 8 699 563 31 92
567 9 777 578 33 84
567 10 774 565 31 87
567 11 784 594 47 87
567 17 82 361 29 49
567 18 3 377 46 51
567 20 924 334 20 41
567 21 639 344 27 44
567 22 1311 345 22 44
567 23 940 362 25 45
567 24 1566 386 28 50
567 25 1779 366 32 51
568 1 738 817 50 157
568 2 648 851 59 143
568 4 1288 936 78 146
568 5 562 560 49 97
568 6 645 545 36 88
568 7 649 574 32 87
568 8 698 562 31 92
568 9 776 577 33 84
568 10 773 564 31 87
568 11 783 593 47 87
568 17 82 361 28 48
568 18 4 376 44 51
568 20 923 334 20 41
568 21 637 343 22 44
568 22 1311 346 20 45
568 23 936 362 31 46
568 24 1563 385 28 51
568 25 1776 367 31 51
569 1 738 817 51 156
569 2 648 851 59 143
569 4 1288 937 78 144
569 5 559 558 51 96
569 6 645 545 35 85
569 7 649 574 32 87
569 8 698 561 32 96
569 9 776 577 33 84
569 10 773 564 31 86
569 11 783 593 47 87
569 17 82 360 28 47
569 18 4 375 44 51
569 20 920 334 22 39
569 21 636 342 22 45
569 22 1311 346 19 43
569 23 933 362 27 44
569 24 1561 386 24 52
569 25 1773 368 33 49
570 1 738 817 51 156
570 2 647 851 62 143
570 4 1288 938 79 146
570 5 553 558 56 95
570 6 645 545 35 85
570 7 648 573 32 87
570 8 696 559 33 89
570 9 776 577 33 84
570 10 773 564 31 86
570 11 783 593 47 87
570 17 81 358 30 50
570 18 4 375 42 53
570 20 919 334 22 39
570 21 632 342 23 45
570 22 1310 346 19 43
570 23 930 363 31 40
570 24 1559 385 24 52
570 25 1770 369 32 48
571 1 738 817 51 156
571 2 647 851 64 143
571 4 1273 938 93 145
571 5 547 558 64 95
571 6 645 545 36 86
571 7 648 572 32 89
571 8 696 559 33 89
571 9 776 577 33 85
571 10 773 564 31 86
571 11 783 593 47 87
571 17 82 359 29 49
571 18 4 375 42 53
571 20 919 334 24 39
571 21 630 342 28 47
571 22 1309 346 16 41
571 23 927 363 31 40
571 24 1554 385 24 52
571 25 1773 369 24 49
572 1 738 817 51 156
572 2 647 851 66 143
572 4 1266 938 99 143
572 5 546 558 65 91
572 6 645 545 35 85
572 7 648 572 32 89
572 8 696 559 33 89
572 9 776 577 33 85
572 10 773 564 31 86
572 11 783 593 47 87
572 17 81 357 30 50
572 18 4 375 42 53
572 20 919 334 23 39
572 21 628 342 27 47
572 22 1306 346 18 41
572 23 925 364 29 40
572 24 1552 384 24 53
572 25 1771 368 24 49
573 1 738 817 51 156
573 2 647 851 67 143
573 4 1259 938 106 142
573 5 540 558 73 92
573 6 644 544 36 87
573 7 648 572 32 89
573 8 695 558 33 89
573 9 776 577 33 84
573 10 773 564 31 86
573 11 783 593 47 87
573 17 80 357 30 51
573 18 4 376 41 52
573 20 918 334 23 39
573 21 626 345 27 45
573 22 1305 346 18 41
573 23 925 365 25 39
573 24 1547 383 31 54
573 25 1765 367 25 48
574 1 738 817 51 156
574 2 647 851 68 143
574 4 1254 939 111 140
574 5 539 558 73 87
574 6 644 544 36 87
574 7 648 571 32 89
574 8 695 558 33 89
574 9 776 577 33 84
574 10 773 564 31 86
574 11 783 593 47 87
574 17 80 356 30 51
574 18 3 376 42 52
574 20 918 334 23 39
574 21 625 345 27 43
574 22 1301 346 21 41
574 23 923 365 19 39
574 24 1544 382 31 54
574 25 1762 365 25 49
575 1 738 817 51 156
575 2 647 851 70 143
575 4 1256 940 111 140
575 5 541 557 67 87
575 6 644 544 36 87
575 7 648 571 32 89
575 8 695 558 33 90
575 9 776 577 33 84
575 10 773 564 31 86
575 11 783 593 47 87
575 17 80 356 30 51
575 18 3 376 42 52
575 20 916 334 23 39
575 21 624 345 25 43
575 22 1300 346 23 42
575 23 921 365 18 42
575 24 1542 382 30 53
575 25 1759 364 27 49
576 1 738 816 51 156
576 2 647 851 70 143
576 4 1257 941 109 140
576 5 544 556 60 88
576 6 644 544 36 87
576 7 648 571 32 88
576 8 695 558 33 89
576 9 775 577 33 84
576 10 773 564 31 86
576 11 782 593 47 87
576 17 80 356 30 51
576 18 3 377 39 51
576 20 918 334 21 41
576 21 620 345 28 43
576 22 1298 346 24 43
576 23 915 364 24 44
576 24 1539 382 31 51
576 25 1754 364 30 52
577 1 738 816 51 156
577 2 647 851 70 143
577 4 1259 940 109 140
577 5 544 556 52 91
577 6 644 544 36 87
577 7 648 571 32 88
577 8 695 558 33 89
577 9 775 577 33 84
577 10 773 564 31 86
577 11 782 593 47 87
577 17 80 357 31 51
577 18 3 377 39 51
577 20 917 332 21 43
577 21 619 345 24 44
577 22 1297 346 24 43
577 23 912 363 24 45
577 24 1532 382 35 50
577 25 1751 364 30 52
578 1 738 816 51 156
578 2 647 851 70 143
578 4 1268 940 100 139
578 5 542 555 47 92
578 6 644 544 36 86
578 7 647 570 32 88
578 8 694 558 33 89
578 9 775 577 33 84
578 10 773 564 31 86
578 11 782 593 47 87
578 17 80 357 30 50
578 18 3 377 39 51
578 20 916 332 18 44
578 21 618 345 24 45
578 22 1296 346 24 43
578 23 909 363 24 46
578 24 1529 382 35 50
578 25 1748 364 30 52
579 1 738 816 51 156
579 2 646 851 70 143
579 4 1272 940 95 139
579 5 538 554 50 93
579 6 644 544 36 86
579 7 647 570 32 89
579 8 694 558 33 89
579 9 776 577 33 84
579 10 773 564 31 86
579 11 782 593 47 87
579 17 81 359 29 49
579 18 3 377 39 51
579 20 915 332 19 44
579 21 614 345 22 44
579 22 1295 346 24 42
579 23 906 362 24 47
579 24 1529 382 29 53
579 25 1743 364 33 52
580 1 738 816 51 156
580 2 646 851 70 143
580 4 1278 940 91 139
580 5 533 554 53 94
580 6 644 544 34 83
580 7 647 570 31 87
580 8 694 558 33 88
580 9 776 577 33 84
580 10 773 564 31 86
580 11 782 593 47 87
580 17 81 360 29 48
580 18 3 377 39 50
580 20 914 332 19 44
580 21 612 344 25 44
580 22 1292 346 27 42
580 23 903 362 27 45
580 24 1527 383 29 53
580 25 1740 365 31 52
581 1 738 816 51 156
581 2 646 851 67 143
581 4 1285 941 83 139
581 5 531 554 53 93
581 6 644 544 35 85
581 7 647 570 31 86
581 8 693 558 33 88
581 9 775 577 33 84
581 10 773 564 31 86
581 11 782 593 47 87
581 17 81 360 28 48
581 18 3 377 39 50
581 20 914 332 19 42
581 21 610 343 27 45
581 22 1295 346 23 41
581 23 900 362 29 44
581 24 1525 382 28 55
581 25 1738 365 31 49
582 1 738 816 51 156
582 2 646 851 65 143
582 4 1289 941 78 139
582 5 527 554 55 93
582 6 644 544 36 88
582 7 648 570 33 91
582 8 692 558 32 88
582 9 775 577 33 84
582 10 773 564 31 86
582 11 782 593 47 87
582 17 80 358 30 50
582 18 3 372 38 55
582 20 912 332 21 42
582 21 608 344 28 45
582 22 1294 346 24 42
582 23 898 363 27 44
582 24 1522 381 27 54
582 25 1735 364 25 51
583 1 738 816 51 156
583 2 646 851 64 143
583 4 1292 945 78 135
583 5 525 555 54 92
583 6 644 544 36 88
583 7 648 570 32 86
583 8 694 557 32 87
583 9 775 577 33 84
583 10 773 564 31 86
583 11 782 593 47 87
583 17 80 357 30 51
583 18 5 372 35 55
583 20 912 332 18 42
583 21 606 344 29 46
583 22 1293 346 20 41
583 23 896 364 23 43
583 24 1520 380 28 55
583 25 1733 363 25 52
584 1 738 816 51 156
584 2 646 851 64 143
584 4 1296 945 74 135
584 5 524 556 52 92
584 6 644 544 36 88
584 7 648 570 32 86
584 8 694 557 32 87
584 9 775 577 33 84
584 10 773 564 31 86
584 11 782 593 47 87
584 17 80 357 30 51
584 18 5 372 35 55
584 20 910 332 20 43
584 21 604 344 28 46
584 22 1292 346 20 41
584 23 894 364 21 42
584 24 1518 379 25 55
584 25 1729 362 25 51
585 1 738 816 51 156
585 2 646 851 63 143
585 4 1295 946 74 135
585 5 525 558 51 91
585 6 644 544 36 88
585 7 648 569 32 87
585 8 693 556 32 88
585 9 775 577 33 84
585 10 773 564 31 86
585 11 782 593 47 87
585 17 80 357 30 51
585 18 5 372 35 55
585 20 906 332 24 42
585 21 602 345 31 45
585 22 1291 346 20 41
585 23 891 364 22 44
585 24 1513 378 29 55
585 25 1726 362 30 50
586 1 738 816 51 156
586 2 646 851 63 143
586 4 1299 948 72 133
586 5 524 558 43 92
586 6 644 544 36 88
586 7 648 569 32 87
586 8 693 556 32 88
586 9 775 577 33 84
586 10 773 564 31 86
586 11 782 593 47 87
586 17 79 356 31 51
586 18 5 372 34 52
586 20 906 332 24 42
586 21 601 345 28 45
586 22 1290 346 20 41
586 23 887 363 21 44
586 24 1510 377 31 57
586 25 1723 362 30 50
587 1 738 816 51 156
587 2 646 851 61 143
587 4 1301 948 72 133
587 5 521 557 45 92
587 6 644 544 36 88
587 7 648 569 32 87
587 8 693 556 33 88
587 9 775 577 33 84
587 10 773 564 31 86
587 11 782 593 47 87
587 17 79 357 31 51
587 18 5 372 34 52
587 20 905 332 24 43
587 21 599 345 25 46
587 22 1289 346 20 41
587 23 885 362 23 46
587 24 1507 377 31 56
587 25 1717 362 33 50
588 1 738 816 51 156
588 2 646 851 61 143
588 4 1302 952 70 130
588 5 520 556 45 93
588 6 644 544 36 88
588 7 648 569 32 87
588 8 692 555 33 89
588 9 775 577 33 84
588 10 773 564 31 86
588 11 782 593 47 87
588 17 79 357 31 51
588 18 5 372 36 53
588 20 903 332 25 42
588 21 595 345 29 47
588 22 1286 346 22 41
588 23 881 362 24 46
588 24 1502 377 33 56
588 25 1714 363 32 49
589 1 738 816 51 156
589 2 646 851 61 143
589 4 1303 951 70 129
589 5 513 555 48 94
589 6 644 544 36 88
589 7 648 569 32 87
589 8 692 554 31 88
589 9 775 577 33 84
589 10 773 564 31 86
589 11 782 593 47 87
589 17 80 357 30 51
589 18 5 372 36 53
589 20 903 332 25 42
589 21 594 345 25 46
589 22 1285 346 22 41
589 23 878 362 25 45
589 24 1500 378 33 54
589 25 1712 363 33 48
590 1 738 816 51 156
590 2 646 851 61 143
590 4 1307 955 70 124
590 5 512 554 48 95
590 6 644 544 36 88
590 7 648 569 32 87
590 8 692 554 31 88
590 9 775 577 33 84
590 10 773 564 31 86
590 11 782 593 47 87
590 17 80 358 30 50
590 18 5 373 36 53
590 20 903 332 25 42
590 21 592 345 23 46
590 22 1283 344 23 43
590 23 875 362 28 44
590 24 1498 379 33 54
590 25 1710 363 33 47
591 1 738 816 51 156
591 2 646 851 61 143
591 4 1311 956 70 124
591 5 511 553 49 95
591 6 644 544 36 88
591 7 647 569 31 87
591 8 692 553 31 88
591 9 775 577 33 84
591 10 773 564 31 86
591 11 782 593 47 87
591 17 81 359 29 48
591 18 1 374 40 53
591 20 902 332 25 43
591 21 589 345 24 47
591 22 1282 344 23 43
591 23 872 362 28 44
591 24 1496 379 32 52
591 25 1706 364 30 48
592 1 738 816 51 156
592 2 646 851 61 143
592 4 1309 959 70 122
592 5 511 553 45 97
592 6 643 544 36 88
592 7 647 569 31 87
592 8 692 554 32 87
592 9 775 577 33 84
592 10 773 564 31 86
592 11 782 593 47 87
592 17 80 358 30 50
592 18 1 374 40 53
592 20 902 332 25 42
592 21 588 345 24 48
592 22 1281 344 23 43
592 23 870 363 31 44
592 24 1496 379 24 53
592 25 1708 364 23 47
593 1 738 816 51 156
593 2 646 851 63 143
593 4 1309 959 70 122
593 5 510 553 45 95
593 6 643 544 36 88
593 7 647 569 31 87
593 8 692 554 32 87
593 9 775 577 33 84
593 10 773 564 31 86
593 11 782 593 47 87
593 17 81 360 28 47
593 18 1 375 40 53
593 20 902 332 24 40
593 21 585 345 25 47
593 22 1280 344 23 43
593 23 868 363 27 44
593 24 1494 378 24 53
593 25 1706 363 23 48
594 1 738 816 51 156
594 2 646 851 63 143
594 4 1311 962 70 119
594 5 509 554 45 95
594 6 643 544 36 88
594 7 649 569 29 87
594 8 692 554 32 87
594 9 775 577 33 84
594 10 773 564 31 86
594 11 782 593 47 87
594 17 80 358 30 50
594 18 1 375 39 52
594 20 901 332 24 40
594 21 583 345 27 48
594 22 1278 344 24 42
594 23 866 364 24 43
594 24 1490 378 24 52
594 25 1702 362 25 48
595 1 738 816 51 156
595 2 646 851 63 143
595 4 1312 960 70 119
595 5 509 555 45 94
595 6 643 544 36 88
595 7 649 569 29 87
595 8 692 554 32 87
595 9 775 577 33 84
595 10 773 564 31 86
595 11 782 593 47 87
595 17 80 358 30 51
595 18 1 375 40 53
595 20 901 332 24 40
595 21 581 345 30 46
595 22 1277 344 24 42
595 23 864 364 22 44
595 24 1486 377 25 55
595 25 1699 361 25 49
596 1 738 816 51 156
596 2 646 851 63 143
596 4 1316 963 71 118
596 5 509 557 44 92
596 6 643 544 36 88
596 7 649 569 29 87
596 8 692 553 32 87
596 9 775 577 33 84
596 10 773 564 31 86
596 11 782 593 47 87
596 17 80 357 30 51
596 18 1 374 40 53
596 20 901 332 22 41
596 21 579 345 30 47
596 22 1278 344 21 43
596 23 860 364 23 45
596 24 1484 376 25 56
596 25 1693 360 29 49
597 1 738 816 51 156
597 2 646 851 63 143
597 4 1320 962 71 118
597 5 509 557 46 95
597 6 643 544 36 88
597 7 649 569 29 87
597 8 693 553 34 88
597 9 775 577 33 84
597 10 773 564 31 86
597 11 782 593 47 87
597 17 80 357 30 51
597 18 1 374 40 53
597 20 901 332 17 41
597 21 577 346 30 46
597 22 1277 344 21 43
597 23 858 364 23 45
597 24 1480 376 29 53
597 25 1690 360 29 49
598 1 738 816 51 156
598 2 646 851 63 143
598 4 1323 964 71 115
598 5 509 557 47 94
598 6 643 544 36 88
598 7 649 569 29 87
598 8 693 553 34 88
598 9 775 577 33 84
598 10 773 564 31 86
598 11 782 593 47 87
598 17 80 357 30 51
598 18 4 374 34 53
598 20 900 332 17 41
598 21 575 346 29 45
598 22 1276 344 21 42
598 23 856 363 25 44
598 24 1471 376 35 52
598 25 1687 359 29 50
599 1 738 816 51 156
599 2 646 851 63 143
599 4 1324 965 71 114
599 5 509 557 47 94
599 6 643 544 36 88
599 7 649 569 29 87
599 8 694 553 34 88
599 9 775 577 33 84
599 10 773 564 31 86
599 11 782 593 47 87
599 17 80 357 31 51
599 18 4 374 34 53
599 20 900 332 17 42
599 21 572 346 28 45
599 22 1275 344 21 42
599 23 854 362 24 44
599 24 1470 376 35 52
599 25 1684 360 31 47
600 1 738 816 51 156
600 2 646 851 63 143
600 4 1326 966 71 114
600 5 513 556 42 95
600 6 642 544 36 88
600 7 649 569 29 86
600 8 694 552 34 88
600 9 776 577 33 84
600 10 773 564 31 86
600 11 782 593 47 87
600 17 80 357 31 51
600 18 4 374 34 53
600 20 898 332 20 41
600 21 571 346 28 45
600 22 1275 344 18 41
600 23 851 362 24 45
600 24 1467 377 35 52
600 25 1681 360 31 47
601 1 738 816 51 155
601 2 646 851 62 143
601 4 1327 966 72 114
601 5 513 556 42 96
601 6 642 544 36 88
601 7 648 570 29 86
601 8 694 552 34 89
601 9 776 576 33 84
601 10 773 564 31 86
601 11 782 593 47 87
601 17 80 358 30 50
601 18 4 374 34 53
601 20 893 332 24 41
601 21 569 346 27 46
601 22 1274 344 18 41
601 23 847 362 28 45
601 24 1467 377 33 53
601 25 1682 360 24 49
602 1 738 816 51 156
602 2 646 851 62 143
602 4 1328 967 72 112
602 5 514 556 43 96
602 6 642 544 36 88
602 7 649 570 29 86
602 8 695 551 34 89
602 9 776 576 33 84
602 10 773 564 31 87
602 11 782 593 47 87
602 17 80 358 30 50
602 18 3 374 35 52
602 20 893 332 24 41
602 21 567 346 27 46
602 22 1272 344 19 43
602 23 843 362 28 45
602 24 1465 378 32 49
602 25 1679 360 24 49
603 1 739 816 51 155
603 2 646 851 62 143
603 4 1330 967 73 113
603 5 514 556 43 96
603 6 642 544 36 88
603 7 648 570 29 86
603 8 695 551 35 90
603 9 776 576 33 84
603 10 773 564 31 87
603 11 782 593 47 87
603 17 80 359 29 49
603 18 3 374 35 52
603 20 892 332 24 41
603 21 566 346 27 46
603 22 1271 344 19 43
603 23 841 362 28 46
603 24 1463 378 29 49
603 25 1676 359 21 48
604 1 738 816 51 155
604 2 646 851 62 143
604 4 1331 967 73 113
604 5 514 556 43 96
604 6 643 544 36 88
604 7 648 570 29 86
604 8 695 550 33 88
604 9 776 576 33 84
604 10 773 564 31 87
604 11 782 593 47 87
604 17 81 360 28 48
604 18 3 375 35 52
604 20 891 332 24 42
604 21 563 345 27 47
604 22 1267 344 22 42
604 23 840 364 24 44
604 24 1461 377 27 50
604 25 1673 358 21 49
605 1 738 816 51 155
605 2 646 851 62 143
605 4 1332 968 73 111
605 5 513 556 43 96
605 6 643 544 36 88
605 7 648 570 29 86
605 8 695 550 33 88
605 9 776 576 34 87
605 10 773 564 31 87
605 11 782 593 47 87
605 17 81 359 29 49
605 18 2 375 36 52
605 20 890 332 25 41
605 21 560 345 31 46
605 22 1266 344 22 42
605 23 838 364 21 43
605 24 1458 376 24 51
605 25 1668 357 24 51
606 1 738 816 51 155
606 2 646 851 62 143
606 4 1337 970 69 109
606 5 513 557 43 97
606 6 643 544 36 88
606 7 648 570 29 86
606 8 695 549 33 89
606 9 776 575 34 88
606 10 773 564 31 87
606 11 782 593 47 87
606 17 80 358 30 50
606 18 2 375 36 52
606 20 890 332 25 41
606 21 558 345 31 47
606 22 1266 344 22 43
606 23 835 364 21 43
606 24 1456 375 24 52
606 25 1665 357 27 49
607 1 739 816 51 155
607 2 646 851 62 143
607 4 1337 970 69 109
607 5 514 556 42 97
607 6 643 544 36 88
607 7 648 570 29 86
607 8 696 549 33 89
607 9 776 575 34 88
607 10 773 564 31 87
607 11 782 593 47 87
607 17 80 358 30 51
607 18 2 376 36 52
607 20 890 332 24 42
607 21 555 345 32 47
607 22 1263 344 24 44
607 23 832 364 23 46
607 24 1452 374 24 52
607 25 1659 357 30 48
608 1 739 816 51 155
608 2 646 851 62 143
608 4 1340 970 67 109
608 5 514 556 37 97
608 6 643 544 36 88
608 7 648 570 29 86
608 8 696 548 34 90
608 9 776 575 34 88
608 10 773 564 31 87
608 11 782 593 47 87
608 17 80 357 30 51
608 18 2 375 36 52
608 20 890 332 24 42
608 21 554 346 32 46
608 22 1262 344 24 44
608 23 828 363 24 47
608 24 1453 373 25 54
608 25 1656 357 30 47
609 1 739 816 51 155
609 2 646 851 62 143
609 4 1342 970 67 109
609 5 514 556 37 97
609 6 642 544 36 89
609 7 648 570 29 86
609 8 696 548 34 90
609 9 776 575 34 88
609 10 773 564 31 86
609 11 782 593 47 87
609 17 81 357 30 51
609 18 2 375 36 52
609 20 889 332 23 41
609 21 551 346 32 47
609 22 1261 344 24 42
609 23 825 362 25 47
609 24 1447 372 30 55
609 25 1654 358 29 47
610 1 739 816 51 155
610 2 646 851 62 143
610 4 1342 972 69 107
610 5 514 556 37 97
610 6 642 544 36 89
610 7 648 570 29 86
610 8 696 548 34 90
610 9 776 575 34 88
610 10 773 564 31 87
610 11 782 593 47 87
610 17 80 357 31 51
610 18 2 375 36 52
610 20 889 332 23 41
610 21 550 346 32 47
610 22 1260 344 24 42
610 23 822 362 28 47
610 24 1444 372 30 55
610 25 1651 358 29 46
611 1 739 816 51 155
611 2 646 851 62 143
611 4 1344 973 69 107
611 5 513 556 38 99
611 6 642 544 36 89
611 7 648 570 29 86
611 8 696 547 33 85
611 9 776 575 34 88
611 10 773 564 31 86
611 11 782 593 47 87
611 17 80 357 31 51
611 18 2 374 36 52
611 20 888 332 23 41
611 21 549 346 30 47
611 22 1259 344 24 41
611 23 819 362 29 46
611 24 1441 372 30 54
611 25 1649 359 28 45
612 1 739 816 51 155
612 2 646 851 62 143
612 4 1345 972 69 107
612 5 511 557 42 99
612 6 642 544 36 89
612 7 648 570 29 86
612 8 696 547 33 85
612 9 776 575 34 88
612 10 773 564 31 86
612 11 783 593 47 87
612 17 80 358 30 51
612 18 2 374 36 52
612 20 887 332 21 42
612 21 548 346 27 48
612 22 1260 345 22 42
612 23 816 362 29 45
612 24 1439 373 29 53
612 25 1647 358 24 49
613 1 739 816 51 155
613 2 646 851 62 143
613 4 1348 973 69 107
613 5 510 557 46 97
613 6 642 544 36 88
613 7 648 570 29 86
613 8 696 547 33 85
613 9 776 575 34 88
613 10 773 563 31 87
613 11 783 593 47 87
613 17 81 358 30 50
613 18 2 374 36 52
613 20 887 332 19 42
613 21 545 346 24 45
613 22 1259 345 23 40
613 23 814 362 29 45
613 24 1437 373 29 53
613 25 1644 357 24 49
614 1 739 816 51 155
614 2 646 851 62 143
614 4 1350 972 69 107
614 5 508 557 48 97
614 6 642 544 36 88
614 7 648 570 29 86
614 8 699 547 30 87
614 9 776 575 34 88
614 10 773 563 31 87
614 11 783 593 47 87
614 17 81 360 29 48
614 18 2 374 37 53
614 20 887 332 16 42
614 21 543 345 28 49
614 22 1258 345 22 40
614 23 811 363 27 46
614 24 1433 375 24 50
614 25 1642 356 24 50
615 1 739 816 51 155
615 2 646 851 62 143
615 4 1352 973 69 107
615 5 508 557 49 98
615 6 642 544 36 89
615 7 648 570 29 86
615 8 699 547 30 87
615 9 776 575 34 88
615 10 773 563 31 87
615 11 783 593 47 87
615 17 82 360 29 48
615 18 2 374 37 53
615 20 887 332 16 43
615 21 541 345 24 50
615 22 1257 345 19 40
615 23 809 364 25 44
615 24 1432 375 23 52
615 25 1639 355 24 52
616 1 739 816 51 155
616 2 646 851 62 143
616 4 1351 973 72 107
616 5 506 563 50 94
616 6 642 544 36 88
616 7 648 570 29 86
616 8 699 547 31 87
616 9 776 575 34 88
616 10 773 563 31 87
616 11 783 593 47 87
616 17 80 358 30 50
616 18 2 374 37 53
616 20 885 332 18 43
616 21 537 346 28 47
616 22 1257 345 18 41
616 23 807 364 25 44
616 24 1430 374 23 52
616 25 1636 354 24 50
617 1 739 816 51 155
617 2 646 851 62 143
617 4 1351 974 74 105
617 5 507 563 49 93
617 6 642 544 36 89
617 7 648 570 29 86
617 8 699 547 31 87
617 9 776 575 34 88
617 10 773 563 31 87
617 11 783 593 47 87
617 17 80 358 30 50
617 18 1 375 38 53
617 20 882 332 21 42
617 21 535 346 29 48
617 22 1254 343 18 43
617 23 805 364 21 43
617 24 1426 374 27 51
617 25 1629 354 29 50
618 1 739 816 51 155
618 2 646 851 62 143
618 4 1352 975 74 105
618 5 508 563 49 94
618 6 642 544 36 89
618 7 648 570 29 86
618 8 699 547 33 85
618 9 776 575 34 88
618 10 773 563 31 87
618 11 783 592 47 87
618 17 80 357 30 51
618 18 1 375 38 53
618 20 881 332 22 41
618 21 532 346 31 47
618 22 1253 343 18 43
618 23 802 364 21 43
618 24 1424 373 27 51
618 25 1626 354 29 50
619 1 739 816 51 155
619 2 646 851 62 143
619 4 1351 975 78 105
619 5 509 563 49 94
619 6 642 544 36 88
619 7 648 570 29 86
619 8 699 547 34 85
619 9 776 575 34 88
619 10 773 563 31 87
619 11 783 592 47 87
619 17 80 357 30 51
619 18 1 376 38 53
619 20 876 332 27 39
619 21 531 346 31 47
619 22 1253 343 19 43
619 23 800 363 20 42
619 24 1421 373 28 52
619 25 1620 354 33 48
620 1 739 815 51 155
620 2 646 851 62 142
620 4 1352 975 76 105
620 5 508 561 54 94
620 6 642 544 36 88
620 7 648 570 29 86
620 8 699 547 34 85
620 9 776 575 34 88
620 10 773 563 31 87
620 11 783 592 47 87
620 17 80 357 31 51
620 18 1 376 35 53
620 20 877 332 25 41
620 21 528 347 32 47
620 22 1250 343 21 44
620 23 798 363 24 43
620 24 1415 372 32 50
620 25 1618 355 32 47
621 1 739 815 51 155
621 2 646 851 64 142
621 4 1354 975 76 105
621 5 509 569 55 87
621 6 642 544 36 88
621 7 648 570 29 86
621 8 700 547 33 82
621 9 776 575 34 88
621 10 773 563 30 86
621 11 783 592 47 87
621 17 80 357 31 51
621 18 1 376 35 53
621 20 877 332 25 41
621 21 527 347 29 47
621 22 1249 343 20 43
621 23 795 363 24 44
621 24 1412 372 32 50
621 25 1616 355 32 46
622 1 739 815 51 155
622 2 646 851 66 142
622 4 1353 974 77 105
622 5 507 568 62 89
622 6 642 544 36 88
622 7 648 570 29 86
622 8 699 546 35 84
622 9 776 575 34 88
622 10 773 563 31 86
622 11 783 592 47 87
622 17 80 357 31 52
622 18 1 375 35 53
622 20 876 332 27 42
622 21 524 350 28 46
622 22 1246 343 22 42
622 23 791 363 28 46
622 24 1410 372 32 50
622 25 1611 354 31 48
623 1 739 815 51 156
623 2 646 851 68 142
623 4 1355 976 77 105
623 5 507 567 66 88
623 6 642 544 36 88
623 7 648 570 29 86
623 8 699 545 35 84
623 9 776 575 34 88
623 10 773 563 31 86
623 11 783 592 47 87
623 17 80 357 30 51
623 18 1 375 35 53
623 20 876 332 27 42
623 21 523 350 28 46
623 22 1245 343 24 43
623 23 788 363 29 47
623 24 1407 373 32 49
623 25 1615 354 21 49
624 1 739 815 51 156
624 2 646 851 71 142
624 4 1356 975 77 105
624 5 511 567 65 89
624 6 642 544 36 88
624 7 648 570 29 86
624 8 697 545 37 85
624 9 776 575 34 88
624 10 773 563 31 86
624 11 783 592 47 87
624 17 80 358 30 50
624 18 1 375 35 53
624 20 875 332 27 42
624 21 521 350 25 45
624 22 1244 343 24 42
624 23 786 364 28 46
624 24 1406 373 31 53
624 25 1613 353 21 49
625 1 739 815 51 156
625 2 646 851 74 142
625 4 1357 976 75 105
625 5 513 567 65 89
625 6 642 544 36 88
625 7 648 570 29 86
625 8 697 544 37 86
625 9 776 575 34 88
625 10 774 563 31 86
625 11 783 592 47 87
625 17 81 359 29 49
625 18 0 374 36 54
625 20 875 332 27 42
625 21 519 349 27 47
625 22 1243 343 24 42
625 23 783 365 24 47
625 24 1404 373 29 53
625 25 1608 353 27 50
626 1 740 815 51 156
626 2 646 851 76 142
626 4 1357 975 75 105
626 5 519 567 62 89
626 6 642 544 36 88
626 7 648 570 29 86
626 8 697 544 38 83
626 9 776 575 34 88
626 10 774 563 31 86
626 11 783 592 47 87
626 17 81 359 30 50
626 18 1 374 37 53
626 20 874 332 25 42
626 21 518 349 28 45
626 22 1242 343 24 41
626 23 781 366 24 46
626 24 1402 373 27 51
626 25 1605 352 28 51
627 1 739 815 51 156
627 2 646 851 76 142
627 4 1359 978 75 102
627 5 525 567 56 91
627 6 642 544 36 88
627 7 648 570 29 86
627 8 697 544 38 83
627 9 776 575 34 88
627 10 774 563 31 86
627 11 783 592 47 87
627 17 81 359 29 49
627 18 1 374 37 53
627 20 873 332 24 41
627 21 516 348 29 46
627 22 1241 343 25 42
627 23 778 366 22 47
627 24 1400 372 24 51
627 25 1599 352 31 50
628 1 739 815 51 156
628 2 646 851 76 142
628 4 1358 978 75 102
628 5 536 567 47 90
628 6 642 544 36 88
628 7 648 570 29 86
628 8 697 543 41 82
628 9 776 575 34 88
628 10 773 563 31 87
628 11 783 592 47 87
628 17 81 359 29 49
628 18 1 375 37 52
628 20 872 332 24 41
628 21 514 349 28 45
628 22 1243 343 23 42
628 23 776 366 23 46
628 24 1398 371 24 51
628 25 1593 352 34 49
629 1 740 815 51 156
629 2 646 851 74 142
629 4 1358 978 75 102
629 5 541 567 43 91
629 6 642 544 36 88
629 7 648 570 29 86
629 8 696 543 42 82
629 9 776 575 34 88
629 10 773 563 31 87
629 11 783 592 47 87
629 17 80 357 31 51
629 18 1 375 37 52
629 20 873 332 21 41
629 21 512 349 30 47
629 22 1242 343 23 42
629 23 774 365 23 46
629 24 1394 371 24 51
629 25 1591 352 34 51
630 1 740 815 51 156
630 2 646 851 71 142
630 4 1360 978 71 102
630 5 547 570 47 85
630 6 642 544 36 88
630 7 648 570 29 86
630 8 696 543 43 81
630 9 776 575 34 88
630 10 773 563 31 86
630 11 783 592 47 87
630 17 80 357 30 51
630 18 1 376 38 52
630 20 873 332 19 41
630 21 511 349 30 48
630 22 1241 343 20 41
630 23 770 365 24 47
630 24 1392 369 25 52
630 25 1589 353 33 49
631 1 739 815 51 156
631 2 646 851 71 142
631 4 1360 977 71 102
631 5 552 568 46 88
631 6 642 544 36 88
631 7 648 570 28 85
631 8 696 543 43 81
631 9 776 575 34 88
631 10 774 563 31 87
631 11 783 592 47 87
631 17 80 357 31 51
631 18 1 376 38 52
631 20 872 332 19 41
631 21 508 350 30 47
631 22 1240 343 20 41
631 23 766 364 25 48
631 24 1388 368 28 53
631 25 1588 353 30 48
632 1 741 815 48 156
632 2 646 851 71 142
632 4 1359 977 73 102
632 5 551 567 53 91
632 6 642 544 36 88
632 7 648 570 29 86
632 8 696 543 43 81
632 9 776 575 34 88
632 10 773 563 31 86
632 11 783 592 47 87
632 17 79 357 31 51
632 18 1 376 38 52
632 20 872 332 19 41
632 21 506 350 28 47
632 22 1239 342 17 41
632 23 763 364 25 49
632 24 1387 368 27 54
632 25 1586 354 29 46
633 1 741 815 48 156
633 2 646 851 71 142
633 4 1360 978 73 102
633 5 552 566 56 91
633 6 642 544 36 88
633 7 648 570 29 86
633 8 696 543 43 81
633 9 776 575 34 88
633 10 773 563 31 86
633 11 783 592 47 87
633 17 79 357 31 52
633 18 1 376 35 52
633 20 872 332 19 42
633 21 505 350 28 47
633 22 1237 342 18 43
633 23 760 364 30 45
633 24 1378 368 33 54
633 25 1584 353 25 47
634 1 741 815 48 156
634 2 646 851 71 142
634 4 1360 977 71 102
634 5 555 565 56 94
634 6 642 544 36 88
634 7 648 570 28 85
634 8 696 543 43 81
634 9 776 574 34 88
634 10 773 563 31 86
634 11 783 592 47 87
634 17 80 357 30 51
634 18 1 376 35 52
634 20 869 332 23 43
634 21 503 350 25 47
634 22 1235 342 19 41
634 23 758 365 30 44
634 24 1376 368 33 53
634 25 1582 352 25 47
635 1 741 815 48 156
635 2 646 851 67 142
635 4 1361 978 71 102
635 5 557 565 56 94
635 6 642 544 36 88
635 7 648 570 28 85
635 8 696 543 39 83
635 9 776 574 34 88
635 10 773 563 31 86
635 11 783 592 47 87
635 17 80 358 30 50
635 18 1 375 35 52
635 20 869 332 20 43
635 21 501 350 25 47
635 22 1234 342 19 41
635 23 756 365 27 45
635 24 1377 369 29 54
635 25 1581 352 21 48
636 1 741 815 48 156
636 2 646 851 67 142
636 4 1360 979 71 102
636 5 561 565 57 95
636 6 642 544 36 88
636 7 647 572 29 83
636 8 696 543 40 84
636 9 776 574 34 88
636 10 773 563 31 86
636 11 783 592 47 87
636 17 81 359 29 49
636 18 1 375 35 52
636 20 866 332 22 44
636 21 499 350 24 47
636 22 1232 342 20 43
636 23 754 366 24 46
636 24 1375 370 29 53
636 25 1576 351 23 49
637 1 741 815 48 156
637 2 646 851 67 142
637 4 1359 978 71 102
637 5 564 566 56 94
637 6 642 544 36 88
637 7 647 572 29 83
637 8 696 544 38 80
637 9 776 574 34 88
637 10 773 563 31 86
637 11 783 592 47 87
637 17 81 361 28 48
637 18 1 375 35 52
637 20 865 332 22 44
637 21 496 350 24 47
637 22 1231 342 20 43
637 23 752 366 20 46
637 24 1372 370 29 54
637 25 1573 350 24 51
638 1 741 815 48 156
638 2 646 851 67 142
638 4 1360 979 71 102
638 5 567 568 60 96
638 6 642 544 36 89
638 7 646 573 29 83
638 8 696 544 38 80
638 9 776 574 34 88
638 10 773 563 31 86
638 11 782 592 47 87
638 17 81 360 29 48
638 18 1 375 35 52
638 20 862 332 24 44
638 21 494 350 25 46
638 22 1230 342 22 42
638 23 750 366 20 46
638 24 1369 370 29 53
638 25 1564 350 31 49
639 1 741 815 48 156
639 2 646 851 64 142
639 4 1359 980 71 102
639 5 569 569 62 96
639 6 641 544 36 89
639 7 643 573 32 83
639 8 696 544 38 80
639 9 776 574 34 88
639 10 773 563 31 86
639 11 782 592 47 87
639 17 80 359 30 50
639 18 1 375 35 52
639 20 860 332 25 41
639 21 492 350 27 47
639 22 1229 342 24 42
639 23 746 365 23 46
639 24 1367 369 24 49
639 25 1562 350 33 46
640 1 741 815 48 156
640 2 646 851 64 142
640 4 1360 981 71 102
640 5 578 570 55 96
640 6 642 543 37 88
640 7 643 573 32 83
640 8 696 544 38 80
640 9 776 574 34 88
640 10 773 563 31 87
640 11 782 592 47 87
640 17 79 357 31 51
640 18 1 375 35 53
640 20 860 332 25 41
640 21 489 350 30 47
640 22 1228 342 24 42
640 23 742 364 24 47
640 24 1364 368 24 49
640 25 1559 350 32 45
641 1 741 815 48 156
641 2 646 851 64 142
641 4 1360 980 69 102
641 5 580 571 54 95
641 6 642 543 37 87
641 7 643 574 34 84
641 8 696 545 38 80
641 9 776 574 34 88
641 10 773 563 31 86
641 11 782 592 47 87
641 17 79 357 31 52
641 18 1 375 35 53
641 20 860 332 25 41
641 21 486 350 32 47
641 22 1227 342 24 42
641 23 739 363 24 48
641 24 1362 368 27 51
641 25 1557 351 32 44
642 1 740 815 48 156
642 2 646 851 63 142
642 4 1361 978 67 102
642 5 580 571 55 95
642 6 642 543 37 87
642 7 642 574 35 86
642 8 696 545 37 79
642 9 776 574 34 88
642 10 773 563 31 86
642 11 782 592 47 87
642 17 79 356 31 52
642 18 1 376 35 52
642 20 859 332 25 40
642 21 484 351 31 46
642 22 1226 342 24 42
642 23 736 363 29 47
642 24 1360 368 27 51
642 25 1558 350 29 47
643 1 740 815 48 156
643 2 646 851 63 142
643 4 1360 982 67 100
643 5 581 571 55 94
643 6 642 543 37 87
643 7 640 574 37 87
643 8 696 544 41 80
643 9 776 574 34 88
643 10 773 563 31 86
643 11 782 592 47 87
643 17 78 356 31 52
643 18 1 376 35 52
643 20 858 333 24 38
643 21 482 352 29 46
643 22 1225 342 24 42
643 23 731 363 31 48
643 24 1354 367 32 49
643 25 1556 350 24 46
644 1 740 815 48 156
644 2 646 851 63 142
644 4 1361 981 67 100
644 5 588 572 49 91
644 6 642 543 37 87
644 7 642 574 35 87
644 8 696 544 43 79
644 9 776 574 34 88
644 10 773 563 31 86
644 11 782 592 47 87
644 17 78 356 31 52
644 18 1 376 35 52
644 20 860 332 22 42
644 21 481 353 29 45
644 22 1225 343 23 40
644 23 728 363 31 47
644 24 1351 367 33 51
644 25 1553 350 23 45
645 1 740 815 48 156
645 2 646 851 63 142
645 4 1360 981 67 100
645 5 586 573 43 102
645 6 642 543 37 88
645 7 642 574 35 87
645 8 693 548 47 77
645 9 776 574 34 88
645 10 773 563 31 86
645 11 782 592 47 87
645 17 78 357 31 52
645 18 1 376 35 52
645 20 860 332 22 42
645 21 480 352 24 48
645 22 1224 343 20 40
645 23 726 364 30 48
645 24 1348 367 35 49
645 25 1552 349 24 46
646 1 740 815 48 156
646 2 646 851 63 142
646 4 1358 983 70 98
646 5 578 575 53 100
646 6 642 543 37 88
646 7 642 574 38 88
646 8 693 548 47 77
646 9 776 574 34 88
646 10 773 563 31 86
646 11 782 592 47 87
646 17 79 357 31 51
646 18 1 376 35 52
646 20 859 332 22 42
646 21 476 352 27 46
646 22 1223 343 20 40
646 23 724 365 29 49
646 24 1345 368 33 49
646 25 1548 349 23 45
647 1 740 815 48 156
647 2 646 851 63 142
647 4 1357 983 70 98
647 5 574 576 65 99
647 6 641 543 38 89
647 7 639 578 41 84
647 8 693 548 47 77
647 9 776 574 34 88
647 10 773 563 31 86
647 11 782 592 47 87
647 17 79 358 30 50
647 18 0 375 35 52
647 20 859 332 18 41
647 21 474 352 27 47
647 22 1223 343 15 40
647 23 724 366 27 48
647 24 1343 369 29 49
647 25 1543 348 27 46
648 1 740 815 48 156
648 2 646 851 63 142
648 4 1357 984 71 98
648 5 573 576 74 99
648 6 642 542 38 87
648 7 640 578 37 84
648 8 693 549 47 76
648 9 776 574 34 88
648 10 773 563 31 87
648 11 782 592 47 87
648 17 79 359 30 50
648 18 0 375 35 52
648 20 859 332 18 41
648 21 473 352 25 47
648 22 1221 343 16 41
648 23 722 366 21 49
648 24 1343 369 27 50
648 25 1540 347 27 47
649 1 740 815 48 156
649 2 646 851 65 142
649 4 1356 984 71 98
649 5 574 576 78 99
649 6 642 542 38 87
649 7 640 579 33 83
649 8 692 552 46 70
649 9 776 574 34 88
649 10 773 563 31 86
649 11 782 592 47 87
649 17 80 361 28 48
649 18 0 375 35 52
649 20 858 332 18 41
649 21 470 351 28 49
649 22 1220 343 16 41
649 23 719 366 20 47
649 24 1341 369 27 50
649 25 1538 348 29 46
650 1 740 815 48 156
650 2 646 851 69 142
650 4 1355 985 71 98
650 5 577 576 77 99
650 6 642 542 38 87
650 7 641 579 35 83
650 8 692 552 46 70
650 9 776 574 34 88
650 10 773 563 31 87
650 11 782 592 47 87
650 17 79 358 30 51
650 18 0 375 35 52
650 20 856 332 21 42
650 21 468 351 29 49
650 22 1220 341 17 44
650 23 715 366 21 48
650 24 1338 368 23 48
650 25 1535 348 29 46
651 1 740 815 48 156
651 2 646 851 74 139
651 4 1354 985 71 95
651 5 587 578 71 96
651 6 642 542 38 88
651 7 641 579 37 83
651 8 692 552 48 70
651 9 776 574 34 88
651 10 773 563 31 86
651 11 782 592 47 87
651 17 79 358 30 51
651 18 0 375 35 52
651 20 853 332 24 41
651 21 466 351 29 48
651 22 1215 341 21 44
651 23 712 366 27 45
651 24 1336 367 23 52
651 25 1532 349 32 46
652 1 740 815 48 156
652 2 646 851 77 139
652 4 1352 985 73 95
652 5 593 578 65 97
652 6 642 542 38 87
652 7 640 580 36 84
652 8 692 552 50 70
652 9 776 574 34 88
652 10 773 563 31 86
652 11 782 592 47 87
652 17 78 357 31 51
652 18 0 375 35 51
652 20 850 332 27 41
652 21 464 351 31 49
652 22 1214 341 21 44
652 23 709 366 29 45
652 24 1332 366 24 53
652 25 1530 350 30 45
653 1 740 815 48 156
653 2 646 851 79 139
653 4 1352 985 73 95
653 5 599 578 58 95
653 6 641 543 39 87
653 7 641 581 36 84
653 8 692 552 50 70
653 9 776 574 34 88
653 10 773 563 31 86
653 11 782 592 47 87
653 17 78 357 31 52
653 18 0 375 35 52
653 20 848 332 29 42
653 21 462 352 31 48
653 22 1213 341 23 44
653 23 706 366 30 46
653 24 1330 365 24 53
653 25 1528 351 28 43
654 1 740 815 48 156
654 2 646 851 79 139
654 4 1352 986 73 95
654 5 609 580 46 92
654 6 641 543 39 88
654 7 640 584 37 82
654 8 692 552 50 70
654 9 776 574 34 88
654 10 773 563 31 86
654 11 782 592 47 87
654 17 78 356 31 52
654 18 0 376 35 52
654 20 848 332 24 41
654 21 460 352 31 48
654 22 1212 341 23 44
654 23 703 366 30 46
654 24 1327 365 29 53
654 25 1526 351 23 43
655 1 739 815 48 155
655 2 646 851 78 139
655 4 1352 986 73 95
655 5 611 582 45 89
655 6 642 544 36 86
655 7 639 584 37 81
655 8 692 552 50 70
655 9 776 574 34 88
655 10 773 563 31 86
655 11 782 592 47 87
655 17 78 357 31 52
655 18 0 376 35 52
655 20 848 332 24 41
655 21 459 352 29 47
655 22 1209 341 24 44
655 23 700 366 30 45
655 24 1321 365 35 50
655 25 1523 349 24 44
656 1 739 815 48 155
656 2 646 851 74 139
656 4 1351 986 73 95
656 5 615 583 44 88
656 6 642 544 36 87
656 7 641 585 31 84
656 8 692 552 50 70
656 9 776 574 34 88
656 10 773 563 31 86
656 11 782 592 47 87
656 17 78 357 31 52
656 18 0 376 35 52
656 20 847 332 24 41
656 21 457 352 29 48
656 22 1208 341 24 44
656 23 698 366 29 47
656 24 1318 365 35 50
656 25 1520 348 24 46
657 1 739 815 48 155
657 2 646 851 73 139
657 4 1349 988 73 93
657 5 616 584 44 88
657 6 642 544 36 87
657 7 640 586 35 82
657 8 692 552 50 70
657 9 776 574 34 88
657 10 773 563 31 86
657 11 782 592 47 87
657 17 78 358 31 51
657 18 0 376 35 52
657 20 845 332 24 41
657 21 456 352 24 47
657 22 1207 341 24 44
657 23 696 368 25 46
657 24 1316 366 35 50
657 25 1518 347 23 48
658 1 739 815 48 155
658 2 646 851 73 139
658 4 1349 988 73 92
658 5 622 585 40 90
658 6 642 544 36 87
658 7 640 586 38 82
658 8 692 553 50 69
658 9 776 574 34 88
658 10 773 563 31 86
658 11 782 592 47 87
658 17 79 358 30 50
658 18 0 376 35 52
658 20 845 332 24 41
658 21 454 352 25 49
658 22 1206 341 24 42
658 23 694 368 23 45
658 24 1314 367 33 48
658 25 1516 346 23 48
659 1 739 815 48 155
659 2 646 851 73 139
659 4 1352 989 70 92
659 5 623 586 40 89
659 6 642 544 37 87
659 7 640 586 37 84
659 8 692 556 50 66
659 9 776 574 34 88
659 10 773 563 31 86
659 11 782 592 47 87
659 17 78 358 30 51
659 18 0 375 35 52
659 20 844 332 24 41
659 21 452 352 24 51
659 22 1205 341 24 42
659 23 689 368 24 45
659 24 1314 368 25 50
659 25 1510 347 27 46
660 1 739 815 48 155
660 2 646 851 73 139
660 4 1352 990 70 91
660 5 622 585 47 97
660 6 642 544 36 87
660 7 636 586 39 85
660 8 692 556 50 66
660 9 775 574 34 88
660 10 773 563 31 86
660 11 782 592 47 87
660 17 78 357 31 51
660 18 0 375 35 52
660 20 843 332 24 41
660 21 450 351 24 48
660 22 1206 341 22 43
660 23 686 368 24 46
660 24 1312 368 25 49
660 25 1507 347 27 46
661 1 739 815 48 155
661 2 646 851 73 139
661 4 1353 988 71 92
661 5 626 589 48 96
661 6 642 544 36 87
661 7 640 586 46 85
661 8 692 556 50 66
661 9 775 574 34 88
661 10 773 563 31 86
661 11 782 592 47 87
661 17 78 358 30 51
661 18 0 375 35 52
661 20 847 331 21 44
661 21 449 351 24 48
661 22 1205 341 22 43
661 23 683 368 24 46
661 24 1309 368 24 48
661 25 1505 347 27 45
662 1 739 815 48 155
662 2 646 851 72 139
662 4 1353 988 71 93
662 5 627 588 48 97
662 6 643 544 36 87
662 7 641 587 46 84
662 8 692 556 50 66
662 9 775 574 34 88
662 10 772 563 31 86
662 11 782 592 47 87
662 17 78 358 30 51
662 18 0 375 35 52
662 20 846 331 21 44
662 21 445 351 27 49
662 22 1204 341 21 43
662 23 680 367 27 46
662 24 1306 367 24 48
662 25 1503 348 27 45
663 1 739 815 48 155
663 2 646 851 68 139
663 4 1355 991 72 89
663 5 628 593 47 92
663 6 643 544 36 86
663 7 645 587 45 81
663 8 692 556 50 66
663 9 775 574 34 88
663 10 772 563 31 86
663 11 782 592 47 87
663 17 78 357 31 51
663 18 0 375 35 52
663 20 845 331 20 41
663 21 444 351 29 49
663 22 1205 341 19 44
663 23 677 367 25 45
663 24 1304 367 27 48
663 25 1500 348 24 45
664 1 739 815 48 156
664 2 646 851 65 139
664 4 1356 994 72 86
664 5 629 594 46 91
664 6 643 544 36 86
664 7 646 587 46 80
664 8 692 556 50 66
664 9 775 574 34 88
664 10 772 563 31 86
664 11 782 592 47 87
664 17 78 357 31 51
664 18 -1 375 35 53
664 20 845 331 20 41
664 21 443 352 28 48
664 22 1204 341 16 41
664 23 674 367 29 45
664 24 1302 366 27 48
664 25 1497 348 24 45
665 1 739 815 48 155
665 2 646 851 64 139
665 4 1357 994 72 86
665 5 630 596 47 88
665 6 643 544 36 86
665 7 640 585 54 80
665 8 692 556 50 66
665 9 775 574 34 88
665 10 772 563 31 86
665 11 782 592 47 87
665 17 78 357 31 52
665 18 0 375 35 53
665 20 844 331 20 41
665 21 439 353 30 48
665 22 1203 341 16 41
665 23 671 367 28 46
665 24 1299 366 28 50
665 25 1495 348 21 45
666 1 739 815 48 155
666 2 646 851 61 139
666 4 1358 997 73 82
666 5 633 596 45 88
666 6 643 544 36 86
666 7 641 586 54 79
666 8 692 556 50 66
666 9 775 574 34 88
666 10 772 563 31 86
666 11 782 592 47 87
666 17 77 357 31 52
666 18 0 376 35 52
666 20 841 331 22 42
666 21 438 353 29 48
666 22 1200 341 18 42
666 23 668 368 28 45
666 24 1296 366 30 49
666 25 1493 347 21 45
667 1 739 815 48 155
667 2 646 851 61 139
667 4 1359 997 73 83
667 5 634 603 48 81
667 6 642 544 36 86
667 7 641 585 54 80
667 8 692 556 50 66
667 9 775 574 34 88
667 10 772 563 31 86
667 11 781 592 47 87
667 17 77 357 31 52
667 18 0 376 35 52
667 20 841 331 22 42
667 21 437 353 29 48
667 22 1198 341 19 43
667 23 666 369 27 45
667 24 1294 366 30 49
667 25 1490 347 23 46
668 1 739 815 48 156
668 2 646 851 59 139
668 4 1359 998 74 82
668 5 635 603 49 82
668 6 641 544 39 85
668 7 641 585 54 80
668 8 692 556 50 66
668 9 775 574 34 88
668 10 772 563 31 86
668 11 781 592 47 87
668 17 78 358 31 51
668 18 0 377 35 52
668 20 840 331 20 43
668 21 433 353 27 48
668 22 1197 341 20 43
668 23 664 369 24 46
668 24 1289 367 31 49
668 25 1488 346 24 48
669 1 739 815 48 155
669 2 646 851 59 139
669 4 1362 998 72 83
669 5 636 603 51 83
669 6 641 544 38 85
669 7 642 585 55 81
669 8 692 556 50 66
669 9 775 574 34 88
669 10 772 562 31 86
669 11 781 592 47 87
669 17 78 359 30 50
669 18 0 376 35 52
669 20 836 331 23 44
669 21 432 353 27 48
669 22 1196 341 20 43
669 23 662 369 24 46
669 24 1287 368 31 49
669 25 1485 346 24 48
670 1 739 815 48 156
670 2 646 851 59 139
670 4 1363 998 73 83
670 5 636 603 51 83
670 6 641 544 38 85
670 7 642 585 55 81
670 8 692 556 50 66
670 9 775 574 34 88
670 10 772 562 31 86
670 11 782 592 47 87
670 17 78 358 30 50
670 18 0 376 35 52
670 20 836 331 23 44
670 21 429 353 28 50
670 22 1191 341 25 44
670 23 658 369 21 47
670 24 1288 368 24 48
670 25 1482 346 25 45
671 1 739 815 48 156
671 2 646 851 62 139
671 4 1368 1000 68 80
671 5 637 603 53 82
671 6 642 544 38 85
671 7 642 585 55 81
671 8 692 556 50 66
671 9 775 574 34 88
671 10 772 562 31 86
671 11 781 592 47 87
671 17 79 360 29 48
671 18 0 376 35 53
671 20 832 331 25 43
671 21 427 353 29 51
671 22 1190 341 25 44
671 23 654 368 23 49
671 24 1286 369 24 47
671 25 1479 346 25 46
672 1 739 815 48 156
672 2 646 851 64 139
672 4 1369 1000 68 80
672 5 637 603 53 82
672 6 642 544 38 85
672 7 642 585 55 81
672 8 692 556 50 66
672 9 775 574 34 88
672 10 772 562 31 86
672 11 781 592 47 87
672 17 78 358 30 51
672 18 0 375 35 52
672 20 832 331 27 44
672 21 426 353 28 48
672 22 1189 341 25 44
672 23 651 367 27 48
672 24 1281 368 25 47
672 25 1477 346 24 47
673 1 738 815 48 156
673 2 646 851 65 139
673 4 1370 1001 68 80
673 5 638 607 53 78
673 6 642 544 38 85
673 7 643 585 55 81
673 8 692 556 50 66
673 9 775 574 34 88
673 10 772 562 31 86
673 11 781 592 47 87
673 17 78 358 30 50
673 18 0 375 35 52
673 20 832 331 27 44
673 21 425 353 28 49
673 22 1190 341 25 43
673 23 647 366 28 49
673 24 1279 367 24 48
673 25 1475 347 24 46
674 1 738 815 48 156
674 2 646 851 65 139
674 4 1372 1003 67 78
674 5 638 607 53 78
674 6 643 544 38 86
674 7 648 585 50 82
674 8 692 556 50 66
674 9 773 574 36 86
674 10 772 562 31 86
674 11 781 591 47 87
674 17 77 357 31 51
674 18 -1 375 35 52
674 20 830 331 25 44
674 21 421 353 29 50
674 22 1189 341 25 43
674 23 645 367 30 48
674 24 1277 366 25 49
674 25 1472 346 23 47
675 1 738 815 48 156
675 2 646 851 65 139
675 4 1372 1003 67 77
675 5 638 607 56 78
675 6 643 544 38 85
675 7 645 585 53 82
675 8 692 556 50 66
675 9 770 574 39 85
675 10 772 563 31 86
675 11 781 591 47 87
675 17 77 357 31 52
675 18 -1 375 35 52
675 20 830 331 25 44
675 21 419 353 30 50
675 22 1188 342 24 42
675 23 642 367 30 47
675 24 1275 365 25 50
675 25 1469 346 22 46
676 1 739 813 48 156
676 2 646 851 67 139
676 4 1373 1004 68 78
676 5 639 608 56 78
676 6 643 544 38 85
676 7 645 585 53 82
676 8 692 556 50 66
676 9 770 574 39 85
676 10 772 562 31 86
676 11 781 591 47 87
676 17 77 357 31 52
676 18 -1 376 35 52
676 20 832 331 23 43
676 21 418 353 30 50
676 22 1188 341 25 42
676 23 639 367 30 47
676 24 1273 364 24 49
676 25 1467 345 22 47
677 1 739 813 48 156
677 2 646 851 69 139
677 4 1372 1004 68 76
677 5 641 608 56 77
677 6 641 544 38 86
677 7 645 585 53 82
677 8 692 556 50 66
677 9 770 574 39 85
677 10 772 562 31 86
677 11 781 591 47 87
677 17 77 357 31 52
677 18 -1 376 35 52
677 20 832 331 23 43
677 21 416 353 28 49
677 22 1187 341 24 43
677 23 637 368 29 49
677 24 1271 364 24 49
677 25 1464 345 22 45
678 1 739 813 48 156
678 2 646 851 71 139
678 4 1372 1004 68 76
678 5 642 609 56 76
678 6 641 544 38 86
678 7 646 585 53 82
678 8 692 556 50 66
678 9 770 574 39 85
678 10 772 562 31 86
678 11 781 591 47 87
678 17 77 358 31 52
678 18 0 377 35 52
678 20 831 331 23 43
678 21 412 353 31 50
678 22 1187 341 19 43
678 23 635 369 24 49
678 24 1262 364 31 50
678 25 1462 344 22 46
679 1 739 813 48 156
679 2 646 851 71 139
679 4 1372 1005 68 76
679 5 642 609 55 77
679 6 641 544 38 86
679 7 646 585 53 78
679 8 692 556 50 65
679 9 770 574 39 85
679 10 772 562 30 86
679 11 781 591 47 87
679 17 78 359 30 50
679 18 0 377 35 52
679 20 830 331 23 42
679 21 411 353 27 50
679 22 1186 341 19 43
679 23 633 369 23 49
679 24 1259 365 35 47
679 25 1459 344 22 45
680 1 739 813 48 156
680 2 646 851 69 139
680 4 1373 1003 67 77
680 5 643 608 55 77
680 6 641 544 38 86
680 7 646 585 53 78
680 8 692 556 50 66
680 9 770 574 39 85
680 10 772 562 30 86
680 11 781 591 47 87
680 17 79 361 29 48
680 18 0 377 35 52
680 20 830 331 21 43
680 21 409 353 25 50
680 22 1186 341 19 42
680 23 628 369 25 49
680 24 1262 366 28 46
680 25 1456 344 22 44
681 1 739 813 48 156
681 2 646 851 69 139
681 4 1373 1006 67 74
681 5 645 608 55 77
681 6 641 544 38 86
681 7 646 585 53 78
681 8 692 556 50 66
681 9 770 574 39 85
681 10 772 562 30 86
681 11 781 591 47 87
681 17 79 362 28 48
681 18 -1 376 35 52
681 20 829 331 21 43
681 21 407 353 25 50
681 22 1184 341 20 43
681 23 622 369 29 49
681 24 1260 367 27 45
681 25 1453 344 24 44
682 1 739 813 48 156
682 2 646 851 68 139
682 4 1373 1006 67 74
682 5 645 608 53 78
682 6 643 544 36 86
682 7 647 584 53 80
682 8 692 556 50 66
682 9 770 574 39 85
682 10 772 562 30 86
682 11 781 591 47 87
682 17 78 359 30 51
682 18 -1 376 35 52
682 20 829 331 22 45
682 21 404 353 25 51
682 22 1183 341 20 43
682 23 619 368 30 50
682 24 1258 367 24 46
682 25 1450 344 24 43
683 1 739 813 48 156
683 2 646 851 67 139
683 4 1373 1006 67 74
683 5 646 608 53 78
683 6 643 544 36 86
683 7 647 582 52 82
683 8 692 556 50 66
683 9 770 574 39 85
683 10 772 562 31 86
683 11 781 591 47 87
683 17 78 359 30 51
683 18 -1 376 35 52
683 20 829 331 18 43
683 21 402 352 27 51
683 22 1179 341 24 42
683 23 616 368 30 50
683 24 1255 367 24 48
683 25 1448 345 24 43
684 1 739 813 48 156
684 2 646 851 63 139
684 4 1372 1007 66 73
684 5 646 608 51 78
684 6 643 544 36 86
684 7 647 582 52 82
684 8 692 556 50 66
684 9 770 574 39 85
684 10 772 562 31 86
684 11 781 591 47 87
684 17 78 359 30 51
684 18 -1 375 35 52
684 20 825 331 22 41
684 21 402 352 27 52
684 22 1178 341 24 42
684 23 612 368 33 48
684 24 1249 364 28 51
684 25 1446 345 23 44
685 1 739 813 48 156
685 2 646 851 61 139
685 4 1372 1007 66 73
685 5 646 608 51 78
685 6 643 544 36 86
685 7 647 582 52 82
685 8 692 556 50 66
685 9 770 574 39 85
685 10 772 562 30 85
685 11 781 591 47 87
685 17 77 358 31 52
685 18 -1 376 35 52
685 20 825 331 22 41
685 21 400 352 27 53
685 22 1178 341 23 43
685 23 612 368 31 50
685 24 1249 363 24 49
685 25 1444 345 21 43
686 1 739 812 48 156
686 2 646 851 61 139
686 4 1371 1007 66 73
686 5 652 608 45 78
686 6 643 544 36 86
686 7 645 582 52 83
686 8 692 556 50 66
686 9 770 574 39 85
686 10 772 562 30 85
686 11 781 591 47 87
686 17 77 357 31 52
686 18 -1 375 35 52
686 20 821 331 24 41
686 21 398 352 27 51
686 22 1174 341 25 43
686 23 609 368 31 50
686 24 1246 362 24 49
686 25 1438 345 24 43
687 1 739 812 48 156
687 2 646 851 61 139
687 4 1371 1007 66 72
687 5 652 607 47 79
687 6 643 544 36 86
687 7 645 582 52 83
687 8 692 556 50 66
687 9 770 574 39 85
687 10 772 562 30 85
687 11 781 591 47 87
687 17 77 357 31 52
687 18 -1 376 35 52
687 20 821 331 24 41
687 21 396 352 28 52
687 22 1173 341 28 42
687 23 606 369 27 48
687 24 1244 362 27 50
687 25 1435 342 24 45
688 1 739 812 48 156
688 2 646 851 61 139
688 4 1369 1008 66 73
688 5 652 606 47 80
688 6 643 544 36 86
688 7 645 582 52 83
688 8 692 556 50 66
688 9 769 574 39 85
688 10 772 562 30 85
688 11 781 591 47 87
688 17 77 357 31 52
688 18 -1 376 35 52
688 20 820 331 24 41
688 21 391 354 30 52
688 22 1172 341 28 42
688 23 604 370 25 47
688 24 1241 361 27 50
688 25 1432 341 24 45
689 1 739 812 48 156
689 2 646 851 61 139
689 4 1368 1008 66 73
689 5 652 606 48 80
689 6 641 544 36 86
689 7 644 581 52 83
689 8 692 555 50 66
689 9 769 574 39 85
689 10 772 562 30 85
689 11 781 591 47 87
689 17 77 358 31 51
689 18 -1 376 35 52
689 20 819 331 24 41
689 21 390 355 30 51
689 22 1171 341 28 42
689 23 602 372 24 45
689 24 1236 362 30 50
689 25 1430 341 24 46
690 1 739 812 48 156
690 2 646 851 61 139
690 4 1366 1007 66 73
690 5 651 604 48 82
690 6 640 544 36 86
690 7 644 581 52 83
690 8 692 556 50 66
690 9 769 574 39 85
690 10 772 562 30 85
690 11 781 591 47 87
690 17 78 360 29 49
690 18 -1 377 35 52
690 20 818 331 24 41
690 21 389 355 29 50
690 22 1170 341 25 41
690 23 598 372 23 47
690 24 1233 362 34 49
690 25 1428 341 24 46
691 1 739 812 48 156
691 2 646 851 61 139
691 4 1365 1007 66 73
691 5 651 602 53 84
691 6 642 543 36 86
691 7 644 581 52 83
691 8 692 555 50 66
691 9 769 574 39 85
691 10 772 562 30 85
691 11 781 591 47 87
691 17 79 361 29 48
691 18 -1 377 35 52
691 20 817 331 24 41
691 21 385 355 30 51
691 22 1172 341 23 42
691 23 596 372 23 47
691 24 1230 362 35 50
691 25 1423 341 28 45
692 1 739 812 48 156
692 2 646 850 61 139
692 4 1363 1007 66 73
692 5 651 601 53 85
692 6 642 543 36 86
692 7 644 580 51 83
692 8 691 555 51 67
692 9 769 574 39 85
692 10 772 562 30 85
692 11 781 591 47 87
692 17 78 361 29 48
692 18 -1 377 35 52
692 20 818 331 23 42
692 21 383 354 25 53
692 22 1171 341 23 42
692 23 591 372 27 47
692 24 1228 363 28 49
692 25 1420 341 28 45
693 1 739 812 48 157
693 2 646 850 61 139
693 4 1363 1006 64 73
693 5 650 598 55 88
693 6 642 543 36 85
693 7 644 580 51 83
693 8 691 555 51 67
693 9 769 573 39 85
693 10 772 562 30 85
693 11 781 591 47 87
693 17 78 360 29 49
693 18 -1 376 35 52
693 20 818 331 23 42
693 21 382 356 25 47
693 22 1173 341 17 42
693 23 588 371 28 48
693 24 1229 364 24 49
693 25 1420 342 24 45
694 1 739 812 48 157
694 2 646 850 61 139
694 4 1361 1006 64 73
694 5 653 597 54 89
694 6 642 543 36 85
694 7 647 579 48 83
694 8 691 552 51 69
694 9 769 573 39 85
694 10 772 562 30 85
694 11 781 591 47 87
694 17 78 359 30 50
694 18 -1 376 35 52
694 20 817 331 23 42
694 21 381 356 25 48
694 22 1172 341 17 42
694 23 585 371 31 49
694 24 1227 364 24 49
694 25 1418 342 24 46
695 1 739 812 48 157
695 2 646 850 61 139
695 4 1359 1005 64 73
695 5 653 596 54 90
695 6 642 543 36 85
695 7 646 579 49 83
695 8 691 551 51 70
695 9 769 573 39 85
695 10 772 562 30 85
695 11 781 591 47 87
695 17 77 358 31 52
695 18 -2 376 35 52
695 20 817 331 23 42
695 21 377 356 30 48
695 22 1168 341 20 42
695 23 582 371 33 47
695 24 1224 363 24 49
695 25 1416 342 24 46
696 1 739 812 48 157
696 2 646 850 61 139
696 4 1357 1004 66 76
696 5 652 595 55 90
696 6 642 543 36 84
696 7 646 579 49 83
696 8 691 550 52 71
696 9 769 573 39 85
696 10 772 562 30 85
696 11 781 591 47 87
696 17 77 358 31 52
696 18 -1 376 35 52
696 20 816 330 20 42
696 21 375 356 31 49
696 22 1167 341 20 42
696 23 575 371 38 47
696 24 1222 363 23 47
696 25 1414 342 23 45
697 1 739 812 48 157
697 2 646 850 61 139
697 4 1355 1004 66 76
697 5 652 595 55 90
697 6 642 543 35 85
697 7 646 578 49 83
697 8 691 549 52 71
697 9 769 573 39 85
697 10 772 562 30 85
697 11 780 591 47 87
697 17 76 357 31 52
697 18 -2 375 35 52
697 20 816 330 20 42
697 21 372 356 32 50
697 22 1167 340 19 42
697 23 572 371 37 49
697 24 1221 362 22 49
697 25 1412 341 21 46
698 1 739 812 48 157
698 2 646 850 61 139
698 4 1353 1003 66 76
698 5 651 594 55 91
698 6 642 543 35 84
698 7 646 578 49 83
698 8 691 549 54 72
698 9 769 573 39 85
698 10 771 562 30 85
698 11 780 590 47 87
698 17 76 357 31 52
698 18 -2 375 35 52
698 20 815 330 20 43
698 21 371 356 32 50
698 22 1166 340 19 42
698 23 570 372 34 48
698 24 1216 361 28 51
698 25 1410 340 21 47
699 1 739 812 48 157
699 2 646 850 61 140
699 4 1351 1003 66 76
699 5 651 594 56 91
699 6 642 543 35 84
699 7 646 578 49 83
699 8 691 549 54 72
699 9 769 573 39 85
699 10 771 562 30 85
699 11 780 590 47 87
699 17 77 358 31 52
699 18 -2 376 35 53
699 20 814 330 20 43
699 21 368 357 31 49
699 22 1163 340 21 41
699 23 567 373 33 47
699 24 1214 361 25 49
699 25 1405 340 24 45
700 1 739 811 48 157
700 2 647 849 61 140
700 4 1350 1002 67 78
700 5 651 594 53 91
700 6 642 543 35 85
700 7 646 578 49 83
700 8 697 545 48 77
700 9 769 573 39 85
700 10 771 561 31 86
700 11 780 590 47 87
700 17 77 360 30 50
700 18 -2 376 35 52
700 20 814 330 20 45
700 21 366 356 31 52
700 22 1162 340 22 42
700 23 564 373 30 48
700 24 1208 361 30 47
700 25 1403 339 24 45
701 1 739 811 48 157
701 2 647 849 61 140
701 4 1349 1002 67 78
701 5 651 590 53 95
701 6 642 543 35 84
701 7 646 577 47 83
701 8 697 545 48 77
701 9 769 573 39 85
701 10 771 561 30 85
701 11 780 590 47 87
701 17 77 359 30 50
701 18 -2 377 35 52
701 20 813 330 18 45
701 21 361 356 31 52
701 22 1161 340 22 42
701 23 562 373 25 46
701 24 1205 361 30 47
701 25 1400 339 24 45
702 1 739 811 48 157
702 2 647 849 61 140
702 4 1347 1001 67 79
702 5 651 590 50 95
702 6 642 543 35 84
702 7 646 577 45 83
702 8 698 546 47 76
702 9 769 573 39 85
702 10 771 561 31 86
702 11 780 590 47 87
702 17 78 360 29 49
702 18 -1 377 35 51
702 20 812 330 20 43
702 21 360 356 31 52
702 22 1157 340 25 41
702 23 559 373 25 46
702 24 1203 362 30 47
702 25 1397 340 27 44
703 1 739 811 48 157
703 2 647 849 61 140
703 4 1346 1001 65 78
703 5 651 590 49 95
703 6 642 543 35 84
703 7 645 577 46 82
703 8 698 546 47 76
703 9 769 573 39 85
703 10 771 561 31 86
703 11 780 590 47 87
703 17 77 358 31 52
703 18 -1 377 35 51
703 20 812 330 20 43
703 21 357 356 29 50
703 22 1156 340 27 42
703 23 555 372 27 47
703 24 1202 362 28 49
703 25 1394 341 27 43
704 1 736 811 51 157
704 2 647 849 61 140
704 4 1345 1001 65 78
704 5 647 587 49 97
704 6 642 543 34 85
704 7 644 577 46 82
704 8 698 546 50 76
704 9 769 573 39 85
704 10 771 561 31 86
704 11 780 590 47 87
704 17 77 359 30 51
704 18 -2 377 35 52
704 20 811 330 20 43
704 21 356 356 29 51
704 22 1157 340 24 43
704 23 554 372 28 47
704 24 1200 362 28 49
704 25 1392 341 25 42
705 1 736 811 51 157
705 2 647 849 59 140
705 4 1344 1001 64 80
705 5 647 587 49 97
705 6 642 543 33 86
705 7 643 577 44 82
705 8 704 546 44 76
705 9 769 573 39 85
705 10 771 561 31 86
705 11 780 590 47 87
705 17 77 358 31 52
705 18 -2 376 35 52
705 20 807 330 23 44
705 21 355 356 29 52
705 22 1156 340 25 39
705 23 551 372 28 47
705 24 1199 363 24 47
705 25 1389 340 28 45
706 1 736 811 51 157
706 2 647 849 59 140
706 4 1343 1001 64 78
706 5 646 586 49 97
706 6 642 541 33 87
706 7 642 574 44 85
706 8 705 542 42 81
706 9 769 573 39 85
706 10 772 561 31 86
706 11 780 590 47 87
706 17 76 358 31 52
706 18 -2 376 35 52
706 20 807 330 23 44
706 21 353 356 30 53
706 22 1155 340 25 39
706 23 548 372 29 49
706 24 1197 362 24 47
706 25 1386 341 28 45
707 1 736 811 51 157
707 2 647 849 59 140
707 4 1342 1000 64 81
707 5 645 586 46 99
707 6 642 541 33 87
707 7 641 574 44 85
707 8 705 542 42 81
707 9 769 573 39 85
707 10 771 561 31 86
707 11 780 590 47 87
707 17 76 357 31 52
707 18 -2 375 35 52
707 20 806 330 23 44
707 21 351 356 29 52
707 22 1157 340 21 40
707 23 545 372 31 49
707 24 1194 362 22 45
707 25 1384 341 23 43
708 1 736 811 51 157
708 2 647 849 59 140
708 4 1342 1000 63 82
708 5 644 586 46 99
708 6 641 541 33 88
708 7 641 572 44 86
708 8 706 542 41 81
708 9 771 573 37 86
708 10 771 561 31 86
708 11 780 590 47 87
708 17 76 357 32 53
708 18 -2 375 35 52
708 20 805 330 23 44
708 21 347 357 33 51
708 22 1156 340 21 40
708 23 542 372 32 49
708 24 1191 361 22 45
708 25 1381 340 23 43
709 1 736 811 50 157
709 2 647 849 59 140
709 4 1341 1000 63 82
709 5 644 585 46 99
709 6 641 541 33 88
709 7 640 572 44 86
709 8 706 542 39 82
709 9 771 573 37 86
709 10 772 561 31 87
709 11 780 590 47 87
709 17 75 357 32 53
709 18 -2 376 35 52
709 20 804 331 23 43
709 21 346 357 33 51
709 22 1156 339 21 41
709 23 539 373 31 47
709 24 1189 361 24 47
709 25 1380 340 23 43
710 1 736 811 50 157
710 2 647 849 59 140
710 4 1340 1000 62 79
710 5 643 585 46 100
710 6 640 541 33 88
710 7 640 572 44 86
710 8 706 542 39 83
710 9 771 573 37 86
710 10 771 561 31 86
710 11 780 590 47 87
710 17 76 358 31 52
710 18 -2 376 35 52
710 20 806 331 21 44
710 21 343 358 32 50
710 22 1155 339 17 41
710 23 537 374 24 49
710 24 1186 361 29 47
710 25 1376 338 24 44
711 1 736 811 50 157
711 2 647 849 59 140
711 4 1342 1000 60 79
711 5 643 585 46 100
711 6 641 541 33 87
711 7 639 572 44 79
711 8 706 542 37 82
711 9 771 573 37 86
711 10 771 561 31 86
711 11 780 590 47 87
711 17 76 360 30 51
711 18 -2 376 35 52
711 20 806 331 21 44
711 21 340 359 32 50
711 22 1151 339 20 41
711 23 535 374 24 49
711 24 1181 361 31 47
711 25 1373 338 24 44
712 1 736 811 50 157
712 2 647 849 59 140
712 4 1341 1000 60 79
712 5 640 585 49 99
712 6 641 541 33 87
712 7 639 572 44 79
712 8 706 542 35 80
712 9 771 573 37 86
712 10 772 561 31 86
712 11 780 590 47 87
712 17 77 361 30 50
712 18 -2 376 35 52
712 20 805 331 20 42
712 21 337 359 30 51
712 22 1151 339 20 41
712 23 530 373 23 50
712 24 1178 360 31 47
712 25 1371 338 24 44
713 1 736 811 50 157
713 2 647 849 59 140
713 4 1341 1000 61 81
713 5 640 585 49 99
713 6 640 541 33 88
713 7 637 571 44 80
713 8 706 542 35 80
713 9 771 573 37 86
713 10 772 561 31 86
713 11 780 590 47 87
713 17 77 361 29 49
713 18 -2 377 35 52
713 20 805 331 20 42
713 21 335 359 28 51
713 22 1147 339 24 42
713 23 527 372 23 50
713 24 1176 361 31 47
713 25 1366 338 27 43
714 1 736 811 50 157
714 2 646 849 59 140
714 4 1340 1000 61 80
714 5 641 585 47 99
714 6 639 541 33 88
714 7 636 571 44 80
714 8 706 542 35 80
714 9 771 573 37 86
714 10 772 561 31 86
714 11 780 590 47 87
714 17 77 361 29 49
714 18 -2 377 35 52
714 20 804 331 20 42
714 21 334 359 28 50
714 22 1147 339 21 43
714 23 523 372 29 49
714 24 1175 361 29 47
714 25 1363 339 27 42
715 1 736 810 50 157
715 2 646 848 59 140
715 4 1340 1001 56 79
715 5 640 585 48 98
715 6 639 541 33 87
715 7 635 570 44 80
715 8 706 542 35 80
715 9 771 573 37 86
715 10 772 561 31 86
715 11 780 590 47 87
715 17 76 359 30 51
715 18 -2 377 35 52
715 20 804 331 20 42
715 21 333 359 28 51
715 22 1146 339 21 43
715 23 520 374 30 47
715 24 1173 362 28 46
715 25 1362 339 24 42
716 1 736 810 50 157
716 2 646 848 59 140
716 4 1345 1000 50 80
716 5 639 585 50 99
716 6 640 541 33 87
716 7 633 570 45 82
716 8 705 542 35 81
716 9 771 573 37 86
716 10 772 561 31 86
716 11 780 590 47 87
716 17 76 360 30 50
716 18 -2 377 35 52
716 20 803 331 16 43
716 21 331 358 29 51
716 22 1144 339 22 42
716 23 515 374 33 47
716 24 1171 362 24 46
716 25 1360 339 24 41
717 1 736 810 50 157
717 2 646 848 60 140
717 4 1344 1000 50 80
717 5 640 585 48 99
717 6 639 541 33 87
717 7 632 570 44 79
717 8 705 542 35 80
717 9 771 573 37 86
717 10 772 561 31 86
717 11 780 589 47 87
717 17 76 358 31 51
717 18 -2 376 35 52
717 20 802 331 16 44
717 21 327 359 32 51
717 22 1143 339 23 42
717 23 512 374 35 47
717 24 1169 362 21 44
717 25 1358 339 22 44
718 1 736 810 50 157
718 2 646 848 61 140
718 4 1343 1001 50 80
718 5 639 585 51 99
718 6 641 541 33 87
718 7 632 569 45 82
718 8 705 542 37 81
718 9 771 573 37 86
718 10 772 561 31 86
718 11 780 589 47 87
718 17 75 356 32 54
718 18 -3 376 35 52
718 20 799 331 19 44
718 21 325 359 32 52
718 22 1142 339 24 42
718 23 509 374 35 47
718 24 1167 361 21 44
718 25 1356 339 22 44
719 1 736 810 50 157
719 2 646 848 64 140
719 4 1343 1001 50 79
719 5 638 585 51 99
719 6 641 541 33 87
719 7 630 569 45 82
719 8 705 542 37 81
719 9 771 573 37 86
719 10 772 561 31 86
719 11 780 589 47 87
719 17 76 359 31 51
719 18 -3 376 35 52
719 20 796 331 24 43
719 21 323 359 34 49
719 22 1141 339 24 42
719 23 506 375 32 47
719 24 1164 361 24 48
719 25 1355 338 22 45
720 1 736 810 50 157
720 2 646 848 64 140
720 4 1342 1001 49 80
720 5 638 585 51 99
720 6 640 541 33 87
720 7 629 569 45 82
720 8 700 543 41 81
720 9 771 573 37 86
720 10 772 561 31 86
720 11 780 589 47 87
720 17 76 359 30 51
720 18 -2 376 34 50
720 20 794 331 24 43
720 21 322 359 33 50
720 22 1141 341 22 36
720 23 503 376 31 46
720 24 1162 360 24 48
720 25 1353 337 22 45
721 1 736 810 50 157
721 2 646 848 66 140
721 4 1341 1001 49 79
721 5 636 584 53 101
721 6 641 541 33 87
721 7 628 569 44 80
721 8 700 543 41 81
721 9 771 573 37 86
721 10 772 561 31 86
721 11 780 589 47 87
721 17 75 356 33 55
721 18 -2 376 34 50
721 20 791 331 28 44
721 21 321 359 33 51
721 22 1145 342 22 36
721 23 500 376 32 50
721 24 1159 359 27 49
721 25 1348 337 28 45
722 1 736 810 50 157
722 2 646 848 68 140
722 4 1340 1002 49 79
722 5 635 583 53 102
722 6 641 541 33 87
722 7 628 569 41 80
722 8 698 544 43 81
722 9 771 573 37 86
722 10 772 560 31 86
722 11 780 589 47 87
722 17 75 356 32 54
722 18 -3 376 35 52
722 20 791 331 28 43
722 21 319 359 28 51
722 22 1141 341 22 38
722 23 498 375 25 53
722 24 1154 359 30 49
722 25 1345 337 28 45
723 1 736 810 50 157
723 2 646 848 70 140
723 4 1340 1002 49 79
723 5 635 583 52 102
723 6 640 541 33 87
723 7 627 569 41 80
723 8 697 544 43 83
723 9 771 572 37 86
723 10 772 560 31 86
723 11 780 589 47 87
723 17 76 359 30 50
723 18 -3 376 35 52
723 20 791 331 28 43
723 21 317 359 28 51
723 22 1140 339 23 40
723 23 495 374 25 49
723 24 1150 359 32 48
723 25 1343 337 28 44
724 1 736 810 50 157
724 2 646 848 73 140
724 4 1338 1001 49 79
724 5 634 583 50 101
724 6 641 541 33 87
724 7 627 568 41 80
724 8 696 544 43 83
724 9 771 572 37 86
724 10 772 560 31 86
724 11 780 589 47 87
724 17 77 360 30 50
724 18 -3 376 35 52
724 20 790 331 28 43
724 21 313 359 27 50
724 22 1139 339 23 40
724 23 490 373 28 51
724 24 1148 359 32 48
724 25 1341 338 28 43
725 1 736 810 50 157
725 2 646 848 73 140
725 4 1337 1001 49 79
725 5 633 583 50 101
725 6 640 541 33 87
725 7 627 569 41 80
725 8 695 544 45 84
725 9 771 572 37 86
725 10 772 560 31 86
725 11 780 589 47 87
725 17 76 357 32 53
725 18 0 377 31 51
725 20 790 331 25 42
725 21 311 359 28 53
725 22 1137 339 20 39
725 23 487 372 30 51
725 24 1148 360 27 49
725 25 1338 338 27 44
726 1 736 809 50 157
726 2 646 848 76 140
726 4 1336 1001 49 79
726 5 631 582 51 102
726 6 640 540 33 87
726 7 631 566 36 82
726 8 694 544 45 84
726 9 771 572 37 86
726 10 772 560 31 86
726 11 780 589 47 87
726 17 78 359 30 49
726 18 0 377 31 51
726 20 790 331 25 42
726 21 309 359 29 51
726 22 1136 339 20 39
726 23 484 375 31 49
726 24 1146 361 28 44
726 25 1336 339 23 42
727 1 736 809 50 157
727 2 646 848 76 140
727 4 1336 1002 49 79
727 5 633 582 44 102
727 6 641 541 32 86
727 7 630 566 36 83
727 8 693 544 42 84
727 9 771 572 37 86
727 10 772 560 31 86
727 11 780 589 47 87
727 17 80 360 27 49
727 18 0 377 31 51
727 20 789 331 25 42
727 21 307 359 29 51
727 22 1134 339 20 39
727 23 481 375 32 47
727 24 1144 362 27 43
727 25 1334 339 23 42
728 1 736 809 50 157
728 2 646 848 73 140
728 4 1335 1002 49 79
728 5 632 582 44 103
728 6 641 541 32 86
728 7 629 565 37 83
728 8 692 544 37 84
728 9 771 572 37 86
728 10 772 560 31 86
728 11 780 589 47 87
728 17 80 360 27 49
728 18 0 376 31 51
728 20 789 331 25 42
728 21 302 359 33 52
728 22 1133 338 20 40
728 23 478 376 32 48
728 24 1142 362 27 43
728 25 1331 339 23 42
729 1 736 809 50 157
729 2 646 848 70 140
729 4 1334 1002 49 79
729 5 630 582 43 103
729 6 640 541 32 87
729 7 629 565 37 84
729 8 691 544 37 86
729 9 771 572 37 86
729 10 772 560 31 86
729 11 780 589 47 87
729 17 80 360 27 49
729 18 0 376 31 51
729 20 787 332 22 39
729 21 300 359 33 53
729 22 1133 338 20 40
729 23 475 377 30 50
729 24 1139 361 24 45
729 25 1328 338 23 42
730 1 736 809 50 157
730 2 646 848 67 140
730 4 1331 1002 49 79
730 5 629 582 43 103
730 6 641 541 32 87
730 7 627 565 37 85
730 8 690 546 37 84
730 9 771 572 37 86
730 10 772 560 31 86
730 11 780 589 47 87
730 17 80 360 27 49
730 18 0 376 31 51
730 20 787 332 22 41
730 21 298 359 33 52
730 22 1132 339 20 39
730 23 473 378 25 50
730 24 1137 360 24 46
730 25 1326 337 23 43
731 1 736 809 50 157
731 2 646 848 65 140
731 4 1325 1002 54 78
731 5 629 582 40 103
731 6 641 541 33 86
731 7 628 566 37 84
731 8 689 546 40 84
731 9 771 572 37 86
731 10 772 560 31 86
731 11 780 588 47 87
731 17 80 360 27 49
731 18 0 376 31 51
731 20 787 332 22 41
731 21 295 360 33 52
731 22 1131 339 19 40
731 23 467 379 30 49
731 24 1134 360 25 47
731 25 1324 337 23 43
732 1 736 809 50 157
732 2 646 848 62 140
732 4 1324 1002 54 78
732 5 628 582 40 103
732 6 641 541 33 86
732 7 628 566 38 81
732 8 688 546 43 87
732 9 771 572 37 86
732 10 772 560 31 86
732 11 780 588 47 87
732 17 80 360 27 49
732 18 0 375 31 52
732 20 786 332 22 41
732 21 293 360 33 52
732 22 1130 339 19 40
732 23 465 379 25 49
732 24 1132 359 27 49
732 25 1317 337 29 42
733 1 736 808 50 157
733 2 646 848 62 140
733 4 1324 1003 54 78
733 5 628 582 40 103
733 6 640 541 33 87
733 7 627 566 38 81
733 8 687 547 43 86
733 9 771 572 37 86
733 10 772 560 31 86
733 11 780 588 47 87
733 17 80 360 27 49
733 18 0 375 31 51
733 20 785 332 22 41
733 21 292 361 32 52
733 22 1129 339 22 38
733 23 462 379 25 48
733 24 1128 359 29 49
733 25 1315 337 29 42
734 1 736 808 50 157
734 2 646 848 62 139
734 4 1323 1003 54 78
734 5 626 582 40 104
734 6 641 540 32 86
734 7 627 566 38 81
734 8 687 548 42 86
734 9 771 572 37 86
734 10 772 560 31 86
734 11 780 588 47 87
734 17 80 360 29 49
734 18 0 376 31 51
734 20 784 332 22 42
734 21 291 361 33 53
734 22 1128 339 22 38
734 23 459 378 27 49
734 24 1126 359 29 49
734 25 1313 336 28 43
735 1 736 808 50 157
735 2 646 848 62 139
735 4 1323 1003 54 78
735 5 626 582 40 104
735 6 641 540 32 86
735 7 626 566 38 82
735 8 685 552 42 85
735 9 771 571 37 86
735 10 772 560 31 86
735 11 780 588 47 87
735 17 80 360 29 49
735 18 0 376 31 51
735 20 784 332 22 41
735 21 288 361 27 52
735 22 1125 339 23 39
735 23 456 377 27 50
735 24 1121 359 31 50
735 25 1311 337 27 42
736 1 736 808 50 157
736 2 646 848 62 140
736 4 1322 1003 56 78
736 5 626 582 41 105
736 6 640 540 32 87
736 7 625 564 38 84
736 8 684 553 42 85
736 9 771 571 37 86
736 10 772 560 31 86
736 11 780 588 47 87
736 17 80 360 29 49
736 18 0 376 31 51
736 20 783 332 23 42
736 21 287 361 27 53
736 22 1123 339 25 38
736 23 453 377 30 50
736 24 1119 359 31 47
736 25 1312 337 24 42
737 1 736 808 50 157
737 2 646 846 62 141
737 4 1322 1003 56 77
737 5 625 581 41 105
737 6 641 539 33 87
737 7 624 564 38 84
737 8 684 553 40 84
737 9 771 571 37 86
737 10 772 560 31 87
737 11 780 588 47 87
737 17 80 360 29 49
737 18 0 377 31 51
737 21 282 361 29 53
737 22 1124 339 23 37
737 20 781 333 24 39
737 23 449 377 32 53
737 24 1117 359 31 47
737 25 1310 337 24 43
738 1 736 808 50 157
738 2 646 846 62 141
738 4 1321 1005 56 75
738 5 627 582 40 104
738 6 641 539 32 87
738 7 624 564 38 84
738 8 683 553 38 89
738 9 771 571 37 86
738 10 772 559 31 87
738 11 780 588 47 87
738 17 81 360 29 48
738 18 0 377 31 51
738 21 280 360 29 54
738 22 1125 337 21 39
738 20 781 333 24 39
738 23 446 377 32 52
738 24 1118 359 28 48
738 25 1308 337 24 42
739 1 736 808 50 157
739 2 646 846 62 141
739 4 1321 1005 56 75
739 5 624 580 41 107
739 6 641 539 32 87
739 7 623 564 38 84
739 8 682 554 38 89
739 9 771 571 37 85
739 10 772 559 31 86
739 11 780 588 47 87
739 17 82 360 28 48
739 18 0 376 31 51
739 21 277 361 34 51
739 22 1124 337 21 39
739 20 780 333 24 40
739 23 443 377 31 51
739 24 1116 359 24 49
739 25 1305 337 22 41
740 1 736 808 50 157
740 2 646 845 62 141
740 4 1320 1005 56 75
740 5 625 580 42 104
740 6 641 539 32 87
740 7 619 564 40 84
740 8 681 554 38 88
740 9 771 571 37 86
740 10 772 559 31 86
740 11 780 588 47 87
740 17 82 360 28 48
740 18 0 376 31 51
740 21 275 361 35 53
740 22 1123 337 19 40
740 20 780 333 24 40
740 23 440 377 32 52
740 24 1114 359 24 49
740 25 1303 336 23 42
741 1 736 807 50 157
741 2 646 845 62 141
741 4 1318 1005 58 75
741 5 625 580 42 104
741 6 640 539 32 87
741 7 618 564 40 84
741 8 679 555 39 88
741 9 771 571 37 86
741 10 772 559 31 86
741 11 780 588 47 87
741 17 82 360 28 48
741 18 0 375 31 51
741 21 273 361 35 52
741 22 1124 337 16 39
741 20 780 333 23 40
741 23 437 379 31 50
741 24 1110 358 24 49
741 25 1300 336 24 41
742 1 736 807 50 157
742 2 646 845 62 141
742 4 1318 1005 58 75
742 5 624 580 42 104
742 6 640 539 32 87
742 7 618 564 40 84
742 8 678 555 35 91
742 9 771 571 37 86
742 10 772 559 31 86
742 11 780 588 47 87
742 17 82 360 28 48
742 18 -1 375 31 51
742 21 270 362 34 53
742 22 1123 337 16 39
742 20 780 333 20 39
742 23 434 379 27 50
742 24 1108 357 24 50
742 25 1299 335 23 42
743 1 736 807 50 157
743 2 646 845 62 141
743 4 1317 1005 58 75
743 5 624 580 42 104
743 6 640 539 32 87
743 7 617 564 40 84
743 8 676 558 36 89
743 9 771 571 37 86
743 10 772 559 31 86
743 11 780 587 47 87
743 17 86 360 24 47
743 18 -1 375 31 51
743 21 269 362 33 53
743 22 1122 337 17 42
743 20 779 333 20 39
743 23 429 379 30 52
743 24 1105 357 25 50
743 25 1297 335 23 42
744 1 736 807 50 157
744 2 646 845 62 141
744 4 1317 1005 58 75
744 5 624 580 42 103
744 6 639 539 32 87
744 7 614 564 43 84
744 8 675 559 36 89
744 9 771 571 37 86
744 10 772 559 31 86
744 11 780 587 47 87
744 17 86 360 24 47
744 18 -1 374 32 52
744 21 267 362 33 53
744 22 1121 337 17 42
744 20 779 333 20 39
744 23 425 378 28 54
744 24 1102 356 25 51
744 25 1294 335 24 42
745 1 736 807 50 157
745 2 646 845 62 141
745 4 1317 1005 58 75
745 5 620 581 45 102
745 6 640 540 32 88
745 7 614 564 43 84
745 8 671 561 35 87
745 9 771 570 37 86
745 10 772 559 31 86
745 11 780 587 47 87
745 17 86 360 24 49
745 18 -1 375 31 51
745 21 265 363 29 50
745 22 1119 337 19 42
745 20 778 333 20 38
745 23 422 377 28 55
745 24 1102 355 24 49
745 25 1292 335 24 42
746 1 736 807 50 157
746 2 646 845 62 141
746 4 1317 1005 58 74
746 5 620 581 44 103
746 6 640 540 32 86
746 7 615 565 42 83
746 8 670 562 35 87
746 9 771 570 37 86
746 10 772 559 31 86
746 11 780 587 47 87
746 17 86 360 24 49
746 18 -1 375 31 51
746 21 262 366 31 47
746 22 1114 337 23 41
746 20 776 333 20 40
746 23 418 377 31 53
746 24 1098 356 27 52
746 25 1290 336 24 41
747 1 736 807 50 157
747 2 646 845 62 141
747 4 1316 1005 58 75
747 5 620 581 44 103
747 6 640 540 32 86
747 7 615 565 42 83
747 8 666 562 34 85
747 9 771 570 37 86
747 10 772 559 31 86
747 11 780 587 47 87
747 17 86 360 24 49
747 18 -1 376 31 51
747 21 260 365 32 48
747 22 1113 337 22 41
747 20 776 333 20 40
747 23 414 379 33 51
747 24 1095 356 27 51
747 25 1287 336 23 41
748 1 736 807 50 157
748 2 646 845 62 142
748 4 1315 1004 58 75
748 5 620 581 44 103
748 6 640 540 32 86
748 7 615 565 42 83
748 8 665 562 34 85
748 9 771 570 37 86
748 10 772 559 31 86
748 11 780 587 47 87
748 17 86 360 24 49
748 18 -1 376 31 51
748 21 257 366 29 48
748 22 1112 337 22 41
748 20 775 333 18 40
748 23 410 379 35 51
748 24 1093 356 27 51
748 25 1284 336 23 41
749 1 736 807 50 157
749 2 646 845 62 142
749 4 1315 1004 58 75
749 5 620 581 44 103
749 6 640 540 32 86
749 7 615 565 42 83
749 8 661 563 36 83
749 9 771 570 37 86
749 10 772 559 31 86
749 11 780 587 47 87
749 17 86 360 24 49
749 18 -1 376 31 51
749 21 255 365 30 49
749 22 1110 337 24 42
749 20 774 333 18 40
749 23 407 379 34 53
749 24 1091 357 27 51
749 25 1282 336 20 41
750 1 736 807 50 157
750 2 645 844 62 141
750 4 1315 1004 58 76
750 5 620 580 44 103
750 6 640 540 32 86
750 7 615 565 42 83
750 8 658 563 39 85
750 9 771 570 37 86
750 10 772 559 31 86
750 11 780 587 47 87
750 17 86 360 24 49
750 18 -1 376 31 51
750 21 253 366 29 48
750 22 1109 337 24 40
750 20 774 333 18 40
750 23 404 379 34 55
750 24 1087 356 24 53
750 25 1280 335 20 41
751 1 736 807 50 157
751 2 645 844 62 141
751 4 1313 1002 58 78
751 5 620 580 44 103
751 6 640 540 32 86
751 7 615 564 42 83
751 8 657 563 41 87
751 9 771 570 37 86
751 10 772 559 31 86
751 11 780 587 47 87
751 17 86 360 24 49
751 18 -1 376 31 51
751 21 250 366 32 48
751 22 1108 337 23 40
751 20 773 332 18 41
751 23 401 384 34 50
751 24 1087 357 22 50
751 25 1276 334 24 43
752 1 736 807 50 157
752 2 645 844 62 141
752 4 1313 1001 57 79
752 5 621 580 44 103
752 6 640 540 32 85
752 7 615 564 42 86
752 8 656 568 41 82
752 9 771 570 37 86
752 10 772 559 31 86
752 11 780 587 47 87
752 17 87 360 24 48
752 18 -1 375 31 51
752 21 248 366 32 48
752 22 1107 337 24 40
752 20 770 333 21 40
752 23 399 385 25 49
752 24 1085 356 22 50
752 25 1274 333 24 44
753 1 736 806 50 157
753 2 645 844 62 141
753 4 1313 1001 57 78
753 5 621 581 44 102
753 6 640 540 32 86
753 7 615 568 44 82
753 8 654 568 42 84
753 9 771 570 37 86
753 10 772 559 31 86
753 11 780 587 47 87
753 17 86 360 24 49
753 18 -1 376 31 51
753 21 245 367 33 49
753 22 1106 337 24 40
753 20 770 333 21 40
753 23 395 385 25 49
753 24 1082 356 21 49
753 25 1272 333 24 43
754 1 736 806 50 157
754 2 645 843 62 141
754 4 1312 1000 57 80
754 5 621 580 44 104
754 6 640 540 32 85
754 7 615 568 44 82
754 8 653 569 40 81
754 9 771 570 37 86
754 10 772 559 31 86
754 11 780 586 47 87
754 17 86 360 24 49
754 18 -1 375 31 51
754 21 244 367 33 49
754 22 1107 337 23 41
754 20 766 333 24 39
754 23 394 386 25 48
754 24 1079 355 25 50
754 25 1269 333 24 43
755 1 736 806 50 157
755 2 645 843 62 141
755 4 1311 1000 57 79
755 5 621 581 43 101
755 6 641 540 32 85
755 7 616 568 44 82
755 8 653 573 40 76
755 9 771 570 37 86
755 10 772 559 31 86
755 11 780 586 47 87
755 17 87 360 24 48
755 18 -1 375 31 51
755 21 240 368 32 48
755 22 1106 337 22 42
755 20 766 333 24 39
755 23 390 385 27 50
755 24 1077 355 24 47
755 25 1266 334 24 42
756 1 736 806 50 157
756 2 645 843 62 141
756 4 1311 999 57 80
756 5 622 579 44 103
756 6 642 539 31 84
756 7 616 568 43 82
756 8 652 574 33 77
756 9 771 570 37 86
756 10 772 559 31 86
756 11 780 586 47 87
756 17 87 360 24 48
756 18 -1 375 31 51
756 21 239 368 30 49
756 22 1106 337 21 43
756 20 765 333 24 39
756 23 386 385 34 50
756 24 1075 355 24 47
756 25 1264 334 24 42
757 1 737 806 50 157
757 2 645 843 62 141
757 4 1310 998 58 81
757 5 622 578 45 104
757 6 640 539 33 85
757 7 616 568 43 82
757 8 651 575 32 75
757 9 772 569 37 86
757 10 772 559 31 86
757 11 781 586 47 87
757 17 88 360 24 48
757 18 -1 374 31 52
757 21 237 368 28 50
757 22 1105 337 19 41
757 20 764 333 24 39
757 23 381 385 36 52
757 24 1070 355 28 49
757 25 1261 335 24 41
758 1 737 806 50 157
758 2 645 843 62 141
758 4 1309 997 58 84
758 5 622 578 45 104
758 6 640 539 33 84
758 7 617 567 43 82
758 8 650 575 34 75
758 9 772 569 37 86
758 10 772 559 31 86
758 11 781 586 47 87
758 17 87 360 24 48
758 18 -1 375 31 51
758 21 236 368 24 50
758 22 1104 337 19 41
758 20 763 333 24 39
758 23 378 385 36 50
758 24 1069 356 27 49
758 25 1259 335 24 41
759 1 737 806 50 157
759 2 645 843 62 141
759 4 1308 996 58 83
759 5 625 578 41 104
759 6 641 539 32 84
759 7 617 567 44 84
759 8 650 575 34 74
759 9 772 569 37 86
759 10 772 558 31 86
759 11 781 586 47 87
759 17 87 360 24 48
759 18 -1 376 31 51
759 21 232 367 28 52
759 22 1103 337 19 42
759 20 763 333 24 39
759 23 375 385 35 53
759 24 1067 357 27 48
759 25 1257 335 24 41
760 1 737 806 50 157
760 2 645 843 62 141
760 4 1307 995 58 86
760 5 625 578 41 104
760 6 640 539 33 85
760 7 617 567 44 84
760 8 650 576 33 73
760 9 772 569 37 86
760 10 772 558 31 86
760 11 781 586 47 87
760 17 88 360 24 48
760 18 -1 376 31 51
760 21 225 366 35 51
760 22 1102 337 20 42
760 20 763 333 24 39
760 23 372 386 34 50
760 24 1065 357 27 49
760 25 1254 335 23 42
761 1 737 806 50 157
761 2 645 843 62 141
761 4 1308 995 56 85
761 5 625 577 41 104
761 6 642 539 31 87
761 7 615 566 46 84
761 8 650 577 33 73
761 9 772 569 37 86
761 10 772 558 31 86
761 11 781 586 47 87
761 17 86 360 24 49
761 18 -1 376 31 51
761 21 224 366 35 51
761 22 1100 337 21 42
761 20 762 333 24 40
761 23 369 387 32 49
761 24 1064 358 25 47
761 25 1252 334 23 43
762 1 737 806 50 157
762 2 645 843 62 141
762 4 1307 994 56 85
762 5 626 577 41 104
762 6 642 539 31 87
762 7 613 566 49 84
762 8 646 576 33 75
762 9 772 569 37 86
762 10 772 558 31 86
762 11 781 586 47 87
762 17 86 359 24 49
762 18 -1 376 31 51
762 21 221 366 37 52
762 22 1099 337 21 42
762 20 762 333 24 40
762 23 365 388 29 49
762 24 1059 358 24 47
762 25 1250 334 23 42
763 1 737 806 50 157
763 2 645 843 62 141
763 4 1307 994 56 86
763 5 627 575 40 106
763 6 642 539 31 86
763 7 613 566 49 84
763 8 646 576 33 74
763 9 772 569 37 86
763 10 772 558 31 86
763 11 781 586 47 87
763 17 88 359 23 49
763 18 -1 375 31 51
763 21 219 366 38 53
763 22 1097 337 22 39
763 20 761 333 24 39
763 23 363 388 25 48
763 24 1056 357 24 48
763 25 1246 332 27 45
764 1 737 805 50 157
764 2 646 843 62 141
764 4 1306 993 56 86
764 5 627 575 40 106
764 6 643 539 31 86
764 7 612 566 49 83
764 8 646 576 33 74
764 9 772 569 37 86
764 10 772 558 31 86
764 11 781 586 47 87
764 17 88 358 23 50
764 18 -1 375 31 51
764 21 216 367 37 52
764 22 1096 337 22 39
764 20 761 332 20 39
764 23 359 387 28 49
764 24 1054 357 24 46
764 25 1243 332 27 46
765 1 737 805 50 157
765 2 646 843 62 141
765 4 1306 993 54 87
765 5 627 574 40 105
765 6 642 539 31 88
765 7 614 566 47 83
765 8 645 576 33 75
765 9 772 565 37 90
765 10 772 558 31 86
765 11 781 586 47 87
765 17 88 358 23 50
765 18 -2 373 32 52
765 21 215 367 35 52
765 22 1094 337 23 40
765 20 761 332 19 39
765 23 353 387 30 49
765 24 1051 357 28 47
765 25 1241 332 27 45
766 1 737 805 50 158
766 2 646 843 62 141
766 4 1306 990 54 90
766 5 627 574 40 105
766 6 640 540 31 88
766 7 614 566 48 85
766 8 643 576 35 77
766 9 772 567 37 88
766 10 772 558 31 86
766 11 781 586 47 87
766 17 88 358 24 51
766 18 -1 374 31 51
766 21 214 368 34 51
766 22 1093 337 24 41
766 20 760 332 20 42
766 23 349 387 34 49
766 24 1049 356 28 47
766 25 1239 332 28 44
767 1 737 805 50 158
767 2 646 843 62 141
767 4 1305 990 54 90
767 5 627 575 39 101
767 6 642 538 30 89
767 7 614 569 50 85
767 8 643 576 35 77
767 9 772 567 37 88
767 10 772 558 31 86
767 11 781 586 47 87
767 17 88 358 24 51
767 18 -1 374 31 52
767 21 212 367 33 53
767 22 1092 337 24 41
767 20 759 332 18 40
767 23 346 387 34 49
767 24 1047 356 28 47
767 25 1237 333 27 43
768 1 737 805 50 158
768 2 646 843 62 141
768 4 1302 989 57 91
768 5 627 574 39 102
768 6 642 538 30 86
768 7 614 569 50 85
768 8 643 575 35 78
768 9 772 567 34 86
768 10 772 558 31 86
768 11 781 586 47 87
768 17 88 358 24 51
768 18 -1 375 31 51
768 21 211 367 29 51
768 22 1091 337 24 41
768 20 758 332 18 40
768 23 342 387 36 51
768 24 1044 356 28 48
768 25 1235 333 24 42
769 1 737 805 50 158
769 2 646 843 62 141
769 4 1302 988 57 91
769 5 626 573 39 102
769 6 642 538 30 86
769 7 614 569 50 85
769 8 643 575 36 78
769 9 772 567 35 88
769 10 772 558 31 86
769 11 781 586 47 87
769 17 88 358 24 51
769 18 -1 375 31 51
769 21 206 368 30 52
769 22 1092 337 21 40
769 20 758 332 18 40
769 23 338 387 36 51
769 24 1041 357 32 47
769 25 1233 333 24 42
770 1 737 805 50 158
770 2 646 842 62 141
770 4 1301 988 58 93
770 5 626 573 39 103
770 6 642 538 30 85
770 7 613 568 50 85
770 8 641 574 37 78
770 9 772 567 35 88
770 10 772 558 31 86
770 11 781 586 47 87
770 17 90 358 23 51
770 18 -1 375 31 51
770 21 204 368 30 53
770 22 1091 337 21 40
770 20 757 332 19 41
770 23 335 388 37 52
770 24 1039 357 29 46
770 25 1231 333 24 41
771 1 737 805 50 158
771 2 646 842 65 141
771 4 1301 987 57 92
771 5 626 573 39 103
771 6 642 538 30 85
771 7 613 568 50 85
771 8 641 574 37 78
771 9 772 567 35 88
771 10 772 558 31 86
771 11 781 586 47 87
771 17 90 358 23 51
771 18 -1 375 31 51
771 21 201 368 32 52
771 22 1091 337 21 41
771 20 752 332 24 40
771 23 332 389 33 51
771 24 1037 358 28 45
771 25 1228 332 24 41
772 1 737 805 50 158
772 2 646 842 68 141
772 4 1298 987 60 94
772 5 626 572 39 103
772 6 642 538 30 84
772 7 613 568 50 85
772 8 640 573 37 78
772 9 772 567 35 88
772 10 772 558 31 86
772 11 781 585 47 87
772 17 92 358 21 51
772 18 -1 376 31 51
772 21 198 368 34 53
772 22 1090 337 19 42
772 20 752 332 24 41
772 23 329 391 29 51
772 24 1035 358 25 46
772 25 1225 332 24 43
773 1 738 805 50 158
773 2 646 842 70 141
773 4 1298 987 60 93
773 5 620 572 49 100
773 6 642 538 30 84
773 7 613 568 50 85
773 8 644 576 39 76
773 9 772 567 35 88
773 10 772 558 31 86
773 11 781 585 47 87
773 17 92 358 21 51
773 18 -1 376 31 51
773 21 196 368 35 53
773 22 1089 337 19 42
773 20 752 332 24 41
773 23 326 392 29 51
773 24 1033 358 25 46
773 25 1223 332 27 43
774 1 738 805 50 158
774 2 646 842 70 141
774 4 1298 986 59 95
774 5 618 572 52 98
774 6 642 538 30 84
774 7 612 568 50 85
774 8 644 575 39 77
774 9 772 567 35 88
774 10 772 558 31 86
774 11 781 585 47 87
774 17 92 358 21 51
774 18 -1 375 31 51
774 21 194 368 35 56
774 22 1089 337 17 41
774 20 751 332 24 41
774 23 323 392 27 48
774 24 1031 358 24 45
774 25 1221 331 28 44
775 1 738 804 50 158
775 2 646 842 73 141
775 4 1298 984 59 96
775 5 618 572 52 98
775 6 642 538 30 84
775 7 612 568 50 85
775 8 643 575 40 77
775 9 772 567 35 88
775 10 772 558 31 86
775 11 781 585 47 87
775 17 92 358 21 51
775 18 -1 375 31 51
775 21 192 368 34 56
775 22 1088 337 17 41
775 20 750 332 24 41
775 23 320 391 27 49
775 24 1029 357 24 45
775 25 1218 332 28 44
776 1 738 804 50 158
776 2 646 842 73 141
776 4 1298 984 59 96
776 5 617 571 51 100
776 6 642 538 30 83
776 7 612 568 50 85
776 8 643 572 40 80
776 9 772 567 35 88
776 10 772 558 31 86
776 11 781 585 47 87
776 17 92 358 21 51
776 18 -1 375 31 51
776 21 191 368 35 55
776 22 1087 337 18 43
776 20 749 332 25 42
776 23 315 392 32 49
776 24 1026 357 24 45
776 25 1216 332 28 44
777 1 738 804 50 158
777 2 646 842 73 141
777 4 1298 983 59 96
777 5 617 571 51 100
777 6 641 538 30 83
777 7 611 568 50 84
777 8 643 571 43 81
777 9 772 567 35 88
777 10 772 558 31 86
777 11 781 585 47 87
777 17 92 358 21 51
777 18 -1 375 31 51
777 21 186 372 34 51
777 22 1082 337 22 41
777 20 749 332 25 42
777 23 311 391 37 50
777 24 1025 356 27 48
777 25 1214 333 28 43
778 1 738 804 50 158
778 2 646 842 73 141
778 4 1298 983 59 97
778 5 616 571 51 100
778 6 641 538 30 83
778 7 610 568 49 83
778 8 652 570 34 83
778 9 772 567 35 88
778 10 772 558 31 86
778 11 781 585 47 87
778 17 92 358 21 51
778 18 -1 375 31 51
778 21 185 372 31 51
778 22 1082 337 22 42
778 20 748 332 22 42
778 23 307 390 38 51
778 24 1023 355 27 49
778 25 1212 334 27 42
779 1 738 804 50 158
779 2 646 842 73 141
779 4 1298 983 59 97
779 5 619 571 48 99
779 6 641 538 30 83
779 7 610 569 48 80
779 8 652 570 34 84
779 9 772 567 35 88
779 10 772 558 31 86
779 11 781 585 47 87
779 17 91 358 22 49
779 18 -1 375 31 51
779 21 184 372 28 51
779 22 1081 337 22 42
779 20 748 332 22 42
779 23 302 391 39 50
779 24 1021 356 25 47
779 25 1210 334 28 43
780 1 738 804 50 158
780 2 646 842 71 141
780 4 1298 982 59 97
780 5 618 571 51 99
780 6 641 538 30 84
780 7 609 569 46 82
780 8 652 569 44 81
780 9 772 567 35 88
780 10 772 558 31 86
780 11 781 585 47 87
780 17 91 358 22 49
780 18 -2 375 31 51
780 21 180 372 30 52
780 22 1078 337 24 42
780 20 747 332 22 42
780 23 298 392 38 51
780 24 1015 356 30 49
780 25 1207 334 24 42
781 1 738 804 50 158
781 2 646 842 70 141
781 4 1298 982 57 98
781 5 617 571 51 100
781 6 642 538 30 84
781 7 608 569 46 81
781 8 652 569 44 81
781 9 772 566 35 88
781 10 772 558 30 85
781 11 781 585 47 87
781 17 91 358 22 49
781 18 -2 375 31 51
781 21 175 371 34 53
781 22 1077 337 24 42
781 20 748 332 20 43
781 23 295 393 38 52
781 24 1013 357 30 47
781 25 1206 333 24 43
782 1 738 804 50 158
782 2 646 842 68 141
782 4 1298 982 57 98
782 5 616 571 51 97
782 6 642 538 30 84
782 7 607 569 46 80
782 8 653 569 44 80
782 9 772 566 35 88
782 10 772 558 30 85
782 11 781 585 47 87
782 17 91 358 22 49
782 18 -2 375 31 51
782 21 174 371 33 53
782 22 1076 337 24 43
782 20 748 332 20 43
782 23 292 394 35 52
782 24 1011 358 30 46
782 25 1204 332 24 44
783 1 738 803 50 158
783 2 646 842 66 141
783 4 1298 981 57 98
783 5 617 569 52 98
783 6 642 537 30 84
783 7 607 567 45 82
783 8 653 569 44 80
783 9 772 566 35 88
783 10 772 558 30 85
783 11 781 585 47 87
783 17 91 358 22 49
783 18 -2 376 31 51
783 21 172 370 33 54
783 22 1075 337 24 43
783 20 747 332 17 42
783 23 290 394 30 52
783 24 1013 358 24 48
783 25 1201 332 24 43
784 1 738 803 50 158
784 2 646 842 65 141
784 4 1298 981 57 98
784 5 617 569 52 99
784 6 642 537 30 86
784 7 607 567 45 82
784 8 653 569 44 81
784 9 772 566 35 88
784 10 773 556 31 86
784 11 781 585 47 87
784 17 91 358 22 49
784 18 -2 376 31 51
784 21 170 370 34 55
784 22 1074 337 24 41
784 20 745 332 18 42
784 23 287 394 29 49
784 24 1011 359 23 47
784 25 1200 331 24 45
785 1 738 803 50 158
785 2 646 842 62 141
785 4 1298 981 57 98
785 5 617 566 49 100
785 6 642 537 30 86
785 7 606 565 46 84
785 8 655 566 44 81
785 9 772 566 35 88
785 10 773 556 31 86
785 11 781 585 47 87
785 17 91 358 22 49
785 18 -2 375 31 51
785 21 167 371 36 53
785 22 1073 337 24 41
785 20 744 332 18 42
785 23 283 394 30 49
785 24 1009 358 24 48
785 25 1198 330 24 46
786 1 738 803 50 158
786 2 646 842 62 141
786 4 1298 980 57 99
786 5 617 566 49 100
786 6 642 536 32 87
786 7 606 565 46 84
786 8 660 563 35 81
786 9 772 566 35 88
786 10 773 556 31 86
786 11 781 585 47 87
786 17 91 358 22 49
786 18 -3 374 31 51
786 21 166 372 35 53
786 22 1073 337 24 41
786 20 744 332 20 42
786 23 279 393 31 52
786 24 1007 357 24 47
786 25 1196 331 24 45
787 1 738 803 50 158
787 2 646 842 62 141
787 4 1298 980 57 99
787 5 617 565 48 102
787 6 642 536 32 87
787 7 605 564 53 84
787 8 660 563 35 81
787 9 772 566 35 88
787 10 773 556 31 86
787 11 781 585 47 87
787 17 91 358 22 49
787 18 -2 375 27 52
787 21 164 372 36 54
787 22 1072 337 24 39
787 20 737 332 27 42
787 23 273 393 37 54
787 24 1000 356 30 51
787 25 1193 331 24 46
788 1 738 803 50 158
788 2 646 842 62 141
788 4 1300 980 55 99
788 5 617 565 47 99
788 6 643 536 32 86
788 7 605 564 53 84
788 8 663 562 35 81
788 9 772 566 35 88
788 10 773 556 31 86
788 11 781 585 47 87
788 17 91 358 22 49
788 18 0 374 24 53
788 21 161 374 33 51
788 22 1074 337 21 40
788 20 737 332 27 42
788 23 269 393 37 53
788 24 997 355 30 52
788 25 1191 332 24 45
789 1 738 803 50 158
789 2 646 842 62 141
789 4 1300 980 55 99
789 5 614 565 47 99
789 6 642 539 33 81
789 7 605 564 53 83
789 8 663 562 35 84
789 9 772 566 35 88
789 10 773 556 31 86
789 11 781 585 47 87
789 17 91 358 22 49
789 18 0 374 24 53
789 21 157 375 33 51
789 22 1074 337 21 40
789 20 736 332 27 42
789 23 265 393 39 52
789 24 996 354 31 49
789 25 1188 332 24 43
790 1 738 803 50 158
790 2 646 842 62 141
790 4 1301 980 55 99
790 5 614 565 48 98
790 6 642 539 33 80
790 7 604 564 53 83
790 8 663 559 35 87
790 9 772 566 35 88
790 10 773 556 31 87
790 11 781 585 47 87
790 17 91 358 22 49
790 18 0 374 24 53
790 21 153 374 33 51
790 22 1073 337 19 41
790 20 736 332 27 42
790 23 261 393 40 56
790 24 994 354 31 49
790 25 1186 333 23 42
791 1 738 803 50 158
791 2 646 842 62 141
791 4 1301 980 55 99
791 5 614 565 47 98
791 6 642 540 35 80
791 7 604 564 52 83
791 8 663 559 35 87
791 9 772 566 35 88
791 10 773 556 31 86
791 11 781 585 47 87
791 17 91 358 22 49
791 18 0 374 27 53
791 21 152 374 33 51
791 22 1072 337 16 39
791 20 734 332 27 43
791 23 258 394 38 56
791 24 991 354 31 49
791 25 1184 332 24 42
792 1 738 803 50 158
792 2 646 841 63 142
792 4 1301 979 55 99
792 5 614 565 46 98
792 6 642 540 36 80
792 7 604 563 51 83
792 8 664 557 35 90
792 9 772 566 35 88
792 10 773 556 31 86
792 11 781 585 47 87
792 17 91 358 22 49
792 18 0 374 27 53
792 21 149 373 32 52
792 22 1071 337 16 39
792 20 737 332 23 41
792 23 255 396 34 54
792 24 989 354 32 50
792 25 1182 332 22 44
793 1 739 803 50 158
793 2 646 841 63 142
793 4 1302 979 56 101
793 5 614 565 46 98
793 6 641 539 37 81
793 7 605 562 48 84
793 8 664 557 35 90
793 9 772 566 35 88
793 10 773 556 31 86
793 11 782 585 47 87
793 17 91 358 22 48
793 18 0 375 27 53
793 21 147 373 32 54
793 22 1069 337 17 40
793 20 737 332 23 41
793 23 252 398 33 52
793 24 986 355 28 51
793 25 1180 331 24 46
794 1 739 803 50 158
794 2 646 841 64 142
794 4 1302 979 56 101
794 5 614 565 43 99
794 6 641 539 37 81
794 7 607 562 45 83
794 8 669 555 30 91
794 9 772 566 35 88
794 10 773 556 31 86
794 11 781 584 47 87
794 17 91 358 22 48
794 18 0 375 27 52
794 21 144 373 33 55
794 22 1066 337 19 39
794 20 736 332 23 41
794 23 248 398 32 53
794 24 984 356 28 50
794 25 1178 330 24 47
795 1 739 803 50 158
795 2 646 841 66 142
795 4 1303 979 56 101
795 5 614 565 43 99
795 6 642 539 40 81
795 7 607 562 43 85
795 8 669 555 30 91
795 9 773 566 35 88
795 10 773 556 31 86
795 11 782 584 47 87
795 17 89 356 24 50
795 18 0 376 27 52
795 21 142 373 33 56
795 22 1065 337 19 39
795 20 736 332 23 41
795 23 244 398 32 52
795 24 983 356 27 49
795 25 1176 330 23 46
796 1 739 803 50 158
796 2 646 841 66 142
796 4 1303 979 56 101
796 5 615 565 42 99
796 6 642 539 40 81
796 7 607 562 41 83
796 8 669 554 30 92
796 9 773 566 35 88
796 10 774 556 31 86
796 11 782 584 47 87
796 17 89 356 24 50
796 18 0 375 27 53
796 21 140 373 35 54
796 22 1065 337 19 39
796 20 734 332 22 41
796 23 240 398 31 52
796 24 979 356 27 49
796 25 1173 330 22 43
797 1 739 803 50 158
797 2 646 841 68 142
797 4 1306 979 54 101
797 5 615 565 43 100
797 6 642 539 38 81
797 7 607 561 39 87
797 8 670 552 30 93
797 9 773 566 35 88
797 10 774 556 31 86
797 11 782 584 47 87
797 17 89 356 24 50
797 18 0 375 27 53
797 21 139 375 34 52
797 22 1061 337 21 39
797 20 734 332 22 41
797 23 236 399 38 50
797 24 978 356 25 50
797 25 1171 330 22 43
798 1 739 803 50 158
798 2 646 841 70 142
798 4 1306 979 54 101
798 5 618 565 37 100
798 6 647 539 33 81
798 7 607 561 35 86
798 8 670 552 29 86
798 9 773 566 35 88
798 10 774 556 31 86
798 11 782 584 47 87
798 17 89 356 24 50
798 18 0 374 27 53
798 21 137 375 33 54
798 22 1060 337 23 40
798 20 733 332 21 41
798 23 232 398 38 51
798 24 976 355 25 50
798 25 1169 331 22 42
799 1 739 803 50 158
799 2 646 841 75 142
799 4 1307 979 54 101
799 5 619 566 36 99
799 6 647 539 33 81
799 7 604 561 37 88
799 8 670 551 29 87
799 9 773 566 35 88
799 10 774 556 31 86
799 11 782 584 47 87
799 17 89 356 24 50
799 18 0 374 27 53
799 21 135 375 34 55
799 22 1059 337 24 42
799 20 734 332 20 41
799 23 229 399 41 51
799 24 975 354 27 52
799 25 1166 331 22 42
800 1 739 803 50 158
800 2 646 840 78 143
800 4 1308 980 54 101
800 5 619 564 37 100
800 6 648 539 33 81
800 7 605 560 28 87
800 8 670 551 29 87
800 9 773 566 35 88
800 10 774 556 31 86
800 11 782 584 47 87
800 17 89 356 24 50
800 18 0 374 27 53
800 21 130 376 32 53
800 22 1058 337 27 39
800 20 733 332 20 41
800 23 225 399 41 53
800 24 971 355 25 49
800 25 1165 332 21 41
801 1 739 803 50 158
801 2 646 840 80 143
801 4 1309 980 54 101
801 5 619 563 37 99
801 6 649 538 33 80
801 7 605 560 28 87
801 8 670 550 29 87
801 9 773 566 35 88
801 10 774 556 31 86
801 11 782 584 47 87
801 17 89 356 24 50
801 18 0 374 27 53
801 21 128 376 33 54
801 22 1061 337 20 40
801 20 733 332 19 41
801 23 222 400 41 53
801 24 969 355 30 48
801 25 1163 332 21 40
802 1 739 803 50 158
802 2 646 840 79 143
802 4 1310 980 52 100
802 5 619 563 37 99
802 6 649 538 33 81
802 7 605 559 28 88
802 8 671 550 29 87
802 9 773 566 35 88
802 10 774 556 31 86
802 11 782 584 47 87
802 17 88 356 24 49
802 18 0 374 27 53
802 21 129 376 25 51
802 22 1060 337 20 40
802 20 732 332 18 42
802 23 218 400 37 52
802 24 967 355 30 48
802 25 1160 331 23 44
803 1 739 803 50 158
803 2 646 840 77 143
803 4 1308 981 55 100
803 5 621 560 37 99
803 6 650 538 33 81
803 7 603 559 29 90
803 8 670 548 31 87
803 9 773 566 35 88
803 10 774 556 31 86
803 11 782 584 47 87
803 17 89 356 24 50
803 18 0 374 27 53
803 21 127 375 25 57
803 22 1059 337 19 39
803 20 730 332 19 43
803 23 215 401 36 52
803 24 964 355 30 49
803 25 1158 331 21 43
804 1 739 803 50 158
804 2 646 840 74 143
804 4 1309 981 55 99
804 5 622 561 36 98
804 6 651 539 33 80
804 7 601 561 29 88
804 8 670 548 31 87
804 9 773 566 35 88
804 10 774 556 31 86
804 11 782 584 47 87
804 17 87 356 24 49
804 18 0 375 27 53
804 21 121 374 31 56
804 22 1058 337 20 39
804 20 726 332 22 44
804 23 212 403 31 50
804 24 962 356 27 47
804 25 1156 330 21 44
804 26 1903 410 20 53
805 1 739 803 50 158
805 2 646 840 75 143
805 4 1310 982 55 99
805 5 622 560 39 99
805 6 652 539 33 80
805 7 601 561 29 88
805 8 670 548 31 87
805 9 773 566 35 88
805 10 774 556 31 86
805 11 782 584 47 87
805 17 87 356 24 49
805 18 0 375 27 53
805 21 118 376 33 55
805 22 1057 337 18 39
805 20 726 330 22 44
805 23 209 403 29 52
805 24 960 357 25 48
805 25 1154 330 22 45
805 26 1898 409 24 54
806 1 740 803 50 158
806 2 646 840 75 143
806 4 1310 983 55 97
806 5 622 560 39 99
806 6 652 536 33 82
806 7 601 561 29 88
806 8 670 548 31 87
806 9 773 566 35 88
806 10 774 556 31 86
806 11 782 584 47 87
806 17 87 356 24 49
806 18 0 376 27 52
806 21 115 375 34 57
806 22 1056 337 18 39
806 20 726 330 22 44
806 23 205 403 29 53
806 24 958 357 25 48
806 25 1152 329 22 45
806 26 1894 408 28 57
807 1 740 803 50 158
807 2 646 840 73 143
807 4 1311 983 55 97
807 5 623 560 39 99
807 6 652 536 33 82
807 7 598 561 31 90
807 8 670 547 31 87
807 9 773 566 35 88
807 10 774 556 31 86
807 11 782 584 47 87
807 17 87 356 24 49
807 18 0 376 27 53
807 21 114 377 33 55
807 22 1055 337 18 39
807 20 725 330 22 44
807 23 202 402 30 54
807 24 956 358 24 49
807 25 1151 330 20 42
807 26 1882 407 42 59
808 1 740 803 50 158
808 2 646 840 71 143
808 4 1312 984 55 97
808 5 623 559 39 99
808 6 653 536 35 81
808 7 598 561 31 90
808 8 670 547 31 87
808 9 773 566 35 88
808 10 774 556 31 86
808 11 782 584 47 87
808 17 87 356 24 49
808 18 0 375 27 53
808 21 112 377 35 56
808 22 1054 337 19 40
808 20 724 331 22 43
808 23 199 402 33 54
808 24 951 358 25 47
808 25 1149 330 20 42
808 26 1877 407 43 57
809 1 740 803 50 158
809 2 646 840 69 143
809 4 1313 983 55 98
809 5 623 559 39 100
809 6 653 536 35 81
809 7 597 561 34 90
809 8 670 547 30 84
809 9 773 566 35 88
809 10 774 556 31 86
809 11 782 584 47 87
809 17 87 356 24 49
809 18 0 375 27 53
809 21 109 377 35 57
809 22 1053 337 19 40
809 20 724 331 22 43
809 23 194 401 35 56
809 24 948 357 25 47
809 25 1145 331 24 44
809 26 1873 408 42 56
810 1 740 803 50 158
810 2 646 840 69 143
810 4 1314 983 55 97
810 5 623 559 38 98
810 6 653 536 35 81
810 7 597 561 34 90
810 8 670 546 31 88
810 9 773 566 35 88
810 10 774 556 31 86
810 11 782 584 47 87
810 17 87 356 24 49
810 18 -1 374 27 53
810 21 107 377 34 54
810 22 1048 337 24 40
810 20 723 331 22 43
810 23 187 402 39 55
810 24 946 357 25 46
810 25 1143 332 23 43
810 26 1867 407 44 59
811 1 740 803 50 158
811 2 646 840 65 143
811 4 1315 984 55 97
811 5 623 559 38 98
811 6 653 535 38 82
811 7 596 561 34 90
811 8 670 544 33 90
811 9 773 566 35 88
811 10 774 556 31 86
811 11 782 584 47 87
811 17 87 356 24 49
811 18 -1 374 27 53
811 21 105 377 31 56
811 22 1047 337 23 40
811 20 722 332 22 41
811 23 183 403 39 54
811 24 944 357 28 46
811 25 1140 332 23 40
811 26 1864 407 37 58
812 1 740 803 50 158
812 2 646 840 64 143
812 4 1316 986 55 95
812 5 623 559 40 98
812 6 652 535 38 82
812 7 596 561 34 89
812 8 670 544 33 90
812 9 773 566 35 88
812 10 774 556 31 86
812 11 782 584 47 87
812 17 87 356 24 49
812 18 -1 374 27 53
812 21 100 379 31 54
812 22 1046 337 23 40
812 20 722 332 23 40
812 23 180 404 39 54
812 24 942 357 30 47
812 25 1138 332 22 41
812 26 1865 407 31 57
813 1 740 803 50 158
813 2 646 840 64 143
813 4 1317 987 55 94
813 5 623 559 40 98
813 6 652 533 38 84
813 7 595 561 34 90
813 8 670 543 33 86
813 9 773 566 35 88
813 10 774 556 31 86
813 11 782 584 47 87
813 17 87 356 24 49
813 18 -1 374 27 53
813 21 99 379 29 52
813 22 1045 337 23 40
813 20 722 332 23 40
813 23 176 405 36 55
813 24 939 357 31 48
813 25 1136 332 22 41
813 26 1861 405 32 58
814 1 740 803 50 158
814 2 646 840 64 143
814 4 1318 987 55 94
814 5 623 559 40 98
814 6 652 533 38 84
814 7 595 561 34 90
814 8 670 543 33 80
814 9 773 566 35 88
814 10 774 556 31 86
814 11 782 584 47 87
814 17 87 356 24 49
814 18 -1 374 27 53
814 21 94 379 32 52
814 22 1044 337 23 40
814 20 721 332 20 42
814 23 173 406 30 54
814 24 937 357 30 47
814 25 1134 332 23 43
814 26 1856 405 29 54
815 1 740 803 50 158
815 2 646 840 64 143
815 4 1316 987 60 94
815 5 625 559 38 98
815 6 652 533 35 86
815 7 594 560 30 91
815 8 670 543 33 85
815 9 773 566 35 88
815 10 774 556 31 86
815 11 782 584 47 87
815 17 87 356 24 49
815 18 -1 374 27 53
815 21 92 379 33 54
815 22 1043 337 24 40
815 20 721 332 20 42
815 23 170 407 30 54
815 24 935 358 30 48
815 25 1131 331 24 44
815 26 1850 404 34 58
816 1 740 803 50 158
816 2 646 840 64 143
816 4 1317 990 60 90
816 5 625 559 38 98
816 6 652 533 35 86
816 7 595 560 28 92
816 8 670 543 39 86
816 9 773 566 35 88
816 10 774 556 31 86
816 11 782 584 47 87
816 17 87 356 24 49
816 18 -1 375 27 53
816 21 90 379 33 55
816 22 1042 337 24 40
816 20 720 332 18 41
816 23 166 408 30 52
816 24 933 359 27 46
816 25 1129 330 24 45
816 26 1844 403 35 59
817 1 741 803 50 158
817 2 646 840 65 143
817 4 1318 990 60 90
817 5 625 559 38 98
817 6 652 533 35 86
817 7 595 560 28 92
817 8 670 543 49 86
817 9 774 566 35 88
817 10 774 556 31 86
817 11 783 584 47 87
817 17 87 356 24 49
817 18 0 377 25 51
817 21 88 379 34 56
817 22 1044 337 19 41
817 20 720 332 18 42
817 23 163 407 30 53
817 24 931 360 27 45
817 25 1127 330 23 41
817 26 1840 402 35 55
818 1 741 803 50 158
818 2 646 840 66 143
818 4 1318 991 60 90
818 5 625 559 38 98
818 6 652 533 35 86
818 7 593 560 28 92
818 8 668 543 52 87
818 9 774 566 35 88
818 10 774 556 31 86
818 11 782 584 47 87
818 17 87 356 24 49
818 18 -1 375 29 56
818 21 85 379 36 58
818 22 1043 337 19 41
818 20 718 332 19 43
818 23 158 408 36 52
818 24 929 358 27 46
818 25 1125 330 23 41
818 26 1835 402 38 56
819 1 741 803 50 158
819 2 646 840 68 143
819 4 1319 990 60 90
819 5 625 559 38 98
819 6 652 533 35 86
819 7 593 560 28 92
819 8 668 543 57 85
819 9 774 566 35 88
819 10 774 556 30 86
819 11 783 584 47 87
819 17 87 356 24 49
819 18 -1 376 27 54
819 21 82 381 36 57
819 22 1042 337 19 41
819 20 717 332 19 43
819 23 154 407 36 52
819 24 926 358 25 47
819 25 1123 331 23 40
819 26 1831 403 36 54
820 1 741 803 50 158
820 2 646 840 70 143
820 4 1319 990 60 90
820 5 625 559 38 98
820 6 652 533 35 85
820 7 592 560 32 91
820 8 668 544 57 84
820 9 774 566 35 88
820 10 774 556 31 86
820 11 783 584 47 87
820 17 87 356 24 49
820 18 -1 375 27 54
820 21 80 381 35 57
820 22 1041 337 17 42
820 20 716 332 19 44
820 23 151 408 36 52
820 24 924 358 24 46
820 25 1121 331 22 40
820 26 1827 403 32 56
821 1 741 803 50 158
821 2 646 840 72 143
821 4 1320 991 60 90
821 5 625 558 35 99
821 6 652 533 35 86
821 7 591 560 32 91
821 8 668 544 56 85
821 9 774 566 35 88
821 10 774 556 30 86
821 11 783 584 47 87
821 17 87 356 24 49
821 18 0 374 25 54
821 21 79 383 31 54
821 22 1041 337 16 43
821 20 713 332 24 43
821 23 146 409 41 52
821 24 921 357 25 46
821 25 1117 332 23 39
821 26 1824 403 31 55
822 1 741 803 50 158
822 2 646 840 72 143
822 4 1320 991 60 90
822 5 625 558 35 99
822 6 652 533 35 85
822 7 591 560 32 91
822 8 668 544 56 85
822 9 774 566 35 88
822 10 774 556 30 85
822 11 783 584 47 87
822 17 87 356 24 49
822 18 -1 374 25 55
822 21 77 383 32 56
822 22 1041 337 16 41
822 20 713 332 24 43
822 23 142 410 41 52
822 24 918 357 29 48
822 25 1116 332 23 41
822 26 1818 402 32 54
823 1 741 803 50 158
823 2 646 840 72 143
823 4 1320 991 60 90
823 5 625 557 35 99
823 6 653 533 33 87
823 7 590 560 32 92
823 8 668 544 56 86
823 9 774 566 35 88
823 10 774 556 30 85
823 11 783 584 47 87
823 17 87 356 24 49
823 18 -1 373 25 55
823 21 73 385 32 53
823 22 1038 337 18 41
823 20 711 332 25 44
823 23 139 411 40 54
823 24 916 357 29 48
823 25 1114 332 22 40
823 26 1815 401 27 54
824 1 741 803 50 158
824 2 646 840 72 143
824 4 1321 991 60 90
824 5 625 557 35 99
824 6 653 533 33 87
824 7 590 559 32 92
824 8 668 544 51 87
824 9 774 566 35 88
824 10 775 556 30 85
824 11 783 585 47 87
824 17 87 356 24 49
824 18 -1 373 25 55
824 21 70 384 31 55
824 22 1037 337 18 41
824 20 711 333 24 43
824 23 136 413 34 51
824 24 914 357 29 47
824 25 1112 332 23 41
824 26 1811 400 27 54
825 1 741 803 50 158
825 2 646 840 72 143
825 4 1321 992 59 89
825 5 625 557 35 99
825 6 653 533 33 87
825 7 589 562 32 89
825 8 668 544 50 88
825 9 774 566 35 88
825 10 774 556 30 85
825 11 783 585 47 87
825 17 87 356 24 48
825 18 -1 374 25 55
825 21 68 383 31 57
825 22 1037 337 18 41
825 20 711 333 24 41
825 23 133 414 33 50
825 24 912 357 30 48
825 25 1110 332 23 41
825 26 1807 399 31 54
826 1 741 803 50 158
826 2 646 840 72 143
826 4 1321 992 60 90
826 5 625 557 35 99
826 6 653 533 33 87
826 7 589 562 32 89
826 8 668 544 48 83
826 9 774 566 35 88
826 10 774 556 30 86
826 11 783 584 47 87
826 17 87 356 24 49
826 18 -1 374 25 55
826 21 64 382 33 59
826 22 1034 337 20 40
826 20 710 333 24 41
826 23 128 414 32 55
826 24 910 358 30 47
826 25 1107 331 23 40
826 26 1798 398 35 54
827 1 741 803 50 158
827 2 646 840 72 143
827 4 1319 991 60 90
827 5 625 556 35 100
827 6 653 533 33 87
827 7 588 562 32 89
827 8 668 544 45 84
827 9 774 566 35 88
827 10 774 556 30 85
827 11 783 585 47 87
827 17 87 356 24 50
827 18 -1 375 25 55
827 21 62 381 33 60
827 22 1033 337 20 40
827 20 710 333 25 42
827 23 122 412 32 56
827 24 907 358 30 49
827 25 1105 330 24 42
827 26 1793 398 38 53
828 1 741 803 50 158
828 2 646 840 72 144
828 4 1319 991 60 89
828 5 628 553 34 102
828 6 653 533 33 87
828 7 588 561 34 89
828 8 668 544 41 84
828 9 774 566 35 88
828 10 774 556 30 85
828 11 783 584 47 87
828 17 87 356 24 50
828 18 -1 375 25 54
828 21 59 381 37 58
828 22 1029 337 23 41
828 20 710 333 22 42
828 23 118 412 33 54
828 24 908 359 27 50
828 25 1102 330 23 41
828 26 1788 398 38 53
829 1 741 803 50 158
829 2 646 840 72 144
829 4 1319 991 60 88
829 5 628 553 34 102
829 6 653 533 33 87
829 7 588 561 34 89
829 8 668 544 40 85
829 9 774 566 35 88
829 10 774 556 30 85
829 11 783 584 47 87
829 17 87 356 24 50
829 18 -1 376 25 54
829 21 56 384 37 56
829 22 1028 337 23 41
829 20 709 333 22 42
829 23 114 411 36 56
829 24 906 359 27 44
829 25 1100 329 24 44
829 26 1783 398 39 55
830 1 741 803 50 158
830 2 646 839 72 144
830 4 1319 995 59 85
830 5 629 553 34 101
830 6 653 533 33 87
830 7 588 561 34 89
830 8 672 544 36 85
830 9 774 566 35 88
830 10 775 556 31 86
830 11 783 584 47 87
830 17 87 356 24 50
830 18 0 376 25 54
830 21 54 384 39 58
830 22 1027 337 23 41
830 20 709 333 22 43
830 23 109 411 40 57
830 24 904 359 23 46
830 25 1098 331 24 43
830 26 1780 398 35 54
831 1 741 803 50 158
831 2 646 839 73 144
831 4 1319 995 59 85
831 5 629 553 34 101
831 6 653 533 33 87
831 7 588 560 36 87
831 8 672 544 30 87
831 9 774 566 35 88
831 10 775 556 31 86
831 11 783 584 47 87
831 17 87 356 24 50
831 18 -1 375 25 54
831 21 52 385 38 56
831 22 1026 337 24 40
831 20 709 333 19 43
831 23 106 411 40 57
831 24 900 359 24 46
831 25 1096 331 24 43
831 26 1778 398 25 51
832 1 741 803 50 158
832 2 646 839 73 144
832 4 1319 995 59 84
832 5 629 553 36 101
832 6 653 534 33 86
832 7 588 560 36 87
832 8 672 544 29 84
832 9 774 566 35 88
832 10 775 556 30 86
832 11 783 584 47 87
832 17 87 356 24 50
832 18 -1 375 25 55
832 21 49 386 40 56
832 22 1025 337 24 40
832 20 708 333 19 43
832 23 101 412 41 59
832 24 895 358 28 47
832 25 1093 332 23 41
832 26 1772 397 25 51
833 1 741 803 50 158
833 2 649 839 69 144
833 3 1083 1023 67 56
833 4 1319 996 58 84
833 5 629 553 39 101
833 6 654 534 33 86
833 7 588 560 36 87
833 8 672 544 29 83
833 9 774 566 35 88
833 10 775 556 31 86
833 11 783 585 47 87
833 17 87 356 24 50
833 18 -1 374 25 55
833 21 48 386 34 55
833 22 1024 338 24 39
833 20 707 333 19 43
833 23 97 413 40 57
833 24 892 357 28 47
833 25 1091 332 23 41
833 26 1769 396 27 52
834 1 742 803 50 158
834 2 649 839 75 144
834 3 1085 1021 68 58
834 4 1324 996 53 84
834 5 629 553 42 98
834 6 654 534 33 86
834 7 588 560 36 87
834 8 671 545 29 83
834 9 774 566 35 88
834 10 775 556 30 86
834 11 783 584 47 87
834 17 88 356 24 50
834 18 -1 374 27 55
834 21 47 386 34 56
834 22 1028 337 20 42
834 20 707 333 19 43
834 23 94 414 39 60
834 24 891 357 28 48
834 25 1089 332 24 43
834 26 1765 394 28 56
835 1 742 803 50 158
835 2 649 839 75 144
835 3 1087 1018 70 63
835 4 1324 996 53 84
835 5 629 553 42 98
835 6 654 534 35 86
835 7 588 560 36 87
835 8 671 545 28 82
835 9 774 566 35 88
835 10 775 556 31 86
835 11 783 584 47 87
835 17 88 356 24 50
835 18 -1 374 27 55
835 21 44 386 30 54
835 22 1027 337 20 42
835 20 704 332 19 43
835 23 91 415 35 57
835 24 889 356 28 47
835 25 1087 331 24 43
835 26 1759 393 30 54
836 1 742 803 50 158
836 2 649 839 78 144
836 3 1089 1018 69 61
836 4 1324 996 57 84
836 5 629 553 48 96
836 6 654 534 32 83
836 7 588 560 37 84
836 8 671 545 28 83
836 9 774 566 35 88
836 10 775 556 31 86
836 11 783 584 47 87
836 17 88 356 24 50
836 18 -1 374 27 55
836 21 39 386 34 55
836 22 1027 337 15 40
836 20 703 332 19 43
836 23 85 416 35 57
836 24 887 356 28 47
836 25 1085 331 24 45
836 26 1750 392 38 56
837 1 742 803 50 158
837 2 649 839 80 144
837 3 1090 1016 71 63
837 4 1324 996 57 84
837 5 630 553 51 97
837 6 654 534 32 83
837 7 588 560 37 84
837 8 671 545 28 83
837 9 774 566 35 88
837 10 775 556 31 86
837 11 783 584 47 87
837 17 88 356 24 50
837 18 -1 374 27 55
837 21 38 385 32 57
837 22 1027 337 15 40
837 20 702 332 21 42
837 23 81 417 35 57
837 24 882 357 30 49
837 25 1083 331 23 42
837 26 1745 392 40 53
838 1 742 803 50 158
838 2 648 840 81 140
838 3 1092 1014 72 66
838 4 1324 995 57 84
838 5 630 553 51 97
838 6 654 536 32 81
838 7 588 560 37 84
838 8 670 545 28 82
838 9 774 566 35 88
838 10 775 556 31 86
838 11 783 584 47 87
838 17 89 356 24 50
838 18 -1 374 25 55
838 21 35 385 33 59
838 22 1022 337 20 42
838 20 702 332 21 42
838 23 77 417 35 57
838 24 880 358 30 49
838 25 1081 331 23 42
838 26 1741 392 39 52
839 1 742 803 50 158
839 2 648 840 81 140
839 3 1094 1013 72 68
839 4 1324 995 57 84
839 5 634 553 51 96
839 6 653 536 33 81
839 7 589 560 37 84
839 8 669 546 28 83
839 9 774 566 35 88
839 10 775 556 31 86
839 11 783 585 47 87
839 17 89 356 24 50
839 18 -1 375 25 54
839 21 33 384 34 61
839 22 1019 337 21 40
839 20 698 332 24 42
839 23 73 417 41 55
839 24 878 358 30 49
839 25 1076 331 25 41
839 26 1737 393 37 50
840 1 742 803 50 158
840 2 648 840 83 140
840 3 1095 1012 72 68
840 4 1324 994 57 86
840 5 634 553 52 96
840 6 653 536 33 84
840 7 589 560 35 84
840 8 667 546 34 83
840 9 774 566 35 88
840 10 775 556 31 86
840 11 783 585 47 87
840 17 89 356 24 50
840 18 0 376 25 54
840 21 31 385 34 58
840 22 1019 337 18 40
840 20 698 332 24 43
840 23 69 417 41 55
840 24 875 358 30 49
840 25 1074 332 25 40
840 26 1732 393 39 54
841 1 742 803 50 158
841 2 648 840 83 140
841 3 1097 1011 72 69
841 4 1324 993 57 86
841 5 634 553 52 95
841 6 653 536 33 83
841 7 587 560 38 84
841 8 667 546 34 83
841 9 769 566 40 87
841 10 775 556 31 86
841 11 783 585 47 87
841 17 89 356 24 50
841 18 0 376 25 54
841 21 27 385 37 59
841 22 1018 337 18 40
841 20 697 334 24 41
841 23 65 418 44 56
841 24 878 358 23 48
841 25 1072 332 25 40
841 26 1731 392 28 55
842 1 742 803 50 158
842 2 648 840 83 140
842 3 1098 1010 72 71
842 4 1324 993 57 86
842 5 635 554 51 95
842 6 653 537 32 83
842 7 587 560 37 84
842 8 669 549 33 84
842 9 769 566 37 89
842 10 775 553 31 89
842 11 783 585 47 87
842 17 89 356 24 50
842 18 0 376 25 54
842 21 24 385 37 61
842 22 1017 337 18 41
842 20 697 334 24 41
842 23 61 419 45 57
842 24 873 357 22 48
842 25 1070 333 24 39
842 26 1728 391 28 55
843 1 742 803 50 158
843 2 648 839 83 141
843 3 1099 1004 73 75
843 4 1323 992 57 89
843 5 635 554 51 94
843 6 653 537 32 82
843 7 588 560 37 85
843 8 669 549 33 84
843 9 769 566 37 89
843 10 775 556 31 86
843 11 783 585 47 87
843 17 89 356 24 50
843 18 -1 375 25 54
843 21 24 389 34 54
843 22 1014 337 23 40
843 20 696 334 24 41
843 23 57 420 46 59
843 24 871 357 22 48
843 25 1069 332 24 41
843 26 1726 390 27 56
844 1 742 803 50 158
844 2 648 839 83 141
844 3 1100 1003 72 78
844 4 1323 991 57 88
844 5 637 555 49 90
844 6 652 537 35 80
844 7 588 560 38 85
844 8 669 550 33 83
844 9 769 566 37 89
844 10 774 556 31 86
844 11 783 585 47 87
844 17 89 356 24 50
844 18 -1 374 25 55
844 21 22 391 32 53
844 22 1013 337 23 40
844 20 696 334 23 40
844 23 53 422 44 55
844 24 866 356 28 51
844 25 1067 331 24 42
844 26 1717 389 31 52
845 1 742 803 50 158
845 2 647 839 84 141
845 3 1101 1003 72 79
845 4 1322 991 57 88
845 5 635 555 50 92
845 6 652 537 35 79
845 7 589 560 36 83
845 8 671 550 34 80
845 9 769 566 37 89
845 10 774 556 31 86
845 11 783 585 47 87
845 17 89 356 24 50
845 18 -1 374 25 55
845 21 19 391 32 54
845 22 1012 337 23 40
845 20 696 334 23 40
845 23 50 423 41 56
845 24 864 356 28 52
845 25 1065 332 22 43
845 26 1712 388 34 55
846 1 742 803 50 158
846 2 647 839 84 141
846 3 1102 1003 71 76
846 4 1322 990 57 90
846 5 639 554 52 96
846 6 653 538 34 79
846 7 589 559 36 84
846 8 671 550 34 80
846 9 769 566 37 89
846 10 774 556 31 86
846 11 783 585 47 87
846 17 89 356 24 50
846 18 -1 374 25 55
846 21 16 391 29 55
846 22 1011 337 23 40
846 20 697 334 22 42
846 23 47 424 39 55
846 24 861 356 34 50
846 25 1064 331 22 44
846 26 1704 388 40 56
847 1 742 803 50 158
847 2 647 839 82 141
847 3 1104 1002 71 79
847 4 1322 987 57 92
847 5 640 553 48 97
847 6 650 537 34 78
847 7 590 559 35 85
847 8 671 551 34 81
847 9 769 567 37 88
847 10 773 556 31 87
847 11 783 585 47 87
847 17 89 356 24 50
847 18 -1 374 24 53
847 21 11 391 32 53
847 22 1010 337 23 40
847 20 697 334 17 41
847 23 44 424 35 55
847 24 859 356 30 52
847 25 1060 330 24 45
847 26 1699 388 39 54
848 1 742 803 50 158
848 2 647 837 77 143
848 3 1105 1000 70 79
848 4 1322 986 56 94
848 5 638 553 51 96
848 6 651 538 33 77
848 7 590 559 32 86
848 8 671 551 34 81
848 9 769 567 37 88
848 10 773 556 31 87
848 11 783 585 47 87
848 17 89 356 24 50
848 18 -1 375 24 52
848 21 10 391 32 55
848 22 1010 338 21 40
848 20 697 334 17 42
848 23 40 423 36 57
848 24 857 356 30 52
848 25 1058 330 24 46
848 26 1695 388 39 54
849 1 742 803 50 157
849 2 647 837 74 143
849 3 1106 1000 70 79
849 4 1322 985 56 94
849 5 639 553 51 95
849 6 651 538 33 77
849 7 591 558 34 84
849 8 672 552 38 80
849 9 769 567 37 88
849 10 775 554 31 87
849 11 783 585 47 87
849 17 89 356 24 50
849 18 -1 375 27 55
849 21 9 391 32 55
849 22 1009 338 23 41
849 20 693 334 21 42
849 23 36 424 35 55
849 24 854 357 29 51
849 25 1056 330 24 45
849 26 1690 388 40 54
850 1 742 803 50 158
850 2 647 837 67 143
850 3 1108 998 69 82
850 4 1322 984 56 96
850 5 640 553 49 94
850 6 652 539 32 76
850 7 592 558 32 86
850 8 673 552 44 80
850 9 768 567 37 88
850 10 774 555 31 88
850 11 783 585 47 87
850 17 89 356 24 50
850 18 -1 375 25 55
850 21 6 391 32 55
850 22 1011 338 18 40
850 20 693 334 17 41
850 23 32 423 40 60
850 24 852 358 31 53
850 25 1054 330 24 45
850 26 1688 389 32 53
851 1 742 803 50 158
851 2 647 837 59 143
851 3 1109 998 69 82
851 4 1322 983 56 96
851 5 641 553 49 94
851 6 653 539 32 76
851 7 592 558 32 86
851 8 672 552 49 80
851 9 768 567 37 88
851 10 774 555 31 88
851 11 783 585 47 87
851 17 89 356 24 50
851 18 0 376 25 54
851 21 3 390 35 57
851 22 1010 338 18 40
851 20 693 334 17 41
851 23 28 423 40 60
851 24 852 358 28 49
851 25 1052 331 24 45
851 26 1685 389 32 53
852 1 742 803 50 158
852 2 647 837 58 143
852 3 1108 997 73 83
852 4 1322 982 56 98
852 5 641 553 49 92
852 6 649 535 37 84
852 7 593 557 32 86
852 8 673 552 53 80
852 9 769 567 37 88
852 10 773 555 32 89
852 11 783 585 47 87
852 17 89 356 24 50
852 18 0 376 25 54
852 21 1 393 37 55
852 22 1010 338 15 40
852 20 689 334 20 43
852 23 23 423 40 60
852 24 850 358 21 50
852 25 1049 332 24 41
852 26 1686 387 24 54
853 1 742 803 50 157
853 2 647 837 58 143
853 3 1109 997 73 83
853 4 1322 981 56 98
853 5 642 553 49 92
853 6 648 536 37 84
853 7 593 557 32 86
853 8 674 552 56 80
853 9 768 567 37 89
853 10 773 555 32 89
853 11 783 585 47 87
853 17 89 356 24 50
853 18 0 376 25 54
853 21 -1 393 37 55
853 22 1008 338 17 39
853 20 688 334 20 43
853 23 19 424 40 61
853 24 845 358 24 50
853 25 1047 332 24 41
853 26 1683 385 25 55
854 1 742 803 50 157
854 2 647 837 58 143
854 3 1109 997 75 84
854 4 1322 980 55 99
854 5 643 553 49 91
854 6 648 536 37 84
854 7 594 557 32 85
854 8 674 554 56 78
854 9 768 567 37 89
854 10 773 555 31 88
854 11 783 585 47 87
854 17 89 356 24 50
854 18 0 376 25 54
854 21 -4 396 37 52
854 22 1006 338 18 39
854 20 687 334 23 42
854 23 15 425 41 61
854 24 843 357 24 50
854 25 1045 332 24 41
854 26 1675 384 29 55
855 1 742 803 50 158
855 2 647 837 59 143
855 3 1110 997 75 83
855 4 1322 979 55 100
855 5 643 553 48 91
855 6 649 536 37 84
855 7 595 556 32 85
855 8 674 554 56 78
855 9 769 567 36 88
855 10 772 553 31 88
855 11 783 585 47 87
855 17 89 356 24 49
855 18 0 375 25 54
855 21 -2 396 31 54
855 22 1005 337 16 40
855 20 687 334 23 42
855 23 12 427 39 58
855 24 840 357 24 50
855 25 1043 332 22 42
855 26 1670 383 31 56
856 1 742 803 50 157
856 2 647 837 61 143
856 3 1111 997 76 84
856 4 1322 978 55 101
856 5 647 553 46 90
856 6 649 536 37 84
856 7 596 556 30 88
856 8 675 554 49 77
856 9 769 567 36 88
856 10 772 554 32 90
856 11 783 585 47 87
856 17 89 357 24 49
856 18 -1 375 25 54
856 21 -3 395 30 54
856 22 1004 337 16 40
856 20 685 334 24 42
856 23 9 429 33 57
856 24 837 357 30 50
856 25 1041 331 22 43
856 26 1661 383 38 55
857 1 742 803 50 157
857 2 647 836 62 144
857 3 1112 994 77 86
857 4 1322 973 55 106
857 5 647 553 46 90
857 6 646 534 36 86
857 7 596 556 30 88
857 8 675 554 45 77
857 9 769 567 34 89
857 10 772 553 32 90
857 11 783 585 47 87
857 17 87 357 23 49
857 18 -1 374 25 53
857 22 1001 337 19 40
857 20 685 334 24 42
857 23 5 430 33 57
857 24 834 357 31 51
857 25 1038 331 23 43
857 26 1657 383 37 54
858 1 742 803 50 157
858 2 647 836 62 144
858 3 1113 997 77 83
858 4 1323 972 55 108
858 5 651 553 43 90
858 6 646 534 36 86
858 7 597 556 30 88
858 8 675 554 39 78
858 9 766 567 37 89
858 10 770 553 32 91
858 11 783 585 47 87
858 17 87 357 23 49
858 18 -1 374 25 54
858 22 1000 337 19 40
858 20 684 334 24 42
858 23 -1 430 34 58
858 24 832 357 30 50
858 25 1036 330 24 42
858 26 1652 383 37 56
859 1 742 803 50 157
859 2 647 836 62 144
859 3 1115 995 74 84
859 4 1325 971 54 109
859 5 651 553 38 91
859 6 646 534 36 86
859 7 597 555 30 88
859 8 675 554 38 79
859 9 765 567 36 87
859 10 771 552 32 91
859 11 783 585 47 87
859 17 87 357 23 49
859 18 -1 374 25 54
859 22 999 337 21 42
859 20 683 334 24 42
859 23 -3 431 35 57
859 24 830 357 32 49
859 25 1034 329 24 43
859 26 1648 384 33 53
860 1 742 803 50 157
860 2 647 836 62 144
860 3 1116 995 75 85
860 4 1325 970 54 109
860 5 652 552 37 91
860 6 646 534 36 87
860 7 597 555 30 88
860 8 675 554 37 80
860 9 764 568 34 86
860 10 773 551 31 90
860 11 783 585 47 87
860 17 87 357 23 48
860 18 -1 374 25 55
860 22 998 337 21 42
860 20 683 334 23 41
860 23 -3 429 34 60
860 24 828 358 32 48
860 25 1032 329 24 44
860 26 1645 384 32 52
861 1 742 803 50 157
861 2 647 836 62 144
861 3 1118 1000 77 81
861 4 1326 968 55 111
861 5 654 552 35 91
861 6 645 536 36 85
861 7 597 555 30 88
861 8 676 558 37 76
861 9 764 567 34 88
861 10 773 553 31 91
861 11 783 585 47 87
861 17 87 357 23 48
861 18 -1 375 25 55
861 22 995 337 24 41
861 20 683 334 23 41
861 23 -3 429 31 60
861 24 825 358 32 49
861 25 1030 329 23 43
861 26 1644 384 24 53
862 1 742 803 50 157
862 2 647 835 62 144
862 3 1119 1000 77 81
862 4 1326 967 56 114
862 5 653 552 37 91
862 6 645 536 36 85
862 7 597 555 30 88
862 8 679 558 37 77
862 9 762 567 34 90
862 10 771 555 31 87
862 11 783 585 47 87
862 17 87 357 23 48
862 18 0 376 25 54
862 22 994 337 24 41
862 20 682 334 22 41
862 24 824 359 31 48
862 25 1028 329 23 44
862 26 1640 383 24 52
863 1 742 803 50 157
863 2 647 836 62 144
863 3 1124 999 77 84
863 4 1327 966 56 113
863 5 653 552 37 91
863 6 645 536 36 85
863 7 597 555 30 88
863 8 680 558 39 77
863 9 761 567 33 90
863 10 772 552 33 92
863 11 783 585 47 87
863 17 89 358 23 48
863 18 0 376 25 54
863 22 995 337 22 42
863 20 681 334 22 41
863 24 823 359 25 50
863 25 1025 329 24 45
863 26 1636 383 25 53
864 1 742 803 50 157
864 2 645 836 62 144
864 3 1126 1002 78 78
864 4 1327 964 56 115
864 5 653 552 37 91
864 6 645 536 34 85
864 7 597 555 30 89
864 8 681 559 41 77
864 9 760 567 31 93
864 10 772 552 32 89
864 11 783 585 47 87
864 17 87 358 23 48
864 18 0 376 25 54
864 22 994 337 24 41
864 20 681 334 21 42
864 24 821 359 25 50
864 25 1024 329 24 46
864 26 1629 382 28 54
865 1 742 803 50 157
865 2 645 836 62 144
865 3 1128 1004 77 77
865 4 1328 963 57 117
865 5 653 552 37 91
865 6 645 536 34 85
865 7 597 554 30 88
865 8 682 560 47 76
865 9 757 567 30 94
865 10 773 555 32 89
865 11 783 585 47 87
865 17 89 358 23 47
865 18 0 376 25 54
865 22 995 337 21 42
865 20 681 334 20 42
865 24 819 359 24 48
865 25 1021 329 21 45
865 26 1625 381 33 55
866 1 742 803 50 157
866 2 645 836 59 144
866 3 1134 1004 73 80
866 4 1329 962 57 117
866 5 654 552 37 91
866 6 645 536 34 85
866 7 599 554 29 86
866 8 682 561 53 76
866 9 758 567 28 94
866 10 773 555 32 89
866 11 783 585 47 87
866 17 84 356 28 49
866 18 0 376 25 54
866 22 994 337 21 41
866 20 680 334 20 42
866 24 816 358 24 48
866 25 1020 329 21 45
866 26 1619 381 38 53
867 1 742 803 50 156
867 2 645 836 59 144
867 3 1138 1005 73 81
867 4 1330 962 58 118
867 5 657 552 31 92
867 6 645 536 34 85
867 7 597 554 30 88
867 8 682 562 54 76
867 9 757 567 28 94
867 10 773 555 32 89
867 11 783 585 47 87
867 17 84 356 28 49
867 18 0 375 25 55
867 22 994 337 18 42
867 20 677 334 20 42
867 24 813 358 24 48
867 25 1017 329 21 45
867 26 1615 381 36 53
868 1 742 803 50 157
868 2 645 836 59 144
868 3 1144 1006 72 82
868 4 1332 961 55 119
868 5 658 552 31 92
868 6 643 536 35 85
868 7 599 553 30 87
868 8 682 562 54 76
868 9 757 567 30 94
868 10 773 555 32 89
868 11 783 585 47 87
868 17 84 356 28 49
868 18 -1 375 25 55
868 22 993 337 18 43
868 20 676 334 20 43
868 24 810 358 27 50
868 25 1015 329 21 46
868 26 1611 381 33 50
869 1 742 803 50 157
869 2 645 836 59 144
869 3 1149 1008 71 73
869 4 1333 961 55 119
869 5 658 552 31 92
869 6 643 536 35 85
869 7 599 553 29 85
869 8 683 563 53 75
869 9 755 567 31 95
869 10 773 555 32 89
869 11 783 585 47 87
869 17 84 356 28 49
869 18 -1 375 25 55
869 22 991 337 17 42
869 20 676 334 20 43
869 24 808 358 27 50
869 25 1013 329 24 47
869 26 1607 382 31 48
870 1 742 803 50 157
870 2 645 836 59 144
870 3 1153 1012 71 69
870 4 1335 960 56 120
870 5 658 552 31 92
870 6 643 536 34 83
870 7 599 551 30 88
870 8 683 563 53 75
870 9 755 567 31 95
870 10 773 555 32 89
870 11 783 585 47 87
870 17 84 356 28 49
870 18 -1 375 25 55
870 22 989 337 18 42
870 20 676 334 21 43
870 24 805 359 27 49
870 25 1011 328 24 48
870 26 1605 381 28 52
871 1 742 804 50 157
871 2 645 836 59 144
871 3 1154 1014 71 67
871 4 1337 960 56 121
871 5 658 552 31 92
871 6 643 536 34 83
871 7 599 552 29 85
871 8 684 565 53 72
871 9 754 567 31 95
871 10 773 555 32 89
871 11 783 585 47 87
871 17 84 356 28 49
871 18 -1 375 25 55
871 22 988 337 18 42
871 20 676 334 21 43
871 24 802 359 28 51
871 25 1008 329 24 46
871 26 1600 381 28 52
872 1 742 803 50 157
872 2 645 836 59 144
872 3 1157 1014 71 66
872 4 1337 960 59 120
872 5 658 552 31 93
872 6 643 536 34 83
872 7 599 551 30 87
872 8 685 566 45 74
872 9 754 568 31 95
872 10 773 555 32 89
872 11 783 585 47 87
872 17 84 356 28 49
872 18 0 375 25 55
872 22 987 337 19 43
872 20 671 334 24 43
872 24 800 360 27 51
872 25 1006 329 24 47
872 26 1600 378 25 54
873 1 742 804 50 156
873 2 645 836 59 144
873 3 1159 1013 71 69
873 4 1339 960 58 120
873 5 658 551 31 93
873 6 643 536 34 83
873 7 599 551 29 86
873 8 686 567 45 74
873 9 753 568 31 95
873 10 773 555 32 89
873 11 783 586 47 87
873 17 84 356 28 49
873 18 0 376 25 55
873 22 986 337 19 42
873 20 671 334 24 43
873 24 798 360 30 52
873 25 1004 330 23 46
873 26 1596 377 25 54
874 1 742 804 50 156
874 2 644 836 59 145
874 3 1160 1016 72 65
874 4 1341 960 58 120
874 5 658 551 31 93
874 6 644 536 34 83
874 7 599 550 30 88
874 8 687 567 44 73
874 9 753 568 31 95
874 10 773 555 32 89
874 11 783 586 47 86
874 17 84 356 28 49
874 18 0 377 25 54
874 22 982 337 22 43
874 20 670 334 24 43
874 24 796 361 25 49
874 25 1003 330 23 47
874 26 1587 376 30 55
875 1 742 804 50 156
875 2 644 836 59 144
875 3 1161 1016 75 64
875 4 1345 961 58 119
875 5 658 551 32 94
875 6 644 536 34 83
875 7 599 549 30 89
875 8 687 569 45 74
875 9 753 570 36 89
875 10 773 555 32 89
875 11 783 586 47 87
875 17 84 356 28 49
875 18 0 377 25 54
875 22 981 337 22 44
875 20 668 334 24 43
875 24 793 361 25 49
875 25 1001 330 23 45
875 26 1582 375 34 56
876 1 742 804 50 157
876 2 644 836 59 145
876 3 1167 1017 70 63
876 4 1345 959 60 124
876 5 658 551 31 93
876 6 644 536 33 83
876 7 598 548 31 91
876 8 690 571 44 70
876 9 751 570 35 91
876 10 773 555 32 89
876 11 783 586 47 87
876 17 84 356 24 48
876 18 0 377 25 54
876 22 980 337 24 42
876 20 668 334 24 43
876 24 789 361 28 49
876 25 998 332 24 43
876 26 1577 375 34 56
877 1 742 804 50 157
877 2 644 836 59 145
877 3 1168 1017 70 63
877 4 1343 959 65 121
877 5 658 551 32 94
877 6 642 536 35 83
877 7 598 548 31 91
877 8 690 570 44 71
877 9 749 570 36 91
877 10 773 556 32 89
877 11 783 586 47 87
877 17 84 356 24 48
877 18 0 376 25 54
877 22 980 338 23 41
877 20 667 335 24 43
877 24 787 360 27 51
877 25 997 331 21 45
877 26 1574 375 34 56
878 1 742 804 50 156
878 2 644 836 59 145
878 3 1168 1017 71 64
878 4 1345 961 65 119
878 5 658 551 32 94
878 6 644 536 33 83
878 7 598 547 31 91
878 8 690 571 44 71
878 9 748 573 38 88
878 10 775 556 30 87
878 11 783 586 47 87
878 17 84 356 24 48
878 18 0 375 24 56
878 22 976 338 25 41
878 20 666 335 23 42
878 24 785 360 27 52
878 25 996 331 21 45
878 26 1571 375 32 53
879 1 742 804 50 157
879 2 643 836 59 145
879 3 1168 1017 72 63
879 4 1347 961 65 119
879 5 657 551 32 94
879 6 644 536 33 85
879 7 599 547 32 86
879 8 690 571 45 74
879 9 746 573 40 89
879 10 775 556 30 87
879 11 783 586 47 87
879 17 84 356 24 48
879 18 0 374 24 56
879 22 975 338 24 40
879 20 665 335 23 42
879 24 783 359 28 53
879 25 994 330 21 45
879 26 1567 375 32 52
880 1 742 804 50 157
880 2 644 836 59 145
880 3 1168 1017 73 63
880 4 1349 961 65 120
880 5 657 551 32 94
880 6 644 537 33 84
880 7 599 547 32 86
880 8 690 571 42 78
880 9 746 573 40 89
880 10 775 556 30 87
880 11 783 586 47 87
880 17 84 356 24 48
880 18 0 374 24 56
880 22 977 339 23 39
880 20 664 335 23 41
880 24 780 359 28 55
880 25 989 330 24 45
880 26 1563 375 31 51
881 1 742 804 50 156
881 2 643 837 59 144
881 3 1168 1017 73 63
881 4 1351 961 65 119
881 5 657 551 34 95
881 6 645 537 32 83
881 7 600 547 32 86
881 8 690 571 41 79
881 9 745 573 39 89
881 10 775 556 30 87
881 11 783 586 47 87
881 17 84 356 24 48
881 18 0 374 24 57
881 22 976 339 23 40
881 20 664 335 21 43
881 24 775 360 30 50
881 25 987 331 24 45
881 26 1560 375 24 53
882 1 742 804 50 156
882 2 641 837 59 143
882 3 1169 1017 73 63
882 4 1349 960 71 120
882 5 657 551 34 95
882 6 645 543 32 78
882 7 600 547 32 86
882 8 689 572 43 81
882 9 745 573 39 89
882 10 775 556 30 87
882 11 783 586 47 86
882 17 84 356 24 48
882 18 0 374 24 57
882 22 975 340 22 39
882 20 665 335 20 44
882 24 773 361 30 50
882 25 985 331 23 44
882 26 1556 374 24 53
883 1 742 804 50 156
883 2 642 838 58 143
883 3 1169 1017 74 63
883 4 1350 959 71 121
883 5 657 551 34 95
883 6 649 548 28 73
883 7 601 547 32 86
883 8 688 572 43 82
883 9 745 573 39 89
883 10 775 556 30 87
883 11 783 586 47 86
883 17 84 356 24 48
883 18 0 374 24 57
883 22 973 340 22 39
883 20 666 335 19 43
883 24 770 361 30 50
883 25 982 332 24 43
883 26 1551 374 28 54
884 1 742 804 50 156
884 2 641 836 60 142
884 3 1169 1017 74 64
884 4 1352 959 74 120
884 5 657 550 34 95
884 6 649 552 28 69
884 7 601 547 32 85
884 8 687 572 44 83
884 9 745 573 39 89
884 10 775 556 30 87
884 11 783 586 47 86
884 17 84 356 24 48
884 18 0 375 24 56
884 22 972 339 22 40
884 20 665 335 19 43
884 24 768 362 30 46
884 25 981 332 21 43
884 26 1544 373 34 55
885 1 742 804 50 157
885 2 641 836 64 142
885 3 1170 1017 72 64
885 4 1353 961 78 118
885 5 657 550 34 95
885 6 650 551 28 69
885 7 602 547 31 84
885 8 685 574 46 85
885 9 745 573 39 89
885 10 775 556 30 87
885 11 783 586 47 87
885 17 84 356 24 48
885 18 0 376 24 55
885 22 974 339 19 42
885 20 665 335 19 44
885 24 766 362 30 48
885 25 976 332 23 43
885 26 1539 373 35 55
886 1 742 804 50 156
886 2 641 836 64 142
886 3 1170 1017 72 63
886 4 1356 961 79 118
886 5 657 550 34 95
886 6 650 555 28 65
886 7 602 546 31 84
886 8 684 574 48 84
886 9 748 573 36 89
886 10 775 556 30 87
886 11 783 586 47 86
886 17 84 356 24 48
886 18 1 376 24 55
886 22 973 339 19 42
886 20 663 335 18 44
886 24 764 362 24 50
886 25 975 332 23 43
886 26 1535 373 35 55
887 1 742 804 50 157
887 2 641 836 64 145
887 3 1170 1017 72 63
887 4 1357 961 81 118
887 5 657 550 34 95
887 6 650 555 28 65
887 7 603 546 32 85
887 8 683 574 48 85
887 9 749 573 35 89
887 10 775 556 30 87
887 11 783 586 47 86
887 17 84 356 24 48
887 18 1 377 24 55
887 22 972 339 19 41
887 20 660 335 21 43
887 24 762 362 24 50
887 25 972 333 24 42
887 26 1531 374 36 53
888 1 742 804 50 157
888 2 641 836 66 145
888 3 1170 1017 71 62
888 4 1358 961 83 118
888 5 657 551 34 95
888 6 650 561 28 59
888 7 603 545 31 85
888 8 683 574 45 84
888 9 752 573 32 89
888 10 775 556 30 87
888 11 783 586 47 86
888 17 84 356 24 48
888 18 1 376 24 55
888 22 971 339 18 41
888 20 657 335 24 42
888 24 759 362 23 47
888 25 971 333 22 43
888 26 1527 375 34 51
889 1 742 804 50 157
889 2 641 836 67 145
889 3 1171 1017 69 62
889 4 1359 961 83 118
889 5 656 551 34 94
889 6 650 561 28 59
889 7 604 545 32 85
889 8 682 574 46 85
889 9 752 573 32 89
889 10 775 556 30 87
889 11 783 586 47 86
889 17 84 356 24 48
889 18 0 375 24 56
889 22 966 340 20 41
889 20 657 335 24 42
889 24 756 361 27 50
889 25 969 332 22 44
889 26 1527 375 27 50
890 1 742 804 50 157
890 2 641 836 68 145
890 3 1171 1017 68 63
890 4 1359 960 83 119
890 5 656 551 34 94
890 6 650 562 28 58
890 7 604 544 32 85
890 8 681 577 41 83
890 9 752 573 32 89
890 10 775 556 30 87
890 11 783 586 47 86
890 17 83 356 24 48
890 18 0 375 24 56
890 22 965 340 19 41
890 20 656 335 24 42
890 24 753 361 27 50
890 25 962 331 24 41
890 26 1524 374 27 50
891 1 742 804 50 157
891 2 641 836 68 145
891 3 1171 1017 67 62
891 4 1362 960 80 119
891 5 657 551 29 96
891 6 650 562 28 58
891 7 605 544 32 85
891 8 678 575 44 90
891 9 752 573 32 89
891 10 775 556 30 87
891 11 783 586 47 86
891 17 83 356 24 48
891 18 0 374 24 56
891 22 963 338 24 42
891 20 655 335 24 42
891 24 751 361 30 50
891 25 961 331 24 41
891 26 1519 374 23 50
892 1 742 804 50 157
892 2 641 836 68 145
892 3 1171 1014 65 68
892 4 1362 960 81 119
892 5 657 551 29 96
892 6 650 562 27 58
892 7 605 543 32 85
892 8 676 577 42 89
892 9 752 573 32 89
892 10 775 556 30 87
892 11 783 586 47 86
892 17 83 356 24 48
892 18 0 374 24 56
892 22 962 338 24 43
892 20 654 335 24 42
892 24 749 361 31 51
892 25 958 331 24 42
892 26 1516 373 27 53
893 1 742 804 50 157
893 2 641 836 68 145
893 3 1171 1014 64 65
893 4 1362 960 81 119
893 5 657 551 29 96
893 6 650 563 27 57
893 7 606 543 32 85
893 8 675 578 42 92
893 9 752 573 32 89
893 10 775 556 30 87
893 11 783 586 47 86
893 17 83 356 24 48
893 18 0 374 24 56
893 22 961 338 24 43
893 20 653 335 27 42
893 24 746 362 30 50
893 25 958 331 20 41
893 26 1512 372 27 54
894 1 742 804 50 157
894 2 641 837 66 145
894 3 1171 1014 64 66
894 4 1363 958 81 121
894 5 657 552 29 95
894 6 650 563 27 57
894 7 606 542 30 85
894 8 674 579 40 93
894 9 752 573 32 89
894 10 775 556 30 87
894 11 783 586 47 86
894 17 83 356 24 48
894 18 0 374 24 56
894 22 960 338 24 43
894 20 653 335 27 42
894 24 744 363 30 49
894 25 957 331 20 41
894 26 1506 372 29 54
895 1 742 805 50 157
895 2 641 839 66 143
895 3 1170 1014 63 65
895 4 1363 958 79 121
895 5 657 552 29 95
895 6 650 563 27 57
895 7 606 542 30 85
895 8 673 583 40 92
895 9 752 573 28 89
895 10 775 556 30 87
895 11 783 586 47 86
895 17 83 356 24 48
895 18 1 375 24 56
895 22 958 338 24 43
895 20 655 335 23 43
895 24 741 364 29 48
895 25 954 331 21 43
895 26 1500 372 34 51
896 1 742 805 50 157
896 2 641 839 61 143
896 3 1169 1013 64 67
896 4 1366 958 76 121
896 5 656 552 29 94
896 6 650 563 27 56
896 7 607 542 30 85
896 8 672 584 37 92
896 9 752 573 25 91
896 10 775 556 30 87
896 11 783 586 47 86
896 17 83 356 24 48
896 18 1 375 24 56
896 22 963 338 21 43
896 20 654 335 23 43
896 24 739 364 31 52
896 25 952 331 21 43
896 26 1496 372 34 50
897 1 742 805 50 157
897 2 641 839 60 143
897 3 1171 1013 61 66
897 4 1366 958 73 121
897 5 656 553 30 95
897 6 650 564 25 56
897 7 607 541 30 86
897 8 671 584 37 92
897 9 752 573 25 91
897 10 775 556 30 87
897 11 783 587 47 86
897 17 83 356 24 48
897 18 1 376 24 55
897 22 962 338 21 43
897 20 654 335 24 44
897 24 739 364 30 46
897 25 950 330 22 44
897 26 1493 372 33 50
898 1 742 805 50 157
898 2 641 839 60 143
898 3 1171 1013 61 69
898 4 1366 958 73 122
898 5 656 553 30 91
898 6 649 564 25 55
898 7 607 541 30 86
898 8 666 585 39 93
898 9 752 573 25 91
898 10 775 557 30 87
898 11 783 587 47 86
898 17 83 356 24 48
898 18 1 377 24 55
898 22 960 339 22 42
898 20 652 335 20 42
898 24 736 364 24 49
898 25 949 330 22 45
898 26 1490 373 28 51
899 1 742 805 50 157
899 2 641 839 55 143
899 3 1171 1008 61 73
899 4 1366 954 73 125
899 5 655 554 32 88
899 6 649 565 25 55
899 7 607 541 30 86
899 8 663 584 42 91
899 9 752 573 25 91
899 10 775 557 30 87
899 11 783 587 47 86
899 17 83 356 24 48
899 18 1 377 24 55
899 22 959 339 22 42
899 20 651 335 20 42
899 24 734 363 24 50
899 25 947 329 23 46
899 26 1485 373 27 50
900 1 742 805 50 157
900 2 641 839 55 143
900 3 1171 1008 61 72
900 4 1370 954 64 126
900 5 654 553 34 92
900 6 649 565 25 55
900 7 608 541 30 86
900 8 660 583 43 92
900 9 752 573 25 91
900 10 775 556 30 87
900 11 783 587 47 86
900 17 83 356 24 48
900 18 1 377 24 55
900 22 959 339 20 39
900 20 651 335 20 42
900 24 730 363 24 49
900 25 943 328 24 47
900 26 1482 373 27 49
901 1 742 805 50 157
901 2 641 839 55 143
901 3 1170 1007 59 76
901 4 1370 953 63 128
901 5 652 553 38 90
901 6 649 565 25 54
901 7 608 541 30 86
901 8 657 582 47 93
901 9 752 573 27 90
901 10 775 557 30 87
901 11 783 587 47 86
901 17 82 357 24 47
901 18 1 376 24 55
901 22 958 339 20 39
901 20 650 335 20 42
901 24 728 363 25 50
901 25 942 332 22 42
901 26 1479 372 27 49
902 1 742 805 50 156
902 2 641 839 55 143
902 3 1170 1007 59 73
902 4 1370 950 62 130
902 5 652 553 36 90
902 6 649 565 25 54
902 7 608 541 30 85
902 8 651 581 51 94
902 9 752 573 27 90
902 10 775 557 30 87
902 11 783 587 47 86
902 17 83 356 24 48
902 18 1 376 24 56
902 22 955 339 22 40
902 20 649 335 19 43
902 24 725 363 29 52
902 25 940 332 22 41
902 26 1476 371 27 50
903 1 741 805 50 156
903 2 639 839 55 143
903 3 1169 1007 60 74
903 4 1374 948 57 132
903 5 650 553 36 90
903 6 649 566 24 54
903 7 608 541 30 85
903 8 649 581 52 95
903 9 752 573 27 90
903 10 775 557 30 87
903 11 783 587 47 87
903 17 83 356 24 48
903 18 0 376 24 56
903 22 954 339 20 41
903 20 647 335 20 44
903 24 722 363 29 52
903 25 938 332 22 42
903 26 1468 371 31 50
904 1 741 805 50 156
904 2 639 839 55 143
904 3 1169 1007 60 73
904 4 1374 947 56 133
904 5 650 552 35 97
904 6 649 566 25 54
904 7 610 541 27 84
904 8 646 581 51 99
904 9 751 573 28 90
904 10 775 557 30 87
904 11 783 587 47 86
904 17 80 356 27 48
904 18 0 376 24 56
904 22 953 339 20 41
904 20 647 335 20 44
904 24 720 363 29 52
904 25 935 333 22 41
904 26 1464 371 33 52
905 1 741 805 50 157
905 2 639 839 55 143
905 3 1169 1007 60 73
905 4 1376 946 58 135
905 5 649 555 38 88
905 6 649 566 25 54
905 7 610 541 27 84
905 8 645 581 50 101
905 9 751 573 28 90
905 10 775 557 30 88
905 11 783 587 47 86
905 17 80 356 27 48
905 18 1 376 24 56
905 22 953 339 20 41
905 20 644 335 22 44
905 24 716 364 30 53
905 25 933 333 21 42
905 26 1459 371 34 48
906 1 741 805 50 157
906 2 638 839 55 143
906 3 1169 1008 60 73
906 4 1376 945 58 134
906 5 647 555 43 87
906 6 648 566 28 59
906 7 610 540 27 84
906 8 643 581 45 104
906 9 751 573 28 90
906 10 775 557 30 88
906 11 783 587 47 86
906 17 80 356 27 48
906 18 0 376 24 56
906 22 951 339 21 41
906 20 644 335 22 44
906 24 714 365 30 52
906 25 930 333 21 44
906 26 1455 371 34 48
907 1 741 805 50 157
907 2 638 839 55 143
907 3 1169 1008 60 73
907 4 1376 942 59 137
907 5 647 554 42 91
907 6 648 566 28 59
907 7 611 540 27 84
907 8 640 588 44 99
907 9 751 573 28 90
907 10 775 557 30 88
907 11 783 587 47 86
907 17 80 356 27 48
907 18 -1 376 24 56
907 22 950 339 21 41
907 20 643 335 22 44
907 24 711 366 30 49
907 25 928 333 21 44
907 26 1452 371 33 51
908 1 741 806 50 156
908 2 638 839 55 143
908 3 1169 1008 60 73
908 4 1376 941 59 137
908 5 650 555 42 91
908 6 647 566 28 59
908 7 610 540 27 85
908 8 638 589 38 100
908 9 751 573 28 90
908 10 775 557 30 88
908 11 783 587 47 86
908 17 80 356 27 48
908 18 0 376 24 56
908 22 947 339 23 41
908 20 642 335 23 45
908 24 709 367 29 48
908 25 925 333 21 44
908 26 1449 371 30 50
909 1 741 806 50 156
909 2 638 839 55 143
909 3 1169 1008 62 75
909 4 1375 936 58 143
909 5 649 555 42 92
909 6 649 565 28 58
909 7 610 540 32 80
909 8 634 591 35 99
909 9 751 573 28 90
909 10 775 557 30 88
909 11 783 587 47 86
909 17 80 356 27 48
909 18 -1 376 24 56
909 22 946 339 23 41
909 20 638 335 27 44
909 24 708 366 24 48
909 25 922 332 22 45
909 26 1448 371 28 50
910 1 741 806 50 157
910 2 638 839 55 143
910 3 1169 1007 62 74
910 4 1375 935 58 144
910 5 649 555 42 92
910 6 648 565 28 59
910 7 610 540 31 79
910 8 631 591 35 100
910 9 750 573 28 90
910 10 774 557 30 88
910 11 783 587 47 86
910 17 80 356 27 48
910 18 -1 376 24 56
910 22 945 339 24 40
910 20 638 335 27 44
910 24 702 366 27 49
910 25 920 332 23 45
910 26 1443 371 28 50
911 1 741 806 50 157
911 2 637 839 55 143
911 3 1169 1008 62 73
911 4 1375 934 58 146
911 5 650 556 43 93
911 6 648 563 28 61
911 7 610 540 31 79
911 8 626 590 38 104
911 9 750 573 28 90
911 10 774 557 30 88
911 11 783 587 47 86
911 17 80 356 27 48
911 18 -1 375 24 57
911 22 944 339 24 40
911 20 637 335 27 44
911 24 699 365 27 49
911 25 917 332 24 44
911 26 1440 370 24 50
912 1 741 806 50 156
912 2 630 839 63 145
912 3 1169 1008 62 73
912 4 1358 933 74 147
912 5 650 556 42 91
912 6 648 563 28 61
912 7 611 540 31 79
912 8 622 593 39 102
912 9 750 573 28 90
912 10 774 557 30 88
912 11 783 587 47 86
912 17 80 356 27 48
912 18 -2 375 25 58
912 22 943 340 24 39
912 20 637 335 27 44
912 24 697 365 29 50
912 25 915 332 24 44
912 26 1437 369 24 51
913 1 741 806 50 156
913 2 628 839 68 143
913 3 1169 1008 62 74
913 4 1357 929 75 151
913 5 651 556 42 90
913 6 647 563 28 60
913 7 611 540 33 80
913 8 618 594 40 102
913 9 750 573 28 90
913 10 774 557 30 88
913 11 782 587 47 86
913 17 80 356 27 48
913 18 -2 375 25 57
913 22 944 340 20 40
913 20 635 335 27 43
913 24 695 365 29 50
913 25 913 333 24 43
913 26 1433 368 28 50
914 1 740 806 50 156
914 2 623 842 77 140
914 3 1169 1008 62 74
914 4 1359 929 76 150
914 5 650 556 43 93
914 6 647 563 29 60
914 7 611 540 33 81
914 8 615 595 38 103
914 9 750 573 28 90
914 10 774 557 30 88
914 11 782 587 47 86
914 17 80 356 27 48
914 18 -5 374 25 58
914 22 943 340 20 40
914 20 635 335 25 44
914 24 692 365 29 50
914 25 911 334 24 42
914 26 1424 368 34 50
915 1 740 806 50 156
915 2 623 842 80 140
915 3 1169 1008 63 74
915 4 1359 929 74 150
915 5 652 558 42 90
915 6 647 561 29 62
915 7 612 540 33 81
915 8 612 598 35 103
915 9 750 573 28 90
915 10 774 557 30 88
915 11 782 587 47 86
915 17 80 356 27 48
915 18 -5 374 25 58
915 22 944 340 18 41
915 20 635 335 25 44
915 24 690 366 31 48
915 25 909 334 21 42
915 26 1420 368 37 51
916 1 740 806 50 156
916 2 621 842 84 140
916 3 1169 1008 63 75
916 4 1358 929 74 150
916 5 652 558 41 92
916 6 647 561 29 62
916 7 612 541 34 81
916 8 608 600 35 104
916 9 750 573 28 90
916 10 774 557 30 88
916 11 782 587 47 86
916 17 80 356 27 48
916 18 -5 379 25 53
916 22 943 340 18 41
916 20 634 335 21 45
916 24 688 367 31 48
916 25 907 334 21 42
916 26 1416 368 36 50
917 1 740 806 50 156
917 2 621 842 84 140
917 3 1174 1009 58 74
917 4 1358 929 73 150
917 5 652 558 41 92
917 6 650 561 25 62
917 7 612 542 33 74
917 8 604 604 34 96
917 9 750 573 28 90
917 10 774 557 30 88
917 11 782 587 47 86
917 17 81 356 27 48
917 18 0 379 21 53
917 22 942 340 16 42
917 20 633 335 21 45
917 24 685 368 30 47
917 25 904 334 21 42
917 26 1414 369 32 51
918 1 740 806 50 156
918 2 621 842 84 140
918 3 1174 1009 58 71
918 4 1357 929 73 149
918 5 649 560 44 92
918 6 650 561 25 62
918 7 613 543 33 74
918 8 598 605 37 95
918 9 750 573 28 90
918 10 774 557 30 88
918 11 782 587 47 86
918 17 82 356 27 49
918 18 0 379 21 53
918 22 941 340 17 40
918 20 633 335 21 45
918 24 683 368 29 48
918 25 902 334 21 42
918 26 1413 370 24 50
919 1 740 806 50 157
919 2 621 842 84 140
919 3 1174 1009 58 72
919 4 1356 927 72 153
919 5 649 560 46 92
919 6 650 561 24 61
919 7 613 544 32 73
919 8 596 605 37 95
919 9 750 573 30 90
919 10 774 557 30 88
919 11 782 588 47 86
919 17 82 356 27 49
919 18 -1 379 21 52
919 22 938 340 18 38
919 20 632 335 21 45
919 24 681 368 27 49
919 25 899 333 21 44
919 26 1410 370 24 50
920 1 740 806 50 156
920 2 621 843 79 139
920 3 1174 1009 58 72
920 4 1360 926 67 153
920 5 649 560 46 95
920 6 650 561 24 61
920 7 614 545 36 73
920 8 585 603 46 95
920 9 750 573 30 90
920 10 774 557 30 88
920 11 782 587 47 86
920 17 82 356 27 49
920 18 -1 379 21 53
920 22 937 340 21 39
920 20 632 335 20 47
920 24 678 368 25 50
920 25 897 333 21 45
920 26 1409 369 24 51
921 1 740 806 50 157
921 2 624 843 75 139
921 3 1174 1009 59 72
921 4 1359 925 69 154
921 5 651 560 44 95
921 6 650 561 24 61
921 7 615 546 38 73
921 8 577 603 52 95
921 9 750 573 30 90
921 10 774 557 30 88
921 11 782 587 47 86
921 17 83 356 27 48
921 18 -2 379 21 53
921 22 936 340 20 39
921 20 632 335 20 47
921 24 676 368 25 50
921 25 895 333 24 43
921 26 1399 369 25 48
922 1 740 806 50 157
922 2 626 839 71 143
922 3 1174 1014 59 66
922 4 1361 921 65 160
922 5 649 560 46 95
922 6 650 561 24 62
922 7 616 547 37 72
922 8 575 603 52 95
922 9 750 573 30 90
922 10 774 557 30 88
922 11 782 587 47 86
922 17 81 355 28 49
922 18 -2 379 21 54
922 22 933 341 23 40
922 20 628 335 23 46
922 24 674 367 27 52
922 25 893 333 24 43
922 26 1396 368 25 48
923 1 739 807 50 157
923 2 630 839 65 143
923 3 1174 1014 59 66
923 4 1360 920 65 161
923 5 649 560 46 95
923 6 650 561 24 62
923 7 613 550 41 67
923 8 572 602 53 97
923 9 750 573 30 90
923 10 774 557 30 87
923 11 782 587 47 87
923 17 82 355 28 49
923 18 -3 379 21 54
923 22 930 341 24 41
923 20 628 335 24 45
923 24 669 367 25 50
923 25 891 333 24 44
923 26 1393 368 29 49
924 1 739 807 50 157
924 2 635 839 60 143
924 3 1174 1014 59 66
924 4 1359 919 65 161
924 5 649 560 46 95
924 6 650 561 24 62
924 7 613 552 43 64
924 8 572 602 46 98
924 9 747 573 33 90
924 10 774 557 30 87
924 11 781 587 47 86
924 17 82 355 28 50
924 18 -3 379 21 54
924 22 929 341 24 41
924 20 624 335 28 45
924 24 668 366 27 49
924 25 889 334 24 42
924 26 1385 368 33 48
925 1 739 807 50 156
925 2 632 834 61 147
925 3 1174 1014 59 66
925 4 1363 916 60 164
925 5 649 560 46 95
925 6 650 561 24 62
925 7 614 553 43 63
925 8 572 603 43 97
925 9 744 573 36 90
925 10 774 557 30 87
925 11 781 587 47 86
925 17 83 356 27 48
925 18 -4 380 21 52
925 22 928 341 27 40
925 20 624 335 28 45
925 24 665 366 30 53
925 25 886 334 24 43
925 26 1381 368 34 49
926 1 739 807 50 156
926 2 632 834 61 147
926 3 1174 1014 59 66
926 4 1362 915 60 165
926 5 649 560 46 95
926 6 650 561 24 62
926 7 614 553 42 63
926 8 569 604 43 97
926 9 745 573 33 89
926 10 774 557 30 87
926 11 781 588 47 86
926 17 81 355 28 50
926 18 0 380 17 52
926 22 927 341 27 40
926 20 623 335 28 45
926 24 662 366 35 50
926 25 884 335 21 39
926 26 1377 369 34 48
927 1 739 807 50 156
927 2 632 834 61 147
927 3 1174 1014 59 66
927 4 1361 914 60 165
927 5 649 560 46 95
927 6 650 561 24 62
927 7 614 553 42 63
927 8 567 601 39 101
927 9 744 573 33 91
927 10 773 557 30 87
927 11 781 588 47 86
927 17 82 355 28 49
927 18 0 380 17 52
927 22 928 341 24 42
927 20 623 335 27 46
927 24 659 367 35 50
927 25 882 335 21 42
927 26 1373 369 33 50
928 1 739 807 50 156
928 2 632 830 61 153
928 3 1174 1014 59 66
928 4 1360 914 62 161
928 5 649 561 46 95
928 6 650 564 24 59
928 7 613 554 44 62
928 8 564 601 39 102
928 9 740 573 37 90
928 10 773 557 30 87
928 11 781 588 47 86
928 17 79 355 28 49
928 18 0 380 17 52
928 22 927 341 23 40
928 20 623 335 27 46
928 24 657 367 34 50
928 25 880 334 21 43
928 26 1369 370 31 47
929 1 739 807 50 156
929 2 632 830 61 153
929 3 1174 1014 59 66
929 4 1354 914 66 162
929 5 649 561 46 94
929 6 650 564 24 59
929 7 610 554 47 62
929 8 563 601 39 101
929 9 740 573 37 90
929 10 773 557 30 87
929 11 780 588 47 86
929 17 79 355 28 49
929 18 0 380 17 52
929 22 926 341 23 38
929 20 622 335 27 46
929 24 655 368 32 49
929 25 876 334 22 44
929 26 1372 370 23 48
930 1 739 807 50 156
930 2 632 828 63 155
930 3 1174 1015 59 66
930 4 1351 910 68 167
930 5 649 561 46 94
930 6 650 564 24 59
930 7 613 560 44 56
930 8 559 601 45 102
930 9 740 573 37 90
930 10 773 557 30 87
930 11 780 588 47 87
930 17 79 355 28 49
930 18 0 380 17 52
930 22 925 341 23 38
930 20 624 334 24 48
930 24 653 369 32 48
930 25 874 333 22 45
930 26 1369 368 23 50
931 1 739 807 50 156
931 2 632 829 65 154
931 3 1173 1015 59 66
931 4 1349 909 69 168
931 5 649 561 46 94
931 6 647 564 24 54
931 7 613 558 45 58
931 8 553 601 49 100
931 9 740 573 37 90
931 10 773 557 30 87
931 11 779 588 47 87
931 17 79 355 28 49
931 18 0 380 15 52
931 22 925 341 21 37
931 20 623 334 22 46
931 24 649 370 25 46
931 25 872 333 22 46
931 26 1364 367 24 50
932 1 738 808 49 155
932 2 635 826 65 157
932 3 1173 1015 58 65
932 4 1347 908 69 168
932 5 646 562 46 94
932 6 647 564 24 54
932 7 613 558 45 58
932 8 552 601 49 99
932 9 740 573 37 90
932 10 773 557 30 87
932 11 779 588 44 89
932 17 79 355 28 49
932 18 0 380 15 52
932 22 923 341 22 39
932 20 624 336 20 44
932 24 647 369 25 46
932 25 870 333 22 47
932 26 1357 366 27 50
933 1 738 808 49 155
933 2 635 826 65 157
933 3 1173 1015 58 65
933 4 1346 908 69 168
933 5 646 562 46 94
933 6 646 564 24 54
933 7 613 558 45 58
933 8 551 602 48 99
933 9 740 573 37 90
933 10 773 557 30 87
933 11 779 588 42 89
933 17 79 355 28 49
933 18 0 380 15 52
933 22 922 341 19 40
933 20 623 336 20 44
933 24 644 369 24 44
933 25 865 333 24 44
933 26 1353 365 30 52
934 1 738 808 50 156
934 2 635 827 69 156
934 3 1173 1015 55 65
934 4 1346 908 69 169
934 5 645 565 46 94
934 6 646 565 24 53
934 7 613 558 45 58
934 8 548 602 49 99
934 9 744 573 33 90
934 10 773 557 30 87
934 11 775 588 46 89
934 17 79 355 28 49
934 18 0 380 15 52
934 22 922 341 19 40
934 20 623 336 18 44
934 24 641 369 27 46
934 25 863 333 24 44
934 26 1349 365 30 52
935 1 738 808 49 155
935 2 632 830 75 153
935 3 1173 1015 55 65
935 4 1343 907 69 169
935 5 645 565 46 94
935 6 646 556 30 62
935 7 613 558 45 58
935 8 548 603 48 99
935 9 744 573 33 90
935 10 773 557 30 87
935 11 775 588 46 89
935 17 79 355 28 49
935 18 0 380 19 52
935 22 921 341 19 40
935 20 618 336 22 43
935 24 639 369 30 48
935 25 861 334 23 43
935 26 1346 365 32 49
936 1 738 808 49 155
936 2 631 841 78 142
936 3 1171 1015 57 65
936 4 1343 906 69 170
936 5 645 565 41 94
936 6 647 557 29 61
936 7 613 554 45 62
936 8 548 603 48 99
936 9 747 573 30 90
936 10 773 557 30 87
936 11 774 589 46 89
936 17 79 357 28 47
936 18 0 380 19 52
936 22 921 339 19 43
936 20 617 336 22 44
936 24 637 369 31 50
936 25 859 334 24 44
936 26 1343 366 28 48
937 1 737 809 49 154
937 2 631 844 78 139
937 3 1170 1015 58 65
937 4 1342 905 66 171
937 5 647 565 39 94
937 6 645 554 31 64
937 7 615 554 43 62
937 8 544 602 51 99
937 9 747 573 30 90
937 10 773 557 30 88
937 11 773 590 45 87
937 17 83 357 24 47
937 18 0 380 21 52
937 22 918 339 20 41
937 20 617 336 22 44
937 24 634 369 31 50
937 25 857 334 24 44
937 26 1340 366 28 48
938 1 739 811 48 152
938 2 628 845 83 139
938 3 1168 1015 58 65
938 4 1339 902 66 172
938 5 646 565 39 94
938 6 647 553 34 65
938 7 615 555 43 61
938 8 544 602 51 99
938 9 747 573 30 90
938 10 772 557 30 88
938 11 772 590 45 87
938 17 83 357 24 47
938 18 0 380 21 52
938 22 917 339 20 41
938 20 616 336 22 44
938 24 632 370 31 49
938 25 855 334 24 44
938 26 1338 366 24 48
939 1 737 808 49 155
939 2 628 845 83 139
939 3 1168 1015 58 65
939 4 1338 901 66 174
939 5 646 565 39 95
939 6 646 552 34 66
939 7 615 555 43 61
939 8 546 601 48 99
939 9 747 573 30 90
939 10 773 557 29 88
939 11 771 591 48 87
939 17 83 357 24 47
939 18 0 380 22 52
939 22 917 339 20 41
939 20 616 336 22 44
939 24 630 371 30 48
939 25 852 334 24 44
939 26 1336 365 24 48
940 1 738 810 49 153
940 2 631 845 78 139
940 3 1168 1015 58 65
940 4 1342 901 60 174
940 5 645 564 40 98
940 6 645 551 35 67
940 7 614 554 41 61
940 8 546 600 48 100
940 9 747 573 30 90
940 10 773 557 29 88
940 11 772 591 46 88
940 17 83 357 24 47
940 18 0 380 23 52
940 22 914 338 22 42
940 20 615 336 23 44
940 24 627 372 30 48
940 25 850 335 24 43
940 26 1329 363 24 50
941 1 737 812 48 152
941 2 631 845 76 139
941 3 1165 1015 61 65
941 4 1342 901 60 174
941 5 644 564 40 98
941 6 643 548 38 73
941 7 614 553 41 61
941 8 548 599 46 100
941 9 747 573 30 90
941 10 772 558 29 87
941 11 771 591 46 88
941 17 83 357 24 47
941 18 0 380 23 52
941 22 914 341 23 40
941 20 614 336 23 44
941 24 625 372 27 47
941 25 848 334 24 44
941 26 1324 362 27 52
942 1 738 810 48 153
942 2 635 845 70 139
942 3 1165 1015 61 65
942 4 1341 900 60 175
942 5 644 564 40 99
942 6 642 547 39 74
942 7 613 550 41 64
942 8 548 598 46 100
942 9 747 573 30 90
942 10 771 558 29 87
942 11 771 591 47 88
942 17 83 357 24 47
942 18 0 380 23 52
942 22 913 341 23 40
942 20 612 336 24 46
942 24 623 372 27 47
942 25 846 335 25 43
942 26 1319 361 28 54
943 1 737 810 49 153
943 2 635 845 68 139
943 3 1164 1015 62 65
943 4 1341 899 61 176
943 5 644 564 40 98
943 6 641 547 39 75
943 7 612 546 41 67
943 8 547 598 48 101
943 9 747 573 30 90
943 10 771 558 29 87
943 11 770 591 47 88
943 17 82 357 24 47
943 18 0 380 23 52
943 22 912 341 23 40
943 20 611 336 24 45
943 24 617 373 24 48
943 25 842 335 28 43
943 26 1313 362 33 51
944 1 737 810 49 153
944 2 635 845 64 139
944 3 1162 1015 64 65
944 4 1347 896 54 176
944 5 643 564 40 98
944 6 641 547 39 74
944 7 611 546 41 66
944 8 547 598 48 94
944 9 747 573 30 90
944 10 770 558 29 87
944 11 769 591 48 88
944 17 82 357 24 47
944 18 0 380 23 52
944 22 910 341 23 40
944 20 610 336 24 45
944 24 615 372 25 49
944 25 840 335 28 43
944 26 1309 363 33 50
945 1 737 811 49 153
945 2 637 845 58 139
945 3 1162 1015 64 65
945 4 1350 895 51 177
945 5 643 564 43 97
945 6 640 543 40 78
945 7 610 545 39 68
945 8 547 598 49 94
945 9 747 573 30 90
945 10 772 558 29 87
945 11 769 591 48 88
945 17 82 357 24 47
945 18 0 380 23 52
945 22 911 341 20 40
945 20 610 336 25 45
945 24 611 372 25 49
945 25 838 336 25 42
945 26 1305 364 32 49
946 1 736 811 49 152
946 2 637 845 58 139
946 3 1162 1015 64 65
946 4 1350 894 50 177
946 5 643 564 43 97
946 6 643 543 37 77
946 7 610 544 38 69
946 8 547 597 49 94
946 9 747 573 30 90
946 10 772 558 29 87
946 11 765 591 51 88
946 17 81 357 24 47
946 18 1 380 23 52
946 22 911 341 20 40
946 20 609 336 25 45
946 24 608 371 33 49
946 25 836 336 27 43
946 26 1302 364 31 49
947 1 736 811 49 152
947 2 637 845 58 139
947 3 1162 1015 64 65
947 4 1350 893 50 176
947 5 641 564 39 97
947 6 642 543 37 76
947 7 609 542 38 71
947 8 548 596 49 95
947 9 747 573 30 90
947 10 771 558 29 87
947 11 765 591 49 87
947 17 81 357 24 47
947 18 -3 377 23 52
947 22 910 341 17 39
947 20 608 336 25 45
947 24 606 371 33 49
947 25 834 336 23 42
947 26 1299 365 29 49
948 1 736 811 49 152
948 2 637 845 58 139
948 3 1160 1014 66 65
948 4 1350 892 50 176
948 5 640 564 38 100
948 6 647 541 30 77
948 7 608 541 38 71
948 8 548 591 49 99
948 9 746 573 30 90
948 10 771 558 29 87
948 11 765 591 49 87
948 17 80 357 24 47
948 18 -3 378 23 52
948 22 910 341 16 41
948 20 607 336 24 44
948 24 603 371 33 49
948 25 832 336 22 44
948 26 1296 365 24 49
949 1 736 811 49 152
949 2 637 845 58 139
949 3 1160 1014 66 65
949 4 1348 891 54 175
949 5 640 564 38 100
949 6 647 541 36 78
949 7 608 543 38 71
949 8 549 593 49 96
949 9 746 573 30 90
949 10 771 558 29 87
949 11 763 591 48 89
949 17 80 357 24 47
949 18 0 378 20 52
949 22 907 341 18 41
949 20 607 337 24 43
949 24 601 371 33 48
949 25 830 336 22 45
949 26 1292 365 24 49
950 1 735 811 49 151
950 2 637 845 58 139
950 3 1160 1014 66 65
950 4 1347 887 53 176
950 5 637 564 40 100
950 6 644 541 39 78
950 7 607 540 38 74
950 8 550 592 51 96
950 9 746 573 30 90
950 10 771 558 29 87
950 11 763 591 45 90
950 17 80 357 24 47
950 18 0 378 20 52
950 22 906 339 18 43
950 20 606 337 24 43
950 24 596 371 35 52
950 25 828 335 22 45
950 26 1288 364 24 49
951 1 735 812 48 151
951 2 637 845 58 139
951 3 1159 1013 67 66
951 4 1345 886 58 177
951 5 637 564 35 102
951 6 644 541 39 78
951 7 609 540 35 74
951 8 551 592 52 94
951 9 746 573 30 90
951 10 770 558 29 87
951 11 763 591 43 91
951 17 80 357 24 47
951 18 0 378 20 52
951 22 905 339 18 43
951 20 606 337 22 45
951 24 596 372 32 50
951 25 824 335 23 45
951 26 1284 363 30 51
952 1 735 812 48 151
952 2 637 845 58 139
952 3 1159 1014 69 66
952 4 1345 885 60 178
952 5 636 564 35 102
952 6 643 541 39 79
952 7 608 538 35 76
952 8 550 592 54 94
952 9 746 573 30 90
952 10 770 558 29 87
952 11 763 591 42 87
952 17 80 357 24 47
952 18 0 378 20 52
952 22 904 339 17 44
952 20 606 337 19 44
952 24 594 373 32 48
952 25 822 334 25 46
952 26 1280 362 30 52
953 1 734 812 48 150
953 2 637 845 58 139
953 3 1159 1014 69 66
953 4 1345 884 60 174
953 5 636 565 35 102
953 6 643 541 40 79
953 7 609 538 29 76
953 8 550 592 55 94
953 9 746 573 30 90
953 10 771 558 31 88
953 11 760 594 39 86
953 17 80 357 24 47
953 18 0 378 20 52
953 22 903 339 19 40
953 20 605 337 19 44
953 24 592 373 29 49
953 25 818 334 28 46
953 26 1278 362 29 52
954 1 734 812 51 150
954 2 636 844 58 139
954 3 1159 1014 69 66
954 4 1345 884 62 170
954 5 636 565 37 103
954 6 646 541 37 80
954 7 608 538 29 76
954 8 551 592 54 86
954 9 746 573 30 90
954 10 771 558 31 88
954 11 760 594 39 86
954 17 79 357 24 47
954 18 0 379 20 51
954 22 902 342 19 39
954 20 606 337 18 44
954 24 590 373 25 49
954 25 816 334 28 46
954 26 1274 362 30 50
955 1 734 812 51 150
955 2 635 842 58 141
955 3 1159 1014 69 66
955 4 1344 884 63 168
955 5 634 565 39 103
955 6 646 541 37 80
955 7 607 537 30 77
955 8 552 592 56 86
955 9 746 573 30 90
955 10 770 558 31 88
955 11 759 594 37 87
955 17 80 357 24 47
955 18 0 379 20 51
955 22 897 342 23 39
955 20 604 337 20 43
955 24 588 373 25 49
955 25 814 335 28 46
955 26 1270 362 31 49
956 1 734 812 51 150
956 2 635 842 63 141
956 3 1159 1014 69 66
956 4 1343 884 66 164
956 5 632 565 43 104
956 6 646 541 37 80
956 7 606 537 29 77
956 8 559 592 50 88
956 9 746 573 30 90
956 10 770 558 31 89
956 11 758 591 35 90
956 17 79 357 24 49
956 18 0 380 19 50
956 22 896 342 23 39
956 20 599 337 24 44
956 24 585 373 25 47
956 25 811 335 27 45
956 26 1267 363 30 48
957 1 733 812 51 150
957 2 635 842 68 141
957 3 1159 1014 69 66
957 4 1344 884 63 161
957 5 632 565 41 103
957 6 645 541 37 81
957 7 606 537 30 78
957 8 560 591 56 88
957 9 746 573 30 90
957 10 769 558 31 89
957 11 758 591 35 90
957 17 79 357 24 49
957 18 0 380 19 50
957 22 895 342 25 38
957 20 595 337 29 43
957 24 582 372 25 48
957 25 810 335 24 45
957 26 1266 363 24 48
958 1 733 812 51 150
958 2 635 842 73 141
958 3 1159 1014 69 66
958 4 1345 884 63 157
958 5 632 565 41 103
958 6 645 541 37 81
958 7 605 537 27 78
958 8 561 587 56 92
958 9 746 573 30 90
958 10 769 558 32 89
958 11 757 591 37 91
958 17 79 357 24 49
958 18 1 382 18 48
958 22 894 342 25 38
958 20 595 337 29 43
958 24 579 372 30 50
958 25 809 335 21 46
958 26 1262 364 24 46
959 1 733 812 51 150
959 2 635 842 76 141
959 3 1159 1014 69 66
959 4 1346 884 61 156
959 5 633 567 39 101
959 6 645 541 33 81
959 7 604 535 27 80
959 8 565 587 52 91
959 9 746 573 30 90
959 10 769 558 32 89
959 11 757 591 37 89
959 17 79 357 24 49
959 18 1 383 18 47
959 22 894 341 24 39
959 20 594 337 29 43
959 24 576 372 34 51
959 25 807 335 21 46
959 26 1260 363 24 46
960 1 733 812 51 150
960 2 635 842 78 141
960 3 1159 1014 69 66
960 4 1347 884 61 155
960 5 627 567 45 101
960 6 645 541 33 82
960 7 603 535 27 80
960 8 566 587 52 91
960 9 746 573 30 90
960 10 771 558 31 88
960 11 757 591 37 89
960 17 79 357 24 49
960 18 1 382 18 47
960 22 896 341 22 40
960 20 594 337 29 43
960 24 574 372 34 49
960 25 804 335 24 45
960 26 1251 363 31 48
961 1 733 811 49 150
961 2 635 842 81 141
961 3 1158 1014 69 66
961 4 1347 884 61 155
961 5 625 567 47 101
961 6 645 541 33 82
961 7 603 535 27 80
961 8 567 587 51 87
961 9 746 573 29 91
961 10 771 558 31 88
961 11 756 591 37 89
961 17 79 357 24 49
961 18 1 382 18 48
961 22 895 341 21 40
961 20 592 337 29 43
961 24 571 373 34 49
961 25 802 334 24 46
961 26 1248 362 31 49
962 1 733 811 49 150
962 2 635 842 83 141
962 3 1158 1014 70 67
962 4 1347 885 60 153
962 5 623 567 49 98
962 6 644 540 34 82
962 7 603 536 28 83
962 8 569 587 50 86
962 9 746 573 31 91
962 10 771 558 31 88
962 11 753 591 39 89
962 17 79 357 24 49
962 18 0 379 19 50
962 22 895 341 21 40
962 20 595 338 24 43
962 24 569 373 32 50
962 25 800 334 24 45
962 26 1245 362 30 47
963 1 733 810 49 151
963 2 635 842 83 141
963 3 1159 1014 69 66
963 4 1348 885 60 153
963 5 623 567 49 98
963 6 646 540 36 83
963 7 603 536 28 83
963 8 571 587 50 85
963 9 745 573 31 90
963 10 771 558 31 88
963 11 753 591 39 87
963 17 79 357 24 49
963 18 0 378 19 50
963 22 893 341 21 42
963 20 594 338 24 43
963 24 566 373 29 51
963 25 794 335 27 46
963 26 1241 362 32 48
964 1 733 810 49 151
964 2 635 842 83 141
964 3 1158 1014 69 66
964 4 1346 885 62 154
964 5 620 567 51 99
964 6 646 540 36 83
964 7 602 536 28 83
964 8 572 587 49 85
964 9 744 573 31 90
964 10 771 558 31 88
964 11 752 591 39 87
964 17 79 357 24 49
964 18 0 378 19 49
964 22 892 341 18 40
964 20 594 338 24 43
964 24 564 374 27 50
964 25 792 335 27 46
964 26 1237 362 32 48
965 1 733 809 50 152
965 2 636 842 83 141
965 3 1159 1014 69 66
965 4 1347 885 62 154
965 5 621 567 50 100
965 6 646 540 36 84
965 7 602 537 27 82
965 8 573 587 49 85
965 9 746 572 31 90
965 10 771 558 31 88
965 11 752 591 39 87
965 17 77 357 27 49
965 18 0 378 18 48
965 22 891 341 18 40
965 20 593 337 25 45
965 24 561 374 27 49
965 25 788 336 29 45
965 26 1234 362 32 48
966 1 733 808 50 153
966 2 636 841 83 141
966 3 1159 1014 70 66
966 4 1348 885 62 154
966 5 621 569 47 98
966 6 646 540 38 84
966 7 602 537 27 82
966 8 569 586 54 85
966 9 746 572 31 90
966 10 769 557 32 90
966 11 750 591 39 86
966 17 77 357 27 49
966 18 0 378 18 49
966 22 891 341 18 40
966 20 593 337 24 43
966 24 559 375 24 49
966 25 789 337 24 43
966 26 1231 363 31 47
967 1 733 808 50 153
967 2 636 842 80 141
967 3 1159 1014 70 67
967 4 1346 888 66 145
967 5 620 569 47 98
967 6 646 540 38 85
967 7 600 538 28 82
967 8 569 585 54 85
967 9 745 572 31 89
967 10 771 558 31 88
967 11 750 591 39 86
967 17 77 357 27 49
967 18 0 378 19 49
967 22 889 341 17 39
967 20 593 337 19 42
967 24 557 374 27 51
967 25 787 337 24 43
967 26 1228 364 27 47
968 1 733 807 50 154
968 2 636 842 80 141
968 3 1159 1014 70 67
968 4 1345 888 66 145
968 5 620 569 47 98
968 6 649 537 36 85
968 7 598 538 30 81
968 8 571 584 54 85
968 9 747 573 30 90
968 10 771 558 31 88
968 11 749 590 39 86
968 17 77 357 27 49
968 18 0 378 19 50
968 22 887 341 18 40
968 20 590 337 21 43
968 24 555 373 28 52
968 25 785 338 21 42
968 26 1225 364 27 46
969 1 733 806 50 154
969 2 638 840 78 143
969 3 1159 1014 70 67
969 4 1345 888 66 145
969 5 619 569 50 97
969 6 649 537 36 85
969 7 598 539 29 79
969 8 570 581 54 91
969 9 747 573 30 90
969 10 771 558 31 88
969 11 746 590 40 88
969 17 77 357 27 49
969 18 0 378 19 50
969 22 886 341 20 41
969 20 589 337 21 43
969 24 548 373 33 51
969 25 783 338 21 42
969 26 1221 364 24 48
970 1 733 805 51 155
970 2 639 840 77 143
970 3 1159 1014 70 67
970 4 1345 888 68 146
970 5 618 569 50 97
970 6 649 537 36 85
970 7 598 539 29 75
970 8 571 580 54 91
970 9 746 573 30 90
970 10 771 558 31 88
970 11 746 590 40 88
970 17 77 357 27 49
970 18 0 379 19 50
970 22 885 341 20 40
970 20 589 337 21 44
970 24 545 373 34 52
970 25 780 338 21 42
970 26 1218 362 25 50
971 1 732 803 51 157
971 2 636 840 80 143
971 3 1159 1014 70 67
971 4 1345 888 68 146
971 5 618 569 50 97
971 6 649 537 36 85
971 7 598 539 28 73
971 8 576 580 48 88
971 9 745 573 30 90
971 10 773 558 29 87
971 11 745 590 40 89
971 17 77 357 27 49
971 18 0 380 19 50
971 22 884 341 20 40
971 20 589 337 21 45
971 24 543 373 33 51
971 25 778 338 24 42
971 26 1214 363 24 47
972 1 732 804 51 157
972 2 638 840 78 143
972 3 1159 1014 70 67
972 4 1345 888 70 150
972 5 618 569 50 97
972 6 650 537 36 85
972 7 596 540 32 72
972 8 577 580 48 88
972 9 744 573 34 90
972 10 773 558 29 87
972 11 742 589 38 89
972 17 77 357 27 49
972 18 0 380 19 50
972 22 883 341 20 40
972 20 587 337 22 46
972 24 541 373 35 52
972 25 776 337 24 43
972 26 1210 363 30 47
973 1 732 803 52 158
973 2 641 840 75 143
973 3 1159 1015 69 66
973 4 1342 888 73 152
973 5 618 569 49 96
973 6 650 537 36 85
973 7 596 540 34 71
973 8 582 573 42 93
973 9 745 573 33 91
973 10 773 558 29 87
973 11 741 589 36 88
973 17 77 357 27 49
973 18 0 380 19 49
973 22 879 341 24 40
973 20 587 337 22 46
973 24 539 374 35 51
973 25 773 337 24 43
973 26 1205 363 34 45
974 1 732 803 50 158
974 2 640 840 76 143
974 3 1159 1014 70 67
974 4 1341 888 73 152
974 5 618 569 46 94
974 6 652 537 36 86
974 7 596 540 35 72
974 8 583 573 42 87
974 9 744 573 33 91
974 10 773 558 29 87
974 11 743 589 31 90
974 17 77 357 27 49
974 18 0 380 19 50
974 22 878 341 24 40
974 20 583 337 24 46
974 24 536 375 34 51
974 25 771 338 27 42
974 26 1201 363 34 47
975 1 732 803 52 158
975 2 641 840 75 143
975 3 1159 1014 70 67
975 4 1339 888 75 153
975 5 614 569 47 93
975 6 652 536 37 87
975 7 596 540 34 71
975 8 583 572 42 87
975 9 744 573 33 92
975 10 773 558 29 87
975 11 742 589 31 90
975 17 77 357 27 49
975 18 0 380 19 50
975 22 878 341 23 40
975 20 584 338 24 45
975 24 534 375 33 52
975 25 768 337 28 43
975 26 1198 363 34 48
976 1 732 802 50 160
976 2 640 839 76 143
976 3 1159 1015 70 67
976 4 1338 890 77 154
976 5 609 569 45 92
976 6 652 537 34 85
976 7 596 541 35 74
976 8 585 572 42 86
976 9 745 573 31 92
976 10 773 558 29 87
976 11 738 589 35 92
976 17 77 357 27 49
976 18 0 379 19 50
976 22 877 341 23 40
976 20 584 338 24 45
976 24 531 376 33 51
976 25 766 337 28 44
976 26 1196 363 30 48
977 1 732 802 52 160
977 2 640 839 77 143
977 3 1161 1015 69 66
977 4 1336 891 79 156
977 5 605 569 49 91
977 6 652 537 35 85
977 7 596 541 35 74
977 8 585 571 41 85
977 9 748 573 29 92
977 10 773 558 29 87
977 11 737 589 35 92
977 17 77 357 27 49
977 18 0 378 19 50
977 22 876 341 23 39
977 20 583 338 24 45
977 24 530 375 27 51
977 25 764 338 25 42
977 26 1193 363 27 50
978 1 732 801 52 160
978 2 642 839 75 143
978 3 1160 1015 70 67
978 4 1336 892 79 156
978 5 605 569 45 94
978 6 652 537 35 85
978 7 597 541 36 76
978 8 586 571 41 83
978 9 748 573 29 92
978 10 773 558 29 87
978 11 731 589 42 92
978 17 77 357 27 49
978 18 0 378 19 50
978 22 879 341 18 42
978 20 581 338 24 42
978 24 527 375 25 49
978 25 762 338 27 43
978 26 1191 363 27 50
979 1 732 801 51 161
979 2 642 839 75 143
979 3 1161 1016 68 65
979 4 1335 892 79 159
979 5 602 569 48 94
979 6 653 537 35 85
979 7 595 542 38 75
979 8 583 568 43 85
979 9 748 573 30 91
979 10 773 558 29 87
979 11 730 589 41 92
979 17 77 357 27 49
979 18 0 377 19 49
979 22 878 341 18 42
979 20 580 338 27 43
979 24 525 374 28 52
979 25 760 338 24 41
979 26 1185 362 27 51
980 1 732 801 50 161
980 2 642 839 75 143
980 3 1162 1016 68 65
980 4 1335 893 78 159
980 5 602 569 47 93
980 6 654 537 35 86
980 7 595 541 38 79
980 8 583 568 42 84
980 9 748 573 30 91
980 10 773 558 29 87
980 11 729 589 41 92
980 17 77 357 27 49
980 18 0 377 19 49
980 22 876 341 15 40
980 20 579 338 27 43
980 24 521 374 33 52
980 25 757 338 24 45
980 26 1185 361 23 51
981 1 732 801 52 161
981 2 641 839 75 143
981 3 1160 1015 71 67
981 4 1335 894 78 159
981 5 602 570 47 92
981 6 654 537 35 86
981 7 596 541 38 78
981 8 581 567 44 83
981 9 747 573 30 91
981 10 773 558 29 87
981 11 729 589 42 90
981 17 77 357 27 49
981 18 0 377 19 49
981 22 875 341 15 40
981 20 579 338 24 45
981 24 519 373 34 53
981 25 754 338 24 45
981 26 1182 360 23 51
982 1 735 800 48 161
982 2 642 840 75 143
982 3 1161 1018 70 66
982 4 1334 895 75 158
982 5 600 570 50 92
982 6 654 537 36 86
982 7 597 542 38 78
982 8 582 567 44 83
982 9 747 573 30 92
982 10 773 558 29 87
982 11 728 589 42 90
982 17 77 357 27 49
982 18 0 377 19 50
982 22 872 339 18 43
982 20 578 338 24 45
982 24 516 374 34 53
982 25 752 338 24 43
982 26 1176 360 25 48
983 1 734 800 49 162
983 2 641 840 75 143
983 3 1161 1018 70 62
983 4 1333 896 73 160
983 5 599 570 51 91
983 6 655 537 36 86
983 7 598 543 37 76
983 8 583 567 44 86
983 9 746 573 30 92
983 10 773 558 29 87
983 11 727 589 42 90
983 17 77 357 27 49
983 18 0 378 19 50
983 22 871 339 18 43
983 20 577 338 23 44
983 24 513 374 35 54
983 25 748 337 27 44
983 26 1172 360 29 48
984 1 736 799 46 162
984 2 642 840 74 143
984 3 1161 1018 70 62
984 4 1332 897 73 160
984 5 599 570 50 92
984 6 654 537 35 85
984 7 599 543 37 76
984 8 588 567 40 86
984 9 747 573 29 92
984 10 773 558 29 87
984 11 729 589 42 92
984 17 77 357 27 49
984 18 0 378 19 50
984 22 870 339 18 43
984 20 576 338 23 44
984 24 511 375 32 52
984 25 746 336 28 45
984 26 1168 360 29 48
985 1 737 800 46 161
985 2 641 840 75 143
985 3 1162 1018 70 62
985 4 1332 898 72 161
985 5 599 570 50 92
985 6 655 537 35 86
985 7 599 543 37 75
985 8 590 567 43 86
985 9 747 573 29 92
985 10 773 558 29 87
985 11 728 589 42 92
985 17 77 357 27 49
985 18 0 379 19 50
985 22 867 339 21 44
985 20 576 338 19 45
985 24 509 376 32 52
985 25 743 337 27 45
985 26 1165 361 29 48
986 1 736 800 47 161
986 2 642 840 75 143
986 3 1162 1019 70 62
986 4 1331 899 72 161
986 5 602 570 47 91
986 6 655 537 35 85
986 7 601 544 35 75
986 8 594 567 40 86
986 9 750 573 27 90
986 10 773 558 29 87
986 11 728 589 42 92
986 17 77 357 27 49
986 18 0 379 19 50
986 22 866 339 24 41
986 20 575 338 19 45
986 24 506 378 31 50
986 25 741 337 27 44
986 26 1161 361 31 48
987 1 736 800 47 161
987 2 640 841 76 140
987 3 1162 1019 70 62
987 4 1333 899 67 162
987 5 605 570 45 91
987 6 654 537 35 85
987 7 602 544 35 75
987 8 595 566 40 87
987 9 750 573 27 90
987 10 773 558 29 87
987 11 727 589 42 92
987 17 77 357 27 49
987 18 0 380 19 49
987 22 865 339 24 41
987 20 575 338 19 45
987 24 504 379 29 51
987 25 738 337 27 45
987 26 1157 362 30 47
988 1 736 800 46 161
988 2 641 841 75 140
988 3 1162 1019 70 62
988 4 1333 899 66 160
988 5 606 570 44 92
988 6 655 537 35 85
988 7 603 544 33 75
988 8 596 567 38 81
988 9 750 573 27 91
988 10 773 558 29 87
988 11 727 588 40 93
988 17 77 357 27 49
988 18 0 380 19 49
988 22 865 339 24 41
988 20 571 338 22 45
988 24 501 379 25 51
988 25 737 338 25 43
988 26 1154 362 27 47
989 1 737 800 45 159
989 2 641 841 75 140
989 3 1162 1019 70 62
989 4 1332 899 66 160
989 5 611 570 40 92
989 6 655 537 35 85
989 7 602 544 35 75
989 8 597 567 38 81
989 9 750 573 28 92
989 10 773 558 29 87
989 11 727 588 39 94
989 17 77 357 27 49
989 18 0 382 18 48
989 22 863 339 24 42
989 20 570 338 22 45
989 24 499 378 25 51
989 25 735 338 24 45
989 26 1155 362 20 49
990 1 737 800 45 159
990 2 641 841 75 140
990 3 1163 1019 70 62
990 4 1331 899 65 161
990 5 616 567 36 95
990 6 655 537 35 85
990 7 603 544 35 76
990 8 598 567 38 80
990 9 750 573 28 92
990 10 773 558 29 87
990 11 727 588 35 91
990 17 77 357 27 49
990 18 0 380 19 50
990 22 862 339 24 43
990 20 570 338 24 46
990 24 494 377 32 54
990 25 733 337 24 46
990 26 1150 361 22 51
991 1 737 800 45 159
991 2 641 841 75 140
991 3 1163 1020 70 62
991 4 1330 899 65 161
991 5 617 567 36 96
991 6 655 537 35 85
991 7 603 544 36 77
991 8 599 567 42 79
991 9 748 573 32 91
991 10 773 558 29 87
991 11 727 588 35 91
991 17 77 357 27 49
991 18 0 379 19 50
991 22 862 339 24 44
991 20 570 338 24 46
991 24 491 376 32 53
991 25 730 338 22 45
991 26 1145 360 23 53
992 1 736 801 45 159
992 2 641 841 75 140
992 3 1163 1020 71 63
992 4 1330 900 65 161
992 5 619 567 35 96
992 6 655 537 35 85
992 7 604 545 37 77
992 8 600 567 42 80
992 9 748 573 32 91
992 10 773 558 29 87
992 11 727 588 35 91
992 17 77 357 27 49
992 18 0 378 19 50
992 22 861 339 24 41
992 20 569 338 24 46
992 24 488 376 32 54
992 25 728 337 24 46
992 26 1143 360 22 51
993 1 736 801 45 159
993 2 641 841 75 140
993 3 1163 1020 70 62
993 4 1330 900 65 163
993 5 621 564 34 99
993 6 657 537 33 85
993 7 603 545 40 77
993 8 599 566 44 78
993 9 748 573 32 91
993 10 773 558 29 87
993 11 726 588 35 91
993 17 78 357 25 49
993 18 0 377 19 50
993 22 862 339 20 42
993 20 568 338 24 44
993 24 485 376 35 54
993 25 726 336 25 47
993 26 1137 360 29 46
994 1 734 801 47 159
994 2 641 841 75 140
994 3 1164 1020 71 63
994 4 1330 900 65 163
994 5 621 564 40 100
994 6 657 537 33 85
994 7 603 545 40 76
994 8 600 565 47 78
994 9 748 573 32 92
994 10 773 558 29 87
994 11 726 588 34 91
994 17 78 357 25 49
994 18 0 377 19 50
994 22 862 339 20 41
994 20 567 338 24 44
994 24 482 376 35 55
994 25 723 336 25 45
994 26 1133 360 29 46
995 1 733 798 48 162
995 2 641 841 75 140
995 3 1164 1021 71 63
995 4 1329 900 65 166
995 5 622 564 44 97
995 6 657 539 33 83
995 7 602 547 56 77
995 8 601 565 47 78
995 9 749 573 33 88
995 10 773 558 29 87
995 11 726 588 34 91
995 17 78 357 25 49
995 18 0 377 19 50
995 22 861 339 19 43
995 20 567 338 24 44
995 24 480 377 34 54
995 25 721 336 25 45
995 26 1130 360 29 46
996 1 730 799 50 161
996 2 641 841 75 140
996 3 1164 1021 71 63
996 4 1329 900 65 166
996 5 620 564 47 98
996 6 657 539 33 83
996 7 603 546 50 80
996 8 602 564 57 79
996 9 749 573 33 88
996 10 773 558 29 87
996 11 725 588 34 91
996 17 80 357 24 48
996 18 0 377 19 51
996 22 859 339 21 42
996 20 566 338 25 45
996 24 477 378 33 53
996 25 718 336 25 45
996 26 1127 361 30 47
997 1 730 799 50 161
997 2 641 841 75 140
997 3 1164 1021 71 63
997 4 1328 901 66 166
997 5 621 565 45 95
997 6 657 539 33 83
997 7 607 546 50 79
997 8 603 564 62 78
997 9 746 573 36 87
997 10 773 557 29 87
997 11 725 588 33 91
997 17 80 357 24 48
997 18 0 377 19 50
997 22 858 339 18 43
997 20 565 338 24 45
997 24 476 378 33 53
997 25 716 337 25 45
997 26 1123 361 28 48
998 1 730 799 50 161
998 2 641 841 75 140
998 3 1164 1021 72 63
998 4 1328 901 66 166
998 5 622 565 44 93
998 6 657 539 33 83
998 7 603 546 56 78
998 8 606 561 64 79
998 9 746 573 36 87
998 10 773 557 29 87
998 11 725 588 33 91
998 17 80 357 24 48
998 18 -1 377 20 50
998 22 856 339 19 44
998 20 565 338 24 45
998 24 474 380 27 53
998 25 714 337 24 45
998 26 1119 361 25 47
999 1 729 799 50 161
999 2 641 841 75 140
999 3 1164 1021 72 64
999 4 1328 902 66 166
999 5 621 565 45 95
999 6 659 539 32 84
999 7 604 546 56 78
999 8 611 561 64 76
999 9 746 573 36 87
999 10 773 557 29 87
999 11 725 588 33 91
999 17 80 357 24 48
999 18 0 377 21 50
999 22 855 339 19 41
999 20 564 338 23 44
999 24 471 380 27 53
999 25 712 338 24 44
999 26 1117 361 24 48
1000 1 729 799 50 161
1000 2 641 841 75 140
1000 3 1165 1021 73 64
1000 4 1328 902 66 165
1000 5 622 562 43 97
1000 6 658 539 33 83
1000 7 605 549 57 80
1000 8 616 561 62 72
1000 9 746 573 36 87
1000 10 773 557 29 87
1000 11 724 588 33 91
1000 17 81 357 24 48
1000 18 0 378 21 50
1000 22 854 339 19 41
1000 20 564 338 23 44
1000 24 470 379 27 52
1000 25 708 338 22 46
1000 26 1115 360 24 48
1001 1 729 800 50 161
1001 2 641 841 75 140
1001 3 1165 1022 73 64
1001 4 1328 902 66 166
1001 5 622 561 44 98
1001 6 658 539 33 82
1001 7 605 549 57 80
1001 8 614 557 67 76
1001 9 746 573 36 88
1001 10 773 557 29 87
1001 11 724 588 33 91
1001 17 81 357 24 47
1001 18 1 380 22 48
1001 22 853 339 21 41
1001 20 563 338 18 46
1001 24 467 379 27 52
1001 25 706 338 21 45
1001 26 1111 360 24 46
