1 1 347 58 18 50
1 2 407 56 20 50
1 3 302 211 36 83
1 4 256 221 38 83
1 15 347 24 15 47
1 16 356 27 18 44
1 17 345 8 16 36
1 18 361 10 14 37
1 19 372 10 15 39
1 30 280 195 30 74
1 31 243 191 34 75
2 1 347 58 18 50
2 2 408 55 19 51
2 3 302 211 36 83
2 4 256 221 38 83
2 15 346 26 16 45
2 16 356 27 17 44
2 17 345 8 16 36
2 18 361 10 14 37
2 19 372 10 15 39
2 30 280 195 30 74
2 31 243 191 34 75
3 1 347 58 18 50
3 2 408 55 19 51
3 3 303 211 36 83
3 4 257 221 38 83
3 15 346 26 16 45
3 16 356 27 17 44
3 17 345 8 16 36
3 18 361 10 14 37
3 19 372 10 15 39
3 30 280 196 30 74
3 31 243 191 34 75
4 1 348 58 18 50
4 2 408 55 19 51
4 3 305 210 35 81
4 4 257 221 38 83
4 15 346 26 16 45
4 16 356 27 17 44
4 17 345 8 16 36
4 18 361 10 14 37
4 19 372 10 15 39
4 30 279 196 30 74
4 31 243 191 34 75
5 1 348 58 18 50
5 2 408 55 19 51
5 3 305 208 36 84
5 4 259 221 38 83
5 15 346 26 16 45
5 16 356 28 17 44
5 17 345 8 16 36
5 18 361 10 14 37
5 19 372 11 15 39
5 30 277 198 30 74
5 31 241 193 34 75
6 1 349 57 18 50
6 2 408 54 19 51
6 3 306 207 37 85
6 4 263 222 38 83
6 15 346 26 16 45
6 16 356 28 17 44
6 17 345 8 16 36
6 18 361 10 14 38
6 19 372 11 15 39
6 30 275 199 32 74
6 31 241 194 34 75
7 1 350 57 18 50
7 2 408 54 19 51
7 3 310 206 36 83
7 4 264 220 38 83
7 15 345 26 16 45
7 16 357 29 16 42
7 17 345 8 16 36
7 18 361 11 14 38
7 19 372 11 15 39
7 30 274 200 32 74
7 31 237 199 34 75
8 1 350 57 18 50
8 2 408 54 19 51
8 3 310 206 36 83
8 4 264 220 38 83
8 15 345 26 16 45
8 16 357 29 16 42
8 17 345 8 16 36
8 18 361 11 14 38
8 19 372 11 15 39
8 30 274 199 32 74
8 31 237 199 34 75
9 1 350 56 18 50
9 2 408 53 19 51
9 3 310 205 37 80
9 4 265 220 38 83
9 15 345 26 16 45
9 16 356 28 17 44
9 17 345 8 16 36
9 18 361 11 14 38
9 19 372 11 15 39
9 30 273 200 32 74
9 31 237 200 34 75
10 1 350 56 18 50
10 2 408 53 19 51
10 3 311 204 37 80
10 4 265 220 38 83
10 15 345 26 16 45
10 16 355 28 17 44
10 17 345 8 16 36
10 18 361 11 15 38
10 19 372 11 15 39
10 30 267 200 36 74
10 31 235 199 32 77
11 1 351 55 18 50
11 2 408 52 19 51
11 3 311 204 37 80
11 4 267 222 36 78
11 15 345 27 16 45
11 16 355 28 17 44
11 17 345 8 16 37
11 18 361 11 15 38
11 19 372 11 15 39
11 30 268 200 35 73
11 31 234 200 32 77
12 1 351 55 18 50
12 2 408 52 19 51
12 3 314 202 36 78
12 4 272 217 32 83
12 15 345 27 16 46
12 16 355 28 17 45
12 17 345 8 16 37
12 18 361 11 15 39
12 19 372 11 15 39
12 30 269 201 35 71
12 31 235 201 33 81
13 1 351 55 18 50
13 2 408 51 19 51
13 3 312 203 37 82
13 4 273 214 32 83
13 15 345 27 16 46
13 16 355 28 17 45
13 17 345 8 17 37
13 18 361 11 15 39
13 19 372 11 15 39
13 30 267 202 34 70
13 31 234 202 33 81
14 1 351 55 18 50
14 2 408 51 19 51
14 3 312 203 37 82
14 4 273 214 32 83
14 15 345 27 16 46
14 16 355 28 17 45
14 17 345 8 17 37
14 18 361 11 15 39
14 19 372 11 15 39
14 30 265 202 37 73
14 31 234 202 33 81
15 1 352 55 18 50
15 2 408 51 19 51
15 3 312 202 37 82
15 4 274 213 32 84
15 15 345 27 16 46
15 16 355 28 18 46
15 17 345 8 17 37
15 18 361 11 15 38
15 19 372 11 15 39
15 30 265 202 37 74
15 31 232 202 34 82
16 1 354 55 18 50
16 2 408 52 19 51
16 3 313 202 37 82
16 4 275 213 32 82
16 15 344 27 16 46
16 16 355 28 15 45
16 17 345 9 17 37
16 18 361 11 14 38
16 19 372 11 15 39
16 30 267 202 36 78
16 31 230 203 34 79
17 1 354 55 18 50
17 2 408 52 19 51
17 3 314 201 37 82
17 4 278 212 31 80
17 15 344 28 16 45
17 16 355 28 15 45
17 17 345 9 16 37
17 18 361 11 15 38
17 19 373 11 15 39
17 30 260 206 36 78
17 31 229 203 34 79
18 1 355 55 19 50
18 2 408 52 19 51
18 3 314 201 37 83
18 4 279 212 31 81
18 15 344 28 16 45
18 16 355 30 17 43
18 17 345 9 16 37
18 18 360 11 15 38
18 19 373 11 15 39
18 30 259 206 37 80
18 31 226 203 35 82
19 1 355 55 19 50
19 2 408 52 19 51
19 3 316 200 37 81
19 4 279 211 31 81
19 15 344 28 16 45
19 16 355 30 17 43
19 17 345 9 16 37
19 18 360 11 15 39
19 19 373 11 15 39
19 30 257 208 32 79
19 31 225 204 32 81
20 1 356 55 19 50
20 2 408 52 19 51
20 3 315 200 36 81
20 4 279 211 32 83
20 15 344 28 16 45
20 16 355 30 17 43
20 17 345 9 16 37
20 18 360 11 15 39
20 19 373 12 15 39
20 30 257 208 32 79
20 31 225 204 32 81
21 1 356 55 19 49
21 2 407 51 19 51
21 3 315 199 37 81
21 4 280 210 32 83
21 15 345 29 16 43
21 16 355 30 17 43
21 17 347 12 13 35
21 18 360 12 15 40
21 19 373 12 15 39
21 30 257 209 32 79
21 31 224 204 32 80
22 1 356 55 19 49
22 2 407 49 19 51
22 3 316 198 38 83
22 4 280 210 32 83
22 15 345 28 15 44
22 16 356 31 17 42
22 17 347 12 13 35
22 18 361 12 15 38
22 19 373 12 15 39
22 30 254 211 32 79
22 31 222 206 33 80
23 1 357 55 19 48
23 2 407 49 19 51
23 3 316 197 37 82
23 4 282 209 33 83
23 15 345 28 15 44
23 16 356 31 16 41
23 17 347 12 13 35
23 18 361 12 14 37
23 19 373 12 15 39
23 30 254 212 32 79
23 31 220 207 33 81
24 1 359 54 18 47
24 2 407 49 19 51
24 3 318 196 36 79
24 4 282 208 33 83
24 15 345 28 16 44
24 16 354 31 18 45
24 17 347 12 13 35
24 18 362 12 14 37
24 19 373 12 15 39
24 30 253 213 32 79
24 31 218 208 33 81
25 1 357 52 20 51
25 2 406 47 19 51
25 3 318 195 36 79
25 4 283 207 33 83
25 15 344 29 16 44
25 16 354 31 18 45
25 17 347 12 13 35
25 18 362 12 14 37
25 19 374 12 15 39
25 30 253 213 32 79
25 31 217 210 34 82
26 1 357 52 20 51
26 2 406 47 19 51
26 3 318 195 36 79
26 4 284 207 32 83
26 15 344 29 16 44
26 16 354 31 18 45
26 17 347 12 13 35
26 18 362 12 14 37
26 19 374 12 15 39
26 30 253 213 29 77
26 31 217 210 34 82
27 1 360 53 19 48
27 2 406 47 19 51
27 3 320 194 36 81
27 4 283 206 33 84
27 15 344 29 16 44
27 16 354 31 18 45
27 17 346 12 13 35
27 18 362 12 14 37
27 19 374 13 15 39
27 30 252 213 29 77
27 31 216 211 34 81
28 1 362 51 16 49
28 2 406 47 19 51
28 3 320 193 36 81
28 4 283 205 34 85
28 15 344 29 16 44
28 16 355 31 17 45
28 17 346 12 13 35
28 18 362 12 14 38
28 19 374 13 15 39
28 30 251 214 29 77
28 31 214 213 34 82
29 1 362 51 16 49
29 2 406 47 19 51
29 3 321 193 36 82
29 4 284 204 34 85
29 15 344 29 16 44
29 16 355 31 16 45
29 17 346 12 13 37
29 18 362 12 14 38
29 19 374 13 15 39
29 30 250 216 28 74
29 31 212 214 34 82
30 1 363 51 16 49
30 2 406 47 19 51
30 3 321 192 37 83
30 4 285 203 34 81
30 15 344 29 16 44
30 16 355 31 16 45
30 17 346 12 13 37
30 18 361 12 15 40
30 19 374 13 15 39
30 30 249 217 29 78
30 31 210 215 34 83
31 1 363 51 16 49
31 2 406 47 19 51
31 3 322 192 36 81
31 4 286 202 33 82
31 15 344 29 16 44
31 16 355 31 16 45
31 17 346 12 14 37
31 18 361 12 15 40
31 19 374 13 15 39
31 30 248 217 29 80
31 31 211 216 34 82
32 1 363 51 16 49
32 2 406 47 19 51
32 3 322 192 37 82
32 4 286 202 33 82
32 15 344 29 16 44
32 16 355 31 16 45
32 17 346 12 14 37
32 18 361 12 15 40
32 19 375 13 15 39
32 30 248 217 29 80
32 31 211 216 34 82
33 1 364 51 16 49
33 2 406 47 19 51
33 3 323 191 34 81
33 4 286 201 33 83
33 15 344 29 16 45
33 16 355 31 16 45
33 17 346 12 14 38
33 18 361 12 15 40
33 19 375 13 15 39
33 30 247 218 29 80
33 31 210 216 34 81
34 1 365 51 16 48
34 2 406 47 19 51
34 3 324 190 34 81
34 4 287 200 34 83
34 15 344 29 15 45
34 16 355 33 16 44
34 17 345 12 14 38
34 18 361 12 15 40
34 19 375 13 15 39
34 30 246 220 29 81
34 31 210 216 34 81
35 1 365 51 16 48
35 2 406 46 19 51
35 3 324 190 34 81
35 4 288 200 34 83
35 15 343 29 16 45
35 16 355 33 16 45
35 17 345 13 14 38
35 18 361 12 15 40
35 19 375 13 15 39
35 30 245 221 29 81
35 31 209 217 33 81
36 1 367 51 15 48
36 2 406 46 19 51
36 3 325 189 34 82
36 4 288 199 34 84
36 15 343 29 16 45
36 16 357 33 15 42
36 17 345 13 14 37
36 18 361 13 15 40
36 19 375 13 15 39
36 30 245 223 28 79
36 31 208 217 28 80
37 1 368 51 14 45
37 2 406 46 18 45
37 3 326 188 34 82
37 4 289 199 34 84
37 15 343 29 16 45
37 16 354 34 15 42
37 17 345 13 14 37
37 18 361 13 15 40
37 19 375 13 15 39
37 30 242 222 31 84
37 31 207 218 27 80
38 1 368 51 14 45
38 2 406 46 18 45
38 3 326 187 34 82
38 4 289 199 33 83
38 15 343 29 16 45
38 16 354 34 15 42
38 17 345 13 14 37
38 18 361 13 15 40
38 19 375 13 15 39
38 30 242 222 31 84
38 31 205 218 29 80
39 1 368 49 15 49
39 2 406 46 18 45
39 3 327 187 34 80
39 4 291 198 33 83
39 15 343 29 16 45
39 16 354 34 15 42
39 17 345 14 13 37
39 18 361 13 15 40
39 19 375 13 15 39
39 30 241 223 31 83
39 31 204 219 29 79
40 1 368 47 16 52
40 2 406 46 18 45
40 3 326 185 36 85
40 4 292 198 33 82
40 15 342 29 16 45
40 16 354 34 15 42
40 17 345 14 13 37
40 18 361 14 15 40
40 19 375 13 15 39
40 30 240 224 31 83
40 31 203 221 29 81
41 1 369 48 15 49
41 2 406 46 18 45
41 3 329 185 34 82
41 4 294 197 32 80
41 15 342 29 16 46
41 16 354 34 15 42
41 17 345 14 13 37
41 18 361 14 15 40
41 19 375 13 15 39
41 30 237 224 33 81
41 31 202 223 29 80
42 1 369 47 16 51
42 2 406 46 18 45
42 3 326 183 37 87
42 4 297 197 31 78
42 15 342 29 16 46
42 16 354 34 15 42
42 17 345 14 13 37
42 18 361 14 15 40
42 19 375 13 15 39
42 30 236 225 31 81
42 31 196 224 37 83
43 1 369 47 16 47
43 2 406 46 18 45
43 3 326 182 37 89
43 4 295 196 32 79
43 15 342 29 16 46
43 16 353 34 15 43
43 17 345 14 13 37
43 18 361 14 15 40
43 19 375 13 15 39
43 30 235 226 31 80
43 31 195 225 37 83
44 1 369 47 16 47
44 2 406 46 18 45
44 3 326 182 37 89
44 4 294 196 32 80
44 15 342 29 16 46
44 16 353 34 15 43
44 17 346 14 13 37
44 18 361 14 15 40
44 19 375 13 15 39
44 30 235 226 31 80
44 31 195 225 36 83
45 1 369 47 16 47
45 2 406 46 18 45
45 3 330 182 33 79
45 4 296 195 30 76
45 15 342 29 16 45
45 16 353 34 15 43
45 17 345 14 13 37
45 18 361 14 15 40
45 19 375 13 15 39
45 30 235 227 30 79
45 31 194 224 36 85
46 1 370 47 16 47
46 2 406 46 18 45
46 3 331 182 32 79
46 4 295 192 36 79
46 15 342 29 16 45
46 16 353 34 15 42
46 17 345 14 13 37
46 18 361 14 15 40
46 19 375 13 15 39
46 30 232 228 32 82
46 31 193 225 37 85
47 1 370 47 16 47
47 2 406 45 18 45
47 3 330 181 33 79
47 4 295 191 36 79
47 15 342 30 16 45
47 16 353 35 15 43
47 17 345 14 14 38
47 18 361 14 15 40
47 19 375 14 15 39
47 30 231 229 32 86
47 31 191 226 37 85
48 1 371 47 17 46
48 2 406 44 18 45
48 3 331 181 33 79
48 4 296 190 36 80
48 15 342 30 16 45
48 16 353 35 15 43
48 17 345 14 14 38
48 18 361 14 15 40
48 19 375 14 15 39
48 30 230 231 33 85
48 31 190 227 37 84
49 1 372 47 17 47
49 2 406 43 18 45
49 3 331 181 33 78
49 4 297 189 35 78
49 15 342 32 16 44
49 16 353 35 16 44
49 17 345 14 14 38
49 18 361 14 15 40
49 19 375 14 15 39
49 30 229 233 33 85
49 31 185 227 40 90
50 1 371 47 16 47
50 2 406 43 18 45
50 3 331 181 32 77
50 4 296 189 37 81
50 15 342 32 16 44
50 16 353 35 16 44
50 17 345 14 14 38
50 18 361 14 15 40
50 19 375 14 15 39
50 30 229 233 33 85
50 31 189 228 37 84
51 1 373 47 17 47
51 2 406 43 18 45
51 3 331 180 33 78
51 4 296 188 37 80
51 15 341 30 17 46
51 16 353 35 16 43
51 17 345 14 14 38
51 18 361 14 15 40
51 19 375 14 15 39
51 30 228 234 33 86
51 31 187 227 37 84
52 1 373 47 18 47
52 2 406 43 18 45
52 3 331 179 33 78
52 4 298 188 35 78
52 15 341 34 16 42
52 16 353 35 16 44
52 17 344 14 14 38
52 18 362 14 15 40
52 19 375 14 15 39
52 30 225 235 35 85
52 31 182 229 38 84
53 1 374 47 18 47
53 2 406 41 18 46
53 3 332 178 33 78
53 4 298 188 35 78
53 15 341 34 16 42
53 16 352 35 16 44
53 17 344 14 14 38
53 18 362 14 15 40
53 19 375 14 15 39
53 30 224 236 35 84
53 31 181 229 38 84
54 1 375 46 18 47
54 2 406 41 18 46
54 3 331 177 33 79
54 4 298 187 34 78
54 15 341 34 16 42
54 16 352 35 16 44
54 17 344 14 14 38
54 18 362 14 15 40
54 19 375 14 15 39
54 30 224 237 34 83
54 31 180 230 38 85
55 1 375 46 18 46
55 2 406 40 18 46
55 3 331 176 33 79
55 4 298 186 34 78
55 15 341 34 16 42
55 16 352 35 16 44
55 17 344 15 14 38
55 18 362 14 15 40
55 19 375 14 15 39
55 30 221 238 35 84
55 31 179 231 36 83
56 1 375 46 18 46
56 2 406 40 18 46
56 3 332 176 32 77
56 4 298 186 34 78
56 15 341 34 16 42
56 16 352 35 16 44
56 17 344 15 14 38
56 18 362 14 15 40
56 19 375 14 15 39
56 30 221 237 36 86
56 31 177 231 38 86
57 1 375 45 18 46
57 2 406 40 18 46
57 3 331 175 33 79
57 4 298 186 34 78
57 15 341 34 16 42
57 16 352 35 16 44
57 17 344 15 14 37
57 18 362 14 15 40
57 19 375 14 15 39
57 30 218 237 37 89
57 31 176 232 38 86
58 1 376 45 18 47
58 2 406 40 18 46
58 3 332 174 34 78
58 4 298 184 34 79
58 15 341 34 16 42
58 16 352 35 16 44
58 17 344 15 13 37
58 18 362 14 15 40
58 19 375 14 15 39
58 30 221 238 32 85
58 31 174 233 38 86
59 1 377 45 18 45
59 2 406 40 18 46
59 3 332 173 34 78
59 4 298 183 35 81
59 15 340 34 16 42
59 16 352 35 16 44
59 17 344 16 13 37
59 18 362 15 15 40
59 19 375 14 15 39
59 30 220 239 32 85
59 31 170 236 40 88
60 1 378 44 17 44
60 2 406 40 18 46
60 3 332 173 34 78
60 4 298 182 35 82
60 15 341 34 16 42
60 16 353 35 16 45
60 17 344 16 13 36
60 18 362 15 15 40
60 19 375 14 15 39
60 30 219 241 31 83
60 31 169 238 39 87
61 1 379 44 17 44
61 2 406 39 19 46
61 3 333 173 33 76
61 4 298 181 34 80
61 15 341 34 16 42
61 16 352 36 16 44
61 17 344 15 13 37
61 18 362 15 15 40
61 19 375 14 15 39
61 30 217 244 33 87
61 31 168 239 39 85
62 1 379 44 17 44
62 2 406 39 19 46
62 3 333 173 33 76
62 4 298 181 34 80
62 15 341 34 16 42
62 16 352 36 16 44
62 17 344 15 14 37
62 18 362 16 15 40
62 19 375 14 15 39
62 30 217 244 33 87
62 31 167 239 40 87
63 1 379 44 17 44
63 2 406 39 19 46
63 3 333 172 34 78
63 4 298 179 36 83
63 15 340 35 16 42
63 16 352 36 16 44
63 17 344 16 14 38
63 18 362 16 15 40
63 19 375 14 15 39
63 30 215 245 35 88
63 31 165 241 40 87
64 1 379 44 17 44
64 2 406 39 19 46
64 3 333 171 34 78
64 4 298 179 35 81
64 15 341 35 16 42
64 16 352 36 16 45
64 17 343 15 14 38
64 18 362 16 15 41
64 19 375 14 15 39
64 30 214 247 35 88
64 31 163 242 38 86
65 1 380 45 16 42
65 2 406 39 19 46
65 3 334 171 34 78
65 4 298 177 37 85
65 15 341 35 16 42
65 16 353 36 16 45
65 17 345 16 14 38
65 18 362 16 15 41
65 19 375 14 15 39
65 30 211 248 37 88
65 31 162 243 39 87
66 1 380 44 17 44
66 2 406 38 19 45
66 3 334 170 34 78
66 4 299 178 34 79
66 15 341 36 16 41
66 16 353 37 16 45
66 17 345 16 14 38
66 18 362 16 16 41
66 19 375 16 15 40
66 30 209 250 39 88
66 31 160 244 38 85
67 1 380 44 17 44
67 2 406 38 19 45
67 3 334 170 34 78
67 4 299 177 34 79
67 15 341 36 16 41
67 16 353 37 16 45
67 17 344 15 14 39
67 18 362 16 16 41
67 19 375 16 15 40
67 30 207 254 40 85
67 31 161 244 38 86
68 1 380 44 17 44
68 2 406 38 19 45
68 3 334 170 34 79
68 4 298 176 37 86
68 15 341 36 16 41
68 16 353 37 16 45
68 17 344 15 14 39
68 18 362 16 16 41
68 19 375 16 15 40
68 30 207 254 40 85
68 31 161 244 34 86
69 1 380 43 17 44
69 2 407 37 19 45
69 3 335 169 34 79
69 4 300 177 34 78
69 15 340 36 16 41
69 16 352 36 16 41
69 17 344 15 14 39
69 18 362 16 16 41
69 19 375 16 15 40
69 30 205 255 42 86
69 31 160 245 34 86
70 1 381 42 17 45
70 2 407 37 19 45
70 3 336 169 34 78
70 4 300 176 34 80
70 15 338 36 17 45
70 16 352 36 16 41
70 17 344 15 14 39
70 18 362 15 16 42
70 19 375 16 15 40
70 30 204 256 42 85
70 31 158 245 34 86
71 1 382 42 17 44
71 2 407 36 19 45
71 3 336 168 34 78
71 4 299 174 38 87
71 15 339 35 17 44
71 16 352 36 16 41
71 17 344 16 14 39
71 18 362 15 16 42
71 19 375 16 15 40
71 30 201 258 41 83
71 31 158 246 32 85
72 1 381 41 18 46
72 2 407 36 19 45
72 3 337 168 33 77
72 4 301 175 34 79
72 15 338 36 17 44
72 16 352 36 16 41
72 17 345 16 14 38
72 18 362 15 16 42
72 19 375 16 15 40
72 30 199 258 42 85
72 31 157 247 32 84
73 1 383 41 17 43
73 2 407 36 19 45
73 3 337 166 34 78
73 4 303 175 34 78
73 15 337 36 18 42
73 16 352 36 16 41
73 17 345 16 14 38
73 18 362 15 15 41
73 19 375 16 15 40
73 30 197 258 37 83
73 31 156 248 32 84
74 1 383 41 17 43
74 2 407 36 19 45
74 3 338 166 34 77
74 4 302 175 34 78
74 15 337 36 18 42
74 16 352 36 16 41
74 17 345 16 14 38
74 18 362 15 15 41
74 19 375 16 15 40
74 30 197 258 37 83
74 31 156 249 31 86
75 1 383 40 18 47
75 2 407 36 19 45
75 3 338 166 33 76
75 4 303 174 34 79
75 15 337 36 18 42
75 16 352 36 16 41
75 17 345 16 14 38
75 18 362 15 16 42
75 19 375 16 15 40
75 30 194 259 38 84
75 31 154 250 32 88
76 1 383 40 18 47
76 2 407 36 19 45
76 3 338 165 34 77
76 4 304 173 34 78
76 15 337 36 18 42
76 16 352 36 16 41
76 17 345 18 14 37
76 18 362 16 15 41
76 19 375 17 15 40
76 30 191 260 38 83
76 31 154 252 32 86
77 1 384 40 18 47
77 2 407 36 19 45
77 3 339 164 33 77
77 4 304 172 34 79
77 15 337 36 18 42
77 16 352 37 16 41
77 17 345 18 14 38
77 18 362 16 16 42
77 19 375 17 15 40
77 30 190 262 37 81
77 31 146 255 40 86
78 1 384 40 18 47
78 2 407 36 19 45
78 3 339 163 33 77
78 4 305 171 34 79
78 15 337 37 18 42
78 16 352 37 16 41
78 17 345 18 14 38
78 18 362 16 16 43
78 19 375 17 15 40
78 30 188 263 38 89
78 31 144 256 42 86
79 1 385 40 18 48
79 2 408 36 19 45
79 3 339 163 33 76
79 4 305 170 34 78
79 15 337 37 18 43
79 16 352 38 16 41
79 17 345 18 14 38
79 18 362 16 15 41
79 19 375 17 15 40
79 30 186 265 38 87
79 31 143 258 42 86
80 1 385 40 18 48
80 2 408 36 19 45
80 3 340 163 33 75
80 4 305 170 34 78
80 15 337 37 18 41
80 16 352 38 16 41
80 17 345 18 14 38
80 18 362 16 16 43
80 19 375 17 15 40
80 30 186 265 38 89
80 31 143 258 42 86
81 1 386 40 18 47
81 2 408 35 19 45
81 3 340 163 32 73
81 4 306 169 34 79
81 15 337 38 18 41
81 16 352 38 16 41
81 17 345 18 14 39
81 18 362 16 16 41
81 19 375 17 15 40
81 30 185 267 37 87
81 31 141 259 42 87
82 1 386 40 18 48
82 2 408 34 19 45
82 3 341 163 32 73
82 4 306 168 34 78
82 15 337 38 18 41
82 16 352 38 16 42
82 17 345 16 15 40
82 18 362 16 16 43
82 19 375 17 15 40
82 30 182 269 39 89
82 31 139 259 42 88
83 1 387 40 18 47
83 2 408 34 19 45
83 3 341 163 32 73
83 4 307 168 33 77
83 15 338 39 17 40
83 16 352 38 16 42
83 17 345 16 15 41
83 18 361 16 16 43
83 19 375 17 15 40
83 30 181 271 40 90
83 31 137 260 44 90
84 1 388 40 18 48
84 2 408 33 19 45
84 3 341 162 32 73
84 4 307 167 34 78
84 15 337 39 18 42
84 16 352 38 16 42
84 17 345 16 15 41
84 18 361 16 17 44
84 19 375 17 15 40
84 30 180 273 39 88
84 31 136 261 44 89
85 1 387 39 20 48
85 2 408 33 19 45
85 3 340 162 33 76
85 4 308 167 33 76
85 15 338 39 18 41
85 16 352 38 16 42
85 17 345 16 15 42
85 18 361 16 17 44
85 19 375 17 15 40
85 30 178 275 38 90
85 31 132 262 46 89
86 1 387 39 20 48
86 2 408 33 19 45
86 3 341 162 32 74
86 4 308 167 33 76
86 15 338 39 18 41
86 16 352 38 16 42
86 17 345 16 15 42
86 18 361 16 17 44
86 19 375 17 15 40
86 30 177 275 39 92
86 31 132 262 46 89
87 1 387 39 20 48
87 2 408 33 19 45
87 3 341 161 32 74
87 4 308 167 33 76
87 15 338 39 18 41
87 16 352 38 16 42
87 17 345 16 15 42
87 18 361 16 17 44
87 19 375 17 15 40
87 30 175 276 38 89
87 31 131 263 46 89
88 1 388 38 20 48
88 2 408 32 19 45
88 3 340 161 33 75
88 4 308 166 33 76
88 15 338 39 18 42
88 16 352 38 16 42
88 17 345 16 15 42
88 18 361 16 17 44
88 19 373 17 15 40
88 30 177 277 35 88
88 31 129 264 40 87
89 1 390 37 19 48
89 2 408 32 19 45
89 3 339 160 33 77
89 4 308 166 33 76
89 15 338 39 18 42
89 16 352 38 16 42
89 17 345 16 15 40
89 18 361 16 17 44
89 19 373 17 15 40
89 30 176 278 35 87
89 31 127 265 41 88
90 1 390 36 20 48
90 2 408 32 19 45
90 3 338 159 35 79
90 4 308 165 33 76
90 15 338 39 18 42
90 16 352 38 17 43
90 17 345 16 15 41
90 18 361 16 17 44
90 19 373 18 15 40
90 30 172 279 35 86
90 31 123 267 40 91
91 1 391 36 20 48
91 2 408 32 19 45
91 3 339 159 33 77
91 4 308 164 33 77
91 15 338 39 18 42
91 16 352 39 17 42
91 17 345 16 15 41
91 18 361 16 17 44
91 19 373 18 15 40
91 30 172 280 33 87
91 31 122 269 40 91
92 1 391 36 20 48
92 2 408 32 19 45
92 3 339 158 34 78
92 4 308 164 33 76
92 15 338 39 18 42
92 16 352 39 17 42
92 17 345 16 15 41
92 18 361 16 17 44
92 19 373 18 15 40
92 30 172 280 33 87
92 31 122 269 40 91
93 1 392 35 17 51
93 2 408 32 19 45
93 3 340 158 32 74
93 4 308 163 33 77
93 15 338 39 18 42
93 16 352 39 17 42
93 17 345 16 15 42
93 18 361 16 17 44
93 19 373 18 15 40
93 30 170 281 34 89
93 31 120 271 40 91
94 1 392 36 20 48
94 2 408 32 19 45
94 3 340 157 32 74
94 4 309 163 33 76
94 15 339 39 18 42
94 16 352 40 17 42
94 17 346 18 15 41
94 18 361 16 16 43
94 19 373 18 15 40
94 30 170 284 35 88
94 31 119 273 42 90
95 1 392 35 19 51
95 2 408 32 19 45
95 3 340 157 32 74
95 4 309 162 32 74
95 15 339 39 18 42
95 16 352 40 17 42
95 17 346 18 15 41
95 18 361 17 16 43
95 19 373 18 15 40
95 30 163 286 41 89
95 31 118 275 41 93
96 1 393 35 18 51
96 2 408 32 19 45
96 3 340 156 32 74
96 4 310 161 33 73
96 15 339 40 18 42
96 16 352 40 17 42
96 17 345 18 15 41
96 18 361 17 16 43
96 19 373 19 15 40
96 30 161 287 43 89
96 31 117 277 41 92
97 1 392 35 19 51
97 2 409 31 19 45
97 3 340 156 32 73
97 4 310 160 33 74
97 15 339 40 18 42
97 16 353 40 17 43
97 17 345 18 15 41
97 18 361 17 17 44
97 19 372 19 15 40
97 30 159 289 43 90
97 31 115 279 41 91
98 1 393 35 18 51
98 2 409 31 19 45
98 3 340 156 32 73
98 4 310 160 33 74
98 15 339 40 18 42
98 16 353 40 17 43
98 17 345 18 15 41
98 18 360 17 16 44
98 19 372 19 15 40
98 30 159 289 43 90
98 31 115 279 40 94
99 1 394 35 18 50
99 2 409 31 19 45
99 3 340 155 32 73
99 4 310 159 33 74
99 15 339 41 18 42
99 16 353 40 17 43
99 17 345 18 16 41
99 18 360 17 16 44
99 19 372 19 15 40
99 30 157 290 46 90
99 31 114 281 40 93
100 1 395 35 17 50
100 2 409 30 19 45
100 3 341 156 31 71
100 4 310 159 33 74
100 15 338 41 18 42
100 16 353 40 17 43
100 17 345 18 16 41
100 18 360 18 16 44
100 19 372 19 15 40
100 30 154 291 47 90
100 31 114 282 39 92
101 1 395 35 17 50
101 2 409 30 19 45
101 3 340 155 32 73
101 4 310 158 33 75
101 15 339 41 18 43
101 16 353 40 17 43
101 17 345 18 16 41
101 18 360 18 16 44
101 19 372 19 15 40
101 30 152 292 46 91
101 31 113 282 37 91
102 1 397 34 16 51
102 2 409 29 19 45
102 3 340 155 32 73
102 4 310 158 34 75
102 15 339 41 18 43
102 16 353 40 17 43
102 17 345 19 16 41
102 18 360 18 16 44
102 19 372 19 15 40
102 30 151 292 45 91
102 31 111 283 38 90
103 1 397 34 16 50
103 2 409 29 19 45
103 3 339 155 33 75
103 4 311 158 33 75
103 15 338 42 18 42
103 16 353 41 17 43
103 17 345 19 16 41
103 18 360 18 16 43
103 19 372 19 15 40
103 30 147 294 45 88
103 31 111 284 37 89
104 1 398 36 17 47
104 2 409 29 19 45
104 3 339 155 33 75
104 4 311 158 34 75
104 15 338 42 18 42
104 16 353 41 17 43
104 17 345 19 16 41
104 18 360 18 16 43
104 19 372 19 15 40
104 30 147 294 45 88
104 31 111 284 37 89
105 1 398 34 17 49
105 2 409 29 19 45
105 3 339 154 33 75
105 4 311 157 34 75
105 15 338 42 18 43
105 16 352 41 17 43
105 17 345 19 16 42
105 18 360 18 16 44
105 19 372 19 15 40
105 30 142 294 42 88
105 31 109 283 36 93
106 1 398 34 17 49
106 2 409 29 19 45
106 3 340 154 33 75
106 4 311 157 33 74
106 15 339 42 18 43
106 16 352 41 17 43
106 17 345 19 16 42
106 18 359 18 16 44
106 19 372 19 15 40
106 30 141 295 41 87
106 31 107 284 36 94
107 1 399 33 17 49
107 2 409 29 19 45
107 3 340 153 33 76
107 4 312 156 32 73
107 15 338 42 18 43
107 16 352 41 17 44
107 17 344 19 16 42
107 18 359 18 16 44
107 19 371 19 15 40
107 30 139 296 39 89
107 31 106 286 37 92
108 1 399 33 17 49
108 2 409 29 19 45
108 3 340 152 33 76
108 4 313 156 32 72
108 15 338 42 19 44
108 16 352 41 17 44
108 17 344 19 16 42
108 18 359 18 16 45
108 19 371 19 15 40
108 30 138 298 38 95
108 31 105 288 37 94
109 1 400 34 16 45
109 2 409 29 19 45
109 3 341 151 34 76
109 4 315 155 31 71
109 15 339 42 18 43
109 16 352 41 18 45
109 17 344 19 16 42
109 18 359 18 16 45
109 19 371 21 15 39
109 30 136 300 40 97
109 31 104 290 37 93
110 1 400 34 16 45
110 2 409 29 19 45
110 3 341 151 34 76
110 4 315 155 32 71
110 15 339 42 18 43
110 16 352 41 18 45
110 17 344 19 16 42
110 18 359 18 16 45
110 19 371 21 15 39
110 30 136 300 40 97
110 31 104 290 37 93
111 1 400 34 16 45
111 2 409 27 19 46
111 3 341 151 32 74
111 4 314 154 32 71
111 15 339 42 18 42
111 16 352 41 18 45
111 17 344 19 16 42
111 18 359 18 16 45
111 19 371 21 15 39
111 30 135 302 40 95
111 31 102 292 36 94
112 1 401 34 16 44
112 2 409 27 19 46
112 3 340 149 35 79
112 4 315 153 32 71
112 15 339 42 18 42
112 16 352 41 18 45
112 17 344 19 16 43
112 18 359 18 16 45
112 19 371 21 15 39
112 30 133 304 41 97
112 31 101 295 42 95
113 1 401 34 15 44
113 2 409 27 19 46
113 3 341 149 35 79
113 4 315 152 32 71
113 15 339 43 18 42
113 16 352 41 18 45
113 17 344 19 16 43
113 18 359 18 16 45
113 19 371 21 15 39
113 30 130 306 42 96
113 31 99 297 41 97
114 1 402 34 16 44
114 2 409 29 18 42
114 3 344 149 32 72
114 4 316 152 31 71
114 15 339 43 18 42
114 16 352 41 18 45
114 17 344 19 16 43
114 18 359 20 16 43
114 19 371 21 15 39
114 30 129 308 40 95
114 31 95 296 44 99
115 1 402 34 16 44
115 2 409 29 18 42
115 3 345 149 31 71
115 4 316 152 31 71
115 15 339 44 18 42
115 16 352 41 18 45
115 17 344 19 16 43
115 18 359 20 16 43
115 19 371 21 15 39
115 30 128 310 40 93
115 31 93 299 44 98
116 1 402 34 16 44
116 2 409 29 18 42
116 3 345 149 31 71
116 4 316 152 31 71
116 15 340 44 18 41
116 16 352 41 18 45
116 17 344 19 16 43
116 18 359 20 16 43
116 19 371 21 15 39
116 30 128 310 40 93
116 31 93 299 46 97
117 1 403 34 16 44
117 2 409 29 18 42
117 3 346 147 31 72
117 4 316 151 31 71
117 15 339 44 18 42
117 16 352 41 18 45
117 17 344 19 16 43
117 18 359 20 16 43
117 19 371 21 15 39
117 30 125 312 39 92
117 31 92 300 46 96
118 1 404 35 15 43
118 2 409 29 18 42
118 3 346 147 31 72
118 4 318 151 30 71
118 15 340 45 17 41
118 16 352 42 17 45
118 17 344 20 16 43
118 18 358 20 16 43
118 19 371 22 15 39
118 30 124 313 39 94
118 31 88 300 46 96
119 1 404 34 15 43
119 2 409 29 18 42
119 3 346 147 31 72
119 4 318 151 30 71
119 15 340 45 17 41
119 16 353 42 18 45
119 17 344 20 16 42
119 18 359 20 16 43
119 19 370 22 15 39
119 30 123 314 36 93
119 31 87 301 46 95
120 1 405 34 16 43
120 2 410 29 18 42
120 3 347 147 31 72
120 4 318 151 29 70
120 15 340 47 16 38
120 16 353 42 18 45
120 17 344 20 16 43
120 18 359 21 16 43
120 19 370 22 15 39
120 30 120 315 38 92
120 31 86 302 45 94
121 1 405 33 17 44
121 2 410 29 18 42
121 3 347 146 30 71
121 4 318 150 30 71
121 15 340 45 18 41
121 16 353 43 17 44
121 17 345 20 16 43
121 18 359 21 16 43
121 19 370 22 15 39
121 30 118 316 39 94
121 31 81 303 46 97
122 1 405 33 16 44
122 2 410 29 18 42
122 3 347 146 31 72
122 4 319 150 30 70
122 15 340 45 18 41
122 16 353 43 17 44
122 17 345 20 16 43
122 18 359 21 16 43
122 19 370 22 15 39
122 30 117 317 39 92
122 31 81 303 46 97
123 1 406 32 17 46
123 2 410 29 18 42
123 3 348 146 30 71
123 4 319 150 30 70
123 15 340 47 17 40
123 16 354 44 17 43
123 17 345 20 16 43
123 18 359 21 16 44
123 19 369 22 15 39
123 30 117 319 38 93
123 31 80 305 45 94
124 1 406 32 17 45
124 2 410 29 18 42
124 3 348 146 30 70
124 4 319 150 29 69
124 15 340 45 18 41
124 16 354 44 17 43
124 17 345 20 16 44
124 18 359 21 16 44
124 19 369 22 15 39
124 30 115 321 38 95
124 31 79 307 43 98
125 1 406 32 17 45
125 2 410 29 18 42
125 3 348 145 31 71
125 4 319 149 29 69
125 15 340 47 18 40
125 16 354 44 17 43
125 17 345 20 16 44
125 18 359 21 17 44
125 19 369 23 15 39
125 30 114 323 38 99
125 31 78 309 43 98
126 1 407 32 17 45
126 2 410 29 18 42
126 3 348 144 31 71
126 4 319 149 29 69
126 15 340 45 18 42
126 16 354 45 17 43
126 17 345 20 17 44
126 18 359 21 17 44
126 19 368 23 15 39
126 30 113 325 40 99
126 31 76 311 43 103
127 1 407 32 17 45
127 2 410 29 18 42
127 3 348 144 30 70
127 4 319 148 29 69
127 15 340 47 18 41
127 16 355 45 17 43
127 17 345 20 17 45
127 18 358 21 17 44
127 19 368 23 15 39
127 30 112 327 40 99
127 31 75 313 42 102
128 1 407 32 17 45
128 2 410 29 18 42
128 3 348 144 30 71
128 4 319 148 29 69
128 5 -19 352 49 108
128 15 340 47 18 40
128 16 355 45 17 43
128 17 345 20 17 45
128 18 358 21 17 44
128 19 368 23 15 39
128 30 112 327 40 99
128 31 75 313 42 102
129 1 408 32 17 44
129 2 410 29 18 42
129 3 348 143 30 69
129 4 319 147 29 68
129 5 -14 352 45 100
129 15 341 48 17 39
129 16 355 45 17 43
129 17 345 20 17 45
129 18 359 21 17 45
129 19 368 23 15 39
129 30 111 329 40 98
129 31 72 316 43 103
130 1 408 32 17 44
130 2 410 27 18 43
130 3 349 142 29 68
130 4 319 146 30 71
130 5 -12 349 43 97
130 15 340 47 19 42
130 16 355 45 17 43
130 17 345 20 17 45
130 18 359 21 17 44
130 19 368 23 15 39
130 30 105 330 44 100
130 31 70 318 43 103
131 1 408 32 17 45
131 2 410 27 18 43
131 3 350 141 29 67
131 4 320 146 28 65
131 5 -10 345 43 100
131 15 341 49 18 42
131 16 355 45 17 43
131 17 345 20 17 45
131 18 357 21 17 44
131 19 368 23 15 39
131 30 103 332 46 99
131 31 68 322 43 102
132 1 409 33 17 45
132 2 411 26 18 43
132 3 348 140 29 68
132 4 320 145 28 65
132 5 -4 343 39 101
132 15 341 49 18 42
132 16 355 45 17 43
132 17 345 20 17 46
132 18 357 21 17 44
132 19 368 23 15 39
132 30 102 334 45 98
132 31 67 324 44 101
133 1 409 33 17 45
133 2 411 26 18 43
133 3 348 140 30 69
133 4 320 145 29 67
133 5 -2 341 34 103
133 15 341 50 18 42
133 16 356 46 17 43
133 17 345 21 17 47
133 18 357 21 17 44
133 19 368 24 15 39
133 30 101 334 45 97
133 31 66 326 42 100
134 1 409 33 17 45
134 2 411 26 18 43
134 3 348 140 30 69
134 4 319 144 30 71
134 5 -2 341 34 103
134 15 341 50 18 42
134 16 355 46 17 43
134 17 345 21 17 47
134 18 357 22 17 44
134 19 368 24 15 39
134 30 99 335 44 98
134 31 66 326 42 100
135 1 409 33 17 45
135 2 411 26 18 43
135 3 353 140 27 64
135 4 320 144 30 71
135 5 -1 339 42 105
135 15 341 50 18 42
135 16 355 46 17 43
135 17 345 21 17 47
135 18 357 22 17 44
135 19 368 24 15 39
135 30 95 336 45 100
135 31 65 328 43 103
136 1 409 33 17 45
136 2 411 26 18 43
136 3 353 140 27 64
136 4 320 143 30 71
136 5 -4 338 46 105
136 15 341 50 18 42
136 16 356 46 17 44
136 17 345 21 17 47
136 18 357 22 17 44
136 19 368 24 15 39
136 30 90 338 46 99
136 31 63 330 43 100
137 1 409 32 17 45
137 2 411 26 18 43
137 3 353 140 27 64
137 4 320 143 30 71
137 5 -2 336 51 106
137 15 341 51 18 42
137 16 356 47 18 44
137 17 345 21 17 47
137 18 357 22 17 44
137 19 368 24 15 39
137 30 88 339 47 101
137 31 61 331 43 101
138 1 409 32 17 45
138 2 411 26 18 43
138 3 353 140 27 64
138 4 320 143 30 71
138 5 -4 336 53 106
138 15 341 51 18 42
138 16 355 47 17 44
138 17 345 21 17 47
138 18 357 22 17 44
138 19 368 24 15 39
138 30 89 340 45 98
138 31 61 331 39 100
139 1 409 32 17 45
139 2 411 26 18 43
139 3 353 140 27 63
139 4 320 143 30 71
139 5 -4 336 53 106
139 15 341 51 18 42
139 16 355 47 17 44
139 17 346 21 16 44
139 18 357 22 17 44
139 19 368 24 15 39
139 30 89 340 45 98
139 31 61 331 39 100
140 1 409 32 17 45
140 2 411 26 18 43
140 3 353 140 27 64
140 4 320 143 30 71
140 5 -4 336 53 106
140 15 341 51 18 42
140 16 356 47 18 44
140 17 346 21 16 44
140 18 357 22 17 44
140 19 368 24 15 39
140 30 89 340 45 98
140 31 61 331 39 100
141 1 409 32 17 45
141 2 411 26 18 43
141 3 353 140 27 64
141 4 320 143 30 71
141 5 -4 336 53 106
141 15 341 51 18 42
141 16 358 50 15 41
141 17 346 21 16 44
141 18 357 22 17 44
141 19 367 24 15 39
141 30 89 340 45 98
141 31 61 331 39 100
142 1 409 32 17 45
142 2 411 26 18 43
142 3 353 140 27 63
142 4 320 143 30 71
142 5 -4 336 53 106
142 15 341 51 18 42
142 16 358 50 15 41
142 17 346 21 16 44
142 18 357 22 17 44
142 19 367 24 15 39
142 30 89 340 45 98
142 31 61 331 39 100
143 1 409 32 17 45
143 2 411 26 18 43
143 3 353 140 27 63
143 4 320 143 30 71
143 5 -6 336 56 106
143 15 341 51 18 42
143 16 358 50 15 41
143 17 346 21 16 44
143 18 357 22 17 44
143 19 367 24 15 39
143 30 89 340 45 98
143 31 61 331 39 100
144 1 409 32 17 45
144 2 411 26 18 43
144 3 353 140 27 63
144 4 320 143 30 71
144 5 -6 336 56 106
144 15 341 51 18 42
144 16 358 50 15 41
144 17 346 21 16 44
144 18 357 22 17 44
144 19 367 24 15 39
144 30 89 340 45 98
144 31 61 331 39 100
145 1 409 32 17 45
145 2 411 26 18 43
145 3 353 140 27 63
145 4 320 143 30 71
145 5 -6 336 56 106
145 15 341 51 18 42
145 16 358 50 15 41
145 17 346 21 16 44
145 18 357 22 17 44
145 19 367 24 15 39
145 30 88 339 47 100
145 31 61 331 39 100
146 1 409 32 17 45
146 2 411 26 18 43
146 3 353 140 27 63
146 4 320 143 30 71
146 5 -6 336 56 106
146 15 341 51 18 42
146 16 358 50 15 41
146 17 346 21 16 44
146 18 357 22 17 44
146 19 367 24 15 39
146 30 88 339 47 101
146 31 61 331 39 100
147 1 409 32 17 45
147 2 411 26 18 43
147 3 353 140 27 68
147 4 320 143 30 71
147 5 -6 336 56 106
147 15 341 51 18 42
147 16 358 50 15 41
147 17 346 21 16 44
147 18 357 22 17 44
147 19 367 24 15 39
147 30 88 339 47 101
147 31 61 331 39 100
148 1 409 32 17 45
148 2 411 26 18 43
148 3 353 140 27 68
148 4 320 143 30 71
148 5 -6 336 56 106
148 15 341 51 18 42
148 16 358 50 15 41
148 17 346 21 16 44
148 18 357 22 17 44
148 19 367 24 15 39
148 30 88 339 47 101
148 31 61 331 39 100
149 1 409 32 17 45
149 2 411 26 18 43
149 3 353 140 27 68
149 4 320 143 30 71
149 5 -6 336 56 106
149 15 341 51 18 42
149 16 358 50 15 41
149 17 346 21 16 44
149 18 357 24 16 44
149 19 367 24 15 39
149 30 89 339 46 98
149 31 61 331 39 100
150 1 409 32 17 45
150 2 411 26 18 43
150 3 353 140 27 68
150 4 320 143 30 71
150 5 -6 336 56 106
150 15 341 51 18 42
150 16 358 50 15 41
150 17 346 21 16 44
150 18 357 24 16 44
150 19 367 24 15 39
150 30 89 339 46 98
150 31 61 331 39 100
151 1 409 32 17 45
151 2 411 26 18 43
151 3 353 140 27 68
151 4 320 143 30 71
151 5 -6 336 56 106
151 15 341 51 18 42
151 16 358 50 15 41
151 17 346 21 16 44
151 18 357 24 16 44
151 19 367 24 15 39
151 30 89 339 46 98
151 31 61 331 39 100
152 1 409 32 17 45
152 2 411 26 18 43
152 3 353 140 27 68
152 4 320 143 30 71
152 5 -6 336 56 106
152 15 341 51 18 42
152 16 358 50 15 41
152 17 344 21 17 44
152 18 357 24 16 44
152 19 367 24 15 39
152 30 89 339 46 98
152 31 61 331 39 100
153 1 409 32 17 45
153 2 411 26 18 43
153 3 353 140 27 68
153 4 320 143 30 71
153 5 -6 336 56 106
153 15 341 51 18 42
153 16 358 50 15 41
153 17 344 21 17 44
153 18 357 24 16 44
153 19 367 24 15 39
153 30 89 339 46 98
153 31 61 331 39 100
154 1 409 32 17 45
154 2 411 26 18 43
154 3 353 140 27 68
154 4 320 143 30 71
154 5 -6 336 56 106
154 15 341 51 18 42
154 16 358 50 15 41
154 17 344 21 17 44
154 18 357 24 16 44
154 19 367 24 15 39
154 20 377 -8 11 29
154 30 89 339 46 98
154 31 61 331 39 100
155 1 409 32 17 45
155 2 411 26 18 43
155 3 353 140 27 68
155 4 320 143 30 71
155 5 -6 336 56 106
155 15 341 51 18 42
155 16 358 50 15 41
155 17 344 21 17 44
155 18 357 24 16 44
155 19 367 24 15 39
155 20 377 -8 11 29
155 30 89 339 46 98
155 31 61 331 39 100
156 1 409 32 17 45
156 2 411 26 18 43
156 3 353 140 27 68
156 4 320 143 30 71
156 5 -6 336 56 106
156 15 341 51 18 42
156 16 358 50 15 41
156 17 344 21 17 44
156 18 357 24 16 44
156 19 367 24 15 39
156 20 377 -8 11 29
156 30 89 339 46 98
156 31 61 331 39 100
157 1 409 30 17 45
157 2 411 26 18 43
157 3 353 140 27 68
157 4 320 143 30 71
157 5 -6 336 56 106
157 15 341 51 18 42
157 16 358 50 15 41
157 17 344 21 17 44
157 18 357 24 16 44
157 19 367 24 15 39
157 20 377 -8 11 29
157 30 88 339 47 100
157 31 61 331 39 100
158 1 409 30 17 45
158 2 411 26 18 43
158 3 352 140 28 68
158 4 320 143 30 71
158 5 -6 336 56 106
158 15 341 51 18 42
158 16 358 50 15 41
158 17 344 21 17 44
158 18 357 24 16 44
158 19 367 24 15 39
158 20 377 -8 11 29
158 30 88 339 47 101
158 31 61 331 39 100
159 1 409 30 17 45
159 2 411 26 18 43
159 3 352 140 28 68
159 4 320 143 30 71
159 5 -6 336 56 106
159 15 341 51 18 42
159 16 358 50 15 41
159 17 344 21 17 44
159 18 357 24 16 44
159 19 367 24 15 39
159 20 377 -8 11 29
159 30 88 339 47 101
159 31 61 331 39 100
160 1 409 30 17 45
160 2 411 26 18 43
160 3 352 140 28 68
160 4 320 143 30 71
160 5 -6 336 56 106
160 15 341 51 18 42
160 16 358 50 15 41
160 17 344 21 17 44
160 18 357 24 16 44
160 19 367 24 15 39
160 20 377 -8 11 29
160 30 88 339 47 101
160 31 61 331 39 100
161 1 409 30 17 45
161 2 411 26 18 43
161 3 352 140 28 68
161 4 320 143 30 71
161 5 -6 336 56 106
161 15 341 51 18 42
161 16 358 50 15 41
161 17 344 21 17 44
161 18 357 24 16 44
161 19 367 24 15 39
161 20 377 -8 11 29
161 30 89 339 46 98
161 31 61 331 39 100
162 1 409 30 17 45
162 2 411 26 18 43
162 3 352 140 28 68
162 4 320 143 30 71
162 5 -6 336 56 106
162 15 341 51 18 42
162 16 358 50 15 41
162 17 344 21 17 44
162 18 357 24 16 44
162 19 367 24 15 39
162 20 377 -8 11 29
162 30 89 339 46 98
162 31 61 331 39 100
163 1 409 30 17 45
163 2 411 26 18 43
163 3 352 140 28 68
163 4 320 143 30 71
163 5 -6 336 56 106
163 15 341 51 18 42
163 16 358 50 15 41
163 17 344 21 17 44
163 18 357 24 16 44
163 19 367 24 15 39
163 20 377 -8 11 29
163 30 89 339 46 98
163 31 61 331 39 100
164 1 411 25 17 47
164 2 413 21 18 42
164 3 359 128 26 63
164 4 325 131 28 67
164 5 64 293 35 94
164 15 339 56 18 43
164 16 355 55 17 46
164 17 341 24 18 47
164 18 355 28 17 45
164 19 366 27 15 39
164 20 375 -5 12 30
164 30 37 397 59 101
164 31 2 375 44 103
165 1 411 25 17 47
165 2 413 21 18 42
165 3 359 128 26 63
165 4 325 131 28 67
165 5 64 293 35 94
165 15 339 56 18 43
165 16 355 55 17 46
165 17 341 24 18 47
165 18 354 28 17 45
165 19 366 27 15 39
165 20 375 -5 12 30
165 30 37 397 59 101
165 31 2 375 44 103
166 1 411 25 17 46
166 2 413 21 18 42
166 3 359 127 26 64
166 4 325 131 29 68
166 5 65 292 35 95
166 15 339 57 18 42
166 16 355 55 17 46
166 17 341 24 18 47
166 18 354 29 17 45
166 19 364 28 15 39
166 20 375 -5 12 30
166 30 35 399 59 100
166 31 0 378 44 101
167 1 411 25 17 45
167 2 413 20 18 42
167 3 360 127 27 65
167 4 325 130 28 67
167 5 67 290 44 97
167 15 339 57 18 42
167 16 354 55 17 46
167 17 341 24 18 47
167 18 354 29 17 45
167 19 364 28 15 39
167 20 375 -5 12 30
167 30 34 401 50 99
167 31 -1 381 42 101
168 1 411 25 17 45
168 2 413 20 18 42
168 3 360 127 26 64
168 4 326 130 28 67
168 5 64 289 48 98
168 15 339 58 18 43
168 16 354 56 17 46
168 17 340 24 18 48
168 18 354 29 17 45
168 19 364 28 15 39
168 20 375 -5 12 30
168 30 33 404 44 97
168 31 -2 383 42 101
169 1 411 25 17 45
169 2 413 20 18 42
169 3 360 127 27 64
169 4 326 130 28 67
169 5 65 286 52 100
169 15 339 57 19 44
169 16 354 56 16 46
169 17 340 24 18 48
169 18 354 29 17 45
169 19 364 29 15 39
169 20 375 -5 12 30
169 30 29 405 48 109
169 31 -6 386 41 101
170 1 411 24 17 45
170 2 413 20 18 42
170 3 360 127 26 64
170 4 327 130 28 66
170 5 67 284 55 101
170 15 339 57 19 44
170 16 354 56 16 46
170 17 340 24 18 48
170 18 354 30 17 45
170 19 364 29 15 39
170 20 375 -5 12 30
170 30 27 408 47 109
170 31 -8 387 42 100
171 1 411 24 17 45
171 2 413 20 18 42
171 3 360 127 26 64
171 4 326 130 28 67
171 5 67 284 53 101
171 15 339 57 19 44
171 16 353 56 17 46
171 17 340 24 18 48
171 18 354 30 17 45
171 19 364 29 15 39
171 20 375 -5 12 30
171 30 28 408 47 114
171 31 -8 387 42 100
172 1 411 24 16 44
172 2 413 20 18 42
172 3 361 127 26 64
172 4 328 131 28 66
172 5 70 282 53 101
172 15 339 57 19 44
172 16 353 56 17 46
172 17 340 25 18 47
172 18 353 30 17 45
172 19 364 29 15 39
172 20 375 -5 12 30
172 30 27 412 45 113
172 31 -9 390 42 98
173 1 411 24 17 45
173 2 413 19 18 42
173 3 361 127 26 64
173 4 328 131 28 66
173 5 72 281 51 102
173 15 339 57 19 44
173 16 353 56 17 46
173 17 340 25 18 47
173 18 353 30 17 45
173 19 364 29 15 39
173 20 375 -4 12 30
173 30 24 415 49 113
173 31 -10 391 41 98
174 1 411 24 17 46
174 2 413 19 18 42
174 3 362 126 26 64
174 4 329 130 28 66
174 5 74 280 49 102
174 15 338 58 19 44
174 16 353 56 17 46
174 17 340 25 18 48
174 18 353 30 17 45
174 19 364 30 15 39
174 20 375 -4 12 30
174 30 23 418 48 111
174 31 -11 392 38 99
175 1 410 23 17 47
175 2 413 19 18 42
175 3 362 125 26 64
175 4 329 130 28 66
175 5 81 279 45 96
175 15 338 58 19 44
175 16 353 56 17 46
175 17 339 25 18 48
175 18 353 30 17 45
175 19 364 30 15 39
175 20 375 -4 12 30
175 30 20 422 48 111
175 31 -14 394 39 100
176 1 410 25 17 47
176 2 413 19 18 42
176 3 363 123 26 65
176 4 329 128 28 67
176 5 85 277 40 95
176 15 338 58 19 44
176 16 352 57 17 46
176 17 338 27 18 47
176 18 353 30 17 45
176 19 364 30 15 39
176 20 375 -4 12 30
176 30 14 422 55 112
176 31 -15 396 38 100
177 1 410 25 17 47
177 2 413 19 18 42
177 3 363 123 26 64
177 4 330 129 27 63
177 5 85 277 40 95
177 15 338 58 19 44
177 16 352 57 17 46
177 17 338 27 18 47
177 18 353 30 17 45
177 19 364 30 15 39
177 20 375 -4 12 30
177 30 14 422 56 108
177 31 -15 396 37 100
178 1 410 25 17 47
178 2 413 19 18 42
178 3 363 123 26 64
178 4 330 128 28 67
178 5 88 275 39 93
178 15 338 58 19 45
178 16 351 57 17 47
178 17 338 27 18 47
178 18 353 30 17 45
178 19 364 30 15 39
178 20 374 -4 12 30
178 30 13 425 54 107
178 31 -17 399 38 100
179 1 410 25 17 47
179 2 413 19 18 42
179 3 364 122 25 63
179 4 330 127 28 66
179 5 91 274 41 91
179 15 337 58 19 45
179 16 352 57 17 47
179 17 338 27 18 47
179 18 353 31 17 45
179 19 364 30 15 39
179 20 374 -4 12 30
179 30 12 427 47 105
179 31 -20 402 38 99
180 1 410 25 17 47
180 2 413 19 18 42
180 3 364 121 25 63
180 4 332 127 26 60
180 5 94 273 42 92
180 15 337 58 19 45
180 16 351 57 18 48
180 17 337 27 18 47
180 18 353 31 17 45
180 19 364 31 15 40
180 20 374 -4 12 30
180 30 10 429 47 104
180 31 -21 406 36 99
181 1 410 25 17 47
181 2 413 19 18 42
181 3 364 121 26 63
181 4 331 126 28 67
181 5 99 272 42 93
181 15 338 59 19 43
181 16 351 58 17 47
181 17 337 27 18 48
181 18 353 31 17 45
181 19 364 31 15 40
181 20 374 -3 12 30
181 30 3 432 43 106
181 31 -24 408 36 100
182 1 410 25 17 47
182 2 413 19 18 42
182 3 365 121 25 62
182 4 331 126 28 67
182 5 100 271 45 94
182 15 337 59 19 44
182 16 351 60 17 46
182 17 337 27 19 48
182 18 353 31 17 45
182 19 364 31 15 40
182 20 374 -3 12 30
182 30 1 434 44 100
182 31 -25 412 36 100
183 1 410 25 17 46
183 2 413 19 18 42
183 3 365 121 25 61
183 4 332 126 28 66
183 5 100 271 45 94
183 15 337 59 19 44
183 16 351 60 17 46
183 17 337 27 19 48
183 18 353 31 17 45
183 19 364 31 15 40
183 20 374 -3 12 30
183 30 0 434 48 101
183 31 -25 412 36 100
184 1 410 25 16 45
184 2 413 18 18 42
184 3 364 120 26 64
184 4 332 125 28 66
184 5 102 272 45 91
184 15 336 60 19 45
184 16 351 60 17 46
184 17 337 27 19 49
184 18 353 33 17 44
184 19 364 31 15 40
184 20 373 -3 12 30
184 30 0 438 45 98
185 1 410 25 16 45
185 2 413 18 18 42
185 3 364 120 26 65
185 4 332 125 28 66
185 5 104 271 45 91
185 15 336 60 19 45
185 16 351 60 17 46
185 17 336 27 19 49
185 18 353 33 17 44
185 19 364 31 15 40
185 20 373 -3 12 30
185 30 -7 439 53 99
186 1 410 24 16 45
186 2 413 18 18 42
186 3 368 120 24 58
186 4 331 125 28 64
186 5 105 269 47 92
186 15 337 60 19 44
186 16 351 60 17 46
186 17 336 27 19 50
186 18 353 33 17 44
186 19 364 31 15 40
186 20 373 -3 12 30
186 30 -8 443 52 93
187 1 411 24 16 44
187 2 413 18 18 42
187 3 366 120 25 63
187 4 331 125 28 64
187 5 108 269 46 91
187 15 336 61 19 44
187 16 351 60 17 46
187 17 336 27 19 50
187 18 353 33 17 44
187 19 364 31 15 40
187 20 373 -3 12 30
187 30 -11 445 58 92
188 1 410 23 17 47
188 2 413 18 18 42
188 3 365 119 26 65
188 4 331 124 28 64
188 5 113 267 39 89
188 15 336 61 19 44
188 16 350 60 17 47
188 17 336 27 19 50
188 18 353 33 17 44
188 19 364 32 15 40
188 20 373 -1 12 29
188 30 -15 448 62 89
189 1 410 23 17 47
189 2 413 18 18 42
189 3 369 120 23 56
189 4 331 124 28 64
189 5 113 267 39 89
189 15 336 61 19 44
189 16 350 60 17 47
189 17 336 27 19 50
189 18 353 33 17 44
189 19 365 32 15 40
189 20 373 -1 12 29
189 30 -15 448 63 85
190 1 410 23 17 47
190 2 413 17 18 42
190 3 369 119 23 56
190 4 331 123 28 65
190 5 114 265 39 90
190 15 336 61 19 44
190 16 350 60 18 47
190 17 336 28 19 50
190 18 352 33 17 44
190 19 366 32 15 40
190 20 373 -1 12 29
190 30 -19 451 63 86
191 1 410 23 17 47
191 2 413 17 18 42
191 3 369 119 23 56
191 4 331 122 29 65
191 5 118 263 39 88
191 15 335 61 19 45
191 16 350 61 17 47
191 17 336 28 19 50
191 18 352 34 17 44
191 19 366 32 15 40
191 20 373 -1 12 29
191 30 -23 453 69 88
192 1 410 23 16 46
192 2 413 17 18 42
192 3 369 118 23 57
192 4 331 121 29 66
192 5 119 261 38 86
192 15 335 61 19 45
192 16 350 61 17 46
192 17 336 28 19 50
192 18 352 34 17 44
192 19 366 32 15 40
192 20 373 -1 12 29
192 30 -27 456 71 81
193 1 410 23 17 46
193 2 413 15 18 43
193 3 369 118 23 56
193 4 332 121 27 62
193 5 120 259 38 87
193 15 335 61 20 45
193 16 349 61 17 47
193 17 335 28 19 50
193 18 352 34 17 44
193 19 366 32 15 40
193 20 373 -1 12 29
193 30 -32 459 73 82
194 1 411 23 16 46
194 2 413 15 18 43
194 3 369 116 23 56
194 4 332 120 28 63
194 5 123 257 38 86
194 15 334 61 20 47
194 16 349 62 18 47
194 17 335 28 19 50
194 18 352 34 17 44
194 19 366 32 15 40
194 20 373 -1 12 29
194 30 -36 459 75 86
195 1 411 23 16 46
195 2 413 15 18 43
195 3 369 116 23 57
195 4 331 118 30 70
195 5 121 257 34 88
195 15 334 61 20 47
195 16 349 62 18 48
195 17 335 28 19 50
195 18 352 34 17 44
195 19 366 32 15 40
195 20 373 -1 12 29
195 30 -36 459 69 87
196 1 410 22 17 47
196 2 413 15 18 43
196 3 369 116 22 56
196 4 331 118 30 70
196 5 122 256 34 89
196 15 333 62 19 45
196 16 349 62 18 48
196 17 336 29 18 48
196 18 352 34 17 44
196 19 366 32 15 40
196 20 373 -1 12 29
196 30 -32 461 62 77
197 1 411 23 17 46
197 2 413 15 18 43
197 3 369 115 23 56
197 4 334 118 27 62
197 5 124 254 35 90
197 15 334 62 20 47
197 16 350 62 17 46
197 17 336 29 18 48
197 18 352 34 17 44
197 19 366 34 15 39
197 20 373 -1 12 29
197 30 -35 463 35 84
198 1 410 22 17 47
198 2 413 15 18 43
198 3 369 114 23 56
198 4 334 118 27 62
198 5 125 252 41 92
198 15 332 63 19 45
198 16 348 62 18 48
198 17 336 29 18 48
198 18 351 35 17 44
198 19 366 34 15 39
198 20 373 -1 12 29
198 30 -31 465 29 78
199 1 411 22 16 45
199 2 413 15 18 43
199 3 369 114 23 56
199 4 334 118 27 62
199 5 126 250 42 93
199 15 331 62 20 46
199 16 348 62 18 48
199 17 336 29 19 48
199 18 351 35 17 44
199 19 366 34 15 39
199 20 373 0 12 29
199 30 -36 468 29 79
200 1 411 22 16 45
200 2 413 15 18 43
200 3 370 113 23 57
200 4 335 118 27 62
200 5 125 248 44 94
200 15 332 62 21 48
200 16 348 62 18 48
200 17 336 29 19 48
200 18 351 35 17 44
200 19 366 34 15 39
200 20 373 0 12 29
200 30 -39 472 34 77
201 1 411 22 16 45
201 2 413 15 18 43
201 3 370 113 23 57
201 4 335 118 27 62
201 5 125 248 44 94
201 15 332 62 21 47
201 16 349 63 17 46
201 17 336 29 19 48
201 18 351 35 17 44
201 19 366 34 15 39
201 20 373 0 12 29
202 1 411 22 17 46
202 2 414 14 17 43
202 3 370 113 22 55
202 4 335 117 27 62
202 5 126 246 46 95
202 15 331 63 20 46
202 16 349 63 17 46
202 17 335 29 19 49
202 18 351 35 17 44
202 19 366 34 15 39
202 20 373 0 12 29
203 1 410 21 17 48
203 2 414 14 17 43
203 3 370 113 23 58
203 4 336 117 27 62
203 5 127 244 46 95
203 15 330 65 20 44
203 16 349 63 17 47
203 17 334 29 19 50
203 18 351 35 17 44
203 19 366 34 15 39
203 20 373 0 12 29
204 1 410 21 17 47
204 2 414 14 17 43
204 3 370 113 23 57
204 4 336 117 27 62
204 5 131 243 45 94
204 15 329 63 20 46
204 16 349 63 17 47
204 17 335 29 19 50
204 18 351 35 17 44
204 19 366 34 15 39
204 20 373 0 12 29
205 1 410 20 17 47
205 2 414 13 17 43
205 3 367 113 27 64
205 4 337 117 27 62
205 5 134 242 40 92
205 15 329 65 20 44
205 16 348 63 17 47
205 17 335 29 19 50
205 18 351 35 17 44
205 19 366 35 15 39
205 20 373 0 12 30
206 1 410 20 17 47
206 2 414 13 17 43
206 3 367 113 27 64
206 4 337 116 27 62
206 5 137 243 38 89
206 15 328 60 24 54
206 16 348 63 17 47
206 17 335 29 19 50
206 18 351 36 17 44
206 19 366 35 15 39
206 20 373 0 12 30
207 1 410 20 17 47
207 2 414 13 17 43
207 3 367 113 27 64
207 4 337 116 27 62
207 5 137 243 38 89
207 15 328 60 24 54
207 16 348 63 17 47
207 17 335 29 19 50
207 18 351 36 17 44
207 19 366 35 15 39
207 20 373 0 12 30
208 1 410 20 18 48
208 2 414 13 17 43
208 3 368 112 27 64
208 4 338 115 27 62
208 5 141 241 36 91
208 15 328 60 24 55
208 16 348 64 17 46
208 17 335 29 19 50
208 18 351 36 17 44
208 19 366 35 15 39
208 20 373 0 12 30
209 1 410 20 17 47
209 2 414 13 17 43
209 3 368 111 27 65
209 4 339 116 25 60
209 5 145 239 36 85
209 15 329 60 20 52
209 16 348 64 18 48
209 17 335 29 19 50
209 18 351 36 17 44
209 19 366 35 15 39
209 20 373 0 12 30
210 1 410 20 17 47
210 2 414 13 17 43
210 3 369 111 27 64
210 4 339 114 26 61
210 5 146 237 37 87
210 15 329 60 20 52
210 16 347 64 17 47
210 17 335 29 19 50
210 18 351 36 17 44
210 19 366 36 15 39
210 20 373 0 12 30
211 1 410 20 17 47
211 2 414 13 17 43
211 3 368 110 28 66
211 4 339 114 26 61
211 5 149 237 39 84
211 15 329 60 20 52
211 16 347 64 17 47
211 17 335 29 19 50
211 18 351 37 17 44
211 19 366 36 15 39
211 20 373 0 12 30
212 1 410 18 18 46
212 2 414 13 17 43
212 3 368 109 28 67
212 4 339 112 28 64
212 5 150 236 42 85
212 15 328 61 20 52
212 16 347 66 17 46
212 17 335 29 19 51
212 18 351 37 17 44
212 19 366 36 15 39
212 20 373 0 12 30
213 1 410 18 18 46
213 2 414 13 17 43
213 3 368 109 28 67
213 4 340 113 27 63
213 5 150 236 43 85
213 15 327 62 19 50
213 16 347 66 17 46
213 17 335 29 19 51
213 18 351 37 17 44
213 19 366 36 15 39
213 20 373 0 12 30
214 1 410 18 18 46
214 2 414 13 17 43
214 3 368 108 29 68
214 4 340 111 28 64
214 5 151 235 45 85
214 15 327 62 19 50
214 16 347 66 17 45
214 17 335 31 19 49
214 18 351 37 17 44
214 19 366 36 15 39
214 20 373 0 12 30
215 1 410 18 18 46
215 2 414 12 17 43
215 3 371 109 25 60
215 4 340 111 28 64
215 5 153 234 46 88
215 15 327 63 19 49
215 16 347 66 17 46
215 17 335 31 19 49
215 18 351 37 17 44
215 19 366 36 15 39
215 20 373 1 12 30
216 1 410 17 18 46
216 2 414 12 17 43
216 3 371 108 27 65
216 4 341 111 27 63
216 5 156 233 42 88
216 15 327 65 19 48
216 16 347 66 17 46
216 17 336 31 19 49
216 18 351 37 17 44
216 19 366 36 15 39
216 20 373 1 12 30
217 1 410 17 18 46
217 2 414 12 17 43
217 3 371 107 27 63
217 4 341 111 27 63
217 5 158 232 42 88
217 15 326 65 19 49
217 16 347 66 17 47
217 17 336 31 19 49
217 18 351 37 17 44
217 19 366 36 15 39
217 20 373 1 12 30
218 1 410 17 18 46
218 2 414 11 17 43
218 3 371 107 28 67
218 4 341 111 27 63
218 5 160 231 42 86
218 15 326 65 19 49
218 16 347 66 17 46
218 17 336 31 19 49
218 18 351 37 17 44
218 19 366 36 15 39
218 20 373 1 12 30
219 1 410 17 18 46
219 2 414 11 17 43
219 3 371 107 27 64
219 4 340 111 28 64
219 5 160 231 41 86
219 15 326 65 19 49
219 16 347 66 17 46
219 17 336 31 19 49
219 18 351 37 17 44
219 19 366 36 15 39
219 20 373 1 12 30
220 1 410 16 18 46
220 2 414 11 17 43
220 3 368 107 29 69
220 4 341 110 28 64
220 5 162 230 39 86
220 15 326 65 19 48
220 16 346 66 17 46
220 17 336 31 19 49
220 18 351 37 17 44
220 19 366 36 15 39
220 20 372 0 12 29
221 1 410 16 18 46
221 2 415 10 17 43
221 3 368 107 29 69
221 4 342 110 27 62
221 5 166 229 36 84
221 15 326 66 19 49
221 16 346 67 17 47
221 17 336 32 19 49
221 18 351 37 17 44
221 19 366 37 15 39
221 20 371 -1 14 32
222 1 410 16 18 47
222 2 415 10 17 43
222 3 374 107 22 53
222 4 342 109 27 62
222 5 168 227 33 80
222 15 326 65 19 49
222 16 346 66 18 48
222 17 336 32 19 49
222 18 351 37 17 44
222 19 366 37 15 39
222 20 371 -1 14 32
223 1 410 14 18 48
223 2 415 10 17 43
223 3 374 107 22 53
223 4 342 108 27 63
223 5 171 225 31 80
223 15 325 65 19 50
223 16 345 67 18 48
223 17 336 32 19 50
223 18 350 38 17 44
223 19 366 37 15 39
223 20 371 -1 14 32
224 1 410 14 18 48
224 2 415 10 17 43
224 3 374 106 23 54
224 4 342 108 27 63
224 5 173 223 31 80
224 15 325 66 19 49
224 16 345 67 18 48
224 17 336 32 19 50
224 18 350 38 17 44
224 19 366 37 15 39
224 20 371 -1 14 32
225 1 410 14 18 48
225 2 415 10 17 43
225 3 371 106 26 59
225 4 343 108 27 63
225 5 173 223 31 80
225 15 325 66 19 49
225 16 345 67 18 48
225 17 336 32 19 50
225 18 350 38 17 44
225 19 366 37 15 39
225 20 371 -1 14 32
226 1 410 18 19 44
226 2 415 10 17 43
226 3 371 105 26 59
226 4 343 107 27 63
226 5 174 222 31 79
226 15 325 66 19 48
226 16 345 68 18 47
226 17 335 32 19 50
226 18 350 38 17 44
226 19 366 37 15 39
226 20 371 -1 14 32
227 1 412 18 16 44
227 2 415 10 17 43
227 3 371 105 26 59
227 4 343 106 28 65
227 5 173 221 34 83
227 15 325 66 19 49
227 16 345 68 18 48
227 17 335 31 20 50
227 18 350 38 17 44
227 19 366 37 15 39
227 20 371 -1 14 32
228 1 412 18 16 44
228 2 415 10 17 43
228 3 372 104 25 57
228 4 344 106 26 61
228 5 174 220 34 84
228 15 324 65 20 51
228 16 344 68 18 48
228 17 335 31 20 50
228 18 350 38 17 44
228 19 366 37 15 39
228 20 371 0 14 32
229 1 412 18 16 44
229 2 415 10 17 43
229 3 372 104 25 57
229 4 344 105 26 61
229 5 175 219 35 85
229 15 325 67 19 48
229 16 344 69 18 48
229 17 335 32 19 49
229 18 350 38 17 44
229 19 366 37 15 39
229 20 371 0 14 32
230 1 412 18 16 43
230 2 415 10 17 43
230 3 372 103 25 58
230 4 345 105 26 60
230 5 176 218 38 86
230 15 324 67 19 49
230 16 343 69 18 48
230 17 336 32 19 49
230 18 350 38 17 44
230 19 366 37 15 39
230 20 371 0 14 32
231 1 412 18 16 43
231 2 415 10 17 43
231 3 372 103 25 57
231 4 344 105 27 62
231 5 174 218 40 86
231 15 324 67 19 49
231 16 343 69 18 48
231 17 336 32 19 49
231 18 350 38 17 44
231 19 366 37 15 39
231 20 371 0 14 32
232 1 412 18 16 43
232 2 415 9 17 43
232 3 372 102 25 57
232 4 346 105 25 59
232 5 175 217 40 87
232 15 323 68 19 49
232 16 343 69 18 48
232 17 336 32 19 49
232 18 350 38 17 44
232 19 366 37 15 39
232 20 371 0 14 32
233 1 412 18 16 44
233 2 415 9 17 43
233 3 371 101 27 61
233 4 346 105 25 58
233 5 176 216 41 87
233 15 323 68 19 49
233 16 343 69 18 48
233 17 336 32 19 49
233 18 349 38 17 44
233 19 366 37 15 39
233 20 371 0 14 32
234 1 412 17 16 45
234 2 415 9 17 43
234 3 371 102 26 59
234 4 347 105 25 58
234 5 178 215 40 88
234 15 323 68 19 50
234 16 343 69 18 48
234 17 335 32 20 51
234 18 349 38 17 44
234 19 366 37 15 39
234 20 371 0 14 32
235 1 412 17 16 45
235 2 415 9 17 43
235 3 371 101 28 62
235 4 347 105 25 58
235 5 180 214 39 88
235 15 323 68 19 50
235 16 343 69 18 47
235 17 335 33 19 49
235 18 349 39 17 44
235 19 366 37 15 39
235 20 371 0 14 32
236 1 411 15 17 46
236 2 415 8 17 43
236 3 371 101 26 60
236 4 348 105 25 58
236 5 182 213 37 84
236 15 322 69 19 50
236 16 343 69 17 47
236 17 336 33 19 49
236 18 349 36 17 44
236 19 366 37 15 39
236 20 371 0 14 32
237 1 411 15 16 46
237 2 415 8 17 43
237 3 371 101 27 62
237 4 348 105 25 58
237 5 182 213 38 84
237 15 322 69 19 50
237 16 343 69 17 47
237 17 336 33 19 49
237 18 349 36 17 44
237 19 366 37 15 39
237 20 371 0 14 32
238 1 412 15 16 44
238 2 415 8 17 43
238 3 372 101 26 59
238 4 348 104 25 58
238 5 184 212 37 81
238 15 322 69 20 50
238 16 342 70 17 48
238 17 336 33 19 49
238 18 349 36 17 44
238 19 366 38 15 39
238 20 371 0 14 32
239 1 412 15 16 44
239 2 415 8 17 43
239 3 372 101 26 60
239 4 349 104 25 57
239 5 190 210 33 82
239 15 322 69 20 50
239 16 342 70 17 48
239 17 336 33 19 50
239 18 349 36 17 44
239 19 365 38 15 39
239 20 371 0 14 32
240 1 412 15 16 44
240 2 415 8 17 43
240 3 373 101 26 59
240 4 349 103 25 58
240 5 195 209 30 79
240 15 322 69 20 52
240 16 342 71 17 48
240 17 336 33 19 49
240 18 349 37 17 44
240 19 365 38 15 39
240 20 371 0 14 32
241 1 412 15 16 44
241 2 415 8 17 43
241 3 373 100 26 59
241 4 350 102 25 58
241 5 196 208 31 79
241 15 322 69 19 50
241 16 342 71 17 47
241 17 336 33 19 50
241 18 349 37 17 44
241 19 365 38 15 39
241 20 371 0 14 33
242 1 412 15 16 45
242 2 415 8 17 43
242 3 373 99 26 59
242 4 350 101 25 59
242 5 197 207 35 79
242 15 321 69 20 52
242 16 341 72 18 45
242 17 336 33 19 50
242 18 349 37 17 44
242 19 365 39 15 39
242 20 371 0 14 33
243 1 412 15 16 45
243 2 415 8 17 43
243 3 373 100 26 58
243 4 351 102 24 57
243 5 197 207 35 80
243 15 321 69 20 52
243 16 341 72 18 45
243 17 336 33 19 50
243 18 349 37 17 44
243 19 365 39 15 39
243 20 371 0 14 33
244 1 412 15 16 44
244 2 415 8 17 43
244 3 374 99 26 58
244 4 352 102 23 54
244 5 198 206 38 81
244 6 -17 360 54 107
244 15 321 69 20 52
244 16 341 72 18 45
244 17 336 33 18 52
244 18 349 37 17 44
244 19 365 39 15 39
244 20 371 0 14 33
245 1 412 15 15 43
245 2 415 8 17 43
245 3 374 98 26 58
245 4 352 100 24 56
245 5 199 205 39 82
245 6 -13 357 50 107
245 15 321 70 20 52
245 16 341 73 18 45
245 17 336 33 18 52
245 18 349 37 17 44
245 19 365 39 15 39
245 20 371 0 14 33
246 1 412 17 15 41
246 2 415 8 17 43
246 3 375 98 25 56
246 4 353 100 24 56
246 5 202 205 37 83
246 6 -10 356 48 104
246 15 321 70 20 52
246 16 341 73 18 45
246 17 336 33 18 52
246 18 349 37 17 44
246 19 365 40 15 39
246 20 371 0 14 33
247 1 412 15 15 42
247 2 415 8 17 43
247 3 375 98 25 56
247 4 353 100 24 56
247 5 204 205 38 83
247 6 -5 354 44 100
247 15 321 71 19 51
247 16 341 73 18 45
247 17 336 33 18 52
247 18 349 38 17 44
247 19 365 40 15 39
247 20 371 0 14 33
248 1 412 17 14 40
248 2 415 8 17 43
248 3 375 98 24 56
248 4 353 100 24 55
248 5 206 204 38 83
248 6 -2 347 45 101
248 15 321 72 19 51
248 16 340 73 18 46
248 17 336 34 18 48
248 18 349 36 17 44
248 19 365 40 15 39
248 20 371 1 14 33
249 1 414 14 13 43
249 2 415 8 17 43
249 3 375 97 25 57
249 4 353 100 24 55
249 5 205 204 38 83
249 6 -2 347 41 101
249 15 321 72 19 51
249 16 340 73 18 46
249 17 336 34 18 48
249 18 349 36 17 44
249 19 365 40 15 39
249 20 371 1 14 33
250 1 414 14 13 43
250 2 415 8 17 43
250 3 376 97 25 56
250 4 353 100 24 55
250 5 207 203 38 80
250 6 1 345 43 101
250 15 321 72 19 51
250 16 340 73 19 46
250 17 336 34 18 48
250 18 349 36 17 44
250 19 365 40 15 39
250 20 371 1 14 33
251 1 414 14 13 43
251 2 415 7 17 42
251 3 376 97 24 55
251 4 353 100 24 55
251 5 209 203 38 78
251 6 3 343 46 101
251 15 321 73 19 51
251 16 340 73 19 47
251 17 336 34 18 48
251 18 349 36 17 44
251 19 365 40 15 39
251 20 371 1 14 33
252 1 414 13 13 43
252 2 415 7 17 42
252 3 376 97 24 55
252 4 354 100 24 55
252 5 211 202 37 76
252 6 7 342 45 100
252 15 321 73 19 51
252 16 341 74 17 43
252 17 336 35 18 48
252 18 349 36 17 44
252 19 365 40 15 39
252 20 371 1 14 33
253 1 414 13 13 43
253 2 415 7 17 42
253 3 376 97 24 55
253 4 354 100 24 55
253 5 215 200 30 75
253 6 7 335 49 108
253 15 321 73 19 51
253 16 340 74 18 46
253 17 336 35 18 48
253 18 349 37 17 44
253 19 365 40 15 39
253 20 371 1 14 33
254 1 414 12 13 44
254 2 415 6 17 42
254 3 376 97 24 55
254 4 354 99 24 55
254 5 216 198 31 75
254 6 8 338 53 104
254 15 321 73 19 51
254 16 340 74 18 45
254 17 336 35 18 48
254 18 349 37 17 44
254 19 366 40 15 39
254 20 371 1 14 33
255 1 414 12 13 44
255 2 415 6 17 42
255 3 376 97 24 55
255 4 354 99 24 55
255 5 216 198 31 75
255 6 8 338 53 104
255 15 321 73 19 51
255 16 340 74 18 45
255 17 336 35 18 48
255 18 349 37 17 44
255 19 366 40 15 39
255 20 371 1 14 33
256 1 414 12 13 44
256 2 415 6 17 42
256 3 376 96 24 55
256 4 354 99 24 55
256 5 218 197 30 74
256 6 8 336 56 105
256 15 321 73 20 52
256 16 339 75 18 46
256 17 336 35 18 48
256 18 349 37 17 44
256 19 366 40 15 39
256 20 371 1 14 33
257 1 414 12 13 44
257 2 415 6 17 42
257 3 376 96 24 56
257 4 354 97 24 56
257 5 220 196 30 77
257 6 10 334 58 106
257 15 321 73 20 52
257 16 339 75 19 46
257 17 336 35 18 48
257 18 349 37 17 44
257 19 366 40 15 39
257 20 371 1 14 33
258 1 414 12 13 44
258 2 415 6 17 42
258 3 376 95 24 56
258 4 354 96 24 56
258 5 218 195 33 77
258 6 14 333 58 106
258 15 320 74 20 52
258 16 338 75 19 46
258 17 335 36 18 48
258 18 349 38 17 44
258 19 366 40 15 39
258 20 371 1 14 33
259 1 414 12 13 44
259 2 415 6 17 42
259 3 376 93 24 56
259 4 355 96 23 54
259 5 219 194 32 78
259 6 17 330 57 104
259 15 321 74 20 52
259 16 338 76 19 48
259 17 336 36 18 48
259 18 349 38 17 44
259 19 366 41 15 39
259 20 371 1 14 33
260 1 414 12 13 43
260 2 415 6 17 42
260 3 376 93 25 57
260 4 355 96 23 54
260 5 220 193 34 79
260 6 22 328 56 101
260 15 321 74 20 52
260 16 337 76 19 49
260 17 335 35 18 49
260 18 349 38 17 44
260 19 366 41 15 39
260 20 371 2 14 33
261 1 414 12 13 43
261 2 415 6 17 42
261 3 376 93 25 57
261 4 355 96 23 55
261 5 220 193 34 79
261 6 21 329 57 103
261 15 321 74 20 52
261 16 337 76 19 48
261 17 335 36 18 49
261 18 349 38 17 44
261 19 366 41 15 39
261 20 371 2 14 33
262 1 415 13 13 42
262 2 415 6 17 42
262 3 376 92 25 57
262 4 355 95 24 55
262 5 221 192 35 79
262 6 25 324 55 100
262 15 321 74 20 52
262 16 336 76 19 48
262 17 335 35 18 49
262 18 349 38 17 44
262 19 366 41 15 39
262 20 371 2 14 33
263 1 415 12 13 42
263 2 415 4 18 43
263 3 377 91 23 54
263 4 356 94 24 55
263 5 222 191 36 80
263 6 36 322 47 98
263 15 321 74 20 52
263 16 336 76 19 48
263 17 335 36 18 49
263 18 349 38 17 44
263 19 366 41 15 39
263 20 371 2 14 33
264 1 415 12 13 43
264 2 415 4 18 43
264 3 378 91 23 54
264 4 356 94 24 55
264 5 223 190 37 80
264 6 38 320 44 97
264 15 321 75 20 52
264 16 336 76 19 48
264 17 335 35 18 49
264 18 349 38 17 44
264 19 366 42 15 39
264 20 371 2 14 33
265 1 415 11 13 43
265 2 415 4 18 43
265 3 378 91 23 54
265 4 356 94 23 55
265 5 224 189 37 80
265 6 44 317 44 97
265 15 321 75 20 53
265 16 336 76 19 48
265 17 335 36 19 50
265 18 349 38 17 44
265 19 366 42 15 39
265 20 371 2 14 33
266 1 414 11 13 43
266 2 415 3 18 43
266 3 378 90 24 55
266 4 356 94 24 55
266 5 225 188 38 82
266 6 48 315 48 99
266 15 321 75 20 52
266 16 336 76 19 48
266 17 335 36 18 49
266 18 349 38 17 44
266 19 366 42 15 39
266 20 371 2 14 33
267 1 414 11 13 43
267 2 415 3 18 43
267 3 378 90 24 55
267 4 356 94 24 55
267 5 226 188 35 79
267 6 48 315 48 99
267 15 321 77 19 50
267 16 336 76 19 48
267 17 335 36 19 50
267 18 349 38 17 44
267 19 366 42 15 39
267 20 371 2 14 33
268 1 415 11 13 42
268 2 415 3 18 43
268 3 378 90 23 54
268 4 357 94 24 55
268 5 228 187 34 80
268 6 50 314 55 99
268 15 321 77 19 50
268 16 336 76 19 48
268 17 335 36 19 49
268 18 351 39 17 44
268 19 365 42 14 39
268 20 371 2 14 33
269 1 415 11 13 42
269 2 415 3 18 43
269 3 378 90 23 54
269 4 357 94 23 54
269 5 233 186 30 74
269 6 54 313 56 97
269 15 321 78 19 50
269 16 335 77 19 50
269 17 335 36 19 49
269 18 351 39 17 44
269 19 365 42 14 39
269 20 371 2 14 33
270 1 415 10 13 42
270 2 415 3 18 43
270 3 378 90 24 55
270 4 358 93 23 54
270 5 234 185 31 75
270 6 57 312 57 97
270 15 321 78 19 50
270 16 335 77 19 50
270 17 335 36 19 50
270 18 351 39 17 44
270 19 365 42 14 39
270 20 371 2 14 33
271 1 415 10 13 43
271 2 415 3 18 43
271 3 379 90 23 54
271 4 358 93 23 54
271 5 235 184 31 72
271 6 60 311 56 97
271 15 321 78 19 49
271 16 335 78 19 49
271 17 335 37 19 50
271 18 351 39 17 44
271 19 365 42 14 39
271 20 371 2 14 33
272 1 415 10 12 41
272 2 415 3 18 43
272 3 380 90 22 54
272 4 359 93 23 53
272 5 241 183 27 72
272 6 64 310 49 97
272 15 321 79 19 49
272 16 335 79 19 49
272 17 335 38 19 50
272 18 351 39 17 44
272 19 365 42 14 39
272 20 371 3 14 33
273 1 415 10 12 41
273 2 415 3 18 43
273 3 380 90 22 54
273 4 359 93 23 53
273 5 241 183 28 72
273 6 64 310 49 97
273 15 321 79 19 49
273 16 335 79 19 49
273 17 335 38 19 50
273 18 351 39 17 44
273 19 365 42 14 39
273 20 371 3 14 33
274 1 416 10 12 41
274 2 415 3 18 43
274 3 380 90 22 54
274 4 359 92 23 53
274 5 242 182 28 73
274 6 67 308 50 97
274 15 321 79 19 49
274 16 334 79 19 50
274 17 335 38 19 50
274 18 351 40 17 44
274 19 365 42 14 39
274 20 371 3 14 33
275 1 416 10 12 41
275 2 415 3 18 43
275 3 381 89 22 54
275 4 360 92 23 54
275 5 243 181 34 74
275 6 70 305 45 98
275 15 321 79 19 49
275 16 334 79 19 50
275 17 335 38 19 50
275 18 351 40 17 44
275 19 365 43 14 39
275 20 371 3 14 33
276 1 416 11 12 41
276 2 415 3 18 43
276 3 381 89 22 54
276 4 360 91 23 54
276 5 244 181 34 74
276 6 73 302 45 100
276 15 321 79 19 50
276 16 334 79 19 50
276 17 335 38 19 52
276 18 351 40 17 44
276 19 365 43 14 39
276 20 371 3 14 33
277 1 416 11 12 40
277 2 415 3 18 43
277 3 382 88 22 53
277 4 360 91 23 55
277 5 245 180 34 74
277 6 79 299 37 91
277 15 320 79 19 50
277 16 334 79 19 50
277 17 335 38 19 52
277 18 351 40 17 44
277 19 365 43 14 39
277 20 371 3 14 33
278 1 416 10 12 41
278 2 416 3 18 43
278 3 382 88 22 53
278 4 360 89 23 55
278 5 247 180 34 73
278 6 81 297 37 92
278 15 320 79 20 52
278 16 333 81 19 49
278 17 335 38 19 52
278 18 351 40 17 44
278 19 365 44 14 39
278 20 371 4 14 34
279 1 416 10 13 41
279 2 416 2 18 43
279 3 382 88 22 54
279 4 361 89 23 55
279 5 247 180 34 73
279 6 81 297 38 92
279 15 320 79 20 52
279 16 333 81 19 49
279 17 335 38 19 52
279 18 351 40 17 44
279 19 365 44 14 39
279 20 371 4 14 34
280 1 416 10 13 41
280 2 416 2 18 43
280 3 382 87 23 56
280 4 360 89 24 56
280 5 249 180 33 72
280 6 86 295 39 91
280 15 321 80 19 50
280 16 333 81 19 49
280 17 335 38 19 52
280 18 351 41 17 44
280 19 365 44 14 39
280 20 371 4 14 34
281 1 416 9 13 41
281 2 416 1 18 43
281 3 381 87 23 57
281 4 361 89 23 56
281 5 251 179 33 72
281 6 86 292 41 93
281 15 321 80 19 51
281 16 333 81 19 49
281 17 335 38 19 52
281 18 351 41 17 44
281 19 365 44 14 39
281 20 371 4 14 34
282 1 416 9 13 42
282 2 416 1 18 43
282 3 386 87 19 49
282 4 362 89 23 55
282 5 253 178 34 72
282 6 88 291 44 96
282 15 320 81 19 51
282 16 333 82 19 49
282 17 335 38 19 52
282 18 351 41 17 44
282 19 365 45 14 39
282 20 371 4 14 34
283 1 416 8 13 42
283 2 417 1 18 43
283 3 385 86 21 55
283 4 362 89 23 55
283 5 254 177 34 73
283 6 88 290 46 95
283 15 321 82 19 50
283 16 333 82 19 48
283 17 334 38 20 53
283 18 351 41 17 44
283 19 365 45 14 39
283 20 372 3 14 37
284 1 417 8 14 42
284 2 417 0 18 43
284 3 385 86 21 55
284 4 362 89 23 54
284 5 256 174 28 73
284 6 90 289 46 96
284 15 321 82 19 51
284 16 333 83 18 47
284 17 334 39 20 53
284 18 351 41 17 44
284 19 365 45 14 39
284 20 372 3 14 37
285 1 417 8 14 42
285 2 417 0 18 43
285 3 385 86 21 55
285 4 362 89 23 54
285 5 256 174 28 73
285 6 91 289 47 94
285 15 321 82 18 47
285 16 333 83 18 47
285 17 334 39 20 53
285 18 351 41 17 44
285 19 365 45 14 39
285 20 372 3 14 37
286 1 416 8 14 43
286 2 417 0 18 43
286 3 382 86 23 57
286 4 362 89 23 54
286 5 258 173 29 72
286 6 93 288 48 96
286 15 321 82 20 51
286 16 332 83 19 50
286 17 335 39 19 52
286 18 351 41 17 44
286 19 365 45 14 39
286 20 372 3 14 37
287 1 417 8 14 43
287 2 417 0 18 43
287 3 382 86 23 57
287 4 362 88 23 54
287 5 258 171 29 73
287 6 93 287 51 96
287 15 321 82 20 51
287 16 332 84 19 49
287 17 335 40 19 51
287 18 351 41 17 44
287 19 365 45 14 39
287 20 372 3 14 37
288 1 417 8 14 43
288 2 417 0 18 43
288 3 382 86 23 57
288 4 363 88 23 54
288 5 260 170 29 73
288 6 95 286 52 97
288 15 320 82 20 52
288 16 332 84 19 49
288 17 335 40 19 52
288 18 351 41 17 44
288 19 365 45 14 39
288 20 372 3 14 37
289 1 417 8 14 42
289 2 417 0 18 43
289 3 385 86 20 57
289 4 363 87 23 54
289 5 260 170 29 72
289 6 98 284 51 97
289 15 320 82 20 52
289 16 332 84 19 49
289 17 335 40 19 52
289 18 351 42 17 44
289 19 365 45 14 39
289 20 373 4 14 37
290 1 417 8 13 42
290 2 417 0 18 43
290 3 385 86 20 57
290 4 363 87 22 53
290 5 261 170 29 72
290 6 102 282 49 97
290 15 320 82 20 52
290 16 331 84 19 50
290 17 334 41 19 52
290 18 351 42 17 44
290 19 365 45 14 39
290 20 373 4 14 37
291 1 417 8 13 42
291 2 417 1 17 41
291 3 385 86 20 57
291 4 363 87 22 53
291 5 261 170 29 72
291 6 102 282 49 97
291 15 320 82 20 52
291 16 333 84 19 50
291 17 334 41 19 52
291 18 351 42 17 44
291 19 365 45 14 39
291 20 373 4 14 37
292 1 417 8 13 42
292 2 417 1 17 41
292 3 385 85 20 57
292 4 363 86 22 53
292 5 260 169 32 73
292 6 105 280 48 91
292 15 320 82 20 53
292 16 333 84 19 50
292 17 334 41 19 52
292 18 351 42 17 44
292 19 365 45 14 39
292 20 373 4 14 37
293 1 417 8 13 42
293 2 417 1 17 41
293 3 385 85 21 58
293 4 363 86 22 53
293 5 261 168 32 76
293 6 111 279 41 90
293 15 320 83 20 53
293 16 333 84 19 50
293 17 334 41 19 52
293 18 351 43 17 44
293 19 365 46 14 39
293 20 373 4 14 37
294 1 417 8 13 42
294 2 417 1 17 41
294 3 385 85 21 58
294 4 363 85 22 53
294 5 262 167 33 76
294 6 114 277 42 90
294 15 320 83 20 52
294 16 333 84 19 48
294 17 334 41 20 52
294 18 351 43 17 44
294 19 365 45 14 39
294 20 373 4 14 37
295 1 418 8 13 42
295 2 417 1 17 41
295 3 385 84 21 58
295 4 363 85 22 53
295 5 263 166 33 77
295 6 121 276 38 88
295 15 320 84 20 51
295 16 333 84 19 48
295 17 333 41 20 53
295 18 351 43 17 44
295 19 365 46 14 39
295 20 373 4 14 37
296 1 418 7 13 41
296 2 417 1 17 41
296 3 385 83 21 59
296 4 364 85 23 53
296 5 264 165 33 76
296 6 123 275 45 89
296 15 320 84 20 51
296 16 333 85 19 48
296 17 332 41 20 53
296 18 351 44 17 44
296 19 365 46 14 39
296 20 373 5 14 37
297 1 418 7 13 41
297 2 417 1 17 41
297 3 385 83 21 59
297 4 364 85 23 53
297 5 264 165 33 76
297 6 123 275 45 89
297 15 320 84 20 51
297 16 333 85 19 48
297 17 332 41 20 53
297 18 351 44 17 44
297 19 365 47 14 39
297 20 373 5 14 37
298 1 418 7 13 41
298 2 417 0 17 42
298 3 386 83 21 59
298 4 364 85 22 53
298 5 264 164 34 78
298 6 125 274 49 90
298 15 320 85 20 51
298 16 333 85 19 49
298 17 333 41 20 54
298 18 351 44 17 44
298 19 362 46 15 39
298 20 373 5 14 37
299 1 418 7 13 41
299 2 417 0 17 42
299 3 385 83 22 60
299 4 365 85 22 53
299 5 267 164 31 73
299 6 128 274 49 88
299 15 320 85 20 52
299 16 333 86 19 48
299 17 332 41 20 54
299 18 351 44 17 44
299 19 363 47 15 39
299 20 373 5 14 37
300 1 418 7 13 41
300 2 417 0 18 41
300 3 386 83 21 57
300 4 365 85 22 52
300 5 269 163 31 72
300 6 132 274 48 87
300 15 320 87 19 49
300 16 333 86 19 49
300 17 332 41 19 50
300 18 351 44 17 44
300 19 363 47 15 39
300 20 373 5 14 37
301 1 418 5 13 42
301 2 418 0 18 41
301 3 385 82 22 60
301 4 365 85 22 52
301 5 269 162 30 72
301 6 133 273 48 87
301 15 320 87 20 51
301 16 333 86 20 50
301 17 332 41 19 50
301 18 351 44 17 44
301 19 362 45 15 41
301 20 373 5 14 37
302 1 418 5 13 42
302 2 418 0 17 41
302 3 385 83 21 59
302 4 366 85 22 52
302 5 274 161 26 73
302 6 136 272 48 87
302 15 320 88 19 49
302 16 333 86 20 50
302 17 332 41 19 50
302 18 351 44 17 44
302 19 362 45 15 41
302 20 373 5 14 37
303 1 418 5 13 42
303 2 418 0 17 41
303 3 386 80 22 56
303 4 366 85 22 52
303 5 274 161 28 71
303 6 136 270 46 89
303 15 320 88 19 49
303 16 333 86 20 50
303 17 332 41 19 50
303 18 351 44 17 44
303 19 362 45 15 41
303 20 373 5 14 37
304 1 418 5 14 43
304 2 418 0 17 41
304 3 386 80 22 56
304 4 366 85 22 52
304 5 275 161 28 70
304 6 138 268 44 89
304 15 319 88 20 51
304 16 333 86 20 50
304 17 332 41 19 50
304 18 351 44 17 44
304 19 362 45 15 41
304 20 374 6 14 37
305 1 418 5 13 42
305 2 418 0 17 41
305 3 387 80 22 56
305 4 367 84 22 52
305 5 276 160 28 70
305 6 141 266 42 88
305 15 319 88 20 52
305 16 333 86 20 51
305 17 332 42 19 50
305 18 351 44 17 44
305 19 361 45 15 41
305 20 374 6 14 37
306 1 419 5 14 42
306 2 418 0 17 41
306 3 387 80 22 56
306 4 367 84 22 52
306 5 277 160 28 70
306 6 145 264 39 85
306 15 319 88 20 51
306 16 333 86 20 51
306 17 332 43 18 49
306 18 351 44 17 44
306 19 362 45 15 41
306 20 374 6 14 37
307 1 419 5 14 42
307 2 418 0 17 41
307 3 387 79 22 56
307 4 367 84 22 52
307 5 278 160 30 69
307 6 150 262 37 86
307 15 319 88 20 51
307 16 334 86 20 51
307 17 332 43 18 48
307 18 351 45 17 44
307 19 361 46 15 40
307 20 374 6 14 37
308 1 419 5 14 42
308 2 418 0 17 41
308 3 387 79 22 56
308 4 368 83 22 51
308 5 279 160 30 69
308 6 151 259 38 87
308 15 319 88 20 52
308 16 334 88 20 48
308 17 332 43 18 48
308 18 350 45 17 44
308 19 361 46 15 40
308 20 374 6 14 37
309 1 419 5 14 42
309 2 418 0 17 41
309 3 387 79 22 56
309 4 368 83 22 51
309 5 279 160 30 69
309 6 151 259 38 87
309 15 319 88 20 52
309 16 334 88 20 48
309 17 332 43 18 48
309 18 350 45 17 44
309 19 361 46 15 40
309 20 374 6 14 37
310 1 419 5 15 43
310 2 418 0 17 42
310 3 388 78 22 56
310 4 368 83 22 52
310 5 280 159 29 69
310 6 154 258 37 87
310 15 319 88 20 51
310 16 334 88 19 48
310 17 332 44 18 47
310 18 349 45 17 44
310 19 361 46 15 40
310 20 374 6 14 37
311 1 419 5 14 42
311 2 418 0 17 42
311 3 389 78 22 54
311 4 369 82 22 50
311 5 281 159 29 69
311 6 156 257 40 88
311 15 318 88 21 53
311 16 334 89 20 48
311 17 332 44 18 47
311 18 349 45 17 44
311 19 361 47 15 40
311 20 374 7 14 37
312 1 419 5 15 44
312 2 419 0 17 41
312 3 389 78 21 55
312 4 369 82 22 50
312 5 282 158 29 70
312 6 157 256 42 88
312 15 318 89 21 53
312 16 334 90 19 47
312 17 331 44 19 49
312 18 349 46 17 44
312 19 361 47 15 40
312 20 374 7 14 37
313 1 420 8 14 39
313 2 419 0 18 42
313 3 390 78 22 53
313 4 368 81 23 54
313 5 283 157 29 70
313 6 156 255 45 88
313 15 318 90 20 51
313 16 335 91 19 46
313 17 331 44 19 50
313 18 349 46 17 44
313 19 362 48 14 39
313 20 375 7 14 37
314 1 420 8 14 40
314 2 419 0 18 42
314 3 390 77 23 55
314 4 370 82 21 49
314 5 284 156 29 70
314 6 158 253 47 89
314 15 318 91 20 50
314 16 335 92 19 46
314 17 331 44 19 50
314 18 349 46 17 44
314 19 362 48 14 39
314 20 375 7 14 37
315 1 420 8 14 40
315 2 419 0 18 42
315 3 388 76 23 59
315 4 369 81 22 53
315 5 284 156 28 70
315 6 158 253 47 91
315 15 318 90 21 53
315 16 335 92 19 46
315 17 331 44 19 50
315 18 349 46 17 44
315 19 361 48 15 40
315 20 375 7 14 37
316 1 420 8 14 40
316 2 419 0 18 42
316 3 390 77 23 55
316 4 369 81 22 51
316 5 286 155 27 70
316 6 160 252 47 92
316 15 318 91 20 51
316 16 335 92 18 45
316 17 331 45 19 49
316 18 349 48 17 44
316 19 362 48 14 39
316 20 375 9 14 36
317 1 420 7 15 39
317 2 419 0 18 42
317 3 388 76 23 59
317 4 370 81 22 51
317 5 287 154 27 68
317 6 161 251 49 93
317 15 318 91 21 54
317 16 335 93 18 45
317 17 330 44 19 51
317 18 349 48 17 44
317 19 361 48 15 40
317 20 375 9 14 36
318 1 420 7 15 39
318 2 419 0 18 41
318 3 388 76 23 59
318 4 370 82 22 52
318 5 288 153 27 69
318 6 162 249 49 94
318 15 318 92 21 53
318 16 335 93 18 46
318 17 330 44 19 51
318 18 349 48 17 44
318 19 361 48 16 42
318 20 375 9 14 36
319 1 420 7 15 39
319 2 420 0 17 41
319 3 392 77 22 54
319 4 371 82 21 50
319 5 289 153 27 68
319 6 168 247 43 86
319 15 318 92 21 54
319 16 334 92 20 50
319 17 330 44 19 51
319 18 349 48 17 44
319 19 361 48 16 42
319 20 375 9 14 36
320 1 420 7 15 39
320 2 419 0 17 41
320 3 391 76 23 55
320 4 370 81 22 51
320 5 290 152 27 67
320 6 170 245 43 88
320 15 318 92 21 54
320 16 334 92 20 50
320 17 330 45 19 50
320 18 349 49 17 44
320 19 361 48 16 42
320 20 375 9 14 36
321 1 420 7 15 39
321 2 420 0 17 41
321 3 391 76 23 55
321 4 370 81 22 51
321 5 289 152 27 69
321 6 170 245 43 88
321 15 318 92 21 54
321 16 334 92 20 50
321 17 330 45 19 50
321 18 349 49 17 44
321 19 361 48 16 42
321 20 375 9 14 36
322 1 420 5 15 40
322 2 420 0 17 41
322 3 388 76 23 59
322 4 370 81 21 50
322 5 292 152 27 67
322 6 172 244 42 86
322 15 318 92 21 54
322 16 334 93 19 47
322 17 329 45 20 52
322 18 349 49 17 44
322 19 361 50 16 41
322 20 376 8 14 37
323 1 420 7 15 39
323 2 420 0 17 41
323 3 392 76 21 51
323 4 371 80 21 50
323 5 291 152 29 67
323 6 180 242 36 87
323 15 316 93 22 53
323 16 333 93 19 48
323 17 330 45 19 51
323 18 349 49 17 44
323 19 361 50 16 42
323 20 376 8 14 37
324 1 421 7 15 38
324 2 420 0 17 41
324 3 391 76 22 53
324 4 371 80 21 50
324 5 292 152 29 67
324 6 183 241 42 87
324 15 316 93 22 53
324 16 334 93 20 49
324 17 329 45 19 51
324 18 349 49 17 44
324 19 362 50 15 39
324 20 376 10 14 36
325 1 421 7 15 39
325 2 420 -1 18 41
325 3 391 75 22 54
325 4 371 79 21 50
325 5 291 151 31 67
325 6 185 240 45 87
325 15 315 93 22 55
325 16 334 93 20 50
325 17 329 47 19 50
325 18 349 49 17 44
325 19 362 51 15 39
325 20 376 10 14 36
326 1 421 7 15 39
326 2 420 -1 18 41
326 3 391 75 22 54
326 4 371 79 21 49
326 5 292 151 31 67
326 6 189 240 47 85
326 15 315 94 23 55
326 16 334 94 20 50
326 17 329 47 19 50
326 18 349 50 17 44
326 19 362 51 15 38
326 20 376 10 14 36
327 1 421 7 15 39
327 2 420 -1 18 42
327 3 391 75 22 54
327 4 371 79 21 49
327 5 292 151 31 67
327 6 189 240 47 85
327 15 315 94 23 55
327 16 333 93 20 50
327 17 329 47 19 50
327 18 349 50 17 44
327 19 362 51 15 37
327 20 376 10 14 36
328 1 421 5 15 40
328 2 420 -1 18 42
328 3 391 74 22 53
328 4 371 78 21 49
328 5 293 150 31 67
328 6 190 240 48 85
328 15 315 94 23 55
328 16 334 95 20 48
328 17 328 48 19 50
328 18 349 50 17 44
328 19 361 51 16 42
328 20 376 10 14 36
329 1 421 5 15 40
329 2 422 -1 16 42
329 3 391 74 22 54
329 4 371 78 21 50
329 5 295 150 31 66
329 6 192 240 48 85
329 15 315 95 22 54
329 16 334 95 20 49
329 17 328 48 19 50
329 18 349 51 17 44
329 19 361 51 16 42
329 20 376 11 14 36
330 1 421 5 15 40
330 2 422 -1 16 42
330 3 391 72 22 55
330 4 372 78 21 49
330 5 296 149 29 67
330 6 191 239 53 85
330 15 316 95 22 53
330 16 335 98 18 44
330 17 328 48 20 50
330 18 348 51 17 44
330 19 361 52 16 43
330 20 376 11 14 36
331 1 421 5 15 40
331 2 422 -1 16 42
331 3 391 72 22 55
331 4 372 78 21 49
331 5 297 148 29 67
331 6 194 239 48 84
331 15 316 96 22 53
331 16 334 97 20 49
331 17 328 48 20 51
331 18 348 51 17 44
331 19 361 52 16 41
331 20 376 11 14 36
332 1 421 5 15 40
332 2 422 -1 16 42
332 3 391 71 22 55
332 4 373 78 21 48
332 5 301 146 26 65
332 6 197 239 45 83
332 15 316 97 21 52
332 16 333 97 20 50
332 17 327 48 20 51
332 18 348 52 17 44
332 19 360 53 16 42
332 20 376 11 14 36
333 1 421 5 15 41
333 2 422 -1 16 42
333 3 391 71 22 55
333 4 373 78 21 48
333 5 301 146 26 65
333 6 197 239 45 83
333 15 316 97 21 52
333 16 333 97 20 50
333 17 328 48 20 51
333 18 348 52 17 44
333 19 361 52 16 43
333 20 376 11 14 36
334 1 422 5 15 40
334 2 423 -1 16 42
334 3 391 71 22 56
334 4 373 78 21 49
334 5 302 145 26 66
334 6 201 238 40 82
334 15 315 97 22 54
334 16 332 97 20 50
334 17 327 48 20 51
334 18 348 52 17 44
334 19 360 53 16 42
334 20 376 11 14 36
335 1 422 5 15 40
335 2 423 -1 16 42
335 3 392 71 22 55
335 4 373 78 21 49
335 5 302 144 26 66
335 6 205 237 39 80
335 15 315 98 22 54
335 16 332 97 20 50
335 17 327 48 20 51
335 18 346 52 17 44
335 19 360 53 16 42
335 20 376 11 14 36
336 1 422 4 15 39
336 2 423 -1 16 41
336 3 392 71 22 54
336 4 374 78 21 48
336 5 305 145 25 65
336 6 207 235 39 81
336 15 315 98 22 54
336 16 333 98 20 50
336 17 327 48 20 51
336 18 346 52 17 44
336 19 360 53 16 43
336 20 376 12 14 36
337 1 423 5 14 39
337 2 423 -1 16 41
337 3 392 71 22 54
337 4 374 77 21 48
337 5 306 145 28 64
337 6 215 234 37 79
337 15 315 99 22 54
337 16 333 98 20 50
337 17 326 48 20 52
337 18 346 52 17 44
337 19 360 52 17 45
337 20 376 12 14 36
338 1 423 5 14 38
338 2 423 -1 15 41
338 3 392 71 22 54
338 4 374 77 21 48
338 5 307 145 28 63
338 6 218 231 36 82
338 15 315 99 22 55
338 16 331 98 20 49
338 17 326 49 20 51
338 18 346 52 17 44
338 19 360 53 16 43
338 20 376 12 14 36
339 1 423 5 14 38
339 2 423 -1 15 41
339 3 392 71 22 54
339 4 374 77 21 48
339 5 307 145 29 65
339 6 218 231 36 82
339 15 315 99 22 55
339 16 331 98 20 50
339 17 326 49 20 51
339 18 346 52 17 44
339 19 361 53 16 42
339 20 376 12 14 36
340 1 423 5 14 38
340 2 423 -2 16 42
340 3 393 71 22 54
340 4 375 76 21 48
340 5 308 145 29 65
340 6 218 230 40 83
340 15 315 99 22 54
340 16 332 99 20 49
340 17 326 49 20 50
340 18 346 52 17 44
340 19 360 53 16 43
340 20 376 12 14 36
341 1 423 5 15 39
341 2 423 -2 16 42
341 3 393 70 22 55
341 4 376 76 20 46
341 5 309 145 29 65
341 6 218 230 43 83
341 15 315 100 22 54
341 16 331 99 20 50
341 17 326 49 19 51
341 18 346 52 17 44
341 19 360 53 15 43
341 20 376 12 14 36
342 1 423 5 14 39
342 2 424 -3 16 43
342 3 393 70 22 55
342 4 376 76 20 47
342 5 310 144 29 66
342 6 220 230 44 83
342 15 314 100 22 54
342 16 331 99 20 51
342 17 326 49 19 51
342 18 346 53 17 44
342 19 360 53 15 43
342 20 376 12 14 36
343 1 423 4 14 39
343 2 424 -3 16 44
343 3 394 70 22 54
343 4 376 75 21 48
343 5 311 143 30 66
343 6 220 230 48 82
343 15 315 100 22 54
343 16 331 100 21 51
343 17 326 50 19 51
343 18 346 53 17 44
343 19 360 54 15 43
343 20 376 13 14 36
344 1 424 4 15 39
344 2 424 -3 16 44
344 3 394 69 21 53
344 4 378 75 19 47
344 5 313 143 29 66
344 6 222 229 48 82
344 15 314 101 22 54
344 16 331 101 20 51
344 17 326 50 19 51
344 18 346 53 17 44
344 19 360 54 15 42
344 20 376 13 14 36
345 1 424 4 15 39
345 2 424 -3 16 44
345 3 394 69 22 54
345 4 376 75 20 48
345 5 314 142 25 63
345 6 222 229 48 82
345 15 314 101 22 54
345 16 331 101 20 51
345 17 326 50 19 51
345 18 346 54 17 44
345 19 360 54 15 42
345 20 374 13 14 36
346 1 424 4 15 39
346 2 424 -4 16 44
346 3 395 69 21 52
346 4 377 74 20 50
346 5 315 141 25 63
346 6 225 228 47 81
346 15 314 101 22 53
346 16 330 101 21 52
346 17 326 51 19 51
346 18 346 54 17 44
346 19 361 55 15 42
346 20 374 13 14 36
347 1 424 4 14 39
347 2 425 -3 15 42
347 3 395 69 21 53
347 4 377 74 20 50
347 5 318 141 23 61
347 6 226 227 48 82
347 15 314 102 22 53
347 16 330 101 21 51
347 17 325 51 19 51
347 18 346 55 17 44
347 19 361 55 14 42
347 20 374 13 14 36
348 1 424 3 14 39
348 2 425 -3 15 41
348 3 396 68 22 54
348 4 378 74 20 50
348 5 315 137 27 68
348 6 230 226 46 82
348 15 314 103 22 53
348 16 329 102 21 51
348 17 325 51 19 51
348 18 346 55 17 44
348 19 361 56 14 41
348 20 374 13 14 36
349 1 425 3 15 39
349 2 426 -3 15 40
349 3 396 68 22 54
349 4 378 74 20 49
349 5 319 137 23 64
349 6 233 225 45 81
349 15 314 104 22 54
349 16 329 102 21 52
349 17 325 51 19 51
349 18 346 55 17 44
349 19 361 56 14 41
349 20 374 14 14 36
350 1 425 3 14 39
350 2 426 -3 15 40
350 3 397 68 21 53
350 4 378 74 20 49
350 5 320 137 23 64
350 6 234 221 45 84
350 15 314 104 22 53
350 16 328 102 21 53
350 17 325 52 19 51
350 18 346 55 17 44
350 19 361 56 14 41
350 20 374 14 14 36
351 1 425 3 15 39
351 2 426 -3 15 40
351 3 397 68 21 53
351 4 378 74 20 49
351 5 320 137 23 64
351 6 237 220 42 83
351 15 314 104 22 54
351 16 328 102 21 53
351 17 325 52 19 51
351 18 346 56 17 44
351 19 361 56 14 41
351 20 374 14 14 36
352 1 425 3 14 37
352 2 426 -3 15 40
352 3 398 69 20 49
352 4 378 74 20 49
352 5 321 137 24 63
352 6 239 219 42 80
352 15 314 105 22 53
352 16 328 101 22 53
352 17 325 52 19 51
352 18 346 56 17 44
352 19 361 56 15 44
352 20 374 14 14 36
353 1 425 3 14 37
353 2 426 -3 15 40
353 3 398 69 20 49
353 4 378 74 20 49
353 5 321 139 25 61
353 6 246 216 36 82
353 15 314 105 22 54
353 16 328 102 21 52
353 17 325 52 19 52
353 18 346 56 17 44
353 19 362 56 14 41
353 20 374 14 14 36
354 1 426 3 14 37
354 2 426 -3 15 40
354 3 398 68 20 49
354 4 378 74 20 49
354 5 322 139 25 61
354 6 247 214 34 83
354 15 314 106 22 53
354 16 328 103 21 52
354 17 325 52 19 51
354 18 346 56 17 44
354 19 361 56 16 44
354 20 374 14 14 36
355 1 426 3 14 38
355 2 426 -3 15 40
355 3 398 68 20 49
355 4 379 73 20 49
355 5 321 139 26 59
355 6 251 213 35 84
355 15 314 106 22 54
355 16 328 106 20 49
355 17 325 52 19 52
355 18 346 56 17 44
355 19 361 56 15 44
355 20 374 14 14 36
356 1 426 3 14 38
356 2 427 -4 14 40
356 3 398 68 20 50
356 4 379 72 20 49
356 5 322 139 26 59
356 6 252 212 36 85
356 8 3 401 44 97
356 15 313 107 22 50
356 16 328 107 20 48
356 17 325 52 18 50
356 18 346 56 17 44
356 19 362 56 15 42
356 20 374 15 14 36
357 1 426 3 14 38
357 2 427 -4 14 40
357 3 398 68 20 50
357 4 379 72 19 48
357 5 323 138 26 60
357 6 254 212 38 82
357 8 4 399 45 98
357 15 313 106 22 51
357 16 328 108 20 48
357 17 325 52 18 50
357 18 346 56 17 44
357 19 362 56 16 44
357 20 374 15 14 36
358 1 426 3 14 38
358 2 427 -4 14 40
358 3 398 68 20 50
358 4 379 72 19 48
358 5 323 138 27 60
358 6 254 212 38 82
358 8 7 400 43 92
358 15 313 106 22 51
358 16 328 108 20 48
358 17 325 52 18 50
358 18 346 56 17 44
358 19 362 57 15 43
358 20 374 15 14 36
359 1 426 3 14 38
359 2 428 -4 14 41
359 3 398 67 20 49
359 4 379 72 19 47
359 5 324 138 26 58
359 6 256 212 38 81
359 8 9 397 40 87
359 15 313 106 22 52
359 16 328 108 20 48
359 17 325 53 18 50
359 18 346 57 17 44
359 19 362 57 15 44
359 20 374 15 14 36
360 1 426 3 15 39
360 2 428 -4 14 41
360 3 398 67 20 50
360 4 379 71 19 48
360 5 326 137 26 59
360 6 258 212 37 80
360 8 11 395 42 87
360 15 313 107 22 51
360 16 328 109 19 47
360 17 325 53 18 50
360 18 345 57 17 44
360 19 362 57 15 44
360 20 374 16 14 36
361 1 426 3 15 39
361 2 428 -4 14 40
361 3 398 66 21 51
361 4 379 71 20 50
361 5 327 137 26 59
361 6 259 211 34 81
361 8 16 393 46 87
361 15 312 107 22 51
361 16 328 110 19 47
361 17 325 53 18 50
361 18 345 57 17 44
361 19 362 57 15 44
361 20 374 16 14 36
362 1 426 3 15 39
362 2 428 -4 14 40
362 3 398 66 21 51
362 4 380 70 19 50
362 5 329 136 23 59
362 6 261 210 32 81
362 8 18 391 54 87
362 15 312 108 22 52
362 16 328 110 20 49
362 17 325 54 18 50
362 18 345 58 17 44
362 19 362 58 15 44
362 20 373 16 14 36
363 1 426 2 15 39
363 2 428 -4 14 40
363 3 398 65 21 51
363 4 379 71 19 47
363 5 330 135 23 60
363 6 263 209 32 81
363 7 -18 381 54 103
363 8 21 390 55 88
363 15 312 109 22 52
363 16 327 110 20 49
363 17 324 55 18 50
363 18 345 58 17 44
363 19 362 58 15 43
363 20 373 17 14 37
364 1 426 2 15 39
364 2 428 -4 14 40
364 3 398 65 21 52
364 4 379 71 19 49
364 5 330 135 23 60
364 6 262 209 32 82
364 7 -18 381 54 103
364 8 21 390 55 88
364 15 312 109 22 52
364 16 329 110 18 49
364 17 324 55 18 50
364 18 345 58 17 44
364 19 362 58 15 43
364 20 373 17 14 37
365 1 426 2 15 39
365 2 428 -4 14 40
365 3 398 66 19 48
365 4 380 70 19 49
365 5 331 135 23 59
365 6 263 206 33 83
365 7 -14 379 54 103
365 8 23 389 59 86
365 15 312 109 22 52
365 16 329 110 18 48
365 17 324 55 18 50
365 18 345 59 17 44
365 19 362 59 15 43
365 20 373 17 14 37
366 1 426 2 14 39
366 2 429 -4 14 40
366 3 398 66 19 48
366 4 380 70 19 49
366 5 333 134 24 59
366 6 267 205 32 81
366 7 -11 378 51 101
366 8 30 389 53 85
366 15 312 110 23 52
366 16 329 110 18 49
366 17 324 55 18 51
366 18 345 59 17 44
366 19 362 59 15 43
366 20 372 17 14 37
367 1 427 2 14 39
367 2 429 -4 14 39
367 3 398 66 19 48
367 4 381 70 19 48
367 5 334 134 24 59
367 6 269 203 32 81
367 7 -7 375 49 101
367 8 32 388 53 85
367 15 312 111 23 52
367 16 329 111 18 49
367 17 324 56 18 50
367 18 345 59 17 44
367 19 362 59 15 43
367 20 372 17 14 37
368 1 427 2 14 39
368 2 429 -4 14 39
368 3 398 66 20 51
368 4 381 70 19 48
368 5 334 133 26 60
368 6 270 202 33 78
368 7 -3 373 47 96
368 8 37 386 52 83
368 15 311 111 23 53
368 16 329 111 18 50
368 17 324 56 18 50
368 18 345 59 17 44
368 19 361 59 15 44
368 20 372 17 14 37
369 1 427 2 15 39
369 2 429 -4 14 40
369 3 398 66 20 51
369 4 381 69 20 51
369 5 335 133 27 60
369 6 268 201 37 78
369 7 1 372 44 93
369 8 41 385 44 84
369 15 311 112 23 53
369 16 328 112 19 50
369 17 324 56 18 51
369 18 345 60 17 44
369 19 361 60 15 44
369 20 372 17 14 37
370 1 427 2 15 39
370 2 429 -4 14 40
370 3 398 66 20 51
370 4 381 69 20 51
370 5 335 133 27 60
370 6 268 201 37 78
370 7 0 372 44 91
370 8 41 383 44 86
370 15 311 112 23 55
370 16 328 112 19 50
370 17 324 56 18 51
370 18 345 60 17 44
370 19 361 60 15 44
370 20 372 17 14 37
371 1 427 2 15 39
371 2 429 -5 14 40
371 3 398 66 20 51
371 4 383 69 19 47
371 5 336 133 27 60
371 6 267 200 39 78
371 7 1 367 47 94
371 8 44 381 44 80
371 15 311 113 21 55
371 16 328 112 19 51
371 17 324 56 18 51
371 18 345 60 17 44
371 19 361 60 15 44
371 20 372 17 14 37
372 1 427 2 15 39
372 2 429 -5 14 40
372 3 399 66 20 51
372 4 382 69 19 49
372 5 336 133 28 60
372 6 268 199 41 79
372 7 4 365 43 93
372 8 48 380 38 76
372 15 311 114 21 55
372 16 328 113 19 51
372 17 323 56 18 51
372 18 345 60 17 44
372 19 361 60 15 44
372 20 372 17 14 37
373 1 427 2 15 39
373 2 429 -5 14 41
373 3 399 65 20 51
373 4 383 68 20 48
373 5 337 133 26 60
373 6 269 199 41 79
373 7 6 363 42 94
373 8 50 377 40 78
373 15 310 114 21 54
373 16 327 114 19 50
373 17 323 56 19 52
373 18 345 60 17 44
373 19 361 60 15 44
373 20 371 18 14 37
374 1 427 2 15 39
374 2 429 -5 14 41
374 3 399 65 20 51
374 4 383 68 20 49
374 5 340 133 24 60
374 6 270 198 42 80
374 7 7 361 43 99
374 8 52 375 39 81
374 15 310 114 21 55
374 16 327 114 18 50
374 17 323 56 19 52
374 18 345 60 17 44
374 19 361 60 16 44
374 20 371 18 14 37
375 1 427 2 15 39
375 2 430 -5 14 41
375 3 399 65 20 50
375 4 383 67 20 49
375 5 340 132 24 61
375 6 270 197 43 81
375 7 11 360 47 99
375 8 54 374 42 81
375 15 310 115 21 54
375 16 326 115 18 50
375 17 324 57 18 51
375 18 345 61 17 44
375 19 361 60 16 44
375 20 371 18 14 37
376 1 427 2 15 39
376 2 430 -5 14 40
376 3 399 65 20 51
376 4 383 67 20 49
376 5 340 132 24 57
376 6 270 197 43 81
376 7 11 360 48 99
376 8 55 370 42 85
376 15 310 115 21 54
376 16 326 115 18 50
376 17 324 57 18 51
376 18 345 61 17 44
376 19 361 60 16 44
376 20 371 18 14 37
377 1 428 2 15 39
377 2 430 -5 14 40
377 3 400 64 20 50
377 4 383 67 20 49
377 5 340 129 24 60
377 6 271 195 42 82
377 7 13 358 50 101
377 8 57 368 44 89
377 15 309 115 22 55
377 16 326 115 18 50
377 17 324 57 18 51
377 18 345 61 17 44
377 19 361 60 16 45
377 20 371 18 14 37
378 1 428 2 15 39
378 2 430 -5 14 40
378 3 400 64 20 50
378 4 383 67 20 49
378 5 340 128 24 61
378 6 272 194 42 83
378 7 16 357 48 97
378 8 59 367 44 89
378 15 309 116 22 55
378 16 326 116 18 49
378 17 324 57 18 51
378 18 345 61 17 44
378 19 361 61 15 44
378 20 371 18 14 37
379 1 428 1 14 38
379 2 430 -5 14 39
379 3 399 63 21 53
379 4 384 67 20 49
379 5 344 127 22 59
379 6 273 193 42 83
379 7 20 355 48 103
379 8 63 364 44 92
379 15 309 116 22 54
379 16 326 116 18 50
379 17 324 58 18 51
379 18 345 62 17 44
379 19 361 61 16 45
379 20 371 18 14 37
380 1 430 1 13 38
380 2 431 -5 14 39
380 3 401 64 19 48
380 4 384 67 20 49
380 5 344 126 22 60
380 6 276 191 40 83
380 7 24 354 46 103
380 8 65 363 45 93
380 15 309 117 22 54
380 16 325 116 19 53
380 17 324 58 18 51
380 18 345 62 17 44
380 19 361 62 16 45
380 20 371 18 14 37
381 1 430 1 13 38
381 2 431 -5 14 39
381 3 401 64 19 49
381 4 384 67 20 48
381 5 345 126 23 59
381 6 277 190 40 78
381 7 26 352 45 104
381 8 67 361 47 95
381 15 309 119 21 52
381 16 324 116 19 53
381 17 324 59 18 51
381 18 345 63 17 44
381 19 360 62 16 45
381 20 371 19 14 37
382 1 430 1 13 38
382 2 431 -5 14 39
382 3 401 64 19 48
382 4 384 67 20 48
382 5 345 126 23 59
382 6 277 192 39 76
382 7 26 352 45 104
382 8 67 361 46 94
382 15 309 119 21 52
382 16 324 116 19 53
382 17 324 59 18 50
382 18 345 63 17 44
382 19 360 62 16 45
382 20 371 19 14 37
383 1 430 1 13 38
383 2 431 -5 14 39
383 3 399 63 21 53
383 4 384 67 20 48
383 5 346 126 23 59
383 6 279 191 39 76
383 7 29 351 42 103
383 8 71 360 44 91
383 15 308 119 22 54
383 16 324 117 21 52
383 17 324 59 18 50
383 18 345 63 17 44
383 19 361 63 16 45
383 20 371 19 14 37
384 1 430 1 13 39
384 2 431 -5 14 39
384 3 399 63 21 54
384 4 384 67 20 48
384 5 346 126 23 59
384 6 286 191 33 76
384 7 33 348 38 101
384 8 76 359 41 87
384 15 307 120 22 54
384 16 324 119 21 51
384 17 324 59 18 51
384 18 345 63 17 44
384 19 361 63 16 45
384 20 371 19 14 37
385 1 430 1 13 39
385 2 431 -6 14 39
385 3 400 63 21 52
385 4 384 67 20 48
385 5 346 125 23 59
385 6 288 191 31 76
385 7 33 343 41 95
385 8 79 355 39 80
385 15 307 121 22 54
385 16 324 120 21 50
385 17 325 59 18 51
385 18 345 64 17 44
385 19 361 63 16 45
385 20 371 19 14 37
386 1 430 1 13 38
386 2 431 -6 14 39
386 3 401 63 20 51
386 4 384 67 20 48
386 5 347 125 23 59
386 6 289 191 37 76
386 7 34 341 42 96
386 8 81 352 39 82
386 15 307 121 22 54
386 16 324 121 21 50
386 17 325 59 18 51
386 18 345 64 17 44
386 19 361 63 16 45
386 20 371 19 14 37
387 1 430 1 13 39
387 2 431 -6 14 39
387 3 401 63 20 51
387 4 384 66 20 48
387 5 347 124 23 59
387 6 293 191 34 76
387 7 35 339 44 91
387 8 84 351 38 81
387 15 307 122 22 54
387 16 324 122 21 49
387 17 325 60 18 51
387 18 345 64 17 44
387 19 361 63 16 45
387 20 371 19 14 37
388 1 430 1 13 39
388 2 431 -6 14 39
388 3 400 63 20 51
388 4 384 66 20 48
388 5 347 125 23 59
388 6 293 191 34 76
388 7 35 339 44 91
388 8 84 351 37 79
388 15 307 122 22 54
388 16 324 122 21 49
388 17 325 60 18 51
388 18 345 64 17 44
388 19 361 63 16 45
388 20 371 19 14 37
389 1 430 1 13 39
389 2 431 -6 14 40
389 3 400 64 19 49
389 4 384 66 20 48
389 5 348 124 23 58
389 6 295 191 34 76
389 7 40 336 46 95
389 8 88 347 43 87
389 15 307 122 22 54
389 16 324 123 21 51
389 17 325 60 19 51
389 18 345 64 17 44
389 19 361 63 16 46
389 20 371 19 14 37
390 1 430 1 13 38
390 2 431 -6 14 40
390 3 401 63 18 47
390 4 384 65 20 48
390 5 349 123 22 57
390 6 296 191 34 76
390 7 42 336 47 95
390 8 90 347 47 87
390 15 306 122 22 54
390 16 324 124 21 51
390 17 325 60 19 51
390 18 345 64 17 44
390 19 361 63 16 46
390 20 371 19 14 37
391 1 430 1 13 38
391 2 431 -6 14 40
391 3 400 63 19 48
391 4 384 65 19 47
391 5 349 123 23 58
391 6 294 190 38 74
391 7 44 332 56 99
391 8 92 346 47 88
391 15 306 122 22 55
391 16 324 124 21 51
391 17 325 60 18 51
391 18 345 64 17 44
391 19 360 63 16 45
391 20 371 19 14 37
392 1 431 1 13 37
392 2 431 -6 14 40
392 3 400 61 19 49
392 4 384 64 20 49
392 5 349 122 23 58
392 6 296 189 38 74
392 7 47 331 56 100
392 8 95 345 53 87
392 15 306 123 22 55
392 16 324 124 21 51
392 17 325 60 18 51
392 18 345 66 17 43
392 19 360 64 16 45
392 20 371 19 14 37
393 1 431 1 13 37
393 2 432 -6 14 39
393 3 401 62 19 48
393 4 385 64 19 46
393 5 350 120 23 60
393 6 298 188 34 74
393 7 49 330 56 101
393 8 101 345 49 86
393 15 307 124 21 53
393 16 323 125 21 52
393 17 325 61 19 51
393 18 345 66 17 43
393 19 360 64 16 45
393 20 371 21 14 36
394 1 431 1 13 37
394 2 432 -6 14 40
394 3 401 62 19 48
394 4 385 64 19 46
394 5 350 120 23 60
394 6 298 188 34 74
394 7 49 330 56 101
394 8 101 345 49 86
394 15 306 123 22 54
394 16 323 125 21 52
394 17 325 61 19 51
394 18 345 66 17 43
394 19 360 64 16 45
394 20 371 21 14 36
395 1 431 1 13 37
395 2 432 -6 14 39
395 3 401 61 19 48
395 4 385 64 19 46
395 5 351 120 22 57
395 6 301 187 32 71
395 7 53 329 55 97
395 8 103 345 48 85
395 15 306 124 22 54
395 16 323 125 21 52
395 17 325 61 18 51
395 18 345 66 17 43
395 19 360 65 16 45
395 20 371 21 14 36
396 1 431 1 13 37
396 2 432 -6 14 39
396 3 401 61 19 49
396 4 385 64 19 46
396 5 352 119 21 56
396 6 304 186 32 70
396 7 56 328 51 97
396 8 105 344 48 85
396 15 305 124 23 56
396 16 323 125 21 52
396 17 325 61 18 51
396 18 345 67 17 43
396 19 360 65 16 45
396 20 371 21 14 36
397 1 431 0 13 36
397 2 432 -6 13 38
397 3 401 61 19 49
397 4 385 64 19 47
397 5 351 118 22 58
397 6 307 185 30 71
397 7 61 329 45 92
397 8 111 339 40 82
397 15 305 124 23 57
397 16 322 125 22 53
397 17 325 62 18 51
397 18 345 67 17 43
397 19 360 66 16 45
397 20 370 21 14 36
398 1 431 0 13 36
398 2 432 -6 13 38
398 3 401 61 19 49
398 4 385 64 19 47
398 5 352 118 22 57
398 6 308 184 30 72
398 7 62 327 46 93
398 8 115 338 36 78
398 15 305 125 23 56
398 16 323 126 21 52
398 17 325 62 19 52
398 18 345 68 17 43
398 19 360 66 16 45
398 20 370 21 14 36
399 1 431 0 13 36
399 2 432 -6 13 38
399 3 401 61 19 49
399 4 385 64 19 47
399 5 352 118 22 57
399 6 310 183 32 72
399 7 66 326 44 91
399 8 116 337 39 76
399 15 305 126 23 56
399 16 323 127 21 51
399 17 325 63 18 50
399 18 345 68 17 43
399 19 360 66 16 45
399 20 370 21 14 36
400 1 431 0 13 36
400 2 432 -6 13 38
400 3 401 61 19 49
400 4 385 64 19 47
400 5 352 118 22 57
400 6 310 183 32 72
400 7 66 326 42 92
400 8 116 337 39 76
400 15 305 126 23 56
400 16 323 127 21 51
400 17 325 63 18 51
400 18 345 68 17 43
400 19 360 66 16 45
400 20 370 21 14 36
401 1 431 0 13 37
401 2 432 -6 14 38
401 3 401 61 19 49
401 4 386 64 19 46
401 5 353 118 22 56
401 6 311 183 32 72
401 7 68 324 40 85
401 8 119 336 37 79
401 15 305 127 22 55
401 16 322 128 21 52
401 17 325 63 18 50
401 18 345 68 17 43
401 19 360 68 16 44
401 20 370 22 14 36
402 1 431 0 13 37
402 2 432 -6 14 39
402 3 401 61 19 49
402 4 386 64 19 47
402 5 353 118 22 56
402 6 313 182 32 73
402 7 71 321 38 86
402 8 120 333 39 82
402 15 305 128 22 55
402 16 321 128 22 53
402 17 325 63 18 50
402 18 345 68 17 43
402 19 359 68 16 44
402 20 370 22 14 36
403 1 431 0 13 37
403 2 432 -7 14 39
403 3 402 61 19 49
403 4 386 64 19 46
403 5 353 118 22 56
403 6 313 182 34 73
403 7 73 320 39 86
403 8 123 332 39 83
403 15 305 129 22 55
403 16 322 129 21 52
403 17 325 65 18 49
403 18 345 69 17 43
403 19 359 68 16 44
403 20 369 22 14 36
404 1 431 0 14 36
404 2 433 -7 15 39
404 3 402 61 19 49
404 4 387 63 19 46
404 5 354 117 21 56
404 6 314 181 38 74
404 7 77 319 37 88
404 8 126 331 40 83
404 15 305 129 22 55
404 16 321 130 22 53
404 17 324 63 19 52
404 18 345 69 17 43
404 19 359 68 16 45
404 20 369 22 14 36
405 1 431 0 14 36
405 2 433 -7 15 39
405 3 402 61 19 49
405 4 387 63 19 46
405 5 354 116 21 60
405 6 315 180 37 75
405 7 78 318 40 87
405 8 129 331 38 82
405 15 304 129 23 56
405 16 321 130 22 54
405 17 324 65 19 51
405 18 345 69 17 43
405 19 359 68 16 45
405 20 369 23 14 36
406 1 431 0 14 36
406 2 433 -7 15 39
406 3 402 61 19 49
406 4 387 63 19 46
406 5 354 116 21 60
406 6 315 180 37 75
406 7 78 317 41 89
406 8 129 331 38 82
406 15 304 129 23 56
406 16 321 130 22 53
406 17 324 65 19 51
406 18 345 69 17 44
406 19 359 68 16 45
406 20 369 23 14 36
407 1 431 0 14 36
407 2 433 -7 15 39
407 3 403 60 19 48
407 4 387 63 19 45
407 5 354 115 21 60
407 6 318 179 36 74
407 7 80 316 41 89
407 8 132 330 38 82
407 15 304 130 23 56
407 16 321 130 22 54
407 17 324 65 19 52
407 18 345 69 17 44
407 19 358 68 16 45
407 20 369 23 14 36
408 1 431 0 14 36
408 2 433 -7 15 39
408 3 403 60 19 47
408 4 388 62 18 45
408 5 354 114 22 62
408 6 318 178 37 76
408 7 82 315 41 90
408 8 133 329 38 83
408 15 304 130 23 56
408 16 320 130 22 53
408 17 324 65 19 52
408 18 345 69 17 44
408 19 358 68 16 44
408 20 369 23 14 36
409 1 431 0 14 36
409 2 433 -7 15 39
409 3 403 60 18 46
409 4 388 62 18 45
409 5 354 113 22 63
409 6 321 178 35 71
409 7 85 313 42 91
409 8 137 325 39 88
409 15 304 130 23 56
409 16 320 130 22 53
409 17 324 65 19 52
409 18 345 69 17 44
409 19 358 68 16 45
409 20 369 23 14 36
410 1 431 0 14 36
410 2 433 -7 15 39
410 3 403 59 19 46
410 4 388 62 19 46
410 5 354 112 22 64
410 6 322 176 35 70
410 7 88 312 42 91
410 8 140 324 38 88
410 15 303 130 23 56
410 16 320 131 22 52
410 17 323 65 19 52
410 18 345 70 17 44
410 19 358 69 16 45
410 20 369 23 14 36
411 1 432 -1 14 36
411 2 433 -7 15 38
411 3 404 59 18 46
411 4 388 61 18 45
411 5 354 111 23 65
411 6 323 175 35 70
411 7 90 310 42 92
411 8 141 322 39 82
411 15 303 130 23 57
411 16 319 131 23 54
411 17 323 65 19 51
411 18 345 70 17 43
411 19 358 69 16 44
411 20 369 23 14 36
412 1 432 -1 14 36
412 2 433 -7 15 38
412 3 404 59 18 46
412 4 388 61 18 45
412 5 356 112 21 60
412 6 324 175 35 70
412 7 91 310 42 93
412 8 141 322 39 82
412 15 303 130 23 57
412 16 319 131 23 53
412 17 324 65 19 51
412 18 345 70 17 43
412 19 358 69 16 44
412 20 369 23 14 36
413 1 432 -1 14 36
413 2 433 -7 14 38
413 3 403 58 19 49
413 4 389 61 18 45
413 5 356 112 21 59
413 6 328 174 31 70
413 7 94 309 40 92
413 8 142 320 40 83
413 15 303 131 23 57
413 16 319 131 23 54
413 17 323 65 19 51
413 18 345 70 17 43
413 19 358 70 16 44
413 20 369 24 14 36
414 1 432 -1 14 36
414 2 433 -7 14 38
414 3 404 59 18 45
414 4 389 61 18 44
414 5 356 112 21 59
414 6 329 173 32 70
414 7 97 308 39 90
414 8 143 317 40 81
414 15 303 132 23 57
414 16 319 132 23 53
414 17 323 66 19 52
414 18 345 71 17 43
414 19 358 70 16 44
414 20 369 24 14 36
415 1 432 -1 14 36
415 2 433 -7 14 38
415 3 405 59 18 45
415 4 389 61 18 45
415 5 354 111 23 60
415 6 334 173 32 70
415 7 100 307 37 89
415 8 150 315 35 82
415 15 303 133 23 57
415 16 319 133 23 53
415 17 323 66 19 52
415 18 345 71 17 43
415 19 358 71 16 45
415 20 369 24 14 36
416 1 432 -1 14 36
416 2 433 -8 14 38
416 3 405 59 18 45
416 4 389 61 18 45
416 5 354 111 23 60
416 6 335 173 33 70
416 7 101 305 38 85
416 8 151 313 37 83
416 15 303 134 22 54
416 16 319 134 23 53
416 17 323 66 19 52
416 18 345 72 17 43
416 19 358 71 16 45
416 20 369 24 14 36
417 1 432 -1 14 36
417 2 433 -8 15 38
417 3 405 59 18 45
417 4 389 61 18 44
417 5 354 111 23 60
417 6 337 173 33 69
417 7 102 303 36 87
417 8 153 312 38 81
417 15 301 134 23 57
417 16 319 135 23 54
417 17 322 67 19 52
417 18 345 72 17 43
417 19 358 71 16 45
417 20 369 25 14 36
418 1 432 -1 14 36
418 2 433 -8 14 38
418 3 405 59 18 45
418 4 389 61 18 44
418 5 354 111 23 60
418 6 337 173 33 69
418 7 102 303 36 80
418 8 153 312 38 81
418 15 301 134 23 57
418 16 319 135 24 54
418 17 322 67 19 52
418 18 345 72 17 43
418 19 358 71 16 45
418 20 369 25 14 36
419 1 432 -1 14 36
419 2 434 -8 13 38
419 3 405 59 18 45
419 4 389 61 19 46
419 5 355 111 22 59
419 6 339 173 32 68
419 7 103 300 38 82
419 8 155 311 39 82
419 15 301 135 23 57
419 16 319 136 24 56
419 17 322 67 19 52
419 18 345 72 17 44
419 19 358 71 16 45
419 20 369 25 14 36
420 1 432 -2 14 36
420 2 434 -8 13 38
420 3 405 59 18 45
420 4 389 61 18 44
420 5 355 110 23 59
420 6 341 173 32 68
420 7 105 299 38 83
420 8 159 310 45 80
420 15 301 136 23 57
420 16 319 136 24 55
420 17 322 68 19 51
420 18 345 72 17 44
420 19 358 72 16 45
420 20 369 25 14 36
421 1 432 -2 14 36
421 2 434 -8 13 38
421 3 405 57 18 46
421 4 389 61 18 45
421 5 355 110 23 60
421 6 341 172 33 69
421 7 108 299 46 79
421 8 163 309 43 78
421 15 301 136 23 57
421 16 318 137 24 54
421 17 322 68 19 51
421 18 345 72 17 44
421 19 358 72 16 45
421 20 369 25 14 36
422 1 432 -1 14 36
422 2 434 -8 13 38
422 3 405 57 18 46
422 4 389 61 18 44
422 5 355 109 23 59
422 6 341 171 33 69
422 7 110 297 51 86
422 8 166 309 42 82
422 15 301 137 23 57
422 16 318 137 24 53
422 17 322 68 19 53
422 18 345 73 17 45
422 19 358 72 16 46
422 20 369 25 14 36
423 1 432 -1 14 35
423 2 434 -8 13 38
423 3 405 57 18 46
423 4 389 60 18 44
423 5 356 108 23 57
423 6 343 170 32 68
423 7 112 296 52 87
423 8 168 308 42 82
423 15 300 137 24 58
423 16 318 137 24 54
423 17 322 68 19 53
423 18 344 73 17 45
423 19 358 72 16 46
423 20 368 25 14 36
424 1 432 -1 14 35
424 2 434 -8 13 38
424 3 405 57 18 46
424 4 389 60 18 45
424 5 356 108 23 57
424 6 343 170 32 68
424 7 112 296 52 88
424 8 166 308 44 82
424 15 300 137 24 58
424 16 323 137 19 53
424 17 322 68 19 53
424 18 344 73 17 45
424 19 358 72 16 46
424 20 368 25 14 36
424 22 411 -9 12 31
425 1 432 -2 14 35
425 2 434 -8 13 38
425 3 405 56 18 46
425 4 389 60 18 45
425 5 356 107 23 57
425 6 347 167 30 68
425 7 115 295 51 86
425 8 168 307 44 82
425 15 300 137 24 58
425 16 323 137 19 53
425 17 322 68 19 53
425 18 344 73 18 45
425 19 358 72 16 46
425 20 368 26 14 36
425 22 411 -9 12 31
426 1 432 -2 14 35
426 2 434 -8 13 38
426 3 405 56 18 47
426 4 389 59 18 45
426 5 356 106 24 58
426 6 350 166 30 67
426 7 122 294 45 86
426 8 170 305 45 80
426 15 300 137 24 58
426 16 323 137 19 53
426 17 322 68 19 53
426 18 344 73 17 45
426 19 358 72 16 45
426 20 368 26 14 36
426 22 411 -9 12 31
427 1 433 -2 13 35
427 2 434 -8 13 38
427 3 405 56 18 47
427 4 389 59 18 45
427 5 356 106 24 59
427 6 351 165 29 67
427 7 124 293 44 85
427 8 177 304 36 80
427 15 300 138 24 58
427 16 323 138 19 52
427 17 322 69 19 53
427 18 344 73 17 45
427 19 358 73 16 46
427 20 368 26 14 36
427 22 411 -9 12 31
428 1 433 -2 13 35
428 2 434 -8 13 38
428 3 405 55 18 47
428 4 389 59 18 45
428 5 357 106 22 55
428 6 353 164 29 70
428 7 128 291 38 85
428 8 181 302 35 78
428 15 299 138 24 58
428 16 323 139 18 52
428 17 322 69 19 53
428 18 344 73 17 45
428 19 358 73 16 45
428 20 368 26 14 36
428 22 411 -9 12 31
429 1 433 -2 14 35
429 2 434 -8 13 38
429 3 405 55 19 47
429 4 389 59 18 45
429 5 357 105 24 59
429 6 355 164 30 70
429 7 131 290 37 81
429 8 182 299 37 78
429 15 300 139 23 58
429 16 323 140 18 51
429 17 322 69 19 53
429 18 344 74 17 45
429 19 358 73 16 46
429 20 368 27 14 36
429 22 411 -9 12 31
430 1 433 -2 14 35
430 2 434 -8 13 38
430 3 406 55 18 45
430 4 389 59 18 45
430 5 359 105 21 56
430 6 355 164 30 70
430 7 131 288 37 83
430 8 182 299 37 78
430 15 300 139 23 58
430 16 323 140 18 51
430 17 322 69 19 53
430 18 344 74 17 45
430 19 358 73 16 45
430 20 368 27 14 36
430 22 411 -9 12 31
431 1 433 -2 14 35
431 2 435 -8 13 38
431 3 405 55 19 48
431 4 390 59 18 45
431 5 359 105 21 56
431 6 356 164 30 70
431 7 134 287 34 82
431 8 185 297 37 77
431 15 300 140 23 58
431 16 322 141 19 52
431 17 322 69 19 53
431 18 344 74 17 45
431 19 358 74 16 45
431 20 368 27 14 36
431 22 411 -9 12 31
432 1 433 -3 15 35
432 2 435 -8 13 38
432 3 406 55 18 45
432 4 390 59 18 43
432 5 360 105 21 56
432 6 355 164 35 70
432 7 135 285 33 83
432 8 185 296 38 80
432 15 300 141 23 58
432 16 322 142 19 53
432 17 322 70 19 53
432 18 344 75 17 45
432 19 358 74 16 45
432 20 368 27 14 36
432 22 411 -9 12 31
433 1 433 -3 15 35
433 2 435 -8 13 38
433 3 405 55 19 48
433 4 390 59 18 43
433 5 360 105 22 56
433 6 356 164 35 70
433 7 137 284 33 78
433 8 189 295 38 79
433 15 299 142 23 58
433 16 322 143 19 53
433 17 321 70 19 53
433 18 344 75 17 45
433 19 358 75 16 45
433 20 368 28 14 36
433 22 411 -8 12 31
434 1 433 -3 15 35
434 2 435 -8 13 38
434 3 406 55 19 48
434 4 390 59 18 43
434 5 362 105 20 56
434 6 358 163 35 70
434 7 139 283 33 83
434 8 189 294 41 81
434 15 299 143 23 58
434 16 321 143 19 53
434 17 321 70 19 53
434 18 344 75 17 45
434 19 358 75 16 45
434 20 368 28 14 36
434 22 411 -8 12 31
435 1 433 -3 15 35
435 2 435 -8 13 38
435 3 406 55 19 48
435 4 390 59 18 43
435 5 362 105 20 56
435 6 359 162 36 71
435 7 142 282 35 82
435 8 192 293 42 82
435 15 299 144 24 58
435 16 321 143 20 53
435 17 321 71 19 53
435 18 344 76 17 45
435 19 358 75 16 45
435 20 367 28 14 36
435 22 411 -8 12 31
436 1 433 -3 15 35
436 2 435 -8 13 38
436 3 406 55 19 48
436 4 391 59 18 43
436 5 362 105 20 56
436 6 359 162 35 71
436 7 142 282 35 82
436 8 192 293 42 82
436 15 299 144 24 58
436 16 321 143 20 53
436 17 321 71 19 53
436 18 344 76 18 45
436 19 358 75 16 45
436 20 367 28 14 36
436 22 411 -8 12 31
437 1 433 -3 14 36
437 2 435 -8 13 38
437 3 408 55 16 45
437 4 391 59 18 43
437 5 363 104 20 57
437 6 360 162 35 71
437 7 144 281 36 83
437 8 194 292 42 83
437 15 298 144 24 59
437 16 321 143 20 53
437 17 321 71 19 53
437 18 343 76 18 46
437 19 358 76 16 45
437 20 367 28 14 36
437 22 411 -8 12 31
438 1 433 -3 15 35
438 2 435 -9 13 38
438 3 408 55 18 47
438 4 391 59 18 42
438 5 363 103 21 58
438 6 363 161 34 69
438 7 145 281 42 83
438 8 196 291 43 83
438 15 298 145 24 59
438 16 320 144 20 53
438 17 321 72 19 53
438 18 343 76 18 46
438 19 358 76 16 45
438 20 367 28 14 36
438 22 411 -7 12 31
439 1 433 -3 15 35
439 2 435 -9 13 38
439 3 409 55 16 45
439 4 391 58 18 43
439 5 364 102 20 57
439 6 364 160 34 67
439 7 147 280 43 83
439 8 202 289 38 80
439 15 298 145 24 59
439 16 319 143 21 54
439 17 321 72 19 53
439 18 343 76 18 46
439 19 357 76 17 45
439 20 367 28 14 36
439 22 411 -7 12 31
440 1 433 -3 15 35
440 2 435 -9 13 38
440 3 408 54 17 47
440 4 392 58 18 43
440 5 363 100 22 61
440 6 367 159 33 66
440 7 149 279 43 84
440 8 203 288 39 81
440 15 297 146 24 59
440 16 320 144 20 53
440 17 321 72 19 53
440 18 343 76 18 46
440 19 357 76 17 45
440 20 367 29 14 36
440 22 411 -7 12 31
441 1 433 -3 15 35
441 2 436 -10 13 39
441 3 409 54 17 46
441 4 392 57 18 42
441 5 365 101 20 56
441 6 369 158 33 66
441 7 152 278 43 83
441 8 210 286 35 72
441 15 297 146 24 59
441 16 320 144 20 53
441 17 320 72 19 54
441 18 343 76 18 46
441 19 357 76 17 44
441 20 367 29 14 36
441 22 411 -7 12 31
442 1 433 -3 15 35
442 2 436 -10 13 39
442 3 409 54 17 46
442 4 392 57 18 42
442 5 365 101 20 56
442 6 369 158 31 66
442 7 151 278 44 85
442 8 210 286 35 72
442 15 297 146 24 59
442 16 318 143 22 57
442 17 321 72 19 53
442 18 343 76 18 46
442 19 357 76 17 44
442 20 367 29 14 36
442 22 411 -7 12 31
443 1 434 -3 14 35
443 2 436 -10 13 39
443 3 409 54 17 45
443 4 392 57 18 42
443 5 366 100 20 56
443 6 370 157 31 67
443 7 153 276 44 86
443 8 212 284 35 72
443 15 296 146 24 59
443 16 319 145 20 53
443 17 320 73 19 53
443 18 343 77 18 47
443 19 357 76 17 45
443 20 367 29 14 36
443 22 411 -7 12 31
444 1 434 -3 14 35
444 2 436 -10 13 39
444 3 410 53 16 44
444 4 392 57 18 42
444 5 366 100 20 55
444 6 371 157 31 65
444 7 157 275 40 86
444 8 215 283 30 73
444 15 296 147 24 59
444 16 319 146 20 53
444 17 320 73 19 54
444 18 343 77 18 45
444 19 357 77 17 45
444 20 367 29 14 36
444 22 411 -7 12 31
445 1 434 -3 14 34
445 2 436 -10 13 39
445 3 410 53 16 44
445 4 392 57 18 42
445 5 367 99 20 55
445 6 376 156 27 67
445 7 161 273 37 84
445 8 217 282 30 73
445 15 295 148 24 59
445 16 318 147 20 53
445 17 319 73 19 53
445 18 343 77 18 45
445 19 357 77 17 44
445 20 367 29 14 36
445 22 411 -7 12 31
446 1 434 -3 14 34
446 2 436 -11 13 39
446 3 410 53 16 45
446 4 392 57 18 42
446 5 367 100 20 55
446 6 377 156 27 67
446 7 162 271 35 86
446 8 220 281 36 73
446 15 295 148 24 59
446 16 318 148 20 54
446 17 319 73 19 53
446 18 343 78 17 46
446 19 357 78 17 44
446 20 367 30 14 36
446 22 411 -7 12 31
447 1 434 -5 15 37
447 2 436 -11 13 39
447 3 410 52 16 45
447 4 393 57 17 42
447 5 368 100 20 55
447 6 379 156 29 67
447 7 165 270 34 79
447 8 222 280 37 76
447 15 295 149 24 58
447 16 318 149 20 53
447 17 320 73 19 54
447 18 343 78 17 46
447 19 357 78 16 43
447 20 367 30 14 36
447 22 411 -7 12 31
448 1 434 -5 15 37
448 2 436 -11 13 39
448 3 410 52 16 45
448 4 392 56 18 44
448 5 366 100 22 55
448 6 379 156 29 67
448 7 165 270 34 79
448 8 222 280 38 76
448 15 295 149 24 58
448 16 318 149 20 53
448 17 319 73 19 53
448 18 343 78 17 46
448 19 357 78 16 43
448 20 367 30 14 36
448 21 398 -7 14 31
448 22 411 -7 12 31
449 1 434 -5 15 36
449 2 436 -11 13 39
449 3 410 52 16 45
449 4 393 57 17 41
449 5 366 100 20 55
449 6 380 156 29 67
449 7 168 268 33 80
449 8 224 279 38 76
449 15 294 150 24 58
449 16 316 150 21 53
449 17 319 73 20 54
449 18 343 79 17 46
449 19 357 79 16 43
449 20 367 30 14 36
449 21 398 -7 14 31
449 22 411 -7 12 31
450 1 435 -5 15 36
450 2 436 -11 13 39
450 3 411 52 16 44
450 4 393 57 17 41
450 5 366 100 20 55
450 6 381 155 30 68
450 7 169 267 35 81
450 8 226 277 38 79
450 15 293 151 23 58
450 16 316 151 21 53
450 17 319 74 20 54
450 18 343 79 17 46
450 19 357 80 16 43
450 20 367 30 14 36
450 21 398 -7 14 31
450 22 411 -7 12 31
451 1 435 -4 15 33
451 2 436 -11 13 39
451 3 411 53 16 44
451 4 393 57 17 41
451 5 367 100 20 54
451 6 383 154 30 68
451 7 170 266 42 78
451 8 228 276 38 79
451 15 293 152 23 59
451 16 315 151 21 56
451 17 319 74 20 54
451 18 343 80 17 46
451 19 357 80 17 45
451 20 367 30 14 36
451 21 398 -7 14 31
451 22 411 -5 12 30
452 1 435 -4 15 33
452 2 436 -11 13 39
452 3 411 53 16 44
452 4 393 57 17 40
452 5 367 99 20 55
452 6 384 154 30 68
452 7 176 266 42 78
452 8 232 275 37 78
452 15 292 153 23 59
452 16 315 151 22 56
452 17 319 75 20 54
452 18 342 80 18 47
452 19 357 80 17 45
452 20 367 31 14 36
452 21 398 -7 14 31
452 22 411 -5 12 30
453 1 435 -4 15 33
453 2 436 -11 13 39
453 3 411 53 16 44
453 4 393 56 17 40
453 5 367 99 20 56
453 6 384 152 31 70
453 7 179 266 44 76
453 8 234 273 33 72
453 15 291 154 23 59
453 16 315 151 22 56
453 17 319 75 20 54
453 18 343 80 18 47
453 19 357 80 17 46
453 20 367 31 14 36
453 21 398 -6 14 31
453 22 411 -5 12 30
454 1 435 -4 15 33
454 2 436 -11 13 39
454 3 411 53 17 46
454 4 393 56 17 40
454 5 367 99 20 56
454 6 387 152 30 66
454 7 179 266 44 76
454 8 234 273 33 72
454 15 291 154 23 59
454 16 315 151 22 56
454 17 319 75 20 54
454 18 343 80 18 47
454 19 357 80 17 46
454 20 367 31 14 36
454 21 398 -6 14 31
454 22 411 -5 12 30
455 1 435 -4 15 33
455 2 436 -11 13 39
455 3 411 52 17 46
455 4 393 56 17 41
455 5 368 98 20 55
455 6 389 151 30 65
455 7 181 266 44 80
455 8 236 271 33 73
455 15 291 154 23 59
455 16 314 151 22 56
455 17 318 76 20 54
455 18 343 80 18 47
455 19 357 80 17 46
455 20 367 31 14 36
455 21 398 -6 14 31
455 22 411 -5 12 30
456 1 435 -4 15 33
456 2 436 -11 13 39
456 3 411 52 17 46
456 4 394 56 17 41
456 5 368 97 20 55
456 6 389 149 30 65
456 7 183 266 45 80
456 8 239 270 32 73
456 15 290 154 23 60
456 16 314 152 22 56
456 17 318 76 20 54
456 18 343 80 18 48
456 19 357 80 18 46
456 20 367 32 14 36
456 21 398 -6 14 31
456 22 411 -4 12 30
457 1 435 -4 15 33
457 2 436 -11 13 39
457 3 411 52 17 46
457 4 394 54 17 41
457 5 368 97 20 55
457 6 390 148 30 65
457 7 185 266 42 80
457 8 241 268 33 75
457 15 290 155 24 60
457 16 314 152 22 57
457 17 318 76 20 55
457 18 343 81 18 48
457 19 357 81 18 48
457 20 367 32 14 36
457 21 398 -6 14 31
457 22 411 -4 12 30
458 1 436 -4 15 31
458 2 436 -11 13 39
458 3 411 52 17 45
458 4 394 54 17 41
458 5 368 96 20 55
458 6 391 147 30 65
458 7 189 265 38 78
458 8 242 267 33 75
458 15 289 155 24 60
458 16 313 153 22 57
458 17 318 76 20 55
458 18 342 81 18 48
458 19 357 80 18 48
458 20 367 32 14 36
458 21 398 -5 14 31
458 22 411 -4 12 30
459 1 436 -4 15 33
459 2 436 -11 13 39
459 3 411 51 18 48
459 4 394 54 16 40
459 5 369 96 20 54
459 6 393 147 30 65
459 7 191 265 38 77
459 8 244 266 34 76
459 15 288 155 24 61
459 16 313 154 22 57
459 17 318 76 20 55
459 18 342 81 18 48
459 19 357 81 17 45
459 20 367 32 14 36
459 21 398 -5 14 31
459 22 411 -4 12 30
460 1 436 -4 15 33
460 2 436 -11 13 39
460 3 411 51 18 48
460 4 394 53 17 42
460 5 369 96 20 54
460 6 391 147 30 66
460 7 191 261 38 81
460 8 244 266 34 76
460 15 288 155 24 61
460 16 313 154 21 54
460 17 318 77 20 55
460 18 342 81 18 49
460 19 357 81 17 45
460 20 367 32 14 36
460 21 398 -5 14 31
460 22 411 -4 12 30
461 1 436 -4 15 33
461 2 437 -12 13 38
461 3 411 51 17 45
461 4 394 53 17 41
461 5 369 95 20 54
461 6 394 147 29 64
461 7 192 259 37 82
461 8 246 266 33 76
461 15 288 155 24 61
461 16 313 155 21 54
461 17 318 76 20 55
461 18 342 81 18 48
461 19 357 81 18 47
461 20 367 33 14 36
461 21 398 -5 14 31
461 22 411 -4 12 30
462 1 436 -5 15 32
462 2 437 -12 13 38
462 3 411 50 18 48
462 4 394 53 17 42
462 5 369 95 20 54
462 6 393 147 33 67
462 7 193 257 35 83
462 8 248 265 33 77
462 15 288 156 24 61
462 16 312 156 22 55
462 17 318 77 20 55
462 18 342 81 18 48
462 19 357 81 17 47
462 20 367 33 14 36
462 21 398 -5 14 31
462 22 411 -4 12 30
463 1 436 -5 15 32
463 2 437 -12 13 38
463 3 411 50 16 45
463 4 394 53 17 41
463 5 369 95 20 54
463 6 394 147 33 67
463 7 198 254 31 85
463 8 250 264 35 78
463 15 286 157 24 62
463 16 311 157 22 58
463 17 318 77 20 55
463 18 342 81 18 48
463 19 357 82 18 47
463 20 367 33 14 36
463 21 398 -5 14 31
463 22 411 -4 12 30
464 1 436 -5 15 32
464 2 437 -12 13 38
464 3 411 50 17 45
464 4 395 53 17 42
464 5 370 95 20 54
464 6 395 146 33 67
464 7 200 253 31 83
464 8 252 263 36 79
464 15 286 158 25 62
464 16 311 158 22 57
464 17 316 77 21 55
464 18 342 82 18 48
464 19 357 82 18 47
464 20 367 33 14 36
464 21 397 -5 14 31
464 22 411 -4 12 30
465 1 436 -5 15 32
465 2 437 -12 13 38
465 3 411 50 17 45
465 4 395 53 17 41
465 5 370 95 20 54
465 6 395 146 33 67
465 7 202 252 34 82
465 8 254 262 36 79
465 15 285 159 24 61
465 16 310 158 22 57
465 17 318 77 20 55
465 18 342 82 18 48
465 19 357 83 17 47
465 20 367 35 14 35
465 21 397 -5 14 31
465 22 411 -4 12 30
466 1 436 -5 15 32
466 2 437 -12 13 38
466 3 411 50 17 45
466 4 395 53 17 41
466 5 372 95 19 54
466 6 396 146 33 67
466 7 202 252 34 82
466 8 254 262 36 79
466 15 285 159 24 61
466 16 309 158 23 57
466 17 316 77 21 55
466 18 342 82 18 48
466 19 357 83 18 47
466 20 367 35 14 35
466 21 397 -5 14 31
466 22 411 -4 12 30
467 1 436 -5 15 32
467 2 437 -12 13 38
467 3 411 50 17 45
467 4 395 53 17 41
467 5 372 95 19 54
467 6 395 145 32 66
467 7 204 251 34 81
467 8 255 261 37 80
467 15 283 160 25 62
467 16 305 159 27 58
467 17 316 77 21 56
467 18 342 83 18 48
467 19 357 83 17 47
467 20 365 35 14 36
467 21 397 -5 14 31
467 22 411 -3 12 30
468 1 436 -5 15 32
468 2 437 -12 13 38
468 3 412 50 17 45
468 4 396 53 16 40
468 5 373 95 19 54
468 6 396 144 32 66
468 7 206 251 36 83
468 8 258 259 36 74
468 15 283 161 25 61
468 16 304 160 27 58
468 17 316 78 21 55
468 18 342 84 18 49
468 19 357 84 17 47
468 20 365 35 14 36
468 21 397 -5 14 31
468 22 411 -3 12 30
469 1 436 -5 15 32
469 2 437 -12 13 38
469 3 412 50 17 45
469 4 395 52 17 42
469 5 373 94 19 55
469 6 397 143 32 65
469 7 208 250 37 83
469 8 259 257 32 69
469 15 281 161 25 62
469 16 303 159 27 59
469 17 316 78 21 55
469 18 341 84 18 48
469 19 357 84 17 47
469 20 365 35 14 36
469 21 397 -5 14 31
469 22 411 -3 12 30
470 1 436 -5 15 32
470 2 437 -12 13 38
470 3 412 50 17 45
470 4 396 52 17 42
470 5 373 94 19 54
470 6 398 142 31 65
470 7 211 249 36 83
470 8 261 256 32 69
470 15 280 162 25 61
470 16 304 160 27 57
470 17 315 79 21 55
470 18 341 84 18 49
470 19 357 85 18 48
470 20 365 35 14 36
470 21 397 -5 14 31
470 22 411 -2 12 30
471 1 436 -5 15 32
471 2 437 -12 13 38
471 3 412 50 18 44
471 4 396 52 17 41
471 5 373 92 20 58
471 6 397 140 34 70
471 7 213 248 37 83
471 8 263 255 31 72
471 15 279 162 25 61
471 16 302 160 27 58
471 17 315 79 21 55
471 18 341 84 18 49
471 19 357 85 18 48
471 20 365 35 14 36
471 21 397 -5 14 31
471 22 411 -2 12 30
472 1 436 -5 15 32
472 2 437 -12 13 38
472 3 412 50 18 44
472 4 396 52 17 41
472 5 373 91 20 58
472 6 398 141 32 65
472 7 213 248 37 83
472 8 263 255 31 72
472 15 279 162 25 61
472 16 302 160 27 58
472 17 315 79 21 55
472 18 341 85 18 49
472 19 357 85 18 48
472 20 365 35 14 36
472 21 397 -5 14 31
472 22 411 -2 12 30
473 1 436 -5 15 32
473 2 437 -12 13 38
473 3 413 50 18 44
473 4 397 52 16 40
473 5 374 91 19 56
473 6 399 140 31 65
473 7 215 247 37 83
473 8 266 254 29 73
473 15 278 162 25 61
473 16 301 160 27 58
473 17 314 80 21 55
473 18 341 85 19 49
473 19 357 85 17 48
473 20 365 36 14 36
473 21 396 -4 14 31
473 22 411 -2 12 30
474 1 436 -5 15 32
474 2 437 -12 13 38
474 3 413 49 18 44
474 4 397 51 16 40
474 5 372 89 21 60
474 6 404 140 28 65
474 7 217 246 37 84
474 8 267 253 35 74
474 15 278 163 25 60
474 16 300 161 27 58
474 17 314 80 21 55
474 18 341 85 18 49
474 19 357 85 17 48
474 20 365 36 14 36
474 21 396 -4 14 31
474 22 411 -2 12 30
475 1 436 -5 15 31
475 2 437 -13 13 38
475 3 413 49 17 44
475 4 397 51 16 40
475 5 373 89 21 60
475 6 405 140 28 65
475 7 219 245 36 82
475 8 269 252 36 74
475 15 277 163 23 60
475 16 300 162 27 58
475 17 314 81 21 55
475 18 341 85 18 49
475 19 357 85 17 49
475 20 365 36 14 36
475 21 396 -4 14 31
475 22 411 -2 12 30
476 1 436 -5 15 31
476 2 437 -13 13 38
476 3 413 49 17 44
476 4 398 51 17 41
476 5 376 90 18 53
476 6 405 140 28 65
476 7 222 245 35 79
476 8 271 251 36 74
476 15 277 164 24 60
476 16 299 163 26 59
476 17 314 81 21 55
476 18 341 86 18 49
476 19 357 85 17 49
476 20 365 36 14 36
476 21 396 -4 14 31
476 22 411 -2 12 30
477 1 436 -5 15 32
477 2 437 -13 13 38
477 3 413 48 18 45
477 4 398 51 17 41
477 5 377 90 18 53
477 6 406 138 28 66
477 7 221 242 33 85
477 8 273 250 36 76
477 15 275 165 23 60
477 16 298 165 26 58
477 17 313 81 21 55
477 18 340 86 19 49
477 19 357 85 17 48
477 20 365 37 14 36
477 21 396 -3 14 32
477 22 411 -2 12 30
478 1 436 -5 15 32
478 2 437 -13 13 38
478 3 413 48 18 45
478 4 398 51 17 43
478 5 377 90 18 53
478 6 406 138 28 66
478 7 221 242 33 76
478 8 273 250 36 76
478 15 276 164 23 59
478 16 298 165 26 58
478 17 313 81 21 55
478 18 340 86 19 49
478 19 357 85 17 48
478 20 365 37 14 36
478 21 396 -3 14 32
478 22 411 -2 12 30
479 1 436 -5 15 31
479 2 437 -13 13 38
479 3 414 48 17 43
479 4 398 51 17 43
479 5 377 90 18 53
479 6 407 140 28 65
479 7 226 241 30 77
479 8 275 249 32 76
479 15 273 166 23 60
479 16 298 166 26 58
479 17 313 82 21 55
479 18 340 86 18 49
479 19 357 86 17 48
479 20 365 37 14 36
479 21 396 -3 14 32
479 22 411 -2 12 30
480 1 436 -6 15 32
480 2 437 -13 13 38
480 3 413 48 18 45
480 4 399 51 17 43
480 5 377 90 18 53
480 6 408 138 28 66
480 7 228 240 29 75
480 8 276 247 32 77
480 15 275 166 24 60
480 16 297 167 26 59
480 17 312 81 21 55
480 18 340 86 18 48
480 19 357 86 17 48
480 20 365 38 14 36
480 21 396 -3 14 32
480 22 411 -2 12 30
481 1 436 -6 15 32
481 2 437 -14 13 38
481 3 414 48 17 42
481 4 399 51 17 42
481 5 378 90 18 52
481 6 412 139 26 61
481 7 229 239 34 80
481 8 277 245 33 78
481 15 273 168 22 57
481 16 295 167 27 59
481 17 312 82 21 55
481 18 340 88 18 47
481 19 357 87 17 47
481 20 365 38 14 36
481 21 396 -3 14 32
481 22 411 -1 12 30
482 1 436 -6 15 32
482 2 437 -14 13 38
482 3 413 48 18 46
482 4 399 51 17 42
482 5 377 90 18 53
482 6 411 137 28 65
482 7 230 239 40 80
482 8 281 244 30 72
482 15 272 169 22 57
482 16 294 168 27 59
482 17 312 82 21 55
482 18 340 88 18 46
482 19 356 87 17 48
482 20 365 39 14 36
482 21 395 -3 14 32
482 22 411 -1 12 30
483 1 436 -6 15 32
483 2 437 -14 13 38
483 3 414 48 18 44
483 4 399 51 16 41
483 5 378 90 18 52
483 6 413 136 28 66
483 7 231 239 41 80
483 8 282 243 30 73
483 15 271 170 22 56
483 16 294 168 27 59
483 17 312 82 21 55
483 18 340 89 18 46
483 19 357 88 17 47
483 20 365 39 14 36
483 21 395 -3 14 32
483 22 411 -1 12 30
484 1 436 -6 15 32
484 2 437 -14 13 38
484 3 414 48 17 43
484 4 399 51 16 41
484 5 378 90 18 52
484 6 413 136 28 66
484 7 231 239 41 80
484 8 283 243 30 72
484 15 271 170 22 56
484 16 294 168 27 59
484 17 312 82 21 56
484 18 340 89 18 46
484 19 356 88 17 48
484 20 365 39 14 36
484 21 395 -3 14 32
484 22 411 -1 12 30
485 1 436 -6 15 31
485 2 437 -14 13 38
485 3 414 48 18 45
485 4 399 51 16 41
485 5 378 89 19 54
485 6 414 135 27 64
485 7 233 239 42 80
485 8 284 242 30 72
485 15 271 170 22 56
485 16 293 169 27 60
485 17 312 82 21 56
485 18 340 89 19 48
485 19 356 89 17 48
485 20 365 39 14 36
485 21 395 -3 14 32
485 22 411 -1 12 30
486 1 436 -6 15 32
486 2 437 -14 13 38
486 3 414 48 17 43
486 4 399 51 17 42
486 5 378 89 19 51
486 6 414 134 28 66
486 7 235 238 42 77
486 8 286 241 31 72
486 15 266 171 24 61
486 16 292 169 27 60
486 17 312 82 21 56
486 18 340 90 18 46
486 19 356 89 17 48
486 20 366 39 14 36
486 21 395 -2 14 32
486 22 411 0 12 30
487 1 436 -6 15 32
487 2 437 -14 13 38
487 3 414 47 18 44
487 4 399 51 17 42
487 5 378 88 19 51
487 6 415 133 28 65
487 7 237 237 42 77
487 8 286 240 32 73
487 15 265 172 24 61
487 16 291 169 27 60
487 17 312 83 21 56
487 18 340 90 18 47
487 19 356 89 17 49
487 20 366 39 14 36
487 21 395 -2 14 32
487 22 411 0 12 30
488 1 436 -6 15 31
488 2 437 -14 13 38
488 3 414 47 17 43
488 4 400 50 17 42
488 5 378 87 19 52
488 6 415 132 28 66
488 7 240 236 37 77
488 8 289 239 31 74
488 15 264 172 24 62
488 16 290 170 27 61
488 17 312 83 21 56
488 18 340 90 18 47
488 19 356 89 17 49
488 20 366 39 14 36
488 21 395 -2 14 32
488 22 411 0 12 30
489 1 436 -6 14 31
489 2 437 -14 13 38
489 3 414 47 17 43
489 4 400 49 17 42
489 5 379 87 19 50
489 6 415 131 28 66
489 7 241 235 36 77
489 8 291 239 31 73
489 15 263 172 24 62
489 16 289 171 28 61
489 17 312 83 21 56
489 18 340 90 19 48
489 19 356 89 17 49
489 20 366 40 14 36
489 21 395 -2 14 32
489 22 411 0 12 30
490 1 436 -6 15 31
490 2 437 -14 13 38
490 3 414 47 17 43
490 4 400 49 17 42
490 5 379 87 19 50
490 6 414 131 29 66
490 7 241 235 37 77
490 8 291 239 30 73
490 15 262 172 24 62
490 16 292 171 26 57
490 17 312 84 21 56
490 18 340 90 19 48
490 19 356 91 17 48
490 20 366 40 14 36
490 21 395 -2 14 32
490 22 411 0 12 30
491 1 436 -6 14 31
491 2 437 -14 13 38
491 3 414 47 17 43
491 4 400 49 17 42
491 5 378 86 20 53
491 6 414 131 29 66
491 7 244 234 36 74
491 8 289 238 34 76
491 15 261 172 24 63
491 16 291 172 26 57
491 17 312 84 21 56
491 18 340 91 19 48
491 19 356 91 17 48
491 20 366 40 14 36
491 21 395 -2 14 32
491 22 411 0 12 30
492 1 436 -6 15 31
492 2 437 -14 13 38
492 3 414 46 17 44
492 4 400 49 17 42
492 5 380 86 18 48
492 6 415 131 29 66
492 7 247 233 30 73
492 8 290 237 34 76
492 15 260 173 24 63
492 16 290 173 27 58
492 17 311 84 22 57
492 18 340 91 19 48
492 19 356 89 18 50
492 20 366 40 14 36
492 21 395 -1 14 32
492 22 411 0 12 30
493 1 436 -7 15 31
493 2 436 -15 13 38
493 3 414 46 17 43
493 4 400 48 17 43
493 5 380 86 18 48
493 6 416 131 29 66
493 7 249 231 29 74
493 8 291 236 35 77
493 15 260 174 24 63
493 16 288 174 27 58
493 17 311 85 21 57
493 18 340 91 19 49
493 19 355 91 17 48
493 20 366 40 14 36
493 21 395 -1 14 32
493 22 411 0 12 30
494 1 436 -7 15 31
494 2 436 -13 13 38
494 3 414 45 17 44
494 4 400 48 17 43
494 5 380 86 18 48
494 6 416 130 29 66
494 7 250 230 30 75
494 8 293 235 34 74
494 15 259 174 24 62
494 16 284 174 27 58
494 17 311 85 22 57
494 18 340 91 19 49
494 19 355 91 17 48
494 20 366 40 14 36
494 21 395 -1 14 32
494 22 411 0 12 30
495 1 436 -7 15 31
495 2 436 -13 13 38
495 3 414 45 18 44
495 4 401 48 17 43
495 5 379 86 19 52
495 6 415 130 30 64
495 7 251 229 32 76
495 8 294 234 32 74
495 15 257 175 25 63
495 16 283 175 27 58
495 17 311 85 22 57
495 18 339 91 19 50
495 19 355 92 17 48
495 20 366 41 14 36
495 21 395 -1 14 32
495 22 411 0 12 30
495 23 269 -8 15 27
496 1 436 -7 15 31
496 2 436 -13 13 38
496 3 414 45 18 44
496 4 401 48 17 43
496 5 379 86 19 52
496 6 415 130 30 64
496 7 251 229 32 76
496 8 294 234 32 74
496 15 257 175 25 63
496 16 283 175 27 58
496 17 311 85 22 57
496 18 339 91 19 50
496 19 355 92 17 48
496 20 366 41 14 36
496 21 395 -1 14 32
496 22 411 0 12 30
496 23 269 -8 15 27
497 1 436 -7 15 32
497 2 436 -13 13 38
497 3 414 45 18 44
497 4 401 48 17 43
497 5 380 85 20 53
497 6 415 129 30 64
497 7 252 228 33 75
497 8 294 232 33 76
497 15 257 176 24 63
497 16 283 175 27 58
497 17 311 85 22 58
497 18 339 91 19 50
497 19 355 92 18 48
497 20 366 40 14 36
497 21 395 -1 14 32
497 22 409 -1 11 30
497 23 269 -8 15 27
498 1 436 -7 15 31
498 2 436 -13 13 38
498 3 414 45 18 44
498 4 401 48 17 43
498 5 381 86 18 48
498 6 416 129 30 63
498 7 253 227 35 75
498 8 295 230 33 69
498 15 256 177 28 63
498 16 282 175 27 58
498 17 312 87 22 56
498 18 340 92 19 48
498 19 355 93 17 48
498 20 366 40 14 36
498 21 395 -1 14 32
498 22 409 -1 11 30
498 23 269 -8 15 27
499 1 436 -7 15 31
499 2 436 -13 13 38
499 3 414 45 18 44
499 4 401 48 17 43
499 5 381 85 18 48
499 6 417 128 29 63
499 7 257 227 34 75
499 8 298 229 31 69
499 15 255 178 28 63
499 16 281 175 27 58
499 17 312 87 22 56
499 18 340 92 19 48
499 19 355 93 18 49
499 20 366 40 14 36
499 21 395 -1 14 32
499 22 409 -1 11 30
499 23 269 -8 15 27
500 1 436 -7 15 32
500 2 436 -13 13 38
500 3 414 45 18 44
500 4 402 48 17 43
500 5 382 85 18 48
500 6 415 126 32 63
500 7 258 227 35 75
500 8 299 228 31 71
500 15 254 178 28 64
500 16 280 176 27 58
500 17 312 87 22 56
500 18 340 93 19 48
500 19 355 94 18 49
500 20 366 40 14 36
500 21 395 -1 14 32
500 22 409 0 11 30
500 23 269 -8 15 27
501 1 436 -7 15 32
501 2 436 -13 13 38
501 3 415 45 18 44
501 4 403 47 16 44
501 5 383 84 18 49
501 6 418 125 29 63
501 7 259 226 37 76
501 8 300 227 31 71
501 15 252 179 29 64
501 16 279 177 27 58
501 17 312 88 22 56
501 18 339 93 19 48
501 19 355 94 17 48
501 20 366 40 14 36
501 21 395 0 14 32
501 22 409 0 11 30
501 23 269 -7 15 27
502 1 436 -7 15 32
502 2 436 -13 13 38
502 3 415 45 18 44
502 4 403 47 16 44
502 5 384 84 17 47
502 6 418 125 29 63
502 7 259 226 37 76
502 8 300 227 31 71
502 15 252 179 29 64
502 16 279 177 27 58
502 17 312 88 22 56
502 18 339 93 19 48
502 19 355 94 17 48
502 20 366 40 14 36
502 21 395 0 14 32
502 22 409 0 11 30
502 23 269 -11 15 26
503 1 437 -6 15 31
503 2 436 -13 13 38
503 3 415 45 18 43
503 4 403 47 16 44
503 5 384 83 17 48
503 6 420 124 27 63
503 7 260 225 37 76
503 8 301 227 31 72
503 15 251 179 29 65
503 16 278 178 27 58
503 17 312 88 22 56
503 18 339 94 19 48
503 19 355 94 17 48
503 20 366 41 14 36
503 21 395 0 14 32
503 22 409 0 11 30
503 23 269 -9 15 26
504 1 437 -6 14 30
504 2 436 -13 13 38
504 3 414 45 18 45
504 4 404 47 16 44
504 5 384 82 17 49
504 6 420 124 27 63
504 7 261 224 38 77
504 8 302 226 32 72
504 15 248 179 29 66
504 16 278 179 27 57
504 17 311 88 22 56
504 18 339 94 19 49
504 19 355 94 17 48
504 20 366 41 14 36
504 21 395 0 14 32
504 22 409 0 11 30
504 23 269 -9 15 26
505 1 437 -7 15 32
505 2 436 -13 13 38
505 3 415 45 17 43
505 4 404 47 16 43
505 5 384 82 18 49
505 6 421 124 27 63
505 7 263 223 38 77
505 8 303 226 31 70
505 15 248 179 29 66
505 16 276 181 27 58
505 17 311 88 22 57
505 18 339 95 19 49
505 19 355 95 17 48
505 20 366 41 14 36
505 21 395 0 14 32
505 22 409 0 11 32
505 23 269 -9 15 26
506 1 437 -7 14 31
506 2 437 -13 13 38
506 3 415 43 18 45
506 4 404 46 16 43
506 5 384 81 18 49
506 6 421 123 27 63
506 7 264 222 36 77
506 8 306 225 27 73
506 15 247 179 30 67
506 16 274 182 27 59
506 17 312 89 22 57
506 18 339 95 19 49
506 19 354 95 17 48
506 20 366 41 14 36
506 21 395 0 14 32
506 22 409 0 11 32
506 23 269 -9 15 26
507 1 437 -7 15 33
507 2 437 -13 13 38
507 3 416 43 18 43
507 4 404 46 16 43
507 5 384 81 18 49
507 6 422 124 27 62
507 7 266 222 34 76
507 8 307 224 27 73
507 15 246 179 30 67
507 16 273 183 27 58
507 17 311 89 22 57
507 18 338 95 19 49
507 19 354 95 17 48
507 20 366 41 14 36
507 21 395 0 14 32
507 22 409 0 11 32
507 23 270 -9 15 26
508 1 437 -7 15 33
508 2 437 -13 13 38
508 3 415 43 18 45
508 4 404 46 16 43
508 5 384 81 17 48
508 6 422 124 27 62
508 7 266 222 34 76
508 8 307 224 27 73
508 15 246 179 29 67
508 16 273 183 27 58
508 17 311 89 22 57
508 18 338 95 19 49
508 19 354 95 17 48
508 20 366 41 14 36
508 21 395 0 14 32
508 22 409 0 11 32
508 23 270 -9 15 26
509 1 437 -7 14 30
509 2 437 -13 13 38
509 3 415 43 18 43
509 4 405 46 16 43
509 5 384 81 17 47
509 6 424 123 25 62
509 7 266 220 35 71
509 8 309 223 27 70
509 15 245 179 29 65
509 16 272 183 27 58
509 17 311 90 22 57
509 18 338 95 19 49
509 19 354 95 18 49
509 20 366 42 14 36
509 21 395 0 14 33
509 22 409 0 11 32
509 23 270 -9 15 26
510 1 437 -7 14 31
510 2 437 -13 13 38
510 3 415 43 18 43
510 4 405 45 16 44
510 5 384 81 17 49
510 6 424 122 25 62
510 7 267 219 33 72
510 8 310 222 27 69
510 15 244 179 29 65
510 16 272 184 27 58
510 17 311 90 22 57
510 18 338 95 19 50
510 19 354 95 18 48
510 20 367 42 14 36
510 21 395 0 14 33
510 22 409 0 11 32
510 23 270 -9 15 26
511 1 437 -7 14 31
511 2 437 -13 13 38
511 3 415 42 18 43
511 4 405 45 16 44
511 5 385 81 17 48
511 6 425 122 25 61
511 7 268 218 32 72
511 8 312 221 26 68
511 15 243 180 29 65
511 16 271 184 27 58
511 17 311 91 22 57
511 18 338 95 19 50
511 19 354 95 17 48
511 20 367 43 14 36
511 21 395 0 14 33
511 22 408 0 11 32
511 23 270 -9 15 26
512 1 437 -8 14 31
512 2 437 -13 13 38
512 3 415 42 18 43
512 4 405 45 15 43
512 5 385 81 17 47
512 6 426 122 24 60
512 7 271 217 30 73
512 8 310 219 29 68
512 15 242 180 29 65
512 16 270 184 27 58
512 17 311 91 22 57
512 18 338 95 19 50
512 19 355 96 17 48
512 20 367 43 14 36
512 21 395 0 14 33
512 22 408 0 11 32
512 23 270 -9 15 26
513 1 438 -8 14 31
513 2 437 -13 13 38
513 3 415 42 18 43
513 4 405 45 15 43
513 5 385 81 17 47
513 6 427 120 24 59
513 7 272 216 30 74
513 8 311 218 29 68
513 15 241 181 29 65
513 16 269 185 27 58
513 17 311 91 22 57
513 18 338 95 19 50
513 19 355 96 17 48
513 20 367 43 14 36
513 21 395 0 14 33
513 22 408 1 11 32
513 23 270 -9 15 26
514 1 438 -8 14 31
514 2 437 -13 13 38
514 3 415 42 18 43
514 4 405 45 16 44
514 5 385 81 18 49
514 6 427 120 24 59
514 7 272 216 35 74
514 8 311 218 29 68
514 15 241 181 29 68
514 16 269 185 27 58
514 17 311 91 22 57
514 18 338 96 19 50
514 19 355 96 17 48
514 20 367 43 14 36
514 21 395 0 14 33
514 22 408 1 11 32
514 23 270 -9 15 26
515 1 438 -7 14 30
515 2 437 -13 13 38
515 3 415 42 18 44
515 4 405 45 16 44
515 5 385 80 17 47
515 6 427 119 24 59
515 7 273 216 35 73
515 8 311 217 29 71
515 15 240 182 29 68
515 16 268 185 27 58
515 17 310 92 22 57
515 18 338 96 19 50
515 19 355 97 17 47
515 20 367 43 14 36
515 21 395 0 14 33
515 22 408 1 11 32
515 23 270 -9 15 26
516 1 438 -7 14 30
516 2 437 -13 13 38
516 3 415 42 18 44
516 4 405 45 15 43
516 5 385 80 17 48
516 6 427 118 24 58
516 7 274 215 35 75
516 8 312 216 29 71
516 15 239 183 29 68
516 16 267 186 27 59
516 17 310 92 22 57
516 18 337 96 19 49
516 19 355 97 17 48
516 20 367 44 14 36
516 21 395 0 14 33
516 22 408 1 11 32
516 23 270 -9 15 26
517 1 438 -7 14 30
517 2 437 -13 13 38
517 3 415 42 18 43
517 4 405 45 15 42
517 5 385 79 17 48
517 6 428 117 24 58
517 7 276 215 34 71
517 8 312 216 29 71
517 15 238 184 29 68
517 16 265 187 28 61
517 17 310 92 22 57
517 18 337 97 19 48
517 19 355 98 17 48
517 20 367 44 14 36
517 21 395 2 14 32
517 22 406 2 12 32
517 23 270 -9 15 26
518 1 438 -7 14 30
518 2 437 -13 13 38
518 3 415 42 18 43
518 4 405 45 16 43
518 5 385 78 17 48
518 6 428 117 23 58
518 7 280 214 33 73
518 8 314 216 28 70
518 15 237 185 29 68
518 16 264 188 28 61
518 17 310 92 22 57
518 18 337 97 19 48
518 19 356 98 17 48
518 20 367 44 14 36
518 21 395 2 14 32
518 22 406 2 12 32
518 23 270 -9 15 26
519 1 438 -7 14 30
519 2 437 -13 13 38
519 3 415 42 18 43
519 4 405 45 15 42
519 5 386 78 17 48
519 6 429 117 23 57
519 7 281 213 29 73
519 8 314 215 29 70
519 15 236 186 28 67
519 16 264 189 28 61
519 17 310 92 22 57
519 18 337 98 19 48
519 19 356 99 18 48
519 20 368 44 14 36
519 21 394 2 14 32
519 22 406 2 12 32
519 23 270 -8 15 27
520 1 438 -7 14 30
520 2 437 -13 13 38
520 3 415 42 18 43
520 4 405 46 15 42
520 5 386 78 17 48
520 6 429 117 23 57
520 7 281 213 29 73
520 8 315 215 28 69
520 15 235 186 29 67
520 16 264 189 28 61
520 17 310 92 22 57
520 18 337 98 19 48
520 19 356 99 18 49
520 20 368 44 14 36
520 21 394 2 14 32
520 22 406 2 12 32
520 23 270 -8 15 27
521 1 438 -7 14 30
521 2 437 -13 13 38
521 3 415 42 18 43
521 4 405 45 15 42
521 5 386 77 17 48
521 6 428 117 24 59
521 7 283 212 29 72
521 8 315 215 30 70
521 15 235 186 28 66
521 16 260 190 32 61
521 17 310 92 22 57
521 18 337 98 19 48
521 19 356 99 17 48
521 20 368 44 14 36
521 21 394 2 14 32
521 22 406 2 12 32
521 23 270 -8 15 27
522 1 438 -7 14 30
522 2 437 -13 13 38
522 3 415 42 18 43
522 4 405 45 15 41
522 5 386 77 17 47
522 6 428 117 23 58
522 7 285 211 28 69
522 8 315 214 31 71
522 15 232 187 28 66
522 16 259 191 32 61
522 17 310 93 22 57
522 18 337 98 19 49
522 19 356 99 17 48
522 20 368 44 14 36
522 21 394 3 14 32
522 22 406 2 12 32
522 23 270 -8 15 27
523 1 438 -8 14 29
523 2 437 -13 13 38
523 3 415 41 18 43
523 4 405 45 15 41
523 5 386 77 17 47
523 6 429 118 23 60
523 7 285 209 28 71
523 8 316 212 31 73
523 15 231 188 28 65
523 16 257 191 33 62
523 17 310 93 22 57
523 18 337 99 19 49
523 19 357 99 18 49
523 20 368 44 14 36
523 21 394 3 14 32
523 22 406 2 12 32
523 23 271 -8 15 27
524 1 438 -8 14 30
524 2 439 -20 12 39
524 3 415 41 18 42
524 4 405 45 15 41
524 5 386 76 17 48
524 6 429 118 23 60
524 7 285 207 28 68
524 8 316 210 32 74
524 15 230 188 28 65
524 16 257 192 31 60
524 17 311 93 22 58
524 18 337 99 19 49
524 19 357 99 18 49
524 20 368 45 14 36
524 21 394 3 14 32
524 22 406 2 12 32
524 23 271 -8 15 27
525 1 438 -8 14 30
525 2 438 -15 13 38
525 3 415 41 18 42
525 4 405 44 15 42
525 5 386 77 17 47
525 6 429 117 23 60
525 7 286 206 29 69
525 8 319 210 29 69
525 15 229 189 29 67
525 16 255 192 33 62
525 17 311 94 22 57
525 18 336 99 19 49
525 19 356 99 19 50
525 20 368 45 14 36
525 21 394 3 14 32
525 22 406 2 12 32
525 23 271 -8 15 27
525 33 383 -8 10 26
526 1 438 -8 14 30
526 2 439 -20 12 39
526 3 415 41 18 42
526 4 405 44 15 42
526 5 386 77 17 47
526 6 429 117 23 60
526 7 286 206 29 69
526 8 316 209 31 65
526 15 229 189 28 65
526 16 254 192 31 61
526 17 311 94 22 58
526 18 336 99 19 49
526 19 356 99 19 50
526 20 368 45 14 36
526 21 394 3 14 32
526 22 406 2 12 32
526 23 272 -8 14 28
526 32 377 -7 10 25
526 33 383 -8 10 26
527 1 438 -10 14 31
527 2 438 -15 13 38
527 3 415 40 18 42
527 4 405 44 15 42
527 5 387 77 16 46
527 6 429 116 23 60
527 7 287 205 29 69
527 8 316 208 31 66
527 15 228 189 28 66
527 16 254 192 33 62
527 17 311 94 22 58
527 18 336 99 19 50
527 19 356 99 19 50
527 20 368 45 14 36
527 21 394 3 14 32
527 22 406 2 12 32
527 23 272 -8 14 28
527 32 377 -7 10 25
527 33 383 -8 10 26
528 1 438 -10 14 31
528 2 438 -15 13 38
528 3 415 40 18 42
528 4 405 43 15 42
528 5 386 76 17 47
528 6 430 116 22 58
528 7 287 205 29 70
528 8 318 207 30 66
528 15 227 189 30 71
528 16 252 192 32 63
528 17 311 95 22 58
528 18 336 100 20 50
528 19 356 99 19 50
528 20 368 46 14 36
528 21 394 3 14 32
528 22 406 2 12 32
528 23 272 -8 14 28
528 32 377 -7 10 25
528 33 383 -8 10 26
529 1 439 -10 14 31
529 2 438 -15 13 38
529 3 415 40 18 43
529 4 406 43 15 41
529 5 387 76 18 46
529 6 429 114 23 60
529 7 288 204 31 72
529 8 319 207 31 66
529 15 227 190 29 68
529 16 252 193 32 62
529 17 311 95 22 58
529 18 336 100 20 51
529 19 356 99 20 53
529 20 368 46 14 36
529 21 394 3 14 32
529 22 406 4 12 31
529 23 272 -8 14 29
529 32 377 -7 11 24
529 33 383 -8 10 26
530 1 439 -10 14 31
530 2 439 -21 12 39
530 3 415 39 18 42
530 4 406 43 15 41
530 5 387 76 16 46
530 6 428 113 23 59
530 7 288 204 31 72
530 8 320 206 30 65
530 15 224 191 29 68
530 16 250 194 32 62
530 17 311 96 22 58
530 18 336 100 19 50
530 19 356 101 19 50
530 20 368 47 14 36
530 21 394 3 14 32
530 22 406 4 12 31
530 23 272 -8 14 29
530 32 378 -7 11 24
530 33 383 -8 10 26
531 1 439 -10 14 31
531 2 438 -15 13 38
531 3 415 39 18 43
531 4 406 43 15 42
531 5 388 76 17 46
531 6 428 112 23 59
531 7 289 203 31 72
531 8 321 206 30 64
531 15 224 192 28 66
531 16 249 195 32 63
531 17 311 96 22 58
531 18 336 100 19 50
531 19 356 101 19 49
531 20 368 47 14 36
531 21 394 3 14 32
531 22 406 4 12 31
531 23 272 -8 14 28
531 32 378 -6 9 24
531 33 383 -8 10 26
532 1 439 -10 14 31
532 3 415 39 18 43
532 4 406 43 15 42
532 5 388 76 17 46
532 6 428 112 23 59
532 7 289 203 31 72
532 8 321 206 29 63
532 15 224 192 28 66
532 16 249 195 32 63
532 17 311 96 22 58
532 18 336 100 19 50
532 19 356 101 19 49
532 20 368 47 14 36
532 21 394 3 14 32
532 22 406 4 12 31
532 23 272 -8 14 28
532 32 378 -6 9 24
532 33 383 -8 10 26
533 1 439 -9 14 31
533 3 415 39 18 43
533 4 406 43 15 42
533 5 388 75 18 46
533 6 428 112 23 59
533 7 290 203 31 72
533 8 321 205 30 66
533 15 222 193 29 68
533 16 248 196 32 63
533 17 311 96 22 58
533 18 336 101 19 50
533 19 356 102 19 51
533 20 368 47 14 36
533 21 394 4 14 32
533 22 406 4 12 31
533 23 273 -8 14 28
533 32 378 -6 10 23
533 33 383 -8 10 26
534 1 439 -9 14 31
534 3 415 39 18 42
534 4 406 43 15 42
534 5 388 74 18 47
534 6 428 110 23 61
534 7 290 202 31 73
534 8 323 204 29 68
534 15 219 193 30 69
534 16 247 198 32 63
534 17 311 96 23 58
534 18 336 101 19 50
534 19 356 103 18 48
534 20 368 47 14 36
534 21 394 4 14 32
534 22 406 5 12 31
534 23 273 -7 14 28
534 32 378 -6 10 23
534 33 383 -8 10 26
535 1 439 -9 14 30
535 3 415 39 18 42
535 4 407 43 15 42
535 5 388 72 18 49
535 6 428 112 23 58
535 7 292 201 30 71
535 8 324 203 29 68
535 15 219 195 28 66
535 16 246 199 33 65
535 17 312 97 22 58
535 18 336 101 19 50
535 19 356 102 19 50
535 20 367 47 13 36
535 21 394 4 14 32
535 22 406 5 12 31
535 23 273 -7 14 28
535 32 378 -6 10 23
535 33 383 -8 10 26
536 1 439 -9 14 30
536 3 415 39 18 42
536 4 407 43 15 42
536 5 388 72 18 49
536 6 428 110 23 60
536 7 292 199 30 72
536 8 325 202 29 67
536 15 216 194 30 71
536 16 245 200 31 61
536 17 312 97 22 58
536 18 336 102 19 50
536 19 356 103 19 50
536 20 367 48 13 36
536 21 394 4 14 32
536 22 406 5 12 31
536 23 273 -7 14 28
536 32 378 -6 10 23
536 33 383 -8 10 26
537 1 439 -9 14 30
537 3 414 39 18 42
537 4 407 43 15 41
537 5 388 71 18 49
537 6 428 110 23 60
537 7 293 199 28 70
537 8 328 200 26 65
537 15 215 195 31 72
537 16 244 201 32 62
537 17 312 97 22 58
537 18 335 102 20 50
537 19 355 103 19 50
537 20 367 48 13 36
537 21 394 4 14 32
537 22 406 5 12 31
537 23 273 -7 14 28
537 32 378 -6 10 23
537 33 384 -8 10 26
538 1 439 -9 14 30
538 3 414 39 18 42
538 4 407 43 15 41
538 5 388 71 18 49
538 6 428 110 23 60
538 7 293 199 28 70
538 8 328 200 27 65
538 15 217 195 32 68
538 16 243 201 32 63
538 17 312 97 22 58
538 18 336 102 19 50
538 19 356 104 18 48
538 20 367 48 13 36
538 21 394 4 14 32
538 22 406 5 12 31
538 23 273 -7 14 28
538 32 378 -6 10 23
538 33 384 -8 10 26
539 1 439 -10 14 30
539 3 414 39 18 43
539 4 408 41 16 41
539 5 388 71 18 48
539 6 428 110 23 59
539 7 293 197 28 71
539 8 329 199 27 66
539 15 216 195 32 68
539 16 244 202 32 63
539 17 312 97 22 58
539 18 336 103 19 50
539 19 355 103 19 49
539 20 367 48 13 36
539 21 394 4 14 32
539 22 405 5 12 31
539 23 273 -7 14 28
539 32 377 -9 11 26
539 33 384 -8 10 26
540 1 439 -10 14 31
540 3 414 39 18 43
540 4 408 41 16 42
540 5 389 72 17 46
540 6 429 110 22 58
540 7 293 196 29 73
540 8 330 198 27 64
540 15 215 195 32 69
540 16 241 202 32 63
540 17 311 99 23 57
540 18 335 103 20 51
540 19 355 103 19 51
540 20 367 48 13 36
540 21 394 5 14 32
540 22 405 5 12 31
540 23 273 -7 14 28
540 32 377 -8 11 25
540 33 384 -7 10 26
541 1 439 -10 14 31
541 3 414 39 18 43
541 4 409 41 16 41
541 5 389 72 17 46
541 6 429 109 22 59
541 7 294 194 29 68
541 8 331 197 26 66
541 15 214 196 29 68
541 16 240 202 32 63
541 17 311 99 23 57
541 18 335 103 20 51
541 19 355 103 19 51
541 20 367 50 13 35
541 21 394 5 14 32
541 22 405 5 12 31
541 23 273 -7 14 28
541 32 377 -8 11 25
541 33 384 -7 10 26
542 1 439 -10 14 31
542 3 414 39 18 43
542 4 410 41 16 42
542 5 389 72 17 46
542 6 429 108 23 59
542 7 294 193 29 69
542 8 331 197 26 66
542 15 213 196 29 68
542 16 239 203 32 63
542 17 311 100 23 57
542 18 335 104 20 51
542 19 355 104 19 50
542 20 367 50 13 35
542 21 394 5 14 32
542 22 405 5 12 31
542 23 273 -7 14 28
542 32 377 -8 10 26
542 33 384 -7 10 26
543 1 439 -11 14 31
543 3 415 38 18 43
543 4 410 41 16 44
543 5 389 71 17 47
543 6 429 107 22 59
543 7 295 192 29 69
543 8 332 196 27 66
543 15 211 197 27 69
543 16 236 204 30 59
543 17 311 100 23 56
543 18 335 104 20 51
543 19 354 104 19 49
543 20 367 50 13 35
543 21 394 5 14 32
543 22 405 5 12 31
543 23 274 -7 14 28
543 32 377 -8 10 26
543 33 384 -7 10 26
544 1 439 -11 14 31
544 3 415 38 18 43
544 4 410 40 17 43
544 5 389 71 17 47
544 6 429 107 22 59
544 7 295 193 29 67
544 8 332 196 27 66
544 15 211 197 27 69
544 16 236 202 33 62
544 17 311 100 23 56
544 18 335 104 20 51
544 19 354 104 19 49
544 20 367 50 13 35
544 21 394 5 14 32
544 22 405 5 12 31
544 23 274 -7 14 28
544 32 377 -8 10 26
544 33 384 -7 10 26
545 1 439 -11 14 31
545 3 415 38 18 43
545 4 410 41 16 42
545 5 390 71 17 46
545 6 429 106 23 59
545 7 295 192 29 69
545 8 332 195 27 66
545 15 210 198 27 71
545 16 235 203 33 62
545 17 311 101 23 57
545 18 335 104 20 51
545 19 354 104 19 50
545 20 367 50 13 35
545 21 394 5 14 32
545 22 405 5 12 31
545 23 274 -7 14 28
545 32 377 -8 10 26
545 33 384 -7 10 26
546 1 439 -11 14 31
546 3 415 38 18 43
546 4 410 40 16 42
546 5 390 71 17 46
546 6 429 105 23 58
546 7 296 192 29 68
546 8 333 195 27 66
546 15 209 199 26 69
546 16 234 203 33 62
546 17 311 102 22 55
546 18 335 104 20 51
546 19 354 104 20 52
546 20 367 51 13 35
546 21 394 5 14 32
546 22 405 6 12 31
546 23 274 -7 14 28
546 32 377 -8 12 26
546 33 384 -7 10 26
547 1 439 -11 14 31
547 3 415 38 18 43
547 4 410 42 16 41
547 5 389 70 18 45
547 6 429 105 22 57
547 7 297 192 28 70
547 8 334 194 27 66
547 15 207 200 27 71
547 16 232 204 33 63
547 17 310 102 23 56
547 18 335 104 20 51
547 19 354 105 19 51
547 20 367 51 13 35
547 21 393 5 14 32
547 22 405 6 12 31
547 23 274 -7 14 28
547 32 377 -8 12 27
547 33 384 -7 10 26
548 1 439 -10 14 30
548 3 415 38 18 43
548 4 410 41 16 42
548 5 389 69 18 45
548 6 428 104 23 60
548 7 298 191 28 70
548 8 334 193 27 65
548 15 206 201 27 71
548 16 231 205 33 63
548 17 310 102 23 57
548 18 335 104 20 51
548 19 354 106 19 51
548 20 367 51 13 35
548 21 393 5 14 32
548 22 405 6 12 31
548 23 274 -6 14 28
548 32 377 -8 12 26
548 33 384 -7 10 26
549 1 439 -10 14 30
549 3 415 38 18 43
549 4 412 41 16 42
549 5 389 69 18 46
549 6 428 104 23 58
549 7 298 191 28 70
549 8 335 192 27 65
549 15 205 203 27 71
549 16 229 207 34 63
549 17 310 103 23 57
549 18 335 105 20 51
549 19 353 106 20 51
549 20 367 51 13 35
549 21 393 6 14 32
549 22 405 6 12 31
549 23 274 -6 14 28
549 32 377 -8 12 27
549 33 384 -7 10 26
550 1 439 -10 14 30
550 3 415 38 18 43
550 4 410 41 16 42
550 5 389 69 18 46
550 6 429 104 23 58
550 7 298 191 28 70
550 8 335 192 27 65
550 15 205 203 27 71
550 16 229 206 34 63
550 17 310 103 23 57
550 18 335 105 20 51
550 19 353 106 19 51
550 20 367 51 13 35
550 21 393 6 14 32
550 22 405 6 12 31
550 23 274 -6 14 28
550 32 377 -8 12 27
550 33 384 -7 10 26
551 1 440 -10 13 30
551 3 415 38 18 43
551 4 411 41 16 42
551 5 390 68 18 45
551 6 428 104 22 57
551 7 299 190 28 70
551 8 335 190 27 66
551 15 203 203 27 71
551 16 228 207 34 63
551 17 309 103 24 59
551 18 335 105 20 51
551 19 353 107 20 51
551 20 367 52 13 35
551 21 393 6 14 32
551 22 405 6 12 31
551 23 274 -8 14 30
551 32 377 -8 12 27
551 33 384 -7 10 26
552 1 440 -10 13 30
552 3 415 38 18 43
552 4 411 41 16 42
552 5 390 68 18 44
552 6 428 105 22 58
552 7 301 189 28 69
552 8 334 189 29 70
552 15 202 205 27 71
552 16 226 208 34 64
552 17 309 103 23 57
552 18 335 106 19 50
552 19 353 107 20 52
552 20 367 52 13 35
552 21 393 6 14 32
552 22 405 6 12 31
552 23 274 -8 14 30
552 32 377 -8 12 27
552 33 385 -7 10 26
553 1 439 -11 14 30
553 3 415 38 17 40
553 4 411 41 16 42
553 5 390 67 18 44
553 6 428 104 22 57
553 7 302 187 28 69
553 8 336 188 27 65
553 15 202 205 26 69
553 16 227 208 37 65
553 17 309 103 24 59
553 18 335 106 20 50
553 19 353 108 20 52
553 20 367 52 13 35
553 21 393 6 14 32
553 22 405 6 12 31
553 23 274 -8 14 30
553 32 378 -8 12 26
553 33 385 -7 10 26
554 1 439 -11 14 30
554 3 415 38 17 40
554 4 411 41 16 41
554 5 389 66 19 48
554 6 427 103 22 58
554 7 302 186 28 70
554 8 337 188 26 64
554 15 198 206 27 72
554 16 226 208 37 65
554 17 309 103 24 59
554 18 335 106 19 50
554 19 353 108 20 52
554 20 367 52 13 35
554 21 393 6 14 32
554 22 405 6 12 31
554 23 274 -8 14 30
554 32 378 -8 12 26
554 33 385 -7 10 26
555 1 439 -11 14 30
555 3 415 38 17 40
555 4 411 40 16 41
555 5 391 67 17 44
555 6 425 103 24 58
555 7 302 185 28 65
555 8 337 187 26 65
555 15 197 206 28 72
555 16 225 209 31 64
555 17 308 104 24 59
555 18 335 107 20 50
555 19 353 108 20 52
555 20 366 53 14 35
555 21 393 7 14 32
555 22 405 7 12 31
555 23 274 -7 14 30
555 32 378 -8 12 27
555 33 385 -7 10 26
556 1 439 -11 14 30
556 3 415 38 17 40
556 4 411 40 16 41
556 5 389 66 19 48
556 6 425 103 24 58
556 7 302 185 28 65
556 8 337 187 26 65
556 15 197 206 28 72
556 16 225 209 31 64
556 17 308 104 24 59
556 18 335 107 20 50
556 19 353 108 20 52
556 20 366 53 14 35
556 21 393 7 14 32
556 22 405 7 12 31
556 23 274 -7 14 30
556 32 378 -8 12 27
556 33 385 -7 10 26
557 1 440 -11 13 29
557 3 415 38 17 40
557 4 411 40 16 41
557 5 391 67 18 44
557 6 425 102 24 59
557 7 303 184 28 65
557 8 338 187 26 65
557 15 196 206 28 72
557 16 224 209 31 63
557 17 308 104 24 60
557 18 335 108 20 51
557 19 353 108 20 52
557 20 366 53 14 35
557 21 393 7 14 32
557 22 405 7 12 31
557 23 274 -7 14 30
557 32 378 -8 12 27
557 33 385 -7 10 26
558 1 439 -12 14 30
558 3 415 38 17 40
558 4 411 40 16 41
558 5 391 67 18 44
558 6 424 101 25 60
558 7 303 183 28 66
558 8 338 186 27 68
558 15 195 206 28 73
558 16 223 210 30 63
558 17 308 104 23 57
558 18 335 108 20 51
558 19 353 108 20 52
558 20 366 53 14 35
558 21 393 7 14 32
558 22 405 7 12 31
558 23 274 -7 14 30
558 32 378 -7 11 26
558 33 385 -6 10 26
559 1 439 -12 14 31
559 3 416 38 17 39
559 4 413 40 16 42
559 5 390 66 19 48
559 6 424 100 24 57
559 7 304 183 28 65
559 8 340 186 26 67
559 15 193 207 29 74
559 16 221 211 30 65
559 17 308 105 23 58
559 18 335 108 20 51
559 19 353 109 20 52
559 20 366 53 14 35
559 21 393 7 14 32
559 22 405 7 12 31
559 23 274 -8 14 30
559 32 378 -7 12 26
559 33 385 -6 10 26
560 1 439 -12 14 31
560 3 415 38 17 39
560 4 413 40 16 42
560 5 391 67 18 44
560 6 424 99 23 57
560 7 305 183 28 65
560 8 343 185 24 66
560 15 193 208 29 74
560 16 220 212 30 65
560 17 308 105 24 59
560 18 335 109 20 51
560 19 352 109 20 52
560 20 366 54 14 35
560 21 393 7 14 32
560 22 405 7 12 31
560 23 275 -8 14 30
560 32 379 -8 12 26
560 33 385 -6 10 26
561 1 440 -11 14 30
561 3 415 38 17 41
561 4 413 40 16 42
561 5 392 67 17 44
561 6 423 99 24 57
561 7 306 183 27 62
561 8 344 185 24 65
561 15 192 209 28 73
561 16 218 213 30 66
561 17 307 105 24 59
561 18 335 109 20 52
561 19 352 109 20 53
561 20 365 54 14 35
561 21 393 7 14 32
561 22 405 8 12 31
561 23 275 -7 14 30
561 32 379 -7 12 26
561 33 385 -6 10 26
562 1 440 -11 14 30
562 3 415 37 17 41
562 4 414 40 16 42
562 5 392 67 18 44
562 6 423 98 25 61
562 7 306 182 28 65
562 8 343 185 26 62
562 15 189 210 30 74
562 16 217 214 30 65
562 17 307 106 24 59
562 18 335 109 20 52
562 19 352 109 21 55
562 20 364 52 16 42
562 21 393 8 14 32
562 22 405 8 12 31
562 23 275 -7 14 30
562 32 379 -7 12 26
562 33 385 -6 10 26
563 1 440 -11 14 30
563 3 415 37 17 41
563 4 414 40 16 42
563 5 392 67 18 44
563 6 423 97 25 57
563 7 306 182 28 65
563 8 344 185 25 62
563 15 189 210 30 74
563 16 217 214 30 65
563 17 307 106 24 59
563 18 335 109 20 52
563 19 352 110 19 51
563 20 364 52 16 42
563 21 393 8 14 32
563 22 405 8 12 31
563 23 275 -7 14 30
563 32 379 -7 12 26
563 33 385 -6 10 26
564 1 440 -11 13 30
564 3 415 36 17 40
564 4 414 40 16 42
564 5 392 66 17 43
564 6 423 97 25 57
564 7 308 182 27 63
564 8 344 183 25 62
564 15 188 211 31 75
564 16 216 216 29 64
564 17 306 107 24 59
564 18 335 109 20 52
564 19 352 111 19 51
564 20 364 52 16 42
564 21 392 7 14 32
564 22 405 8 12 31
564 23 275 -7 14 31
564 32 379 -7 11 26
564 33 386 -6 10 26
565 1 440 -11 13 30
565 3 416 36 18 42
565 4 415 40 16 42
565 5 392 65 17 44
565 6 423 97 25 57
565 7 308 181 28 65
565 8 345 182 26 59
565 15 187 212 31 75
565 16 213 217 30 65
565 17 306 107 24 59
565 18 334 109 20 52
565 19 352 111 20 52
565 20 364 52 16 42
565 21 392 7 14 32
565 22 405 8 12 31
565 23 275 -7 14 31
565 32 379 -7 12 26
565 33 386 -6 10 26
566 1 440 -11 13 30
566 3 416 36 17 41
566 4 415 40 16 42
566 5 393 65 17 44
566 6 422 97 25 57
566 7 310 180 27 67
566 8 346 181 25 60
566 15 186 213 33 75
566 16 212 218 29 65
566 17 306 108 24 59
566 18 334 110 20 53
566 19 352 112 19 50
566 20 364 53 16 43
566 21 392 7 14 32
566 22 405 8 12 31
566 23 275 -7 14 30
566 32 380 -7 12 26
566 33 386 -6 10 26
567 1 440 -11 13 30
567 3 416 36 17 41
567 4 415 40 16 42
567 5 393 64 17 44
567 6 422 96 25 57
567 7 311 179 27 68
567 8 346 180 26 61
567 15 185 214 33 75
567 16 211 219 29 64
567 17 306 108 24 59
567 18 335 110 20 52
567 19 351 112 21 55
567 20 363 53 16 43
567 21 392 7 14 32
567 22 405 8 12 31
567 23 275 -7 14 30
567 32 380 -7 12 26
567 33 386 -6 10 26
568 1 440 -11 13 30
568 3 417 36 18 41
568 4 415 40 16 42
568 5 393 64 18 44
568 6 422 96 25 57
568 7 311 177 28 69
568 8 346 179 27 62
568 15 184 214 33 76
568 16 209 219 29 64
568 17 306 109 24 59
568 18 334 110 20 52
568 19 352 114 19 50
568 20 363 53 16 43
568 21 392 8 14 32
568 22 405 8 12 31
568 23 275 -7 14 30
568 32 380 -7 12 26
568 33 386 -6 10 26
569 1 440 -11 13 30
569 3 417 36 18 41
569 4 415 40 16 42
569 5 393 64 17 43
569 6 421 96 28 57
569 7 311 177 27 68
569 8 347 179 25 61
569 15 184 214 33 76
569 16 210 219 29 63
569 17 306 109 24 59
569 18 334 110 21 53
569 19 351 113 20 53
569 20 363 53 16 43
569 21 392 8 14 32
569 22 405 8 12 31
569 23 275 -7 14 30
569 32 380 -7 12 26
569 33 386 -6 10 26
570 1 440 -12 13 30
570 3 416 36 18 43
570 4 416 40 16 42
570 5 393 63 18 44
570 6 421 96 28 57
570 7 311 176 28 70
570 8 347 180 26 62
570 15 182 215 34 77
570 16 206 219 30 67
570 17 306 109 24 59
570 18 334 111 20 53
570 19 351 113 20 52
570 20 363 53 16 43
570 21 392 8 14 32
570 22 405 8 12 31
570 23 275 -7 14 30
570 32 380 -7 12 26
570 33 386 -6 10 26
571 1 440 -12 13 30
571 3 415 35 18 43
571 4 416 40 16 42
571 5 393 63 18 45
571 6 421 95 28 56
571 7 312 176 26 65
571 8 345 179 30 62
571 15 180 215 34 77
571 16 204 219 31 67
571 17 305 109 24 59
571 18 334 111 20 52
571 19 351 114 19 51
571 20 363 53 16 44
571 21 392 8 14 32
571 22 405 9 12 31
571 23 275 -7 14 30
571 32 380 -7 12 26
571 33 386 -6 10 26
572 1 440 -12 13 30
572 3 415 35 18 43
572 4 416 38 16 42
572 5 393 63 18 44
572 6 421 94 27 55
572 7 313 175 26 65
572 8 346 178 30 62
572 15 179 215 34 77
572 16 202 219 29 65
572 17 305 109 24 59
572 18 333 112 20 52
572 19 350 114 20 53
572 20 363 53 17 45
572 21 392 8 14 32
572 22 404 9 12 31
572 23 275 -7 14 31
572 32 380 -7 12 26
572 33 386 -6 10 26
573 1 440 -12 13 29
573 3 416 34 18 43
573 4 416 38 16 42
573 5 393 64 17 44
573 6 420 93 29 59
573 7 313 174 26 66
573 8 346 178 30 63
573 15 178 216 34 77
573 16 200 219 29 66
573 17 305 110 24 59
573 18 334 112 20 52
573 19 350 113 21 55
573 20 363 53 17 45
573 21 392 9 14 32
573 22 404 9 12 31
573 23 276 -7 14 31
573 32 380 -7 12 26
573 33 386 -6 10 26
574 1 440 -12 13 29
574 3 416 34 18 44
574 4 416 38 16 42
574 5 394 64 17 43
574 6 420 92 27 60
574 7 314 174 26 66
574 8 347 177 30 63
574 15 176 216 33 76
574 16 199 220 29 65
574 17 305 110 24 59
574 18 334 113 20 52
574 19 349 114 21 55
574 20 363 54 17 45
574 21 392 9 14 32
574 22 404 9 12 31
574 23 276 -7 14 31
574 32 380 -7 12 26
574 33 386 -6 10 26
575 1 440 -12 13 29
575 3 416 34 18 44
575 4 419 38 16 42
575 5 394 64 17 43
575 6 420 92 27 60
575 7 314 174 26 66
575 8 347 177 30 62
575 15 177 216 34 76
575 16 199 220 29 65
575 17 305 110 23 58
575 18 334 113 20 52
575 19 349 114 21 55
575 20 363 54 17 44
575 21 392 9 14 32
575 22 404 9 12 31
575 23 276 -7 14 31
575 32 380 -7 12 26
575 33 386 -6 10 26
576 1 440 -12 13 29
576 3 416 34 18 44
576 4 419 38 16 42
576 5 394 63 17 43
576 6 420 92 27 60
576 7 314 173 26 67
576 8 348 177 30 62
576 15 175 217 30 76
576 16 198 221 30 65
576 17 305 110 24 59
576 18 333 114 20 53
576 19 349 114 21 56
576 20 363 54 16 44
576 21 392 9 14 32
576 22 404 10 12 31
576 23 276 -7 14 31
576 32 380 -7 12 26
576 33 387 -6 10 26
577 1 440 -12 13 29
577 3 416 33 19 44
577 4 420 38 16 42
577 5 394 63 17 43
577 6 420 91 27 57
577 7 315 173 26 67
577 8 348 176 30 62
577 15 174 218 30 76
577 16 196 222 30 65
577 17 304 110 24 60
577 18 333 114 21 53
577 19 349 114 21 55
577 20 362 55 17 44
577 21 392 9 14 32
577 22 404 10 12 31
577 23 276 -7 14 31
577 32 380 -7 11 26
577 33 387 -6 10 26
578 1 440 -12 13 29
578 3 416 33 19 45
578 4 420 38 16 42
578 5 394 63 17 43
578 6 420 91 27 57
578 7 316 173 26 67
578 8 350 174 29 60
578 15 172 219 30 76
578 16 195 223 30 66
578 17 304 111 24 60
578 18 332 114 21 54
578 19 349 115 21 54
578 20 363 56 16 43
578 21 392 9 14 32
578 22 404 10 12 31
578 23 276 -7 14 31
578 32 380 -7 11 26
578 33 387 -6 10 26
579 1 440 -12 13 30
579 3 415 33 19 44
579 4 422 37 16 42
579 5 394 62 17 43
579 6 421 93 26 55
579 7 318 172 28 66
579 8 351 174 28 58
579 15 171 220 30 76
579 16 193 224 36 65
579 17 304 111 24 59
579 18 332 114 20 53
579 19 349 115 21 54
579 20 363 56 16 44
579 21 391 9 14 33
579 22 404 10 12 31
579 23 276 -6 14 31
579 32 380 -7 11 26
579 33 387 -6 10 26
580 1 440 -12 13 29
580 3 415 33 19 44
580 4 422 37 16 42
580 5 395 61 17 42
580 6 421 93 26 55
580 7 319 171 28 66
580 8 351 173 28 58
580 15 169 221 30 75
580 16 192 224 34 63
580 17 303 111 25 62
580 18 332 115 21 53
580 19 349 116 21 55
580 20 363 56 16 43
580 21 391 9 14 33
580 22 404 10 12 31
580 23 276 -6 14 31
580 32 381 -7 11 26
580 33 386 -8 10 26
581 1 440 -12 13 29
581 3 415 33 19 44
581 4 422 37 16 42
581 5 395 61 17 42
581 6 421 93 26 55
581 7 319 171 28 66
581 8 355 173 24 58
581 15 170 221 30 76
581 16 192 224 34 63
581 17 303 111 25 61
581 18 332 115 21 53
581 19 349 116 21 55
581 20 363 56 16 44
581 21 391 9 14 33
581 22 404 10 12 31
581 23 276 -6 14 31
581 32 381 -7 11 26
581 33 386 -8 10 26
582 1 440 -12 13 29
582 3 415 33 19 45
582 4 422 37 16 42
582 5 395 61 17 42
582 6 420 93 26 55
582 7 320 171 28 65
582 8 356 172 24 58
582 15 168 222 30 75
582 16 190 224 34 64
582 17 303 112 25 61
582 18 331 115 21 55
582 19 349 116 21 54
582 20 363 56 16 44
582 21 391 10 14 33
582 22 404 10 12 31
582 23 276 -6 14 31
582 32 381 -7 11 26
582 33 386 -8 10 26
583 1 440 -12 13 29
583 3 415 33 19 45
583 4 423 37 16 42
583 5 395 60 17 42
583 6 420 92 26 55
583 7 320 169 29 69
583 8 356 172 24 59
583 15 167 223 30 75
583 16 189 225 35 65
583 17 302 113 25 61
583 18 331 115 21 55
583 19 349 117 20 53
583 20 362 56 17 47
583 21 391 10 14 33
583 22 404 10 12 31
583 23 276 -6 14 30
583 32 381 -7 11 26
583 33 386 -8 10 26
584 1 440 -12 13 29
584 3 415 33 19 45
584 4 423 37 16 42
584 5 396 60 17 41
584 6 420 92 26 56
584 7 320 167 30 70
584 8 357 171 25 59
584 15 165 224 29 75
584 16 187 225 32 63
584 17 302 113 25 62
584 18 331 115 21 55
584 19 348 118 21 55
584 20 362 56 17 46
584 21 391 10 14 33
584 22 404 10 12 31
584 23 276 -6 14 30
584 32 381 -7 11 26
584 33 386 -8 10 26
585 1 441 -13 12 28
585 3 415 33 19 45
585 4 423 37 16 42
585 5 395 60 17 41
585 6 419 91 25 53
585 7 323 167 28 66
585 8 358 170 25 59
585 15 163 225 34 75
585 16 186 225 32 67
585 17 302 114 25 62
585 18 331 116 21 54
585 19 348 118 21 55
585 20 362 56 17 47
585 21 391 12 14 32
585 22 404 10 12 31
585 23 276 -6 14 30
585 32 381 -7 11 26
585 33 386 -8 10 26
586 1 441 -13 12 28
586 3 416 33 18 44
586 4 424 37 16 42
586 5 396 60 17 41
586 6 419 90 25 53
586 7 324 165 26 63
586 8 359 170 25 60
586 15 162 226 34 75
586 16 186 226 31 70
586 17 301 114 25 63
586 18 331 116 21 54
586 19 348 118 21 55
586 20 363 57 17 45
586 21 391 12 14 32
586 22 404 11 12 31
586 23 276 -6 14 30
586 32 381 -7 11 26
586 33 386 -8 10 26
587 1 441 -13 12 28
587 3 416 33 18 43
587 4 424 37 16 42
587 5 396 60 17 41
587 6 419 90 25 53
587 7 324 165 26 63
587 8 359 170 25 61
587 15 162 226 34 75
587 16 186 226 28 70
587 17 302 115 24 59
587 18 331 116 21 54
587 19 348 118 21 55
587 20 363 57 17 45
587 21 391 12 14 32
587 22 404 11 12 31
587 23 276 -6 14 30
587 32 381 -7 11 26
587 33 386 -8 10 26
588 1 441 -13 12 28
588 3 413 33 18 43
588 4 424 37 16 42
588 5 396 60 17 41
588 6 418 89 25 54
588 7 325 165 26 63
588 8 360 169 25 61
588 15 160 226 34 75
588 16 185 227 26 70
588 17 301 115 24 60
588 18 331 117 21 54
588 19 347 119 21 56
588 20 363 57 17 45
588 21 391 12 14 32
588 22 404 11 12 31
588 23 276 -5 14 30
588 32 381 -7 11 26
588 33 386 -8 10 26
589 1 441 -13 12 28
589 3 413 33 18 43
589 4 424 37 16 42
589 5 396 60 17 41
589 6 418 89 25 52
589 7 325 163 26 64
589 8 361 168 25 62
589 15 158 227 31 75
589 16 184 228 26 70
589 17 301 114 25 62
589 18 331 117 21 53
589 19 347 119 21 56
589 20 363 57 17 46
589 21 390 12 14 32
589 22 404 11 12 31
589 23 276 -5 14 30
589 32 381 -6 11 26
589 33 386 -8 10 26
590 1 441 -13 12 28
590 3 413 33 18 43
590 4 425 37 16 42
590 5 397 60 17 40
590 6 418 88 26 55
590 7 327 164 26 64
590 8 363 168 24 59
590 15 157 228 30 74
590 16 182 229 26 74
590 17 300 115 25 62
590 18 331 118 20 53
590 19 347 119 21 56
590 20 363 58 17 45
590 21 390 12 14 32
590 22 404 11 12 31
590 23 276 -5 14 31
590 32 381 -6 11 26
590 33 386 -7 10 26
591 1 441 -13 12 28
591 3 413 32 18 43
591 4 427 36 15 42
591 5 397 60 17 41
591 6 418 87 26 56
591 7 327 164 26 64
591 8 364 166 24 60
591 15 156 229 30 74
591 16 181 230 28 74
591 17 300 115 25 62
591 18 330 120 20 52
591 19 347 119 21 56
591 20 363 58 17 45
591 21 390 12 14 32
591 22 404 12 12 31
591 23 277 -6 14 31
591 32 381 -6 11 26
591 33 386 -7 10 26
592 1 441 -13 12 28
592 3 413 32 18 42
592 4 427 36 15 42
592 5 397 60 17 41
592 6 416 87 27 56
592 7 328 164 27 64
592 8 365 165 25 62
592 15 153 229 31 75
592 16 180 231 28 74
592 17 300 115 25 61
592 18 330 120 20 52
592 19 347 119 21 56
592 20 363 58 17 45
592 21 390 12 14 32
592 22 404 12 12 31
592 23 277 -6 14 31
592 32 381 -6 11 26
592 33 386 -7 10 26
593 1 441 -13 12 28
593 3 413 32 18 42
593 4 427 36 15 42
593 5 397 60 17 41
593 6 416 87 27 56
593 7 328 164 27 64
593 8 365 165 25 62
593 15 153 229 31 75
593 16 180 231 28 74
593 17 300 115 25 61
593 18 330 120 20 52
593 19 347 119 21 56
593 20 363 58 17 45
593 21 390 12 14 32
593 22 404 12 12 31
593 23 277 -6 14 31
593 32 381 -6 11 26
593 33 386 -7 10 26
594 1 441 -13 12 28
594 3 412 32 18 42
594 4 428 36 15 42
594 5 397 59 16 40
594 6 418 87 26 55
594 7 328 164 27 64
594 8 365 164 25 62
594 15 152 230 31 75
594 16 179 232 28 73
594 17 300 115 25 62
594 18 330 120 21 52
594 19 347 119 22 57
594 20 363 59 17 45
594 21 390 12 14 32
594 22 404 12 12 31
594 23 277 -6 15 31
594 32 381 -6 11 26
594 33 386 -7 10 26
595 1 441 -13 12 28
595 3 412 31 18 42
595 4 428 36 15 42
595 5 398 59 16 40
595 6 416 87 26 55
595 7 329 163 27 64
595 8 366 163 26 62
595 15 150 231 31 75
595 16 178 233 28 73
595 17 299 115 25 61
595 18 330 120 21 54
595 19 346 119 22 57
595 20 363 59 17 45
595 21 390 12 14 32
595 22 404 12 12 31
595 23 277 -5 15 31
595 32 381 -6 11 26
595 33 386 -7 10 26
596 1 441 -13 12 28
596 3 412 31 18 43
596 4 428 34 15 42
596 5 398 58 17 41
596 6 417 87 25 54
596 7 330 162 27 65
596 8 367 162 26 61
596 15 148 232 31 75
596 16 174 234 29 76
596 17 299 116 25 61
596 18 330 121 21 53
596 19 346 121 22 56
596 20 363 60 17 45
596 21 390 13 14 32
596 22 404 12 12 31
596 23 277 -5 15 31
596 32 381 -6 11 26
596 33 386 -7 10 26
597 1 441 -13 12 27
597 3 412 31 18 43
597 4 428 34 15 42
597 5 398 58 17 40
597 6 416 87 26 55
597 7 331 162 26 63
597 8 368 162 26 61
597 15 146 233 32 75
597 16 173 234 29 77
597 17 299 116 25 61
597 18 330 121 21 53
597 19 346 122 22 56
597 20 363 60 17 45
597 21 390 13 14 32
597 22 403 12 12 31
597 23 277 -5 15 31
597 32 381 -6 11 26
597 33 386 -7 10 26
598 1 441 -13 12 27
598 3 412 30 18 44
598 4 429 33 15 43
598 5 398 57 17 42
598 6 417 86 26 54
598 7 332 160 26 60
598 8 368 161 26 61
598 15 145 234 31 75
598 16 171 235 29 77
598 17 299 117 25 61
598 18 330 121 21 54
598 19 346 122 22 56
598 20 362 60 17 45
598 21 390 13 14 32
598 22 403 13 12 32
598 23 277 -7 15 33
598 32 381 -6 11 26
598 33 386 -7 10 26
599 1 441 -13 12 27
599 3 412 30 18 44
599 4 429 33 15 43
599 5 398 57 17 42
599 6 418 86 25 53
599 7 332 160 26 60
599 8 368 161 26 61
599 15 145 233 37 76
599 16 171 235 29 77
599 17 298 117 25 62
599 18 330 121 21 54
599 19 346 122 22 56
599 20 362 60 17 45
599 21 390 13 14 32
599 22 403 13 12 32
599 23 277 -7 15 33
599 32 381 -6 11 26
599 33 386 -7 10 26
600 1 441 -13 12 27
600 3 412 30 18 44
600 4 429 33 15 43
600 5 398 57 17 42
600 6 418 86 25 54
600 7 332 159 26 60
600 8 369 160 26 61
600 15 144 234 37 76
600 16 170 235 29 73
600 17 299 118 24 61
600 18 330 121 21 54
600 19 346 123 22 56
600 20 362 60 17 45
600 21 390 13 14 32
600 22 403 13 12 32
600 23 277 -7 15 33
600 32 381 -6 11 26
600 33 386 -7 10 26
601 1 441 -13 12 27
601 3 412 30 18 43
601 4 430 33 15 43
601 5 399 57 16 39
601 6 418 85 24 51
601 7 332 158 26 61
601 8 370 160 26 61
601 15 142 234 37 77
601 16 169 236 29 73
601 17 299 118 25 61
601 18 329 122 21 54
601 19 345 124 20 51
601 20 362 60 17 45
601 21 390 13 14 32
601 22 403 13 12 32
601 23 277 -7 15 33
601 32 381 -6 11 26
601 33 386 -7 10 26
602 1 441 -13 12 27
602 3 412 30 18 43
602 4 431 33 15 43
602 5 399 57 16 39
602 6 418 84 24 51
602 7 333 157 26 60
602 8 371 160 25 59
602 15 140 235 38 78
602 16 167 236 29 73
602 17 298 120 25 60
602 18 329 122 21 54
602 19 345 124 20 51
602 20 362 60 17 46
602 21 390 14 14 32
602 22 403 13 12 32
602 23 277 -7 15 33
602 32 381 -6 11 26
602 33 386 -7 10 26
603 1 441 -13 12 27
603 3 412 31 18 43
603 4 431 33 15 43
603 5 399 57 16 39
603 6 418 84 24 52
603 7 334 156 26 60
603 8 372 159 25 59
603 15 138 236 38 78
603 16 167 240 29 69
603 17 298 120 25 61
603 18 329 123 21 54
603 19 344 125 20 50
603 20 362 60 17 46
603 21 389 14 14 32
603 22 403 13 12 32
603 23 278 -7 15 33
603 32 381 -6 11 26
603 33 386 -7 10 26
604 1 441 -14 12 27
604 3 412 31 18 43
604 4 432 33 15 43
604 5 399 57 16 40
604 6 418 83 24 52
604 7 334 156 26 60
604 8 372 158 25 60
604 15 136 236 39 80
604 16 165 241 28 69
604 17 298 121 25 61
604 18 329 123 21 53
604 19 344 125 20 50
604 20 362 60 17 46
604 21 389 14 14 32
604 22 403 15 12 31
604 23 278 -7 15 33
604 32 381 -6 11 26
604 33 386 -7 10 26
605 1 441 -14 12 27
605 3 412 31 18 43
605 4 432 33 15 43
605 5 399 55 17 42
605 6 418 83 24 52
605 7 334 156 26 60
605 8 372 158 25 60
605 15 136 236 36 80
605 16 165 241 28 69
605 17 298 121 25 61
605 18 329 123 21 53
605 19 344 125 20 51
605 20 362 60 17 46
605 21 389 14 14 32
605 22 403 15 12 31
605 23 278 -7 15 33
605 32 381 -6 11 26
605 33 386 -7 10 26
606 1 441 -14 12 28
606 3 412 31 18 43
606 4 432 33 15 43
606 5 400 56 16 40
606 6 418 83 24 52
606 7 334 156 26 60
606 8 373 158 24 57
606 15 135 237 33 74
606 16 164 242 28 69
606 17 298 121 25 61
606 18 328 124 21 54
606 19 343 125 20 51
606 20 362 60 18 47
606 21 389 14 14 32
606 22 403 15 12 31
606 23 278 -7 15 33
606 32 381 -6 11 26
606 33 386 -7 10 26
607 1 441 -14 12 28
607 3 412 31 18 42
607 4 433 33 16 43
607 5 399 55 17 42
607 6 418 81 24 53
607 7 335 156 26 59
607 8 373 156 25 60
607 15 133 238 32 74
607 16 162 243 29 71
607 17 297 121 25 61
607 18 328 124 21 54
607 19 343 125 20 51
607 20 362 61 18 47
607 21 389 14 14 32
607 22 403 15 12 31
607 23 278 -7 15 33
607 32 381 -6 11 26
607 33 386 -7 10 26
608 1 440 -15 12 29
608 3 412 30 18 43
608 4 433 33 16 43
608 5 399 55 17 43
608 6 418 81 24 53
608 7 339 156 22 59
608 8 374 156 25 56
608 15 132 239 32 74
608 16 160 243 32 71
608 17 297 121 25 61
608 18 328 125 21 53
608 19 343 125 20 51
608 20 362 61 18 47
608 21 389 14 14 32
608 22 403 15 12 31
608 23 278 -7 15 34
608 32 381 -6 11 26
608 33 386 -7 10 26
609 1 441 -15 12 29
609 3 412 28 18 44
609 4 433 33 16 43
609 5 399 54 17 43
609 6 419 83 22 47
609 7 340 156 24 58
609 8 375 155 25 56
609 15 129 240 30 75
609 16 158 244 32 72
609 17 297 121 25 61
609 18 328 125 21 54
609 19 343 126 20 51
609 20 362 61 17 47
609 21 389 14 14 32
609 22 402 15 12 31
609 23 278 -7 15 34
609 32 381 -6 11 26
609 33 386 -7 10 26
610 1 440 -15 12 29
610 3 412 28 18 44
610 4 433 33 16 43
610 5 400 54 16 40
610 6 419 83 22 49
610 7 341 155 22 59
610 8 375 155 25 57
610 15 128 241 30 75
610 16 156 245 32 72
610 17 297 122 25 61
610 18 327 125 21 54
610 19 343 126 20 51
610 20 362 62 17 46
610 21 388 14 13 32
610 22 402 15 12 31
610 23 278 -7 15 34
610 32 381 -6 11 26
610 33 386 -7 10 26
611 1 440 -15 13 29
611 3 412 28 18 44
611 4 433 33 16 43
611 5 400 54 16 41
611 6 419 83 22 49
611 7 341 155 22 59
611 8 375 155 25 56
611 15 128 241 30 78
611 16 157 245 32 72
611 17 297 122 25 61
611 18 328 125 21 54
611 19 343 126 20 51
611 20 362 62 17 45
611 21 388 14 13 32
611 22 402 15 12 31
611 23 278 -7 15 34
611 32 381 -6 11 26
611 33 386 -7 10 26
612 1 440 -16 12 29
612 3 412 28 18 44
612 4 435 33 16 43
612 5 400 53 16 41
612 6 419 83 22 49
612 7 342 154 22 58
612 8 376 155 25 57
612 15 127 242 30 78
612 16 154 245 32 73
612 17 297 122 24 59
612 18 327 126 21 54
612 19 343 127 20 51
612 20 362 62 17 46
612 21 388 15 13 32
612 22 402 15 12 31
612 23 278 -7 15 33
612 32 381 -6 11 26
612 33 386 -7 10 26
613 1 440 -16 12 29
613 3 412 28 18 44
613 4 435 33 16 43
613 5 400 53 16 41
613 6 419 81 22 51
613 7 343 154 21 57
613 8 378 155 24 54
613 15 125 243 30 78
613 16 155 246 26 71
613 17 297 122 25 60
613 18 327 126 22 55
613 19 342 127 20 52
613 20 362 62 17 46
613 21 388 15 13 32
613 22 402 15 12 31
613 23 279 -7 15 33
613 32 381 -6 11 26
613 33 386 -7 10 26
614 1 440 -15 12 29
614 3 412 28 18 43
614 4 436 33 16 43
614 5 401 52 16 41
614 6 419 81 22 51
614 7 344 153 21 57
614 8 378 154 25 55
614 15 123 245 31 80
614 16 154 247 26 70
614 17 296 123 25 61
614 18 326 126 22 55
614 19 342 128 20 51
614 20 362 63 17 46
614 21 388 15 13 32
614 22 402 16 12 31
614 23 279 -6 15 33
614 32 381 -6 11 26
614 33 386 -6 10 26
615 1 441 -16 12 29
615 3 412 28 18 43
615 4 436 33 16 43
615 5 401 52 16 41
615 6 418 80 23 52
615 7 342 150 24 64
615 8 380 154 24 55
615 15 122 245 34 81
615 16 152 248 25 70
615 17 296 123 25 61
615 18 326 126 22 55
615 19 342 128 20 52
615 20 361 63 18 48
615 21 388 15 13 32
615 22 402 16 12 31
615 23 279 -6 15 33
615 32 381 -6 11 26
615 33 386 -6 10 26
616 1 440 -16 13 29
616 3 413 28 17 43
616 4 436 33 16 43
616 5 401 52 16 41
616 6 418 79 22 51
616 7 343 148 24 64
616 8 381 153 25 55
616 15 121 246 34 80
616 16 148 249 28 70
616 17 296 124 25 60
616 18 326 127 22 55
616 19 342 129 21 52
616 20 361 63 18 49
616 21 388 15 13 32
616 22 402 16 12 31
616 23 279 -6 15 33
616 32 380 -6 11 26
616 33 386 -6 10 26
617 1 440 -16 12 29
617 3 413 28 17 43
617 4 436 33 16 43
617 5 401 52 16 41
617 6 418 79 23 53
617 7 346 150 22 58
617 8 381 153 25 55
617 15 121 246 34 80
617 16 148 249 28 74
617 17 296 124 25 60
617 18 326 127 22 55
617 19 342 129 21 52
617 20 361 63 18 49
617 21 388 15 13 32
617 22 402 16 12 31
617 23 279 -6 15 33
617 32 380 -6 11 26
617 33 386 -6 10 26
618 1 440 -16 13 29
618 3 413 28 17 43
618 4 436 33 16 43
618 5 401 51 17 41
618 6 418 78 23 53
618 7 347 150 21 57
618 8 382 152 24 55
618 15 120 247 33 80
618 16 147 250 28 73
618 17 296 124 26 63
618 18 326 127 22 55
618 19 342 129 21 52
618 20 361 63 18 49
618 21 386 16 14 32
618 22 402 16 12 31
618 23 279 -6 15 33
618 32 380 -6 11 26
618 33 386 -6 10 26
619 1 440 -16 12 29
619 3 413 28 17 42
619 4 436 33 16 43
619 5 401 51 16 41
619 6 417 77 24 55
619 7 348 149 21 58
619 8 383 151 24 56
619 15 118 248 33 80
619 16 145 252 28 74
619 17 295 126 26 60
619 18 325 127 22 55
619 19 341 130 21 53
619 20 361 63 18 49
619 21 386 16 14 32
619 22 402 16 12 31
619 23 279 -6 15 33
619 32 380 -6 11 26
619 33 386 -6 10 26
620 1 440 -16 12 28
620 3 413 28 17 42
620 4 436 33 16 43
620 5 402 51 16 40
620 6 418 77 24 53
620 7 348 148 22 58
620 8 385 150 23 53
620 15 116 249 33 80
620 16 144 253 28 75
620 17 295 127 26 60
620 18 325 127 22 55
620 19 341 130 21 53
620 20 361 63 18 49
620 21 386 16 14 32
620 22 402 16 12 31
620 23 279 -6 15 33
620 32 380 -6 11 26
620 33 386 -6 10 26
621 1 440 -16 12 28
621 3 413 28 17 41
621 4 437 32 16 42
621 5 402 51 16 40
621 6 419 77 22 49
621 7 348 148 22 58
621 8 385 149 25 56
621 15 115 250 33 80
621 16 142 256 30 73
621 17 295 127 26 59
621 18 325 128 22 55
621 19 341 130 21 52
621 20 361 63 19 50
621 21 386 16 14 32
621 22 400 15 14 35
621 23 279 -6 15 34
621 32 380 -6 11 26
621 33 386 -6 10 26
622 1 440 -16 12 28
622 3 413 27 17 42
622 4 437 32 16 42
622 5 402 51 16 40
622 6 417 77 22 50
622 7 349 148 24 60
622 8 385 149 25 56
622 15 114 251 34 81
622 16 141 257 30 72
622 17 295 128 26 59
622 18 324 129 22 56
622 19 341 131 21 52
622 20 361 63 19 50
622 21 385 16 14 32
622 22 400 15 14 36
622 23 279 -6 15 34
622 32 380 -6 11 26
622 33 386 -6 10 26
623 1 440 -16 12 28
623 3 413 27 17 42
623 4 437 32 16 42
623 5 402 51 16 40
623 6 418 77 22 48
623 7 349 148 24 60
623 8 385 149 25 56
623 15 114 251 33 81
623 16 141 258 30 72
623 17 295 128 26 59
623 18 324 129 22 56
623 19 341 131 21 52
623 20 361 63 19 50
623 21 385 16 14 32
623 22 400 15 14 36
623 23 279 -6 15 34
623 32 380 -6 11 26
623 33 386 -6 10 26
624 1 440 -16 12 28
624 3 413 27 17 42
624 4 437 31 16 42
624 5 402 51 16 40
624 6 418 77 22 48
624 7 349 148 24 60
624 8 387 148 24 56
624 15 112 251 34 81
624 16 140 258 30 72
624 17 294 128 26 59
624 18 324 129 22 55
624 19 344 131 18 53
624 20 361 63 18 49
624 21 385 16 14 32
624 22 400 15 14 36
624 23 280 -6 15 34
624 32 380 -6 11 26
624 33 386 -6 10 26
625 1 440 -16 12 29
625 3 413 27 17 42
625 4 437 31 16 42
625 5 403 51 16 40
625 6 418 77 22 48
625 7 350 147 24 60
625 8 388 148 23 54
625 15 110 252 34 80
625 16 138 259 30 73
625 17 294 128 26 61
625 18 324 130 22 56
625 19 344 131 18 53
625 20 361 63 19 50
625 21 383 14 16 36
625 22 399 15 14 37
625 23 280 -6 15 34
625 32 380 -6 11 26
625 33 386 -6 10 26
626 1 440 -16 12 29
626 3 413 27 17 42
626 4 437 31 16 42
626 5 403 52 15 39
626 6 418 77 22 47
626 7 350 147 24 60
626 8 389 148 25 58
626 15 109 254 34 79
626 16 135 260 29 75
626 17 293 129 26 60
626 18 324 130 22 56
626 19 344 131 19 55
626 20 361 65 18 47
626 21 383 14 16 36
626 22 399 15 14 37
626 23 280 -6 16 34
626 32 380 -6 11 26
626 33 386 -6 10 26
627 1 440 -16 12 29
627 3 413 26 17 42
627 4 437 31 16 42
627 5 405 53 15 37
627 6 418 76 22 48
627 7 351 146 24 61
627 8 390 148 23 55
627 15 108 255 35 81
627 16 135 260 28 70
627 17 293 129 26 60
627 18 324 130 22 56
627 19 345 132 17 52
627 20 361 65 18 47
627 21 383 14 16 36
627 22 399 14 15 38
627 23 280 -6 16 34
627 32 379 -6 11 26
627 33 386 -6 10 26
628 1 440 -16 12 28
628 3 413 26 17 42
628 4 437 30 16 42
628 5 406 52 14 37
628 6 418 76 22 48
628 7 353 146 24 60
628 8 393 147 20 55
628 15 107 256 33 79
628 16 134 261 28 71
628 17 292 129 26 61
628 18 324 131 23 56
628 19 346 132 17 50
628 20 361 65 17 47
628 21 383 14 16 36
628 22 399 14 15 38
628 23 280 -6 15 34
628 32 379 -5 11 26
628 33 386 -6 10 26
629 1 440 -16 12 28
629 3 413 26 17 42
629 4 437 30 16 42
629 5 406 52 14 37
629 6 418 76 22 48
629 7 353 146 24 59
629 8 390 146 26 57
629 15 105 257 36 79
629 16 134 261 28 71
629 17 293 130 26 59
629 18 323 131 22 56
629 19 346 132 17 50
629 20 361 65 17 47
629 21 383 14 16 36
629 22 399 14 15 38
629 23 280 -6 15 34
629 32 379 -5 11 26
629 33 386 -6 10 26
630 1 440 -16 12 28
630 3 413 26 17 42
630 4 437 30 16 42
630 5 406 52 14 37
630 6 418 75 22 48
630 7 353 145 24 60
630 8 391 146 26 57
630 15 104 258 40 79
630 16 132 261 28 72
630 17 292 129 26 61
630 18 323 131 22 56
630 19 343 133 18 52
630 20 360 65 18 49
630 21 383 14 16 36
630 22 399 14 15 38
630 23 280 -6 15 34
630 32 379 -5 11 26
630 33 386 -6 10 26
631 1 440 -16 12 28
631 3 413 26 17 42
631 4 437 29 16 42
631 5 406 51 14 38
631 6 418 75 22 48
631 7 353 143 24 61
631 8 391 145 25 55
631 15 103 259 39 79
631 16 132 262 28 71
631 17 292 129 27 61
631 18 323 132 22 56
631 19 343 134 18 53
631 20 360 66 17 46
631 21 383 14 16 36
631 22 399 15 15 37
631 23 280 -4 15 33
631 32 379 -5 11 26
631 33 386 -6 10 26
632 1 440 -16 12 27
632 3 413 26 17 42
632 4 438 29 16 42
632 5 407 51 14 37
632 6 420 74 21 48
632 7 353 142 25 62
632 8 392 144 24 56
632 15 101 260 39 79
632 16 131 263 27 70
632 17 292 130 26 61
632 18 322 132 23 57
632 19 343 134 18 53
632 20 359 65 19 50
632 21 383 15 16 36
632 22 399 15 15 37
632 23 281 -4 15 32
632 32 379 -5 11 26
632 33 386 -6 10 26
633 1 440 -16 12 27
633 3 413 26 17 42
633 4 438 29 16 42
633 5 407 51 14 37
633 6 420 74 20 45
633 7 355 141 24 59
633 8 395 143 22 57
633 15 99 261 40 82
633 16 128 264 29 72
633 17 292 130 27 62
633 18 322 132 22 57
633 19 343 135 18 53
633 20 360 66 17 47
633 21 383 15 16 36
633 22 398 16 14 37
633 23 281 -4 15 32
633 32 379 -5 11 26
633 33 386 -6 10 26
634 1 440 -16 12 27
634 3 413 26 17 41
634 4 438 29 16 42
634 5 407 50 14 38
634 6 420 73 21 48
634 7 355 141 24 59
634 8 395 142 22 58
634 15 97 261 40 82
634 16 127 266 29 73
634 17 292 131 27 61
634 18 322 132 22 57
634 19 343 136 18 53
634 20 359 66 19 50
634 21 383 15 16 36
634 22 398 16 15 37
634 23 281 -4 15 32
634 32 379 -5 11 26
634 33 386 -5 10 26
635 1 440 -17 12 27
635 3 413 26 17 41
635 4 438 29 16 42
635 5 407 51 14 37
635 6 420 73 21 48
635 7 355 141 24 59
635 8 395 142 22 53
635 15 97 261 40 82
635 16 127 266 29 73
635 17 292 131 27 61
635 18 322 132 22 57
635 19 341 135 18 54
635 20 359 66 18 49
635 21 383 15 16 36
635 22 398 16 14 37
635 23 281 -4 15 32
635 32 379 -5 11 26
635 33 386 -5 10 26
636 1 440 -17 12 28
636 3 413 26 17 41
636 4 438 29 16 42
636 5 407 51 14 37
636 6 421 73 21 47
636 7 356 140 24 60
636 8 395 141 23 53
636 15 96 262 40 82
636 16 126 267 29 73
636 17 292 131 27 61
636 18 321 133 23 58
636 19 341 135 18 54
636 20 359 66 19 50
636 21 383 15 16 36
636 22 398 16 14 37
636 23 281 -3 15 32
636 32 379 -5 11 26
636 33 385 -5 10 26
637 1 440 -17 12 27
637 3 413 26 17 41
637 4 439 29 16 42
637 5 407 51 14 37
637 6 421 73 20 46
637 7 356 140 24 59
637 8 396 141 23 53
637 15 94 262 41 82
637 16 125 268 30 73
637 17 292 132 27 61
637 18 322 134 23 54
637 19 341 136 18 57
637 20 359 66 17 47
637 21 382 15 16 36
637 22 398 16 15 37
637 23 281 -3 15 32
637 32 379 -5 11 26
637 33 385 -5 10 26
638 1 439 -19 12 29
638 3 413 26 17 41
638 4 439 29 16 42
638 5 408 51 13 37
638 6 422 73 20 44
638 7 357 139 26 61
638 8 396 140 23 53
638 15 93 263 40 80
638 16 124 269 30 73
638 17 293 134 25 58
638 18 321 134 23 58
638 19 341 136 18 57
638 20 359 66 18 48
638 21 382 16 16 36
638 22 398 16 15 37
638 23 281 -3 15 32
638 32 379 -5 11 26
638 33 385 -5 10 26
639 1 439 -19 12 29
639 3 414 26 17 41
639 4 439 28 16 42
639 5 408 51 13 36
639 6 421 73 20 46
639 7 358 139 26 61
639 8 397 140 24 56
639 15 90 263 37 84
639 16 121 270 32 72
639 17 292 134 27 61
639 18 321 135 22 56
639 19 341 137 18 57
639 20 358 66 18 49
639 21 382 16 16 36
639 22 397 16 15 37
639 23 281 -4 15 32
639 32 378 -5 10 26
639 33 385 -7 10 26
640 1 439 -20 13 30
640 3 414 26 17 41
640 4 439 28 16 42
640 5 409 51 13 35
640 6 422 72 19 49
640 7 358 138 26 61
640 8 397 140 24 56
640 15 89 264 34 77
640 16 117 270 35 73
640 17 292 134 27 61
640 18 322 136 21 54
640 19 341 137 18 57
640 20 358 68 18 48
640 21 382 16 16 36
640 22 397 16 15 38
640 23 282 -4 15 32
640 32 378 -5 10 26
640 33 385 -7 10 26
641 1 439 -20 13 30
641 3 414 26 17 41
641 4 439 28 16 42
641 5 409 51 13 35
641 6 422 72 19 49
641 7 358 138 26 61
641 8 398 140 23 56
641 15 89 264 34 77
641 16 117 270 35 73
641 17 292 134 27 61
641 18 322 136 21 54
641 19 341 137 18 57
641 20 358 68 18 48
641 21 382 16 16 36
641 22 397 16 15 38
641 23 282 -4 15 32
641 32 378 -5 10 26
641 33 385 -7 10 26
642 1 439 -20 13 30
642 3 414 25 17 40
642 4 439 28 16 42
642 5 409 50 13 35
642 6 422 72 19 49
642 7 359 138 26 62
642 8 398 140 23 56
642 15 88 265 34 76
642 16 116 270 35 74
642 17 292 134 27 61
642 18 320 135 23 58
642 19 341 137 18 57
642 20 358 68 19 48
642 21 381 16 16 36
642 22 397 16 15 38
642 23 282 -4 15 32
642 32 378 -5 10 26
642 33 385 -7 10 26
643 1 439 -20 13 30
643 3 414 25 17 40
643 4 440 29 16 40
643 5 409 50 13 36
643 6 422 71 19 49
643 7 360 137 26 61
643 8 399 139 24 56
643 15 87 266 34 82
643 16 115 271 32 73
643 17 292 134 27 61
643 18 320 136 23 58
643 19 341 137 18 56
643 20 358 68 19 48
643 21 381 16 16 36
643 22 397 16 15 38
643 23 282 -4 15 32
643 32 378 -5 10 26
643 33 385 -7 10 26
644 1 439 -20 13 30
644 3 414 25 17 40
644 4 440 29 16 40
644 5 409 47 15 40
644 6 422 71 19 49
644 7 359 135 27 64
644 8 399 138 24 56
644 15 86 267 34 83
644 16 114 272 29 74
644 17 292 134 27 62
644 18 319 137 23 57
644 19 341 138 17 55
644 20 358 69 18 48
644 21 381 16 16 36
644 22 397 16 15 38
644 23 282 -4 15 32
644 32 376 -5 11 26
644 33 385 -7 10 26
645 1 439 -19 12 30
645 3 414 25 17 40
645 4 440 29 16 40
645 5 410 45 14 42
645 6 421 70 19 50
645 7 360 134 28 65
645 8 400 138 24 55
645 15 85 269 34 82
645 16 113 273 29 73
645 17 293 135 25 58
645 18 319 137 23 58
645 19 341 138 17 55
645 20 358 69 18 48
645 21 380 17 16 36
645 22 397 16 15 37
645 23 282 -3 15 32
645 32 376 -5 11 26
645 33 385 -7 10 26
646 1 439 -19 12 30
646 3 414 25 17 40
646 4 440 29 16 40
646 5 410 45 14 42
646 6 422 69 19 47
646 7 363 134 26 58
646 8 400 135 25 58
646 15 84 270 34 84
646 16 113 275 29 74
646 17 292 135 27 62
646 18 319 137 23 57
646 19 340 139 18 58
646 20 358 70 19 48
646 21 380 17 16 36
646 22 397 17 14 36
646 23 282 -3 15 31
646 32 376 -5 11 26
646 33 385 -7 10 26
647 1 439 -19 12 30
647 3 414 25 17 40
647 4 440 29 16 40
647 5 410 45 14 42
647 6 421 69 20 51
647 7 363 134 26 58
647 8 401 135 24 56
647 15 84 270 34 84
647 16 113 275 29 77
647 17 292 135 27 62
647 18 319 137 23 57
647 19 340 139 18 58
647 20 358 70 18 48
647 21 380 17 16 36
647 22 397 17 14 36
647 23 282 -3 15 31
647 32 376 -5 11 26
647 33 385 -7 10 26
648 1 439 -19 12 30
648 3 414 25 17 40
648 4 440 29 16 40
648 5 410 45 14 42
648 6 421 68 20 52
648 7 363 133 26 59
648 8 400 134 25 59
648 15 83 272 34 83
648 16 111 277 30 77
648 17 292 135 27 62
648 18 318 137 23 58
648 19 341 140 17 54
648 20 358 70 18 48
648 21 380 17 16 36
648 22 397 17 14 37
648 23 283 -3 15 32
648 32 376 -5 11 26
648 33 385 -7 10 26
649 1 439 -19 12 29
649 3 414 24 17 40
649 4 440 27 16 40
649 5 411 45 15 42
649 6 421 68 18 46
649 7 364 132 27 59
649 8 402 134 23 54
649 15 83 273 33 82
649 16 111 279 29 75
649 17 292 135 27 62
649 18 318 137 23 58
649 19 340 140 18 57
649 20 357 70 19 49
649 21 380 17 16 36
649 22 397 18 14 36
649 23 283 -3 15 32
649 32 376 -5 11 26
649 33 385 -7 10 26
650 1 439 -20 12 30
650 3 414 25 17 40
650 4 440 27 16 40
650 5 411 45 15 42
650 6 421 68 18 46
650 7 364 131 27 60
650 8 400 133 26 61
650 15 82 275 33 84
650 16 110 280 30 76
650 17 292 136 26 61
650 18 318 137 23 58
650 19 341 141 18 57
650 20 357 70 19 49
650 21 379 18 16 36
650 22 397 18 14 37
650 23 283 -3 15 32
650 32 376 -5 11 26
650 33 385 -7 10 26
651 1 439 -19 12 29
651 3 414 25 17 40
651 4 440 27 16 40
651 5 411 45 15 42
651 6 421 67 18 45
651 7 366 131 26 58
651 8 400 133 25 56
651 15 80 276 34 83
651 16 109 282 30 78
651 17 291 136 27 63
651 18 316 138 24 57
651 19 341 141 18 57
651 20 357 70 19 50
651 21 379 18 16 36
651 22 396 18 14 36
651 23 283 -3 15 32
651 32 376 -5 11 26
651 33 384 -7 10 26
652 1 439 -19 12 29
652 3 414 25 17 40
652 4 440 27 16 40
652 5 411 44 15 42
652 6 421 67 18 46
652 7 367 131 26 58
652 8 400 133 25 56
652 15 80 277 33 82
652 16 108 282 30 79
652 17 291 136 27 63
652 18 316 138 24 58
652 19 341 142 18 57
652 20 357 70 19 50
652 21 379 18 16 36
652 22 396 18 14 37
652 23 283 -3 15 32
652 32 376 -5 11 26
652 33 384 -7 10 26
653 1 439 -19 12 29
653 3 414 25 16 37
653 4 440 27 16 40
653 5 411 44 15 42
653 6 421 67 18 46
653 7 367 131 24 58
653 8 400 133 25 56
653 15 80 277 33 82
653 16 107 283 31 77
653 17 291 136 27 63
653 18 316 138 24 58
653 19 341 142 18 57
653 20 357 70 19 50
653 21 377 17 16 36
653 22 396 18 14 37
653 23 283 -3 15 32
653 32 376 -5 11 26
653 33 384 -7 10 26
654 1 439 -20 12 29
654 3 414 25 16 37
654 4 440 27 16 40
654 5 411 44 15 42
654 6 421 67 18 46
654 7 367 131 24 58
654 8 401 133 25 55
654 15 77 278 33 85
654 16 106 284 31 76
654 17 290 137 26 63
654 18 316 139 24 57
654 19 341 142 18 57
654 20 357 71 19 50
654 21 377 17 16 36
654 22 396 19 14 37
654 23 283 -3 15 32
654 32 375 -5 11 26
654 33 384 -7 10 26
655 1 439 -20 12 29
655 3 414 25 16 37
655 4 440 27 16 40
655 5 412 44 15 42
655 6 421 67 18 45
655 7 368 131 24 58
655 8 401 132 24 54
655 15 76 278 33 85
655 16 106 285 31 76
655 17 290 137 26 63
655 18 316 140 24 57
655 19 341 143 18 57
655 20 357 70 19 50
655 21 377 17 16 36
655 22 396 19 14 37
655 23 283 -3 15 32
655 32 375 -5 11 26
655 33 384 -7 10 26
656 1 439 -20 12 29
656 3 414 25 16 37
656 4 440 27 16 40
656 5 412 44 15 42
656 6 421 67 18 45
656 7 368 131 24 58
656 8 401 132 23 55
656 15 75 279 34 85
656 16 105 285 30 75
656 17 290 138 26 62
656 18 316 140 23 57
656 19 341 143 18 57
656 20 357 71 19 50
656 21 377 17 16 36
656 22 396 19 14 37
656 23 283 -3 15 32
656 32 375 -5 11 26
656 33 384 -7 10 26
657 1 439 -20 12 29
657 3 414 25 16 37
657 4 440 26 16 40
657 5 412 42 15 42
657 6 421 67 18 45
657 7 369 130 24 58
657 8 401 131 23 55
657 15 74 280 34 85
657 16 103 286 32 74
657 17 289 139 26 63
657 18 316 141 24 58
657 19 341 143 18 56
657 20 357 71 19 49
657 21 377 18 16 36
657 22 396 19 14 37
657 23 283 -3 15 32
657 32 375 -5 11 26
657 33 384 -7 10 26
658 1 439 -20 12 29
658 3 414 24 16 37
658 4 440 26 16 40
658 5 412 42 15 42
658 6 421 67 18 45
658 7 370 129 24 57
658 8 402 131 22 55
658 15 73 281 34 86
658 16 102 287 32 75
658 17 289 140 26 62
658 18 316 142 24 58
658 19 341 143 18 56
658 20 357 72 18 48
658 21 377 18 16 36
658 22 396 19 14 37
658 23 283 -3 15 32
658 32 375 -5 11 26
658 33 384 -7 10 26
659 1 439 -20 12 29
659 3 414 24 16 37
659 4 440 26 16 40
659 5 413 42 15 42
659 6 421 67 17 44
659 7 369 130 24 58
659 8 402 131 22 55
659 15 73 281 34 83
659 16 102 287 32 74
659 17 289 140 26 63
659 18 316 142 24 58
659 19 341 143 18 56
659 20 357 72 18 48
659 21 377 18 16 36
659 22 396 19 14 37
659 23 283 -3 15 32
659 32 375 -5 11 26
659 33 384 -7 10 26
660 1 439 -20 12 29
660 3 415 24 16 36
660 4 440 26 16 40
660 5 413 42 15 42
660 6 421 66 17 44
660 7 370 129 24 57
660 8 402 130 22 56
660 15 71 282 35 85
660 16 101 288 32 74
660 17 289 140 26 63
660 18 316 142 24 58
660 19 341 144 18 57
660 20 357 72 18 48
660 21 376 18 16 37
660 22 395 19 14 36
660 23 283 -2 15 33
660 32 375 -5 11 26
660 33 384 -7 10 26
661 1 439 -21 12 29
661 3 415 24 16 36
661 4 440 26 16 40
661 5 413 41 15 42
661 6 421 65 18 44
661 7 370 128 24 58
661 8 402 129 23 57
661 15 71 284 34 87
661 16 100 289 31 78
661 17 289 141 26 62
661 18 316 143 24 58
661 19 341 144 18 57
661 20 357 73 18 47
661 21 376 18 16 37
661 22 395 19 14 35
661 23 283 -2 15 33
661 32 375 -5 11 26
661 33 384 -7 10 26
662 1 439 -22 13 30
662 3 415 24 15 36
662 4 440 26 16 40
662 5 413 41 15 42
662 6 421 65 18 44
662 7 371 127 23 58
662 8 402 129 22 56
662 15 69 285 35 88
662 16 96 290 35 78
662 17 288 141 26 63
662 18 316 143 24 58
662 19 341 144 18 56
662 20 357 73 18 47
662 21 375 19 16 37
662 22 395 20 14 35
662 23 284 -2 15 33
662 32 375 -5 11 26
662 33 384 -6 10 26
663 1 439 -21 12 29
663 3 415 23 15 36
663 4 440 26 16 40
663 5 413 40 15 42
663 6 421 64 19 45
663 7 371 125 23 59
663 8 402 128 24 58
663 15 68 287 35 88
663 16 95 292 35 77
663 17 287 142 26 63
663 18 316 143 24 58
663 19 341 145 18 58
663 20 356 74 18 48
663 21 375 19 16 37
663 22 395 21 13 34
663 23 284 -2 15 31
663 32 375 -5 11 26
663 33 383 -6 10 26
664 1 439 -20 12 29
664 3 415 23 16 36
664 4 440 25 16 40
664 5 414 40 15 42
664 6 421 62 19 46
664 7 371 124 24 60
664 8 402 127 24 55
664 15 67 288 34 88
664 16 94 293 35 77
664 17 288 143 24 58
664 18 315 143 24 60
664 19 339 146 20 58
664 20 356 74 18 46
664 21 375 19 16 37
664 22 395 21 13 34
664 23 284 -2 15 31
664 32 375 -5 11 26
664 33 383 -6 10 26
665 1 439 -20 12 28
665 3 415 23 15 35
665 4 440 25 16 40
665 5 414 40 15 42
665 6 421 62 18 44
665 7 371 124 24 60
665 8 405 127 21 55
665 15 67 288 34 88
665 16 94 293 35 78
665 17 287 142 26 63
665 18 315 143 24 60
665 19 339 146 20 58
665 20 356 74 18 46
665 21 375 19 16 37
665 22 395 21 13 34
665 23 284 -2 15 31
665 32 375 -5 11 26
665 33 383 -6 10 26
666 1 439 -20 12 28
666 3 415 23 15 36
666 4 440 25 16 40
666 5 414 40 15 42
666 6 421 62 18 43
666 7 372 123 24 61
666 8 405 127 21 55
666 15 65 291 36 87
666 16 93 294 34 76
666 17 287 142 26 63
666 18 316 144 24 58
666 19 339 147 20 57
666 20 356 74 18 46
666 21 375 20 16 37
666 22 395 21 13 34
666 23 284 -2 15 31
666 32 375 -5 11 26
666 33 383 -6 10 26
667 1 439 -22 12 30
667 3 415 23 15 35
667 4 440 25 16 40
667 5 414 40 15 42
667 6 421 62 17 43
667 7 372 123 23 60
667 8 405 127 21 55
667 15 64 292 36 86
667 16 92 295 34 78
667 17 287 142 26 63
667 18 315 144 24 59
667 19 339 148 20 57
667 20 355 74 19 48
667 21 375 20 16 37
667 22 395 22 12 34
667 23 284 -2 15 31
667 32 375 -5 11 26
667 33 383 -6 10 26
668 1 439 -21 12 29
668 3 415 23 15 35
668 4 440 25 16 40
668 5 414 40 15 42
668 6 421 62 17 42
668 7 372 123 23 59
668 8 407 126 20 55
668 15 62 293 36 88
668 16 91 297 34 77
668 17 286 142 27 64
668 18 315 144 24 58
668 19 339 148 20 57
668 20 355 74 19 50
668 21 375 20 16 37
668 22 395 22 12 34
668 23 284 -2 15 31
668 32 375 -4 11 26
668 33 383 -6 10 26
669 1 438 -22 12 30
669 3 416 22 16 36
669 4 441 25 16 40
669 5 414 40 15 42
669 6 421 64 17 41
669 7 373 123 23 59
669 8 407 126 21 54
669 15 62 294 35 85
669 16 89 297 35 80
669 17 285 142 27 65
669 18 315 145 24 59
669 19 339 149 20 57
669 20 355 74 19 50
669 21 374 22 16 36
669 22 395 22 12 34
669 23 284 -2 15 31
669 32 375 -4 11 26
669 33 383 -6 10 26
670 1 439 -22 12 29
670 3 416 22 16 36
670 4 441 25 16 40
670 5 415 40 15 42
670 6 421 62 17 42
670 7 374 123 23 58
670 8 407 125 21 54
670 15 56 294 40 89
670 16 87 297 36 81
670 17 286 143 26 63
670 18 315 145 24 59
670 19 339 149 20 58
670 20 355 74 20 51
670 21 374 22 16 36
670 22 394 22 12 34
670 23 284 -2 15 33
670 32 375 -4 11 26
670 33 383 -6 10 26
671 1 439 -22 12 29
671 3 416 22 16 36
671 4 441 25 16 40
671 5 415 40 15 42
671 6 421 62 17 42
671 7 374 123 23 58
671 8 407 125 21 54
671 15 56 294 40 89
671 16 87 298 33 79
671 17 285 143 27 65
671 18 315 145 24 59
671 19 339 149 20 58
671 20 355 74 18 48
671 21 374 22 16 36
671 22 394 22 12 35
671 23 284 -2 15 33
671 32 375 -4 11 26
671 33 383 -6 10 26
672 1 439 -22 12 30
672 3 416 22 16 36
672 4 441 23 16 41
672 5 415 40 15 42
672 6 421 62 17 41
672 7 374 123 23 58
672 8 407 124 21 55
672 15 55 295 40 88
672 16 86 299 35 75
672 17 285 144 27 65
672 18 315 146 24 58
672 19 339 149 20 58
672 20 354 74 19 49
672 21 374 22 16 36
672 22 394 21 13 35
672 23 284 -2 15 33
672 32 375 -4 11 26
672 33 383 -6 10 26
673 1 439 -21 12 29
673 3 416 22 16 36
673 4 441 23 16 41
673 5 415 40 15 42
673 6 421 62 17 42
673 7 375 122 23 58
673 8 407 124 21 55
673 15 54 296 37 81
673 16 85 300 36 76
673 17 286 145 26 62
673 18 315 146 24 59
673 19 339 149 20 58
673 20 354 74 19 49
673 21 374 22 16 36
673 22 394 21 13 35
673 23 284 -2 15 33
673 32 375 -4 11 26
673 33 383 -6 10 26
674 1 439 -22 12 30
674 3 417 22 16 36
674 4 442 22 15 41
674 5 415 39 15 42
674 6 420 61 17 42
674 7 376 121 23 58
674 8 407 122 22 56
674 15 53 297 36 81
674 16 83 301 36 75
674 17 284 145 27 65
674 18 314 147 24 59
674 19 339 149 20 57
674 20 355 75 19 49
674 21 374 22 16 36
674 22 394 21 13 35
674 23 284 -2 15 33
674 32 375 -4 11 26
674 33 383 -6 10 26
675 1 439 -22 12 30
675 3 418 21 15 36
675 4 442 22 15 41
675 5 415 39 15 42
675 6 420 61 17 43
675 7 376 120 24 60
675 8 408 122 21 53
675 15 52 298 36 82
675 16 83 303 35 81
675 17 284 146 27 65
675 18 314 148 24 59
675 19 339 149 20 58
675 20 354 75 19 50
675 21 374 22 16 36
675 22 394 21 13 35
675 23 285 -1 14 33
675 32 375 -4 11 26
675 33 383 -6 10 26
676 1 439 -22 12 29
676 3 418 21 15 36
676 4 442 22 15 41
676 5 415 39 15 42
676 6 420 60 18 43
676 7 376 119 24 61
676 8 407 120 21 53
676 15 51 300 37 88
676 16 82 305 35 81
676 17 284 147 27 65
676 18 314 148 24 60
676 19 339 150 20 58
676 20 354 75 19 52
676 21 373 22 16 36
676 22 394 21 13 35
676 23 285 -1 14 33
676 32 375 -4 11 26
676 33 383 -6 10 26
677 1 439 -22 12 29
677 3 418 21 15 36
677 4 442 22 15 41
677 5 415 39 15 42
677 6 420 60 18 43
677 7 378 119 23 57
677 8 407 120 21 53
677 15 51 300 37 88
677 16 82 305 34 81
677 17 284 147 27 65
677 18 314 148 24 60
677 19 339 150 20 58
677 20 354 75 20 51
677 21 373 22 16 36
677 22 394 21 13 35
677 23 285 -1 14 33
677 32 375 -4 11 26
677 33 383 -6 10 26
678 1 439 -22 12 30
678 3 418 21 15 36
678 4 443 22 15 41
678 5 415 38 15 42
678 6 420 59 18 44
678 7 376 118 24 57
678 8 407 120 21 53
678 15 50 302 37 87
678 16 81 307 34 80
678 17 284 147 27 65
678 18 314 148 25 60
678 19 338 150 20 59
678 20 354 76 19 51
678 21 373 22 16 36
678 22 394 21 13 35
678 23 285 -1 14 33
678 32 375 -4 11 26
678 33 383 -6 10 26
679 1 439 -21 12 28
679 3 418 21 15 36
679 4 443 22 15 41
679 5 415 38 15 42
679 6 420 59 20 45
679 7 376 117 24 57
679 8 407 120 21 53
679 15 49 304 37 90
679 16 80 309 34 81
679 17 284 148 27 65
679 18 314 149 25 60
679 19 339 151 20 58
679 20 354 77 19 52
679 21 373 22 16 36
679 22 394 21 13 35
679 23 285 -1 14 33
679 32 375 -4 11 26
679 33 383 -6 10 26
680 1 439 -21 12 28
680 3 418 21 15 35
680 4 443 22 15 41
680 5 415 38 15 42
680 6 420 59 20 45
680 7 376 117 24 58
680 8 407 120 21 52
680 15 48 306 37 89
680 16 79 310 34 81
680 17 283 148 27 66
680 18 313 149 24 60
680 19 338 151 20 58
680 20 354 77 19 51
680 21 373 22 16 36
680 22 394 21 13 35
680 23 285 -1 14 32
680 32 375 -4 11 26
680 33 383 -6 10 26
681 1 439 -22 12 29
681 3 419 20 14 35
681 4 443 22 15 41
681 5 415 38 15 42
681 6 420 59 20 45
681 7 378 116 24 58
681 8 407 119 21 53
681 15 48 307 35 88
681 16 78 312 34 82
681 17 283 148 27 66
681 18 313 149 25 60
681 19 338 152 20 59
681 20 354 77 19 52
681 21 373 22 16 36
681 22 394 21 13 36
681 23 285 -1 14 33
681 32 375 -4 11 26
681 33 383 -6 10 26
682 1 439 -21 11 28
682 3 419 20 14 35
682 4 443 21 15 41
682 5 415 38 15 42
682 6 420 59 20 45
682 7 378 116 24 58
682 8 407 119 21 53
682 15 48 308 35 87
682 16 77 312 35 83
682 17 283 149 27 66
682 18 313 149 25 60
682 19 338 152 20 59
682 20 354 78 19 51
682 21 373 22 16 36
682 22 394 22 13 36
682 23 285 -1 14 33
682 32 375 -4 11 26
682 33 383 -6 10 26
683 1 439 -21 11 28
683 3 419 20 14 35
683 4 443 21 15 41
683 5 415 38 15 42
683 6 420 59 20 45
683 7 378 116 24 58
683 8 407 119 21 53
683 15 44 308 38 90
683 16 78 313 34 80
683 17 283 149 27 66
683 18 313 149 25 60
683 19 338 152 20 59
683 20 354 78 19 51
683 21 373 22 16 36
683 22 394 22 13 36
683 23 285 -1 14 33
683 32 375 -4 11 26
683 33 383 -6 10 26
684 1 439 -21 11 28
684 3 419 20 14 35
684 4 443 21 15 41
684 5 415 38 15 42
684 6 420 59 20 45
684 7 378 116 24 58
684 8 407 118 21 52
684 15 44 309 38 89
684 16 76 313 34 84
684 17 284 150 25 60
684 18 313 150 25 60
684 19 338 153 20 59
684 20 354 78 19 52
684 21 373 22 16 36
684 22 394 22 13 36
684 23 285 -1 14 33
684 32 375 -3 11 27
684 33 383 -6 10 26
685 1 439 -22 12 28
685 3 419 20 14 35
685 4 443 21 15 41
685 5 415 37 15 42
685 6 420 59 20 45
685 7 379 115 24 58
685 8 407 118 20 52
685 15 42 311 38 90
685 16 76 314 33 83
685 17 282 149 28 66
685 18 313 150 25 60
685 19 339 154 21 60
685 20 354 78 19 52
685 21 373 22 16 36
685 22 394 22 13 36
685 23 285 -1 14 33
685 32 375 -3 11 27
685 33 382 -6 10 26
686 1 439 -21 11 28
686 3 419 20 14 35
686 4 443 21 15 41
686 5 415 37 15 42
686 6 420 59 20 45
686 7 379 115 24 58
686 8 407 117 20 51
686 15 40 312 39 90
686 16 75 315 34 84
686 17 282 150 28 66
686 18 313 150 25 60
686 19 339 154 21 60
686 20 354 78 19 52
686 21 373 22 16 36
686 22 394 22 13 36
686 23 285 -1 14 33
686 32 375 -3 11 27
686 33 382 -6 10 26
687 1 439 -23 13 28
687 3 419 20 14 34
687 4 443 21 15 41
687 5 415 37 15 42
687 6 420 58 20 46
687 7 380 115 23 56
687 8 407 116 22 52
687 15 40 313 39 83
687 16 72 316 35 84
687 17 282 150 27 65
687 18 313 151 25 60
687 19 339 155 20 59
687 20 354 78 20 52
687 21 373 22 16 36
687 22 394 22 13 38
687 23 285 -1 14 33
687 32 375 -3 11 27
687 33 382 -6 10 26
688 1 439 -23 12 29
688 3 419 20 14 34
688 4 443 21 15 41
688 5 415 37 15 42
688 6 420 58 20 44
688 7 380 115 23 56
688 8 407 115 22 53
688 15 39 314 39 85
688 16 72 318 35 84
688 17 281 151 27 66
688 18 313 151 25 60
688 19 339 155 21 60
688 20 354 78 20 52
688 21 372 22 16 36
688 22 394 22 13 36
688 23 285 -1 14 34
688 32 375 -3 11 27
688 33 382 -6 10 26
689 1 439 -23 12 29
689 3 419 20 14 34
689 4 443 21 15 41
689 5 415 37 15 42
689 6 421 58 20 44
689 7 380 115 23 55
689 8 407 115 22 53
689 15 39 314 39 84
689 16 72 318 35 75
689 17 281 151 27 66
689 18 313 151 25 60
689 19 339 155 21 59
689 20 354 78 20 52
689 21 371 23 16 36
689 22 394 22 13 36
689 23 285 -1 14 34
689 32 375 -3 11 27
689 33 382 -6 10 26
690 1 439 -23 12 29
690 3 419 20 14 34
690 4 443 20 15 41
690 5 417 37 15 42
690 6 421 57 20 44
690 7 380 114 23 56
690 8 407 115 21 51
690 15 38 316 39 84
690 16 71 319 35 76
690 17 281 151 27 66
690 18 312 152 25 60
690 19 339 155 21 60
690 20 354 78 20 53
690 21 371 23 16 36
690 22 394 22 13 36
690 23 285 -1 14 34
690 32 374 -3 11 27
690 33 382 -6 10 26
691 1 439 -23 12 29
691 3 419 20 14 34
691 4 443 20 15 41
691 5 417 37 15 42
691 6 421 57 19 44
691 7 381 113 23 56
691 8 407 114 22 53
691 15 37 317 38 87
691 16 70 321 35 82
691 17 281 152 27 65
691 18 312 153 25 60
691 19 339 155 21 61
691 20 354 79 18 51
691 21 371 23 16 36
691 22 394 22 13 38
691 23 285 -1 14 33
691 32 374 -3 11 27
691 33 382 -5 10 26
692 1 439 -23 12 29
692 3 419 19 14 34
692 4 443 20 15 41
692 5 417 37 15 42
692 6 421 56 20 44
692 7 381 112 23 56
692 8 407 114 22 53
692 15 36 318 38 87
692 16 69 324 35 82
692 17 280 153 28 66
692 18 312 154 25 60
692 19 339 156 21 61
692 20 354 79 18 51
692 21 371 23 16 36
692 22 394 22 13 38
692 23 285 0 14 33
692 32 374 -3 11 27
692 33 382 -5 10 26
693 1 439 -23 13 28
693 3 419 19 14 33
693 4 443 19 15 41
693 5 417 36 15 42
693 6 421 55 19 44
693 7 381 111 24 58
693 8 407 114 22 52
693 15 35 320 38 87
693 16 68 326 35 82
693 17 281 154 26 63
693 18 311 154 25 61
693 19 339 156 21 60
693 20 354 80 18 51
693 21 371 23 16 36
693 22 394 22 13 38
693 23 285 0 14 33
693 32 374 -3 11 27
693 33 382 -5 10 26
694 1 439 -23 13 28
694 3 419 19 14 33
694 4 443 19 15 41
694 5 417 36 15 42
694 6 421 55 19 43
694 7 382 111 23 55
694 8 407 113 22 54
694 15 31 321 40 91
694 16 68 327 34 80
694 17 280 155 26 64
694 18 311 154 25 61
694 19 339 157 20 58
694 20 354 81 17 50
694 21 371 23 16 36
694 22 394 22 13 38
694 23 285 0 14 33
694 32 374 -3 11 27
694 33 382 -5 10 26
695 1 439 -23 13 28
695 3 419 19 14 33
695 4 443 19 15 41
695 5 417 36 15 42
695 6 421 55 19 43
695 7 381 110 24 57
695 8 407 113 22 53
695 15 33 322 39 87
695 16 67 327 35 81
695 17 279 155 29 66
695 18 311 154 25 61
695 19 338 156 22 63
695 20 354 81 17 50
695 21 371 23 16 36
695 22 394 22 13 38
695 23 285 0 14 33
695 32 374 -3 11 27
695 33 382 -5 10 26
696 1 439 -23 13 28
696 3 419 19 14 34
696 4 443 19 15 41
696 5 417 36 15 42
696 6 421 55 20 45
696 7 381 109 24 58
696 8 407 113 22 52
696 15 30 323 41 92
696 16 66 328 34 83
696 17 278 155 29 67
696 18 311 155 25 61
696 19 339 156 21 62
696 20 354 81 17 49
696 21 371 23 16 36
696 22 393 22 13 38
696 23 285 0 14 33
696 32 374 -3 11 27
696 33 382 -5 10 26
697 1 439 -23 11 28
697 3 419 19 14 34
697 4 443 19 15 41
697 5 417 37 15 42
697 6 420 55 20 45
697 7 382 109 23 57
697 8 407 113 22 52
697 15 29 324 39 91
697 16 66 330 33 80
697 17 278 156 29 67
697 18 311 155 25 61
697 19 339 157 21 61
697 20 353 82 17 49
697 21 371 23 16 36
697 22 393 23 13 38
697 23 285 0 14 33
697 32 374 -3 11 27
697 33 382 -5 10 26
698 1 439 -23 11 28
698 3 419 19 14 34
698 4 443 19 15 41
698 5 417 37 15 42
698 6 421 55 20 44
698 7 381 109 23 56
698 8 409 113 20 48
698 15 29 325 39 90
698 16 62 330 38 84
698 17 277 156 29 67
698 18 310 156 25 62
698 19 339 158 21 61
698 20 353 82 18 51
698 21 371 23 16 36
698 22 393 23 14 37
698 23 285 0 14 33
698 32 374 -3 11 27
698 33 382 -5 10 26
699 1 439 -23 11 28
699 3 419 19 14 34
699 4 443 19 15 41
699 5 417 37 15 42
699 6 421 55 20 44
699 7 382 109 23 56
699 8 409 112 20 48
699 15 28 326 41 90
699 16 61 331 38 83
699 17 277 156 29 67
699 18 310 156 25 62
699 19 339 159 21 60
699 20 352 83 18 52
699 21 371 24 16 36
699 22 393 23 14 37
699 23 285 0 14 33
699 32 374 -3 11 27
699 33 382 -5 10 26
700 1 439 -23 11 28
700 3 419 19 14 34
700 4 443 19 15 41
700 5 417 37 15 42
700 6 421 55 20 45
700 7 383 109 23 56
700 8 409 112 20 49
700 15 27 328 41 88
700 16 61 332 35 83
700 17 276 156 29 67
700 18 310 156 25 62
700 19 339 160 21 60
700 20 352 83 18 51
700 21 371 24 16 36
700 22 393 23 14 37
700 23 285 0 14 34
700 32 374 -3 11 27
700 33 382 -5 10 26
701 1 439 -23 11 28
701 3 419 19 14 34
701 4 443 19 15 41
701 5 417 37 15 42
701 6 421 55 20 44
701 7 382 109 23 56
701 8 409 111 20 49
701 15 27 328 41 88
701 16 59 332 37 83
701 17 276 156 29 67
701 18 310 156 25 62
701 19 339 160 21 60
701 20 352 83 18 52
701 21 371 24 16 36
701 22 393 23 14 37
701 23 285 0 14 34
701 32 374 -3 11 27
701 33 382 -5 10 26
702 1 440 -23 12 28
702 3 419 19 14 34
702 4 443 19 15 41
702 5 417 37 15 42
702 6 421 54 20 44
702 7 383 109 23 55
702 8 409 111 20 49
702 15 23 329 42 90
702 16 59 333 37 82
702 17 276 156 29 68
702 18 310 156 26 62
702 19 338 161 21 60
702 20 351 83 19 52
702 21 371 24 16 36
702 22 392 23 14 37
702 23 285 0 14 33
702 32 374 -3 11 27
702 33 380 -5 10 26
703 1 440 -23 12 26
703 3 419 19 14 34
703 4 443 18 15 40
703 5 417 37 15 42
703 6 421 54 19 44
703 7 384 108 21 56
703 8 409 110 21 50
703 15 22 330 42 89
703 16 58 334 32 83
703 17 276 157 29 67
703 18 309 157 25 62
703 19 338 161 21 60
703 20 351 83 19 52
703 21 371 24 16 36
703 22 392 23 14 37
703 23 285 0 14 34
703 32 373 -3 11 27
703 33 380 -5 10 26
704 1 440 -23 12 28
704 3 419 19 14 34
704 4 443 18 15 40
704 5 417 37 15 42
704 6 421 54 18 42
704 7 384 107 21 56
704 8 410 110 20 49
704 15 22 332 41 89
704 16 57 335 32 79
704 17 276 157 29 68
704 18 309 157 25 62
704 19 338 162 21 60
704 20 351 83 19 53
704 21 371 24 16 36
704 22 392 23 14 38
704 23 285 0 14 34
704 32 373 -3 11 27
704 33 380 -5 10 26
705 1 440 -23 12 28
705 3 419 19 14 34
705 4 443 18 15 40
705 5 417 37 15 42
705 6 421 53 19 42
705 7 385 107 21 56
705 8 410 109 20 48
705 15 21 333 41 85
705 16 55 337 34 84
705 17 275 157 29 68
705 18 309 158 25 61
705 19 338 163 20 58
705 20 351 83 19 53
705 21 371 24 16 36
705 22 391 23 15 38
705 23 285 0 14 35
705 32 373 -3 11 27
705 33 380 -5 10 26
706 1 440 -23 12 28
706 3 420 17 14 35
706 4 443 18 15 40
706 5 417 37 15 42
706 6 421 53 19 42
706 7 386 106 21 55
706 8 409 109 21 51
706 15 20 335 39 85
706 16 55 339 34 84
706 17 275 157 30 71
706 18 310 159 24 60
706 19 338 162 20 59
706 20 351 83 19 53
706 21 371 24 16 36
706 22 392 23 14 38
706 23 285 0 14 35
706 32 373 -3 11 27
706 33 380 -5 10 26
707 1 440 -23 12 28
707 3 420 17 14 35
707 4 443 18 15 40
707 5 417 37 15 42
707 6 421 53 19 42
707 7 385 106 21 57
707 8 410 109 19 47
707 15 20 335 40 89
707 16 55 339 34 84
707 17 275 158 30 70
707 18 309 159 25 62
707 19 338 162 21 61
707 20 351 83 19 53
707 21 371 24 16 36
707 22 392 23 14 38
707 23 285 0 14 35
707 32 373 -3 11 27
707 33 380 -5 10 26
708 1 440 -23 12 28
708 3 420 17 14 35
708 4 443 18 15 40
708 5 417 36 15 42
708 6 421 52 19 43
708 7 386 106 20 53
708 8 410 109 21 50
708 15 19 337 40 88
708 16 54 342 34 84
708 17 276 158 29 68
708 18 308 159 25 62
708 19 337 162 21 61
708 20 351 84 18 52
708 21 371 24 16 36
708 22 392 23 14 37
708 23 285 0 14 35
708 32 373 -3 11 27
708 33 380 -5 10 26
709 1 440 -23 12 28
709 3 420 17 14 35
709 4 444 18 15 40
709 5 417 35 15 42
709 6 421 51 19 43
709 7 386 105 21 56
709 8 409 108 21 51
709 15 17 338 40 95
709 16 53 344 35 85
709 17 275 159 30 70
709 18 308 160 25 62
709 19 337 162 21 61
709 20 350 84 18 52
709 21 371 24 16 36
709 22 392 23 14 37
709 23 285 0 14 34
709 32 373 -3 11 27
709 33 380 -5 10 26
710 1 440 -23 12 28
710 3 420 16 15 35
710 4 444 17 15 40
710 5 417 35 15 42
710 6 421 51 19 43
710 7 387 104 21 56
710 8 409 108 21 51
710 15 16 340 39 95
710 16 53 346 35 85
710 17 276 160 30 69
710 18 308 161 26 62
710 19 337 163 21 60
710 20 350 85 18 52
710 21 371 24 16 36
710 22 392 25 14 36
710 23 285 0 14 34
710 32 373 -3 11 27
710 33 380 -5 10 26
711 1 440 -23 12 26
711 3 420 16 15 35
711 4 444 17 15 40
711 5 417 35 15 42
711 6 421 51 19 43
711 7 387 103 21 56
711 8 411 108 19 46
711 15 16 342 39 95
711 16 52 347 34 85
711 17 275 161 30 69
711 18 306 161 25 63
711 19 337 163 21 62
711 20 350 85 18 52
711 21 371 24 16 36
711 22 390 25 15 36
711 23 285 0 14 34
711 32 373 -3 11 27
711 33 380 -5 10 26
712 1 440 -23 12 26
712 3 420 16 15 35
712 4 444 17 15 40
712 5 417 35 15 42
712 6 421 51 19 44
712 7 387 103 21 56
712 8 411 108 19 46
712 15 13 344 40 96
712 16 52 349 34 85
712 17 275 162 29 68
712 18 307 161 26 63
712 19 336 163 22 63
712 20 350 86 18 52
712 21 371 24 16 36
712 22 390 25 15 36
712 23 285 0 14 34
712 32 373 -3 11 27
712 33 380 -4 9 26
713 1 440 -23 12 26
713 3 420 16 15 35
713 4 444 17 15 40
713 5 417 35 15 42
713 6 421 51 19 44
713 7 387 103 21 56
713 8 411 108 19 46
713 15 13 344 40 96
713 16 52 349 34 85
713 17 275 162 29 68
713 18 307 161 26 63
713 19 336 163 21 62
713 20 350 86 18 52
713 21 371 25 16 36
713 22 390 25 15 36
713 23 285 0 14 34
713 32 373 -3 11 27
713 33 380 -4 9 26
714 1 440 -23 12 26
714 3 420 16 14 36
714 4 444 16 15 40
714 5 417 35 15 42
714 6 421 51 19 44
714 7 385 102 23 60
714 8 411 107 19 45
714 15 13 346 39 95
714 16 52 350 33 84
714 17 276 162 29 68
714 18 306 162 25 63
714 19 336 164 21 60
714 20 350 86 18 52
714 21 371 25 16 36
714 22 390 25 15 37
714 23 285 0 14 34
714 32 373 -3 11 27
714 33 380 -4 9 26
715 1 440 -23 12 26
715 3 420 15 15 36
715 4 444 16 15 40
715 5 417 35 15 42
715 6 421 51 19 43
715 7 387 102 21 56
715 8 411 106 19 46
715 15 11 346 39 97
715 16 51 351 35 86
715 17 275 162 29 68
715 18 306 162 25 63
715 19 336 164 21 60
715 20 350 87 18 52
715 21 371 25 16 36
715 22 389 26 16 38
715 23 285 0 14 34
715 32 373 -3 11 27
715 33 380 -4 9 26
716 1 440 -23 12 26
716 3 420 15 15 36
716 4 444 16 15 40
716 5 417 35 15 42
716 6 421 51 20 45
716 7 388 102 21 56
716 8 411 105 19 47
716 15 12 348 38 93
716 16 51 352 35 85
716 17 275 163 29 68
716 18 305 162 25 63
716 19 336 165 21 61
716 20 350 87 19 53
716 21 371 26 16 36
716 22 389 26 16 38
716 23 285 0 14 35
716 32 373 -3 11 27
716 33 380 -4 9 26
717 1 440 -23 12 26
717 3 420 15 15 34
717 4 444 16 15 40
717 5 417 34 15 42
717 6 421 50 20 45
717 7 388 102 21 56
717 8 411 105 19 47
717 15 9 349 40 98
717 16 48 353 36 86
717 17 275 163 30 68
717 18 305 162 25 64
717 19 335 166 21 62
717 20 350 87 18 52
717 21 372 26 16 36
717 22 388 26 16 38
717 23 285 0 14 35
717 32 373 -3 11 27
717 33 380 -4 9 26
718 1 440 -24 12 26
718 3 420 15 15 34
718 4 444 16 15 40
718 5 417 34 15 42
718 6 421 50 20 45
718 7 388 102 21 55
718 8 411 103 19 47
718 15 7 350 40 99
718 16 49 355 35 78
718 17 275 163 29 68
718 18 305 163 25 64
718 19 335 167 21 62
718 20 349 87 19 53
718 21 372 26 16 36
718 22 389 26 16 38
718 23 285 0 15 35
718 32 373 -3 11 27
718 33 380 -4 9 26
719 1 440 -24 12 26
719 3 420 15 15 34
719 4 444 16 15 40
719 5 417 34 15 42
719 6 421 50 20 45
719 7 388 102 21 55
719 8 411 103 19 47
719 15 7 350 40 99
719 16 49 355 35 82
719 17 275 163 30 68
719 18 305 163 25 64
719 19 335 167 21 62
719 20 349 87 19 53
719 21 372 26 16 36
719 22 389 26 15 37
719 23 285 0 15 35
719 32 373 -3 11 27
719 33 380 -4 9 26
720 1 441 -24 12 26
720 3 421 15 15 34
720 4 444 16 15 40
720 5 417 33 15 42
720 6 421 49 20 45
720 7 386 101 22 59
720 8 411 103 20 47
720 15 7 351 40 99
720 16 48 356 35 82
720 17 275 163 30 69
720 18 305 163 25 64
720 19 335 167 21 62
720 20 349 87 19 53
720 21 372 26 16 36
720 22 388 25 16 39
720 23 285 0 15 35
720 32 373 -3 11 27
720 33 380 -4 9 26
721 1 441 -24 12 26
721 3 421 15 15 34
721 4 444 16 15 40
721 5 417 33 15 42
721 6 421 48 20 46
721 7 388 101 21 56
721 8 411 103 19 47
721 15 5 352 40 100
721 16 42 359 40 80
721 17 275 163 30 69
721 18 305 163 25 64
721 19 337 169 19 56
721 20 350 88 18 50
721 21 372 26 16 36
721 22 388 25 16 39
721 23 285 0 15 35
721 32 373 -3 11 27
721 33 380 -4 9 26
722 1 441 -24 12 26
722 3 421 15 15 34
722 4 444 16 15 40
722 5 417 32 15 42
722 6 422 48 20 44
722 7 388 100 20 54
722 8 411 102 19 47
722 15 3 355 45 90
722 16 40 361 46 88
722 17 275 163 30 69
722 18 305 164 25 63
722 19 335 168 21 62
722 20 350 88 18 50
722 21 372 26 16 36
722 22 388 26 16 37
722 23 285 1 15 35
722 32 373 -3 11 27
722 33 380 -4 9 26
723 1 441 -24 12 26
723 3 420 15 15 33
723 4 444 16 15 40
723 5 417 32 15 42
723 6 422 48 19 44
723 7 388 99 20 54
723 8 411 102 19 47
723 15 0 357 46 92
723 16 39 362 45 88
723 17 275 164 30 68
723 18 304 164 25 64
723 19 335 169 21 62
723 20 349 88 18 52
723 21 372 26 16 36
723 22 388 26 16 38
723 23 285 1 14 35
723 32 373 -3 11 27
723 33 380 -4 9 26
724 1 441 -24 12 26
724 3 421 15 15 33
724 4 444 15 15 40
724 5 417 31 15 42
724 6 422 47 19 42
724 7 388 99 20 54
724 8 412 102 19 46
724 15 0 359 45 91
724 16 38 365 42 89
724 17 275 164 29 68
724 18 304 165 25 64
724 19 334 169 22 63
724 20 349 88 19 53
724 21 372 26 16 36
724 22 387 26 16 38
724 23 285 1 14 35
724 32 373 -3 11 27
724 33 380 -4 9 26
725 1 441 -24 12 26
725 3 421 15 15 33
725 4 444 15 15 40
725 5 417 31 15 42
725 6 422 47 19 42
725 7 388 99 20 53
725 8 412 102 19 46
725 15 0 359 45 96
725 16 38 365 42 89
725 17 275 165 29 68
725 18 304 165 25 63
725 19 334 169 22 62
725 20 349 88 19 53
725 21 372 26 16 36
725 22 387 26 16 38
725 23 285 1 14 35
725 32 373 -1 11 26
725 33 380 -4 9 26
726 1 441 -24 12 26
726 3 421 14 15 33
726 4 444 16 15 38
726 5 417 31 15 42
726 6 422 47 19 42
726 7 388 98 20 54
726 8 412 101 19 46
726 15 0 361 43 97
726 16 37 367 42 89
726 17 275 165 30 68
726 18 304 166 25 64
726 19 334 169 22 63
726 20 348 89 19 52
726 21 372 26 16 36
726 22 387 27 16 38
726 23 285 1 14 35
726 32 373 -1 11 26
726 33 380 -4 9 26
727 1 441 -24 12 25
727 3 421 14 15 34
727 4 444 16 15 38
727 5 417 31 15 42
727 6 422 47 21 47
727 7 388 96 20 55
727 8 412 101 19 46
727 15 -2 363 44 98
727 16 34 368 42 91
727 17 275 166 29 68
727 18 304 167 25 64
727 19 334 169 22 63
727 20 348 89 19 53
727 21 372 26 16 36
727 22 387 27 16 38
727 23 285 1 14 35
727 32 373 -1 11 26
727 33 380 -4 9 26
728 1 441 -24 12 25
728 3 421 14 15 34
728 4 444 16 15 38
728 5 417 31 15 42
728 6 422 47 21 47
728 7 390 96 21 55
728 8 412 100 19 46
728 15 -4 364 47 99
728 16 33 369 46 91
728 17 275 166 30 69
728 18 304 167 25 64
728 19 334 169 22 63
728 20 348 90 19 51
728 21 372 27 16 36
728 22 387 27 16 38
728 23 285 1 14 35
728 32 373 -1 11 26
728 33 380 -4 9 26
729 1 441 -24 12 25
729 3 421 14 15 34
729 4 444 16 15 38
729 5 417 31 15 42
729 6 422 47 21 46
729 7 390 96 20 55
729 8 413 99 19 46
729 15 -5 366 47 99
729 16 32 371 46 90
729 17 274 167 30 70
729 18 304 167 25 64
729 19 334 170 22 63
729 20 348 91 18 50
729 21 372 28 16 36
729 22 386 28 16 38
729 23 285 1 14 35
729 32 373 -1 11 26
729 33 380 -4 9 26
730 1 442 -24 12 25
730 3 421 14 15 34
730 4 444 16 15 38
730 5 417 31 15 42
730 6 422 47 21 46
730 7 390 96 20 55
730 8 413 98 19 45
730 15 -6 368 46 98
730 16 32 372 43 89
730 17 275 168 30 70
730 18 304 168 25 64
730 19 333 170 22 65
730 20 348 91 18 50
730 21 372 28 16 36
730 22 386 28 16 38
730 23 285 1 14 35
730 32 373 -1 11 26
730 33 380 -4 9 26
731 1 442 -24 12 25
731 3 421 14 15 34
731 4 444 16 15 38
731 5 417 31 15 42
731 6 422 47 21 46
731 7 390 96 20 55
731 8 413 98 19 45
731 15 -8 367 48 102
731 16 32 372 43 89
731 17 275 168 30 69
731 18 304 168 25 64
731 19 333 170 22 65
731 20 348 91 18 50
731 21 372 28 16 36
731 22 386 28 16 38
731 23 285 1 14 35
731 32 373 -1 11 26
731 33 380 -4 9 26
732 1 442 -24 12 25
732 3 421 13 15 34
732 4 444 16 15 38
732 5 417 29 15 43
732 6 422 45 21 46
732 7 390 96 20 54
732 8 413 98 20 47
732 15 -9 368 49 103
732 16 31 373 43 90
732 17 274 168 30 70
732 18 304 168 25 65
732 19 333 170 23 65
732 20 348 91 18 51
732 21 372 28 16 36
732 22 386 28 16 38
732 23 285 1 14 35
732 32 373 -1 11 26
732 33 380 -4 9 26
733 1 442 -24 11 25
733 3 421 13 15 34
733 4 444 16 15 38
733 5 417 29 15 43
733 6 422 45 21 46
733 7 391 96 20 54
733 8 413 98 19 45
733 15 -11 369 48 105
733 16 30 374 38 84
733 17 274 169 30 70
733 18 304 168 26 65
733 19 333 171 22 65
733 20 348 92 18 49
733 21 372 28 16 36
733 22 386 29 15 37
733 23 285 1 14 35
733 32 373 -1 11 26
733 33 380 -4 9 26
734 1 442 -24 11 25
734 3 420 13 15 33
734 4 444 16 15 38
734 5 417 29 15 43
734 6 422 45 21 46
734 7 391 96 19 54
734 8 412 97 20 48
734 15 -13 370 49 105
734 16 28 375 39 87
734 17 273 169 30 70
734 18 304 168 26 65
734 19 333 172 22 63
734 20 348 92 18 50
734 21 372 29 16 36
734 22 386 28 16 38
734 23 285 1 15 35
734 32 373 -1 11 26
734 33 380 -4 9 26
735 1 442 -24 11 25
735 3 421 13 15 34
735 4 444 16 15 38
735 5 418 32 15 42
735 6 422 44 20 46
735 7 391 96 19 53
735 8 413 97 19 45
735 15 -18 373 49 105
735 16 27 377 39 88
735 17 275 169 28 70
735 18 303 168 26 65
735 19 333 173 22 63
735 20 348 92 18 49
735 21 372 29 16 36
735 22 386 28 16 39
735 23 285 1 15 35
735 32 373 -1 11 26
735 33 380 -4 9 26
736 1 442 -24 11 24
736 3 421 13 15 33
736 4 445 16 16 38
736 5 418 27 15 43
736 6 423 43 20 46
736 7 392 95 19 54
736 8 412 97 20 49
736 15 -19 375 48 104
736 16 27 379 39 87
736 17 275 169 28 70
736 18 304 169 25 64
736 19 333 174 21 62
736 20 348 92 18 49
736 21 371 29 16 36
736 22 385 28 16 39
736 23 285 1 15 36
736 32 373 -1 11 26
736 33 380 -4 9 26
737 1 442 -24 11 24
737 3 421 13 15 33
737 4 445 16 16 38
737 5 418 27 15 43
737 6 423 43 20 46
737 7 392 95 19 54
737 8 412 97 20 48
737 15 -19 375 44 105
737 16 26 378 39 93
737 17 275 169 28 70
737 18 304 169 25 64
737 19 333 174 21 62
737 20 348 92 18 49
737 21 370 26 16 40
737 22 385 28 16 39
737 23 285 1 15 36
737 32 373 -1 11 26
737 33 380 -4 9 26
738 1 442 -24 11 24
738 3 421 13 15 33
738 4 445 16 16 38
738 5 418 27 15 43
738 6 422 43 20 46
738 7 392 94 20 54
738 8 413 96 20 47
738 15 -20 377 42 104
738 16 25 380 36 93
738 17 275 169 28 70
738 18 303 169 26 65
738 19 332 174 21 61
738 20 347 91 19 54
738 21 370 26 16 40
738 22 385 28 16 39
738 23 283 1 16 35
738 32 373 -1 11 26
738 33 380 -4 9 26
739 1 442 -24 11 24
739 3 422 13 15 34
739 4 445 15 16 38
739 5 418 27 15 43
739 6 423 42 20 45
739 7 392 93 20 54
739 8 413 96 19 47
739 15 -23 378 44 108
739 16 25 383 35 91
739 17 274 170 28 70
739 18 303 170 25 65
739 19 332 176 21 60
739 20 348 92 18 50
739 21 370 26 16 40
739 22 385 28 16 38
739 23 285 2 15 35
739 32 373 -1 11 26
739 33 380 -4 9 26
740 1 442 -24 11 24
740 3 422 13 15 34
740 4 445 15 16 38
740 5 418 27 15 43
740 6 423 42 20 45
740 7 392 92 20 56
740 8 413 96 19 47
740 15 -22 380 41 109
740 16 23 385 36 92
740 17 274 169 29 73
740 18 303 171 26 65
740 19 331 174 23 66
740 20 348 91 19 54
740 21 370 26 16 40
740 22 385 28 16 39
740 23 284 2 15 35
740 32 373 -1 11 26
740 33 380 -4 9 26
741 1 442 -24 11 24
741 3 422 11 16 36
741 4 445 15 16 38
741 5 418 26 16 43
741 6 423 42 19 43
741 7 393 92 19 54
741 8 413 95 18 44
741 15 -22 384 40 106
741 16 21 386 36 94
741 17 273 170 28 71
741 18 303 171 25 65
741 19 331 176 21 62
741 20 348 92 19 52
741 21 370 26 16 40
741 22 386 29 16 38
741 23 284 2 15 35
741 32 373 -1 11 26
741 33 380 -4 9 26
742 1 442 -24 11 24
742 3 422 11 16 36
742 4 445 14 16 38
742 5 418 26 15 43
742 6 423 42 19 43
742 7 393 91 19 54
742 8 413 95 18 45
742 15 -26 384 42 112
742 16 20 387 38 96
742 17 273 170 29 72
742 18 303 172 26 65
742 19 330 175 23 67
742 20 348 92 19 53
742 21 370 27 16 40
742 22 386 29 16 37
742 23 284 2 15 35
742 32 373 -1 11 26
742 33 380 -4 9 26
743 1 442 -24 11 24
743 3 422 11 16 36
743 4 445 14 16 38
743 5 418 26 15 43
743 6 423 42 19 43
743 7 393 91 19 53
743 8 413 95 18 45
743 15 -26 384 43 113
743 16 20 387 38 96
743 17 273 170 29 71
743 18 303 172 26 65
743 19 330 175 23 67
743 20 348 92 19 53
743 21 370 27 16 40
743 22 385 29 16 38
743 23 284 2 15 35
743 32 373 -1 11 26
743 33 380 -4 9 26
744 1 443 -24 11 24
744 3 422 11 16 36
744 4 445 14 16 38
744 5 418 26 15 43
744 6 423 42 19 43
744 7 393 91 19 54
744 8 413 94 18 45
744 15 -27 388 41 111
744 16 16 389 41 95
744 17 273 171 28 71
744 18 303 173 26 65
744 19 329 175 23 68
744 20 348 92 19 53
744 21 370 27 16 40
744 22 385 29 16 39
744 23 284 2 15 35
744 32 373 -1 11 26
744 33 380 -4 9 26
745 1 443 -24 11 24
745 3 422 10 16 36
745 4 445 14 16 38
745 5 418 26 15 43
745 6 423 42 19 42
745 7 394 91 20 54
745 8 413 94 18 45
745 15 -29 390 41 110
745 16 15 390 41 95
745 17 273 172 28 71
745 18 301 174 26 67
745 19 330 176 22 64
745 20 348 93 19 53
745 21 370 28 16 40
745 22 385 30 16 39
745 23 284 2 15 35
745 32 373 -1 11 26
745 33 380 -4 9 26
746 1 443 -24 11 24
746 3 422 10 16 37
746 4 445 14 16 38
746 5 418 26 15 43
746 6 423 42 19 42
746 7 392 90 20 56
746 8 413 93 18 46
746 15 -29 393 39 108
746 16 14 393 46 88
746 17 273 172 29 71
746 18 302 174 26 66
746 19 329 175 24 69
746 20 348 93 19 53
746 21 369 28 16 40
746 22 385 30 17 40
746 23 284 2 15 35
746 32 373 -1 11 26
746 33 380 -4 9 26
747 1 443 -24 11 24
747 3 422 10 16 36
747 4 445 14 16 38
747 5 418 26 15 43
747 6 424 42 19 42
747 7 394 91 19 54
747 8 413 93 18 46
747 15 -29 395 39 106
747 16 12 394 47 90
747 17 273 173 28 71
747 18 302 175 26 66
747 19 329 176 23 67
747 20 348 94 19 52
747 21 369 28 16 40
747 22 385 30 17 40
747 23 284 2 15 36
747 32 373 -1 11 26
747 33 380 -4 9 26
748 1 443 -24 11 24
748 3 422 10 16 36
748 4 445 14 16 38
748 5 418 26 15 43
748 6 424 41 19 42
748 7 394 91 19 53
748 8 413 93 18 46
748 15 -29 397 38 104
748 16 10 395 48 92
748 17 272 174 29 72
748 18 301 175 26 67
748 19 328 176 23 68
748 20 349 95 18 51
748 21 369 28 16 40
748 22 385 30 17 40
748 23 284 2 15 36
748 32 373 -1 11 26
748 33 380 -4 9 26
749 1 443 -24 11 24
749 3 422 10 16 36
749 4 445 14 16 38
749 5 418 26 15 43
749 6 424 41 19 42
749 7 394 91 19 53
749 8 413 93 18 46
749 15 -29 397 38 104
749 16 10 396 46 90
749 17 272 174 29 72
749 18 302 175 26 66
749 19 328 176 23 68
749 20 349 95 18 51
749 21 369 28 16 40
749 22 385 30 17 40
749 23 284 2 15 36
749 32 373 -1 11 26
749 33 380 -4 9 26
750 1 443 -24 11 24
750 3 423 10 16 36
750 4 445 14 16 38
750 5 419 26 15 43
750 6 424 41 19 42
750 7 394 91 18 50
750 8 413 93 18 46
750 15 -31 399 38 103
750 16 8 398 49 94
750 17 273 175 29 72
750 18 302 175 26 66
750 19 328 177 23 68
750 20 349 95 19 52
750 21 369 28 16 40
750 22 385 30 17 40
750 23 284 2 15 36
750 32 373 -1 11 26
750 33 380 -4 9 26
751 1 443 -24 11 24
751 3 423 10 16 35
751 4 445 14 16 38
751 5 420 25 14 43
751 6 424 40 19 43
751 7 394 90 19 53
751 8 413 93 18 45
751 15 -31 401 37 102
751 16 4 401 52 97
751 17 273 176 29 72
751 18 301 175 26 67
751 19 328 178 23 67
751 20 349 96 18 51
751 21 369 29 16 40
751 22 384 30 17 40
751 23 284 2 15 36
751 32 373 -1 11 26
751 33 380 -4 9 26
752 1 443 -24 11 24
752 3 422 10 16 35
752 4 445 14 16 38
752 5 420 25 14 43
752 6 424 40 19 43
752 7 394 89 19 52
752 8 414 92 18 45
752 15 -32 402 30 102
752 16 0 403 56 99
752 17 272 177 29 72
752 18 301 175 26 67
752 19 328 179 23 66
752 20 349 96 18 50
752 21 368 29 16 40
752 22 384 30 17 41
752 23 284 2 15 36
752 32 373 -1 11 26
752 33 380 -4 9 26
753 1 443 -24 11 24
753 3 423 11 15 35
753 4 445 14 16 38
753 5 420 25 14 43
753 6 424 39 19 42
753 7 394 89 18 50
753 8 414 92 18 45
753 15 -26 402 21 107
753 16 -3 406 59 97
753 17 273 177 29 72
753 18 301 176 26 67
753 19 327 179 24 69
753 20 350 96 18 50
753 21 368 29 16 40
753 22 384 30 17 40
753 23 284 3 15 36
753 32 373 -1 11 26
753 33 380 -4 9 26
754 1 443 -24 11 24
754 3 423 11 15 34
754 4 445 14 16 38
754 5 420 24 14 42
754 6 424 39 20 45
754 7 394 88 19 51
754 8 414 91 18 45
754 15 -23 404 15 108
754 16 -7 408 56 97
754 17 273 177 29 72
754 18 301 176 26 67
754 19 327 180 24 69
754 20 350 96 18 51
754 21 368 29 16 40
754 22 384 30 17 40
754 23 284 3 15 36
754 32 373 -1 11 26
754 33 380 -4 9 26
755 1 443 -24 11 24
755 3 423 11 15 34
755 4 444 10 16 39
755 5 420 24 14 42
755 6 424 39 19 44
755 7 394 88 19 52
755 8 414 91 18 45
755 15 -23 404 15 108
755 16 -4 408 58 99
755 17 273 177 29 72
755 18 301 176 26 67
755 19 327 180 24 69
755 20 350 96 18 51
755 21 368 29 16 40
755 22 385 30 16 39
755 23 284 3 15 36
755 32 373 -1 11 26
755 33 380 -4 9 26
756 1 443 -24 11 24
756 3 423 11 15 34
756 4 444 10 16 39
756 5 420 24 14 42
756 6 424 39 20 44
756 7 394 87 20 51
756 8 414 91 18 44
756 15 -25 406 15 107
756 16 -5 410 58 95
756 17 273 178 29 72
756 18 301 177 26 67
756 19 327 181 24 69
756 20 349 95 20 55
756 21 368 29 16 40
756 22 384 31 17 40
756 23 284 3 15 36
756 32 373 -1 11 26
756 33 380 -3 9 26
757 1 443 -24 11 24
757 3 423 11 15 33
757 4 444 10 16 39
757 5 420 24 14 42
757 6 424 39 19 44
757 7 394 86 20 52
757 8 415 90 18 44
757 16 -8 411 58 100
757 17 272 178 29 72
757 18 301 178 26 67
757 19 327 181 24 70
757 20 349 95 20 55
757 21 368 29 16 40
757 22 384 31 16 39
757 23 284 3 15 36
757 32 373 -1 11 26
757 33 380 -3 9 26
758 1 444 -26 11 26
758 3 423 10 15 34
758 4 444 10 16 39
758 5 420 24 14 42
758 6 425 39 20 46
758 7 394 86 20 52
758 8 415 89 18 45
758 16 -7 414 57 92
758 17 271 178 29 73
758 18 300 179 26 67
758 19 327 182 24 70
758 20 349 96 20 55
758 21 368 29 16 40
758 22 384 31 16 39
758 23 284 3 15 36
758 32 373 -1 11 26
758 33 380 -3 9 26
759 1 443 -25 11 25
759 3 422 10 15 34
759 4 444 10 16 39
759 5 411 20 15 42
759 6 424 39 19 44
759 7 394 85 20 52
759 8 415 89 18 45
759 16 -8 416 54 92
759 17 271 179 29 73
759 18 300 180 26 67
759 19 327 182 24 70
759 20 349 96 20 55
759 21 367 30 16 40
759 22 383 32 17 41
759 23 284 4 15 36
759 32 373 -1 11 26
759 33 380 -3 9 26
760 1 443 -24 11 24
760 3 422 10 15 34
760 4 444 10 16 39
760 5 411 20 15 42
760 6 425 39 20 45
760 7 394 85 20 52
760 8 415 89 18 44
760 16 -15 417 59 91
760 17 271 179 29 73
760 18 300 180 27 68
760 19 327 183 24 70
760 20 349 96 20 54
760 21 367 30 16 40
760 22 383 32 17 41
760 23 284 4 15 36
760 32 373 -1 11 26
760 33 380 -3 9 26
761 1 443 -24 11 24
761 3 422 10 15 35
761 4 444 10 16 39
761 5 411 20 15 42
761 6 425 39 19 44
761 7 394 85 20 52
761 8 415 89 18 44
761 16 -15 417 56 91
761 17 271 179 29 73
761 18 300 180 27 68
761 19 327 183 24 70
761 20 349 96 20 54
761 21 367 30 16 40
761 22 384 32 16 39
761 23 284 4 15 36
761 32 373 -1 11 26
761 33 380 -3 9 26
762 1 443 -24 11 24
762 3 422 9 15 35
762 4 444 10 16 39
762 5 411 20 15 42
762 6 425 39 20 44
762 7 395 85 20 51
762 8 415 89 18 44
762 16 -14 420 48 90
762 17 271 180 29 73
762 18 300 181 27 68
762 19 327 183 24 68
762 20 350 97 19 53
762 21 366 31 16 41
762 22 383 32 17 41
762 23 284 4 15 36
762 32 373 -1 11 26
762 33 380 -3 9 26
763 1 443 -24 11 24
763 3 422 9 15 35
763 4 444 10 16 39
763 5 411 20 15 42
763 6 425 39 18 42
763 7 395 85 20 51
763 8 415 88 18 46
763 16 -19 422 51 92
763 17 270 180 29 73
763 18 300 181 27 69
763 19 327 183 24 68
763 20 350 98 19 52
763 21 366 31 16 41
763 22 384 32 16 39
763 23 284 4 15 36
763 32 373 -1 11 26
763 33 380 -3 9 26
764 1 443 -24 11 24
764 3 422 9 15 34
764 4 444 10 16 39
764 5 411 20 15 42
764 6 425 38 18 41
764 7 395 85 20 51
764 8 415 88 18 44
764 16 -20 425 50 93
764 17 269 181 30 75
764 18 300 181 27 69
764 19 327 183 24 69
764 20 350 99 19 52
764 21 366 31 16 41
764 22 382 32 17 41
764 23 284 3 15 36
764 32 373 0 11 26
764 33 380 -3 9 26
765 1 443 -25 11 25
765 3 422 10 15 34
765 4 444 10 16 39
765 5 411 20 15 42
765 6 425 38 18 41
765 7 395 85 20 51
765 8 415 88 17 43
765 16 -21 428 48 94
765 17 269 182 30 75
765 18 300 182 27 69
765 19 327 184 24 68
765 20 350 100 18 51
765 21 366 32 16 41
765 22 382 32 17 41
765 23 284 3 15 37
765 32 373 0 11 26
765 33 380 -3 9 26
766 1 444 -26 11 25
766 3 421 9 16 36
766 4 444 10 16 39
766 5 411 20 15 42
766 6 425 37 18 41
766 7 396 84 20 51
766 8 415 88 17 43
766 16 -22 431 48 94
766 17 269 183 30 74
766 18 300 182 27 69
766 19 327 185 23 67
766 20 350 100 19 52
766 21 366 32 16 41
766 22 382 32 17 42
766 23 284 3 15 37
766 32 373 0 11 26
766 33 380 -3 9 26
766 34 501 -11 13 24
767 1 444 -26 11 25
767 3 423 10 15 33
767 4 444 10 16 39
767 5 411 20 15 42
767 6 425 37 18 42
767 7 396 84 20 51
767 8 415 88 17 43
767 16 -23 432 49 93
767 17 270 183 29 73
767 18 300 182 27 69
767 19 327 185 23 67
767 20 350 100 19 52
767 21 366 32 16 41
767 22 382 32 17 42
767 23 284 3 15 37
767 32 373 0 11 26
767 33 380 -3 9 26
767 34 501 -11 13 24
768 1 444 -26 11 25
768 3 422 9 16 36
768 4 444 10 16 39
768 5 411 20 15 42
768 6 425 37 18 42
768 7 396 84 20 51
768 8 415 87 17 43
768 16 -22 435 46 95
768 17 269 183 30 75
768 18 299 182 27 69
768 19 327 186 23 66
768 20 349 99 20 55
768 21 366 32 16 41
768 22 382 32 17 42
768 23 284 3 15 37
768 32 373 0 11 26
768 33 380 -3 9 26
768 34 501 -11 13 24
769 1 444 -26 11 25
769 3 422 9 16 36
769 4 444 10 16 39
769 5 411 20 15 42
769 6 426 36 17 42
769 7 396 83 20 50
769 8 415 87 17 43
769 16 -24 438 45 95
769 17 268 184 30 75
769 18 299 183 27 70
769 19 327 187 23 66
769 20 349 99 20 55
769 21 366 32 16 41
769 22 382 32 17 40
769 23 284 3 15 37
769 32 373 0 11 26
769 33 380 -3 9 26
769 34 501 -11 13 24
770 1 444 -26 11 25
770 3 421 9 16 36
770 4 444 9 16 39
770 5 411 20 15 42
770 6 426 36 17 42
770 7 397 83 20 50
770 8 415 86 17 43
770 16 -26 441 47 94
770 17 268 185 30 74
770 18 299 183 27 69
770 19 327 187 24 68
770 20 350 100 19 53
770 21 366 32 16 41
770 22 382 32 17 40
770 23 284 4 15 37
770 32 373 0 11 26
770 33 380 -3 9 26
770 34 501 -11 13 24
771 1 444 -26 11 25
771 3 421 9 16 36
771 4 444 9 16 39
771 5 411 19 15 42
771 6 426 36 17 42
771 7 396 82 20 52
771 8 415 86 17 43
771 16 -29 443 47 95
771 17 267 185 30 74
771 18 298 184 28 70
771 19 326 188 24 68
771 20 349 99 20 57
771 21 366 32 16 41
771 22 382 33 17 40
771 23 284 4 15 37
771 32 373 0 11 26
771 33 380 -3 9 26
771 34 501 -11 13 25
772 1 444 -26 11 25
772 3 422 9 16 37
772 4 444 9 16 39
772 5 411 19 15 42
772 6 426 36 17 41
772 7 398 82 19 49
772 8 415 85 17 43
772 16 -31 446 45 97
772 17 267 185 30 75
772 18 298 185 28 70
772 19 326 189 24 68
772 20 349 99 21 57
772 21 366 32 16 41
772 22 382 33 16 39
772 23 284 4 15 37
772 32 373 0 11 26
772 33 381 -3 10 26
772 34 501 -11 13 25
773 1 444 -26 11 25
773 3 422 9 16 36
773 4 444 9 16 39
773 5 411 19 15 42
773 6 426 36 17 40
773 7 398 81 19 50
773 8 415 85 17 43
773 16 -34 447 45 99
773 17 267 186 30 74
773 18 298 185 28 70
773 19 326 190 24 68
773 20 349 100 21 57
773 21 366 32 16 41
773 22 382 34 17 39
773 23 284 4 15 37
773 32 373 0 11 26
773 33 382 -3 10 26
773 34 503 -11 13 25
774 1 444 -26 11 25
774 3 422 9 16 36
774 4 444 9 16 39
774 5 411 18 15 42
774 6 426 36 17 40
774 7 398 81 20 50
774 8 415 85 17 44
774 16 -34 447 45 99
774 17 267 186 30 74
774 18 298 185 28 70
774 19 326 190 24 68
774 20 349 100 21 57
774 21 366 34 16 40
774 22 382 34 17 40
774 23 284 4 15 37
774 32 373 0 11 26
774 33 382 -3 10 26
774 34 503 -11 13 25
775 1 444 -24 11 24
775 3 422 8 15 34
775 4 445 9 16 39
775 5 411 18 15 42
775 6 426 36 17 40
775 7 398 81 19 50
775 8 415 84 17 44
775 16 -35 450 45 96
775 17 266 186 30 74
775 18 298 186 27 70
775 19 326 190 24 68
775 20 349 100 21 57
775 21 366 34 16 40
775 22 381 34 17 42
775 23 284 4 15 37
775 32 373 0 11 26
775 33 382 -3 10 26
775 34 503 -11 13 25
776 1 444 -24 11 24
776 3 422 8 16 36
776 4 445 8 16 39
776 5 411 18 15 42
776 6 427 36 17 40
776 7 398 81 19 50
776 8 415 84 17 44
776 16 -36 452 43 95
776 17 266 186 30 75
776 18 297 187 28 71
776 19 326 191 24 69
776 20 348 100 22 61
776 21 366 34 16 40
776 22 381 34 17 42
776 23 284 4 15 37
776 32 373 0 11 26
776 33 382 -3 10 26
776 34 503 -11 13 25
777 1 444 -26 10 25
777 3 424 8 15 33
777 4 445 8 16 39
777 5 411 18 15 42
777 6 427 36 17 40
777 7 399 80 19 50
777 8 415 84 17 43
777 16 -38 455 43 95
777 17 266 186 30 75
777 18 297 188 28 71
777 19 325 191 24 69
777 20 349 101 20 56
777 21 366 35 16 40
777 22 380 34 17 42
777 23 284 4 15 37
777 32 373 0 11 26
777 33 382 -3 10 26
777 34 503 -11 12 25
778 1 444 -26 10 25
778 3 422 8 16 37
778 4 445 8 16 39
778 5 411 18 15 42
778 6 427 36 17 40
778 7 399 80 20 50
778 8 415 84 17 43
778 16 -40 459 43 95
778 17 265 186 31 79
778 18 297 189 28 71
778 19 325 191 25 70
778 20 349 102 20 56
778 21 366 35 16 40
778 22 380 34 18 43
778 23 284 4 16 38
778 32 373 0 11 26
778 33 382 -3 10 26
778 34 503 -10 12 25
779 1 444 -26 10 25
779 3 422 8 16 37
779 4 445 8 16 39
779 5 411 18 15 42
779 6 427 35 17 41
779 7 399 80 19 50
779 8 415 83 18 44
779 16 -40 462 42 96
779 17 265 186 32 79
779 18 296 189 28 71
779 19 325 192 25 70
779 20 349 102 20 55
779 21 366 35 16 40
779 22 380 34 18 43
779 23 284 4 16 38
779 32 373 0 11 26
779 33 382 -3 10 26
779 34 503 -10 12 25
780 1 444 -26 10 25
780 3 422 8 16 37
780 4 445 8 16 39
780 5 411 18 15 42
780 6 427 35 17 41
780 7 399 80 19 50
780 8 415 84 17 42
780 16 -40 462 42 96
780 17 265 186 32 79
780 18 296 189 28 71
780 19 325 192 25 70
780 20 349 102 20 55
780 21 366 35 16 40
780 22 380 34 18 43
780 23 284 4 16 38
780 32 373 0 11 26
780 33 382 -3 10 26
780 34 503 -10 12 25
781 1 444 -26 10 25
781 3 422 8 16 36
781 4 445 8 16 39
781 5 411 18 15 42
781 6 427 34 17 41
781 7 399 80 20 51
781 8 415 83 17 43
781 16 -42 465 42 95
781 17 265 187 31 78
781 18 296 189 28 71
781 19 322 192 25 69
781 20 349 103 20 55
781 21 366 35 16 40
781 22 379 34 18 44
781 23 284 4 16 38
781 32 373 0 11 26
781 33 382 -3 10 26
781 34 503 -10 13 25
782 1 444 -26 10 25
782 3 422 8 15 36
782 4 445 8 16 39
782 5 411 18 15 42
782 6 427 34 17 40
782 7 399 80 19 50
782 8 415 82 17 44
782 16 -44 469 43 96
782 17 265 188 31 78
782 18 296 190 28 71
782 19 324 192 25 71
782 20 349 104 20 54
782 21 366 35 16 40
782 22 380 34 18 43
782 23 284 4 16 38
782 32 373 0 11 26
782 33 382 -3 10 26
782 34 504 -10 14 25
783 1 444 -26 10 25
783 3 422 8 15 36
783 4 445 8 16 39
783 5 411 18 15 42
783 6 426 32 18 44
783 7 399 79 19 50
783 8 415 82 17 43
783 16 -47 472 42 97
783 17 265 189 31 77
783 18 295 190 28 71
783 19 324 193 25 70
783 20 349 104 20 55
783 21 366 36 16 40
783 22 380 34 17 42
783 23 284 4 16 38
783 32 373 0 11 26
783 33 382 -3 10 26
783 34 504 -10 14 25
784 1 444 -26 10 24
784 3 423 8 15 35
784 4 445 8 16 39
784 5 411 17 15 42
784 6 427 32 17 42
784 7 399 78 19 50
784 8 415 80 17 44
784 16 -51 475 43 100
784 17 264 189 32 80
784 18 295 190 28 71
784 19 324 193 25 70
784 20 349 104 20 57
784 21 366 36 16 40
784 22 380 34 17 42
784 23 284 4 16 38
784 32 373 0 11 26
784 33 382 -3 10 26
784 34 504 -11 14 25
785 1 445 -26 10 24
785 3 423 8 15 35
785 4 445 7 16 39
785 5 411 15 15 43
785 6 428 32 15 38
785 7 399 78 19 49
785 8 415 80 17 44
785 16 -56 474 43 107
785 17 264 191 31 78
785 18 294 191 28 71
785 19 323 194 25 70
785 20 349 105 21 57
785 21 366 36 16 40
785 22 380 35 17 41
785 23 284 6 16 37
785 32 373 0 11 27
785 33 382 -2 10 27
785 34 504 -11 14 26
786 1 445 -26 10 24
786 3 423 8 15 35
786 4 445 7 16 39
786 5 411 15 15 43
786 6 428 32 15 38
786 7 399 78 19 49
786 8 415 80 17 44
786 16 -56 474 43 107
786 17 264 190 32 81
786 18 295 190 29 73
786 19 323 193 27 76
786 20 349 105 21 57
786 21 365 36 16 40
786 22 380 35 17 41
786 23 284 6 16 37
786 32 373 0 11 27
786 33 382 -2 10 27
786 34 504 -11 14 26
787 1 445 -26 10 25
787 3 423 8 15 35
787 4 445 7 16 39
787 5 411 15 15 43
787 6 429 32 15 37
787 7 399 77 19 49
787 8 415 79 17 44
787 16 -61 476 44 113
787 17 264 190 33 83
787 18 293 191 29 75
787 19 323 194 27 76
787 20 349 105 21 58
787 21 365 36 16 40
787 22 379 35 17 41
787 23 284 6 16 37
787 32 373 0 11 27
787 33 382 -2 10 27
787 34 504 -11 14 26
788 1 445 -26 10 25
788 3 423 6 15 36
788 4 445 7 16 39
788 5 411 15 15 43
788 6 429 32 15 37
788 7 399 77 19 49
788 8 415 79 17 44
788 16 -66 477 45 116
788 17 264 192 32 81
788 18 294 192 28 73
788 19 323 195 27 76
788 20 349 105 21 58
788 21 365 36 16 40
788 22 379 37 17 40
788 23 284 6 16 37
788 32 373 0 11 27
788 33 382 -2 10 27
788 34 504 -11 14 26
789 1 445 -26 10 25
789 3 423 6 15 37
789 4 445 7 16 39
789 5 411 15 15 43
789 6 429 32 15 37
789 7 400 75 19 50
789 8 415 79 17 44
789 16 -71 478 46 122
789 17 264 193 31 81
789 18 293 192 29 69
789 19 323 196 27 76
789 20 349 105 21 58
789 21 365 36 16 40
789 22 379 37 17 40
789 23 284 6 16 37
789 32 373 0 11 27
789 33 382 -2 10 27
789 34 504 -11 14 26
790 1 445 -26 10 25
790 3 422 6 16 37
790 4 445 6 16 38
790 5 411 15 15 43
790 6 429 32 15 37
790 7 399 75 19 51
790 8 415 79 17 44
790 16 -74 478 44 129
790 17 263 193 32 82
790 18 293 193 29 69
790 19 323 197 26 73
790 20 349 105 21 59
790 21 365 36 16 40
790 22 379 37 17 40
790 23 284 6 16 37
790 32 373 0 11 27
790 33 382 -2 10 27
790 34 505 -11 14 26
791 1 445 -26 10 25
791 3 422 6 16 37
791 4 445 6 16 38
791 5 411 15 15 43
791 6 429 32 15 37
791 7 400 75 20 51
791 8 415 79 17 44
791 17 264 193 32 83
791 18 293 194 29 69
791 19 322 198 27 76
791 20 349 106 22 60
791 21 365 37 16 40
791 22 379 38 17 41
791 23 285 6 16 37
791 32 373 0 11 27
791 33 382 -2 10 27
791 34 505 -11 14 26
792 1 445 -26 10 25
792 3 422 6 16 37
792 4 445 6 16 38
792 5 411 15 15 43
792 6 429 32 15 37
792 7 400 75 20 51
792 8 415 79 17 44
792 17 264 193 32 83
792 18 293 194 29 69
792 19 322 198 27 77
792 20 349 106 22 60
792 21 365 37 16 40
792 22 379 38 17 41
792 23 285 6 16 37
792 32 373 0 11 27
792 33 382 -2 10 27
792 34 505 -11 14 26
793 1 445 -26 10 24
793 3 423 5 16 37
793 4 445 6 16 38
793 5 411 15 15 43
793 6 429 32 15 37
793 7 400 75 19 50
793 8 415 78 17 44
793 17 263 194 32 83
793 18 293 195 29 69
793 19 322 199 26 75
793 20 349 106 21 59
793 21 365 37 16 40
793 22 379 38 17 41
793 23 285 6 16 37
793 32 373 0 11 27
793 33 382 -2 10 27
793 34 505 -11 14 26
794 1 445 -26 10 24
794 3 423 5 15 37
794 4 445 6 16 38
794 5 411 14 15 43
794 6 430 31 16 37
794 7 400 75 19 50
794 8 416 78 17 43
794 17 263 194 32 83
794 18 293 195 29 69
794 19 322 199 28 78
794 20 349 107 21 59
794 21 365 37 16 40
794 22 379 38 17 41
794 23 285 6 16 37
794 32 373 0 11 27
794 33 382 -2 10 27
794 34 506 -10 14 26
795 1 445 -26 10 24
795 3 423 5 16 37
795 4 445 6 16 38
795 5 411 14 15 43
795 6 430 31 16 36
795 7 400 74 19 50
795 8 416 78 17 43
795 17 262 195 32 83
795 18 292 196 29 70
795 19 322 200 27 78
795 20 349 107 21 58
795 21 365 38 16 40
795 22 378 37 18 42
795 23 285 6 16 37
795 32 373 0 11 27
795 33 382 -2 10 27
795 34 506 -10 14 26
796 1 445 -26 10 24
796 3 423 5 15 36
796 4 445 6 16 38
796 5 411 14 15 43
796 6 430 30 16 37
796 7 400 74 20 51
796 8 415 77 17 43
796 17 262 195 31 81
796 18 292 197 30 71
796 19 322 200 28 78
796 20 349 108 21 59
796 21 364 38 16 40
796 22 378 37 18 42
796 23 285 6 16 37
796 32 373 0 11 27
796 33 382 -2 10 27
796 34 506 -10 14 26
797 1 445 -26 10 24
797 3 424 5 15 36
797 4 445 6 16 38
797 5 411 14 15 43
797 6 430 30 16 37
797 7 400 73 19 50
797 8 416 77 17 43
797 17 261 196 31 81
797 18 292 197 30 71
797 19 322 201 27 78
797 20 349 109 21 58
797 21 364 38 16 40
797 22 378 37 18 42
797 23 285 6 16 38
797 32 373 0 11 27
797 33 382 -2 10 27
797 34 506 -10 14 26
798 1 445 -26 10 24
798 3 424 5 15 36
798 4 445 6 16 38
798 5 411 14 15 43
798 6 430 30 16 37
798 7 401 73 19 50
798 8 416 77 17 43
798 17 261 196 31 81
798 18 292 197 30 71
798 19 322 201 28 78
798 20 349 109 21 59
798 21 364 38 16 40
798 22 378 37 18 42
798 23 285 6 16 38
798 32 373 0 11 27
798 33 382 -2 10 27
798 34 506 -10 14 26
799 1 445 -26 10 24
799 3 424 5 15 36
799 4 445 6 16 38
799 5 411 14 15 43
799 6 430 30 17 38
799 7 401 73 19 50
799 8 416 76 17 43
799 17 260 196 32 84
799 18 292 197 30 71
799 19 322 201 28 72
799 20 349 109 21 59
799 21 364 39 16 40
799 22 378 38 17 41
799 23 285 6 16 38
799 32 373 0 11 27
799 33 382 -2 10 27
799 34 507 -10 15 27
800 1 445 -26 10 24
800 3 424 5 15 35
800 4 445 5 16 38
800 5 411 14 15 43
800 6 431 30 16 36
800 7 401 72 19 49
800 8 416 76 17 43
800 17 260 197 32 80
800 18 292 198 30 71
800 19 322 202 28 72
800 20 349 110 21 59
800 21 364 39 16 40
800 22 378 38 17 41
800 23 285 7 16 38
800 32 373 0 11 27
800 33 382 -2 10 27
800 34 507 -10 14 27
801 1 445 -26 10 24
801 3 425 5 15 35
801 4 445 5 16 38
801 5 411 14 15 43
801 6 431 30 16 37
801 7 401 72 19 49
801 8 416 75 17 44
801 17 260 198 32 81
801 18 292 198 30 73
801 19 322 202 28 72
801 20 349 110 21 59
801 21 364 39 16 40
801 22 378 38 17 41
801 23 285 7 16 38
801 32 373 0 11 27
801 33 382 -2 10 27
801 34 508 -10 14 26
802 1 445 -26 10 24
802 3 424 5 15 37
802 4 445 5 16 38
802 5 411 13 15 43
802 6 431 30 15 35
802 7 402 71 19 49
802 8 416 75 17 44
802 17 260 199 32 80
802 18 292 198 30 73
802 19 322 203 27 70
802 20 349 111 22 60
802 21 364 39 16 40
802 22 378 39 17 40
802 23 285 7 16 38
802 32 373 0 11 27
802 33 382 -2 10 27
802 34 508 -10 14 27
803 1 445 -26 10 24
803 3 425 5 15 36
803 4 446 5 16 38
803 5 411 13 15 43
803 6 431 30 16 37
803 7 402 71 19 50
803 8 416 75 17 44
803 17 260 200 31 79
803 18 292 199 30 73
803 19 322 204 27 70
803 20 349 111 21 59
803 21 363 40 15 40
803 22 378 39 17 40
803 23 285 7 16 37
803 32 373 0 11 27
803 33 382 -2 10 27
803 34 508 -10 15 27
804 1 445 -26 10 24
804 3 423 5 16 39
804 4 446 5 16 38
804 5 411 13 15 43
804 6 431 30 16 37
804 7 402 71 19 50
804 8 416 75 17 44
804 17 260 200 31 79
804 18 292 199 30 73
804 19 321 204 28 73
804 20 349 111 21 59
804 21 363 40 15 40
804 22 378 39 17 40
804 23 285 7 16 37
804 32 373 0 11 27
804 33 382 -2 10 27
804 34 508 -10 15 27
805 1 445 -26 10 24
805 3 425 4 15 37
805 4 446 5 16 38
805 5 411 13 15 43
805 6 431 30 17 39
805 7 402 70 19 50
805 8 416 75 17 44
805 17 260 201 31 79
805 18 292 199 30 73
805 19 322 205 27 70
805 20 349 111 21 59
805 21 363 40 15 40
805 22 378 39 17 40
805 23 285 7 16 38
805 32 373 0 11 27
805 33 382 -2 10 27
805 34 509 -10 15 27
806 1 445 -26 10 24
806 3 425 4 16 37
806 4 446 5 16 38
806 5 411 13 15 43
806 6 432 30 17 39
806 7 402 70 19 50
806 8 416 75 17 44
806 17 259 202 32 80
806 18 291 200 31 73
806 19 321 206 28 73
806 20 349 111 21 60
806 21 363 40 15 40
806 22 378 40 17 40
806 23 285 7 16 38
806 32 373 0 11 27
806 33 382 -2 10 27
806 34 509 -10 14 26
807 3 424 4 16 38
807 4 446 4 16 38
807 5 411 13 15 43
807 6 432 30 17 39
807 7 402 70 19 50
807 8 416 74 17 44
807 17 259 203 32 81
807 18 291 201 31 74
807 19 322 208 27 68
807 20 349 111 22 60
807 21 363 40 15 40
807 22 377 40 17 42
807 23 285 7 16 38
807 32 373 0 11 27
807 33 382 -2 10 27
807 34 510 -10 14 26
808 3 425 4 16 37
808 4 446 4 16 38
808 5 411 12 15 43
808 6 433 30 17 39
808 7 402 70 19 50
808 8 416 74 17 44
808 17 259 204 31 79
808 18 291 202 31 73
808 19 320 208 28 73
808 20 349 112 22 60
808 21 361 41 16 40
808 22 378 40 17 41
808 23 285 8 16 39
808 32 373 0 11 27
808 33 382 -2 10 27
808 34 510 -9 14 26
809 3 426 4 15 36
809 4 447 4 16 38
809 5 411 12 15 43
809 6 433 29 17 39
809 7 402 70 19 49
809 8 417 74 17 43
809 17 257 204 32 82
809 18 290 203 31 74
809 19 320 209 28 75
809 20 349 112 22 60
809 21 361 41 16 40
809 22 378 40 17 42
809 23 285 8 16 39
809 32 373 0 11 27
809 33 382 -2 10 27
809 34 511 -9 14 26
810 3 427 4 15 36
810 4 447 4 16 38
810 5 411 12 15 43
810 6 433 29 17 39
810 7 402 70 19 49
810 8 417 74 17 43
810 17 257 204 32 82
810 18 291 203 31 73
810 19 320 209 28 75
810 20 349 112 22 61
810 21 361 41 16 40
810 22 378 40 17 41
810 23 285 8 16 39
810 32 373 0 11 27
810 33 382 -2 10 27
810 34 511 -9 14 26
811 3 425 4 16 38
811 4 447 4 16 38
811 5 411 12 15 43
811 6 433 28 18 41
811 7 402 70 19 49
811 8 417 74 17 43
811 17 257 205 32 81
811 18 291 204 31 73
811 19 320 210 28 75
811 20 348 111 24 65
811 21 361 42 16 40
811 22 378 40 18 42
811 23 285 8 16 39
811 32 373 1 11 27
811 33 382 -2 10 27
811 34 511 -9 14 26
812 3 425 4 16 38
812 4 447 4 16 38
812 5 411 12 15 43
812 6 433 28 18 41
812 7 402 69 19 49
812 8 418 73 15 42
812 17 256 205 33 82
812 18 291 205 31 72
812 19 319 210 28 74
812 20 348 112 24 65
812 21 361 42 16 40
812 22 377 40 18 42
812 23 285 8 16 39
812 32 373 1 11 27
812 33 380 -2 9 27
812 34 512 -9 14 26
813 3 425 4 16 37
813 4 447 4 16 38
813 5 411 12 15 43
813 6 435 28 17 39
813 7 402 69 19 49
813 8 418 72 16 44
813 17 257 205 32 80
813 18 290 206 31 74
813 19 319 211 28 74
813 20 348 113 23 64
813 21 361 42 16 40
813 22 377 40 18 42
813 23 285 8 16 39
813 32 373 1 11 27
813 33 380 -2 9 27
813 34 512 -9 14 26
814 3 425 4 15 36
814 4 447 4 16 38
814 5 411 12 15 43
814 6 436 27 17 39
814 7 402 68 19 49
814 8 418 72 16 44
814 17 257 207 32 78
814 18 289 207 32 74
814 19 319 211 28 74
814 20 349 113 23 64
814 21 360 42 16 40
814 22 377 40 18 43
814 23 286 8 16 39
814 32 373 1 11 27
814 33 380 -2 9 27
814 34 513 -11 13 28
815 3 425 4 15 36
815 4 447 4 16 38
815 5 413 11 14 43
815 6 436 27 18 42
815 7 402 67 19 50
815 8 418 71 16 42
815 17 257 207 32 78
815 18 289 208 32 75
815 19 319 212 28 75
815 20 348 114 23 65
815 21 360 42 16 40
815 22 377 40 18 42
815 23 286 8 16 37
815 32 373 1 11 27
815 33 380 -2 9 27
815 34 513 -11 13 29
816 3 425 4 15 36
816 4 447 4 16 38
816 5 413 11 14 43
816 6 436 27 18 42
816 7 402 67 19 50
816 8 418 71 16 42
816 17 257 207 32 78
816 18 289 208 32 74
816 19 318 211 29 77
816 20 348 114 23 65
816 21 360 42 16 40
816 22 377 40 18 42
816 23 286 8 16 39
816 32 373 1 11 27
816 33 380 -2 9 27
816 34 513 -11 13 29
817 3 426 4 15 36
817 4 447 4 16 38
817 5 413 11 14 43
817 6 436 27 18 41
817 7 402 67 19 50
817 8 418 71 16 42
817 17 256 208 32 79
817 18 289 208 32 75
817 19 318 211 29 78
817 20 349 115 23 64
817 21 360 42 16 40
817 22 376 41 18 42
817 23 286 8 16 39
817 32 373 1 11 27
817 33 380 -2 9 27
817 34 515 -11 13 29
818 3 426 4 15 36
818 4 447 4 16 38
818 5 413 11 14 43
818 6 436 27 18 41
818 7 402 66 19 50
818 8 419 71 15 41
818 17 257 209 31 76
818 18 288 209 32 75
818 19 318 212 29 74
818 20 349 116 23 63
818 21 359 40 16 40
818 22 377 41 17 41
818 23 286 8 16 39
818 32 373 1 11 27
818 33 380 -2 9 27
818 34 515 -11 12 29
819 3 426 3 16 37
819 4 447 4 16 38
819 5 413 11 14 43
819 6 437 27 18 41
819 7 402 66 19 51
819 8 419 71 15 41
819 17 256 210 32 78
819 18 288 209 32 75
819 19 318 213 29 74
819 20 349 116 22 62
819 21 359 40 16 42
819 22 376 41 17 42
819 23 286 9 16 38
819 32 373 1 11 27
819 33 380 -2 9 27
819 34 515 -11 12 28
820 3 426 3 15 37
820 4 447 4 16 38
820 5 413 11 14 43
820 6 437 27 18 40
820 7 402 66 18 49
820 8 419 71 15 41
820 17 256 211 32 78
820 18 288 210 32 75
820 19 318 214 28 72
820 20 348 116 24 65
820 21 358 41 18 43
820 22 376 42 18 42
820 23 286 9 16 39
820 32 373 1 11 27
820 33 380 -2 9 27
820 34 516 -11 12 28
821 3 426 3 16 38
821 4 447 4 16 38
821 5 413 10 14 43
821 6 438 27 17 40
821 7 402 66 18 49
821 8 419 71 15 41
821 17 256 212 32 78
821 18 288 210 32 75
821 19 316 215 30 74
821 20 348 116 24 66
821 21 358 41 18 43
821 22 376 42 18 43
821 23 286 9 16 38
821 32 373 1 11 27
821 33 380 -2 9 27
821 34 517 -10 12 27
822 3 426 3 16 38
822 4 447 4 16 38
822 5 413 10 14 43
822 6 438 27 18 40
822 7 402 66 18 48
822 8 419 71 15 41
822 17 256 212 32 78
822 18 288 210 32 75
822 19 318 216 28 71
822 20 348 116 24 60
822 21 358 41 18 43
822 22 375 42 18 43
822 23 286 9 16 38
822 32 373 1 11 27
822 33 380 -2 9 27
822 34 517 -10 12 27
823 3 426 3 16 39
823 4 447 4 16 38
823 5 413 10 14 43
823 6 438 26 18 40
823 7 402 66 18 48
823 8 419 71 15 41
823 17 255 214 32 79
823 18 288 211 31 74
823 19 318 217 28 75
823 20 348 116 24 60
823 21 358 42 18 42
823 22 375 42 18 44
823 23 286 9 16 38
823 32 373 1 11 27
823 33 380 -2 9 27
823 34 517 -10 12 28
824 3 426 2 16 38
824 4 447 4 16 38
824 5 413 10 14 43
824 6 438 26 18 40
824 7 402 65 19 50
824 8 419 70 15 41
824 17 255 215 32 79
824 18 288 212 32 75
824 19 318 218 28 74
824 20 348 116 24 60
824 21 358 42 18 42
824 22 375 42 18 44
824 23 287 9 16 39
824 32 373 1 11 27
824 33 380 -2 9 27
824 34 517 -12 14 30
825 3 426 2 16 38
825 4 447 4 16 38
825 5 413 10 14 43
825 6 438 26 18 40
825 7 402 66 19 49
825 8 419 70 15 41
825 17 255 215 32 79
825 18 288 213 32 75
825 19 318 220 27 73
825 20 348 117 24 60
825 21 357 42 18 43
825 22 375 42 19 44
825 23 287 9 16 39
825 32 373 1 11 27
825 33 380 -2 9 27
825 34 518 -12 14 30
826 3 426 2 16 38
826 4 447 4 16 38
826 5 413 10 14 43
826 6 438 25 18 40
826 7 403 65 18 48
826 8 419 69 15 41
826 17 255 216 32 79
826 18 287 214 32 77
826 19 318 220 28 75
826 20 347 117 25 63
826 21 357 42 18 43
826 22 375 42 19 44
826 23 287 9 16 39
826 32 373 1 11 27
826 33 380 -2 9 27
826 34 518 -12 14 30
827 3 427 2 16 37
827 4 447 4 16 38
827 5 413 10 14 43
827 6 439 25 18 41
827 7 402 65 19 49
827 8 419 68 16 41
827 17 254 216 33 80
827 18 287 215 33 77
827 19 317 222 28 73
827 20 348 118 24 60
827 21 357 43 18 43
827 22 375 42 19 45
827 23 287 9 16 39
827 32 373 1 11 27
827 33 380 0 9 26
827 34 518 -12 14 30
828 3 427 2 16 37
828 4 447 4 16 38
828 5 413 10 14 43
828 6 439 25 18 41
828 7 402 65 19 49
828 8 419 68 16 41
828 17 254 216 33 79
828 18 286 215 33 77
828 19 317 221 28 75
828 20 347 117 25 62
828 21 357 43 18 43
828 22 375 42 19 45
828 23 287 9 16 39
828 32 373 1 11 27
828 33 380 0 9 26
828 34 518 -12 14 30
829 3 427 3 15 37
829 4 447 4 16 38
829 5 413 10 14 43
829 6 439 23 17 40
829 7 403 65 18 48
829 8 419 68 15 40
829 17 254 217 33 80
829 18 287 217 32 76
829 19 317 222 28 75
829 20 348 118 23 59
829 21 357 43 18 44
829 22 375 42 18 44
829 23 287 9 16 39
829 32 373 1 11 27
829 33 380 0 9 26
829 34 519 -12 14 30
830 3 427 3 15 36
830 4 447 4 16 38
830 5 413 10 14 43
830 6 440 23 15 40
830 7 403 64 18 48
830 8 419 68 15 40
830 17 253 217 33 80
830 18 287 217 32 75
830 19 317 222 28 75
830 20 348 119 23 58
830 21 356 43 18 44
830 22 375 42 18 43
830 23 287 9 17 40
830 32 372 1 11 27
830 33 380 0 9 26
830 34 520 -12 15 31
831 3 427 3 15 37
831 4 447 4 16 38
831 5 413 10 14 43
831 6 440 23 15 40
831 7 403 64 18 47
831 8 419 68 15 41
831 17 253 218 33 80
831 18 287 218 32 75
831 19 317 223 27 73
831 20 347 120 24 59
831 21 356 43 18 44
831 22 374 43 18 43
831 23 287 9 16 39
831 32 372 2 11 27
831 33 380 0 9 26
831 34 519 -12 14 30
832 3 427 3 15 36
832 4 447 4 16 38
832 5 412 10 14 43
832 6 441 23 14 39
832 7 403 63 18 47
832 8 419 67 15 41
832 17 252 218 33 80
832 18 287 218 32 76
832 19 316 223 28 75
832 20 348 122 23 56
832 21 356 43 18 44
832 22 375 43 18 42
832 23 287 10 16 39
832 32 372 2 11 27
832 33 380 0 9 26
832 34 520 -12 14 30
833 3 427 2 16 37
833 4 447 4 16 38
833 5 412 10 14 43
833 6 441 23 15 39
833 7 403 62 18 48
833 8 419 67 15 40
833 17 252 219 33 80
833 18 287 219 32 76
833 19 316 223 29 77
833 20 347 122 24 59
833 21 356 43 18 43
833 22 374 44 18 43
833 23 287 10 16 37
833 32 372 2 11 27
833 33 380 0 9 26
833 34 520 -12 15 31
834 3 427 2 16 37
834 4 447 4 16 38
834 5 412 10 14 43
834 6 441 23 15 39
834 7 403 62 18 48
834 8 419 67 15 40
834 17 252 219 33 80
834 18 287 218 32 76
834 19 316 223 29 76
834 20 348 122 23 56
834 21 355 43 19 44
834 22 374 44 18 43
834 23 287 10 16 37
834 32 372 2 11 27
834 33 380 0 9 26
834 34 520 -12 15 31
835 3 428 2 15 37
835 4 447 4 16 38
835 5 412 10 14 43
835 6 441 23 14 38
835 7 403 62 18 47
835 8 420 67 14 39
835 17 251 220 33 80
835 18 286 219 33 77
835 19 315 223 29 79
835 20 346 123 24 59
835 21 357 44 18 42
835 22 375 44 18 42
835 23 287 10 16 37
835 32 372 2 11 27
835 33 380 0 9 26
835 34 521 -11 14 31
836 3 428 2 15 37
836 4 447 4 16 38
836 5 412 10 14 43
836 6 443 23 13 38
836 7 403 62 18 48
836 8 420 67 15 39
836 17 250 220 33 81
836 18 286 220 33 77
836 19 316 225 29 77
836 20 347 124 23 56
836 21 356 44 18 42
836 22 374 45 18 42
836 23 287 10 16 37
836 32 372 2 11 27
836 33 380 0 9 26
836 34 521 -11 14 31
837 3 431 2 14 34
837 4 447 4 16 38
837 5 412 9 14 43
837 6 443 23 13 38
837 7 403 62 18 48
837 8 420 67 14 38
837 17 249 221 34 85
837 18 286 220 33 78
837 19 316 226 29 74
837 20 346 124 24 60
837 21 355 44 19 45
837 22 374 45 18 43
837 23 287 10 16 37
837 32 372 2 11 27
837 33 380 0 9 26
837 34 521 -11 15 32
838 3 428 2 16 36
838 4 447 4 16 38
838 5 412 9 14 43
838 6 443 23 13 38
838 7 403 62 18 48
838 8 421 66 15 38
838 17 250 223 33 85
838 18 286 221 33 77
838 19 316 227 29 74
838 20 345 124 25 60
838 21 356 45 17 41
838 22 374 45 18 43
838 23 287 11 16 37
838 32 371 2 11 27
838 33 380 0 9 26
838 34 521 -11 14 31
839 3 429 2 15 36
839 4 447 4 16 38
839 5 412 9 14 43
839 6 443 22 13 39
839 7 403 62 18 47
839 8 421 66 15 38
839 17 250 224 33 84
839 18 285 221 33 77
839 19 315 228 29 76
839 20 345 125 23 58
839 21 355 45 18 44
839 22 374 45 18 43
839 23 287 11 16 37
839 32 371 2 11 27
839 33 380 0 9 26
839 34 522 -11 14 31
840 3 432 2 14 34
840 4 447 4 16 38
840 5 412 9 14 43
840 6 443 22 13 38
840 7 403 62 18 47
840 8 421 66 15 38
840 17 250 224 33 84
840 18 286 221 33 77
840 19 315 228 29 76
840 20 345 124 24 60
840 21 355 45 18 44
840 22 373 45 19 45
840 23 287 11 16 37
840 32 371 2 11 27
840 33 380 0 9 26
840 34 522 -11 14 31
841 3 430 1 14 36
841 4 447 2 16 39
841 5 412 9 14 43
841 6 444 22 14 39
841 7 403 62 18 48
841 8 421 66 15 38
841 17 249 226 32 83
841 18 286 222 33 77
841 19 315 229 29 75
841 20 344 124 25 61
841 21 354 45 19 45
841 22 373 45 19 45
841 23 287 11 16 37
841 32 371 2 11 27
841 33 380 0 9 26
841 34 522 -10 15 32
842 3 431 1 14 35
842 4 447 2 16 39
842 5 412 9 14 43
842 6 444 21 14 40
842 7 403 62 17 45
842 8 421 65 15 39
842 17 248 227 33 84
842 18 285 223 33 78
842 19 314 230 29 75
842 20 343 125 25 61
842 21 355 46 19 44
842 22 373 45 19 45
842 23 288 11 16 37
842 32 371 2 11 27
842 33 380 0 9 26
842 34 526 -10 12 30
843 3 431 1 14 35
843 4 447 2 16 39
843 5 410 10 14 41
843 6 444 21 14 40
843 7 403 62 18 47
843 8 421 65 16 40
843 17 248 228 32 82
843 18 285 224 33 79
843 19 314 231 28 78
843 20 343 125 25 61
843 21 354 46 19 46
843 22 373 45 19 45
843 23 288 11 16 37
843 32 371 2 11 27
843 33 380 0 9 26
843 34 526 -10 12 30
844 3 431 1 14 34
844 4 447 2 16 39
844 5 410 10 14 41
844 6 444 20 14 40
844 7 403 61 18 46
844 8 421 65 16 39
844 17 246 229 33 85
844 18 285 226 33 78
844 19 314 232 28 78
844 20 343 125 25 61
844 21 354 46 19 45
844 22 373 45 19 45
844 23 288 11 16 37
844 32 371 2 11 27
844 33 378 0 10 26
844 34 527 -10 12 29
845 3 432 1 13 33
845 4 447 2 16 39
845 5 410 10 14 41
845 6 445 20 14 39
845 7 402 61 18 46
845 8 421 64 16 40
845 17 246 229 33 84
845 18 284 227 34 79
845 19 313 232 28 78
845 20 344 126 24 59
845 21 353 46 19 46
845 22 372 45 19 46
845 23 288 11 16 37
845 32 371 2 11 27
845 33 378 0 10 26
845 34 527 -10 12 29
846 3 432 1 13 33
846 4 447 2 16 39
846 5 410 10 14 41
846 6 445 20 14 39
846 7 402 61 18 46
846 8 421 64 16 40
846 17 246 229 33 84
846 18 284 227 33 79
846 19 313 232 28 78
846 20 344 126 24 59
846 21 354 46 19 45
846 22 372 45 18 45
846 23 288 11 16 37
846 32 371 2 11 27
846 33 378 0 10 26
846 34 527 -10 12 29
847 3 432 2 13 33
847 4 448 1 16 39
847 5 410 10 14 41
847 6 446 20 14 41
847 7 402 60 18 46
847 8 421 64 16 39
847 17 245 230 33 83
847 18 284 228 33 79
847 19 313 233 28 78
847 20 344 127 25 60
847 21 354 46 19 45
847 22 372 46 18 45
847 23 288 11 16 37
847 32 371 2 11 27
847 33 378 0 10 26
847 34 528 -10 12 29
848 3 432 2 13 33
848 4 448 1 16 39
848 5 410 10 14 41
848 6 446 20 14 39
848 7 402 60 17 45
848 8 421 64 16 39
848 17 245 231 33 83
848 18 284 229 33 79
848 19 313 233 28 77
848 20 343 127 25 61
848 21 353 46 20 45
848 22 372 46 18 44
848 23 288 11 16 37
848 32 371 2 11 27
848 33 378 0 10 26
848 34 528 -10 12 29
849 3 432 2 13 33
849 4 448 1 16 39
849 5 410 10 14 41
849 6 446 20 14 39
849 7 402 59 18 47
849 8 421 64 16 39
849 17 243 231 33 84
849 18 283 229 34 79
849 19 312 233 29 80
849 20 343 128 25 61
849 21 353 46 20 45
849 22 372 47 18 44
849 23 289 12 16 37
849 32 371 2 11 27
849 33 378 0 10 26
849 34 529 -10 12 29
850 3 432 2 13 33
850 4 448 1 16 39
850 5 410 10 14 41
850 6 446 20 14 39
850 7 402 58 18 47
850 8 421 64 15 39
850 17 242 231 33 85
850 18 283 230 33 79
850 19 312 234 28 77
850 20 343 129 24 60
850 21 353 47 20 44
850 22 371 47 18 44
850 23 289 12 16 37
850 32 371 2 11 27
850 33 378 0 10 27
850 34 529 -10 12 29
851 3 432 2 13 33
851 4 448 1 16 39
851 5 410 10 14 41
851 6 446 20 14 38
851 7 402 58 18 47
851 8 421 64 15 39
851 17 242 232 33 85
851 18 283 231 34 79
851 19 311 234 29 81
851 20 343 130 25 60
851 21 353 47 19 44
851 22 371 47 18 45
851 23 289 12 16 37
851 32 371 2 11 27
851 33 378 0 10 27
851 34 529 -9 12 29
852 3 432 2 13 33
852 4 448 1 16 39
852 5 410 10 14 41
852 6 446 20 14 39
852 7 402 58 18 47
852 8 421 64 15 39
852 17 242 232 33 85
852 18 283 231 33 79
852 19 311 234 29 77
852 20 343 130 25 60
852 21 353 47 19 44
852 22 371 47 18 45
852 23 289 12 16 37
852 32 371 2 11 27
852 33 378 0 10 27
852 34 529 -9 12 29
853 3 433 1 13 33
853 4 448 1 16 39
853 5 410 10 14 41
853 6 447 20 14 38
853 7 402 58 18 47
853 8 421 62 15 39
853 17 241 232 33 85
853 18 282 231 34 81
853 19 311 235 29 77
853 20 343 130 25 61
853 21 353 49 19 43
853 22 371 47 18 46
853 23 289 12 16 37
853 32 371 2 11 27
853 33 378 0 10 27
853 34 529 -9 12 29
854 3 433 1 13 34
854 4 448 1 16 39
854 5 410 10 14 41
854 6 447 20 14 38
854 7 402 58 17 47
854 8 420 63 15 38
854 17 241 233 33 85
854 18 282 231 34 81
854 19 311 236 28 78
854 20 343 131 25 61
854 21 353 49 19 42
854 22 370 48 19 46
854 23 289 13 16 37
854 32 371 2 11 27
854 33 378 0 10 27
854 34 529 -9 12 29
855 3 433 1 13 33
855 4 448 1 16 39
855 5 410 10 14 41
855 6 447 20 14 38
855 7 402 58 17 47
855 8 420 61 15 39
855 17 240 234 33 85
855 18 281 232 33 81
855 19 311 237 28 81
855 20 343 131 25 62
855 21 353 50 19 42
855 22 370 48 19 46
855 23 289 13 16 37
855 32 370 2 11 27
855 33 378 0 10 27
855 34 530 -9 13 29
856 3 433 1 13 33
856 4 448 1 16 39
856 5 410 10 14 41
856 6 447 19 14 38
856 7 402 58 17 47
856 8 420 61 15 39
856 17 240 235 33 87
856 18 281 233 33 82
856 19 311 238 28 81
856 20 343 131 25 62
856 21 353 50 19 41
856 22 370 48 19 47
856 23 289 13 16 37
856 32 370 2 11 27
856 33 378 0 10 27
856 34 531 -9 13 29
857 3 433 0 13 33
857 4 448 1 16 39
857 5 410 10 14 41
857 6 447 19 14 38
857 7 402 58 17 46
857 8 420 61 15 39
857 17 238 237 33 86
857 18 282 234 31 81
857 19 311 239 28 80
857 20 343 132 25 64
857 21 353 51 19 41
857 22 370 48 19 47
857 23 290 13 16 37
857 32 370 2 11 27
857 33 377 0 10 27
857 34 531 -9 13 29
858 3 433 0 13 33
858 4 448 1 16 39
858 5 410 10 14 41
858 6 447 19 14 38
858 7 402 58 17 46
858 8 420 61 15 39
858 17 238 237 33 86
858 18 282 234 31 81
858 19 311 239 28 80
858 20 343 132 25 64
858 21 353 51 19 41
858 22 370 48 19 47
858 23 290 13 16 37
858 32 370 3 11 27
858 33 377 0 10 27
858 34 531 -9 13 29
859 3 433 0 13 33
859 4 448 1 16 39
859 5 411 9 13 41
859 6 447 18 15 38
859 7 402 56 17 48
859 8 420 61 15 39
859 17 238 239 33 88
859 18 282 235 31 81
859 19 311 241 27 79
859 20 343 132 25 64
859 21 352 50 20 46
859 22 370 48 19 46
859 23 290 13 16 37
859 32 370 3 11 27
859 33 377 0 10 27
859 34 531 -8 13 29
860 3 434 0 13 33
860 4 448 0 16 39
860 5 411 9 13 41
860 6 447 18 14 40
860 7 402 56 17 47
860 8 420 61 15 39
860 17 237 241 33 87
860 18 282 236 31 81
860 19 312 243 27 77
860 20 343 133 25 64
860 21 352 51 20 45
860 22 370 49 17 46
860 23 290 13 16 38
860 32 370 3 11 27
860 33 377 0 10 27
860 34 532 -8 13 29
861 3 433 0 13 32
861 4 448 0 16 39
861 5 411 9 13 41
861 6 447 17 16 40
861 7 402 56 17 47
861 8 420 60 15 39
861 17 236 242 33 87
861 18 281 238 31 80
861 19 312 245 26 79
861 20 343 133 25 65
861 21 351 50 21 47
861 22 370 49 17 46
861 23 290 13 16 38
861 32 370 3 11 27
861 33 377 0 10 27
861 34 532 -8 13 29
862 3 434 0 14 32
862 4 448 0 16 39
862 5 410 5 13 40
862 6 448 18 14 38
862 7 403 55 16 46
862 8 420 60 15 39
862 17 236 243 32 85
862 18 281 239 31 81
862 19 312 246 26 79
862 20 343 134 25 63
862 21 351 51 20 46
862 22 370 51 17 44
862 23 290 13 16 38
862 32 370 3 11 27
862 33 377 0 10 27
862 34 532 -8 13 29
863 3 434 1 12 32
863 4 448 0 16 39
863 5 410 5 13 40
863 6 448 17 15 39
863 7 403 55 16 46
863 8 419 60 16 41
863 17 236 245 32 86
863 18 281 240 31 82
863 19 312 247 26 78
863 20 343 134 25 63
863 21 351 52 19 46
863 22 370 51 17 43
863 23 291 13 16 38
863 32 370 3 11 27
863 33 377 0 10 27
863 34 532 -8 13 29
864 3 434 1 12 31
864 4 448 0 16 39
864 5 410 5 13 40
864 6 448 17 15 39
864 7 402 55 17 47
864 8 419 60 16 41
864 17 233 244 34 88
864 18 281 240 31 82
864 19 312 247 26 78
864 20 344 135 24 62
864 21 351 52 19 46
864 22 370 51 17 43
864 23 291 13 16 38
864 32 370 3 11 27
864 33 377 0 10 27
864 34 532 -8 13 29
865 3 434 1 12 31
865 4 450 0 13 38
865 5 410 5 13 40
865 6 448 18 16 40
865 7 403 55 16 46
865 8 420 60 15 38
865 17 232 245 34 87
865 18 281 241 31 81
865 19 312 249 25 77
865 20 343 135 25 64
865 21 351 52 19 46
865 22 370 52 17 43
865 23 291 13 16 38
865 32 370 3 11 27
865 33 377 1 10 27
865 34 533 -8 13 29
866 3 434 1 12 31
866 4 450 0 13 38
866 5 410 5 13 40
866 6 448 18 15 38
866 7 403 54 16 47
866 8 420 60 15 37
866 17 232 246 33 87
866 18 280 242 32 82
866 19 312 249 25 77
866 20 344 136 24 62
866 21 351 53 19 45
866 22 370 52 17 43
866 23 291 13 16 38
866 32 370 2 11 30
866 33 377 1 10 31
866 34 533 -8 13 29
867 3 435 1 13 31
867 4 451 0 13 38
867 5 410 5 13 40
867 6 449 18 15 39
867 7 403 54 17 47
867 8 420 59 15 38
867 17 231 247 33 87
867 18 280 243 31 81
867 19 311 249 27 81
867 20 344 137 24 61
867 21 351 53 19 46
867 22 370 52 16 42
867 23 291 14 16 37
867 32 370 2 11 30
867 33 377 1 10 31
867 34 533 -8 13 29
868 3 435 1 13 31
868 4 451 0 13 38
868 5 410 5 13 40
868 6 450 18 13 35
868 7 403 54 16 47
868 8 420 59 15 38
868 9 -14 319 50 95
868 17 230 247 33 87
868 18 280 243 32 83
868 19 310 250 27 78
868 20 344 138 23 60
868 21 351 54 18 45
868 22 369 53 17 45
868 23 291 14 16 37
868 32 370 2 11 30
868 33 377 1 10 31
868 34 533 -8 13 29
869 3 436 0 13 31
869 4 451 0 13 38
869 5 410 5 13 40
869 6 450 18 13 35
869 7 403 54 16 46
869 8 420 58 15 38
869 9 -10 314 57 99
869 17 229 248 34 89
869 18 279 244 32 82
869 19 310 251 27 78
869 20 343 138 25 64
869 21 351 54 18 44
869 22 369 53 17 45
869 23 292 14 16 37
869 32 370 2 11 31
869 33 377 1 10 32
869 34 533 -7 13 29
870 3 436 0 13 31
870 4 451 0 13 38
870 5 409 5 13 40
870 6 450 18 13 35
870 7 403 54 16 46
870 8 420 58 15 38
870 9 -7 314 54 99
870 17 230 248 33 82
870 18 279 244 32 83
870 19 310 251 27 78
870 20 343 138 25 64
870 21 351 54 18 44
870 22 369 53 17 46
870 23 292 14 16 37
870 32 370 2 11 31
870 33 377 1 10 32
870 34 533 -7 13 29
871 3 436 0 13 31
871 4 451 0 13 38
871 5 409 5 13 40
871 6 450 18 13 35
871 7 403 54 17 47
871 8 420 58 14 37
871 9 -2 308 56 102
871 17 229 249 33 84
871 18 279 245 32 84
871 19 310 252 27 77
871 20 344 138 22 65
871 21 351 55 18 44
871 22 369 53 18 46
871 23 292 14 16 38
871 32 370 2 11 31
871 33 377 1 10 32
871 34 534 -7 13 29
872 3 436 0 13 31
872 4 452 0 13 38
872 5 409 5 13 40
872 6 450 17 14 36
872 7 403 55 16 46
872 8 420 58 15 39
872 9 3 306 57 101
872 17 227 250 35 83
872 18 278 246 32 78
872 19 310 254 26 75
872 20 344 138 22 65
872 21 351 55 18 44
872 22 369 53 18 47
872 23 292 14 16 38
872 32 370 2 11 31
872 33 376 1 10 32
872 34 534 -7 13 29
873 3 437 -1 13 32
873 4 452 0 13 38
873 5 409 5 13 40
873 6 450 16 14 37
873 7 403 54 16 45
873 8 420 58 14 36
873 9 12 304 54 97
873 17 226 251 35 84
873 18 278 247 32 78
873 19 310 255 26 78
873 20 344 139 22 65
873 21 351 55 19 45
873 22 369 53 18 47
873 23 292 14 16 38
873 32 369 2 11 31
873 33 377 1 10 31
873 34 534 -7 13 29
874 3 437 -1 13 32
874 4 452 0 13 38
874 5 409 5 13 40
874 6 450 16 14 37
874 7 403 54 16 45
874 8 419 58 15 38
874 9 20 304 51 93
874 17 226 253 34 88
874 18 277 248 32 82
874 19 310 257 26 77
874 20 344 139 22 65
874 21 350 55 19 46
874 22 368 53 18 47
874 23 293 15 16 38
874 32 369 2 11 31
874 33 377 2 10 31
874 34 534 -7 13 29
875 3 437 -1 14 32
875 4 452 0 13 37
875 5 409 5 13 40
875 6 451 16 14 36
875 7 403 54 16 45
875 8 419 58 15 38
875 9 27 302 41 91
875 17 225 254 34 87
875 18 277 249 32 82
875 19 310 258 25 76
875 20 344 139 22 65
875 21 350 56 19 47
875 22 368 53 18 47
875 23 293 15 17 38
875 32 370 3 11 30
875 33 377 2 10 31
875 34 535 -7 13 29
876 3 437 -1 14 32
876 4 452 0 13 37
876 5 409 5 13 40
876 6 451 16 14 35
876 7 403 54 16 45
876 8 419 58 15 38
876 9 27 302 41 91
876 17 226 254 33 87
876 18 277 249 32 84
876 19 308 258 27 76
876 20 344 139 22 65
876 21 350 56 19 46
876 22 368 53 18 47
876 23 293 15 17 38
876 32 370 3 11 30
876 33 377 2 10 31
876 34 535 -7 13 29
877 3 437 -1 13 32
877 4 452 0 13 37
877 5 409 5 13 40
877 6 451 16 14 36
877 7 403 54 16 44
877 8 419 58 14 37
877 9 37 300 37 89
877 17 226 256 33 88
877 18 277 251 32 84
877 19 308 260 27 75
877 20 344 140 22 65
877 21 350 56 20 47
877 22 368 54 18 47
877 23 293 15 16 38
877 32 370 3 11 30
877 33 377 2 10 31
877 34 535 -7 13 29
878 3 438 -1 13 30
878 4 452 0 13 37
878 5 409 5 13 40
878 6 451 16 13 35
878 7 403 53 16 44
878 8 419 58 14 37
878 9 47 297 36 87
878 17 223 258 35 87
878 18 276 252 32 84
878 19 307 261 26 77
878 20 344 140 22 65
878 21 350 56 19 46
878 22 368 54 18 47
878 23 294 15 16 38
878 32 370 3 11 30
878 33 377 2 10 31
878 34 535 -7 13 29
879 3 437 -1 13 30
879 4 452 0 13 37
879 5 409 5 13 40
879 6 451 16 14 36
879 7 402 52 16 45
879 8 419 57 14 37
879 9 53 293 41 89
879 17 222 259 35 87
879 18 277 253 31 84
879 19 307 262 26 77
879 20 344 141 22 65
879 21 350 56 19 47
879 22 367 55 19 46
879 23 294 15 16 38
879 32 370 3 11 30
879 33 376 2 10 31
879 34 535 -7 13 29
880 3 437 -1 13 31
880 4 452 0 13 37
880 5 409 5 13 40
880 6 451 16 14 36
880 7 402 52 16 45
880 8 419 57 14 36
880 9 57 290 48 89
880 17 221 262 35 85
880 18 277 254 31 84
880 19 306 263 26 79
880 20 344 141 22 64
880 21 350 56 19 47
880 22 367 55 18 46
880 23 294 15 16 37
880 32 370 3 11 30
880 33 376 2 10 31
880 34 535 -6 13 29
881 3 437 -1 13 31
881 4 452 0 13 37
881 5 409 5 13 40
881 6 451 16 14 36
881 7 402 52 16 45
881 8 419 57 14 36
881 9 61 288 49 90
881 17 220 262 35 85
881 18 276 255 31 84
881 19 306 264 26 78
881 20 344 142 23 65
881 21 350 56 20 47
881 22 366 56 19 47
881 23 295 16 16 37
881 32 370 4 11 30
881 33 376 2 10 31
881 34 535 -6 13 29
882 3 437 -1 13 31
882 4 452 0 13 37
882 5 409 5 13 40
882 6 451 16 14 36
882 7 402 52 16 45
882 8 419 57 14 36
882 9 61 288 50 90
882 17 220 262 35 86
882 18 276 255 31 84
882 19 306 264 26 78
882 20 344 142 23 65
882 21 350 56 20 47
882 22 366 56 19 47
882 23 295 16 16 37
882 32 370 4 11 30
882 33 376 2 10 31
882 34 535 -6 13 29
883 3 438 -1 13 30
883 4 452 0 13 37
883 5 409 4 13 40
883 6 451 16 13 35
883 7 402 51 16 45
883 8 419 56 14 36
883 9 66 287 48 87
883 17 218 263 35 88
883 18 275 256 31 84
883 19 305 265 26 78
883 20 344 143 23 65
883 21 350 57 19 46
883 22 366 56 19 47
883 23 295 16 16 37
883 32 369 4 11 30
883 33 376 2 10 31
883 34 536 -6 13 29
884 3 438 -1 13 31
884 4 452 0 13 37
884 5 409 4 13 40
884 6 451 16 13 35
884 7 402 51 16 45
884 8 419 56 14 36
884 9 72 285 50 90
884 17 217 264 35 87
884 18 275 257 31 83
884 19 304 265 27 81
884 20 344 144 23 64
884 21 350 58 19 47
884 22 366 57 19 47
884 23 296 16 16 37
884 32 369 4 11 30
884 33 376 2 10 31
884 34 536 -6 13 29
885 3 438 -1 13 31
885 4 452 0 13 37
885 5 409 4 13 40
885 6 452 15 13 36
885 7 402 51 16 45
885 8 419 56 14 37
885 9 79 283 39 88
885 17 216 264 35 89
885 18 275 258 31 83
885 19 304 266 26 80
885 20 344 145 22 64
885 21 350 58 19 45
885 22 366 57 19 48
885 23 296 16 16 37
885 32 369 4 11 30
885 33 376 3 10 31
885 34 536 -5 13 30
886 3 438 -1 13 31
886 4 452 0 13 37
886 5 409 4 13 40
886 6 452 15 13 36
886 7 402 51 16 45
886 8 419 56 14 37
886 9 80 281 43 87
886 17 216 266 34 86
886 18 274 258 31 84
886 19 304 267 26 80
886 20 345 145 22 64
886 21 350 59 19 46
886 22 365 57 19 48
886 23 297 16 16 37
886 32 369 4 11 30
886 33 375 3 10 31
886 34 536 -5 13 30
887 3 438 -1 13 31
887 4 452 0 13 37
887 5 409 4 13 40
887 6 452 15 13 36
887 7 402 52 16 45
887 8 419 56 14 37
887 9 86 278 36 87
887 17 215 266 36 89
887 18 273 259 32 86
887 19 303 268 26 80
887 20 344 146 23 66
887 21 349 59 19 47
887 22 365 57 20 49
887 23 297 16 16 38
887 32 369 4 11 30
887 33 375 3 10 31
887 34 536 -5 13 30
888 3 438 -1 13 31
888 4 452 0 13 37
888 5 409 4 13 40
888 6 452 15 13 36
888 7 402 52 16 45
888 8 419 56 14 37
888 9 86 278 37 87
888 17 214 264 35 88
888 18 273 259 32 83
888 19 304 269 25 77
888 20 344 146 23 66
888 21 349 59 19 47
888 22 365 57 20 49
888 23 297 16 16 38
888 32 369 4 11 30
888 33 375 3 10 31
888 34 536 -5 13 30
889 3 438 -1 13 31
889 4 452 0 13 37
889 5 409 4 13 40
889 6 452 15 13 36
889 7 402 51 16 45
889 8 419 55 14 37
889 9 91 274 37 87
889 17 214 265 35 87
889 18 273 260 32 83
889 19 303 269 26 80
889 20 344 146 23 66
889 21 349 59 20 47
889 22 365 58 19 48
889 23 297 16 17 38
889 32 368 4 11 30
889 33 375 3 10 31
889 34 537 -5 13 29
890 3 438 -1 13 31
890 4 452 0 13 37
890 5 409 4 13 40
890 6 452 14 14 36
890 7 402 51 16 45
890 8 419 55 14 36
890 9 94 270 43 92
890 17 213 265 35 89
890 18 272 261 32 83
890 19 303 270 26 80
890 20 344 147 24 67
890 21 349 59 20 48
890 22 365 57 19 48
890 23 298 16 17 38
890 32 368 4 11 30
890 33 375 3 10 31
890 34 537 -5 13 29
891 3 438 -1 13 31
891 4 452 -1 13 37
891 5 407 4 14 40
891 6 452 14 14 37
891 7 403 51 16 44
891 8 419 55 14 36
891 9 97 267 45 90
891 17 213 267 34 90
891 18 271 262 32 82
891 19 302 272 26 80
891 20 345 147 24 67
891 21 349 60 20 48
891 22 365 57 19 48
891 23 298 18 16 37
891 32 368 4 11 30
891 33 374 3 10 31
891 34 537 -5 13 29
892 3 438 -1 13 31
892 4 452 -1 13 37
892 5 407 4 14 40
892 6 453 14 13 36
892 7 403 50 16 44
892 8 419 55 14 36
892 9 101 265 45 90
892 17 209 269 38 89
892 18 271 263 32 87
892 19 302 273 26 80
892 20 345 147 24 67
892 21 349 60 20 48
892 22 365 58 19 47
892 23 299 18 16 37
892 32 368 4 11 30
892 33 374 3 10 32
892 34 537 -5 13 29
893 3 438 -2 13 29
893 4 452 -1 13 37
893 5 408 2 13 41
893 6 452 14 14 37
893 7 402 49 16 46
893 8 419 54 14 36
893 9 106 264 44 90
893 17 209 271 38 93
893 18 271 264 32 87
893 19 302 275 26 81
893 20 345 148 24 67
893 21 349 60 20 48
893 22 365 59 19 47
893 23 299 18 16 37
893 32 367 4 11 30
893 33 374 3 10 31
893 34 537 -5 13 29
894 3 438 -2 13 29
894 4 452 -1 13 37
894 5 408 2 13 41
894 6 452 13 14 38
894 7 403 50 15 44
894 8 419 54 14 36
894 9 106 264 44 90
894 17 209 271 38 93
894 18 271 264 32 87
894 19 302 275 26 81
894 20 345 148 24 67
894 21 349 60 20 48
894 22 365 59 19 47
894 23 299 18 16 37
894 32 367 4 11 30
894 33 374 3 10 32
894 34 537 -5 13 29
895 3 438 -2 13 29
895 4 452 -1 13 37
895 5 408 2 13 41
895 6 452 14 14 38
895 7 403 49 15 44
895 8 419 54 14 36
895 9 110 263 43 85
895 17 209 273 37 91
895 18 270 266 32 87
895 19 302 277 26 80
895 20 345 148 24 67
895 21 349 60 20 48
895 22 365 60 18 46
895 23 299 18 16 36
895 32 367 4 11 30
895 33 374 3 10 32
895 34 537 -4 13 30
896 3 438 -2 13 29
896 4 452 -1 13 37
896 5 405 1 14 41
896 6 452 14 14 38
896 7 403 49 15 44
896 8 419 53 14 36
896 9 116 262 39 83
896 17 208 275 37 90
896 18 270 268 32 87
896 19 302 278 26 80
896 20 345 149 23 66
896 21 349 61 20 48
896 22 365 60 18 45
896 23 300 18 16 36
896 32 367 4 11 30
896 33 374 3 10 32
896 34 538 -4 13 29
897 3 438 -2 13 29
897 4 452 -1 13 37
897 5 405 1 14 41
897 6 453 13 14 39
897 7 403 49 15 44
897 8 419 53 14 36
897 9 125 260 34 83
897 17 208 277 36 91
897 18 269 269 32 87
897 19 300 279 27 82
897 20 345 149 24 67
897 21 349 61 20 47
897 22 365 61 18 46
897 23 300 19 16 36
897 32 367 4 11 30
897 33 374 3 10 32
897 34 538 -4 13 29
898 3 439 -2 13 29
898 4 453 -1 13 37
898 5 405 1 14 41
898 6 454 18 12 31
898 7 403 49 15 44
898 8 419 53 14 36
898 9 132 256 37 86
898 11 -16 417 41 115
898 17 208 279 36 91
898 18 269 270 32 87
898 19 300 280 27 82
898 20 345 150 23 66
898 21 349 62 19 47
898 22 365 60 19 47
898 23 300 19 16 36
898 32 367 4 11 30
898 33 374 3 10 32
898 34 538 -4 13 29
899 3 439 -2 13 29
899 4 453 -1 13 37
899 5 405 1 14 41
899 6 455 18 12 31
899 7 403 49 16 44
899 8 419 53 14 36
899 9 135 251 43 87
899 11 -14 415 48 116
899 17 208 280 36 90
899 18 268 272 32 87
899 19 300 281 27 82
899 20 345 150 24 67
899 21 349 63 19 46
899 22 365 61 19 48
899 23 301 19 17 36
899 32 367 4 11 30
899 33 374 3 10 32
899 34 538 -3 13 30
900 3 439 -2 13 29
900 4 453 -1 13 37
900 5 405 1 14 41
900 6 455 18 12 31
900 7 403 49 16 44
900 8 419 53 14 36
900 9 135 251 43 87
900 11 -14 415 49 116
900 17 207 280 37 90
900 18 268 272 32 88
900 19 300 281 27 82
900 20 345 150 24 67
900 21 349 63 19 46
900 22 364 61 19 48
900 23 301 19 17 36
900 32 367 4 11 30
900 33 374 3 10 32
900 34 538 -3 13 30
901 3 439 -2 13 29
901 4 453 -1 13 37
901 5 405 1 14 41
901 6 455 18 12 31
901 7 403 49 15 44
901 8 419 53 14 36
901 9 139 249 43 87
901 11 -12 414 49 117
901 17 207 281 36 89
901 18 268 273 32 88
901 19 299 282 27 83
901 20 345 151 24 68
901 21 349 63 19 46
901 22 364 61 19 48
901 23 301 19 17 36
901 32 367 4 11 29
901 33 374 3 10 31
901 34 538 -3 13 30
902 3 440 -2 13 29
902 4 453 -1 13 37
902 5 405 1 14 41
902 6 455 16 12 32
902 7 402 49 15 44
902 8 419 53 14 36
902 9 143 247 43 86
902 11 -4 411 48 117
902 17 207 282 36 88
902 18 267 274 32 87
902 19 300 283 26 80
902 20 346 152 24 67
902 21 349 64 19 46
902 22 364 61 20 50
902 23 302 19 17 37
902 32 367 4 11 29
902 33 374 3 10 31
902 34 538 -3 13 30
903 3 440 -2 13 29
903 4 453 -1 13 37
903 5 405 1 14 41
903 6 455 16 12 33
903 7 402 49 15 43
903 8 419 53 14 36
903 9 148 246 42 85
903 11 -2 409 49 118
903 17 204 283 37 87
903 18 267 275 32 87
903 19 299 284 27 81
903 20 346 154 22 63
903 21 349 64 19 46
903 22 363 61 20 50
903 23 302 20 17 37
903 32 367 5 11 29
903 33 374 3 10 31
903 34 538 -3 13 30
904 3 440 -2 13 29
904 4 453 -1 13 37
904 5 405 1 14 41
904 6 455 15 12 33
904 7 402 49 15 43
904 8 419 53 14 36
904 9 151 245 37 85
904 11 0 407 49 120
904 17 203 284 37 89
904 18 267 275 32 86
904 19 299 284 27 81
904 20 346 154 24 68
904 21 349 64 20 49
904 22 363 61 20 50
904 23 302 20 18 38
904 32 367 5 11 29
904 33 374 3 10 31
904 34 540 -3 12 30
905 3 440 -2 13 29
905 4 453 -1 13 37
905 5 405 1 14 41
905 6 455 15 12 33
905 7 402 48 15 44
905 8 419 53 14 35
905 9 157 244 35 78
905 11 5 403 49 116
905 17 203 285 37 86
905 18 266 276 32 86
905 19 299 286 26 80
905 20 346 155 24 67
905 21 349 64 20 48
905 22 363 61 20 50
905 23 303 20 18 38
905 32 367 5 11 29
905 33 374 4 10 31
905 34 540 -3 12 30
906 3 440 -2 13 29
906 4 453 -1 13 37
906 5 405 1 14 41
906 6 455 15 12 33
906 7 402 49 15 43
906 8 419 53 14 35
906 9 157 244 31 78
906 11 4 403 50 118
906 17 203 285 37 86
906 18 266 276 32 86
906 19 294 285 32 84
906 20 346 155 24 67
906 21 349 64 20 48
906 22 363 61 20 50
906 23 303 20 18 38
906 32 367 5 11 29
906 33 373 4 10 31
906 34 540 -3 12 30
907 3 440 -2 13 29
907 4 454 -2 13 37
907 5 405 1 14 41
907 6 455 13 13 34
907 7 402 48 15 43
907 8 419 52 14 34
907 9 160 241 32 80
907 11 5 401 47 118
907 17 202 286 37 88
907 18 266 277 32 86
907 19 294 286 32 84
907 20 346 155 24 68
907 21 348 64 21 50
907 22 363 62 20 50
907 23 303 20 18 38
907 32 367 5 11 29
907 33 373 3 10 31
907 34 540 -3 12 30
908 3 441 -2 13 28
908 4 453 -2 13 37
908 5 405 1 14 41
908 6 455 13 13 34
908 7 403 47 14 43
908 8 419 51 14 34
908 9 163 238 34 83
908 11 7 400 46 115
908 17 201 287 37 89
908 18 265 278 32 86
908 19 294 288 31 82
908 20 345 155 24 69
908 21 348 64 21 50
908 22 364 62 20 49
908 23 304 20 18 38
908 32 367 5 11 29
908 33 373 3 10 31
908 34 540 -3 12 30
909 3 442 -2 13 28
909 4 454 -2 13 37
909 5 405 0 14 41
909 6 455 13 13 33
909 7 403 47 14 42
909 8 419 51 14 34
909 9 166 234 35 86
909 11 9 396 43 111
909 17 202 289 35 90
909 18 265 280 32 87
909 19 294 290 31 82
909 20 345 156 24 68
909 21 348 64 20 49
909 22 363 63 19 48
909 23 304 20 18 37
909 32 367 5 11 29
909 33 373 3 10 31
909 34 540 -3 12 30
910 3 442 -2 13 28
910 4 454 -2 13 37
910 5 405 0 14 41
910 6 455 13 13 33
910 7 403 46 14 43
910 8 419 51 14 35
910 9 170 231 37 85
910 10 -19 380 49 112
910 11 10 394 43 111
910 17 201 291 35 90
910 18 265 281 32 92
910 19 294 292 31 81
910 20 345 156 23 69
910 21 348 64 20 49
910 22 363 63 20 49
910 23 305 20 18 37
910 32 367 5 11 29
910 33 373 4 10 31
910 34 539 -2 13 30
911 3 442 -2 13 28
911 4 454 -2 13 37
911 5 405 0 14 41
911 6 455 13 13 33
911 7 403 46 14 43
911 8 419 50 14 34
911 9 174 229 37 84
911 10 -17 378 49 111
911 11 14 392 43 103
911 17 201 293 34 92
911 18 265 283 32 90
911 19 293 293 30 80
911 20 345 156 23 69
911 21 348 64 21 50
911 22 363 64 19 47
911 23 306 21 17 37
911 32 367 5 11 29
911 33 373 4 10 31
911 34 539 -2 13 30
912 3 442 -2 13 28
912 4 454 -2 13 37
912 5 405 0 14 41
912 6 455 13 13 33
912 7 403 46 14 43
912 8 419 50 14 34
912 9 174 229 37 84
912 10 -17 378 49 111
912 11 14 392 43 103
912 17 201 293 34 92
912 18 265 283 32 90
912 19 293 293 30 82
912 20 345 156 23 69
912 21 348 64 21 50
912 22 363 64 19 47
912 23 306 21 17 37
912 32 367 5 11 29
912 33 373 4 10 31
912 34 539 -2 13 30
913 3 443 -2 13 28
913 4 454 -2 13 37
913 5 405 0 14 41
913 6 457 13 12 33
913 7 403 46 14 42
913 8 419 50 14 34
913 9 178 228 37 84
913 10 -15 376 50 113
913 11 16 389 43 104
913 17 200 295 34 91
913 18 265 285 32 90
913 19 293 294 30 82
913 20 345 157 23 69
913 21 348 66 20 48
913 22 363 64 19 47
913 23 306 21 17 37
913 32 367 5 11 29
913 33 373 4 10 31
913 34 541 -2 12 30
914 3 443 -2 13 29
914 4 451 -1 13 37
914 5 405 0 14 41
914 6 457 13 12 33
914 7 401 46 15 43
914 8 419 50 14 35
914 9 182 227 37 84
914 10 -12 373 50 111
914 11 19 387 47 103
914 17 199 298 33 91
914 18 264 286 32 90
914 19 292 295 30 82
914 20 345 157 23 69
914 21 348 67 20 48
914 22 363 65 19 47
914 23 307 21 17 37
914 32 366 5 11 29
914 33 373 4 10 31
914 34 541 -2 12 30
915 3 443 -2 13 28
915 4 451 -1 13 37
915 5 405 0 14 41
915 6 457 13 11 33
915 7 401 46 15 43
915 8 419 50 14 35
915 9 186 226 37 84
915 10 -9 371 42 108
915 11 20 386 55 103
915 17 196 300 35 91
915 18 263 287 32 90
915 19 291 296 30 83
915 20 345 158 23 69
915 21 348 67 20 47
915 22 363 66 19 47
915 23 307 22 17 37
915 32 366 5 11 31
915 33 373 4 10 31
915 34 541 -2 12 30
916 3 443 -2 13 28
916 4 451 -1 13 37
916 5 405 0 14 41
916 6 457 13 12 33
916 7 401 46 15 43
916 8 420 50 14 35
916 9 192 225 33 78
916 10 -8 369 47 100
916 11 21 385 60 102
916 17 195 302 35 90
916 18 262 289 32 89
916 19 291 297 30 82
916 20 345 158 23 69
916 21 349 68 20 47
916 22 361 65 20 50
916 23 308 22 17 37
916 32 366 5 11 31
916 33 373 4 10 31
916 34 541 -2 12 30
917 3 443 -2 13 27
917 4 451 -1 13 37
917 5 405 0 14 41
917 6 457 12 12 33
917 7 401 46 15 43
917 8 420 50 14 34
917 9 197 222 30 78
917 10 -6 367 47 102
917 11 22 384 61 106
917 17 193 304 35 89
917 18 262 290 32 89
917 19 291 298 30 82
917 20 345 159 22 67
917 21 349 69 20 47
917 22 361 65 20 51
917 23 308 22 17 36
917 32 366 5 11 31
917 33 373 4 10 31
917 34 541 -2 12 30
918 3 443 -2 13 27
918 4 451 -1 13 37
918 5 405 0 14 41
918 6 457 12 12 33
918 7 401 46 15 43
918 8 420 50 14 35
918 9 197 222 30 78
918 10 -6 367 47 102
918 11 22 384 61 106
918 17 193 304 35 89
918 18 259 290 32 89
918 19 291 298 30 82
918 20 345 159 23 69
918 21 349 69 20 47
918 22 361 65 20 50
918 23 308 22 17 36
918 32 366 5 11 31
918 33 373 4 10 31
918 34 541 -2 12 30
919 3 443 -2 13 27
919 4 451 -1 13 37
919 5 405 0 14 41
919 6 457 12 12 34
919 7 401 46 15 42
919 8 420 50 13 34
919 9 200 219 30 77
919 10 -4 366 48 101
919 11 24 383 62 106
919 17 193 306 35 87
919 18 258 291 32 90
919 19 290 298 30 83
919 20 344 160 23 70
919 21 349 69 19 46
919 22 361 65 21 51
919 23 308 23 17 36
919 32 366 5 11 31
919 33 373 4 10 31
919 34 541 -2 12 30
920 3 444 -2 12 26
920 4 451 -1 13 37
920 5 405 0 14 41
920 6 457 12 12 33
920 7 401 46 15 42
920 8 420 50 14 34
920 9 203 217 29 76
920 10 -3 363 50 106
920 11 26 381 62 106
920 17 190 304 36 90
920 18 257 292 32 90
920 19 290 300 29 80
920 20 344 161 23 69
920 21 349 69 20 47
920 22 360 65 21 51
920 23 309 23 16 36
920 32 366 5 11 31
920 33 373 4 10 31
920 34 541 -2 12 30
921 3 445 -2 12 26
921 4 451 -1 13 37
921 5 405 0 14 41
921 6 457 12 12 33
921 7 403 45 14 42
921 8 421 49 13 34
921 9 206 215 38 82
921 10 1 362 50 103
921 11 28 380 62 106
921 17 190 305 36 89
921 18 257 293 32 90
921 19 290 301 29 79
921 20 344 162 23 68
921 21 348 70 20 48
921 22 361 65 20 51
921 23 309 23 16 36
921 32 366 5 11 31
921 33 373 4 10 31
921 34 541 -2 12 30
922 3 445 -2 12 26
922 4 451 -1 13 37
922 5 405 0 14 41
922 6 457 12 12 34
922 7 403 45 14 42
922 8 421 49 13 34
922 9 209 214 38 81
922 10 2 361 54 103
922 11 37 378 51 104
922 17 189 305 37 92
922 18 256 293 32 92
922 19 288 301 32 87
922 20 344 163 23 69
922 21 348 70 21 49
922 22 361 66 21 51
922 23 309 23 16 36
922 32 366 5 11 31
922 33 373 4 10 31
922 34 541 -2 12 30
923 3 445 -2 12 27
923 4 451 -1 13 37
923 5 406 0 13 40
923 6 457 12 12 34
923 7 403 44 14 42
923 8 421 48 13 34
923 9 212 213 38 82
923 10 5 360 53 105
923 11 41 373 49 105
923 17 189 306 36 91
923 18 255 294 32 86
923 19 288 303 30 84
923 20 344 163 23 69
923 21 348 70 21 49
923 22 361 66 20 51
923 23 309 23 16 36
923 32 366 5 11 31
923 33 373 4 10 31
923 34 541 -2 12 30
924 3 445 -2 12 27
924 4 451 -1 13 37
924 5 406 0 13 40
924 6 457 12 12 34
924 7 403 44 14 42
924 8 421 48 13 34
924 9 210 213 38 78
924 10 5 360 53 105
924 11 41 373 49 105
924 17 189 306 36 91
924 18 255 294 32 86
924 19 286 298 32 89
924 20 344 163 23 70
924 21 348 70 21 49
924 22 361 66 20 51
924 23 310 23 16 36
924 32 366 5 11 31
924 33 373 4 10 31
924 34 541 -2 12 30
925 3 445 -3 15 31
925 4 449 -2 13 37
925 5 406 0 13 40
925 6 457 12 12 33
925 7 403 44 14 42
925 8 421 48 13 34
925 9 214 213 37 76
925 10 7 359 53 104
925 11 44 372 47 101
925 17 186 307 38 91
925 18 254 295 32 86
925 19 285 300 32 90
925 20 345 164 23 68
925 21 348 70 21 49
925 22 361 68 20 49
925 23 309 23 16 36
925 32 366 6 11 31
925 33 373 5 10 32
925 34 541 -2 12 30
926 3 445 -3 15 31
926 4 449 -2 13 37
926 5 406 0 13 40
926 6 458 12 12 33
926 7 403 43 14 43
926 8 421 48 13 34
926 9 217 213 36 74
926 10 10 356 53 104
926 11 48 370 45 98
926 17 185 308 38 92
926 18 254 297 32 89
926 19 285 302 32 90
926 20 345 165 23 69
926 21 348 70 21 49
926 22 361 68 20 49
926 23 310 23 16 36
926 32 366 6 11 31
926 33 373 5 10 32
926 34 541 -2 12 30
927 3 445 -3 15 31
927 4 449 -2 13 37
927 5 406 0 13 40
927 6 458 12 12 33
927 7 403 43 14 42
927 8 421 48 13 33
927 9 219 212 38 75
927 10 13 355 52 107
927 11 48 367 43 98
927 17 186 310 37 95
927 18 253 298 32 89
927 19 284 305 31 89
927 20 345 165 24 71
927 21 348 71 20 48
927 22 361 69 20 49
927 23 310 23 16 36
927 26 325 -8 13 28
927 32 366 6 11 31
927 33 373 5 10 32
927 34 541 -2 12 30
928 3 445 -3 15 31
928 4 449 -2 13 37
928 5 406 0 13 40
928 6 458 12 12 33
928 7 403 43 14 42
928 8 421 48 13 33
928 9 221 210 40 75
928 10 15 353 52 105
928 11 49 365 44 99
928 17 183 312 39 97
928 18 253 300 32 94
928 19 284 307 31 88
928 20 343 165 24 71
928 21 348 71 20 48
928 22 361 69 20 50
928 23 310 24 16 36
928 25 319 -8 12 28
928 26 325 -8 13 28
928 32 366 6 11 31
928 33 373 5 10 32
928 34 541 -2 12 30
929 3 445 -3 14 31
929 4 449 -2 13 37
929 5 406 0 13 40
929 6 458 12 12 33
929 7 403 43 14 42
929 8 421 48 13 33
929 9 223 207 41 79
929 10 18 352 50 105
929 11 50 364 45 100
929 17 183 314 38 95
929 18 252 302 32 94
929 19 283 309 31 89
929 20 344 166 23 70
929 21 348 72 20 47
929 22 360 70 21 51
929 23 311 24 16 36
929 24 309 -8 15 29
929 25 319 -8 12 28
929 26 325 -7 13 28
929 32 366 6 11 31
929 33 373 5 10 32
929 34 541 -2 12 30
930 3 445 -3 14 31
930 4 449 -2 13 37
930 5 406 0 13 40
930 6 458 12 12 33
930 7 403 43 14 42
930 8 421 48 13 33
930 9 223 207 41 79
930 10 18 352 52 105
930 11 50 364 45 100
930 17 183 314 38 95
930 18 252 302 32 94
930 19 283 309 31 89
930 20 344 166 23 70
930 21 348 72 20 47
930 22 360 70 21 51
930 23 310 24 16 36
930 24 309 -8 15 29
930 25 319 -8 12 28
930 26 325 -7 13 28
930 32 366 6 11 31
930 33 373 5 10 32
930 34 541 -2 12 30
931 3 445 -3 14 31
931 4 449 -2 13 37
931 5 406 0 13 40
931 6 458 11 11 32
931 7 403 43 14 42
931 8 421 48 13 33
931 9 227 205 41 78
931 10 20 351 52 103
931 11 56 361 40 101
931 17 183 317 37 93
931 18 252 304 32 94
931 19 283 311 31 89
931 20 343 166 24 72
931 21 348 73 20 47
931 22 361 70 20 51
931 23 311 24 16 36
931 24 309 -8 15 29
931 25 319 -8 12 28
931 26 325 -7 13 28
931 32 366 6 11 31
931 33 373 5 10 32
931 34 541 -2 12 30
932 3 447 -3 13 31
932 4 449 -2 13 37
932 5 407 0 13 35
932 6 459 11 11 33
932 7 403 43 14 42
932 8 421 48 13 33
932 9 230 203 40 77
932 10 23 349 51 102
932 11 57 359 41 102
932 17 183 319 37 92
932 18 251 305 32 94
932 19 283 313 30 88
932 20 345 167 23 70
932 21 348 73 20 47
932 22 361 70 20 51
932 23 311 25 16 36
932 24 309 -8 15 29
932 25 319 -7 12 28
932 26 325 -7 13 28
932 32 366 6 11 31
932 33 373 5 10 32
932 34 541 -2 12 30
933 3 447 -3 13 31
933 4 449 -3 13 37
933 5 407 0 13 35
933 6 459 11 12 33
933 7 403 43 14 41
933 8 421 48 13 33
933 9 234 203 40 77
933 10 25 348 44 93
933 11 58 357 42 104
933 17 183 322 36 95
933 18 251 306 32 95
933 19 283 315 30 87
933 20 343 167 24 72
933 21 348 74 20 47
933 22 361 71 20 51
933 23 312 24 17 37
933 24 309 -8 15 29
933 25 319 -7 12 28
933 26 325 -7 13 28
933 32 366 6 11 31
933 33 373 5 10 32
933 34 541 -2 12 30
934 3 447 -3 13 31
934 4 449 -3 13 37
934 5 407 0 13 35
934 6 459 10 12 33
934 7 404 43 14 42
934 8 421 47 13 33
934 9 239 203 40 74
934 10 27 345 45 94
934 11 59 356 47 104
934 17 183 324 35 93
934 18 250 309 34 94
934 19 282 316 30 89
934 20 343 167 24 69
934 21 348 74 20 48
934 22 361 71 20 51
934 23 313 24 17 36
934 24 309 -8 15 29
934 25 319 -7 12 28
934 26 325 -7 13 28
934 32 366 8 11 30
934 33 373 5 10 32
934 34 539 -2 13 30
935 3 447 -3 14 31
935 4 449 -3 13 37
935 5 407 0 13 35
935 6 459 10 12 34
935 7 404 43 13 41
935 8 421 47 13 33
935 9 241 203 40 74
935 10 30 344 44 97
935 11 61 354 50 104
935 17 183 325 35 92
935 18 250 310 34 94
935 19 282 317 30 89
935 20 343 167 24 69
935 21 347 74 21 50
935 22 361 71 20 51
935 23 312 25 17 36
935 24 309 -8 15 29
935 25 319 -7 12 28
935 26 325 -7 13 28
935 32 365 8 11 30
935 33 373 6 10 32
935 34 539 -2 13 30
936 3 447 -3 13 31
936 4 449 -3 13 37
936 5 407 0 13 35
936 6 459 10 12 34
936 7 404 43 13 41
936 8 421 47 13 33
936 9 243 204 39 70
936 10 30 344 44 97
936 11 61 354 50 104
936 17 183 325 35 92
936 18 250 310 34 94
936 19 283 317 31 86
936 20 343 167 24 69
936 21 347 74 21 50
936 22 361 71 20 51
936 23 313 25 17 36
936 24 309 -8 15 29
936 25 319 -7 12 28
936 26 325 -7 13 28
936 32 365 8 11 30
936 33 373 6 10 32
936 34 539 -2 13 30
937 3 447 -3 14 31
937 4 449 -3 13 37
937 5 407 0 13 35
937 6 459 10 12 33
937 7 404 43 14 42
937 8 421 45 13 34
937 9 245 203 39 66
937 10 31 342 45 97
937 11 62 352 51 105
937 17 184 326 35 91
937 18 249 311 34 95
937 19 283 318 31 86
937 20 343 168 24 69
937 21 347 74 21 50
937 22 360 71 21 54
937 23 313 25 17 37
937 24 309 -8 15 29
937 25 319 -7 12 28
937 26 325 -7 13 28
937 32 365 8 11 30
937 33 373 6 10 32
937 34 539 -2 13 30
938 3 447 -3 13 31
938 4 449 -3 13 34
938 5 407 0 13 35
938 6 459 9 12 34
938 7 404 42 13 41
938 8 421 45 13 34
938 9 254 201 29 68
938 10 32 341 43 98
938 11 64 351 52 106
938 17 182 326 36 95
938 18 248 312 34 89
938 19 283 319 30 84
938 20 343 169 24 68
938 21 347 74 22 52
938 22 360 71 22 50
938 23 313 25 16 35
938 24 309 -8 15 29
938 25 319 -7 12 28
938 26 325 -7 13 28
938 32 365 8 11 31
938 33 373 6 10 32
938 34 539 -2 13 30
939 3 448 -3 13 31
939 4 449 -3 13 34
939 5 407 0 13 35
939 6 459 10 12 33
939 7 404 42 13 41
939 8 421 44 13 34
939 9 256 199 28 67
939 10 33 339 43 100
939 11 65 350 50 105
939 17 182 327 36 96
939 18 248 313 34 89
939 19 283 320 30 84
939 20 342 170 24 68
939 21 347 75 21 52
939 22 363 71 19 50
939 23 313 25 17 37
939 24 309 -7 15 29
939 25 319 -7 12 28
939 26 325 -7 13 28
939 32 365 8 11 31
939 33 373 6 10 32
939 34 539 -1 13 30
940 3 448 -3 14 31
940 4 449 -3 13 34
940 5 407 0 13 35
940 6 459 10 11 32
940 7 404 40 14 41
940 8 421 44 13 34
940 9 259 197 34 70
940 10 34 338 43 101
940 11 73 348 42 107
940 17 180 328 37 90
940 18 247 314 34 89
940 19 283 322 30 83
940 20 342 171 23 68
940 21 347 75 21 51
940 22 363 72 19 49
940 23 314 25 17 36
940 24 309 -7 15 29
940 25 319 -7 12 28
940 26 326 -7 13 28
940 32 365 8 11 31
940 33 373 6 10 32
940 34 539 -1 13 30
941 3 448 -3 13 31
941 4 450 -3 13 34
941 5 407 0 13 34
941 6 460 10 11 32
941 7 404 40 13 42
941 8 421 44 13 34
941 9 261 195 37 70
941 10 37 337 43 99
941 11 75 345 39 97
941 17 180 328 37 90
941 18 246 315 34 89
941 19 281 322 31 87
941 20 342 172 23 67
941 21 347 75 21 51
941 22 363 72 19 49
941 23 314 25 17 36
941 24 309 -7 15 29
941 25 319 -7 12 28
941 26 326 -5 13 27
941 32 365 8 11 31
941 33 373 6 10 32
941 34 539 -1 13 30
942 3 448 -3 13 31
942 4 450 -3 13 34
942 5 407 0 13 34
942 6 460 10 11 32
942 7 404 40 13 42
942 8 421 44 13 34
942 9 261 195 37 70
942 10 37 337 43 99
942 11 75 345 39 97
942 17 180 329 37 90
942 18 246 315 34 89
942 19 281 322 31 87
942 20 342 172 23 69
942 21 347 75 21 51
942 22 363 72 19 49
942 23 314 25 17 36
942 24 309 -7 15 29
942 25 319 -7 12 28
942 26 326 -7 13 29
942 32 365 8 11 31
942 33 373 6 10 32
942 34 539 -1 13 30
943 3 449 -3 13 29
943 4 450 -3 13 34
943 5 407 0 13 34
943 6 460 10 11 31
943 7 404 39 13 41
943 8 421 44 13 33
943 9 263 194 37 69
943 10 39 335 43 105
943 11 76 343 40 100
943 17 179 329 38 90
943 18 246 316 34 89
943 19 282 325 30 83
943 20 342 173 23 68
943 21 347 75 22 52
943 22 363 73 18 48
943 23 314 25 17 37
943 24 309 -7 15 29
943 25 319 -5 12 27
943 26 326 -5 13 28
943 32 364 8 11 31
943 33 373 6 10 32
943 34 538 -1 13 30
944 3 449 -2 13 29
944 4 450 -3 13 34
944 5 407 0 13 34
944 6 460 10 11 31
944 7 404 39 13 41
944 8 421 44 13 33
944 9 266 193 37 70
944 10 40 332 45 108
944 11 77 341 41 99
944 17 179 330 38 90
944 18 245 317 34 89
944 19 280 326 31 86
944 20 342 174 23 69
944 21 347 76 21 51
944 22 363 73 18 49
944 23 315 25 17 37
944 24 309 -7 15 29
944 25 319 -5 12 27
944 26 326 -5 13 27
944 32 364 8 11 31
944 33 373 6 10 32
944 34 537 -2 13 30
945 3 449 -2 13 29
945 4 450 -3 13 34
945 5 407 0 13 34
945 6 460 10 11 31
945 7 405 39 13 41
945 8 421 44 13 33
945 9 268 191 35 68
945 10 41 330 44 105
945 11 79 338 44 95
945 17 179 331 38 91
945 18 244 319 34 95
945 19 280 327 31 89
945 20 341 174 23 69
945 21 347 76 21 50
945 22 363 73 19 50
945 23 315 25 17 37
945 24 310 -7 15 29
945 25 319 -5 12 27
945 26 326 -5 13 27
945 32 364 8 11 31
945 33 373 6 10 32
945 34 537 -2 13 30
946 3 450 -3 13 29
946 4 450 -3 13 34
946 5 407 0 13 34
946 6 460 9 11 32
946 7 404 39 13 41
946 8 421 44 13 33
946 9 270 191 34 66
946 10 45 328 43 103
946 11 80 336 45 97
946 17 179 328 38 101
946 18 243 321 34 96
946 19 280 329 31 88
946 20 341 174 24 72
946 21 346 77 21 51
946 22 363 74 19 51
946 23 316 26 17 37
946 24 310 -7 15 29
946 25 320 -5 12 27
946 26 326 -5 13 28
946 32 364 8 11 31
946 33 373 6 10 32
946 34 537 -2 13 30
947 3 450 -3 13 29
947 4 451 -3 13 34
947 5 407 0 13 34
947 6 461 9 10 32
947 7 405 40 13 40
947 8 421 44 13 33
947 9 272 190 35 66
947 10 46 326 44 104
947 11 81 335 50 97
947 17 179 329 38 101
947 18 243 323 34 96
947 19 279 330 31 91
947 20 341 174 24 72
947 21 346 77 21 51
947 22 363 74 19 49
947 23 316 26 17 37
947 24 310 -7 15 29
947 25 320 -5 12 27
947 26 326 -5 13 28
947 32 364 8 11 31
947 33 373 6 10 32
947 34 537 -2 13 30
948 3 450 -3 13 29
948 4 451 -3 13 34
948 5 407 0 13 34
948 6 461 9 12 32
948 7 405 39 13 41
948 8 421 44 13 33
948 9 272 190 35 66
948 10 46 326 41 103
948 11 81 335 50 97
948 17 179 329 38 101
948 18 243 323 34 96
948 19 277 330 33 91
948 20 341 174 24 72
948 21 346 77 21 51
948 22 363 74 20 51
948 23 316 26 17 37
948 24 310 -7 15 29
948 25 320 -5 12 27
948 26 326 -5 13 28
948 32 364 8 11 31
948 33 373 6 10 32
948 34 537 -2 13 30
949 3 451 -3 14 29
949 4 451 -3 13 34
949 5 407 0 13 34
949 6 461 9 12 32
949 7 405 40 13 40
949 8 421 44 12 32
949 9 274 188 35 67
949 10 47 324 41 103
949 11 82 334 53 98
949 17 179 331 37 99
949 18 242 324 34 97
949 19 277 332 33 91
949 20 341 175 24 72
949 21 347 78 22 52
949 22 362 74 20 52
949 23 316 26 17 37
949 24 310 -7 15 29
949 25 320 -5 12 27
949 26 326 -5 13 28
949 32 364 8 11 31
949 33 372 6 10 32
949 34 537 -2 13 30
950 3 451 -3 14 29
950 4 451 -3 13 34
950 5 407 0 13 34
950 6 461 7 12 33
950 7 406 40 13 40
950 8 421 43 12 32
950 9 276 186 37 71
950 10 50 323 40 100
950 11 88 333 48 97
950 17 177 332 38 103
950 18 241 326 35 97
950 19 276 333 33 92
950 20 340 175 25 75
950 21 346 78 21 52
950 22 362 74 20 53
950 23 318 26 16 37
950 24 310 -5 15 28
950 25 320 -5 12 27
950 26 326 -5 13 28
950 32 364 8 11 30
950 33 373 6 10 32
950 34 537 -2 13 30
951 3 451 -3 14 29
951 4 451 -3 13 34
951 5 407 0 13 34
951 6 461 7 12 33
951 7 406 39 13 39
951 8 421 43 13 33
951 9 278 185 36 69
951 10 50 321 41 103
951 11 91 331 49 97
951 17 177 333 37 102
951 18 240 327 35 98
951 19 275 334 33 91
951 20 340 176 24 69
951 21 347 79 21 52
951 22 363 75 19 50
951 23 318 26 16 37
951 24 310 -5 15 28
951 25 320 -5 12 27
951 26 326 -5 13 28
951 32 364 8 11 30
951 33 372 6 10 32
951 34 537 -2 13 30
952 3 451 -3 14 29
952 4 452 -3 13 34
952 5 407 0 13 34
952 6 462 7 12 33
952 7 406 39 13 40
952 8 421 42 13 33
952 9 282 184 35 70
952 10 50 319 44 93
952 11 93 330 50 97
952 17 175 334 38 104
952 18 239 328 35 98
952 19 275 336 32 91
952 20 340 176 24 69
952 21 347 79 22 52
952 22 363 74 19 50
952 23 318 26 16 39
952 24 310 -5 15 28
952 25 320 -5 12 27
952 26 326 -4 13 27
952 32 364 8 11 30
952 33 372 6 10 32
952 34 537 -2 13 30
953 3 451 -3 14 29
953 4 452 -3 13 34
953 5 407 0 13 34
953 6 462 7 12 33
953 7 406 39 13 40
953 8 421 42 13 33
953 9 284 183 34 70
953 10 54 317 42 94
953 11 94 329 50 97
953 17 175 336 38 102
953 18 239 330 34 97
953 19 275 337 32 90
953 20 338 177 28 69
953 21 346 79 22 53
953 22 363 75 19 51
953 23 319 26 16 37
953 24 310 -5 15 28
953 25 320 -4 12 27
953 26 326 -4 13 27
953 32 364 8 11 30
953 33 372 6 10 32
953 34 536 -2 13 30
954 3 451 -3 14 29
954 4 452 -3 13 34
954 5 407 0 13 34
954 6 462 7 12 33
954 7 406 39 13 40
954 8 421 42 13 33
954 9 284 183 34 70
954 10 54 317 44 98
954 11 94 329 49 97
954 17 175 336 38 102
954 18 239 330 34 97
954 19 275 337 32 90
954 20 338 177 28 69
954 21 347 79 22 52
954 22 363 75 19 51
954 23 319 26 16 37
954 24 310 -5 15 28
954 25 320 -4 12 27
954 26 326 -4 13 27
954 32 364 8 11 30
954 33 372 6 10 32
954 34 536 -2 13 30
955 3 452 -3 14 29
955 4 452 -3 13 34
955 5 407 -1 13 34
955 6 463 6 12 34
955 7 406 38 13 40
955 8 421 42 13 33
955 9 286 183 34 70
955 10 55 316 44 99
955 11 96 328 49 96
955 17 173 339 38 103
955 18 238 331 35 98
955 19 274 338 31 89
955 20 338 178 28 69
955 21 347 79 22 53
955 22 363 76 19 51
955 23 319 26 16 37
955 24 310 -4 15 28
955 25 320 -4 12 27
955 26 326 -4 13 27
955 32 364 8 11 30
955 33 372 6 10 32
955 34 536 -2 13 30
956 3 452 -3 14 29
956 4 452 -3 13 34
956 5 407 -1 13 34
956 6 463 6 12 34
956 7 406 38 13 40
956 8 421 42 12 32
956 9 288 183 34 70
956 10 56 313 45 102
956 11 98 326 49 96
956 12 -19 348 36 105
956 13 2 393 60 93
956 14 -5 438 62 100
956 17 173 341 38 103
956 18 237 331 35 98
956 19 272 339 32 92
956 20 337 178 29 72
956 21 346 80 22 53
956 22 363 77 19 50
956 23 320 28 15 35
956 24 310 -4 15 28
956 25 320 -4 12 27
956 26 327 -3 13 27
956 32 364 9 11 30
956 33 373 7 10 32
956 34 536 -2 13 30
957 3 452 -3 14 29
957 4 452 -3 13 34
957 5 407 -1 13 34
957 6 463 6 12 33
957 7 406 37 13 40
957 8 421 42 12 32
957 9 289 182 34 71
957 10 57 312 54 100
957 11 102 324 41 94
957 12 -15 348 34 105
957 13 11 391 50 98
957 14 -3 435 59 109
957 17 171 342 41 103
957 18 236 332 35 94
957 19 271 340 32 88
957 20 338 179 29 72
957 21 346 80 20 51
957 22 363 77 19 50
957 23 319 26 16 39
957 24 310 -4 15 28
957 25 320 -4 12 27
957 26 327 -4 13 27
957 32 364 9 11 30
957 33 373 7 10 32
957 34 536 -2 13 30
958 3 452 -3 14 29
958 4 453 -3 13 34
958 5 407 -2 13 34
958 6 464 7 12 33
958 7 407 37 14 40
958 8 421 42 12 32
958 9 291 181 32 67
958 10 58 311 54 100
958 11 106 322 38 90
958 12 -13 347 35 104
958 13 10 391 52 96
958 14 3 432 55 110
958 17 169 344 42 102
958 18 235 333 35 94
958 19 270 341 32 87
958 20 338 180 29 72
958 21 346 80 20 51
958 22 362 77 19 51
958 23 319 26 16 39
958 24 310 -4 15 28
958 25 320 -4 12 27
958 26 326 -4 13 27
958 32 364 9 11 30
958 33 373 7 10 32
958 34 536 -2 13 30
959 3 454 -6 14 30
959 4 453 -3 13 34
959 5 407 -2 13 34
959 6 464 7 12 33
959 7 407 37 14 40
959 8 420 42 12 32
959 9 293 180 33 67
959 10 60 309 55 101
959 11 107 320 39 91
959 12 -9 344 34 105
959 13 13 388 51 95
959 14 4 428 55 112
959 17 167 344 43 105
959 18 235 334 35 94
959 19 270 343 32 90
959 20 338 181 28 70
959 21 346 81 20 50
959 22 362 78 20 52
959 23 321 25 17 40
959 24 310 -4 15 28
959 25 320 -4 12 27
959 26 327 -4 13 27
959 32 364 9 11 30
959 33 373 7 10 32
959 34 535 -2 13 30
960 3 454 -5 14 30
960 4 453 -3 13 34
960 5 407 -2 13 34
960 6 464 7 12 33
960 7 407 37 14 39
960 8 420 42 12 32
960 9 295 180 28 67
960 10 65 309 48 99
960 11 107 320 39 92
960 12 -9 344 34 105
960 13 13 388 51 95
960 14 8 428 52 103
960 17 169 345 41 101
960 18 235 334 35 94
960 19 270 343 32 93
960 20 338 181 29 71
960 21 346 81 20 50
960 22 363 78 18 48
960 23 321 26 17 40
960 24 310 -4 15 28
960 25 320 -4 12 27
960 26 327 -4 13 27
960 32 364 9 11 30
960 33 373 7 10 32
960 34 535 -2 13 30
961 3 454 -5 14 30
961 4 453 -3 13 34
961 5 407 -2 13 34
961 6 464 7 12 33
961 7 407 37 14 40
961 8 420 42 12 32
961 9 296 178 29 68
961 10 66 308 48 99
961 11 109 318 38 90
961 12 -7 342 35 105
961 13 15 385 52 95
961 14 9 425 52 104
961 17 168 346 41 100
961 18 234 335 35 94
961 19 270 345 32 92
961 20 337 182 29 73
961 21 346 82 19 50
961 22 362 78 20 53
961 23 322 26 17 40
961 24 310 -4 15 28
961 25 321 -4 12 27
961 26 327 -4 13 27
961 32 365 9 11 30
961 33 373 7 10 32
961 34 535 -2 13 30
962 3 454 -5 14 30
962 4 453 -3 13 34
962 5 407 -2 13 34
962 6 464 7 12 33
962 7 407 37 14 40
962 8 420 42 12 32
962 9 297 178 28 66
962 10 68 306 46 101
962 11 111 317 38 90
962 12 -3 339 35 104
962 13 18 383 50 94
962 14 13 423 49 105
962 17 168 347 40 99
962 18 233 337 35 99
962 19 270 347 31 95
962 20 337 183 29 73
962 21 346 83 19 49
962 22 363 79 18 47
962 23 322 26 17 40
962 24 310 -4 15 28
962 25 321 -3 12 27
962 26 327 -3 13 27
962 32 365 9 11 30
962 33 373 7 10 32
962 34 534 0 12 29
963 3 454 -5 14 30
963 4 453 -3 13 34
963 5 407 -2 13 34
963 6 465 7 12 33
963 7 407 37 14 40
963 8 420 41 12 32
963 9 299 177 27 65
963 10 70 308 47 97
963 11 111 316 38 91
963 12 0 337 35 97
963 13 20 380 49 93
963 14 16 421 49 105
963 17 165 346 43 106
963 18 232 339 35 100
963 19 270 349 31 94
963 20 337 184 29 72
963 21 346 83 19 49
963 22 362 78 20 59
963 23 323 26 17 40
963 24 310 -4 15 28
963 25 321 -3 12 27
963 26 327 -3 13 27
963 32 365 9 11 31
963 33 373 7 10 32
963 34 534 0 12 29
964 3 455 -5 14 30
964 4 454 -3 14 34
964 5 407 -2 13 34
964 6 465 7 12 33
964 7 407 37 14 40
964 8 420 40 12 32
964 9 301 177 32 65
964 10 73 307 46 97
964 11 112 314 40 92
964 12 1 334 36 98
964 13 23 377 48 93
964 14 20 418 48 103
964 17 165 347 42 101
964 18 232 341 35 100
964 19 269 351 31 95
964 20 336 184 29 74
964 21 346 83 20 50
964 22 362 78 20 55
964 23 323 27 17 40
964 24 310 -4 15 28
964 25 321 -3 12 27
964 26 327 -3 13 27
964 32 365 9 11 31
964 33 373 7 10 32
964 34 534 0 12 29
965 3 455 -5 14 30
965 4 454 -3 14 34
965 5 407 -2 13 34
965 6 465 6 12 33
965 7 407 37 14 39
965 8 420 40 12 32
965 9 303 177 32 65
965 10 73 305 42 92
965 11 113 313 40 93
965 12 3 331 36 98
965 13 25 375 48 93
965 14 22 415 56 103
965 17 165 348 42 100
965 18 231 343 35 100
965 19 269 353 31 96
965 20 336 184 30 75
965 21 346 84 19 49
965 22 362 78 20 55
965 23 324 27 17 40
965 24 310 -4 15 28
965 25 321 -3 12 27
965 26 327 -3 13 28
965 32 365 9 11 31
965 33 373 7 10 32
965 34 534 0 12 29
966 3 456 -5 14 30
966 4 454 -3 14 34
966 5 407 -2 13 34
966 6 465 6 12 33
966 7 407 37 14 40
966 8 420 40 12 32
966 9 303 177 32 65
966 10 73 305 42 92
966 11 113 313 40 93
966 12 3 331 36 98
966 13 25 375 48 92
966 14 22 415 56 103
966 17 164 348 42 101
966 18 231 343 35 100
966 19 267 349 33 96
966 20 336 184 30 75
966 21 345 84 20 50
966 22 362 78 20 55
966 23 323 27 17 40
966 24 310 -4 15 28
966 25 321 -3 12 27
966 26 327 -3 13 28
966 32 365 9 11 31
966 33 373 7 10 32
966 34 534 0 12 29
967 3 456 -5 14 30
967 4 454 -3 14 34
967 5 407 -2 13 34
967 6 465 6 12 34
967 7 407 37 14 39
967 8 419 40 12 32
967 9 305 176 32 65
967 10 76 304 41 89
967 11 114 312 41 94
967 12 5 330 37 98
967 13 29 371 48 91
967 14 25 414 59 101
967 17 165 350 41 100
967 18 230 345 35 100
967 19 267 351 33 96
967 20 336 185 30 74
967 21 345 85 20 50
967 22 362 78 20 55
967 23 324 27 17 40
967 24 310 -3 15 28
967 25 321 -3 12 27
967 26 327 -3 13 28
967 32 365 9 11 31
967 33 373 7 10 32
967 34 533 0 12 29
968 3 456 -5 14 30
968 4 454 -3 14 34
968 5 407 -2 13 34
968 6 465 6 12 34
968 7 407 37 14 39
968 8 419 40 13 33
968 9 306 176 32 65
968 10 77 302 41 90
968 11 114 310 41 96
968 12 8 328 36 98
968 13 32 369 49 91
968 14 31 411 56 106
968 17 165 352 40 103
968 18 230 347 35 100
968 19 266 352 33 99
968 20 336 185 30 74
968 21 345 85 20 51
968 22 362 79 20 55
968 23 324 28 17 40
968 24 310 -3 15 28
968 25 321 -3 12 27
968 26 327 -3 13 28
968 32 365 9 11 31
968 33 373 7 10 32
968 34 533 0 12 29
969 3 456 -5 14 30
969 4 454 -3 14 34
969 5 407 -3 13 33
969 6 466 6 12 34
969 7 407 36 13 38
969 8 419 39 13 36
969 9 309 176 32 66
969 10 75 300 40 91
969 11 115 309 43 97
969 12 9 327 38 98
969 13 36 368 47 90
969 14 34 409 56 107
969 17 165 354 39 108
969 18 229 348 34 100
969 19 266 354 33 98
969 20 337 186 27 72
969 21 344 85 20 52
969 22 362 80 20 54
969 23 325 28 17 40
969 24 310 -3 15 28
969 25 321 -3 12 27
969 26 327 -3 13 28
969 32 365 9 11 31
969 33 373 7 10 32
969 34 533 0 12 29
970 3 457 -5 14 30
970 4 454 -3 14 34
970 5 407 -3 13 33
970 6 466 6 11 33
970 7 407 36 14 39
970 8 419 39 13 36
970 9 309 174 29 65
970 10 82 299 35 90
970 11 117 308 42 98
970 12 11 326 37 97
970 13 38 366 51 89
970 14 36 408 57 106
970 17 162 356 40 107
970 18 228 348 35 101
970 19 266 355 36 97
970 20 337 187 27 72
970 21 344 85 21 53
970 22 362 80 19 53
970 23 325 27 17 41
970 24 310 -3 15 28
970 25 321 -2 12 27
970 26 327 -2 13 27
970 32 365 9 11 31
970 33 373 7 10 32
970 34 533 0 12 29
971 3 457 -5 14 30
971 4 452 -4 13 34
971 5 407 -3 13 33
971 6 466 6 12 33
971 7 407 35 14 39
971 8 419 39 13 36
971 9 310 172 29 67
971 10 83 298 38 90
971 11 118 304 44 102
971 12 13 325 42 98
971 13 41 365 61 87
971 14 37 405 57 107
971 17 162 358 39 106
971 18 228 350 34 101
971 19 266 356 36 97
971 20 337 187 27 71
971 21 344 85 21 53
971 22 362 81 19 53
971 23 325 27 17 41
971 24 310 -3 15 28
971 25 321 -2 12 27
971 26 328 -2 13 27
971 32 365 9 11 30
971 33 373 7 10 32
971 34 532 0 12 29
972 3 457 -5 14 30
972 4 452 -4 13 34
972 5 407 -3 13 33
972 6 466 6 11 33
972 7 407 35 14 39
972 8 419 39 13 36
972 9 310 172 29 67
972 10 83 298 38 90
972 11 120 305 41 97
972 12 13 325 42 98
972 13 49 365 53 87
972 14 40 404 55 108
972 17 162 358 39 106
972 18 228 350 34 101
972 19 266 356 36 97
972 20 337 187 27 71
972 21 344 85 21 53
972 22 362 81 19 52
972 23 325 27 17 41
972 24 310 -3 15 28
972 25 321 -2 12 27
972 26 328 -2 13 27
972 32 365 9 11 30
972 33 373 7 10 32
972 34 532 0 12 29
973 3 457 -5 14 30
973 4 452 -4 13 34
973 5 407 -4 13 33
973 6 466 6 11 32
973 7 407 35 14 39
973 8 419 39 13 35
973 9 311 171 29 68
973 10 85 297 37 91
973 11 121 303 41 96
973 12 15 324 42 98
973 13 53 364 54 86
973 14 42 402 52 109
973 17 162 360 38 105
973 18 227 351 35 102
973 19 266 357 36 96
973 20 337 188 26 70
973 21 344 85 20 52
973 22 362 82 19 53
973 23 326 27 16 41
973 24 310 -3 15 28
973 25 321 -2 12 27
973 26 328 -2 13 27
973 32 365 9 11 30
973 33 373 7 10 32
973 34 532 0 12 29
974 3 457 -5 14 30
974 4 452 -4 13 34
974 5 407 -4 13 33
974 6 467 6 11 31
974 7 407 34 14 39
974 8 419 39 13 35
974 9 312 170 30 68
974 10 86 296 39 94
974 11 122 301 40 92
974 12 19 322 37 98
974 13 56 362 54 86
974 14 47 399 50 105
974 17 160 362 39 106
974 18 227 352 34 101
974 19 266 359 35 95
974 20 337 189 26 70
974 21 344 85 20 51
974 22 361 82 20 54
974 23 326 27 16 41
974 24 310 -3 15 28
974 25 321 -2 12 27
974 26 328 -2 13 27
974 32 365 9 11 30
974 33 373 7 10 32
974 34 532 0 12 29
975 3 457 -5 14 30
975 4 452 -4 13 34
975 5 407 -4 13 33
975 6 467 6 11 31
975 7 407 34 14 39
975 8 419 38 12 35
975 9 315 169 30 68
975 10 87 294 39 95
975 11 123 299 43 87
975 12 21 321 37 99
975 13 59 360 54 84
975 14 50 396 45 103
975 17 160 364 39 107
975 18 226 354 34 102
975 19 266 360 35 94
975 20 336 190 27 73
975 21 344 85 20 51
975 22 361 82 20 56
975 23 327 27 16 40
975 24 310 -3 15 28
975 25 321 -2 12 27
975 26 328 -1 13 27
975 32 365 9 11 30
975 33 373 7 10 32
975 34 532 0 12 30
976 3 458 -5 14 30
976 4 452 -4 13 34
976 5 407 -4 13 33
976 6 467 6 12 33
976 7 407 34 14 39
976 8 419 38 13 35
976 9 318 169 29 67
976 10 88 293 39 96
976 11 124 297 42 88
976 12 23 320 37 97
976 13 63 359 48 82
976 14 55 393 43 98
976 17 159 365 39 107
976 18 225 354 35 104
976 19 265 362 35 94
976 20 336 191 27 72
976 21 344 86 20 52
976 22 361 82 20 55
976 23 328 28 16 40
976 24 310 -3 15 28
976 25 322 -2 12 27
976 26 328 -2 13 27
976 32 365 10 11 30
976 33 373 9 10 31
976 34 530 0 13 30
977 3 458 -5 14 30
977 4 453 -5 14 35
977 5 407 -4 13 33
977 6 467 5 11 32
977 7 407 34 15 42
977 8 419 38 13 35
977 9 319 168 30 69
977 10 90 292 41 95
977 11 130 295 36 89
977 12 26 318 32 94
977 13 65 357 47 87
977 14 58 390 42 95
977 17 159 367 39 107
977 18 225 356 34 96
977 19 259 363 41 98
977 20 336 192 26 71
977 21 344 86 21 52
977 22 361 83 20 55
977 23 328 28 16 40
977 24 310 -3 15 28
977 25 322 -2 12 27
977 26 328 -2 13 28
977 32 365 10 11 30
977 33 373 9 10 31
977 34 530 0 13 30
978 3 459 -5 14 30
978 4 453 -5 14 35
978 5 407 -4 13 33
978 6 468 5 11 32
978 7 407 34 15 42
978 8 419 37 13 35
978 9 320 168 29 67
978 10 91 291 41 96
978 11 131 293 39 90
978 12 27 316 33 95
978 13 64 355 48 90
978 14 60 387 42 97
978 17 159 369 38 104
978 18 224 358 34 96
978 19 259 365 40 102
978 20 334 193 26 71
978 21 343 87 21 52
978 22 361 83 20 55
978 23 329 28 15 39
978 24 311 -3 15 28
978 25 322 -2 12 27
978 26 328 -2 13 28
978 32 365 10 11 30
978 33 373 9 10 31
978 34 530 0 13 30
979 3 459 -5 14 30
979 4 453 -5 14 35
979 5 407 -4 13 33
979 6 468 5 12 32
979 7 407 34 15 42
979 8 419 37 13 35
979 9 321 168 31 70
979 10 91 291 41 96
979 11 131 293 39 90
979 12 27 316 38 95
979 13 64 355 48 90
979 14 60 388 42 97
979 17 158 369 38 105
979 18 224 358 34 96
979 19 259 365 40 102
979 20 334 193 26 71
979 21 343 87 21 52
979 22 361 83 20 55
979 23 328 28 16 40
979 24 311 -3 15 28
979 25 322 -2 12 27
979 26 328 -2 13 28
979 32 365 10 11 30
979 33 373 9 10 31
979 34 529 0 13 30
980 3 459 -5 14 30
980 4 453 -5 14 35
980 5 407 -4 13 33
980 6 469 4 11 32
980 7 407 34 15 42
980 8 419 37 13 35
980 9 322 168 31 71
980 10 93 290 40 92
980 11 133 292 38 91
980 12 28 314 38 96
980 13 66 353 48 90
980 14 64 384 42 96
980 17 155 370 40 109
980 18 223 359 34 101
980 19 259 367 40 101
980 20 334 194 26 70
980 21 344 89 20 51
980 22 361 83 20 56
980 23 329 28 16 40
980 24 311 -2 15 28
980 25 322 -2 12 27
980 26 328 -2 13 28
980 32 365 10 11 30
980 33 373 9 10 31
980 34 529 0 13 30
981 3 459 -5 14 30
981 4 453 -5 14 35
981 5 407 -4 13 33
981 6 469 4 11 32
981 7 407 34 15 41
981 8 419 37 13 35
981 9 324 167 31 69
981 10 93 288 42 97
981 11 134 291 44 92
981 12 30 313 40 92
981 13 68 351 50 91
981 14 62 382 42 100
981 17 153 371 42 110
981 18 222 361 34 105
981 19 258 369 39 101
981 20 333 195 26 70
981 21 344 89 20 50
981 22 361 83 20 56
981 23 329 28 15 39
981 24 311 -2 15 28
981 25 322 -1 12 27
981 26 328 -2 13 27
981 32 365 10 11 30
981 33 372 9 10 31
981 34 529 0 13 30
982 3 460 -6 14 29
982 4 454 -5 14 35
982 5 407 -4 13 33
982 6 470 4 11 32
982 7 407 34 15 41
982 8 419 37 13 35
982 9 324 166 34 69
982 10 95 286 41 94
982 11 135 290 47 92
982 12 38 312 34 93
982 13 67 349 50 91
982 14 63 380 42 101
982 17 154 373 40 105
982 18 221 363 34 105
982 19 258 372 38 97
982 20 333 196 25 70
982 21 344 90 20 50
982 22 361 83 20 55
982 23 330 28 15 39
982 24 311 -2 15 28
982 25 322 -1 12 27
982 26 328 -1 13 27
982 32 365 10 11 30
982 33 372 9 10 31
982 34 529 0 13 30
983 3 460 -6 14 29
983 4 454 -5 14 35
983 5 407 -4 13 33
983 6 470 4 11 32
983 7 407 33 15 42
983 8 419 37 13 35
983 9 324 165 35 70
983 10 98 284 41 91
983 11 136 289 48 92
983 12 40 311 37 93
983 13 71 346 49 92
983 14 65 379 43 102
983 17 152 373 41 102
983 18 221 367 33 102
983 19 257 372 40 104
983 20 332 196 27 74
983 21 344 90 20 50
983 22 361 84 20 55
983 23 330 27 16 40
983 24 311 -2 15 28
983 25 322 -1 12 27
983 26 329 -1 13 27
983 32 365 10 11 30
983 33 372 9 10 31
983 34 528 0 13 30
984 3 461 -6 14 29
984 4 454 -5 14 35
984 5 407 -4 13 33
984 6 469 4 12 32
984 7 408 33 15 42
984 8 419 37 13 35
984 9 324 164 36 73
984 10 100 283 41 91
984 11 137 288 48 92
984 12 43 309 36 94
984 13 73 345 54 90
984 14 69 378 40 98
984 17 151 374 41 102
984 18 218 368 35 106
984 19 256 374 40 104
984 20 332 197 26 70
984 21 344 90 20 50
984 22 362 84 20 54
984 23 330 27 16 40
984 24 311 -1 15 28
984 25 322 -1 12 27
984 26 329 0 13 27
984 32 365 10 11 30
984 33 372 9 10 31
984 34 528 0 13 30
985 3 461 -6 14 29
985 4 454 -5 14 35
985 5 407 -4 13 33
985 6 469 4 12 32
985 7 408 33 15 42
985 8 419 37 13 35
985 9 330 164 30 69
985 10 100 283 38 91
985 11 137 288 48 92
985 12 43 309 36 94
985 13 73 345 54 90
985 14 69 378 40 101
985 17 152 374 41 101
985 18 218 369 35 105
985 19 256 374 41 105
985 20 333 198 24 67
985 21 343 90 21 52
985 22 362 84 20 54
985 23 330 27 16 41
985 24 311 -1 15 28
985 25 322 -1 12 27
985 26 329 0 13 27
985 32 365 10 11 30
985 33 372 9 10 31
985 34 528 0 13 30
986 3 463 -6 13 29
986 4 454 -5 14 35
986 5 407 -5 13 33
986 6 470 4 12 31
986 7 408 32 15 42
986 8 419 37 12 34
986 9 330 163 31 71
986 10 102 282 38 91
986 11 139 287 45 92
986 12 46 309 36 93
986 13 75 344 55 89
986 14 70 376 40 102
986 17 151 376 45 107
986 18 217 370 35 106
986 19 255 376 41 105
986 20 333 199 24 66
986 21 343 90 20 50
986 22 362 85 20 54
986 23 331 27 16 40
986 24 311 -1 15 28
986 25 322 -1 12 27
986 26 329 0 13 27
986 32 365 10 11 30
986 33 372 9 10 31
986 34 528 0 13 30
987 3 463 -6 13 29
987 4 454 -5 14 35
987 5 407 -5 13 33
987 6 470 4 12 31
987 7 408 32 15 42
987 8 419 37 12 34
987 9 334 161 28 71
987 10 103 281 38 90
987 11 141 286 46 92
987 12 47 309 37 95
987 13 78 342 55 90
987 14 73 373 41 101
987 17 151 378 42 112
987 18 216 372 35 106
987 19 255 378 41 103
987 20 332 200 24 70
987 21 343 90 21 52
987 22 362 86 19 54
987 23 331 27 15 40
987 24 311 -1 15 28
987 25 322 -1 12 27
987 26 329 -1 13 28
987 32 365 10 11 30
987 33 372 9 10 31
987 34 528 0 13 30
988 3 464 -6 13 29
988 4 454 -5 14 35
988 5 407 -5 13 33
988 6 470 4 12 32
988 7 408 32 15 42
988 8 419 37 12 34
988 9 334 160 29 73
988 10 105 279 37 89
988 11 142 285 42 92
988 12 51 309 36 93
988 13 80 339 55 83
988 14 74 371 41 101
988 17 150 380 42 112
988 18 215 374 35 105
988 19 254 378 42 107
988 20 332 200 24 70
988 21 343 90 21 52
988 22 362 86 20 55
988 23 332 26 16 40
988 24 311 -1 15 28
988 25 322 0 12 27
988 26 329 -1 13 28
988 32 364 10 11 30
988 33 372 9 10 31
988 34 527 0 13 31
989 3 464 -6 13 29
989 4 454 -5 14 35
989 5 407 -5 13 33
989 6 471 4 12 32
989 7 408 32 15 42
989 8 419 36 12 34
989 9 335 160 32 71
989 10 106 278 44 90
989 11 144 284 41 91
989 12 55 308 36 91
989 13 93 337 48 85
989 14 77 369 39 94
989 17 150 382 42 113
989 18 214 375 35 106
989 19 253 380 42 102
989 20 332 202 24 69
989 21 342 90 21 52
989 22 362 86 20 54
989 23 332 26 16 40
989 24 311 -1 15 28
989 25 322 0 12 27
989 26 329 -1 13 28
989 32 364 10 11 30
989 33 372 9 10 31
989 34 527 0 13 31
990 3 465 -6 13 29
990 4 454 -5 14 35
990 5 407 -5 13 33
990 6 471 3 12 32
990 7 408 32 15 42
990 8 419 36 12 34
990 9 340 159 29 72
990 10 107 277 44 89
990 11 145 282 41 87
990 12 58 306 37 93
990 13 95 336 48 85
990 14 78 366 40 95
990 17 151 386 39 111
990 18 212 376 41 107
990 19 252 381 42 102
990 20 332 202 23 68
990 21 342 90 21 53
990 22 362 86 20 56
990 23 333 26 16 39
990 24 311 -1 15 28
990 25 322 0 12 27
990 26 329 -1 13 28
990 32 364 10 11 30
990 33 372 9 10 31
990 34 526 0 13 31
991 3 465 -6 13 29
991 4 454 -5 14 35
991 5 407 -5 13 33
991 6 471 3 12 32
991 7 408 32 15 42
991 8 419 36 12 34
991 9 340 159 29 66
991 10 108 277 44 88
991 11 150 282 36 87
991 12 55 306 40 94
991 13 95 336 48 85
991 14 78 367 40 94
991 17 151 386 39 111
991 18 212 376 41 107
991 19 252 381 42 102
991 20 332 202 23 68
991 21 342 90 21 52
991 22 362 86 20 56
991 23 333 26 16 39
991 24 311 -1 15 28
991 25 322 0 12 27
991 26 329 -1 13 28
991 32 364 10 11 30
991 33 372 10 10 31
991 34 526 0 13 31
992 3 465 -6 13 29
992 4 454 -5 14 35
992 5 407 -5 13 33
992 6 472 3 12 32
992 7 408 32 15 42
992 8 419 36 12 34
992 9 341 159 33 65
992 10 108 276 44 90
992 11 152 281 34 85
992 12 59 305 39 93
992 13 96 333 48 87
992 14 78 364 47 97
992 17 151 388 39 110
992 18 211 377 41 101
992 19 252 383 42 103
992 20 328 203 27 70
992 21 342 91 21 51
992 22 362 86 20 56
992 23 333 26 16 39
992 24 311 -1 15 28
992 25 322 0 12 27
992 26 329 0 13 28
992 32 364 10 11 31
992 33 372 10 10 31
992 34 525 0 13 31
993 3 466 -6 13 29
993 4 454 -5 14 35
993 5 407 -6 13 33
993 6 472 3 12 33
993 7 408 32 15 41
993 8 419 35 12 35
993 9 342 159 33 66
993 10 113 276 44 84
993 11 153 279 34 82
993 12 62 304 38 93
993 13 99 330 46 88
993 14 79 362 49 99
993 17 148 385 40 114
993 18 210 378 41 102
993 19 251 385 42 101
993 20 328 204 27 73
993 21 342 92 20 50
993 22 362 86 20 56
993 23 333 26 16 41
993 24 311 -1 15 28
993 25 322 0 12 27
993 26 329 0 13 28
993 32 364 10 11 31
993 33 372 10 10 31
993 34 525 0 13 31
994 3 466 -7 14 29
994 4 455 -6 14 35
994 5 407 -6 13 33
994 6 473 2 12 33
994 7 407 32 15 41
994 8 419 35 12 35
994 9 343 159 34 62
994 10 115 275 44 83
994 11 154 278 34 83
994 12 64 302 38 86
994 13 101 329 46 88
994 14 85 360 52 101
994 17 147 387 40 113
994 18 209 379 41 102
994 19 251 387 42 102
994 20 328 202 27 76
994 21 342 93 20 50
994 22 362 86 20 57
994 23 334 27 16 40
994 24 312 -1 15 28
994 25 322 0 12 27
994 26 329 0 13 28
994 32 364 10 11 30
994 33 372 10 10 31
994 34 525 0 13 31
995 3 466 -7 14 29
995 4 455 -6 14 35
995 5 407 -6 13 33
995 6 473 2 12 33
995 7 407 32 15 41
995 8 419 35 12 34
995 9 344 159 33 62
995 10 116 274 44 84
995 11 156 277 39 84
995 12 66 301 38 86
995 13 104 327 45 87
995 14 86 359 53 102
995 17 146 388 38 118
995 18 208 381 42 103
995 19 250 390 41 106
995 20 328 204 27 75
995 21 342 93 20 49
995 22 362 86 20 57
995 23 334 27 16 40
995 24 312 -1 15 28
995 25 322 -1 12 27
995 26 329 0 14 28
995 32 364 10 11 30
995 33 372 10 10 31
995 34 524 0 12 31
996 3 467 -7 14 29
996 4 455 -6 14 35
996 5 407 -6 13 33
996 6 474 1 13 33
996 7 407 32 14 40
996 8 419 35 12 34
996 9 346 159 33 62
996 10 118 273 43 83
996 11 157 276 40 85
996 12 68 299 39 87
996 13 106 326 46 88
996 14 87 357 53 103
996 17 145 389 38 118
996 18 207 383 42 103
996 19 250 393 40 104
996 20 328 205 26 74
996 21 342 94 20 49
996 22 362 86 21 58
996 23 334 27 16 40
996 24 312 0 15 28
996 25 322 -1 12 27
996 26 329 0 14 28
996 32 364 11 11 30
996 33 372 10 10 32
996 34 524 0 12 31
997 3 467 -7 14 29
997 4 455 -6 14 35
997 5 407 -6 13 33
997 6 474 1 13 33
997 7 407 31 15 41
997 8 419 35 12 34
997 9 346 159 31 62
997 10 118 273 44 83
997 11 157 276 40 85
997 12 68 299 39 87
997 13 106 326 45 88
997 14 88 357 57 102
997 17 145 389 38 118
997 18 207 383 42 103
997 19 250 393 40 106
997 20 326 205 30 77
997 21 342 94 19 49
997 22 362 86 21 58
997 23 334 27 16 40
997 24 312 0 15 28
997 25 322 -1 12 27
997 26 329 0 14 28
997 32 364 11 11 30
997 33 372 10 10 32
997 34 522 0 12 30
998 3 467 -7 14 29
998 4 456 -6 14 35
998 5 406 -8 13 34
998 6 475 1 13 33
998 7 407 31 14 40
998 8 419 35 12 34
998 9 347 158 31 63
998 10 120 272 38 83
998 11 158 275 40 86
998 12 72 299 38 87
998 13 109 325 47 88
998 14 90 356 57 98
998 17 145 391 40 116
998 18 206 385 41 107
998 19 250 396 39 105
998 20 326 206 30 77
998 21 341 94 21 51
998 22 362 87 20 57
998 23 334 28 15 39
998 24 312 0 15 28
998 25 322 -1 12 27
998 26 329 0 14 28
998 32 364 11 11 30
998 33 371 10 10 32
998 34 522 0 12 30
999 3 467 -7 14 29
999 4 456 -6 14 35
999 5 406 -8 13 34
999 6 475 1 13 33
999 7 407 31 14 40
999 8 419 35 12 34
999 9 350 157 32 63
999 10 122 271 38 83
999 11 159 274 41 85
999 12 74 298 38 86
999 13 112 324 46 87
999 14 97 355 52 98
999 17 145 393 38 114
999 18 205 387 41 112
999 19 249 399 39 104
999 20 325 207 30 77
999 21 341 95 20 49
999 22 362 87 20 56
999 23 335 28 16 41
999 24 312 0 15 28
999 25 322 -1 12 27
999 26 329 0 14 28
999 32 364 11 11 30
999 33 371 10 10 32
999 34 522 0 12 30
1000 3 467 -7 14 29
1000 4 456 -6 14 35
1000 5 406 -8 13 34
1000 6 476 1 13 33
1000 7 407 30 14 40
1000 8 419 34 12 34
1000 9 351 156 30 63
1000 10 124 269 38 84
1000 11 160 273 41 86
1000 12 77 297 37 92
1000 13 115 324 53 86
1000 14 99 354 52 97
1000 17 144 394 39 117
1000 18 204 390 41 113
1000 19 249 401 39 104
1000 20 325 208 30 78
1000 21 341 96 20 49
1000 22 362 88 20 55
1000 23 335 28 16 40
1000 24 312 0 15 28
1000 25 322 -1 12 27
1000 26 329 0 14 28
1000 32 364 11 11 30
1000 33 371 10 10 32
1000 34 522 0 12 30
1001 3 468 -7 14 29
1001 4 456 -6 14 35
1001 5 406 -8 13 34
1001 6 476 1 12 32
1001 7 407 30 14 40
1001 8 419 34 12 33
1001 9 352 155 33 64
1001 10 126 267 38 84
1001 11 162 272 41 85
1001 12 79 296 37 92
1001 13 117 324 52 84
1001 14 102 352 48 96
1001 17 145 396 37 112
1001 18 203 394 41 111
1001 19 248 403 40 107
1001 20 325 208 30 78
1001 21 340 95 21 53
1001 22 362 89 19 54
1001 23 336 28 16 41
1001 24 312 0 15 28
1001 25 322 -1 12 27
1001 26 329 0 13 28
1001 32 364 11 11 30
1001 33 371 10 10 32
1001 34 522 0 12 30
1002 3 468 -7 14 29
1002 4 455 -6 14 33
1002 5 406 -8 13 34
1002 6 477 2 12 32
1002 7 407 30 14 41
1002 8 419 34 12 33
1002 9 353 154 33 64
1002 10 126 266 35 83
1002 11 164 271 41 84
1002 12 82 296 36 93
1002 13 121 322 53 86
1002 14 103 350 46 98
1002 17 143 396 39 116
1002 18 202 396 41 112
1002 19 248 405 39 107
1002 20 324 209 31 78
1002 21 339 95 21 54
1002 22 362 89 20 56
1002 23 336 28 16 41
1002 24 312 0 15 28
1002 25 322 -1 12 27
1002 26 329 0 14 28
1002 32 364 11 11 30
1002 33 371 10 10 32
1002 34 520 0 13 31
1003 3 468 -7 14 29
1003 4 455 -6 14 33
1003 5 406 -8 13 34
1003 6 477 2 12 32
1003 7 407 30 14 41
1003 8 419 34 12 33
1003 9 354 154 34 64
1003 10 126 266 35 83
1003 11 163 271 42 86
1003 12 82 296 36 93
1003 13 121 322 53 86
1003 14 103 350 46 98
1003 17 144 397 38 111
1003 18 202 396 39 112
1003 19 247 405 39 107
1003 20 325 209 30 78
1003 21 339 95 22 54
1003 22 362 90 19 54
1003 23 336 28 16 41
1003 24 312 0 15 28
1003 25 322 -1 12 27
1003 26 329 0 14 28
1003 32 364 11 11 30
1003 33 371 10 10 32
1003 34 520 0 13 31
1004 3 468 -7 14 29
1004 4 455 -6 14 33
1004 5 406 -8 13 34
1004 6 477 2 12 31
1004 7 407 30 14 40
1004 8 419 34 12 33
1004 9 355 153 35 67
1004 10 128 265 35 83
1004 11 166 270 40 83
1004 12 86 295 35 92
1004 13 124 321 52 83
1004 14 106 349 46 96
1004 17 144 399 37 109
1004 18 201 398 39 112
1004 19 247 407 39 106
1004 20 325 209 30 78
1004 21 339 95 22 54
1004 22 361 91 20 56
1004 23 336 28 16 42
1004 24 312 0 15 28
1004 25 322 0 12 27
1004 26 329 0 14 29
1004 32 364 11 11 30
1004 33 371 10 10 31
1004 34 520 0 13 31
1005 3 467 -8 14 29
1005 4 455 -6 14 33
1005 5 406 -8 13 34
1005 6 478 1 12 31
1005 7 407 29 14 40
1005 8 419 33 12 34
1005 9 356 153 37 67
1005 10 131 264 34 82
1005 11 167 269 41 84
1005 12 88 293 36 93
1005 13 126 319 53 85
1005 14 105 345 49 103
1005 17 143 400 39 116
1005 18 200 400 39 112
1005 19 243 409 40 108
1005 20 321 210 32 81
1005 21 339 96 20 51
1005 22 360 91 20 56
1005 23 337 28 17 42
1005 24 312 0 15 28
1005 25 322 0 12 27
1005 26 329 0 14 29
1005 32 364 11 11 30
1005 33 371 10 10 31
1005 34 520 0 13 31
1006 3 467 -8 14 29
1006 4 455 -6 14 33
1006 5 406 -8 13 34
1006 6 478 1 13 32
1006 7 407 29 14 40
1006 8 419 33 12 34
1006 9 357 154 37 67
1006 10 133 263 33 81
1006 11 169 267 40 83
1006 12 90 292 36 92
1006 13 128 317 53 85
1006 14 109 343 44 102
1006 17 144 402 39 121
1006 18 200 402 39 114
1006 19 241 411 41 109
1006 20 322 211 31 78
1006 21 338 95 22 54
1006 22 360 91 20 56
1006 23 337 28 17 42
1006 24 312 0 15 28
1006 25 322 0 12 27
1006 26 329 0 14 29
1006 32 364 11 11 30
1006 33 371 10 10 31
1006 34 519 0 13 31
1007 3 468 -8 14 29
1007 4 455 -6 14 33
1007 5 406 -8 13 34
1007 6 478 1 12 32
1007 7 407 29 14 40
1007 8 419 33 12 34
1007 9 359 154 37 67
1007 10 134 262 34 82
1007 11 171 266 41 82
1007 12 93 290 35 91
1007 13 136 314 46 87
1007 14 110 340 41 93
1007 17 137 404 42 121
1007 18 197 403 41 116
1007 19 242 413 40 109
1007 20 322 211 30 74
1007 21 338 96 21 53
1007 22 360 92 20 56
1007 23 337 28 16 42
1007 24 312 0 15 28
1007 25 322 0 12 27
1007 26 329 0 14 29
1007 32 364 12 11 30
1007 33 371 10 10 31
1007 34 519 0 13 31
1008 3 468 -8 14 29
1008 4 455 -6 14 33
1008 5 406 -8 13 34
1008 6 479 0 13 32
1008 7 407 29 14 40
1008 8 418 32 12 33
1008 9 360 153 40 68
1008 10 137 262 32 76
1008 11 172 265 39 79
1008 12 95 289 35 91
1008 13 138 312 46 88
1008 14 110 338 43 96
1008 17 137 409 41 115
1008 18 195 404 42 118
1008 19 240 414 40 108
1008 20 322 212 30 74
1008 21 338 97 20 51
1008 22 360 92 20 56
1008 23 338 29 16 41
1008 24 312 0 15 28
1008 25 322 0 12 27
1008 26 329 0 14 29
1008 32 364 11 11 30
1008 33 371 11 10 31
1008 34 518 1 13 30
1009 3 468 -8 14 29
1009 4 455 -6 14 33
1009 5 406 -8 13 34
1009 6 479 0 13 33
1009 7 407 29 14 40
1009 8 418 32 12 33
1009 9 360 153 40 68
1009 10 136 261 34 79
1009 11 172 265 39 78
1009 12 95 288 35 91
1009 13 138 312 41 88
1009 14 110 338 43 96
1009 17 137 409 41 114
1009 18 196 405 41 115
1009 19 240 415 40 101
1009 20 322 212 30 74
1009 21 338 97 20 51
1009 22 360 92 20 56
1009 23 338 29 16 41
1009 24 312 0 15 28
1009 25 322 0 12 27
1009 26 329 0 14 29
1009 32 364 11 11 30
1009 33 371 11 10 31
1009 34 518 1 13 30
1010 3 468 -8 14 29
1010 4 455 -6 14 33
1010 5 406 -8 13 34
1010 6 479 0 13 33
1010 7 407 29 14 40
1010 8 418 32 12 33
1010 9 362 153 40 67
1010 10 138 260 34 78
1010 11 173 263 39 79
1010 12 98 287 34 90
1010 13 141 310 41 93
1010 14 113 336 42 95
1010 17 137 413 40 112
1010 18 195 406 41 109
1010 19 240 417 39 100
1010 20 321 213 30 74
1010 21 338 98 20 49
1010 22 360 92 20 56
1010 23 338 29 16 41
1010 24 312 0 15 28
1010 25 322 0 12 27
1010 26 329 0 14 30
1010 32 364 11 11 30
1010 33 371 11 10 31
1010 34 518 1 13 30
1011 3 468 -8 14 29
1011 4 456 -6 14 33
1011 5 406 -8 13 34
1011 6 480 0 13 31
1011 7 407 29 14 40
1011 8 418 32 12 33
1011 9 366 152 38 67
1011 10 139 259 33 77
1011 11 176 261 39 78
1011 12 100 286 33 89
1011 13 142 309 41 93
1011 14 114 335 42 96
1011 17 136 415 41 113
1011 18 194 407 41 109
1011 19 238 419 43 101
1011 20 321 214 29 72
1011 21 337 98 21 55
1011 22 360 92 21 57
1011 23 338 29 16 41
1011 24 312 0 15 28
1011 25 322 0 12 27
1011 26 329 0 14 30
1011 32 364 11 11 30
1011 33 371 10 10 31
1011 34 518 1 13 30
1012 3 469 -8 14 29
1012 4 456 -6 14 33
1012 5 406 -8 13 34
1012 6 480 0 12 32
1012 7 407 29 14 39
1012 8 419 32 12 33
1012 9 368 152 38 66
1012 10 139 258 35 77
1012 11 177 260 39 78
1012 12 103 286 37 88
1012 13 143 308 41 93
1012 14 115 333 36 99
1012 17 135 417 42 114
1012 18 193 409 40 109
1012 19 238 422 42 101
1012 20 320 216 28 78
1012 21 337 99 21 54
1012 22 360 93 21 57
1012 23 339 29 16 42
1012 24 312 0 15 29
1012 25 322 0 12 27
1012 26 329 0 13 29
1012 32 364 11 11 31
1012 33 371 10 10 32
1012 34 517 1 13 30
1013 3 469 -8 14 29
1013 4 456 -6 14 33
1013 5 406 -9 14 34
1013 6 480 0 13 31
1013 7 407 29 14 40
1013 8 419 32 12 32
1013 9 369 151 35 66
1013 10 142 256 34 77
1013 11 178 259 39 78
1013 12 105 285 37 87
1013 13 145 307 44 94
1013 14 116 332 36 100
1013 17 135 419 42 116
1013 18 193 412 39 107
1013 19 238 425 41 97
1013 20 320 217 28 77
1013 21 337 100 21 54
1013 22 360 94 21 56
1013 23 339 30 16 40
1013 24 312 0 15 29
1013 25 322 0 12 28
1013 26 329 0 13 29
1013 32 364 11 11 31
1013 33 370 9 11 34
1013 34 517 1 13 30
1014 3 469 -8 14 29
1014 4 456 -6 14 33
1014 5 406 -9 14 34
1014 6 481 0 13 31
1014 7 407 27 14 42
1014 8 419 32 12 32
1014 9 371 151 34 63
1014 10 144 255 34 77
1014 11 179 259 39 78
1014 12 107 285 36 86
1014 13 146 306 44 95
1014 14 116 329 38 103
1014 17 134 420 42 116
1014 18 192 414 41 111
1014 19 236 427 42 99
1014 20 319 219 27 76
1014 21 336 100 21 54
1014 22 360 95 21 56
1014 23 340 29 17 43
1014 24 312 0 15 29
1014 25 322 0 12 28
1014 26 329 1 13 29
1014 32 364 11 11 31
1014 33 370 9 11 34
1014 34 517 1 13 30
1015 3 469 -8 14 29
1015 4 456 -6 14 33
1015 5 406 -9 14 34
1015 6 481 0 12 30
1015 7 407 27 14 40
1015 8 419 32 12 32
1015 9 371 151 34 63
1015 10 141 255 37 78
1015 11 179 259 39 78
1015 12 107 285 40 86
1015 13 147 306 46 94
1015 14 116 330 33 101
1015 17 134 421 43 115
1015 18 192 413 40 111
1015 19 239 428 40 95
1015 20 319 219 27 76
1015 21 336 100 21 55
1015 22 360 95 21 56
1015 23 341 29 17 43
1015 24 313 0 15 29
1015 25 322 0 12 28
1015 26 329 1 13 29
1015 32 364 11 11 31
1015 33 370 9 11 34
1015 34 517 1 13 30
1016 3 469 -8 14 29
1016 4 456 -6 14 33
1016 5 406 -9 14 34
1016 6 481 0 13 31
1016 7 407 27 14 41
1016 8 419 32 12 32
1016 9 372 150 34 64
1016 10 142 252 36 79
1016 11 180 258 43 78
1016 12 109 285 39 85
1016 13 148 305 46 94
1016 14 117 328 33 101
1016 17 134 423 43 101
1016 18 191 417 41 110
1016 19 238 432 39 91
1016 20 318 220 29 77
1016 21 336 101 21 55
1016 22 360 95 21 55
1016 23 342 29 17 43
1016 24 313 0 15 29
1016 25 322 0 12 28
1016 26 329 1 13 29
1016 32 364 12 11 31
1016 33 370 9 11 34
1016 34 516 1 13 30
1017 3 470 -9 14 30
1017 4 456 -6 14 33
1017 5 406 -10 14 34
1017 6 483 0 12 31
1017 7 407 26 14 41
1017 8 419 30 12 33
1017 9 374 150 34 63
1017 10 143 251 36 79
1017 11 181 257 46 80
1017 12 113 285 42 81
1017 13 150 303 47 95
1017 14 118 326 34 103
1017 17 133 424 44 104
1017 18 190 420 41 111
1017 19 237 434 39 90
1017 20 318 220 27 79
1017 21 336 101 21 55
1017 22 360 96 20 54
1017 23 342 29 17 43
1017 24 313 0 15 29
1017 25 322 0 12 28
1017 26 329 1 13 29
1017 32 364 12 11 31
1017 33 370 9 11 34
1017 34 515 1 13 30
1018 3 470 -9 14 30
1018 4 456 -6 14 33
1018 5 406 -10 14 34
1018 6 484 0 11 30
1018 7 407 26 14 41
1018 8 419 30 12 33
1018 9 375 150 31 63
1018 10 145 249 36 78
1018 11 183 256 46 79
1018 12 115 285 41 80
1018 13 153 302 48 93
1018 14 118 323 34 103
1018 17 132 425 44 104
1018 18 190 422 41 112
1018 19 237 436 39 89
1018 20 317 221 27 79
1018 21 335 101 22 57
1018 22 360 97 20 54
1018 23 342 29 17 43
1018 24 313 0 15 29
1018 25 322 1 12 28
1018 26 329 1 13 29
1018 32 364 12 11 31
1018 33 370 9 11 34
1018 34 515 1 13 30
1019 3 472 -9 14 30
1019 4 456 -6 14 33
1019 5 406 -10 14 34
1019 6 485 0 11 30
1019 7 407 26 14 41
1019 8 419 30 12 33
1019 9 377 150 31 63
1019 10 145 248 36 78
1019 11 184 256 46 80
1019 12 119 284 41 79
1019 13 154 301 48 93
1019 14 120 321 33 103
1019 17 131 428 43 103
1019 18 189 425 40 112
1019 19 234 437 41 95
1019 20 316 221 28 81
1019 21 334 101 22 58
1019 22 360 97 21 56
1019 23 342 29 17 43
1019 24 313 0 15 29
1019 25 322 1 12 28
1019 26 329 1 13 29
1019 32 364 12 11 31
1019 33 370 9 11 34
1019 34 515 1 13 30
1020 3 472 -9 14 30
1020 4 456 -6 14 33
1020 5 406 -10 14 34
1020 6 486 0 11 30
1020 7 407 26 14 41
1020 8 419 30 12 33
1020 9 377 150 34 63
1020 10 146 247 36 78
1020 11 185 254 46 82
1020 12 125 282 38 79
1020 13 157 299 47 90
1020 14 121 319 32 102
1020 17 130 430 43 104
1020 18 188 427 40 97
1020 19 232 438 42 97
1020 20 316 221 27 80
1020 21 335 102 21 55
1020 22 359 97 21 57
1020 23 342 29 17 43
1020 24 313 1 15 30
1020 25 322 1 12 28
1020 26 329 1 13 29
1020 32 364 12 11 31
1020 33 370 9 11 34
1020 34 515 1 13 30
1021 3 472 -9 14 30
1021 4 456 -6 14 33
1021 5 406 -10 14 34
1021 6 485 0 11 30
1021 7 407 26 14 40
1021 8 419 30 12 33
1021 9 377 150 36 63
1021 10 143 246 36 78
1021 11 185 254 46 81
1021 12 125 282 38 79
1021 13 155 299 49 95
1021 14 121 319 32 102
1021 17 130 430 43 102
1021 18 188 427 40 97
1021 19 232 438 42 97
1021 20 316 222 27 78
1021 21 334 101 22 59
1021 22 360 98 21 57
1021 23 342 29 17 44
1021 24 313 1 15 30
1021 25 322 1 12 28
1021 26 329 1 13 29
1021 32 364 12 11 31
1021 33 370 9 11 34
1021 34 515 1 13 30
1022 3 473 -9 14 30
1022 4 457 -6 14 33
1022 5 406 -10 14 34
1022 6 486 0 11 30
1022 7 407 26 14 41
1022 8 419 30 12 33
1022 9 382 150 33 63
1022 10 146 244 35 81
1022 11 188 253 46 82
1022 12 127 281 38 78
1022 13 162 296 42 92
1022 14 119 316 35 102
1022 17 129 433 42 103
1022 18 187 429 40 97
1022 19 231 439 42 98
1022 20 315 223 27 78
1022 21 334 101 22 58
1022 22 359 98 22 58
1022 23 343 29 17 44
1022 24 313 1 15 30
1022 25 322 1 12 30
1022 26 329 1 13 29
1022 32 364 12 11 30
1022 33 370 9 11 34
1022 34 514 2 13 30
1023 3 473 -9 14 30
1023 4 457 -8 14 33
1023 5 406 -10 14 34
1023 6 486 0 11 30
1023 7 407 26 14 40
1023 8 419 29 12 33
1023 9 383 150 33 63
1023 10 146 244 35 80
1023 11 193 252 38 80
1023 12 128 280 34 82
1023 13 164 291 42 92
1023 14 120 314 38 96
1023 17 129 435 42 104
1023 18 184 431 41 97
1023 19 230 441 43 100
1023 20 315 223 29 78
1023 21 334 102 21 56
1023 22 359 98 22 58
1023 23 343 29 17 44
1023 24 313 1 15 30
1023 25 322 1 12 30
1023 26 329 1 13 29
1023 32 364 12 11 30
1023 33 370 10 11 34
1023 34 514 2 13 30
1024 3 473 -9 14 30
1024 4 457 -8 14 33
1024 5 406 -10 14 34
1024 6 486 0 12 30
1024 7 407 26 14 40
1024 8 419 29 12 33
1024 9 385 150 32 62
1024 10 147 245 34 84
1024 11 195 251 38 79
1024 12 129 279 34 82
1024 13 165 289 39 94
1024 14 121 312 38 97
1024 17 126 437 43 105
1024 18 183 434 41 97
1024 19 229 442 43 101
1024 20 315 224 29 78
1024 21 334 102 21 56
1024 22 359 98 22 59
1024 23 343 29 17 43
1024 24 313 1 15 30
1024 25 322 1 12 30
1024 26 329 1 13 29
1024 32 364 12 11 30
1024 33 369 10 11 34
1024 34 514 2 13 30
1025 3 473 -9 14 30
1025 4 458 -8 14 33
1025 5 406 -10 14 34
1025 6 486 -1 12 31
1025 7 407 26 14 40
1025 8 419 29 12 33
1025 9 386 150 33 63
1025 10 149 243 34 84
1025 11 195 249 39 82
1025 12 132 278 33 82
1025 13 167 288 39 94
1025 14 122 311 39 97
1025 17 125 441 44 104
1025 18 182 435 41 97
1025 19 228 444 43 101
1025 20 313 224 31 83
1025 21 333 103 21 56
1025 22 359 98 22 59
1025 23 343 30 17 43
1025 24 313 1 15 30
1025 25 322 1 13 30
1025 26 329 2 13 30
1025 32 363 12 11 30
1025 33 369 10 11 34
1025 34 513 2 12 30
1026 3 475 -9 14 30
1026 4 458 -8 14 33
1026 5 406 -10 14 34
1026 6 487 -1 13 31
1026 7 407 26 14 40
1026 8 419 29 12 32
1026 9 384 150 36 63
1026 10 148 242 36 86
1026 11 195 248 40 79
1026 12 134 275 32 82
1026 13 172 287 37 94
1026 14 125 309 35 99
1026 17 123 444 47 104
1026 18 181 437 41 97
1026 19 228 446 43 102
1026 20 314 226 29 79
1026 21 333 104 21 56
1026 22 358 98 22 59
1026 23 343 30 17 43
1026 24 314 1 15 30
1026 25 322 1 13 30
1026 26 329 2 13 30
1026 32 363 12 11 31
1026 33 369 10 11 34
1026 34 513 2 12 30
1027 3 475 -9 14 30
1027 4 458 -8 14 33
1027 5 406 -10 14 34
1027 6 487 -1 13 31
1027 7 407 26 14 41
1027 8 419 29 12 32
1027 9 384 150 34 63
1027 10 149 242 36 86
1027 11 201 248 34 79
1027 12 134 275 33 78
1027 13 172 287 37 94
1027 14 125 309 35 99
1027 17 123 444 48 79
1027 18 181 437 41 97
1027 19 228 446 43 102
1027 20 314 224 29 81
1027 21 333 104 22 56
1027 22 358 98 22 59
1027 23 343 30 17 43
1027 24 314 1 15 30
1027 25 322 1 13 30
1027 26 329 2 13 30
1027 32 363 13 11 30
1027 33 369 10 11 34
1027 34 513 2 12 30
1028 3 476 -10 13 30
1028 4 458 -8 14 33
1028 5 406 -10 14 34
1028 6 487 -1 13 31
1028 7 407 25 14 41
1028 8 419 29 12 32
1028 9 385 150 34 61
1028 10 150 241 36 86
1028 11 203 247 32 78
1028 12 136 274 33 78
1028 13 173 286 37 94
1028 14 126 308 35 99
1028 17 121 447 48 80
1028 18 181 439 40 97
1028 19 224 450 45 101
1028 20 314 225 29 80
1028 21 333 104 21 56
1028 22 359 99 21 56
1028 23 344 30 17 43
1028 24 314 1 15 30
1028 25 322 1 13 30
1028 26 329 2 13 30
1028 32 363 13 11 30
1028 33 369 10 11 34
1028 34 512 2 12 30
1029 3 477 -10 13 30
1029 4 458 -8 14 33
1029 5 406 -10 14 34
1029 6 488 -1 13 31
1029 7 407 26 13 39
1029 8 419 29 11 32
1029 9 386 150 34 61
1029 10 156 239 31 86
1029 11 205 246 32 77
1029 12 138 273 33 77
1029 13 175 286 45 94
1029 14 127 307 35 99
1029 17 119 449 48 80
1029 18 180 441 40 96
1029 19 223 453 46 71
1029 20 314 227 28 80
1029 21 333 105 21 55
1029 22 358 101 21 56
1029 23 344 30 17 43
1029 24 314 1 15 30
1029 25 322 1 12 30
1029 26 329 2 13 30
1029 32 362 13 11 30
1029 33 369 10 11 34
1029 34 512 2 12 30
1030 3 477 -10 13 30
1030 4 459 -8 14 33
1030 5 406 -11 14 34
1030 6 488 -1 13 31
1030 7 407 25 13 39
1030 8 419 29 11 32
1030 9 388 150 33 60
1030 10 152 238 37 88
1030 11 205 245 38 80
1030 12 140 273 32 76
1030 13 177 285 46 94
1030 14 129 305 38 98
1030 17 117 453 48 80
1030 18 179 443 40 97
1030 19 223 456 46 71
1030 20 313 228 29 82
1030 21 332 106 21 56
1030 22 358 102 21 56
1030 23 344 30 17 43
1030 24 314 1 15 30
1030 25 322 1 12 30
1030 26 329 2 13 31
1030 32 362 13 11 30
1030 33 369 10 11 34
1030 34 512 2 12 30
1031 3 477 -10 13 30
1031 4 459 -8 14 33
1031 5 406 -11 14 34
1031 6 489 -2 13 32
1031 7 407 25 13 39
1031 8 419 28 11 32
1031 9 397 149 26 59
1031 10 158 237 32 85
1031 11 207 244 38 80
1031 12 142 273 32 74
1031 13 179 284 46 94
1031 14 130 303 38 98
1031 17 114 455 49 81
1031 18 179 446 39 96
1031 19 222 458 46 72
1031 20 314 230 27 77
1031 21 332 106 22 57
1031 22 358 103 20 54
1031 23 344 30 17 43
1031 24 314 1 15 30
1031 25 322 2 12 30
1031 26 329 2 13 31
1031 32 362 13 11 31
1031 33 368 10 11 35
1031 34 512 2 12 30
1032 3 477 -10 13 30
1032 4 459 -8 14 33
1032 5 406 -11 14 34
1032 6 489 -2 12 30
1032 7 407 24 14 38
1032 8 419 28 11 32
1032 9 398 149 26 58
1032 10 160 234 32 91
1032 11 209 244 37 77
1032 12 144 272 44 79
1032 13 182 283 46 93
1032 14 131 301 40 100
1032 17 111 457 50 82
1032 18 178 450 39 96
1032 19 222 461 46 73
1032 20 313 231 29 83
1032 21 331 106 22 58
1032 22 357 103 21 56
1032 23 344 30 17 43
1032 24 314 2 15 30
1032 25 322 2 12 30
1032 26 329 2 13 30
1032 32 362 13 11 31
1032 33 368 10 11 35
1032 34 512 2 12 30
1033 3 477 -10 13 30
1033 4 459 -8 14 33
1033 5 406 -11 14 34
1033 6 489 -2 12 31
1033 7 407 24 14 38
1033 8 419 28 11 32
1033 9 399 149 26 58
1033 10 161 234 33 91
1033 11 208 242 38 85
1033 12 144 272 44 79
1033 13 182 283 46 93
1033 14 132 302 36 95
1033 17 111 457 50 82
1033 18 178 450 40 97
1033 19 222 461 46 73
1033 20 314 232 26 74
1033 21 331 105 22 59
1033 22 357 103 21 56
1033 23 344 30 17 43
1033 24 314 2 15 30
1033 25 322 2 12 30
1033 26 329 2 13 30
1033 32 361 13 11 31
1033 33 368 10 11 35
1033 34 512 2 12 30
1034 3 477 -10 13 30
1034 4 460 -8 14 33
1034 5 406 -11 14 34
1034 6 489 -2 13 32
1034 7 407 24 14 38
1034 8 419 27 11 32
1034 9 400 149 25 61
1034 10 161 233 35 91
1034 11 209 241 39 85
1034 12 149 271 41 79
1034 13 185 283 45 91
1034 14 135 301 34 92
1034 17 110 460 48 81
1034 18 177 453 40 98
1034 19 221 465 47 73
1034 20 314 233 30 81
1034 21 331 105 22 59
1034 22 357 104 21 57
1034 23 344 30 17 43
1034 24 314 2 15 30
1034 25 322 2 12 30
1034 26 329 2 13 30
1034 32 361 13 11 31
1034 33 368 10 11 35
1034 34 512 2 12 30
1035 3 477 -10 13 30
1035 4 460 -8 14 33
1035 5 406 -12 14 34
1035 6 490 -2 13 31
1035 7 407 24 14 38
1035 8 419 27 11 32
1035 9 401 149 25 61
1035 10 162 232 34 91
1035 11 211 240 40 84
1035 12 151 270 41 78
1035 13 183 281 46 92
1035 14 136 298 35 95
1035 17 108 461 49 83
1035 18 176 455 41 101
1035 19 220 467 46 73
1035 20 312 234 32 85
1035 21 330 106 22 60
1035 22 357 104 21 57
1035 23 344 30 17 43
1035 24 314 2 15 30
1035 25 322 2 12 30
1035 26 329 3 13 30
1035 32 361 13 11 31
1035 33 368 10 11 35
1035 34 511 2 12 30
1036 3 477 -10 13 30
1036 4 460 -8 14 33
1036 5 406 -12 14 34
1036 6 490 -3 13 32
1036 7 407 24 14 38
1036 8 419 27 12 32
1036 9 401 147 26 63
1036 10 165 231 31 85
1036 11 213 239 39 83
1036 12 153 268 37 77
1036 13 189 279 38 89
1036 14 134 295 37 101
1036 17 107 463 49 82
1036 18 174 458 41 102
1036 19 220 469 46 74
1036 20 312 235 32 85
1036 21 330 106 22 59
1036 22 356 105 22 58
1036 23 344 30 17 43
1036 24 314 2 15 30
1036 25 322 2 13 30
1036 26 329 3 13 31
1036 32 361 13 12 31
1036 33 368 10 11 35
1036 34 511 3 12 31
1036 36 384 -8 13 30
1037 3 478 -10 13 30
1037 4 460 -8 14 33
1037 5 406 -12 14 34
1037 6 491 -3 13 31
1037 7 407 24 14 38
1037 8 419 27 11 32
1037 9 402 147 26 63
1037 10 164 230 34 84
1037 11 214 238 40 85
1037 12 156 267 35 77
1037 13 190 277 39 89
1037 14 141 294 31 83
1037 17 107 466 47 79
1037 18 173 460 41 102
1037 19 219 471 47 76
1037 20 312 236 32 84
1037 21 330 106 22 58
1037 22 356 105 22 58
1037 23 345 30 15 45
1037 24 314 3 15 30
1037 25 322 2 13 30
1037 26 329 3 13 31
1037 32 361 13 11 31
1037 33 368 10 11 35
1037 34 509 3 13 31
1037 36 384 -8 13 30
1038 3 478 -10 13 30
1038 4 460 -8 14 33
1038 5 406 -12 14 34
1038 6 491 -3 13 32
1038 7 407 24 14 38
1038 8 419 27 11 32
1038 9 402 147 26 63
1038 10 170 229 29 83
1038 11 217 238 39 81
1038 12 157 265 35 81
1038 13 198 275 33 87
1038 14 141 293 32 90
1038 17 103 465 50 85
1038 18 173 463 43 101
1038 19 218 473 47 76
1038 20 311 236 34 89
1038 21 330 106 22 60
1038 22 356 105 22 58
1038 23 345 30 15 45
1038 24 314 3 15 30
1038 25 322 2 13 30
1038 26 329 3 13 31
1038 32 361 13 11 31
1038 33 367 10 11 35
1038 34 509 3 13 31
1038 36 384 -8 13 30
1039 3 478 -10 13 30
1039 4 462 -9 13 32
1039 5 406 -12 14 34
1039 6 491 -3 13 32
1039 7 407 24 14 38
1039 8 419 27 11 32
1039 9 404 147 24 63
1039 10 166 229 33 83
1039 11 215 237 41 86
1039 12 157 265 35 81
1039 13 198 275 33 87
1039 14 141 293 32 90
1039 17 103 465 50 85
1039 18 173 463 45 59
1039 19 218 473 47 76
1039 20 310 235 34 90
1039 21 330 106 22 60
1039 22 356 105 22 58
1039 23 345 30 15 45
1039 24 314 3 15 30
1039 25 322 2 13 30
1039 26 329 3 13 31
1039 32 361 13 11 31
1039 33 367 10 11 35
1039 34 509 3 13 31
1039 36 384 -8 13 30
1040 3 478 -10 13 30
1040 4 462 -9 13 32
1040 5 406 -12 14 34
1040 6 492 -3 13 32
1040 7 407 24 14 38
1040 8 419 27 11 32
1040 9 405 147 24 63
1040 10 167 229 34 82
1040 11 219 237 36 80
1040 12 158 264 35 81
1040 13 200 274 33 88
1040 14 142 292 32 91
1040 17 102 468 50 84
1040 18 172 465 45 59
1040 19 217 474 48 77
1040 20 312 237 32 85
1040 21 330 107 21 57
1040 22 355 106 22 59
1040 23 345 30 15 45
1040 24 314 3 15 30
1040 25 322 2 13 31
1040 26 329 3 13 31
1040 32 361 13 11 31
1040 33 367 10 11 35
1040 34 509 3 13 31
1040 36 384 -8 13 30
1041 3 478 -10 13 30
1041 4 462 -9 13 32
1041 5 406 -12 14 34
1041 6 492 -4 13 33
1041 7 407 23 13 38
1041 8 419 27 11 31
1041 9 406 147 24 62
1041 10 167 228 35 82
1041 11 221 237 36 79
1041 12 160 263 40 82
1041 13 203 272 33 89
1041 14 140 290 36 92
1041 17 102 471 50 85
1041 18 172 467 44 59
1041 19 216 477 48 77
1041 20 311 237 32 86
1041 21 330 108 21 57
1041 22 355 106 22 59
1041 23 346 32 15 44
1041 24 314 3 15 30
1041 25 322 2 13 31
1041 26 329 3 13 31
1041 32 361 13 11 31
1041 33 367 10 11 35
1041 34 509 3 13 31
1041 36 384 -8 13 30
1042 3 479 -10 13 29
1042 4 462 -9 13 32
1042 5 406 -12 14 34
1042 6 495 -3 12 31
1042 7 407 23 13 37
1042 8 419 27 11 31
1042 9 406 148 24 62
1042 10 169 227 34 82
1042 11 223 234 36 79
1042 12 168 262 34 82
1042 13 206 271 33 88
1042 14 141 289 36 93
1042 17 101 473 50 87
1042 18 171 468 44 59
1042 19 215 479 48 78
1042 20 312 239 30 80
1042 21 330 109 21 57
1042 22 355 106 22 59
1042 23 346 32 15 44
1042 24 314 3 15 30
1042 25 322 2 13 31
1042 26 329 3 14 31
1042 32 361 13 11 31
1042 33 367 10 11 35
1042 34 509 3 13 31
1042 36 384 -8 13 30
1043 3 479 -10 13 29
1043 4 463 -9 13 32
1043 5 406 -12 14 34
1043 6 493 -3 13 32
1043 7 407 23 13 37
1043 8 419 27 11 31
1043 9 407 147 24 63
1043 10 172 226 31 83
1043 11 221 233 37 82
1043 12 170 261 34 81
1043 13 207 270 35 89
1043 14 142 287 37 93
1043 17 100 477 49 86
1043 18 170 470 44 60
1043 19 213 481 50 79
1043 20 308 240 34 80
1043 21 329 109 22 58
1043 22 355 106 22 58
1043 23 346 32 15 44
1043 24 314 3 15 30
1043 25 322 3 13 31
1043 26 329 3 14 31
1043 32 361 13 11 31
1043 33 367 10 11 35
1043 34 509 4 13 31
1043 36 384 -7 13 30
1044 3 479 -10 13 29
1044 4 463 -9 13 32
1044 5 406 -12 14 34
1044 6 495 -3 12 32
1044 7 407 23 13 37
1044 8 418 26 11 31
1044 9 407 147 24 63
1044 10 174 225 31 83
1044 11 224 232 35 79
1044 12 172 261 34 82
1044 13 210 269 35 91
1044 14 143 286 37 93
1044 17 99 480 50 87
1044 18 169 472 44 60
1044 19 213 483 50 79
1044 20 308 241 34 80
1044 21 328 110 22 60
1044 22 354 107 22 58
1044 23 346 32 15 44
1044 24 314 3 15 30
1044 25 322 3 13 31
1044 26 329 3 14 31
1044 32 361 13 11 31
1044 33 367 10 11 35
1044 34 509 4 13 31
1044 36 384 -7 13 30
1045 3 479 -10 13 29
1045 4 463 -9 13 32
1045 5 406 -12 14 34
1045 6 495 -3 12 32
1045 7 407 23 13 37
1045 8 418 26 11 31
1045 9 408 147 20 63
1045 10 172 225 33 83
1045 11 227 231 30 81
1045 12 172 261 43 83
1045 13 210 269 35 91
1045 14 142 286 37 94
1045 17 99 480 51 87
1045 18 169 472 43 59
1045 19 213 483 50 79
1045 20 308 241 34 79
1045 21 328 110 22 60
1045 22 354 107 22 58
1045 23 346 32 15 44
1045 24 314 3 15 30
1045 25 322 3 13 30
1045 26 329 3 14 31
1045 32 361 13 11 31
1045 33 367 10 11 35
1045 34 509 4 13 31
1045 36 384 -7 13 30
1046 3 479 -10 13 29
1046 4 463 -9 13 32
1046 5 406 -12 14 34
1046 6 495 -3 12 31
1046 7 407 22 13 38
1046 8 418 26 11 31
1046 9 408 147 20 63
1046 10 173 224 34 83
1046 11 228 230 30 81
1046 12 174 260 43 83
1046 13 212 268 35 91
1046 14 144 285 37 94
1046 17 98 482 51 88
1046 18 167 476 44 58
1046 19 212 486 50 81
1046 20 308 240 32 86
1046 21 327 111 22 60
1046 22 355 108 23 57
1046 23 346 32 15 45
1046 24 314 3 15 30
1046 25 322 3 13 30
1046 26 329 3 14 31
1046 32 361 13 11 31
1046 33 367 10 11 35
1046 34 509 4 13 31
1046 36 384 -7 13 30
1047 3 479 -10 13 29
1047 4 463 -9 13 32
1047 5 407 -12 14 34
1047 6 496 -3 12 31
1047 7 407 22 13 38
1047 8 418 25 11 32
1047 9 409 147 20 63
1047 10 174 223 34 83
1047 11 231 229 30 80
1047 12 177 260 40 83
1047 13 214 266 35 91
1047 14 144 284 40 92
1047 17 97 486 49 87
1047 18 167 478 45 59
1047 19 211 490 50 79
1047 20 308 242 30 86
1047 21 327 112 22 60
1047 22 352 109 26 58
1047 23 347 32 15 45
1047 24 314 3 15 30
1047 25 322 5 13 29
1047 26 329 5 13 30
1047 32 361 13 11 31
1047 33 367 10 11 35
1047 34 509 4 13 31
1047 36 384 -7 13 30
1048 3 480 -10 14 29
1048 4 463 -9 13 32
1048 5 407 -13 14 34
1048 6 497 -3 12 31
1048 7 407 22 13 38
1048 8 418 25 12 32
1048 9 409 147 20 63
1048 10 175 222 35 84
1048 11 231 228 34 79
1048 12 179 259 40 83
1048 13 217 265 36 92
1048 14 145 282 42 93
1048 17 97 489 49 88
1048 18 166 480 45 60
1048 19 210 493 49 80
1048 20 308 244 30 85
1048 21 328 112 22 59
1048 22 354 110 24 57
1048 23 347 32 15 45
1048 24 314 3 15 30
1048 25 322 5 13 29
1048 26 329 6 13 30
1048 32 361 13 11 30
1048 33 367 11 11 35
1048 34 509 4 13 31
1048 36 384 -7 13 30
1049 3 480 -10 14 29
1049 4 463 -9 13 32
1049 5 407 -13 14 34
1049 6 497 -3 12 32
1049 7 407 21 13 38
1049 8 418 25 12 32
1049 9 410 147 20 63
1049 10 175 220 38 85
1049 11 233 228 37 78
1049 12 181 258 40 83
1049 13 219 264 36 92
1049 14 151 281 38 87
1049 17 95 491 50 88
1049 18 164 484 45 60
1049 19 209 495 49 80
1049 20 307 246 29 83
1049 21 329 113 23 59
1049 22 351 110 27 60
1049 23 347 32 15 45
1049 24 314 5 15 29
1049 25 322 5 13 29
1049 26 329 6 14 30
1049 32 361 14 11 30
1049 33 367 11 11 35
1049 34 509 4 13 31
1049 36 384 -7 13 30
1050 3 480 -10 14 29
1050 4 464 -9 13 32
1050 5 407 -13 14 34
1050 6 496 -2 14 31
1050 7 407 21 13 38
1050 8 418 25 12 32
1050 9 410 147 20 63
1050 10 176 218 38 85
1050 11 235 228 36 77
1050 12 183 256 40 84
1050 13 219 263 36 93
1050 14 152 282 39 86
1050 17 90 494 49 86
1050 18 163 487 45 61
1050 19 207 499 49 81
1050 20 307 248 29 85
1050 21 329 113 23 59
1050 22 353 111 22 59
1050 23 347 32 15 45
1050 24 314 5 15 29
1050 25 322 5 13 30
1050 26 329 6 14 30
1050 32 361 14 11 30
1050 33 367 11 11 35
1050 34 508 4 13 31
1050 36 384 -7 13 30
1051 3 480 -10 14 29
1051 4 464 -9 13 32
1051 5 407 -13 14 34
1051 6 496 -2 14 31
1051 7 407 21 13 38
1051 8 418 25 12 32
1051 9 410 147 20 63
1051 10 176 218 38 89
1051 11 235 228 39 77
1051 12 183 256 40 84
1051 13 220 263 36 90
1051 14 152 282 39 86
1051 17 90 494 53 31
1051 18 163 487 45 62
1051 19 207 499 49 81
1051 20 307 248 29 85
1051 21 329 113 23 59
1051 22 353 111 22 59
1051 23 347 32 15 45
1051 24 314 5 15 29
1051 25 322 5 13 30
1051 26 329 6 14 30
1051 32 361 14 11 30
1051 33 367 11 11 35
1051 34 508 4 13 31
1051 36 384 -7 13 30
1052 3 480 -10 14 29
1052 4 464 -9 13 32
1052 5 407 -13 14 34
1052 6 496 -2 14 31
1052 7 407 21 13 38
1052 8 418 25 13 32
1052 9 410 146 20 64
1052 10 177 217 38 89
1052 11 237 228 38 76
1052 12 184 253 35 86
1052 13 225 262 32 87
1052 14 154 281 39 81
1052 17 88 496 54 31
1052 18 161 490 46 63
1052 19 205 501 50 84
1052 20 306 250 29 85
1052 21 329 114 23 59
1052 22 353 112 22 55
1052 23 347 32 15 45
1052 24 314 5 15 29
1052 25 322 5 13 30
1052 26 329 6 14 31
1052 32 361 14 11 30
1052 33 367 11 11 35
1052 34 508 4 13 31
1052 36 384 -7 13 30
1053 3 481 -10 14 29
1053 4 464 -9 13 32
1053 5 407 -13 14 34
1053 6 497 -2 14 31
1053 7 407 21 13 38
1053 8 418 25 13 32
1053 9 410 146 20 64
1053 10 179 215 38 89
1053 11 239 227 41 77
1053 12 185 251 36 87
1053 13 226 260 32 89
1053 14 159 279 36 83
1053 17 87 499 53 31
1053 18 159 493 47 62
1053 19 205 502 52 87
1053 20 305 251 30 87
1053 21 329 114 23 59
1053 22 352 111 22 60
1053 23 347 32 15 45
1053 24 314 6 15 29
1053 25 322 5 13 31
1053 26 329 5 14 31
1053 32 360 14 11 31
1053 33 367 11 11 35
1053 34 508 6 13 30
1053 36 384 -7 13 30
1054 3 481 -10 14 29
1054 4 464 -9 13 32
1054 5 407 -13 14 34
1054 6 497 -2 14 31
1054 7 407 21 13 38
1054 8 418 25 13 32
1054 9 410 146 20 64
1054 10 180 214 34 89
1054 11 241 227 38 76
1054 12 189 249 35 84
1054 13 231 259 29 85
1054 14 160 278 36 84
1054 17 86 501 54 31
1054 18 157 496 47 63
1054 19 206 503 54 90
1054 20 304 251 30 87
1054 21 328 113 23 60
1054 22 351 112 22 60
1054 23 347 33 15 45
1054 24 314 6 15 29
1054 25 322 3 13 32
1054 26 329 5 14 31
1054 32 360 14 11 31
1054 33 367 11 11 35
1054 34 508 6 13 30
1054 36 384 -7 13 30
1055 3 481 -10 14 29
1055 4 464 -9 13 32
1055 5 407 -13 14 34
1055 6 498 -3 15 30
1055 7 407 21 14 38
1055 8 418 25 13 31
1055 9 410 146 20 64
1055 10 181 213 34 89
1055 11 243 226 36 76
1055 12 190 248 35 85
1055 13 233 258 32 86
1055 14 161 277 37 85
1055 17 83 503 55 33
1055 18 155 497 47 66
1055 19 206 504 55 93
1055 20 303 252 30 89
1055 21 329 114 23 59
1055 22 350 112 23 60
1055 23 347 33 15 45
1055 24 314 6 15 29
1055 25 322 5 13 31
1055 26 330 6 14 31
1055 32 361 15 11 29
1055 33 367 11 11 35
1055 34 508 6 13 30
1055 36 384 -7 13 30
1056 3 482 -10 14 29
1056 4 464 -9 13 32
1056 5 407 -13 14 34
1056 6 498 -3 15 30
1056 7 407 21 13 38
1056 8 418 25 12 31
1056 9 410 146 20 64
1056 10 181 212 34 89
1056 11 245 226 34 76
1056 12 197 247 32 85
1056 13 235 257 39 87
1056 14 162 276 37 86
1056 17 82 506 56 32
1056 18 153 501 48 67
1056 19 205 504 52 96
1056 20 304 254 30 87
1056 21 328 114 23 59
1056 22 350 112 23 60
1056 23 348 33 15 45
1056 24 314 6 15 29
1056 25 322 5 13 31
1056 26 330 6 14 30
1056 32 360 15 11 30
1056 33 367 11 11 35
1056 34 508 6 13 30
1056 36 384 -6 13 30
1057 3 482 -10 14 29
1057 4 464 -9 13 32
1057 5 407 -13 14 34
1057 6 498 -3 15 30
1057 7 407 21 13 38
1057 8 418 25 12 31
1057 9 410 146 20 64
1057 10 179 215 34 89
1057 11 245 224 34 78
1057 12 197 247 32 85
1057 13 235 257 39 87
1057 14 162 276 44 86
1057 17 82 506 56 32
1057 18 153 499 48 67
1057 19 205 504 47 19
1057 20 303 253 30 87
1057 21 328 115 23 59
1057 22 350 112 23 60
1057 23 348 33 15 45
1057 24 314 6 15 29
1057 25 322 5 13 31
1057 26 330 6 14 31
1057 32 360 14 11 31
1057 33 367 11 11 35
1057 34 508 6 13 30
1057 36 384 -6 13 30
1058 3 482 -10 14 29
1058 4 465 -9 13 32
1058 5 407 -13 14 34
1058 6 499 -3 15 30
1058 7 407 21 13 37
1058 8 418 25 12 30
1058 9 410 146 21 64
1058 10 180 214 34 89
1058 11 247 223 34 77
1058 12 199 246 32 85
1058 13 237 259 43 85
1058 14 166 275 41 86
1058 17 81 506 57 33
1058 18 152 502 49 68
1058 19 203 505 50 18
1058 20 302 254 30 89
1058 21 327 115 24 60
1058 22 350 112 22 60
1058 23 348 34 15 45
1058 24 314 6 15 29
1058 25 322 5 13 31
1058 26 330 7 14 30
1058 32 360 14 12 31
1058 33 366 11 11 35
1058 34 508 7 13 30
1058 36 384 -6 13 30
1059 3 482 -10 14 29
1059 4 465 -9 13 32
1059 5 407 -13 14 34
1059 6 499 -3 15 30
1059 7 407 21 13 37
1059 8 418 25 12 31
1059 9 408 146 23 64
1059 10 182 214 34 89
1059 11 248 222 33 78
1059 12 201 246 32 85
1059 13 239 259 43 85
1059 14 168 274 41 86
1059 17 81 509 58 31
1059 18 150 503 50 69
1059 20 302 255 30 89
1059 21 328 116 23 61
1059 22 349 113 22 59
1059 23 348 34 15 45
1059 24 314 6 15 29
1059 25 322 6 13 31
1059 26 330 7 14 30
1059 32 360 14 12 32
1059 33 366 11 11 35
1059 34 508 7 13 30
1059 36 383 -6 13 30
1060 3 483 -10 14 29
1060 4 465 -9 13 32
1060 5 407 -13 14 34
1060 6 500 -3 15 30
1060 7 407 20 13 38
1060 8 418 24 13 31
1060 9 408 146 23 64
1060 10 183 213 34 89
1060 11 250 221 33 78
1060 12 204 246 34 85
1060 13 238 258 47 85
1060 14 169 276 41 84
1060 18 149 504 50 68
1060 20 301 256 31 89
1060 21 327 117 24 62
1060 22 349 113 23 60
1060 23 348 34 16 46
1060 24 313 6 15 29
1060 25 322 6 13 30
1060 26 330 7 14 31
1060 32 360 14 12 32
1060 33 366 11 12 36
1060 34 508 7 13 30
1060 36 383 -6 13 30
1061 3 483 -10 14 29
1061 4 466 -9 13 32
1061 5 407 -14 14 34
1061 6 500 -3 15 30
1061 7 407 20 13 37
1061 8 418 24 13 31
1061 9 408 146 23 64
1061 10 185 212 34 89
1061 11 252 220 29 78
1061 12 206 245 34 85
1061 13 240 258 47 84
1061 14 171 275 41 82
1061 18 149 510 48 64
1061 20 301 257 31 83
1061 21 327 118 24 62
1061 22 349 114 22 59
1061 23 348 34 16 46
1061 24 313 6 15 29
1061 25 322 6 13 30
1061 26 330 7 14 31
1061 32 360 14 12 32
1061 33 366 11 12 36
1061 34 508 7 13 30
1061 36 383 -6 13 30
1062 3 483 -10 14 29
1062 4 467 -10 14 33
1062 5 407 -14 14 34
1062 6 501 -3 15 30
1062 7 407 20 13 37
1062 8 419 23 12 32
1062 9 408 146 23 64
1062 10 187 212 34 89
1062 11 254 219 29 78
1062 12 206 245 37 87
1062 13 244 257 46 84
1062 14 174 274 40 82
1062 18 148 511 51 12
1062 20 301 258 31 82
1062 21 327 120 24 61
1062 22 349 115 22 58
1062 23 348 34 16 46
1062 24 313 7 15 29
1062 25 322 6 13 30
1062 26 330 7 14 31
1062 32 360 14 12 32
1062 33 366 11 12 36
1062 34 508 7 13 30
1062 36 383 -6 13 30
1063 3 483 -10 14 29
1063 4 467 -10 14 33
1063 5 407 -14 14 34
1063 6 501 -3 15 30
1063 7 407 20 13 37
1063 8 419 23 12 32
1063 9 408 146 23 64
1063 10 184 212 34 88
1063 11 254 219 29 78
1063 12 206 245 37 87
1063 13 240 258 48 81
1063 14 173 274 41 82
1063 20 301 258 31 86
1063 21 327 120 24 61
1063 22 349 115 22 58
1063 23 348 34 16 46
1063 24 313 7 15 29
1063 25 322 6 13 30
1063 26 331 7 13 31
1063 32 360 14 12 32
1063 33 366 11 12 36
1063 34 508 7 13 30
1063 36 383 -6 13 30
1064 3 484 -10 14 29
1064 4 468 -10 14 33
1064 5 407 -14 14 34
1064 6 501 -3 15 30
1064 7 407 19 13 38
1064 8 419 23 12 32
1064 9 408 146 23 64
1064 10 186 212 34 83
1064 11 254 219 31 77
1064 12 208 244 37 87
1064 13 242 258 47 80
1064 14 176 273 40 82
1064 20 301 260 30 90
1064 21 327 121 24 60
1064 22 348 116 22 59
1064 23 348 34 16 46
1064 24 313 7 15 29
1064 25 322 6 13 30
1064 26 331 7 13 31
1064 32 360 14 12 32
1064 33 366 11 12 36
1064 34 508 7 13 30
1064 36 383 -6 13 30
1065 3 484 -10 14 29
1065 4 468 -10 14 33
1065 5 407 -15 14 34
1065 6 502 -3 15 30
1065 7 407 19 13 38
1065 8 419 23 12 32
1065 9 408 146 23 64
1065 10 188 211 34 83
1065 11 256 217 30 78
1065 12 211 243 37 86
1065 13 247 256 42 78
1065 14 179 272 39 80
1065 20 298 262 33 91
1065 21 327 121 24 60
1065 22 346 116 23 62
1065 23 349 34 16 46
1065 24 313 7 15 29
1065 25 322 6 13 31
1065 26 331 7 13 31
1065 32 360 14 12 32
1065 33 366 11 12 36
1065 34 508 7 13 30
1065 36 383 -6 13 30
1066 3 485 -10 14 29
1066 4 468 -10 14 33
1066 5 407 -15 14 34
1066 6 502 -3 15 30
1066 7 407 19 14 38
1066 8 419 23 12 32
1066 9 408 146 23 64
1066 10 189 210 34 83
1066 11 258 217 29 76
1066 12 212 241 35 84
1066 13 252 252 38 79
1066 14 180 270 35 84
1066 20 298 262 34 91
1066 21 326 121 25 63
1066 22 346 117 23 62
1066 23 349 34 16 46
1066 24 313 8 15 29
1066 25 322 6 13 31
1066 26 331 7 13 31
1066 32 360 14 12 32
1066 33 366 12 12 36
1066 34 508 7 13 30
1066 36 383 -6 13 30
1067 3 485 -10 14 29
1067 4 469 -10 14 33
1067 5 407 -15 14 34
1067 6 504 -4 15 30
1067 7 407 19 14 38
1067 8 419 23 12 32
1067 9 408 146 23 64
1067 10 192 209 33 82
1067 11 259 216 31 75
1067 12 218 240 30 85
1067 13 255 251 34 78
1067 14 184 269 32 78
1067 20 298 264 33 90
1067 21 326 121 24 62
1067 22 345 118 23 62
1067 23 349 34 16 46
1067 24 313 8 15 29
1067 25 322 7 14 31
1067 26 331 8 13 31
1067 32 360 14 12 32
1067 33 366 12 12 36
1067 34 508 7 13 30
1067 36 383 -5 13 31
1068 3 485 -10 14 29
1068 4 469 -10 14 33
1068 5 407 -15 14 34
1068 6 504 -4 15 30
1068 7 407 19 14 38
1068 8 419 23 12 32
1068 9 408 146 23 64
1068 10 193 207 32 81
1068 11 261 215 30 74
1068 12 222 239 28 82
1068 13 262 247 28 81
1068 14 186 268 32 78
1068 20 298 266 34 90
1068 21 326 122 24 60
1068 22 345 118 23 62
1068 23 349 34 16 46
1068 24 313 8 15 29
1068 25 322 7 14 32
1068 26 331 8 13 31
1068 32 360 14 12 32
1068 33 366 12 12 36
1068 34 508 7 13 30
1068 36 382 -5 13 31
1069 3 485 -10 14 29
1069 4 469 -10 14 33
1069 5 407 -15 14 34
1069 6 504 -4 15 30
1069 7 407 19 14 39
1069 8 419 23 12 31
1069 9 408 146 23 65
1069 10 193 207 33 77
1069 11 261 215 30 74
1069 12 222 239 28 82
1069 13 262 247 28 81
1069 14 188 268 30 78
1069 20 298 266 34 91
1069 21 325 121 26 66
1069 22 345 118 23 62
1069 23 349 34 16 46
1069 24 313 8 15 29
1069 25 322 6 14 33
1069 26 331 8 13 31
1069 32 360 14 12 32
1069 33 366 12 12 36
1069 34 508 7 13 30
1069 36 382 -5 13 31
1070 3 486 -10 14 29
1070 4 469 -10 14 33
1070 5 407 -15 14 34
1070 6 504 -4 15 30
1070 7 407 19 14 38
1070 8 419 23 12 31
1070 9 408 146 23 65
1070 10 194 206 33 77
1070 11 262 215 30 74
1070 12 224 238 28 83
1070 13 264 246 31 81
1070 14 190 267 30 78
1070 20 298 267 34 94
1070 21 326 122 24 61
1070 22 344 118 24 63
1070 23 349 35 16 46
1070 24 312 8 15 29
1070 25 322 7 14 32
1070 26 331 9 13 31
1070 32 360 15 12 32
1070 33 366 12 12 36
1070 34 508 7 13 30
1070 36 382 -5 13 31
1071 3 486 -10 14 29
1071 4 469 -10 14 33
1071 5 407 -15 14 34
1071 6 507 -5 14 31
1071 7 407 19 14 38
1071 8 417 23 13 31
1071 9 408 146 23 65
1071 10 196 205 33 77
1071 11 262 215 29 71
1071 12 226 238 28 83
1071 13 266 245 31 85
1071 14 192 267 30 77
1071 20 298 268 34 93
1071 21 325 122 25 64
1071 22 344 118 23 63
1071 23 349 35 16 46
1071 24 312 8 15 29
1071 25 322 7 14 31
1071 26 331 8 13 32
1071 32 360 15 12 32
1071 33 366 12 12 36
1071 34 508 7 13 30
1071 36 382 -5 13 31
1072 3 486 -10 14 29
1072 4 469 -10 14 33
1072 5 407 -15 14 34
1072 6 508 -5 14 31
1072 7 407 19 13 38
1072 8 417 23 13 31
1072 9 408 146 23 65
1072 10 197 204 33 77
1072 11 264 214 30 72
1072 12 227 237 40 84
1072 13 267 244 37 86
1072 14 191 266 33 78
1072 20 298 269 34 93
1072 21 325 122 26 65
1072 22 344 119 24 63
1072 23 349 35 16 46
1072 24 312 9 15 29
1072 25 322 8 13 31
1072 26 331 8 13 32
1072 32 360 15 12 32
1072 33 366 12 12 36
1072 34 508 8 13 30
1072 36 382 -5 13 31
1073 3 486 -10 14 29
1073 4 470 -10 14 33
1073 5 407 -15 14 34
1073 6 508 -5 14 31
1073 7 407 19 13 38
1073 8 417 22 13 31
1073 9 408 146 23 65
1073 10 198 204 32 75
1073 11 260 212 34 74
1073 12 229 237 44 84
1073 13 268 244 37 86
1073 14 191 265 43 78
1073 20 297 270 35 91
1073 21 325 122 26 66
1073 22 343 119 24 64
1073 23 349 36 16 46
1073 24 312 9 15 29
1073 25 322 8 13 30
1073 26 331 8 13 32
1073 32 360 15 12 32
1073 33 366 12 12 36
1073 34 508 8 13 30
1073 36 382 -5 13 31
1074 3 486 -10 14 29
1074 4 470 -10 14 33
1074 5 407 -15 14 34
1074 6 509 -5 15 31
1074 7 407 19 13 37
1074 8 417 22 13 32
1074 9 408 146 23 65
1074 10 199 203 32 75
1074 11 261 211 29 75
1074 12 231 237 44 83
1074 13 271 243 36 85
1074 14 193 264 43 82
1074 20 297 271 35 90
1074 21 324 123 25 64
1074 22 342 121 23 60
1074 23 349 36 16 46
1074 24 312 9 15 29
1074 25 321 8 14 32
1074 26 331 8 13 32
1074 32 359 15 12 32
1074 33 366 13 12 36
1074 34 508 8 13 30
1074 36 382 -5 13 31
1075 3 486 -10 14 29
1075 4 470 -10 14 33
1075 5 407 -15 14 34
1075 6 509 -5 15 31
1075 7 407 19 13 37
1075 8 417 22 13 32
1075 9 408 146 23 65
1075 10 199 203 32 75
1075 11 261 211 29 75
1075 12 231 237 44 83
1075 13 269 243 39 87
1075 14 193 264 43 82
1075 20 297 271 35 90
1075 21 324 123 25 64
1075 22 343 121 24 63
1075 23 349 36 16 46
1075 24 312 9 15 29
1075 25 321 8 14 32
1075 26 331 8 13 32
1075 32 359 15 12 32
1075 33 366 13 12 36
1075 34 508 8 13 30
1075 36 381 -5 13 31
1076 3 487 -10 14 29
1076 4 470 -10 14 33
1076 5 407 -15 14 34
1076 6 509 -4 14 31
1076 7 407 19 13 37
1076 8 417 22 13 32
1076 9 408 146 23 65
1076 10 200 203 32 75
1076 11 262 210 29 75
1076 12 234 237 44 83
1076 13 270 242 39 87
1076 14 192 263 47 83
1076 20 296 272 34 90
1076 21 324 124 25 64
1076 22 343 122 24 62
1076 23 349 36 16 45
1076 24 312 9 15 29
1076 25 322 8 13 30
1076 26 331 8 13 32
1076 32 359 15 12 32
1076 33 366 13 12 36
1076 34 508 8 13 30
1076 36 381 -5 13 31
1077 3 487 -10 14 29
1077 4 471 -10 14 33
1077 5 407 -15 14 34
1077 6 510 -4 15 31
1077 7 407 19 13 37
1077 8 417 22 13 32
1077 9 408 146 23 65
1077 10 200 203 32 75
1077 11 263 208 29 76
1077 12 234 235 43 82
1077 13 274 242 37 88
1077 14 194 262 47 84
1077 20 296 273 34 90
1077 21 325 126 24 62
1077 22 343 123 24 62
1077 23 349 37 15 45
1077 24 312 9 15 29
1077 25 322 9 13 31
1077 26 331 9 13 32
1077 32 359 15 12 32
1077 33 366 13 12 36
1077 34 508 8 13 30
1077 36 381 -4 13 31
1078 3 487 -10 14 29
1078 4 471 -10 14 33
1078 5 407 -15 14 34
1078 6 511 -4 15 31
1078 7 407 18 13 37
1078 8 417 22 13 32
1078 9 408 146 23 65
1078 10 201 202 32 75
1078 11 265 207 30 77
1078 12 233 235 46 81
1078 13 277 242 36 83
1078 14 196 261 47 84
1078 20 294 274 34 89
1078 21 323 126 26 65
1078 22 343 123 24 63
1078 23 349 36 16 47
1078 24 312 9 15 29
1078 25 322 9 14 31
1078 26 331 10 13 31
1078 32 359 15 12 33
1078 33 365 13 12 36
1078 34 508 8 13 30
1078 36 381 -4 13 31
1079 3 487 -10 14 29
1079 4 471 -10 14 33
1079 5 407 -15 14 34
1079 6 511 -4 15 31
1079 7 407 18 13 37
1079 8 417 22 13 32
1079 9 408 146 23 65
1079 10 202 202 32 75
1079 11 266 206 30 77
1079 12 235 235 44 80
1079 13 279 241 40 89
1079 14 201 260 46 81
1079 20 294 276 34 87
1079 21 323 127 26 65
1079 22 343 124 24 63
1079 23 349 36 16 46
1079 24 312 10 15 29
1079 25 322 9 14 31
1079 26 331 10 13 31
1079 32 359 16 12 33
1079 33 365 13 12 36
1079 34 508 8 13 30
1079 36 381 -4 13 31
1080 3 488 -10 14 29
1080 4 471 -10 14 33
1080 5 407 -15 14 34
1080 6 512 -4 15 31
1080 7 407 18 13 37
1080 8 417 22 13 32
1080 9 408 146 23 65
1080 10 203 201 32 74
1080 11 267 205 30 76
1080 12 237 234 42 79
1080 13 284 240 36 84
1080 14 208 259 35 83
1080 20 293 277 35 89
1080 21 323 128 26 66
1080 22 343 125 24 64
1080 23 349 36 16 46
1080 24 312 10 15 29
1080 25 321 9 14 32
1080 26 331 11 13 31
1080 32 359 16 12 33
1080 33 365 13 12 36
1080 34 508 8 13 30
1080 36 381 -3 13 31
1081 3 488 -10 14 29
1081 4 471 -10 14 33
1081 5 407 -15 14 34
1081 6 513 -4 15 31
1081 7 407 18 13 37
1081 8 417 22 13 32
1081 9 408 146 23 65
1081 10 203 201 32 74
1081 11 261 206 29 76
1081 12 241 234 38 79
1081 13 285 240 35 84
1081 14 208 259 35 83
1081 20 294 280 33 88
1081 21 323 128 26 66
1081 22 343 125 24 64
1081 23 349 36 16 46
1081 24 312 10 15 29
1081 25 321 9 14 32
1081 26 331 11 13 32
1081 32 359 15 12 33
1081 33 365 13 12 36
1081 34 508 8 13 30
1081 36 381 -3 13 31
1082 3 488 -10 14 29
1082 4 472 -10 14 33
1082 5 407 -15 14 34
1082 6 513 -4 15 31
1082 7 407 18 13 37
1082 8 417 22 13 32
1082 9 408 146 23 64
1082 10 203 199 33 76
1082 11 262 206 29 76
1082 12 242 232 38 81
1082 13 287 238 34 79
1082 14 209 256 36 86
1082 20 294 282 30 87
1082 21 323 129 26 67
1082 22 342 126 26 62
1082 23 349 36 16 48
1082 24 312 10 15 29
1082 25 321 9 14 32
1082 26 331 10 13 32
1082 32 359 16 12 33
1082 33 365 13 12 36
1082 34 508 9 13 30
1082 36 381 -3 13 31
1083 3 488 -10 14 29
1083 4 472 -10 14 33
1083 5 407 -15 14 34
1083 6 514 -4 15 31
1083 7 407 18 13 37
1083 8 417 22 13 31
1083 9 408 146 23 64
1083 10 204 198 32 76
1083 11 262 205 28 74
1083 12 252 231 29 81
1083 13 287 237 35 82
1083 14 215 254 31 80
1083 20 293 284 30 87
1083 21 323 129 26 66
1083 22 342 127 26 62
1083 23 349 37 16 48
1083 24 312 11 15 29
1083 25 321 9 14 32
1083 26 331 10 13 32
1083 32 359 16 12 33
1083 33 365 13 12 36
1083 34 508 9 13 30
1083 36 377 -4 13 31
1084 3 488 -10 14 29
1084 4 472 -10 14 33
1084 5 407 -15 14 34
1084 6 514 -4 15 31
1084 7 407 18 13 37
1084 8 417 22 12 31
1084 9 408 146 23 65
1084 10 204 197 32 76
1084 11 263 205 28 74
1084 12 253 230 29 81
1084 13 291 236 33 81
1084 14 217 252 33 81
1084 20 291 287 32 89
1084 21 322 129 25 62
1084 22 342 127 26 61
1084 23 349 37 16 48
1084 24 312 11 15 29
1084 25 322 9 14 32
1084 26 331 10 14 32
1084 32 359 16 12 33
1084 33 365 13 12 36
1084 34 508 9 13 30
1084 36 377 -4 13 31
1085 3 488 -10 14 29
1085 4 473 -10 14 33
1085 5 407 -15 14 34
1085 6 515 -4 15 31
1085 7 407 18 13 37
1085 8 417 22 12 31
1085 9 408 146 23 65
1085 10 205 197 32 75
1085 11 263 204 29 67
1085 12 255 229 29 82
1085 13 291 235 34 84
1085 14 219 251 33 81
1085 20 291 289 30 88
1085 21 322 129 25 62
1085 22 342 128 25 61
1085 23 349 37 16 48
1085 24 311 11 15 29
1085 25 322 9 14 32
1085 26 331 10 14 32
1085 32 359 16 12 33
1085 33 365 13 12 36
1085 34 508 10 13 30
1085 36 377 -4 13 31
1086 3 490 -11 13 30
1086 4 473 -10 14 33
1086 5 407 -15 14 34
1086 6 515 -4 15 31
1086 7 407 18 13 37
1086 8 418 21 11 31
1086 9 409 147 23 64
1086 10 206 196 32 74
1086 11 264 204 29 67
1086 12 259 228 29 82
1086 13 291 230 38 83
1086 14 224 249 34 84
1086 20 290 291 30 89
1086 21 321 129 25 63
1086 22 341 127 27 65
1086 23 349 37 17 48
1086 24 311 11 15 29
1086 25 321 9 14 32
1086 26 331 9 13 33
1086 32 359 16 12 33
1086 33 365 13 12 37
1086 34 508 10 13 30
1086 36 377 -4 13 31
1087 3 490 -11 13 30
1087 4 473 -10 14 33
1087 5 407 -15 14 34
1087 6 515 -4 15 31
1087 7 407 18 13 37
1087 8 418 21 11 31
1087 9 409 147 23 64
1087 10 206 196 32 74
1087 11 264 204 30 66
1087 12 259 228 29 82
1087 13 291 230 38 83
1087 14 224 249 34 84
1087 20 290 291 30 89
1087 21 322 129 25 62
1087 22 342 128 26 61
1087 23 349 37 17 48
1087 24 311 11 15 29
1087 25 321 9 14 32
1087 26 331 9 13 33
1087 32 359 16 12 33
1087 33 365 13 12 37
1087 34 508 10 13 30
1087 36 377 -4 13 31
1088 3 490 -11 13 30
1088 4 473 -10 14 33
1088 5 407 -15 14 34
1088 6 517 -4 15 30
1088 7 407 18 13 37
1088 8 418 21 11 31
1088 9 409 147 23 64
1088 10 206 194 32 76
1088 11 266 203 30 67
1088 12 260 228 29 82
1088 13 293 229 42 83
1088 14 226 248 39 84
1088 20 289 292 30 90
1088 21 321 130 25 63
1088 22 341 128 26 62
1088 23 349 37 16 48
1088 24 311 11 15 29
1088 25 321 10 14 32
1088 26 331 10 13 33
1088 32 359 16 12 33
1088 33 365 13 12 37
1088 34 508 10 13 30
1088 36 377 -4 13 31
1089 3 491 -12 13 30
1089 4 473 -10 14 33
1089 5 407 -15 14 34
1089 6 517 -4 15 30
1089 7 407 18 13 37
1089 8 418 21 12 31
1089 9 409 147 23 64
1089 10 207 194 29 75
1089 11 268 202 30 67
1089 12 262 228 31 82
1089 13 293 228 45 88
1089 14 228 248 39 84
1089 20 288 294 32 91
1089 21 321 130 25 62
1089 22 341 128 26 62
1089 23 349 38 16 48
1089 24 311 11 15 29
1089 25 322 10 13 31
1089 26 331 10 13 32
1089 32 359 16 12 33
1089 33 365 13 12 37
1089 34 508 10 13 30
1089 36 377 -4 13 31
1090 3 491 -12 13 30
1090 4 474 -10 14 33
1090 5 407 -15 14 34
1090 6 519 -4 14 30
1090 7 407 18 13 37
1090 8 418 20 12 31
1090 9 409 147 23 64
1090 10 208 193 29 75
1090 11 266 201 30 68
1090 12 264 227 31 82
1090 13 295 227 45 83
1090 14 230 248 39 84
1090 20 287 295 32 92
1090 21 321 131 25 62
1090 22 341 129 25 61
1090 23 350 42 15 44
1090 24 311 11 15 29
1090 25 322 11 13 31
1090 26 331 11 13 32
1090 32 359 16 12 33
1090 33 365 14 12 38
1090 34 508 10 13 30
1090 36 377 -3 13 31
1090 38 -17 381 56 123
1091 3 491 -12 13 30
1091 4 474 -10 14 33
1091 5 407 -15 14 34
1091 6 519 -4 14 30
1091 7 407 18 13 36
1091 8 418 20 12 31
1091 9 409 147 23 64
1091 10 208 193 29 75
1091 11 267 200 31 69
1091 12 266 227 31 82
1091 13 299 227 44 81
1091 14 229 251 45 81
1091 20 287 296 32 91
1091 21 321 132 25 61
1091 22 341 130 25 60
1091 23 350 42 15 44
1091 24 311 11 15 29
1091 25 322 11 13 31
1091 26 331 11 13 32
1091 32 359 15 12 36
1091 33 365 14 12 36
1091 34 508 10 13 30
1091 36 377 -3 13 31
1091 38 -13 379 55 121
1092 3 492 -12 13 30
1092 4 474 -10 14 33
1092 5 407 -15 14 34
1092 6 520 -5 15 30
1092 7 407 17 13 36
1092 8 418 20 11 31
1092 9 409 147 23 64
1092 10 209 192 29 76
1092 11 267 198 32 72
1092 12 268 226 30 83
1092 13 297 228 49 83
1092 14 231 250 45 81
1092 20 286 298 31 90
1092 21 321 133 24 60
1092 22 340 131 25 60
1092 23 350 43 15 44
1092 24 311 12 15 29
1092 25 322 11 13 31
1092 26 331 11 13 33
1092 32 359 15 12 33
1092 33 365 14 12 38
1092 34 508 10 13 30
1092 36 377 -3 13 31
1092 37 37 405 46 112
1092 38 -8 377 55 119
1093 3 492 -12 13 30
1093 4 474 -10 14 33
1093 5 408 -15 14 34
1093 6 520 -5 15 30
1093 7 407 17 13 36
1093 8 418 20 11 31
1093 9 409 147 23 64
1093 10 209 192 29 74
1093 11 269 199 31 68
1093 12 268 226 30 83
1093 13 297 227 49 78
1093 14 231 250 45 81
1093 20 283 297 35 91
1093 21 319 133 25 63
1093 22 341 131 25 60
1093 23 350 43 15 44
1093 24 311 12 15 29
1093 25 322 11 14 31
1093 26 331 11 13 33
1093 32 359 15 12 33
1093 33 365 14 12 36
1093 34 508 10 13 30
1093 36 377 -3 13 31
1093 37 37 405 46 112
1093 38 -8 377 55 118
1094 3 492 -12 13 30
1094 4 474 -10 14 33
1094 5 408 -15 14 34
1094 6 521 -5 15 30
1094 7 406 17 13 36
1094 8 418 20 11 30
1094 9 409 147 23 64
1094 10 210 192 31 75
1094 11 267 198 30 67
1094 12 270 225 30 82
1094 13 299 227 46 77
1094 14 232 248 46 83
1094 20 283 298 35 91
1094 21 321 134 25 61
1094 22 341 132 25 59
1094 23 350 43 15 44
1094 24 310 12 15 29
1094 25 322 11 14 32
1094 26 331 11 13 33
1094 32 359 15 12 33
1094 33 365 14 12 36
1094 34 508 10 13 30
1094 36 377 -3 13 31
1094 37 42 401 49 110
1094 38 -4 373 55 116
1095 3 492 -12 13 30
1095 4 476 -10 13 33
1095 5 408 -17 14 34
1095 6 521 -5 15 30
1095 7 406 17 13 37
1095 8 418 20 11 30
1095 9 408 146 24 66
1095 10 211 192 31 75
1095 11 268 197 30 67
1095 12 273 224 32 78
1095 13 307 225 37 82
1095 14 237 248 39 79
1095 20 282 299 35 86
1095 21 320 135 25 61
1095 22 339 133 26 62
1095 23 350 43 15 44
1095 24 310 12 15 29
1095 25 321 11 14 32
1095 26 331 11 13 33
1095 32 359 15 12 33
1095 33 365 14 12 36
1095 34 508 10 13 30
1095 36 376 -3 13 31
1095 37 46 400 55 108
1095 38 0 372 49 112
1096 3 492 -12 13 30
1096 4 476 -10 13 33
1096 5 408 -17 14 34
1096 6 521 -5 15 30
1096 7 406 16 13 37
1096 8 418 20 11 30
1096 9 409 148 23 64
1096 10 212 191 31 74
1096 11 269 196 30 66
1096 12 275 223 32 78
1096 13 310 225 35 82
1096 14 238 246 40 80
1096 20 282 300 35 85
1096 21 319 135 26 65
1096 22 338 134 22 63
1096 23 350 43 15 44
1096 24 310 13 15 29
1096 25 321 11 14 32
1096 26 331 11 13 33
1096 32 359 16 12 33
1096 33 365 15 12 37
1096 34 508 10 13 30
1096 36 376 -3 13 31
1096 37 48 399 60 107
1096 38 2 368 50 110
1097 3 492 -12 13 30
1097 4 477 -10 13 33
1097 5 408 -17 14 34
1097 6 522 -5 15 30
1097 7 406 17 13 36
1097 8 418 20 11 30
1097 9 409 148 23 64
1097 10 213 190 29 75
1097 11 270 195 30 66
1097 12 277 222 31 76
1097 13 311 221 36 86
1097 14 242 245 33 79
1097 20 282 303 33 84
1097 21 320 136 25 62
1097 22 338 135 22 63
1097 23 350 43 15 44
1097 24 310 13 15 29
1097 25 321 11 14 32
1097 26 331 11 13 33
1097 32 359 16 12 33
1097 33 365 15 12 38
1097 34 508 11 13 30
1097 36 376 -3 13 31
1097 37 51 399 63 110
1097 38 6 366 49 109
1098 3 493 -12 14 30
1098 4 477 -10 13 33
1098 5 408 -17 14 34
1098 6 522 -5 15 30
1098 7 406 16 13 37
1098 8 418 20 11 30
1098 9 409 148 23 64
1098 10 214 189 29 77
1098 11 269 195 30 67
1098 12 279 222 30 74
1098 13 313 221 34 85
1098 14 246 243 30 80
1098 20 281 304 34 85
1098 21 318 137 26 63
1098 22 338 135 22 62
1098 23 350 43 15 45
1098 24 310 13 15 29
1098 25 321 12 14 32
1098 26 331 12 13 33
1098 32 359 16 12 33
1098 33 366 15 12 38
1098 34 508 11 13 30
1098 36 376 -3 13 31
1098 37 54 397 61 110
1098 38 8 363 51 112
1099 3 493 -12 14 30
1099 4 477 -10 13 33
1099 5 407 -21 14 34
1099 6 522 -5 15 30
1099 7 406 16 13 37
1099 8 418 20 11 30
1099 9 409 148 23 64
1099 10 214 189 29 77
1099 11 270 195 30 67
1099 12 280 218 29 79
1099 13 313 220 34 86
1099 14 246 243 30 80
1099 20 281 304 34 85
1099 21 318 137 26 63
1099 22 338 135 22 62
1099 23 350 43 15 45
1099 24 310 13 15 29
1099 25 321 12 14 32
1099 26 331 12 13 33
1099 32 359 16 12 33
1099 33 366 15 12 38
1099 34 508 11 13 30
1099 36 376 -3 13 31
1099 37 54 397 64 110
1099 38 8 363 51 110
1100 3 493 -12 14 30
1100 4 478 -10 13 33
1100 5 407 -15 14 34
1100 6 523 -5 15 30
1100 7 406 14 14 40
1100 8 417 20 11 30
1100 9 409 148 23 64
1100 10 215 188 29 76
1100 11 272 194 30 66
1100 12 281 217 30 80
1100 13 313 218 35 88
1100 14 248 242 30 80
1100 20 277 306 38 89
1100 21 319 137 26 63
1100 22 337 136 22 62
1100 23 350 43 15 45
1100 24 310 13 15 29
1100 25 321 12 14 32
1100 26 331 12 13 33
1100 32 359 16 12 33
1100 33 366 15 12 37
1100 34 508 11 13 30
1100 36 375 -3 13 31
1100 37 61 396 60 110
1100 38 12 362 51 111
1101 3 493 -12 14 30
1101 4 478 -10 13 33
1101 5 407 -15 14 34
1101 6 524 -6 15 31
1101 7 406 16 13 37
1101 8 417 20 11 30
1101 9 409 148 23 64
1101 10 216 188 28 75
1101 11 271 194 30 67
1101 12 282 216 30 81
1101 13 316 217 36 88
1101 14 250 241 30 80
1101 20 277 308 38 88
1101 21 318 137 26 63
1101 22 337 136 22 63
1101 23 350 44 15 45
1101 24 310 13 15 29
1101 25 321 12 14 31
1101 26 331 13 13 33
1101 32 359 16 12 33
1101 33 366 15 12 38
1101 34 508 11 13 30
1101 36 375 -1 13 30
1101 37 66 395 55 112
1101 38 15 359 51 117
1102 3 494 -12 14 30
1102 4 478 -10 13 33
1102 5 407 -15 14 34
1102 6 525 -6 15 31
1102 7 406 17 13 37
1102 8 417 19 11 31
1102 9 409 148 23 64
1102 10 218 187 29 72
1102 11 270 194 30 66
1102 12 284 216 36 80
1102 13 319 217 38 88
1102 14 249 239 36 86
1102 20 276 310 37 91
1102 21 319 138 26 64
1102 22 336 136 23 65
1102 23 350 44 15 45
1102 24 310 13 15 29
1102 25 321 13 14 31
1102 26 331 13 13 33
1102 32 360 16 12 35
1102 33 366 15 12 38
1102 34 509 12 13 30
1102 36 375 -1 13 30
1102 37 69 394 53 110
1102 38 19 358 50 120
1103 3 494 -12 14 30
1103 4 479 -10 13 33
1103 5 407 -15 14 34
1103 6 526 -6 15 31
1103 7 406 17 13 36
1103 8 417 19 11 31
1103 9 409 148 23 64
1103 10 219 186 29 72
1103 11 271 193 29 66
1103 12 286 215 40 81
1103 13 320 216 41 88
1103 14 250 238 36 81
1103 20 276 312 36 90
1103 21 318 138 26 64
1103 22 336 136 23 66
1103 23 350 44 15 45
1103 24 310 13 15 29
1103 25 321 13 14 31
1103 26 330 13 13 35
1103 32 360 16 12 35
1103 33 366 15 12 38
1103 34 509 12 13 30
1103 36 375 -1 13 30
1103 37 73 392 48 110
1103 38 16 357 53 120
1104 3 494 -12 14 30
1104 4 479 -10 13 33
1104 5 407 -15 14 34
1104 6 527 -6 15 31
1104 7 406 17 13 36
1104 8 417 19 11 31
1104 9 409 148 23 64
1104 10 219 185 30 73
1104 11 271 193 29 72
1104 12 288 214 40 81
1104 13 321 216 44 88
1104 14 248 237 39 81
1104 20 275 314 37 90
1104 21 318 138 25 63
1104 22 336 137 23 66
1104 23 350 45 15 45
1104 24 310 13 15 29
1104 25 321 13 14 31
1104 26 330 13 13 35
1104 32 360 16 12 35
1104 33 366 15 12 38
1104 34 509 12 13 30
1104 36 375 -1 13 30
1104 37 74 388 48 113
1104 38 19 356 53 120
1105 3 494 -12 14 30
1105 4 479 -10 13 33
1105 5 407 -21 14 34
1105 6 527 -6 15 31
1105 7 406 17 13 36
1105 8 417 19 11 31
1105 9 409 148 23 64
1105 10 219 185 30 73
1105 11 271 193 30 74
1105 12 288 214 40 82
1105 13 321 216 44 88
1105 14 248 237 39 81
1105 20 275 314 36 94
1105 21 318 138 25 63
1105 22 336 137 27 60
1105 23 350 45 15 45
1105 24 310 14 15 29
1105 25 321 13 14 31
1105 26 330 12 13 35
1105 32 360 16 12 33
1105 33 366 15 12 38
1105 34 509 12 13 30
1105 36 375 -1 13 30
1105 37 74 391 48 110
1105 38 19 356 53 120
1106 3 495 -12 14 30
1106 4 479 -10 13 33
1106 5 407 -20 14 34
1106 6 527 -6 15 31
1106 7 406 18 13 36
1106 8 417 18 12 32
1106 9 409 148 23 64
1106 10 220 185 30 73
1106 11 272 192 30 74
1106 12 290 214 40 81
1106 13 322 215 44 88
1106 14 249 236 39 81
1106 20 274 316 39 93
1106 21 318 139 26 64
1106 22 336 138 27 60
1106 23 350 45 15 44
1106 24 310 14 15 29
1106 25 321 13 14 31
1106 26 330 12 13 35
1106 32 360 16 12 35
1106 33 366 15 12 38
1106 34 509 12 13 30
1106 36 375 -1 13 30
1106 37 76 385 45 106
1106 38 22 354 52 117
1107 3 495 -12 14 30
1107 4 480 -10 13 33
1107 5 407 -14 14 34
1107 6 529 -6 14 31
1107 7 406 18 13 36
1107 8 417 18 12 32
1107 9 409 147 23 64
1107 10 221 184 29 71
1107 11 272 192 30 73
1107 12 288 213 42 82
1107 13 324 215 44 88
1107 14 251 235 40 83
1107 20 273 318 39 93
1107 21 318 140 25 62
1107 22 336 139 26 59
1107 23 350 45 15 45
1107 24 310 14 15 29
1107 25 321 13 14 31
1107 26 330 12 13 35
1107 32 360 16 12 35
1107 33 366 15 12 38
1107 34 509 12 13 30
1107 36 375 -1 13 30
1107 37 81 382 42 102
1107 38 26 352 52 117
1108 3 496 -12 14 30
1108 4 480 -10 13 33
1108 5 407 -14 14 34
1108 6 529 -6 14 31
1108 7 406 18 12 35
1108 8 417 18 12 32
1108 9 409 148 23 64
1108 10 223 184 29 71
1108 11 273 191 29 72
1108 12 290 212 39 82
1108 13 329 215 41 88
1108 14 253 234 39 82
1108 20 273 315 39 97
1108 21 318 141 25 63
1108 22 337 140 26 58
1108 23 350 45 15 45
1108 24 310 15 15 29
1108 25 320 13 14 32
1108 26 330 13 13 35
1108 32 360 16 12 33
1108 33 366 15 12 38
1108 34 509 12 13 30
1108 36 374 -1 13 30
1108 37 84 378 39 104
1108 38 29 349 52 116
1109 3 496 -12 14 30
1109 4 481 -10 13 33
1109 5 407 -14 14 34
1109 6 530 -6 14 31
1109 7 406 18 12 35
1109 8 417 18 12 32
1109 9 409 148 23 64
1109 10 224 184 29 71
1109 11 272 190 30 73
1109 12 294 211 36 82
1109 13 330 215 41 87
1109 14 256 233 37 81
1109 20 272 316 39 98
1109 21 319 142 25 64
1109 22 337 141 26 57
1109 23 350 45 15 45
1109 24 310 15 15 29
1109 25 320 14 14 33
1109 26 330 13 13 35
1109 32 360 16 12 33
1109 33 366 15 12 38
1109 34 509 12 13 30
1109 36 374 -1 13 30
1109 37 85 376 41 105
1109 38 33 348 51 115
1110 3 496 -12 14 30
1110 4 481 -11 14 33
1110 5 407 -14 14 34
1110 6 530 -6 14 31
1110 7 406 17 13 36
1110 8 417 18 12 32
1110 9 409 148 23 64
1110 10 225 183 29 71
1110 11 273 189 29 72
1110 12 297 210 36 77
1110 13 331 213 41 89
1110 14 258 232 37 80
1110 20 273 318 39 96
1110 21 319 143 25 64
1110 22 336 142 27 60
1110 23 350 45 16 47
1110 24 310 17 15 29
1110 25 320 14 14 34
1110 26 330 14 13 34
1110 32 360 17 12 34
1110 33 366 15 12 38
1110 34 510 12 13 30
1110 36 374 -1 13 30
1110 37 90 374 33 109
1110 38 34 345 52 116
1111 3 496 -12 14 30
1111 4 481 -11 14 33
1111 5 407 -22 14 34
1111 6 530 -6 14 31
1111 7 406 17 13 36
1111 8 417 18 12 32
1111 9 409 148 23 64
1111 10 224 183 29 71
1111 11 273 189 29 72
1111 12 297 210 36 77
1111 13 332 214 38 87
1111 14 259 231 36 83
1111 20 272 317 40 99
1111 21 319 143 25 64
1111 22 336 142 27 60
1111 23 350 45 15 45
1111 24 310 17 15 29
1111 25 320 14 14 34
1111 26 330 14 13 34
1111 32 360 17 12 34
1111 33 366 15 12 38
1111 34 510 12 13 30
1111 36 374 -1 13 30
1111 37 87 374 35 109
1111 38 36 345 46 113
1112 3 497 -12 14 30
1112 4 481 -11 14 33
1112 5 407 -15 14 34
1112 6 531 -6 15 31
1112 7 406 16 13 36
1112 8 417 19 12 31
1112 9 409 148 23 65
1112 10 225 183 29 71
1112 11 273 188 29 71
1112 12 303 209 32 76
1112 13 333 213 38 82
1112 14 265 230 31 77
1112 20 272 319 38 95
1112 21 319 144 25 63
1112 22 337 143 26 57
1112 23 350 45 16 48
1112 24 310 17 15 29
1112 25 320 13 15 35
1112 26 330 14 13 35
1112 32 360 17 12 35
1112 33 366 15 12 38
1112 34 510 13 13 30
1112 36 374 -1 13 30
1112 37 89 372 34 110
1112 38 39 343 45 112
1113 3 497 -12 14 30
1113 4 481 -11 14 33
1113 5 407 -21 14 34
1113 6 531 -6 15 31
1113 7 406 16 13 37
1113 8 417 19 11 30
1113 9 409 148 23 64
1113 10 226 182 29 71
1113 11 274 187 29 71
1113 12 305 207 29 80
1113 13 338 212 34 81
1113 14 266 229 31 78
1113 20 271 319 40 99
1113 21 319 144 25 65
1113 22 336 142 28 63
1113 23 350 46 16 47
1113 24 310 17 15 29
1113 25 320 13 15 35
1113 26 330 14 13 35
1113 32 360 17 12 34
1113 33 366 15 12 39
1113 34 510 13 13 30
1113 36 374 0 13 30
1113 37 91 371 41 111
1113 38 40 341 44 110
1114 3 497 -12 14 30
1114 4 482 -11 14 33
1114 5 407 -22 14 34
1114 6 531 -6 15 31
1114 7 406 16 13 36
1114 8 417 19 11 30
1114 9 410 148 23 64
1114 10 227 182 29 72
1114 11 275 187 29 71
1114 12 307 206 29 80
1114 13 339 211 31 80
1114 14 273 228 28 75
1114 20 269 321 39 99
1114 21 319 145 25 63
1114 22 337 143 28 61
1114 23 350 46 16 47
1114 24 310 17 15 29
1114 25 320 14 15 35
1114 26 330 14 13 35
1114 32 360 17 12 35
1114 33 366 15 12 39
1114 34 510 13 13 30
1114 36 374 0 13 30
1114 37 94 370 44 109
1114 38 42 340 50 109
1115 3 498 -11 14 30
1115 4 482 -11 14 33
1115 5 407 -21 14 34
1115 6 532 -6 15 31
1115 7 406 16 13 36
1115 8 417 20 11 29
1115 9 410 148 23 64
1115 10 228 181 29 72
1115 11 276 186 29 70
1115 12 309 205 29 81
1115 13 340 210 31 81
1115 14 274 227 28 75
1115 20 269 322 39 98
1115 21 319 145 25 65
1115 22 336 143 28 63
1115 23 350 46 16 47
1115 24 310 17 15 29
1115 25 320 14 14 34
1115 26 330 14 13 35
1115 32 360 17 12 34
1115 33 367 15 12 39
1115 34 510 13 13 30
1115 36 374 0 13 30
1115 37 96 369 44 109
1115 38 48 337 47 112
1116 3 498 -11 14 30
1116 4 483 -11 14 33
1116 5 407 -22 14 34
1116 6 532 -6 15 31
1116 7 406 16 13 36
1116 8 417 19 11 30
1116 9 410 148 23 64
1116 10 229 181 29 72
1116 11 276 186 28 70
1116 12 311 204 29 81
1116 13 342 210 30 78
1116 14 276 227 32 75
1116 20 269 324 39 98
1116 21 318 145 26 67
1116 22 336 144 28 63
1116 23 350 46 16 47
1116 24 310 17 15 29
1116 25 320 14 14 34
1116 26 330 14 13 35
1116 32 360 17 12 34
1116 33 367 16 12 39
1116 34 510 13 13 30
1116 36 374 0 13 30
1116 37 100 367 43 113
1116 38 53 336 53 105
1117 3 498 -11 14 30
1117 4 483 -11 14 33
1117 5 407 -22 14 34
1117 6 532 -6 15 31
1117 7 406 16 13 36
1117 8 417 19 11 30
1117 9 410 148 23 65
1117 10 228 180 30 73
1117 11 276 186 28 70
1117 12 311 204 29 81
1117 13 342 210 32 78
1117 14 276 227 32 76
1117 20 269 324 39 98
1117 21 318 145 26 67
1117 22 336 144 28 63
1117 23 350 46 16 47
1117 24 310 17 15 29
1117 25 320 14 14 34
1117 26 330 14 13 35
1117 32 361 17 12 34
1117 33 367 16 12 39
1117 34 510 13 13 30
1117 36 374 0 13 30
1117 37 100 367 43 113
1117 38 53 336 53 105
1118 3 499 -11 14 30
1118 4 483 -11 14 33
1118 5 407 -21 14 34
1118 6 533 -6 15 31
1118 7 406 16 13 36
1118 8 417 19 11 30
1118 9 410 148 23 64
1118 10 229 180 30 74
1118 11 277 185 28 70
1118 12 312 204 29 81
1118 13 343 210 32 78
1118 14 278 227 32 75
1118 20 268 326 39 98
1118 21 318 146 26 67
1118 22 336 144 29 64
1118 23 350 48 16 46
1118 24 310 18 15 29
1118 25 320 15 14 33
1118 26 330 14 13 35
1118 32 361 18 12 34
1118 33 367 16 12 38
1118 34 510 14 13 30
1118 36 374 0 13 30
1118 37 102 365 43 114
1118 38 56 335 52 105
1119 3 499 -11 14 30
1119 4 483 -11 14 33
1119 5 407 -22 14 34
1119 6 533 -6 15 31
1119 7 406 16 13 36
1119 8 417 18 11 29
1119 9 410 149 23 64
1119 10 231 179 27 67
1119 11 278 185 28 70
1119 12 312 204 33 81
1119 13 346 208 32 77
1119 14 279 226 32 76
1119 20 265 328 40 101
1119 21 318 146 26 66
1119 22 336 144 29 64
1119 23 350 48 16 46
1119 24 310 18 15 29
1119 25 320 15 14 33
1119 26 330 15 13 35
1119 32 361 18 12 34
1119 33 367 17 12 37
1119 34 510 14 13 30
1119 36 373 0 13 30
1119 37 106 363 42 115
1119 38 59 334 51 104
1120 3 499 -11 14 30
1120 4 483 -11 14 33
1120 5 407 -22 14 34
1120 6 534 -6 15 31
1120 7 406 16 12 35
1120 8 417 18 11 29
1120 9 411 149 23 65
1120 10 230 178 28 71
1120 11 279 185 28 69
1120 12 313 204 34 81
1120 13 347 208 32 77
1120 14 281 225 32 76
1120 20 267 331 39 103
1120 21 318 146 26 68
1120 22 337 145 26 61
1120 23 350 49 15 45
1120 24 310 18 15 29
1120 25 320 17 14 32
1120 26 330 17 13 34
1120 32 361 18 12 34
1120 33 367 17 12 37
1120 34 510 14 13 30
1120 36 373 -3 13 31
1120 37 108 362 36 114
1120 38 63 334 51 106
1121 3 499 -11 14 30
1121 4 483 -11 14 33
1121 5 407 -22 14 34
1121 6 534 -6 15 31
1121 7 405 16 12 35
1121 8 416 18 11 31
1121 9 411 149 23 65
1121 10 231 177 28 70
1121 11 276 183 28 69
1121 12 314 203 34 81
1121 13 349 207 32 80
1121 14 283 225 33 75
1121 20 267 334 38 101
1121 21 318 147 26 67
1121 22 337 146 26 61
1121 23 350 49 15 45
1121 24 310 18 15 29
1121 25 320 17 14 32
1121 26 330 17 13 33
1121 32 361 18 12 34
1121 33 367 17 12 37
1121 34 511 14 13 30
1121 36 373 -3 13 31
1121 37 109 360 39 106
1121 38 67 333 51 105
1122 3 499 -11 14 30
1122 4 484 -11 14 32
1122 5 407 -21 14 34
1122 6 535 -6 15 30
1122 7 405 16 12 35
1122 8 416 18 11 31
1122 9 412 149 23 65
1122 10 232 176 28 70
1122 11 277 182 28 69
1122 12 316 203 34 80
1122 13 350 206 32 80
1122 14 284 223 33 77
1122 20 266 336 38 104
1122 21 318 148 26 67
1122 22 337 147 25 60
1122 23 350 50 15 45
1122 24 310 19 15 29
1122 25 320 17 14 33
1122 26 330 17 13 34
1122 32 361 18 12 34
1122 33 367 17 12 37
1122 34 511 14 13 30
1122 36 373 -3 13 31
1122 37 111 358 41 105
1122 38 70 332 50 103
1123 3 499 -11 14 30
1123 4 484 -11 14 32
1123 5 407 -24 14 34
1123 6 535 -6 15 30
1123 7 405 16 12 35
1123 8 416 18 11 31
1123 9 411 149 23 64
1123 10 234 176 25 68
1123 11 277 182 28 69
1123 12 318 202 33 80
1123 13 350 206 32 80
1123 14 284 223 29 76
1123 20 266 336 38 104
1123 21 318 148 26 66
1123 22 338 147 24 64
1123 23 350 50 15 45
1123 24 310 19 15 32
1123 25 320 17 14 33
1123 26 330 17 13 34
1123 32 361 18 12 34
1123 33 367 17 12 37
1123 34 511 14 13 30
1123 36 373 -3 13 31
1123 37 111 358 41 102
1123 38 70 332 50 102
1124 3 500 -11 14 30
1124 4 484 -11 14 32
1124 5 407 -24 14 34
1124 6 535 -6 15 30
1124 7 405 16 12 35
1124 8 416 18 11 29
1124 9 412 150 23 65
1124 10 235 175 27 68
1124 11 278 182 28 69
1124 12 320 202 32 78
1124 13 351 205 33 82
1124 14 285 224 29 74
1124 20 266 338 38 104
1124 21 318 149 26 66
1124 22 338 148 24 64
1124 23 350 50 15 45
1124 24 310 19 15 32
1124 25 320 17 14 33
1124 26 330 17 13 34
1124 32 361 18 12 34
1124 33 367 17 12 37
1124 34 511 14 13 30
1124 36 373 -3 13 31
1124 37 114 353 40 105
1124 38 74 329 50 104
1125 3 500 -11 14 30
1125 4 485 -11 14 32
1125 5 407 -27 14 35
1125 6 535 -6 15 30
1125 7 405 15 12 35
1125 8 416 18 11 28
1125 9 413 150 23 64
1125 10 235 175 31 69
1125 11 278 181 28 69
1125 12 321 200 33 79
1125 13 354 203 28 81
1125 14 287 222 30 74
1125 20 265 340 34 105
1125 21 318 150 26 66
1125 22 338 149 24 63
1125 23 349 50 15 45
1125 24 310 20 15 32
1125 25 320 17 15 33
1125 26 330 17 13 34
1125 32 361 18 12 34
1125 33 367 17 12 37
1125 34 511 14 13 30
1125 36 373 -3 13 31
1125 37 115 351 41 107
1125 38 76 323 50 106
1126 3 500 -11 14 30
1126 4 485 -11 14 32
1126 5 407 -27 14 35
1126 6 536 -6 15 30
1126 7 405 15 13 35
1126 8 416 18 11 28
1126 9 413 151 23 64
1126 10 236 175 30 69
1126 11 280 180 27 68
1126 12 322 198 32 79
1126 13 356 202 27 79
1126 14 292 221 26 74
1126 20 264 338 34 107
1126 21 318 151 26 66
1126 22 337 150 24 64
1126 23 349 50 15 45
1126 24 310 20 15 31
1126 25 320 17 15 33
1126 26 330 17 13 34
1126 32 360 18 12 34
1126 33 367 17 12 38
1126 34 511 14 13 30
1126 36 373 -3 13 31
1126 37 118 350 47 103
1126 38 78 321 51 107
1127 3 500 -10 14 30
1127 4 485 -11 14 32
1127 5 407 -23 14 34
1127 6 536 -6 15 30
1127 7 405 15 13 35
1127 8 416 18 11 28
1127 9 414 151 23 64
1127 10 237 175 30 69
1127 11 278 179 27 68
1127 12 323 197 32 78
1127 13 357 200 28 81
1127 14 293 220 26 74
1127 20 263 340 34 106
1127 21 316 152 27 66
1127 22 337 150 24 65
1127 23 349 50 15 45
1127 24 310 20 15 32
1127 25 320 17 15 33
1127 26 330 17 14 34
1127 32 360 18 12 34
1127 33 367 17 12 38
1127 34 511 14 13 30
1127 36 373 -3 13 31
1127 37 121 350 50 101
1127 38 81 319 50 106
1128 3 501 -10 14 30
1128 4 485 -11 14 32
1128 5 406 -23 14 34
1128 6 537 -6 15 30
1128 7 405 15 13 36
1128 8 416 18 11 28
1128 9 414 152 23 65
1128 10 238 174 30 69
1128 11 279 178 27 68
1128 12 324 197 32 79
1128 13 355 197 30 86
1128 14 295 219 26 75
1128 20 263 341 33 105
1128 21 316 153 27 66
1128 22 337 151 25 66
1128 23 349 50 15 45
1128 24 310 20 15 31
1128 25 320 18 14 33
1128 26 330 17 13 34
1128 32 360 18 12 35
1128 33 367 17 12 38
1128 34 511 15 13 30
1128 36 373 -1 13 30
1128 37 123 349 54 101
1128 38 82 316 51 105
1129 3 501 -10 14 30
1129 4 485 -11 14 32
1129 5 406 -22 14 34
1129 6 537 -6 15 30
1129 7 405 13 13 37
1129 8 416 18 11 28
1129 9 414 152 23 63
1129 10 238 174 30 69
1129 11 279 178 27 68
1129 12 324 197 32 79
1129 13 357 198 29 77
1129 14 295 219 26 75
1129 20 263 342 33 105
1129 21 316 153 27 66
1129 22 336 151 24 66
1129 23 349 50 16 45
1129 24 310 20 15 31
1129 25 320 18 14 33
1129 26 330 17 13 34
1129 32 360 18 12 35
1129 33 367 17 12 38
1129 34 511 15 13 30
1129 36 373 -1 13 30
1129 37 123 349 54 101
1129 38 82 316 51 105
1130 3 501 -10 14 30
1130 4 486 -11 14 32
1130 5 406 -15 14 27
1130 6 537 -6 15 30
1130 7 405 13 13 37
1130 8 414 18 12 28
1130 9 415 152 23 63
1130 10 239 174 30 69
1130 11 279 177 27 68
1130 12 324 196 33 79
1130 13 358 197 29 78
1130 14 296 218 27 75
1130 20 263 343 33 105
1130 21 316 153 27 67
1130 22 336 152 24 66
1130 23 349 50 16 46
1130 24 310 20 15 31
1130 25 320 18 14 33
1130 26 330 18 13 34
1130 32 361 18 12 35
1130 33 367 17 12 38
1130 34 511 15 13 30
1130 36 373 -1 13 30
1130 37 127 349 52 98
1130 38 84 314 50 106
1131 3 501 -10 14 30
1131 4 486 -11 14 32
1131 5 406 -9 14 21
1131 6 539 -6 14 30
1131 7 405 15 13 35
1131 8 414 18 12 29
1131 9 415 153 23 63
1131 10 240 173 31 71
1131 11 280 177 27 67
1131 12 328 196 30 78
1131 13 360 196 29 78
1131 14 297 217 27 76
1131 20 261 344 34 108
1131 21 316 154 28 68
1131 22 336 152 24 66
1131 23 349 50 16 47
1131 24 310 20 15 32
1131 25 320 18 14 32
1131 26 330 19 13 33
1131 32 361 18 12 35
1131 33 367 17 12 39
1131 34 512 15 13 30
1131 36 372 -1 13 30
1131 37 129 348 52 103
1131 38 87 312 51 107
1132 3 501 -11 14 29
1132 4 486 -11 14 32
1132 5 406 -9 14 21
1132 6 539 -6 14 30
1132 7 405 15 12 35
1132 8 414 16 12 30
1132 9 415 152 23 64
1132 10 242 173 27 68
1132 11 281 176 28 70
1132 12 329 196 33 77
1132 13 361 196 31 78
1132 14 299 217 27 76
1132 20 260 344 37 111
1132 21 315 154 28 68
1132 22 336 152 25 69
1132 23 349 51 16 46
1132 24 310 20 15 32
1132 25 320 19 14 32
1132 26 330 19 13 33
1132 32 361 18 12 35
1132 33 367 17 13 39
1132 34 512 15 13 30
1132 36 372 -1 13 30
1132 37 131 347 52 102
1132 38 89 311 51 108
1133 3 503 -11 13 29
1133 4 487 -12 14 33
1133 5 406 -9 14 21
1133 6 540 -6 15 30
1133 7 405 15 12 35
1133 8 414 16 12 30
1133 9 417 153 23 65
1133 10 243 173 27 69
1133 11 281 175 27 69
1133 12 330 196 33 76
1133 13 362 196 31 78
1133 14 301 216 26 74
1133 20 260 345 37 112
1133 21 315 154 28 70
1133 22 335 152 25 69
1133 23 349 51 16 46
1133 24 310 20 15 32
1133 25 320 19 14 32
1133 26 330 19 13 34
1133 32 361 20 12 33
1133 33 367 17 13 39
1133 34 512 15 13 30
1133 36 371 -1 13 30
1133 37 135 343 47 101
1133 38 92 310 51 107
1134 3 503 -11 13 29
1134 4 487 -12 14 33
1134 5 405 -9 14 21
1134 6 541 -8 15 31
1134 7 405 15 12 35
1134 8 414 16 12 30
1134 9 417 152 23 65
1134 10 245 173 26 67
1134 11 282 175 27 69
1134 12 332 197 33 76
1134 13 362 195 34 79
1134 14 302 216 26 74
1134 20 260 348 38 101
1134 21 316 154 27 70
1134 22 335 153 25 68
1134 23 349 52 16 46
1134 24 310 21 15 32
1134 25 320 19 14 32
1134 26 330 19 13 34
1134 32 361 20 12 34
1134 33 367 17 12 39
1134 34 512 16 13 31
1134 36 371 -1 13 30
1134 37 138 342 46 98
1134 38 95 309 47 110
1135 3 503 -11 13 29
1135 4 487 -12 14 33
1135 5 405 -9 14 21
1135 6 541 -8 15 31
1135 7 405 15 12 35
1135 8 414 16 12 30
1135 9 417 152 23 65
1135 10 244 173 27 68
1135 11 282 175 28 69
1135 12 332 197 33 76
1135 13 362 195 34 79
1135 14 302 216 26 74
1135 20 260 348 38 101
1135 21 316 154 27 70
1135 22 335 153 25 68
1135 23 349 52 16 46
1135 24 310 21 15 32
1135 25 320 19 14 32
1135 26 330 19 13 34
1135 32 361 20 12 34
1135 33 367 16 13 40
1135 34 512 16 13 31
1135 36 371 -1 13 30
1135 37 137 342 44 101
1135 38 95 309 47 110
1136 3 503 -11 13 29
1136 4 489 -12 13 33
1136 5 405 -9 14 20
1136 6 541 -8 15 31
1136 7 405 15 12 34
1136 8 414 16 12 29
1136 9 416 152 24 67
1136 10 246 173 27 67
1136 11 282 175 27 69
1136 12 333 197 33 76
1136 13 363 195 34 79
1136 14 304 215 26 75
1136 20 257 350 40 105
1136 21 316 154 27 70
1136 22 335 153 25 68
1136 23 349 52 15 45
1136 24 310 21 15 32
1136 25 320 20 14 32
1136 26 330 19 13 34
1136 32 361 20 12 34
1136 33 368 17 12 39
1136 34 512 16 13 31
1136 36 371 -1 13 30
1136 37 139 341 44 101
1136 38 97 308 47 110
1137 3 503 -11 13 29
1137 4 489 -12 13 33
1137 5 405 -9 14 20
1137 6 542 -8 15 31
1137 7 405 15 12 34
1137 8 414 16 12 29
1137 9 416 153 25 68
1137 10 247 172 26 66
1137 11 281 174 27 73
1137 12 335 196 30 76
1137 13 364 194 34 78
1137 14 305 213 26 75
1137 20 257 352 41 111
1137 21 316 155 27 69
1137 22 335 154 24 67
1137 23 349 52 16 45
1137 24 311 22 15 32
1137 25 320 20 14 32
1137 26 330 19 13 34
1137 32 361 20 12 34
1137 33 368 17 12 39
1137 34 512 16 13 31
1137 36 371 -1 13 30
1137 37 140 339 41 97
1137 38 100 307 45 111
1138 3 504 -11 13 29
1138 4 489 -12 13 33
1138 5 405 -9 13 20
1138 6 542 -8 15 31
1138 7 405 13 12 35
1138 8 414 16 11 28
1138 9 416 155 25 68
1138 10 248 171 27 67
1138 11 282 174 27 72
1138 12 336 195 31 74
1138 13 365 193 33 77
1138 14 306 212 26 75
1138 20 257 355 40 109
1138 21 316 156 27 69
1138 22 335 156 24 66
1138 23 349 53 16 45
1138 24 311 22 15 31
1138 25 320 20 14 33
1138 26 330 19 14 35
1138 32 361 20 12 33
1138 33 367 15 13 42
1138 34 512 16 13 31
1138 36 371 -1 13 30
1138 37 146 338 37 95
1138 38 102 305 45 112
1139 3 504 -11 13 29
1139 4 490 -12 13 33
1139 5 405 -9 14 20
1139 6 542 -8 15 31
1139 7 405 13 12 35
1139 8 414 16 11 28
1139 9 416 156 25 68
1139 10 250 171 26 66
1139 11 282 173 27 72
1139 12 337 194 31 74
1139 13 366 192 33 79
1139 14 306 210 27 76
1139 20 256 357 41 111
1139 21 315 156 26 66
1139 22 336 157 23 64
1139 23 349 53 16 46
1139 24 311 23 15 31
1139 25 320 20 15 33
1139 26 330 20 14 34
1139 32 361 21 12 33
1139 33 367 16 13 42
1139 34 513 16 13 30
1139 36 370 0 13 30
1139 37 152 336 34 94
1139 38 104 304 43 110
1140 3 504 -11 13 29
1140 4 490 -12 13 33
1140 5 405 -9 14 20
1140 6 542 -7 15 31
1140 7 405 13 12 35
1140 8 414 16 11 28
1140 9 416 156 25 68
1140 10 251 170 27 67
1140 11 282 172 27 72
1140 12 337 191 32 77
1140 13 367 191 32 78
1140 14 308 208 27 77
1140 20 255 360 41 111
1140 21 315 157 26 66
1140 22 337 159 22 61
1140 23 349 53 16 46
1140 24 311 23 15 32
1140 25 320 20 15 33
1140 26 330 20 13 34
1140 32 361 21 12 33
1140 33 367 16 13 41
1140 34 513 16 13 30
1140 36 370 0 13 30
1140 37 153 332 34 98
1140 38 107 303 42 109
1141 3 504 -11 13 29
1141 4 490 -12 13 33
1141 5 404 -9 14 21
1141 6 543 -7 15 31
1141 7 405 13 12 35
1141 8 414 16 11 28
1141 9 416 156 25 68
1141 10 251 170 27 67
1141 11 283 173 26 71
1141 12 340 193 29 72
1141 13 367 191 33 79
1141 14 308 208 27 77
1141 20 255 360 41 112
1141 21 315 157 26 65
1141 22 335 158 24 66
1141 23 349 53 16 46
1141 24 311 23 15 32
1141 25 320 20 15 33
1141 26 330 21 14 34
1141 32 361 21 12 33
1141 33 367 16 13 42
1141 34 513 16 13 30
1141 36 370 0 13 30
1141 37 153 332 35 98
1141 38 107 301 42 109
1142 3 504 -11 13 29
1142 4 490 -12 13 33
1142 5 404 -9 14 21
1142 6 544 -7 15 31
1142 7 405 13 12 35
1142 8 414 16 11 28
1142 9 416 157 25 67
1142 10 251 170 27 67
1142 11 283 171 26 71
1142 12 341 192 28 72
1142 13 369 189 29 77
1142 14 308 206 28 79
1142 20 255 362 41 111
1142 21 315 158 26 66
1142 22 335 159 24 66
1142 23 349 53 16 46
1142 24 311 23 15 32
1142 25 320 20 15 34
1142 26 330 21 13 34
1142 32 361 21 12 33
1142 33 367 16 13 41
1142 34 513 16 13 30
1142 36 370 0 13 30
1142 37 154 330 36 100
1142 38 110 300 42 107
1143 3 504 -11 13 29
1143 4 491 -13 13 33
1143 5 404 -9 14 20
1143 6 544 -7 15 31
1143 7 405 13 12 36
1143 8 414 16 12 29
1143 9 416 158 24 66
1143 10 252 169 27 67
1143 11 284 170 26 70
1143 12 342 192 28 73
1143 13 370 188 29 75
1143 14 309 205 28 79
1143 20 254 364 41 113
1143 21 314 159 26 66
1143 22 335 160 25 68
1143 23 349 53 16 46
1143 24 311 23 15 32
1143 25 320 20 15 34
1143 26 330 21 13 34
1143 32 361 21 12 33
1143 33 367 16 13 41
1143 34 513 16 13 30
1143 36 370 0 13 30
1143 37 156 329 36 101
1143 38 109 298 43 101
1144 3 505 -11 13 29
1144 4 491 -13 13 33
1144 5 404 -9 13 20
1144 6 544 -7 15 31
1144 7 404 13 12 36
1144 8 415 15 11 29
1144 9 416 157 25 69
1144 10 254 169 25 68
1144 11 283 169 27 73
1144 12 343 192 28 73
1144 13 370 186 30 79
1144 14 310 205 30 75
1144 20 253 366 42 114
1144 21 314 159 26 67
1144 22 334 160 25 68
1144 23 348 53 16 46
1144 24 311 23 15 32
1144 25 321 20 15 34
1144 26 330 21 14 35
1144 32 360 21 13 33
1144 33 367 17 13 41
1144 34 513 16 13 30
1144 36 370 0 13 30
1144 37 160 328 35 98
1144 38 113 296 41 102
1145 3 505 -11 13 29
1145 4 491 -13 13 33
1145 5 404 -10 13 20
1145 6 544 -7 15 31
1145 7 404 13 12 36
1145 8 413 15 12 29
1145 9 416 158 24 66
1145 10 255 169 25 68
1145 11 283 168 27 72
1145 12 344 191 28 74
1145 13 371 186 29 78
1145 14 311 205 30 75
1145 20 253 368 41 113
1145 21 314 160 26 66
1145 22 334 161 25 68
1145 23 348 53 16 46
1145 24 311 23 15 33
1145 25 321 21 15 34
1145 26 330 21 14 35
1145 32 360 21 13 33
1145 33 368 17 13 41
1145 34 513 16 13 30
1145 36 370 0 13 30
1145 37 162 328 43 102
1145 38 115 295 44 102
1146 3 505 -11 13 29
1146 4 492 -13 13 33
1146 5 404 -9 13 20
1146 6 544 -7 15 31
1146 7 404 13 12 35
1146 8 413 15 12 29
1146 9 415 158 25 65
1146 10 255 168 27 68
1146 11 283 167 27 72
1146 12 346 191 32 72
1146 13 372 186 29 75
1146 14 312 204 30 75
1146 20 253 370 42 114
1146 21 313 161 26 67
1146 22 334 161 25 69
1146 23 348 54 16 46
1146 24 312 23 15 32
1146 25 321 21 14 33
1146 26 330 21 14 35
1146 32 360 21 13 33
1146 33 368 17 13 41
1146 34 513 17 13 31
1146 36 370 0 13 30
1146 37 164 327 45 102
1146 38 117 294 44 102
1147 3 505 -11 13 29
1147 4 492 -13 13 33
1147 5 404 -9 13 20
1147 6 544 -7 15 31
1147 7 404 13 12 36
1147 8 413 15 12 29
1147 9 415 158 25 65
1147 10 255 168 27 68
1147 11 283 167 27 72
1147 12 346 191 32 72
1147 13 372 186 29 75
1147 14 312 204 30 75
1147 20 253 370 41 112
1147 21 313 161 27 68
1147 22 334 161 25 69
1147 23 348 54 16 47
1147 24 312 23 15 32
1147 25 321 21 15 33
1147 26 330 21 14 35
1147 32 360 21 13 33
1147 33 368 17 13 41
1147 34 513 17 13 31
1147 36 369 0 13 30
1147 37 164 327 45 102
1147 38 117 294 47 103
1148 3 505 -11 13 29
1148 4 492 -12 13 33
1148 5 404 -9 13 19
1148 6 544 -7 15 31
1148 7 404 13 12 35
1148 8 413 15 12 29
1148 9 415 158 25 65
1148 10 256 168 27 68
1148 11 284 167 27 72
1148 12 347 191 32 72
1148 13 372 186 29 76
1148 14 313 203 30 76
1148 20 252 371 43 116
1148 21 313 162 26 67
1148 22 334 162 25 69
1148 23 348 54 16 46
1148 24 312 23 15 32
1148 25 321 22 14 33
1148 26 329 21 14 35
1148 32 360 21 13 33
1148 33 368 17 13 41
1148 34 513 17 13 31
1148 36 369 0 13 30
1148 37 167 324 49 106
1148 38 119 293 47 104
1149 3 505 -11 13 29
1149 4 492 -12 13 33
1149 5 404 -9 13 19
1149 6 544 -7 15 31
1149 7 404 13 12 35
1149 8 413 15 12 29
1149 9 415 158 25 65
1149 10 256 167 27 68
1149 11 284 166 27 73
1149 12 348 190 32 72
1149 13 374 186 29 75
1149 14 315 203 30 74
1149 20 253 373 41 113
1149 21 312 163 26 65
1149 22 333 162 25 69
1149 23 348 54 16 47
1149 24 312 24 15 32
1149 25 322 22 14 32
1149 26 330 21 14 35
1149 32 361 21 13 33
1149 33 368 17 13 41
1149 34 513 17 13 31
1149 36 369 0 13 30
1149 37 169 325 54 104
1149 38 122 292 56 104
1150 3 506 -11 14 29
1150 4 492 -12 13 33
1150 5 403 -9 13 19
1150 6 545 -8 15 31
1150 7 404 13 12 35
1150 8 413 15 12 29
1150 9 415 159 25 65
1150 10 257 167 27 68
1150 11 284 166 27 73
1150 12 349 190 31 70
1150 13 376 184 29 76
1150 14 318 202 27 75
1150 20 253 377 40 102
1150 21 312 164 26 64
1150 22 333 162 25 70
1150 23 348 55 16 46
1150 24 312 24 15 32
1150 25 322 23 14 32
1150 26 330 22 14 35
1150 32 361 21 13 33
1150 33 368 17 13 42
1150 34 513 17 13 31
1150 36 369 0 13 31
1150 37 171 324 54 104
1150 38 124 291 56 104
1151 3 506 -11 14 29
1151 4 492 -12 13 33
1151 5 403 -9 12 19
1151 6 548 -8 14 31
1151 7 403 13 12 35
1151 8 413 15 12 29
1151 9 414 159 25 66
1151 10 259 166 26 66
1151 11 285 166 29 73
1151 12 350 187 31 73
1151 13 377 183 29 77
1151 14 319 202 27 74
1151 20 253 379 40 101
1151 21 311 164 25 66
1151 22 334 163 25 69
1151 23 347 55 16 47
1151 24 313 24 15 32
1151 25 322 23 14 32
1151 26 330 22 14 34
1151 32 361 21 13 33
1151 33 368 17 13 42
1151 34 513 17 13 31
1151 36 369 1 13 31
1151 37 175 323 53 100
1151 38 127 291 56 103
1152 3 506 -11 14 29
1152 4 493 -12 13 33
1152 5 403 -9 12 19
1152 6 549 -8 15 31
1152 7 403 12 12 34
1152 8 413 15 11 29
1152 9 414 159 25 66
1152 10 259 165 27 67
1152 11 285 166 29 73
1152 12 350 185 32 73
1152 13 378 183 29 78
1152 14 320 199 28 78
1152 20 253 382 39 100
1152 21 311 164 25 66
1152 22 334 163 25 68
1152 23 348 56 15 45
1152 24 312 24 15 33
1152 25 322 23 14 32
1152 26 330 23 13 34
1152 32 361 21 13 33
1152 33 368 17 13 42
1152 34 513 17 13 31
1152 36 368 1 13 31
1152 37 180 321 47 98
1152 38 130 291 55 102
1153 3 506 -11 14 29
1153 4 493 -12 13 33
1153 5 403 -9 12 19
1153 6 550 -8 15 30
1153 7 403 12 12 35
1153 8 413 15 11 28
1153 9 415 159 25 65
1153 10 259 165 27 68
1153 11 288 165 29 73
1153 12 350 185 32 73
1153 13 378 183 29 78
1153 14 322 201 26 73
1153 20 253 382 39 100
1153 21 311 164 25 65
1153 22 334 163 25 68
1153 23 348 56 15 45
1153 24 312 24 15 33
1153 25 322 23 14 32
1153 26 330 23 13 34
1153 32 361 21 13 33
1153 33 369 17 13 42
1153 34 513 17 13 31
1153 36 368 1 13 31
1153 37 180 321 47 98
1153 38 131 290 55 102
1154 3 507 -11 14 29
1154 4 493 -12 13 33
1154 5 403 -9 12 19
1154 6 550 -8 15 30
1154 7 403 12 12 34
1154 8 413 15 11 28
1154 9 415 160 25 64
1154 10 259 164 27 65
1154 11 288 165 28 73
1154 12 351 184 30 71
1154 13 380 182 29 76
1154 14 322 199 27 74
1154 20 253 385 38 98
1154 21 310 165 25 65
1154 22 334 164 25 68
1154 23 348 57 15 44
1154 24 312 25 15 33
1154 25 322 24 14 32
1154 26 330 23 14 34
1154 32 361 21 13 33
1154 33 369 17 13 41
1154 34 513 19 13 30
1154 36 368 1 13 31
1154 37 181 319 44 94
1154 38 134 290 54 102
1155 3 508 -10 14 29
1155 4 493 -12 13 33
1155 5 402 -9 13 20
1155 6 550 -8 15 30
1155 7 403 12 12 34
1155 8 412 15 11 28
1155 9 415 160 25 64
1155 10 260 163 25 65
1155 11 289 165 28 73
1155 12 352 183 30 72
1155 13 381 181 29 75
1155 14 323 198 27 75
1155 20 249 387 41 110
1155 21 310 165 25 65
1155 22 333 165 25 68
1155 23 347 56 16 47
1155 24 312 25 15 33
1155 25 323 24 14 33
1155 26 330 23 14 35
1155 32 361 22 13 33
1155 33 369 17 13 42
1155 34 513 19 13 30
1155 36 368 1 13 31
1155 37 182 317 40 95
1155 38 136 288 51 102
1156 3 508 -10 14 29
1156 4 494 -12 13 33
1156 5 402 -10 13 20
1156 6 550 -8 15 30
1156 7 403 12 12 35
1156 8 412 14 11 28
1156 9 414 160 26 67
1156 10 261 162 25 65
1156 11 289 164 28 73
1156 12 354 182 30 71
1156 13 383 180 27 71
1156 14 324 198 27 68
1156 20 249 390 40 113
1156 21 309 165 25 66
1156 22 333 166 24 66
1156 23 348 57 15 44
1156 24 313 25 15 33
1156 25 323 24 15 33
1156 26 330 23 14 35
1156 32 361 22 13 33
1156 33 369 17 13 41
1156 34 512 19 13 30
1156 36 368 1 13 31
1156 37 188 315 36 97
1156 38 138 287 48 102
1157 3 509 -10 14 29
1157 4 494 -12 13 33
1157 5 402 -10 13 20
1157 6 551 -8 15 30
1157 7 402 11 12 35
1157 8 412 14 11 29
1157 9 414 161 25 64
1157 10 261 161 26 66
1157 11 291 163 27 72
1157 12 355 181 30 72
1157 13 384 176 27 74
1157 14 326 198 26 68
1157 20 249 393 39 111
1157 21 309 166 25 67
1157 22 333 167 24 66
1157 23 348 57 15 44
1157 24 313 26 15 33
1157 25 323 24 15 34
1157 26 330 23 14 36
1157 32 361 22 13 33
1157 33 369 17 13 41
1157 34 512 19 13 30
1157 36 367 1 13 31
1157 37 191 314 41 97
1157 38 142 285 47 97
1158 3 509 -10 14 29
1158 4 494 -12 13 33
1158 5 402 -10 13 20
1158 6 552 -8 15 30
1158 7 402 11 12 35
1158 8 412 14 12 29
1158 9 414 162 24 64
1158 10 262 161 26 67
1158 11 291 163 27 67
1158 12 355 180 29 72
1158 13 385 175 27 74
1158 14 326 197 27 68
1158 20 248 396 39 111
1158 21 309 167 25 67
1158 22 333 168 24 65
1158 23 346 57 16 47
1158 24 313 26 15 33
1158 25 323 24 15 34
1158 26 331 23 14 36
1158 32 362 22 13 33
1158 33 369 17 13 41
1158 34 512 19 13 30
1158 36 367 1 13 31
1158 37 192 313 47 98
1158 38 146 283 43 98
1159 3 509 -10 14 29
1159 4 494 -12 13 33
1159 5 402 -10 13 20
1159 6 552 -8 15 30
1159 7 402 11 12 35
1159 8 412 14 12 29
1159 9 415 162 24 67
1159 10 262 161 28 65
1159 11 291 163 26 67
1159 12 355 180 29 72
1159 13 385 175 27 73
1159 14 326 197 27 68
1159 20 248 396 39 113
1159 21 309 167 25 66
1159 22 333 168 24 65
1159 23 346 57 16 47
1159 24 313 26 15 33
1159 25 323 24 15 34
1159 26 331 23 14 36
1159 32 362 22 13 33
1159 33 369 17 13 41
1159 34 512 19 13 30
1159 36 367 1 13 31
1159 37 192 313 47 98
1159 38 146 283 43 98
1160 3 510 -10 14 29
1160 4 494 -12 13 33
1160 5 402 -10 13 20
1160 6 552 -8 15 30
1160 7 402 11 12 35
1160 8 412 14 12 29
1160 9 415 163 24 66
1160 10 263 161 28 65
1160 11 292 162 25 67
1160 12 356 179 29 72
1160 13 385 175 27 73
1160 14 326 197 27 68
1160 20 248 399 39 113
1160 21 308 168 24 65
1160 22 333 168 23 64
1160 23 346 57 16 47
1160 24 313 26 15 33
1160 25 324 24 15 34
1160 26 331 23 14 36
1160 32 362 22 13 32
1160 33 369 17 13 41
1160 34 512 19 13 30
1160 36 366 1 13 31
1160 37 194 312 47 98
1160 38 148 281 42 98
1161 3 510 -10 14 29
1161 4 494 -12 13 33
1161 5 401 -10 13 20
1161 6 552 -8 15 30
1161 7 402 11 12 35
1161 8 412 14 12 29
1161 9 415 163 24 66
1161 10 264 161 28 64
1161 11 293 161 25 66
1161 12 356 179 30 72
1161 13 385 174 27 75
1161 14 327 196 28 69
1161 20 247 401 38 115
1161 21 308 169 24 65
1161 22 333 169 23 64
1161 23 346 57 16 47
1161 24 314 26 15 33
1161 25 324 24 15 33
1161 26 331 24 14 35
1161 32 362 23 13 33
1161 33 369 18 13 41
1161 34 512 19 13 30
1161 36 366 1 13 31
1161 37 195 312 55 99
1161 38 151 280 42 97
1162 3 510 -10 14 29
1162 4 495 -12 14 33
1162 5 401 -10 13 20
1162 6 552 -8 15 30
1162 7 402 11 12 35
1162 8 412 14 12 29
1162 9 415 164 23 65
1162 10 264 160 30 65
1162 11 294 161 24 64
1162 12 357 179 30 73
1162 13 387 174 27 74
1162 14 330 196 28 69
1162 20 245 403 39 116
1162 21 307 170 24 65
1162 22 331 169 23 65
1162 23 346 57 16 47
1162 24 314 26 15 33
1162 25 325 25 15 33
1162 26 331 24 14 35
1162 32 362 23 13 32
1162 33 369 18 13 40
1162 34 512 19 13 30
1162 36 366 1 13 31
1162 37 198 312 54 99
1162 38 153 278 42 98
1163 3 510 -10 14 29
1163 4 495 -12 14 33
1163 5 401 -10 13 20
1163 6 552 -8 15 30
1163 7 402 11 12 34
1163 8 412 14 11 29
1163 9 415 165 23 64
1163 10 265 160 30 65
1163 11 294 160 25 67
1163 12 358 179 30 73
1163 13 387 173 27 74
1163 14 331 196 28 69
1163 20 245 405 38 117
1163 21 306 171 25 67
1163 22 330 169 23 64
1163 23 346 57 16 47
1163 24 314 26 15 33
1163 25 324 25 15 34
1163 26 332 25 14 35
1163 32 362 23 12 31
1163 33 370 19 13 40
1163 34 512 19 13 30
1163 36 366 1 13 31
1163 37 200 308 54 101
1163 38 156 278 41 98
1164 3 511 -9 14 29
1164 4 495 -12 14 33
1164 5 401 -10 13 19
1164 6 552 -8 15 30
1164 7 402 11 12 34
1164 8 412 14 11 28
1164 9 415 166 23 63
1164 10 266 159 30 66
1164 11 295 159 26 68
1164 12 361 178 28 73
1164 13 385 172 28 77
1164 14 331 194 29 71
1164 20 242 405 40 114
1164 21 306 172 25 71
1164 22 329 170 23 62
1164 23 346 57 16 47
1164 24 314 26 15 33
1164 25 324 25 15 33
1164 26 332 25 14 35
1164 32 363 23 12 31
1164 33 370 19 13 39
1164 34 512 20 13 30
1164 36 365 1 13 31
1164 37 202 307 49 100
1164 38 154 277 43 100
1165 3 511 -9 14 29
1165 4 496 -12 11 33
1165 5 401 -10 13 19
1165 6 552 -8 15 30
1165 7 402 11 12 34
1165 8 412 14 11 28
1165 9 416 165 23 64
1165 10 266 159 30 66
1165 11 294 158 28 75
1165 12 361 178 28 73
1165 13 385 172 31 77
1165 14 332 194 29 71
1165 20 242 405 40 114
1165 21 306 172 25 71
1165 22 328 169 23 66
1165 23 346 57 16 47
1165 24 314 26 15 33
1165 25 324 25 15 33
1165 26 332 25 14 35
1165 32 363 23 13 36
1165 33 370 19 12 39
1165 34 512 20 13 30
1165 36 365 1 13 31
1165 37 202 307 49 100
1165 38 154 277 43 100
1166 3 511 -9 14 29
1166 4 496 -12 11 33
1166 5 401 -10 13 20
1166 6 554 -9 15 31
1166 7 402 11 12 34
1166 8 412 14 11 28
1166 9 415 166 22 62
1166 10 267 159 27 66
1166 11 296 158 26 67
1166 12 362 177 26 73
1166 13 385 171 31 77
1166 14 332 193 29 72
1166 20 242 407 40 113
1166 21 306 173 25 71
1166 22 329 169 24 68
1166 23 346 58 16 48
1166 24 314 27 15 33
1166 25 325 26 15 33
1166 26 332 25 14 36
1166 32 363 23 13 36
1166 33 370 21 12 38
1166 34 512 20 13 30
1166 36 365 1 13 31
1166 37 204 306 49 99
1166 38 160 276 41 102
1167 3 511 -9 14 29
1167 4 497 -12 12 33
1167 5 399 -10 14 20
1167 6 554 -9 15 31
1167 7 402 11 12 34
1167 8 412 14 11 28
1167 9 415 167 22 62
1167 10 268 158 28 66
1167 11 296 158 25 67
1167 12 363 176 26 74
1167 13 385 170 32 78
1167 14 335 192 28 70
1167 20 240 409 40 115
1167 21 305 174 26 70
1167 22 328 169 26 69
1167 23 346 58 16 47
1167 24 314 27 15 33
1167 25 325 26 15 33
1167 26 333 25 14 36
1167 32 363 24 13 36
1167 33 370 21 12 37
1167 34 512 20 13 30
1167 36 365 1 13 31
1167 37 206 305 46 100
1167 38 161 275 43 102
1168 3 512 -9 14 29
1168 4 497 -12 12 33
1168 5 399 -10 14 20
1168 6 558 -10 15 31
1168 7 402 11 11 34
1168 8 412 14 11 28
1168 9 415 167 22 62
1168 10 270 158 28 65
1168 11 296 158 25 67
1168 12 363 174 27 71
1168 13 385 168 32 79
1168 14 337 192 28 68
1168 20 239 410 43 122
1168 21 305 174 25 70
1168 22 328 169 26 72
1168 23 346 59 16 47
1168 24 315 28 15 34
1168 25 325 26 15 33
1168 26 333 26 13 34
1168 32 363 24 13 36
1168 33 370 21 12 37
1168 34 512 21 13 30
1168 36 365 2 13 31
1168 37 207 303 44 101
1168 38 162 274 43 103
1169 3 512 -9 14 29
1169 4 497 -12 12 33
1169 5 399 -10 14 19
1169 6 559 -10 15 31
1169 7 401 11 12 34
1169 8 411 13 11 28
1169 9 415 168 22 62
1169 10 271 157 26 65
1169 11 296 158 25 67
1169 12 364 174 27 70
1169 13 386 168 31 77
1169 14 338 191 27 67
1169 20 239 413 42 114
1169 21 304 174 25 70
1169 22 328 170 26 72
1169 23 346 59 16 47
1169 24 315 28 15 34
1169 25 326 26 15 34
1169 26 333 25 14 35
1169 32 363 24 13 36
1169 33 370 21 12 37
1169 34 512 21 13 30
1169 36 365 2 13 31
1169 37 214 301 39 92
1169 38 164 273 43 103
1170 3 512 -9 14 29
1170 4 498 -12 12 33
1170 5 399 -11 14 20
1170 6 559 -10 15 31
1170 7 401 10 12 34
1170 8 411 13 11 28
1170 9 415 168 23 63
1170 10 272 156 26 65
1170 11 297 157 25 67
1170 12 365 173 27 70
1170 13 387 166 30 76
1170 14 339 188 28 68
1170 20 239 415 41 105
1170 21 304 175 25 70
1170 22 329 171 25 73
1170 23 346 59 16 47
1170 24 315 28 15 34
1170 25 326 26 15 35
1170 26 334 25 14 36
1170 32 364 24 13 36
1170 33 370 22 12 37
1170 34 512 21 13 30
1170 36 364 2 13 31
1170 37 218 298 40 89
1170 38 167 272 43 101
1171 3 512 -9 14 29
1171 4 498 -12 12 33
1171 5 399 -11 14 20
1171 6 559 -10 15 31
1171 7 401 10 12 34
1171 8 411 12 12 29
1171 9 415 167 23 63
1171 10 272 156 26 63
1171 11 296 157 26 69
1171 12 365 173 27 70
1171 13 387 167 30 75
1171 14 339 188 28 68
1171 20 239 415 41 105
1171 21 304 175 25 70
1171 22 327 171 26 73
1171 23 346 59 16 47
1171 24 315 28 16 34
1171 25 326 26 15 35
1171 26 334 25 14 36
1171 32 364 24 13 36
1171 33 370 22 12 37
1171 34 512 21 13 30
1171 36 364 2 13 31
1171 37 218 298 40 89
1171 38 167 271 42 101
1172 3 513 -9 14 29
1172 4 498 -12 12 33
1172 5 399 -11 15 21
1172 6 560 -10 15 31
1172 7 401 10 12 35
1172 8 411 11 12 30
1172 9 415 167 23 63
1172 10 273 155 26 63
1172 11 298 158 28 64
1172 12 365 172 27 71
1172 13 388 166 30 74
1172 14 340 187 28 68
1172 20 239 418 40 104
1172 21 303 175 25 71
1172 22 327 171 26 74
1172 23 346 59 16 47
1172 24 315 28 16 35
1172 25 326 26 15 35
1172 26 334 26 14 36
1172 32 364 24 13 36
1172 33 370 22 12 37
1172 34 512 21 13 30
1172 35 546 -13 12 31
1172 36 364 2 13 31
1172 37 221 296 43 92
1172 38 169 270 43 104
1173 3 513 -9 14 29
1173 4 498 -12 12 33
1173 5 398 -11 14 20
1173 6 560 -10 15 31
1173 7 401 10 12 35
1173 8 411 11 12 30
1173 9 415 167 23 63
1173 10 276 154 26 64
1173 11 298 158 28 65
1173 12 365 171 28 72
1173 13 388 165 30 74
1173 14 340 186 28 68
1173 20 237 420 42 107
1173 21 303 175 25 71
1173 22 327 171 26 74
1173 23 346 60 16 47
1173 24 315 28 16 35
1173 25 326 27 15 35
1173 26 335 27 14 35
1173 32 364 24 13 36
1173 33 370 22 12 37
1173 34 512 21 13 30
1173 35 546 -13 12 31
1173 36 364 3 13 31
1173 37 222 294 46 93
1173 38 171 269 38 102
1174 3 513 -9 14 29
1174 4 499 -12 12 33
1174 5 398 -11 14 20
1174 6 560 -10 15 31
1174 7 401 10 12 35
1174 8 411 11 12 29
1174 9 415 167 23 64
1174 10 277 153 26 64
1174 11 297 157 29 66
1174 12 367 171 27 69
1174 13 389 165 25 72
1174 14 341 186 28 69
1174 20 237 423 41 106
1174 21 303 176 24 70
1174 22 327 171 22 75
1174 23 346 60 16 47
1174 24 315 28 16 35
1174 25 326 27 15 35
1174 26 335 27 14 36
1174 32 364 24 13 36
1174 33 370 22 12 38
1174 34 512 21 13 30
1174 35 546 -13 12 31
1174 36 364 3 13 31
1174 37 225 292 46 93
1174 38 172 267 39 96
1175 3 513 -9 14 29
1175 4 499 -12 12 33
1175 5 398 -11 14 19
1175 6 560 -10 15 31
1175 7 401 10 12 34
1175 8 411 11 12 29
1175 9 415 166 23 64
1175 10 278 153 26 64
1175 11 300 156 27 67
1175 12 367 170 27 69
1175 13 389 165 25 72
1175 14 342 185 29 69
1175 20 236 426 41 108
1175 21 302 177 24 69
1175 22 327 177 22 70
1175 23 346 60 16 47
1175 24 316 28 16 34
1175 25 327 27 15 34
1175 26 336 27 14 35
1175 32 364 24 13 36
1175 33 370 22 12 38
1175 34 512 21 13 30
1175 35 546 -11 12 31
1175 36 364 3 13 31
1175 37 228 291 47 97
1175 38 174 266 39 96
1176 3 514 -8 14 29
1176 4 500 -12 12 33
1176 6 561 -10 15 31
1176 7 401 10 12 34
1176 8 410 11 12 29
1176 9 415 165 23 65
1176 10 278 152 26 65
1176 11 300 156 27 67
1176 12 367 170 27 69
1176 13 390 165 25 71
1176 14 342 185 29 70
1176 20 234 429 44 108
1176 21 302 178 24 69
1176 22 327 178 22 70
1176 23 346 60 16 47
1176 24 316 28 16 35
1176 25 327 27 15 34
1176 26 336 27 14 36
1176 32 364 24 13 36
1176 33 370 22 12 38
1176 34 512 21 13 30
1176 35 546 -11 12 31
1176 36 364 3 13 31
1176 37 229 290 47 98
1176 38 175 265 39 95
1177 3 514 -8 14 29
1177 4 500 -12 12 33
1177 6 561 -10 15 31
1177 7 401 10 12 34
1177 8 410 11 12 29
1177 9 415 166 23 65
1177 10 278 152 26 65
1177 11 300 156 27 67
1177 12 367 170 27 69
1177 13 390 164 25 72
1177 14 344 186 27 66
1177 20 234 429 44 92
1177 21 302 178 24 72
1177 22 327 178 22 69
1177 23 346 60 16 47
1177 24 316 28 16 35
1177 25 327 27 15 34
1177 26 336 27 14 36
1177 32 364 24 13 36
1177 33 370 22 13 38
1177 34 512 21 13 30
1177 35 546 -11 12 31
1177 36 364 3 13 31
1177 37 231 290 48 94
1177 38 175 265 39 95
1178 3 514 -8 14 29
1178 4 500 -12 12 33
1178 6 561 -10 15 31
1178 7 400 10 12 35
1178 8 410 11 12 29
1178 9 415 165 24 67
1178 10 280 152 25 61
1178 11 300 157 27 67
1178 12 368 169 27 69
1178 13 390 164 25 72
1178 14 345 185 27 66
1178 20 233 433 44 91
1178 21 301 179 24 72
1178 22 326 178 22 70
1178 23 346 60 16 48
1178 24 316 28 16 35
1178 25 328 28 15 34
1178 26 337 27 14 36
1178 32 364 24 13 36
1178 33 371 22 13 39
1178 34 512 21 13 30
1178 35 546 -11 12 31
1178 36 364 3 13 31
1178 37 233 289 46 93
1178 38 177 264 39 95
1179 3 514 -8 14 29
1179 4 500 -12 12 33
1179 6 561 -10 15 31
1179 7 400 10 12 34
1179 8 410 11 12 29
1179 9 415 164 24 68
1179 10 280 152 26 64
1179 11 300 153 28 67
1179 12 368 169 27 69
1179 13 390 164 25 73
1179 14 346 185 27 66
1179 20 233 435 44 91
1179 21 301 181 23 70
1179 22 326 179 22 69
1179 23 345 60 16 48
1179 24 316 28 16 35
1179 25 328 28 15 33
1179 26 337 27 14 35
1179 32 364 24 14 38
1179 33 371 22 13 39
1179 34 512 22 13 30
1179 35 546 -11 12 31
1179 36 364 3 13 31
1179 37 235 288 46 93
1179 38 177 263 43 96
1180 3 516 -8 13 29
1180 4 502 -12 11 33
1180 6 563 -10 14 31
1180 7 400 10 12 34
1180 8 410 11 12 29
1180 9 416 163 24 66
1180 10 281 152 26 64
1180 11 300 153 28 67
1180 12 369 168 27 68
1180 13 391 164 25 71
1180 14 346 184 27 66
1180 20 232 438 44 91
1180 21 300 182 24 72
1180 22 326 179 22 69
1180 23 345 60 17 49
1180 24 316 29 16 36
1180 25 328 29 15 33
1180 26 337 28 14 35
1180 32 364 24 14 38
1180 33 371 22 12 38
1180 34 512 22 13 30
1180 35 546 -11 12 31
1180 36 363 3 13 31
1180 37 237 287 43 97
1180 38 178 263 49 97
1181 3 516 -8 13 29
1181 4 502 -12 11 33
1181 6 563 -10 14 31
1181 7 399 10 11 32
1181 8 410 11 12 29
1181 9 416 162 24 67
1181 10 282 151 26 63
1181 11 302 152 26 67
1181 12 369 167 26 68
1181 13 392 163 25 72
1181 14 347 183 27 66
1181 20 231 440 45 93
1181 21 299 183 24 73
1181 22 324 179 21 70
1181 23 345 60 17 49
1181 24 316 29 16 34
1181 25 329 29 15 34
1181 26 338 28 14 35
1181 32 364 24 14 38
1181 33 371 22 13 39
1181 34 512 22 13 30
1181 35 546 -11 12 31
1181 36 363 3 13 31
1181 37 239 286 43 96
1181 38 181 262 51 98
1182 3 516 -8 13 29
1182 4 502 -12 11 33
1182 6 564 -10 14 30
1182 7 399 10 11 32
1182 8 410 11 12 29
1182 9 416 162 25 67
1182 10 283 150 26 66
1182 11 302 152 26 67
1182 12 369 166 27 69
1182 13 393 163 24 70
1182 14 347 182 28 67
1182 20 229 441 45 94
1182 21 299 183 24 73
1182 22 324 180 21 70
1182 23 345 60 17 49
1182 24 316 31 15 34
1182 25 330 29 14 33
1182 26 338 29 14 36
1182 32 364 24 14 39
1182 33 371 22 13 39
1182 34 512 22 13 30
1182 35 546 -11 12 31
1182 36 363 3 13 31
1182 37 240 284 41 97
1182 38 183 262 51 95
1183 3 516 -8 13 29
1183 4 502 -12 11 33
1183 6 564 -10 14 30
1183 7 399 10 11 32
1183 8 410 11 12 29
1183 9 416 162 25 67
1183 10 283 150 26 66
1183 11 302 152 26 67
1183 12 370 166 26 67
1183 13 392 162 25 72
1183 14 347 182 28 67
1183 20 229 441 45 94
1183 21 297 183 26 73
1183 22 324 180 21 70
1183 23 345 60 17 49
1183 24 316 31 15 34
1183 25 330 29 14 33
1183 26 340 28 14 36
1183 32 364 24 14 39
1183 33 371 22 13 39
1183 34 512 22 13 30
1183 35 546 -11 12 31
1183 36 363 3 13 31
1183 37 240 284 41 96
1183 38 183 262 51 95
1184 3 516 -8 13 29
1184 4 503 -12 11 33
1184 6 564 -10 14 30
1184 7 399 10 11 32
1184 8 409 11 12 29
1184 9 416 161 25 68
1184 10 283 149 26 68
1184 11 302 152 26 67
1184 12 369 165 27 70
1184 13 394 161 24 67
1184 14 347 180 28 68
1184 20 228 444 45 95
1184 21 297 183 26 73
1184 22 324 181 21 70
1184 23 345 61 16 48
1184 24 316 31 16 34
1184 25 330 29 15 33
1184 26 340 28 14 36
1184 32 364 24 14 38
1184 33 371 22 13 39
1184 34 512 23 12 30
1184 35 546 -11 12 31
1184 36 363 3 13 31
1184 37 241 282 42 97
1184 38 185 262 51 95
1185 3 516 -10 13 30
1185 4 503 -12 11 33
1185 6 564 -10 14 30
1185 7 399 9 11 32
1185 8 409 10 12 29
1185 9 416 160 25 68
1185 10 283 148 26 69
1185 11 304 152 26 67
1185 12 370 164 27 68
1185 13 394 160 24 68
1185 14 347 179 28 69
1185 20 227 445 45 95
1185 21 295 185 27 72
1185 22 324 182 21 69
1185 23 345 61 17 49
1185 24 316 32 16 34
1185 25 330 29 15 34
1185 26 341 28 14 36
1185 32 365 25 14 37
1185 33 372 22 13 39
1185 34 512 23 12 30
1185 35 546 -11 12 31
1185 36 363 3 13 31
1185 37 245 280 39 89
1185 38 188 261 50 95
1186 3 517 -10 13 30
1186 4 504 -12 11 33
1186 6 565 -10 15 30
1186 7 398 9 11 34
1186 8 409 10 12 29
1186 9 416 159 25 69
1186 10 283 147 27 70
1186 11 305 152 26 67
1186 12 371 164 26 66
1186 13 394 158 25 70
1186 14 348 178 29 69
1186 20 226 449 45 93
1186 21 295 186 27 72
1186 22 319 183 24 72
1186 23 345 62 17 48
1186 24 316 32 16 34
1186 25 331 29 15 35
1186 26 341 28 14 36
1186 32 365 25 14 37
1186 33 372 22 13 39
1186 34 512 23 12 30
1186 35 546 -11 12 31
1186 36 362 4 13 32
1186 37 246 278 40 91
1186 38 190 261 47 95
1187 3 517 -10 13 30
1187 4 504 -12 11 33
1187 6 565 -10 15 30
1187 7 399 9 12 33
1187 8 409 10 12 29
1187 9 416 158 25 69
1187 10 284 146 26 63
1187 11 307 150 26 67
1187 12 370 162 27 70
1187 13 395 157 24 67
1187 14 348 177 29 70
1187 20 224 451 45 93
1187 21 290 184 28 75
1187 22 319 184 24 72
1187 23 345 62 17 48
1187 24 316 32 16 34
1187 25 331 29 15 35
1187 26 341 28 14 36
1187 32 365 25 13 37
1187 33 372 22 13 39
1187 34 512 23 12 30
1187 35 546 -11 12 31
1187 36 362 4 13 32
1187 37 248 276 39 89
1187 38 192 260 45 95
1188 3 517 -10 13 30
1188 4 504 -12 11 33
1188 6 566 -11 15 31
1188 7 399 8 12 33
1188 8 409 10 12 30
1188 9 416 158 25 69
1188 10 284 145 26 64
1188 11 307 150 26 67
1188 12 371 163 26 67
1188 13 395 156 25 71
1188 14 350 177 26 70
1188 20 223 453 44 91
1188 21 290 184 28 75
1188 22 318 185 24 72
1188 23 345 62 17 49
1188 24 316 32 16 34
1188 25 332 29 15 34
1188 26 341 28 14 36
1188 32 365 25 13 37
1188 33 372 22 13 39
1188 34 512 24 12 30
1188 35 546 -10 12 31
1188 36 362 4 13 32
1188 37 250 274 40 89
1188 38 194 259 43 91
1189 3 518 -10 14 30
1189 4 504 -12 11 33
1189 6 566 -11 15 31
1189 7 398 8 12 33
1189 8 408 10 12 30
1189 9 416 157 25 69
1189 10 287 145 24 65
1189 11 308 150 26 67
1189 12 371 162 27 68
1189 13 395 155 25 70
1189 14 350 177 26 70
1189 20 222 456 43 92
1189 21 289 184 29 75
1189 22 316 186 25 73
1189 23 344 62 17 49
1189 24 316 32 16 34
1189 25 333 31 14 32
1189 26 342 28 14 36
1189 32 365 25 13 36
1189 33 372 22 13 39
1189 34 512 24 12 30
1189 35 546 -10 12 31
1189 36 361 4 13 32
1189 37 252 273 43 88
1189 38 197 258 39 89
1190 3 518 -10 14 30
1190 4 504 -12 11 33
1190 6 566 -11 15 31
1190 7 398 8 12 33
1190 8 408 10 12 30
1190 9 416 157 25 69
1190 10 287 145 24 65
1190 11 309 150 26 67
1190 12 370 162 26 67
1190 13 395 155 25 70
1190 14 350 177 26 70
1190 20 222 456 43 92
1190 21 289 185 29 74
1190 22 316 186 25 73
1190 23 344 62 17 49
1190 24 316 32 16 34
1190 25 333 31 15 32
1190 26 342 28 14 36
1190 32 365 25 13 36
1190 33 372 22 13 39
1190 34 512 24 12 30
1190 35 546 -10 12 31
1190 36 361 4 13 32
1190 37 252 273 43 88
1190 38 197 258 39 89
1191 3 518 -10 14 30
1191 4 505 -11 11 33
1191 6 567 -11 15 31
1191 7 398 8 12 33
1191 8 408 10 12 29
1191 9 416 156 25 70
1191 10 287 144 24 66
1191 11 308 150 26 67
1191 12 371 162 26 66
1191 13 397 155 24 67
1191 14 351 176 26 70
1191 20 221 459 43 92
1191 21 288 184 30 77
1191 22 315 187 26 74
1191 23 344 62 17 49
1191 24 316 32 16 34
1191 25 333 31 14 31
1191 26 342 28 14 36
1191 32 366 26 13 36
1191 33 373 23 13 39
1191 34 512 24 12 30
1191 35 544 -10 13 31
1191 36 361 5 13 32
1191 37 254 272 47 88
1191 38 200 257 38 87
1192 3 518 -10 14 30
1192 4 505 -11 11 33
1192 6 567 -11 15 31
1192 7 397 8 13 33
1192 8 408 10 12 29
1192 9 416 156 25 70
1192 10 288 144 24 66
1192 11 308 150 26 67
1192 12 372 162 26 68
1192 13 397 155 24 67
1192 14 351 176 26 70
1192 20 220 463 43 91
1192 21 288 187 28 73
1192 22 315 188 26 74
1192 23 344 62 17 50
1192 24 318 32 14 34
1192 25 334 32 14 30
1192 26 343 28 14 36
1192 32 366 26 13 36
1192 33 373 23 13 39
1192 34 512 24 12 30
1192 35 544 -10 13 31
1192 36 361 5 13 32
1192 37 256 272 47 88
1192 38 205 254 38 90
1193 3 519 -10 14 30
1193 4 505 -11 11 33
1193 6 567 -11 15 31
1193 7 397 8 13 33
1193 8 408 10 12 28
1193 9 417 156 24 66
1193 10 289 144 24 65
1193 11 311 147 26 67
1193 12 372 161 27 68
1193 13 398 155 24 67
1193 14 351 175 26 70
1193 20 218 465 44 93
1193 21 287 188 28 74
1193 22 314 189 25 73
1193 23 344 62 17 50
1193 24 318 33 14 34
1193 25 334 32 14 30
1193 26 343 29 14 36
1193 32 366 26 13 36
1193 33 373 23 13 39
1193 34 512 24 12 30
1193 35 544 -10 13 31
1193 36 361 5 13 32
1193 37 258 271 47 87
1193 38 207 253 40 90
1194 3 519 -10 14 30
1194 4 505 -11 11 33
1194 6 568 -11 15 31
1194 7 397 8 13 32
1194 8 408 10 12 28
1194 9 417 156 24 66
1194 10 289 143 24 65
1194 11 313 145 26 67
1194 12 373 160 27 69
1194 13 398 154 24 66
1194 14 352 175 25 68
1194 20 215 468 45 98
1194 21 287 192 28 72
1194 22 314 189 25 73
1194 23 344 62 17 50
1194 24 318 33 14 34
1194 25 335 32 14 31
1194 26 344 29 14 36
1194 32 367 26 13 36
1194 33 373 23 13 39
1194 34 512 24 12 30
1194 35 544 -10 13 31
1194 36 360 5 13 32
1194 37 261 271 47 90
1194 38 209 252 40 90
1195 3 520 -10 14 30
1195 4 506 -11 11 33
1195 6 568 -11 15 31
1195 7 397 8 13 32
1195 8 408 10 12 28
1195 9 417 155 24 66
1195 10 290 143 24 64
1195 11 313 145 26 67
1195 12 374 160 26 67
1195 13 398 154 24 66
1195 14 352 173 26 69
1195 20 213 471 45 98
1195 21 287 193 29 71
1195 22 313 191 24 71
1195 23 343 62 17 50
1195 24 318 34 15 35
1195 25 335 32 14 31
1195 26 344 29 14 36
1195 32 367 26 13 36
1195 33 374 23 13 39
1195 34 512 24 12 30
1195 35 544 -10 13 31
1195 36 360 5 13 32
1195 37 264 270 46 89
1195 38 211 251 40 94
1196 3 520 -9 14 30
1196 4 506 -11 11 33
1196 6 568 -11 15 31
1196 7 397 8 13 32
1196 8 408 10 12 28
1196 9 419 155 22 67
1196 10 290 143 24 65
1196 11 313 145 26 67
1196 12 374 160 26 67
1196 13 398 154 24 69
1196 14 352 173 26 69
1196 20 213 471 46 98
1196 21 287 193 29 71
1196 22 313 191 26 70
1196 23 343 62 17 51
1196 24 318 34 15 34
1196 25 335 33 14 31
1196 26 344 29 14 36
1196 32 367 26 13 36
1196 33 374 23 13 39
1196 34 512 24 12 30
1196 35 544 -10 13 31
1196 36 360 5 13 32
1196 37 264 270 46 89
1196 38 211 251 40 94
1197 3 520 -9 14 30
1197 4 507 -11 11 33
1197 6 568 -11 15 31
1197 7 397 8 13 32
1197 8 408 10 12 28
1197 9 416 155 24 66
1197 10 291 143 23 63
1197 11 314 145 26 67
1197 12 376 161 24 61
1197 13 398 154 24 69
1197 14 352 172 26 70
1197 20 211 473 44 99
1197 21 287 194 29 71
1197 22 313 191 26 70
1197 23 343 63 17 51
1197 24 318 35 14 33
1197 25 335 33 14 31
1197 26 345 29 14 36
1197 32 367 26 13 36
1197 33 374 23 13 39
1197 34 512 24 12 30
1197 35 544 -10 13 31
1197 36 360 5 13 32
1197 37 262 270 43 90
1197 38 213 250 40 94
1198 3 521 -9 14 30
1198 4 507 -11 11 33
1198 6 568 -11 15 31
1198 7 397 8 13 32
1198 8 408 9 12 29
1198 9 416 155 24 66
1198 10 292 143 23 64
1198 11 316 144 26 67
1198 12 377 159 24 68
1198 13 398 153 24 70
1198 14 352 171 27 72
1198 20 208 476 46 98
1198 21 286 195 29 70
1198 22 312 192 28 69
1198 23 343 63 17 51
1198 24 318 35 15 35
1198 25 335 33 14 31
1198 26 345 29 14 36
1198 32 367 25 13 36
1198 33 374 23 13 39
1198 34 512 24 12 30
1198 35 544 -10 13 31
1198 36 360 5 13 32
1198 37 263 267 43 93
1198 38 215 250 40 94
1199 3 521 -9 14 30
1199 4 507 -11 11 33
1199 6 569 -11 15 31
1199 7 397 7 13 32
1199 8 407 9 12 28
1199 9 416 154 24 65
1199 10 293 142 23 63
1199 11 315 144 26 67
1199 12 377 158 24 68
1199 13 399 152 23 67
1199 14 353 170 24 66
1199 20 206 478 46 98
1199 21 285 196 30 73
1199 22 312 193 27 69
1199 23 343 63 17 50
1199 24 319 35 15 35
1199 25 335 33 14 31
1199 26 345 29 14 36
1199 32 368 25 13 37
1199 33 374 23 13 39
1199 34 512 24 12 30
1199 35 544 -10 13 31
1199 36 360 5 13 32
1199 37 268 266 39 94
1199 38 218 249 40 93
1200 3 521 -9 14 30
1200 4 507 -11 11 33
1200 6 569 -11 15 31
1200 7 396 7 13 33
1200 8 407 9 12 29
1200 9 416 154 24 66
1200 10 294 141 24 63
1200 11 315 144 26 67
1200 12 378 157 24 68
1200 13 399 151 23 67
1200 14 353 169 26 64
1200 20 204 480 46 100
1200 21 285 197 29 70
1200 22 311 193 28 71
1200 23 343 64 17 50
1200 24 319 35 15 34
1200 25 335 32 15 32
1200 26 346 29 14 36
1200 32 368 25 13 37
1200 33 375 23 13 39
1200 34 512 25 12 30
1200 35 544 -10 13 31
1200 36 359 4 13 32
1200 37 273 264 34 84
1200 38 220 248 39 93
1201 3 522 -12 14 29
1201 4 508 -11 11 33
1201 6 569 -11 15 31
1201 7 396 7 13 33
1201 8 407 8 12 29
1201 9 416 152 24 66
1201 10 295 141 24 63
1201 11 316 143 26 62
1201 12 377 156 25 66
1201 13 399 149 24 68
1201 14 353 168 26 64
1201 20 203 482 46 101
1201 21 285 198 28 68
1201 22 310 194 31 73
1201 23 343 64 17 49
1201 24 320 36 15 34
1201 25 335 31 15 33
1201 26 346 29 14 36
1201 32 368 25 13 37
1201 33 375 23 13 39
1201 34 512 25 12 30
1201 35 544 -10 13 31
1201 36 359 4 13 32
1201 37 278 262 31 84
1201 38 222 247 40 94
