1,1,1370,615,108,187,1,1,1
1,2,1119,616,78,207,1,1,1
1,3,1090,589,55,156,1,1,1
1,4,698,520,30,107,1,1,1
1,5,583,479,27,56,1,1,1
2,1,1368,615,106,187,1,1,1
2,2,1120,612,83,207,1,1,1
2,3,1095,589,55,156,1,1,1
2,4,697,524,31,98,1,1,1
2,5,584,479,27,56,1,1,1
3,1,1376,613,94,187,1,1,1
3,2,1118,615,87,207,1,1,1
3,3,1095,594,58,156,1,1,1
3,4,694,523,33,98,1,1,1
3,5,583,479,27,56,1,1,1
4,1,1370,613,96,184,1,1,1
4,2,1119,618,87,207,1,1,1
4,3,1097,594,58,152,1,1,1
4,4,695,523,31,99,1,1,1
4,5,585,479,27,56,1,1,1
5,1,1365,613,94,187,1,1,1
5,2,1120,618,87,207,1,1,1
5,3,1096,598,62,150,1,1,1
5,4,695,524,31,97,1,1,1
5,5,584,478,27,56,1,1,1
6,1,1363,611,91,187,1,1,1
6,2,1121,617,87,207,1,1,1
6,3,1099,595,64,156,1,1,1
6,4,695,522,31,99,1,1,1
6,5,586,477,27,56,1,1,1
7,1,1369,612,72,180,1,1,1
7,2,1125,616,87,207,1,1,1
7,3,1097,599,70,155,1,1,1
7,4,695,520,31,101,1,1,1
7,5,586,478,27,60,1,1,1
8,1,1362,613,78,180,1,1,1
8,2,1128,618,82,207,1,1,1
8,3,1097,598,76,154,1,1,1
8,4,695,519,31,101,1,1,1
8,5,587,478,27,60,1,1,1
9,1,1352,609,85,183,1,1,1
9,2,1132,619,78,207,1,1,1
9,3,1100,594,69,155,1,1,1
9,4,696,519,31,101,1,1,1
9,5,586,477,27,60,1,1,1
10,1,1344,607,85,183,1,1,1
10,2,1137,619,76,207,1,1,1
10,3,1102,596,68,160,1,1,1
10,4,696,519,31,101,1,1,1
10,5,586,477,27,60,1,1,1
11,1,1342,609,84,183,1,1,1
11,2,1143,621,73,207,1,1,1
11,3,1103,597,68,154,1,1,1
11,4,694,519,31,101,1,1,1
11,5,587,478,27,60,1,1,1
12,1,1337,609,86,183,1,1,1
12,2,1148,620,69,207,1,1,1
12,3,1110,597,63,158,1,1,1
12,4,696,519,31,101,1,1,1
12,5,587,478,27,60,1,1,1
13,1,1332,608,86,183,1,1,1
13,2,1154,621,66,207,1,1,1
13,3,1116,598,57,155,1,1,1
13,4,695,521,31,99,1,1,1
13,5,587,477,27,60,1,1,1
14,1,1330,609,86,183,1,1,1
14,2,1160,618,66,207,1,1,1
14,3,1122,598,52,157,1,1,1
14,4,697,519,31,99,1,1,1
14,5,587,477,27,60,1,1,1
15,1,1325,607,86,183,1,1,1
15,2,1172,622,58,207,1,1,1
15,3,1126,597,58,157,1,1,1
15,4,696,519,31,99,1,1,1
15,5,589,477,27,60,1,1,1
16,1,1320,610,94,183,1,1,1
16,2,1173,624,58,207,1,1,1
16,3,1127,596,66,159,1,1,1
16,4,696,519,31,99,1,1,1
16,5,590,478,27,60,1,1,1
17,1,1315,610,94,183,1,1,1
17,2,1173,621,68,207,1,1,1
17,3,1126,597,66,159,1,1,1
17,4,697,520,31,99,1,1,1
17,5,591,477,27,60,1,1,1
18,1,1315,609,94,183,1,1,1
18,2,1172,624,79,201,1,1,1
18,3,1127,599,71,158,1,1,1
18,4,697,520,33,101,1,1,1
18,5,590,475,27,60,1,1,1
19,1,1319,611,89,183,1,1,1
19,2,1174,625,88,201,1,1,1
19,3,1127,599,73,162,1,1,1
19,4,697,519,33,101,1,1,1
19,5,590,476,27,60,1,1,1
20,1,1319,610,89,183,1,1,1
20,2,1173,625,95,201,1,1,1
20,3,1128,600,73,160,1,1,1
20,4,697,518,33,101,1,1,1
20,5,591,478,27,60,1,1,1
21,1,1317,609,89,183,1,1,1
21,2,1173,625,95,201,1,1,1
21,3,1129,601,73,158,1,1,1
21,4,696,517,33,101,1,1,1
21,5,593,480,27,60,1,1,1
22,1,1318,606,89,183,1,1,1
22,2,1174,625,95,201,1,1,1
22,3,1134,602,71,159,1,1,1
22,4,696,517,33,101,1,1,1
22,5,592,479,27,60,1,1,1
23,1,1315,604,89,183,1,1,1
23,2,1175,625,95,201,1,1,1
23,3,1135,603,71,162,1,1,1
23,4,696,517,33,101,1,1,1
23,5,592,479,27,60,1,1,1
24,1,1319,606,81,183,1,1,1
24,2,1176,626,95,201,1,1,1
24,3,1135,602,71,166,1,1,1
24,4,696,519,33,97,1,1,1
24,5,592,479,27,60,1,1,1
25,1,1317,603,77,183,1,1,1
25,2,1177,627,95,201,1,1,1
25,3,1136,601,71,168,1,1,1
25,4,696,518,33,99,1,1,1
25,5,593,479,27,60,1,1,1
26,1,1316,603,77,183,1,1,1
26,2,1179,628,95,201,1,1,1
26,3,1138,603,71,160,1,1,1
26,4,696,518,33,99,1,1,1
26,5,593,478,27,60,1,1,1
27,1,1316,603,67,183,1,1,1
27,2,1187,624,89,201,1,1,1
27,3,1138,602,71,160,1,1,1
27,4,697,517,33,100,1,1,1
27,5,594,480,27,60,1,1,1
28,1,1316,603,67,183,1,1,1
28,2,1196,629,80,201,1,1,1
28,3,1140,605,65,160,1,1,1
28,4,696,521,33,97,1,1,1
28,5,593,478,27,60,1,1,1
29,1,1310,604,72,183,1,1,1
29,2,1200,625,80,201,1,1,1
29,3,1142,602,63,163,1,1,1
29,4,696,518,33,99,1,1,1
29,5,594,479,27,60,1,1,1
30,1,1310,606,78,183,1,1,1
30,2,1208,626,75,201,1,1,1
30,3,1144,600,63,165,1,1,1
30,4,697,518,33,99,1,1,1
30,5,595,479,27,60,1,1,1
31,1,1300,610,85,183,1,1,1
31,2,1217,626,66,201,1,1,1
31,3,1144,602,63,165,1,1,1
31,4,696,518,33,100,1,1,1
31,5,595,480,27,60,1,1,1
32,1,1296,605,90,183,1,1,1
32,2,1226,630,62,201,1,1,1
32,3,1147,602,59,163,1,1,1
32,4,697,518,33,99,1,1,1
32,5,595,479,27,60,1,1,1
33,1,1293,604,94,183,1,1,1
33,2,1228,623,62,214,1,1,1
33,3,1149,603,59,159,1,1,1
33,4,697,520,31,95,1,1,1
33,5,595,479,27,60,1,1,1
34,1,1289,605,94,183,1,1,1
34,2,1232,625,62,214,1,1,1
34,3,1149,601,62,166,1,1,1
34,4,697,518,31,96,1,1,1
34,5,594,480,25,60,1,1,1
35,1,1285,603,94,183,1,1,1
35,2,1230,627,66,214,1,1,1
35,3,1151,603,62,167,1,1,1
35,4,697,519,31,96,1,1,1
35,5,594,477,27,60,1,1,1
36,1,1283,602,94,183,1,1,1
36,2,1229,629,74,214,1,1,1
36,3,1152,603,68,166,1,1,1
36,4,696,518,31,96,1,1,1
36,5,595,482,29,55,1,1,1
37,1,1278,601,94,183,1,1,1
37,2,1231,630,83,214,1,1,1
37,3,1154,604,68,169,1,1,1
37,4,697,517,31,96,1,1,1
37,5,595,482,29,55,1,1,1
38,1,1281,603,89,183,1,1,1
38,2,1232,629,91,214,1,1,1
38,3,1158,605,68,162,1,1,1
38,4,697,517,31,96,1,1,1
38,5,595,481,29,55,1,1,1
39,1,1275,605,89,183,1,1,1
39,2,1230,630,91,214,1,1,1
39,3,1159,607,68,162,1,1,1
39,4,696,516,31,96,1,1,1
39,5,596,483,29,55,1,1,1
40,1,1285,601,76,183,1,1,1
40,2,1232,632,91,214,1,1,1
40,3,1158,607,68,168,1,1,1
40,4,696,516,31,96,1,1,1
40,5,596,483,29,55,1,1,1
41,1,1287,604,71,183,1,1,1
41,2,1235,635,91,214,1,1,1
41,3,1161,602,68,169,1,1,1
41,4,696,515,31,96,1,1,1
41,5,596,482,29,55,1,1,1
42,1,1291,604,61,183,1,1,1
42,2,1235,635,91,214,1,1,1
42,3,1162,605,63,169,1,1,1
42,4,696,517,31,96,1,1,1
42,5,596,481,29,60,1,1,1
43,1,1285,604,69,183,1,1,1
43,2,1237,635,91,214,1,1,1
43,3,1162,609,62,169,1,1,1
43,4,697,516,31,96,1,1,1
43,5,596,482,29,59,1,1,1
44,1,1275,602,76,183,1,1,1
44,2,1240,632,91,214,1,1,1
44,3,1165,605,58,169,1,1,1
44,4,695,516,31,96,1,1,1
44,5,599,483,27,58,1,1,1
45,1,1285,604,62,183,1,1,1
45,2,1252,633,77,214,1,1,1
45,3,1166,604,62,169,1,1,1
45,4,695,517,31,96,1,1,1
45,5,599,483,27,58,1,1,1
46,1,1279,601,62,183,1,1,1
46,2,1260,636,77,214,1,1,1
46,3,1167,605,61,169,1,1,1
46,4,695,515,31,96,1,1,1
46,5,600,480,27,58,1,1,1
47,1,1272,595,71,183,1,1,1
47,2,1263,639,77,214,1,1,1
47,3,1169,605,61,169,1,1,1
47,4,695,516,31,96,1,1,1
47,5,601,480,26,58,1,1,1
48,1,1272,600,69,158,1,1,1
48,2,1267,634,77,214,1,1,1
48,3,1173,609,58,169,1,1,1
48,4,695,516,31,96,1,1,1
48,5,601,480,26,58,1,1,1
49,1,1268,598,66,181,1,1,1
49,2,1280,632,66,214,1,1,1
49,3,1171,607,64,169,1,1,1
49,4,695,515,31,96,1,1,1
49,5,601,481,26,58,1,1,1
50,1,1269,601,66,181,1,1,1
50,2,1279,626,71,220,1,1,1
50,3,1172,605,64,169,1,1,1
50,4,696,515,31,96,1,1,1
50,5,601,481,26,58,1,1,1
51,1,1264,600,70,176,1,1,1
51,2,1286,632,67,220,1,1,1
51,3,1172,608,64,169,1,1,1
51,4,695,515,31,96,1,1,1
51,5,602,482,26,58,1,1,1
52,1,1264,599,69,176,1,1,1
52,2,1290,631,71,220,1,1,1
52,3,1174,606,64,169,1,1,1
52,4,695,515,31,96,1,1,1
52,5,602,481,26,58,1,1,1
53,1,1256,597,79,176,1,1,1
53,2,1287,626,91,220,1,1,1
53,3,1176,608,64,169,1,1,1
53,4,694,516,30,92,1,1,1
53,5,602,482,26,58,1,1,1
54,1,1254,597,79,176,1,1,1
54,2,1288,634,95,221,1,1,1
54,3,1177,610,64,171,1,1,1
54,4,694,515,30,92,1,1,1
54,5,602,482,26,58,1,1,1
55,1,1248,596,79,176,1,1,1
55,2,1288,634,102,221,1,1,1
55,3,1176,606,68,177,1,1,1
55,4,694,515,30,92,1,1,1
55,5,603,482,26,58,1,1,1
56,1,1242,596,87,176,1,1,1
56,2,1289,630,104,221,1,1,1
56,3,1176,604,68,177,1,1,1
56,4,694,515,30,92,1,1,1
56,5,603,481,26,58,1,1,1
57,1,1241,596,87,176,1,1,1
57,2,1288,637,104,217,1,1,1
57,3,1176,606,68,177,1,1,1
57,4,694,514,30,92,1,1,1
57,5,604,483,26,58,1,1,1
58,1,1240,597,87,176,1,1,1
58,2,1289,642,104,213,1,1,1
58,3,1178,609,63,171,1,1,1
58,4,693,515,30,92,1,1,1
58,5,602,483,28,58,1,1,1
59,1,1241,598,87,176,1,1,1
59,2,1292,637,104,221,1,1,1
59,3,1176,610,63,171,1,1,1
59,4,693,514,30,92,1,1,1
59,5,603,482,28,58,1,1,1
60,1,1239,599,87,171,1,1,1
60,2,1295,635,98,221,1,1,1
60,3,1175,609,63,171,1,1,1
60,4,693,514,30,92,1,1,1
60,5,603,484,28,58,1,1,1
61,1,1233,598,87,175,1,1,1
61,2,1301,636,95,221,1,1,1
61,3,1179,608,52,171,1,1,1
61,4,692,515,30,92,1,1,1
61,5,604,482,28,58,1,1,1
62,1,1236,597,81,171,1,1,1
62,2,1306,638,93,221,1,1,1
62,3,1182,613,52,171,1,1,1
62,4,691,514,30,92,1,1,1
62,5,603,484,28,58,1,1,1
63,1,1235,598,80,171,1,1,1
63,2,1311,639,86,221,1,1,1
63,3,1183,612,48,171,1,1,1
63,4,690,516,30,92,1,1,1
63,5,603,483,28,58,1,1,1
64,1,1237,596,76,171,1,1,1
64,2,1321,640,78,221,1,1,1
64,3,1183,612,47,171,1,1,1
64,4,688,518,30,92,1,1,1
64,5,604,483,28,58,1,1,1
65,1,1233,595,76,171,1,1,1
65,2,1327,639,76,221,1,1,1
65,3,1183,613,48,171,1,1,1
65,4,687,518,30,92,1,1,1
65,5,603,484,29,58,1,1,1
66,1,1236,590,70,171,1,1,1
66,2,1332,638,73,221,1,1,1
66,3,1183,612,48,171,1,1,1
66,4,687,515,30,92,1,1,1
66,5,602,483,29,58,1,1,1
67,1,1232,591,72,171,1,1,1
67,2,1337,633,70,228,1,1,1
67,3,1182,611,47,171,1,1,1
67,4,686,517,30,92,1,1,1
67,5,605,483,25,58,1,1,1
68,1,1230,590,69,171,1,1,1
68,2,1341,632,70,236,1,1,1
68,3,1182,611,49,171,1,1,1
68,4,681,517,34,92,1,1,1
68,5,605,483,26,58,1,1,1
69,1,1225,591,68,171,1,1,1
69,2,1345,638,70,236,1,1,1
69,3,1179,609,52,172,1,1,1
69,4,682,518,34,92,1,1,1
69,5,604,483,28,58,1,1,1
70,1,1228,591,61,175,1,1,1
70,2,1346,641,70,236,1,1,1
70,3,1179,608,52,171,1,1,1
70,4,681,515,34,92,1,1,1
70,5,604,483,29,58,1,1,1
71,1,1214,591,74,171,1,1,1
71,2,1348,637,70,236,1,1,1
71,3,1181,610,52,171,1,1,1
71,4,682,514,34,92,1,1,1
71,5,603,484,29,58,1,1,1
72,1,1213,590,72,171,1,1,1
72,2,1353,639,70,236,1,1,1
72,3,1182,610,52,171,1,1,1
72,4,681,512,34,92,1,1,1
72,5,604,483,29,58,1,1,1
73,1,1215,592,68,171,1,1,1
73,2,1355,639,74,236,1,1,1
73,3,1182,610,52,171,1,1,1
73,4,678,510,34,92,1,1,1
73,5,603,484,29,58,1,1,1
74,1,1214,590,68,171,1,1,1
74,2,1348,640,83,236,1,1,1
74,3,1180,610,52,171,1,1,1
74,4,679,511,32,94,1,1,1
74,5,605,483,29,58,1,1,1
75,1,1213,593,68,171,1,1,1
75,2,1349,640,89,236,1,1,1
75,3,1176,610,56,171,1,1,1
75,4,680,511,32,94,1,1,1
75,5,605,484,29,58,1,1,1
76,1,1212,590,68,171,1,1,1
76,2,1352,638,92,241,1,1,1
76,3,1170,610,64,171,1,1,1
76,4,676,510,32,94,1,1,1
76,5,606,483,29,58,1,1,1
77,1,1206,590,68,171,1,1,1
77,2,1355,646,92,235,1,1,1
77,3,1170,611,69,171,1,1,1
77,4,677,510,32,94,1,1,1
77,5,605,484,29,58,1,1,1
78,1,1217,593,59,171,1,1,1
78,2,1364,650,81,235,1,1,1
78,3,1174,610,62,171,1,1,1
78,4,676,511,32,94,1,1,1
78,5,605,483,29,58,1,1,1
79,1,1205,594,68,171,1,1,1
79,2,1369,645,81,235,1,1,1
79,3,1171,608,61,171,1,1,1
79,4,674,511,32,94,1,1,1
79,5,606,484,29,58,1,1,1
80,1,1212,596,59,171,1,1,1
80,2,1371,644,81,235,1,1,1
80,3,1170,609,66,171,1,1,1
80,4,674,512,32,94,1,1,1
80,5,606,483,29,58,1,1,1
81,1,1212,592,59,171,1,1,1
81,2,1376,645,81,235,1,1,1
81,3,1166,609,70,171,1,1,1
81,4,675,511,32,94,1,1,1
81,5,607,484,29,58,1,1,1
82,1,1213,592,59,171,1,1,1
82,2,1379,647,81,235,1,1,1
82,3,1163,608,70,171,1,1,1
82,4,676,513,27,94,1,1,1
82,5,607,483,29,58,1,1,1
83,1,1211,590,59,171,1,1,1
83,2,1379,644,85,247,1,1,1
83,3,1166,609,70,171,1,1,1
83,4,676,513,27,94,1,1,1
83,5,606,485,29,58,1,1,1
84,1,1208,586,59,171,1,1,1
84,2,1383,646,85,239,1,1,1
84,3,1164,607,70,171,1,1,1
84,4,675,511,32,94,1,1,1
84,5,607,485,29,58,1,1,1
85,1,1206,592,59,171,1,1,1
85,2,1387,645,85,239,1,1,1
85,3,1166,608,70,171,1,1,1
85,4,673,512,32,94,1,1,1
85,5,607,484,29,58,1,1,1
86,1,1206,585,59,171,1,1,1
86,2,1390,644,96,244,1,1,1
86,3,1167,605,70,171,1,1,1
86,4,674,513,32,94,1,1,1
86,5,606,484,29,62,1,1,1
87,1,1206,589,59,163,1,1,1
87,2,1388,643,105,246,1,1,1
87,3,1163,608,70,171,1,1,1
87,4,675,514,32,94,1,1,1
87,5,607,482,29,66,1,1,1
88,1,1205,588,59,163,1,1,1
88,2,1399,647,105,246,1,1,1
88,3,1163,609,70,171,1,1,1
88,4,673,513,34,94,1,1,1
88,5,607,482,29,66,1,1,1
89,1,1202,587,59,163,1,1,1
89,2,1398,648,105,246,1,1,1
89,3,1164,608,70,171,1,1,1
89,4,674,513,34,94,1,1,1
89,5,607,482,29,66,1,1,1
90,1,1201,589,59,163,1,1,1
90,2,1399,653,105,246,1,1,1
90,3,1164,610,70,171,1,1,1
90,4,675,510,34,94,1,1,1
90,5,607,481,29,66,1,1,1
91,1,1202,587,59,163,1,1,1
91,2,1400,657,105,238,1,1,1
91,3,1164,610,70,171,1,1,1
91,4,675,510,34,94,1,1,1
91,5,607,482,29,66,1,1,1
92,1,1198,587,59,163,1,1,1
92,2,1399,662,105,238,1,1,1
92,3,1165,607,70,171,1,1,1
92,4,677,511,34,94,1,1,1
92,5,607,481,29,66,1,1,1
93,1,1190,588,68,163,1,1,1
93,2,1402,660,105,238,1,1,1
93,3,1164,608,70,171,1,1,1
93,4,676,511,34,94,1,1,1
93,5,607,482,29,66,1,1,1
94,1,1190,588,65,163,1,1,1
94,2,1405,658,105,238,1,1,1
94,3,1167,609,70,171,1,1,1
94,4,677,512,34,94,1,1,1
94,5,607,481,29,66,1,1,1
95,1,1189,587,68,163,1,1,1
95,2,1409,658,105,238,1,1,1
95,3,1168,612,78,171,1,1,1
95,4,679,513,34,94,1,1,1
95,5,608,482,29,65,1,1,1
96,1,1192,588,60,163,1,1,1
96,2,1412,659,105,238,1,1,1
96,3,1167,609,78,171,1,1,1
96,4,680,513,34,94,1,1,1
96,5,608,482,29,65,1,1,1
97,1,1186,590,65,163,1,1,1
97,2,1415,657,96,238,1,1,1
97,3,1168,608,78,171,1,1,1
97,4,680,514,34,94,1,1,1
97,5,608,481,29,65,1,1,1
98,1,1188,585,65,163,1,1,1
98,2,1418,659,96,238,1,1,1
98,3,1168,609,78,171,1,1,1
98,4,680,513,34,94,1,1,1
98,5,608,482,29,65,1,1,1
99,1,1191,588,60,163,1,1,1
99,2,1425,654,96,238,1,1,1
99,3,1166,610,78,171,1,1,1
99,4,680,511,36,99,1,1,1
99,5,609,482,29,65,1,1,1
100,1,1186,583,68,163,1,1,1
100,2,1429,661,94,238,1,1,1
100,3,1167,610,78,171,1,1,1
100,4,679,511,36,99,1,1,1
100,5,609,484,29,65,1,1,1
101,1,1189,587,60,163,1,1,1
101,2,1432,663,91,238,1,1,1
101,3,1169,610,78,171,1,1,1
101,4,679,510,36,94,1,1,1
101,5,609,484,29,65,1,1,1
102,1,1186,587,60,163,1,1,1
102,2,1435,660,91,246,1,1,1
102,3,1165,608,78,171,1,1,1
102,4,680,510,36,94,1,1,1
102,5,610,483,29,65,1,1,1
103,1,1185,584,60,163,1,1,1
103,2,1436,659,92,252,1,1,1
103,3,1168,606,78,173,1,1,1
103,4,679,508,38,99,1,1,1
103,5,609,484,29,65,1,1,1
104,1,1185,585,60,163,1,1,1
104,2,1438,659,98,254,1,1,1
104,3,1167,606,78,173,1,1,1
104,4,679,508,38,99,1,1,1
104,5,611,484,29,65,1,1,1
105,1,1182,583,60,163,1,1,1
105,2,1439,661,98,254,1,1,1
105,3,1167,608,78,175,1,1,1
105,4,680,512,36,92,1,1,1
105,5,610,485,29,65,1,1,1
106,1,1179,584,66,163,1,1,1
106,2,1443,659,96,258,1,1,1
106,3,1164,605,85,175,1,1,1
106,4,680,514,36,90,1,1,1
106,5,611,484,29,65,1,1,1
107,1,1176,578,71,163,1,1,1
107,2,1447,664,96,254,1,1,1
107,3,1160,606,85,175,1,1,1
107,4,680,514,36,91,1,1,1
107,5,611,483,29,65,1,1,1
108,1,1171,581,71,158,1,1,1
108,2,1448,669,96,252,1,1,1
108,3,1160,608,85,175,1,1,1
108,4,680,515,36,91,1,1,1
108,5,612,482,29,65,1,1,1
109,1,1166,580,78,158,1,1,1
109,2,1451,664,96,262,1,1,1
109,3,1162,607,85,175,1,1,1
109,4,680,515,36,90,1,1,1
109,5,612,484,29,65,1,1,1
110,1,1162,580,78,158,1,1,1
110,2,1453,670,96,254,1,1,1
110,3,1158,609,85,173,1,1,1
110,4,680,511,38,96,1,1,1
110,5,611,483,29,65,1,1,1
111,1,1164,580,73,158,1,1,1
111,2,1455,667,96,259,1,1,1
111,3,1160,609,85,173,1,1,1
111,4,680,512,38,96,1,1,1
111,5,612,484,29,65,1,1,1
112,1,1160,581,77,158,1,1,1
112,2,1458,670,96,252,1,1,1
112,3,1159,611,85,173,1,1,1
112,4,681,513,38,96,1,1,1
112,5,611,483,29,65,1,1,1
113,1,1160,581,74,158,1,1,1
113,2,1459,672,92,252,1,1,1
113,3,1157,609,85,173,1,1,1
113,4,683,511,36,99,1,1,1
113,5,611,484,29,65,1,1,1
114,1,1160,579,70,158,1,1,1
114,2,1461,673,92,252,1,1,1
114,3,1157,609,85,173,1,1,1
114,4,684,517,35,93,1,1,1
114,5,612,483,29,65,1,1,1
115,1,1157,580,70,158,1,1,1
115,2,1466,674,92,252,1,1,1
115,3,1156,609,85,173,1,1,1
115,4,687,514,32,96,1,1,1
115,5,611,483,29,65,1,1,1
116,1,1161,580,67,158,1,1,1
116,2,1470,675,92,252,1,1,1
116,3,1155,607,85,173,1,1,1
116,4,689,516,29,93,1,1,1
116,5,613,485,29,65,1,1,1
117,1,1161,579,64,158,1,1,1
117,2,1472,677,92,252,1,1,1
117,3,1157,609,85,173,1,1,1
117,4,690,515,29,94,1,1,1
117,5,612,484,29,65,1,1,1
118,1,1159,581,64,158,1,1,1
118,2,1476,677,92,252,1,1,1
118,3,1153,610,85,173,1,1,1
118,4,690,515,29,96,1,1,1
118,5,612,484,29,65,1,1,1
119,1,1158,579,64,158,1,1,1
119,2,1478,676,92,252,1,1,1
119,3,1150,610,85,173,1,1,1
119,4,690,515,29,92,1,1,1
119,5,613,484,29,65,1,1,1
120,1,1156,578,64,158,1,1,1
120,2,1481,676,99,262,1,1,1
120,3,1148,610,85,173,1,1,1
120,4,690,515,29,91,1,1,1
120,5,612,485,29,65,1,1,1
121,1,1169,580,54,158,1,1,1
121,2,1483,674,104,264,1,1,1
121,3,1152,610,79,173,1,1,1
121,4,691,516,29,92,1,1,1
121,5,613,485,26,65,1,1,1
122,1,1166,581,54,158,1,1,1
122,2,1484,675,114,265,1,1,1
122,3,1149,611,79,173,1,1,1
122,4,690,514,30,96,1,1,1
122,5,614,485,26,65,1,1,1
123,1,1167,578,54,158,1,1,1
123,2,1484,674,118,268,1,1,1
123,3,1151,610,79,173,1,1,1
123,4,694,517,26,95,1,1,1
123,5,615,485,26,65,1,1,1
124,1,1169,575,54,158,1,1,1
124,2,1485,674,117,275,1,1,1
124,3,1154,609,71,173,1,1,1
124,4,690,514,31,96,1,1,1
124,5,614,485,26,65,1,1,1
125,1,1171,578,54,158,1,1,1
125,2,1489,674,106,277,1,1,1
125,3,1157,608,68,173,1,1,1
125,4,692,516,30,94,1,1,1
125,5,614,485,26,65,1,1,1
126,1,1169,579,54,158,1,1,1
126,2,1491,680,106,277,1,1,1
126,3,1159,607,68,173,1,1,1
126,4,692,518,30,93,1,1,1
126,5,615,484,26,65,1,1,1
127,1,1172,576,51,158,1,1,1
127,2,1493,681,106,277,1,1,1
127,3,1159,608,68,173,1,1,1
127,4,693,517,30,95,1,1,1
127,5,616,485,26,65,1,1,1
128,1,1169,574,53,158,1,1,1
128,2,1497,683,106,277,1,1,1
128,3,1160,609,68,170,1,1,1
128,4,695,519,28,91,1,1,1
128,5,616,485,26,65,1,1,1
129,1,1169,574,53,158,1,1,1
129,2,1501,683,106,277,1,1,1
129,3,1158,606,68,173,1,1,1
129,4,695,518,28,94,1,1,1
129,5,615,486,26,65,1,1,1
130,1,1157,575,65,158,1,1,1
130,2,1505,680,106,277,1,1,1
130,3,1159,604,62,182,1,1,1
130,4,696,518,28,92,1,1,1
130,5,616,485,26,65,1,1,1
131,1,1152,579,75,158,1,1,1
131,2,1512,679,106,277,1,1,1
131,3,1159,610,62,174,1,1,1
131,4,697,516,28,95,1,1,1
131,5,615,485,26,65,1,1,1
132,1,1151,576,80,158,1,1,1
132,2,1515,674,106,277,1,1,1
132,3,1161,609,54,175,1,1,1
132,4,696,518,28,99,1,1,1
132,5,615,486,26,65,1,1,1
133,1,1155,576,74,158,1,1,1
133,2,1526,688,102,268,1,1,1
133,3,1160,609,51,175,1,1,1
133,4,695,519,30,95,1,1,1
133,5,616,484,26,65,1,1,1
134,1,1155,578,74,149,1,1,1
134,2,1526,691,102,268,1,1,1
134,3,1161,608,52,176,1,1,1
134,4,696,518,30,94,1,1,1
134,5,617,487,25,62,1,1,1
135,1,1156,577,74,149,1,1,1
135,2,1532,694,102,268,1,1,1
135,3,1161,601,52,182,1,1,1
135,4,697,516,30,96,1,1,1
135,5,617,488,25,62,1,1,1
136,1,1159,578,74,149,1,1,1
136,2,1535,687,102,281,1,1,1
136,3,1157,608,53,176,1,1,1
136,4,696,516,32,97,1,1,1
136,5,618,489,25,62,1,1,1
137,1,1164,579,74,149,1,1,1
137,2,1538,692,102,283,1,1,1
137,3,1159,608,55,182,1,1,1
137,4,696,514,32,97,1,1,1
137,5,617,488,25,62,1,1,1
138,1,1163,582,74,149,1,1,1
138,2,1542,695,102,283,1,1,1
138,3,1160,608,54,182,1,1,1
138,4,698,514,32,97,1,1,1
138,5,618,487,25,62,1,1,1
139,1,1164,577,74,149,1,1,1
139,2,1546,699,102,283,1,1,1
139,3,1165,604,50,182,1,1,1
139,4,697,515,37,97,1,1,1
139,5,618,488,25,62,1,1,1
140,1,1165,579,74,149,1,1,1
140,2,1552,700,102,283,1,1,1
140,3,1166,608,45,182,1,1,1
140,4,696,515,37,97,1,1,1
140,5,618,486,25,62,1,1,1
141,1,1168,582,74,149,1,1,1
141,2,1553,703,102,283,1,1,1
141,3,1164,610,50,182,1,1,1
141,4,697,517,37,97,1,1,1
141,5,619,486,25,62,1,1,1
142,1,1168,581,74,149,1,1,1
142,2,1556,701,102,291,1,1,1
142,3,1164,612,50,182,1,1,1
142,4,697,516,37,97,1,1,1
142,5,618,487,25,62,1,1,1
143,1,1171,581,74,149,1,1,1
143,2,1558,700,102,291,1,1,1
143,3,1166,611,50,182,1,1,1
143,4,698,517,37,97,1,1,1
143,5,620,487,25,62,1,1,1
144,1,1172,582,74,149,1,1,1
144,2,1561,701,102,291,1,1,1
144,3,1164,609,50,182,1,1,1
144,4,697,518,37,97,1,1,1
144,5,620,486,25,62,1,1,1
145,1,1172,581,74,149,1,1,1
145,2,1563,705,102,291,1,1,1
145,3,1164,609,50,182,1,1,1
145,4,698,518,37,97,1,1,1
145,5,619,486,25,62,1,1,1
146,1,1176,579,74,149,1,1,1
146,2,1571,707,102,291,1,1,1
146,3,1165,610,50,182,1,1,1
146,4,699,518,37,97,1,1,1
146,5,620,487,25,62,1,1,1
147,1,1176,580,74,149,1,1,1
147,2,1576,704,102,291,1,1,1
147,3,1165,611,50,182,1,1,1
147,4,699,519,37,97,1,1,1
147,5,620,488,25,62,1,1,1
148,1,1175,581,74,149,1,1,1
148,2,1580,708,102,291,1,1,1
148,3,1165,608,50,182,1,1,1
148,4,700,519,37,97,1,1,1
148,5,620,486,25,62,1,1,1
149,1,1178,581,74,149,1,1,1
149,2,1585,709,102,291,1,1,1
149,3,1169,607,50,182,1,1,1
149,4,701,519,37,97,1,1,1
149,5,621,486,25,62,1,1,1
150,1,1179,581,74,149,1,1,1
150,2,1587,709,102,291,1,1,1
150,3,1167,609,50,182,1,1,1
150,4,701,520,37,97,1,1,1
150,5,620,486,25,62,1,1,1
151,1,1178,578,74,149,1,1,1
151,2,1592,709,102,291,1,1,1
151,3,1170,611,50,182,1,1,1
151,4,702,519,37,97,1,1,1
151,5,622,488,25,62,1,1,1
152,1,1174,583,81,149,1,1,1
152,2,1599,709,102,291,1,1,1
152,3,1168,612,55,182,1,1,1
152,4,703,520,37,97,1,1,1
152,5,620,490,24,62,1,1,1
153,1,1178,582,79,149,1,1,1
153,2,1598,708,118,294,1,1,1
153,3,1169,610,61,182,1,1,1
153,4,703,520,37,97,1,1,1
153,5,620,490,24,62,1,1,1
154,1,1176,584,79,149,1,1,1
154,2,1598,708,131,293,1,1,1
154,3,1167,618,61,175,1,1,1
154,4,703,520,37,97,1,1,1
154,5,622,491,24,62,1,1,1
155,1,1175,583,79,149,1,1,1
155,2,1598,710,140,298,1,1,1
155,3,1168,616,61,175,1,1,1
155,4,704,521,37,97,1,1,1
155,5,620,492,24,62,1,1,1
156,1,1175,584,79,149,1,1,1
156,2,1599,713,140,298,1,1,1
156,3,1172,612,61,175,1,1,1
156,4,704,521,37,97,1,1,1
156,5,621,490,24,62,1,1,1
157,1,1179,585,79,149,1,1,1
157,2,1600,717,140,298,1,1,1
157,3,1170,613,69,175,1,1,1
157,4,704,520,37,97,1,1,1
157,5,621,490,24,62,1,1,1
158,1,1179,582,74,149,1,1,1
158,2,1599,716,140,302,1,1,1
158,3,1168,614,73,175,1,1,1
158,4,704,524,37,92,1,1,1
158,5,620,490,24,62,1,1,1
159,1,1182,583,71,149,1,1,1
159,2,1602,715,140,302,1,1,1
159,3,1171,618,75,175,1,1,1
159,4,705,524,37,92,1,1,1
159,5,620,488,24,62,1,1,1
160,1,1182,583,69,149,1,1,1
160,2,1605,716,140,302,1,1,1
160,3,1172,617,76,175,1,1,1
160,4,706,524,37,92,1,1,1
160,5,621,489,24,62,1,1,1
161,1,1187,585,69,149,1,1,1
161,2,1607,714,140,302,1,1,1
161,3,1171,616,82,175,1,1,1
161,4,706,523,37,92,1,1,1
161,5,620,489,24,62,1,1,1
162,1,1185,586,69,149,1,1,1
162,2,1614,714,140,302,1,1,1
162,3,1172,615,82,175,1,1,1
162,4,707,522,37,96,1,1,1
162,5,622,489,24,62,1,1,1
163,1,1183,587,69,145,1,1,1
163,2,1627,713,131,308,1,1,1
163,3,1171,620,82,175,1,1,1
163,4,708,521,37,96,1,1,1
163,5,622,491,24,62,1,1,1
164,1,1184,586,74,145,1,1,1
164,2,1638,711,123,308,1,1,1
164,3,1172,624,82,175,1,1,1
164,4,709,522,37,96,1,1,1
164,5,621,493,24,62,1,1,1
165,1,1185,586,73,145,1,1,1
165,2,1648,709,118,314,1,1,1
165,3,1172,622,82,175,1,1,1
165,4,710,521,37,96,1,1,1
165,5,622,493,24,62,1,1,1
166,1,1188,585,69,145,1,1,1
166,2,1658,716,118,314,1,1,1
166,3,1173,619,82,175,1,1,1
166,4,710,521,37,96,1,1,1
166,5,623,495,24,62,1,1,1
167,1,1188,582,73,157,1,1,1
167,2,1665,719,118,314,1,1,1
167,3,1175,621,82,175,1,1,1
167,4,711,521,37,96,1,1,1
167,5,622,495,24,62,1,1,1
168,1,1188,586,73,151,1,1,1
168,2,1671,725,118,314,1,1,1
168,3,1179,620,82,175,1,1,1
168,4,712,523,35,94,1,1,1
168,5,625,494,24,62,1,1,1
169,1,1190,586,72,152,1,1,1
169,2,1679,729,118,314,1,1,1
169,3,1181,623,82,175,1,1,1
169,4,711,522,37,96,1,1,1
169,5,623,495,31,62,1,1,1
170,1,1189,587,73,150,1,1,1
170,2,1682,727,118,319,1,1,1
170,3,1183,622,82,175,1,1,1
170,4,711,524,37,96,1,1,1
170,5,623,495,30,62,1,1,1
171,1,1186,585,73,148,1,1,1
171,2,1683,727,118,319,1,1,1
171,3,1183,621,87,175,1,1,1
171,4,711,524,37,96,1,1,1
171,5,623,491,30,62,1,1,1
172,1,1190,584,73,153,1,1,1
172,2,1684,727,118,326,1,1,1
172,3,1184,616,89,181,1,1,1
172,4,713,524,37,96,1,1,1
172,5,623,491,31,62,1,1,1
173,1,1190,581,73,152,1,1,1
173,2,1685,735,118,326,1,1,1
173,3,1183,620,93,178,1,1,1
173,4,713,526,37,95,1,1,1
173,5,624,493,30,62,1,1,1
174,1,1188,582,73,151,1,1,1
174,2,1688,735,118,326,1,1,1
174,3,1178,623,101,176,1,1,1
174,4,713,524,38,98,1,1,1
174,5,623,492,31,62,1,1,1
175,1,1189,585,70,152,1,1,1
175,2,1692,732,118,326,1,1,1
175,3,1177,620,104,176,1,1,1
175,4,713,526,38,98,1,1,1
175,5,624,490,31,62,1,1,1
176,1,1188,587,70,149,1,1,1
176,2,1697,735,118,326,1,1,1
176,3,1178,621,109,176,1,1,1
176,4,713,526,38,98,1,1,1
176,5,625,491,31,62,1,1,1
177,1,1185,588,70,147,1,1,1
177,2,1699,738,118,326,1,1,1
177,3,1176,619,114,176,1,1,1
177,4,714,523,38,98,1,1,1
177,5,625,491,31,62,1,1,1
178,1,1187,586,70,155,1,1,1
178,2,1710,731,118,326,1,1,1
178,3,1174,617,114,184,1,1,1
178,4,715,523,38,98,1,1,1
178,5,625,492,31,62,1,1,1
179,1,1188,586,70,156,1,1,1
179,2,1717,735,118,326,1,1,1
179,3,1174,614,122,189,1,1,1
179,4,716,524,38,98,1,1,1
179,5,625,491,31,62,1,1,1
180,1,1188,588,70,156,1,1,1
180,2,1725,734,118,326,1,1,1
180,3,1171,621,120,183,1,1,1
180,4,715,524,38,98,1,1,1
180,5,625,493,31,62,1,1,1
181,1,1185,589,70,156,1,1,1
181,2,1732,731,118,326,1,1,1
181,3,1176,622,115,180,1,1,1
181,4,715,525,38,98,1,1,1
181,5,624,491,31,62,1,1,1
182,1,1183,588,73,155,1,1,1
182,2,1739,736,118,326,1,1,1
182,3,1174,624,115,178,1,1,1
182,4,717,525,38,98,1,1,1
182,5,625,493,31,62,1,1,1
183,1,1183,588,73,155,1,1,1
183,2,1743,740,118,326,1,1,1
183,3,1176,624,115,179,1,1,1
183,4,717,526,38,98,1,1,1
183,5,625,493,31,62,1,1,1
184,1,1183,587,73,155,1,1,1
184,2,1749,744,118,326,1,1,1
184,3,1175,624,115,180,1,1,1
184,4,717,527,38,98,1,1,1
184,5,624,491,31,62,1,1,1
185,1,1184,585,73,155,1,1,1
185,2,1755,743,118,326,1,1,1
185,3,1175,626,115,178,1,1,1
185,4,718,526,38,98,1,1,1
185,5,626,495,31,62,1,1,1
186,1,1187,587,73,155,1,1,1
186,2,1753,741,137,337,1,1,1
186,3,1177,627,115,177,1,1,1
186,4,718,527,38,98,1,1,1
186,5,627,495,31,62,1,1,1
187,1,1189,584,73,155,1,1,1
187,2,1753,746,153,333,1,1,1
187,3,1181,625,109,184,1,1,1
187,4,718,528,38,98,1,1,1
187,5,626,495,31,62,1,1,1
188,1,1189,585,73,163,1,1,1
188,2,1753,747,164,333,1,1,1
188,3,1180,621,109,184,1,1,1
188,4,718,527,38,98,1,1,1
188,5,626,495,31,62,1,1,1
189,1,1189,585,68,163,1,1,1
189,2,1756,754,164,333,1,1,1
189,3,1180,622,109,184,1,1,1
189,4,720,528,38,98,1,1,1
189,5,627,496,31,62,1,1,1
190,1,1194,588,62,163,1,1,1
190,2,1753,751,155,333,1,1,1
190,3,1180,624,109,184,1,1,1
190,4,720,529,38,98,1,1,1
190,5,627,494,31,62,1,1,1
191,1,1193,587,62,163,1,1,1
191,2,1759,751,144,333,1,1,1
191,3,1181,623,109,184,1,1,1
191,4,721,528,38,98,1,1,1
191,5,627,495,31,62,1,1,1
192,1,1193,585,62,163,1,1,1
192,2,1758,755,159,333,1,1,1
192,3,1181,623,109,184,1,1,1
192,4,722,528,38,98,1,1,1
192,5,628,496,31,53,1,1,1
193,1,1193,586,62,163,1,1,1
193,2,1768,756,152,333,1,1,1
193,3,1181,623,109,184,1,1,1
193,4,721,529,38,98,1,1,1
193,5,628,498,31,53,1,1,1
194,1,1192,588,62,163,1,1,1
194,2,1776,758,148,333,1,1,1
194,3,1180,623,109,184,1,1,1
194,4,721,527,38,98,1,1,1
194,5,628,497,31,53,1,1,1
195,1,1196,589,55,163,1,1,1
195,2,1789,760,137,333,1,1,1
195,3,1181,624,109,184,1,1,1
195,4,723,527,38,98,1,1,1
195,5,629,499,31,53,1,1,1
196,1,1195,587,55,163,1,1,1
196,2,1799,761,129,333,1,1,1
196,3,1180,626,109,184,1,1,1
196,4,724,527,38,98,1,1,1
196,5,628,499,33,56,1,1,1
197,1,1191,590,60,163,1,1,1
197,2,1812,761,119,333,1,1,1
197,3,1180,625,109,184,1,1,1
197,4,724,527,38,98,1,1,1
197,5,628,499,31,53,1,1,1
198,1,1190,591,63,163,1,1,1
198,2,1825,761,107,333,1,1,1
198,3,1178,625,109,184,1,1,1
198,4,724,528,38,98,1,1,1
198,5,628,497,33,56,1,1,1
199,1,1186,591,63,163,1,1,1
199,2,1840,762,93,333,1,1,1
199,3,1179,627,109,184,1,1,1
199,4,724,526,40,103,1,1,1
199,5,629,498,33,56,1,1,1
200,1,1183,592,67,163,1,1,1
200,2,1851,762,83,333,1,1,1
200,3,1170,626,118,184,1,1,1
200,4,725,529,38,98,1,1,1
200,5,628,499,33,56,1,1,1
201,1,1185,591,63,163,1,1,1
201,2,1855,763,80,333,1,1,1
201,3,1174,626,118,184,1,1,1
201,4,726,528,38,98,1,1,1
201,5,628,497,33,56,1,1,1
202,1,1185,592,63,163,1,1,1
202,2,1855,763,80,333,1,1,1
202,3,1173,626,118,184,1,1,1
202,4,727,529,38,98,1,1,1
202,5,629,492,33,60,1,1,1
203,1,1182,594,63,163,1,1,1
203,2,1852,774,80,314,1,1,1
203,3,1173,626,118,184,1,1,1
203,4,728,529,38,104,1,1,1
203,5,628,496,33,58,1,1,1
204,1,1185,594,63,163,1,1,1
204,2,1853,774,80,314,1,1,1
204,3,1173,626,118,184,1,1,1
204,4,728,526,38,104,1,1,1
204,5,628,492,33,61,1,1,1
205,1,1182,592,63,163,1,1,1
205,2,1855,776,80,314,1,1,1
205,3,1173,626,118,191,1,1,1
205,4,727,527,38,104,1,1,1
205,5,628,493,33,59,1,1,1
206,1,1184,594,63,163,1,1,1
206,3,1174,623,110,191,1,1,1
206,4,730,526,38,104,1,1,1
206,5,628,493,33,58,1,1,1
207,1,1179,591,63,163,1,1,1
207,3,1176,620,109,201,1,1,1
207,4,731,527,38,104,1,1,1
207,5,628,495,33,56,1,1,1
208,1,1175,592,69,163,1,1,1
208,3,1176,617,109,201,1,1,1
208,4,731,527,38,104,1,1,1
208,5,628,496,33,56,1,1,1
209,1,1170,592,73,166,1,1,1
209,3,1177,619,104,201,1,1,1
209,4,732,527,38,104,1,1,1
209,5,628,495,33,56,1,1,1
210,1,1167,591,73,166,1,1,1
210,3,1179,620,100,201,1,1,1
210,4,732,527,38,104,1,1,1
210,5,628,495,33,56,1,1,1
211,1,1166,589,73,166,1,1,1
211,3,1181,620,98,201,1,1,1
211,4,733,526,38,104,1,1,1
211,5,628,498,33,56,1,1,1
212,1,1165,590,73,170,1,1,1
212,3,1191,629,87,191,1,1,1
212,4,733,528,38,104,1,1,1
212,5,634,496,28,56,1,1,1
213,1,1162,591,73,170,1,1,1
213,3,1194,627,86,201,1,1,1
213,4,734,527,38,104,1,1,1
213,5,633,498,28,56,1,1,1
214,1,1161,592,73,170,1,1,1
214,3,1198,633,82,191,1,1,1
214,4,734,528,38,104,1,1,1
214,5,630,498,32,56,1,1,1
215,1,1160,595,73,170,1,1,1
215,3,1202,630,77,191,1,1,1
215,4,734,529,38,104,1,1,1
215,5,630,500,32,56,1,1,1
216,1,1161,593,73,170,1,1,1
216,3,1205,624,75,191,1,1,1
216,4,735,530,38,104,1,1,1
216,5,630,501,32,56,1,1,1
217,1,1157,593,80,174,1,1,1
217,3,1208,632,72,191,1,1,1
217,4,736,528,38,108,1,1,1
217,5,629,501,32,56,1,1,1
218,1,1159,595,80,174,1,1,1
218,3,1211,630,69,191,1,1,1
218,4,737,531,38,104,1,1,1
218,5,628,496,32,56,1,1,1
219,1,1158,596,80,174,1,1,1
219,3,1208,629,74,193,1,1,1
219,4,738,532,38,104,1,1,1
219,5,628,500,32,56,1,1,1
220,1,1157,596,80,174,1,1,1
220,3,1208,631,70,190,1,1,1
220,4,738,528,39,104,1,1,1
220,5,629,494,32,56,1,1,1
221,1,1157,597,80,174,1,1,1
221,3,1210,630,70,191,1,1,1
221,4,739,530,39,104,1,1,1
221,5,630,498,32,56,1,1,1
222,1,1160,596,74,174,1,1,1
222,3,1212,633,65,191,1,1,1
222,4,740,531,39,104,1,1,1
222,5,630,499,32,56,1,1,1
223,1,1163,595,74,174,1,1,1
223,3,1213,631,63,191,1,1,1
223,4,741,531,39,104,1,1,1
223,5,630,500,32,59,1,1,1
224,1,1164,596,67,174,1,1,1
224,3,1213,628,63,191,1,1,1
224,4,742,530,39,104,1,1,1
224,5,629,501,32,62,1,1,1
225,1,1165,596,67,174,1,1,1
225,3,1215,628,62,191,1,1,1
225,4,744,531,39,104,1,1,1
225,5,629,500,32,61,1,1,1
226,1,1161,597,67,174,1,1,1
226,3,1212,628,65,191,1,1,1
226,4,745,529,39,104,1,1,1
226,5,629,501,32,59,1,1,1
227,1,1160,595,67,174,1,1,1
227,3,1215,631,66,191,1,1,1
227,4,746,529,37,108,1,1,1
227,5,629,495,32,68,1,1,1
228,1,1164,596,61,174,1,1,1
228,3,1212,632,64,191,1,1,1
228,4,742,530,43,107,1,1,1
228,5,629,495,32,69,1,1,1
229,1,1163,596,61,174,1,1,1
229,3,1211,631,62,191,1,1,1
229,4,745,528,42,107,1,1,1
229,5,634,495,29,70,1,1,1
230,1,1162,595,61,174,1,1,1
230,3,1214,630,58,191,1,1,1
230,4,746,530,43,107,1,1,1
230,5,638,493,27,70,1,1,1
231,1,1161,597,61,174,1,1,1
231,3,1215,634,63,191,1,1,1
231,4,745,531,43,107,1,1,1
231,5,638,496,27,69,1,1,1
232,1,1159,598,66,174,1,1,1
232,3,1214,633,63,191,1,1,1
232,4,746,532,43,107,1,1,1
232,5,638,497,27,67,1,1,1
233,1,1155,598,66,174,1,1,1
233,3,1215,633,57,191,1,1,1
233,4,748,531,43,107,1,1,1
233,5,638,497,27,67,1,1,1
234,1,1153,599,66,174,1,1,1
234,3,1215,634,57,191,1,1,1
234,4,747,533,42,107,1,1,1
234,5,638,497,27,67,1,1,1
235,1,1151,598,71,177,1,1,1
235,3,1213,633,58,191,1,1,1
235,4,748,534,43,107,1,1,1
235,5,639,498,27,67,1,1,1
236,1,1148,599,71,174,1,1,1
236,3,1214,633,56,191,1,1,1
236,4,750,532,43,107,1,1,1
236,5,640,496,27,67,1,1,1
237,1,1146,600,71,174,1,1,1
237,3,1214,633,56,191,1,1,1
237,4,749,535,43,107,1,1,1
237,5,640,497,27,67,1,1,1
238,1,1150,602,67,174,1,1,1
238,3,1212,632,58,191,1,1,1
238,4,751,536,43,107,1,1,1
238,5,640,497,27,67,1,1,1
239,1,1154,602,63,175,1,1,1
239,3,1213,632,57,191,1,1,1
239,4,750,535,43,107,1,1,1
239,5,640,498,27,67,1,1,1
240,1,1152,600,63,174,1,1,1
240,3,1216,631,57,191,1,1,1
240,4,752,536,43,107,1,1,1
240,5,640,495,27,67,1,1,1
241,1,1150,603,63,174,1,1,1
241,3,1216,637,54,182,1,1,1
241,4,754,535,40,107,1,1,1
241,5,641,494,27,67,1,1,1
242,1,1144,602,69,174,1,1,1
242,3,1211,630,59,188,1,1,1
242,4,754,535,40,107,1,1,1
242,5,641,495,27,67,1,1,1
243,1,1138,600,77,174,1,1,1
243,3,1214,633,59,188,1,1,1
243,4,756,535,40,107,1,1,1
243,5,640,496,27,67,1,1,1
244,1,1133,602,77,174,1,1,1
244,3,1207,631,59,188,1,1,1
244,4,755,534,43,107,1,1,1
244,5,640,495,27,67,1,1,1
245,1,1123,602,86,174,1,1,1
245,3,1207,631,59,188,1,1,1
245,4,754,534,46,111,1,1,1
245,5,640,495,27,67,1,1,1
246,1,1119,600,92,177,1,1,1
246,3,1206,630,59,188,1,1,1
246,4,755,535,44,109,1,1,1
246,5,641,494,27,67,1,1,1
247,1,1114,600,96,177,1,1,1
247,3,1205,631,59,188,1,1,1
247,4,759,534,43,109,1,1,1
247,5,641,497,27,67,1,1,1
248,1,1111,600,96,177,1,1,1
248,3,1206,630,59,188,1,1,1
248,4,758,534,46,109,1,1,1
248,5,641,498,27,67,1,1,1
249,1,1105,599,103,179,1,1,1
249,3,1206,629,59,188,1,1,1
249,4,759,534,46,109,1,1,1
249,5,641,497,27,67,1,1,1
250,1,1103,601,103,179,1,1,1
250,3,1205,630,59,188,1,1,1
250,4,760,536,46,109,1,1,1
250,5,641,496,27,67,1,1,1
251,1,1097,598,110,184,1,1,1
251,3,1209,632,59,188,1,1,1
251,4,762,538,45,109,1,1,1
251,5,642,496,27,67,1,1,1
252,1,1096,600,110,184,1,1,1
252,3,1210,630,56,192,1,1,1
252,4,762,536,44,109,1,1,1
252,5,642,497,27,67,1,1,1
253,1,1096,601,110,184,1,1,1
253,3,1211,630,56,190,1,1,1
253,4,762,535,44,109,1,1,1
253,5,641,497,27,67,1,1,1
254,1,1095,601,113,184,1,1,1
254,3,1210,630,56,193,1,1,1
254,4,765,536,44,109,1,1,1
254,5,642,497,27,67,1,1,1
255,1,1092,601,117,184,1,1,1
255,3,1207,630,56,193,1,1,1
255,4,765,536,43,109,1,1,1
255,5,641,498,27,67,1,1,1
256,1,1093,602,115,184,1,1,1
256,3,1210,631,55,193,1,1,1
256,4,765,537,45,109,1,1,1
256,5,640,497,27,67,1,1,1
257,1,1090,605,120,184,1,1,1
257,3,1208,633,53,188,1,1,1
257,4,766,537,44,109,1,1,1
257,5,641,497,27,67,1,1,1
258,1,1092,606,115,184,1,1,1
258,3,1205,631,53,191,1,1,1
258,4,768,535,44,109,1,1,1
258,5,642,498,27,67,1,1,1
259,1,1090,604,115,184,1,1,1
259,3,1208,632,53,191,1,1,1
259,4,768,534,45,113,1,1,1
259,5,643,498,27,67,1,1,1
260,1,1095,603,114,193,1,1,1
260,3,1204,631,53,191,1,1,1
260,4,770,536,46,113,1,1,1
260,5,644,499,27,67,1,1,1
261,1,1091,603,114,193,1,1,1
261,3,1207,634,53,191,1,1,1
261,4,769,535,48,113,1,1,1
261,5,645,498,27,67,1,1,1
262,1,1090,602,114,193,1,1,1
262,3,1207,632,53,191,1,1,1
262,4,769,538,48,113,1,1,1
262,5,644,499,27,67,1,1,1
263,1,1089,600,114,193,1,1,1
263,3,1207,633,53,191,1,1,1
263,4,771,539,46,113,1,1,1
263,5,646,495,26,67,1,1,1
264,1,1088,598,114,193,1,1,1
264,3,1206,631,53,191,1,1,1
264,4,773,539,45,113,1,1,1
264,5,646,498,28,67,1,1,1
265,1,1091,598,110,193,1,1,1
265,3,1206,634,53,191,1,1,1
265,4,774,539,45,113,1,1,1
265,5,645,497,28,67,1,1,1
266,1,1090,599,110,193,1,1,1
266,3,1208,633,53,191,1,1,1
266,4,775,538,46,113,1,1,1
266,5,646,497,31,67,1,1,1
267,1,1090,597,110,193,1,1,1
267,3,1204,634,57,191,1,1,1
267,4,772,540,48,113,1,1,1
267,5,646,498,31,67,1,1,1
268,1,1086,604,114,185,1,1,1
268,3,1203,633,56,191,1,1,1
268,4,775,540,44,113,1,1,1
268,5,645,498,31,67,1,1,1
269,1,1087,603,112,188,1,1,1
269,3,1204,632,56,191,1,1,1
269,4,775,538,45,113,1,1,1
269,5,645,498,31,67,1,1,1
270,1,1083,605,114,185,1,1,1
270,3,1202,631,60,191,1,1,1
270,4,777,539,44,113,1,1,1
270,5,645,498,31,67,1,1,1
271,1,1083,605,114,185,1,1,1
271,3,1204,635,59,191,1,1,1
271,4,778,539,44,113,1,1,1
271,5,646,497,31,73,1,1,1
272,1,1087,608,114,185,1,1,1
272,3,1203,637,62,191,1,1,1
272,4,781,538,42,117,1,1,1
272,5,647,497,31,73,1,1,1
273,1,1083,606,114,185,1,1,1
273,3,1202,636,62,191,1,1,1
273,4,780,541,45,113,1,1,1
273,5,649,497,31,73,1,1,1
274,1,1084,609,114,185,1,1,1
274,3,1199,635,62,191,1,1,1
274,4,780,540,47,113,1,1,1
274,5,649,494,31,73,1,1,1
275,1,1082,608,114,185,1,1,1
275,3,1200,634,62,191,1,1,1
275,4,780,539,45,113,1,1,1
275,5,648,496,31,73,1,1,1
276,1,1082,607,114,185,1,1,1
276,3,1200,636,62,191,1,1,1
276,4,781,539,45,113,1,1,1
276,5,647,497,31,73,1,1,1
277,1,1081,607,114,185,1,1,1
277,3,1196,636,62,191,1,1,1
277,4,783,540,48,113,1,1,1
277,5,648,496,31,73,1,1,1
278,1,1078,608,114,185,1,1,1
278,3,1197,634,62,191,1,1,1
278,4,780,542,49,117,1,1,1
278,5,649,496,31,73,1,1,1
279,1,1080,608,119,185,1,1,1
279,3,1198,632,62,191,1,1,1
279,4,784,539,47,117,1,1,1
279,5,650,496,31,73,1,1,1
280,1,1083,607,114,185,1,1,1
280,3,1197,633,62,191,1,1,1
280,4,786,539,47,117,1,1,1
280,5,649,496,31,73,1,1,1
281,1,1080,609,114,185,1,1,1
281,3,1198,631,62,191,1,1,1
281,4,785,541,47,117,1,1,1
281,5,650,497,31,73,1,1,1
282,1,1080,607,114,185,1,1,1
282,3,1197,633,62,191,1,1,1
282,4,788,542,47,117,1,1,1
282,5,650,498,31,73,1,1,1
283,1,1076,609,117,185,1,1,1
283,3,1195,631,62,191,1,1,1
283,4,787,543,46,117,1,1,1
283,5,651,497,31,73,1,1,1
284,1,1076,610,117,185,1,1,1
284,3,1195,635,62,191,1,1,1
284,4,788,541,46,117,1,1,1
284,5,651,498,31,73,1,1,1
285,1,1075,611,117,185,1,1,1
285,3,1194,633,62,191,1,1,1
285,4,790,539,46,117,1,1,1
285,5,652,498,31,73,1,1,1
286,1,1072,612,123,185,1,1,1
286,3,1192,633,62,191,1,1,1
286,4,790,540,46,117,1,1,1
286,5,649,499,31,73,1,1,1
287,1,1070,611,126,185,1,1,1
287,3,1193,635,62,191,1,1,1
287,4,793,540,46,117,1,1,1
287,5,651,498,31,73,1,1,1
288,1,1070,608,126,185,1,1,1
288,3,1194,634,62,191,1,1,1
288,4,794,540,46,121,1,1,1
288,5,651,499,31,73,1,1,1
289,1,1070,610,126,185,1,1,1
289,3,1191,632,64,191,1,1,1
289,4,795,540,46,122,1,1,1
289,5,653,500,31,73,1,1,1
290,1,1069,610,126,185,1,1,1
290,3,1191,634,66,191,1,1,1
290,4,797,541,46,122,1,1,1
290,5,652,500,31,73,1,1,1
291,1,1068,612,126,185,1,1,1
291,3,1192,632,62,191,1,1,1
291,4,796,539,46,122,1,1,1
291,5,654,500,31,73,1,1,1
292,1,1070,611,126,185,1,1,1
292,3,1190,633,64,191,1,1,1
292,4,798,543,46,122,1,1,1
292,5,655,501,31,73,1,1,1
293,1,1078,612,121,185,1,1,1
293,3,1193,634,62,191,1,1,1
293,4,798,543,46,122,1,1,1
293,5,654,499,31,73,1,1,1
294,1,1083,612,114,185,1,1,1
294,3,1193,633,62,191,1,1,1
294,4,800,542,46,122,1,1,1
294,5,655,499,31,73,1,1,1
295,1,1089,613,104,185,1,1,1
295,3,1192,636,61,191,1,1,1
295,4,802,544,46,122,1,1,1
295,5,656,500,31,73,1,1,1
296,1,1096,609,98,185,1,1,1
296,3,1190,634,61,191,1,1,1
296,4,801,546,46,122,1,1,1
296,5,656,499,31,73,1,1,1
297,1,1108,610,85,185,1,1,1
297,3,1191,633,61,191,1,1,1
297,4,801,545,46,122,1,1,1
297,5,658,500,31,73,1,1,1
298,1,1114,611,75,185,1,1,1
298,3,1190,633,61,191,1,1,1
298,4,802,544,46,122,1,1,1
298,5,655,498,34,73,1,1,1
299,1,1111,614,81,185,1,1,1
299,3,1191,632,61,191,1,1,1
299,4,802,547,46,122,1,1,1
299,5,656,497,34,73,1,1,1
300,1,1110,613,80,190,1,1,1
300,3,1188,634,66,191,1,1,1
300,4,803,545,46,122,1,1,1
300,5,656,500,34,73,1,1,1
301,1,1109,611,81,195,1,1,1
301,3,1187,635,70,191,1,1,1
301,4,804,542,46,122,1,1,1
301,5,656,498,34,73,1,1,1
302,1,1107,614,80,196,1,1,1
302,3,1189,635,65,191,1,1,1
302,4,804,543,46,122,1,1,1
302,5,656,499,34,73,1,1,1
303,1,1104,615,82,195,1,1,1
303,3,1190,634,64,191,1,1,1
303,4,804,543,46,122,1,1,1
303,5,657,499,34,73,1,1,1
304,1,1104,616,82,195,1,1,1
304,3,1189,632,64,191,1,1,1
304,4,807,543,46,122,1,1,1
304,5,657,500,34,73,1,1,1
305,1,1103,614,85,195,1,1,1
305,3,1188,632,64,191,1,1,1
305,4,807,545,46,122,1,1,1
305,5,657,501,34,73,1,1,1
306,1,1099,615,89,195,1,1,1
306,3,1190,633,64,191,1,1,1
306,4,809,547,46,122,1,1,1
306,5,658,499,34,73,1,1,1
307,1,1099,618,89,195,1,1,1
307,3,1190,634,60,191,1,1,1
307,4,809,547,46,122,1,1,1
307,5,657,500,34,73,1,1,1
308,1,1097,618,92,195,1,1,1
308,3,1190,635,62,191,1,1,1
308,4,810,547,46,122,1,1,1
308,5,659,500,34,73,1,1,1
309,1,1096,618,92,195,1,1,1
309,3,1190,635,62,191,1,1,1
309,4,811,545,46,122,1,1,1
309,5,659,500,34,73,1,1,1
310,1,1096,616,92,195,1,1,1
310,3,1191,636,62,191,1,1,1
310,4,813,549,46,122,1,1,1
310,5,659,501,34,73,1,1,1
311,1,1095,617,92,195,1,1,1
311,3,1189,636,64,191,1,1,1
311,4,813,552,49,122,1,1,1
311,5,658,500,34,73,1,1,1
312,1,1099,617,92,195,1,1,1
312,3,1190,636,62,191,1,1,1
312,4,813,547,49,122,1,1,1
312,5,659,500,34,73,1,1,1
313,1,1100,614,92,195,1,1,1
313,3,1192,636,61,191,1,1,1
313,4,816,550,49,122,1,1,1
313,5,660,500,34,73,1,1,1
314,1,1101,617,92,195,1,1,1
314,3,1190,637,64,191,1,1,1
314,4,814,548,49,122,1,1,1
314,5,660,500,34,73,1,1,1
315,1,1100,616,92,195,1,1,1
315,3,1190,637,64,191,1,1,1
315,4,815,550,49,122,1,1,1
315,5,660,499,34,73,1,1,1
316,1,1106,617,86,195,1,1,1
316,3,1189,637,64,191,1,1,1
316,4,818,548,49,122,1,1,1
316,5,659,501,34,73,1,1,1
317,1,1109,619,86,195,1,1,1
317,3,1192,638,64,192,1,1,1
317,4,819,548,49,122,1,1,1
317,5,660,500,34,73,1,1,1
318,1,1107,617,86,195,1,1,1
318,3,1188,635,70,197,1,1,1
318,4,819,548,49,122,1,1,1
318,5,660,502,34,73,1,1,1
319,1,1114,616,79,195,1,1,1
319,3,1190,636,70,197,1,1,1
319,4,820,550,49,122,1,1,1
319,5,661,502,34,73,1,1,1
320,1,1113,617,79,195,1,1,1
320,3,1192,637,70,197,1,1,1
320,4,825,551,44,122,1,1,1
320,5,661,502,34,73,1,1,1
321,1,1113,617,79,195,1,1,1
321,3,1191,636,70,197,1,1,1
321,4,827,553,45,122,1,1,1
321,5,661,502,34,73,1,1,1
322,1,1114,618,79,195,1,1,1
322,3,1191,636,70,194,1,1,1
322,4,825,553,44,122,1,1,1
322,5,661,502,34,73,1,1,1
323,1,1113,619,79,195,1,1,1
323,3,1191,636,70,194,1,1,1
323,4,826,553,43,122,1,1,1
323,5,661,503,34,73,1,1,1
324,1,1114,620,79,195,1,1,1
324,3,1193,636,70,194,1,1,1
324,4,828,554,40,122,1,1,1
324,5,662,502,34,73,1,1,1
325,1,1113,620,79,195,1,1,1
325,3,1192,633,70,194,1,1,1
325,4,829,555,41,122,1,1,1
325,5,662,502,34,73,1,1,1
326,1,1114,619,79,195,1,1,1
326,3,1193,639,72,188,1,1,1
326,4,829,550,41,122,1,1,1
326,5,663,502,34,73,1,1,1
327,1,1112,620,79,195,1,1,1
327,3,1192,639,74,194,1,1,1
327,4,830,555,41,122,1,1,1
327,5,662,502,34,73,1,1,1
328,1,1113,620,79,195,1,1,1
328,3,1192,638,74,197,1,1,1
328,4,828,555,41,122,1,1,1
328,5,665,502,31,73,1,1,1
328,7,558,471,16,43,1,1,1
329,1,1112,621,79,195,1,1,1
329,3,1191,638,74,194,1,1,1
329,4,829,554,41,122,1,1,1
329,5,666,501,31,73,1,1,1
329,7,558,472,16,43,1,1,1
330,1,1113,623,79,195,1,1,1
330,3,1192,639,74,194,1,1,1
330,4,831,555,41,122,1,1,1
330,5,665,502,32,73,1,1,1
330,7,559,473,16,43,1,1,1
331,1,1112,622,79,204,1,1,1
331,3,1192,638,74,194,1,1,1
331,4,832,556,41,122,1,1,1
331,5,666,502,32,73,1,1,1
331,7,556,472,19,43,1,1,1
332,1,1111,621,79,204,1,1,1
332,3,1191,639,74,194,1,1,1
332,4,833,555,41,122,1,1,1
332,5,665,502,32,73,1,1,1
332,7,552,471,19,43,1,1,1
333,1,1112,622,79,204,1,1,1
333,3,1190,637,74,194,1,1,1
333,4,836,556,45,122,1,1,1
333,5,666,502,31,73,1,1,1
333,7,558,471,13,43,1,1,1
334,1,1111,621,79,204,1,1,1
334,3,1191,637,74,194,1,1,1
334,4,836,560,45,122,1,1,1
334,5,667,502,31,73,1,1,1
334,7,557,473,14,43,1,1,1
335,1,1111,621,79,204,1,1,1
335,3,1191,636,74,194,1,1,1
335,4,839,557,44,122,1,1,1
335,5,666,502,31,73,1,1,1
335,7,558,475,14,41,1,1,1
336,1,1109,621,79,204,1,1,1
336,3,1190,636,74,194,1,1,1
336,4,840,559,44,122,1,1,1
336,5,666,504,31,73,1,1,1
336,7,554,475,18,41,1,1,1
337,1,1109,620,79,204,1,1,1
337,3,1189,636,79,194,1,1,1
337,4,839,564,52,122,1,1,1
337,5,667,502,31,73,1,1,1
337,7,554,475,18,41,1,1,1
338,1,1107,626,86,197,1,1,1
338,3,1190,635,78,194,1,1,1
338,4,841,563,52,122,1,1,1
338,5,667,502,31,73,1,1,1
338,7,554,472,18,41,1,1,1
339,1,1106,623,86,201,1,1,1
339,3,1189,635,79,194,1,1,1
339,4,845,565,48,122,1,1,1
339,5,668,504,31,73,1,1,1
339,7,553,471,19,43,1,1,1
340,1,1104,625,86,201,1,1,1
340,3,1183,635,82,194,1,1,1
340,4,843,565,48,122,1,1,1
340,5,667,503,32,73,1,1,1
340,7,554,471,20,45,1,1,1
341,1,1105,626,86,201,1,1,1
341,3,1184,635,82,194,1,1,1
341,4,843,559,52,126,1,1,1
341,5,666,502,32,73,1,1,1
341,7,553,474,19,43,1,1,1
342,1,1105,625,86,201,1,1,1
342,3,1183,635,82,194,1,1,1
342,4,844,558,52,126,1,1,1
342,5,667,503,32,73,1,1,1
342,7,554,476,18,41,1,1,1
343,1,1105,624,86,201,1,1,1
343,3,1182,635,82,194,1,1,1
343,4,845,560,52,126,1,1,1
343,5,667,503,32,73,1,1,1
343,7,553,471,19,43,1,1,1
344,1,1102,623,89,201,1,1,1
344,3,1180,635,82,194,1,1,1
344,4,847,557,52,134,1,1,1
344,5,668,503,30,77,1,1,1
344,7,553,472,20,45,1,1,1
345,1,1095,625,96,201,1,1,1
345,3,1179,636,82,194,1,1,1
345,4,848,558,52,132,1,1,1
345,5,667,501,30,77,1,1,1
345,7,554,470,19,43,1,1,1
346,1,1094,630,96,201,1,1,1
346,3,1179,636,82,194,1,1,1
346,4,853,554,48,132,1,1,1
346,5,668,502,30,77,1,1,1
346,7,554,475,19,43,1,1,1
347,1,1092,630,103,201,1,1,1
347,3,1177,635,82,194,1,1,1
347,4,857,554,44,132,1,1,1
347,5,668,502,30,77,1,1,1
347,7,553,471,19,43,1,1,1
348,1,1087,629,103,205,1,1,1
348,3,1177,634,82,194,1,1,1
348,4,862,554,39,132,1,1,1
348,5,670,502,30,77,1,1,1
348,7,553,471,20,45,1,1,1
349,1,1085,627,107,212,1,1,1
349,3,1177,632,82,194,1,1,1
349,4,868,556,37,132,1,1,1
349,5,670,503,30,77,1,1,1
349,7,554,475,19,43,1,1,1
350,1,1082,628,112,212,1,1,1
350,3,1175,633,82,194,1,1,1
350,4,865,553,45,132,1,1,1
350,5,670,503,30,77,1,1,1
350,7,555,472,19,43,1,1,1
351,1,1077,626,120,212,1,1,1
351,3,1175,631,82,194,1,1,1
351,4,864,560,46,132,1,1,1
351,5,671,504,30,77,1,1,1
351,7,555,471,19,43,1,1,1
352,1,1072,631,126,212,1,1,1
352,3,1175,633,82,194,1,1,1
352,4,863,561,48,132,1,1,1
352,5,671,504,30,77,1,1,1
352,7,554,470,19,43,1,1,1
353,1,1070,629,128,212,1,1,1
353,3,1174,633,82,194,1,1,1
353,4,864,562,48,132,1,1,1
353,5,671,505,30,77,1,1,1
353,7,555,471,19,43,1,1,1
354,1,1065,624,133,219,1,1,1
354,3,1174,632,82,194,1,1,1
354,4,865,561,48,132,1,1,1
354,5,671,504,30,77,1,1,1
354,7,555,472,19,43,1,1,1
355,1,1066,627,133,217,1,1,1
355,3,1175,633,82,194,1,1,1
355,4,866,562,48,132,1,1,1
355,5,673,505,30,77,1,1,1
355,7,554,470,19,43,1,1,1
356,1,1066,629,133,216,1,1,1
356,3,1175,632,82,194,1,1,1
356,4,868,561,48,132,1,1,1
356,5,673,503,30,77,1,1,1
356,7,555,472,19,43,1,1,1
357,1,1065,632,138,210,1,1,1
357,3,1175,632,82,194,1,1,1
357,4,869,562,48,132,1,1,1
357,5,671,503,38,77,1,1,1
357,7,554,472,19,43,1,1,1
358,1,1064,631,142,212,1,1,1
358,3,1174,632,82,194,1,1,1
358,4,870,560,48,132,1,1,1
358,5,669,504,38,77,1,1,1
358,7,555,471,19,43,1,1,1
359,1,1061,633,144,212,1,1,1
359,3,1175,632,82,194,1,1,1
359,4,871,561,48,132,1,1,1
359,5,669,501,38,77,1,1,1
359,7,556,472,19,43,1,1,1
360,1,1061,630,149,212,1,1,1
360,3,1174,632,82,194,1,1,1
360,4,868,563,48,132,1,1,1
360,5,672,502,38,77,1,1,1
360,7,555,471,19,43,1,1,1
361,1,1058,630,155,212,1,1,1
361,3,1174,634,82,194,1,1,1
361,4,871,561,48,132,1,1,1
361,5,673,504,38,77,1,1,1
361,7,555,471,19,43,1,1,1
362,1,1059,629,155,212,1,1,1
362,3,1174,633,82,194,1,1,1
362,4,870,562,52,135,1,1,1
362,5,674,504,38,77,1,1,1
362,7,555,472,19,43,1,1,1
363,1,1062,631,154,212,1,1,1
363,3,1173,632,82,194,1,1,1
363,4,871,560,51,138,1,1,1
363,5,674,504,38,77,1,1,1
363,7,555,471,19,43,1,1,1
364,1,1064,632,152,212,1,1,1
364,3,1175,632,82,194,1,1,1
364,4,871,562,54,132,1,1,1
364,5,674,501,38,77,1,1,1
364,7,554,470,19,43,1,1,1
365,1,1066,631,150,212,1,1,1
365,3,1174,632,82,194,1,1,1
365,4,871,564,54,132,1,1,1
365,5,673,502,38,77,1,1,1
365,7,555,472,19,43,1,1,1
366,1,1069,631,148,216,1,1,1
366,3,1174,632,82,194,1,1,1
366,4,873,566,56,132,1,1,1
366,5,674,502,38,77,1,1,1
366,7,555,472,19,43,1,1,1
367,1,1071,634,143,216,1,1,1
367,3,1175,633,82,194,1,1,1
367,4,874,565,56,132,1,1,1
367,5,675,502,38,77,1,1,1
367,7,555,472,19,43,1,1,1
368,1,1068,634,143,216,1,1,1
368,3,1173,632,82,194,1,1,1
368,4,873,567,56,132,1,1,1
368,5,674,502,38,77,1,1,1
368,7,555,471,19,43,1,1,1
369,1,1078,635,134,216,1,1,1
369,3,1174,635,82,194,1,1,1
369,4,876,569,56,132,1,1,1
369,5,675,504,38,77,1,1,1
369,7,555,472,19,43,1,1,1
370,1,1077,637,134,216,1,1,1
370,3,1174,633,82,194,1,1,1
370,4,880,568,56,137,1,1,1
370,5,674,503,38,77,1,1,1
370,7,555,472,19,43,1,1,1
371,1,1089,637,121,216,1,1,1
371,3,1173,636,82,194,1,1,1
371,4,882,563,51,137,1,1,1
371,5,676,504,38,77,1,1,1
371,7,555,472,19,43,1,1,1
372,1,1087,640,121,216,1,1,1
372,3,1173,637,82,194,1,1,1
372,4,882,566,53,137,1,1,1
372,5,675,502,38,77,1,1,1
372,7,552,474,19,43,1,1,1
373,1,1104,642,106,216,1,1,1
373,3,1169,636,86,194,1,1,1
373,4,882,562,55,137,1,1,1
373,5,674,502,38,77,1,1,1
373,7,551,474,25,43,1,1,1
374,1,1115,640,90,216,1,1,1
374,3,1166,638,86,194,1,1,1
374,4,883,565,56,137,1,1,1
374,5,675,503,38,77,1,1,1
374,7,553,474,19,43,1,1,1
375,1,1115,640,89,216,1,1,1
375,3,1165,637,86,194,1,1,1
375,4,883,566,57,137,1,1,1
375,5,676,504,38,77,1,1,1
375,7,555,474,15,43,1,1,1
376,1,1114,640,90,216,1,1,1
376,3,1166,637,86,194,1,1,1
376,4,886,564,57,137,1,1,1
376,5,674,501,40,81,1,1,1
376,7,554,473,15,43,1,1,1
377,1,1114,639,90,216,1,1,1
377,3,1165,636,86,194,1,1,1
377,4,888,565,57,137,1,1,1
377,5,675,503,40,81,1,1,1
377,7,554,473,15,43,1,1,1
378,1,1113,641,84,216,1,1,1
378,3,1165,637,86,194,1,1,1
378,4,890,565,57,143,1,1,1
378,5,674,502,40,81,1,1,1
378,7,555,473,15,43,1,1,1
379,1,1109,639,87,216,1,1,1
379,3,1165,637,91,194,1,1,1
379,4,889,564,57,143,1,1,1
379,5,674,502,40,81,1,1,1
379,7,555,474,15,43,1,1,1
380,1,1106,640,87,216,1,1,1
380,3,1165,638,91,194,1,1,1
380,4,893,567,57,143,1,1,1
380,5,675,502,40,81,1,1,1
380,7,555,473,15,43,1,1,1
381,1,1104,641,87,216,1,1,1
381,3,1166,638,91,194,1,1,1
381,4,895,568,57,143,1,1,1
381,5,675,503,40,81,1,1,1
381,7,555,472,15,43,1,1,1
382,1,1100,642,96,216,1,1,1
382,3,1165,638,90,194,1,1,1
382,4,897,570,57,143,1,1,1
382,5,675,503,40,81,1,1,1
382,7,554,471,16,45,1,1,1
383,1,1097,641,96,216,1,1,1
383,3,1165,639,90,194,1,1,1
383,4,897,570,55,143,1,1,1
383,5,676,504,40,81,1,1,1
383,7,554,471,16,45,1,1,1
384,1,1093,643,96,216,1,1,1
384,3,1158,640,97,194,1,1,1
384,4,899,571,54,143,1,1,1
384,5,677,505,40,81,1,1,1
384,7,554,471,16,45,1,1,1
385,1,1092,642,96,220,1,1,1
385,3,1156,641,97,194,1,1,1
385,4,900,571,52,143,1,1,1
385,5,678,505,40,81,1,1,1
385,7,554,472,16,45,1,1,1
386,1,1088,643,101,223,1,1,1
386,3,1155,641,97,194,1,1,1
386,4,902,572,53,139,1,1,1
386,5,678,505,40,81,1,1,1
386,7,554,472,16,45,1,1,1
387,1,1086,643,101,223,1,1,1
387,3,1151,643,101,194,1,1,1
387,4,900,569,54,140,1,1,1
387,5,678,506,40,81,1,1,1
387,7,554,471,16,45,1,1,1
388,1,1085,641,101,230,1,1,1
388,3,1149,639,101,194,1,1,1
388,4,904,570,54,144,1,1,1
388,5,679,507,40,81,1,1,1
388,7,554,471,16,45,1,1,1
389,1,1086,641,101,230,1,1,1
389,3,1149,640,101,194,1,1,1
389,4,904,569,54,144,1,1,1
389,5,678,507,40,81,1,1,1
389,7,554,473,16,45,1,1,1
390,1,1086,643,101,230,1,1,1
390,3,1147,639,101,194,1,1,1
390,4,903,569,54,144,1,1,1
390,5,678,503,42,85,1,1,1
390,7,554,473,16,45,1,1,1
391,1,1084,642,101,230,1,1,1
391,3,1147,641,101,194,1,1,1
391,4,910,571,54,144,1,1,1
391,5,682,503,40,89,1,1,1
391,7,554,470,16,45,1,1,1
392,1,1083,650,101,230,1,1,1
392,3,1146,640,101,194,1,1,1
392,4,907,572,57,144,1,1,1
392,5,683,500,39,94,1,1,1
392,7,554,470,16,45,1,1,1
393,1,1084,646,101,230,1,1,1
393,3,1144,643,101,194,1,1,1
393,4,909,572,57,144,1,1,1
393,5,684,507,35,88,1,1,1
393,7,554,470,16,45,1,1,1
394,1,1083,650,101,235,1,1,1
394,3,1143,642,101,194,1,1,1
394,4,912,576,54,137,1,1,1
394,5,683,506,35,88,1,1,1
394,7,554,472,16,45,1,1,1
395,1,1088,647,94,235,1,1,1
395,3,1142,644,101,194,1,1,1
395,4,914,577,58,137,1,1,1
395,5,682,505,40,88,1,1,1
395,7,554,473,16,45,1,1,1
396,1,1089,645,92,235,1,1,1
396,3,1146,644,94,194,1,1,1
396,4,915,580,58,137,1,1,1
396,5,681,505,40,88,1,1,1
396,7,554,473,15,43,1,1,1
397,1,1090,644,90,235,1,1,1
397,3,1145,645,93,194,1,1,1
397,4,917,580,58,137,1,1,1
397,5,681,506,40,88,1,1,1
397,7,555,472,15,43,1,1,1
398,1,1091,647,90,235,1,1,1
398,3,1143,642,94,196,1,1,1
398,4,919,584,58,137,1,1,1
398,5,688,505,36,88,1,1,1
398,7,555,471,15,43,1,1,1
399,1,1093,645,83,235,1,1,1
399,3,1143,641,92,194,1,1,1
399,4,920,583,58,137,1,1,1
399,5,685,503,36,88,1,1,1
399,7,554,473,15,43,1,1,1
400,1,1092,647,81,235,1,1,1
400,3,1144,642,86,194,1,1,1
400,4,922,586,58,137,1,1,1
400,5,684,506,36,88,1,1,1
400,7,555,474,15,43,1,1,1
401,1,1094,645,76,235,1,1,1
401,3,1139,639,88,200,1,1,1
401,4,923,584,58,137,1,1,1
401,5,688,506,36,88,1,1,1
401,7,555,472,15,43,1,1,1
402,1,1088,646,79,235,1,1,1
402,3,1135,640,88,200,1,1,1
402,4,923,586,58,137,1,1,1
402,5,690,504,34,88,1,1,1
402,7,555,472,15,43,1,1,1
403,1,1090,648,76,235,1,1,1
403,3,1134,643,88,200,1,1,1
403,4,924,585,58,137,1,1,1
403,5,691,508,34,82,1,1,1
403,7,554,471,16,45,1,1,1
404,1,1088,648,76,235,1,1,1
404,3,1132,638,88,200,1,1,1
404,4,924,584,58,137,1,1,1
404,5,690,508,34,82,1,1,1
404,7,554,472,16,45,1,1,1
405,1,1085,649,79,235,1,1,1
405,3,1139,640,82,210,1,1,1
405,4,926,586,58,137,1,1,1
405,5,691,509,34,82,1,1,1
405,7,554,472,16,45,1,1,1
406,1,1083,649,79,235,1,1,1
406,3,1142,640,79,210,1,1,1
406,4,926,586,58,137,1,1,1
406,5,690,510,34,82,1,1,1
406,7,553,470,16,45,1,1,1
407,1,1083,651,79,235,1,1,1
407,3,1139,640,81,210,1,1,1
407,4,932,588,53,137,1,1,1
407,5,691,508,34,82,1,1,1
407,7,555,471,16,45,1,1,1
408,1,1081,651,79,235,1,1,1
408,3,1138,641,81,210,1,1,1
408,4,932,587,54,137,1,1,1
408,5,690,508,34,82,1,1,1
408,7,555,470,16,45,1,1,1
409,1,1070,651,93,235,1,1,1
409,3,1137,641,75,207,1,1,1
409,4,933,587,53,143,1,1,1
409,5,691,509,34,82,1,1,1
409,7,555,472,15,43,1,1,1
410,1,1061,654,93,235,1,1,1
410,3,1137,637,75,207,1,1,1
410,4,933,588,54,143,1,1,1
410,5,691,510,34,82,1,1,1
410,7,554,472,16,45,1,1,1
411,1,1059,652,93,235,1,1,1
411,3,1134,638,75,207,1,1,1
411,4,935,588,53,143,1,1,1
411,5,691,511,34,82,1,1,1
411,7,554,472,16,45,1,1,1
412,1,1055,652,98,235,1,1,1
412,3,1133,639,75,207,1,1,1
412,4,936,591,53,143,1,1,1
412,5,691,511,33,82,1,1,1
412,7,554,473,16,45,1,1,1
413,1,1054,655,98,235,1,1,1
413,3,1141,642,62,207,1,1,1
413,4,937,591,53,143,1,1,1
413,5,691,511,32,82,1,1,1
413,7,555,472,15,43,1,1,1
414,1,1051,656,98,235,1,1,1
414,3,1144,643,61,207,1,1,1
414,4,938,591,53,143,1,1,1
414,5,691,511,34,82,1,1,1
414,7,554,472,16,45,1,1,1
415,1,1052,654,98,235,1,1,1
415,3,1143,641,63,210,1,1,1
415,4,938,588,53,143,1,1,1
415,5,693,511,32,82,1,1,1
415,7,554,472,16,45,1,1,1
416,1,1049,653,98,235,1,1,1
416,3,1144,640,62,211,1,1,1
416,4,938,590,53,143,1,1,1
416,5,693,512,33,82,1,1,1
416,7,554,473,16,45,1,1,1
417,1,1052,654,93,235,1,1,1
417,3,1145,641,62,211,1,1,1
417,4,938,592,53,143,1,1,1
417,5,694,511,31,82,1,1,1
417,7,555,473,15,43,1,1,1
418,1,1048,652,98,235,1,1,1
418,3,1143,640,55,217,1,1,1
418,4,943,593,48,143,1,1,1
418,5,692,510,35,86,1,1,1
418,7,556,474,15,43,1,1,1
419,1,1050,652,92,235,1,1,1
419,3,1143,642,56,217,1,1,1
419,4,945,593,48,143,1,1,1
419,5,694,509,36,86,1,1,1
419,7,555,473,15,43,1,1,1
420,1,1050,650,91,235,1,1,1
420,3,1142,636,56,228,1,1,1
420,4,943,592,49,143,1,1,1
420,5,694,511,36,86,1,1,1
420,7,555,474,15,43,1,1,1
421,1,1048,655,91,235,1,1,1
421,3,1143,643,56,217,1,1,1
421,4,944,589,49,143,1,1,1
421,5,694,509,36,86,1,1,1
421,7,555,471,15,43,1,1,1
422,1,1041,652,91,235,1,1,1
422,3,1142,638,58,219,1,1,1
422,4,946,591,49,143,1,1,1
422,5,695,509,36,86,1,1,1
422,7,555,472,15,43,1,1,1
423,1,1038,653,91,235,1,1,1
423,3,1142,641,57,213,1,1,1
423,4,946,592,49,143,1,1,1
423,5,695,508,36,86,1,1,1
423,7,556,472,15,43,1,1,1
424,1,1034,655,91,235,1,1,1
424,3,1145,645,55,213,1,1,1
424,4,945,592,49,143,1,1,1
424,5,695,508,36,86,1,1,1
424,7,555,471,15,43,1,1,1
425,1,1030,654,91,240,1,1,1
425,3,1143,642,57,213,1,1,1
425,4,950,592,45,143,1,1,1
425,5,695,508,36,86,1,1,1
425,7,556,470,15,43,1,1,1
426,1,1026,650,98,247,1,1,1
426,3,1143,640,57,213,1,1,1
426,4,951,595,45,143,1,1,1
426,5,697,508,36,86,1,1,1
426,7,555,473,15,43,1,1,1
427,1,1025,651,98,247,1,1,1
427,3,1143,640,57,213,1,1,1
427,4,954,595,49,138,1,1,1
427,5,697,508,36,86,1,1,1
427,7,555,472,15,43,1,1,1
428,1,1020,655,98,247,1,1,1
428,3,1142,643,62,213,1,1,1
428,4,953,596,49,138,1,1,1
428,5,698,510,36,86,1,1,1
428,7,558,463,17,55,1,1,1
429,1,1019,655,98,247,1,1,1
429,3,1139,641,66,213,1,1,1
429,4,956,598,41,138,1,1,1
429,5,697,510,36,86,1,1,1
429,7,560,463,16,55,1,1,1
430,1,1019,657,98,247,1,1,1
430,3,1139,640,66,213,1,1,1
430,4,957,596,41,138,1,1,1
430,5,699,510,36,86,1,1,1
430,7,561,462,14,55,1,1,1
431,1,1020,656,98,247,1,1,1
431,3,1139,644,71,213,1,1,1
431,4,961,597,41,138,1,1,1
431,5,700,511,36,86,1,1,1
431,7,554,467,19,55,1,1,1
432,1,1023,656,92,247,1,1,1
432,3,1139,643,71,213,1,1,1
432,4,963,596,41,138,1,1,1
432,5,699,512,36,86,1,1,1
432,7,554,466,21,55,1,1,1
433,1,1019,658,92,247,1,1,1
433,3,1134,644,79,213,1,1,1
433,4,962,596,41,138,1,1,1
433,5,698,510,36,86,1,1,1
433,7,556,466,18,55,1,1,1
434,1,1018,658,92,247,1,1,1
434,3,1134,645,82,213,1,1,1
434,4,960,599,41,143,1,1,1
434,5,699,510,36,86,1,1,1
434,7,559,473,15,46,1,1,1
435,1,1021,659,92,247,1,1,1
435,3,1130,644,89,213,1,1,1
435,4,960,602,41,138,1,1,1
435,5,700,511,36,86,1,1,1
435,7,558,467,16,55,1,1,1
436,1,1014,657,92,247,1,1,1
436,3,1125,643,97,213,1,1,1
436,4,961,592,47,154,1,1,1
436,5,700,510,36,86,1,1,1
436,7,560,468,14,55,1,1,1
437,1,1013,657,92,247,1,1,1
437,3,1129,645,88,213,1,1,1
437,4,963,593,41,159,1,1,1
437,5,701,512,36,86,1,1,1
437,7,557,468,18,55,1,1,1
438,1,1010,659,92,247,1,1,1
438,3,1127,644,93,213,1,1,1
438,5,701,512,36,86,1,1,1
438,7,556,470,18,55,1,1,1
439,1,1008,662,95,247,1,1,1
439,3,1124,644,99,213,1,1,1
439,5,701,512,36,86,1,1,1
439,7,557,468,19,50,1,1,1
440,1,1006,657,95,247,1,1,1
440,3,1126,644,99,213,1,1,1
440,5,701,513,36,86,1,1,1
440,7,555,467,18,50,1,1,1
441,1,1002,658,95,247,1,1,1
441,3,1126,644,99,213,1,1,1
441,5,701,510,37,90,1,1,1
441,7,558,469,15,50,1,1,1
442,1,998,657,100,247,1,1,1
442,3,1125,644,99,213,1,1,1
442,5,702,511,37,90,1,1,1
442,7,559,468,15,50,1,1,1
443,1,995,658,100,247,1,1,1
443,3,1123,643,99,213,1,1,1
443,5,703,511,37,90,1,1,1
443,7,559,469,15,50,1,1,1
444,1,992,660,100,247,1,1,1
444,3,1123,644,99,213,1,1,1
444,5,703,512,37,90,1,1,1
444,7,556,471,17,50,1,1,1
445,1,993,655,100,247,1,1,1
445,3,1121,644,99,213,1,1,1
445,5,702,512,37,90,1,1,1
445,7,553,468,20,50,1,1,1
446,1,991,657,100,247,1,1,1
446,3,1121,648,99,208,1,1,1
446,5,703,513,37,85,1,1,1
446,7,553,467,20,50,1,1,1
447,1,983,659,108,247,1,1,1
447,3,1119,654,99,204,1,1,1
447,5,704,513,37,86,1,1,1
447,7,554,467,20,50,1,1,1
448,1,987,657,108,247,1,1,1
448,3,1118,650,99,208,1,1,1
448,5,704,513,37,87,1,1,1
448,7,555,468,20,50,1,1,1
449,1,987,659,108,242,1,1,1
449,3,1116,653,99,206,1,1,1
449,5,706,513,37,87,1,1,1
449,7,553,466,20,50,1,1,1
450,1,985,657,108,242,1,1,1
450,3,1114,651,99,207,1,1,1
450,5,706,510,39,92,1,1,1
450,7,553,466,20,50,1,1,1
451,1,976,661,117,242,1,1,1
451,3,1112,653,99,207,1,1,1
451,5,707,512,39,89,1,1,1
451,7,555,465,16,50,1,1,1
452,1,973,661,123,242,1,1,1
452,3,1110,652,99,208,1,1,1
452,5,707,511,39,90,1,1,1
452,7,552,467,21,50,1,1,1
453,1,969,660,123,242,1,1,1
453,3,1107,651,94,209,1,1,1
453,4,1007,614,34,96,1,1,1
453,5,707,513,39,89,1,1,1
453,7,553,468,21,50,1,1,1
454,1,968,662,123,242,1,1,1
454,3,1106,653,89,207,1,1,1
454,4,1005,618,39,96,1,1,1
454,5,707,514,41,86,1,1,1
454,7,555,468,21,50,1,1,1
455,1,964,662,123,242,1,1,1
455,3,1103,652,91,208,1,1,1
455,4,1006,615,39,96,1,1,1
455,5,709,513,39,89,1,1,1
455,7,554,465,21,50,1,1,1
456,1,964,659,123,241,1,1,1
456,3,1102,651,88,207,1,1,1
456,4,1007,615,39,118,1,1,1
456,5,710,513,39,86,1,1,1
456,7,554,468,21,50,1,1,1
457,1,959,656,123,242,1,1,1
457,3,1101,651,89,205,1,1,1
457,4,1006,619,39,120,1,1,1
457,5,711,514,39,86,1,1,1
457,7,556,469,21,50,1,1,1
458,1,953,659,123,242,1,1,1
458,3,1098,652,90,205,1,1,1
458,4,1011,618,39,124,1,1,1
458,5,711,517,39,84,1,1,1
458,7,554,468,21,50,1,1,1
459,1,951,655,123,242,1,1,1
459,3,1095,649,93,213,1,1,1
459,4,1013,618,39,124,1,1,1
459,5,710,516,39,86,1,1,1
459,7,554,467,21,50,1,1,1
460,1,954,655,117,242,1,1,1
460,3,1095,651,89,212,1,1,1
460,4,1015,614,39,126,1,1,1
460,5,711,514,39,86,1,1,1
460,7,553,467,21,50,1,1,1
461,1,953,656,109,242,1,1,1
461,3,1093,651,93,212,1,1,1
461,4,1016,616,39,122,1,1,1
461,5,712,516,39,86,1,1,1
461,7,553,466,21,50,1,1,1
462,1,948,653,109,242,1,1,1
462,3,1093,656,91,206,1,1,1
462,4,1015,615,39,128,1,1,1
462,5,713,515,39,86,1,1,1
462,7,555,465,21,50,1,1,1
463,1,947,652,104,242,1,1,1
463,3,1087,651,101,217,1,1,1
463,4,1017,615,39,123,1,1,1
463,5,712,515,39,86,1,1,1
463,7,555,469,19,50,1,1,1
464,1,944,651,105,242,1,1,1
464,3,1081,658,101,217,1,1,1
464,4,1014,616,41,150,1,1,1
464,5,713,515,39,86,1,1,1
464,7,556,467,19,50,1,1,1
465,1,944,652,103,242,1,1,1
465,3,1081,658,101,217,1,1,1
465,4,1016,617,39,145,1,1,1
465,5,714,517,39,86,1,1,1
465,7,556,467,19,50,1,1,1
466,1,946,653,100,242,1,1,1
466,3,1080,660,101,217,1,1,1
466,4,1016,620,39,133,1,1,1
466,5,715,519,37,82,1,1,1
466,7,556,467,19,50,1,1,1
467,1,942,653,106,242,1,1,1
467,3,1083,656,101,217,1,1,1
467,4,1016,619,39,152,1,1,1
467,5,715,518,37,82,1,1,1
467,7,557,466,19,50,1,1,1
468,1,942,653,106,242,1,1,1
468,3,1080,659,101,217,1,1,1
468,4,1016,622,39,149,1,1,1
468,5,715,519,37,82,1,1,1
468,7,555,467,19,50,1,1,1
469,1,939,655,106,242,1,1,1
469,3,1082,661,101,217,1,1,1
469,4,1018,623,39,152,1,1,1
469,5,715,518,39,86,1,1,1
469,7,557,464,17,50,1,1,1
470,1,934,654,106,242,1,1,1
470,3,1080,663,101,217,1,1,1
470,4,1011,622,45,147,1,1,1
470,5,715,515,41,90,1,1,1
470,7,557,468,17,50,1,1,1
471,1,934,652,105,242,1,1,1
471,3,1082,667,101,217,1,1,1
471,4,1010,620,45,147,1,1,1
471,5,715,515,41,90,1,1,1
471,7,556,465,17,50,1,1,1
472,1,931,656,106,237,1,1,1
472,3,1082,661,101,217,1,1,1
472,4,1008,619,45,154,1,1,1
472,5,717,517,41,90,1,1,1
472,7,556,467,20,50,1,1,1
473,1,925,656,106,234,1,1,1
473,3,1080,664,101,217,1,1,1
473,4,1009,622,45,147,1,1,1
473,5,717,516,41,90,1,1,1
473,7,554,465,20,50,1,1,1
474,1,922,652,108,238,1,1,1
474,3,1077,668,101,217,1,1,1
474,4,1009,620,45,147,1,1,1
474,5,717,516,37,90,1,1,1
474,7,556,469,20,50,1,1,1
475,1,921,654,108,237,1,1,1
475,3,1081,663,101,222,1,1,1
475,4,1008,620,43,147,1,1,1
475,5,718,516,37,90,1,1,1
475,7,555,469,20,50,1,1,1
476,1,920,654,108,238,1,1,1
476,3,1079,658,101,229,1,1,1
476,4,1011,624,36,148,1,1,1
476,5,720,517,37,90,1,1,1
476,7,555,472,20,50,1,1,1
477,1,918,653,108,238,1,1,1
477,3,1079,661,101,223,1,1,1
477,4,1010,619,36,148,1,1,1
477,5,721,517,37,90,1,1,1
477,7,556,469,20,50,1,1,1
478,1,919,657,108,232,1,1,1
478,3,1077,659,101,229,1,1,1
478,4,1008,616,36,157,1,1,1
478,5,721,519,37,90,1,1,1
478,7,558,469,20,50,1,1,1
479,1,918,657,108,234,1,1,1
479,3,1077,657,101,229,1,1,1
479,4,1009,615,36,157,1,1,1
479,5,722,519,37,90,1,1,1
479,7,557,466,20,50,1,1,1
480,1,917,653,108,237,1,1,1
480,3,1074,660,101,229,1,1,1
480,4,1010,613,36,157,1,1,1
480,5,722,520,37,90,1,1,1
480,7,557,466,20,50,1,1,1
481,1,917,655,108,236,1,1,1
481,3,1074,661,101,229,1,1,1
481,4,1005,617,36,157,1,1,1
481,5,723,518,37,90,1,1,1
481,7,557,467,20,50,1,1,1
482,1,917,655,108,236,1,1,1
482,3,1074,664,101,229,1,1,1
482,4,1005,617,36,157,1,1,1
482,5,723,519,37,90,1,1,1
482,7,558,471,20,50,1,1,1
483,1,916,655,108,237,1,1,1
483,3,1075,664,101,229,1,1,1
483,4,1005,619,36,157,1,1,1
483,5,724,518,37,90,1,1,1
483,7,558,469,20,50,1,1,1
484,1,915,652,108,239,1,1,1
484,3,1072,666,101,229,1,1,1
484,4,1004,614,36,157,1,1,1
484,5,725,518,37,89,1,1,1
484,7,558,471,20,50,1,1,1
485,1,907,655,113,237,1,1,1
485,3,1069,661,101,229,1,1,1
485,4,1002,624,36,157,1,1,1
485,5,727,518,37,90,1,1,1
485,7,556,470,20,50,1,1,1
486,1,904,651,108,239,1,1,1
486,3,1068,662,101,229,1,1,1
486,4,974,637,62,157,1,1,1
486,5,726,518,39,90,1,1,1
486,7,557,470,20,50,1,1,1
487,1,902,647,108,242,1,1,1
487,3,1066,662,101,229,1,1,1
487,4,975,638,62,157,1,1,1
487,5,726,517,42,90,1,1,1
487,7,558,470,20,50,1,1,1
488,1,898,652,108,236,1,1,1
488,3,1063,662,101,229,1,1,1
488,4,974,638,62,157,1,1,1
488,5,726,516,42,90,1,1,1
488,7,560,468,20,50,1,1,1
489,1,893,648,108,240,1,1,1
489,3,1061,667,101,229,1,1,1
489,4,976,639,62,157,1,1,1
489,5,727,516,42,90,1,1,1
489,7,559,470,20,50,1,1,1
490,1,888,650,108,233,1,1,1
490,3,1058,667,101,229,1,1,1
490,4,976,639,62,157,1,1,1
490,5,727,515,42,90,1,1,1
490,7,559,470,20,50,1,1,1
491,1,885,650,108,238,1,1,1
491,3,1055,672,101,229,1,1,1
491,4,971,637,62,162,1,1,1
491,5,728,518,42,90,1,1,1
491,7,558,468,20,50,1,1,1
492,1,881,648,108,239,1,1,1
492,3,1055,672,101,229,1,1,1
492,4,969,636,52,162,1,1,1
492,5,730,515,42,90,1,1,1
492,7,557,468,20,50,1,1,1
493,1,885,648,100,238,1,1,1
493,3,1054,668,101,229,1,1,1
493,4,966,636,52,162,1,1,1
493,5,729,517,42,90,1,1,1
493,7,558,468,20,50,1,1,1
494,1,884,650,100,236,1,1,1
494,3,1054,662,101,237,1,1,1
494,4,964,636,52,162,1,1,1
494,5,729,516,42,90,1,1,1
494,7,555,469,20,50,1,1,1
495,1,876,650,100,236,1,1,1
495,3,1049,661,101,237,1,1,1
495,4,964,633,52,162,1,1,1
495,5,731,519,42,90,1,1,1
495,7,557,473,20,50,1,1,1
496,1,878,651,100,235,1,1,1
496,3,1046,670,101,237,1,1,1
496,4,961,629,52,169,1,1,1
496,5,730,519,42,90,1,1,1
496,7,558,469,20,50,1,1,1
497,1,876,651,100,234,1,1,1
497,3,1045,666,98,237,1,1,1
497,4,957,628,52,170,1,1,1
497,5,732,519,42,90,1,1,1
497,7,558,468,20,50,1,1,1
498,1,882,651,94,238,1,1,1
498,3,1043,670,98,224,1,1,1
498,4,958,630,52,168,1,1,1
498,5,732,520,42,90,1,1,1
498,7,556,467,20,50,1,1,1
499,1,882,650,91,239,1,1,1
499,3,1037,669,98,234,1,1,1
499,4,950,625,52,179,1,1,1
499,5,733,520,42,90,1,1,1
499,7,555,472,20,50,1,1,1
500,1,882,649,88,240,1,1,1
500,3,1037,673,98,224,1,1,1
500,4,948,625,58,179,1,1,1
500,5,733,520,42,90,1,1,1
500,7,557,470,20,50,1,1,1
501,1,882,650,87,239,1,1,1
501,3,1032,673,98,224,1,1,1
501,4,945,623,67,184,1,1,1
501,5,732,520,42,90,1,1,1
501,7,557,466,20,50,1,1,1
502,1,882,647,89,239,1,1,1
502,3,1029,671,98,229,1,1,1
502,4,942,621,66,189,1,1,1
502,5,733,520,42,90,1,1,1
502,7,556,470,20,50,1,1,1
503,1,879,644,86,242,1,1,1
503,3,1025,676,98,229,1,1,1
503,4,944,617,56,191,1,1,1
503,5,734,521,42,90,1,1,1
503,7,557,467,20,50,1,1,1
504,1,878,652,87,235,1,1,1
504,3,1020,674,98,232,1,1,1
504,4,946,618,56,191,1,1,1
504,5,735,521,42,90,1,1,1
504,7,559,469,20,50,1,1,1
505,1,881,646,86,239,1,1,1
505,3,1015,678,98,232,1,1,1
505,4,946,619,56,191,1,1,1
505,5,735,520,44,94,1,1,1
505,7,559,469,20,50,1,1,1
506,1,881,646,82,239,1,1,1
506,3,1014,675,98,232,1,1,1
506,4,946,619,56,191,1,1,1
506,5,735,521,40,94,1,1,1
506,7,559,470,20,50,1,1,1
507,1,879,645,84,241,1,1,1
507,3,1012,677,98,232,1,1,1
507,4,943,618,56,191,1,1,1
507,5,737,521,40,94,1,1,1
507,7,559,469,20,50,1,1,1
508,1,878,644,85,242,1,1,1
508,3,1011,681,98,232,1,1,1
508,4,942,618,56,191,1,1,1
508,5,738,523,40,94,1,1,1
508,7,559,469,20,50,1,1,1
509,1,875,642,83,242,1,1,1
509,3,1011,680,98,232,1,1,1
509,4,936,616,60,196,1,1,1
509,5,740,523,40,94,1,1,1
509,7,560,468,20,50,1,1,1
510,1,876,641,81,242,1,1,1
510,3,1006,681,98,232,1,1,1
510,4,935,617,60,196,1,1,1
510,5,739,523,40,94,1,1,1
510,7,560,468,20,50,1,1,1
511,1,872,643,79,242,1,1,1
511,3,1006,681,98,243,1,1,1
511,4,937,614,60,196,1,1,1
511,5,740,524,40,94,1,1,1
511,7,559,469,20,50,1,1,1
512,1,868,640,79,242,1,1,1
512,3,1006,679,98,243,1,1,1
512,4,936,617,57,195,1,1,1
512,5,740,523,40,94,1,1,1
512,7,560,470,20,50,1,1,1
513,1,866,640,80,242,1,1,1
513,3,1007,678,98,243,1,1,1
513,4,930,614,63,195,1,1,1
513,5,741,523,40,94,1,1,1
513,7,562,469,20,50,1,1,1
514,1,863,641,82,237,1,1,1
514,3,1007,677,98,243,1,1,1
514,4,928,618,63,195,1,1,1
514,5,742,523,40,94,1,1,1
514,7,559,471,20,50,1,1,1
515,1,860,636,84,242,1,1,1
515,3,1006,679,98,243,1,1,1
515,4,926,620,63,195,1,1,1
515,5,744,523,40,94,1,1,1
515,7,560,469,20,50,1,1,1
516,1,859,642,83,238,1,1,1
516,3,1003,678,98,243,1,1,1
516,4,922,619,68,199,1,1,1
516,5,744,523,40,94,1,1,1
516,7,560,468,20,50,1,1,1
517,1,857,645,83,237,1,1,1
517,3,1001,678,98,243,1,1,1
517,4,922,619,68,199,1,1,1
517,5,744,524,40,94,1,1,1
517,7,560,469,20,50,1,1,1
518,1,855,643,83,238,1,1,1
518,3,1000,679,90,243,1,1,1
518,4,922,621,68,199,1,1,1
518,5,745,523,40,94,1,1,1
518,7,560,469,20,50,1,1,1
519,1,856,641,83,242,1,1,1
519,3,996,681,98,243,1,1,1
519,4,919,622,68,199,1,1,1
519,5,745,524,40,91,1,1,1
519,7,560,470,20,50,1,1,1
520,1,852,641,83,242,1,1,1
520,3,995,683,90,243,1,1,1
520,4,918,620,68,206,1,1,1
520,5,746,522,40,92,1,1,1
520,7,561,470,20,50,1,1,1
521,1,849,642,83,238,1,1,1
521,3,995,682,90,243,1,1,1
521,4,923,618,62,206,1,1,1
521,5,746,523,40,93,1,1,1
521,7,562,468,20,50,1,1,1
522,1,847,644,83,238,1,1,1
522,3,992,683,90,243,1,1,1
522,4,922,620,62,206,1,1,1
522,5,747,524,40,93,1,1,1
522,7,561,469,20,50,1,1,1
523,1,845,642,83,236,1,1,1
523,3,982,687,90,243,1,1,1
523,4,919,618,62,206,1,1,1
523,5,747,523,40,94,1,1,1
523,7,561,469,20,50,1,1,1
524,1,843,641,83,237,1,1,1
524,3,980,690,90,243,1,1,1
524,4,917,619,67,206,1,1,1
524,5,748,523,40,94,1,1,1
524,7,560,470,20,50,1,1,1
525,1,841,641,83,237,1,1,1
525,3,975,691,90,243,1,1,1
525,4,915,620,67,206,1,1,1
525,5,748,524,40,94,1,1,1
525,7,560,472,20,50,1,1,1
526,1,837,642,88,235,1,1,1
526,3,971,694,96,243,1,1,1
526,4,913,618,67,206,1,1,1
526,5,749,525,40,94,1,1,1
526,7,560,471,20,50,1,1,1
527,1,835,643,88,234,1,1,1
527,3,971,692,96,243,1,1,1
527,4,911,622,67,206,1,1,1
527,5,749,527,40,94,1,1,1
527,7,559,472,20,50,1,1,1
528,1,835,641,88,234,1,1,1
528,3,970,691,96,243,1,1,1
528,4,911,624,67,206,1,1,1
528,5,749,524,42,94,1,1,1
528,7,561,469,19,50,1,1,1
529,1,833,643,88,233,1,1,1
529,3,968,695,96,243,1,1,1
529,4,911,621,67,206,1,1,1
529,5,750,524,42,94,1,1,1
529,7,561,473,19,50,1,1,1
530,1,832,639,88,235,1,1,1
530,3,968,692,96,243,1,1,1
530,4,908,622,71,206,1,1,1
530,5,750,523,42,95,1,1,1
530,7,562,472,19,50,1,1,1
531,1,832,639,88,236,1,1,1
531,3,967,694,96,243,1,1,1
531,4,902,620,79,206,1,1,1
531,5,750,524,42,95,1,1,1
531,7,561,472,19,50,1,1,1
532,1,831,644,88,230,1,1,1
532,3,964,693,96,243,1,1,1
532,4,904,623,75,206,1,1,1
532,5,751,525,42,93,1,1,1
532,7,561,471,19,50,1,1,1
533,1,832,645,88,228,1,1,1
533,3,961,693,96,243,1,1,1
533,4,900,624,79,206,1,1,1
533,5,750,524,42,94,1,1,1
533,7,560,470,19,50,1,1,1
534,1,827,641,96,231,1,1,1
534,3,958,693,96,243,1,1,1
534,4,897,624,79,206,1,1,1
534,5,751,525,42,92,1,1,1
534,7,559,470,19,50,1,1,1
535,1,829,643,96,231,1,1,1
535,3,955,691,93,243,1,1,1
535,4,897,628,79,206,1,1,1
535,5,753,523,40,95,1,1,1
535,7,558,471,19,50,1,1,1
536,1,827,643,96,231,1,1,1
536,3,953,691,88,243,1,1,1
536,4,899,624,79,211,1,1,1
536,5,753,525,40,94,1,1,1
536,7,558,469,18,50,1,1,1
537,1,831,641,88,231,1,1,1
537,3,953,690,88,243,1,1,1
537,4,896,627,79,211,1,1,1
537,5,754,525,40,96,1,1,1
537,7,558,469,18,50,1,1,1
538,1,830,643,88,231,1,1,1
538,3,950,690,88,243,1,1,1
538,4,899,625,73,211,1,1,1
538,5,754,528,40,94,1,1,1
538,7,558,469,18,50,1,1,1
539,1,830,641,88,231,1,1,1
539,3,948,686,88,243,1,1,1
539,4,899,629,75,211,1,1,1
539,5,753,528,42,93,1,1,1
539,7,558,469,18,50,1,1,1
540,1,830,642,88,231,1,1,1
540,3,943,690,88,243,1,1,1
540,4,899,628,69,211,1,1,1
540,5,754,528,42,93,1,1,1
540,7,558,469,18,50,1,1,1
541,1,831,643,88,231,1,1,1
541,3,942,697,88,243,1,1,1
541,4,897,626,72,211,1,1,1
541,5,755,529,42,91,1,1,1
541,7,559,467,18,50,1,1,1
542,1,838,644,81,231,1,1,1
542,3,940,693,88,243,1,1,1
542,4,896,627,72,211,1,1,1
542,5,755,530,42,91,1,1,1
542,7,560,467,18,50,1,1,1
543,1,842,643,74,231,1,1,1
543,3,936,694,88,243,1,1,1
543,4,896,627,69,211,1,1,1
543,5,757,528,42,93,1,1,1
543,7,559,468,18,50,1,1,1
544,1,841,645,74,231,1,1,1
544,3,933,696,88,243,1,1,1
544,4,895,626,70,211,1,1,1
544,5,756,528,42,94,1,1,1
544,7,560,468,18,50,1,1,1
545,1,839,643,74,231,1,1,1
545,3,929,694,88,243,1,1,1
545,4,894,626,71,211,1,1,1
545,5,757,525,42,96,1,1,1
545,7,559,467,18,50,1,1,1
546,1,841,641,74,231,1,1,1
546,3,928,693,88,243,1,1,1
546,4,892,627,71,211,1,1,1
546,5,758,527,42,96,1,1,1
546,7,559,468,18,50,1,1,1
547,1,837,643,74,226,1,1,1
547,3,926,694,88,243,1,1,1
547,4,891,628,72,211,1,1,1
547,5,758,527,42,96,1,1,1
547,7,560,468,18,50,1,1,1
548,1,841,642,74,229,1,1,1
548,3,925,695,88,243,1,1,1
548,4,890,627,73,211,1,1,1
548,5,760,526,42,96,1,1,1
548,7,559,466,18,50,1,1,1
549,1,841,641,74,231,1,1,1
549,3,924,697,88,243,1,1,1
549,4,891,629,73,211,1,1,1
549,5,760,525,42,96,1,1,1
549,7,560,467,18,50,1,1,1
550,1,840,642,74,231,1,1,1
550,3,922,696,88,243,1,1,1
550,4,890,628,73,211,1,1,1
550,5,761,524,42,96,1,1,1
550,7,559,468,18,50,1,1,1
551,1,839,642,74,231,1,1,1
551,3,920,695,88,243,1,1,1
551,4,889,629,73,211,1,1,1
551,5,760,527,42,96,1,1,1
551,7,560,468,18,50,1,1,1
552,1,837,642,74,231,1,1,1
552,3,918,696,88,243,1,1,1
552,4,890,629,73,211,1,1,1
552,5,761,527,42,96,1,1,1
552,7,559,467,18,50,1,1,1
553,1,838,642,74,231,1,1,1
553,3,918,697,88,243,1,1,1
553,4,890,630,73,211,1,1,1
553,5,762,528,42,96,1,1,1
553,7,560,468,18,50,1,1,1
554,1,840,643,74,231,1,1,1
554,3,919,702,84,239,1,1,1
554,4,892,630,73,211,1,1,1
554,5,763,527,42,96,1,1,1
554,7,560,469,18,50,1,1,1
555,1,838,641,74,231,1,1,1
555,3,919,700,84,245,1,1,1
555,4,891,632,73,211,1,1,1
555,5,763,527,42,96,1,1,1
555,7,561,470,18,50,1,1,1
556,1,836,640,74,231,1,1,1
556,3,919,698,82,243,1,1,1
556,4,892,630,73,218,1,1,1
556,5,763,528,42,96,1,1,1
556,7,562,470,18,50,1,1,1
557,1,838,641,74,231,1,1,1
557,3,919,695,82,243,1,1,1
557,4,891,632,73,218,1,1,1
557,5,763,530,42,96,1,1,1
557,7,562,469,17,48,1,1,1
558,1,845,642,67,231,1,1,1
558,3,920,694,80,243,1,1,1
558,4,890,632,73,218,1,1,1
558,5,764,528,42,96,1,1,1
558,7,562,471,17,48,1,1,1
559,1,844,643,66,231,1,1,1
559,3,918,694,81,243,1,1,1
559,4,887,632,73,218,1,1,1
559,5,763,529,42,96,1,1,1
559,7,562,471,17,48,1,1,1
560,1,844,643,65,231,1,1,1
560,3,917,693,79,243,1,1,1
560,4,892,631,77,218,1,1,1
560,5,764,528,42,96,1,1,1
560,7,563,471,17,48,1,1,1
561,1,840,640,69,231,1,1,1
561,3,914,693,82,243,1,1,1
561,4,889,628,77,218,1,1,1
561,5,764,529,42,96,1,1,1
561,7,564,471,17,48,1,1,1
562,1,846,641,64,231,1,1,1
562,3,915,693,80,243,1,1,1
562,4,891,629,77,218,1,1,1
562,5,764,528,42,96,1,1,1
562,7,563,469,22,50,1,1,1
563,1,846,641,64,231,1,1,1
563,3,914,694,80,243,1,1,1
563,4,895,634,77,218,1,1,1
563,5,765,530,42,96,1,1,1
563,7,561,471,22,50,1,1,1
564,1,847,641,64,231,1,1,1
564,3,915,691,81,245,1,1,1
564,4,892,634,77,218,1,1,1
564,5,764,530,42,96,1,1,1
564,7,562,471,22,50,1,1,1
565,1,844,640,66,231,1,1,1
565,3,919,686,72,252,1,1,1
565,4,893,629,77,218,1,1,1
565,5,764,529,42,96,1,1,1
565,7,563,469,22,50,1,1,1
566,1,846,642,64,231,1,1,1
566,3,914,686,80,252,1,1,1
566,4,896,630,77,218,1,1,1
566,5,765,531,42,96,1,1,1
566,7,562,469,22,50,1,1,1
567,1,845,640,66,231,1,1,1
567,3,919,685,68,260,1,1,1
567,4,896,633,77,218,1,1,1
567,5,766,531,42,96,1,1,1
567,7,563,468,22,50,1,1,1
568,1,841,639,66,231,1,1,1
568,3,914,684,75,255,1,1,1
568,4,895,629,77,219,1,1,1
568,5,766,529,44,101,1,1,1
568,7,565,469,22,50,1,1,1
569,1,840,640,69,231,1,1,1
569,3,914,688,75,249,1,1,1
569,4,899,635,77,216,1,1,1
569,5,766,531,44,101,1,1,1
569,7,564,470,22,50,1,1,1
570,1,841,638,68,231,1,1,1
570,3,910,682,77,259,1,1,1
570,4,897,633,77,223,1,1,1
570,5,766,530,44,101,1,1,1
570,7,563,470,22,50,1,1,1
571,1,845,639,66,231,1,1,1
571,3,913,684,71,257,1,1,1
571,4,897,635,77,218,1,1,1
571,5,766,533,44,101,1,1,1
571,7,562,468,22,50,1,1,1
572,1,842,639,65,231,1,1,1
572,3,915,684,71,257,1,1,1
572,4,899,637,77,214,1,1,1
572,5,767,528,46,106,1,1,1
572,7,562,468,22,50,1,1,1
573,1,840,640,65,231,1,1,1
573,3,917,682,64,257,1,1,1
573,4,898,637,77,214,1,1,1
573,5,767,529,46,106,1,1,1
573,7,564,469,21,47,1,1,1
574,1,840,638,66,231,1,1,1
574,3,919,681,64,257,1,1,1
574,4,899,633,77,214,1,1,1
574,5,768,530,46,106,1,1,1
574,7,562,472,21,47,1,1,1
575,1,840,639,67,231,1,1,1
575,3,919,681,64,257,1,1,1
575,4,901,638,77,214,1,1,1
575,5,769,530,46,106,1,1,1
575,7,565,473,21,47,1,1,1
576,1,842,641,67,231,1,1,1
576,3,919,681,64,257,1,1,1
576,4,901,639,77,214,1,1,1
576,5,769,530,46,102,1,1,1
576,7,564,473,21,47,1,1,1
577,1,840,641,67,231,1,1,1
577,3,920,681,64,257,1,1,1
577,4,901,635,77,214,1,1,1
577,5,771,531,46,102,1,1,1
577,7,561,473,21,47,1,1,1
578,1,839,639,67,231,1,1,1
578,3,920,681,64,257,1,1,1
578,4,902,636,77,214,1,1,1
578,5,771,531,46,102,1,1,1
578,7,565,473,21,47,1,1,1
579,1,838,637,66,231,1,1,1
579,3,920,681,64,257,1,1,1
579,4,902,638,77,214,1,1,1
579,5,772,531,46,102,1,1,1
579,7,562,473,25,47,1,1,1
580,1,839,639,68,231,1,1,1
580,3,917,680,68,257,1,1,1
580,4,905,635,77,214,1,1,1
580,5,774,530,46,102,1,1,1
580,7,562,474,25,47,1,1,1
581,1,838,640,70,231,1,1,1
581,3,917,682,68,257,1,1,1
581,4,904,635,77,214,1,1,1
581,5,773,530,46,102,1,1,1
581,7,561,474,25,47,1,1,1
582,1,837,642,69,231,1,1,1
582,3,920,683,68,257,1,1,1
582,4,906,634,77,214,1,1,1
582,5,774,529,46,102,1,1,1
582,7,561,475,25,47,1,1,1
583,1,837,641,68,231,1,1,1
583,3,920,683,68,257,1,1,1
583,4,906,635,77,214,1,1,1
583,5,776,530,46,102,1,1,1
583,7,561,475,25,47,1,1,1
584,1,839,641,66,231,1,1,1
584,3,920,683,68,257,1,1,1
584,4,907,638,77,214,1,1,1
584,5,776,529,46,102,1,1,1
584,7,561,474,25,47,1,1,1
585,1,838,643,66,231,1,1,1
585,3,921,684,68,257,1,1,1
585,4,908,639,77,214,1,1,1
585,5,777,531,46,102,1,1,1
585,7,563,474,25,47,1,1,1
586,1,838,641,64,231,1,1,1
586,3,922,684,68,257,1,1,1
586,4,908,641,77,214,1,1,1
586,5,777,532,46,102,1,1,1
586,7,562,475,25,47,1,1,1
587,1,839,640,63,231,1,1,1
587,3,922,684,68,257,1,1,1
587,4,909,643,77,214,1,1,1
587,5,777,532,46,102,1,1,1
587,7,561,475,25,47,1,1,1
588,1,839,641,62,231,1,1,1
588,3,923,684,68,257,1,1,1
588,4,910,643,77,214,1,1,1
588,5,778,531,46,102,1,1,1
588,7,561,476,25,47,1,1,1
589,1,838,637,62,231,1,1,1
589,3,923,683,68,257,1,1,1
589,4,910,640,79,243,1,1,1
589,5,780,531,46,102,1,1,1
589,7,560,476,25,47,1,1,1
590,1,839,640,63,231,1,1,1
590,3,922,683,68,257,1,1,1
590,4,912,643,77,234,1,1,1
590,5,780,531,46,102,1,1,1
590,7,561,474,25,47,1,1,1
591,1,836,641,64,231,1,1,1
591,3,923,684,68,257,1,1,1
591,4,913,647,77,232,1,1,1
591,5,780,532,46,102,1,1,1
591,7,565,473,25,47,1,1,1
592,1,836,641,65,231,1,1,1
592,3,922,680,68,257,1,1,1
592,4,917,646,77,236,1,1,1
592,5,781,532,46,102,1,1,1
592,7,565,474,25,47,1,1,1
593,1,838,641,61,231,1,1,1
593,3,917,683,74,257,1,1,1
593,4,917,646,77,236,1,1,1
593,5,782,533,46,102,1,1,1
593,7,565,475,25,47,1,1,1
594,1,834,642,64,231,1,1,1
594,3,920,682,74,257,1,1,1
594,4,916,646,77,236,1,1,1
594,5,783,533,46,102,1,1,1
594,7,565,476,25,47,1,1,1
595,1,833,643,64,231,1,1,1
595,3,921,684,74,257,1,1,1
595,4,918,645,77,236,1,1,1
595,5,781,532,46,107,1,1,1
595,7,565,477,25,47,1,1,1
596,1,832,640,68,231,1,1,1
596,3,923,689,70,245,1,1,1
596,4,921,648,82,236,1,1,1
596,5,782,532,44,107,1,1,1
596,7,563,475,25,47,1,1,1
597,1,828,638,68,231,1,1,1
597,3,917,682,70,257,1,1,1
597,4,924,646,77,236,1,1,1
597,5,782,533,44,107,1,1,1
597,7,562,474,25,47,1,1,1
598,1,832,639,65,231,1,1,1
598,3,921,682,70,257,1,1,1
598,4,925,646,77,236,1,1,1
598,5,783,533,43,107,1,1,1
598,7,564,475,25,47,1,1,1
599,1,833,641,68,231,1,1,1
599,3,916,681,76,257,1,1,1
599,4,925,644,77,236,1,1,1
599,5,784,533,42,107,1,1,1
599,7,566,476,25,47,1,1,1
600,1,834,641,63,231,1,1,1
600,3,916,681,75,257,1,1,1
600,4,925,644,77,236,1,1,1
600,5,786,535,43,107,1,1,1
600,7,566,476,25,47,1,1,1
601,1,834,642,63,231,1,1,1
601,3,914,680,77,257,1,1,1
601,4,927,647,77,236,1,1,1
601,5,786,537,44,102,1,1,1
601,7,564,475,25,47,1,1,1
602,1,833,640,65,231,1,1,1
602,3,914,679,77,257,1,1,1
602,4,927,645,77,236,1,1,1
602,5,786,538,44,102,1,1,1
602,7,565,475,25,47,1,1,1
603,1,827,637,68,231,1,1,1
603,3,913,681,83,257,1,1,1
603,4,926,644,77,236,1,1,1
603,5,787,538,44,102,1,1,1
603,7,564,475,25,47,1,1,1
604,1,830,639,68,231,1,1,1
604,3,916,683,83,257,1,1,1
604,4,923,644,83,236,1,1,1
604,5,789,539,44,102,1,1,1
604,7,565,475,25,47,1,1,1
605,1,831,641,68,231,1,1,1
605,3,911,684,89,257,1,1,1
605,4,920,644,83,236,1,1,1
605,5,789,539,46,102,1,1,1
605,7,567,476,25,47,1,1,1
606,1,833,640,68,231,1,1,1
606,3,907,682,89,257,1,1,1
606,4,922,646,83,236,1,1,1
606,5,791,538,44,102,1,1,1
606,7,567,475,25,47,1,1,1
607,1,832,640,68,231,1,1,1
607,3,913,684,89,257,1,1,1
607,4,922,646,83,236,1,1,1
607,5,791,538,44,102,1,1,1
607,7,567,477,25,47,1,1,1
608,1,833,641,68,231,1,1,1
608,3,917,680,80,257,1,1,1
608,4,921,647,83,236,1,1,1
608,5,791,539,47,102,1,1,1
608,7,568,477,25,47,1,1,1
609,1,832,640,68,231,1,1,1
609,3,918,682,77,257,1,1,1
609,4,921,645,83,236,1,1,1
609,5,792,538,46,102,1,1,1
609,7,568,479,25,47,1,1,1
610,1,833,639,68,231,1,1,1
610,3,918,680,78,257,1,1,1
610,4,922,645,83,236,1,1,1
610,5,793,537,46,102,1,1,1
610,7,568,478,25,47,1,1,1
611,1,832,638,68,231,1,1,1
611,3,918,681,79,257,1,1,1
611,4,920,649,83,236,1,1,1
611,5,794,537,46,102,1,1,1
611,7,567,480,25,47,1,1,1
612,1,832,639,68,231,1,1,1
612,3,920,682,79,257,1,1,1
612,4,922,645,83,236,1,1,1
612,5,795,537,46,102,1,1,1
612,7,567,475,25,47,1,1,1
613,1,829,639,68,231,1,1,1
613,3,920,682,79,257,1,1,1
613,4,920,647,83,236,1,1,1
613,5,796,537,46,102,1,1,1
613,7,568,476,25,47,1,1,1
614,1,831,638,68,231,1,1,1
614,3,921,683,79,257,1,1,1
614,4,918,648,86,236,1,1,1
614,5,796,537,46,102,1,1,1
614,7,568,474,25,47,1,1,1
615,1,829,639,68,231,1,1,1
615,3,921,689,75,245,1,1,1
615,4,916,647,86,236,1,1,1
615,5,797,538,46,102,1,1,1
615,7,569,475,25,47,1,1,1
616,1,830,639,68,231,1,1,1
616,3,922,680,75,254,1,1,1
616,4,920,648,86,236,1,1,1
616,5,799,538,46,102,1,1,1
616,7,569,475,25,47,1,1,1
617,1,832,639,68,231,1,1,1
617,3,922,680,75,258,1,1,1
617,4,918,649,86,236,1,1,1
617,5,799,538,46,102,1,1,1
617,7,567,474,25,47,1,1,1
618,1,832,638,68,231,1,1,1
618,3,922,682,75,258,1,1,1
618,4,914,650,86,236,1,1,1
618,5,799,539,46,102,1,1,1
618,7,566,474,25,47,1,1,1
619,1,833,638,68,231,1,1,1
619,3,922,681,75,258,1,1,1
619,4,914,649,86,236,1,1,1
619,5,801,540,46,107,1,1,1
619,7,566,474,25,47,1,1,1
620,1,833,639,68,231,1,1,1
620,3,922,681,75,258,1,1,1
620,4,916,650,86,236,1,1,1
620,5,801,538,46,107,1,1,1
620,7,566,474,25,47,1,1,1
621,1,833,637,68,231,1,1,1
621,3,921,682,75,258,1,1,1
621,4,918,650,77,236,1,1,1
621,5,803,538,46,107,1,1,1
621,7,566,473,25,47,1,1,1
622,1,833,637,68,231,1,1,1
622,3,920,682,75,258,1,1,1
622,4,916,651,77,236,1,1,1
622,5,803,539,46,107,1,1,1
622,7,566,474,25,47,1,1,1
623,1,834,638,68,231,1,1,1
623,3,919,674,79,271,1,1,1
623,4,915,649,77,236,1,1,1
623,5,805,539,46,107,1,1,1
623,7,565,475,25,47,1,1,1
624,1,833,638,68,231,1,1,1
624,3,918,681,79,258,1,1,1
624,4,918,648,77,236,1,1,1
624,5,805,539,46,107,1,1,1
624,7,566,475,25,47,1,1,1
625,1,833,637,68,231,1,1,1
625,3,915,684,79,258,1,1,1
625,4,915,653,77,236,1,1,1
625,5,805,540,46,107,1,1,1
625,7,568,476,25,47,1,1,1
626,1,834,638,68,231,1,1,1
626,3,911,685,85,258,1,1,1
626,4,914,650,77,236,1,1,1
626,5,807,539,46,107,1,1,1
626,7,567,476,25,47,1,1,1
627,1,834,637,68,231,1,1,1
627,3,913,681,86,258,1,1,1
627,4,914,652,77,236,1,1,1
627,5,807,540,46,107,1,1,1
627,7,567,478,25,47,1,1,1
628,1,831,637,71,231,1,1,1
628,3,914,679,84,258,1,1,1
628,4,913,649,77,236,1,1,1
628,5,807,540,46,107,1,1,1
628,7,566,476,25,47,1,1,1
629,1,830,638,72,231,1,1,1
629,3,911,682,84,258,1,1,1
629,4,914,648,77,236,1,1,1
629,5,809,540,46,107,1,1,1
629,7,567,475,25,47,1,1,1
630,1,830,639,72,231,1,1,1
630,3,911,683,84,258,1,1,1
630,4,914,648,77,236,1,1,1
630,5,810,541,46,107,1,1,1
630,7,564,475,25,47,1,1,1
631,1,829,639,74,231,1,1,1
631,3,913,688,84,258,1,1,1
631,4,912,649,77,236,1,1,1
631,5,811,543,46,107,1,1,1
631,7,568,475,23,47,1,1,1
632,1,824,639,74,231,1,1,1
632,3,914,687,84,258,1,1,1
632,4,908,652,77,236,1,1,1
632,5,810,542,46,107,1,1,1
632,7,569,475,23,47,1,1,1
633,1,830,639,67,231,1,1,1
633,3,910,682,84,258,1,1,1
633,4,909,653,77,236,1,1,1
633,5,812,542,46,107,1,1,1
633,7,569,476,23,47,1,1,1
634,1,827,638,74,231,1,1,1
634,3,909,679,84,258,1,1,1
634,4,911,652,77,236,1,1,1
634,5,812,542,46,107,1,1,1
634,7,567,477,23,47,1,1,1
635,1,826,640,74,231,1,1,1
635,3,910,682,84,258,1,1,1
635,4,910,654,77,236,1,1,1
635,5,814,545,46,107,1,1,1
635,7,567,477,23,47,1,1,1
636,1,825,640,74,231,1,1,1
636,3,910,683,84,258,1,1,1
636,4,910,655,77,236,1,1,1
636,5,816,544,46,107,1,1,1
636,7,569,476,21,47,1,1,1
637,1,823,641,74,231,1,1,1
637,3,909,682,84,258,1,1,1
637,4,912,652,77,236,1,1,1
637,5,816,544,46,107,1,1,1
637,7,571,480,21,47,1,1,1
638,1,824,637,74,231,1,1,1
638,3,908,683,84,258,1,1,1
638,4,912,654,77,236,1,1,1
638,5,816,545,46,107,1,1,1
638,7,571,480,21,47,1,1,1
639,1,827,639,74,231,1,1,1
639,3,906,686,84,258,1,1,1
639,4,908,652,77,236,1,1,1
639,5,817,542,48,106,1,1,1
639,7,571,477,21,47,1,1,1
640,1,825,640,74,231,1,1,1
640,3,907,681,84,258,1,1,1
640,4,908,653,77,236,1,1,1
640,5,817,543,48,106,1,1,1
640,7,571,477,21,47,1,1,1
641,1,826,639,74,231,1,1,1
641,3,903,680,84,258,1,1,1
641,4,909,654,77,236,1,1,1
641,5,822,543,43,108,1,1,1
641,7,569,477,25,47,1,1,1
642,1,823,636,74,231,1,1,1
642,3,907,678,84,258,1,1,1
642,4,911,655,77,237,1,1,1
642,5,822,541,44,110,1,1,1
642,7,567,477,25,47,1,1,1
643,1,825,639,77,231,1,1,1
643,3,904,679,84,258,1,1,1
643,4,911,656,77,237,1,1,1
643,5,824,542,42,108,1,1,1
643,7,567,477,25,47,1,1,1
644,1,818,637,84,231,1,1,1
644,3,902,682,84,258,1,1,1
644,4,913,656,77,237,1,1,1
644,5,825,542,41,105,1,1,1
644,7,570,478,25,47,1,1,1
645,1,820,637,84,231,1,1,1
645,3,904,686,84,258,1,1,1
645,4,915,656,74,237,1,1,1
645,5,826,541,41,110,1,1,1
645,7,572,478,25,47,1,1,1
646,1,822,639,84,231,1,1,1
646,3,903,684,84,258,1,1,1
646,4,915,656,74,239,1,1,1
646,5,825,540,43,112,1,1,1
646,7,571,478,22,47,1,1,1
647,1,819,638,84,231,1,1,1
647,3,902,682,84,258,1,1,1
647,4,912,655,74,239,1,1,1
647,5,826,541,41,111,1,1,1
647,7,572,476,22,47,1,1,1
648,1,819,638,84,231,1,1,1
648,3,901,681,84,258,1,1,1
648,4,916,656,79,239,1,1,1
648,5,829,544,39,107,1,1,1
648,7,573,475,22,47,1,1,1
649,1,820,638,84,231,1,1,1
649,3,903,683,84,258,1,1,1
649,4,916,653,78,239,1,1,1
649,5,829,545,41,107,1,1,1
649,7,573,475,22,47,1,1,1
650,1,822,638,84,231,1,1,1
650,3,899,680,89,258,1,1,1
650,4,919,657,74,239,1,1,1
650,5,831,548,41,103,1,1,1
650,7,572,476,22,47,1,1,1
651,1,819,639,84,231,1,1,1
651,3,900,682,89,258,1,1,1
651,4,920,656,74,239,1,1,1
651,5,832,544,41,103,1,1,1
651,7,574,473,22,47,1,1,1
652,1,821,640,84,231,1,1,1
652,3,906,687,89,258,1,1,1
652,4,922,654,74,239,1,1,1
652,5,831,545,41,103,1,1,1
652,7,573,473,22,51,1,1,1
653,1,828,639,77,231,1,1,1
653,3,900,685,89,258,1,1,1
653,4,922,656,74,239,1,1,1
653,5,832,546,48,103,1,1,1
653,7,572,474,22,51,1,1,1
654,1,829,638,76,231,1,1,1
654,3,899,686,89,258,1,1,1
654,4,920,655,74,239,1,1,1
654,5,833,546,49,103,1,1,1
654,7,573,472,22,51,1,1,1
655,1,827,638,76,231,1,1,1
655,3,898,687,89,258,1,1,1
655,4,924,656,74,239,1,1,1
655,5,833,546,51,103,1,1,1
655,7,574,474,22,51,1,1,1
656,1,827,638,76,231,1,1,1
656,3,895,687,89,258,1,1,1
656,4,924,656,74,239,1,1,1
656,5,834,548,50,103,1,1,1
656,7,574,474,22,51,1,1,1
657,1,827,640,76,231,1,1,1
657,3,898,688,89,258,1,1,1
657,4,924,653,74,239,1,1,1
657,5,838,547,47,103,1,1,1
657,7,575,474,22,51,1,1,1
658,1,827,641,76,231,1,1,1
658,3,900,690,89,258,1,1,1
658,4,927,655,74,239,1,1,1
658,5,836,547,47,103,1,1,1
658,7,575,474,22,51,1,1,1
659,1,827,637,76,231,1,1,1
659,3,901,686,89,266,1,1,1
659,4,923,657,74,239,1,1,1
659,5,838,549,47,112,1,1,1
659,7,576,474,22,51,1,1,1
660,1,827,638,76,231,1,1,1
660,3,905,689,89,258,1,1,1
660,4,923,652,74,239,1,1,1
660,5,839,549,47,112,1,1,1
660,7,576,474,22,51,1,1,1
661,1,828,637,76,231,1,1,1
661,3,905,687,89,258,1,1,1
661,4,921,655,76,239,1,1,1
661,5,840,547,47,112,1,1,1
661,7,575,474,22,51,1,1,1
662,1,829,637,76,231,1,1,1
662,3,902,689,89,258,1,1,1
662,4,920,656,74,239,1,1,1
662,5,840,547,47,112,1,1,1
662,7,574,474,22,51,1,1,1
663,1,829,636,76,231,1,1,1
663,3,901,687,89,258,1,1,1
663,4,917,659,79,239,1,1,1
663,5,840,549,47,112,1,1,1
663,7,574,476,22,51,1,1,1
664,1,827,636,76,231,1,1,1
664,3,910,688,89,263,1,1,1
664,4,916,656,79,239,1,1,1
664,5,841,553,47,112,1,1,1
664,7,573,477,22,51,1,1,1
665,1,830,636,76,231,1,1,1
665,3,908,684,89,263,1,1,1
665,4,912,659,86,238,1,1,1
665,5,842,554,47,112,1,1,1
665,7,573,474,23,51,1,1,1
666,1,828,638,76,231,1,1,1
666,3,904,683,89,263,1,1,1
666,4,912,657,86,238,1,1,1
666,5,847,552,47,112,1,1,1
666,7,575,475,23,51,1,1,1
667,1,828,639,76,231,1,1,1
667,3,904,682,89,263,1,1,1
667,4,912,654,86,238,1,1,1
667,5,849,551,47,112,1,1,1
667,7,574,471,24,54,1,1,1
668,1,828,639,76,231,1,1,1
668,3,904,683,89,263,1,1,1
668,4,914,656,86,238,1,1,1
668,5,849,549,47,112,1,1,1
668,7,574,473,23,51,1,1,1
669,1,828,638,76,231,1,1,1
669,3,905,683,89,263,1,1,1
669,4,912,658,86,238,1,1,1
669,5,849,549,47,112,1,1,1
669,7,573,475,23,51,1,1,1
670,1,828,639,76,231,1,1,1
670,3,906,683,89,263,1,1,1
670,4,916,659,86,238,1,1,1
670,5,852,550,47,112,1,1,1
670,7,573,473,23,51,1,1,1
671,1,828,641,76,231,1,1,1
671,3,906,683,89,263,1,1,1
671,4,915,655,92,246,1,1,1
671,5,853,547,47,112,1,1,1
671,7,573,474,23,51,1,1,1
672,1,827,642,76,231,1,1,1
672,3,910,685,89,263,1,1,1
672,4,915,654,97,245,1,1,1
672,5,857,550,44,112,1,1,1
672,7,573,474,23,51,1,1,1
673,1,832,639,76,231,1,1,1
673,3,912,687,79,263,1,1,1
673,4,915,650,97,245,1,1,1
673,5,858,549,44,112,1,1,1
673,7,573,473,23,51,1,1,1
674,1,827,637,76,231,1,1,1
674,3,916,687,79,263,1,1,1
674,4,915,656,103,239,1,1,1
674,5,861,546,44,116,1,1,1
674,7,574,473,23,51,1,1,1
675,1,826,635,76,231,1,1,1
675,3,914,685,79,263,1,1,1
675,4,918,657,103,239,1,1,1
675,5,863,548,44,112,1,1,1
675,7,572,472,23,51,1,1,1
676,1,827,638,76,231,1,1,1
676,3,919,685,73,263,1,1,1
676,4,917,653,109,239,1,1,1
676,5,866,547,44,112,1,1,1
676,7,573,473,23,51,1,1,1
677,1,825,636,76,231,1,1,1
677,3,920,685,73,263,1,1,1
677,4,919,657,109,239,1,1,1
677,5,868,549,44,112,1,1,1
677,7,573,472,23,51,1,1,1
678,1,827,636,76,231,1,1,1
678,3,920,683,73,263,1,1,1
678,4,916,658,113,239,1,1,1
678,5,867,549,44,112,1,1,1
678,7,572,472,23,51,1,1,1
679,1,828,636,76,231,1,1,1
679,3,923,683,67,263,1,1,1
679,4,919,659,113,239,1,1,1
679,5,866,550,44,112,1,1,1
679,7,573,473,23,51,1,1,1
680,1,826,637,76,231,1,1,1
680,3,928,685,67,263,1,1,1
680,4,922,659,107,239,1,1,1
680,5,870,550,44,112,1,1,1
680,7,573,473,23,51,1,1,1
681,1,826,637,76,231,1,1,1
681,3,926,683,67,263,1,1,1
681,4,919,660,107,239,1,1,1
681,5,871,551,44,112,1,1,1
681,7,574,474,23,51,1,1,1
682,1,829,637,76,231,1,1,1
682,3,924,683,67,263,1,1,1
682,4,923,662,107,239,1,1,1
682,5,872,552,44,112,1,1,1
682,7,573,474,23,51,1,1,1
683,1,829,638,76,231,1,1,1
683,3,924,685,67,263,1,1,1
683,4,922,661,107,239,1,1,1
683,5,874,554,44,112,1,1,1
683,7,572,474,23,51,1,1,1
684,1,826,637,76,231,1,1,1
684,3,926,683,67,263,1,1,1
684,4,924,661,107,239,1,1,1
684,5,871,550,44,117,1,1,1
684,7,573,473,23,51,1,1,1
685,1,829,638,76,231,1,1,1
685,3,925,683,67,263,1,1,1
685,4,934,659,98,239,1,1,1
685,5,872,552,44,117,1,1,1
685,7,574,475,23,51,1,1,1
686,1,828,638,76,231,1,1,1
686,3,924,683,67,263,1,1,1
686,4,932,661,98,239,1,1,1
686,5,873,550,44,120,1,1,1
686,7,573,474,23,51,1,1,1
687,1,827,636,76,231,1,1,1
687,3,925,685,67,263,1,1,1
687,4,935,662,98,239,1,1,1
687,5,872,552,46,120,1,1,1
687,7,572,474,23,51,1,1,1
688,1,827,638,76,231,1,1,1
688,3,926,685,67,263,1,1,1
688,4,937,662,98,239,1,1,1
688,5,872,552,47,120,1,1,1
688,7,574,474,23,51,1,1,1
689,1,827,637,76,231,1,1,1
689,3,923,683,67,263,1,1,1
689,4,939,662,90,239,1,1,1
689,5,873,553,47,120,1,1,1
689,7,573,473,23,51,1,1,1
690,1,827,638,76,231,1,1,1
690,3,923,684,67,263,1,1,1
690,4,941,664,90,239,1,1,1
690,5,873,552,48,121,1,1,1
690,7,574,475,23,51,1,1,1
691,1,825,636,76,231,1,1,1
691,3,927,683,67,263,1,1,1
691,4,943,665,90,239,1,1,1
691,5,872,549,48,121,1,1,1
691,7,573,471,24,54,1,1,1
692,1,830,637,76,231,1,1,1
692,3,930,685,67,263,1,1,1
692,4,956,667,78,239,1,1,1
692,5,872,545,48,121,1,1,1
692,7,573,473,23,51,1,1,1
693,1,828,637,76,231,1,1,1
693,3,928,683,67,263,1,1,1
693,4,950,665,90,239,1,1,1
693,5,874,547,48,121,1,1,1
693,7,574,474,23,51,1,1,1
694,1,827,638,76,231,1,1,1
694,3,926,680,67,263,1,1,1
694,4,968,663,73,239,1,1,1
694,5,876,549,48,121,1,1,1
694,7,572,474,23,51,1,1,1
695,1,829,639,76,231,1,1,1
695,3,923,678,67,263,1,1,1
695,4,964,662,80,239,1,1,1
695,5,879,550,51,121,1,1,1
695,7,573,474,23,51,1,1,1
696,1,831,637,76,231,1,1,1
696,3,925,680,67,263,1,1,1
696,4,966,666,80,239,1,1,1
696,5,879,551,51,121,1,1,1
696,7,573,472,23,51,1,1,1
697,1,829,637,74,231,1,1,1
697,3,922,680,67,263,1,1,1
697,4,971,667,80,239,1,1,1
697,5,881,551,51,121,1,1,1
697,7,573,474,23,51,1,1,1
698,1,828,636,76,231,1,1,1
698,3,923,678,67,268,1,1,1
698,4,978,667,73,248,1,1,1
698,5,884,552,51,121,1,1,1
698,7,574,473,23,51,1,1,1
699,1,826,637,76,231,1,1,1
699,3,925,678,67,268,1,1,1
699,4,975,671,81,248,1,1,1
699,5,885,553,51,121,1,1,1
699,7,572,473,23,51,1,1,1
700,1,829,635,75,231,1,1,1
700,3,928,676,67,268,1,1,1
700,4,978,673,81,248,1,1,1
700,5,887,553,51,121,1,1,1
700,7,572,472,23,51,1,1,1
701,1,829,637,76,231,1,1,1
701,3,928,678,64,270,1,1,1
701,4,976,665,81,253,1,1,1
701,5,885,554,51,121,1,1,1
701,7,573,472,23,51,1,1,1
702,1,834,636,69,231,1,1,1
702,3,929,675,64,270,1,1,1
702,4,982,665,88,253,1,1,1
702,5,887,555,51,121,1,1,1
702,7,573,473,23,51,1,1,1
703,1,834,637,70,231,1,1,1
703,3,924,677,64,270,1,1,1
703,4,984,663,93,253,1,1,1
703,5,889,555,51,121,1,1,1
703,7,573,470,23,51,1,1,1
704,1,835,638,67,231,1,1,1
704,3,923,676,64,270,1,1,1
704,4,983,668,93,253,1,1,1
704,5,889,554,51,121,1,1,1
704,7,573,471,23,51,1,1,1
705,1,836,638,66,231,1,1,1
705,3,922,674,64,270,1,1,1
705,4,983,671,93,253,1,1,1
705,5,891,555,51,121,1,1,1
705,7,573,472,23,51,1,1,1
706,1,843,637,61,231,1,1,1
706,3,919,673,70,270,1,1,1
706,4,984,669,93,253,1,1,1
706,5,893,555,51,121,1,1,1
706,7,573,472,23,51,1,1,1
707,1,841,636,64,231,1,1,1
707,3,918,675,70,270,1,1,1
707,4,986,673,93,253,1,1,1
707,5,894,554,51,121,1,1,1
707,7,572,473,23,51,1,1,1
708,1,839,636,68,231,1,1,1
708,3,918,674,70,270,1,1,1
708,4,990,673,93,253,1,1,1
708,5,895,553,51,121,1,1,1
708,7,572,472,23,51,1,1,1
709,1,839,637,67,231,1,1,1
709,3,919,673,70,270,1,1,1
709,4,993,673,93,253,1,1,1
709,5,895,552,59,127,1,1,1
709,7,573,472,23,51,1,1,1
710,1,839,636,67,231,1,1,1
710,3,918,674,70,270,1,1,1
710,4,999,674,93,253,1,1,1
710,5,897,547,57,127,1,1,1
710,7,572,473,22,49,1,1,1
711,1,839,636,68,231,1,1,1
711,3,916,673,70,270,1,1,1
711,4,1007,674,84,253,1,1,1
711,5,898,550,57,127,1,1,1
711,7,572,473,22,49,1,1,1
712,1,834,632,74,231,1,1,1
712,3,920,672,70,270,1,1,1
712,4,1014,668,84,253,1,1,1
712,5,900,551,57,127,1,1,1
712,7,573,474,22,49,1,1,1
713,1,833,632,76,231,1,1,1
713,3,919,674,70,270,1,1,1
713,4,1018,672,84,253,1,1,1
713,5,900,549,57,127,1,1,1
713,7,573,474,22,49,1,1,1
714,1,830,632,81,231,1,1,1
714,3,916,674,74,270,1,1,1
714,4,1020,674,84,253,1,1,1
714,5,900,551,57,127,1,1,1
714,7,576,473,22,49,1,1,1
715,1,827,633,86,231,1,1,1
715,3,914,675,74,270,1,1,1
715,4,1021,677,84,253,1,1,1
715,5,901,553,57,127,1,1,1
715,7,573,476,21,47,1,1,1
716,1,821,633,96,231,1,1,1
716,3,917,673,74,270,1,1,1
716,4,1027,677,84,253,1,1,1
716,5,903,554,57,127,1,1,1
716,7,571,477,21,47,1,1,1
717,1,821,635,97,231,1,1,1
717,3,915,676,80,264,1,1,1
717,4,1029,678,94,247,1,1,1
717,5,905,556,55,127,1,1,1
717,7,571,478,21,47,1,1,1
718,1,821,635,100,231,1,1,1
718,3,916,682,80,264,1,1,1
718,4,1033,677,103,247,1,1,1
718,5,905,558,55,127,1,1,1
718,7,573,476,20,47,1,1,1
719,1,818,635,107,231,1,1,1
719,3,914,680,80,264,1,1,1
719,4,1033,678,118,247,1,1,1
719,5,906,554,55,123,1,1,1
719,7,572,480,20,47,1,1,1
720,1,821,635,107,231,1,1,1
720,3,914,677,80,264,1,1,1
720,4,1031,681,128,247,1,1,1
720,5,906,558,55,123,1,1,1
720,7,571,479,20,47,1,1,1
721,1,820,634,108,231,1,1,1
721,3,916,679,80,264,1,1,1
721,4,1029,678,128,247,1,1,1
721,5,907,557,55,123,1,1,1
721,7,572,478,20,47,1,1,1
722,1,821,632,109,231,1,1,1
722,3,917,677,80,264,1,1,1
722,4,1031,678,128,247,1,1,1
722,5,909,559,55,123,1,1,1
722,7,574,478,20,47,1,1,1
723,1,822,635,110,231,1,1,1
723,3,914,676,87,264,1,1,1
723,4,1032,678,128,247,1,1,1
723,5,911,560,55,123,1,1,1
723,7,573,477,21,52,1,1,1
724,1,821,634,114,231,1,1,1
724,3,915,678,87,264,1,1,1
724,4,1033,677,128,247,1,1,1
724,5,912,561,49,123,1,1,1
724,7,573,476,21,52,1,1,1
725,1,822,636,114,231,1,1,1
725,3,913,679,87,264,1,1,1
725,4,1034,674,128,247,1,1,1
725,5,914,562,49,123,1,1,1
725,7,572,476,21,52,1,1,1
726,1,830,635,104,231,1,1,1
726,3,916,678,87,264,1,1,1
726,4,1038,676,128,247,1,1,1
726,5,915,565,49,123,1,1,1
726,7,571,476,21,52,1,1,1
727,1,830,638,104,231,1,1,1
727,3,918,680,87,264,1,1,1
727,4,1043,677,128,247,1,1,1
727,5,918,559,49,123,1,1,1
727,7,572,476,21,52,1,1,1
728,1,832,637,104,231,1,1,1
728,3,914,679,91,264,1,1,1
728,4,1048,674,122,247,1,1,1
728,5,919,563,49,123,1,1,1
728,7,572,475,21,52,1,1,1
729,1,837,633,101,231,1,1,1
729,3,917,679,91,264,1,1,1
729,4,1053,671,122,247,1,1,1
729,5,920,563,49,123,1,1,1
729,7,571,478,21,52,1,1,1
730,1,841,628,99,231,1,1,1
730,3,912,680,96,264,1,1,1
730,4,1063,672,117,247,1,1,1
730,5,921,564,49,123,1,1,1
730,7,571,477,21,52,1,1,1
731,1,838,634,104,224,1,1,1
731,3,913,681,99,264,1,1,1
731,4,1077,673,108,247,1,1,1
731,5,924,565,49,123,1,1,1
731,7,573,473,21,52,1,1,1
732,1,845,636,97,228,1,1,1
732,3,914,681,99,264,1,1,1
732,4,1081,671,108,247,1,1,1
732,5,926,566,49,123,1,1,1
732,7,572,477,21,52,1,1,1
733,1,849,637,100,224,1,1,1
733,3,909,682,105,264,1,1,1
733,4,1100,674,91,247,1,1,1
733,5,928,566,49,123,1,1,1
733,7,570,478,21,52,1,1,1
734,1,849,637,101,223,1,1,1
734,3,905,680,106,264,1,1,1
734,4,1101,673,91,254,1,1,1
734,5,926,567,52,123,1,1,1
734,7,573,477,21,52,1,1,1
735,1,853,637,96,224,1,1,1
735,3,909,681,106,264,1,1,1
735,4,1108,674,91,251,1,1,1
735,5,929,560,52,123,1,1,1
735,7,573,475,23,52,1,1,1
736,1,854,635,99,225,1,1,1
736,3,911,682,106,264,1,1,1
736,4,1110,673,91,251,1,1,1
736,5,931,563,52,123,1,1,1
736,7,571,476,23,52,1,1,1
737,1,853,638,99,226,1,1,1
737,3,913,680,106,264,1,1,1
737,4,1111,676,96,251,1,1,1
737,5,932,563,52,123,1,1,1
737,7,569,476,23,52,1,1,1
738,1,856,636,99,227,1,1,1
738,3,914,674,106,264,1,1,1
738,4,1113,676,105,251,1,1,1
738,5,934,564,50,123,1,1,1
738,7,569,477,23,52,1,1,1
739,1,857,638,99,226,1,1,1
739,3,916,677,106,264,1,1,1
739,4,1112,675,116,251,1,1,1
739,5,935,564,50,123,1,1,1
739,7,570,480,23,52,1,1,1
740,1,857,637,99,226,1,1,1
740,3,915,679,106,264,1,1,1
740,4,1111,673,129,251,1,1,1
740,5,936,569,50,123,1,1,1
740,7,570,480,23,52,1,1,1
741,1,864,637,95,231,1,1,1
741,3,918,679,106,264,1,1,1
741,4,1111,675,129,251,1,1,1
741,5,937,569,50,123,1,1,1
741,7,572,477,23,52,1,1,1
742,1,863,641,98,231,1,1,1
742,3,921,677,106,264,1,1,1
742,4,1115,672,129,251,1,1,1
742,5,937,571,50,123,1,1,1
742,7,572,474,24,55,1,1,1
743,1,868,642,94,231,1,1,1
743,3,921,677,106,264,1,1,1
743,4,1112,677,129,251,1,1,1
743,5,938,573,50,123,1,1,1
743,7,572,475,24,55,1,1,1
744,1,869,641,90,231,1,1,1
744,3,924,681,106,264,1,1,1
744,4,1115,678,129,251,1,1,1
744,5,938,572,50,123,1,1,1
744,7,572,476,24,55,1,1,1
745,1,869,642,94,231,1,1,1
745,3,926,682,106,264,1,1,1
745,4,1119,676,129,251,1,1,1
745,5,939,573,50,123,1,1,1
745,7,571,475,24,55,1,1,1
746,1,868,643,97,231,1,1,1
746,3,925,679,111,277,1,1,1
746,4,1124,674,129,251,1,1,1
746,5,946,567,44,129,1,1,1
746,7,571,477,24,55,1,1,1
747,1,870,642,97,231,1,1,1
747,3,930,686,106,264,1,1,1
747,4,1139,676,117,251,1,1,1
747,5,947,570,44,129,1,1,1
747,7,571,477,24,55,1,1,1
748,1,873,646,99,231,1,1,1
748,3,932,688,106,264,1,1,1
748,4,1146,676,113,251,1,1,1
748,5,947,570,44,129,1,1,1
748,7,571,478,24,55,1,1,1
749,1,878,647,95,231,1,1,1
749,3,930,691,110,264,1,1,1
749,4,1154,674,114,251,1,1,1
749,5,948,570,44,129,1,1,1
749,7,572,475,24,55,1,1,1
750,1,874,646,96,236,1,1,1
750,3,929,693,110,264,1,1,1
750,4,1165,676,104,251,1,1,1
750,5,952,567,43,129,1,1,1
750,7,568,475,24,55,1,1,1
751,1,879,647,91,239,1,1,1
751,3,930,694,110,264,1,1,1
751,4,1180,677,89,251,1,1,1
751,5,953,569,43,129,1,1,1
751,7,566,474,24,55,1,1,1
752,1,883,645,91,234,1,1,1
752,3,932,694,110,264,1,1,1
752,4,1181,675,95,251,1,1,1
752,5,954,570,43,129,1,1,1
752,7,564,475,24,55,1,1,1
753,1,883,644,91,231,1,1,1
753,3,928,687,124,264,1,1,1
753,4,1184,675,95,251,1,1,1
753,5,956,567,43,129,1,1,1
753,7,562,476,24,55,1,1,1
754,1,886,645,91,237,1,1,1
754,3,932,700,124,252,1,1,1
754,4,1188,677,95,251,1,1,1
754,5,956,570,41,123,1,1,1
754,7,565,478,23,55,1,1,1
755,1,886,641,91,237,1,1,1
755,3,937,703,113,252,1,1,1
755,4,1186,675,105,251,1,1,1
755,5,956,568,43,129,1,1,1
755,7,566,475,23,55,1,1,1
756,1,891,642,91,237,1,1,1
756,3,939,698,113,252,1,1,1
756,4,1192,677,109,251,1,1,1
756,5,958,568,43,129,1,1,1
756,7,565,475,23,55,1,1,1
757,1,893,642,84,237,1,1,1
757,3,937,695,119,259,1,1,1
757,4,1191,679,109,251,1,1,1
757,5,959,568,43,129,1,1,1
757,7,565,473,23,55,1,1,1
758,1,891,643,84,237,1,1,1
758,3,939,694,119,259,1,1,1
758,4,1191,679,109,251,1,1,1
758,5,960,569,43,129,1,1,1
758,7,563,473,23,55,1,1,1
759,1,897,641,84,237,1,1,1
759,3,941,695,119,259,1,1,1
759,4,1193,674,109,251,1,1,1
759,5,961,573,41,123,1,1,1
759,7,564,474,23,55,1,1,1
760,1,898,646,84,237,1,1,1
760,3,942,694,119,259,1,1,1
760,4,1195,675,109,251,1,1,1
760,5,961,570,43,129,1,1,1
760,7,564,477,23,55,1,1,1
761,1,898,645,84,237,1,1,1
761,3,941,697,119,259,1,1,1
761,4,1197,680,109,251,1,1,1
761,5,966,599,34,94,1,1,1
761,7,564,475,23,55,1,1,1
762,1,905,649,84,237,1,1,1
762,3,942,698,119,259,1,1,1
762,4,1204,676,109,251,1,1,1
762,5,967,604,34,94,1,1,1
762,7,564,472,23,55,1,1,1
763,1,908,649,84,232,1,1,1
763,3,946,696,119,259,1,1,1
763,4,1211,677,109,251,1,1,1
763,5,971,603,34,94,1,1,1
763,7,566,471,23,55,1,1,1
764,1,910,650,94,233,1,1,1
764,3,947,694,119,259,1,1,1
764,4,1218,675,109,251,1,1,1
764,5,971,606,34,94,1,1,1
764,7,565,472,23,55,1,1,1
765,1,911,646,99,236,1,1,1
765,3,946,692,109,259,1,1,1
765,4,1227,674,99,251,1,1,1
765,5,971,612,36,86,1,1,1
765,7,565,474,23,55,1,1,1
766,1,914,645,104,236,1,1,1
766,3,948,696,106,259,1,1,1
766,4,1229,680,99,251,1,1,1
766,5,974,613,36,86,1,1,1
766,7,565,476,23,55,1,1,1
767,1,918,645,103,234,1,1,1
767,3,952,697,99,259,1,1,1
767,4,1229,681,99,251,1,1,1
767,7,564,476,23,55,1,1,1
768,1,917,646,107,234,1,1,1
768,3,957,698,96,259,1,1,1
768,4,1233,683,99,256,1,1,1
768,7,565,475,23,55,1,1,1
769,1,919,651,119,230,1,1,1
769,3,956,694,96,259,1,1,1
769,4,1242,683,99,259,1,1,1
769,5,1007,588,29,90,1,1,1
769,7,565,473,23,55,1,1,1
770,1,920,652,122,232,1,1,1
770,3,955,693,96,259,1,1,1
770,4,1239,680,99,259,1,1,1
770,5,1012,582,29,90,1,1,1
770,7,566,473,23,55,1,1,1
771,1,918,653,123,229,1,1,1
771,3,954,690,90,259,1,1,1
771,4,1238,679,99,267,1,1,1
771,5,1003,581,39,98,1,1,1
771,7,565,473,23,55,1,1,1
772,1,921,654,123,229,1,1,1
772,3,954,692,90,259,1,1,1
772,4,1247,680,93,267,1,1,1
772,5,1006,580,39,98,1,1,1
772,7,564,472,23,55,1,1,1
773,1,921,653,123,229,1,1,1
773,3,955,693,90,259,1,1,1
773,4,1247,680,93,267,1,1,1
773,5,1011,581,39,98,1,1,1
773,7,565,472,23,55,1,1,1
774,1,922,655,123,229,1,1,1
774,3,951,694,90,259,1,1,1
774,4,1249,680,93,267,1,1,1
774,5,1011,583,39,123,1,1,1
774,7,566,472,23,55,1,1,1
775,1,917,653,127,237,1,1,1
775,3,953,692,90,259,1,1,1
775,4,1253,686,93,267,1,1,1
775,5,1011,583,44,121,1,1,1
775,7,565,472,23,55,1,1,1
776,1,921,653,127,237,1,1,1
776,3,953,694,90,259,1,1,1
776,4,1255,684,93,267,1,1,1
776,5,1012,584,39,122,1,1,1
776,7,566,473,23,55,1,1,1
777,1,921,653,127,237,1,1,1
777,3,955,693,90,259,1,1,1
777,4,1257,685,93,267,1,1,1
777,5,1015,585,43,122,1,1,1
777,7,568,474,23,55,1,1,1
778,1,921,651,127,237,1,1,1
778,3,957,694,90,259,1,1,1
778,4,1260,685,93,267,1,1,1
778,5,1013,582,43,129,1,1,1
778,7,567,476,23,55,1,1,1
779,1,922,653,127,237,1,1,1
779,3,958,694,90,259,1,1,1
779,4,1263,683,93,267,1,1,1
779,5,1017,583,43,129,1,1,1
779,7,568,476,23,55,1,1,1
780,1,932,652,115,237,1,1,1
780,3,959,694,90,259,1,1,1
780,4,1263,687,90,280,1,1,1
780,5,1015,578,45,135,1,1,1
780,7,567,472,23,55,1,1,1
781,1,941,653,111,241,1,1,1
781,3,957,693,90,259,1,1,1
781,4,1264,682,90,280,1,1,1
781,5,1015,577,45,135,1,1,1
781,7,571,472,23,55,1,1,1
782,1,944,648,111,241,1,1,1
782,3,959,696,90,259,1,1,1
782,4,1262,685,99,280,1,1,1
782,5,1019,575,45,140,1,1,1
782,7,569,472,23,55,1,1,1
783,1,953,650,102,241,1,1,1
783,3,955,694,90,259,1,1,1
783,4,1271,690,99,275,1,1,1
783,5,1017,572,45,140,1,1,1
783,7,570,472,23,55,1,1,1
784,1,968,655,99,241,1,1,1
784,3,960,692,90,259,1,1,1
784,4,1274,691,94,267,1,1,1
784,5,1015,572,45,140,1,1,1
784,7,569,473,23,55,1,1,1
785,1,976,653,96,241,1,1,1
785,3,963,695,90,259,1,1,1
785,4,1274,692,94,272,1,1,1
785,5,1017,575,45,140,1,1,1
785,7,569,473,23,55,1,1,1
786,1,980,651,96,241,1,1,1
786,3,963,693,90,259,1,1,1
786,4,1273,692,113,281,1,1,1
786,5,1019,572,45,140,1,1,1
786,7,568,472,23,55,1,1,1
787,1,984,649,96,241,1,1,1
787,3,966,695,90,259,1,1,1
787,4,1279,693,113,281,1,1,1
787,5,1022,571,45,140,1,1,1
787,7,569,472,23,55,1,1,1
788,1,989,653,96,241,1,1,1
788,3,965,696,90,259,1,1,1
788,4,1280,693,118,281,1,1,1
788,5,1022,574,45,140,1,1,1
788,7,570,471,23,55,1,1,1
789,1,997,654,96,241,1,1,1
789,3,961,695,84,259,1,1,1
789,4,1282,696,118,281,1,1,1
789,5,1025,576,50,140,1,1,1
789,7,569,472,23,55,1,1,1
790,1,999,656,96,241,1,1,1
790,3,959,693,87,259,1,1,1
790,4,1284,697,118,281,1,1,1
790,5,1025,577,55,140,1,1,1
790,7,567,472,23,55,1,1,1
791,1,999,654,108,248,1,1,1
791,2,1868,716,76,304,1,1,1
791,3,959,694,91,259,1,1,1
791,4,1287,698,111,288,1,1,1
791,5,1025,575,61,140,1,1,1
791,7,569,473,22,55,1,1,1
792,1,1004,651,108,248,1,1,1
792,2,1857,714,85,304,1,1,1
792,3,956,694,95,259,1,1,1
792,4,1291,700,111,288,1,1,1
792,5,1025,577,66,140,1,1,1
792,7,568,474,22,55,1,1,1
793,1,1006,654,108,248,1,1,1
793,2,1841,713,99,304,1,1,1
793,3,958,697,90,259,1,1,1
793,4,1293,701,107,288,1,1,1
793,5,1027,576,66,140,1,1,1
793,7,569,475,21,55,1,1,1
794,1,1010,655,108,248,1,1,1
794,2,1829,712,109,304,1,1,1
794,3,953,692,90,259,1,1,1
794,4,1296,699,105,288,1,1,1
794,5,1025,579,70,140,1,1,1
794,7,569,474,21,55,1,1,1
795,1,1013,659,108,248,1,1,1
795,2,1820,711,117,304,1,1,1
795,3,955,693,91,259,1,1,1
795,4,1300,698,105,288,1,1,1
795,5,1026,581,68,140,1,1,1
795,7,567,472,21,55,1,1,1
796,1,1013,666,108,248,1,1,1
796,2,1815,711,117,304,1,1,1
796,3,951,694,92,259,1,1,1
796,4,1303,694,105,288,1,1,1
796,5,1027,578,66,146,1,1,1
796,7,567,470,21,55,1,1,1
797,1,1011,663,115,248,1,1,1
797,2,1794,713,130,304,1,1,1
797,3,951,693,90,259,1,1,1
797,4,1303,699,105,288,1,1,1
797,5,1028,581,61,140,1,1,1
797,7,567,470,21,55,1,1,1
798,1,1013,660,115,256,1,1,1
798,2,1789,711,138,304,1,1,1
798,3,951,690,92,259,1,1,1
798,4,1311,702,105,288,1,1,1
798,5,1031,579,60,140,1,1,1
798,7,567,470,21,55,1,1,1
799,1,1015,657,115,256,1,1,1
799,2,1782,710,149,304,1,1,1
799,3,948,688,92,259,1,1,1
799,4,1313,702,105,288,1,1,1
799,5,1036,579,60,143,1,1,1
799,7,566,471,21,55,1,1,1
800,1,1020,660,115,256,1,1,1
800,2,1783,712,149,304,1,1,1
800,3,948,686,92,259,1,1,1
800,4,1315,702,105,288,1,1,1
800,5,1040,576,59,143,1,1,1
800,7,565,470,21,55,1,1,1
801,1,1022,666,115,256,1,1,1
801,2,1786,716,149,304,1,1,1
801,3,952,690,92,259,1,1,1
801,4,1316,702,105,288,1,1,1
801,5,1046,574,55,143,1,1,1
801,7,566,466,21,55,1,1,1
802,1,1027,664,107,256,1,1,1
802,2,1781,715,149,304,1,1,1
802,3,952,690,92,259,1,1,1
802,4,1317,702,105,288,1,1,1
802,5,1047,578,59,143,1,1,1
802,7,566,466,20,57,1,1,1
803,1,1035,666,105,256,1,1,1
803,2,1781,709,149,304,1,1,1
803,3,951,685,97,272,1,1,1
803,4,1318,705,105,288,1,1,1
803,5,1049,576,58,143,1,1,1
803,7,568,467,20,57,1,1,1
804,1,1045,659,96,256,1,1,1
804,2,1781,707,149,304,1,1,1
804,3,954,690,92,259,1,1,1
804,4,1315,705,110,288,1,1,1
804,5,1051,580,61,143,1,1,1
804,7,566,467,20,57,1,1,1
805,1,1062,656,89,256,1,1,1
805,2,1781,705,132,304,1,1,1
805,3,953,691,92,259,1,1,1
805,4,1318,705,110,288,1,1,1
805,5,1053,577,63,143,1,1,1
805,7,567,463,22,57,1,1,1
806,1,1063,660,84,256,1,1,1
806,2,1783,711,123,304,1,1,1
806,3,955,691,92,259,1,1,1
806,4,1316,698,110,288,1,1,1
806,5,1055,575,63,143,1,1,1
806,7,566,468,22,57,1,1,1
807,1,1061,658,92,256,1,1,1
807,2,1785,709,111,304,1,1,1
807,3,955,692,92,259,1,1,1
807,4,1319,701,110,288,1,1,1
807,5,1055,578,66,143,1,1,1
807,7,565,468,22,57,1,1,1
808,1,1063,658,92,256,1,1,1
808,2,1785,707,99,304,1,1,1
808,3,961,689,92,259,1,1,1
808,4,1318,701,110,288,1,1,1
808,5,1056,581,66,140,1,1,1
808,7,566,467,22,57,1,1,1
809,1,1068,658,105,256,1,1,1
809,2,1783,705,89,304,1,1,1
809,3,964,690,92,259,1,1,1
809,4,1319,701,110,288,1,1,1
809,5,1059,578,69,141,1,1,1
809,7,565,468,22,57,1,1,1
810,1,1075,661,109,256,1,1,1
810,2,1772,706,89,304,1,1,1
810,3,965,690,92,259,1,1,1
810,4,1319,701,110,288,1,1,1
810,5,1062,583,66,137,1,1,1
810,7,565,468,22,57,1,1,1
811,1,1076,661,118,256,1,1,1
811,2,1766,705,98,304,1,1,1
811,3,960,691,98,259,1,1,1
811,4,1320,701,102,288,1,1,1
811,5,1063,584,66,137,1,1,1
811,7,565,466,22,57,1,1,1
812,1,1079,664,118,256,1,1,1
812,2,1750,703,112,304,1,1,1
812,3,963,691,98,259,1,1,1
812,4,1323,702,102,288,1,1,1
812,5,1063,585,66,141,1,1,1
812,7,565,468,22,57,1,1,1
813,1,1075,666,133,256,1,1,1
813,2,1734,703,122,304,1,1,1
813,3,964,693,98,259,1,1,1
813,4,1323,702,102,288,1,1,1
813,5,1065,584,66,148,1,1,1
813,7,564,469,22,57,1,1,1
814,1,1080,666,126,256,1,1,1
814,2,1718,701,138,304,1,1,1
814,3,965,689,98,259,1,1,1
814,4,1322,701,102,288,1,1,1
814,5,1066,585,63,151,1,1,1
814,7,564,469,22,57,1,1,1
815,1,1082,665,126,256,1,1,1
815,2,1701,704,152,304,1,1,1
815,3,968,692,98,259,1,1,1
815,4,1322,702,102,288,1,1,1
815,5,1070,581,58,152,1,1,1
815,7,564,469,22,57,1,1,1
816,1,1080,667,126,256,1,1,1
816,2,1689,704,159,304,1,1,1
816,3,970,692,98,259,1,1,1
816,4,1322,701,102,288,1,1,1
816,5,1072,578,56,152,1,1,1
816,7,564,468,22,57,1,1,1
817,1,1078,666,126,256,1,1,1
817,2,1687,701,159,304,1,1,1
817,3,971,690,98,259,1,1,1
817,4,1322,703,102,288,1,1,1
817,5,1072,578,57,152,1,1,1
817,7,565,468,22,57,1,1,1
818,1,1081,666,126,256,1,1,1
818,2,1688,697,159,304,1,1,1
818,3,974,691,98,259,1,1,1
818,4,1322,703,102,288,1,1,1
818,5,1077,582,53,148,1,1,1
818,7,565,470,22,57,1,1,1
819,1,1084,664,126,256,1,1,1
819,2,1686,704,159,299,1,1,1
819,3,967,691,98,259,1,1,1
819,4,1323,701,102,288,1,1,1
819,5,1079,584,51,148,1,1,1
819,7,566,470,22,57,1,1,1
820,1,1085,665,119,256,1,1,1
820,2,1684,702,159,300,1,1,1
820,3,970,691,98,259,1,1,1
820,4,1321,701,102,288,1,1,1
820,5,1080,584,53,149,1,1,1
820,7,568,470,22,57,1,1,1
821,1,1090,667,119,256,1,1,1
821,2,1681,701,159,300,1,1,1
821,3,966,694,98,259,1,1,1
821,4,1321,700,102,288,1,1,1
821,5,1082,584,52,149,1,1,1
821,7,569,471,22,57,1,1,1
822,1,1092,666,118,256,1,1,1
822,2,1688,696,146,304,1,1,1
822,3,967,695,98,259,1,1,1
822,4,1322,700,102,288,1,1,1
822,5,1086,583,55,152,1,1,1
822,7,568,470,22,57,1,1,1
823,1,1104,667,109,256,1,1,1
823,2,1686,696,147,304,1,1,1
823,3,973,691,98,259,1,1,1
823,4,1322,699,102,288,1,1,1
823,5,1089,587,53,152,1,1,1
823,7,567,472,22,57,1,1,1
824,1,1110,669,100,256,1,1,1
824,2,1689,692,135,304,1,1,1
824,3,975,691,98,259,1,1,1
824,4,1320,700,102,288,1,1,1
824,5,1090,584,64,152,1,1,1
824,7,567,472,22,57,1,1,1
825,1,1115,664,105,256,1,1,1
825,2,1691,689,128,304,1,1,1
825,3,975,691,98,259,1,1,1
825,4,1320,700,102,288,1,1,1
825,5,1089,584,69,152,1,1,1
825,7,566,471,22,57,1,1,1
826,1,1119,663,104,256,1,1,1
826,2,1688,687,119,304,1,1,1
826,3,974,690,98,259,1,1,1
826,4,1322,700,102,288,1,1,1
826,5,1090,587,68,152,1,1,1
826,7,567,471,22,57,1,1,1
827,1,1126,668,105,256,1,1,1
827,2,1685,686,107,304,1,1,1
827,3,983,694,85,259,1,1,1
827,4,1320,698,102,288,1,1,1
827,5,1090,589,71,152,1,1,1
827,7,565,470,22,57,1,1,1
828,1,1126,669,106,261,1,1,1
828,2,1682,685,97,304,1,1,1
828,3,987,698,85,259,1,1,1
828,4,1320,695,102,288,1,1,1
828,5,1091,587,71,154,1,1,1
828,7,567,470,22,57,1,1,1
829,1,1131,670,106,266,1,1,1
829,2,1662,685,108,304,1,1,1
829,3,989,696,85,259,1,1,1
829,4,1319,695,102,288,1,1,1
829,5,1093,589,71,152,1,1,1
829,7,565,472,22,57,1,1,1
830,1,1139,670,106,266,1,1,1
830,2,1652,682,110,304,1,1,1
830,3,991,695,85,259,1,1,1
830,4,1319,692,102,288,1,1,1
830,5,1096,589,61,152,1,1,1
830,7,566,475,22,57,1,1,1
831,1,1144,672,106,271,1,1,1
831,2,1645,683,110,304,1,1,1
831,3,1001,696,77,259,1,1,1
831,4,1324,691,102,288,1,1,1
831,5,1098,593,63,148,1,1,1
831,7,567,474,22,57,1,1,1
832,1,1144,670,111,271,1,1,1
832,2,1641,682,110,304,1,1,1
832,3,1001,695,77,259,1,1,1
832,4,1326,688,96,288,1,1,1
832,5,1102,591,61,147,1,1,1
832,7,567,471,22,57,1,1,1
833,1,1150,673,111,271,1,1,1
833,2,1632,687,127,304,1,1,1
833,3,1002,697,77,259,1,1,1
833,4,1325,692,96,288,1,1,1
833,5,1108,590,58,151,1,1,1
833,7,566,469,22,57,1,1,1
834,1,1151,675,111,271,1,1,1
834,2,1612,688,137,296,1,1,1
834,3,1006,695,77,259,1,1,1
834,4,1325,694,96,288,1,1,1
834,5,1110,588,61,151,1,1,1
834,7,565,469,22,57,1,1,1
835,1,1154,675,111,271,1,1,1
835,2,1605,688,137,296,1,1,1
835,3,1006,700,77,259,1,1,1
835,4,1326,692,96,288,1,1,1
835,5,1111,589,64,151,1,1,1
835,7,566,470,22,57,1,1,1
836,1,1157,674,111,279,1,1,1
836,2,1605,688,144,296,1,1,1
836,3,1010,697,86,259,1,1,1
836,4,1324,686,101,302,1,1,1
836,5,1113,589,68,151,1,1,1
836,7,566,471,22,57,1,1,1
837,1,1154,678,118,279,1,1,1
837,2,1599,687,144,296,1,1,1
837,3,1008,697,94,259,1,1,1
837,4,1327,692,96,288,1,1,1
837,5,1115,591,70,151,1,1,1
837,7,567,472,22,57,1,1,1
838,1,1152,676,123,279,1,1,1
838,2,1597,687,144,296,1,1,1
838,3,1008,699,104,259,1,1,1
838,4,1326,692,96,288,1,1,1
838,5,1114,590,72,158,1,1,1
838,7,565,472,22,57,1,1,1
839,1,1155,676,123,279,1,1,1
839,2,1601,689,144,296,1,1,1
839,3,1009,696,109,259,1,1,1
839,4,1327,690,96,288,1,1,1
839,5,1118,589,75,160,1,1,1
839,7,566,470,22,57,1,1,1
840,1,1158,677,123,279,1,1,1
840,2,1595,688,144,296,1,1,1
840,3,1012,693,109,259,1,1,1
840,4,1326,690,96,288,1,1,1
840,5,1119,588,75,160,1,1,1
840,7,565,472,22,57,1,1,1
841,1,1162,678,123,279,1,1,1
841,2,1594,684,144,290,1,1,1
841,3,1008,692,116,259,1,1,1
841,4,1329,689,96,283,1,1,1
841,5,1121,586,75,160,1,1,1
841,7,564,472,22,57,1,1,1
842,1,1167,678,109,279,1,1,1
842,2,1591,679,136,290,1,1,1
842,3,1003,692,124,259,1,1,1
842,4,1327,692,96,283,1,1,1
842,5,1122,590,75,160,1,1,1
842,7,565,473,22,57,1,1,1
843,1,1169,676,109,279,1,1,1
843,2,1590,678,125,290,1,1,1
843,3,1007,692,130,259,1,1,1
843,4,1326,691,100,277,1,1,1
843,5,1125,592,75,160,1,1,1
843,7,566,475,22,57,1,1,1
844,1,1180,678,100,279,1,1,1
844,2,1598,679,111,290,1,1,1
844,3,1009,693,120,259,1,1,1
844,4,1325,692,104,280,1,1,1
844,5,1126,592,75,159,1,1,1
844,7,565,475,22,57,1,1,1
845,1,1185,679,98,279,1,1,1
845,2,1598,679,95,290,1,1,1
845,3,1011,692,113,259,1,1,1
845,4,1324,693,104,280,1,1,1
845,5,1129,595,75,155,1,1,1
845,7,565,474,22,57,1,1,1
846,1,1185,680,100,279,1,1,1
846,2,1595,680,90,290,1,1,1
846,3,1011,692,113,259,1,1,1
846,4,1324,690,104,280,1,1,1
846,5,1129,594,75,158,1,1,1
846,7,565,471,22,57,1,1,1
847,1,1184,681,100,279,1,1,1
847,2,1590,679,89,290,1,1,1
847,3,1013,692,113,259,1,1,1
847,4,1325,691,104,280,1,1,1
847,5,1131,595,65,158,1,1,1
847,7,566,470,22,57,1,1,1
848,1,1186,681,100,279,1,1,1
848,2,1590,678,84,290,1,1,1
848,3,1014,695,113,259,1,1,1
848,4,1325,693,104,280,1,1,1
848,5,1135,592,64,160,1,1,1
848,7,565,468,22,57,1,1,1
849,1,1188,683,100,279,1,1,1
849,2,1588,679,84,290,1,1,1
849,3,1023,694,107,259,1,1,1
849,4,1326,695,104,280,1,1,1
849,5,1135,590,66,160,1,1,1
849,7,564,469,22,57,1,1,1
850,1,1195,682,107,279,1,1,1
850,2,1573,680,93,290,1,1,1
850,3,1023,697,107,259,1,1,1
850,4,1326,695,104,280,1,1,1
850,5,1137,590,61,160,1,1,1
850,7,565,469,22,57,1,1,1
851,1,1196,681,107,279,1,1,1
851,2,1559,679,103,290,1,1,1
851,3,1027,693,107,259,1,1,1
851,4,1328,696,104,280,1,1,1
851,5,1140,594,59,160,1,1,1
851,7,565,470,22,57,1,1,1
852,1,1205,682,111,284,1,1,1
852,2,1540,676,120,290,1,1,1
852,3,1043,693,90,259,1,1,1
852,4,1327,696,104,280,1,1,1
852,5,1141,593,59,160,1,1,1
852,7,566,471,22,57,1,1,1
853,1,1207,686,111,284,1,1,1
853,2,1529,673,133,290,1,1,1
853,3,1050,697,83,259,1,1,1
853,4,1329,696,104,280,1,1,1
853,5,1146,594,61,160,1,1,1
853,7,566,471,22,57,1,1,1
854,1,1208,690,111,284,1,1,1
854,2,1525,679,133,290,1,1,1
854,3,1055,695,83,259,1,1,1
854,4,1329,697,104,280,1,1,1
854,5,1151,598,59,160,1,1,1
854,7,565,470,22,57,1,1,1
855,1,1207,688,111,284,1,1,1
855,2,1524,681,133,290,1,1,1
855,3,1060,695,83,259,1,1,1
855,4,1329,695,104,280,1,1,1
855,5,1150,599,72,160,1,1,1
855,7,564,470,22,57,1,1,1
856,1,1208,688,111,284,1,1,1
856,2,1522,680,133,290,1,1,1
856,3,1063,693,83,265,1,1,1
856,4,1328,694,104,280,1,1,1
856,5,1152,597,76,160,1,1,1
856,7,564,471,22,57,1,1,1
857,1,1208,689,116,284,1,1,1
857,2,1521,680,133,290,1,1,1
857,3,1067,691,83,271,1,1,1
857,4,1328,694,104,280,1,1,1
857,5,1152,600,76,160,1,1,1
857,7,564,472,22,57,1,1,1
858,1,1207,688,116,284,1,1,1
858,2,1518,674,141,290,1,1,1
858,3,1068,692,83,276,1,1,1
858,4,1327,694,104,280,1,1,1
858,5,1154,598,76,160,1,1,1
858,7,567,473,22,57,1,1,1
859,1,1214,686,116,284,1,1,1
859,2,1512,676,141,290,1,1,1
859,3,1070,694,83,278,1,1,1
859,4,1327,694,104,280,1,1,1
859,5,1155,600,76,160,1,1,1
859,7,565,472,21,54,1,1,1
860,1,1216,684,109,284,1,1,1
860,2,1515,675,135,290,1,1,1
860,3,1073,693,83,278,1,1,1
860,4,1327,693,104,280,1,1,1
860,5,1154,603,76,160,1,1,1
860,7,566,472,21,54,1,1,1
861,1,1222,691,110,284,1,1,1
861,2,1517,673,127,290,1,1,1
861,3,1075,695,83,278,1,1,1
861,4,1326,692,104,280,1,1,1
861,5,1158,602,76,160,1,1,1
861,7,564,473,21,54,1,1,1
862,1,1224,689,112,284,1,1,1
862,2,1518,671,118,290,1,1,1
862,3,1076,694,90,278,1,1,1
862,4,1325,692,104,280,1,1,1
862,5,1162,601,72,160,1,1,1
862,7,565,472,21,54,1,1,1
863,1,1236,688,107,284,1,1,1
863,2,1518,669,110,290,1,1,1
863,3,1077,695,90,278,1,1,1
863,4,1325,691,104,280,1,1,1
863,5,1165,601,71,160,1,1,1
863,7,565,470,21,54,1,1,1
864,1,1231,692,116,284,1,1,1
864,2,1518,666,102,290,1,1,1
864,3,1079,698,90,278,1,1,1
864,4,1325,691,104,280,1,1,1
864,5,1171,602,70,160,1,1,1
864,7,565,470,21,54,1,1,1
865,1,1240,692,111,284,1,1,1
865,2,1517,664,95,290,1,1,1
865,3,1082,699,90,278,1,1,1
865,4,1325,690,104,280,1,1,1
865,5,1176,600,65,160,1,1,1
865,7,565,469,21,54,1,1,1
866,1,1246,691,110,290,1,1,1
866,2,1505,660,95,290,1,1,1
866,3,1075,698,98,278,1,1,1
866,4,1324,690,104,280,1,1,1
866,5,1179,602,65,160,1,1,1
866,7,563,470,21,54,1,1,1
867,1,1240,688,116,300,1,1,1
867,2,1500,660,95,290,1,1,1
867,3,1081,702,98,278,1,1,1
867,4,1324,690,104,280,1,1,1
867,5,1180,601,68,160,1,1,1
867,7,566,470,21,54,1,1,1
868,1,1247,692,115,300,1,1,1
868,2,1496,664,95,290,1,1,1
868,3,1084,701,98,278,1,1,1
868,4,1325,692,104,280,1,1,1
868,5,1182,602,72,160,1,1,1
868,7,565,470,21,54,1,1,1
869,1,1248,694,116,300,1,1,1
869,2,1491,666,104,290,1,1,1
869,3,1086,702,85,278,1,1,1
869,4,1324,691,101,280,1,1,1
869,5,1185,601,72,169,1,1,1
869,7,565,470,21,54,1,1,1
870,1,1252,696,116,300,1,1,1
870,2,1483,666,108,290,1,1,1
870,3,1082,703,96,278,1,1,1
870,4,1324,692,102,280,1,1,1
870,5,1189,599,72,169,1,1,1
870,7,564,471,21,54,1,1,1
871,1,1259,698,116,305,1,1,1
871,2,1481,671,108,280,1,1,1
871,3,1090,704,96,278,1,1,1
871,4,1325,692,99,280,1,1,1
871,5,1189,600,75,169,1,1,1
871,7,565,469,21,54,1,1,1
872,1,1261,698,116,308,1,1,1
872,2,1478,670,108,280,1,1,1
872,3,1093,705,86,278,1,1,1
872,4,1327,692,98,280,1,1,1
872,5,1192,603,77,169,1,1,1
872,7,563,469,21,54,1,1,1
873,1,1259,699,116,308,1,1,1
873,2,1475,669,108,280,1,1,1
873,3,1099,704,86,278,1,1,1
873,4,1327,692,97,280,1,1,1
873,5,1195,600,77,169,1,1,1
873,7,566,470,21,54,1,1,1
874,1,1268,702,116,308,1,1,1
874,2,1476,672,108,280,1,1,1
874,3,1102,703,86,278,1,1,1
874,4,1327,693,97,280,1,1,1
874,5,1196,605,77,169,1,1,1
874,7,566,470,21,54,1,1,1
875,1,1263,701,116,308,1,1,1
875,2,1475,674,108,273,1,1,1
875,3,1106,704,84,278,1,1,1
875,4,1329,693,97,280,1,1,1
875,5,1198,604,77,169,1,1,1
875,7,565,471,21,54,1,1,1
876,1,1268,702,108,308,1,1,1
876,2,1472,675,108,273,1,1,1
876,3,1110,708,84,278,1,1,1
876,4,1329,693,95,280,1,1,1
876,5,1199,605,77,169,1,1,1
876,7,565,470,21,60,1,1,1
877,1,1266,704,116,308,1,1,1
877,2,1469,673,108,273,1,1,1
877,3,1110,703,88,292,1,1,1
877,4,1328,695,96,280,1,1,1
877,5,1200,605,77,169,1,1,1
877,7,564,469,21,60,1,1,1
878,1,1268,703,101,308,1,1,1
878,2,1475,674,108,273,1,1,1
878,3,1114,709,84,278,1,1,1
878,4,1327,696,98,280,1,1,1
878,5,1206,607,71,169,1,1,1
878,7,564,469,21,60,1,1,1
879,1,1270,703,103,308,1,1,1
879,2,1473,676,108,273,1,1,1
879,3,1115,711,84,268,1,1,1
879,4,1329,697,95,280,1,1,1
879,5,1209,605,71,172,1,1,1
879,7,565,470,21,60,1,1,1
880,1,1273,703,103,308,1,1,1
880,2,1471,675,108,273,1,1,1
880,3,1121,706,84,268,1,1,1
880,4,1330,698,98,280,1,1,1
880,5,1213,604,64,172,1,1,1
880,7,564,469,21,60,1,1,1
881,1,1279,705,101,308,1,1,1
881,2,1469,673,100,273,1,1,1
881,3,1119,707,96,268,1,1,1
881,4,1330,700,94,280,1,1,1
881,5,1216,604,62,172,1,1,1
881,7,564,470,21,60,1,1,1
882,1,1281,706,102,308,1,1,1
882,2,1470,672,100,273,1,1,1
882,3,1119,705,96,277,1,1,1
882,4,1332,695,92,280,1,1,1
882,5,1217,606,65,172,1,1,1
882,7,566,471,21,60,1,1,1
883,1,1286,702,100,308,1,1,1
883,2,1469,671,100,273,1,1,1
883,3,1125,701,96,277,1,1,1
883,4,1329,690,94,280,1,1,1
883,5,1222,608,59,172,1,1,1
883,7,565,471,21,60,1,1,1
884,1,1294,701,93,308,1,1,1
884,2,1466,670,100,273,1,1,1
884,3,1124,708,105,277,1,1,1
884,4,1323,693,97,280,1,1,1
884,5,1226,606,59,172,1,1,1
884,7,566,471,20,60,1,1,1
885,1,1293,704,96,308,1,1,1
885,2,1460,671,103,273,1,1,1
885,3,1129,699,105,277,1,1,1
885,4,1323,693,97,280,1,1,1
885,5,1227,608,63,172,1,1,1
885,7,565,469,20,60,1,1,1
886,1,1295,705,96,308,1,1,1
886,2,1455,671,113,273,1,1,1
886,3,1120,702,118,277,1,1,1
886,4,1322,697,97,280,1,1,1
886,5,1229,610,67,172,1,1,1
886,7,566,469,20,60,1,1,1
887,1,1296,703,96,308,1,1,1
887,2,1447,673,113,273,1,1,1
887,3,1125,704,119,277,1,1,1
887,4,1340,695,80,280,1,1,1
887,5,1236,611,74,172,1,1,1
887,7,566,468,20,60,1,1,1
888,1,1299,706,103,308,1,1,1
888,2,1434,674,129,273,1,1,1
888,3,1124,707,125,277,1,1,1
888,4,1335,692,88,280,1,1,1
888,5,1235,613,80,172,1,1,1
888,7,566,468,20,60,1,1,1
889,1,1303,707,103,308,1,1,1
889,2,1422,678,145,273,1,1,1
889,3,1122,709,132,270,1,1,1
889,4,1338,692,81,281,1,1,1
889,5,1234,612,84,172,1,1,1
889,7,566,469,22,60,1,1,1
890,1,1307,711,103,308,1,1,1
890,2,1417,677,145,262,1,1,1
890,3,1121,713,132,270,1,1,1
890,4,1336,688,81,281,1,1,1
890,5,1234,615,84,172,1,1,1
890,7,564,469,22,60,1,1,1
891,1,1308,713,103,308,1,1,1
891,2,1413,674,145,268,1,1,1
891,3,1124,713,132,270,1,1,1
891,4,1339,692,81,281,1,1,1
891,5,1235,616,84,172,1,1,1
891,7,563,470,22,60,1,1,1
892,1,1312,713,103,308,1,1,1
892,2,1419,679,136,266,1,1,1
892,3,1127,714,132,270,1,1,1
892,4,1338,689,81,281,1,1,1
892,5,1235,617,84,172,1,1,1
892,7,565,470,22,60,1,1,1
893,1,1314,713,103,308,1,1,1
893,2,1417,674,136,274,1,1,1
893,3,1131,715,132,270,1,1,1
893,4,1329,694,92,281,1,1,1
893,5,1238,615,84,176,1,1,1
893,7,564,470,22,60,1,1,1
894,1,1316,714,103,308,1,1,1
894,2,1414,671,136,273,1,1,1
894,3,1129,714,129,270,1,1,1
894,4,1330,690,92,281,1,1,1
894,5,1241,614,84,176,1,1,1
894,7,564,469,22,60,1,1,1
895,1,1313,715,103,308,1,1,1
895,2,1421,668,126,273,1,1,1
895,3,1130,711,129,277,1,1,1
895,4,1324,693,100,281,1,1,1
895,5,1248,614,73,176,1,1,1
895,7,563,470,22,60,1,1,1
896,1,1317,714,103,308,1,1,1
896,2,1418,670,126,273,1,1,1
896,3,1131,710,129,276,1,1,1
896,4,1326,693,96,281,1,1,1
896,5,1252,615,73,176,1,1,1
896,7,564,472,22,60,1,1,1
897,1,1318,715,103,308,1,1,1
897,2,1421,670,120,273,1,1,1
897,3,1134,712,129,270,1,1,1
897,4,1324,691,97,281,1,1,1
897,5,1260,615,69,176,1,1,1
897,7,564,472,22,60,1,1,1
898,1,1319,716,103,308,1,1,1
898,2,1417,669,123,273,1,1,1
898,3,1138,709,129,270,1,1,1
898,4,1324,689,99,281,1,1,1
898,5,1263,616,69,176,1,1,1
898,7,564,473,22,60,1,1,1
899,1,1322,715,103,308,1,1,1
899,2,1413,667,124,273,1,1,1
899,3,1139,709,129,270,1,1,1
899,4,1327,695,94,281,1,1,1
899,5,1268,615,69,176,1,1,1
899,7,563,472,22,60,1,1,1
900,1,1322,716,103,317,1,1,1
900,2,1419,670,116,273,1,1,1
900,3,1156,714,121,270,1,1,1
900,4,1329,694,94,281,1,1,1
900,5,1268,616,75,176,1,1,1
900,7,565,472,22,60,1,1,1
901,1,1324,717,103,327,1,1,1
901,2,1422,668,112,273,1,1,1
901,3,1159,712,108,280,1,1,1
901,4,1322,697,105,274,1,1,1
901,5,1269,620,79,176,1,1,1
901,7,563,470,22,60,1,1,1
902,1,1326,717,103,327,1,1,1
902,2,1419,668,112,273,1,1,1
902,3,1168,710,104,280,1,1,1
902,4,1324,699,104,272,1,1,1
902,5,1271,619,79,181,1,1,1
902,7,564,469,22,60,1,1,1
903,1,1327,717,103,327,1,1,1
903,2,1417,669,112,273,1,1,1
903,3,1170,715,103,280,1,1,1
903,4,1323,699,102,270,1,1,1
903,5,1275,620,79,181,1,1,1
903,7,565,469,22,60,1,1,1
904,1,1329,719,103,327,1,1,1
904,2,1416,674,109,273,1,1,1
904,3,1179,713,94,288,1,1,1
904,4,1320,699,104,272,1,1,1
904,5,1278,622,79,181,1,1,1
904,7,564,469,22,60,1,1,1
905,1,1330,719,103,327,1,1,1
905,2,1420,670,109,273,1,1,1
905,3,1183,715,96,288,1,1,1
905,4,1324,699,99,276,1,1,1
905,5,1279,623,79,181,1,1,1
905,7,565,471,22,60,1,1,1
906,1,1332,720,109,327,1,1,1
906,2,1408,667,109,273,1,1,1
906,3,1185,714,96,288,1,1,1
906,4,1324,702,99,272,1,1,1
906,5,1282,622,79,181,1,1,1
906,7,564,470,22,60,1,1,1
907,1,1328,720,118,327,1,1,1
907,2,1410,670,109,273,1,1,1
907,3,1188,713,96,288,1,1,1
907,4,1324,698,99,272,1,1,1
907,5,1283,626,79,181,1,1,1
907,7,562,470,22,60,1,1,1
908,1,1330,721,118,327,1,1,1
908,2,1410,671,109,273,1,1,1
908,3,1188,717,96,288,1,1,1
908,4,1329,699,99,272,1,1,1
908,5,1286,625,79,181,1,1,1
908,7,564,470,22,60,1,1,1
909,1,1329,721,118,327,1,1,1
909,2,1406,671,109,273,1,1,1
909,3,1190,717,96,288,1,1,1
909,4,1325,697,99,272,1,1,1
909,5,1290,624,79,181,1,1,1
909,7,566,470,22,60,1,1,1
910,1,1328,721,128,327,1,1,1
910,2,1405,671,109,273,1,1,1
910,3,1193,720,96,288,1,1,1
910,4,1326,691,99,283,1,1,1
910,5,1292,621,79,181,1,1,1
910,7,566,471,22,60,1,1,1
911,1,1325,721,132,327,1,1,1
911,2,1406,669,109,273,1,1,1
911,3,1195,723,96,288,1,1,1
911,4,1325,693,99,283,1,1,1
911,5,1297,627,79,181,1,1,1
911,7,567,470,22,60,1,1,1
912,1,1326,722,138,327,1,1,1
912,2,1408,674,109,273,1,1,1
912,3,1196,719,96,293,1,1,1
912,4,1324,696,99,275,1,1,1
912,5,1300,625,79,181,1,1,1
912,7,566,470,22,60,1,1,1
913,1,1326,726,142,327,1,1,1
913,2,1407,675,109,273,1,1,1
913,3,1197,722,96,293,1,1,1
913,4,1325,696,99,275,1,1,1
913,5,1300,626,79,181,1,1,1
913,7,564,469,22,60,1,1,1
914,1,1325,727,144,327,1,1,1
914,2,1407,675,109,273,1,1,1
914,3,1199,724,96,293,1,1,1
914,4,1324,698,99,273,1,1,1
914,5,1304,626,79,181,1,1,1
914,7,564,470,22,60,1,1,1
915,1,1324,728,144,327,1,1,1
915,2,1408,675,109,273,1,1,1
915,3,1200,724,96,293,1,1,1
915,4,1321,701,99,272,1,1,1
915,5,1308,626,79,181,1,1,1
915,7,563,471,22,60,1,1,1
916,1,1323,729,144,327,1,1,1
916,2,1407,674,109,273,1,1,1
916,3,1203,723,96,293,1,1,1
916,4,1324,700,99,271,1,1,1
916,5,1310,628,66,181,1,1,1
916,7,565,473,22,60,1,1,1
917,1,1322,728,144,327,1,1,1
917,2,1407,675,109,273,1,1,1
917,3,1205,724,87,293,1,1,1
917,4,1322,699,99,272,1,1,1
917,5,1315,628,66,181,1,1,1
917,7,564,468,22,60,1,1,1
918,1,1321,729,144,327,1,1,1
918,2,1406,675,109,273,1,1,1
918,3,1209,722,87,293,1,1,1
918,4,1321,699,99,272,1,1,1
918,5,1318,630,66,181,1,1,1
918,7,565,469,21,60,1,1,1
919,1,1311,730,154,327,1,1,1
919,2,1407,675,109,273,1,1,1
919,3,1210,724,87,293,1,1,1
919,4,1323,695,99,277,1,1,1
919,5,1322,631,66,181,1,1,1
919,7,565,470,21,60,1,1,1
920,1,1308,732,159,327,1,1,1
920,2,1407,675,109,273,1,1,1
920,3,1212,722,87,293,1,1,1
920,4,1319,699,99,271,1,1,1
920,5,1321,631,66,181,1,1,1
920,7,566,471,21,60,1,1,1
921,1,1302,723,159,327,1,1,1
921,2,1403,677,113,273,1,1,1
921,3,1216,729,83,279,1,1,1
921,4,1319,699,99,274,1,1,1
921,5,1324,632,66,181,1,1,1
921,7,566,470,21,60,1,1,1
922,1,1302,725,159,327,1,1,1
922,2,1402,680,113,273,1,1,1
922,3,1216,724,83,285,1,1,1
922,4,1317,698,99,276,1,1,1
922,5,1327,633,66,181,1,1,1
922,7,564,469,21,60,1,1,1
923,1,1303,729,159,327,1,1,1
923,2,1402,680,113,273,1,1,1
923,3,1218,722,83,289,1,1,1
923,4,1312,701,99,271,1,1,1
923,5,1328,632,66,181,1,1,1
923,7,565,469,21,60,1,1,1
924,1,1296,731,159,327,1,1,1
924,2,1404,681,113,273,1,1,1
924,3,1220,724,77,289,1,1,1
924,4,1314,703,99,268,1,1,1
924,5,1324,632,72,181,1,1,1
924,7,564,469,21,60,1,1,1
925,1,1297,731,159,327,1,1,1
925,2,1403,682,113,273,1,1,1
925,3,1223,723,77,289,1,1,1
925,4,1318,703,99,268,1,1,1
925,5,1325,634,76,181,1,1,1
925,7,564,471,21,60,1,1,1
926,1,1302,724,148,327,1,1,1
926,2,1405,682,113,273,1,1,1
926,3,1225,721,77,289,1,1,1
926,4,1316,700,99,272,1,1,1
926,5,1322,631,82,181,1,1,1
926,7,564,470,21,60,1,1,1
927,1,1300,721,152,327,1,1,1
927,2,1404,682,113,273,1,1,1
927,3,1225,720,77,289,1,1,1
927,4,1313,702,99,269,1,1,1
927,5,1335,632,73,181,1,1,1
927,7,564,470,21,60,1,1,1
928,1,1303,723,149,327,1,1,1
928,2,1405,683,113,273,1,1,1
928,3,1227,720,77,289,1,1,1
928,4,1311,703,99,270,1,1,1
928,5,1339,634,72,181,1,1,1
928,7,565,471,21,60,1,1,1
929,1,1295,725,154,327,1,1,1
929,2,1405,682,113,273,1,1,1
929,3,1227,720,77,289,1,1,1
929,4,1311,705,99,270,1,1,1
929,5,1350,634,78,181,1,1,1
929,7,565,469,21,60,1,1,1
930,1,1301,729,148,327,1,1,1
930,2,1406,684,120,273,1,1,1
930,3,1228,722,77,289,1,1,1
930,4,1313,701,99,270,1,1,1
930,5,1355,633,77,181,1,1,1
930,7,565,470,21,60,1,1,1
931,1,1299,729,149,327,1,1,1
931,2,1407,679,120,273,1,1,1
931,3,1229,724,77,289,1,1,1
931,4,1313,702,101,267,1,1,1
931,5,1358,632,79,181,1,1,1
931,7,564,472,21,60,1,1,1
932,1,1298,728,148,327,1,1,1
932,2,1408,677,120,278,1,1,1
932,3,1229,724,77,289,1,1,1
932,4,1314,696,97,277,1,1,1
932,5,1361,632,85,181,1,1,1
932,7,563,473,21,60,1,1,1
933,1,1298,728,146,327,1,1,1
933,2,1409,677,120,279,1,1,1
933,3,1229,724,77,289,1,1,1
933,4,1311,701,97,276,1,1,1
933,5,1361,636,90,181,1,1,1
933,7,564,476,21,60,1,1,1
934,1,1304,731,143,327,1,1,1
934,2,1408,680,120,276,1,1,1
934,3,1228,716,81,303,1,1,1
934,4,1311,699,97,276,1,1,1
934,5,1365,632,90,181,1,1,1
934,7,565,476,21,60,1,1,1
935,1,1305,719,142,327,1,1,1
935,2,1412,680,113,278,1,1,1
935,3,1231,725,77,289,1,1,1
935,4,1311,699,97,276,1,1,1
935,5,1367,638,90,175,1,1,1
935,7,565,475,21,60,1,1,1
936,1,1308,722,139,327,1,1,1
936,2,1415,684,113,278,1,1,1
936,3,1232,724,77,289,1,1,1
936,4,1312,703,97,276,1,1,1
936,5,1370,638,90,190,1,1,1
936,7,565,470,21,60,1,1,1
937,1,1309,725,141,327,1,1,1
937,2,1412,678,115,277,1,1,1
937,3,1232,724,77,289,1,1,1
937,4,1311,701,97,276,1,1,1
937,5,1376,640,90,202,1,1,1
937,7,564,471,21,60,1,1,1
938,1,1308,725,139,327,1,1,1
938,2,1412,678,117,269,1,1,1
938,3,1234,723,77,289,1,1,1
938,4,1311,698,97,276,1,1,1
938,5,1380,634,90,202,1,1,1
938,7,565,471,21,60,1,1,1
939,1,1309,723,135,327,1,1,1
939,2,1409,680,117,277,1,1,1
939,3,1235,724,77,289,1,1,1
939,4,1310,697,97,276,1,1,1
939,5,1381,641,90,210,1,1,1
939,7,563,472,21,60,1,1,1
940,1,1308,722,138,327,1,1,1
940,2,1411,681,117,277,1,1,1
940,3,1236,722,77,289,1,1,1
940,4,1309,705,101,276,1,1,1
940,5,1385,638,90,210,1,1,1
940,7,563,473,21,60,1,1,1
941,1,1310,724,135,327,1,1,1
941,2,1411,681,117,277,1,1,1
941,3,1235,723,77,289,1,1,1
941,4,1311,705,101,276,1,1,1
941,5,1386,641,90,210,1,1,1
941,7,564,475,21,60,1,1,1
942,1,1310,723,136,327,1,1,1
942,2,1411,678,117,277,1,1,1
942,3,1237,721,77,289,1,1,1
942,4,1310,704,101,276,1,1,1
942,5,1392,645,90,210,1,1,1
942,7,563,477,21,60,1,1,1
943,1,1310,722,138,327,1,1,1
943,2,1410,680,117,277,1,1,1
943,3,1237,722,77,289,1,1,1
943,4,1310,701,101,276,1,1,1
943,5,1396,644,79,199,1,1,1
943,7,563,477,21,60,1,1,1
944,1,1312,723,140,327,1,1,1
944,2,1410,681,117,277,1,1,1
944,3,1239,721,77,293,1,1,1
944,4,1314,701,96,276,1,1,1
944,5,1398,643,79,199,1,1,1
944,7,565,480,20,60,1,1,1
945,1,1312,725,135,327,1,1,1
945,2,1412,681,117,277,1,1,1
945,3,1238,720,77,295,1,1,1
945,4,1313,701,93,281,1,1,1
945,5,1402,643,79,199,1,1,1
945,7,566,474,20,60,1,1,1
946,1,1313,724,138,327,1,1,1
946,2,1411,679,117,277,1,1,1
946,3,1240,720,77,294,1,1,1
946,4,1315,702,94,277,1,1,1
946,5,1410,638,79,199,1,1,1
946,7,564,474,20,60,1,1,1
947,1,1313,724,139,327,1,1,1
947,2,1411,679,117,277,1,1,1
947,3,1240,720,77,295,1,1,1
947,4,1311,703,101,276,1,1,1
947,5,1415,647,68,199,1,1,1
947,7,566,476,20,60,1,1,1
948,1,1315,724,139,327,1,1,1
948,2,1413,679,117,277,1,1,1
948,3,1240,720,77,293,1,1,1
948,4,1314,704,101,276,1,1,1
948,5,1417,638,68,199,1,1,1
948,7,565,470,20,60,1,1,1
949,1,1316,727,140,327,1,1,1
949,2,1408,682,117,277,1,1,1
949,3,1240,720,77,293,1,1,1
949,4,1313,702,101,276,1,1,1
949,5,1420,646,68,199,1,1,1
949,7,565,468,20,60,1,1,1
950,1,1316,726,138,327,1,1,1
950,2,1410,682,117,277,1,1,1
950,3,1241,722,77,289,1,1,1
950,4,1314,705,101,276,1,1,1
950,5,1426,645,84,207,1,1,1
950,7,564,469,20,60,1,1,1
951,1,1316,727,137,327,1,1,1
951,2,1400,682,117,277,1,1,1
951,3,1241,721,77,289,1,1,1
951,4,1315,705,101,276,1,1,1
951,5,1430,649,89,206,1,1,1
951,7,565,469,20,60,1,1,1
952,1,1317,731,138,327,1,1,1
952,2,1400,680,126,277,1,1,1
952,3,1241,722,77,289,1,1,1
952,4,1314,707,101,276,1,1,1
952,5,1434,650,99,204,1,1,1
952,7,565,469,20,60,1,1,1
953,1,1318,727,139,327,1,1,1
953,2,1394,683,126,277,1,1,1
953,3,1240,722,77,289,1,1,1
953,4,1315,708,101,276,1,1,1
953,5,1439,652,99,204,1,1,1
953,7,564,469,20,60,1,1,1
954,1,1320,730,137,327,1,1,1
954,2,1398,686,126,277,1,1,1
954,3,1241,721,77,289,1,1,1
954,4,1315,704,101,276,1,1,1
954,5,1443,658,95,204,1,1,1
954,7,564,469,20,60,1,1,1
955,1,1321,731,139,327,1,1,1
955,2,1397,685,126,277,1,1,1
955,3,1242,720,77,289,1,1,1
955,4,1316,707,101,276,1,1,1
955,5,1449,655,90,204,1,1,1
955,7,564,471,20,60,1,1,1
956,1,1322,730,138,327,1,1,1
956,2,1397,684,126,277,1,1,1
956,3,1241,721,77,289,1,1,1
956,4,1317,704,101,276,1,1,1
956,5,1449,656,94,210,1,1,1
956,7,564,473,20,60,1,1,1
957,1,1324,731,138,327,1,1,1
957,2,1398,683,116,277,1,1,1
957,3,1241,721,77,289,1,1,1
957,4,1323,703,101,276,1,1,1
957,5,1456,657,84,208,1,1,1
957,7,564,475,20,60,1,1,1
958,1,1324,730,138,327,1,1,1
958,2,1402,681,114,277,1,1,1
958,3,1243,722,77,289,1,1,1
958,4,1324,705,101,276,1,1,1
958,5,1458,658,82,207,1,1,1
958,7,565,473,20,60,1,1,1
959,1,1325,731,139,327,1,1,1
959,2,1404,678,108,277,1,1,1
959,3,1242,722,77,289,1,1,1
959,4,1325,707,101,276,1,1,1
959,5,1458,656,80,208,1,1,1
959,7,564,473,20,60,1,1,1
960,1,1326,730,138,327,1,1,1
960,2,1411,675,98,277,1,1,1
960,3,1243,721,77,289,1,1,1
960,4,1323,706,101,276,1,1,1
960,5,1468,656,71,208,1,1,1
960,7,565,475,19,60,1,1,1
961,1,1326,726,140,327,1,1,1
961,2,1407,677,98,277,1,1,1
961,3,1244,720,77,289,1,1,1
961,4,1325,704,101,276,1,1,1
961,5,1474,652,72,214,1,1,1
961,7,564,471,19,60,1,1,1
962,1,1327,725,136,327,1,1,1
962,2,1404,678,98,277,1,1,1
962,3,1243,722,77,289,1,1,1
962,4,1326,708,101,276,1,1,1
962,5,1475,655,81,208,1,1,1
962,7,566,476,20,60,1,1,1
963,1,1328,725,133,327,1,1,1
963,2,1398,678,98,277,1,1,1
963,3,1243,721,77,289,1,1,1
963,4,1325,707,101,276,1,1,1
963,5,1477,656,89,208,1,1,1
963,7,563,474,20,60,1,1,1
964,1,1328,726,133,327,1,1,1
964,2,1395,677,105,277,1,1,1
964,3,1244,723,77,289,1,1,1
964,4,1326,708,101,276,1,1,1
964,5,1482,658,90,213,1,1,1
964,7,563,472,23,60,1,1,1
965,1,1329,726,132,327,1,1,1
965,2,1390,678,105,277,1,1,1
965,3,1244,723,77,289,1,1,1
965,4,1327,707,101,276,1,1,1
965,5,1482,659,96,213,1,1,1
965,7,563,474,23,60,1,1,1
966,1,1329,727,133,327,1,1,1
966,2,1385,682,105,277,1,1,1
966,3,1244,724,77,289,1,1,1
966,4,1333,704,101,276,1,1,1
966,5,1489,659,96,222,1,1,1
966,7,564,470,23,60,1,1,1
967,1,1328,726,135,327,1,1,1
967,2,1386,680,105,277,1,1,1
967,3,1244,724,77,289,1,1,1
967,4,1334,705,101,276,1,1,1
967,5,1492,658,101,227,1,1,1
967,7,562,470,23,60,1,1,1
968,1,1328,726,135,327,1,1,1
968,2,1382,679,105,277,1,1,1
968,3,1245,723,77,289,1,1,1
968,4,1338,708,101,276,1,1,1
968,5,1495,655,101,227,1,1,1
968,7,562,472,23,60,1,1,1
969,1,1328,728,134,327,1,1,1
969,2,1383,680,105,277,1,1,1
969,3,1245,723,77,289,1,1,1
969,4,1335,713,101,276,1,1,1
969,5,1496,659,106,222,1,1,1
969,7,563,473,23,60,1,1,1
970,1,1328,728,131,327,1,1,1
970,2,1384,680,100,277,1,1,1
970,3,1246,725,77,289,1,1,1
970,4,1338,712,101,276,1,1,1
970,5,1496,662,111,222,1,1,1
970,7,561,477,23,60,1,1,1
971,1,1327,728,133,327,1,1,1
971,2,1380,680,105,277,1,1,1
971,3,1245,717,81,303,1,1,1
971,4,1336,711,101,276,1,1,1
971,5,1498,662,111,222,1,1,1
971,7,561,477,23,60,1,1,1
972,1,1326,728,135,327,1,1,1
972,2,1383,679,105,277,1,1,1
972,3,1248,726,77,289,1,1,1
972,4,1338,711,101,276,1,1,1
972,5,1502,659,111,231,1,1,1
972,7,563,475,23,60,1,1,1
973,1,1326,731,132,327,1,1,1
973,2,1382,677,105,277,1,1,1
973,3,1246,717,81,303,1,1,1
973,4,1340,713,101,276,1,1,1
973,5,1505,666,111,222,1,1,1
973,7,562,475,23,60,1,1,1
974,1,1325,732,132,327,1,1,1
974,2,1386,676,90,277,1,1,1
974,3,1249,726,77,289,1,1,1
974,4,1341,710,97,276,1,1,1
974,5,1508,666,111,222,1,1,1
974,7,561,474,23,60,1,1,1
975,1,1322,731,133,327,1,1,1
975,2,1371,674,105,277,1,1,1
975,3,1250,726,77,289,1,1,1
975,4,1349,708,92,276,1,1,1
975,5,1518,668,101,222,1,1,1
975,7,563,474,23,60,1,1,1
976,1,1322,730,132,327,1,1,1
976,2,1365,677,105,277,1,1,1
976,3,1252,726,77,289,1,1,1
976,4,1348,709,92,276,1,1,1
976,5,1531,668,88,222,1,1,1
976,7,561,471,23,60,1,1,1
977,1,1320,732,132,327,1,1,1
977,2,1368,682,105,277,1,1,1
977,3,1252,726,82,289,1,1,1
977,4,1348,708,92,276,1,1,1
977,5,1536,667,88,222,1,1,1
977,7,562,476,23,60,1,1,1
978,1,1319,730,132,327,1,1,1
978,2,1368,682,98,277,1,1,1
978,3,1254,724,88,289,1,1,1
978,4,1347,710,92,276,1,1,1
978,5,1546,667,77,222,1,1,1
978,7,563,476,23,60,1,1,1
979,1,1317,730,133,327,1,1,1
979,2,1367,679,98,277,1,1,1
979,3,1253,725,96,284,1,1,1
979,4,1347,709,92,276,1,1,1
979,5,1553,666,77,222,1,1,1
979,7,564,474,22,60,1,1,1
980,1,1315,731,137,327,1,1,1
980,2,1363,675,98,277,1,1,1
980,3,1251,727,96,284,1,1,1
980,4,1344,715,92,276,1,1,1
980,5,1557,673,77,222,1,1,1
980,7,563,477,22,60,1,1,1
981,1,1314,731,138,327,1,1,1
981,2,1359,678,98,277,1,1,1
981,3,1253,727,96,284,1,1,1
981,4,1352,717,88,276,1,1,1
981,5,1561,671,81,222,1,1,1
981,7,564,475,22,60,1,1,1
982,1,1312,730,135,327,1,1,1
982,2,1353,685,98,277,1,1,1
982,3,1254,728,96,284,1,1,1
982,4,1351,717,88,276,1,1,1
982,5,1563,672,91,222,1,1,1
982,7,563,475,22,60,1,1,1
983,1,1311,730,137,327,1,1,1
983,2,1354,683,98,277,1,1,1
983,3,1255,727,96,284,1,1,1
983,4,1352,717,88,276,1,1,1
983,5,1562,676,116,222,1,1,1
983,7,563,476,22,60,1,1,1
984,1,1315,731,130,327,1,1,1
984,2,1350,679,98,277,1,1,1
984,3,1256,726,96,284,1,1,1
984,4,1351,709,88,284,1,1,1
984,5,1562,677,129,222,1,1,1
984,7,563,475,22,60,1,1,1
985,1,1314,733,132,327,1,1,1
985,2,1344,678,98,277,1,1,1
985,3,1258,727,96,284,1,1,1
985,4,1345,705,93,293,1,1,1
985,5,1562,679,134,222,1,1,1
985,7,563,480,22,60,1,1,1
986,1,1316,733,135,327,1,1,1
986,2,1342,674,98,277,1,1,1
986,3,1259,726,96,284,1,1,1
986,4,1360,708,77,294,1,1,1
986,5,1563,681,134,222,1,1,1
986,7,561,476,22,60,1,1,1
987,1,1315,732,132,327,1,1,1
987,2,1344,669,98,277,1,1,1
987,3,1259,722,96,284,1,1,1
987,4,1358,710,77,294,1,1,1
987,5,1565,684,134,222,1,1,1
987,7,562,477,22,60,1,1,1
988,1,1315,733,134,327,1,1,1
988,2,1355,670,84,277,1,1,1
988,3,1260,722,96,284,1,1,1
988,4,1362,707,77,294,1,1,1
988,5,1568,681,134,228,1,1,1
988,7,563,474,22,60,1,1,1
989,1,1313,733,131,327,1,1,1
989,2,1337,677,99,277,1,1,1
989,3,1269,722,87,284,1,1,1
989,4,1359,705,77,294,1,1,1
989,5,1569,680,134,228,1,1,1
989,7,565,474,22,61,1,1,1
990,1,1315,732,129,327,1,1,1
990,2,1336,676,98,277,1,1,1
990,3,1271,723,88,284,1,1,1
990,4,1361,708,77,294,1,1,1
990,5,1576,681,134,228,1,1,1
990,7,563,475,22,61,1,1,1
991,1,1313,733,130,327,1,1,1
991,2,1334,677,98,277,1,1,1
991,3,1274,725,89,284,1,1,1
991,4,1360,708,77,294,1,1,1
991,5,1582,683,124,228,1,1,1
991,7,564,474,22,61,1,1,1
992,1,1317,733,126,327,1,1,1
992,2,1333,677,104,277,1,1,1
992,3,1272,726,96,284,1,1,1
992,4,1361,709,77,294,1,1,1
992,5,1597,682,110,228,1,1,1
992,7,562,469,22,61,1,1,1
993,1,1318,732,126,327,1,1,1
993,2,1331,678,104,277,1,1,1
993,3,1273,726,98,284,1,1,1
993,4,1358,709,77,294,1,1,1
993,5,1610,681,99,228,1,1,1
993,7,564,471,22,62,1,1,1
994,1,1318,730,127,327,1,1,1
994,2,1335,678,104,277,1,1,1
994,3,1272,725,97,284,1,1,1
994,4,1362,707,77,294,1,1,1
994,5,1623,681,92,228,1,1,1
994,7,564,472,22,62,1,1,1
995,1,1318,729,127,327,1,1,1
995,2,1329,681,104,277,1,1,1
995,3,1274,727,92,284,1,1,1
995,4,1360,709,77,294,1,1,1
995,5,1638,681,92,228,1,1,1
995,7,563,473,22,62,1,1,1
996,1,1320,729,124,327,1,1,1
996,2,1333,681,104,277,1,1,1
996,3,1275,728,92,284,1,1,1
996,4,1360,710,77,294,1,1,1
996,5,1641,680,92,237,1,1,1
996,7,562,474,22,62,1,1,1
997,1,1324,733,126,327,1,1,1
997,2,1330,680,104,277,1,1,1
997,3,1275,728,97,284,1,1,1
997,4,1361,709,77,294,1,1,1
997,5,1645,685,98,237,1,1,1
997,7,562,472,22,62,1,1,1
998,1,1326,731,119,327,1,1,1
998,2,1329,680,104,277,1,1,1
998,3,1278,729,96,284,1,1,1
998,4,1360,711,77,294,1,1,1
998,5,1651,685,98,241,1,1,1
998,7,562,470,22,62,1,1,1
999,1,1321,731,128,327,1,1,1
999,2,1323,678,104,277,1,1,1
999,3,1279,730,97,284,1,1,1
999,4,1359,709,77,294,1,1,1
999,5,1651,686,109,241,1,1,1
999,7,562,471,22,62,1,1,1
1000,1,1325,730,130,327,1,1,1
1000,2,1320,683,104,277,1,1,1
1000,3,1280,729,97,284,1,1,1
1000,4,1357,710,77,294,1,1,1
1000,5,1652,689,114,241,1,1,1
1000,7,563,468,22,62,1,1,1
1001,1,1323,736,133,327,1,1,1
1001,2,1329,692,88,264,1,1,1
1001,3,1281,725,100,284,1,1,1
1001,4,1359,710,77,294,1,1,1
1001,5,1654,689,123,241,1,1,1
1001,7,563,467,22,62,1,1,1
1002,1,1330,732,125,327,1,1,1
1002,2,1327,687,88,277,1,1,1
1002,3,1282,733,100,277,1,1,1
1002,4,1361,709,77,294,1,1,1
1002,5,1654,692,123,241,1,1,1
1002,7,564,468,22,62,1,1,1
1003,1,1325,732,133,327,1,1,1
1003,2,1315,681,88,277,1,1,1
1003,3,1283,734,100,280,1,1,1
1003,4,1365,709,77,294,1,1,1
1003,5,1656,696,128,241,1,1,1
1003,7,563,469,22,62,1,1,1
1004,1,1327,733,133,327,1,1,1
1004,2,1314,683,88,277,1,1,1
1004,3,1284,738,101,273,1,1,1
1004,4,1364,713,77,294,1,1,1
1004,5,1661,696,128,241,1,1,1
1004,7,564,469,22,62,1,1,1
1005,1,1332,737,133,327,1,1,1
1005,2,1313,683,88,277,1,1,1
1005,3,1281,739,105,269,1,1,1
1005,4,1364,715,77,294,1,1,1
1005,5,1664,697,128,241,1,1,1
1005,7,564,469,22,62,1,1,1
1006,1,1330,736,133,327,1,1,1
1006,2,1286,680,113,277,1,1,1
1006,3,1285,739,99,270,1,1,1
1006,4,1364,714,77,294,1,1,1
1006,5,1670,697,118,241,1,1,1
1006,7,563,470,22,62,1,1,1
1007,1,1335,738,126,327,1,1,1
1007,2,1269,682,115,277,1,1,1
1007,3,1287,738,99,272,1,1,1
1007,4,1365,713,77,294,1,1,1
1007,5,1684,697,108,241,1,1,1
1007,7,562,471,22,62,1,1,1
1008,1,1335,738,129,327,1,1,1
1008,2,1258,687,125,277,1,1,1
1008,3,1283,740,99,272,1,1,1
1008,4,1365,712,77,294,1,1,1
1008,5,1692,697,99,241,1,1,1
1008,7,562,471,22,62,1,1,1
1009,1,1338,736,124,327,1,1,1
1009,2,1254,683,125,277,1,1,1
1009,3,1284,740,103,274,1,1,1
1009,4,1365,713,77,294,1,1,1
1009,5,1707,696,89,241,1,1,1
1009,7,563,470,22,62,1,1,1
1010,1,1339,737,129,327,1,1,1
1010,2,1249,681,125,277,1,1,1
1010,3,1281,741,107,273,1,1,1
1010,4,1361,716,77,294,1,1,1
1010,5,1718,699,81,241,1,1,1
1010,7,562,471,22,62,1,1,1
1011,1,1339,737,125,327,1,1,1
1011,2,1248,685,125,277,1,1,1
1011,3,1292,736,100,277,1,1,1
1011,4,1362,716,77,294,1,1,1
1011,5,1725,699,81,241,1,1,1
1011,7,564,468,22,62,1,1,1
1012,1,1338,743,129,322,1,1,1
1012,2,1250,681,125,277,1,1,1
1012,3,1296,737,96,272,1,1,1
1012,4,1362,716,77,294,1,1,1
1012,5,1731,700,81,241,1,1,1
1012,7,563,464,22,62,1,1,1
1013,1,1338,743,127,327,1,1,1
1013,2,1248,686,125,272,1,1,1
1013,3,1292,741,101,266,1,1,1
1013,4,1363,716,77,294,1,1,1
1013,5,1734,706,81,241,1,1,1
1013,7,564,462,22,62,1,1,1
1014,1,1340,743,124,327,1,1,1
1014,2,1247,690,125,268,1,1,1
1014,3,1288,742,104,269,1,1,1
1014,4,1366,719,73,289,1,1,1
1014,5,1733,699,112,253,1,1,1
1014,7,565,466,22,62,1,1,1
1015,1,1339,741,127,327,1,1,1
1015,2,1250,689,125,268,1,1,1
1015,3,1286,739,109,268,1,1,1
1015,4,1366,719,73,290,1,1,1
1015,5,1732,702,131,247,1,1,1
1015,7,565,470,22,62,1,1,1
1016,1,1340,743,126,327,1,1,1
1016,2,1249,688,125,270,1,1,1
1016,3,1293,739,102,268,1,1,1
1016,4,1367,721,73,286,1,1,1
1016,5,1733,706,137,247,1,1,1
1016,7,565,473,22,62,1,1,1
1017,1,1339,743,129,327,1,1,1
1017,2,1246,686,125,268,1,1,1
1017,3,1292,740,99,273,1,1,1
1017,4,1363,720,77,284,1,1,1
1017,5,1732,709,144,247,1,1,1
1017,7,564,473,22,62,1,1,1
1018,1,1344,739,133,327,1,1,1
1018,2,1243,688,125,269,1,1,1
1018,3,1289,741,102,273,1,1,1
1018,4,1365,716,72,289,1,1,1
1018,5,1735,712,144,247,1,1,1
1018,7,562,474,22,62,1,1,1
1019,1,1345,740,121,327,1,1,1
1019,2,1249,687,116,270,1,1,1
1019,3,1292,742,99,271,1,1,1
1019,4,1364,718,72,288,1,1,1
1019,5,1736,714,144,247,1,1,1
1019,7,562,477,22,62,1,1,1
1020,1,1342,742,127,327,1,1,1
1020,2,1247,684,114,277,1,1,1
1020,3,1295,740,98,274,1,1,1
1020,4,1364,717,74,287,1,1,1
1020,5,1740,716,137,247,1,1,1
1020,7,563,476,22,62,1,1,1
1021,1,1341,738,127,327,1,1,1
1021,2,1247,684,106,270,1,1,1
1021,3,1295,740,99,274,1,1,1
1021,4,1363,717,75,286,1,1,1
1021,5,1743,715,137,252,1,1,1
1021,7,563,474,22,62,1,1,1
1022,1,1343,740,124,327,1,1,1
1022,2,1249,685,90,270,1,1,1
1022,3,1291,740,101,273,1,1,1
1022,4,1363,718,77,286,1,1,1
1022,5,1751,713,131,252,1,1,1
1022,7,564,472,22,62,1,1,1
1023,1,1339,741,128,327,1,1,1
1023,2,1244,685,90,273,1,1,1
1023,3,1289,739,105,274,1,1,1
1023,4,1363,718,86,288,1,1,1
1023,5,1761,715,119,252,1,1,1
1023,7,564,475,22,62,1,1,1
1024,1,1338,741,126,327,1,1,1
1024,2,1246,680,83,280,1,1,1
1024,3,1290,740,105,272,1,1,1
1024,4,1363,718,87,287,1,1,1
1024,5,1775,716,106,252,1,1,1
1024,7,564,475,22,62,1,1,1
1025,1,1337,740,127,327,1,1,1
1025,2,1243,683,83,279,1,1,1
1025,3,1295,727,94,284,1,1,1
1025,4,1364,718,88,287,1,1,1
1025,5,1787,715,93,252,1,1,1
1025,7,562,475,22,62,1,1,1
1026,1,1337,742,127,326,1,1,1
1026,2,1240,681,85,286,1,1,1
1026,3,1290,738,101,274,1,1,1
1026,4,1362,716,90,289,1,1,1
1026,5,1800,715,88,252,1,1,1
1026,7,563,476,22,62,1,1,1
1027,1,1334,741,128,327,1,1,1
1027,2,1236,680,87,286,1,1,1
1027,3,1290,741,101,271,1,1,1
1027,4,1362,714,93,294,1,1,1
1027,5,1811,715,104,252,1,1,1
1027,7,562,476,22,62,1,1,1
1028,1,1338,739,125,327,1,1,1
1028,2,1233,681,85,286,1,1,1
1028,3,1289,741,101,272,1,1,1
1028,4,1363,721,93,286,1,1,1
1028,5,1812,718,104,252,1,1,1
1028,7,561,474,22,62,1,1,1
1029,1,1339,741,120,327,1,1,1
1029,2,1234,680,82,286,1,1,1
1029,3,1292,743,98,270,1,1,1
1029,4,1361,717,97,286,1,1,1
1029,5,1816,720,104,252,1,1,1
1029,7,564,473,22,62,1,1,1
1030,1,1338,739,118,327,1,1,1
1030,2,1226,682,85,286,1,1,1
1030,3,1292,743,99,270,1,1,1
1030,4,1362,718,98,286,1,1,1
1030,5,1820,723,100,252,1,1,1
1030,7,565,477,19,62,1,1,1
1031,1,1342,740,118,327,1,1,1
1031,2,1224,683,90,286,1,1,1
1031,3,1285,741,108,272,1,1,1
1031,4,1358,720,102,286,1,1,1
1031,5,1825,721,95,256,1,1,1
1031,7,563,473,22,62,1,1,1
1032,1,1341,741,118,327,1,1,1
1032,2,1220,688,90,286,1,1,1
1032,3,1287,743,100,269,1,1,1
1032,4,1358,720,108,286,1,1,1
1032,5,1823,725,96,256,1,1,1
1032,7,563,470,22,62,1,1,1
1033,1,1340,741,118,327,1,1,1
1033,2,1218,684,90,286,1,1,1
1033,3,1285,744,101,268,1,1,1
1033,4,1359,720,110,286,1,1,1
1033,5,1825,728,94,256,1,1,1
1033,7,562,472,22,62,1,1,1
1034,1,1338,742,118,327,1,1,1
1034,2,1216,685,90,286,1,1,1
1034,3,1285,743,101,269,1,1,1
1034,4,1360,720,108,286,1,1,1
1034,5,1826,727,94,259,1,1,1
1034,7,564,473,22,62,1,1,1
1035,1,1333,741,118,327,1,1,1
1035,2,1216,689,90,286,1,1,1
1035,3,1285,743,102,269,1,1,1
1035,4,1354,715,113,293,1,1,1
1035,5,1829,728,91,259,1,1,1
1035,7,562,474,22,62,1,1,1
1036,1,1339,742,112,327,1,1,1
1036,2,1226,685,79,286,1,1,1
1036,3,1286,740,97,273,1,1,1
1036,4,1355,717,116,286,1,1,1
1036,5,1833,728,87,259,1,1,1
1036,7,562,475,22,62,1,1,1
1037,1,1338,741,112,327,1,1,1
1037,2,1220,691,83,283,1,1,1
1037,3,1285,741,99,271,1,1,1
1037,4,1352,721,131,286,1,1,1
1037,5,1839,724,81,259,1,1,1
1037,7,563,474,22,62,1,1,1
1038,1,1342,741,108,327,1,1,1
1038,2,1219,691,82,286,1,1,1
1038,3,1285,742,99,272,1,1,1
1038,4,1347,720,128,286,1,1,1
1038,5,1850,725,70,259,1,1,1
1038,7,563,473,22,62,1,1,1
1039,1,1342,741,107,327,1,1,1
1039,2,1220,694,79,286,1,1,1
1039,3,1284,740,99,272,1,1,1
1039,4,1355,719,125,286,1,1,1
1039,5,1862,725,57,259,1,1,1
1039,7,563,470,21,62,1,1,1
1040,1,1338,742,112,327,1,1,1
1040,2,1217,692,80,295,1,1,1
1040,3,1283,741,100,272,1,1,1
1040,4,1349,723,131,286,1,1,1
1040,5,1877,734,44,277,1,1,1
1040,7,563,468,19,62,1,1,1
1041,1,1339,741,111,327,1,1,1
1041,2,1212,687,86,295,1,1,1
1041,3,1282,739,98,274,1,1,1
1041,4,1350,718,126,286,1,1,1
1041,7,563,470,17,66,1,1,1
1042,1,1342,742,108,327,1,1,1
1042,2,1210,695,86,284,1,1,1
1042,3,1282,738,98,274,1,1,1
1042,4,1348,722,128,286,1,1,1
1042,7,563,469,20,66,1,1,1
1043,1,1342,743,108,327,1,1,1
1043,2,1207,694,88,281,1,1,1
1043,3,1282,738,98,274,1,1,1
1043,4,1348,722,128,286,1,1,1
1043,7,562,471,21,66,1,1,1
