1,1,218,340,105,190,1,1,1
2,1,219,340,105,189,1,1,1
3,1,219,340,105,189,1,1,1
4,1,219,342,105,190,1,1,1
5,1,217,343,105,189,1,1,1
6,1,219,340,105,190,1,1,1
7,1,218,343,105,190,1,1,1
8,1,219,342,105,190,1,1,1
9,1,217,343,105,189,1,1,1
10,1,217,343,105,189,1,1,1
11,1,218,343,105,190,1,1,1
12,1,217,342,105,190,1,1,1
13,1,218,342,105,190,1,1,1
14,1,218,342,105,190,1,1,1
15,1,220,342,105,189,1,1,1
16,1,218,340,105,189,1,1,1
17,1,219,341,105,190,1,1,1
18,1,219,340,105,190,1,1,1
19,1,218,341,105,190,1,1,1
20,1,219,340,105,190,1,1,1
21,1,218,340,105,189,1,1,1
22,1,219,340,105,190,1,1,1
23,1,219,340,105,190,1,1,1
24,1,220,341,105,189,1,1,1
25,1,220,340,105,190,1,1,1
26,1,220,341,105,189,1,1,1
27,1,220,340,105,189,1,1,1
28,1,220,340,105,189,1,1,1
29,1,219,340,105,189,1,1,1
30,1,220,342,104,190,1,1,1
31,1,221,342,103,190,1,1,1
32,1,220,343,104,190,1,1,1
33,1,221,341,104,190,1,1,1
34,1,220,343,104,189,1,1,1
35,1,218,340,106,189,1,1,1
36,1,217,342,106,189,1,1,1
37,1,216,341,106,189,1,1,1
38,1,218,342,105,190,1,1,1
39,1,217,340,106,189,1,1,1
40,1,217,340,106,189,1,1,1
41,1,216,340,106,189,1,1,1
42,1,216,340,106,190,1,1,1
43,1,215,340,106,189,1,1,1
44,1,214,341,106,189,1,1,1
45,1,216,340,106,190,1,1,1
46,1,215,340,106,189,1,1,1
47,1,215,340,105,190,1,1,1
48,1,214,340,106,190,1,1,1
49,1,214,340,105,189,1,1,1
50,1,215,343,105,190,1,1,1
51,1,213,340,106,190,1,1,1
52,1,213,340,106,190,1,1,1
53,1,213,340,105,189,1,1,1
54,1,213,340,106,190,1,1,1
55,1,213,340,106,189,1,1,1
56,1,213,340,105,190,1,1,1
57,1,213,340,105,190,1,1,1
58,1,213,340,105,189,1,1,1
59,1,212,340,106,189,1,1,1
60,1,212,340,106,190,1,1,1
61,1,212,340,105,189,1,1,1
62,1,212,340,105,190,1,1,1
63,1,212,340,106,190,1,1,1
64,1,212,340,106,190,1,1,1
65,1,212,340,105,189,1,1,1
66,1,212,340,105,189,1,1,1
67,1,212,340,105,189,1,1,1
68,1,212,340,106,190,1,1,1
69,1,212,339,109,191,1,1,1
70,1,212,339,108,191,1,1,1
71,1,213,339,109,190,1,1,1
72,1,213,339,109,191,1,1,1
73,1,214,339,109,190,1,1,1
74,1,215,339,109,191,1,1,1
75,1,216,339,109,191,1,1,1
76,1,218,339,109,191,1,1,1
77,1,220,339,108,191,1,1,1
78,1,223,339,109,190,1,1,1
79,1,221,341,108,191,1,1,1
80,1,226,340,108,190,1,1,1
81,1,227,339,108,190,1,1,1
82,1,224,338,109,191,1,1,1
83,1,228,339,109,190,1,1,1
84,1,230,339,108,191,1,1,1
85,1,230,339,109,191,1,1,1
86,1,231,339,108,190,1,1,1
87,1,232,339,109,191,1,1,1
88,1,231,339,109,191,1,1,1
89,1,234,339,108,190,1,1,1
90,1,234,339,109,190,1,1,1
91,1,229,339,114,191,1,1,1
92,1,231,339,113,191,1,1,1
93,1,231,339,114,190,1,1,1
94,1,231,337,114,193,1,1,1
95,1,231,337,113,193,1,1,1
96,1,231,337,113,192,1,1,1
97,1,227,333,114,196,1,1,1
98,1,228,334,114,195,1,1,1
99,1,225,330,120,205,1,1,1
100,1,229,329,109,205,1,1,1
101,1,225,323,109,208,1,1,1
102,1,228,326,109,209,1,1,1
103,1,222,321,109,209,1,1,1
104,1,221,321,109,209,1,1,1
105,1,221,320,109,209,1,1,1
106,1,222,319,110,213,1,1,1
107,1,219,316,109,214,1,1,1
108,1,220,319,106,214,1,1,1
109,1,221,314,106,218,1,1,1
110,1,220,309,104,223,1,1,1
111,1,222,311,104,224,1,1,1
112,1,222,310,103,224,1,1,1
113,1,223,308,103,224,1,1,1
114,1,223,308,104,223,1,1,1
115,1,223,309,104,224,1,1,1
116,1,221,308,104,223,1,1,1
117,1,226,308,104,224,1,1,1
118,1,226,306,104,224,1,1,1
119,1,227,306,104,224,1,1,1
120,1,229,306,104,224,1,1,1
121,1,230,303,104,229,1,1,1
122,1,232,302,103,231,1,1,1
123,1,233,299,103,232,1,1,1
124,1,235,297,104,236,1,1,1
125,1,239,291,97,241,1,1,1
126,1,238,292,97,242,1,1,1
127,1,241,292,97,241,1,1,1
128,1,244,291,97,241,1,1,1
129,1,245,292,97,241,1,1,1
130,1,244,287,97,244,1,1,1
131,1,242,287,97,244,1,1,1
132,1,247,286,92,246,1,1,1
133,1,248,288,92,245,1,1,1
134,1,251,286,92,246,1,1,1
135,1,249,287,93,246,1,1,1
136,1,248,286,93,246,1,1,1
137,1,248,286,92,246,1,1,1
138,1,249,287,93,245,1,1,1
139,1,250,285,93,246,1,1,1
140,1,251,285,92,246,1,1,1
141,1,248,281,92,246,1,1,1
142,1,248,278,92,249,1,1,1
143,1,250,278,92,248,1,1,1
144,1,252,277,92,248,1,1,1
145,1,253,273,92,249,1,1,1
146,1,250,268,93,249,1,1,1
147,1,253,270,92,239,1,1,1
148,1,256,265,87,240,1,1,1
149,1,255,258,87,241,1,1,1
150,1,260,263,83,240,1,1,1
151,1,258,263,85,240,1,1,1
152,1,260,263,85,240,1,1,1
153,1,262,259,78,240,1,1,1
154,1,263,261,78,240,1,1,1
155,1,266,265,78,233,1,1,1
156,1,267,267,77,233,1,1,1
157,1,267,266,77,233,1,1,1
158,1,268,266,78,233,1,1,1
159,1,269,264,78,233,1,1,1
160,1,270,264,78,233,1,1,1
161,1,272,259,78,234,1,1,1
162,1,272,258,78,233,1,1,1
163,1,275,255,78,234,1,1,1
164,1,276,252,77,234,1,1,1
165,1,276,259,74,213,1,1,1
166,1,278,260,74,208,1,1,1
167,1,279,257,74,208,1,1,1
168,1,280,257,73,209,1,1,1
169,1,279,256,74,209,1,1,1
170,1,278,257,74,209,1,1,1
171,1,277,256,74,209,1,1,1
172,1,278,253,74,209,1,1,1
173,1,279,257,74,209,1,1,1
174,1,279,254,74,209,1,1,1
175,1,280,254,74,208,1,1,1
176,1,276,254,74,208,1,1,1
177,1,277,254,74,208,1,1,1
178,1,276,251,74,208,1,1,1
179,1,277,247,74,209,1,1,1
180,1,274,249,74,209,1,1,1
181,1,272,245,74,209,1,1,1
182,1,273,244,74,209,1,1,1
183,1,274,247,74,200,1,1,1
184,1,271,246,75,192,1,1,1
185,1,271,245,76,193,1,1,1
186,1,270,246,75,193,1,1,1
187,1,273,244,71,195,1,1,1
188,1,275,243,72,194,1,1,1
189,1,273,241,71,195,1,1,1
190,1,272,244,71,194,1,1,1
191,1,275,243,72,195,1,1,1
192,1,274,243,72,195,1,1,1
193,1,275,244,72,195,1,1,1
194,1,277,241,69,195,1,1,1
195,1,276,241,69,194,1,1,1
196,1,275,242,68,194,1,1,1
197,1,276,241,68,192,1,1,1
198,1,278,240,68,192,1,1,1
199,1,278,238,68,192,1,1,1
200,1,278,238,68,193,1,1,1
201,1,278,234,69,193,1,1,1
202,1,278,236,69,193,1,1,1
203,1,280,235,67,183,1,1,1
204,1,280,233,66,183,1,1,1
205,1,280,232,66,184,1,1,1
206,1,280,232,66,184,1,1,1
207,1,282,229,64,183,1,1,1
208,1,282,233,64,178,1,1,1
209,1,281,233,64,178,1,1,1
210,1,281,233,64,178,1,1,1
211,1,281,233,64,178,1,1,1
212,1,281,232,64,178,1,1,1
213,1,281,233,64,178,1,1,1
214,1,281,231,64,178,1,1,1
215,1,280,230,64,178,1,1,1
216,1,278,231,64,178,1,1,1
217,1,278,228,64,178,1,1,1
218,1,277,224,64,178,1,1,1
219,1,276,226,64,178,1,1,1
220,1,274,226,64,178,1,1,1
221,1,275,225,64,171,1,1,1
222,1,272,226,64,170,1,1,1
223,1,273,223,64,171,1,1,1
224,1,272,225,64,170,1,1,1
225,1,271,226,64,170,1,1,1
226,1,271,223,65,170,1,1,1
227,1,273,224,64,170,1,1,1
228,1,272,221,64,170,1,1,1
229,1,270,223,64,171,1,1,1
230,1,272,224,64,166,1,1,1
231,1,273,223,64,166,1,1,1
232,1,274,223,64,166,1,1,1
233,1,273,223,64,166,1,1,1
234,1,274,223,64,166,1,1,1
235,1,274,222,64,166,1,1,1
236,1,274,224,64,166,1,1,1
237,1,275,221,64,166,1,1,1
238,1,276,211,64,167,1,1,1
239,1,275,217,64,167,1,1,1
240,1,276,215,64,167,1,1,1
241,1,276,212,64,167,1,1,1
242,1,277,217,61,160,1,1,1
243,1,278,216,61,160,1,1,1
244,1,276,214,61,160,1,1,1
245,1,276,215,61,160,1,1,1
246,1,278,214,61,161,1,1,1
247,1,277,215,61,161,1,1,1
248,1,276,213,61,160,1,1,1
249,1,277,213,61,160,1,1,1
250,1,276,215,61,160,1,1,1
251,1,278,212,61,160,1,1,1
252,1,277,212,61,160,1,1,1
253,1,277,216,57,153,1,1,1
254,1,278,215,57,153,1,1,1
255,1,278,216,57,153,1,1,1
256,1,276,216,57,153,1,1,1
257,1,275,213,56,153,1,1,1
258,1,274,212,56,153,1,1,1
259,1,274,210,56,155,1,1,1
260,1,276,211,56,155,1,1,1
261,1,274,210,56,151,1,1,1
262,1,274,209,56,151,1,1,1
263,1,275,211,57,149,1,1,1
264,1,275,209,57,149,1,1,1
265,1,275,208,57,149,1,1,1
266,1,275,209,57,149,1,1,1
267,1,276,209,57,149,1,1,1
268,1,275,207,57,150,1,1,1
269,1,276,207,58,150,1,1,1
270,1,276,207,57,149,1,1,1
271,1,275,207,57,150,1,1,1
272,1,277,208,58,150,1,1,1
273,1,276,207,58,150,1,1,1
274,1,277,208,58,149,1,1,1
275,1,275,207,57,150,1,1,1
276,1,276,205,58,149,1,1,1
277,1,276,203,58,149,1,1,1
278,1,278,199,57,149,1,1,1
279,1,277,203,58,149,1,1,1
280,1,279,204,57,149,1,1,1
281,1,279,201,57,149,1,1,1
282,1,280,203,53,143,1,1,1
283,1,279,201,53,144,1,1,1
284,1,279,204,53,143,1,1,1
285,1,279,202,53,143,1,1,1
286,1,280,204,54,143,1,1,1
287,1,280,204,53,143,1,1,1
288,1,281,200,54,144,1,1,1
289,1,281,200,54,143,1,1,1
290,1,280,200,53,143,1,1,1
291,1,279,197,53,144,1,1,1
292,1,279,200,53,143,1,1,1
293,1,280,199,54,144,1,1,1
294,1,281,199,53,144,1,1,1
295,1,279,198,53,143,1,1,1
296,1,280,199,53,144,1,1,1
297,1,281,195,54,143,1,1,1
298,1,282,197,53,143,1,1,1
299,1,281,194,54,144,1,1,1
300,1,282,191,54,143,1,1,1
301,1,280,195,55,143,1,1,1
302,1,281,196,55,143,1,1,1
303,1,282,195,55,143,1,1,1
304,1,283,196,54,143,1,1,1
305,1,284,193,54,144,1,1,1
306,1,284,191,54,144,1,1,1
307,1,287,191,54,144,1,1,1
308,1,286,192,55,143,1,1,1
309,1,288,191,54,144,1,1,1
310,1,287,193,54,144,1,1,1
311,1,290,192,54,144,1,1,1
312,1,290,194,55,144,1,1,1
313,1,293,191,54,144,1,1,1
314,1,295,190,55,143,1,1,1
315,1,292,185,60,143,1,1,1
316,1,294,194,60,133,1,1,1
317,1,294,194,61,133,1,1,1
318,1,298,193,60,132,1,1,1
319,1,298,195,61,132,1,1,1
320,1,299,193,60,132,1,1,1
321,1,303,194,60,132,1,1,1
322,1,302,194,60,128,1,1,1
323,1,303,192,60,129,1,1,1
324,1,303,194,60,129,1,1,1
325,1,306,194,60,129,1,1,1
326,1,307,193,60,129,1,1,1
327,1,310,192,61,129,1,1,1
328,1,311,195,60,128,1,1,1
329,1,314,192,60,128,1,1,1
330,1,316,191,60,129,1,1,1
331,1,317,190,60,128,1,1,1
332,1,317,191,61,128,1,1,1
333,1,318,189,60,128,1,1,1
334,1,319,189,60,128,1,1,1
335,1,318,192,53,128,1,1,1
336,1,321,190,53,127,1,1,1
337,1,323,188,53,128,1,1,1
338,1,323,187,54,128,1,1,1
339,1,324,187,54,128,1,1,1
340,1,324,187,54,128,1,1,1
341,1,326,187,53,128,1,1,1
342,1,326,187,53,128,1,1,1
343,1,328,187,53,128,1,1,1
344,1,328,187,53,128,1,1,1
345,1,332,186,51,128,1,1,1
346,1,329,186,54,128,1,1,1
347,1,331,189,50,121,1,1,1
348,1,332,186,53,122,1,1,1
349,1,333,190,53,122,1,1,1
350,1,334,191,53,122,1,1,1
351,1,334,192,53,122,1,1,1
352,1,334,190,59,122,1,1,1
353,1,336,190,59,122,1,1,1
354,1,337,191,59,122,1,1,1
355,1,338,190,59,122,1,1,1
356,1,340,189,59,121,1,1,1
357,1,342,187,59,122,1,1,1
358,1,348,187,43,119,1,1,1
359,1,348,186,43,122,1,1,1
360,1,351,187,43,122,1,1,1
361,1,351,189,43,121,1,1,1
362,1,358,186,40,122,1,1,1
363,1,355,186,44,122,1,1,1
364,1,355,186,46,122,1,1,1
365,1,354,187,48,122,1,1,1
366,1,356,183,48,122,1,1,1
367,1,358,188,48,122,1,1,1
368,1,358,187,49,122,1,1,1
369,1,361,186,48,123,1,1,1
370,1,363,186,48,123,1,1,1
371,1,362,185,50,123,1,1,1
372,1,366,185,50,122,1,1,1
373,1,368,188,50,114,1,1,1
374,1,366,184,51,122,1,1,1
375,1,366,182,50,122,1,1,1
376,1,370,184,48,119,1,1,1
377,1,372,185,47,112,1,1,1
378,1,373,186,46,112,1,1,1
379,1,374,187,47,112,1,1,1
380,1,376,188,46,111,1,1,1
381,1,377,186,47,112,1,1,1
382,1,378,188,47,111,1,1,1
383,1,381,186,46,112,1,1,1
384,1,381,188,46,111,1,1,1
385,1,385,183,46,118,1,1,1
386,1,383,182,49,118,1,1,1
387,1,381,180,55,118,1,1,1
388,1,383,182,48,115,1,1,1
389,1,384,184,48,115,1,1,1
390,1,386,183,48,114,1,1,1
391,1,387,182,48,115,1,1,1
392,1,386,182,48,115,1,1,1
393,1,390,182,48,115,1,1,1
394,1,388,182,48,115,1,1,1
395,1,388,182,48,114,1,1,1
396,1,392,184,45,111,1,1,1
397,1,392,182,45,111,1,1,1
398,1,392,182,46,111,1,1,1
399,1,397,181,43,117,1,1,1
400,1,392,183,48,117,1,1,1
401,1,392,179,48,117,1,1,1
402,1,394,181,48,117,1,1,1
403,1,394,180,48,117,1,1,1
404,1,395,181,46,115,1,1,1
405,1,395,182,46,116,1,1,1
406,1,396,180,46,115,1,1,1
407,1,394,182,46,115,1,1,1
408,1,396,181,45,116,1,1,1
409,1,394,178,46,116,1,1,1
410,1,395,178,45,116,1,1,1
411,1,394,178,46,115,1,1,1
412,1,394,177,46,115,1,1,1
413,1,394,176,46,116,1,1,1
414,1,395,179,44,110,1,1,1
415,1,395,178,43,111,1,1,1
416,1,394,179,44,110,1,1,1
417,1,395,178,43,110,1,1,1
418,1,395,178,43,110,1,1,1
419,1,395,178,43,110,1,1,1
420,1,394,176,43,111,1,1,1
421,1,394,176,44,111,1,1,1
422,1,394,176,44,111,1,1,1
423,1,394,176,44,110,1,1,1
424,1,394,175,44,110,1,1,1
425,1,395,176,41,110,1,1,1
426,1,394,181,41,104,1,1,1
427,1,394,178,41,107,1,1,1
428,1,395,178,43,109,1,1,1
429,1,394,167,43,121,1,1,1
430,1,394,181,39,103,1,1,1
431,1,393,180,42,106,1,1,1
432,1,395,180,38,108,1,1,1
433,1,396,178,38,105,1,1,1
434,1,394,178,43,101,1,1,1
435,1,394,176,43,105,1,1,1
436,1,395,176,38,104,1,1,1
437,1,394,175,44,105,1,1,1
438,1,392,175,42,105,1,1,1
439,1,393,176,43,100,1,1,1
440,1,393,176,42,102,1,1,1
441,1,393,173,42,106,1,1,1
442,1,392,173,43,107,1,1,1
443,1,393,174,43,106,1,1,1
444,1,392,174,43,106,1,1,1
445,1,391,173,42,106,1,1,1
446,1,391,173,42,107,1,1,1
447,1,390,174,43,101,1,1,1
448,1,388,174,43,105,1,1,1
449,1,389,174,43,105,1,1,1
450,1,387,169,43,105,1,1,1
451,1,387,170,43,105,1,1,1
452,1,387,175,38,101,1,1,1
453,1,385,169,43,105,1,1,1
454,1,385,168,43,105,1,1,1
455,1,383,170,43,105,1,1,1
456,1,384,171,43,105,1,1,1
457,1,384,169,43,105,1,1,1
458,1,383,170,42,105,1,1,1
459,1,384,170,42,105,1,1,1
460,1,383,172,42,105,1,1,1
461,1,381,171,43,105,1,1,1
462,1,381,169,43,105,1,1,1
463,1,382,171,43,105,1,1,1
464,1,383,169,43,105,1,1,1
465,1,382,169,43,105,1,1,1
466,1,382,168,43,105,1,1,1
467,1,383,166,43,104,1,1,1
468,1,383,166,42,105,1,1,1
469,1,383,165,42,105,1,1,1
470,1,383,171,43,99,1,1,1
471,1,383,170,43,99,1,1,1
472,1,383,169,42,99,1,1,1
473,1,382,169,43,99,1,1,1
474,1,382,169,43,99,1,1,1
475,1,382,168,43,99,1,1,1
476,1,381,169,43,99,1,1,1
477,1,381,168,43,99,1,1,1
478,1,380,168,43,99,1,1,1
479,1,380,168,43,99,1,1,1
480,1,380,167,43,99,1,1,1
481,1,379,168,43,99,1,1,1
482,1,379,164,43,99,1,1,1
483,1,378,165,45,104,1,1,1
484,1,378,164,45,104,1,1,1
485,1,377,163,45,104,1,1,1
486,1,377,162,45,104,1,1,1
487,1,377,162,45,104,1,1,1
488,1,376,161,45,104,1,1,1
489,1,376,161,45,104,1,1,1
490,1,375,167,45,98,1,1,1
491,1,374,166,45,97,1,1,1
492,1,374,166,45,97,1,1,1
493,1,374,166,45,97,1,1,1
494,1,375,164,45,98,1,1,1
495,1,375,165,45,97,1,1,1
496,1,374,168,46,94,1,1,1
497,1,374,166,45,95,1,1,1
498,1,374,165,46,95,1,1,1
499,1,374,165,46,95,1,1,1
500,1,375,164,45,95,1,1,1
501,1,376,164,45,95,1,1,1
502,1,377,166,43,91,1,1,1
503,1,378,165,43,90,1,1,1
504,1,378,166,43,90,1,1,1
505,1,379,166,43,90,1,1,1
506,1,380,164,43,90,1,1,1
507,1,380,164,43,91,1,1,1
508,1,381,163,43,91,1,1,1
509,1,381,167,43,87,1,1,1
510,1,382,164,43,88,1,1,1
511,1,383,164,43,88,1,1,1
512,1,383,164,42,88,1,1,1
513,1,384,167,41,83,1,1,1
514,1,385,167,40,83,1,1,1
515,1,385,166,40,83,1,1,1
516,1,385,167,41,83,1,1,1
517,1,386,167,41,83,1,1,1
518,1,386,167,41,83,1,1,1
519,1,386,167,41,83,1,1,1
520,1,386,166,41,83,1,1,1
521,1,387,166,41,82,1,1,1
522,1,386,165,41,82,1,1,1
523,1,386,164,41,83,1,1,1
524,1,387,164,41,83,1,1,1
525,1,387,165,41,82,1,1,1
526,1,387,164,41,83,1,1,1
527,1,388,164,41,83,1,1,1
528,1,388,166,41,82,1,1,1
529,1,388,165,41,87,1,1,1
530,1,387,163,41,88,1,1,1
531,1,388,163,41,88,1,1,1
532,1,388,162,41,88,1,1,1
533,1,388,162,41,88,1,1,1
534,1,389,162,41,88,1,1,1
535,1,389,162,41,88,1,1,1
536,1,391,163,40,88,1,1,1
537,1,391,164,40,87,1,1,1
538,1,391,163,40,88,1,1,1
539,1,392,163,40,87,1,1,1
540,1,392,163,41,87,1,1,1
541,1,393,163,40,88,1,1,1
542,1,394,164,40,87,1,1,1
543,1,394,163,41,87,1,1,1
544,1,395,163,41,88,1,1,1
545,1,396,163,41,88,1,1,1
546,1,396,162,41,88,1,1,1
547,1,396,162,41,88,1,1,1
548,1,396,162,41,87,1,1,1
549,1,397,162,41,87,1,1,1
550,1,397,161,41,87,1,1,1
551,1,397,161,41,87,1,1,1
552,1,397,161,41,87,1,1,1
553,1,398,160,39,83,1,1,1
554,1,399,162,39,83,1,1,1
555,1,399,162,38,83,1,1,1
556,1,399,162,38,83,1,1,1
557,1,398,162,39,83,1,1,1
558,1,399,163,38,83,1,1,1
559,1,399,165,37,79,1,1,1
560,1,398,164,37,79,1,1,1
561,1,398,162,37,81,1,1,1
562,1,399,162,37,82,1,1,1
563,1,398,161,37,82,1,1,1
564,1,397,160,37,81,1,1,1
565,1,397,160,37,81,1,1,1
566,1,396,161,37,81,1,1,1
567,1,396,161,37,81,1,1,1
568,1,396,159,37,81,1,1,1
569,1,395,158,37,81,1,1,1
570,1,395,158,37,81,1,1,1
571,1,394,159,36,78,1,1,1
572,1,394,160,36,77,1,1,1
573,1,394,160,35,77,1,1,1
574,1,394,159,35,78,1,1,1
575,1,393,159,36,78,1,1,1
576,1,393,159,36,77,1,1,1
577,1,393,159,36,77,1,1,1
578,1,393,158,36,78,1,1,1
579,1,393,158,35,78,1,1,1
580,1,392,158,36,82,1,1,1
581,1,393,157,35,81,1,1,1
582,1,392,156,36,82,1,1,1
583,1,392,156,35,82,1,1,1
584,1,391,156,36,82,1,1,1
585,1,391,155,36,82,1,1,1
586,1,390,155,35,82,1,1,1
587,1,390,155,35,82,1,1,1
588,1,389,155,36,82,1,1,1
589,1,389,156,35,82,1,1,1
590,1,389,155,35,82,1,1,1
591,1,388,155,36,82,1,1,1
592,1,388,155,36,82,1,1,1
593,1,387,156,36,82,1,1,1
594,1,387,156,35,82,1,1,1
595,1,386,156,36,82,1,1,1
596,1,381,155,35,82,1,1,1
597,1,384,155,35,82,1,1,1
598,1,377,154,35,82,1,1,1
599,1,380,155,35,82,1,1,1
600,1,379,155,36,82,1,1,1
601,1,378,156,35,82,1,1,1
602,1,377,155,35,82,1,1,1
603,1,375,155,36,82,1,1,1
604,1,374,155,35,82,1,1,1
605,1,372,155,35,82,1,1,1
606,1,371,155,35,82,1,1,1
607,1,369,153,36,82,1,1,1
608,1,368,155,36,82,1,1,1
609,1,367,155,36,82,1,1,1
610,1,368,155,30,83,1,1,1
611,1,367,154,32,86,1,1,1
612,1,366,153,32,86,1,1,1
613,1,365,157,31,79,1,1,1
614,1,364,155,34,81,1,1,1
615,1,362,154,33,80,1,1,1
616,1,360,156,34,82,1,1,1
617,1,360,158,33,75,1,1,1
618,1,360,156,33,75,1,1,1
619,1,360,157,33,75,1,1,1
620,1,359,157,33,75,1,1,1
621,1,358,157,33,76,1,1,1
622,1,357,157,33,76,1,1,1
623,1,357,155,33,76,1,1,1
624,1,356,156,33,75,1,1,1
625,1,356,156,32,75,1,1,1
626,1,355,156,32,75,1,1,1
627,1,353,155,33,76,1,1,1
628,1,353,155,32,76,1,1,1
629,1,352,155,32,76,1,1,1
630,1,352,157,31,71,1,1,1
631,1,351,157,31,72,1,1,1
632,1,351,157,31,71,1,1,1
633,1,349,156,33,75,1,1,1
634,1,349,154,32,76,1,1,1
635,1,345,154,35,76,1,1,1
636,1,342,154,37,76,1,1,1
637,1,342,155,36,75,1,1,1
638,1,342,155,35,76,1,1,1
639,1,341,154,35,76,1,1,1
640,1,341,155,33,75,1,1,1
641,1,341,155,32,75,1,1,1
642,1,339,154,32,76,1,1,1
643,1,338,153,32,75,1,1,1
644,1,337,154,32,75,1,1,1
645,1,336,152,32,75,1,1,1
646,1,335,152,33,75,1,1,1
647,1,337,155,31,72,1,1,1
648,1,335,155,31,72,1,1,1
649,1,334,154,32,76,1,1,1
650,1,332,156,31,73,1,1,1
651,1,332,153,32,73,1,1,1
652,1,332,153,32,75,1,1,1
653,1,331,155,33,75,1,1,1
654,1,329,153,33,75,1,1,1
655,1,328,154,32,75,1,1,1
656,1,328,155,33,75,1,1,1
657,1,327,155,32,75,1,1,1
658,1,325,155,32,75,1,1,1
659,1,325,154,32,74,1,1,1
660,1,327,154,33,74,1,1,1
661,1,326,153,32,75,1,1,1
662,1,327,150,32,75,1,1,1
663,1,327,153,28,73,1,1,1
664,1,328,151,28,74,1,1,1
665,1,329,151,27,74,1,1,1
666,1,328,151,27,74,1,1,1
667,1,326,153,28,73,1,1,1
668,1,325,153,28,73,1,1,1
669,1,323,151,28,74,1,1,1
670,1,323,150,28,74,1,1,1
671,1,324,151,28,74,1,1,1
672,1,323,153,27,74,1,1,1
673,1,320,152,28,74,1,1,1
674,1,320,151,28,74,1,1,1
675,1,318,151,28,74,1,1,1
676,1,320,153,26,72,1,1,1
677,1,321,153,25,71,1,1,1
678,1,317,151,25,70,1,1,1
679,1,315,153,29,71,1,1,1
680,1,315,151,28,71,1,1,1
681,1,313,154,31,71,1,1,1
682,1,313,153,31,71,1,1,1
683,1,310,151,32,71,1,1,1
684,1,308,153,33,68,1,1,1
685,1,309,157,31,64,1,1,1
686,1,308,152,27,68,1,1,1
687,1,311,153,28,68,1,1,1
688,1,310,153,29,68,1,1,1
689,1,307,150,29,72,1,1,1
690,1,303,150,27,71,1,1,1
691,1,301,151,29,72,1,1,1
692,1,301,152,29,72,1,1,1
693,1,301,154,29,68,1,1,1
694,1,302,153,28,70,1,1,1
695,1,301,150,29,70,1,1,1
696,1,300,151,29,70,1,1,1
697,1,300,153,29,70,1,1,1
698,1,301,152,29,70,1,1,1
699,1,300,151,29,70,1,1,1
700,1,299,153,29,70,1,1,1
701,1,297,151,29,70,1,1,1
702,1,299,151,28,70,1,1,1
703,1,296,150,29,70,1,1,1
704,1,297,150,29,70,1,1,1
705,1,297,150,29,70,1,1,1
706,1,296,150,29,70,1,1,1
707,1,296,150,28,70,1,1,1
708,1,295,150,28,70,1,1,1
709,1,294,151,29,70,1,1,1
710,1,294,151,29,70,1,1,1
711,1,293,150,28,70,1,1,1
712,1,293,150,28,70,1,1,1
713,1,292,153,28,70,1,1,1
714,1,290,151,29,70,1,1,1
715,1,290,151,29,70,1,1,1
716,1,288,151,29,70,1,1,1
717,1,287,150,30,73,1,1,1
718,1,287,150,28,70,1,1,1
719,1,286,151,28,70,1,1,1
720,1,285,149,28,70,1,1,1
721,1,283,149,28,70,1,1,1
722,1,282,149,29,70,1,1,1
723,1,281,148,29,70,1,1,1
724,1,281,149,27,67,1,1,1
725,1,280,148,27,67,1,1,1
726,1,280,146,27,67,1,1,1
727,1,279,146,27,67,1,1,1
728,1,279,147,27,67,1,1,1
729,1,278,148,27,67,1,1,1
730,1,277,149,27,66,1,1,1
731,1,276,150,27,67,1,1,1
732,1,276,151,26,63,1,1,1
733,1,275,152,27,66,1,1,1
734,1,274,150,27,67,1,1,1
735,1,273,152,27,68,1,1,1
736,1,272,152,27,67,1,1,1
737,1,271,152,29,69,1,1,1
738,1,269,150,29,70,1,1,1
739,1,269,150,28,70,1,1,1
740,1,268,149,29,70,1,1,1
741,1,268,149,29,70,1,1,1
742,1,267,148,29,70,1,1,1
743,1,267,149,29,70,1,1,1
744,1,267,148,28,70,1,1,1
745,1,266,148,28,70,1,1,1
746,1,265,150,26,67,1,1,1
747,1,265,149,26,66,1,1,1
748,1,260,148,26,66,1,1,1
749,1,260,150,26,66,1,1,1
750,1,258,149,29,66,1,1,1
751,1,257,149,29,66,1,1,1
752,1,257,149,29,66,1,1,1
753,1,257,149,29,66,1,1,1
754,1,256,149,29,66,1,1,1
755,1,256,150,29,66,1,1,1
756,1,255,149,29,66,1,1,1
757,1,254,148,29,66,1,1,1
758,1,253,148,29,66,1,1,1
759,1,253,147,29,66,1,1,1
760,1,253,146,29,66,1,1,1
761,1,252,147,29,66,1,1,1
762,1,252,147,29,66,1,1,1
763,1,251,146,29,66,1,1,1
764,1,251,146,29,66,1,1,1
765,1,251,144,30,69,1,1,1
766,1,247,148,31,66,1,1,1
767,1,249,147,30,67,1,1,1
768,1,247,147,31,67,1,1,1
769,1,247,149,29,63,1,1,1
770,1,247,148,29,64,1,1,1
771,1,247,149,29,64,1,1,1
772,1,247,149,29,64,1,1,1
773,1,246,149,29,64,1,1,1
774,1,246,149,29,63,1,1,1
775,1,246,148,29,64,1,1,1
776,1,245,147,30,67,1,1,1
777,1,245,147,30,66,1,1,1
778,1,244,148,30,66,1,1,1
779,1,244,148,31,66,1,1,1
780,1,242,147,26,65,1,1,1
781,1,243,148,26,65,1,1,1
782,1,241,147,28,69,1,1,1
783,1,241,147,28,69,1,1,1
784,1,241,147,27,69,1,1,1
785,1,240,147,28,69,1,1,1
786,1,241,146,27,68,1,1,1
787,1,240,146,28,68,1,1,1
788,1,239,146,28,68,1,1,1
789,1,238,146,28,69,1,1,1
790,1,238,146,28,69,1,1,1
791,1,237,147,28,69,1,1,1
792,1,237,146,28,68,1,1,1
793,1,237,146,27,69,1,1,1
794,1,235,146,28,69,1,1,1
795,1,235,145,28,69,1,1,1
796,1,235,147,26,65,1,1,1
797,1,234,146,26,66,1,1,1
798,1,233,146,27,66,1,1,1
799,1,233,145,26,66,1,1,1
800,1,233,147,26,62,1,1,1
801,1,232,146,27,65,1,1,1
802,1,231,145,27,66,1,1,1
803,1,231,146,27,65,1,1,1
804,1,231,146,27,65,1,1,1
805,1,231,146,26,66,1,1,1
806,1,230,146,27,65,1,1,1
807,1,230,146,27,65,1,1,1
808,1,231,146,26,65,1,1,1
809,1,230,147,26,63,1,1,1
810,1,231,149,24,59,1,1,1
811,1,230,147,26,63,1,1,1
812,1,230,145,27,65,1,1,1
813,1,230,147,26,62,1,1,1
814,1,230,146,25,63,1,1,1
815,1,230,146,25,63,1,1,1
816,1,229,147,26,62,1,1,1
817,1,229,147,26,62,1,1,1
818,1,229,147,26,62,1,1,1
819,1,229,146,26,63,1,1,1
820,1,229,146,25,63,1,1,1
821,1,229,147,26,62,1,1,1
822,1,229,146,25,63,1,1,1
823,1,228,147,26,62,1,1,1
824,1,228,147,26,62,1,1,1
825,1,228,147,26,62,1,1,1
826,1,228,146,26,62,1,1,1
827,1,227,146,26,63,1,1,1
828,1,228,146,25,63,1,1,1
829,1,227,146,26,63,1,1,1
830,1,227,146,22,62,1,1,1
831,1,227,146,25,63,1,1,1
832,1,226,145,25,62,1,1,1
833,1,225,144,26,65,1,1,1
834,1,225,144,26,65,1,1,1
835,1,224,143,26,65,1,1,1
836,1,224,145,26,62,1,1,1
837,1,224,146,24,59,1,1,1
838,1,224,146,24,59,1,1,1
839,1,224,146,24,59,1,1,1
840,1,224,146,24,59,1,1,1
841,1,223,145,24,60,1,1,1
842,1,222,141,25,62,1,1,1
843,1,222,143,24,60,1,1,1
844,1,221,141,26,62,1,1,1
845,1,221,142,25,58,1,1,1
846,1,222,141,24,59,1,1,1
847,1,221,141,24,59,1,1,1
848,1,221,141,25,59,1,1,1
849,1,221,138,25,62,1,1,1
850,1,221,142,25,58,1,1,1
851,1,221,142,24,58,1,1,1
852,1,221,142,25,59,1,1,1
853,1,221,143,25,59,1,1,1
854,1,221,142,25,62,1,1,1
855,1,221,142,26,62,1,1,1
856,1,220,141,26,62,1,1,1
857,1,220,141,26,62,1,1,1
858,1,221,141,25,62,1,1,1
859,1,220,139,26,62,1,1,1
860,1,220,139,26,62,1,1,1
861,1,220,138,26,62,1,1,1
862,1,221,139,25,62,1,1,1
863,1,220,138,26,62,1,1,1
864,1,221,139,26,62,1,1,1
865,1,222,140,25,58,1,1,1
866,1,222,139,25,59,1,1,1
867,1,222,140,24,59,1,1,1
868,1,222,140,25,58,1,1,1
869,1,222,140,25,59,1,1,1
870,1,222,140,25,58,1,1,1
871,1,222,141,25,58,1,1,1
872,1,222,141,25,58,1,1,1
873,1,223,141,24,59,1,1,1
874,1,223,141,24,59,1,1,1
875,1,223,142,24,59,1,1,1
876,1,223,143,25,59,1,1,1
877,1,222,140,26,62,1,1,1
878,1,223,139,25,62,1,1,1
879,1,223,139,25,62,1,1,1
880,1,223,139,25,62,1,1,1
881,1,223,140,26,62,1,1,1
882,1,223,140,26,62,1,1,1
883,1,223,140,26,62,1,1,1
884,1,223,138,26,62,1,1,1
885,1,223,137,25,62,1,1,1
886,1,225,139,24,59,1,1,1
887,1,223,139,26,62,1,1,1
888,1,225,140,24,59,1,1,1
889,1,225,138,24,59,1,1,1
890,1,225,138,24,59,1,1,1
891,1,226,138,24,59,1,1,1
892,1,226,138,24,59,1,1,1
893,1,228,138,24,59,1,1,1
894,1,228,138,25,59,1,1,1
895,1,228,138,25,59,1,1,1
896,1,228,139,25,59,1,1,1
897,1,229,139,24,59,1,1,1
898,1,229,138,25,59,1,1,1
899,1,230,140,24,56,1,1,1
900,1,233,140,21,58,1,1,1
1,2,328,285,55,222,1,1,1
2,2,325,283,55,222,1,1,1
3,2,324,284,56,222,1,1,1
4,2,326,283,55,222,1,1,1
5,2,325,284,55,222,1,1,1
6,2,327,283,48,222,1,1,1
7,2,326,281,48,223,1,1,1
8,2,327,284,48,222,1,1,1
9,2,327,283,48,223,1,1,1
10,2,327,284,48,223,1,1,1
11,2,326,283,50,223,1,1,1
12,2,326,286,50,224,1,1,1
13,2,327,283,50,223,1,1,1
14,2,327,281,50,226,1,1,1
15,2,328,282,50,226,1,1,1
16,2,328,280,50,226,1,1,1
17,2,328,281,50,226,1,1,1
18,2,327,282,50,226,1,1,1
19,2,327,284,50,226,1,1,1
20,2,328,284,50,226,1,1,1
21,2,328,284,54,225,1,1,1
22,2,327,284,57,226,1,1,1
23,2,328,285,59,226,1,1,1
24,2,326,283,63,226,1,1,1
25,2,328,281,63,226,1,1,1
26,2,328,283,63,226,1,1,1
27,2,328,284,63,226,1,1,1
28,2,328,283,67,226,1,1,1
29,2,327,281,64,226,1,1,1
30,2,328,282,60,226,1,1,1
31,2,328,281,57,226,1,1,1
32,2,328,281,55,226,1,1,1
33,2,329,281,53,226,1,1,1
34,2,329,279,49,226,1,1,1
35,2,328,281,52,226,1,1,1
36,2,326,279,54,226,1,1,1
37,2,326,281,54,226,1,1,1
38,2,326,282,53,226,1,1,1
39,2,327,285,51,215,1,1,1
40,2,327,285,51,216,1,1,1
41,2,327,291,51,215,1,1,1
42,2,327,284,51,221,1,1,1
43,2,327,282,51,228,1,1,1
44,2,327,283,51,228,1,1,1
45,2,328,275,51,232,1,1,1
46,2,328,277,51,231,1,1,1
47,2,329,277,51,231,1,1,1
48,2,328,277,51,231,1,1,1
49,2,328,275,51,232,1,1,1
50,2,329,276,55,231,1,1,1
51,2,327,275,55,232,1,1,1
52,2,327,275,55,232,1,1,1
53,2,328,275,55,232,1,1,1
54,2,328,275,55,232,1,1,1
55,2,328,276,55,231,1,1,1
56,2,328,276,55,231,1,1,1
57,2,328,276,55,231,1,1,1
58,2,328,276,55,231,1,1,1
59,2,328,277,55,231,1,1,1
60,2,328,278,55,232,1,1,1
61,2,328,277,55,232,1,1,1
62,2,329,276,55,232,1,1,1
63,2,329,278,55,231,1,1,1
64,2,329,277,55,231,1,1,1
65,2,329,276,55,232,1,1,1
66,2,329,274,55,232,1,1,1
67,2,331,278,52,230,1,1,1
68,2,332,280,52,226,1,1,1
69,2,333,280,51,227,1,1,1
70,2,334,279,51,227,1,1,1
71,2,334,280,51,227,1,1,1
72,2,333,286,53,221,1,1,1
73,2,334,285,53,221,1,1,1
74,2,332,286,58,221,1,1,1
75,2,335,286,58,221,1,1,1
76,2,333,287,66,221,1,1,1
77,2,331,285,66,221,1,1,1
78,2,334,284,65,221,1,1,1
79,2,334,286,68,221,1,1,1
80,2,335,290,68,220,1,1,1
81,2,334,287,68,221,1,1,1
82,2,334,286,69,221,1,1,1
83,2,337,286,69,221,1,1,1
84,2,337,286,69,221,1,1,1
85,2,339,289,69,221,1,1,1
86,2,341,288,68,221,1,1,1
87,2,344,289,69,221,1,1,1
88,2,349,291,68,221,1,1,1
89,2,350,292,69,221,1,1,1
90,2,351,284,72,232,1,1,1
91,2,352,286,72,222,1,1,1
92,2,355,290,72,222,1,1,1
93,2,357,289,72,223,1,1,1
94,2,358,291,72,227,1,1,1
95,2,361,289,78,219,1,1,1
96,2,363,292,81,219,1,1,1
97,2,364,289,86,220,1,1,1
98,2,364,287,92,219,1,1,1
99,2,362,291,94,219,1,1,1
100,2,362,289,93,219,1,1,1
101,2,363,292,93,219,1,1,1
102,2,363,288,94,219,1,1,1
103,2,364,287,94,219,1,1,1
104,2,369,286,93,219,1,1,1
105,2,375,285,93,219,1,1,1
106,2,377,282,92,220,1,1,1
107,2,383,282,93,220,1,1,1
108,2,393,282,82,219,1,1,1
109,2,398,279,81,219,1,1,1
110,2,399,280,81,219,1,1,1
111,2,412,281,68,219,1,1,1
112,2,410,278,69,219,1,1,1
113,2,412,282,69,219,1,1,1
114,2,419,285,69,219,1,1,1
115,2,421,283,69,220,1,1,1
116,2,418,285,76,217,1,1,1
117,2,421,282,75,217,1,1,1
118,2,419,283,81,217,1,1,1
119,2,417,280,88,217,1,1,1
120,2,420,282,88,217,1,1,1
121,2,417,283,88,217,1,1,1
122,2,416,280,88,217,1,1,1
123,2,417,282,88,217,1,1,1
124,2,419,282,89,217,1,1,1
125,2,420,283,88,217,1,1,1
126,2,426,282,88,217,1,1,1
127,2,432,283,79,217,1,1,1
128,2,433,282,79,217,1,1,1
129,2,436,283,70,217,1,1,1
130,2,440,282,70,217,1,1,1
131,2,442,281,64,219,1,1,1
132,2,446,278,57,220,1,1,1
133,2,447,281,58,219,1,1,1
134,2,445,275,62,228,1,1,1
135,2,447,272,62,228,1,1,1
136,2,440,276,62,228,1,1,1
137,2,440,280,62,222,1,1,1
138,2,440,277,62,229,1,1,1
139,2,437,280,89,221,1,1,1
140,2,432,279,89,219,1,1,1
141,2,436,274,86,221,1,1,1
142,2,430,275,87,222,1,1,1
143,2,433,272,83,222,1,1,1
144,2,430,272,83,221,1,1,1
145,2,431,269,79,222,1,1,1
146,2,429,268,80,222,1,1,1
147,2,440,266,67,217,1,1,1
148,2,435,263,76,218,1,1,1
149,2,437,260,76,218,1,1,1
150,2,439,258,72,220,1,1,1
151,2,432,258,79,220,1,1,1
152,2,429,265,85,212,1,1,1
153,2,433,265,81,205,1,1,1
154,2,433,266,76,204,1,1,1
155,2,439,266,71,203,1,1,1
156,2,437,268,73,204,1,1,1
157,2,438,265,72,203,1,1,1
158,2,438,268,73,204,1,1,1
159,2,441,266,73,204,1,1,1
160,2,441,267,73,204,1,1,1
161,2,440,263,73,204,1,1,1
162,2,443,261,73,204,1,1,1
163,2,445,261,72,204,1,1,1
164,2,445,260,73,204,1,1,1
165,2,447,261,72,198,1,1,1
166,2,452,260,68,194,1,1,1
167,2,452,259,70,194,1,1,1
168,2,454,255,69,194,1,1,1
169,2,456,258,68,187,1,1,1
170,2,458,253,69,188,1,1,1
171,2,458,256,68,188,1,1,1
172,2,458,253,69,188,1,1,1
173,2,458,256,69,188,1,1,1
174,2,460,253,66,188,1,1,1
175,2,461,254,65,189,1,1,1
176,2,461,253,66,189,1,1,1
177,2,459,252,66,189,1,1,1
178,2,461,256,65,188,1,1,1
179,2,462,252,65,189,1,1,1
180,2,461,254,65,189,1,1,1
181,2,459,255,66,188,1,1,1
182,2,460,252,65,189,1,1,1
183,2,461,253,66,184,1,1,1
184,2,461,252,62,185,1,1,1
185,2,464,251,59,185,1,1,1
186,2,464,251,60,179,1,1,1
187,2,463,249,60,177,1,1,1
188,2,463,247,60,177,1,1,1
189,2,466,246,60,177,1,1,1
190,2,465,246,60,177,1,1,1
191,2,466,243,60,177,1,1,1
192,2,465,244,60,177,1,1,1
193,2,466,240,60,177,1,1,1
194,2,464,240,64,177,1,1,1
195,2,464,241,64,178,1,1,1
196,2,466,241,64,177,1,1,1
197,2,464,243,66,171,1,1,1
198,2,464,244,66,171,1,1,1
199,2,467,244,66,171,1,1,1
200,2,468,243,66,171,1,1,1
201,2,468,243,66,171,1,1,1
202,2,469,240,67,172,1,1,1
203,2,468,240,66,172,1,1,1
204,2,473,237,62,171,1,1,1
205,2,474,238,62,171,1,1,1
206,2,474,239,62,171,1,1,1
207,2,474,236,62,171,1,1,1
208,2,473,238,61,171,1,1,1
209,2,474,238,62,171,1,1,1
210,2,472,236,63,171,1,1,1
211,2,476,236,62,171,1,1,1
212,2,472,236,63,171,1,1,1
213,2,476,235,62,171,1,1,1
214,2,476,237,62,171,1,1,1
215,2,476,237,62,171,1,1,1
216,2,476,238,62,172,1,1,1
217,2,475,239,62,171,1,1,1
218,2,475,238,62,172,1,1,1
219,2,475,240,62,172,1,1,1
220,2,473,239,61,174,1,1,1
221,2,472,239,62,174,1,1,1
222,2,473,240,62,174,1,1,1
223,2,473,241,62,174,1,1,1
224,2,474,240,61,174,1,1,1
225,2,472,243,62,174,1,1,1
226,2,470,243,62,173,1,1,1
227,2,470,245,62,174,1,1,1
228,2,468,243,61,174,1,1,1
229,2,467,244,61,174,1,1,1
230,2,465,245,61,174,1,1,1
231,2,472,245,48,173,1,1,1
232,2,470,245,48,173,1,1,1
233,2,467,245,48,173,1,1,1
234,2,468,247,48,173,1,1,1
235,2,465,244,51,181,1,1,1
236,2,464,244,51,181,1,1,1
237,2,463,246,50,181,1,1,1
238,2,457,246,51,181,1,1,1
239,2,452,247,57,182,1,1,1
240,2,455,248,56,181,1,1,1
241,2,444,244,63,182,1,1,1
242,2,439,245,69,181,1,1,1
243,2,434,244,70,182,1,1,1
244,2,431,251,74,174,1,1,1
245,2,430,250,73,173,1,1,1
246,2,438,250,73,173,1,1,1
247,2,429,252,73,174,1,1,1
248,2,430,254,73,174,1,1,1
249,2,428,254,73,174,1,1,1
250,2,428,255,73,173,1,1,1
251,2,431,255,74,173,1,1,1
252,2,429,255,67,176,1,1,1
253,2,428,253,66,177,1,1,1
254,2,425,255,66,176,1,1,1
255,2,424,254,67,177,1,1,1
256,2,421,254,66,177,1,1,1
257,2,417,255,67,177,1,1,1
258,2,416,255,67,177,1,1,1
259,2,419,254,66,183,1,1,1
260,2,414,253,67,188,1,1,1
261,2,408,255,68,192,1,1,1
262,2,403,255,70,198,1,1,1
263,2,400,259,71,197,1,1,1
264,2,398,260,71,197,1,1,1
265,2,399,262,71,197,1,1,1
266,2,396,264,71,196,1,1,1
267,2,391,262,78,197,1,1,1
268,2,396,265,78,197,1,1,1
269,2,397,262,78,198,1,1,1
270,2,391,267,76,199,1,1,1
271,2,394,267,75,197,1,1,1
272,2,395,267,75,197,1,1,1
273,2,393,267,75,197,1,1,1
274,2,393,266,76,198,1,1,1
275,2,392,267,75,198,1,1,1
276,2,391,265,75,198,1,1,1
277,2,391,269,75,197,1,1,1
278,2,389,267,75,198,1,1,1
279,2,386,269,76,197,1,1,1
280,2,387,269,75,198,1,1,1
281,2,381,271,79,203,1,1,1
282,2,384,269,78,209,1,1,1
283,2,382,271,77,209,1,1,1
284,2,379,274,77,209,1,1,1
285,2,378,279,78,209,1,1,1
286,2,378,281,77,209,1,1,1
287,2,372,283,78,209,1,1,1
288,2,372,286,78,209,1,1,1
289,2,373,285,77,211,1,1,1
290,2,370,286,78,210,1,1,1
291,2,368,285,77,211,1,1,1
292,2,365,285,78,210,1,1,1
293,2,364,284,77,211,1,1,1
294,2,362,285,78,210,1,1,1
295,2,360,284,77,211,1,1,1
296,2,357,287,78,210,1,1,1
297,2,357,286,78,218,1,1,1
298,2,352,284,78,228,1,1,1
299,2,348,288,79,236,1,1,1
300,2,342,280,84,245,1,1,1
301,2,337,292,87,242,1,1,1
302,2,336,294,89,235,1,1,1
303,2,333,297,90,233,1,1,1
304,2,333,296,89,233,1,1,1
305,2,330,297,90,233,1,1,1
306,2,329,296,90,233,1,1,1
307,2,328,297,90,233,1,1,1
308,2,326,298,89,233,1,1,1
309,2,323,304,90,232,1,1,1
310,2,324,297,90,233,1,1,1
311,2,326,297,89,233,1,1,1
312,2,325,299,80,233,1,1,1
313,2,325,300,76,233,1,1,1
314,2,322,301,71,233,1,1,1
315,2,320,296,71,233,1,1,1
316,2,306,299,83,229,1,1,1
317,2,295,302,94,229,1,1,1
318,2,286,305,102,229,1,1,1
319,2,276,306,115,228,1,1,1
320,2,274,302,118,229,1,1,1
321,2,272,302,118,229,1,1,1
322,2,269,301,119,229,1,1,1
323,2,269,304,118,228,1,1,1
324,2,268,304,117,229,1,1,1
325,2,264,301,118,229,1,1,1
326,2,262,302,118,229,1,1,1
327,2,266,302,102,229,1,1,1
328,2,267,300,91,232,1,1,1
329,2,262,300,82,232,1,1,1
330,2,248,298,84,231,1,1,1
331,2,242,298,76,232,1,1,1
332,2,238,297,74,232,1,1,1
333,2,234,298,75,232,1,1,1
334,2,217,297,94,232,1,1,1
335,2,201,300,114,229,1,1,1
336,2,192,299,115,229,1,1,1
337,2,183,298,125,229,1,1,1
338,2,179,301,127,229,1,1,1
339,2,178,300,128,229,1,1,1
340,2,175,300,127,229,1,1,1
341,2,177,301,128,229,1,1,1
342,2,176,299,118,229,1,1,1
343,2,172,299,117,221,1,1,1
344,2,177,288,100,221,1,1,1
345,2,174,292,94,221,1,1,1
346,2,175,288,83,221,1,1,1
347,2,172,289,73,221,1,1,1
348,2,159,287,74,222,1,1,1
349,2,155,288,74,221,1,1,1
350,2,144,284,84,221,1,1,1
351,2,137,284,84,221,1,1,1
352,2,131,284,89,222,1,1,1
353,2,127,283,93,222,1,1,1
354,2,119,284,98,221,1,1,1
355,2,114,285,101,222,1,1,1
356,2,113,286,101,221,1,1,1
357,2,108,284,100,222,1,1,1
358,2,107,283,97,219,1,1,1
359,2,106,283,93,217,1,1,1
360,2,107,279,85,217,1,1,1
361,2,107,279,78,216,1,1,1
362,2,101,277,83,211,1,1,1
363,2,100,275,83,211,1,1,1
364,2,95,275,82,210,1,1,1
365,2,94,274,82,208,1,1,1
366,2,91,272,83,211,1,1,1
367,2,88,275,78,207,1,1,1
368,2,76,273,88,208,1,1,1
369,2,70,271,95,210,1,1,1
370,2,64,273,97,208,1,1,1
371,2,66,278,95,203,1,1,1
372,2,64,275,96,205,1,1,1
373,2,62,275,98,203,1,1,1
374,2,61,276,95,200,1,1,1
375,2,58,275,92,195,1,1,1
376,2,54,273,89,186,1,1,1
377,2,54,271,83,186,1,1,1
378,2,49,271,80,188,1,1,1
379,2,47,270,73,187,1,1,1
380,2,43,268,69,189,1,1,1
381,2,37,265,66,192,1,1,1
382,2,31,268,67,188,1,1,1
383,2,25,268,73,188,1,1,1
384,2,17,268,80,187,1,1,1
385,2,12,271,84,184,1,1,1
386,2,7,269,89,186,1,1,1
387,2,3,269,92,185,1,1,1
388,2,-2,272,97,184,1,1,1
389,2,-6,270,99,185,1,1,1
390,2,-9,271,100,184,1,1,1
391,2,-8,270,97,183,1,1,1
392,2,-10,269,95,184,1,1,1
393,2,-4,267,83,180,1,1,1
394,2,-4,266,75,175,1,1,1
395,2,-8,265,72,169,1,1,1
396,2,-12,264,67,166,1,1,1
397,2,-17,263,67,168,1,1,1
398,2,-21,262,63,173,1,1,1
399,2,-27,263,65,170,1,1,1
400,2,-27,260,66,174,1,1,1
401,2,-36,263,74,170,1,1,1
402,2,-39,265,80,170,1,1,1
403,2,-38,267,78,170,1,1,1
614,2,-36,249,77,176,1,1,1
615,2,-31,242,81,182,1,1,1
616,2,-23,250,85,172,1,1,1
617,2,-28,250,99,169,1,1,1
618,2,-21,252,101,167,1,1,1
619,2,-18,249,103,169,1,1,1
620,2,-10,252,103,170,1,1,1
621,2,-7,254,103,169,1,1,1
622,2,-4,254,103,169,1,1,1
623,2,-1,256,103,169,1,1,1
624,2,1,254,103,170,1,1,1
625,2,3,254,103,170,1,1,1
626,2,6,254,103,170,1,1,1
627,2,8,253,103,169,1,1,1
628,2,30,246,66,178,1,1,1
629,2,36,245,67,178,1,1,1
630,2,38,245,67,178,1,1,1
631,2,42,245,67,178,1,1,1
632,2,44,244,68,178,1,1,1
633,2,48,241,80,179,1,1,1
634,2,49,241,85,179,1,1,1
635,2,52,239,89,179,1,1,1
636,2,56,237,92,179,1,1,1
637,2,55,238,96,185,1,1,1
638,2,56,237,94,183,1,1,1
639,2,61,234,90,187,1,1,1
640,2,65,234,87,186,1,1,1
641,2,74,234,79,183,1,1,1
642,2,79,235,78,182,1,1,1
643,2,90,237,66,174,1,1,1
644,2,93,236,62,175,1,1,1
645,2,102,230,60,180,1,1,1
646,2,107,238,54,172,1,1,1
647,2,102,236,64,170,1,1,1
648,2,106,232,70,171,1,1,1
649,2,108,231,81,171,1,1,1
650,2,117,233,81,179,1,1,1
651,2,118,231,86,176,1,1,1
652,2,122,230,86,176,1,1,1
653,2,122,233,87,176,1,1,1
654,2,121,236,89,173,1,1,1
655,2,123,236,89,169,1,1,1
656,2,126,234,89,169,1,1,1
657,2,131,237,82,163,1,1,1
658,2,138,233,83,163,1,1,1
659,2,144,232,83,163,1,1,1
660,2,147,231,68,163,1,1,1
661,2,153,229,68,163,1,1,1
662,2,157,229,68,163,1,1,1
663,2,161,229,68,163,1,1,1
664,2,164,230,68,163,1,1,1
665,2,165,225,68,163,1,1,1
666,2,166,229,68,163,1,1,1
667,2,170,228,69,163,1,1,1
668,2,173,230,68,163,1,1,1
669,2,171,232,69,163,1,1,1
670,2,173,230,74,163,1,1,1
671,2,174,225,73,164,1,1,1
672,2,176,224,74,164,1,1,1
673,2,180,223,70,163,1,1,1
674,2,186,223,66,159,1,1,1
675,2,187,222,66,159,1,1,1
676,2,190,219,65,160,1,1,1
677,2,188,221,66,159,1,1,1
678,2,191,219,65,160,1,1,1
679,2,194,215,57,156,1,1,1
680,2,196,214,58,156,1,1,1
681,2,194,218,60,148,1,1,1
682,2,195,220,60,149,1,1,1
683,2,200,220,60,149,1,1,1
684,2,203,219,60,149,1,1,1
685,2,205,218,60,149,1,1,1
686,2,205,218,60,149,1,1,1
687,2,208,217,59,148,1,1,1
688,2,209,217,60,149,1,1,1
689,2,212,217,60,149,1,1,1
690,2,210,215,60,148,1,1,1
691,2,209,215,60,149,1,1,1
692,2,212,217,60,149,1,1,1
693,2,221,215,49,136,1,1,1
694,2,223,213,49,137,1,1,1
695,2,224,213,49,137,1,1,1
696,2,226,211,49,136,1,1,1
697,2,226,213,49,137,1,1,1
698,2,229,209,52,141,1,1,1
699,2,228,209,52,141,1,1,1
700,2,228,206,52,141,1,1,1
701,2,230,210,52,141,1,1,1
702,2,232,210,51,141,1,1,1
703,2,232,207,52,141,1,1,1
704,2,233,206,52,141,1,1,1
705,2,234,203,52,141,1,1,1
706,2,235,204,49,135,1,1,1
707,2,235,204,50,135,1,1,1
708,2,237,204,49,135,1,1,1
709,2,237,203,49,135,1,1,1
710,2,238,203,49,135,1,1,1
711,2,238,203,49,134,1,1,1
712,2,239,202,49,134,1,1,1
713,2,240,201,49,135,1,1,1
714,2,241,200,49,135,1,1,1
715,2,241,200,49,135,1,1,1
716,2,242,201,50,135,1,1,1
717,2,242,200,50,135,1,1,1
718,2,244,200,49,135,1,1,1
719,2,244,199,49,135,1,1,1
720,2,245,199,49,135,1,1,1
721,2,248,202,47,128,1,1,1
722,2,248,202,47,128,1,1,1
723,2,248,198,49,135,1,1,1
724,2,249,196,50,135,1,1,1
725,2,251,194,49,135,1,1,1
726,2,251,193,49,135,1,1,1
727,2,254,196,47,128,1,1,1
728,2,255,194,47,129,1,1,1
729,2,254,193,47,129,1,1,1
730,2,255,195,47,128,1,1,1
731,2,256,193,47,129,1,1,1
732,2,256,193,47,129,1,1,1
733,2,258,196,45,122,1,1,1
734,2,259,195,45,122,1,1,1
735,2,260,192,44,122,1,1,1
736,2,260,192,45,122,1,1,1
737,2,260,192,44,122,1,1,1
738,2,262,193,42,116,1,1,1
739,2,262,194,43,117,1,1,1
740,2,262,193,42,117,1,1,1
741,2,263,193,43,117,1,1,1
742,2,263,194,43,117,1,1,1
743,2,264,193,43,117,1,1,1
744,2,265,192,42,116,1,1,1
745,2,265,193,42,116,1,1,1
746,2,267,191,40,112,1,1,1
747,2,266,191,40,112,1,1,1
748,2,266,193,40,112,1,1,1
749,2,268,193,39,112,1,1,1
750,2,268,192,39,112,1,1,1
751,2,268,192,39,112,1,1,1
752,2,270,193,39,112,1,1,1
753,2,271,190,39,111,1,1,1
754,2,272,189,38,112,1,1,1
755,2,272,189,39,111,1,1,1
756,2,274,187,39,112,1,1,1
757,2,274,186,39,112,1,1,1
758,2,275,186,39,112,1,1,1
759,2,274,184,41,117,1,1,1
760,2,274,186,41,107,1,1,1
761,2,274,185,41,107,1,1,1
762,2,274,186,41,106,1,1,1
763,2,274,187,41,106,1,1,1
764,2,274,185,41,105,1,1,1
765,2,273,185,41,107,1,1,1
766,2,273,186,41,106,1,1,1
767,2,273,189,41,101,1,1,1
768,2,272,186,41,107,1,1,1
769,2,272,186,41,107,1,1,1
770,2,272,186,38,106,1,1,1
771,2,269,186,40,103,1,1,1
772,2,269,182,41,108,1,1,1
773,2,269,182,41,109,1,1,1
774,2,268,182,41,109,1,1,1
775,2,268,180,41,108,1,1,1
776,2,267,177,43,114,1,1,1
777,2,267,177,43,114,1,1,1
778,2,266,177,43,114,1,1,1
779,2,266,177,43,114,1,1,1
780,2,265,179,37,105,1,1,1
781,2,266,180,37,105,1,1,1
782,2,266,180,38,106,1,1,1
783,2,266,180,38,105,1,1,1
784,2,265,179,38,106,1,1,1
785,2,265,179,38,106,1,1,1
786,2,266,179,37,106,1,1,1
787,2,265,179,38,105,1,1,1
788,2,265,178,37,106,1,1,1
789,2,264,176,38,104,1,1,1
790,2,264,176,38,103,1,1,1
791,2,263,175,38,103,1,1,1
792,2,263,175,38,102,1,1,1
793,2,263,176,38,100,1,1,1
794,2,263,175,40,101,1,1,1
795,2,262,177,40,99,1,1,1
796,2,263,177,37,98,1,1,1
797,2,263,178,35,100,1,1,1
798,2,263,178,36,100,1,1,1
799,2,263,178,38,95,1,1,1
800,2,262,178,35,96,1,1,1
801,2,261,180,36,92,1,1,1
802,2,260,177,40,96,1,1,1
803,2,260,178,40,95,1,1,1
804,2,260,176,40,97,1,1,1
805,2,259,175,39,97,1,1,1
806,2,259,176,39,96,1,1,1
807,2,258,176,35,93,1,1,1
808,2,259,176,35,91,1,1,1
809,2,258,175,35,91,1,1,1
810,2,258,174,35,94,1,1,1
811,2,258,174,35,94,1,1,1
812,2,257,173,35,94,1,1,1
813,2,258,172,35,96,1,1,1
814,2,258,172,35,94,1,1,1
815,2,257,172,35,94,1,1,1
816,2,258,172,35,95,1,1,1
817,2,257,173,35,93,1,1,1
818,2,257,174,35,92,1,1,1
819,2,255,174,35,93,1,1,1
820,2,255,175,35,91,1,1,1
821,2,256,175,35,91,1,1,1
822,2,256,174,35,89,1,1,1
823,2,255,172,35,91,1,1,1
824,2,256,172,35,91,1,1,1
825,2,258,172,33,89,1,1,1
826,2,256,171,35,89,1,1,1
827,2,256,170,35,91,1,1,1
828,2,256,171,35,92,1,1,1
829,2,256,171,35,91,1,1,1
830,2,257,172,35,91,1,1,1
831,2,256,171,35,92,1,1,1
832,2,256,171,35,92,1,1,1
833,2,255,171,35,91,1,1,1
834,2,255,170,36,91,1,1,1
835,2,255,171,36,88,1,1,1
836,2,254,172,33,87,1,1,1
837,2,255,171,31,88,1,1,1
838,2,255,170,31,87,1,1,1
839,2,255,170,30,89,1,1,1
840,2,254,169,31,89,1,1,1
841,2,253,169,32,86,1,1,1
842,2,253,169,31,87,1,1,1
843,2,253,168,30,88,1,1,1
844,2,252,168,32,87,1,1,1
845,2,252,165,31,88,1,1,1
846,2,252,168,32,85,1,1,1
847,2,252,168,32,84,1,1,1
848,2,252,168,31,85,1,1,1
849,2,252,168,32,85,1,1,1
850,2,252,168,30,86,1,1,1
851,2,252,167,32,88,1,1,1
852,2,252,168,31,85,1,1,1
853,2,252,167,31,88,1,1,1
854,2,253,168,30,84,1,1,1
855,2,252,168,32,83,1,1,1
856,2,253,169,30,83,1,1,1
857,2,254,167,30,85,1,1,1
858,2,253,168,31,82,1,1,1
859,2,254,167,31,82,1,1,1
860,2,254,167,30,83,1,1,1
861,2,255,167,29,82,1,1,1
862,2,254,165,30,82,1,1,1
863,2,254,167,29,81,1,1,1
864,2,255,167,29,81,1,1,1
865,2,254,167,29,81,1,1,1
866,2,254,167,29,80,1,1,1
867,2,253,168,30,80,1,1,1
868,2,254,167,30,84,1,1,1
869,2,253,167,30,83,1,1,1
870,2,253,166,28,82,1,1,1
871,2,252,165,30,83,1,1,1
872,2,252,165,29,83,1,1,1
873,2,251,165,30,81,1,1,1
874,2,252,164,29,82,1,1,1
875,2,250,163,31,82,1,1,1
876,2,251,164,29,77,1,1,1
877,2,250,163,28,77,1,1,1
878,2,250,163,29,77,1,1,1
879,2,250,163,29,78,1,1,1
880,2,250,163,30,78,1,1,1
881,2,250,162,28,78,1,1,1
882,2,248,162,30,79,1,1,1
883,2,249,164,31,78,1,1,1
884,2,248,164,30,78,1,1,1
885,2,249,163,29,77,1,1,1
886,2,249,164,29,77,1,1,1
887,2,250,163,28,78,1,1,1
888,2,250,163,30,78,1,1,1
889,2,250,163,29,77,1,1,1
890,2,250,163,28,77,1,1,1
891,2,251,161,29,76,1,1,1
892,2,250,161,30,78,1,1,1
893,2,251,161,29,76,1,1,1
894,2,252,160,28,77,1,1,1
895,2,252,159,28,77,1,1,1
896,2,251,160,29,77,1,1,1
897,2,253,160,26,76,1,1,1
898,2,252,160,29,77,1,1,1
899,2,253,161,27,76,1,1,1
900,2,251,161,29,76,1,1,1
1,3,503,294,96,235,1,1,1
2,3,503,295,97,234,1,1,1
3,3,503,295,97,234,1,1,1
4,3,503,294,97,234,1,1,1
5,3,504,294,97,235,1,1,1
6,3,503,295,97,235,1,1,1
7,3,500,293,104,236,1,1,1
8,3,499,293,104,236,1,1,1
9,3,498,295,104,235,1,1,1
10,3,501,294,104,236,1,1,1
11,3,502,298,104,236,1,1,1
12,3,503,294,104,236,1,1,1
13,3,503,296,104,236,1,1,1
14,3,503,296,104,235,1,1,1
15,3,505,296,104,235,1,1,1
16,3,504,295,104,235,1,1,1
17,3,507,295,104,236,1,1,1
18,3,502,296,107,233,1,1,1
19,3,507,295,107,234,1,1,1
20,3,506,295,108,234,1,1,1
21,3,507,296,107,233,1,1,1
22,3,507,295,107,234,1,1,1
23,3,506,295,107,234,1,1,1
24,3,505,296,107,233,1,1,1
25,3,505,294,107,234,1,1,1
26,3,505,293,107,234,1,1,1
27,3,505,293,107,234,1,1,1
28,3,505,293,107,233,1,1,1
29,3,504,293,107,233,1,1,1
30,3,504,296,107,233,1,1,1
31,3,506,294,107,234,1,1,1
32,3,506,294,107,234,1,1,1
33,3,502,293,107,233,1,1,1
34,3,502,297,107,233,1,1,1
35,3,503,298,107,233,1,1,1
36,3,502,297,107,233,1,1,1
37,3,504,297,107,233,1,1,1
38,3,504,298,107,234,1,1,1
39,3,507,296,102,233,1,1,1
40,3,504,296,107,234,1,1,1
41,3,504,296,107,234,1,1,1
42,3,506,296,108,234,1,1,1
43,3,505,296,107,234,1,1,1
44,3,505,296,107,234,1,1,1
45,3,505,298,107,233,1,1,1
46,3,507,297,108,233,1,1,1
47,3,505,296,107,234,1,1,1
48,3,504,297,107,233,1,1,1
49,3,503,297,107,234,1,1,1
50,3,504,296,107,233,1,1,1
51,3,505,298,107,233,1,1,1
52,3,505,298,108,234,1,1,1
53,3,505,298,107,233,1,1,1
54,3,506,297,107,234,1,1,1
55,3,505,298,107,234,1,1,1
56,3,505,298,108,234,1,1,1
57,3,505,298,107,234,1,1,1
58,3,504,297,107,233,1,1,1
59,3,504,295,107,237,1,1,1
60,3,503,295,107,237,1,1,1
61,3,504,298,107,237,1,1,1
62,3,503,298,107,237,1,1,1
63,3,504,297,107,237,1,1,1
64,3,504,297,107,237,1,1,1
65,3,505,297,107,237,1,1,1
66,3,504,297,107,237,1,1,1
67,3,504,295,107,236,1,1,1
68,3,503,297,107,237,1,1,1
69,3,503,293,107,236,1,1,1
70,3,503,292,107,237,1,1,1
71,3,503,292,107,237,1,1,1
72,3,503,298,107,237,1,1,1
73,3,504,297,107,237,1,1,1
74,3,503,298,107,237,1,1,1
75,3,503,297,107,237,1,1,1
76,3,503,296,107,237,1,1,1
77,3,504,296,107,237,1,1,1
78,3,502,297,107,237,1,1,1
79,3,503,297,107,237,1,1,1
80,3,503,296,107,237,1,1,1
81,3,504,296,107,237,1,1,1
82,3,503,296,107,237,1,1,1
83,3,504,298,107,237,1,1,1
84,3,502,292,107,237,1,1,1
85,3,502,292,107,237,1,1,1
86,3,503,297,107,237,1,1,1
87,3,502,295,107,237,1,1,1
88,3,502,296,107,237,1,1,1
89,3,502,296,107,237,1,1,1
90,3,502,293,107,236,1,1,1
91,3,503,298,107,237,1,1,1
92,3,504,296,107,237,1,1,1
93,3,502,296,107,237,1,1,1
94,3,501,295,107,236,1,1,1
95,3,501,296,107,237,1,1,1
96,3,502,295,107,237,1,1,1
97,3,500,292,107,237,1,1,1
98,3,496,293,107,236,1,1,1
99,3,496,294,107,236,1,1,1
100,3,495,296,107,236,1,1,1
101,3,494,294,107,236,1,1,1
102,3,492,293,107,237,1,1,1
103,3,491,292,107,237,1,1,1
104,3,490,292,107,237,1,1,1
105,3,488,291,107,237,1,1,1
106,3,485,290,107,241,1,1,1
107,3,485,290,107,242,1,1,1
108,3,487,287,101,242,1,1,1
109,3,488,287,97,242,1,1,1
110,3,485,286,97,243,1,1,1
111,3,483,286,97,242,1,1,1
112,3,482,285,97,242,1,1,1
113,3,481,285,97,246,1,1,1
114,3,477,284,96,246,1,1,1
115,3,476,286,97,246,1,1,1
116,3,476,287,96,245,1,1,1
117,3,474,285,97,246,1,1,1
118,3,474,286,97,246,1,1,1
119,3,473,285,97,246,1,1,1
120,3,472,286,97,246,1,1,1
121,3,471,286,97,245,1,1,1
122,3,470,284,97,246,1,1,1
123,3,469,283,96,246,1,1,1
124,3,470,284,95,245,1,1,1
125,3,470,284,94,245,1,1,1
126,3,468,283,94,246,1,1,1
127,3,467,283,94,246,1,1,1
128,3,465,284,94,245,1,1,1
129,3,464,284,95,245,1,1,1
130,3,462,283,94,246,1,1,1
131,3,459,283,95,246,1,1,1
132,3,453,282,101,246,1,1,1
133,3,445,283,106,245,1,1,1
134,3,438,283,109,247,1,1,1
135,3,433,282,112,249,1,1,1
136,3,429,282,113,249,1,1,1
137,3,424,282,112,249,1,1,1
138,3,425,281,113,249,1,1,1
139,3,426,281,113,249,1,1,1
140,3,430,280,112,249,1,1,1
141,3,430,280,113,249,1,1,1
142,3,423,279,112,249,1,1,1
143,3,421,277,113,249,1,1,1
144,3,430,276,101,249,1,1,1
145,3,430,274,92,249,1,1,1
146,3,429,270,86,249,1,1,1
147,3,420,274,86,249,1,1,1
148,3,416,274,86,249,1,1,1
149,3,414,271,87,249,1,1,1
150,3,411,273,86,249,1,1,1
151,3,411,269,86,250,1,1,1
152,3,407,271,86,247,1,1,1
153,3,407,272,86,248,1,1,1
154,3,406,270,86,248,1,1,1
155,3,403,269,87,248,1,1,1
156,3,400,268,86,248,1,1,1
157,3,401,269,87,248,1,1,1
158,3,400,266,86,248,1,1,1
159,3,396,264,87,248,1,1,1
160,3,397,262,87,244,1,1,1
161,3,397,261,87,244,1,1,1
162,3,396,261,87,243,1,1,1
163,3,397,259,79,239,1,1,1
164,3,392,257,79,238,1,1,1
165,3,392,257,79,232,1,1,1
166,3,391,258,80,232,1,1,1
167,3,391,257,79,232,1,1,1
168,3,389,255,80,233,1,1,1
169,3,389,255,79,232,1,1,1
170,3,386,253,80,232,1,1,1
171,3,382,253,83,232,1,1,1
172,3,379,254,84,232,1,1,1
173,3,377,255,83,229,1,1,1
174,3,377,257,83,229,1,1,1
175,3,375,254,83,229,1,1,1
176,3,374,250,83,229,1,1,1
177,3,371,252,84,222,1,1,1
178,3,370,250,83,222,1,1,1
179,3,368,248,84,223,1,1,1
180,3,367,246,83,223,1,1,1
181,3,365,245,80,223,1,1,1
182,3,366,243,79,223,1,1,1
183,3,365,243,79,223,1,1,1
184,3,364,241,80,218,1,1,1
185,3,362,242,79,218,1,1,1
186,3,363,242,80,218,1,1,1
187,3,363,242,79,218,1,1,1
188,3,362,241,80,218,1,1,1
189,3,362,240,80,218,1,1,1
190,3,362,239,79,218,1,1,1
191,3,362,239,79,218,1,1,1
192,3,362,238,76,219,1,1,1
193,3,364,235,76,219,1,1,1
194,3,365,234,76,219,1,1,1
195,3,365,238,76,209,1,1,1
196,3,368,237,75,210,1,1,1
197,3,367,239,76,202,1,1,1
198,3,369,240,73,197,1,1,1
199,3,369,238,73,196,1,1,1
200,3,370,238,73,197,1,1,1
201,3,369,236,73,196,1,1,1
202,3,370,236,73,197,1,1,1
203,3,369,236,73,197,1,1,1
204,3,370,235,73,197,1,1,1
205,3,370,234,73,197,1,1,1
206,3,370,236,73,196,1,1,1
207,3,369,235,73,197,1,1,1
208,3,368,235,73,197,1,1,1
209,3,368,235,72,197,1,1,1
210,3,366,231,73,196,1,1,1
211,3,366,230,73,197,1,1,1
212,3,365,232,73,196,1,1,1
213,3,365,227,73,197,1,1,1
214,3,365,227,73,197,1,1,1
215,3,365,227,73,192,1,1,1
216,3,365,226,73,185,1,1,1
217,3,364,228,71,180,1,1,1
218,3,365,226,67,184,1,1,1
219,3,365,225,67,184,1,1,1
220,3,365,225,66,184,1,1,1
221,3,365,227,67,184,1,1,1
222,3,368,224,66,184,1,1,1
223,3,367,225,64,184,1,1,1
224,3,367,227,66,183,1,1,1
225,3,368,225,66,183,1,1,1
226,3,368,226,67,180,1,1,1
227,3,369,225,67,180,1,1,1
228,3,369,224,67,180,1,1,1
229,3,371,223,67,176,1,1,1
230,3,371,223,67,176,1,1,1
231,3,372,221,67,173,1,1,1
232,3,373,220,67,173,1,1,1
233,3,374,219,67,173,1,1,1
234,3,377,220,61,171,1,1,1
235,3,377,220,61,171,1,1,1
236,3,378,219,61,171,1,1,1
237,3,378,219,61,171,1,1,1
238,3,378,220,61,171,1,1,1
239,3,378,219,61,171,1,1,1
240,3,378,219,61,171,1,1,1
241,3,378,220,61,171,1,1,1
242,3,377,219,61,171,1,1,1
243,3,378,220,61,171,1,1,1
244,3,379,218,61,171,1,1,1
245,3,379,217,61,171,1,1,1
246,3,379,216,61,170,1,1,1
247,3,378,214,61,171,1,1,1
248,3,377,212,61,171,1,1,1
249,3,380,214,61,165,1,1,1
250,3,377,213,61,166,1,1,1
251,3,380,212,61,165,1,1,1
252,3,380,212,61,165,1,1,1
253,3,381,211,61,165,1,1,1
254,3,380,211,61,163,1,1,1
255,3,382,214,58,161,1,1,1
256,3,382,214,58,160,1,1,1
257,3,382,213,58,161,1,1,1
258,3,383,212,58,161,1,1,1
259,3,384,211,58,161,1,1,1
260,3,384,211,58,161,1,1,1
261,3,384,211,58,161,1,1,1
262,3,384,210,60,161,1,1,1
263,3,385,209,61,161,1,1,1
264,3,386,211,60,157,1,1,1
265,3,387,210,61,157,1,1,1
266,3,389,210,61,157,1,1,1
267,3,391,210,60,157,1,1,1
268,3,389,209,57,154,1,1,1
269,3,388,209,57,153,1,1,1
270,3,389,210,57,154,1,1,1
271,3,389,208,57,154,1,1,1
272,3,389,208,57,149,1,1,1
273,3,387,208,57,149,1,1,1
274,3,391,209,57,144,1,1,1
275,3,389,208,57,144,1,1,1
276,3,387,208,58,144,1,1,1
277,3,385,207,57,144,1,1,1
278,3,385,207,57,144,1,1,1
279,3,383,207,57,144,1,1,1
280,3,384,205,57,144,1,1,1
281,3,383,206,57,144,1,1,1
282,3,384,206,55,144,1,1,1
283,3,384,205,55,144,1,1,1
284,3,384,206,55,143,1,1,1
285,3,384,205,53,144,1,1,1
286,3,384,203,54,145,1,1,1
287,3,385,204,52,145,1,1,1
288,3,385,204,51,146,1,1,1
289,3,387,204,50,147,1,1,1
290,3,389,204,46,147,1,1,1
291,3,388,205,46,147,1,1,1
292,3,388,204,46,147,1,1,1
293,3,390,204,46,146,1,1,1
294,3,390,203,46,146,1,1,1
295,3,391,202,47,146,1,1,1
296,3,391,203,47,146,1,1,1
297,3,393,202,46,142,1,1,1
298,3,393,202,47,142,1,1,1
299,3,393,201,46,142,1,1,1
300,3,393,200,47,143,1,1,1
301,3,394,202,47,142,1,1,1
302,3,394,200,47,143,1,1,1
303,3,394,202,46,142,1,1,1
304,3,393,202,48,142,1,1,1
305,3,393,200,48,143,1,1,1
306,3,392,202,48,142,1,1,1
307,3,392,203,48,142,1,1,1
308,3,392,202,48,142,1,1,1
309,3,390,202,50,142,1,1,1
310,3,391,203,50,142,1,1,1
311,3,390,201,50,142,1,1,1
312,3,390,202,50,142,1,1,1
313,3,390,202,50,142,1,1,1
314,3,389,200,50,143,1,1,1
315,3,389,199,50,143,1,1,1
316,3,389,198,50,145,1,1,1
317,3,394,198,44,145,1,1,1
318,3,393,198,44,145,1,1,1
319,3,392,198,44,146,1,1,1
320,3,393,196,44,145,1,1,1
321,3,392,194,44,145,1,1,1
322,3,392,196,44,145,1,1,1
323,3,392,193,44,146,1,1,1
324,3,391,194,44,145,1,1,1
325,3,390,195,44,145,1,1,1
326,3,392,192,44,146,1,1,1
327,3,391,193,44,146,1,1,1
328,3,392,193,44,146,1,1,1
329,3,391,191,44,146,1,1,1
330,3,391,196,44,140,1,1,1
331,3,391,196,44,140,1,1,1
332,3,391,197,44,139,1,1,1
333,3,391,196,44,139,1,1,1
334,3,392,195,44,140,1,1,1
335,3,392,195,44,140,1,1,1
336,3,391,194,44,140,1,1,1
337,3,387,192,49,139,1,1,1
338,3,386,190,50,139,1,1,1
339,3,384,191,54,140,1,1,1
340,3,385,192,53,140,1,1,1
341,3,383,192,55,136,1,1,1
342,3,382,192,55,136,1,1,1
343,3,383,191,55,136,1,1,1
344,3,383,191,55,136,1,1,1
345,3,382,190,55,136,1,1,1
346,3,382,190,55,136,1,1,1
347,3,381,190,55,136,1,1,1
348,3,380,192,55,136,1,1,1
349,3,379,192,56,136,1,1,1
350,3,379,192,56,136,1,1,1
351,3,382,189,49,136,1,1,1
352,3,380,190,49,136,1,1,1
353,3,379,189,50,136,1,1,1
354,3,378,187,50,136,1,1,1
355,3,378,188,49,135,1,1,1
356,3,378,187,49,136,1,1,1
357,3,378,189,48,130,1,1,1
358,3,377,189,48,129,1,1,1
359,3,376,189,48,130,1,1,1
360,3,375,185,50,136,1,1,1
361,3,376,188,47,130,1,1,1
362,3,376,189,48,129,1,1,1
363,3,375,188,48,130,1,1,1
364,3,375,188,48,130,1,1,1
365,3,375,189,47,129,1,1,1
366,3,375,188,48,130,1,1,1
367,3,375,187,47,130,1,1,1
368,3,374,187,47,130,1,1,1
369,3,373,186,47,130,1,1,1
370,3,372,186,47,130,1,1,1
371,3,372,186,47,130,1,1,1
372,3,372,186,47,130,1,1,1
373,3,371,185,48,130,1,1,1
374,3,371,185,47,130,1,1,1
375,3,371,184,47,130,1,1,1
376,3,371,184,47,130,1,1,1
377,3,371,184,48,130,1,1,1
378,3,371,184,48,130,1,1,1
379,3,371,184,47,129,1,1,1
380,3,369,184,47,129,1,1,1
381,3,365,183,48,129,1,1,1
382,3,365,187,48,125,1,1,1
383,3,361,187,48,124,1,1,1
384,3,361,186,48,125,1,1,1
385,3,359,186,48,125,1,1,1
386,3,359,187,48,124,1,1,1
387,3,359,187,48,124,1,1,1
388,3,358,186,48,124,1,1,1
389,3,359,184,48,125,1,1,1
390,3,358,185,48,124,1,1,1
391,3,356,184,48,125,1,1,1
392,3,356,183,48,125,1,1,1
393,3,355,183,47,125,1,1,1
394,3,351,183,48,125,1,1,1
395,3,350,182,48,125,1,1,1
396,3,349,182,47,125,1,1,1
397,3,348,183,47,124,1,1,1
398,3,347,182,47,124,1,1,1
399,3,347,182,47,125,1,1,1
400,3,345,182,48,124,1,1,1
401,3,344,182,48,124,1,1,1
402,3,340,182,48,125,1,1,1
403,3,338,181,48,125,1,1,1
404,3,337,180,48,125,1,1,1
405,3,337,179,48,125,1,1,1
406,3,341,181,39,125,1,1,1
407,3,335,179,48,124,1,1,1
408,3,335,182,48,121,1,1,1
409,3,334,179,48,122,1,1,1
410,3,333,178,47,122,1,1,1
411,3,333,179,47,121,1,1,1
412,3,332,177,48,122,1,1,1
413,3,331,177,48,122,1,1,1
414,3,332,180,46,119,1,1,1
415,3,331,179,46,119,1,1,1
416,3,331,181,44,113,1,1,1
417,3,331,181,44,113,1,1,1
418,3,330,181,43,113,1,1,1
419,3,329,181,44,113,1,1,1
420,3,326,178,47,118,1,1,1
421,3,325,180,47,119,1,1,1
422,3,323,179,47,119,1,1,1
423,3,323,183,47,113,1,1,1
424,3,321,182,47,114,1,1,1
425,3,326,180,42,114,1,1,1
426,3,323,179,43,114,1,1,1
427,3,321,178,42,114,1,1,1
428,3,320,178,42,114,1,1,1
429,3,319,178,43,114,1,1,1
430,3,316,179,43,114,1,1,1
431,3,316,177,42,114,1,1,1
432,3,313,177,43,114,1,1,1
433,3,311,177,43,114,1,1,1
434,3,311,176,43,114,1,1,1
435,3,310,176,43,114,1,1,1
436,3,310,177,43,114,1,1,1
437,3,309,176,43,114,1,1,1
438,3,309,177,42,114,1,1,1
439,3,308,176,43,114,1,1,1
440,3,308,175,43,113,1,1,1
441,3,307,176,43,114,1,1,1
442,3,306,175,43,113,1,1,1
443,3,305,174,43,114,1,1,1
444,3,306,175,42,114,1,1,1
445,3,305,173,43,114,1,1,1
446,3,307,173,42,114,1,1,1
447,3,307,172,43,114,1,1,1
448,3,304,172,43,114,1,1,1
449,3,304,172,43,114,1,1,1
450,3,305,172,43,114,1,1,1
451,3,305,171,43,114,1,1,1
452,3,304,171,43,114,1,1,1
453,3,303,170,43,114,1,1,1
454,3,302,170,43,114,1,1,1
455,3,303,173,40,109,1,1,1
456,3,302,173,41,108,1,1,1
457,3,301,173,41,108,1,1,1
458,3,301,172,40,109,1,1,1
459,3,299,171,41,109,1,1,1
460,3,299,171,40,109,1,1,1
461,3,297,171,40,109,1,1,1
462,3,296,170,41,109,1,1,1
463,3,296,170,40,109,1,1,1
464,3,295,170,41,108,1,1,1
465,3,295,169,40,108,1,1,1
466,3,295,169,40,109,1,1,1
467,3,295,169,40,109,1,1,1
468,3,294,169,41,109,1,1,1
469,3,294,166,42,114,1,1,1
470,3,293,166,42,114,1,1,1
471,3,293,165,43,114,1,1,1
472,3,292,165,43,114,1,1,1
473,3,290,167,42,112,1,1,1
474,3,290,168,41,112,1,1,1
475,3,292,166,42,112,1,1,1
476,3,292,166,42,112,1,1,1
477,3,292,166,42,112,1,1,1
478,3,292,165,42,112,1,1,1
479,3,291,165,42,112,1,1,1
480,3,291,164,42,112,1,1,1
481,3,292,165,41,112,1,1,1
482,3,291,165,42,112,1,1,1
483,3,291,164,42,112,1,1,1
484,3,291,164,42,112,1,1,1
485,3,292,164,41,112,1,1,1
486,3,291,164,42,112,1,1,1
487,3,291,163,42,112,1,1,1
488,3,290,164,41,112,1,1,1
489,3,290,163,42,112,1,1,1
490,3,289,164,42,112,1,1,1
491,3,289,164,41,112,1,1,1
492,3,289,163,41,112,1,1,1
493,3,288,163,42,112,1,1,1
494,3,288,167,42,101,1,1,1
495,3,288,166,42,101,1,1,1
496,3,288,166,41,101,1,1,1
497,3,288,166,41,101,1,1,1
498,3,288,165,41,101,1,1,1
499,3,287,165,42,101,1,1,1
500,3,288,165,41,101,1,1,1
501,3,287,165,42,101,1,1,1
502,3,287,165,41,101,1,1,1
503,3,287,164,42,101,1,1,1
504,3,287,164,41,101,1,1,1
505,3,287,163,42,101,1,1,1
506,3,287,163,41,101,1,1,1
507,3,288,164,41,101,1,1,1
508,3,288,163,41,101,1,1,1
509,3,288,164,41,101,1,1,1
510,3,288,163,42,101,1,1,1
511,3,288,163,42,101,1,1,1
512,3,290,164,39,96,1,1,1
513,3,290,164,39,96,1,1,1
514,3,291,164,39,96,1,1,1
515,3,291,164,39,96,1,1,1
516,3,290,161,41,101,1,1,1
517,3,291,163,39,96,1,1,1
518,3,292,163,39,96,1,1,1
519,3,292,163,39,96,1,1,1
520,3,292,163,39,96,1,1,1
521,3,292,162,39,96,1,1,1
522,3,292,164,38,92,1,1,1
523,3,292,165,38,92,1,1,1
524,3,292,165,37,92,1,1,1
525,3,292,165,37,92,1,1,1
526,3,291,164,38,92,1,1,1
527,3,292,164,37,92,1,1,1
528,3,290,164,38,92,1,1,1
529,3,290,163,38,91,1,1,1
530,3,290,162,38,92,1,1,1
531,3,290,162,38,92,1,1,1
532,3,290,162,38,92,1,1,1
533,3,289,163,38,91,1,1,1
534,3,290,162,38,92,1,1,1
535,3,289,161,38,92,1,1,1
536,3,289,162,38,91,1,1,1
537,3,289,161,38,91,1,1,1
538,3,289,161,38,92,1,1,1
539,3,289,161,38,92,1,1,1
540,3,289,161,38,92,1,1,1
541,3,290,161,38,91,1,1,1
542,3,290,161,38,91,1,1,1
543,3,290,161,38,92,1,1,1
544,3,290,160,38,92,1,1,1
545,3,291,161,38,91,1,1,1
546,3,291,161,38,91,1,1,1
547,3,290,159,38,92,1,1,1
548,3,292,160,37,92,1,1,1
549,3,291,159,38,92,1,1,1
550,3,292,161,36,87,1,1,1
551,3,292,161,36,87,1,1,1
552,3,292,161,36,87,1,1,1
553,3,292,161,36,87,1,1,1
554,3,292,161,36,87,1,1,1
555,3,292,160,36,87,1,1,1
556,3,292,161,36,87,1,1,1
557,3,291,161,36,87,1,1,1
558,3,290,160,37,87,1,1,1
559,3,290,160,37,87,1,1,1
560,3,290,160,36,87,1,1,1
561,3,289,160,37,87,1,1,1
562,3,289,159,36,88,1,1,1
563,3,289,159,37,87,1,1,1
564,3,289,158,36,88,1,1,1
565,3,288,159,36,87,1,1,1
566,3,288,158,36,88,1,1,1
567,3,287,158,36,88,1,1,1
568,3,287,158,36,87,1,1,1
569,3,287,158,36,87,1,1,1
570,3,287,157,36,88,1,1,1
571,3,287,159,34,84,1,1,1
572,3,287,159,34,83,1,1,1
573,3,287,159,34,84,1,1,1
574,3,287,159,34,83,1,1,1
575,3,287,159,34,84,1,1,1
576,3,287,159,34,83,1,1,1
577,3,288,159,34,84,1,1,1
578,3,288,159,34,84,1,1,1
579,3,288,159,34,83,1,1,1
580,3,288,159,34,83,1,1,1
581,3,289,158,34,83,1,1,1
582,3,289,158,34,83,1,1,1
583,3,289,158,34,83,1,1,1
584,3,289,158,34,83,1,1,1
585,3,289,158,34,83,1,1,1
586,3,290,157,34,83,1,1,1
587,3,290,158,34,83,1,1,1
588,3,289,157,34,83,1,1,1
589,3,290,157,34,83,1,1,1
590,3,289,156,34,83,1,1,1
591,3,289,156,34,83,1,1,1
592,3,289,156,34,83,1,1,1
593,3,289,156,34,83,1,1,1
594,3,290,158,33,79,1,1,1
595,3,289,157,33,80,1,1,1
596,3,289,158,32,79,1,1,1
597,3,289,158,32,84,1,1,1
598,3,288,157,33,86,1,1,1
599,3,288,156,33,85,1,1,1
600,3,288,155,33,85,1,1,1
601,3,288,155,33,85,1,1,1
602,3,288,155,33,86,1,1,1
603,3,288,155,33,85,1,1,1
604,3,287,155,33,85,1,1,1
605,3,287,155,33,85,1,1,1
606,3,287,154,33,85,1,1,1
607,3,287,153,33,86,1,1,1
608,3,287,153,33,86,1,1,1
609,3,287,153,33,86,1,1,1
610,3,287,156,32,81,1,1,1
611,3,287,156,31,81,1,1,1
612,3,287,156,32,81,1,1,1
613,3,287,155,32,82,1,1,1
614,3,286,154,30,83,1,1,1
615,3,288,155,29,83,1,1,1
616,3,287,154,29,83,1,1,1
617,3,288,154,30,83,1,1,1
618,3,289,154,30,83,1,1,1
619,3,289,154,30,83,1,1,1
620,3,288,151,32,87,1,1,1
621,3,289,152,31,87,1,1,1
622,3,289,151,31,88,1,1,1
623,3,289,153,30,82,1,1,1
624,3,290,154,29,79,1,1,1
625,3,291,155,28,79,1,1,1
626,3,292,154,28,79,1,1,1
627,3,292,155,28,79,1,1,1
628,3,290,153,30,82,1,1,1
629,3,290,152,30,83,1,1,1
630,3,290,153,30,83,1,1,1
631,3,290,153,30,82,1,1,1
632,3,290,152,30,83,1,1,1
633,3,290,153,30,82,1,1,1
634,3,290,153,30,83,1,1,1
635,3,290,153,30,82,1,1,1
636,3,290,151,30,83,1,1,1
637,3,290,152,30,83,1,1,1
638,3,290,152,30,83,1,1,1
639,3,290,152,30,83,1,1,1
640,3,290,151,30,83,1,1,1
641,3,291,153,30,82,1,1,1
642,3,291,152,30,83,1,1,1
643,3,290,151,30,83,1,1,1
644,3,292,153,28,79,1,1,1
645,3,292,152,28,79,1,1,1
646,3,293,152,28,79,1,1,1
647,3,292,153,28,79,1,1,1
648,3,293,153,28,79,1,1,1
649,3,294,153,28,79,1,1,1
650,3,294,153,28,79,1,1,1
651,3,295,153,28,79,1,1,1
652,3,295,152,28,79,1,1,1
653,3,296,153,28,79,1,1,1
654,3,296,152,28,79,1,1,1
655,3,297,153,28,79,1,1,1
656,3,297,152,29,79,1,1,1
657,3,299,152,28,79,1,1,1
658,3,299,152,28,79,1,1,1
659,3,300,151,28,80,1,1,1
660,3,301,151,28,80,1,1,1
661,3,302,151,28,80,1,1,1
662,3,302,151,28,80,1,1,1
663,3,300,150,30,78,1,1,1
664,3,302,151,31,78,1,1,1
665,3,303,151,30,78,1,1,1
666,3,303,152,31,78,1,1,1
667,3,303,153,31,77,1,1,1
668,3,305,152,30,78,1,1,1
669,3,306,153,30,77,1,1,1
670,3,306,153,30,77,1,1,1
671,3,307,153,30,77,1,1,1
672,3,308,152,31,78,1,1,1
673,3,308,153,31,77,1,1,1
674,3,309,150,32,82,1,1,1
675,3,310,151,32,81,1,1,1
676,3,310,150,32,82,1,1,1
677,3,310,150,32,82,1,1,1
678,3,310,150,32,81,1,1,1
679,3,311,153,30,77,1,1,1
680,3,311,151,31,78,1,1,1
681,3,311,151,31,78,1,1,1
682,3,311,150,32,81,1,1,1
683,3,311,149,32,82,1,1,1
684,3,313,153,27,74,1,1,1
685,3,314,151,28,74,1,1,1
686,3,314,151,27,74,1,1,1
687,3,314,151,27,74,1,1,1
688,3,314,150,27,75,1,1,1
689,3,316,151,26,74,1,1,1
690,3,317,151,28,75,1,1,1
691,3,320,152,28,74,1,1,1
692,3,320,151,28,75,1,1,1
693,3,321,151,28,75,1,1,1
694,3,320,152,28,74,1,1,1
695,3,321,152,28,74,1,1,1
696,3,322,150,28,75,1,1,1
697,3,323,151,28,74,1,1,1
698,3,324,151,28,74,1,1,1
699,3,324,150,28,74,1,1,1
700,3,325,150,27,75,1,1,1
701,3,326,150,27,74,1,1,1
702,3,326,150,27,74,1,1,1
703,3,326,151,27,74,1,1,1
704,3,327,151,27,74,1,1,1
705,3,329,150,27,75,1,1,1
706,3,329,150,27,75,1,1,1
707,3,330,150,27,75,1,1,1
708,3,330,150,27,74,1,1,1
709,3,330,150,27,74,1,1,1
710,3,331,151,26,70,1,1,1
711,3,332,151,26,71,1,1,1
712,3,332,151,26,71,1,1,1
713,3,332,151,26,70,1,1,1
714,3,332,151,26,71,1,1,1
715,3,333,151,26,70,1,1,1
716,3,333,150,26,71,1,1,1
717,3,334,150,26,71,1,1,1
718,3,334,151,26,70,1,1,1
719,3,334,150,26,71,1,1,1
720,3,335,150,26,70,1,1,1
721,3,335,150,26,71,1,1,1
722,3,335,150,26,70,1,1,1
723,3,335,150,26,70,1,1,1
724,3,336,150,26,70,1,1,1
725,3,336,149,26,71,1,1,1
726,3,337,149,26,71,1,1,1
727,3,337,150,26,70,1,1,1
728,3,337,149,26,71,1,1,1
729,3,338,150,26,70,1,1,1
730,3,338,149,26,71,1,1,1
731,3,338,149,26,70,1,1,1
732,3,339,148,26,71,1,1,1
733,3,339,148,26,71,1,1,1
734,3,340,149,26,70,1,1,1
735,3,341,149,26,70,1,1,1
736,3,342,148,26,71,1,1,1
737,3,342,148,26,70,1,1,1
738,3,343,148,26,71,1,1,1
739,3,342,148,26,71,1,1,1
740,3,342,148,26,70,1,1,1
741,3,343,148,26,70,1,1,1
742,3,343,148,26,70,1,1,1
743,3,344,147,26,71,1,1,1
744,3,343,147,26,71,1,1,1
745,3,344,148,26,70,1,1,1
746,3,344,147,26,71,1,1,1
747,3,343,147,26,71,1,1,1
748,3,343,147,26,71,1,1,1
749,3,344,147,26,71,1,1,1
750,3,343,147,26,70,1,1,1
751,3,343,147,26,70,1,1,1
752,3,343,146,26,71,1,1,1
753,3,343,148,25,67,1,1,1
754,3,344,148,24,67,1,1,1
755,3,343,148,25,67,1,1,1
756,3,344,147,24,67,1,1,1
757,3,344,147,24,67,1,1,1
758,3,344,148,24,67,1,1,1
759,3,344,148,24,67,1,1,1
760,3,343,147,25,67,1,1,1
761,3,343,147,25,67,1,1,1
762,3,344,147,24,67,1,1,1
763,3,343,147,25,67,1,1,1
764,3,343,147,25,67,1,1,1
765,3,344,147,24,67,1,1,1
766,3,344,147,25,67,1,1,1
767,3,344,147,25,67,1,1,1
768,3,344,147,25,67,1,1,1
769,3,344,146,25,67,1,1,1
770,3,344,146,25,67,1,1,1
771,3,345,146,25,67,1,1,1
772,3,345,146,24,67,1,1,1
773,3,345,147,25,67,1,1,1
774,3,346,146,24,67,1,1,1
775,3,345,146,25,67,1,1,1
776,3,346,146,24,67,1,1,1
777,3,346,146,25,67,1,1,1
778,3,346,146,24,67,1,1,1
779,3,346,146,25,67,1,1,1
780,3,346,146,24,67,1,1,1
781,3,346,145,25,67,1,1,1
782,3,346,145,24,67,1,1,1
783,3,345,145,25,67,1,1,1
784,3,346,145,24,67,1,1,1
785,3,346,147,23,64,1,1,1
786,3,345,147,24,64,1,1,1
787,3,345,146,24,64,1,1,1
788,3,345,147,24,64,1,1,1
789,3,345,146,23,64,1,1,1
790,3,344,146,24,64,1,1,1
791,3,345,146,23,67,1,1,1
792,3,344,146,24,67,1,1,1
793,3,344,146,24,68,1,1,1
794,3,344,146,24,68,1,1,1
795,3,343,143,25,73,1,1,1
796,3,342,143,25,70,1,1,1
797,3,344,146,23,68,1,1,1
798,3,341,145,26,68,1,1,1
799,3,341,145,26,69,1,1,1
800,3,344,145,23,64,1,1,1
801,3,342,145,25,67,1,1,1
802,3,340,145,29,69,1,1,1
803,3,341,145,27,67,1,1,1
804,3,342,144,27,68,1,1,1
805,3,342,145,27,67,1,1,1
806,3,343,144,27,68,1,1,1
807,3,342,143,27,68,1,1,1
808,3,343,143,27,68,1,1,1
809,3,343,143,27,68,1,1,1
810,3,343,142,27,68,1,1,1
811,3,344,142,27,68,1,1,1
812,3,344,143,27,68,1,1,1
813,3,344,142,27,68,1,1,1
814,3,344,142,27,68,1,1,1
815,3,344,142,27,68,1,1,1
816,3,344,142,27,68,1,1,1
817,3,345,144,26,65,1,1,1
818,3,344,144,26,65,1,1,1
819,3,345,144,26,65,1,1,1
820,3,345,144,26,65,1,1,1
821,3,344,144,26,65,1,1,1
822,3,345,144,26,65,1,1,1
823,3,344,143,26,65,1,1,1
824,3,344,143,26,65,1,1,1
825,3,344,144,26,65,1,1,1
826,3,343,143,26,64,1,1,1
827,3,343,143,26,64,1,1,1
828,3,343,142,26,65,1,1,1
829,3,342,142,26,65,1,1,1
830,3,343,143,26,64,1,1,1
831,3,343,143,26,64,1,1,1
832,3,343,142,26,65,1,1,1
833,3,343,143,26,64,1,1,1
834,3,342,143,26,64,1,1,1
835,3,342,142,26,64,1,1,1
836,3,342,142,26,65,1,1,1
837,3,342,142,26,64,1,1,1
838,3,342,142,26,64,1,1,1
839,3,342,142,26,65,1,1,1
840,3,342,142,26,65,1,1,1
841,3,343,142,26,64,1,1,1
842,3,343,142,26,65,1,1,1
843,3,343,142,26,65,1,1,1
844,3,343,141,26,65,1,1,1
845,3,343,142,26,64,1,1,1
846,3,344,141,26,65,1,1,1
847,3,343,141,26,65,1,1,1
848,3,344,141,26,64,1,1,1
849,3,344,141,26,64,1,1,1
850,3,344,141,26,65,1,1,1
851,3,344,141,26,64,1,1,1
852,3,345,142,25,62,1,1,1
853,3,345,142,24,62,1,1,1
854,3,345,142,25,62,1,1,1
855,3,345,142,24,61,1,1,1
856,3,345,142,25,61,1,1,1
857,3,345,142,24,62,1,1,1
858,3,344,142,25,61,1,1,1
859,3,345,142,24,61,1,1,1
860,3,345,142,24,61,1,1,1
861,3,344,142,25,62,1,1,1
862,3,344,141,24,62,1,1,1
863,3,343,141,25,62,1,1,1
864,3,344,141,24,62,1,1,1
865,3,344,141,24,62,1,1,1
866,3,343,141,25,62,1,1,1
867,3,343,141,24,62,1,1,1
868,3,343,141,25,61,1,1,1
869,3,343,140,25,61,1,1,1
870,3,343,141,25,62,1,1,1
871,3,343,140,25,61,1,1,1
872,3,342,140,25,61,1,1,1
873,3,343,140,25,61,1,1,1
874,3,343,140,25,61,1,1,1
875,3,343,140,24,61,1,1,1
876,3,343,140,24,61,1,1,1
877,3,344,141,24,61,1,1,1
878,3,343,140,25,61,1,1,1
879,3,344,140,24,62,1,1,1
880,3,344,140,25,61,1,1,1
881,3,344,140,25,61,1,1,1
882,3,345,140,24,61,1,1,1
883,3,345,140,25,61,1,1,1
884,3,345,140,24,61,1,1,1
885,3,346,139,24,61,1,1,1
886,3,345,139,25,61,1,1,1
887,3,347,140,23,59,1,1,1
888,3,346,140,24,59,1,1,1
889,3,348,140,23,59,1,1,1
890,3,347,140,23,58,1,1,1
891,3,348,140,23,59,1,1,1
892,3,347,140,23,59,1,1,1
893,3,348,140,23,59,1,1,1
894,3,347,140,23,58,1,1,1
895,3,348,140,23,59,1,1,1
896,3,348,140,23,58,1,1,1
897,3,348,140,23,59,1,1,1
898,3,347,140,23,59,1,1,1
899,3,347,140,23,58,1,1,1
900,3,345,138,25,60,1,1,1
1,4,570,279,80,211,1,1,1
2,4,570,276,75,209,1,1,1
3,4,564,273,75,209,1,1,1
4,4,561,273,75,209,1,1,1
5,4,560,272,74,209,1,1,1
6,4,557,274,74,209,1,1,1
7,4,554,274,75,209,1,1,1
8,4,551,273,74,209,1,1,1
9,4,549,274,74,209,1,1,1
10,4,549,272,74,209,1,1,1
11,4,545,274,75,209,1,1,1
12,4,543,272,74,209,1,1,1
13,4,541,271,74,209,1,1,1
14,4,539,271,74,209,1,1,1
15,4,537,271,74,209,1,1,1
16,4,535,271,74,209,1,1,1
17,4,532,268,74,209,1,1,1
18,4,531,268,74,209,1,1,1
19,4,529,268,74,208,1,1,1
20,4,529,266,74,209,1,1,1
21,4,528,264,74,209,1,1,1
22,4,531,263,66,209,1,1,1
23,4,529,263,68,202,1,1,1
24,4,529,259,65,197,1,1,1
25,4,526,261,68,190,1,1,1
26,4,526,260,68,190,1,1,1
27,4,525,259,68,191,1,1,1
28,4,525,258,68,191,1,1,1
29,4,523,258,68,191,1,1,1
30,4,522,257,68,190,1,1,1
31,4,511,259,76,191,1,1,1
32,4,505,260,74,190,1,1,1
33,4,500,258,73,181,1,1,1
34,4,494,258,78,174,1,1,1
35,4,493,259,81,175,1,1,1
36,4,493,259,81,173,1,1,1
37,4,494,257,81,174,1,1,1
38,4,493,257,76,178,1,1,1
39,4,494,255,70,178,1,1,1
40,4,493,254,71,178,1,1,1
41,4,493,253,71,178,1,1,1
42,4,491,253,70,178,1,1,1
43,4,490,251,67,182,1,1,1
44,4,489,251,67,182,1,1,1
45,4,485,250,67,183,1,1,1
46,4,482,249,67,183,1,1,1
47,4,481,248,67,183,1,1,1
48,4,480,249,67,183,1,1,1
49,4,478,248,67,183,1,1,1
50,4,477,249,67,183,1,1,1
51,4,476,249,67,184,1,1,1
52,4,476,248,67,183,1,1,1
53,4,474,249,67,183,1,1,1
54,4,474,249,67,184,1,1,1
55,4,473,247,67,183,1,1,1
56,4,471,247,67,183,1,1,1
57,4,471,246,67,183,1,1,1
58,4,469,245,67,183,1,1,1
59,4,470,246,65,182,1,1,1
60,4,470,243,65,182,1,1,1
61,4,472,243,62,182,1,1,1
62,4,473,238,61,183,1,1,1
63,4,471,243,61,174,1,1,1
64,4,469,240,61,175,1,1,1
65,4,469,240,60,172,1,1,1
66,4,467,241,61,172,1,1,1
67,4,467,241,60,170,1,1,1
68,4,467,239,60,170,1,1,1
69,4,466,240,60,170,1,1,1
70,4,466,240,60,171,1,1,1
71,4,465,239,59,171,1,1,1
72,4,462,238,59,171,1,1,1
73,4,461,237,59,171,1,1,1
74,4,460,238,59,170,1,1,1
75,4,459,239,59,170,1,1,1
76,4,458,238,59,171,1,1,1
77,4,456,238,59,168,1,1,1
78,4,455,236,59,169,1,1,1
79,4,454,237,59,168,1,1,1
80,4,452,234,60,169,1,1,1
81,4,449,234,62,169,1,1,1
82,4,447,233,62,165,1,1,1
83,4,445,233,63,162,1,1,1
84,4,444,233,62,158,1,1,1
85,4,443,233,62,158,1,1,1
86,4,442,232,62,158,1,1,1
87,4,441,232,62,159,1,1,1
88,4,440,232,62,159,1,1,1
89,4,439,232,62,158,1,1,1
90,4,439,231,62,159,1,1,1
91,4,440,231,62,158,1,1,1
92,4,438,231,62,159,1,1,1
93,4,438,232,62,158,1,1,1
94,4,437,231,64,158,1,1,1
95,4,436,230,64,158,1,1,1
96,4,436,231,64,158,1,1,1
97,4,435,229,64,158,1,1,1
98,4,436,228,64,159,1,1,1
99,4,438,226,59,159,1,1,1
100,4,438,225,59,159,1,1,1
101,4,438,225,59,159,1,1,1
102,4,437,223,59,159,1,1,1
103,4,438,224,55,151,1,1,1
104,4,437,225,56,152,1,1,1
105,4,436,224,55,152,1,1,1
106,4,434,222,56,152,1,1,1
107,4,436,222,54,152,1,1,1
108,4,436,223,53,148,1,1,1
109,4,436,224,53,148,1,1,1
110,4,435,224,54,148,1,1,1
111,4,433,224,54,148,1,1,1
112,4,433,224,54,148,1,1,1
113,4,434,223,54,148,1,1,1
114,4,432,222,54,148,1,1,1
115,4,430,222,54,148,1,1,1
116,4,430,220,54,151,1,1,1
117,4,429,220,54,150,1,1,1
118,4,429,220,54,150,1,1,1
119,4,427,218,54,150,1,1,1
120,4,426,217,55,150,1,1,1
121,4,423,217,57,147,1,1,1
122,4,423,217,57,147,1,1,1
123,4,423,217,56,147,1,1,1
124,4,422,218,55,141,1,1,1
125,4,422,217,55,142,1,1,1
126,4,422,218,55,142,1,1,1
127,4,421,218,56,141,1,1,1
128,4,419,216,55,142,1,1,1
129,4,420,217,54,140,1,1,1
130,4,419,217,55,140,1,1,1
131,4,420,216,54,140,1,1,1
132,4,419,216,55,139,1,1,1
133,4,419,215,54,140,1,1,1
134,4,419,217,55,140,1,1,1
135,4,419,216,54,139,1,1,1
136,4,420,215,55,139,1,1,1
137,4,421,215,55,140,1,1,1
138,4,422,215,55,140,1,1,1
139,4,421,215,55,139,1,1,1
140,4,423,213,55,140,1,1,1
141,4,423,212,55,140,1,1,1
142,4,422,211,55,140,1,1,1
143,4,425,210,55,140,1,1,1
144,4,422,210,55,140,1,1,1
145,4,423,210,55,140,1,1,1
146,4,422,210,55,140,1,1,1
147,4,422,210,55,140,1,1,1
148,4,423,210,55,140,1,1,1
149,4,422,209,55,140,1,1,1
150,4,422,210,55,140,1,1,1
151,4,422,210,55,140,1,1,1
152,4,422,209,55,140,1,1,1
153,4,423,210,55,140,1,1,1
154,4,422,208,55,140,1,1,1
155,4,421,209,55,140,1,1,1
156,4,422,209,55,140,1,1,1
157,4,421,210,55,140,1,1,1
158,4,420,209,55,140,1,1,1
159,4,418,209,55,140,1,1,1
160,4,418,208,56,140,1,1,1
161,4,417,207,55,140,1,1,1
162,4,416,206,55,141,1,1,1
163,4,415,206,55,140,1,1,1
164,4,414,204,55,140,1,1,1
165,4,413,205,55,140,1,1,1
166,4,414,204,55,140,1,1,1
167,4,412,206,56,140,1,1,1
168,4,412,204,57,140,1,1,1
169,4,412,203,56,131,1,1,1
170,4,411,203,57,128,1,1,1
171,4,411,203,57,128,1,1,1
172,4,410,203,58,128,1,1,1
173,4,409,204,58,128,1,1,1
174,4,409,204,59,128,1,1,1
175,4,410,204,58,128,1,1,1
176,4,409,204,58,128,1,1,1
177,4,410,203,58,128,1,1,1
178,4,410,202,58,128,1,1,1
179,4,409,202,58,128,1,1,1
180,4,409,201,59,127,1,1,1
181,4,407,200,59,128,1,1,1
182,4,408,200,59,128,1,1,1
183,4,408,199,59,128,1,1,1
184,4,407,198,58,126,1,1,1
185,4,409,199,54,126,1,1,1
186,4,408,198,55,125,1,1,1
187,4,405,198,55,125,1,1,1
188,4,407,198,54,126,1,1,1
189,4,405,197,54,125,1,1,1
190,4,408,198,54,126,1,1,1
191,4,404,197,54,125,1,1,1
192,4,402,198,55,125,1,1,1
193,4,404,198,54,126,1,1,1
194,4,402,197,54,125,1,1,1
195,4,401,196,54,126,1,1,1
196,4,399,197,54,126,1,1,1
197,4,396,196,55,126,1,1,1
198,4,395,195,55,124,1,1,1
199,4,397,194,54,124,1,1,1
200,4,396,194,55,123,1,1,1
201,4,394,192,55,124,1,1,1
202,4,394,191,55,124,1,1,1
203,4,393,195,53,114,1,1,1
204,4,392,194,53,114,1,1,1
205,4,392,195,53,113,1,1,1
206,4,391,195,52,113,1,1,1
207,4,392,195,52,113,1,1,1
208,4,391,195,53,113,1,1,1
209,4,391,195,52,113,1,1,1
210,4,390,194,53,114,1,1,1
211,4,390,192,53,114,1,1,1
212,4,390,193,53,114,1,1,1
213,4,390,193,53,114,1,1,1
214,4,390,192,53,114,1,1,1
215,4,390,192,53,114,1,1,1
216,4,390,191,52,114,1,1,1
217,4,390,189,53,114,1,1,1
218,4,390,189,53,114,1,1,1
219,4,390,189,52,114,1,1,1
220,4,390,188,52,114,1,1,1
221,4,390,188,53,113,1,1,1
222,4,390,188,52,113,1,1,1
223,4,394,187,48,114,1,1,1
224,4,393,188,48,114,1,1,1
225,4,392,188,49,114,1,1,1
226,4,393,189,48,114,1,1,1
227,4,392,191,49,114,1,1,1
228,4,392,191,49,114,1,1,1
229,4,391,191,49,114,1,1,1
230,4,392,191,48,114,1,1,1
231,4,391,190,49,108,1,1,1
232,4,391,188,49,108,1,1,1
233,4,389,187,51,106,1,1,1
234,4,389,187,50,106,1,1,1
235,4,388,186,49,106,1,1,1
236,4,390,185,45,106,1,1,1
237,4,390,185,46,106,1,1,1
238,4,390,184,45,106,1,1,1
239,4,390,183,45,106,1,1,1
240,4,389,183,45,106,1,1,1
241,4,389,185,42,106,1,1,1
242,4,391,184,38,106,1,1,1
243,4,391,185,38,106,1,1,1
244,4,390,184,37,106,1,1,1
245,4,391,185,38,106,1,1,1
246,4,393,187,37,106,1,1,1
247,4,393,184,38,106,1,1,1
248,4,391,184,40,98,1,1,1
249,4,392,187,40,97,1,1,1
250,4,393,185,40,98,1,1,1
251,4,394,182,39,98,1,1,1
252,4,394,181,39,98,1,1,1
253,4,394,184,40,98,1,1,1
254,4,392,182,45,97,1,1,1
255,4,393,181,45,97,1,1,1
256,4,390,181,50,97,1,1,1
257,4,390,181,50,97,1,1,1
258,4,390,183,50,98,1,1,1
259,4,390,183,50,97,1,1,1
260,4,390,182,50,98,1,1,1
261,4,391,182,49,98,1,1,1
262,4,389,182,50,98,1,1,1
263,4,389,183,50,98,1,1,1
264,4,390,182,49,98,1,1,1
265,4,390,181,50,97,1,1,1
266,4,390,181,47,97,1,1,1
267,4,390,180,47,97,1,1,1
268,4,390,182,45,97,1,1,1
269,4,390,178,45,98,1,1,1
270,4,388,181,45,97,1,1,1
271,4,390,180,45,97,1,1,1
272,4,388,180,45,97,1,1,1
273,4,387,180,45,97,1,1,1
274,4,389,179,45,97,1,1,1
275,4,387,177,45,98,1,1,1
276,4,387,179,45,97,1,1,1
277,4,386,178,44,97,1,1,1
278,4,386,179,44,97,1,1,1
279,4,385,179,44,97,1,1,1
280,4,385,178,45,98,1,1,1
281,4,385,180,44,97,1,1,1
282,4,385,180,45,97,1,1,1
283,4,385,178,44,97,1,1,1
284,4,385,178,44,97,1,1,1
285,4,385,177,45,98,1,1,1
286,4,384,176,45,98,1,1,1
287,4,385,176,45,98,1,1,1
288,4,385,177,45,97,1,1,1
289,4,386,177,44,97,1,1,1
290,4,386,176,45,97,1,1,1
291,4,387,176,44,98,1,1,1
292,4,387,175,43,91,1,1,1
293,4,387,175,43,91,1,1,1
294,4,387,174,43,91,1,1,1
295,4,388,176,43,91,1,1,1
296,4,387,173,43,91,1,1,1
297,4,387,177,43,91,1,1,1
298,4,387,174,43,91,1,1,1
299,4,387,176,41,91,1,1,1
300,4,387,173,41,91,1,1,1
301,4,386,176,41,91,1,1,1
302,4,386,174,41,91,1,1,1
303,4,385,173,40,91,1,1,1
304,4,384,173,40,91,1,1,1
305,4,383,174,41,91,1,1,1
306,4,381,173,41,91,1,1,1
307,4,381,173,41,90,1,1,1
308,4,380,173,41,91,1,1,1
309,4,379,172,42,91,1,1,1
310,4,379,173,42,91,1,1,1
311,4,379,174,41,91,1,1,1
312,4,378,172,42,91,1,1,1
313,4,378,172,41,92,1,1,1
314,4,378,172,41,92,1,1,1
315,4,378,173,43,91,1,1,1
316,4,379,173,43,91,1,1,1
317,4,379,173,43,90,1,1,1
318,4,381,172,43,91,1,1,1
319,4,379,172,43,91,1,1,1
320,4,380,171,43,91,1,1,1
321,4,379,170,43,91,1,1,1
322,4,380,170,43,91,1,1,1
323,4,380,170,42,91,1,1,1
324,4,381,170,40,91,1,1,1
325,4,382,169,39,91,1,1,1
326,4,381,169,40,91,1,1,1
327,4,381,169,40,91,1,1,1
328,4,383,170,40,87,1,1,1
329,4,383,170,40,87,1,1,1
330,4,382,169,40,88,1,1,1
331,4,381,169,41,88,1,1,1
332,4,380,169,41,88,1,1,1
333,4,381,170,40,87,1,1,1
334,4,380,167,41,87,1,1,1
335,4,379,169,38,86,1,1,1
336,4,378,170,39,85,1,1,1
337,4,378,168,39,86,1,1,1
338,4,378,168,38,85,1,1,1
339,4,376,167,38,86,1,1,1
340,4,377,168,39,86,1,1,1
341,4,376,168,38,86,1,1,1
342,4,376,168,38,85,1,1,1
343,4,374,169,39,86,1,1,1
344,4,374,167,39,85,1,1,1
345,4,375,168,39,86,1,1,1
346,4,373,168,39,85,1,1,1
347,4,374,167,39,86,1,1,1
348,4,372,167,39,85,1,1,1
349,4,374,167,39,85,1,1,1
350,4,375,167,39,86,1,1,1
351,4,376,168,39,85,1,1,1
352,4,377,168,39,86,1,1,1
353,4,378,167,39,84,1,1,1
354,4,379,168,38,84,1,1,1
355,4,377,166,37,84,1,1,1
356,4,376,164,37,84,1,1,1
357,4,377,166,37,84,1,1,1
358,4,379,172,37,84,1,1,1
359,4,379,166,36,84,1,1,1
360,4,377,165,36,84,1,1,1
361,4,376,166,37,84,1,1,1
362,4,377,165,36,84,1,1,1
363,4,377,166,36,84,1,1,1
364,4,376,166,37,84,1,1,1
365,4,377,164,37,84,1,1,1
366,4,376,165,36,84,1,1,1
367,4,377,166,37,84,1,1,1
368,4,376,166,36,84,1,1,1
369,4,374,166,37,84,1,1,1
370,4,378,166,37,84,1,1,1
371,4,377,164,36,84,1,1,1
372,4,377,163,36,84,1,1,1
373,4,377,163,36,82,1,1,1
374,4,378,161,33,81,1,1,1
375,4,377,163,33,82,1,1,1
376,4,379,163,33,81,1,1,1
377,4,379,162,33,82,1,1,1
378,4,379,162,33,82,1,1,1
379,4,381,162,31,81,1,1,1
380,4,381,161,31,80,1,1,1
381,4,382,163,30,81,1,1,1
382,4,382,162,30,81,1,1,1
383,4,383,163,30,81,1,1,1
384,4,383,164,30,81,1,1,1
385,4,384,163,30,81,1,1,1
386,4,386,163,30,81,1,1,1
387,4,385,164,30,81,1,1,1
388,4,386,162,30,81,1,1,1
389,4,388,163,30,81,1,1,1
390,4,387,163,30,81,1,1,1
391,4,390,162,31,75,1,1,1
392,4,389,161,31,75,1,1,1
393,4,388,161,31,75,1,1,1
394,4,387,161,31,75,1,1,1
395,4,389,162,31,75,1,1,1
396,4,390,163,31,75,1,1,1
397,4,391,164,30,75,1,1,1
398,4,391,163,30,75,1,1,1
399,4,391,163,30,75,1,1,1
400,4,393,162,28,75,1,1,1
401,4,394,163,27,75,1,1,1
402,4,393,163,28,75,1,1,1
403,4,393,164,27,75,1,1,1
404,4,392,164,28,75,1,1,1
405,4,395,162,27,75,1,1,1
406,4,394,162,27,75,1,1,1
407,4,395,161,27,75,1,1,1
408,4,394,162,27,75,1,1,1
409,4,395,163,28,75,1,1,1
410,4,395,162,28,75,1,1,1
411,4,396,161,28,75,1,1,1
412,4,396,162,28,75,1,1,1
413,4,396,162,28,75,1,1,1
414,4,397,162,27,75,1,1,1
415,4,396,161,28,75,1,1,1
416,4,397,161,27,75,1,1,1
417,4,397,161,27,75,1,1,1
418,4,397,161,28,75,1,1,1
419,4,397,163,27,71,1,1,1
420,4,397,162,27,71,1,1,1
421,4,398,162,26,71,1,1,1
422,4,399,162,26,71,1,1,1
423,4,399,162,26,71,1,1,1
424,4,399,162,26,71,1,1,1
425,4,399,162,26,71,1,1,1
426,4,397,158,31,71,1,1,1
427,4,397,158,34,71,1,1,1
428,4,399,157,32,71,1,1,1
429,4,399,160,35,70,1,1,1
430,4,399,160,36,71,1,1,1
431,4,398,160,38,71,1,1,1
432,4,397,159,40,72,1,1,1
433,4,396,157,41,74,1,1,1
434,4,398,154,39,79,1,1,1
435,4,396,158,39,78,1,1,1
436,4,395,155,42,76,1,1,1
437,4,396,157,41,75,1,1,1
438,4,396,158,38,72,1,1,1
439,4,394,158,39,72,1,1,1
440,4,395,156,38,72,1,1,1
441,4,396,158,38,72,1,1,1
442,4,396,157,35,73,1,1,1
443,4,396,156,35,73,1,1,1
444,4,395,157,35,72,1,1,1
445,4,395,156,35,73,1,1,1
446,4,395,156,35,73,1,1,1
447,4,394,156,35,71,1,1,1
448,4,393,155,35,72,1,1,1
449,4,393,155,35,71,1,1,1
450,4,394,157,35,71,1,1,1
451,4,393,155,35,72,1,1,1
452,4,393,157,35,71,1,1,1
453,4,392,154,35,72,1,1,1
454,4,393,156,35,71,1,1,1
455,4,392,155,35,72,1,1,1
456,4,392,155,35,72,1,1,1
457,4,392,155,35,71,1,1,1
458,4,392,155,35,72,1,1,1
459,4,392,155,35,71,1,1,1
460,4,391,155,35,72,1,1,1
461,4,391,155,35,72,1,1,1
462,4,391,155,35,71,1,1,1
463,4,390,155,35,71,1,1,1
464,4,390,155,35,71,1,1,1
465,4,390,155,35,71,1,1,1
466,4,390,155,35,72,1,1,1
467,4,390,155,35,71,1,1,1
468,4,390,154,35,71,1,1,1
469,4,389,154,35,72,1,1,1
470,4,389,153,35,72,1,1,1
471,4,389,153,35,72,1,1,1
472,4,389,153,35,71,1,1,1
473,4,389,153,34,69,1,1,1
474,4,389,154,33,68,1,1,1
475,4,388,154,33,68,1,1,1
476,4,388,153,33,68,1,1,1
477,4,387,153,34,68,1,1,1
478,4,387,153,33,68,1,1,1
479,4,386,153,34,69,1,1,1
480,4,386,152,34,68,1,1,1
481,4,386,153,34,68,1,1,1
482,4,386,152,34,68,1,1,1
483,4,385,152,34,68,1,1,1
484,4,385,152,34,68,1,1,1
485,4,385,152,34,68,1,1,1
486,4,385,152,33,68,1,1,1
487,4,385,152,33,68,1,1,1
488,4,384,152,33,68,1,1,1
489,4,384,152,33,68,1,1,1
490,4,381,151,34,68,1,1,1
491,4,381,150,33,68,1,1,1
492,4,382,151,34,68,1,1,1
493,4,382,151,34,68,1,1,1
494,4,382,149,34,68,1,1,1
495,4,382,151,33,65,1,1,1
496,4,384,152,31,61,1,1,1
497,4,384,152,30,60,1,1,1
498,4,384,153,30,64,1,1,1
499,4,384,152,30,64,1,1,1
500,4,382,151,31,66,1,1,1
501,4,382,151,31,62,1,1,1
502,4,383,152,30,64,1,1,1
503,4,384,152,28,62,1,1,1
504,4,383,152,31,62,1,1,1
505,4,384,153,28,62,1,1,1
506,4,384,151,28,63,1,1,1
507,4,384,150,28,65,1,1,1
508,4,384,151,27,62,1,1,1
509,4,384,150,28,66,1,1,1
510,4,383,152,28,63,1,1,1
511,4,383,149,29,65,1,1,1
512,4,379,149,30,64,1,1,1
513,4,379,148,31,67,1,1,1
514,4,378,150,31,65,1,1,1
515,4,377,148,31,67,1,1,1
516,4,378,149,29,65,1,1,1
517,4,377,150,30,65,1,1,1
518,4,377,150,29,65,1,1,1
519,4,378,150,29,65,1,1,1
520,4,378,149,29,65,1,1,1
521,4,378,151,29,65,1,1,1
522,4,378,151,29,64,1,1,1
523,4,378,152,29,64,1,1,1
524,4,378,151,29,65,1,1,1
525,4,378,151,29,64,1,1,1
526,4,378,149,29,64,1,1,1
527,4,378,148,29,65,1,1,1
528,4,379,149,29,64,1,1,1
529,4,379,150,30,64,1,1,1
530,4,378,149,30,64,1,1,1
531,4,379,149,30,64,1,1,1
532,4,379,149,30,64,1,1,1
533,4,380,148,29,65,1,1,1
534,4,379,149,29,64,1,1,1
535,4,379,149,29,64,1,1,1
536,4,378,148,30,65,1,1,1
537,4,379,150,30,64,1,1,1
538,4,379,148,30,64,1,1,1
539,4,379,148,29,65,1,1,1
540,4,378,149,29,64,1,1,1
541,4,379,148,27,65,1,1,1
542,4,378,148,28,64,1,1,1
543,4,378,148,27,65,1,1,1
544,4,377,147,28,65,1,1,1
545,4,377,147,27,64,1,1,1
546,4,377,147,27,64,1,1,1
547,4,376,147,28,64,1,1,1
548,4,375,146,28,65,1,1,1
549,4,374,147,28,65,1,1,1
550,4,374,146,27,65,1,1,1
551,4,373,146,28,65,1,1,1
552,4,373,146,28,65,1,1,1
553,4,372,146,28,65,1,1,1
554,4,373,146,27,64,1,1,1
555,4,372,146,27,64,1,1,1
556,4,372,146,27,65,1,1,1
557,4,372,147,28,64,1,1,1
558,4,372,147,27,64,1,1,1
559,4,373,147,27,64,1,1,1
560,4,371,147,28,65,1,1,1
561,4,373,147,28,64,1,1,1
562,4,373,146,28,65,1,1,1
563,4,374,148,26,61,1,1,1
564,4,374,147,27,62,1,1,1
565,4,374,146,26,62,1,1,1
566,4,374,147,26,62,1,1,1
567,4,374,147,26,62,1,1,1
568,4,373,147,27,61,1,1,1
569,4,373,147,27,61,1,1,1
570,4,373,147,26,62,1,1,1
571,4,373,147,26,61,1,1,1
572,4,372,147,27,61,1,1,1
573,4,372,147,26,62,1,1,1
574,4,372,147,26,61,1,1,1
575,4,372,147,26,61,1,1,1
576,4,371,147,27,61,1,1,1
577,4,371,147,27,61,1,1,1
578,4,370,146,27,61,1,1,1
579,4,370,147,26,61,1,1,1
580,4,369,147,27,61,1,1,1
581,4,369,147,27,61,1,1,1
582,4,368,146,27,61,1,1,1
583,4,368,146,27,61,1,1,1
584,4,367,146,27,61,1,1,1
585,4,367,146,27,61,1,1,1
586,4,365,146,28,61,1,1,1
587,4,365,145,28,61,1,1,1
588,4,365,146,28,61,1,1,1
589,4,364,146,29,61,1,1,1
590,4,363,146,30,61,1,1,1
591,4,363,145,29,61,1,1,1
592,4,363,145,29,61,1,1,1
593,4,362,145,29,61,1,1,1
594,4,364,146,28,61,1,1,1
595,4,365,146,27,61,1,1,1
596,4,365,145,26,61,1,1,1
597,4,365,145,26,61,1,1,1
598,4,365,145,26,61,1,1,1
599,4,365,145,26,61,1,1,1
600,4,364,144,26,61,1,1,1
601,4,364,145,26,61,1,1,1
602,4,363,143,27,64,1,1,1
603,4,361,142,28,65,1,1,1
604,4,362,145,27,61,1,1,1
605,4,362,145,27,61,1,1,1
606,4,360,145,27,61,1,1,1
607,4,360,144,26,61,1,1,1
608,4,360,144,26,61,1,1,1
609,4,359,143,26,61,1,1,1
610,4,362,144,27,61,1,1,1
611,4,360,143,27,61,1,1,1
612,4,360,144,27,61,1,1,1
613,4,359,142,27,62,1,1,1
614,4,358,142,27,61,1,1,1
615,4,357,146,28,56,1,1,1
616,4,358,144,28,56,1,1,1
617,4,357,144,27,55,1,1,1
618,4,357,144,28,55,1,1,1
619,4,356,144,28,56,1,1,1
620,4,358,145,27,55,1,1,1
621,4,356,141,27,56,1,1,1
622,4,355,143,28,56,1,1,1
623,4,353,144,28,56,1,1,1
624,4,352,145,27,55,1,1,1
625,4,352,144,28,56,1,1,1
626,4,351,144,27,55,1,1,1
627,4,351,144,28,55,1,1,1
628,4,350,144,27,55,1,1,1
629,4,350,143,27,56,1,1,1
630,4,349,142,27,56,1,1,1
631,4,348,144,28,56,1,1,1
632,4,349,146,27,56,1,1,1
633,4,348,145,28,55,1,1,1
634,4,346,144,28,56,1,1,1
635,4,346,143,28,56,1,1,1
636,4,345,143,27,56,1,1,1
637,4,343,140,28,56,1,1,1
638,4,343,142,28,56,1,1,1
639,4,341,143,28,53,1,1,1
640,4,339,145,28,52,1,1,1
641,4,338,147,28,52,1,1,1
642,4,339,143,28,53,1,1,1
643,4,346,145,20,44,1,1,1
644,4,345,146,20,45,1,1,1
645,4,345,146,20,44,1,1,1
646,4,344,146,20,44,1,1,1
647,4,344,146,20,44,1,1,1
648,4,343,146,20,44,1,1,1
649,4,342,145,20,45,1,1,1
650,4,341,146,20,44,1,1,1
651,4,340,145,20,45,1,1,1
652,4,340,146,20,44,1,1,1
653,4,339,145,20,44,1,1,1
654,4,338,145,20,45,1,1,1
655,4,337,145,20,45,1,1,1
656,4,336,145,20,45,1,1,1
657,4,336,145,20,45,1,1,1
658,4,336,145,20,45,1,1,1
659,4,334,143,20,45,1,1,1
660,4,333,143,20,45,1,1,1
661,4,332,145,20,44,1,1,1
662,4,332,145,20,45,1,1,1
663,4,330,145,22,45,1,1,1
664,4,329,145,23,45,1,1,1
665,4,328,143,22,46,1,1,1
666,4,328,142,22,45,1,1,1
667,4,327,140,23,46,1,1,1
668,4,328,142,23,46,1,1,1
669,4,328,142,23,45,1,1,1
670,4,327,142,23,45,1,1,1
671,4,326,142,23,46,1,1,1
672,4,325,142,23,45,1,1,1
673,4,325,142,23,46,1,1,1
674,4,324,142,23,45,1,1,1
675,4,324,142,23,46,1,1,1
676,4,322,141,24,48,1,1,1
677,4,322,141,24,48,1,1,1
678,4,322,141,23,48,1,1,1
679,4,322,141,23,48,1,1,1
680,4,321,140,23,48,1,1,1
681,4,320,141,24,48,1,1,1
682,4,321,141,23,48,1,1,1
683,4,320,141,23,48,1,1,1
684,4,318,140,24,47,1,1,1
685,4,314,141,24,48,1,1,1
686,4,314,141,24,48,1,1,1
687,4,313,142,24,48,1,1,1
688,4,313,141,24,48,1,1,1
689,4,311,140,24,47,1,1,1
690,4,309,140,24,47,1,1,1
691,4,307,141,24,48,1,1,1
692,4,305,141,24,48,1,1,1
693,4,305,141,21,50,1,1,1
694,4,304,141,22,50,1,1,1
695,4,303,141,21,51,1,1,1
696,4,302,141,21,50,1,1,1
697,4,303,140,21,51,1,1,1
698,4,301,141,21,51,1,1,1
699,4,301,141,21,51,1,1,1
700,4,301,141,21,50,1,1,1
701,4,300,142,21,51,1,1,1
702,4,300,141,21,51,1,1,1
703,4,300,141,21,51,1,1,1
704,4,299,141,21,51,1,1,1
705,4,299,142,21,51,1,1,1
706,4,297,142,21,51,1,1,1
707,4,297,143,21,49,1,1,1
708,4,296,141,21,51,1,1,1
709,4,296,140,21,51,1,1,1
710,4,295,142,21,48,1,1,1
711,4,294,143,21,49,1,1,1
712,4,293,143,21,48,1,1,1
713,4,292,143,21,47,1,1,1
714,4,291,141,20,49,1,1,1
715,4,290,141,20,49,1,1,1
716,4,290,142,20,49,1,1,1
717,4,289,141,21,49,1,1,1
718,4,288,141,20,49,1,1,1
719,4,287,141,21,49,1,1,1
720,4,286,141,21,49,1,1,1
721,4,286,141,20,49,1,1,1
722,4,285,141,20,49,1,1,1
723,4,286,142,20,49,1,1,1
724,4,285,142,20,49,1,1,1
725,4,283,142,21,49,1,1,1
726,4,283,142,20,49,1,1,1
727,4,281,142,23,49,1,1,1
728,4,281,140,23,47,1,1,1
729,4,281,140,23,46,1,1,1
730,4,280,141,24,46,1,1,1
731,4,279,141,25,46,1,1,1
732,4,279,140,25,47,1,1,1
733,4,279,140,24,47,1,1,1
734,4,278,140,25,47,1,1,1
735,4,279,140,24,46,1,1,1
736,4,278,140,25,46,1,1,1
737,4,278,140,24,46,1,1,1
738,4,276,140,25,50,1,1,1
739,4,278,140,25,49,1,1,1
740,4,278,140,25,49,1,1,1
741,4,279,140,24,50,1,1,1
742,4,279,141,24,50,1,1,1
743,4,279,141,24,50,1,1,1
744,4,277,141,25,50,1,1,1
745,4,277,141,25,49,1,1,1
746,4,276,140,25,50,1,1,1
747,4,277,140,25,50,1,1,1
748,4,276,140,25,49,1,1,1
749,4,277,140,25,49,1,1,1
750,4,276,140,25,49,1,1,1
751,4,275,140,25,49,1,1,1
752,4,274,140,25,49,1,1,1
753,4,275,141,25,49,1,1,1
754,4,275,140,25,50,1,1,1
755,4,276,141,19,50,1,1,1
756,4,276,142,18,48,1,1,1
757,4,276,141,18,48,1,1,1
758,4,275,141,18,48,1,1,1
759,4,276,142,18,48,1,1,1
760,4,275,142,18,48,1,1,1
761,4,276,141,18,48,1,1,1
762,4,276,141,18,48,1,1,1
763,4,275,141,18,48,1,1,1
764,4,275,141,18,48,1,1,1
765,4,273,138,22,47,1,1,1
766,4,274,138,22,48,1,1,1
767,4,274,138,22,48,1,1,1
768,4,274,140,22,48,1,1,1
769,4,273,139,22,48,1,1,1
770,4,274,141,22,47,1,1,1
771,4,274,139,21,47,1,1,1
772,4,275,139,20,49,1,1,1
773,4,275,140,21,50,1,1,1
774,4,275,140,20,50,1,1,1
775,4,275,139,21,50,1,1,1
776,4,275,139,20,50,1,1,1
777,4,275,139,20,50,1,1,1
778,4,274,139,21,50,1,1,1
779,4,274,139,21,49,1,1,1
780,4,274,140,24,49,1,1,1
781,4,274,138,24,49,1,1,1
782,4,274,138,23,49,1,1,1
783,4,276,138,20,50,1,1,1
784,4,273,138,23,49,1,1,1
785,4,274,137,23,49,1,1,1
786,4,277,137,20,49,1,1,1
787,4,277,138,20,49,1,1,1
788,4,278,138,19,49,1,1,1
789,4,278,139,20,49,1,1,1
790,4,277,138,20,49,1,1,1
791,4,278,139,19,49,1,1,1
792,4,278,137,20,49,1,1,1
793,4,278,137,20,49,1,1,1
794,4,278,138,20,49,1,1,1
795,4,277,137,20,49,1,1,1
796,4,278,138,19,49,1,1,1
797,4,279,138,20,49,1,1,1
798,4,278,137,19,49,1,1,1
799,4,278,139,20,49,1,1,1
800,4,279,138,20,49,1,1,1
801,4,279,136,20,49,1,1,1
802,4,279,138,20,49,1,1,1
803,4,279,137,20,48,1,1,1
804,4,279,138,20,48,1,1,1
805,4,279,137,20,48,1,1,1
806,4,280,138,20,48,1,1,1
807,4,281,138,20,48,1,1,1
808,4,280,136,20,48,1,1,1
809,4,281,137,20,48,1,1,1
810,4,282,137,20,48,1,1,1
811,4,281,137,20,48,1,1,1
812,4,282,137,20,48,1,1,1
813,4,283,137,20,48,1,1,1
814,4,282,136,20,48,1,1,1
815,4,283,137,20,48,1,1,1
816,4,283,137,20,48,1,1,1
817,4,283,137,20,48,1,1,1
818,4,283,137,20,48,1,1,1
819,4,284,138,19,46,1,1,1
820,4,283,137,20,48,1,1,1
821,4,283,137,20,48,1,1,1
822,4,284,137,19,46,1,1,1
823,4,283,136,20,48,1,1,1
824,4,282,135,20,49,1,1,1
825,4,282,137,20,48,1,1,1
826,4,283,136,20,48,1,1,1
827,4,283,135,20,49,1,1,1
828,4,283,136,20,48,1,1,1
829,4,282,135,21,50,1,1,1
830,4,282,135,21,50,1,1,1
831,4,283,135,21,50,1,1,1
832,4,282,135,21,51,1,1,1
833,4,282,136,21,47,1,1,1
834,4,283,137,21,45,1,1,1
835,4,283,137,21,46,1,1,1
836,4,283,135,21,45,1,1,1
837,4,283,137,21,45,1,1,1
838,4,283,137,21,45,1,1,1
839,4,285,135,21,46,1,1,1
840,4,285,136,21,45,1,1,1
841,4,285,136,21,45,1,1,1
842,4,285,134,21,46,1,1,1
843,4,286,135,21,45,1,1,1
844,4,285,135,21,45,1,1,1
845,4,286,134,20,45,1,1,1
846,4,286,135,20,45,1,1,1
847,4,287,135,20,45,1,1,1
848,4,287,134,20,46,1,1,1
849,4,286,135,20,45,1,1,1
850,4,287,134,20,45,1,1,1
851,4,287,134,20,46,1,1,1
852,4,287,135,20,46,1,1,1
853,4,286,134,20,46,1,1,1
854,4,287,135,20,45,1,1,1
855,4,287,134,20,46,1,1,1
856,4,287,134,20,45,1,1,1
857,4,287,134,20,45,1,1,1
858,4,286,135,20,45,1,1,1
859,4,286,134,20,46,1,1,1
860,4,287,133,20,46,1,1,1
861,4,286,133,20,46,1,1,1
862,4,286,133,20,46,1,1,1
863,4,286,134,20,45,1,1,1
864,4,287,134,20,45,1,1,1
865,4,286,134,18,45,1,1,1
866,4,287,133,17,46,1,1,1
867,4,287,134,18,45,1,1,1
868,4,285,133,20,46,1,1,1
869,4,286,134,20,46,1,1,1
870,4,285,134,21,46,1,1,1
871,4,286,134,20,45,1,1,1
872,4,285,134,21,46,1,1,1
873,4,286,133,20,46,1,1,1
874,4,286,134,20,45,1,1,1
875,4,286,134,21,46,1,1,1
876,4,286,133,21,46,1,1,1
877,4,286,134,21,45,1,1,1
878,4,287,133,20,46,1,1,1
879,4,286,133,21,45,1,1,1
880,4,287,133,21,46,1,1,1
881,4,287,132,20,46,1,1,1
882,4,287,133,20,45,1,1,1
883,4,287,133,20,44,1,1,1
884,4,287,134,20,43,1,1,1
885,4,287,134,20,44,1,1,1
886,4,287,134,20,44,1,1,1
887,4,287,134,20,43,1,1,1
888,4,287,134,20,44,1,1,1
889,4,288,134,19,43,1,1,1
890,4,287,134,20,44,1,1,1
891,4,287,134,20,44,1,1,1
892,4,287,134,19,43,1,1,1
893,4,287,134,19,44,1,1,1
894,4,287,134,20,43,1,1,1
895,4,287,133,19,43,1,1,1
896,4,287,134,19,44,1,1,1
897,4,287,133,19,44,1,1,1
898,4,287,133,19,44,1,1,1
899,4,287,133,19,43,1,1,1
900,4,286,134,18,41,1,1,1
1,5,420,264,70,156,1,1,1
2,5,418,263,72,158,1,1,1
3,5,415,262,72,158,1,1,1
4,5,414,262,72,159,1,1,1
5,5,413,263,72,158,1,1,1
6,5,411,262,72,159,1,1,1
7,5,409,263,73,158,1,1,1
8,5,404,264,73,158,1,1,1
9,5,402,264,73,158,1,1,1
10,5,400,261,73,158,1,1,1
11,5,400,261,73,158,1,1,1
12,5,399,260,73,159,1,1,1
13,5,397,261,73,158,1,1,1
14,5,398,260,73,159,1,1,1
15,5,398,261,71,158,1,1,1
16,5,398,257,71,162,1,1,1
17,5,400,260,71,162,1,1,1
18,5,400,258,71,162,1,1,1
19,5,400,257,71,162,1,1,1
20,5,399,255,71,163,1,1,1
21,5,404,258,67,159,1,1,1
22,5,402,256,67,160,1,1,1
23,5,402,255,67,160,1,1,1
24,5,401,254,68,160,1,1,1
25,5,405,257,65,154,1,1,1
26,5,406,256,64,152,1,1,1
27,5,403,253,69,155,1,1,1
28,5,400,254,70,155,1,1,1
29,5,400,252,70,156,1,1,1
30,5,402,252,71,156,1,1,1
31,5,399,251,76,154,1,1,1
32,5,395,252,79,155,1,1,1
33,5,399,251,76,155,1,1,1
34,5,398,251,76,155,1,1,1
35,5,397,251,80,155,1,1,1
36,5,393,251,84,156,1,1,1
37,5,392,251,85,155,1,1,1
38,5,388,252,84,155,1,1,1
39,5,394,251,77,156,1,1,1
40,5,392,252,78,155,1,1,1
41,5,392,252,78,155,1,1,1
42,5,390,251,77,156,1,1,1
43,5,390,251,77,155,1,1,1
44,5,388,249,78,156,1,1,1
45,5,386,249,78,156,1,1,1
46,5,387,249,77,156,1,1,1
47,5,389,248,73,156,1,1,1
48,5,387,247,74,156,1,1,1
49,5,386,245,74,156,1,1,1
50,5,388,246,72,151,1,1,1
51,5,387,248,72,151,1,1,1
52,5,387,247,72,151,1,1,1
53,5,386,245,72,151,1,1,1
54,5,386,245,73,151,1,1,1
55,5,386,248,72,151,1,1,1
56,5,387,247,72,151,1,1,1
57,5,386,247,73,151,1,1,1
58,5,387,247,72,151,1,1,1
59,5,388,248,72,151,1,1,1
60,5,388,247,72,151,1,1,1
61,5,390,245,72,151,1,1,1
62,5,389,245,72,151,1,1,1
63,5,390,244,72,151,1,1,1
64,5,387,243,72,146,1,1,1
65,5,388,245,72,145,1,1,1
66,5,389,244,72,146,1,1,1
67,5,386,243,72,145,1,1,1
68,5,386,240,73,146,1,1,1
69,5,385,241,73,146,1,1,1
70,5,384,243,72,145,1,1,1
71,5,383,242,73,146,1,1,1
72,5,383,243,72,146,1,1,1
73,5,382,243,73,145,1,1,1
74,5,382,242,72,143,1,1,1
75,5,382,245,72,143,1,1,1
76,5,382,241,72,144,1,1,1
77,5,382,244,72,143,1,1,1
78,5,381,240,73,144,1,1,1
79,5,382,242,72,143,1,1,1
80,5,381,242,72,143,1,1,1
81,5,381,239,72,143,1,1,1
82,5,381,239,72,143,1,1,1
83,5,380,237,73,144,1,1,1
84,5,377,236,66,144,1,1,1
85,5,374,237,66,143,1,1,1
86,5,372,234,66,144,1,1,1
87,5,372,234,66,144,1,1,1
88,5,371,234,67,140,1,1,1
89,5,370,234,66,140,1,1,1
90,5,370,232,67,140,1,1,1
91,5,370,231,67,140,1,1,1
92,5,370,235,66,132,1,1,1
93,5,370,236,66,132,1,1,1
94,5,370,235,66,132,1,1,1
95,5,370,234,66,132,1,1,1
96,5,370,234,67,132,1,1,1
97,5,371,236,66,131,1,1,1
98,5,372,236,69,132,1,1,1
99,5,372,236,68,132,1,1,1
100,5,373,238,68,132,1,1,1
101,5,367,231,76,138,1,1,1
102,5,367,230,76,138,1,1,1
103,5,362,231,83,135,1,1,1
104,5,361,230,84,135,1,1,1
105,5,358,230,89,133,1,1,1
106,5,356,228,88,133,1,1,1
107,5,356,227,91,133,1,1,1
108,5,354,227,94,132,1,1,1
109,5,353,227,96,133,1,1,1
110,5,352,227,96,133,1,1,1
111,5,352,227,96,133,1,1,1
112,5,352,227,96,133,1,1,1
113,5,354,227,96,132,1,1,1
114,5,355,227,96,132,1,1,1
115,5,355,227,96,132,1,1,1
116,5,356,226,96,133,1,1,1
117,5,357,227,96,132,1,1,1
118,5,354,226,96,133,1,1,1
119,5,353,227,96,132,1,1,1
120,5,353,226,96,132,1,1,1
121,5,353,225,96,133,1,1,1
122,5,351,226,97,132,1,1,1
123,5,350,225,94,127,1,1,1
124,5,351,223,90,127,1,1,1
125,5,351,222,90,127,1,1,1
126,5,349,219,90,127,1,1,1
127,5,347,220,90,127,1,1,1
128,5,350,219,90,127,1,1,1
129,5,352,219,89,127,1,1,1
130,5,351,218,89,127,1,1,1
131,5,352,219,89,127,1,1,1
132,5,351,218,90,127,1,1,1
133,5,351,219,89,127,1,1,1
134,5,351,219,89,127,1,1,1
135,5,351,218,89,127,1,1,1
136,5,350,214,90,127,1,1,1
137,5,350,220,90,127,1,1,1
138,5,353,219,89,127,1,1,1
139,5,354,219,89,127,1,1,1
140,5,350,218,87,124,1,1,1
141,5,352,220,86,124,1,1,1
142,5,352,219,86,119,1,1,1
143,5,350,218,87,119,1,1,1
144,5,350,218,87,119,1,1,1
145,5,350,218,78,119,1,1,1
146,5,347,217,79,120,1,1,1
147,5,347,215,75,120,1,1,1
148,5,348,217,68,119,1,1,1
149,5,349,215,68,120,1,1,1
150,5,348,216,61,120,1,1,1
151,5,350,216,61,120,1,1,1
152,5,349,215,57,120,1,1,1
153,5,347,217,57,117,1,1,1
154,5,346,216,58,119,1,1,1
155,5,345,215,58,119,1,1,1
156,5,345,214,56,118,1,1,1
157,5,344,214,57,118,1,1,1
158,5,344,214,56,118,1,1,1
159,5,343,215,57,112,1,1,1
160,5,344,215,56,112,1,1,1
161,5,343,214,56,112,1,1,1
162,5,343,214,57,112,1,1,1
163,5,346,213,54,112,1,1,1
164,5,348,214,50,112,1,1,1
165,5,350,214,48,112,1,1,1
166,5,349,214,48,112,1,1,1
167,5,349,214,48,112,1,1,1
168,5,348,213,48,112,1,1,1
169,5,348,213,47,112,1,1,1
170,5,347,213,48,112,1,1,1
171,5,347,212,48,112,1,1,1
172,5,347,212,47,112,1,1,1
173,5,346,211,47,112,1,1,1
174,5,345,211,48,112,1,1,1
175,5,344,210,48,112,1,1,1
176,5,344,210,48,112,1,1,1
177,5,344,210,45,107,1,1,1
178,5,342,210,45,107,1,1,1
179,5,342,208,45,108,1,1,1
180,5,341,208,45,108,1,1,1
181,5,340,208,45,108,1,1,1
182,5,340,207,47,108,1,1,1
183,5,337,207,48,108,1,1,1
184,5,338,207,48,108,1,1,1
185,5,338,208,48,108,1,1,1
186,5,337,208,48,108,1,1,1
187,5,336,208,48,108,1,1,1
188,5,335,208,48,108,1,1,1
189,5,335,207,48,108,1,1,1
190,5,335,207,46,108,1,1,1
191,5,335,206,46,108,1,1,1
192,5,335,205,44,108,1,1,1
193,5,335,203,44,107,1,1,1
194,5,335,204,44,107,1,1,1
195,5,335,203,44,106,1,1,1
196,5,335,202,44,107,1,1,1
197,5,334,204,44,106,1,1,1
198,5,334,204,44,106,1,1,1
199,5,334,203,44,107,1,1,1
200,5,334,203,44,107,1,1,1
201,5,333,203,44,107,1,1,1
202,5,333,203,46,105,1,1,1
203,5,333,203,46,106,1,1,1
204,5,333,203,46,105,1,1,1
205,5,333,201,46,106,1,1,1
206,5,333,202,46,106,1,1,1
207,5,334,200,46,106,1,1,1
208,5,334,200,46,106,1,1,1
209,5,333,200,46,106,1,1,1
210,5,334,199,46,106,1,1,1
211,5,334,199,46,105,1,1,1
212,5,333,199,46,105,1,1,1
213,5,333,199,46,106,1,1,1
214,5,333,199,46,105,1,1,1
215,5,333,199,46,101,1,1,1
216,5,333,200,46,101,1,1,1
217,5,333,200,46,99,1,1,1
218,5,331,201,47,99,1,1,1
219,5,331,199,47,100,1,1,1
220,5,331,199,45,100,1,1,1
221,5,331,197,45,100,1,1,1
222,5,331,198,45,100,1,1,1
223,5,330,197,45,99,1,1,1
224,5,330,196,44,99,1,1,1
225,5,331,196,41,100,1,1,1
226,5,331,196,40,100,1,1,1
227,5,330,194,39,100,1,1,1
228,5,331,195,39,100,1,1,1
229,5,330,196,38,99,1,1,1
230,5,331,194,37,100,1,1,1
231,5,331,195,37,100,1,1,1
232,5,331,194,37,99,1,1,1
233,5,331,194,37,99,1,1,1
234,5,332,194,37,99,1,1,1
235,5,331,194,37,99,1,1,1
236,5,332,196,37,99,1,1,1
237,5,332,195,37,99,1,1,1
238,5,333,195,37,99,1,1,1
239,5,334,194,36,99,1,1,1
240,5,334,193,36,99,1,1,1
241,5,334,192,37,99,1,1,1
242,5,334,192,37,99,1,1,1
243,5,335,191,37,99,1,1,1
244,5,335,191,36,99,1,1,1
245,5,335,190,36,99,1,1,1
246,5,335,191,37,95,1,1,1
247,5,333,192,41,95,1,1,1
248,5,333,191,41,95,1,1,1
249,5,333,191,41,95,1,1,1
250,5,333,191,41,95,1,1,1
251,5,333,193,41,95,1,1,1
252,5,332,192,41,93,1,1,1
253,5,332,194,41,92,1,1,1
254,5,333,192,41,92,1,1,1
255,5,332,193,41,92,1,1,1
256,5,331,193,41,92,1,1,1
257,5,331,192,41,92,1,1,1
258,5,330,191,41,93,1,1,1
259,5,334,191,35,92,1,1,1
260,5,334,189,35,92,1,1,1
261,5,334,188,35,92,1,1,1
262,5,333,189,35,92,1,1,1
263,5,334,188,35,92,1,1,1
264,5,334,189,35,92,1,1,1
265,5,334,189,35,92,1,1,1
266,5,335,189,33,90,1,1,1
267,5,336,190,33,90,1,1,1
268,5,336,189,32,90,1,1,1
269,5,336,189,33,90,1,1,1
270,5,336,189,33,90,1,1,1
271,5,337,190,32,90,1,1,1
272,5,337,188,33,90,1,1,1
273,5,338,188,32,90,1,1,1
274,5,338,187,33,91,1,1,1
275,5,339,186,32,91,1,1,1
276,5,340,186,32,90,1,1,1
277,5,340,187,32,90,1,1,1
278,5,338,185,34,95,1,1,1
279,5,339,185,34,94,1,1,1
280,5,338,186,34,89,1,1,1
281,5,336,187,40,89,1,1,1
282,5,337,186,40,88,1,1,1
283,5,336,186,40,89,1,1,1
284,5,336,187,40,88,1,1,1
285,5,337,186,40,89,1,1,1
286,5,337,186,40,89,1,1,1
287,5,336,186,40,88,1,1,1
288,5,336,187,40,88,1,1,1
289,5,336,186,40,89,1,1,1
290,5,336,185,40,88,1,1,1
291,5,336,184,40,89,1,1,1
292,5,336,184,40,88,1,1,1
293,5,336,184,40,88,1,1,1
294,5,336,184,40,88,1,1,1
295,5,336,184,40,88,1,1,1
296,5,336,185,40,88,1,1,1
297,5,336,185,40,88,1,1,1
298,5,340,184,30,89,1,1,1
299,5,341,182,30,89,1,1,1
300,5,342,182,30,88,1,1,1
301,5,342,183,30,89,1,1,1
302,5,342,183,30,88,1,1,1
303,5,343,182,30,88,1,1,1
304,5,343,182,30,88,1,1,1
305,5,344,181,30,89,1,1,1
306,5,344,180,30,89,1,1,1
307,5,345,179,30,88,1,1,1
308,5,343,179,35,88,1,1,1
309,5,343,179,34,89,1,1,1
310,5,343,180,35,88,1,1,1
311,5,343,177,36,93,1,1,1
312,5,340,181,39,84,1,1,1
313,5,341,183,39,84,1,1,1
314,5,341,180,38,84,1,1,1
315,5,341,182,38,83,1,1,1
316,5,341,183,39,83,1,1,1
317,5,342,182,39,84,1,1,1
318,5,341,182,39,83,1,1,1
319,5,341,181,37,84,1,1,1
320,5,342,180,37,84,1,1,1
321,5,341,180,37,84,1,1,1
322,5,342,179,35,84,1,1,1
323,5,342,180,34,84,1,1,1
324,5,342,179,35,83,1,1,1
325,5,342,178,34,84,1,1,1
326,5,342,179,35,83,1,1,1
327,5,342,178,35,84,1,1,1
328,5,342,178,35,83,1,1,1
329,5,342,179,35,79,1,1,1
330,5,342,180,32,79,1,1,1
331,5,342,181,32,79,1,1,1
332,5,342,181,32,79,1,1,1
333,5,343,181,32,79,1,1,1
334,5,343,179,32,79,1,1,1
335,5,344,179,32,79,1,1,1
336,5,343,179,32,79,1,1,1
337,5,344,179,32,79,1,1,1
338,5,345,179,31,79,1,1,1
339,5,344,180,31,79,1,1,1
340,5,345,179,31,79,1,1,1
341,5,346,177,31,78,1,1,1
342,5,345,177,31,78,1,1,1
343,5,346,176,31,79,1,1,1
344,5,346,175,31,79,1,1,1
345,5,344,176,33,76,1,1,1
346,5,344,176,33,77,1,1,1
347,5,344,177,33,76,1,1,1
348,5,344,176,33,77,1,1,1
349,5,344,176,33,76,1,1,1
350,5,343,175,33,76,1,1,1
351,5,344,174,33,77,1,1,1
352,5,344,175,32,72,1,1,1
353,5,345,177,32,72,1,1,1
354,5,345,177,32,72,1,1,1
355,5,342,175,32,72,1,1,1
356,5,341,176,32,72,1,1,1
357,5,343,176,32,72,1,1,1
358,5,342,175,28,77,1,1,1
359,5,343,176,28,77,1,1,1
360,5,342,176,28,78,1,1,1
361,5,343,176,28,77,1,1,1
362,5,342,176,27,76,1,1,1
363,5,342,177,27,76,1,1,1
364,5,342,177,27,76,1,1,1
365,5,343,177,26,76,1,1,1
366,5,342,177,27,76,1,1,1
367,5,343,177,26,76,1,1,1
368,5,342,175,27,76,1,1,1
369,5,342,174,27,76,1,1,1
370,5,342,173,27,77,1,1,1
371,5,342,173,27,77,1,1,1
372,5,341,172,27,76,1,1,1
373,5,342,172,26,76,1,1,1
374,5,342,170,26,76,1,1,1
375,5,338,172,31,76,1,1,1
376,5,339,173,31,76,1,1,1
377,5,338,172,31,76,1,1,1
378,5,338,172,31,76,1,1,1
379,5,336,171,34,76,1,1,1
380,5,336,172,34,76,1,1,1
381,5,336,172,34,76,1,1,1
382,5,335,173,34,73,1,1,1
383,5,334,173,34,74,1,1,1
384,5,334,173,34,73,1,1,1
385,5,334,172,34,74,1,1,1
386,5,333,172,34,74,1,1,1
387,5,333,172,34,73,1,1,1
388,5,331,171,34,74,1,1,1
389,5,332,171,34,74,1,1,1
390,5,331,171,32,73,1,1,1
391,5,332,172,32,73,1,1,1
392,5,332,171,32,74,1,1,1
393,5,331,171,31,73,1,1,1
394,5,332,170,30,74,1,1,1
395,5,331,170,31,74,1,1,1
396,5,333,172,28,70,1,1,1
397,5,332,170,29,70,1,1,1
398,5,332,171,29,70,1,1,1
399,5,332,169,29,74,1,1,1
400,5,333,170,29,74,1,1,1
401,5,333,169,29,74,1,1,1
402,5,333,169,29,74,1,1,1
403,5,333,168,29,73,1,1,1
404,5,333,168,29,74,1,1,1
405,5,333,167,29,77,1,1,1
406,5,331,169,31,77,1,1,1
407,5,331,168,29,71,1,1,1
408,5,331,168,30,70,1,1,1
409,5,330,170,30,68,1,1,1
410,5,331,169,30,71,1,1,1
411,5,331,169,30,68,1,1,1
412,5,331,169,31,69,1,1,1
413,5,331,168,31,69,1,1,1
414,5,331,168,30,69,1,1,1
415,5,331,168,27,66,1,1,1
416,5,331,169,30,68,1,1,1
417,5,331,168,30,67,1,1,1
418,5,331,167,30,67,1,1,1
419,5,331,169,30,67,1,1,1
420,5,330,168,30,67,1,1,1
421,5,330,168,30,67,1,1,1
422,5,330,167,31,66,1,1,1
423,5,331,166,30,67,1,1,1
424,5,331,166,30,66,1,1,1
425,5,330,165,31,66,1,1,1
426,5,330,164,31,67,1,1,1
427,5,331,165,30,64,1,1,1
428,5,331,165,30,64,1,1,1
429,5,331,164,30,64,1,1,1
430,5,331,166,30,64,1,1,1
431,5,331,164,30,64,1,1,1
432,5,331,167,31,65,1,1,1
433,5,331,166,31,65,1,1,1
434,5,333,166,30,65,1,1,1
435,5,333,166,30,65,1,1,1
436,5,334,166,29,65,1,1,1
437,5,334,166,29,65,1,1,1
438,5,336,166,28,65,1,1,1
439,5,336,165,28,65,1,1,1
440,5,336,164,29,67,1,1,1
441,5,336,165,28,67,1,1,1
442,5,336,165,28,67,1,1,1
443,5,336,165,29,67,1,1,1
444,5,337,165,28,67,1,1,1
445,5,336,163,30,70,1,1,1
446,5,336,163,30,70,1,1,1
447,5,339,165,27,66,1,1,1
448,5,338,165,27,66,1,1,1
449,5,338,165,27,66,1,1,1
450,5,338,164,27,66,1,1,1
451,5,338,165,27,66,1,1,1
452,5,338,165,27,66,1,1,1
453,5,338,164,27,66,1,1,1
454,5,338,165,27,66,1,1,1
455,5,338,165,27,66,1,1,1
456,5,340,162,25,66,1,1,1
457,5,341,162,23,65,1,1,1
458,5,341,162,23,66,1,1,1
459,5,341,162,23,66,1,1,1
460,5,341,162,23,65,1,1,1
461,5,340,162,25,66,1,1,1
462,5,341,162,24,66,1,1,1
463,5,341,164,25,66,1,1,1
464,5,341,162,25,66,1,1,1
465,5,342,162,25,66,1,1,1
466,5,342,162,25,66,1,1,1
467,5,342,162,25,66,1,1,1
468,5,342,162,25,66,1,1,1
469,5,343,161,25,66,1,1,1
470,5,343,160,25,66,1,1,1
471,5,344,160,25,66,1,1,1
472,5,344,160,26,66,1,1,1
473,5,344,161,27,66,1,1,1
474,5,344,161,28,66,1,1,1
475,5,344,161,29,66,1,1,1
476,5,345,161,28,66,1,1,1
477,5,345,161,28,66,1,1,1
478,5,345,161,29,66,1,1,1
479,5,344,161,29,66,1,1,1
480,5,345,161,28,66,1,1,1
481,5,345,162,29,62,1,1,1
482,5,343,162,29,63,1,1,1
483,5,345,162,26,63,1,1,1
484,5,345,161,26,62,1,1,1
485,5,345,161,26,62,1,1,1
486,5,345,160,26,63,1,1,1
487,5,344,159,26,62,1,1,1
488,5,344,159,26,62,1,1,1
489,5,343,161,26,62,1,1,1
490,5,344,160,26,63,1,1,1
491,5,344,160,24,63,1,1,1
492,5,344,160,24,63,1,1,1
493,5,344,163,24,63,1,1,1
494,5,344,160,24,62,1,1,1
495,5,344,158,24,63,1,1,1
496,5,344,158,24,63,1,1,1
497,5,344,160,24,63,1,1,1
498,5,345,160,23,61,1,1,1
499,5,344,161,24,62,1,1,1
500,5,345,160,24,62,1,1,1
501,5,345,160,23,61,1,1,1
502,5,345,160,25,61,1,1,1
503,5,345,160,27,62,1,1,1
504,5,344,160,28,60,1,1,1
505,5,343,160,29,60,1,1,1
506,5,343,158,29,61,1,1,1
507,5,344,159,28,61,1,1,1
508,5,342,159,31,61,1,1,1
509,5,341,159,33,61,1,1,1
510,5,339,158,33,61,1,1,1
511,5,341,158,33,61,1,1,1
512,5,340,158,33,61,1,1,1
513,5,341,158,31,61,1,1,1
514,5,341,157,31,61,1,1,1
515,5,341,158,31,61,1,1,1
516,5,342,158,29,61,1,1,1
517,5,341,158,29,61,1,1,1
518,5,342,158,29,61,1,1,1
519,5,343,159,29,61,1,1,1
520,5,342,158,29,61,1,1,1
521,5,342,158,29,61,1,1,1
522,5,342,157,29,61,1,1,1
523,5,342,157,29,61,1,1,1
524,5,342,157,28,61,1,1,1
525,5,342,157,28,60,1,1,1
526,5,343,158,27,60,1,1,1
527,5,342,158,28,60,1,1,1
528,5,342,156,27,60,1,1,1
529,5,342,157,27,60,1,1,1
530,5,342,157,27,60,1,1,1
531,5,342,157,27,60,1,1,1
532,5,342,157,27,60,1,1,1
533,5,342,157,28,60,1,1,1
534,5,342,156,27,60,1,1,1
535,5,342,156,28,60,1,1,1
536,5,342,156,27,60,1,1,1
537,5,342,156,27,60,1,1,1
538,5,342,155,27,60,1,1,1
539,5,342,155,27,60,1,1,1
540,5,342,155,27,60,1,1,1
541,5,342,156,28,60,1,1,1
542,5,342,155,27,60,1,1,1
543,5,341,155,28,59,1,1,1
544,5,341,156,28,60,1,1,1
545,5,342,156,27,60,1,1,1
546,5,341,155,28,60,1,1,1
547,5,342,155,27,60,1,1,1
548,5,341,155,28,59,1,1,1
549,5,341,155,27,60,1,1,1
550,5,341,155,27,59,1,1,1
551,5,341,155,27,60,1,1,1
552,5,340,155,28,60,1,1,1
553,5,341,155,27,59,1,1,1
554,5,340,154,28,60,1,1,1
555,5,339,154,28,60,1,1,1
556,5,339,154,28,59,1,1,1
557,5,339,153,28,60,1,1,1
558,5,339,153,28,60,1,1,1
559,5,339,153,28,60,1,1,1
560,5,339,154,27,57,1,1,1
561,5,339,155,26,57,1,1,1
562,5,339,155,26,57,1,1,1
563,5,339,154,27,57,1,1,1
564,5,339,154,26,57,1,1,1
565,5,339,154,26,57,1,1,1
566,5,339,154,26,57,1,1,1
567,5,338,154,27,57,1,1,1
568,5,339,153,26,57,1,1,1
569,5,340,154,25,55,1,1,1
570,5,339,155,25,54,1,1,1
571,5,340,154,25,55,1,1,1
572,5,339,155,25,54,1,1,1
573,5,339,154,25,54,1,1,1
574,5,340,154,25,55,1,1,1
575,5,339,154,25,55,1,1,1
576,5,340,154,25,54,1,1,1
577,5,339,154,25,54,1,1,1
578,5,339,155,25,54,1,1,1
579,5,339,154,25,55,1,1,1
580,5,338,154,25,55,1,1,1
581,5,338,154,25,54,1,1,1
582,5,339,154,25,55,1,1,1
583,5,338,154,25,55,1,1,1
584,5,337,154,25,54,1,1,1
585,5,338,153,25,54,1,1,1
586,5,337,153,25,54,1,1,1
587,5,337,153,25,54,1,1,1
588,5,337,153,25,54,1,1,1
589,5,337,153,25,54,1,1,1
590,5,336,153,25,54,1,1,1
591,5,336,153,25,54,1,1,1
592,5,336,153,25,54,1,1,1
593,5,336,152,25,54,1,1,1
594,5,336,153,25,54,1,1,1
595,5,336,152,25,54,1,1,1
596,5,336,153,25,54,1,1,1
597,5,336,152,25,54,1,1,1
598,5,336,151,25,55,1,1,1
599,5,336,151,25,55,1,1,1
600,5,336,151,25,55,1,1,1
601,5,335,151,25,54,1,1,1
602,5,336,151,25,55,1,1,1
603,5,335,151,25,55,1,1,1
604,5,335,150,25,55,1,1,1
605,5,336,150,25,55,1,1,1
606,5,336,151,25,54,1,1,1
607,5,336,151,25,54,1,1,1
608,5,335,151,25,54,1,1,1
609,5,335,151,25,55,1,1,1
610,5,336,151,25,55,1,1,1
611,5,336,151,25,54,1,1,1
612,5,335,151,25,55,1,1,1
613,5,335,150,25,55,1,1,1
614,5,335,151,25,54,1,1,1
615,5,335,150,25,55,1,1,1
616,5,335,151,25,54,1,1,1
617,5,335,151,25,54,1,1,1
618,5,335,150,25,54,1,1,1
619,5,334,150,25,54,1,1,1
620,5,334,150,24,54,1,1,1
621,5,334,149,24,54,1,1,1
622,5,334,149,25,55,1,1,1
623,5,333,149,25,54,1,1,1
624,5,334,149,24,54,1,1,1
625,5,333,150,25,54,1,1,1
626,5,334,148,24,55,1,1,1
627,5,333,149,25,54,1,1,1
628,5,334,150,23,51,1,1,1
629,5,334,150,24,51,1,1,1
630,5,334,150,23,51,1,1,1
631,5,334,149,23,52,1,1,1
632,5,334,149,23,52,1,1,1
633,5,334,149,24,52,1,1,1
634,5,334,149,24,51,1,1,1
635,5,334,149,23,51,1,1,1
636,5,334,148,24,52,1,1,1
637,5,334,149,23,51,1,1,1
638,5,334,148,24,51,1,1,1
639,5,334,148,23,51,1,1,1
640,5,333,148,24,52,1,1,1
641,5,332,148,24,51,1,1,1
642,5,332,147,24,51,1,1,1
643,5,331,146,24,52,1,1,1
644,5,331,146,24,52,1,1,1
645,5,331,146,23,53,1,1,1
646,5,334,146,20,54,1,1,1
647,5,334,148,22,49,1,1,1
648,5,334,150,19,46,1,1,1
649,5,335,149,19,49,1,1,1
650,5,332,148,22,52,1,1,1
651,5,332,148,21,50,1,1,1
652,5,332,148,21,50,1,1,1
653,5,332,148,22,51,1,1,1
654,5,331,147,22,51,1,1,1
655,5,330,147,23,51,1,1,1
656,5,331,148,22,50,1,1,1
657,5,329,149,22,50,1,1,1
658,5,329,148,22,51,1,1,1
659,5,329,149,22,50,1,1,1
660,5,329,148,24,50,1,1,1
661,5,328,148,24,50,1,1,1
662,5,328,147,24,50,1,1,1
663,5,327,147,23,50,1,1,1
664,5,327,148,23,50,1,1,1
665,5,327,147,24,50,1,1,1
666,5,326,146,24,51,1,1,1
667,5,327,147,23,51,1,1,1
668,5,325,148,24,51,1,1,1
669,5,324,149,24,51,1,1,1
670,5,324,150,24,50,1,1,1
671,5,323,150,24,50,1,1,1
672,5,323,150,24,50,1,1,1
673,5,323,149,24,50,1,1,1
674,5,323,148,24,51,1,1,1
675,5,323,148,24,51,1,1,1
676,5,323,148,24,50,1,1,1
677,5,322,148,24,50,1,1,1
678,5,323,148,23,49,1,1,1
679,5,323,149,22,45,1,1,1
680,5,324,149,22,46,1,1,1
681,5,324,150,20,45,1,1,1
682,5,322,149,20,47,1,1,1
683,5,321,148,22,48,1,1,1
684,5,321,149,21,47,1,1,1
685,5,321,148,20,46,1,1,1
686,5,321,146,20,47,1,1,1
687,5,320,149,20,48,1,1,1
688,5,319,147,20,47,1,1,1
689,5,320,147,20,48,1,1,1
690,5,320,146,20,47,1,1,1
691,5,320,145,20,47,1,1,1
692,5,317,145,20,48,1,1,1
693,5,320,145,21,50,1,1,1
694,5,321,144,21,50,1,1,1
695,5,319,143,21,50,1,1,1
696,5,319,143,21,50,1,1,1
697,5,318,147,19,47,1,1,1
698,5,317,146,21,50,1,1,1
699,5,317,148,20,48,1,1,1
700,5,318,148,19,48,1,1,1
701,5,317,147,19,48,1,1,1
702,5,317,147,19,47,1,1,1
703,5,317,145,19,47,1,1,1
704,5,316,147,19,47,1,1,1
705,5,316,146,20,47,1,1,1
706,5,316,148,19,48,1,1,1
707,5,315,146,20,50,1,1,1
708,5,314,146,21,50,1,1,1
709,5,314,147,20,50,1,1,1
710,5,313,147,21,50,1,1,1
711,5,313,147,20,50,1,1,1
712,5,313,147,20,49,1,1,1
713,5,311,146,21,49,1,1,1
714,5,311,146,19,50,1,1,1
715,5,310,146,20,49,1,1,1
716,5,309,145,22,49,1,1,1
717,5,308,146,22,49,1,1,1
718,5,307,147,22,49,1,1,1
719,5,306,146,22,50,1,1,1
720,5,306,146,22,49,1,1,1
721,5,304,146,22,50,1,1,1
722,5,303,145,22,49,1,1,1
723,5,301,146,22,49,1,1,1
724,5,301,145,22,49,1,1,1
725,5,300,146,22,50,1,1,1
726,5,299,146,22,49,1,1,1
727,5,298,146,22,49,1,1,1
728,5,297,145,23,49,1,1,1
729,5,296,145,22,49,1,1,1
730,5,295,145,22,49,1,1,1
731,5,295,146,22,47,1,1,1
732,5,295,146,22,47,1,1,1
733,5,295,147,22,47,1,1,1
734,5,295,146,22,47,1,1,1
735,5,295,146,22,47,1,1,1
736,5,294,145,22,47,1,1,1
737,5,293,144,22,47,1,1,1
738,5,293,145,22,47,1,1,1
739,5,292,145,22,47,1,1,1
740,5,290,143,23,48,1,1,1
741,5,290,145,22,47,1,1,1
742,5,289,146,22,47,1,1,1
743,5,288,146,23,46,1,1,1
744,5,287,146,23,46,1,1,1
745,5,285,146,23,46,1,1,1
746,5,284,146,23,46,1,1,1
747,5,283,146,24,46,1,1,1
748,5,282,145,24,46,1,1,1
749,5,282,145,23,46,1,1,1
750,5,282,147,22,44,1,1,1
751,5,281,145,22,43,1,1,1
752,5,280,144,22,44,1,1,1
753,5,280,144,22,44,1,1,1
754,5,280,145,22,43,1,1,1
755,5,282,145,17,43,1,1,1
756,5,278,145,22,44,1,1,1
757,5,278,145,22,46,1,1,1
758,5,277,145,23,47,1,1,1
759,5,276,144,22,48,1,1,1
760,5,276,144,22,48,1,1,1
761,5,275,144,22,44,1,1,1
762,5,275,143,23,46,1,1,1
763,5,274,141,23,49,1,1,1
764,5,274,142,24,48,1,1,1
765,5,278,146,19,45,1,1,1
766,5,274,141,21,51,1,1,1
767,5,274,141,21,52,1,1,1
768,5,274,145,20,44,1,1,1
769,5,274,141,20,49,1,1,1
770,5,273,142,19,47,1,1,1
771,5,273,141,20,49,1,1,1
772,5,273,145,17,46,1,1,1
773,5,273,141,18,49,1,1,1
774,5,272,143,17,48,1,1,1
775,5,272,143,17,48,1,1,1
776,5,271,142,18,48,1,1,1
777,5,271,142,18,48,1,1,1
778,5,268,142,19,48,1,1,1
779,5,268,142,19,48,1,1,1
780,5,267,142,19,48,1,1,1
781,5,267,142,19,48,1,1,1
782,5,267,143,19,48,1,1,1
783,5,266,143,19,48,1,1,1
784,5,266,143,19,48,1,1,1
785,5,265,142,19,48,1,1,1
786,5,264,142,23,48,1,1,1
787,5,263,143,23,48,1,1,1
788,5,263,142,20,48,1,1,1
789,5,262,141,20,48,1,1,1
790,5,261,141,20,48,1,1,1
791,5,261,141,20,48,1,1,1
792,5,260,142,21,48,1,1,1
793,5,260,142,21,48,1,1,1
794,5,259,143,20,48,1,1,1
795,5,259,143,21,48,1,1,1
796,5,259,144,21,47,1,1,1
797,5,259,143,20,48,1,1,1
798,5,258,143,21,48,1,1,1
799,5,258,144,20,47,1,1,1
800,5,258,144,20,47,1,1,1
801,5,256,143,20,48,1,1,1
802,5,257,143,20,48,1,1,1
803,5,256,142,20,48,1,1,1
804,5,257,142,20,48,1,1,1
805,5,256,143,20,48,1,1,1
806,5,255,142,20,48,1,1,1
807,5,256,141,20,48,1,1,1
808,5,254,142,21,48,1,1,1
809,5,254,143,21,48,1,1,1
810,5,254,144,21,48,1,1,1
811,5,255,144,19,45,1,1,1
812,5,254,145,19,45,1,1,1
813,5,254,143,18,44,1,1,1
814,5,253,143,18,44,1,1,1
815,5,253,141,18,45,1,1,1
816,5,253,143,19,44,1,1,1
817,5,253,144,18,44,1,1,1
818,5,252,143,18,44,1,1,1
819,5,251,143,18,44,1,1,1
820,5,251,141,19,47,1,1,1
821,5,250,141,19,46,1,1,1
822,5,249,141,19,46,1,1,1
823,5,249,141,19,47,1,1,1
824,5,249,141,19,47,1,1,1
825,5,249,140,16,49,1,1,1
826,5,246,139,19,50,1,1,1
827,5,246,142,19,46,1,1,1
828,5,247,142,18,46,1,1,1
829,5,244,141,18,46,1,1,1
830,5,243,140,18,46,1,1,1
831,5,243,141,18,46,1,1,1
832,5,244,141,18,46,1,1,1
833,5,244,141,18,46,1,1,1
834,5,244,140,18,46,1,1,1
835,5,242,140,18,46,1,1,1
836,5,241,139,18,46,1,1,1
837,5,241,141,18,46,1,1,1
838,5,241,143,18,46,1,1,1
839,5,242,143,18,46,1,1,1
840,5,240,142,18,45,1,1,1
841,5,238,142,18,46,1,1,1
842,5,237,141,18,46,1,1,1
843,5,238,142,18,45,1,1,1
844,5,238,142,18,45,1,1,1
845,5,238,141,18,46,1,1,1
846,5,237,140,18,46,1,1,1
847,5,237,141,18,46,1,1,1
848,5,237,142,18,45,1,1,1
849,5,237,142,18,45,1,1,1
850,5,234,141,18,46,1,1,1
851,5,235,141,18,46,1,1,1
852,5,235,142,18,46,1,1,1
853,5,234,142,18,46,1,1,1
854,5,234,142,18,46,1,1,1
855,5,229,141,22,46,1,1,1
856,5,230,139,18,46,1,1,1
857,5,230,142,18,42,1,1,1
858,5,229,141,18,42,1,1,1
859,5,228,141,17,42,1,1,1
860,5,227,139,18,43,1,1,1
861,5,228,139,17,43,1,1,1
862,5,227,137,18,43,1,1,1
863,5,225,140,17,43,1,1,1
864,5,225,140,17,43,1,1,1
865,5,223,139,19,43,1,1,1
866,5,225,141,19,43,1,1,1
867,5,222,141,19,42,1,1,1
868,5,224,142,19,42,1,1,1
869,5,225,141,19,43,1,1,1
870,5,222,141,19,42,1,1,1
871,5,225,142,19,42,1,1,1
872,5,224,141,20,44,1,1,1
873,5,221,140,20,44,1,1,1
874,5,224,140,20,45,1,1,1
875,5,225,140,20,45,1,1,1
876,5,221,136,21,47,1,1,1
877,5,223,138,21,47,1,1,1
878,5,223,138,21,47,1,1,1
879,5,217,136,21,47,1,1,1
880,5,217,137,21,47,1,1,1
881,5,218,138,21,47,1,1,1
882,5,215,137,21,47,1,1,1
883,5,214,137,21,47,1,1,1
884,5,212,138,21,47,1,1,1
885,5,211,137,19,44,1,1,1
886,5,209,138,18,44,1,1,1
887,5,207,140,19,44,1,1,1
888,5,205,142,19,44,1,1,1
889,5,204,144,19,45,1,1,1
890,5,202,143,19,44,1,1,1
891,5,197,143,19,45,1,1,1
892,5,190,142,19,45,1,1,1
893,5,186,141,19,45,1,1,1
894,5,187,141,19,45,1,1,1
895,5,184,139,18,44,1,1,1
896,5,182,139,18,44,1,1,1
897,5,179,138,19,44,1,1,1
898,5,178,139,19,44,1,1,1
899,5,178,139,19,44,1,1,1
900,5,175,137,21,44,1,1,1
1,6,339,150,30,63,1,1,1
2,6,339,150,30,63,1,1,1
3,6,339,149,29,64,1,1,1
4,6,339,149,29,64,1,1,1
5,6,339,150,30,63,1,1,1
6,6,338,148,30,64,1,1,1
7,6,339,148,29,64,1,1,1
8,6,338,148,29,63,1,1,1
9,6,339,149,30,63,1,1,1
10,6,338,147,30,64,1,1,1
11,6,339,147,29,64,1,1,1
12,6,338,147,29,64,1,1,1
13,6,339,149,28,61,1,1,1
14,6,339,148,28,61,1,1,1
15,6,339,148,28,61,1,1,1
16,6,338,146,30,64,1,1,1
17,6,338,146,29,63,1,1,1
18,6,337,147,30,63,1,1,1
19,6,337,146,30,63,1,1,1
20,6,337,146,30,63,1,1,1
21,6,338,148,27,60,1,1,1
22,6,338,148,27,61,1,1,1
23,6,337,148,28,60,1,1,1
24,6,337,148,27,61,1,1,1
25,6,337,148,27,61,1,1,1
26,6,337,148,27,60,1,1,1
27,6,336,148,28,60,1,1,1
28,6,337,148,27,61,1,1,1
29,6,336,148,28,61,1,1,1
30,6,335,149,28,61,1,1,1
31,6,335,149,28,60,1,1,1
32,6,335,148,28,60,1,1,1
33,6,335,148,27,60,1,1,1
34,6,334,147,27,60,1,1,1
35,6,334,147,27,60,1,1,1
36,6,333,147,28,60,1,1,1
37,6,333,147,28,60,1,1,1
38,6,332,147,28,60,1,1,1
39,6,331,146,28,60,1,1,1
40,6,332,146,28,60,1,1,1
41,6,331,146,28,60,1,1,1
42,6,331,146,28,60,1,1,1
43,6,330,145,28,60,1,1,1
44,6,331,146,27,60,1,1,1
45,6,330,145,27,60,1,1,1
46,6,330,146,27,60,1,1,1
47,6,330,146,28,60,1,1,1
48,6,329,145,28,60,1,1,1
49,6,329,145,27,60,1,1,1
50,6,329,145,28,60,1,1,1
51,6,328,145,28,60,1,1,1
52,6,329,143,27,61,1,1,1
53,6,329,143,27,61,1,1,1
54,6,328,143,27,61,1,1,1
55,6,328,144,28,60,1,1,1
56,6,328,144,27,60,1,1,1
57,6,327,143,28,61,1,1,1
58,6,327,143,27,60,1,1,1
59,6,327,145,27,59,1,1,1
60,6,327,145,27,60,1,1,1
61,6,327,145,27,59,1,1,1
62,6,327,144,27,60,1,1,1
63,6,326,145,28,59,1,1,1
64,6,325,145,28,59,1,1,1
65,6,325,144,28,60,1,1,1
66,6,325,145,28,59,1,1,1
67,6,325,145,28,59,1,1,1
68,6,324,145,27,59,1,1,1
69,6,324,144,27,60,1,1,1
70,6,324,144,27,60,1,1,1
71,6,323,145,28,59,1,1,1
72,6,322,144,26,60,1,1,1
73,6,322,146,28,57,1,1,1
74,6,322,145,28,57,1,1,1
75,6,322,145,27,57,1,1,1
76,6,321,144,28,57,1,1,1
77,6,321,144,27,57,1,1,1
78,6,321,146,27,57,1,1,1
79,6,320,146,28,55,1,1,1
80,6,320,146,27,55,1,1,1
81,6,319,145,28,56,1,1,1
82,6,320,145,28,55,1,1,1
83,6,319,146,28,55,1,1,1
84,6,318,145,28,56,1,1,1
85,6,320,147,26,54,1,1,1
86,6,318,146,26,55,1,1,1
87,6,317,146,26,54,1,1,1
88,6,318,145,26,54,1,1,1
89,6,318,143,26,55,1,1,1
90,6,318,144,26,54,1,1,1
91,6,318,144,26,54,1,1,1
92,6,318,143,26,55,1,1,1
93,6,318,142,26,54,1,1,1
94,6,317,143,26,54,1,1,1
95,6,318,143,26,55,1,1,1
96,6,318,143,26,55,1,1,1
97,6,318,143,26,55,1,1,1
98,6,317,143,26,54,1,1,1
99,6,317,143,26,54,1,1,1
100,6,316,144,27,54,1,1,1
101,6,317,143,26,55,1,1,1
102,6,317,143,26,55,1,1,1
103,6,317,143,26,54,1,1,1
104,6,317,143,26,55,1,1,1
105,6,317,143,26,55,1,1,1
106,6,316,145,26,53,1,1,1
107,6,317,140,27,57,1,1,1
108,6,317,140,27,57,1,1,1
109,6,316,140,27,57,1,1,1
110,6,317,140,27,57,1,1,1
111,6,316,140,27,57,1,1,1
112,6,317,141,26,54,1,1,1
113,6,317,140,26,54,1,1,1
114,6,318,140,26,54,1,1,1
115,6,317,140,26,54,1,1,1
116,6,318,140,26,54,1,1,1
117,6,318,140,26,54,1,1,1
118,6,318,140,26,54,1,1,1
119,6,318,140,26,54,1,1,1
120,6,318,141,26,54,1,1,1
121,6,318,141,26,54,1,1,1
122,6,319,141,26,55,1,1,1
123,6,319,141,26,54,1,1,1
124,6,319,141,26,54,1,1,1
125,6,320,141,25,54,1,1,1
126,6,320,141,25,54,1,1,1
127,6,320,141,26,54,1,1,1
128,6,320,141,26,54,1,1,1
129,6,320,140,26,54,1,1,1
130,6,321,141,25,52,1,1,1
131,6,321,141,25,51,1,1,1
132,6,322,141,25,52,1,1,1
133,6,321,142,25,51,1,1,1
134,6,322,141,25,52,1,1,1
135,6,322,140,25,52,1,1,1
136,6,322,142,25,51,1,1,1
137,6,322,141,25,52,1,1,1
138,6,323,141,25,52,1,1,1
139,6,323,142,25,51,1,1,1
140,6,323,142,25,51,1,1,1
141,6,323,142,25,51,1,1,1
142,6,323,141,25,52,1,1,1
143,6,323,141,25,51,1,1,1
144,6,324,141,25,51,1,1,1
145,6,323,140,23,52,1,1,1
146,6,324,140,23,52,1,1,1
147,6,324,139,23,52,1,1,1
148,6,324,139,23,52,1,1,1
149,6,324,140,23,51,1,1,1
150,6,325,139,23,52,1,1,1
151,6,325,140,23,51,1,1,1
152,6,324,139,23,52,1,1,1
153,6,325,140,23,51,1,1,1
154,6,324,140,23,51,1,1,1
155,6,325,139,23,52,1,1,1
156,6,324,139,23,52,1,1,1
157,6,324,140,23,51,1,1,1
158,6,324,139,23,52,1,1,1
159,6,325,139,23,52,1,1,1
160,6,325,140,23,51,1,1,1
161,6,325,139,23,52,1,1,1
162,6,325,139,23,52,1,1,1
163,6,325,139,23,52,1,1,1
164,6,325,139,23,51,1,1,1
165,6,325,139,23,52,1,1,1
166,6,325,139,23,52,1,1,1
167,6,325,139,23,51,1,1,1
168,6,325,138,23,52,1,1,1
169,6,325,139,23,51,1,1,1
170,6,326,140,22,49,1,1,1
171,6,327,139,21,49,1,1,1
172,6,327,139,21,49,1,1,1
173,6,327,140,21,49,1,1,1
174,6,327,139,21,49,1,1,1
175,6,327,140,22,49,1,1,1
176,6,327,139,21,49,1,1,1
177,6,327,139,22,49,1,1,1
178,6,328,139,21,49,1,1,1
179,6,328,139,21,49,1,1,1
180,6,327,139,22,49,1,1,1
181,6,328,140,22,49,1,1,1
182,6,328,139,21,49,1,1,1
183,6,328,139,22,48,1,1,1
184,6,328,139,22,48,1,1,1
185,6,328,138,21,48,1,1,1
186,6,329,138,21,49,1,1,1
187,6,329,137,21,49,1,1,1
188,6,328,137,22,49,1,1,1
189,6,329,137,21,49,1,1,1
190,6,329,138,21,48,1,1,1
191,6,329,138,21,49,1,1,1
192,6,329,139,21,49,1,1,1
193,6,328,137,23,51,1,1,1
194,6,328,137,23,51,1,1,1
195,6,329,138,22,51,1,1,1
196,6,329,139,21,48,1,1,1
197,6,329,138,22,49,1,1,1
198,6,330,138,21,49,1,1,1
199,6,330,138,21,49,1,1,1
200,6,329,138,22,49,1,1,1
201,6,329,138,22,49,1,1,1
202,6,330,137,21,49,1,1,1
203,6,330,137,21,49,1,1,1
204,6,330,137,21,48,1,1,1
205,6,330,137,21,48,1,1,1
206,6,330,137,21,47,1,1,1
207,6,331,138,20,46,1,1,1
208,6,331,137,20,47,1,1,1
209,6,331,137,21,47,1,1,1
210,6,331,138,20,46,1,1,1
211,6,330,137,21,47,1,1,1
212,6,331,138,21,46,1,1,1
213,6,331,138,20,46,1,1,1
214,6,331,137,20,47,1,1,1
215,6,331,138,20,47,1,1,1
216,6,331,138,20,47,1,1,1
217,6,331,138,20,46,1,1,1
218,6,330,138,21,47,1,1,1
219,6,330,138,21,47,1,1,1
220,6,331,137,20,47,1,1,1
221,6,331,138,20,46,1,1,1
222,6,330,137,20,47,1,1,1
223,6,330,137,21,46,1,1,1
224,6,330,137,20,46,1,1,1
225,6,329,137,21,46,1,1,1
226,6,329,135,21,47,1,1,1
227,6,329,136,21,47,1,1,1
228,6,329,136,21,47,1,1,1
229,6,330,136,20,47,1,1,1
230,6,329,136,21,47,1,1,1
231,6,330,136,20,47,1,1,1
232,6,329,136,21,47,1,1,1
233,6,330,135,20,47,1,1,1
234,6,329,136,20,47,1,1,1
235,6,329,135,21,47,1,1,1
236,6,329,136,20,47,1,1,1
237,6,329,135,20,47,1,1,1
238,6,329,135,21,47,1,1,1
239,6,329,136,20,47,1,1,1
240,6,329,135,20,47,1,1,1
241,6,329,134,21,47,1,1,1
242,6,329,135,21,47,1,1,1
243,6,328,134,21,46,1,1,1
244,6,328,134,21,47,1,1,1
245,6,328,134,21,46,1,1,1
246,6,328,134,21,47,1,1,1
247,6,328,134,21,46,1,1,1
248,6,328,134,21,47,1,1,1
249,6,328,134,20,47,1,1,1
250,6,328,134,20,47,1,1,1
251,6,327,135,21,47,1,1,1
252,6,328,135,20,47,1,1,1
253,6,327,135,21,47,1,1,1
254,6,327,135,21,47,1,1,1
255,6,327,135,20,47,1,1,1
256,6,327,135,20,47,1,1,1
257,6,327,135,20,47,1,1,1
258,6,326,134,21,46,1,1,1
259,6,327,135,19,44,1,1,1
260,6,326,134,19,45,1,1,1
261,6,325,135,19,43,1,1,1
262,6,326,135,19,42,1,1,1
263,6,326,135,19,43,1,1,1
264,6,325,135,19,43,1,1,1
265,6,325,136,19,42,1,1,1
266,6,324,135,19,42,1,1,1
267,6,324,135,19,42,1,1,1
268,6,324,135,19,43,1,1,1
269,6,325,135,19,42,1,1,1
270,6,324,135,19,43,1,1,1
271,6,324,135,19,42,1,1,1
272,6,324,135,19,43,1,1,1
273,6,323,135,19,43,1,1,1
274,6,324,135,19,42,1,1,1
275,6,324,135,19,42,1,1,1
276,6,324,135,19,43,1,1,1
277,6,324,134,19,43,1,1,1
278,6,323,134,19,42,1,1,1
279,6,323,135,19,42,1,1,1
280,6,323,134,19,43,1,1,1
281,6,323,134,19,42,1,1,1
282,6,323,134,19,42,1,1,1
283,6,323,134,19,42,1,1,1
284,6,323,134,19,42,1,1,1
285,6,322,134,19,42,1,1,1
286,6,322,134,19,42,1,1,1
287,6,323,134,19,43,1,1,1
288,6,322,134,19,42,1,1,1
289,6,322,135,19,42,1,1,1
290,6,322,134,19,42,1,1,1
291,6,321,134,19,42,1,1,1
292,6,321,134,19,43,1,1,1
293,6,321,134,19,42,1,1,1
294,6,321,133,19,43,1,1,1
295,6,321,133,19,43,1,1,1
296,6,320,133,19,42,1,1,1
297,6,321,134,19,42,1,1,1
298,6,319,133,19,42,1,1,1
299,6,320,133,18,43,1,1,1
300,6,319,133,19,43,1,1,1
301,6,320,134,18,43,1,1,1
302,6,320,135,18,42,1,1,1
303,6,320,135,19,43,1,1,1
304,6,320,135,18,42,1,1,1
305,6,319,135,19,43,1,1,1
306,6,321,134,19,43,1,1,1
307,6,321,134,19,42,1,1,1
308,6,321,134,19,42,1,1,1
309,6,321,134,19,42,1,1,1
310,6,321,135,19,42,1,1,1
311,6,322,135,19,42,1,1,1
312,6,322,134,18,42,1,1,1
313,6,323,134,18,42,1,1,1
314,6,323,133,18,42,1,1,1
315,6,324,133,18,43,1,1,1
316,6,324,133,18,43,1,1,1
317,6,324,134,18,42,1,1,1
318,6,324,133,19,43,1,1,1
319,6,325,134,18,43,1,1,1
320,6,324,134,19,43,1,1,1
321,6,324,134,19,42,1,1,1
322,6,324,134,19,42,1,1,1
323,6,324,133,19,43,1,1,1
324,6,324,133,19,43,1,1,1
325,6,325,133,19,42,1,1,1
326,6,325,134,18,42,1,1,1
327,6,325,133,18,43,1,1,1
328,6,325,133,18,43,1,1,1
329,6,325,133,18,43,1,1,1
330,6,324,133,19,43,1,1,1
331,6,325,133,18,43,1,1,1
332,6,324,133,19,42,1,1,1
333,6,325,133,18,43,1,1,1
334,6,324,133,19,42,1,1,1
335,6,324,133,19,42,1,1,1
336,6,324,133,18,42,1,1,1
337,6,324,132,18,43,1,1,1
338,6,324,132,19,42,1,1,1
339,6,324,132,18,43,1,1,1
340,6,324,132,18,42,1,1,1
341,6,324,134,17,40,1,1,1
342,6,324,133,18,40,1,1,1
343,6,324,133,17,40,1,1,1
344,6,323,133,18,40,1,1,1
345,6,323,133,18,40,1,1,1
346,6,323,133,18,40,1,1,1
347,6,323,133,17,40,1,1,1
348,6,322,132,19,43,1,1,1
349,6,322,132,18,42,1,1,1
350,6,322,132,19,43,1,1,1
351,6,321,131,19,42,1,1,1
352,6,322,131,18,42,1,1,1
353,6,322,133,17,40,1,1,1
354,6,322,132,18,40,1,1,1
355,6,322,133,17,40,1,1,1
356,6,321,131,17,40,1,1,1
357,6,321,132,17,40,1,1,1
358,6,322,132,17,40,1,1,1
359,6,321,132,17,40,1,1,1
360,6,321,132,17,40,1,1,1
361,6,321,132,17,40,1,1,1
362,6,321,132,17,40,1,1,1
363,6,321,132,17,40,1,1,1
364,6,321,132,17,40,1,1,1
365,6,321,132,17,40,1,1,1
366,6,321,132,17,40,1,1,1
367,6,321,132,17,40,1,1,1
368,6,320,132,17,40,1,1,1
369,6,320,132,17,40,1,1,1
370,6,320,132,17,40,1,1,1
371,6,320,132,17,40,1,1,1
372,6,320,132,17,40,1,1,1
373,6,320,132,17,40,1,1,1
374,6,320,131,17,40,1,1,1
375,6,320,131,17,40,1,1,1
376,6,320,131,17,40,1,1,1
377,6,319,131,17,40,1,1,1
378,6,319,131,17,40,1,1,1
379,6,320,132,17,40,1,1,1
380,6,319,132,17,40,1,1,1
381,6,320,131,17,40,1,1,1
382,6,319,131,17,40,1,1,1
383,6,319,131,17,40,1,1,1
384,6,319,132,17,40,1,1,1
385,6,319,131,17,40,1,1,1
386,6,319,131,17,40,1,1,1
387,6,319,131,17,40,1,1,1
388,6,318,131,18,40,1,1,1
389,6,318,131,18,40,1,1,1
390,6,318,131,18,40,1,1,1
391,6,318,131,18,40,1,1,1
392,6,318,131,18,40,1,1,1
393,6,319,131,17,40,1,1,1
394,6,319,131,17,40,1,1,1
395,6,319,130,17,40,1,1,1
396,6,319,130,17,40,1,1,1
397,6,319,131,17,40,1,1,1
398,6,320,131,17,40,1,1,1
399,6,320,131,17,40,1,1,1
400,6,319,131,17,40,1,1,1
401,6,320,132,16,38,1,1,1
402,6,320,132,16,38,1,1,1
403,6,319,131,17,39,1,1,1
404,6,319,131,17,39,1,1,1
405,6,319,132,17,38,1,1,1
406,6,319,132,17,39,1,1,1
407,6,318,131,17,39,1,1,1
408,6,319,131,17,38,1,1,1
409,6,318,131,17,38,1,1,1
410,6,318,130,17,39,1,1,1
411,6,319,131,17,38,1,1,1
412,6,319,130,17,39,1,1,1
413,6,318,131,17,38,1,1,1
414,6,318,130,17,38,1,1,1
415,6,318,131,17,38,1,1,1
416,6,318,131,17,39,1,1,1
417,6,319,132,16,36,1,1,1
418,6,318,132,16,37,1,1,1
419,6,318,132,16,36,1,1,1
420,6,318,131,16,37,1,1,1
421,6,318,131,16,36,1,1,1
422,6,318,132,15,35,1,1,1
423,6,318,132,15,34,1,1,1
424,6,318,131,15,35,1,1,1
425,6,318,131,15,35,1,1,1
426,6,318,132,15,34,1,1,1
427,6,318,132,15,34,1,1,1
428,6,318,131,15,35,1,1,1
429,6,318,131,15,35,1,1,1
430,6,318,131,15,35,1,1,1
431,6,318,130,16,35,1,1,1
432,6,318,131,16,34,1,1,1
433,6,318,131,16,36,1,1,1
434,6,317,131,16,36,1,1,1
435,6,317,130,16,36,1,1,1
436,6,318,131,16,36,1,1,1
437,6,318,131,16,36,1,1,1
438,6,317,130,16,36,1,1,1
439,6,317,130,16,36,1,1,1
440,6,316,130,16,36,1,1,1
441,6,317,129,16,36,1,1,1
442,6,316,130,16,36,1,1,1
443,6,315,128,17,38,1,1,1
444,6,315,128,17,38,1,1,1
445,6,315,127,17,39,1,1,1
446,6,315,126,16,39,1,1,1
447,6,315,127,16,38,1,1,1
448,6,314,127,17,39,1,1,1
449,6,314,127,16,38,1,1,1
450,6,314,127,16,38,1,1,1
451,6,314,127,16,38,1,1,1
452,6,313,127,17,39,1,1,1
453,6,313,127,17,38,1,1,1
454,6,313,127,16,38,1,1,1
455,6,313,127,17,39,1,1,1
456,6,313,126,16,39,1,1,1
457,6,312,126,17,39,1,1,1
458,6,312,127,16,36,1,1,1
459,6,313,127,15,37,1,1,1
460,6,311,126,16,37,1,1,1
461,6,311,126,16,37,1,1,1
462,6,311,126,16,37,1,1,1
463,6,311,127,16,36,1,1,1
464,6,310,127,16,36,1,1,1
465,6,310,127,15,37,1,1,1
466,6,309,129,15,34,1,1,1
467,6,309,129,15,34,1,1,1
468,6,309,129,15,34,1,1,1
469,6,309,129,15,34,1,1,1
470,6,309,129,15,34,1,1,1
471,6,308,128,15,35,1,1,1
472,6,308,128,15,35,1,1,1
473,6,308,128,15,35,1,1,1
474,6,308,129,15,33,1,1,1
475,6,308,129,14,33,1,1,1
476,6,308,129,14,33,1,1,1
477,6,307,128,15,33,1,1,1
478,6,307,128,14,33,1,1,1
479,6,306,129,15,33,1,1,1
480,6,306,128,15,35,1,1,1
481,6,306,129,15,33,1,1,1
482,6,307,128,14,33,1,1,1
483,6,307,128,14,33,1,1,1
484,6,305,127,15,34,1,1,1
485,6,304,128,16,35,1,1,1
486,6,305,128,15,35,1,1,1
487,6,304,127,15,36,1,1,1
488,6,304,129,15,35,1,1,1
489,6,304,129,16,36,1,1,1
490,6,304,129,17,36,1,1,1
491,6,304,128,17,37,1,1,1
492,6,304,129,16,36,1,1,1
493,6,303,129,17,36,1,1,1
494,6,303,128,17,37,1,1,1
495,6,304,128,16,37,1,1,1
496,6,303,128,17,37,1,1,1
497,6,303,126,16,37,1,1,1
498,6,303,126,17,37,1,1,1
499,6,303,125,17,37,1,1,1
500,6,303,125,16,37,1,1,1
501,6,303,126,16,37,1,1,1
502,6,303,126,17,37,1,1,1
503,6,303,126,16,37,1,1,1
504,6,302,125,16,37,1,1,1
505,6,303,125,16,37,1,1,1
506,6,302,125,16,37,1,1,1
507,6,302,124,16,37,1,1,1
508,6,302,124,16,37,1,1,1
509,6,302,124,16,37,1,1,1
510,6,301,127,15,34,1,1,1
511,6,302,126,15,34,1,1,1
512,6,300,127,15,34,1,1,1
513,6,301,127,15,34,1,1,1
514,6,301,126,15,33,1,1,1
515,6,301,126,15,34,1,1,1
516,6,301,127,15,34,1,1,1
517,6,301,126,15,35,1,1,1
518,6,301,125,15,36,1,1,1
519,6,300,125,16,35,1,1,1
520,6,299,126,16,36,1,1,1
521,6,301,126,15,35,1,1,1
522,6,299,126,16,36,1,1,1
523,6,301,125,15,36,1,1,1
524,6,300,125,16,36,1,1,1
525,6,301,125,15,35,1,1,1
526,6,300,124,16,35,1,1,1
527,6,300,125,15,36,1,1,1
528,6,300,125,16,36,1,1,1
529,6,300,126,16,36,1,1,1
530,6,300,125,15,36,1,1,1
531,6,300,125,15,35,1,1,1
532,6,299,126,17,35,1,1,1
533,6,300,127,17,35,1,1,1
534,6,300,126,17,35,1,1,1
535,6,299,125,17,35,1,1,1
536,6,300,126,16,35,1,1,1
537,6,300,125,16,35,1,1,1
538,6,300,125,17,35,1,1,1
539,6,301,126,16,35,1,1,1
540,6,300,125,17,34,1,1,1
541,6,300,126,17,35,1,1,1
542,6,299,126,17,35,1,1,1
543,6,300,126,16,35,1,1,1
544,6,301,126,16,35,1,1,1
545,6,300,126,17,35,1,1,1
546,6,300,125,17,35,1,1,1
547,6,300,125,16,35,1,1,1
548,6,300,125,17,35,1,1,1
549,6,300,125,17,35,1,1,1
550,6,300,125,15,34,1,1,1
551,6,300,125,14,34,1,1,1
552,6,300,126,14,35,1,1,1
553,6,300,126,14,35,1,1,1
554,6,300,126,14,35,1,1,1
555,6,300,126,14,35,1,1,1
556,6,300,126,14,35,1,1,1
557,6,300,126,14,35,1,1,1
558,6,300,125,14,35,1,1,1
559,6,300,124,14,35,1,1,1
560,6,300,125,14,35,1,1,1
561,6,300,125,14,34,1,1,1
562,6,300,125,14,35,1,1,1
563,6,300,126,15,35,1,1,1
564,6,300,126,14,35,1,1,1
565,6,300,125,14,34,1,1,1
566,6,299,125,16,35,1,1,1
567,6,299,125,16,35,1,1,1
568,6,299,125,16,35,1,1,1
569,6,300,125,16,35,1,1,1
570,6,300,125,16,35,1,1,1
571,6,300,125,16,34,1,1,1
572,6,300,125,16,34,1,1,1
573,6,300,125,16,34,1,1,1
574,6,300,125,16,34,1,1,1
575,6,300,125,16,34,1,1,1
576,6,300,123,16,35,1,1,1
577,6,300,124,16,34,1,1,1
578,6,300,123,16,35,1,1,1
579,6,300,123,16,35,1,1,1
580,6,300,123,16,34,1,1,1
581,6,300,123,16,35,1,1,1
582,6,300,123,16,34,1,1,1
583,6,300,123,16,34,1,1,1
584,6,300,120,16,36,1,1,1
585,6,300,122,16,35,1,1,1
586,6,299,122,16,34,1,1,1
587,6,300,122,16,35,1,1,1
588,6,299,122,16,35,1,1,1
589,6,300,122,16,35,1,1,1
590,6,299,121,16,36,1,1,1
591,6,299,122,17,36,1,1,1
592,6,299,125,14,33,1,1,1
593,6,299,125,14,33,1,1,1
594,6,298,124,14,33,1,1,1
595,6,298,124,14,33,1,1,1
596,6,298,125,14,33,1,1,1
597,6,297,124,14,33,1,1,1
598,6,298,124,14,33,1,1,1
599,6,298,124,15,33,1,1,1
600,6,297,124,15,33,1,1,1
601,6,297,124,15,33,1,1,1
602,6,297,124,14,33,1,1,1
603,6,297,125,14,33,1,1,1
604,6,297,124,15,33,1,1,1
605,6,297,124,15,33,1,1,1
606,6,297,125,14,33,1,1,1
607,6,297,125,14,33,1,1,1
608,6,297,125,15,33,1,1,1
609,6,297,125,14,33,1,1,1
610,6,297,124,14,33,1,1,1
611,6,297,124,14,33,1,1,1
612,6,297,125,14,33,1,1,1
613,6,296,125,15,33,1,1,1
614,6,296,124,15,33,1,1,1
615,6,296,125,17,33,1,1,1
616,6,297,125,16,33,1,1,1
617,6,297,125,17,33,1,1,1
618,6,297,125,17,33,1,1,1
619,6,297,124,17,33,1,1,1
620,6,297,124,17,33,1,1,1
621,6,297,124,17,33,1,1,1
622,6,297,124,17,33,1,1,1
623,6,297,124,16,33,1,1,1
624,6,297,124,17,33,1,1,1
625,6,297,123,17,34,1,1,1
626,6,297,123,17,35,1,1,1
627,6,297,123,17,34,1,1,1
628,6,297,123,17,34,1,1,1
629,6,296,123,17,34,1,1,1
630,6,297,123,17,34,1,1,1
631,6,296,123,17,35,1,1,1
632,6,296,123,17,34,1,1,1
633,6,297,123,17,34,1,1,1
634,6,296,122,17,35,1,1,1
635,6,297,123,17,35,1,1,1
636,6,296,124,17,33,1,1,1
637,6,296,124,17,33,1,1,1
638,6,297,124,16,33,1,1,1
639,6,297,124,16,32,1,1,1
640,6,297,124,16,32,1,1,1
641,6,297,124,16,31,1,1,1
642,6,297,124,16,32,1,1,1
643,6,297,124,16,32,1,1,1
644,6,297,124,16,32,1,1,1
645,6,298,124,16,32,1,1,1
646,6,298,124,16,31,1,1,1
647,6,298,125,16,31,1,1,1
648,6,298,124,16,32,1,1,1
649,6,297,125,16,31,1,1,1
650,6,297,124,16,32,1,1,1
651,6,298,125,16,31,1,1,1
652,6,298,124,16,32,1,1,1
653,6,297,124,16,31,1,1,1
654,6,298,124,16,31,1,1,1
655,6,297,125,16,31,1,1,1
656,6,297,124,16,32,1,1,1
657,6,297,124,16,32,1,1,1
658,6,297,124,16,31,1,1,1
659,6,297,124,16,31,1,1,1
660,6,297,124,16,31,1,1,1
661,6,297,123,16,32,1,1,1
662,6,297,124,16,31,1,1,1
663,6,297,123,16,32,1,1,1
664,6,297,124,16,31,1,1,1
665,6,297,124,16,31,1,1,1
666,6,297,125,16,31,1,1,1
667,6,297,124,16,32,1,1,1
668,6,297,124,16,31,1,1,1
669,6,295,124,16,31,1,1,1
670,6,295,125,15,31,1,1,1
671,6,295,125,16,32,1,1,1
672,6,294,125,16,31,1,1,1
673,6,296,124,16,32,1,1,1
674,6,296,125,16,31,1,1,1
675,6,296,124,15,32,1,1,1
676,6,296,124,16,32,1,1,1
677,6,297,124,16,31,1,1,1
678,6,296,124,16,31,1,1,1
679,6,296,125,16,31,1,1,1
680,6,296,125,16,31,1,1,1
681,6,296,124,16,31,1,1,1
682,6,297,125,16,31,1,1,1
683,6,296,124,16,32,1,1,1
684,6,296,124,16,31,1,1,1
685,6,297,125,16,30,1,1,1
686,6,297,124,16,32,1,1,1
687,6,297,124,16,32,1,1,1
688,6,297,124,16,31,1,1,1
689,6,297,124,16,32,1,1,1
690,6,296,124,16,31,1,1,1
691,6,297,124,16,31,1,1,1
692,6,297,124,16,32,1,1,1
693,6,297,124,16,32,1,1,1
694,6,297,124,16,31,1,1,1
695,6,297,123,16,32,1,1,1
696,6,297,124,16,31,1,1,1
697,6,297,124,16,31,1,1,1
698,6,297,123,16,31,1,1,1
699,6,297,123,16,31,1,1,1
700,6,297,123,16,32,1,1,1
701,6,297,124,16,31,1,1,1
702,6,297,124,16,32,1,1,1
703,6,297,124,16,31,1,1,1
704,6,297,124,16,31,1,1,1
705,6,297,124,16,31,1,1,1
706,6,297,124,16,31,1,1,1
707,6,297,124,16,30,1,1,1
708,6,297,124,15,30,1,1,1
709,6,297,124,16,30,1,1,1
710,6,298,124,15,30,1,1,1
711,6,297,125,16,30,1,1,1
712,6,298,123,15,30,1,1,1
713,6,298,122,15,30,1,1,1
714,6,299,122,15,29,1,1,1
715,6,299,122,15,29,1,1,1
716,6,299,122,15,30,1,1,1
717,6,299,123,15,30,1,1,1
718,6,299,124,15,30,1,1,1
719,6,298,124,16,31,1,1,1
720,6,298,125,15,30,1,1,1
721,6,298,125,15,30,1,1,1
722,6,299,123,15,30,1,1,1
723,6,299,123,15,30,1,1,1
724,6,299,121,15,32,1,1,1
725,6,299,122,15,31,1,1,1
726,6,299,121,15,31,1,1,1
727,6,298,121,16,31,1,1,1
728,6,299,121,16,31,1,1,1
729,6,299,121,16,32,1,1,1
730,6,299,120,16,31,1,1,1
731,6,299,120,16,31,1,1,1
732,6,300,121,15,31,1,1,1
733,6,299,121,16,31,1,1,1
734,6,299,121,16,31,1,1,1
735,6,299,121,16,31,1,1,1
736,6,300,121,15,31,1,1,1
737,6,297,122,16,32,1,1,1
738,6,298,122,16,32,1,1,1
739,6,298,122,16,32,1,1,1
740,6,298,122,16,32,1,1,1
741,6,298,122,16,32,1,1,1
742,6,299,123,15,31,1,1,1
743,6,299,124,15,31,1,1,1
744,6,299,123,16,31,1,1,1
745,6,297,122,16,32,1,1,1
746,6,300,121,15,32,1,1,1
747,6,299,121,15,32,1,1,1
748,6,299,122,16,32,1,1,1
749,6,300,124,16,32,1,1,1
750,6,301,124,15,30,1,1,1
751,6,300,123,15,30,1,1,1
752,6,300,122,15,32,1,1,1
753,6,301,122,14,31,1,1,1
754,6,300,122,15,31,1,1,1
755,6,300,121,14,30,1,1,1
756,6,300,122,15,31,1,1,1
757,6,299,122,15,31,1,1,1
758,6,300,122,15,31,1,1,1
759,6,300,122,15,31,1,1,1
760,6,300,122,15,31,1,1,1
761,6,300,121,15,31,1,1,1
762,6,300,121,15,31,1,1,1
763,6,300,122,15,31,1,1,1
764,6,301,122,15,31,1,1,1
765,6,302,123,14,29,1,1,1
766,6,301,122,14,29,1,1,1
767,6,301,122,14,29,1,1,1
768,6,301,121,14,31,1,1,1
769,6,301,122,14,29,1,1,1
770,6,301,121,14,29,1,1,1
771,6,300,121,14,29,1,1,1
772,6,300,121,15,30,1,1,1
773,6,300,121,15,31,1,1,1
774,6,300,121,15,30,1,1,1
775,6,300,121,14,30,1,1,1
776,6,299,121,15,31,1,1,1
777,6,298,121,15,30,1,1,1
778,6,297,121,15,30,1,1,1
779,6,298,121,15,30,1,1,1
780,6,298,121,15,31,1,1,1
781,6,298,122,15,31,1,1,1
782,6,296,122,15,31,1,1,1
783,6,296,122,15,31,1,1,1
784,6,297,122,15,31,1,1,1
785,6,297,122,16,31,1,1,1
786,6,297,122,16,31,1,1,1
787,6,297,122,16,31,1,1,1
788,6,297,121,16,30,1,1,1
789,6,297,121,16,30,1,1,1
790,6,297,122,16,31,1,1,1
791,6,297,122,16,31,1,1,1
792,6,297,122,17,31,1,1,1
793,6,296,120,17,34,1,1,1
794,6,297,120,17,34,1,1,1
795,6,298,121,17,33,1,1,1
796,6,298,121,17,33,1,1,1
797,6,298,120,17,34,1,1,1
798,6,299,120,16,34,1,1,1
799,6,298,119,17,34,1,1,1
800,6,298,120,16,32,1,1,1
801,6,296,121,17,32,1,1,1
802,6,295,121,16,32,1,1,1
803,6,295,121,16,32,1,1,1
804,6,295,120,16,32,1,1,1
805,6,295,120,16,32,1,1,1
806,6,294,120,16,31,1,1,1
807,6,294,120,16,32,1,1,1
808,6,295,120,16,32,1,1,1
809,6,295,120,16,32,1,1,1
810,6,294,120,16,32,1,1,1
811,6,294,120,16,31,1,1,1
812,6,294,120,16,31,1,1,1
813,6,295,120,16,32,1,1,1
814,6,295,118,16,34,1,1,1
815,6,295,119,16,34,1,1,1
816,6,294,120,16,33,1,1,1
817,6,294,120,16,34,1,1,1
818,6,294,120,16,34,1,1,1
819,6,294,121,16,34,1,1,1
820,6,295,121,16,33,1,1,1
821,6,294,120,16,34,1,1,1
822,6,294,121,16,33,1,1,1
823,6,294,121,16,33,1,1,1
824,6,295,120,16,33,1,1,1
825,6,294,121,16,33,1,1,1
826,6,294,121,16,33,1,1,1
827,6,295,120,16,34,1,1,1
828,6,295,121,16,33,1,1,1
829,6,294,120,16,34,1,1,1
830,6,295,121,16,33,1,1,1
831,6,295,120,16,34,1,1,1
832,6,295,120,16,34,1,1,1
833,6,295,120,16,34,1,1,1
834,6,294,120,16,33,1,1,1
835,6,295,121,16,33,1,1,1
836,6,295,120,16,34,1,1,1
837,6,295,120,16,34,1,1,1
838,6,295,121,16,33,1,1,1
839,6,295,120,16,33,1,1,1
840,6,295,121,16,33,1,1,1
841,6,294,120,12,34,1,1,1
842,6,292,120,15,34,1,1,1
843,6,292,120,15,34,1,1,1
844,6,292,121,15,34,1,1,1
845,6,291,121,15,34,1,1,1
846,6,292,122,15,33,1,1,1
847,6,292,124,15,33,1,1,1
848,6,292,122,15,33,1,1,1
849,6,292,124,15,32,1,1,1
850,6,292,123,15,32,1,1,1
851,6,292,125,15,32,1,1,1
852,6,293,123,14,32,1,1,1
853,6,292,122,14,32,1,1,1
854,6,292,121,14,32,1,1,1
855,6,292,123,14,32,1,1,1
856,6,292,120,14,33,1,1,1
857,6,292,118,15,35,1,1,1
858,6,292,118,15,34,1,1,1
859,6,292,120,14,34,1,1,1
860,6,292,120,15,34,1,1,1
861,6,293,120,14,34,1,1,1
862,6,292,120,15,34,1,1,1
863,6,292,121,15,34,1,1,1
864,6,292,120,15,34,1,1,1
865,6,292,120,15,34,1,1,1
866,6,293,120,14,34,1,1,1
867,6,292,120,15,34,1,1,1
868,6,292,118,15,35,1,1,1
869,6,292,118,15,35,1,1,1
870,6,291,121,15,34,1,1,1
871,6,292,122,14,34,1,1,1
872,6,291,121,15,34,1,1,1
873,6,291,120,15,34,1,1,1
874,6,290,120,14,34,1,1,1
875,6,291,120,14,34,1,1,1
876,6,290,121,14,34,1,1,1
877,6,289,120,15,34,1,1,1
878,6,290,121,14,34,1,1,1
879,6,290,121,14,31,1,1,1
880,6,291,120,15,31,1,1,1
881,6,292,118,14,32,1,1,1
882,6,291,120,15,31,1,1,1
883,6,290,119,14,31,1,1,1
884,6,290,120,14,31,1,1,1
885,6,291,121,15,32,1,1,1
886,6,289,118,17,31,1,1,1
887,6,289,119,17,31,1,1,1
888,6,290,120,17,31,1,1,1
889,6,289,118,18,33,1,1,1
890,6,288,118,18,33,1,1,1
891,6,289,119,18,33,1,1,1
892,6,289,119,18,33,1,1,1
893,6,289,119,18,33,1,1,1
894,6,289,118,18,33,1,1,1
895,6,288,120,18,33,1,1,1
896,6,288,118,18,33,1,1,1
897,6,289,120,17,31,1,1,1
898,6,289,120,17,31,1,1,1
899,6,289,120,17,31,1,1,1
900,6,291,120,15,34,1,1,1
1,7,263,130,16,36,1,1,1
2,7,262,129,17,36,1,1,1
3,7,261,130,17,36,1,1,1
4,7,261,130,17,36,1,1,1
5,7,262,129,16,36,1,1,1
6,7,261,130,17,36,1,1,1
7,7,261,130,17,36,1,1,1
8,7,262,129,17,36,1,1,1
9,7,261,130,17,36,1,1,1
10,7,261,130,17,36,1,1,1
11,7,261,130,17,36,1,1,1
12,7,261,130,16,36,1,1,1
13,7,261,130,16,36,1,1,1
14,7,261,130,16,36,1,1,1
15,7,262,128,16,36,1,1,1
16,7,260,130,17,36,1,1,1
17,7,261,129,16,36,1,1,1
18,7,260,130,17,36,1,1,1
19,7,260,130,17,36,1,1,1
20,7,260,129,17,36,1,1,1
21,7,260,130,17,36,1,1,1
22,7,260,130,17,36,1,1,1
23,7,261,129,16,36,1,1,1
24,7,260,129,17,36,1,1,1
25,7,260,129,17,36,1,1,1
26,7,260,129,17,36,1,1,1
27,7,261,130,16,36,1,1,1
28,7,260,129,17,36,1,1,1
29,7,260,129,17,36,1,1,1
30,7,260,129,17,36,1,1,1
31,7,261,130,16,36,1,1,1
32,7,260,129,17,36,1,1,1
33,7,260,128,17,36,1,1,1
34,7,260,128,17,36,1,1,1
35,7,260,128,17,36,1,1,1
36,7,260,128,17,36,1,1,1
37,7,260,127,16,36,1,1,1
38,7,259,126,18,38,1,1,1
39,7,260,127,17,37,1,1,1
40,7,260,128,17,37,1,1,1
41,7,260,127,17,38,1,1,1
42,7,259,127,18,38,1,1,1
43,7,260,127,17,37,1,1,1
44,7,260,127,17,38,1,1,1
45,7,260,127,17,37,1,1,1
46,7,259,127,18,38,1,1,1
47,7,259,127,18,37,1,1,1
48,7,259,127,17,38,1,1,1
49,7,259,127,18,37,1,1,1
50,7,259,127,18,38,1,1,1
51,7,259,127,18,37,1,1,1
52,7,259,127,18,38,1,1,1
53,7,259,127,18,37,1,1,1
54,7,259,127,18,37,1,1,1
55,7,259,127,17,37,1,1,1
56,7,259,127,17,37,1,1,1
57,7,258,127,18,38,1,1,1
58,7,259,126,17,38,1,1,1
59,7,258,127,18,37,1,1,1
60,7,258,125,18,38,1,1,1
61,7,258,126,18,38,1,1,1
62,7,258,127,18,37,1,1,1
63,7,259,127,17,37,1,1,1
64,7,258,127,18,38,1,1,1
65,7,259,127,17,38,1,1,1
66,7,259,127,17,37,1,1,1
67,7,258,127,18,37,1,1,1
68,7,258,127,18,37,1,1,1
69,7,258,127,18,38,1,1,1
70,7,258,127,18,37,1,1,1
71,7,259,127,17,37,1,1,1
72,7,258,127,18,38,1,1,1
73,7,259,127,17,37,1,1,1
74,7,259,128,17,37,1,1,1
75,7,258,128,18,37,1,1,1
76,7,259,128,17,37,1,1,1
77,7,258,128,18,38,1,1,1
78,7,258,127,18,38,1,1,1
79,7,259,128,17,38,1,1,1
80,7,258,128,18,37,1,1,1
81,7,258,128,18,37,1,1,1
82,7,258,127,18,38,1,1,1
83,7,259,127,17,37,1,1,1
84,7,259,128,17,37,1,1,1
85,7,259,128,17,37,1,1,1
86,7,259,128,18,37,1,1,1
87,7,259,127,17,38,1,1,1
88,7,259,128,17,37,1,1,1
89,7,259,128,17,37,1,1,1
90,7,259,128,18,37,1,1,1
91,7,259,128,18,37,1,1,1
92,7,259,129,18,38,1,1,1
93,7,259,128,18,37,1,1,1
94,7,260,129,17,38,1,1,1
95,7,259,128,17,37,1,1,1
96,7,259,128,18,37,1,1,1
97,7,259,129,18,37,1,1,1
98,7,259,128,18,38,1,1,1
99,7,259,128,18,38,1,1,1
100,7,260,129,17,37,1,1,1
101,7,260,131,18,38,1,1,1
102,7,260,129,17,37,1,1,1
103,7,261,131,16,36,1,1,1
104,7,261,131,16,37,1,1,1
105,7,261,132,16,36,1,1,1
106,7,260,132,17,36,1,1,1
107,7,260,130,16,36,1,1,1
108,7,260,130,17,36,1,1,1
109,7,260,130,17,36,1,1,1
110,7,260,130,16,36,1,1,1
111,7,260,130,17,36,1,1,1
112,7,260,130,17,36,1,1,1
113,7,260,129,16,36,1,1,1
114,7,260,129,16,36,1,1,1
115,7,259,129,17,36,1,1,1
116,7,259,129,16,36,1,1,1
117,7,259,129,16,36,1,1,1
118,7,259,128,17,36,1,1,1
119,7,259,129,17,36,1,1,1
120,7,259,129,16,36,1,1,1
121,7,258,129,17,36,1,1,1
122,7,258,129,17,36,1,1,1
123,7,259,128,16,36,1,1,1
124,7,258,130,17,36,1,1,1
125,7,258,129,17,36,1,1,1
126,7,258,130,17,36,1,1,1
127,7,258,129,16,36,1,1,1
128,7,258,129,16,36,1,1,1
129,7,258,129,16,36,1,1,1
130,7,257,129,17,36,1,1,1
131,7,258,129,16,36,1,1,1
132,7,257,129,17,36,1,1,1
133,7,258,129,16,36,1,1,1
134,7,258,129,16,36,1,1,1
135,7,258,129,16,36,1,1,1
136,7,257,129,17,36,1,1,1
137,7,258,129,16,36,1,1,1
138,7,257,129,17,36,1,1,1
139,7,258,129,16,36,1,1,1
140,7,257,129,17,36,1,1,1
141,7,258,129,16,36,1,1,1
142,7,258,130,16,36,1,1,1
143,7,258,129,16,36,1,1,1
144,7,257,129,17,36,1,1,1
145,7,258,129,16,36,1,1,1
146,7,256,129,18,36,1,1,1
147,7,256,130,18,36,1,1,1
148,7,256,130,18,36,1,1,1
149,7,255,130,20,36,1,1,1
150,7,257,129,18,36,1,1,1
151,7,256,129,19,36,1,1,1
152,7,256,129,18,36,1,1,1
153,7,255,129,20,36,1,1,1
154,7,255,130,20,36,1,1,1
155,7,254,129,20,36,1,1,1
156,7,255,130,20,36,1,1,1
157,7,256,130,17,36,1,1,1
158,7,255,130,18,36,1,1,1
159,7,254,133,19,31,1,1,1
160,7,254,133,19,32,1,1,1
161,7,255,133,18,31,1,1,1
162,7,253,133,19,32,1,1,1
163,7,253,134,19,31,1,1,1
164,7,253,133,19,31,1,1,1
165,7,253,133,19,32,1,1,1
166,7,256,134,18,31,1,1,1
167,7,256,133,18,32,1,1,1
168,7,255,134,19,31,1,1,1
169,7,256,133,18,32,1,1,1
170,7,256,134,18,31,1,1,1
171,7,256,133,18,31,1,1,1
172,7,257,134,17,30,1,1,1
173,7,257,134,17,30,1,1,1
174,7,256,133,18,30,1,1,1
175,7,256,134,18,30,1,1,1
176,7,257,134,17,30,1,1,1
177,7,256,135,18,29,1,1,1
178,7,255,134,17,30,1,1,1
179,7,254,132,18,31,1,1,1
180,7,253,133,18,31,1,1,1
181,7,254,132,18,31,1,1,1
182,7,253,132,18,31,1,1,1
183,7,254,132,18,31,1,1,1
184,7,255,132,18,32,1,1,1
185,7,255,132,18,32,1,1,1
186,7,255,133,18,32,1,1,1
187,7,256,133,18,32,1,1,1
188,7,256,133,19,32,1,1,1
189,7,256,133,18,32,1,1,1
190,7,256,133,19,32,1,1,1
191,7,256,131,18,32,1,1,1
192,7,256,132,18,32,1,1,1
193,7,256,132,18,32,1,1,1
194,7,256,132,18,32,1,1,1
195,7,256,132,18,32,1,1,1
196,7,256,131,19,32,1,1,1
197,7,256,131,19,32,1,1,1
198,7,256,131,19,33,1,1,1
199,7,256,131,19,34,1,1,1
200,7,256,131,19,33,1,1,1
201,7,255,130,20,35,1,1,1
202,7,255,130,21,35,1,1,1
203,7,255,130,21,35,1,1,1
204,7,255,130,20,35,1,1,1
205,7,255,130,21,35,1,1,1
206,7,255,132,21,35,1,1,1
207,7,255,131,20,35,1,1,1
208,7,256,131,19,33,1,1,1
209,7,256,131,20,35,1,1,1
210,7,255,131,20,35,1,1,1
211,7,255,130,21,35,1,1,1
212,7,255,131,20,35,1,1,1
213,7,255,131,20,34,1,1,1
214,7,255,131,20,33,1,1,1
215,7,256,131,19,33,1,1,1
216,7,256,131,19,33,1,1,1
217,7,255,131,20,33,1,1,1
218,7,256,131,19,34,1,1,1
219,7,255,131,20,34,1,1,1
220,7,256,132,20,33,1,1,1
221,7,256,131,20,34,1,1,1
222,7,256,131,19,34,1,1,1
223,7,255,131,20,34,1,1,1
224,7,256,132,19,33,1,1,1
225,7,256,131,19,34,1,1,1
226,7,256,132,20,34,1,1,1
227,7,256,132,20,34,1,1,1
228,7,256,132,19,33,1,1,1
229,7,256,132,20,34,1,1,1
230,7,256,132,19,34,1,1,1
231,7,256,132,19,33,1,1,1
232,7,255,132,20,33,1,1,1
233,7,256,132,19,34,1,1,1
234,7,255,132,20,33,1,1,1
235,7,256,132,19,33,1,1,1
236,7,256,131,19,34,1,1,1
237,7,256,131,19,33,1,1,1
238,7,255,132,20,35,1,1,1
239,7,255,132,21,35,1,1,1
240,7,255,132,20,35,1,1,1
241,7,255,132,21,36,1,1,1
242,7,255,132,21,35,1,1,1
243,7,255,132,21,35,1,1,1
244,7,255,131,21,35,1,1,1
245,7,255,131,21,35,1,1,1
246,7,255,132,21,35,1,1,1
247,7,256,132,20,36,1,1,1
248,7,256,132,20,36,1,1,1
249,7,255,132,21,35,1,1,1
250,7,256,131,20,35,1,1,1
251,7,256,131,20,35,1,1,1
252,7,255,132,21,35,1,1,1
253,7,255,131,21,35,1,1,1
254,7,256,132,20,35,1,1,1
255,7,256,132,20,35,1,1,1
256,7,256,132,20,36,1,1,1
257,7,256,132,20,36,1,1,1
258,7,256,132,20,35,1,1,1
259,7,255,132,21,36,1,1,1
260,7,255,132,21,36,1,1,1
261,7,255,132,21,36,1,1,1
262,7,255,131,21,35,1,1,1
263,7,256,132,20,35,1,1,1
264,7,256,132,21,35,1,1,1
265,7,256,133,19,33,1,1,1
266,7,256,132,19,34,1,1,1
267,7,258,133,13,34,1,1,1
268,7,259,133,13,34,1,1,1
269,7,259,132,13,36,1,1,1
270,7,259,133,14,35,1,1,1
271,7,259,132,14,36,1,1,1
272,7,259,132,14,35,1,1,1
273,7,259,132,14,35,1,1,1
274,7,260,133,13,35,1,1,1
275,7,260,132,13,36,1,1,1
276,7,260,133,13,35,1,1,1
277,7,260,132,13,35,1,1,1
278,7,260,132,13,36,1,1,1
279,7,259,132,14,35,1,1,1
280,7,259,131,14,35,1,1,1
281,7,260,132,13,35,1,1,1
282,7,259,132,14,36,1,1,1
283,7,260,132,13,36,1,1,1
284,7,259,132,14,35,1,1,1
285,7,260,132,13,35,1,1,1
286,7,260,131,13,35,1,1,1
287,7,260,132,13,35,1,1,1
288,7,260,132,13,35,1,1,1
289,7,260,132,13,35,1,1,1
290,7,260,131,14,35,1,1,1
291,7,259,131,14,35,1,1,1
292,7,260,131,13,35,1,1,1
293,7,260,132,13,35,1,1,1
294,7,260,132,14,36,1,1,1
295,7,260,131,14,35,1,1,1
296,7,260,132,14,36,1,1,1
297,7,260,132,14,35,1,1,1
298,7,260,131,14,35,1,1,1
299,7,260,131,13,35,1,1,1
300,7,259,131,14,35,1,1,1
301,7,260,132,13,36,1,1,1
302,7,260,133,13,35,1,1,1
303,7,260,133,14,35,1,1,1
304,7,260,132,14,35,1,1,1
305,7,260,132,14,35,1,1,1
306,7,260,133,14,35,1,1,1
307,7,260,132,14,35,1,1,1
308,7,260,133,14,35,1,1,1
309,7,260,133,14,35,1,1,1
310,7,260,132,13,36,1,1,1
311,7,260,132,14,36,1,1,1
312,7,260,132,14,36,1,1,1
313,7,260,131,13,35,1,1,1
314,7,260,131,14,35,1,1,1
315,7,260,132,13,36,1,1,1
316,7,260,132,14,36,1,1,1
317,7,260,132,14,36,1,1,1
318,7,260,132,13,36,1,1,1
319,7,260,133,14,35,1,1,1
320,7,260,132,13,36,1,1,1
321,7,260,132,14,36,1,1,1
322,7,260,132,13,35,1,1,1
323,7,260,132,14,36,1,1,1
324,7,260,132,13,36,1,1,1
325,7,260,133,14,35,1,1,1
326,7,260,132,13,35,1,1,1
327,7,260,132,14,36,1,1,1
328,7,260,132,13,35,1,1,1
329,7,260,132,13,35,1,1,1
330,7,260,133,14,35,1,1,1
331,7,260,132,13,35,1,1,1
332,7,260,132,14,35,1,1,1
333,7,260,132,13,35,1,1,1
334,7,260,131,14,35,1,1,1
335,7,260,132,13,35,1,1,1
336,7,260,132,13,34,1,1,1
337,7,261,133,12,32,1,1,1
338,7,261,133,12,32,1,1,1
339,7,261,133,12,32,1,1,1
340,7,260,133,13,32,1,1,1
341,7,261,133,12,32,1,1,1
342,7,261,133,12,32,1,1,1
343,7,260,133,13,32,1,1,1
344,7,260,133,13,32,1,1,1
345,7,261,134,12,32,1,1,1
346,7,260,134,13,34,1,1,1
347,7,260,133,14,36,1,1,1
348,7,260,133,13,36,1,1,1
349,7,260,135,14,35,1,1,1
350,7,260,135,13,35,1,1,1
351,7,259,134,14,36,1,1,1
352,7,258,135,14,35,1,1,1
353,7,258,135,13,35,1,1,1
354,7,258,135,13,35,1,1,1
355,7,257,136,13,35,1,1,1
356,7,256,136,13,35,1,1,1
357,7,257,134,16,35,1,1,1
358,7,258,135,16,35,1,1,1
359,7,258,134,16,35,1,1,1
360,7,257,135,16,35,1,1,1
361,7,258,136,15,33,1,1,1
362,7,257,136,16,35,1,1,1
363,7,257,136,16,35,1,1,1
364,7,257,136,16,35,1,1,1
365,7,257,132,16,37,1,1,1
366,7,259,131,16,37,1,1,1
367,7,258,132,16,37,1,1,1
368,7,259,132,14,34,1,1,1
369,7,258,131,14,35,1,1,1
370,7,258,131,14,35,1,1,1
371,7,257,131,14,35,1,1,1
372,7,257,132,14,35,1,1,1
373,7,258,131,14,35,1,1,1
374,7,257,132,14,35,1,1,1
375,7,258,132,14,35,1,1,1
376,7,257,132,14,35,1,1,1
377,7,258,131,14,34,1,1,1
378,7,259,132,14,34,1,1,1
379,7,259,131,14,36,1,1,1
380,7,259,131,14,36,1,1,1
381,7,259,131,14,37,1,1,1
382,7,258,131,15,37,1,1,1
383,7,259,131,14,36,1,1,1
384,7,258,131,15,37,1,1,1
385,7,259,130,15,36,1,1,1
386,7,258,130,15,36,1,1,1
387,7,259,131,14,36,1,1,1
388,7,259,131,14,36,1,1,1
389,7,259,132,15,36,1,1,1
390,7,258,131,15,36,1,1,1
391,7,259,131,14,37,1,1,1
392,7,258,130,15,36,1,1,1
393,7,259,131,14,34,1,1,1
394,7,259,131,14,35,1,1,1
395,7,259,131,14,34,1,1,1
396,7,259,131,14,34,1,1,1
397,7,259,132,14,34,1,1,1
398,7,259,131,14,35,1,1,1
399,7,259,132,14,34,1,1,1
400,7,259,132,14,34,1,1,1
401,7,259,131,14,35,1,1,1
402,7,259,132,14,34,1,1,1
403,7,259,131,14,35,1,1,1
404,7,259,132,14,34,1,1,1
405,7,259,131,14,35,1,1,1
406,7,259,131,14,35,1,1,1
407,7,259,131,14,35,1,1,1
408,7,259,132,14,34,1,1,1
409,7,259,131,14,35,1,1,1
410,7,259,131,14,35,1,1,1
411,7,259,132,14,34,1,1,1
412,7,259,131,14,35,1,1,1
413,7,260,131,14,35,1,1,1
414,7,259,132,14,34,1,1,1
415,7,259,131,14,35,1,1,1
416,7,260,132,14,34,1,1,1
417,7,260,132,14,34,1,1,1
418,7,260,131,14,37,1,1,1
419,7,260,131,14,36,1,1,1
420,7,259,131,15,37,1,1,1
421,7,260,131,15,37,1,1,1
422,7,260,131,15,37,1,1,1
423,7,260,131,14,36,1,1,1
424,7,260,131,14,37,1,1,1
425,7,260,131,14,37,1,1,1
426,7,260,131,14,37,1,1,1
427,7,260,131,14,37,1,1,1
428,7,260,132,15,36,1,1,1
429,7,260,131,15,36,1,1,1
430,7,260,131,14,36,1,1,1
431,7,260,131,14,37,1,1,1
432,7,260,131,15,37,1,1,1
433,7,260,131,15,37,1,1,1
434,7,260,131,14,37,1,1,1
435,7,260,131,14,37,1,1,1
436,7,259,131,15,37,1,1,1
437,7,258,131,15,37,1,1,1
438,7,259,131,14,36,1,1,1
439,7,258,131,15,37,1,1,1
440,7,258,131,14,36,1,1,1
441,7,258,131,14,34,1,1,1
442,7,258,131,14,35,1,1,1
443,7,258,131,14,34,1,1,1
444,7,258,131,14,35,1,1,1
445,7,259,134,14,35,1,1,1
446,7,259,131,14,34,1,1,1
447,7,260,129,14,34,1,1,1
448,7,258,130,14,35,1,1,1
449,7,259,131,14,34,1,1,1
450,7,258,131,14,35,1,1,1
451,7,257,131,14,35,1,1,1
452,7,257,132,14,35,1,1,1
453,7,257,132,13,35,1,1,1
454,7,257,132,14,35,1,1,1
455,7,258,131,14,34,1,1,1
456,7,258,130,14,35,1,1,1
457,7,257,131,13,33,1,1,1
458,7,257,130,14,33,1,1,1
459,7,257,130,13,33,1,1,1
460,7,255,131,13,33,1,1,1
461,7,256,131,13,33,1,1,1
462,7,256,131,13,33,1,1,1
463,7,255,131,13,33,1,1,1
464,7,256,131,13,33,1,1,1
465,7,257,131,14,33,1,1,1
466,7,257,131,13,33,1,1,1
467,7,257,131,13,33,1,1,1
468,7,257,132,13,33,1,1,1
469,7,257,132,13,33,1,1,1
470,7,257,131,13,33,1,1,1
471,7,258,132,13,33,1,1,1
472,7,258,131,14,33,1,1,1
473,7,259,130,13,33,1,1,1
474,7,258,131,14,33,1,1,1
475,7,258,131,13,33,1,1,1
476,7,258,130,15,35,1,1,1
477,7,258,130,15,35,1,1,1
478,7,257,130,15,35,1,1,1
479,7,257,129,15,35,1,1,1
480,7,257,129,15,37,1,1,1
481,7,257,130,15,37,1,1,1
482,7,257,129,15,37,1,1,1
483,7,257,128,16,38,1,1,1
484,7,257,128,17,38,1,1,1
485,7,257,128,16,38,1,1,1
486,7,257,129,17,38,1,1,1
487,7,257,129,16,38,1,1,1
488,7,257,130,17,38,1,1,1
489,7,258,130,16,38,1,1,1
490,7,258,130,17,38,1,1,1
491,7,258,130,16,38,1,1,1
492,7,258,130,17,38,1,1,1
493,7,258,130,16,38,1,1,1
494,7,258,130,17,38,1,1,1
495,7,258,130,17,38,1,1,1
496,7,258,130,17,38,1,1,1
497,7,258,130,17,38,1,1,1
498,7,258,131,17,38,1,1,1
499,7,258,130,17,38,1,1,1
500,7,258,130,17,38,1,1,1
501,7,258,130,17,38,1,1,1
502,7,258,130,17,38,1,1,1
503,7,258,130,16,38,1,1,1
504,7,258,130,17,38,1,1,1
505,7,258,130,17,38,1,1,1
506,7,258,131,16,38,1,1,1
507,7,258,130,16,38,1,1,1
508,7,258,130,16,38,1,1,1
509,7,258,130,17,38,1,1,1
510,7,258,130,17,38,1,1,1
511,7,258,130,16,38,1,1,1
512,7,258,130,17,38,1,1,1
513,7,258,130,16,38,1,1,1
514,7,258,130,17,38,1,1,1
515,7,258,130,16,38,1,1,1
516,7,258,130,16,38,1,1,1
517,7,258,130,16,38,1,1,1
518,7,258,130,17,38,1,1,1
519,7,258,130,16,38,1,1,1
520,7,258,130,16,38,1,1,1
521,7,258,130,17,38,1,1,1
522,7,258,130,16,38,1,1,1
523,7,258,129,16,38,1,1,1
524,7,258,129,16,38,1,1,1
525,7,258,129,17,38,1,1,1
526,7,258,129,16,37,1,1,1
527,7,258,129,17,38,1,1,1
528,7,258,129,16,38,1,1,1
529,7,258,130,16,38,1,1,1
530,7,258,129,17,38,1,1,1
531,7,258,129,16,38,1,1,1
532,7,258,129,17,38,1,1,1
533,7,258,130,16,38,1,1,1
534,7,258,129,16,38,1,1,1
535,7,258,129,17,38,1,1,1
536,7,258,129,16,38,1,1,1
537,7,258,129,17,38,1,1,1
538,7,258,130,16,38,1,1,1
539,7,258,129,16,38,1,1,1
540,7,258,129,17,38,1,1,1
541,7,258,129,16,37,1,1,1
542,7,258,129,16,37,1,1,1
543,7,257,129,17,38,1,1,1
544,7,258,130,16,38,1,1,1
545,7,257,130,17,38,1,1,1
546,7,258,129,16,38,1,1,1
547,7,257,129,17,38,1,1,1
548,7,258,130,16,38,1,1,1
549,7,258,129,16,38,1,1,1
550,7,257,129,17,38,1,1,1
551,7,258,129,16,38,1,1,1
552,7,257,129,17,38,1,1,1
553,7,258,129,17,38,1,1,1
554,7,258,130,16,38,1,1,1
555,7,258,129,16,38,1,1,1
556,7,258,129,17,38,1,1,1
557,7,258,129,16,38,1,1,1
558,7,258,129,16,38,1,1,1
559,7,258,129,17,38,1,1,1
560,7,258,129,16,38,1,1,1
561,7,258,129,17,38,1,1,1
562,7,258,129,16,38,1,1,1
563,7,258,129,16,38,1,1,1
564,7,258,129,17,38,1,1,1
565,7,258,129,16,38,1,1,1
566,7,258,129,16,38,1,1,1
567,7,258,129,17,38,1,1,1
568,7,258,129,16,38,1,1,1
569,7,257,129,17,38,1,1,1
570,7,258,129,16,38,1,1,1
571,7,258,129,16,38,1,1,1
572,7,258,129,16,38,1,1,1
573,7,258,129,17,38,1,1,1
574,7,258,129,16,38,1,1,1
575,7,258,129,16,38,1,1,1
576,7,258,129,16,38,1,1,1
577,7,258,129,16,38,1,1,1
578,7,258,129,16,38,1,1,1
579,7,258,129,16,38,1,1,1
580,7,258,129,16,38,1,1,1
581,7,258,129,16,38,1,1,1
582,7,258,129,17,38,1,1,1
583,7,258,129,17,38,1,1,1
584,7,259,129,16,38,1,1,1
585,7,259,130,16,38,1,1,1
586,7,258,129,16,38,1,1,1
587,7,258,129,17,38,1,1,1
588,7,258,129,16,38,1,1,1
589,7,258,130,17,38,1,1,1
590,7,258,129,16,38,1,1,1
591,7,258,129,16,38,1,1,1
592,7,258,129,16,38,1,1,1
593,7,258,129,16,38,1,1,1
594,7,258,129,16,38,1,1,1
595,7,258,129,16,38,1,1,1
596,7,258,130,16,38,1,1,1
597,7,258,129,16,38,1,1,1
598,7,258,129,16,38,1,1,1
599,7,258,129,16,38,1,1,1
600,7,258,129,16,38,1,1,1
601,7,259,129,16,38,1,1,1
602,7,259,129,16,38,1,1,1
603,7,259,130,16,38,1,1,1
604,7,259,129,16,38,1,1,1
605,7,258,129,17,38,1,1,1
606,7,259,129,16,38,1,1,1
607,7,259,129,16,38,1,1,1
608,7,258,129,17,38,1,1,1
609,7,259,129,16,38,1,1,1
610,7,259,129,16,38,1,1,1
611,7,258,129,17,38,1,1,1
612,7,259,129,16,38,1,1,1
613,7,258,129,17,38,1,1,1
614,7,259,129,16,38,1,1,1
615,7,258,129,17,38,1,1,1
616,7,259,129,16,38,1,1,1
617,7,258,130,17,38,1,1,1
618,7,258,129,17,38,1,1,1
619,7,259,129,16,38,1,1,1
620,7,258,129,17,38,1,1,1
621,7,258,129,17,38,1,1,1
622,7,259,129,16,37,1,1,1
623,7,259,129,16,38,1,1,1
624,7,258,129,17,38,1,1,1
625,7,259,129,16,38,1,1,1
626,7,258,129,17,38,1,1,1
627,7,258,129,17,38,1,1,1
628,7,258,129,17,38,1,1,1
629,7,258,129,17,38,1,1,1
630,7,259,129,16,38,1,1,1
631,7,259,130,16,38,1,1,1
632,7,258,129,17,38,1,1,1
633,7,258,129,17,38,1,1,1
634,7,258,129,17,38,1,1,1
635,7,259,129,16,38,1,1,1
636,7,259,129,16,38,1,1,1
637,7,258,129,17,37,1,1,1
638,7,259,129,16,38,1,1,1
639,7,259,129,16,38,1,1,1
640,7,258,129,17,37,1,1,1
641,7,258,129,17,38,1,1,1
642,7,258,129,17,38,1,1,1
643,7,259,129,16,38,1,1,1
644,7,259,129,16,38,1,1,1
645,7,258,130,17,38,1,1,1
646,7,258,129,17,38,1,1,1
647,7,258,129,17,38,1,1,1
648,7,259,129,16,38,1,1,1
649,7,259,129,16,37,1,1,1
650,7,258,129,17,37,1,1,1
651,7,258,129,17,38,1,1,1
652,7,259,129,16,37,1,1,1
653,7,259,129,16,37,1,1,1
654,7,258,129,17,38,1,1,1
655,7,258,129,17,37,1,1,1
656,7,259,129,16,37,1,1,1
657,7,258,129,17,37,1,1,1
658,7,258,129,17,37,1,1,1
659,7,258,129,17,37,1,1,1
660,7,258,129,17,38,1,1,1
661,7,258,130,17,38,1,1,1
662,7,258,129,17,38,1,1,1
663,7,259,129,16,38,1,1,1
664,7,258,129,17,38,1,1,1
665,7,258,129,17,38,1,1,1
666,7,258,129,17,38,1,1,1
667,7,259,130,16,38,1,1,1
668,7,258,129,17,38,1,1,1
669,7,258,129,17,38,1,1,1
670,7,258,129,17,38,1,1,1
671,7,259,129,16,38,1,1,1
672,7,258,129,17,38,1,1,1
673,7,258,129,17,38,1,1,1
674,7,258,129,17,38,1,1,1
675,7,258,129,17,38,1,1,1
676,7,259,129,16,38,1,1,1
677,7,258,129,17,38,1,1,1
678,7,258,130,17,38,1,1,1
679,7,258,129,17,38,1,1,1
680,7,258,129,17,38,1,1,1
681,7,258,129,17,38,1,1,1
682,7,259,129,16,38,1,1,1
683,7,258,129,17,38,1,1,1
684,7,258,129,17,38,1,1,1
685,7,258,129,17,38,1,1,1
686,7,259,130,16,38,1,1,1
687,7,258,129,17,38,1,1,1
688,7,258,129,17,38,1,1,1
689,7,258,129,17,38,1,1,1
690,7,259,129,16,38,1,1,1
691,7,258,129,17,38,1,1,1
692,7,258,130,17,38,1,1,1
693,7,258,129,17,38,1,1,1
694,7,258,129,17,38,1,1,1
695,7,258,129,17,38,1,1,1
696,7,258,129,17,38,1,1,1
697,7,258,129,17,38,1,1,1
698,7,258,129,17,38,1,1,1
699,7,258,130,17,38,1,1,1
700,7,258,130,17,38,1,1,1
701,7,259,129,16,38,1,1,1
702,7,258,129,17,37,1,1,1
703,7,258,129,17,38,1,1,1
704,7,259,129,16,38,1,1,1
705,7,258,129,17,38,1,1,1
706,7,259,130,16,38,1,1,1
707,7,259,129,16,38,1,1,1
708,7,259,130,16,38,1,1,1
709,7,259,129,16,37,1,1,1
710,7,259,128,16,38,1,1,1
711,7,259,129,16,37,1,1,1
712,7,259,129,16,37,1,1,1
713,7,259,128,16,38,1,1,1
714,7,259,129,16,37,1,1,1
715,7,259,129,16,37,1,1,1
716,7,259,129,17,38,1,1,1
717,7,259,129,17,38,1,1,1
718,7,259,129,16,38,1,1,1
719,7,259,129,16,37,1,1,1
720,7,259,129,16,37,1,1,1
721,7,259,129,16,38,1,1,1
722,7,259,129,17,38,1,1,1
723,7,259,129,16,37,1,1,1
724,7,259,129,17,38,1,1,1
725,7,260,129,16,38,1,1,1
726,7,260,130,16,38,1,1,1
727,7,259,129,17,38,1,1,1
728,7,259,130,17,38,1,1,1
729,7,259,129,17,38,1,1,1
730,7,260,129,16,38,1,1,1
731,7,260,129,16,37,1,1,1
732,7,260,129,16,37,1,1,1
733,7,260,130,16,38,1,1,1
734,7,259,130,17,38,1,1,1
735,7,260,130,16,38,1,1,1
736,7,259,129,17,38,1,1,1
737,7,260,130,16,38,1,1,1
738,7,260,130,16,38,1,1,1
739,7,259,129,17,38,1,1,1
740,7,260,130,16,38,1,1,1
741,7,260,130,16,38,1,1,1
742,7,260,130,16,38,1,1,1
743,7,259,130,17,38,1,1,1
744,7,260,130,16,38,1,1,1
745,7,259,130,17,38,1,1,1
746,7,260,129,16,37,1,1,1
747,7,260,129,16,38,1,1,1
748,7,259,130,17,38,1,1,1
749,7,260,130,16,38,1,1,1
750,7,262,129,13,38,1,1,1
751,7,262,129,13,37,1,1,1
752,7,262,129,13,37,1,1,1
753,7,262,129,13,38,1,1,1
754,7,262,128,13,38,1,1,1
755,7,262,128,13,38,1,1,1
756,7,262,129,13,37,1,1,1
757,7,262,128,13,38,1,1,1
758,7,262,128,13,37,1,1,1
759,7,262,128,13,38,1,1,1
760,7,262,129,13,37,1,1,1
761,7,262,128,13,38,1,1,1
762,7,262,129,13,38,1,1,1
763,7,263,129,13,38,1,1,1
764,7,262,129,13,38,1,1,1
765,7,263,130,13,38,1,1,1
766,7,263,130,13,38,1,1,1
767,7,264,130,13,38,1,1,1
768,7,264,130,13,38,1,1,1
769,7,264,130,13,38,1,1,1
770,7,264,130,13,38,1,1,1
771,7,264,130,13,38,1,1,1
772,7,264,129,13,38,1,1,1
773,7,264,129,13,38,1,1,1
774,7,265,129,13,38,1,1,1
775,7,264,129,13,38,1,1,1
776,7,265,129,13,37,1,1,1
777,7,265,130,12,36,1,1,1
778,7,264,131,13,36,1,1,1
779,7,265,130,12,36,1,1,1
780,7,265,131,12,36,1,1,1
781,7,265,130,13,36,1,1,1
782,7,265,131,13,36,1,1,1
783,7,266,130,12,34,1,1,1
784,7,266,131,13,34,1,1,1
785,7,265,131,13,36,1,1,1
786,7,265,130,12,36,1,1,1
787,7,264,130,13,36,1,1,1
788,7,265,130,12,36,1,1,1
789,7,264,130,12,34,1,1,1
790,7,265,130,13,36,1,1,1
791,7,265,130,13,36,1,1,1
792,7,265,130,13,36,1,1,1
793,7,265,132,14,34,1,1,1
794,7,266,132,14,34,1,1,1
795,7,265,132,14,37,1,1,1
796,7,265,131,14,37,1,1,1
797,7,264,130,14,36,1,1,1
798,7,264,130,13,36,1,1,1
799,7,264,130,13,37,1,1,1
800,7,264,130,13,37,1,1,1
801,7,263,130,13,36,1,1,1
802,7,263,129,13,37,1,1,1
803,7,263,128,13,38,1,1,1
804,7,263,128,13,38,1,1,1
805,7,263,129,13,38,1,1,1
806,7,262,129,14,38,1,1,1
807,7,262,129,14,37,1,1,1
808,7,263,129,13,38,1,1,1
809,7,263,129,14,37,1,1,1
810,7,263,129,14,37,1,1,1
811,7,263,130,13,38,1,1,1
812,7,261,130,14,38,1,1,1
813,7,262,130,14,38,1,1,1
814,7,262,130,14,38,1,1,1
815,7,262,129,13,37,1,1,1
816,7,263,129,13,38,1,1,1
817,7,261,130,14,38,1,1,1
818,7,261,130,14,38,1,1,1
819,7,261,129,14,37,1,1,1
820,7,262,129,13,37,1,1,1
821,7,262,129,13,37,1,1,1
822,7,262,129,13,37,1,1,1
823,7,262,129,13,37,1,1,1
824,7,261,129,14,37,1,1,1
825,7,261,129,14,37,1,1,1
826,7,262,129,13,37,1,1,1
827,7,261,129,14,38,1,1,1
828,7,261,128,14,38,1,1,1
829,7,262,129,13,37,1,1,1
830,7,262,128,13,38,1,1,1
831,7,262,129,13,37,1,1,1
832,7,261,129,14,37,1,1,1
833,7,261,129,14,38,1,1,1
834,7,261,129,14,37,1,1,1
835,7,262,128,13,38,1,1,1
836,7,262,128,13,37,1,1,1
837,7,262,128,13,37,1,1,1
838,7,262,129,13,38,1,1,1
839,7,262,128,13,37,1,1,1
840,7,262,129,13,37,1,1,1
841,7,261,128,14,38,1,1,1
842,7,262,128,13,38,1,1,1
843,7,262,128,13,37,1,1,1
844,7,261,128,14,38,1,1,1
845,7,261,131,14,33,1,1,1
846,7,261,131,14,33,1,1,1
847,7,261,130,14,34,1,1,1
848,7,261,131,14,33,1,1,1
849,7,261,130,14,34,1,1,1
850,7,261,130,14,33,1,1,1
851,7,261,130,14,33,1,1,1
852,7,261,130,14,33,1,1,1
853,7,261,132,14,33,1,1,1
854,7,261,132,14,34,1,1,1
855,7,261,131,14,34,1,1,1
856,7,261,132,14,34,1,1,1
857,7,260,132,14,33,1,1,1
858,7,261,132,14,34,1,1,1
859,7,260,132,14,33,1,1,1
860,7,261,131,14,34,1,1,1
861,7,260,131,14,34,1,1,1
862,7,261,132,14,33,1,1,1
863,7,261,132,14,34,1,1,1
864,7,260,131,14,33,1,1,1
865,7,260,130,14,34,1,1,1
866,7,262,129,13,34,1,1,1
867,7,261,129,14,34,1,1,1
868,7,261,130,14,33,1,1,1
869,7,260,130,14,33,1,1,1
870,7,261,130,14,33,1,1,1
871,7,260,130,14,33,1,1,1
872,7,261,129,14,33,1,1,1
873,7,260,130,14,34,1,1,1
874,7,260,129,14,34,1,1,1
875,7,261,129,14,34,1,1,1
876,7,261,129,14,33,1,1,1
877,7,260,129,14,34,1,1,1
878,7,260,129,14,34,1,1,1
879,7,260,129,14,33,1,1,1
880,7,260,130,14,33,1,1,1
881,7,260,129,14,34,1,1,1
882,7,260,129,14,33,1,1,1
883,7,260,129,14,34,1,1,1
884,7,260,129,14,33,1,1,1
885,7,260,129,14,34,1,1,1
886,7,260,129,14,34,1,1,1
887,7,260,130,14,34,1,1,1
888,7,258,130,14,34,1,1,1
889,7,258,130,14,33,1,1,1
890,7,258,129,14,34,1,1,1
891,7,259,130,13,32,1,1,1
892,7,258,129,14,34,1,1,1
893,7,258,129,14,34,1,1,1
894,7,257,129,14,33,1,1,1
895,7,258,129,14,34,1,1,1
896,7,258,129,14,33,1,1,1
897,7,258,129,14,33,1,1,1
898,7,258,128,15,34,1,1,1
899,7,258,129,14,33,1,1,1
900,7,256,130,18,37,1,1,1
1,8,315,119,12,30,1,1,1
2,8,315,118,12,32,1,1,1
3,8,315,118,12,32,1,1,1
4,8,314,118,13,31,1,1,1
5,8,314,118,13,31,1,1,1
6,8,314,118,13,31,1,1,1
7,8,314,118,13,31,1,1,1
8,8,314,117,13,32,1,1,1
9,8,314,118,13,31,1,1,1
10,8,314,118,13,31,1,1,1
11,8,314,118,12,32,1,1,1
12,8,314,118,12,31,1,1,1
13,8,313,118,12,31,1,1,1
14,8,313,118,12,31,1,1,1
15,8,313,118,12,32,1,1,1
16,8,313,118,12,32,1,1,1
17,8,311,118,16,33,1,1,1
18,8,311,117,16,33,1,1,1
19,8,311,117,15,33,1,1,1
20,8,311,117,16,33,1,1,1
21,8,311,117,16,33,1,1,1
22,8,311,116,15,33,1,1,1
23,8,311,116,15,33,1,1,1
24,8,310,117,15,33,1,1,1
25,8,311,117,15,33,1,1,1
26,8,310,117,15,33,1,1,1
27,8,311,118,14,32,1,1,1
28,8,310,118,14,32,1,1,1
29,8,310,118,14,32,1,1,1
30,8,310,118,14,32,1,1,1
31,8,310,118,14,32,1,1,1
32,8,310,117,14,32,1,1,1
33,8,311,118,14,32,1,1,1
34,8,310,118,14,32,1,1,1
35,8,310,118,14,32,1,1,1
36,8,310,118,14,32,1,1,1
37,8,310,117,14,32,1,1,1
38,8,310,117,14,32,1,1,1
39,8,310,117,14,32,1,1,1
40,8,310,118,14,32,1,1,1
41,8,309,118,14,32,1,1,1
42,8,310,118,14,32,1,1,1
43,8,309,118,14,32,1,1,1
44,8,311,118,12,32,1,1,1
45,8,310,118,13,32,1,1,1
46,8,310,118,12,32,1,1,1
47,8,310,118,12,32,1,1,1
48,8,309,118,13,32,1,1,1
49,8,309,118,12,32,1,1,1
50,8,309,118,12,32,1,1,1
51,8,308,118,13,32,1,1,1
52,8,308,118,13,32,1,1,1
53,8,309,118,12,32,1,1,1
54,8,308,118,13,32,1,1,1
55,8,308,118,13,32,1,1,1
56,8,308,118,13,32,1,1,1
57,8,306,118,15,32,1,1,1
58,8,306,119,15,32,1,1,1
59,8,306,119,15,32,1,1,1
60,8,307,119,15,32,1,1,1
61,8,306,119,15,32,1,1,1
62,8,306,119,15,32,1,1,1
63,8,306,120,15,32,1,1,1
64,8,307,119,15,32,1,1,1
65,8,306,119,15,32,1,1,1
66,8,306,119,15,32,1,1,1
67,8,306,119,15,32,1,1,1
68,8,306,120,15,32,1,1,1
69,8,306,118,15,32,1,1,1
70,8,305,119,15,32,1,1,1
71,8,305,118,15,32,1,1,1
72,8,306,120,15,32,1,1,1
73,8,305,120,15,32,1,1,1
74,8,304,119,16,32,1,1,1
75,8,304,119,15,32,1,1,1
76,8,304,119,15,32,1,1,1
77,8,304,119,15,32,1,1,1
78,8,304,119,16,32,1,1,1
79,8,304,120,16,32,1,1,1
80,8,304,119,15,32,1,1,1
81,8,304,119,15,32,1,1,1
82,8,304,120,15,32,1,1,1
83,8,303,120,15,32,1,1,1
84,8,304,120,15,32,1,1,1
85,8,303,119,15,32,1,1,1
86,8,303,119,15,32,1,1,1
87,8,303,119,15,32,1,1,1
88,8,303,119,15,32,1,1,1
89,8,303,119,15,32,1,1,1
90,8,303,119,15,32,1,1,1
91,8,302,119,15,32,1,1,1
92,8,302,119,15,32,1,1,1
93,8,302,120,15,32,1,1,1
94,8,302,119,15,32,1,1,1
95,8,302,120,15,32,1,1,1
96,8,302,120,15,32,1,1,1
97,8,302,119,15,32,1,1,1
98,8,302,119,15,32,1,1,1
99,8,302,120,15,32,1,1,1
100,8,303,120,15,32,1,1,1
101,8,301,119,15,32,1,1,1
102,8,302,119,15,32,1,1,1
103,8,302,120,15,32,1,1,1
104,8,302,119,15,32,1,1,1
105,8,302,120,15,32,1,1,1
106,8,301,119,15,32,1,1,1
107,8,302,119,15,32,1,1,1
108,8,301,119,15,32,1,1,1
109,8,301,120,15,32,1,1,1
110,8,301,120,15,32,1,1,1
111,8,301,121,15,32,1,1,1
112,8,301,121,15,32,1,1,1
113,8,301,121,15,32,1,1,1
114,8,301,121,15,32,1,1,1
115,8,301,120,15,32,1,1,1
116,8,301,119,15,32,1,1,1
117,8,301,119,15,32,1,1,1
118,8,301,119,15,32,1,1,1
119,8,300,119,15,32,1,1,1
120,8,301,119,15,32,1,1,1
121,8,300,119,15,32,1,1,1
122,8,300,119,15,32,1,1,1
123,8,301,120,15,32,1,1,1
124,8,301,121,15,32,1,1,1
125,8,301,121,15,32,1,1,1
126,8,301,121,15,32,1,1,1
127,8,300,121,15,32,1,1,1
128,8,301,122,15,32,1,1,1
129,8,301,121,15,32,1,1,1
130,8,301,121,15,32,1,1,1
131,8,301,121,15,32,1,1,1
132,8,300,121,15,32,1,1,1
133,8,300,121,15,32,1,1,1
134,8,300,121,15,32,1,1,1
135,8,301,121,15,32,1,1,1
136,8,300,120,15,32,1,1,1
137,8,300,121,15,32,1,1,1
138,8,301,121,15,32,1,1,1
139,8,300,121,15,32,1,1,1
140,8,300,122,15,32,1,1,1
141,8,300,121,15,32,1,1,1
142,8,300,122,15,32,1,1,1
143,8,300,122,15,32,1,1,1
144,8,299,122,15,32,1,1,1
145,8,300,122,15,32,1,1,1
146,8,300,122,15,32,1,1,1
147,8,299,122,15,32,1,1,1
148,8,299,121,15,32,1,1,1
149,8,300,121,15,32,1,1,1
150,8,299,121,15,32,1,1,1
151,8,300,121,15,32,1,1,1
152,8,300,121,15,32,1,1,1
153,8,299,121,15,32,1,1,1
154,8,299,121,15,32,1,1,1
155,8,299,122,15,32,1,1,1
156,8,299,122,15,32,1,1,1
157,8,299,122,15,32,1,1,1
158,8,299,122,15,32,1,1,1
159,8,299,122,15,32,1,1,1
160,8,299,122,15,32,1,1,1
161,8,299,122,15,32,1,1,1
162,8,299,122,15,32,1,1,1
163,8,299,122,15,32,1,1,1
164,8,299,120,15,35,1,1,1
165,8,299,119,15,36,1,1,1
166,8,299,119,15,36,1,1,1
167,8,299,119,15,36,1,1,1
168,8,299,119,15,35,1,1,1
169,8,299,120,15,35,1,1,1
170,8,299,119,15,36,1,1,1
171,8,299,121,15,35,1,1,1
172,8,299,121,15,35,1,1,1
173,8,299,121,15,35,1,1,1
174,8,299,121,15,35,1,1,1
175,8,299,121,15,35,1,1,1
176,8,299,121,15,35,1,1,1
177,8,299,121,15,35,1,1,1
178,8,298,121,15,35,1,1,1
179,8,298,121,15,35,1,1,1
180,8,297,121,16,35,1,1,1
181,8,297,121,16,35,1,1,1
182,8,297,121,15,35,1,1,1
183,8,297,121,16,35,1,1,1
184,8,297,121,15,35,1,1,1
185,8,297,122,15,35,1,1,1
186,8,297,122,15,35,1,1,1
187,8,297,122,15,35,1,1,1
188,8,297,122,15,35,1,1,1
189,8,297,122,15,35,1,1,1
190,8,297,122,15,35,1,1,1
191,8,297,122,16,35,1,1,1
192,8,296,122,15,35,1,1,1
193,8,297,122,15,35,1,1,1
194,8,297,122,15,35,1,1,1
195,8,297,122,15,35,1,1,1
196,8,296,122,15,35,1,1,1
197,8,296,122,15,35,1,1,1
198,8,296,122,15,35,1,1,1
199,8,296,122,15,35,1,1,1
200,8,296,122,15,35,1,1,1
201,8,296,122,15,35,1,1,1
202,8,296,122,15,35,1,1,1
203,8,296,122,15,35,1,1,1
204,8,296,122,15,35,1,1,1
205,8,295,122,15,35,1,1,1
206,8,295,122,15,35,1,1,1
207,8,296,122,15,35,1,1,1
208,8,297,122,15,35,1,1,1
209,8,296,122,15,35,1,1,1
210,8,297,122,15,35,1,1,1
211,8,295,122,15,35,1,1,1
212,8,294,123,15,35,1,1,1
213,8,294,123,15,35,1,1,1
214,8,294,123,15,35,1,1,1
215,8,294,123,15,35,1,1,1
216,8,294,122,15,35,1,1,1
217,8,294,122,15,35,1,1,1
218,8,293,122,16,37,1,1,1
219,8,292,122,16,37,1,1,1
220,8,293,122,16,36,1,1,1
221,8,293,122,16,36,1,1,1
222,8,292,122,16,36,1,1,1
223,8,293,122,16,37,1,1,1
224,8,293,122,16,37,1,1,1
225,8,292,122,16,37,1,1,1
226,8,293,122,16,37,1,1,1
227,8,294,122,16,36,1,1,1
228,8,293,122,16,36,1,1,1
229,8,294,123,16,36,1,1,1
230,8,294,122,16,37,1,1,1
231,8,293,123,16,36,1,1,1
232,8,294,122,14,37,1,1,1
233,8,293,122,14,36,1,1,1
234,8,293,123,14,36,1,1,1
235,8,293,123,14,36,1,1,1
236,8,293,123,14,36,1,1,1
237,8,292,123,15,37,1,1,1
238,8,292,123,15,37,1,1,1
239,8,292,123,14,36,1,1,1
240,8,291,122,16,39,1,1,1
241,8,290,123,17,38,1,1,1
242,8,290,123,17,38,1,1,1
243,8,290,123,17,38,1,1,1
244,8,289,122,17,39,1,1,1
245,8,289,121,17,38,1,1,1
246,8,289,121,17,38,1,1,1
247,8,289,122,17,39,1,1,1
248,8,289,122,17,39,1,1,1
249,8,288,123,17,38,1,1,1
250,8,288,123,16,38,1,1,1
251,8,288,123,16,38,1,1,1
252,8,288,123,17,39,1,1,1
253,8,287,123,17,39,1,1,1
254,8,288,123,17,39,1,1,1
255,8,289,123,17,38,1,1,1
256,8,289,124,17,39,1,1,1
257,8,289,124,17,38,1,1,1
258,8,289,124,17,39,1,1,1
259,8,288,123,17,39,1,1,1
260,8,289,124,17,39,1,1,1
261,8,289,124,17,38,1,1,1
262,8,289,124,17,38,1,1,1
263,8,289,124,17,38,1,1,1
264,8,289,123,17,39,1,1,1
265,8,288,123,17,39,1,1,1
266,8,289,123,17,39,1,1,1
267,8,288,123,16,39,1,1,1
268,8,288,124,17,38,1,1,1
269,8,288,124,17,38,1,1,1
270,8,287,124,17,39,1,1,1
271,8,287,124,17,39,1,1,1
272,8,287,124,17,39,1,1,1
273,8,288,125,16,38,1,1,1
274,8,287,124,17,38,1,1,1
275,8,287,124,16,39,1,1,1
276,8,287,125,17,38,1,1,1
277,8,286,123,17,41,1,1,1
278,8,286,123,18,40,1,1,1
279,8,286,123,17,41,1,1,1
280,8,286,123,17,40,1,1,1
281,8,285,124,18,40,1,1,1
282,8,286,124,17,40,1,1,1
283,8,285,124,18,40,1,1,1
284,8,285,123,18,41,1,1,1
285,8,286,124,17,40,1,1,1
286,8,286,124,17,40,1,1,1
287,8,285,124,18,41,1,1,1
288,8,285,124,18,40,1,1,1
289,8,286,124,17,41,1,1,1
290,8,286,125,17,40,1,1,1
291,8,286,124,17,40,1,1,1
292,8,286,124,17,41,1,1,1
293,8,286,124,17,40,1,1,1
294,8,286,123,17,41,1,1,1
295,8,286,124,18,40,1,1,1
296,8,286,124,17,41,1,1,1
297,8,286,124,17,41,1,1,1
298,8,286,124,17,40,1,1,1
299,8,286,124,17,41,1,1,1
300,8,286,124,17,41,1,1,1
301,8,286,124,18,40,1,1,1
302,8,286,123,18,40,1,1,1
303,8,286,124,17,41,1,1,1
304,8,286,125,18,40,1,1,1
305,8,286,124,17,41,1,1,1
306,8,286,125,17,40,1,1,1
307,8,285,125,18,40,1,1,1
308,8,285,125,18,40,1,1,1
309,8,286,124,17,41,1,1,1
310,8,285,124,18,41,1,1,1
311,8,286,124,17,41,1,1,1
312,8,284,125,17,40,1,1,1
313,8,283,125,18,40,1,1,1
314,8,284,124,17,41,1,1,1
315,8,283,125,18,40,1,1,1
316,8,283,125,18,40,1,1,1
317,8,283,125,18,40,1,1,1
318,8,284,125,17,40,1,1,1
319,8,283,125,18,40,1,1,1
320,8,283,125,18,40,1,1,1
321,8,283,126,18,40,1,1,1
322,8,284,126,17,40,1,1,1
323,8,284,125,18,41,1,1,1
324,8,284,125,17,40,1,1,1
325,8,284,125,18,40,1,1,1
326,8,284,124,18,41,1,1,1
327,8,284,125,17,41,1,1,1
328,8,284,125,18,41,1,1,1
329,8,284,125,17,41,1,1,1
330,8,284,125,18,41,1,1,1
331,8,285,126,18,41,1,1,1
332,8,284,126,18,41,1,1,1
333,8,284,126,18,41,1,1,1
334,8,284,125,18,41,1,1,1
335,8,284,125,18,41,1,1,1
336,8,284,126,18,41,1,1,1
337,8,284,126,18,41,1,1,1
338,8,284,125,18,40,1,1,1
339,8,282,124,19,41,1,1,1
340,8,283,124,18,41,1,1,1
341,8,282,124,18,41,1,1,1
342,8,283,124,18,41,1,1,1
343,8,283,125,18,41,1,1,1
344,8,282,125,18,41,1,1,1
345,8,283,126,18,40,1,1,1
346,8,282,126,18,40,1,1,1
347,8,281,126,19,40,1,1,1
348,8,282,126,18,41,1,1,1
349,8,282,127,18,41,1,1,1
350,8,282,126,18,41,1,1,1
351,8,282,127,19,41,1,1,1
352,8,282,127,18,41,1,1,1
353,8,282,127,18,41,1,1,1
354,8,283,127,18,41,1,1,1
355,8,282,128,19,41,1,1,1
356,8,283,127,18,41,1,1,1
357,8,282,128,18,41,1,1,1
358,8,281,126,20,43,1,1,1
359,8,281,126,20,43,1,1,1
360,8,282,126,20,43,1,1,1
361,8,282,126,19,43,1,1,1
362,8,282,126,19,43,1,1,1
363,8,282,126,19,43,1,1,1
364,8,282,126,19,43,1,1,1
365,8,281,126,20,43,1,1,1
366,8,282,126,19,43,1,1,1
367,8,281,126,19,43,1,1,1
368,8,281,126,19,43,1,1,1
369,8,281,125,19,43,1,1,1
370,8,281,127,19,41,1,1,1
371,8,281,126,18,41,1,1,1
372,8,281,129,19,41,1,1,1
373,8,280,128,20,42,1,1,1
374,8,280,127,20,43,1,1,1
375,8,280,128,19,42,1,1,1
376,8,279,128,20,42,1,1,1
377,8,280,127,19,43,1,1,1
378,8,279,128,20,42,1,1,1
379,8,280,128,19,43,1,1,1
380,8,279,128,20,42,1,1,1
381,8,279,128,19,42,1,1,1
382,8,279,128,19,42,1,1,1
383,8,279,127,19,43,1,1,1
384,8,279,127,19,43,1,1,1
385,8,279,127,19,43,1,1,1
386,8,279,126,20,43,1,1,1
387,8,279,127,19,43,1,1,1
388,8,279,127,20,43,1,1,1
389,8,279,128,19,43,1,1,1
390,8,279,128,19,43,1,1,1
391,8,279,128,19,43,1,1,1
392,8,278,128,19,42,1,1,1
393,8,279,128,19,43,1,1,1
394,8,278,129,19,42,1,1,1
395,8,278,126,19,45,1,1,1
396,8,278,127,19,45,1,1,1
397,8,278,125,19,45,1,1,1
398,8,277,126,20,45,1,1,1
399,8,277,126,19,45,1,1,1
400,8,277,126,19,45,1,1,1
401,8,276,126,20,45,1,1,1
402,8,276,126,20,45,1,1,1
403,8,276,125,20,45,1,1,1
404,8,275,125,20,45,1,1,1
405,8,275,126,20,45,1,1,1
406,8,274,126,20,45,1,1,1
407,8,274,126,20,45,1,1,1
408,8,274,126,20,45,1,1,1
409,8,274,127,20,45,1,1,1
410,8,274,128,20,45,1,1,1
411,8,274,128,20,44,1,1,1
412,8,274,127,20,45,1,1,1
413,8,273,127,20,45,1,1,1
414,8,273,128,20,44,1,1,1
415,8,273,126,20,45,1,1,1
416,8,273,127,20,45,1,1,1
417,8,272,128,19,44,1,1,1
418,8,272,129,20,44,1,1,1
419,8,271,129,20,44,1,1,1
420,8,271,129,20,44,1,1,1
421,8,271,128,19,44,1,1,1
422,8,271,128,20,45,1,1,1
423,8,270,128,20,45,1,1,1
424,8,270,129,20,44,1,1,1
425,8,270,129,19,44,1,1,1
426,8,270,129,19,44,1,1,1
427,8,268,129,20,45,1,1,1
428,8,269,129,20,44,1,1,1
429,8,268,128,20,45,1,1,1
430,8,267,129,20,45,1,1,1
431,8,267,128,20,44,1,1,1
432,8,267,128,20,45,1,1,1
433,8,266,127,20,45,1,1,1
434,8,265,126,21,47,1,1,1
435,8,265,127,21,47,1,1,1
436,8,263,127,21,47,1,1,1
437,8,263,128,20,47,1,1,1
438,8,262,130,21,47,1,1,1
439,8,260,129,22,49,1,1,1
440,8,260,128,22,49,1,1,1
441,8,263,128,18,49,1,1,1
442,8,263,129,18,48,1,1,1
443,8,262,129,19,47,1,1,1
444,8,261,130,19,47,1,1,1
445,8,262,129,18,48,1,1,1
446,8,260,130,20,48,1,1,1
447,8,259,130,20,48,1,1,1
448,8,259,130,20,48,1,1,1
449,8,258,129,20,48,1,1,1
450,8,259,130,18,46,1,1,1
451,8,259,130,19,47,1,1,1
452,8,258,129,19,49,1,1,1
453,8,258,130,18,48,1,1,1
454,8,257,129,19,48,1,1,1
455,8,257,130,18,45,1,1,1
456,8,256,130,19,47,1,1,1
457,8,256,129,18,47,1,1,1
458,8,256,131,18,46,1,1,1
459,8,256,130,18,50,1,1,1
460,8,256,130,17,50,1,1,1
461,8,256,130,16,50,1,1,1
462,8,256,130,15,50,1,1,1
463,8,255,130,15,50,1,1,1
464,8,255,130,14,50,1,1,1
465,8,255,130,15,50,1,1,1
466,8,253,131,17,47,1,1,1
467,8,252,130,17,48,1,1,1
468,8,252,130,17,47,1,1,1
469,8,251,131,17,47,1,1,1
470,8,251,131,17,47,1,1,1
471,8,251,132,17,47,1,1,1
472,8,250,131,17,47,1,1,1
473,8,249,131,17,47,1,1,1
474,8,249,131,17,47,1,1,1
475,8,248,131,17,47,1,1,1
476,8,245,131,20,47,1,1,1
477,8,244,131,20,47,1,1,1
478,8,243,131,20,48,1,1,1
479,8,242,132,20,47,1,1,1
480,8,242,131,19,48,1,1,1
481,8,238,131,25,48,1,1,1
482,8,238,131,24,48,1,1,1
483,8,236,130,24,48,1,1,1
484,8,236,130,24,49,1,1,1
485,8,236,130,24,49,1,1,1
486,8,235,131,25,48,1,1,1
487,8,236,131,22,48,1,1,1
488,8,235,131,22,49,1,1,1
489,8,236,131,19,48,1,1,1
490,8,234,131,20,48,1,1,1
491,8,233,131,20,48,1,1,1
492,8,233,131,19,48,1,1,1
493,8,233,130,20,49,1,1,1
494,8,232,131,20,49,1,1,1
495,8,232,131,20,49,1,1,1
496,8,232,130,19,49,1,1,1
497,8,230,131,20,48,1,1,1
498,8,229,131,20,49,1,1,1
499,8,228,132,23,49,1,1,1
500,8,227,134,24,47,1,1,1
501,8,226,133,24,46,1,1,1
502,8,226,133,23,46,1,1,1
503,8,221,132,28,47,1,1,1
504,8,219,133,28,48,1,1,1
505,8,219,134,27,48,1,1,1
506,8,223,133,19,48,1,1,1
507,8,221,132,20,48,1,1,1
508,8,220,132,20,47,1,1,1
509,8,218,132,20,48,1,1,1
510,8,218,132,19,48,1,1,1
511,8,217,132,20,48,1,1,1
512,8,216,132,20,48,1,1,1
513,8,215,133,19,48,1,1,1
514,8,214,132,20,48,1,1,1
515,8,213,132,20,48,1,1,1
516,8,215,132,19,48,1,1,1
517,8,208,132,27,48,1,1,1
518,8,206,133,28,48,1,1,1
519,8,205,132,27,48,1,1,1
520,8,203,133,27,48,1,1,1
521,8,199,134,27,48,1,1,1
522,8,200,134,27,48,1,1,1
523,8,195,134,27,48,1,1,1
524,8,191,133,27,48,1,1,1
525,8,187,135,27,47,1,1,1
526,8,183,137,27,47,1,1,1
527,8,180,137,27,47,1,1,1
528,8,181,136,27,48,1,1,1
529,8,180,136,27,47,1,1,1
530,8,179,135,27,48,1,1,1
531,8,174,134,27,48,1,1,1
532,8,169,134,27,48,1,1,1
533,8,170,134,26,48,1,1,1
1,9,472,154,23,35,1,1,1
2,9,473,154,22,36,1,1,1
3,9,473,156,23,35,1,1,1
4,9,473,155,23,35,1,1,1
5,9,473,155,23,35,1,1,1
6,9,473,156,23,35,1,1,1
7,9,473,155,23,35,1,1,1
8,9,473,155,23,35,1,1,1
9,9,473,156,22,35,1,1,1
10,9,473,155,23,35,1,1,1
11,9,473,155,23,35,1,1,1
12,9,473,156,23,35,1,1,1
13,9,473,154,22,36,1,1,1
14,9,473,155,23,35,1,1,1
15,9,473,154,23,36,1,1,1
16,9,473,155,23,35,1,1,1
17,9,473,155,23,35,1,1,1
18,9,473,154,22,36,1,1,1
19,9,473,155,23,35,1,1,1
20,9,473,154,22,36,1,1,1
21,9,473,155,23,35,1,1,1
22,9,474,156,22,35,1,1,1
23,9,474,155,22,35,1,1,1
24,9,473,155,23,35,1,1,1
25,9,474,155,22,35,1,1,1
26,9,473,155,23,35,1,1,1
27,9,474,155,22,35,1,1,1
28,9,473,154,23,36,1,1,1
29,9,473,155,22,35,1,1,1
30,9,473,155,23,35,1,1,1
31,9,473,155,23,35,1,1,1
32,9,474,155,22,35,1,1,1
33,9,474,155,22,35,1,1,1
34,9,474,156,22,35,1,1,1
35,9,474,155,22,35,1,1,1
36,9,474,155,22,35,1,1,1
37,9,474,156,22,35,1,1,1
38,9,474,155,22,35,1,1,1
39,9,474,155,22,35,1,1,1
40,9,473,155,23,35,1,1,1
41,9,474,156,22,35,1,1,1
42,9,474,156,22,35,1,1,1
43,9,474,156,22,35,1,1,1
44,9,473,156,23,35,1,1,1
45,9,474,156,22,35,1,1,1
46,9,474,156,22,35,1,1,1
47,9,474,156,22,35,1,1,1
48,9,473,156,23,35,1,1,1
49,9,474,156,22,35,1,1,1
50,9,474,156,22,35,1,1,1
51,9,473,156,23,35,1,1,1
52,9,474,155,22,35,1,1,1
53,9,473,155,23,35,1,1,1
54,9,474,155,22,35,1,1,1
55,9,474,155,22,35,1,1,1
56,9,473,156,23,35,1,1,1
57,9,474,156,22,35,1,1,1
58,9,473,156,23,35,1,1,1
59,9,474,156,22,35,1,1,1
60,9,473,156,23,35,1,1,1
61,9,474,156,22,35,1,1,1
62,9,473,156,23,35,1,1,1
63,9,474,156,22,35,1,1,1
64,9,473,155,23,35,1,1,1
65,9,474,156,22,35,1,1,1
66,9,473,155,23,35,1,1,1
67,9,473,156,23,35,1,1,1
68,9,474,155,22,35,1,1,1
69,9,473,156,23,35,1,1,1
70,9,473,156,23,35,1,1,1
71,9,473,156,23,35,1,1,1
72,9,473,156,23,35,1,1,1
73,9,474,156,22,35,1,1,1
74,9,473,156,23,35,1,1,1
75,9,473,156,23,35,1,1,1
76,9,473,156,23,35,1,1,1
77,9,474,156,22,35,1,1,1
78,9,473,156,23,35,1,1,1
79,9,473,156,23,35,1,1,1
80,9,473,156,23,35,1,1,1
81,9,473,156,23,35,1,1,1
82,9,474,156,22,35,1,1,1
83,9,473,156,23,35,1,1,1
84,9,474,156,22,35,1,1,1
85,9,473,156,23,35,1,1,1
86,9,473,156,23,35,1,1,1
87,9,473,156,23,35,1,1,1
88,9,474,156,22,35,1,1,1
89,9,473,156,23,35,1,1,1
90,9,474,156,22,35,1,1,1
91,9,473,156,23,35,1,1,1
92,9,474,156,22,35,1,1,1
93,9,473,156,23,35,1,1,1
94,9,473,156,23,35,1,1,1
95,9,474,156,22,35,1,1,1
96,9,474,156,22,35,1,1,1
97,9,473,156,23,35,1,1,1
98,9,474,156,22,35,1,1,1
99,9,474,156,22,35,1,1,1
100,9,473,156,23,35,1,1,1
101,9,474,156,22,35,1,1,1
102,9,473,156,23,35,1,1,1
103,9,474,156,22,35,1,1,1
104,9,474,156,22,35,1,1,1
105,9,473,156,23,35,1,1,1
106,9,472,155,23,35,1,1,1
107,9,473,156,23,35,1,1,1
108,9,473,155,22,35,1,1,1
109,9,474,155,22,35,1,1,1
110,9,473,154,22,36,1,1,1
111,9,473,155,23,35,1,1,1
112,9,473,154,23,36,1,1,1
113,9,473,155,22,35,1,1,1
114,9,473,154,23,36,1,1,1
115,9,474,155,22,35,1,1,1
116,9,473,154,22,36,1,1,1
117,9,473,155,23,35,1,1,1
118,9,474,155,22,35,1,1,1
119,9,473,155,23,35,1,1,1
120,9,473,154,22,36,1,1,1
121,9,473,155,23,35,1,1,1
122,9,474,155,22,35,1,1,1
123,9,474,155,22,35,1,1,1
124,9,473,156,22,35,1,1,1
125,9,473,156,22,35,1,1,1
126,9,473,156,23,35,1,1,1
127,9,474,156,22,35,1,1,1
128,9,474,156,22,35,1,1,1
129,9,473,155,23,35,1,1,1
130,9,473,156,23,35,1,1,1
131,9,474,156,22,35,1,1,1
132,9,474,155,22,35,1,1,1
133,9,474,156,22,35,1,1,1
134,9,473,155,23,35,1,1,1
135,9,474,156,22,35,1,1,1
136,9,473,155,23,35,1,1,1
137,9,473,155,23,35,1,1,1
138,9,474,156,22,35,1,1,1
139,9,473,155,23,35,1,1,1
140,9,473,156,23,35,1,1,1
141,9,473,155,23,35,1,1,1
142,9,474,155,22,35,1,1,1
143,9,474,156,22,35,1,1,1
144,9,474,156,23,35,1,1,1
145,9,474,156,22,35,1,1,1
146,9,473,155,23,35,1,1,1
147,9,473,156,23,35,1,1,1
148,9,473,156,23,35,1,1,1
149,9,474,156,22,35,1,1,1
150,9,474,156,23,35,1,1,1
151,9,474,156,23,35,1,1,1
152,9,474,156,23,35,1,1,1
153,9,474,156,23,35,1,1,1
154,9,474,156,22,35,1,1,1
155,9,474,156,23,35,1,1,1
156,9,474,156,23,35,1,1,1
157,9,474,156,23,35,1,1,1
158,9,474,156,23,35,1,1,1
159,9,474,156,23,35,1,1,1
160,9,474,156,23,35,1,1,1
161,9,474,156,22,35,1,1,1
162,9,474,156,22,35,1,1,1
163,9,474,156,23,35,1,1,1
164,9,474,156,22,35,1,1,1
165,9,474,156,23,35,1,1,1
166,9,474,156,23,35,1,1,1
167,9,474,156,22,35,1,1,1
168,9,474,156,22,35,1,1,1
169,9,474,156,22,35,1,1,1
170,9,473,156,23,35,1,1,1
171,9,473,156,23,35,1,1,1
172,9,473,156,23,35,1,1,1
173,9,473,156,23,35,1,1,1
174,9,473,156,23,35,1,1,1
175,9,473,156,23,35,1,1,1
176,9,474,156,22,35,1,1,1
177,9,473,156,23,35,1,1,1
178,9,473,156,23,35,1,1,1
179,9,473,156,23,35,1,1,1
180,9,473,156,23,35,1,1,1
181,9,473,156,23,35,1,1,1
182,9,473,156,23,35,1,1,1
183,9,473,156,23,35,1,1,1
184,9,473,156,23,35,1,1,1
185,9,474,156,22,35,1,1,1
186,9,473,156,23,35,1,1,1
187,9,473,156,23,35,1,1,1
188,9,473,156,23,35,1,1,1
189,9,473,156,23,35,1,1,1
190,9,473,156,23,35,1,1,1
191,9,473,156,23,35,1,1,1
192,9,473,156,23,35,1,1,1
193,9,474,156,22,35,1,1,1
194,9,473,156,23,35,1,1,1
195,9,473,156,23,35,1,1,1
196,9,474,157,22,35,1,1,1
197,9,473,156,23,35,1,1,1
198,9,473,156,23,35,1,1,1
199,9,474,156,22,35,1,1,1
200,9,473,156,23,35,1,1,1
201,9,473,156,23,35,1,1,1
202,9,474,156,22,35,1,1,1
203,9,474,156,22,35,1,1,1
204,9,473,157,23,35,1,1,1
205,9,473,157,23,35,1,1,1
206,9,473,156,23,35,1,1,1
207,9,473,157,23,35,1,1,1
208,9,473,157,23,35,1,1,1
209,9,473,156,23,35,1,1,1
210,9,473,157,23,35,1,1,1
211,9,473,157,23,35,1,1,1
212,9,473,156,23,35,1,1,1
213,9,473,157,23,35,1,1,1
214,9,474,156,22,35,1,1,1
215,9,473,157,23,35,1,1,1
216,9,473,156,23,35,1,1,1
217,9,473,157,23,35,1,1,1
218,9,473,156,23,35,1,1,1
219,9,473,157,23,35,1,1,1
220,9,473,156,23,35,1,1,1
221,9,474,157,22,35,1,1,1
222,9,473,156,23,35,1,1,1
223,9,473,157,23,35,1,1,1
224,9,473,156,23,35,1,1,1
225,9,473,157,23,35,1,1,1
226,9,473,157,23,35,1,1,1
227,9,474,156,22,35,1,1,1
228,9,473,157,23,35,1,1,1
229,9,473,157,23,35,1,1,1
230,9,473,157,23,35,1,1,1
231,9,473,157,23,35,1,1,1
232,9,474,157,22,35,1,1,1
233,9,473,157,23,35,1,1,1
234,9,473,157,23,35,1,1,1
235,9,473,157,23,35,1,1,1
236,9,473,157,23,35,1,1,1
237,9,473,157,23,35,1,1,1
238,9,473,157,23,35,1,1,1
239,9,473,157,23,35,1,1,1
240,9,473,157,23,35,1,1,1
241,9,473,157,23,35,1,1,1
242,9,473,157,23,35,1,1,1
243,9,473,157,23,35,1,1,1
244,9,473,157,23,35,1,1,1
245,9,473,157,23,35,1,1,1
246,9,473,157,23,35,1,1,1
247,9,473,157,23,35,1,1,1
248,9,473,157,23,35,1,1,1
249,9,473,157,23,35,1,1,1
250,9,473,157,23,35,1,1,1
251,9,474,157,22,35,1,1,1
252,9,473,157,23,35,1,1,1
253,9,473,157,23,35,1,1,1
254,9,473,157,23,35,1,1,1
255,9,473,157,23,35,1,1,1
256,9,473,157,23,35,1,1,1
257,9,474,157,22,35,1,1,1
258,9,473,157,23,35,1,1,1
259,9,473,157,23,35,1,1,1
260,9,473,157,23,35,1,1,1
261,9,473,157,23,35,1,1,1
262,9,473,157,23,35,1,1,1
263,9,474,157,22,35,1,1,1
264,9,473,157,23,35,1,1,1
265,9,473,157,23,35,1,1,1
266,9,473,157,23,35,1,1,1
267,9,473,157,23,35,1,1,1
268,9,474,157,22,35,1,1,1
269,9,473,157,23,35,1,1,1
270,9,473,157,23,35,1,1,1
271,9,474,157,22,35,1,1,1
272,9,473,157,23,35,1,1,1
273,9,473,157,23,35,1,1,1
274,9,474,157,22,35,1,1,1
275,9,473,156,23,35,1,1,1
276,9,473,157,23,35,1,1,1
277,9,474,156,22,35,1,1,1
278,9,473,156,23,35,1,1,1
279,9,473,157,23,35,1,1,1
280,9,474,156,22,35,1,1,1
281,9,473,157,23,35,1,1,1
282,9,473,157,23,35,1,1,1
283,9,473,156,23,35,1,1,1
284,9,473,157,23,35,1,1,1
285,9,473,157,23,35,1,1,1
286,9,473,157,23,35,1,1,1
287,9,473,157,23,35,1,1,1
288,9,474,157,22,35,1,1,1
289,9,473,157,23,35,1,1,1
290,9,473,157,23,35,1,1,1
291,9,473,157,23,35,1,1,1
292,9,473,157,23,35,1,1,1
293,9,473,157,23,35,1,1,1
294,9,473,157,23,35,1,1,1
295,9,473,157,23,35,1,1,1
296,9,473,157,23,35,1,1,1
297,9,473,157,23,35,1,1,1
298,9,473,157,23,35,1,1,1
299,9,473,157,23,35,1,1,1
300,9,473,157,23,35,1,1,1
301,9,473,157,23,35,1,1,1
302,9,473,157,23,35,1,1,1
303,9,473,157,23,35,1,1,1
304,9,473,157,23,35,1,1,1
305,9,474,157,22,35,1,1,1
306,9,473,157,23,35,1,1,1
307,9,473,157,23,35,1,1,1
308,9,473,157,23,35,1,1,1
309,9,473,157,23,35,1,1,1
310,9,473,157,23,35,1,1,1
311,9,474,157,22,35,1,1,1
312,9,473,158,23,35,1,1,1
313,9,473,158,23,35,1,1,1
314,9,473,158,23,35,1,1,1
315,9,473,158,23,35,1,1,1
316,9,473,157,23,35,1,1,1
317,9,473,157,23,35,1,1,1
318,9,473,157,23,35,1,1,1
319,9,473,157,23,35,1,1,1
320,9,473,157,23,35,1,1,1
321,9,473,157,23,35,1,1,1
322,9,474,157,22,35,1,1,1
323,9,473,157,23,35,1,1,1
324,9,473,157,23,35,1,1,1
325,9,473,157,23,35,1,1,1
326,9,473,157,23,35,1,1,1
327,9,474,157,22,35,1,1,1
328,9,473,158,23,35,1,1,1
329,9,473,158,23,35,1,1,1
330,9,473,158,23,35,1,1,1
331,9,473,158,23,35,1,1,1
332,9,473,158,23,35,1,1,1
333,9,474,157,22,35,1,1,1
334,9,473,157,23,35,1,1,1
335,9,473,157,23,35,1,1,1
336,9,473,157,23,35,1,1,1
337,9,473,157,23,35,1,1,1
338,9,474,157,22,35,1,1,1
339,9,473,157,23,35,1,1,1
340,9,473,157,23,35,1,1,1
341,9,473,157,23,35,1,1,1
342,9,473,157,23,35,1,1,1
343,9,474,157,22,35,1,1,1
344,9,473,157,23,35,1,1,1
345,9,473,157,23,35,1,1,1
346,9,473,157,23,35,1,1,1
347,9,473,158,23,35,1,1,1
348,9,473,157,23,35,1,1,1
349,9,474,158,22,35,1,1,1
350,9,473,158,23,35,1,1,1
351,9,473,158,23,35,1,1,1
352,9,474,158,22,35,1,1,1
353,9,473,158,23,35,1,1,1
354,9,473,158,23,35,1,1,1
355,9,474,158,22,35,1,1,1
356,9,473,157,23,35,1,1,1
357,9,473,158,23,35,1,1,1
358,9,474,158,22,35,1,1,1
359,9,473,157,23,35,1,1,1
360,9,473,157,23,35,1,1,1
361,9,473,158,23,35,1,1,1
362,9,474,158,22,35,1,1,1
363,9,473,158,23,35,1,1,1
364,9,473,157,23,35,1,1,1
365,9,473,157,23,35,1,1,1
366,9,473,158,23,35,1,1,1
367,9,474,158,22,35,1,1,1
368,9,473,157,23,35,1,1,1
369,9,473,157,23,35,1,1,1
370,9,473,158,23,35,1,1,1
371,9,473,154,23,39,1,1,1
372,9,474,155,22,38,1,1,1
373,9,473,154,23,39,1,1,1
374,9,473,154,23,39,1,1,1
375,9,473,154,23,39,1,1,1
376,9,473,154,23,39,1,1,1
377,9,474,154,22,39,1,1,1
378,9,474,154,22,39,1,1,1
379,9,473,154,23,39,1,1,1
380,9,473,154,23,39,1,1,1
381,9,473,153,23,39,1,1,1
382,9,473,154,23,39,1,1,1
383,9,473,154,23,39,1,1,1
384,9,473,154,23,39,1,1,1
385,9,473,154,23,39,1,1,1
386,9,474,155,22,38,1,1,1
387,9,473,155,23,39,1,1,1
388,9,473,154,23,39,1,1,1
389,9,473,154,23,39,1,1,1
390,9,474,155,22,38,1,1,1
391,9,473,154,23,39,1,1,1
392,9,473,155,23,39,1,1,1
393,9,473,155,23,39,1,1,1
394,9,474,155,22,39,1,1,1
395,9,473,155,23,39,1,1,1
396,9,473,155,23,39,1,1,1
397,9,473,155,23,39,1,1,1
398,9,473,155,23,39,1,1,1
399,9,473,155,23,39,1,1,1
400,9,473,154,23,39,1,1,1
401,9,473,155,23,39,1,1,1
402,9,473,154,23,39,1,1,1
403,9,474,155,22,39,1,1,1
404,9,473,154,23,39,1,1,1
405,9,473,155,23,39,1,1,1
406,9,473,154,23,39,1,1,1
407,9,474,155,22,39,1,1,1
408,9,473,155,23,39,1,1,1
409,9,473,154,23,39,1,1,1
410,9,473,155,23,39,1,1,1
411,9,473,155,23,39,1,1,1
412,9,473,154,23,39,1,1,1
413,9,474,155,22,39,1,1,1
414,9,473,154,23,39,1,1,1
415,9,473,155,23,39,1,1,1
416,9,473,155,23,39,1,1,1
417,9,473,154,23,39,1,1,1
418,9,473,155,23,39,1,1,1
419,9,473,155,23,39,1,1,1
420,9,473,155,23,39,1,1,1
421,9,473,155,23,39,1,1,1
422,9,473,155,23,39,1,1,1
423,9,473,155,23,39,1,1,1
424,9,473,155,23,39,1,1,1
425,9,473,155,23,39,1,1,1
426,9,474,155,22,39,1,1,1
427,9,473,155,23,39,1,1,1
428,9,473,155,23,39,1,1,1
429,9,473,155,23,39,1,1,1
430,9,473,155,23,39,1,1,1
431,9,474,155,22,39,1,1,1
432,9,473,155,23,39,1,1,1
433,9,473,154,23,39,1,1,1
434,9,473,155,23,39,1,1,1
435,9,474,155,22,39,1,1,1
436,9,473,155,23,39,1,1,1
437,9,473,155,23,39,1,1,1
438,9,474,155,22,39,1,1,1
439,9,473,154,23,39,1,1,1
440,9,473,154,23,39,1,1,1
441,9,474,154,22,39,1,1,1
442,9,473,155,23,39,1,1,1
443,9,473,154,23,39,1,1,1
444,9,474,155,22,39,1,1,1
445,9,473,155,23,39,1,1,1
446,9,473,154,23,39,1,1,1
447,9,473,154,23,39,1,1,1
448,9,473,154,23,39,1,1,1
449,9,474,154,22,39,1,1,1
450,9,473,154,23,39,1,1,1
451,9,473,154,23,39,1,1,1
452,9,474,155,22,38,1,1,1
453,9,473,154,23,39,1,1,1
454,9,473,154,23,39,1,1,1
455,9,473,154,23,39,1,1,1
456,9,474,154,22,39,1,1,1
457,9,473,154,23,39,1,1,1
458,9,473,153,23,39,1,1,1
459,9,474,154,22,39,1,1,1
460,9,473,154,23,39,1,1,1
461,9,474,155,22,38,1,1,1
462,9,473,154,23,39,1,1,1
463,9,474,154,22,39,1,1,1
464,9,473,154,23,39,1,1,1
465,9,474,155,22,38,1,1,1
466,9,473,154,23,39,1,1,1
467,9,474,154,22,39,1,1,1
468,9,473,154,23,39,1,1,1
469,9,474,154,22,39,1,1,1
470,9,474,154,22,39,1,1,1
471,9,473,154,23,39,1,1,1
472,9,474,154,22,39,1,1,1
473,9,473,154,23,39,1,1,1
474,9,474,154,22,39,1,1,1
475,9,473,154,23,39,1,1,1
476,9,474,154,22,39,1,1,1
477,9,474,154,22,39,1,1,1
478,9,473,154,23,39,1,1,1
479,9,473,154,23,39,1,1,1
480,9,474,154,22,39,1,1,1
481,9,473,154,23,39,1,1,1
482,9,474,154,22,39,1,1,1
483,9,473,154,23,39,1,1,1
484,9,473,154,23,39,1,1,1
485,9,474,154,22,39,1,1,1
486,9,473,154,23,39,1,1,1
487,9,474,155,22,39,1,1,1
488,9,473,155,23,39,1,1,1
489,9,473,154,23,39,1,1,1
490,9,474,155,22,38,1,1,1
491,9,474,155,22,39,1,1,1
492,9,473,155,23,39,1,1,1
493,9,473,154,23,39,1,1,1
494,9,474,155,22,38,1,1,1
495,9,473,154,23,39,1,1,1
496,9,473,154,23,39,1,1,1
497,9,474,155,22,39,1,1,1
498,9,473,154,23,39,1,1,1
499,9,474,155,22,38,1,1,1
500,9,473,155,23,39,1,1,1
501,9,473,155,23,39,1,1,1
502,9,474,155,22,39,1,1,1
503,9,473,154,23,39,1,1,1
504,9,473,154,23,39,1,1,1
505,9,474,155,22,39,1,1,1
506,9,473,155,23,39,1,1,1
507,9,473,154,23,39,1,1,1
508,9,474,155,22,39,1,1,1
509,9,473,155,23,39,1,1,1
510,9,473,154,23,39,1,1,1
511,9,474,155,22,38,1,1,1
512,9,473,154,23,39,1,1,1
513,9,473,154,23,39,1,1,1
514,9,474,155,22,38,1,1,1
515,9,473,155,23,39,1,1,1
516,9,474,155,22,38,1,1,1
517,9,473,155,23,39,1,1,1
518,9,474,155,22,39,1,1,1
519,9,473,155,23,39,1,1,1
520,9,474,156,22,39,1,1,1
521,9,473,155,23,39,1,1,1
522,9,474,155,22,38,1,1,1
523,9,474,155,22,39,1,1,1
524,9,473,155,23,39,1,1,1
525,9,474,155,22,39,1,1,1
526,9,473,154,23,39,1,1,1
527,9,474,154,22,39,1,1,1
528,9,474,155,22,39,1,1,1
529,9,474,153,22,40,1,1,1
530,9,474,155,22,38,1,1,1
531,9,474,155,22,38,1,1,1
532,9,474,155,22,38,1,1,1
533,9,474,155,22,38,1,1,1
534,9,474,155,22,39,1,1,1
535,9,473,155,23,39,1,1,1
536,9,474,155,22,38,1,1,1
537,9,474,155,22,39,1,1,1
538,9,473,155,23,39,1,1,1
539,9,474,155,22,38,1,1,1
540,9,474,155,22,38,1,1,1
541,9,474,155,22,38,1,1,1
542,9,474,155,23,38,1,1,1
543,9,474,155,22,38,1,1,1
544,9,474,155,22,39,1,1,1
545,9,474,155,23,39,1,1,1
546,9,474,155,22,39,1,1,1
547,9,474,155,22,39,1,1,1
548,9,474,155,22,39,1,1,1
549,9,474,155,23,39,1,1,1
550,9,473,155,23,39,1,1,1
551,9,474,155,23,39,1,1,1
552,9,474,155,22,39,1,1,1
553,9,474,155,22,39,1,1,1
554,9,474,155,22,39,1,1,1
555,9,473,156,23,39,1,1,1
556,9,474,155,22,39,1,1,1
557,9,474,155,22,39,1,1,1
558,9,474,155,22,39,1,1,1
559,9,474,155,22,38,1,1,1
560,9,474,155,22,38,1,1,1
561,9,474,155,22,38,1,1,1
562,9,473,155,23,39,1,1,1
563,9,474,155,22,38,1,1,1
564,9,474,155,22,39,1,1,1
565,9,474,155,22,39,1,1,1
566,9,474,155,22,39,1,1,1
567,9,474,155,22,38,1,1,1
568,9,473,155,23,39,1,1,1
569,9,474,155,22,39,1,1,1
570,9,474,155,22,38,1,1,1
571,9,474,155,23,39,1,1,1
572,9,474,154,22,39,1,1,1
573,9,474,154,22,39,1,1,1
574,9,474,155,22,38,1,1,1
575,9,474,155,22,38,1,1,1
576,9,474,155,22,39,1,1,1
577,9,474,155,22,39,1,1,1
578,9,474,155,22,39,1,1,1
579,9,474,155,22,38,1,1,1
580,9,474,155,22,39,1,1,1
581,9,474,155,22,38,1,1,1
582,9,474,155,22,38,1,1,1
583,9,474,155,22,38,1,1,1
584,9,474,155,22,38,1,1,1
585,9,474,155,22,38,1,1,1
586,9,474,155,22,38,1,1,1
587,9,474,155,22,38,1,1,1
588,9,474,155,22,38,1,1,1
589,9,474,155,22,38,1,1,1
590,9,474,155,22,38,1,1,1
591,9,474,155,22,38,1,1,1
592,9,474,155,22,38,1,1,1
593,9,474,155,22,38,1,1,1
594,9,474,155,22,38,1,1,1
595,9,474,155,22,38,1,1,1
596,9,474,155,22,38,1,1,1
597,9,474,155,22,38,1,1,1
598,9,474,155,22,38,1,1,1
599,9,474,155,22,38,1,1,1
600,9,474,155,22,38,1,1,1
601,9,474,155,22,38,1,1,1
602,9,474,155,22,38,1,1,1
603,9,474,155,22,39,1,1,1
604,9,474,155,22,38,1,1,1
605,9,474,155,22,38,1,1,1
606,9,474,155,22,38,1,1,1
607,9,474,155,22,39,1,1,1
608,9,474,155,22,38,1,1,1
609,9,474,155,22,38,1,1,1
610,9,474,155,22,38,1,1,1
611,9,474,155,22,39,1,1,1
612,9,474,154,22,39,1,1,1
613,9,474,155,22,38,1,1,1
614,9,474,155,23,38,1,1,1
615,9,474,155,22,38,1,1,1
616,9,474,155,22,38,1,1,1
617,9,474,155,22,38,1,1,1
618,9,474,155,22,38,1,1,1
619,9,474,155,22,38,1,1,1
620,9,474,155,23,38,1,1,1
621,9,474,155,22,38,1,1,1
622,9,474,155,22,38,1,1,1
623,9,474,155,22,39,1,1,1
624,9,474,155,23,38,1,1,1
625,9,474,155,22,38,1,1,1
626,9,474,155,23,38,1,1,1
627,9,474,155,22,38,1,1,1
628,9,474,155,22,38,1,1,1
629,9,474,155,23,38,1,1,1
630,9,474,155,22,38,1,1,1
631,9,474,155,22,38,1,1,1
632,9,474,155,23,38,1,1,1
633,9,474,155,22,38,1,1,1
634,9,474,155,22,38,1,1,1
635,9,474,155,23,38,1,1,1
636,9,474,155,22,38,1,1,1
637,9,474,155,23,38,1,1,1
638,9,474,155,22,38,1,1,1
639,9,474,155,23,38,1,1,1
640,9,474,155,22,38,1,1,1
641,9,474,155,23,38,1,1,1
642,9,474,155,22,38,1,1,1
643,9,474,155,22,38,1,1,1
644,9,474,155,23,38,1,1,1
645,9,474,155,22,38,1,1,1
646,9,474,155,23,38,1,1,1
647,9,474,155,22,39,1,1,1
648,9,474,155,22,39,1,1,1
649,9,474,155,23,38,1,1,1
650,9,474,155,22,38,1,1,1
651,9,474,155,22,38,1,1,1
652,9,474,155,23,38,1,1,1
653,9,474,155,22,38,1,1,1
654,9,474,155,22,38,1,1,1
655,9,474,155,22,38,1,1,1
656,9,474,155,22,38,1,1,1
657,9,474,155,22,38,1,1,1
658,9,474,155,22,38,1,1,1
659,9,474,155,22,38,1,1,1
660,9,474,155,22,38,1,1,1
661,9,474,155,22,38,1,1,1
662,9,474,155,22,38,1,1,1
663,9,474,155,22,38,1,1,1
664,9,474,155,22,38,1,1,1
665,9,474,155,22,38,1,1,1
666,9,474,155,22,38,1,1,1
667,9,474,155,22,39,1,1,1
668,9,474,155,22,38,1,1,1
669,9,474,155,22,38,1,1,1
670,9,474,155,22,38,1,1,1
671,9,474,155,22,38,1,1,1
672,9,474,155,22,38,1,1,1
673,9,474,155,22,38,1,1,1
674,9,474,155,22,39,1,1,1
675,9,474,155,23,38,1,1,1
676,9,474,155,22,38,1,1,1
677,9,474,155,23,38,1,1,1
678,9,474,155,22,39,1,1,1
679,9,474,155,22,38,1,1,1
680,9,474,155,23,38,1,1,1
681,9,474,155,22,38,1,1,1
682,9,474,155,22,38,1,1,1
683,9,474,155,22,39,1,1,1
684,9,474,155,22,38,1,1,1
685,9,474,155,22,38,1,1,1
686,9,473,154,23,39,1,1,1
687,9,474,155,22,38,1,1,1
688,9,473,155,23,39,1,1,1
689,9,474,155,22,38,1,1,1
690,9,473,154,23,39,1,1,1
691,9,474,155,22,38,1,1,1
692,9,473,154,23,39,1,1,1
693,9,474,155,22,39,1,1,1
694,9,474,155,22,38,1,1,1
695,9,473,154,23,39,1,1,1
696,9,474,155,22,39,1,1,1
697,9,474,155,22,38,1,1,1
698,9,473,154,23,39,1,1,1
699,9,474,155,23,38,1,1,1
700,9,474,155,23,39,1,1,1
701,9,474,155,22,38,1,1,1
702,9,474,155,22,39,1,1,1
703,9,474,154,23,39,1,1,1
704,9,474,155,22,38,1,1,1
705,9,474,155,22,39,1,1,1
706,9,474,155,22,38,1,1,1
707,9,474,155,22,39,1,1,1
708,9,474,155,23,39,1,1,1
709,9,474,155,22,39,1,1,1
710,9,474,155,22,39,1,1,1
711,9,474,155,23,38,1,1,1
712,9,474,155,22,39,1,1,1
713,9,474,155,22,38,1,1,1
714,9,474,155,22,38,1,1,1
715,9,474,155,22,39,1,1,1
716,9,474,155,22,38,1,1,1
717,9,474,155,22,38,1,1,1
718,9,474,155,22,39,1,1,1
719,9,474,155,22,38,1,1,1
720,9,474,155,22,38,1,1,1
721,9,474,155,22,38,1,1,1
722,9,474,155,22,38,1,1,1
723,9,474,155,23,38,1,1,1
724,9,474,154,22,39,1,1,1
725,9,474,155,22,39,1,1,1
726,9,474,155,23,39,1,1,1
727,9,474,155,22,38,1,1,1
728,9,474,155,22,38,1,1,1
729,9,474,154,22,39,1,1,1
730,9,474,155,23,39,1,1,1
731,9,474,155,22,39,1,1,1
732,9,475,155,22,38,1,1,1
733,9,475,155,22,38,1,1,1
734,9,474,155,23,39,1,1,1
735,9,475,155,22,39,1,1,1
736,9,474,155,23,39,1,1,1
737,9,475,155,22,39,1,1,1
738,9,474,156,23,39,1,1,1
739,9,474,155,23,39,1,1,1
740,9,474,155,23,39,1,1,1
741,9,475,155,22,39,1,1,1
742,9,474,155,23,38,1,1,1
743,9,474,155,23,39,1,1,1
744,9,474,155,23,39,1,1,1
745,9,474,156,23,39,1,1,1
746,9,474,155,23,39,1,1,1
747,9,474,155,23,39,1,1,1
748,9,474,155,23,38,1,1,1
749,9,474,155,23,39,1,1,1
750,9,474,155,23,39,1,1,1
751,9,475,156,22,39,1,1,1
752,9,474,155,23,39,1,1,1
753,9,474,156,23,39,1,1,1
754,9,474,155,23,39,1,1,1
755,9,475,155,22,39,1,1,1
756,9,474,156,23,39,1,1,1
757,9,474,155,23,39,1,1,1
758,9,474,155,23,39,1,1,1
759,9,475,156,22,39,1,1,1
760,9,474,155,23,39,1,1,1
761,9,474,156,23,39,1,1,1
762,9,475,155,22,39,1,1,1
763,9,474,156,23,39,1,1,1
764,9,474,156,23,39,1,1,1
765,9,474,155,23,39,1,1,1
766,9,475,156,22,39,1,1,1
767,9,474,156,23,39,1,1,1
768,9,474,155,23,39,1,1,1
769,9,474,156,23,39,1,1,1
770,9,475,156,22,39,1,1,1
771,9,474,156,23,39,1,1,1
772,9,474,155,23,39,1,1,1
773,9,474,156,23,39,1,1,1
774,9,474,156,23,39,1,1,1
775,9,474,156,23,39,1,1,1
776,9,475,155,22,39,1,1,1
777,9,474,156,23,39,1,1,1
778,9,474,156,23,39,1,1,1
779,9,474,156,23,39,1,1,1
780,9,475,156,22,39,1,1,1
781,9,474,156,23,39,1,1,1
782,9,474,156,23,39,1,1,1
783,9,474,155,23,39,1,1,1
784,9,474,156,23,39,1,1,1
785,9,475,156,22,39,1,1,1
786,9,474,156,23,39,1,1,1
787,9,474,156,23,39,1,1,1
788,9,474,156,23,39,1,1,1
789,9,474,156,23,39,1,1,1
790,9,474,156,23,39,1,1,1
791,9,474,156,23,39,1,1,1
792,9,474,156,23,39,1,1,1
793,9,474,156,23,39,1,1,1
794,9,474,155,23,39,1,1,1
795,9,475,156,22,39,1,1,1
796,9,474,156,23,39,1,1,1
797,9,474,156,23,39,1,1,1
798,9,474,156,23,39,1,1,1
799,9,474,156,23,39,1,1,1
800,9,474,156,23,39,1,1,1
801,9,474,155,23,39,1,1,1
802,9,474,156,23,39,1,1,1
803,9,474,156,23,39,1,1,1
804,9,474,156,23,39,1,1,1
805,9,475,155,22,39,1,1,1
806,9,474,156,23,39,1,1,1
807,9,474,156,23,39,1,1,1
808,9,474,156,23,39,1,1,1
809,9,474,155,23,39,1,1,1
810,9,474,156,23,39,1,1,1
811,9,474,156,23,39,1,1,1
812,9,474,155,23,39,1,1,1
813,9,475,156,22,39,1,1,1
814,9,474,156,23,39,1,1,1
815,9,474,155,23,39,1,1,1
816,9,474,156,23,39,1,1,1
817,9,474,156,23,39,1,1,1
818,9,474,155,23,39,1,1,1
819,9,475,156,22,39,1,1,1
820,9,474,156,23,39,1,1,1
821,9,474,156,23,39,1,1,1
822,9,474,155,23,39,1,1,1
823,9,474,156,23,39,1,1,1
824,9,474,156,23,39,1,1,1
825,9,475,155,22,39,1,1,1
826,9,474,156,23,39,1,1,1
827,9,474,155,23,39,1,1,1
828,9,474,156,23,39,1,1,1
829,9,474,156,23,39,1,1,1
830,9,474,155,23,39,1,1,1
831,9,475,156,22,39,1,1,1
832,9,474,156,23,39,1,1,1
833,9,474,155,23,39,1,1,1
834,9,474,156,23,39,1,1,1
835,9,475,156,22,39,1,1,1
836,9,474,155,23,39,1,1,1
837,9,474,156,23,39,1,1,1
838,9,474,156,23,39,1,1,1
839,9,475,155,22,39,1,1,1
840,9,474,156,23,39,1,1,1
841,9,474,155,23,39,1,1,1
842,9,475,156,22,39,1,1,1
843,9,474,156,23,39,1,1,1
844,9,474,156,23,39,1,1,1
845,9,475,155,22,39,1,1,1
846,9,474,156,23,39,1,1,1
847,9,474,156,23,39,1,1,1
848,9,475,155,22,39,1,1,1
849,9,474,156,23,39,1,1,1
850,9,474,156,23,39,1,1,1
851,9,475,155,22,39,1,1,1
852,9,474,156,23,39,1,1,1
853,9,475,156,23,39,1,1,1
854,9,475,155,23,39,1,1,1
855,9,475,156,22,39,1,1,1
856,9,475,156,22,39,1,1,1
857,9,475,156,22,39,1,1,1
858,9,474,155,23,39,1,1,1
859,9,475,156,23,39,1,1,1
860,9,475,155,23,39,1,1,1
861,9,475,155,23,38,1,1,1
862,9,475,155,22,39,1,1,1
863,9,475,155,23,38,1,1,1
864,9,475,155,22,39,1,1,1
865,9,475,155,22,38,1,1,1
866,9,475,155,22,39,1,1,1
867,9,474,155,23,38,1,1,1
868,9,475,155,23,39,1,1,1
869,9,475,155,23,38,1,1,1
870,9,475,155,22,39,1,1,1
871,9,475,155,22,38,1,1,1
872,9,475,155,23,39,1,1,1
873,9,475,155,22,39,1,1,1
874,9,475,155,23,38,1,1,1
875,9,475,155,22,39,1,1,1
876,9,475,155,23,38,1,1,1
877,9,475,155,22,39,1,1,1
878,9,475,155,23,38,1,1,1
879,9,475,155,22,38,1,1,1
880,9,475,155,22,39,1,1,1
881,9,475,155,22,38,1,1,1
882,9,475,155,22,39,1,1,1
883,9,475,155,23,38,1,1,1
884,9,475,155,22,38,1,1,1
885,9,475,155,22,39,1,1,1
886,9,475,155,22,38,1,1,1
887,9,475,155,23,39,1,1,1
888,9,475,155,22,38,1,1,1
889,9,475,155,22,39,1,1,1
890,9,475,155,22,38,1,1,1
891,9,475,155,23,39,1,1,1
892,9,475,155,22,38,1,1,1
893,9,475,155,22,39,1,1,1
894,9,475,155,22,38,1,1,1
895,9,475,155,23,39,1,1,1
896,9,475,155,22,38,1,1,1
897,9,475,155,22,39,1,1,1
898,9,475,155,22,38,1,1,1
899,9,475,155,22,39,1,1,1
900,9,474,155,22,36,1,1,1
1,10,502,155,25,36,1,1,1
2,10,501,153,25,36,1,1,1
3,10,501,154,25,36,1,1,1
4,10,502,154,25,36,1,1,1
5,10,502,152,25,36,1,1,1
6,10,502,154,25,36,1,1,1
7,10,502,154,25,36,1,1,1
8,10,502,154,25,36,1,1,1
9,10,502,153,25,36,1,1,1
10,10,501,153,25,36,1,1,1
11,10,503,155,25,37,1,1,1
12,10,505,155,24,36,1,1,1
13,10,505,155,24,37,1,1,1
14,10,504,155,25,36,1,1,1
15,10,504,156,25,36,1,1,1
16,10,505,156,24,34,1,1,1
17,10,505,155,24,36,1,1,1
18,10,505,155,24,36,1,1,1
19,10,504,155,25,37,1,1,1
20,10,505,155,24,36,1,1,1
21,10,504,155,25,36,1,1,1
22,10,505,155,24,37,1,1,1
23,10,504,156,25,36,1,1,1
24,10,505,156,23,34,1,1,1
25,10,506,156,23,34,1,1,1
26,10,505,155,25,37,1,1,1
27,10,505,155,25,37,1,1,1
28,10,505,155,25,36,1,1,1
29,10,505,156,24,36,1,1,1
30,10,505,156,24,36,1,1,1
31,10,505,156,24,34,1,1,1
32,10,506,157,23,33,1,1,1
33,10,506,156,22,33,1,1,1
34,10,506,156,22,33,1,1,1
35,10,506,157,23,33,1,1,1
36,10,505,156,24,35,1,1,1
37,10,505,156,24,34,1,1,1
38,10,505,155,24,37,1,1,1
39,10,505,153,25,39,1,1,1
40,10,506,153,24,40,1,1,1
41,10,506,154,24,39,1,1,1
42,10,506,154,25,39,1,1,1
43,10,506,153,24,40,1,1,1
44,10,506,154,25,39,1,1,1
45,10,506,153,25,40,1,1,1
46,10,506,154,25,39,1,1,1
47,10,506,153,25,40,1,1,1
48,10,506,154,24,39,1,1,1
49,10,506,153,25,40,1,1,1
50,10,506,154,24,39,1,1,1
51,10,506,153,25,40,1,1,1
52,10,506,154,25,40,1,1,1
53,10,506,154,25,40,1,1,1
54,10,506,154,25,39,1,1,1
55,10,506,153,25,40,1,1,1
56,10,506,154,25,39,1,1,1
57,10,506,153,25,40,1,1,1
58,10,506,154,25,39,1,1,1
59,10,506,154,25,39,1,1,1
60,10,506,154,25,39,1,1,1
61,10,506,154,24,40,1,1,1
62,10,506,154,25,40,1,1,1
63,10,506,154,24,39,1,1,1
64,10,506,154,25,39,1,1,1
65,10,506,154,24,39,1,1,1
66,10,506,154,25,40,1,1,1
67,10,506,154,24,40,1,1,1
68,10,506,154,25,39,1,1,1
69,10,506,154,24,40,1,1,1
70,10,506,154,25,40,1,1,1
71,10,504,154,23,39,1,1,1
72,10,506,154,23,40,1,1,1
73,10,506,154,22,40,1,1,1
74,10,506,154,23,40,1,1,1
75,10,506,154,23,40,1,1,1
76,10,506,155,23,39,1,1,1
77,10,507,154,22,40,1,1,1
78,10,507,155,22,39,1,1,1
79,10,507,154,22,40,1,1,1
80,10,507,155,22,39,1,1,1
81,10,506,155,23,39,1,1,1
82,10,507,154,22,40,1,1,1
83,10,507,155,22,40,1,1,1
84,10,506,155,23,40,1,1,1
85,10,507,155,22,40,1,1,1
86,10,507,155,22,40,1,1,1
87,10,506,155,23,39,1,1,1
88,10,507,155,22,39,1,1,1
89,10,506,154,23,40,1,1,1
90,10,506,155,23,39,1,1,1
91,10,506,154,23,40,1,1,1
92,10,504,153,23,40,1,1,1
93,10,506,154,22,40,1,1,1
94,10,506,154,23,40,1,1,1
95,10,506,153,23,41,1,1,1
96,10,506,153,23,41,1,1,1
97,10,505,153,24,41,1,1,1
98,10,506,153,23,40,1,1,1
99,10,506,154,23,40,1,1,1
100,10,506,154,23,40,1,1,1
101,10,506,153,23,41,1,1,1
102,10,506,153,23,41,1,1,1
103,10,506,153,23,42,1,1,1
104,10,506,153,24,42,1,1,1
105,10,506,153,24,42,1,1,1
106,10,504,153,24,41,1,1,1
107,10,506,152,23,42,1,1,1
108,10,505,152,24,42,1,1,1
109,10,506,152,23,41,1,1,1
110,10,506,152,24,41,1,1,1
111,10,507,154,22,39,1,1,1
112,10,506,154,23,39,1,1,1
113,10,506,154,22,39,1,1,1
114,10,506,153,22,40,1,1,1
115,10,506,153,22,40,1,1,1
116,10,506,154,22,39,1,1,1
117,10,506,154,22,39,1,1,1
118,10,507,153,22,40,1,1,1
119,10,506,154,23,39,1,1,1
120,10,506,153,23,40,1,1,1
121,10,506,154,21,35,1,1,1
122,10,504,151,22,41,1,1,1
123,10,504,152,21,35,1,1,1
124,10,504,152,21,35,1,1,1
125,10,504,153,21,35,1,1,1
126,10,503,153,23,36,1,1,1
127,10,503,152,23,36,1,1,1
128,10,503,152,23,36,1,1,1
129,10,505,153,22,36,1,1,1
130,10,506,153,22,36,1,1,1
131,10,506,153,22,36,1,1,1
132,10,506,153,22,36,1,1,1
133,10,506,152,22,36,1,1,1
134,10,506,152,22,36,1,1,1
135,10,507,153,22,36,1,1,1
136,10,506,153,22,36,1,1,1
137,10,507,153,22,36,1,1,1
138,10,506,153,22,36,1,1,1
139,10,507,153,22,36,1,1,1
140,10,507,153,22,36,1,1,1
141,10,506,154,22,36,1,1,1
142,10,506,154,22,36,1,1,1
143,10,506,153,22,36,1,1,1
144,10,506,154,22,36,1,1,1
145,10,507,153,22,36,1,1,1
146,10,507,154,22,36,1,1,1
147,10,507,153,22,36,1,1,1
148,10,507,153,22,36,1,1,1
149,10,507,153,22,36,1,1,1
150,10,507,153,22,36,1,1,1
151,10,507,154,22,36,1,1,1
152,10,507,153,22,36,1,1,1
153,10,507,154,22,36,1,1,1
154,10,507,153,22,36,1,1,1
155,10,507,153,22,36,1,1,1
156,10,507,154,22,36,1,1,1
157,10,507,153,22,36,1,1,1
158,10,506,153,23,36,1,1,1
159,10,506,155,23,37,1,1,1
160,10,506,153,23,38,1,1,1
161,10,507,152,23,40,1,1,1
162,10,504,152,24,36,1,1,1
163,10,506,152,23,38,1,1,1
164,10,506,152,23,38,1,1,1
165,10,506,152,23,37,1,1,1
166,10,507,151,23,39,1,1,1
167,10,505,153,23,36,1,1,1
168,10,505,153,23,36,1,1,1
169,10,505,152,23,36,1,1,1
170,10,504,152,24,36,1,1,1
171,10,506,152,23,36,1,1,1
172,10,504,151,24,36,1,1,1
173,10,505,152,23,36,1,1,1
174,10,506,152,23,36,1,1,1
175,10,505,152,23,36,1,1,1
176,10,505,151,23,36,1,1,1
177,10,506,152,23,36,1,1,1
178,10,505,152,23,36,1,1,1
179,10,504,152,24,36,1,1,1
180,10,506,152,23,36,1,1,1
181,10,505,153,23,36,1,1,1
182,10,505,153,23,36,1,1,1
183,10,505,153,23,36,1,1,1
184,10,506,153,23,36,1,1,1
185,10,505,153,23,36,1,1,1
186,10,505,153,23,36,1,1,1
187,10,506,153,23,36,1,1,1
188,10,505,152,23,36,1,1,1
189,10,506,152,23,36,1,1,1
190,10,506,153,23,36,1,1,1
191,10,506,152,23,36,1,1,1
192,10,506,151,23,36,1,1,1
193,10,506,153,22,35,1,1,1
194,10,505,152,22,35,1,1,1
195,10,505,152,22,34,1,1,1
196,10,506,153,22,34,1,1,1
197,10,506,154,22,36,1,1,1
198,10,507,156,22,37,1,1,1
199,10,508,157,21,35,1,1,1
200,10,506,153,21,34,1,1,1
201,10,506,151,21,35,1,1,1
202,10,507,152,21,34,1,1,1
203,10,506,153,21,34,1,1,1
204,10,506,153,21,34,1,1,1
205,10,506,153,21,34,1,1,1
206,10,506,153,21,34,1,1,1
207,10,506,153,21,34,1,1,1
208,10,505,153,21,34,1,1,1
209,10,505,153,21,35,1,1,1
210,10,505,153,21,34,1,1,1
211,10,504,153,22,34,1,1,1
212,10,505,153,21,34,1,1,1
213,10,504,153,21,34,1,1,1
214,10,504,152,22,36,1,1,1
215,10,504,152,22,36,1,1,1
216,10,504,152,22,36,1,1,1
217,10,504,152,21,36,1,1,1
218,10,504,153,21,35,1,1,1
219,10,504,153,22,35,1,1,1
220,10,503,153,21,35,1,1,1
221,10,503,152,21,36,1,1,1
222,10,503,152,21,35,1,1,1
223,10,501,151,24,36,1,1,1
224,10,502,151,23,36,1,1,1
225,10,502,151,23,36,1,1,1
226,10,501,152,24,36,1,1,1
227,10,502,152,24,36,1,1,1
228,10,502,152,24,36,1,1,1
229,10,501,152,23,36,1,1,1
230,10,502,153,23,36,1,1,1
231,10,502,153,23,36,1,1,1
232,10,502,154,24,36,1,1,1
233,10,502,153,24,36,1,1,1
234,10,503,153,23,36,1,1,1
235,10,503,153,23,36,1,1,1
236,10,502,153,23,36,1,1,1
237,10,502,153,24,36,1,1,1
238,10,502,152,23,36,1,1,1
239,10,502,151,24,36,1,1,1
240,10,501,152,24,36,1,1,1
241,10,502,152,23,36,1,1,1
242,10,501,152,24,36,1,1,1
243,10,500,152,23,36,1,1,1
244,10,501,152,24,36,1,1,1
245,10,502,154,23,36,1,1,1
246,10,502,153,24,36,1,1,1
247,10,501,152,24,36,1,1,1
248,10,501,153,24,36,1,1,1
249,10,502,151,24,36,1,1,1
250,10,502,151,23,36,1,1,1
251,10,501,152,23,35,1,1,1
252,10,501,153,23,35,1,1,1
253,10,501,150,24,36,1,1,1
254,10,502,154,23,35,1,1,1
255,10,501,153,23,35,1,1,1
256,10,504,154,19,33,1,1,1
257,10,503,155,19,33,1,1,1
258,10,503,153,19,33,1,1,1
259,10,503,154,19,33,1,1,1
260,10,503,154,19,33,1,1,1
261,10,502,154,19,33,1,1,1
262,10,503,153,19,33,1,1,1
263,10,503,154,19,33,1,1,1
264,10,503,155,19,33,1,1,1
265,10,503,155,20,34,1,1,1
266,10,502,154,20,34,1,1,1
267,10,501,154,21,34,1,1,1
268,10,503,153,20,34,1,1,1
269,10,502,153,20,34,1,1,1
270,10,502,154,20,33,1,1,1
271,10,501,154,21,33,1,1,1
272,10,502,154,21,34,1,1,1
273,10,505,155,21,34,1,1,1
274,10,505,156,20,33,1,1,1
275,10,504,155,22,35,1,1,1
276,10,505,155,22,35,1,1,1
277,10,505,155,22,35,1,1,1
278,10,505,155,21,35,1,1,1
279,10,504,156,22,35,1,1,1
280,10,504,155,22,35,1,1,1
281,10,505,156,22,35,1,1,1
282,10,506,156,20,34,1,1,1
283,10,506,157,19,32,1,1,1
284,10,506,157,20,32,1,1,1
285,10,506,156,19,32,1,1,1
286,10,506,157,20,32,1,1,1
287,10,506,156,19,32,1,1,1
288,10,506,156,20,32,1,1,1
289,10,506,156,19,32,1,1,1
290,10,506,157,19,32,1,1,1
291,10,506,157,20,32,1,1,1
292,10,506,156,19,32,1,1,1
293,10,506,156,19,32,1,1,1
294,10,506,157,20,32,1,1,1
295,10,506,156,20,32,1,1,1
296,10,507,157,19,32,1,1,1
297,10,506,156,20,33,1,1,1
298,10,506,156,20,33,1,1,1
299,10,505,155,22,35,1,1,1
300,10,506,155,21,35,1,1,1
301,10,505,156,22,35,1,1,1
302,10,506,155,21,35,1,1,1
303,10,506,155,21,35,1,1,1
304,10,506,156,21,35,1,1,1
305,10,506,156,21,35,1,1,1
306,10,506,156,21,35,1,1,1
307,10,506,156,21,34,1,1,1
308,10,506,156,20,33,1,1,1
309,10,506,157,20,33,1,1,1
310,10,506,157,20,32,1,1,1
311,10,506,157,20,32,1,1,1
312,10,506,157,20,32,1,1,1
313,10,507,158,19,32,1,1,1
314,10,507,158,19,32,1,1,1
315,10,507,157,19,32,1,1,1
316,10,506,157,20,32,1,1,1
317,10,507,157,20,32,1,1,1
318,10,507,158,20,32,1,1,1
319,10,507,157,20,32,1,1,1
320,10,507,157,19,32,1,1,1
321,10,507,157,19,32,1,1,1
322,10,506,157,20,32,1,1,1
323,10,507,157,19,32,1,1,1
324,10,507,157,19,32,1,1,1
325,10,506,157,20,32,1,1,1
326,10,507,157,19,32,1,1,1
327,10,507,157,19,32,1,1,1
328,10,507,158,20,32,1,1,1
329,10,507,157,20,32,1,1,1
330,10,507,157,19,32,1,1,1
331,10,507,157,19,32,1,1,1
332,10,507,157,19,32,1,1,1
333,10,507,158,19,32,1,1,1
334,10,507,158,20,32,1,1,1
335,10,507,158,19,32,1,1,1
336,10,507,158,19,32,1,1,1
337,10,503,154,23,35,1,1,1
338,10,505,155,20,35,1,1,1
339,10,504,155,20,35,1,1,1
340,10,504,154,20,35,1,1,1
341,10,506,155,19,35,1,1,1
342,10,506,155,19,35,1,1,1
343,10,506,155,20,35,1,1,1
344,10,506,156,19,35,1,1,1
345,10,506,156,19,35,1,1,1
346,10,506,156,19,35,1,1,1
347,10,506,155,20,35,1,1,1
348,10,506,155,19,35,1,1,1
349,10,506,155,19,35,1,1,1
350,10,506,156,19,36,1,1,1
351,10,506,156,19,35,1,1,1
352,10,506,156,20,35,1,1,1
353,10,507,156,19,35,1,1,1
354,10,506,156,19,35,1,1,1
355,10,506,156,20,35,1,1,1
356,10,507,156,19,36,1,1,1
357,10,506,156,20,35,1,1,1
358,10,506,156,19,36,1,1,1
359,10,506,156,20,35,1,1,1
360,10,506,156,20,35,1,1,1
361,10,506,156,20,35,1,1,1
362,10,506,156,20,35,1,1,1
363,10,506,156,19,35,1,1,1
364,10,506,156,19,36,1,1,1
365,10,506,157,19,35,1,1,1
366,10,506,155,20,35,1,1,1
367,10,506,157,19,35,1,1,1
368,10,506,157,20,35,1,1,1
369,10,506,157,20,35,1,1,1
370,10,506,156,20,36,1,1,1
371,10,506,156,20,36,1,1,1
372,10,506,156,20,36,1,1,1
373,10,506,157,20,35,1,1,1
374,10,506,157,20,36,1,1,1
375,10,506,157,20,36,1,1,1
376,10,506,157,20,35,1,1,1
377,10,506,157,20,35,1,1,1
378,10,506,157,20,35,1,1,1
379,10,506,157,19,35,1,1,1
380,10,506,156,20,36,1,1,1
381,10,504,157,22,35,1,1,1
382,10,502,156,22,35,1,1,1
383,10,503,155,22,35,1,1,1
384,10,502,155,22,35,1,1,1
385,10,503,155,22,35,1,1,1
386,10,505,157,21,35,1,1,1
387,10,505,157,22,36,1,1,1
388,10,505,156,23,37,1,1,1
389,10,505,157,22,37,1,1,1
390,10,505,157,22,37,1,1,1
391,10,505,157,23,37,1,1,1
392,10,505,157,23,37,1,1,1
393,10,505,157,22,37,1,1,1
394,10,505,156,22,37,1,1,1
395,10,505,157,23,37,1,1,1
396,10,505,156,23,37,1,1,1
397,10,505,157,23,37,1,1,1
398,10,505,157,22,37,1,1,1
399,10,505,157,23,37,1,1,1
400,10,505,157,23,37,1,1,1
401,10,505,157,22,37,1,1,1
402,10,505,157,22,37,1,1,1
403,10,505,157,23,37,1,1,1
404,10,505,157,22,37,1,1,1
405,10,505,157,22,37,1,1,1
406,10,505,157,23,37,1,1,1
407,10,505,157,23,37,1,1,1
408,10,505,157,22,37,1,1,1
409,10,505,157,23,37,1,1,1
410,10,505,157,22,37,1,1,1
411,10,505,157,23,37,1,1,1
412,10,505,157,22,37,1,1,1
413,10,505,157,23,37,1,1,1
414,10,505,157,22,37,1,1,1
415,10,505,157,23,37,1,1,1
416,10,505,157,22,37,1,1,1
417,10,505,157,23,37,1,1,1
418,10,505,157,22,37,1,1,1
419,10,505,157,23,37,1,1,1
420,10,505,157,22,37,1,1,1
421,10,505,157,22,37,1,1,1
422,10,505,157,22,37,1,1,1
423,10,505,157,23,37,1,1,1
424,10,505,157,22,37,1,1,1
425,10,505,157,22,37,1,1,1
426,10,505,157,22,37,1,1,1
427,10,505,157,22,37,1,1,1
428,10,505,157,23,37,1,1,1
429,10,505,157,20,36,1,1,1
430,10,504,155,20,35,1,1,1
431,10,504,156,20,35,1,1,1
432,10,502,155,20,35,1,1,1
433,10,505,156,19,35,1,1,1
434,10,502,155,23,38,1,1,1
435,10,503,154,23,38,1,1,1
436,10,503,156,23,37,1,1,1
437,10,502,156,23,37,1,1,1
438,10,502,155,23,38,1,1,1
439,10,502,154,23,38,1,1,1
440,10,502,155,23,37,1,1,1
441,10,502,154,23,38,1,1,1
442,10,502,154,23,38,1,1,1
443,10,502,155,23,37,1,1,1
444,10,502,155,23,37,1,1,1
445,10,504,156,23,38,1,1,1
446,10,505,157,22,37,1,1,1
447,10,503,155,24,39,1,1,1
448,10,505,155,23,40,1,1,1
449,10,505,155,23,40,1,1,1
450,10,504,156,24,39,1,1,1
451,10,504,155,24,40,1,1,1
452,10,505,155,23,40,1,1,1
453,10,504,156,24,39,1,1,1
454,10,504,156,24,39,1,1,1
455,10,505,156,23,39,1,1,1
456,10,505,156,23,39,1,1,1
457,10,504,156,24,39,1,1,1
458,10,505,156,23,39,1,1,1
459,10,505,156,23,39,1,1,1
460,10,504,155,24,40,1,1,1
461,10,504,155,24,40,1,1,1
462,10,504,155,24,40,1,1,1
463,10,504,155,24,40,1,1,1
464,10,504,156,24,39,1,1,1
465,10,504,155,24,40,1,1,1
466,10,503,155,24,40,1,1,1
467,10,503,155,24,40,1,1,1
468,10,504,155,24,40,1,1,1
469,10,504,155,24,40,1,1,1
470,10,505,156,23,39,1,1,1
471,10,505,156,23,39,1,1,1
472,10,505,156,23,39,1,1,1
473,10,504,156,24,39,1,1,1
474,10,504,156,24,39,1,1,1
475,10,504,156,24,39,1,1,1
476,10,504,156,24,39,1,1,1
477,10,504,156,24,39,1,1,1
478,10,504,156,24,39,1,1,1
479,10,505,156,23,39,1,1,1
480,10,505,156,23,39,1,1,1
481,10,505,156,23,39,1,1,1
482,10,503,156,24,39,1,1,1
483,10,504,156,24,39,1,1,1
484,10,503,156,24,39,1,1,1
485,10,505,155,23,40,1,1,1
486,10,505,155,23,40,1,1,1
487,10,505,155,23,40,1,1,1
488,10,505,155,23,40,1,1,1
489,10,504,156,24,39,1,1,1
490,10,505,156,23,39,1,1,1
491,10,504,156,24,39,1,1,1
492,10,505,156,23,39,1,1,1
493,10,504,155,24,40,1,1,1
494,10,505,156,23,39,1,1,1
495,10,504,155,24,40,1,1,1
496,10,504,155,24,40,1,1,1
497,10,505,155,23,40,1,1,1
498,10,504,156,24,39,1,1,1
499,10,504,155,24,40,1,1,1
500,10,504,155,24,40,1,1,1
501,10,505,156,23,39,1,1,1
502,10,504,156,24,39,1,1,1
503,10,504,155,24,40,1,1,1
504,10,505,156,23,39,1,1,1
505,10,504,156,24,39,1,1,1
506,10,505,155,23,40,1,1,1
507,10,505,155,23,40,1,1,1
508,10,505,155,23,40,1,1,1
509,10,505,156,23,39,1,1,1
510,10,505,156,23,39,1,1,1
511,10,505,156,24,39,1,1,1
512,10,505,156,23,40,1,1,1
513,10,505,156,23,39,1,1,1
514,10,505,156,24,40,1,1,1
515,10,506,157,22,38,1,1,1
516,10,506,157,22,38,1,1,1
517,10,506,158,22,37,1,1,1
518,10,505,157,23,38,1,1,1
519,10,505,157,23,37,1,1,1
520,10,505,157,23,37,1,1,1
521,10,505,157,23,38,1,1,1
522,10,504,153,23,37,1,1,1
523,10,503,154,23,37,1,1,1
524,10,503,154,23,37,1,1,1
525,10,503,154,23,37,1,1,1
526,10,503,155,23,37,1,1,1
527,10,502,155,23,38,1,1,1
528,10,503,153,23,37,1,1,1
529,10,503,152,23,37,1,1,1
530,10,503,152,23,39,1,1,1
531,10,502,154,23,39,1,1,1
532,10,502,153,23,39,1,1,1
533,10,503,152,23,39,1,1,1
534,10,502,152,23,39,1,1,1
535,10,502,153,23,39,1,1,1
536,10,502,154,23,39,1,1,1
537,10,502,154,23,39,1,1,1
538,10,502,154,23,39,1,1,1
539,10,503,152,23,39,1,1,1
540,10,503,152,23,39,1,1,1
541,10,502,153,23,39,1,1,1
542,10,503,153,23,39,1,1,1
543,10,503,155,23,39,1,1,1
544,10,503,154,23,39,1,1,1
545,10,503,153,23,39,1,1,1
546,10,505,154,23,39,1,1,1
547,10,506,154,22,39,1,1,1
548,10,506,155,22,39,1,1,1
549,10,506,154,22,39,1,1,1
550,10,505,154,23,39,1,1,1
551,10,505,155,23,39,1,1,1
552,10,505,154,23,39,1,1,1
553,10,506,154,22,39,1,1,1
554,10,506,154,23,39,1,1,1
555,10,506,155,22,39,1,1,1
556,10,506,155,22,39,1,1,1
557,10,506,155,22,39,1,1,1
558,10,506,155,23,39,1,1,1
559,10,506,155,23,39,1,1,1
560,10,506,155,22,39,1,1,1
561,10,506,155,22,39,1,1,1
562,10,506,155,22,39,1,1,1
563,10,506,155,23,39,1,1,1
564,10,506,156,22,37,1,1,1
565,10,507,156,21,38,1,1,1
566,10,506,156,22,38,1,1,1
567,10,507,156,21,37,1,1,1
568,10,507,156,21,37,1,1,1
569,10,506,154,23,39,1,1,1
570,10,506,155,22,39,1,1,1
571,10,506,155,22,39,1,1,1
572,10,506,155,23,39,1,1,1
573,10,506,154,22,39,1,1,1
574,10,506,155,22,39,1,1,1
575,10,506,154,23,39,1,1,1
576,10,507,155,22,39,1,1,1
577,10,506,156,23,39,1,1,1
578,10,506,155,22,39,1,1,1
579,10,506,156,23,39,1,1,1
580,10,506,156,22,39,1,1,1
581,10,506,155,23,39,1,1,1
582,10,507,155,22,39,1,1,1
583,10,507,157,22,37,1,1,1
584,10,507,157,21,37,1,1,1
585,10,507,157,21,37,1,1,1
586,10,507,157,21,37,1,1,1
587,10,507,157,21,37,1,1,1
588,10,507,156,21,38,1,1,1
589,10,507,156,21,38,1,1,1
590,10,507,157,22,37,1,1,1
591,10,507,157,21,37,1,1,1
592,10,507,156,22,38,1,1,1
593,10,507,156,21,38,1,1,1
594,10,507,157,21,37,1,1,1
595,10,507,156,21,38,1,1,1
596,10,507,157,22,37,1,1,1
597,10,507,156,22,38,1,1,1
598,10,507,157,21,37,1,1,1
599,10,507,156,22,38,1,1,1
600,10,507,156,22,38,1,1,1
601,10,508,156,21,38,1,1,1
602,10,507,156,22,38,1,1,1
603,10,507,156,22,38,1,1,1
604,10,507,156,22,38,1,1,1
605,10,507,156,22,37,1,1,1
606,10,507,156,22,37,1,1,1
607,10,507,156,22,37,1,1,1
608,10,508,156,21,37,1,1,1
609,10,507,156,21,37,1,1,1
610,10,507,156,21,37,1,1,1
611,10,507,156,22,37,1,1,1
612,10,507,156,22,38,1,1,1
613,10,507,157,21,37,1,1,1
614,10,507,156,21,38,1,1,1
615,10,507,157,22,37,1,1,1
616,10,507,156,21,38,1,1,1
617,10,507,157,21,37,1,1,1
618,10,504,152,22,37,1,1,1
619,10,504,153,22,36,1,1,1
620,10,504,153,22,36,1,1,1
621,10,504,153,22,36,1,1,1
622,10,504,153,22,36,1,1,1
623,10,504,154,22,36,1,1,1
624,10,504,154,22,36,1,1,1
625,10,503,153,22,36,1,1,1
626,10,504,154,22,36,1,1,1
627,10,507,155,21,36,1,1,1
628,10,507,155,21,37,1,1,1
629,10,506,155,22,36,1,1,1
630,10,506,155,22,36,1,1,1
631,10,507,155,21,37,1,1,1
632,10,507,155,22,37,1,1,1
633,10,507,155,22,36,1,1,1
634,10,507,155,22,36,1,1,1
635,10,507,155,22,36,1,1,1
636,10,507,155,22,37,1,1,1
637,10,507,155,21,37,1,1,1
638,10,507,155,21,37,1,1,1
639,10,507,156,21,36,1,1,1
640,10,507,156,21,36,1,1,1
641,10,507,156,21,36,1,1,1
642,10,507,156,21,37,1,1,1
643,10,508,156,20,35,1,1,1
644,10,507,156,22,37,1,1,1
645,10,508,157,20,35,1,1,1
646,10,507,156,22,37,1,1,1
647,10,507,157,21,35,1,1,1
648,10,508,157,20,35,1,1,1
649,10,507,157,21,35,1,1,1
650,10,507,157,21,35,1,1,1
651,10,505,154,20,35,1,1,1
652,10,505,153,21,35,1,1,1
653,10,504,153,21,37,1,1,1
654,10,506,154,20,37,1,1,1
655,10,505,153,21,37,1,1,1
656,10,505,153,21,37,1,1,1
657,10,505,153,21,37,1,1,1
658,10,504,153,21,37,1,1,1
659,10,504,153,21,37,1,1,1
660,10,504,153,21,37,1,1,1
661,10,505,152,21,40,1,1,1
662,10,505,154,21,40,1,1,1
663,10,504,153,22,40,1,1,1
664,10,504,153,22,41,1,1,1
665,10,504,152,21,40,1,1,1
666,10,502,151,22,40,1,1,1
667,10,504,151,22,41,1,1,1
668,10,505,152,21,40,1,1,1
669,10,505,152,21,40,1,1,1
670,10,505,152,21,40,1,1,1
671,10,504,152,22,40,1,1,1
672,10,504,152,22,40,1,1,1
673,10,506,152,21,41,1,1,1
674,10,505,152,22,42,1,1,1
675,10,506,152,22,42,1,1,1
676,10,505,151,22,43,1,1,1
677,10,505,152,22,42,1,1,1
678,10,505,151,22,43,1,1,1
679,10,506,152,22,42,1,1,1
680,10,506,151,22,43,1,1,1
681,10,505,151,22,43,1,1,1
682,10,506,152,22,42,1,1,1
683,10,505,152,22,42,1,1,1
684,10,506,151,22,43,1,1,1
685,10,505,152,22,43,1,1,1
686,10,506,152,22,42,1,1,1
687,10,506,152,22,43,1,1,1
688,10,505,152,22,42,1,1,1
689,10,506,151,22,43,1,1,1
690,10,505,151,22,43,1,1,1
691,10,505,152,22,42,1,1,1
692,10,506,152,22,43,1,1,1
693,10,506,152,22,42,1,1,1
694,10,505,152,22,42,1,1,1
695,10,506,152,22,43,1,1,1
696,10,505,152,22,43,1,1,1
697,10,506,151,22,43,1,1,1
698,10,506,152,22,42,1,1,1
699,10,506,152,22,42,1,1,1
700,10,506,152,22,42,1,1,1
701,10,506,152,22,43,1,1,1
702,10,506,152,22,42,1,1,1
703,10,506,152,22,42,1,1,1
704,10,506,151,22,43,1,1,1
705,10,506,152,22,42,1,1,1
706,10,506,151,22,43,1,1,1
707,10,506,152,22,42,1,1,1
708,10,506,151,22,43,1,1,1
709,10,506,152,22,42,1,1,1
710,10,506,152,22,42,1,1,1
711,10,506,152,22,43,1,1,1
712,10,506,152,22,42,1,1,1
713,10,506,152,22,43,1,1,1
714,10,506,152,22,42,1,1,1
715,10,506,152,22,43,1,1,1
716,10,506,152,22,42,1,1,1
717,10,506,151,22,43,1,1,1
718,10,506,152,22,42,1,1,1
719,10,506,151,22,43,1,1,1
720,10,506,152,22,43,1,1,1
721,10,506,152,22,42,1,1,1
722,10,507,152,22,43,1,1,1
723,10,507,152,22,42,1,1,1
724,10,506,152,22,42,1,1,1
725,10,507,152,22,43,1,1,1
726,10,506,152,22,43,1,1,1
727,10,507,152,22,42,1,1,1
728,10,506,152,22,43,1,1,1
729,10,507,152,22,43,1,1,1
730,10,507,152,22,42,1,1,1
731,10,507,152,22,42,1,1,1
732,10,507,152,22,43,1,1,1
733,10,506,152,22,43,1,1,1
734,10,506,152,22,42,1,1,1
735,10,507,152,22,42,1,1,1
736,10,507,152,22,43,1,1,1
737,10,507,152,22,43,1,1,1
738,10,507,152,22,43,1,1,1
739,10,507,152,22,42,1,1,1
740,10,507,152,22,42,1,1,1
741,10,507,152,22,42,1,1,1
742,10,507,152,22,42,1,1,1
743,10,507,152,22,42,1,1,1
744,10,507,152,22,42,1,1,1
745,10,507,152,22,42,1,1,1
746,10,507,152,22,42,1,1,1
747,10,507,152,22,42,1,1,1
748,10,507,152,22,42,1,1,1
749,10,507,152,22,42,1,1,1
750,10,507,152,22,42,1,1,1
751,10,507,152,22,42,1,1,1
752,10,507,152,22,42,1,1,1
753,10,507,152,22,42,1,1,1
754,10,507,152,22,42,1,1,1
755,10,507,152,22,42,1,1,1
756,10,507,152,22,43,1,1,1
757,10,507,152,22,43,1,1,1
758,10,507,152,22,43,1,1,1
759,10,507,152,22,42,1,1,1
760,10,507,152,22,43,1,1,1
761,10,507,152,22,43,1,1,1
762,10,507,152,22,43,1,1,1
763,10,507,152,22,42,1,1,1
764,10,507,152,22,43,1,1,1
765,10,507,152,22,43,1,1,1
766,10,507,152,22,42,1,1,1
767,10,507,152,22,43,1,1,1
768,10,507,152,22,42,1,1,1
769,10,507,152,22,43,1,1,1
770,10,507,152,22,43,1,1,1
771,10,507,152,22,43,1,1,1
772,10,507,152,22,43,1,1,1
773,10,507,153,22,42,1,1,1
774,10,507,152,22,43,1,1,1
775,10,507,153,22,42,1,1,1
776,10,507,152,22,43,1,1,1
777,10,507,152,22,43,1,1,1
778,10,507,153,22,42,1,1,1
779,10,507,152,22,43,1,1,1
780,10,507,153,22,42,1,1,1
781,10,507,152,22,43,1,1,1
782,10,507,153,22,42,1,1,1
783,10,507,153,22,42,1,1,1
784,10,507,152,22,43,1,1,1
785,10,507,153,22,42,1,1,1
786,10,507,152,22,43,1,1,1
787,10,507,152,22,43,1,1,1
788,10,504,152,23,43,1,1,1
789,10,504,152,22,43,1,1,1
790,10,506,153,22,42,1,1,1
791,10,507,153,22,43,1,1,1
792,10,506,153,22,42,1,1,1
793,10,506,153,22,43,1,1,1
794,10,506,153,22,42,1,1,1
795,10,507,153,22,42,1,1,1
796,10,507,153,22,43,1,1,1
797,10,507,153,22,42,1,1,1
798,10,507,153,22,42,1,1,1
799,10,507,153,22,43,1,1,1
800,10,507,153,22,42,1,1,1
801,10,506,153,22,42,1,1,1
802,10,506,153,22,43,1,1,1
803,10,506,153,22,43,1,1,1
804,10,506,153,22,43,1,1,1
805,10,506,153,22,43,1,1,1
806,10,507,154,22,42,1,1,1
807,10,507,154,22,42,1,1,1
808,10,507,153,22,43,1,1,1
809,10,507,153,22,43,1,1,1
810,10,506,154,22,42,1,1,1
811,10,507,153,22,43,1,1,1
812,10,507,153,22,43,1,1,1
813,10,507,154,22,42,1,1,1
814,10,507,154,22,42,1,1,1
815,10,506,153,22,43,1,1,1
816,10,507,153,22,43,1,1,1
817,10,507,153,22,43,1,1,1
818,10,507,154,22,42,1,1,1
819,10,507,154,22,42,1,1,1
820,10,507,154,22,42,1,1,1
821,10,506,154,22,42,1,1,1
822,10,507,153,22,43,1,1,1
823,10,506,153,22,43,1,1,1
824,10,507,153,22,43,1,1,1
825,10,507,154,22,42,1,1,1
826,10,506,154,22,42,1,1,1
827,10,506,153,22,43,1,1,1
828,10,507,153,22,43,1,1,1
829,10,507,154,22,42,1,1,1
830,10,507,154,22,42,1,1,1
831,10,506,153,22,43,1,1,1
832,10,506,153,22,43,1,1,1
833,10,506,154,22,42,1,1,1
834,10,506,154,22,42,1,1,1
835,10,506,153,22,43,1,1,1
836,10,507,153,22,43,1,1,1
837,10,507,153,22,43,1,1,1
838,10,507,154,22,43,1,1,1
839,10,506,154,22,42,1,1,1
840,10,507,153,22,43,1,1,1
841,10,507,153,22,43,1,1,1
842,10,507,154,22,42,1,1,1
843,10,506,154,22,42,1,1,1
844,10,506,154,22,42,1,1,1
845,10,507,153,22,43,1,1,1
846,10,506,153,22,43,1,1,1
847,10,507,154,22,42,1,1,1
848,10,507,154,22,42,1,1,1
849,10,506,153,22,43,1,1,1
850,10,507,153,22,43,1,1,1
851,10,507,154,22,43,1,1,1
852,10,506,153,22,43,1,1,1
853,10,507,153,22,43,1,1,1
854,10,507,153,22,43,1,1,1
855,10,507,154,22,42,1,1,1
856,10,507,154,22,43,1,1,1
857,10,507,153,22,43,1,1,1
858,10,507,153,22,43,1,1,1
859,10,506,154,22,43,1,1,1
860,10,507,154,22,42,1,1,1
861,10,507,154,22,42,1,1,1
862,10,506,154,22,43,1,1,1
863,10,506,153,22,43,1,1,1
864,10,507,153,22,43,1,1,1
865,10,507,154,22,42,1,1,1
866,10,507,154,22,42,1,1,1
867,10,506,154,22,42,1,1,1
868,10,506,154,22,42,1,1,1
869,10,507,154,22,42,1,1,1
870,10,507,154,22,42,1,1,1
871,10,507,153,22,43,1,1,1
872,10,507,154,22,43,1,1,1
873,10,507,154,22,42,1,1,1
874,10,507,154,22,42,1,1,1
875,10,507,153,22,43,1,1,1
876,10,507,154,22,42,1,1,1
877,10,507,153,22,43,1,1,1
878,10,507,154,22,42,1,1,1
879,10,507,154,22,42,1,1,1
880,10,507,153,22,43,1,1,1
881,10,507,154,22,42,1,1,1
882,10,507,153,22,43,1,1,1
883,10,507,153,22,43,1,1,1
884,10,507,154,22,43,1,1,1
885,10,507,153,22,43,1,1,1
886,10,507,154,22,42,1,1,1
887,10,507,153,22,43,1,1,1
888,10,507,154,22,43,1,1,1
889,10,507,153,22,43,1,1,1
890,10,507,154,22,42,1,1,1
891,10,507,153,22,43,1,1,1
892,10,507,154,22,42,1,1,1
893,10,507,154,22,42,1,1,1
894,10,507,154,22,42,1,1,1
895,10,507,154,22,42,1,1,1
896,10,507,154,22,42,1,1,1
897,10,507,153,22,43,1,1,1
898,10,507,154,22,43,1,1,1
899,10,507,153,22,43,1,1,1
900,10,504,153,24,39,1,1,1
1,17,547,157,23,33,1,1,1
2,17,548,157,23,33,1,1,1
3,17,548,157,23,33,1,1,1
4,17,548,157,23,33,1,1,1
5,17,545,156,26,35,1,1,1
6,17,546,155,25,33,1,1,1
7,17,547,154,23,33,1,1,1
8,17,548,155,24,33,1,1,1
9,17,545,155,26,33,1,1,1
10,17,546,155,26,33,1,1,1
11,17,545,155,28,33,1,1,1
12,17,546,155,26,33,1,1,1
13,17,546,155,27,33,1,1,1
14,17,547,155,26,33,1,1,1
15,17,547,155,25,33,1,1,1
16,17,547,155,26,33,1,1,1
17,17,547,155,26,33,1,1,1
18,17,547,155,27,33,1,1,1
19,17,547,154,26,33,1,1,1
20,17,543,155,29,33,1,1,1
21,17,544,155,28,33,1,1,1
22,17,542,155,31,33,1,1,1
23,17,540,155,33,33,1,1,1
24,17,538,155,34,33,1,1,1
25,17,539,155,33,33,1,1,1
26,17,537,155,35,33,1,1,1
27,17,536,154,37,34,1,1,1
28,17,537,154,37,34,1,1,1
29,17,537,155,37,33,1,1,1
30,17,536,154,37,34,1,1,1
31,17,537,155,37,34,1,1,1
32,17,537,154,37,34,1,1,1
33,17,536,155,37,33,1,1,1
34,17,539,155,34,34,1,1,1
35,17,543,155,32,34,1,1,1
36,17,546,156,32,33,1,1,1
37,17,547,156,31,33,1,1,1
38,17,547,155,31,34,1,1,1
39,17,547,155,31,34,1,1,1
40,17,547,154,31,34,1,1,1
41,17,547,155,31,34,1,1,1
42,17,547,155,31,33,1,1,1
43,17,546,156,32,33,1,1,1
44,17,547,156,31,33,1,1,1
45,17,547,156,31,33,1,1,1
46,17,547,156,26,33,1,1,1
47,17,547,154,26,34,1,1,1
48,17,544,154,31,34,1,1,1
49,17,542,154,31,33,1,1,1
50,17,543,154,31,34,1,1,1
51,17,543,154,31,33,1,1,1
52,17,545,153,31,34,1,1,1
53,17,546,154,30,34,1,1,1
54,17,545,154,31,33,1,1,1
55,17,546,154,30,33,1,1,1
56,17,543,154,31,34,1,1,1
57,17,546,154,30,33,1,1,1
58,17,546,154,30,34,1,1,1
59,17,545,154,31,33,1,1,1
60,17,541,154,31,34,1,1,1
61,17,540,154,34,34,1,1,1
62,17,539,154,37,34,1,1,1
63,17,540,155,37,33,1,1,1
64,17,541,154,37,34,1,1,1
65,17,541,154,37,34,1,1,1
66,17,541,154,37,34,1,1,1
67,17,540,155,37,33,1,1,1
68,17,540,154,37,33,1,1,1
69,17,538,155,37,33,1,1,1
70,17,540,155,37,34,1,1,1
71,17,540,155,37,34,1,1,1
72,17,540,155,37,34,1,1,1
73,17,541,155,37,34,1,1,1
74,17,541,155,37,34,1,1,1
75,17,541,156,37,33,1,1,1
76,17,541,156,37,33,1,1,1
77,17,541,156,37,33,1,1,1
78,17,541,156,37,33,1,1,1
79,17,541,156,37,33,1,1,1
80,17,541,156,37,33,1,1,1
81,17,541,156,37,33,1,1,1
82,17,541,155,37,34,1,1,1
83,17,541,156,37,33,1,1,1
84,17,540,155,37,34,1,1,1
85,17,541,155,37,34,1,1,1
86,17,541,156,37,33,1,1,1
87,17,542,155,32,34,1,1,1
88,17,542,155,32,34,1,1,1
89,17,543,155,31,34,1,1,1
90,17,542,155,32,33,1,1,1
91,17,545,155,30,34,1,1,1
92,17,545,155,31,34,1,1,1
93,17,545,155,31,34,1,1,1
94,17,545,155,30,35,1,1,1
95,17,546,155,28,35,1,1,1
96,17,545,155,30,35,1,1,1
97,17,545,155,30,35,1,1,1
98,17,545,156,30,35,1,1,1
99,17,546,155,29,35,1,1,1
100,17,546,155,26,35,1,1,1
101,17,546,155,26,35,1,1,1
102,17,548,155,26,35,1,1,1
103,17,548,156,26,35,1,1,1
104,17,548,155,26,35,1,1,1
105,17,547,155,26,35,1,1,1
106,17,546,155,26,35,1,1,1
107,17,547,155,26,35,1,1,1
108,17,547,155,26,35,1,1,1
109,17,547,155,26,35,1,1,1
110,17,547,155,26,35,1,1,1
111,17,547,155,26,35,1,1,1
112,17,547,156,26,35,1,1,1
113,17,547,156,26,35,1,1,1
114,17,547,156,26,35,1,1,1
115,17,547,156,26,35,1,1,1
116,17,547,156,26,35,1,1,1
117,17,547,155,26,35,1,1,1
118,17,547,156,26,35,1,1,1
119,17,546,155,26,35,1,1,1
120,17,546,156,26,35,1,1,1
121,17,546,156,26,35,1,1,1
122,17,546,155,26,35,1,1,1
123,17,546,156,26,35,1,1,1
124,17,546,156,26,35,1,1,1
125,17,546,156,26,35,1,1,1
126,17,546,156,26,35,1,1,1
127,17,546,156,26,35,1,1,1
128,17,546,156,26,35,1,1,1
129,17,546,156,26,35,1,1,1
130,17,546,156,26,35,1,1,1
131,17,546,156,26,35,1,1,1
132,17,546,156,26,35,1,1,1
133,17,546,157,26,35,1,1,1
134,17,547,156,26,35,1,1,1
135,17,547,157,26,35,1,1,1
136,17,547,157,26,35,1,1,1
137,17,547,156,26,35,1,1,1
138,17,547,157,26,35,1,1,1
139,17,546,156,26,35,1,1,1
140,17,547,156,26,35,1,1,1
141,17,547,156,26,35,1,1,1
142,17,547,155,24,33,1,1,1
143,17,547,156,24,33,1,1,1
144,17,547,156,26,35,1,1,1
145,17,547,155,26,35,1,1,1
146,17,547,156,26,35,1,1,1
147,17,547,155,26,35,1,1,1
148,17,547,156,26,35,1,1,1
149,17,547,156,26,35,1,1,1
150,17,547,156,26,35,1,1,1
151,17,546,156,26,35,1,1,1
152,17,547,156,26,35,1,1,1
153,17,547,155,26,35,1,1,1
154,17,547,156,26,35,1,1,1
155,17,547,156,26,35,1,1,1
156,17,547,156,26,35,1,1,1
157,17,547,156,26,35,1,1,1
158,17,547,156,26,35,1,1,1
159,17,548,156,26,35,1,1,1
160,17,547,156,26,35,1,1,1
161,17,547,155,26,35,1,1,1
162,17,547,156,26,35,1,1,1
163,17,547,156,26,35,1,1,1
164,17,547,156,26,35,1,1,1
165,17,546,156,26,35,1,1,1
166,17,547,155,26,35,1,1,1
167,17,546,156,26,35,1,1,1
168,17,547,156,26,35,1,1,1
169,17,547,156,26,35,1,1,1
170,17,547,157,26,35,1,1,1
171,17,546,155,24,34,1,1,1
172,17,545,155,25,34,1,1,1
173,17,545,156,25,32,1,1,1
174,17,545,156,25,33,1,1,1
175,17,545,155,23,34,1,1,1
176,17,546,155,25,33,1,1,1
177,17,546,155,24,34,1,1,1
178,17,546,155,23,34,1,1,1
179,17,546,156,23,32,1,1,1
180,17,546,154,23,35,1,1,1
181,17,545,155,23,35,1,1,1
182,17,545,157,23,34,1,1,1
183,17,545,158,24,32,1,1,1
184,17,544,155,24,33,1,1,1
185,17,544,155,24,32,1,1,1
186,17,541,154,28,36,1,1,1
187,17,541,154,27,36,1,1,1
188,17,541,154,27,35,1,1,1
189,17,540,154,27,35,1,1,1
190,17,540,154,27,35,1,1,1
191,17,540,154,27,36,1,1,1
192,17,540,154,28,36,1,1,1
193,17,539,154,28,35,1,1,1
194,17,540,155,27,35,1,1,1
195,17,538,156,30,36,1,1,1
196,17,536,155,33,35,1,1,1
197,17,536,155,32,35,1,1,1
198,17,537,156,33,34,1,1,1
199,17,537,156,32,34,1,1,1
200,17,537,156,32,35,1,1,1
201,17,537,156,33,34,1,1,1
202,17,537,156,33,35,1,1,1
203,17,537,156,33,35,1,1,1
204,17,537,157,33,34,1,1,1
205,17,536,157,33,34,1,1,1
206,17,537,156,32,35,1,1,1
207,17,537,157,32,34,1,1,1
208,17,537,157,33,34,1,1,1
209,17,537,157,33,34,1,1,1
210,17,537,156,33,34,1,1,1
211,17,537,156,32,35,1,1,1
212,17,536,157,33,34,1,1,1
213,17,537,156,32,35,1,1,1
214,17,537,156,32,35,1,1,1
215,17,536,157,33,34,1,1,1
216,17,537,157,32,34,1,1,1
217,17,537,156,32,35,1,1,1
218,17,536,156,33,35,1,1,1
219,17,536,157,33,34,1,1,1
220,17,537,157,32,34,1,1,1
221,17,537,156,32,35,1,1,1
222,17,537,157,32,34,1,1,1
223,17,536,157,33,34,1,1,1
224,17,536,157,33,35,1,1,1
225,17,537,156,32,35,1,1,1
226,17,537,156,32,35,1,1,1
227,17,536,156,33,35,1,1,1
228,17,536,157,33,35,1,1,1
229,17,537,156,32,35,1,1,1
230,17,537,156,32,35,1,1,1
231,17,537,156,32,35,1,1,1
232,17,536,156,33,35,1,1,1
233,17,537,156,32,35,1,1,1
234,17,537,156,33,35,1,1,1
235,17,537,156,33,35,1,1,1
236,17,537,156,32,35,1,1,1
237,17,537,156,32,35,1,1,1
238,17,537,156,33,35,1,1,1
239,17,537,157,32,34,1,1,1
240,17,537,157,33,35,1,1,1
241,17,537,157,32,34,1,1,1
242,17,538,156,32,35,1,1,1
243,17,537,157,32,35,1,1,1
244,17,537,157,33,34,1,1,1
245,17,537,157,32,35,1,1,1
246,17,537,156,33,35,1,1,1
247,17,537,157,32,34,1,1,1
248,17,537,157,33,34,1,1,1
249,17,537,158,32,34,1,1,1
250,17,537,158,33,34,1,1,1
251,17,537,157,32,35,1,1,1
252,17,538,157,32,34,1,1,1
253,17,537,157,33,35,1,1,1
254,17,537,157,33,34,1,1,1
255,17,537,157,33,35,1,1,1
256,17,537,156,33,35,1,1,1
257,17,537,157,33,34,1,1,1
258,17,538,156,32,35,1,1,1
259,17,537,157,33,34,1,1,1
260,17,538,156,32,35,1,1,1
261,17,537,157,33,35,1,1,1
262,17,537,157,33,34,1,1,1
263,17,537,157,33,35,1,1,1
264,17,537,157,33,34,1,1,1
265,17,537,158,33,34,1,1,1
266,17,538,158,32,34,1,1,1
267,17,538,158,32,34,1,1,1
268,17,537,158,33,34,1,1,1
269,17,537,157,33,34,1,1,1
270,17,537,157,33,34,1,1,1
271,17,537,157,33,35,1,1,1
272,17,538,157,32,35,1,1,1
273,17,537,157,33,34,1,1,1
274,17,538,157,32,34,1,1,1
275,17,537,157,33,35,1,1,1
276,17,538,156,33,35,1,1,1
277,17,538,157,33,35,1,1,1
278,17,539,156,32,35,1,1,1
279,17,539,157,32,34,1,1,1
280,17,539,156,32,35,1,1,1
281,17,539,157,33,34,1,1,1
282,17,539,156,33,34,1,1,1
283,17,539,157,32,34,1,1,1
284,17,539,156,32,35,1,1,1
285,17,539,156,32,35,1,1,1
286,17,539,156,33,35,1,1,1
287,17,540,156,32,35,1,1,1
288,17,540,156,32,34,1,1,1
289,17,540,156,33,35,1,1,1
290,17,540,157,32,34,1,1,1
291,17,540,157,33,34,1,1,1
292,17,540,156,32,34,1,1,1
293,17,540,156,33,35,1,1,1
294,17,541,156,32,34,1,1,1
295,17,541,156,33,34,1,1,1
296,17,541,156,33,34,1,1,1
297,17,541,155,32,35,1,1,1
298,17,542,155,32,35,1,1,1
299,17,542,156,32,34,1,1,1
300,17,542,156,32,34,1,1,1
301,17,541,156,33,34,1,1,1
302,17,541,156,33,34,1,1,1
303,17,541,156,33,35,1,1,1
304,17,541,156,33,34,1,1,1
305,17,542,156,33,34,1,1,1
306,17,542,156,32,34,1,1,1
307,17,547,156,24,35,1,1,1
308,17,548,156,24,36,1,1,1
309,17,548,156,24,35,1,1,1
310,17,548,156,24,36,1,1,1
311,17,548,156,24,35,1,1,1
312,17,549,156,24,35,1,1,1
313,17,548,156,24,35,1,1,1
314,17,548,156,24,35,1,1,1
315,17,549,156,24,35,1,1,1
316,17,549,156,24,35,1,1,1
317,17,548,156,24,35,1,1,1
318,17,548,156,24,35,1,1,1
319,17,548,156,24,35,1,1,1
320,17,549,155,24,36,1,1,1
321,17,549,156,24,36,1,1,1
322,17,548,156,24,35,1,1,1
323,17,548,156,24,35,1,1,1
324,17,549,156,24,35,1,1,1
325,17,548,156,24,36,1,1,1
326,17,548,156,24,35,1,1,1
327,17,549,156,24,36,1,1,1
328,17,549,157,24,35,1,1,1
329,17,549,156,24,36,1,1,1
330,17,549,157,24,35,1,1,1
331,17,549,157,24,36,1,1,1
332,17,549,157,24,36,1,1,1
333,17,549,157,24,36,1,1,1
334,17,549,157,24,36,1,1,1
335,17,549,157,24,36,1,1,1
336,17,549,157,24,36,1,1,1
337,17,549,156,24,36,1,1,1
338,17,549,157,24,36,1,1,1
339,17,549,157,24,36,1,1,1
340,17,548,157,24,35,1,1,1
341,17,549,157,24,35,1,1,1
342,17,549,157,24,36,1,1,1
343,17,549,157,24,36,1,1,1
344,17,549,157,24,35,1,1,1
345,17,549,156,24,36,1,1,1
346,17,549,158,24,35,1,1,1
347,17,548,158,24,35,1,1,1
348,17,549,157,24,35,1,1,1
349,17,549,157,24,35,1,1,1
350,17,549,157,24,35,1,1,1
351,17,549,157,24,35,1,1,1
352,17,549,157,24,35,1,1,1
353,17,549,157,24,36,1,1,1
354,17,549,157,24,36,1,1,1
355,17,549,157,24,35,1,1,1
356,17,548,157,24,36,1,1,1
357,17,548,157,24,36,1,1,1
358,17,548,157,24,36,1,1,1
359,17,548,157,24,36,1,1,1
360,17,548,157,24,36,1,1,1
361,17,548,157,24,36,1,1,1
362,17,547,155,25,37,1,1,1
363,17,549,156,25,37,1,1,1
364,17,548,156,26,37,1,1,1
365,17,549,155,25,37,1,1,1
366,17,549,155,25,37,1,1,1
367,17,549,156,25,37,1,1,1
368,17,548,156,26,37,1,1,1
369,17,548,156,26,37,1,1,1
370,17,549,156,25,37,1,1,1
371,17,548,156,26,37,1,1,1
372,17,548,155,26,37,1,1,1
373,17,549,156,25,37,1,1,1
374,17,548,156,26,37,1,1,1
375,17,548,157,26,37,1,1,1
376,17,548,157,25,37,1,1,1
377,17,548,157,26,37,1,1,1
378,17,548,157,26,37,1,1,1
379,17,548,157,25,37,1,1,1
380,17,548,157,26,37,1,1,1
381,17,548,156,26,37,1,1,1
382,17,548,156,26,37,1,1,1
383,17,548,156,26,37,1,1,1
384,17,548,156,26,37,1,1,1
385,17,548,156,25,37,1,1,1
386,17,548,156,23,37,1,1,1
387,17,549,156,24,37,1,1,1
388,17,549,156,24,37,1,1,1
389,17,549,157,24,36,1,1,1
390,17,549,157,23,36,1,1,1
391,17,549,157,24,36,1,1,1
392,17,549,156,24,37,1,1,1
393,17,549,157,23,36,1,1,1
394,17,549,157,24,36,1,1,1
395,17,549,156,24,37,1,1,1
396,17,549,157,23,36,1,1,1
397,17,549,156,24,37,1,1,1
398,17,549,156,24,37,1,1,1
399,17,549,156,23,37,1,1,1
400,17,549,157,24,36,1,1,1
401,17,549,156,24,37,1,1,1
402,17,548,156,24,37,1,1,1
403,17,549,157,23,36,1,1,1
404,17,549,157,23,37,1,1,1
405,17,549,157,23,36,1,1,1
406,17,549,156,23,37,1,1,1
407,17,549,157,23,36,1,1,1
408,17,549,157,23,37,1,1,1
409,17,549,157,23,36,1,1,1
410,17,549,157,23,37,1,1,1
411,17,549,157,23,37,1,1,1
412,17,549,157,24,37,1,1,1
413,17,548,157,24,37,1,1,1
414,17,549,157,23,36,1,1,1
415,17,549,157,23,37,1,1,1
416,17,549,157,24,37,1,1,1
417,17,549,157,23,37,1,1,1
418,17,549,156,23,37,1,1,1
419,17,549,157,23,36,1,1,1
420,17,549,157,23,37,1,1,1
421,17,549,157,24,36,1,1,1
422,17,549,157,24,36,1,1,1
423,17,549,156,24,37,1,1,1
424,17,549,157,23,36,1,1,1
425,17,549,157,23,36,1,1,1
426,17,549,157,23,37,1,1,1
427,17,549,156,24,37,1,1,1
428,17,549,157,24,37,1,1,1
429,17,549,157,24,36,1,1,1
430,17,549,157,23,36,1,1,1
431,17,549,156,23,37,1,1,1
432,17,549,156,24,37,1,1,1
433,17,550,157,23,37,1,1,1
434,17,549,157,23,36,1,1,1
435,17,549,157,24,37,1,1,1
436,17,550,157,23,37,1,1,1
437,17,549,157,24,36,1,1,1
438,17,550,157,23,37,1,1,1
439,17,549,157,24,36,1,1,1
440,17,550,157,23,37,1,1,1
441,17,549,157,24,37,1,1,1
442,17,550,157,23,36,1,1,1
443,17,549,157,24,37,1,1,1
444,17,550,158,23,36,1,1,1
445,17,549,157,24,37,1,1,1
446,17,550,156,23,37,1,1,1
447,17,549,156,24,37,1,1,1
448,17,549,157,24,36,1,1,1
449,17,549,157,23,36,1,1,1
450,17,549,157,23,37,1,1,1
451,17,550,157,23,36,1,1,1
452,17,549,157,24,36,1,1,1
453,17,549,156,24,37,1,1,1
454,17,550,157,23,36,1,1,1
455,17,549,156,24,37,1,1,1
456,17,549,156,24,37,1,1,1
457,17,550,156,23,37,1,1,1
458,17,550,156,23,37,1,1,1
459,17,549,156,24,37,1,1,1
460,17,550,156,23,37,1,1,1
461,17,550,156,23,37,1,1,1
462,17,549,156,24,37,1,1,1
463,17,549,156,24,37,1,1,1
464,17,550,156,23,37,1,1,1
465,17,550,157,23,36,1,1,1
466,17,550,156,23,37,1,1,1
467,17,550,156,23,37,1,1,1
468,17,549,156,24,37,1,1,1
469,17,549,157,24,36,1,1,1
470,17,549,157,24,36,1,1,1
471,17,547,156,24,37,1,1,1
472,17,549,157,23,37,1,1,1
473,17,548,157,24,36,1,1,1
474,17,548,156,24,37,1,1,1
475,17,549,156,23,37,1,1,1
476,17,548,156,24,37,1,1,1
477,17,549,156,23,37,1,1,1
478,17,548,157,24,37,1,1,1
479,17,549,157,23,37,1,1,1
480,17,549,156,23,37,1,1,1
481,17,549,157,23,36,1,1,1
482,17,548,157,24,37,1,1,1
483,17,549,157,24,36,1,1,1
484,17,549,157,24,36,1,1,1
485,17,549,157,23,36,1,1,1
486,17,548,157,24,37,1,1,1
487,17,549,156,24,37,1,1,1
488,17,549,157,23,37,1,1,1
489,17,549,157,23,37,1,1,1
490,17,548,157,24,37,1,1,1
491,17,549,157,23,36,1,1,1
492,17,548,157,24,36,1,1,1
493,17,549,157,23,37,1,1,1
494,17,548,157,22,35,1,1,1
495,17,550,157,22,35,1,1,1
496,17,550,157,22,35,1,1,1
497,17,549,157,22,35,1,1,1
498,17,549,158,22,34,1,1,1
499,17,550,157,22,35,1,1,1
500,17,549,157,22,35,1,1,1
501,17,549,157,22,35,1,1,1
502,17,550,157,22,35,1,1,1
503,17,550,157,22,35,1,1,1
504,17,549,157,22,35,1,1,1
505,17,549,157,22,35,1,1,1
506,17,549,157,22,35,1,1,1
507,17,549,157,22,35,1,1,1
508,17,549,157,22,35,1,1,1
509,17,549,157,22,35,1,1,1
510,17,549,157,22,35,1,1,1
511,17,549,157,22,35,1,1,1
512,17,549,157,22,35,1,1,1
513,17,549,157,22,35,1,1,1
514,17,549,157,22,35,1,1,1
515,17,549,158,22,34,1,1,1
516,17,549,158,22,34,1,1,1
517,17,549,158,22,35,1,1,1
518,17,549,158,22,34,1,1,1
519,17,549,158,22,34,1,1,1
520,17,549,157,22,35,1,1,1
521,17,549,158,22,34,1,1,1
522,17,549,158,22,35,1,1,1
523,17,549,157,22,35,1,1,1
524,17,549,157,22,35,1,1,1
525,17,549,157,22,35,1,1,1
526,17,549,157,22,35,1,1,1
527,17,549,157,22,35,1,1,1
528,17,549,157,22,35,1,1,1
529,17,549,157,22,35,1,1,1
530,17,549,158,22,34,1,1,1
531,17,549,157,22,35,1,1,1
532,17,549,157,22,35,1,1,1
533,17,549,158,22,34,1,1,1
534,17,549,157,22,35,1,1,1
535,17,549,157,22,35,1,1,1
536,17,549,158,22,34,1,1,1
537,17,549,157,22,35,1,1,1
538,17,549,158,22,34,1,1,1
539,17,549,157,22,35,1,1,1
540,17,549,157,22,35,1,1,1
541,17,549,158,22,34,1,1,1
542,17,549,158,22,34,1,1,1
543,17,549,157,22,35,1,1,1
544,17,549,158,22,35,1,1,1
545,17,550,157,22,35,1,1,1
546,17,549,158,22,34,1,1,1
547,17,549,158,22,35,1,1,1
548,17,550,157,22,35,1,1,1
549,17,549,157,22,35,1,1,1
550,17,549,157,22,35,1,1,1
551,17,549,157,22,35,1,1,1
552,17,549,157,22,35,1,1,1
553,17,549,158,22,34,1,1,1
554,17,549,157,22,35,1,1,1
555,17,549,158,22,34,1,1,1
556,17,549,157,22,35,1,1,1
557,17,549,158,22,34,1,1,1
558,17,550,158,22,35,1,1,1
559,17,550,157,22,35,1,1,1
560,17,550,158,22,34,1,1,1
561,17,549,158,22,35,1,1,1
562,17,549,158,22,34,1,1,1
563,17,549,158,22,34,1,1,1
564,17,550,158,22,34,1,1,1
565,17,549,158,22,35,1,1,1
566,17,550,157,22,35,1,1,1
567,17,550,157,22,35,1,1,1
568,17,550,157,22,35,1,1,1
569,17,549,157,22,35,1,1,1
570,17,550,157,22,35,1,1,1
571,17,550,158,22,34,1,1,1
572,17,549,158,22,34,1,1,1
573,17,549,157,22,34,1,1,1
574,17,550,158,22,35,1,1,1
575,17,549,158,22,34,1,1,1
576,17,550,158,22,34,1,1,1
577,17,550,158,22,34,1,1,1
578,17,549,158,22,35,1,1,1
579,17,550,157,22,35,1,1,1
580,17,549,157,22,35,1,1,1
581,17,550,157,22,35,1,1,1
582,17,549,157,22,35,1,1,1
583,17,549,157,22,35,1,1,1
584,17,549,157,22,35,1,1,1
585,17,549,157,22,35,1,1,1
586,17,549,157,22,35,1,1,1
587,17,549,157,22,35,1,1,1
588,17,549,157,22,35,1,1,1
589,17,549,157,22,35,1,1,1
590,17,550,158,22,34,1,1,1
591,17,550,157,22,35,1,1,1
592,17,549,158,22,34,1,1,1
593,17,549,157,22,34,1,1,1
594,17,550,157,22,35,1,1,1
595,17,550,157,22,35,1,1,1
596,17,550,157,22,35,1,1,1
597,17,550,157,22,34,1,1,1
598,17,550,157,22,35,1,1,1
599,17,550,157,22,35,1,1,1
600,17,550,157,22,34,1,1,1
601,17,551,156,22,35,1,1,1
602,17,550,156,22,34,1,1,1
603,17,550,157,22,34,1,1,1
604,17,550,157,22,34,1,1,1
605,17,550,156,22,35,1,1,1
606,17,550,157,22,34,1,1,1
607,17,550,156,22,35,1,1,1
608,17,550,157,22,35,1,1,1
609,17,550,157,22,34,1,1,1
610,17,550,157,22,34,1,1,1
611,17,550,157,22,35,1,1,1
612,17,550,156,22,35,1,1,1
613,17,550,156,22,35,1,1,1
614,17,550,157,22,35,1,1,1
615,17,550,157,22,35,1,1,1
616,17,551,157,22,34,1,1,1
617,17,550,156,22,35,1,1,1
618,17,550,157,22,35,1,1,1
619,17,551,157,22,34,1,1,1
620,17,550,157,22,35,1,1,1
621,17,550,158,22,34,1,1,1
622,17,551,158,22,34,1,1,1
623,17,550,157,22,35,1,1,1
624,17,551,157,22,34,1,1,1
625,17,551,157,22,34,1,1,1
626,17,551,157,22,34,1,1,1
627,17,551,157,22,35,1,1,1
628,17,551,157,22,34,1,1,1
629,17,551,157,22,34,1,1,1
630,17,551,157,22,34,1,1,1
631,17,551,157,22,35,1,1,1
632,17,551,157,22,35,1,1,1
633,17,551,158,22,34,1,1,1
634,17,551,158,22,34,1,1,1
635,17,550,158,22,34,1,1,1
636,17,550,158,22,34,1,1,1
637,17,551,158,22,34,1,1,1
638,17,551,158,22,34,1,1,1
639,17,551,158,22,35,1,1,1
640,17,550,158,22,35,1,1,1
641,17,550,158,22,35,1,1,1
642,17,550,158,22,35,1,1,1
643,17,551,158,22,34,1,1,1
644,17,551,158,22,34,1,1,1
645,17,551,157,22,35,1,1,1
646,17,551,158,22,35,1,1,1
647,17,549,155,24,37,1,1,1
648,17,551,156,24,36,1,1,1
649,17,551,156,24,36,1,1,1
650,17,551,156,24,37,1,1,1
651,17,548,155,24,37,1,1,1
652,17,548,155,24,37,1,1,1
653,17,549,156,24,36,1,1,1
654,17,550,156,24,37,1,1,1
655,17,550,156,24,36,1,1,1
656,17,549,156,24,37,1,1,1
657,17,549,156,24,37,1,1,1
658,17,550,157,24,36,1,1,1
659,17,549,157,24,36,1,1,1
660,17,549,156,24,37,1,1,1
661,17,550,157,24,37,1,1,1
662,17,550,157,24,36,1,1,1
663,17,550,156,24,37,1,1,1
664,17,550,157,24,36,1,1,1
665,17,550,157,24,36,1,1,1
666,17,550,156,24,37,1,1,1
667,17,550,157,24,36,1,1,1
668,17,550,156,24,37,1,1,1
669,17,550,157,24,36,1,1,1
670,17,550,156,24,37,1,1,1
671,17,550,158,24,36,1,1,1
672,17,550,158,23,35,1,1,1
673,17,550,156,24,36,1,1,1
674,17,550,156,24,37,1,1,1
675,17,550,156,24,37,1,1,1
676,17,549,156,24,37,1,1,1
677,17,549,157,24,36,1,1,1
678,17,550,156,24,37,1,1,1
679,17,549,157,24,36,1,1,1
680,17,550,156,24,37,1,1,1
681,17,549,157,24,37,1,1,1
682,17,549,157,24,36,1,1,1
683,17,549,157,24,36,1,1,1
684,17,548,157,24,37,1,1,1
685,17,549,158,24,36,1,1,1
686,17,549,157,24,37,1,1,1
687,17,549,157,24,36,1,1,1
688,17,549,157,24,36,1,1,1
689,17,549,157,24,36,1,1,1
690,17,549,157,24,36,1,1,1
691,17,548,157,24,37,1,1,1
692,17,549,157,24,36,1,1,1
693,17,549,157,24,37,1,1,1
694,17,548,157,24,37,1,1,1
695,17,548,157,24,37,1,1,1
696,17,549,157,24,37,1,1,1
697,17,549,157,24,37,1,1,1
698,17,548,154,24,38,1,1,1
699,17,547,154,25,38,1,1,1
700,17,547,154,24,37,1,1,1
701,17,548,154,24,38,1,1,1
702,17,548,154,24,37,1,1,1
703,17,548,154,24,37,1,1,1
704,17,547,154,25,37,1,1,1
705,17,547,154,25,37,1,1,1
706,17,547,155,25,37,1,1,1
707,17,548,155,25,37,1,1,1
708,17,548,155,24,37,1,1,1
709,17,548,154,24,38,1,1,1
710,17,547,154,24,38,1,1,1
711,17,547,154,25,37,1,1,1
712,17,547,154,25,38,1,1,1
713,17,548,154,24,38,1,1,1
714,17,548,155,24,37,1,1,1
715,17,548,155,25,37,1,1,1
716,17,547,155,25,37,1,1,1
717,17,548,154,24,38,1,1,1
718,17,548,154,25,38,1,1,1
719,17,548,155,25,38,1,1,1
720,17,548,155,25,38,1,1,1
721,17,547,155,25,38,1,1,1
722,17,547,156,25,38,1,1,1
723,17,548,155,25,38,1,1,1
724,17,548,155,25,38,1,1,1
725,17,547,155,25,38,1,1,1
726,17,548,155,25,38,1,1,1
727,17,547,156,25,38,1,1,1
728,17,548,155,25,38,1,1,1
729,17,547,155,25,38,1,1,1
730,17,546,156,25,38,1,1,1
731,17,547,156,25,38,1,1,1
732,17,548,156,25,38,1,1,1
733,17,548,156,25,38,1,1,1
734,17,548,156,25,38,1,1,1
735,17,548,156,25,38,1,1,1
736,17,548,155,25,38,1,1,1
737,17,548,156,25,38,1,1,1
738,17,549,157,25,38,1,1,1
739,17,548,156,25,38,1,1,1
740,17,547,155,25,38,1,1,1
741,17,547,156,25,38,1,1,1
742,17,547,153,25,38,1,1,1
743,17,547,154,25,38,1,1,1
744,17,547,155,25,38,1,1,1
745,17,547,156,26,36,1,1,1
746,17,549,155,24,38,1,1,1
747,17,549,155,23,35,1,1,1
748,17,549,156,23,35,1,1,1
749,17,549,155,24,37,1,1,1
750,17,550,155,24,37,1,1,1
751,17,550,155,22,36,1,1,1
752,17,546,157,25,33,1,1,1
753,17,548,157,25,33,1,1,1
754,17,548,157,24,33,1,1,1
755,17,548,157,25,33,1,1,1
756,17,548,157,24,33,1,1,1
757,17,549,157,24,33,1,1,1
758,17,548,157,24,33,1,1,1
759,17,548,157,24,33,1,1,1
760,17,548,158,25,33,1,1,1
761,17,548,157,24,33,1,1,1
762,17,548,158,24,33,1,1,1
763,17,548,157,24,33,1,1,1
764,17,547,158,25,33,1,1,1
765,17,548,159,24,32,1,1,1
766,17,548,158,24,33,1,1,1
767,17,548,159,24,33,1,1,1
768,17,548,158,25,34,1,1,1
769,17,547,158,25,34,1,1,1
770,17,547,158,26,34,1,1,1
771,17,547,157,25,35,1,1,1
772,17,547,158,25,34,1,1,1
773,17,547,158,25,34,1,1,1
774,17,547,158,25,35,1,1,1
775,17,546,158,26,35,1,1,1
776,17,548,159,24,33,1,1,1
777,17,547,159,25,33,1,1,1
778,17,547,157,25,35,1,1,1
779,17,548,159,25,33,1,1,1
780,17,548,159,25,33,1,1,1
781,17,548,158,25,33,1,1,1
782,17,548,158,25,33,1,1,1
783,17,548,158,24,33,1,1,1
784,17,548,158,25,33,1,1,1
785,17,548,158,24,33,1,1,1
786,17,548,159,24,33,1,1,1
787,17,547,159,25,33,1,1,1
788,17,547,159,25,33,1,1,1
789,17,548,159,24,33,1,1,1
790,17,548,159,25,33,1,1,1
791,17,548,158,24,33,1,1,1
792,17,548,158,25,33,1,1,1
793,17,548,158,24,33,1,1,1
794,17,548,158,25,33,1,1,1
795,17,547,157,25,33,1,1,1
796,17,549,157,25,33,1,1,1
797,17,549,157,25,33,1,1,1
798,17,547,156,24,33,1,1,1
799,17,548,157,25,33,1,1,1
800,17,549,158,24,33,1,1,1
801,17,549,157,24,33,1,1,1
802,17,549,157,24,33,1,1,1
803,17,549,158,24,33,1,1,1
804,17,548,157,25,33,1,1,1
805,17,548,157,25,33,1,1,1
806,17,548,157,25,33,1,1,1
807,17,549,158,24,33,1,1,1
808,17,549,157,25,33,1,1,1
809,17,549,158,24,33,1,1,1
810,17,549,157,24,33,1,1,1
811,17,549,157,25,35,1,1,1
812,17,548,157,26,35,1,1,1
813,17,548,157,26,35,1,1,1
814,17,548,157,26,35,1,1,1
815,17,548,157,26,35,1,1,1
816,17,548,157,26,35,1,1,1
817,17,548,156,26,35,1,1,1
818,17,548,157,26,34,1,1,1
819,17,548,157,26,34,1,1,1
820,17,548,157,25,34,1,1,1
821,17,548,157,26,34,1,1,1
822,17,548,157,25,35,1,1,1
823,17,548,157,26,35,1,1,1
824,17,548,157,25,34,1,1,1
825,17,548,157,25,35,1,1,1
826,17,548,157,26,34,1,1,1
827,17,548,157,26,34,1,1,1
828,17,548,157,26,35,1,1,1
829,17,548,157,26,35,1,1,1
830,17,549,157,25,35,1,1,1
831,17,548,157,26,34,1,1,1
832,17,549,157,25,35,1,1,1
833,17,548,157,26,35,1,1,1
834,17,548,157,26,35,1,1,1
835,17,548,158,26,34,1,1,1
836,17,548,157,26,35,1,1,1
837,17,548,157,26,35,1,1,1
838,17,548,158,26,34,1,1,1
839,17,548,157,26,34,1,1,1
840,17,548,157,26,35,1,1,1
841,17,549,157,25,35,1,1,1
842,17,549,157,25,34,1,1,1
843,17,549,157,25,34,1,1,1
844,17,548,157,26,34,1,1,1
845,17,549,157,26,34,1,1,1
846,17,549,157,25,35,1,1,1
847,17,549,157,25,35,1,1,1
848,17,549,157,26,34,1,1,1
849,17,549,157,25,34,1,1,1
850,17,549,157,26,34,1,1,1
851,17,549,157,25,34,1,1,1
852,17,550,158,25,34,1,1,1
853,17,550,158,25,33,1,1,1
854,17,550,158,25,33,1,1,1
855,17,550,158,24,33,1,1,1
856,17,549,157,26,35,1,1,1
857,17,549,157,26,34,1,1,1
858,17,549,157,26,35,1,1,1
859,17,550,157,25,34,1,1,1
860,17,549,157,26,35,1,1,1
861,17,550,158,24,33,1,1,1
862,17,550,158,25,33,1,1,1
863,17,550,158,24,33,1,1,1
864,17,550,158,24,33,1,1,1
865,17,550,158,25,35,1,1,1
866,17,550,158,25,33,1,1,1
867,17,550,159,25,33,1,1,1
868,17,550,159,25,33,1,1,1
869,17,551,158,25,33,1,1,1
870,17,550,158,25,33,1,1,1
871,17,551,159,24,33,1,1,1
872,17,551,158,25,33,1,1,1
873,17,551,158,25,33,1,1,1
874,17,549,157,24,34,1,1,1
875,17,550,158,24,34,1,1,1
876,17,551,158,23,34,1,1,1
877,17,551,157,23,35,1,1,1
878,17,552,158,23,34,1,1,1
879,17,551,157,23,35,1,1,1
880,17,551,158,24,34,1,1,1
881,17,551,157,24,35,1,1,1
882,17,551,157,24,35,1,1,1
883,17,552,158,23,34,1,1,1
884,17,552,158,23,34,1,1,1
885,17,551,158,24,34,1,1,1
886,17,552,157,23,35,1,1,1
887,17,552,158,23,35,1,1,1
888,17,552,157,23,35,1,1,1
889,17,549,157,24,35,1,1,1
890,17,551,157,23,35,1,1,1
891,17,550,157,24,35,1,1,1
892,17,551,157,23,35,1,1,1
893,17,551,157,23,35,1,1,1
894,17,549,157,24,35,1,1,1
895,17,548,156,24,35,1,1,1
896,17,550,156,23,35,1,1,1
897,17,551,156,23,35,1,1,1
898,17,551,156,23,35,1,1,1
899,17,551,157,23,34,1,1,1
900,17,550,157,23,35,1,1,1
1,18,547,133,16,44,1,1,1
2,18,546,131,16,45,1,1,1
3,18,547,133,16,44,1,1,1
4,18,547,134,16,44,1,1,1
5,18,547,133,16,44,1,1,1
6,18,547,133,16,44,1,1,1
7,18,547,134,16,44,1,1,1
8,18,547,133,16,44,1,1,1
9,18,547,133,16,44,1,1,1
10,18,547,133,16,44,1,1,1
11,18,547,134,16,44,1,1,1
12,18,547,132,16,45,1,1,1
13,18,546,132,16,47,1,1,1
14,18,546,132,16,47,1,1,1
15,18,546,132,16,47,1,1,1
16,18,546,132,17,47,1,1,1
17,18,546,132,17,47,1,1,1
18,18,546,132,16,47,1,1,1
19,18,546,131,16,47,1,1,1
20,18,546,131,16,47,1,1,1
21,18,546,131,17,47,1,1,1
22,18,546,130,16,47,1,1,1
23,18,546,132,17,47,1,1,1
24,18,546,133,17,47,1,1,1
25,18,546,132,16,47,1,1,1
26,18,546,132,16,47,1,1,1
27,18,546,132,17,47,1,1,1
28,18,546,132,17,47,1,1,1
29,18,546,131,16,47,1,1,1
30,18,546,132,16,47,1,1,1
31,18,546,132,17,47,1,1,1
32,18,547,132,16,47,1,1,1
33,18,546,132,17,47,1,1,1
34,18,547,132,16,47,1,1,1
35,18,546,131,17,47,1,1,1
36,18,547,131,16,47,1,1,1
37,18,546,131,16,47,1,1,1
38,18,546,131,16,47,1,1,1
39,18,546,131,16,47,1,1,1
40,18,546,131,16,47,1,1,1
41,18,546,132,16,47,1,1,1
42,18,546,131,16,47,1,1,1
43,18,546,132,16,45,1,1,1
44,18,546,132,16,45,1,1,1
45,18,547,132,16,45,1,1,1
46,18,547,133,16,44,1,1,1
47,18,547,132,16,45,1,1,1
48,18,547,132,16,45,1,1,1
49,18,546,134,16,44,1,1,1
50,18,546,133,16,44,1,1,1
51,18,546,133,16,44,1,1,1
52,18,546,132,16,45,1,1,1
53,18,546,133,16,44,1,1,1
54,18,546,132,16,45,1,1,1
55,18,546,133,16,44,1,1,1
56,18,546,133,16,44,1,1,1
57,18,546,131,16,47,1,1,1
58,18,546,134,16,44,1,1,1
59,18,546,134,16,44,1,1,1
60,18,546,134,16,44,1,1,1
61,18,546,133,16,44,1,1,1
62,18,546,132,16,45,1,1,1
63,18,546,134,16,44,1,1,1
64,18,546,132,16,45,1,1,1
65,18,546,132,16,44,1,1,1
66,18,547,132,16,45,1,1,1
67,18,547,133,16,44,1,1,1
68,18,547,132,16,45,1,1,1
69,18,547,133,16,44,1,1,1
70,18,547,133,16,44,1,1,1
71,18,547,133,16,44,1,1,1
72,18,547,133,16,44,1,1,1
73,18,547,132,16,45,1,1,1
74,18,547,133,16,44,1,1,1
75,18,547,132,16,45,1,1,1
76,18,547,131,16,47,1,1,1
77,18,546,132,17,47,1,1,1
78,18,546,131,17,47,1,1,1
79,18,547,130,16,46,1,1,1
80,18,546,130,17,47,1,1,1
81,18,547,131,16,47,1,1,1
82,18,547,131,16,47,1,1,1
83,18,547,130,16,47,1,1,1
84,18,546,130,17,47,1,1,1
85,18,547,131,16,47,1,1,1
86,18,547,131,16,47,1,1,1
87,18,547,132,16,47,1,1,1
88,18,547,132,16,47,1,1,1
89,18,546,132,17,47,1,1,1
90,18,547,132,16,47,1,1,1
91,18,547,132,16,47,1,1,1
92,18,547,132,16,47,1,1,1
93,18,547,132,16,47,1,1,1
94,18,547,132,16,47,1,1,1
95,18,546,131,17,47,1,1,1
96,18,546,131,17,47,1,1,1
97,18,547,131,16,46,1,1,1
98,18,546,131,17,46,1,1,1
99,18,547,130,16,47,1,1,1
100,18,546,130,17,47,1,1,1
101,18,546,131,17,46,1,1,1
102,18,546,130,16,47,1,1,1
103,18,546,131,17,46,1,1,1
104,18,546,131,16,47,1,1,1
105,18,546,131,16,47,1,1,1
106,18,545,131,16,47,1,1,1
107,18,545,130,17,47,1,1,1
108,18,545,131,17,47,1,1,1
109,18,545,131,16,46,1,1,1
110,18,545,131,16,46,1,1,1
111,18,545,131,16,46,1,1,1
112,18,544,132,17,47,1,1,1
113,18,544,132,17,47,1,1,1
114,18,545,132,16,47,1,1,1
115,18,545,132,16,47,1,1,1
116,18,544,132,17,47,1,1,1
117,18,545,131,16,47,1,1,1
118,18,544,132,17,47,1,1,1
119,18,545,132,16,47,1,1,1
120,18,544,132,17,47,1,1,1
121,18,544,133,17,47,1,1,1
122,18,545,133,16,47,1,1,1
123,18,544,131,18,50,1,1,1
124,18,544,132,17,50,1,1,1
125,18,543,132,18,49,1,1,1
126,18,543,132,18,49,1,1,1
127,18,543,132,18,50,1,1,1
128,18,544,132,17,50,1,1,1
129,18,543,132,18,44,1,1,1
130,18,544,133,18,44,1,1,1
131,18,544,133,17,44,1,1,1
132,18,544,133,18,44,1,1,1
133,18,544,134,18,43,1,1,1
134,18,544,134,17,43,1,1,1
135,18,544,134,17,43,1,1,1
136,18,544,133,18,44,1,1,1
137,18,544,133,18,44,1,1,1
138,18,545,132,17,44,1,1,1
139,18,545,132,17,44,1,1,1
140,18,545,133,17,44,1,1,1
141,18,544,132,18,44,1,1,1
142,18,545,132,17,44,1,1,1
143,18,545,133,18,44,1,1,1
144,18,544,134,18,43,1,1,1
145,18,544,134,18,44,1,1,1
146,18,544,133,17,44,1,1,1
147,18,544,134,17,43,1,1,1
148,18,544,134,17,43,1,1,1
149,18,544,134,17,43,1,1,1
150,18,543,133,18,44,1,1,1
151,18,544,134,17,44,1,1,1
152,18,545,134,15,43,1,1,1
153,18,545,132,15,43,1,1,1
154,18,546,134,15,42,1,1,1
155,18,545,134,15,42,1,1,1
156,18,546,134,15,42,1,1,1
157,18,546,133,14,43,1,1,1
158,18,545,134,16,42,1,1,1
159,18,545,134,15,43,1,1,1
160,18,545,134,15,43,1,1,1
161,18,545,134,15,43,1,1,1
162,18,545,134,15,43,1,1,1
163,18,545,133,15,43,1,1,1
164,18,545,134,15,42,1,1,1
165,18,544,132,15,43,1,1,1
166,18,543,131,16,43,1,1,1
167,18,544,132,16,45,1,1,1
168,18,546,135,16,45,1,1,1
169,18,545,134,16,45,1,1,1
170,18,546,134,16,45,1,1,1
171,18,545,134,16,45,1,1,1
172,18,546,134,14,43,1,1,1
173,18,545,133,15,43,1,1,1
174,18,545,133,15,43,1,1,1
175,18,545,133,15,44,1,1,1
176,18,545,132,15,44,1,1,1
177,18,545,133,15,44,1,1,1
178,18,545,134,15,43,1,1,1
179,18,544,132,16,44,1,1,1
180,18,544,132,16,44,1,1,1
181,18,546,134,15,44,1,1,1
182,18,545,134,16,43,1,1,1
183,18,546,134,15,44,1,1,1
184,18,545,134,16,44,1,1,1
185,18,545,134,16,43,1,1,1
186,18,545,133,15,44,1,1,1
187,18,545,133,16,44,1,1,1
188,18,545,134,15,43,1,1,1
189,18,545,133,15,44,1,1,1
190,18,545,132,15,44,1,1,1
191,18,545,133,15,44,1,1,1
192,18,545,132,15,44,1,1,1
193,18,545,134,15,43,1,1,1
194,18,545,134,15,43,1,1,1
195,18,545,134,15,43,1,1,1
196,18,545,133,15,44,1,1,1
197,18,545,133,16,44,1,1,1
198,18,545,133,15,44,1,1,1
199,18,545,133,16,44,1,1,1
200,18,545,134,15,43,1,1,1
201,18,545,134,16,42,1,1,1
202,18,544,132,16,43,1,1,1
203,18,544,134,16,42,1,1,1
204,18,544,132,16,45,1,1,1
205,18,544,134,17,44,1,1,1
206,18,544,134,16,42,1,1,1
207,18,544,134,16,42,1,1,1
208,18,545,134,16,42,1,1,1
209,18,544,133,17,44,1,1,1
210,18,544,134,16,42,1,1,1
211,18,545,134,16,42,1,1,1
212,18,544,133,17,44,1,1,1
213,18,544,134,16,44,1,1,1
214,18,544,134,16,44,1,1,1
215,18,544,134,16,44,1,1,1
216,18,544,135,16,42,1,1,1
217,18,545,136,16,42,1,1,1
218,18,545,135,16,42,1,1,1
219,18,544,135,16,42,1,1,1
220,18,545,136,16,42,1,1,1
221,18,545,135,16,42,1,1,1
222,18,544,135,16,42,1,1,1
223,18,544,135,16,42,1,1,1
224,18,545,135,16,42,1,1,1
225,18,545,135,16,42,1,1,1
226,18,544,136,16,42,1,1,1
227,18,544,136,16,42,1,1,1
228,18,544,132,16,43,1,1,1
229,18,544,132,16,42,1,1,1
230,18,544,134,16,42,1,1,1
231,18,544,134,16,42,1,1,1
232,18,544,134,16,42,1,1,1
233,18,544,134,16,42,1,1,1
234,18,544,134,16,42,1,1,1
235,18,544,134,16,42,1,1,1
236,18,544,134,16,42,1,1,1
237,18,544,134,16,42,1,1,1
238,18,544,134,16,42,1,1,1
239,18,544,134,16,42,1,1,1
240,18,545,134,16,42,1,1,1
241,18,545,135,16,42,1,1,1
242,18,545,134,16,42,1,1,1
243,18,545,134,16,42,1,1,1
244,18,545,135,16,42,1,1,1
245,18,545,134,16,42,1,1,1
246,18,545,134,16,42,1,1,1
247,18,545,134,16,42,1,1,1
248,18,545,134,16,42,1,1,1
249,18,544,135,16,42,1,1,1
250,18,544,134,16,42,1,1,1
251,18,544,134,16,42,1,1,1
252,18,544,135,16,42,1,1,1
253,18,544,135,16,42,1,1,1
254,18,545,134,16,42,1,1,1
255,18,545,134,16,42,1,1,1
256,18,545,135,16,42,1,1,1
257,18,545,134,16,42,1,1,1
258,18,545,134,16,42,1,1,1
259,18,544,134,16,42,1,1,1
260,18,544,134,16,42,1,1,1
261,18,544,135,16,42,1,1,1
262,18,544,134,16,42,1,1,1
263,18,544,134,16,42,1,1,1
264,18,545,133,16,42,1,1,1
265,18,545,135,16,42,1,1,1
266,18,545,135,16,42,1,1,1
267,18,545,135,16,42,1,1,1
268,18,545,135,16,42,1,1,1
269,18,545,135,16,42,1,1,1
270,18,545,135,16,42,1,1,1
271,18,544,135,16,42,1,1,1
272,18,544,134,16,42,1,1,1
273,18,545,135,16,42,1,1,1
274,18,544,135,16,42,1,1,1
275,18,545,134,16,42,1,1,1
276,18,545,135,16,42,1,1,1
277,18,545,135,16,42,1,1,1
278,18,545,135,16,42,1,1,1
279,18,545,135,16,42,1,1,1
280,18,545,135,16,42,1,1,1
281,18,545,135,16,42,1,1,1
282,18,545,135,16,42,1,1,1
283,18,545,135,16,42,1,1,1
284,18,546,135,16,42,1,1,1
285,18,545,135,16,42,1,1,1
286,18,545,135,16,42,1,1,1
287,18,546,135,16,42,1,1,1
288,18,545,135,16,42,1,1,1
289,18,545,135,16,42,1,1,1
290,18,546,135,16,42,1,1,1
291,18,545,136,16,42,1,1,1
292,18,545,136,16,42,1,1,1
293,18,546,135,16,42,1,1,1
294,18,546,136,16,42,1,1,1
295,18,546,135,16,42,1,1,1
296,18,545,135,16,42,1,1,1
297,18,546,135,16,42,1,1,1
298,18,546,135,16,42,1,1,1
299,18,546,135,16,42,1,1,1
300,18,545,135,16,42,1,1,1
301,18,546,135,16,42,1,1,1
302,18,545,135,16,42,1,1,1
303,18,546,135,16,42,1,1,1
304,18,545,134,16,42,1,1,1
305,18,544,133,16,44,1,1,1
306,18,544,134,16,44,1,1,1
307,18,544,134,16,44,1,1,1
308,18,545,133,16,44,1,1,1
309,18,545,135,16,45,1,1,1
310,18,545,135,16,45,1,1,1
311,18,544,133,16,44,1,1,1
312,18,545,133,16,44,1,1,1
313,18,544,134,16,44,1,1,1
314,18,544,133,16,44,1,1,1
315,18,544,133,16,44,1,1,1
316,18,544,134,16,44,1,1,1
317,18,544,132,16,44,1,1,1
318,18,545,134,16,44,1,1,1
319,18,545,135,16,42,1,1,1
320,18,545,135,16,42,1,1,1
321,18,545,135,16,42,1,1,1
322,18,545,135,15,42,1,1,1
323,18,545,135,15,42,1,1,1
324,18,545,135,15,42,1,1,1
325,18,545,135,15,42,1,1,1
326,18,545,135,15,42,1,1,1
327,18,545,134,16,45,1,1,1
328,18,545,134,16,45,1,1,1
329,18,545,135,15,42,1,1,1
330,18,545,134,15,42,1,1,1
331,18,544,133,16,44,1,1,1
332,18,544,133,16,44,1,1,1
333,18,544,134,16,44,1,1,1
334,18,544,134,16,44,1,1,1
335,18,544,134,16,44,1,1,1
336,18,544,134,16,44,1,1,1
337,18,545,134,16,45,1,1,1
338,18,545,135,16,44,1,1,1
339,18,545,135,16,45,1,1,1
340,18,545,135,16,44,1,1,1
341,18,545,135,16,45,1,1,1
342,18,545,135,16,44,1,1,1
343,18,545,134,16,45,1,1,1
344,18,545,134,16,44,1,1,1
345,18,545,134,16,45,1,1,1
346,18,545,134,16,44,1,1,1
347,18,545,134,16,45,1,1,1
348,18,545,134,16,44,1,1,1
349,18,544,135,16,44,1,1,1
350,18,544,134,16,44,1,1,1
351,18,544,134,16,44,1,1,1
352,18,544,135,16,43,1,1,1
353,18,544,134,16,43,1,1,1
354,18,545,135,16,44,1,1,1
355,18,545,135,16,44,1,1,1
356,18,545,135,16,44,1,1,1
357,18,545,135,16,44,1,1,1
358,18,545,135,16,44,1,1,1
359,18,545,135,16,44,1,1,1
360,18,544,135,16,43,1,1,1
361,18,545,135,16,44,1,1,1
362,18,545,135,16,44,1,1,1
363,18,545,135,16,44,1,1,1
364,18,545,135,16,44,1,1,1
365,18,544,135,16,43,1,1,1
366,18,544,135,16,44,1,1,1
367,18,544,135,16,43,1,1,1
368,18,544,135,16,44,1,1,1
369,18,544,135,16,43,1,1,1
370,18,544,135,16,43,1,1,1
371,18,545,135,16,44,1,1,1
372,18,545,135,16,44,1,1,1
373,18,545,135,16,44,1,1,1
374,18,545,135,16,44,1,1,1
375,18,544,135,16,43,1,1,1
376,18,545,135,16,44,1,1,1
377,18,545,135,16,44,1,1,1
378,18,544,135,16,43,1,1,1
379,18,545,135,16,44,1,1,1
380,18,544,135,16,44,1,1,1
381,18,544,135,16,43,1,1,1
382,18,544,135,16,44,1,1,1
383,18,545,135,16,44,1,1,1
384,18,545,135,16,44,1,1,1
385,18,545,135,16,44,1,1,1
386,18,544,135,16,44,1,1,1
387,18,544,135,16,44,1,1,1
388,18,544,135,16,44,1,1,1
389,18,545,135,16,44,1,1,1
390,18,545,135,16,44,1,1,1
391,18,545,135,16,44,1,1,1
392,18,545,135,16,44,1,1,1
393,18,545,136,16,44,1,1,1
394,18,545,135,16,44,1,1,1
395,18,544,135,16,44,1,1,1
396,18,544,135,16,44,1,1,1
397,18,545,136,16,44,1,1,1
398,18,545,135,16,44,1,1,1
399,18,545,136,16,44,1,1,1
400,18,545,135,16,44,1,1,1
401,18,545,135,16,44,1,1,1
402,18,545,134,15,43,1,1,1
403,18,545,135,15,42,1,1,1
404,18,545,135,15,42,1,1,1
405,18,545,134,15,43,1,1,1
406,18,544,135,15,42,1,1,1
407,18,544,134,16,44,1,1,1
408,18,544,134,16,44,1,1,1
409,18,544,134,16,44,1,1,1
410,18,544,134,16,44,1,1,1
411,18,545,134,15,44,1,1,1
412,18,545,135,16,44,1,1,1
413,18,545,135,16,44,1,1,1
414,18,545,135,15,44,1,1,1
415,18,545,135,16,44,1,1,1
416,18,545,135,15,43,1,1,1
417,18,545,135,15,44,1,1,1
418,18,545,135,16,44,1,1,1
419,18,545,135,15,44,1,1,1
420,18,545,135,16,44,1,1,1
421,18,545,135,15,43,1,1,1
422,18,545,135,15,44,1,1,1
423,18,545,135,16,44,1,1,1
424,18,545,135,15,44,1,1,1
425,18,545,135,15,44,1,1,1
426,18,545,135,16,44,1,1,1
427,18,545,135,15,43,1,1,1
428,18,545,135,15,44,1,1,1
429,18,545,135,15,44,1,1,1
430,18,545,135,15,44,1,1,1
431,18,545,135,15,44,1,1,1
432,18,545,136,16,43,1,1,1
433,18,545,134,15,45,1,1,1
434,18,545,135,16,44,1,1,1
435,18,546,135,15,44,1,1,1
436,18,546,135,15,44,1,1,1
437,18,546,135,15,44,1,1,1
438,18,545,135,16,44,1,1,1
439,18,546,134,14,45,1,1,1
440,18,546,134,15,44,1,1,1
441,18,546,135,15,44,1,1,1
442,18,545,135,16,44,1,1,1
443,18,546,135,15,44,1,1,1
444,18,546,135,15,44,1,1,1
445,18,545,135,16,44,1,1,1
446,18,546,135,15,44,1,1,1
447,18,546,135,15,44,1,1,1
448,18,546,135,15,44,1,1,1
449,18,546,135,15,44,1,1,1
450,18,545,135,16,44,1,1,1
451,18,546,135,15,44,1,1,1
452,18,546,135,15,44,1,1,1
453,18,546,135,15,44,1,1,1
454,18,546,135,15,44,1,1,1
455,18,546,135,15,44,1,1,1
456,18,545,135,16,44,1,1,1
457,18,546,135,15,44,1,1,1
458,18,546,134,15,44,1,1,1
459,18,546,134,15,44,1,1,1
460,18,546,134,15,44,1,1,1
461,18,546,134,15,44,1,1,1
462,18,546,134,15,44,1,1,1
463,18,545,134,16,44,1,1,1
464,18,546,134,15,44,1,1,1
465,18,546,134,15,44,1,1,1
466,18,546,135,15,44,1,1,1
467,18,546,135,15,44,1,1,1
468,18,545,135,16,44,1,1,1
469,18,546,135,15,44,1,1,1
470,18,545,135,16,44,1,1,1
471,18,546,135,15,44,1,1,1
472,18,545,135,16,44,1,1,1
473,18,545,135,16,44,1,1,1
474,18,546,135,15,44,1,1,1
475,18,545,135,16,44,1,1,1
476,18,546,135,15,44,1,1,1
477,18,545,135,16,44,1,1,1
478,18,546,135,15,44,1,1,1
479,18,545,135,16,44,1,1,1
480,18,545,133,15,44,1,1,1
481,18,545,134,15,43,1,1,1
482,18,546,134,15,44,1,1,1
483,18,545,134,15,43,1,1,1
484,18,545,133,15,44,1,1,1
485,18,545,134,15,44,1,1,1
486,18,545,134,15,44,1,1,1
487,18,545,134,15,44,1,1,1
488,18,545,134,15,44,1,1,1
489,18,545,134,15,44,1,1,1
490,18,545,134,15,44,1,1,1
491,18,545,134,15,44,1,1,1
492,18,545,134,15,44,1,1,1
493,18,545,135,15,43,1,1,1
494,18,545,135,15,44,1,1,1
495,18,545,135,15,44,1,1,1
496,18,545,135,16,44,1,1,1
497,18,545,135,15,44,1,1,1
498,18,545,135,15,44,1,1,1
499,18,545,135,15,43,1,1,1
500,18,545,135,15,43,1,1,1
501,18,545,135,15,44,1,1,1
502,18,545,135,15,44,1,1,1
503,18,545,135,15,44,1,1,1
504,18,545,135,16,44,1,1,1
505,18,545,135,15,43,1,1,1
506,18,545,134,15,44,1,1,1
507,18,545,135,15,43,1,1,1
508,18,545,135,16,44,1,1,1
509,18,545,135,15,43,1,1,1
510,18,545,135,15,43,1,1,1
511,18,545,135,15,44,1,1,1
512,18,545,135,15,43,1,1,1
513,18,545,135,15,44,1,1,1
514,18,545,135,16,44,1,1,1
515,18,545,135,15,44,1,1,1
516,18,545,135,15,43,1,1,1
517,18,545,135,15,43,1,1,1
518,18,545,135,16,44,1,1,1
519,18,545,135,15,44,1,1,1
520,18,545,135,15,44,1,1,1
521,18,545,135,15,44,1,1,1
522,18,545,135,15,44,1,1,1
523,18,545,135,16,44,1,1,1
524,18,545,135,15,44,1,1,1
525,18,545,135,15,44,1,1,1
526,18,545,135,15,44,1,1,1
527,18,545,135,16,44,1,1,1
528,18,545,135,15,44,1,1,1
529,18,545,136,15,44,1,1,1
530,18,545,135,16,46,1,1,1
531,18,545,134,16,46,1,1,1
532,18,545,134,16,46,1,1,1
533,18,545,134,16,46,1,1,1
534,18,544,135,16,46,1,1,1
535,18,545,134,16,46,1,1,1
536,18,545,134,16,46,1,1,1
537,18,545,135,15,44,1,1,1
538,18,545,135,15,44,1,1,1
539,18,545,135,15,43,1,1,1
540,18,545,135,15,44,1,1,1
541,18,545,135,15,44,1,1,1
542,18,545,135,15,44,1,1,1
543,18,545,135,15,44,1,1,1
544,18,545,135,16,44,1,1,1
545,18,545,135,15,44,1,1,1
546,18,545,135,15,44,1,1,1
547,18,545,135,15,44,1,1,1
548,18,545,135,15,44,1,1,1
549,18,545,135,15,44,1,1,1
550,18,545,135,16,44,1,1,1
551,18,545,134,15,44,1,1,1
552,18,545,135,16,44,1,1,1
553,18,545,134,15,44,1,1,1
554,18,545,134,15,44,1,1,1
555,18,545,135,16,44,1,1,1
556,18,545,135,16,44,1,1,1
557,18,545,134,16,44,1,1,1
558,18,546,134,15,44,1,1,1
559,18,545,134,16,44,1,1,1
560,18,545,134,16,44,1,1,1
561,18,545,135,16,44,1,1,1
562,18,545,134,16,44,1,1,1
563,18,545,134,16,43,1,1,1
564,18,545,134,16,43,1,1,1
565,18,545,134,16,43,1,1,1
566,18,545,134,16,43,1,1,1
567,18,545,134,16,43,1,1,1
568,18,545,134,16,43,1,1,1
569,18,545,134,16,43,1,1,1
570,18,546,134,15,43,1,1,1
571,18,545,134,16,43,1,1,1
572,18,545,134,16,43,1,1,1
573,18,545,134,16,43,1,1,1
574,18,546,134,15,43,1,1,1
575,18,545,134,16,44,1,1,1
576,18,546,134,16,43,1,1,1
577,18,546,134,16,43,1,1,1
578,18,546,135,15,44,1,1,1
579,18,546,134,15,44,1,1,1
580,18,546,135,15,44,1,1,1
581,18,546,135,16,44,1,1,1
582,18,546,134,15,44,1,1,1
583,18,546,135,16,44,1,1,1
584,18,546,135,15,44,1,1,1
585,18,546,135,16,44,1,1,1
586,18,546,134,15,44,1,1,1
587,18,546,135,15,44,1,1,1
588,18,544,134,18,43,1,1,1
589,18,544,134,16,43,1,1,1
590,18,543,133,17,44,1,1,1
591,18,542,133,17,44,1,1,1
592,18,541,133,18,44,1,1,1
593,18,541,133,18,44,1,1,1
594,18,541,133,18,44,1,1,1
595,18,541,133,19,44,1,1,1
596,18,540,133,20,44,1,1,1
597,18,541,133,19,44,1,1,1
598,18,541,133,19,44,1,1,1
599,18,541,133,19,44,1,1,1
600,18,542,133,18,45,1,1,1
601,18,542,133,18,44,1,1,1
602,18,542,133,17,44,1,1,1
603,18,542,133,18,44,1,1,1
604,18,541,133,18,44,1,1,1
605,18,541,133,18,45,1,1,1
606,18,541,133,18,44,1,1,1
607,18,541,133,18,44,1,1,1
608,18,541,133,18,44,1,1,1
609,18,541,133,18,44,1,1,1
610,18,543,133,15,44,1,1,1
611,18,541,132,18,46,1,1,1
612,18,541,134,18,44,1,1,1
613,18,542,133,18,45,1,1,1
614,18,543,133,18,45,1,1,1
615,18,544,133,18,45,1,1,1
616,18,543,132,19,47,1,1,1
617,18,544,133,18,45,1,1,1
618,18,544,134,18,45,1,1,1
619,18,544,134,18,45,1,1,1
620,18,544,133,18,45,1,1,1
621,18,544,134,18,45,1,1,1
622,18,544,134,18,45,1,1,1
623,18,545,134,18,45,1,1,1
624,18,544,133,18,45,1,1,1
625,18,544,133,18,45,1,1,1
626,18,544,133,18,45,1,1,1
627,18,544,134,18,45,1,1,1
628,18,544,133,18,45,1,1,1
629,18,541,132,18,45,1,1,1
630,18,541,132,18,45,1,1,1
631,18,541,132,18,45,1,1,1
632,18,542,131,18,45,1,1,1
633,18,543,131,18,45,1,1,1
634,18,543,131,18,45,1,1,1
635,18,543,131,18,45,1,1,1
636,18,543,131,18,45,1,1,1
637,18,543,132,18,45,1,1,1
638,18,543,131,18,45,1,1,1
639,18,543,131,18,45,1,1,1
640,18,543,131,18,45,1,1,1
641,18,544,131,18,45,1,1,1
642,18,543,131,18,45,1,1,1
643,18,543,131,18,45,1,1,1
644,18,544,131,18,45,1,1,1
645,18,544,132,18,45,1,1,1
646,18,544,132,18,45,1,1,1
647,18,544,131,18,45,1,1,1
648,18,544,131,18,45,1,1,1
649,18,544,132,18,45,1,1,1
650,18,543,133,18,45,1,1,1
651,18,543,132,18,45,1,1,1
652,18,543,132,18,45,1,1,1
653,18,544,132,18,45,1,1,1
654,18,543,132,18,45,1,1,1
655,18,543,132,18,45,1,1,1
656,18,544,133,17,44,1,1,1
657,18,543,132,18,45,1,1,1
658,18,543,132,18,45,1,1,1
659,18,544,132,18,45,1,1,1
660,18,541,132,21,45,1,1,1
661,18,543,133,20,45,1,1,1
662,18,543,132,21,45,1,1,1
663,18,543,132,20,45,1,1,1
664,18,543,132,21,45,1,1,1
665,18,543,132,21,45,1,1,1
666,18,543,132,21,45,1,1,1
667,18,543,132,20,45,1,1,1
668,18,543,132,20,45,1,1,1
669,18,542,132,21,45,1,1,1
670,18,542,132,21,45,1,1,1
671,18,542,132,21,45,1,1,1
672,18,542,132,21,45,1,1,1
673,18,542,132,20,45,1,1,1
674,18,541,132,20,45,1,1,1
675,18,540,132,21,45,1,1,1
676,18,540,132,20,45,1,1,1
677,18,540,132,20,45,1,1,1
678,18,539,132,20,45,1,1,1
679,18,540,132,21,45,1,1,1
680,18,540,132,22,46,1,1,1
681,18,541,133,19,44,1,1,1
682,18,541,133,21,45,1,1,1
683,18,541,133,19,44,1,1,1
684,18,541,133,19,44,1,1,1
685,18,540,132,20,45,1,1,1
686,18,541,131,18,45,1,1,1
687,18,541,133,17,44,1,1,1
688,18,540,133,18,43,1,1,1
689,18,540,133,20,45,1,1,1
690,18,540,131,20,46,1,1,1
691,18,540,132,19,46,1,1,1
692,18,539,132,20,46,1,1,1
693,18,540,133,19,46,1,1,1
694,18,540,132,20,46,1,1,1
695,18,540,132,19,46,1,1,1
696,18,540,131,20,46,1,1,1
697,18,540,131,19,46,1,1,1
698,18,540,131,19,46,1,1,1
699,18,540,132,19,46,1,1,1
700,18,540,131,20,46,1,1,1
701,18,540,131,19,46,1,1,1
702,18,540,131,19,46,1,1,1
703,18,540,133,19,45,1,1,1
704,18,540,132,20,45,1,1,1
705,18,540,133,20,45,1,1,1
706,18,541,132,19,45,1,1,1
707,18,540,133,20,45,1,1,1
708,18,540,133,20,45,1,1,1
709,18,541,132,19,45,1,1,1
710,18,540,132,19,45,1,1,1
711,18,540,133,20,45,1,1,1
712,18,540,132,19,45,1,1,1
713,18,540,133,19,45,1,1,1
714,18,540,132,19,45,1,1,1
715,18,540,132,20,45,1,1,1
716,18,540,132,19,45,1,1,1
717,18,540,132,19,45,1,1,1
718,18,540,132,20,45,1,1,1
719,18,541,132,19,45,1,1,1
720,18,541,131,19,45,1,1,1
721,18,540,133,20,45,1,1,1
722,18,541,132,19,45,1,1,1
723,18,540,132,20,45,1,1,1
724,18,541,132,19,45,1,1,1
725,18,541,132,19,45,1,1,1
726,18,541,132,19,45,1,1,1
727,18,541,132,19,45,1,1,1
728,18,541,133,19,45,1,1,1
729,18,541,133,20,46,1,1,1
730,18,541,133,20,45,1,1,1
731,18,541,133,20,45,1,1,1
732,18,543,132,18,42,1,1,1
733,18,544,134,16,40,1,1,1
734,18,544,132,16,40,1,1,1
735,18,544,134,16,39,1,1,1
736,18,545,134,16,39,1,1,1
737,18,544,134,16,39,1,1,1
738,18,544,134,16,40,1,1,1
739,18,544,134,16,40,1,1,1
740,18,544,135,16,40,1,1,1
741,18,544,135,16,39,1,1,1
742,18,544,134,16,40,1,1,1
743,18,544,135,16,39,1,1,1
744,18,544,135,16,39,1,1,1
745,18,544,134,16,39,1,1,1
746,18,544,134,16,40,1,1,1
747,18,543,135,16,39,1,1,1
748,18,544,135,16,39,1,1,1
749,18,544,135,16,39,1,1,1
750,18,544,134,16,40,1,1,1
751,18,544,134,16,40,1,1,1
752,18,544,134,16,40,1,1,1
753,18,544,134,16,40,1,1,1
754,18,544,134,16,39,1,1,1
755,18,544,134,16,39,1,1,1
756,18,544,134,16,39,1,1,1
757,18,544,134,17,39,1,1,1
758,18,544,134,16,39,1,1,1
759,18,544,132,17,40,1,1,1
760,18,544,134,16,39,1,1,1
761,18,544,133,16,40,1,1,1
762,18,543,132,16,40,1,1,1
763,18,543,132,16,42,1,1,1
764,18,544,132,16,42,1,1,1
765,18,544,132,16,42,1,1,1
766,18,544,132,16,43,1,1,1
767,18,544,133,16,44,1,1,1
768,18,544,134,16,42,1,1,1
769,18,544,133,16,43,1,1,1
770,18,544,133,16,43,1,1,1
771,18,544,134,16,44,1,1,1
772,18,545,133,16,44,1,1,1
773,18,545,134,16,43,1,1,1
774,18,545,134,16,43,1,1,1
775,18,544,135,16,43,1,1,1
776,18,544,133,16,45,1,1,1
777,18,544,133,17,46,1,1,1
778,18,544,134,16,44,1,1,1
779,18,545,134,15,44,1,1,1
780,18,544,133,16,47,1,1,1
781,18,544,133,16,47,1,1,1
782,18,543,132,17,47,1,1,1
783,18,543,133,17,46,1,1,1
784,18,544,133,16,45,1,1,1
785,18,544,134,16,45,1,1,1
786,18,543,133,17,46,1,1,1
787,18,543,132,17,48,1,1,1
788,18,543,133,17,45,1,1,1
789,18,543,134,16,44,1,1,1
790,18,543,134,17,43,1,1,1
791,18,543,133,16,43,1,1,1
792,18,543,134,17,43,1,1,1
793,18,543,133,16,44,1,1,1
794,18,543,132,16,45,1,1,1
795,18,543,132,16,45,1,1,1
796,18,543,132,17,45,1,1,1
797,18,544,132,16,45,1,1,1
798,18,544,132,16,45,1,1,1
799,18,544,132,16,45,1,1,1
800,18,544,131,17,45,1,1,1
801,18,544,131,16,45,1,1,1
802,18,544,131,17,45,1,1,1
803,18,544,131,17,45,1,1,1
804,18,544,132,17,45,1,1,1
805,18,544,134,17,45,1,1,1
806,18,544,134,16,44,1,1,1
807,18,544,134,17,45,1,1,1
808,18,544,134,16,44,1,1,1
809,18,544,134,16,45,1,1,1
810,18,544,134,17,45,1,1,1
811,18,544,134,16,45,1,1,1
812,18,544,134,16,45,1,1,1
813,18,543,134,17,45,1,1,1
814,18,543,132,18,48,1,1,1
815,18,543,132,18,48,1,1,1
816,18,543,132,18,48,1,1,1
817,18,543,132,17,47,1,1,1
818,18,542,132,18,47,1,1,1
819,18,543,132,17,48,1,1,1
820,18,542,132,18,47,1,1,1
821,18,543,134,17,44,1,1,1
822,18,544,134,16,44,1,1,1
823,18,544,132,16,45,1,1,1
824,18,544,133,16,45,1,1,1
825,18,544,132,16,45,1,1,1
826,18,544,132,16,45,1,1,1
827,18,543,132,17,45,1,1,1
828,18,544,133,16,44,1,1,1
829,18,545,132,15,45,1,1,1
830,18,545,132,15,44,1,1,1
831,18,544,133,16,44,1,1,1
832,18,544,132,16,45,1,1,1
833,18,544,132,16,45,1,1,1
834,18,543,133,17,44,1,1,1
835,18,543,134,17,44,1,1,1
836,18,543,134,17,44,1,1,1
837,18,543,135,16,44,1,1,1
838,18,542,135,17,44,1,1,1
839,18,543,133,17,44,1,1,1
840,18,543,133,16,44,1,1,1
841,18,543,133,17,44,1,1,1
842,18,543,133,17,44,1,1,1
843,18,543,132,17,45,1,1,1
844,18,543,133,16,45,1,1,1
845,18,543,133,16,44,1,1,1
846,18,543,132,16,44,1,1,1
847,18,542,133,17,45,1,1,1
848,18,542,131,17,47,1,1,1
849,18,542,132,17,44,1,1,1
850,18,543,133,15,44,1,1,1
851,18,542,133,16,44,1,1,1
852,18,542,133,16,44,1,1,1
853,18,543,133,15,44,1,1,1
854,18,543,133,15,44,1,1,1
855,18,542,133,16,44,1,1,1
856,18,542,134,16,44,1,1,1
857,18,542,132,16,44,1,1,1
858,18,542,135,16,43,1,1,1
859,18,543,133,15,44,1,1,1
860,18,543,133,15,44,1,1,1
861,18,543,134,15,44,1,1,1
862,18,543,133,15,44,1,1,1
863,18,543,134,15,44,1,1,1
864,18,543,133,15,44,1,1,1
865,18,542,133,16,44,1,1,1
866,18,543,134,15,44,1,1,1
867,18,543,135,15,43,1,1,1
868,18,543,134,16,44,1,1,1
869,18,543,134,16,43,1,1,1
870,18,541,133,15,43,1,1,1
871,18,542,132,14,43,1,1,1
872,18,542,133,15,42,1,1,1
873,18,541,132,16,42,1,1,1
874,18,541,132,16,42,1,1,1
875,18,540,132,15,42,1,1,1
876,18,540,132,16,42,1,1,1
877,18,541,133,15,42,1,1,1
878,18,540,132,16,42,1,1,1
879,18,540,132,16,42,1,1,1
880,18,540,132,15,42,1,1,1
881,18,540,132,15,42,1,1,1
882,18,540,132,15,42,1,1,1
883,18,540,132,16,42,1,1,1
884,18,540,132,15,42,1,1,1
885,18,541,133,15,42,1,1,1
886,18,540,133,16,42,1,1,1
887,18,540,133,16,42,1,1,1
888,18,540,133,15,42,1,1,1
889,18,540,133,15,42,1,1,1
890,18,539,133,17,43,1,1,1
891,18,539,133,17,43,1,1,1
892,18,539,133,17,43,1,1,1
893,18,539,133,17,43,1,1,1
894,18,540,133,17,43,1,1,1
895,18,540,133,17,43,1,1,1
896,18,541,133,17,43,1,1,1
897,18,541,133,17,43,1,1,1
898,18,542,133,16,41,1,1,1
899,18,540,133,16,41,1,1,1
900,18,539,134,16,41,1,1,1
1,19,554,140,19,44,1,1,1
2,19,554,142,19,43,1,1,1
3,19,555,140,19,44,1,1,1
4,19,554,140,19,44,1,1,1
5,19,555,141,19,43,1,1,1
6,19,555,141,19,43,1,1,1
7,19,556,141,19,43,1,1,1
8,19,555,140,19,44,1,1,1
9,19,555,141,19,43,1,1,1
10,19,556,140,19,44,1,1,1
11,19,556,141,19,43,1,1,1
12,19,556,139,19,44,1,1,1
13,19,556,140,19,44,1,1,1
14,19,556,141,19,43,1,1,1
15,19,557,139,19,44,1,1,1
16,19,557,140,19,43,1,1,1
17,19,557,140,19,43,1,1,1
18,19,557,141,19,43,1,1,1
19,19,557,140,19,43,1,1,1
20,19,556,140,19,44,1,1,1
21,19,557,140,19,44,1,1,1
22,19,556,141,19,43,1,1,1
23,19,557,140,19,43,1,1,1
24,19,557,139,19,44,1,1,1
25,19,557,142,18,41,1,1,1
26,19,557,141,19,43,1,1,1
27,19,556,141,19,43,1,1,1
28,19,556,140,19,44,1,1,1
29,19,557,140,19,44,1,1,1
30,19,557,140,19,43,1,1,1
31,19,556,141,19,43,1,1,1
32,19,557,140,19,44,1,1,1
33,19,557,140,17,44,1,1,1
34,19,557,141,18,43,1,1,1
35,19,558,141,17,43,1,1,1
36,19,557,142,17,43,1,1,1
37,19,557,141,17,43,1,1,1
38,19,557,142,17,43,1,1,1
39,19,557,142,17,43,1,1,1
40,19,557,141,17,43,1,1,1
41,19,557,142,17,43,1,1,1
42,19,557,142,17,43,1,1,1
43,19,557,142,17,43,1,1,1
44,19,557,141,17,43,1,1,1
45,19,557,142,17,43,1,1,1
46,19,557,141,17,43,1,1,1
47,19,557,142,17,43,1,1,1
48,19,557,142,17,43,1,1,1
49,19,557,142,18,43,1,1,1
50,19,557,143,17,43,1,1,1
51,19,557,143,17,43,1,1,1
52,19,557,142,18,43,1,1,1
53,19,557,143,17,43,1,1,1
54,19,557,142,17,43,1,1,1
55,19,557,143,17,43,1,1,1
56,19,557,143,18,44,1,1,1
57,19,557,143,17,43,1,1,1
58,19,557,142,18,43,1,1,1
59,19,557,143,17,43,1,1,1
60,19,557,142,17,43,1,1,1
61,19,557,142,17,43,1,1,1
62,19,557,143,17,43,1,1,1
63,19,557,143,18,44,1,1,1
64,19,557,143,18,44,1,1,1
65,19,557,143,18,44,1,1,1
66,19,557,143,17,43,1,1,1
67,19,557,143,18,43,1,1,1
68,19,557,142,18,43,1,1,1
69,19,557,142,18,43,1,1,1
70,19,557,143,17,43,1,1,1
71,19,557,143,18,44,1,1,1
72,19,557,143,18,44,1,1,1
73,19,558,143,17,43,1,1,1
74,19,557,143,18,44,1,1,1
75,19,558,143,17,44,1,1,1
76,19,557,143,18,43,1,1,1
77,19,558,143,17,43,1,1,1
78,19,557,143,18,44,1,1,1
79,19,557,143,18,43,1,1,1
80,19,557,143,17,43,1,1,1
81,19,557,143,18,43,1,1,1
82,19,557,143,18,43,1,1,1
83,19,557,144,17,44,1,1,1
84,19,557,143,17,43,1,1,1
85,19,557,143,17,43,1,1,1
86,19,557,143,18,44,1,1,1
87,19,557,143,17,43,1,1,1
88,19,557,143,17,43,1,1,1
89,19,557,144,17,43,1,1,1
90,19,557,143,18,44,1,1,1
91,19,557,143,17,43,1,1,1
92,19,557,143,17,43,1,1,1
93,19,557,143,17,43,1,1,1
94,19,557,143,17,43,1,1,1
95,19,557,143,18,44,1,1,1
96,19,556,144,18,44,1,1,1
97,19,557,144,17,43,1,1,1
98,19,557,144,17,43,1,1,1
99,19,556,144,18,44,1,1,1
100,19,556,144,17,43,1,1,1
101,19,556,144,18,43,1,1,1
102,19,556,144,18,43,1,1,1
103,19,556,144,18,44,1,1,1
104,19,556,143,18,43,1,1,1
105,19,554,142,18,43,1,1,1
106,19,554,142,17,43,1,1,1
107,19,555,140,18,43,1,1,1
108,19,555,139,17,44,1,1,1
109,19,556,140,17,44,1,1,1
110,19,555,142,18,43,1,1,1
111,19,556,140,17,44,1,1,1
112,19,555,140,18,44,1,1,1
113,19,556,140,17,44,1,1,1
114,19,556,140,17,44,1,1,1
115,19,555,141,18,43,1,1,1
116,19,556,141,17,43,1,1,1
117,19,556,142,17,43,1,1,1
118,19,556,140,17,44,1,1,1
119,19,555,140,18,44,1,1,1
120,19,555,140,18,44,1,1,1
121,19,555,142,18,43,1,1,1
122,19,556,141,17,43,1,1,1
123,19,556,142,17,43,1,1,1
124,19,555,143,17,43,1,1,1
125,19,555,142,18,43,1,1,1
126,19,555,142,18,43,1,1,1
127,19,555,142,18,43,1,1,1
128,19,555,142,18,43,1,1,1
129,19,555,143,17,43,1,1,1
130,19,555,142,17,43,1,1,1
131,19,555,143,17,43,1,1,1
132,19,555,143,17,43,1,1,1
133,19,555,144,17,43,1,1,1
134,19,554,143,18,43,1,1,1
135,19,554,142,19,46,1,1,1
136,19,555,142,18,45,1,1,1
137,19,554,142,19,45,1,1,1
138,19,554,140,19,48,1,1,1
139,19,554,140,19,48,1,1,1
140,19,554,140,19,48,1,1,1
141,19,555,142,18,46,1,1,1
142,19,554,142,19,45,1,1,1
143,19,554,139,19,46,1,1,1
144,19,555,140,18,45,1,1,1
145,19,555,140,19,45,1,1,1
146,19,555,140,19,45,1,1,1
147,19,556,140,18,45,1,1,1
148,19,556,140,18,45,1,1,1
149,19,555,142,19,45,1,1,1
150,19,555,141,19,45,1,1,1
151,19,555,142,18,45,1,1,1
152,19,555,142,18,45,1,1,1
153,19,555,142,18,45,1,1,1
154,19,555,142,18,45,1,1,1
155,19,555,142,18,46,1,1,1
156,19,555,142,18,46,1,1,1
157,19,556,142,18,46,1,1,1
158,19,555,142,19,45,1,1,1
159,19,555,141,19,45,1,1,1
160,19,556,141,18,45,1,1,1
161,19,555,142,18,45,1,1,1
162,19,555,142,18,45,1,1,1
163,19,555,141,19,45,1,1,1
164,19,555,142,18,45,1,1,1
165,19,555,142,18,46,1,1,1
166,19,555,141,19,45,1,1,1
167,19,555,142,19,45,1,1,1
168,19,555,142,18,45,1,1,1
169,19,555,142,18,45,1,1,1
170,19,555,139,18,46,1,1,1
171,19,555,140,19,46,1,1,1
172,19,555,140,19,46,1,1,1
173,19,554,141,19,45,1,1,1
174,19,554,140,19,46,1,1,1
175,19,555,141,18,45,1,1,1
176,19,555,142,18,45,1,1,1
177,19,555,142,18,45,1,1,1
178,19,554,142,19,45,1,1,1
179,19,554,141,18,45,1,1,1
180,19,554,142,18,45,1,1,1
181,19,554,141,19,45,1,1,1
182,19,554,141,18,45,1,1,1
183,19,554,142,19,45,1,1,1
184,19,554,142,19,45,1,1,1
185,19,554,142,19,45,1,1,1
186,19,554,140,19,48,1,1,1
187,19,553,140,20,48,1,1,1
188,19,553,140,20,48,1,1,1
189,19,553,141,20,48,1,1,1
190,19,553,141,19,48,1,1,1
191,19,553,140,20,48,1,1,1
192,19,554,140,19,48,1,1,1
193,19,553,140,20,48,1,1,1
194,19,553,141,20,48,1,1,1
195,19,553,140,19,48,1,1,1
196,19,553,140,20,48,1,1,1
197,19,553,141,20,48,1,1,1
198,19,553,141,20,48,1,1,1
199,19,553,141,20,48,1,1,1
200,19,553,141,20,48,1,1,1
201,19,553,141,20,48,1,1,1
202,19,553,141,20,48,1,1,1
203,19,553,140,20,48,1,1,1
204,19,553,141,20,48,1,1,1
205,19,553,141,20,48,1,1,1
206,19,553,142,20,48,1,1,1
207,19,553,142,19,48,1,1,1
208,19,553,141,20,50,1,1,1
209,19,553,140,20,50,1,1,1
210,19,552,141,21,50,1,1,1
211,19,553,140,20,51,1,1,1
212,19,552,139,21,51,1,1,1
213,19,552,140,21,50,1,1,1
214,19,553,141,20,50,1,1,1
215,19,553,141,20,50,1,1,1
216,19,552,140,21,50,1,1,1
217,19,553,140,20,51,1,1,1
218,19,553,141,20,50,1,1,1
219,19,553,139,20,51,1,1,1
220,19,553,140,20,50,1,1,1
221,19,553,139,21,51,1,1,1
222,19,553,139,21,51,1,1,1
223,19,553,139,21,51,1,1,1
224,19,553,139,21,51,1,1,1
225,19,553,139,21,50,1,1,1
226,19,553,139,21,51,1,1,1
227,19,553,139,21,50,1,1,1
228,19,553,139,20,51,1,1,1
229,19,553,139,20,51,1,1,1
230,19,553,140,21,50,1,1,1
231,19,553,140,21,50,1,1,1
232,19,554,139,20,51,1,1,1
233,19,553,139,21,51,1,1,1
234,19,554,140,19,48,1,1,1
235,19,553,141,20,48,1,1,1
236,19,553,140,20,48,1,1,1
237,19,553,141,20,48,1,1,1
238,19,553,142,19,48,1,1,1
239,19,553,142,20,48,1,1,1
240,19,553,142,20,48,1,1,1
241,19,553,143,20,47,1,1,1
242,19,553,142,20,48,1,1,1
243,19,553,143,20,47,1,1,1
244,19,553,142,20,48,1,1,1
245,19,553,143,20,47,1,1,1
246,19,553,142,20,48,1,1,1
247,19,553,141,20,50,1,1,1
248,19,553,141,20,50,1,1,1
249,19,553,140,20,51,1,1,1
250,19,553,141,20,50,1,1,1
251,19,553,140,20,51,1,1,1
252,19,553,141,21,50,1,1,1
253,19,553,140,21,50,1,1,1
254,19,553,140,21,51,1,1,1
255,19,553,140,21,51,1,1,1
256,19,553,140,21,51,1,1,1
257,19,553,140,20,51,1,1,1
258,19,553,140,20,50,1,1,1
259,19,553,140,21,51,1,1,1
260,19,553,140,21,51,1,1,1
261,19,553,141,21,50,1,1,1
262,19,553,140,21,51,1,1,1
263,19,553,140,21,51,1,1,1
264,19,553,141,21,50,1,1,1
265,19,553,141,20,50,1,1,1
266,19,553,141,20,50,1,1,1
267,19,553,140,21,51,1,1,1
268,19,553,140,21,51,1,1,1
269,19,553,140,21,51,1,1,1
270,19,553,140,21,50,1,1,1
271,19,553,140,21,51,1,1,1
272,19,554,140,20,51,1,1,1
273,19,553,140,21,50,1,1,1
274,19,553,139,21,50,1,1,1
275,19,554,143,19,47,1,1,1
276,19,554,142,19,48,1,1,1
277,19,554,142,19,47,1,1,1
278,19,554,141,19,48,1,1,1
279,19,554,140,20,48,1,1,1
280,19,554,141,19,48,1,1,1
281,19,554,140,19,48,1,1,1
282,19,554,142,19,47,1,1,1
283,19,554,141,19,48,1,1,1
284,19,554,141,20,48,1,1,1
285,19,554,141,20,48,1,1,1
286,19,554,142,20,47,1,1,1
287,19,554,140,20,48,1,1,1
288,19,554,141,20,48,1,1,1
289,19,555,142,19,46,1,1,1
290,19,555,141,18,45,1,1,1
291,19,555,141,18,45,1,1,1
292,19,555,140,19,48,1,1,1
293,19,555,140,19,48,1,1,1
294,19,555,140,20,48,1,1,1
295,19,555,140,19,48,1,1,1
296,19,555,140,19,48,1,1,1
297,19,555,140,19,48,1,1,1
298,19,555,140,19,48,1,1,1
299,19,556,140,19,48,1,1,1
300,19,556,140,19,48,1,1,1
301,19,555,139,20,48,1,1,1
302,19,555,139,20,48,1,1,1
303,19,555,140,20,48,1,1,1
304,19,555,139,20,48,1,1,1
305,19,556,139,19,48,1,1,1
306,19,555,140,20,48,1,1,1
307,19,555,140,20,48,1,1,1
308,19,556,139,19,48,1,1,1
309,19,556,140,19,48,1,1,1
310,19,555,141,20,48,1,1,1
311,19,556,140,19,48,1,1,1
312,19,556,140,20,48,1,1,1
313,19,556,140,20,48,1,1,1
314,19,556,140,20,48,1,1,1
315,19,556,140,20,48,1,1,1
316,19,556,140,19,48,1,1,1
317,19,556,139,20,48,1,1,1
318,19,556,140,19,48,1,1,1
319,19,556,140,20,48,1,1,1
320,19,556,140,20,48,1,1,1
321,19,556,140,20,48,1,1,1
322,19,556,140,20,48,1,1,1
323,19,556,140,20,48,1,1,1
324,19,556,140,20,48,1,1,1
325,19,555,142,20,47,1,1,1
326,19,555,142,20,47,1,1,1
327,19,556,142,19,47,1,1,1
328,19,556,142,19,47,1,1,1
329,19,555,142,20,47,1,1,1
330,19,555,142,20,47,1,1,1
331,19,555,142,20,47,1,1,1
332,19,555,142,20,47,1,1,1
333,19,555,142,20,47,1,1,1
334,19,556,142,19,47,1,1,1
335,19,555,142,20,48,1,1,1
336,19,555,142,20,48,1,1,1
337,19,555,142,20,48,1,1,1
338,19,555,142,20,48,1,1,1
339,19,555,142,20,48,1,1,1
340,19,555,142,20,48,1,1,1
341,19,555,143,20,47,1,1,1
342,19,555,144,19,45,1,1,1
343,19,555,143,19,45,1,1,1
344,19,556,143,18,45,1,1,1
345,19,556,142,19,47,1,1,1
346,19,555,142,20,48,1,1,1
347,19,555,142,20,48,1,1,1
348,19,555,142,20,48,1,1,1
349,19,555,142,20,48,1,1,1
350,19,556,142,19,47,1,1,1
351,19,556,141,19,48,1,1,1
352,19,555,142,20,47,1,1,1
353,19,555,142,20,48,1,1,1
354,19,555,142,20,47,1,1,1
355,19,556,142,19,47,1,1,1
356,19,556,142,19,47,1,1,1
357,19,555,141,20,48,1,1,1
358,19,555,141,20,48,1,1,1
359,19,556,142,19,47,1,1,1
360,19,556,141,20,48,1,1,1
361,19,556,142,20,48,1,1,1
362,19,556,142,20,48,1,1,1
363,19,556,142,20,48,1,1,1
364,19,556,142,20,48,1,1,1
365,19,556,142,18,48,1,1,1
366,19,556,142,20,48,1,1,1
367,19,556,142,19,48,1,1,1
368,19,556,142,20,48,1,1,1
369,19,556,142,20,48,1,1,1
370,19,556,142,20,48,1,1,1
371,19,556,142,20,48,1,1,1
372,19,556,142,20,48,1,1,1
373,19,556,142,19,48,1,1,1
374,19,556,142,20,48,1,1,1
375,19,556,142,19,48,1,1,1
376,19,556,142,19,47,1,1,1
377,19,556,142,20,47,1,1,1
378,19,556,142,20,48,1,1,1
379,19,556,142,19,47,1,1,1
380,19,556,142,19,47,1,1,1
381,19,555,142,20,47,1,1,1
382,19,556,142,19,48,1,1,1
383,19,555,142,19,48,1,1,1
384,19,555,142,20,47,1,1,1
385,19,555,143,20,47,1,1,1
386,19,556,144,18,45,1,1,1
387,19,556,143,18,46,1,1,1
388,19,555,143,19,45,1,1,1
389,19,556,143,18,46,1,1,1
390,19,556,144,18,45,1,1,1
391,19,555,143,19,46,1,1,1
392,19,555,143,19,46,1,1,1
393,19,555,143,18,45,1,1,1
394,19,555,143,19,46,1,1,1
395,19,555,143,19,46,1,1,1
396,19,555,143,18,46,1,1,1
397,19,555,143,19,46,1,1,1
398,19,555,143,19,45,1,1,1
399,19,555,143,19,46,1,1,1
400,19,555,144,19,45,1,1,1
401,19,555,144,19,45,1,1,1
402,19,555,144,19,45,1,1,1
403,19,555,144,18,45,1,1,1
404,19,555,143,19,46,1,1,1
405,19,555,143,19,46,1,1,1
406,19,555,143,19,46,1,1,1
407,19,555,143,18,46,1,1,1
408,19,555,144,19,46,1,1,1
409,19,556,144,18,45,1,1,1
410,19,555,144,19,45,1,1,1
411,19,555,144,19,45,1,1,1
412,19,555,144,19,45,1,1,1
413,19,555,144,19,46,1,1,1
414,19,555,144,19,45,1,1,1
415,19,555,144,19,46,1,1,1
416,19,555,144,19,45,1,1,1
417,19,555,144,19,46,1,1,1
418,19,556,144,18,45,1,1,1
419,19,556,144,19,45,1,1,1
420,19,556,144,18,45,1,1,1
421,19,556,143,19,46,1,1,1
422,19,556,144,18,45,1,1,1
423,19,556,143,18,46,1,1,1
424,19,557,141,18,46,1,1,1
425,19,557,142,18,46,1,1,1
426,19,557,142,18,46,1,1,1
427,19,557,142,19,46,1,1,1
428,19,557,142,19,46,1,1,1
429,19,557,142,19,46,1,1,1
430,19,557,142,18,46,1,1,1
431,19,557,143,18,45,1,1,1
432,19,557,142,18,46,1,1,1
433,19,557,143,18,45,1,1,1
434,19,557,142,18,46,1,1,1
435,19,557,142,19,46,1,1,1
436,19,557,142,18,45,1,1,1
437,19,557,142,18,46,1,1,1
438,19,557,142,19,45,1,1,1
439,19,557,142,18,46,1,1,1
440,19,557,142,19,45,1,1,1
441,19,557,142,19,46,1,1,1
442,19,557,142,19,45,1,1,1
443,19,558,142,18,46,1,1,1
444,19,557,141,20,48,1,1,1
445,19,557,140,20,48,1,1,1
446,19,557,141,20,48,1,1,1
447,19,557,140,19,48,1,1,1
448,19,557,141,19,48,1,1,1
449,19,557,140,19,48,1,1,1
450,19,557,141,19,48,1,1,1
451,19,554,142,20,47,1,1,1
452,19,555,142,19,48,1,1,1
453,19,555,142,19,47,1,1,1
454,19,554,142,20,47,1,1,1
455,19,554,142,20,48,1,1,1
456,19,555,142,20,48,1,1,1
457,19,555,142,19,47,1,1,1
458,19,555,142,20,47,1,1,1
459,19,555,142,20,47,1,1,1
460,19,555,142,20,48,1,1,1
461,19,555,142,20,48,1,1,1
462,19,555,142,20,47,1,1,1
463,19,555,142,20,47,1,1,1
464,19,555,142,20,48,1,1,1
465,19,555,142,20,47,1,1,1
466,19,555,142,20,47,1,1,1
467,19,555,142,20,48,1,1,1
468,19,555,142,20,47,1,1,1
469,19,555,142,20,48,1,1,1
470,19,556,142,19,48,1,1,1
471,19,555,142,20,47,1,1,1
472,19,555,142,20,48,1,1,1
473,19,555,142,20,48,1,1,1
474,19,555,142,20,47,1,1,1
475,19,555,142,20,47,1,1,1
476,19,555,142,20,48,1,1,1
477,19,555,142,19,48,1,1,1
478,19,555,141,20,48,1,1,1
479,19,555,142,19,47,1,1,1
480,19,555,142,20,48,1,1,1
481,19,555,142,20,47,1,1,1
482,19,555,142,20,47,1,1,1
483,19,555,142,20,48,1,1,1
484,19,555,142,20,48,1,1,1
485,19,555,142,20,47,1,1,1
486,19,555,142,20,47,1,1,1
487,19,555,142,20,47,1,1,1
488,19,555,142,19,47,1,1,1
489,19,555,142,20,48,1,1,1
490,19,555,142,20,48,1,1,1
491,19,555,142,20,48,1,1,1
492,19,555,142,20,48,1,1,1
493,19,555,142,20,48,1,1,1
494,19,555,142,20,48,1,1,1
495,19,555,142,20,47,1,1,1
496,19,554,142,20,47,1,1,1
497,19,555,142,19,47,1,1,1
498,19,555,142,19,48,1,1,1
499,19,555,142,19,48,1,1,1
500,19,555,142,19,48,1,1,1
501,19,555,142,20,48,1,1,1
502,19,555,142,20,48,1,1,1
503,19,555,142,20,48,1,1,1
504,19,555,143,20,47,1,1,1
505,19,555,142,19,47,1,1,1
506,19,555,142,20,47,1,1,1
507,19,555,142,20,47,1,1,1
508,19,555,142,20,47,1,1,1
509,19,555,142,20,47,1,1,1
510,19,555,142,20,47,1,1,1
511,19,555,143,20,47,1,1,1
512,19,555,143,19,47,1,1,1
513,19,555,142,20,48,1,1,1
514,19,555,143,19,48,1,1,1
515,19,555,142,20,47,1,1,1
516,19,555,142,19,47,1,1,1
517,19,555,142,20,48,1,1,1
518,19,555,142,20,48,1,1,1
519,19,555,142,19,48,1,1,1
520,19,555,142,20,48,1,1,1
521,19,555,142,20,48,1,1,1
522,19,554,142,19,48,1,1,1
523,19,554,143,19,47,1,1,1
524,19,554,143,19,48,1,1,1
525,19,554,143,19,47,1,1,1
526,19,554,143,20,47,1,1,1
527,19,554,143,19,47,1,1,1
528,19,554,143,20,48,1,1,1
529,19,554,143,20,47,1,1,1
530,19,554,142,20,49,1,1,1
531,19,554,142,20,49,1,1,1
532,19,553,141,21,50,1,1,1
533,19,554,143,19,47,1,1,1
534,19,554,143,20,48,1,1,1
535,19,554,144,19,46,1,1,1
536,19,554,143,19,46,1,1,1
537,19,554,143,19,48,1,1,1
538,19,554,143,20,47,1,1,1
539,19,554,143,20,47,1,1,1
540,19,554,143,19,48,1,1,1
541,19,555,143,19,48,1,1,1
542,19,554,143,20,47,1,1,1
543,19,554,142,21,50,1,1,1
544,19,554,142,21,50,1,1,1
545,19,554,143,20,47,1,1,1
546,19,554,142,20,49,1,1,1
547,19,554,142,21,50,1,1,1
548,19,554,142,21,50,1,1,1
549,19,554,142,20,49,1,1,1
550,19,554,142,21,50,1,1,1
551,19,554,141,20,50,1,1,1
552,19,554,141,21,50,1,1,1
553,19,555,143,19,47,1,1,1
554,19,554,143,20,47,1,1,1
555,19,554,143,20,47,1,1,1
556,19,554,143,20,47,1,1,1
557,19,554,143,19,47,1,1,1
558,19,554,143,20,48,1,1,1
559,19,554,142,20,48,1,1,1
560,19,554,143,20,47,1,1,1
561,19,554,143,20,47,1,1,1
562,19,554,143,20,48,1,1,1
563,19,555,143,19,47,1,1,1
564,19,555,143,19,47,1,1,1
565,19,554,143,20,48,1,1,1
566,19,554,143,20,48,1,1,1
567,19,554,143,20,47,1,1,1
568,19,554,143,20,47,1,1,1
569,19,554,142,20,48,1,1,1
570,19,554,143,20,47,1,1,1
571,19,554,143,20,47,1,1,1
572,19,554,143,20,47,1,1,1
573,19,554,143,20,47,1,1,1
574,19,554,143,20,47,1,1,1
575,19,554,143,20,47,1,1,1
576,19,554,143,20,48,1,1,1
577,19,555,143,19,47,1,1,1
578,19,554,143,20,47,1,1,1
579,19,554,143,20,48,1,1,1
580,19,555,143,19,47,1,1,1
581,19,554,143,20,47,1,1,1
582,19,554,143,20,48,1,1,1
583,19,554,143,20,48,1,1,1
584,19,555,143,19,47,1,1,1
585,19,554,143,20,48,1,1,1
586,19,554,143,20,47,1,1,1
587,19,555,143,19,48,1,1,1
588,19,554,143,20,47,1,1,1
589,19,555,143,19,47,1,1,1
590,19,555,143,20,48,1,1,1
591,19,555,143,19,47,1,1,1
592,19,555,143,19,47,1,1,1
593,19,554,143,20,47,1,1,1
594,19,555,142,19,48,1,1,1
595,19,555,143,19,48,1,1,1
596,19,555,142,20,47,1,1,1
597,19,555,142,20,47,1,1,1
598,19,555,142,20,47,1,1,1
599,19,555,141,20,48,1,1,1
600,19,555,139,19,48,1,1,1
601,19,554,142,20,47,1,1,1
602,19,555,142,19,47,1,1,1
603,19,554,143,20,47,1,1,1
604,19,554,142,19,48,1,1,1
605,19,555,142,19,48,1,1,1
606,19,554,142,20,48,1,1,1
607,19,554,143,20,47,1,1,1
608,19,554,143,20,47,1,1,1
609,19,554,142,20,47,1,1,1
610,19,555,142,19,47,1,1,1
611,19,555,142,19,47,1,1,1
612,19,555,142,19,47,1,1,1
613,19,555,142,19,48,1,1,1
614,19,555,143,19,48,1,1,1
615,19,555,143,20,48,1,1,1
616,19,555,142,19,48,1,1,1
617,19,555,143,19,48,1,1,1
618,19,555,143,19,48,1,1,1
619,19,555,143,20,48,1,1,1
620,19,555,143,20,47,1,1,1
621,19,555,143,19,48,1,1,1
622,19,555,143,20,48,1,1,1
623,19,555,143,20,47,1,1,1
624,19,555,143,20,48,1,1,1
625,19,555,143,20,47,1,1,1
626,19,556,143,19,48,1,1,1
627,19,556,143,20,47,1,1,1
628,19,556,143,20,48,1,1,1
629,19,556,143,20,47,1,1,1
630,19,555,142,21,50,1,1,1
631,19,556,142,20,50,1,1,1
632,19,556,142,20,50,1,1,1
633,19,555,142,21,49,1,1,1
634,19,555,142,21,50,1,1,1
635,19,555,142,21,50,1,1,1
636,19,556,142,20,50,1,1,1
637,19,556,142,21,50,1,1,1
638,19,556,142,21,50,1,1,1
639,19,556,142,21,50,1,1,1
640,19,556,142,20,50,1,1,1
641,19,556,142,20,50,1,1,1
642,19,556,142,21,50,1,1,1
643,19,556,142,21,50,1,1,1
644,19,556,142,21,49,1,1,1
645,19,556,142,20,49,1,1,1
646,19,556,142,21,50,1,1,1
647,19,556,142,20,50,1,1,1
648,19,555,142,21,50,1,1,1
649,19,556,142,20,50,1,1,1
650,19,556,142,20,50,1,1,1
651,19,556,142,21,50,1,1,1
652,19,556,142,20,50,1,1,1
653,19,556,142,20,50,1,1,1
654,19,556,142,20,49,1,1,1
655,19,556,142,20,50,1,1,1
656,19,556,143,20,49,1,1,1
657,19,556,143,20,49,1,1,1
658,19,556,139,20,50,1,1,1
659,19,556,139,20,50,1,1,1
660,19,556,139,20,50,1,1,1
661,19,556,140,20,50,1,1,1
662,19,556,140,20,50,1,1,1
663,19,556,140,21,50,1,1,1
664,19,556,140,21,50,1,1,1
665,19,556,140,21,50,1,1,1
666,19,556,141,20,50,1,1,1
667,19,556,142,20,49,1,1,1
668,19,556,142,19,48,1,1,1
669,19,556,141,20,48,1,1,1
670,19,556,143,19,47,1,1,1
671,19,556,143,20,47,1,1,1
672,19,556,141,20,48,1,1,1
673,19,555,141,20,48,1,1,1
674,19,555,140,20,48,1,1,1
675,19,555,141,19,48,1,1,1
676,19,554,142,19,48,1,1,1
677,19,550,141,20,48,1,1,1
678,19,550,143,19,47,1,1,1
679,19,549,143,19,47,1,1,1
680,19,548,144,22,46,1,1,1
681,19,545,142,22,46,1,1,1
682,19,545,142,22,48,1,1,1
683,19,545,142,21,48,1,1,1
684,19,544,142,21,48,1,1,1
685,19,544,141,21,47,1,1,1
686,19,543,141,21,48,1,1,1
687,19,546,144,21,47,1,1,1
688,19,543,141,21,48,1,1,1
689,19,544,141,21,48,1,1,1
690,19,543,142,21,48,1,1,1
691,19,543,144,21,47,1,1,1
692,19,544,143,21,48,1,1,1
693,19,543,142,21,48,1,1,1
694,19,544,142,21,48,1,1,1
695,19,544,142,21,49,1,1,1
696,19,543,142,21,49,1,1,1
697,19,542,142,21,49,1,1,1
698,19,542,141,21,48,1,1,1
699,19,542,141,21,48,1,1,1
700,19,543,141,19,49,1,1,1
701,19,542,142,19,48,1,1,1
702,19,542,141,19,49,1,1,1
703,19,542,141,19,49,1,1,1
704,19,543,141,18,49,1,1,1
705,19,542,142,19,49,1,1,1
706,19,542,141,18,49,1,1,1
707,19,541,143,19,48,1,1,1
708,19,542,142,18,48,1,1,1
709,19,541,143,18,48,1,1,1
710,19,539,141,19,49,1,1,1
711,19,540,141,18,48,1,1,1
712,19,539,141,19,49,1,1,1
713,19,539,142,18,48,1,1,1
714,19,539,142,19,49,1,1,1
715,19,539,142,18,49,1,1,1
716,19,538,142,19,49,1,1,1
717,19,540,142,18,49,1,1,1
718,19,539,142,19,49,1,1,1
719,19,539,142,19,49,1,1,1
720,19,540,143,18,48,1,1,1
721,19,540,143,18,48,1,1,1
722,19,540,143,19,48,1,1,1
723,19,540,143,18,48,1,1,1
724,19,539,143,19,48,1,1,1
725,19,539,143,19,49,1,1,1
726,19,540,143,18,49,1,1,1
727,19,539,144,19,48,1,1,1
728,19,539,144,18,48,1,1,1
729,19,539,143,19,48,1,1,1
730,19,537,142,19,49,1,1,1
731,19,537,142,18,48,1,1,1
732,19,536,142,19,48,1,1,1
733,19,536,142,19,48,1,1,1
734,19,536,142,19,48,1,1,1
735,19,536,142,19,48,1,1,1
736,19,536,142,19,49,1,1,1
737,19,536,142,19,48,1,1,1
738,19,536,142,19,49,1,1,1
739,19,536,142,19,49,1,1,1
740,19,536,142,19,49,1,1,1
741,19,537,141,19,49,1,1,1
742,19,537,141,19,49,1,1,1
743,19,537,142,19,49,1,1,1
744,19,537,141,19,49,1,1,1
745,19,537,141,19,49,1,1,1
746,19,537,141,19,49,1,1,1
747,19,537,139,20,52,1,1,1
748,19,537,140,20,51,1,1,1
749,19,536,139,20,52,1,1,1
750,19,537,140,20,51,1,1,1
751,19,537,139,20,52,1,1,1
752,19,536,140,20,51,1,1,1
753,19,537,140,20,52,1,1,1
754,19,536,140,20,52,1,1,1
755,19,537,140,20,52,1,1,1
756,19,537,140,20,52,1,1,1
757,19,536,140,20,52,1,1,1
758,19,536,140,20,52,1,1,1
759,19,536,140,20,51,1,1,1
760,19,535,140,20,52,1,1,1
761,19,535,140,20,52,1,1,1
762,19,535,140,20,52,1,1,1
763,19,535,140,20,52,1,1,1
764,19,536,142,20,50,1,1,1
765,19,537,143,17,50,1,1,1
766,19,537,141,18,50,1,1,1
767,19,537,142,18,50,1,1,1
768,19,537,142,17,50,1,1,1
769,19,536,142,17,50,1,1,1
770,19,536,142,17,50,1,1,1
771,19,536,142,17,50,1,1,1
772,19,535,141,19,50,1,1,1
773,19,535,142,19,50,1,1,1
774,19,534,142,20,50,1,1,1
775,19,534,142,20,51,1,1,1
776,19,534,142,19,50,1,1,1
777,19,534,141,19,50,1,1,1
778,19,535,140,19,51,1,1,1
779,19,535,140,19,50,1,1,1
780,19,535,140,19,51,1,1,1
781,19,535,141,19,51,1,1,1
782,19,536,141,19,51,1,1,1
783,19,535,141,19,51,1,1,1
784,19,532,141,20,51,1,1,1
785,19,535,142,18,50,1,1,1
786,19,538,140,16,51,1,1,1
787,19,537,141,17,51,1,1,1
788,19,538,142,16,51,1,1,1
789,19,537,142,18,51,1,1,1
790,19,538,142,17,51,1,1,1
791,19,538,143,17,51,1,1,1
792,19,537,142,17,51,1,1,1
793,19,538,142,16,51,1,1,1
794,19,537,143,17,51,1,1,1
795,19,537,142,17,51,1,1,1
796,19,537,142,17,51,1,1,1
797,19,536,142,18,51,1,1,1
798,19,536,142,18,51,1,1,1
799,19,537,142,18,51,1,1,1
800,19,538,143,17,51,1,1,1
801,19,536,142,19,51,1,1,1
802,19,538,142,17,51,1,1,1
803,19,536,142,18,51,1,1,1
804,19,537,142,18,51,1,1,1
805,19,537,142,18,51,1,1,1
806,19,537,142,18,51,1,1,1
807,19,536,142,19,51,1,1,1
808,19,537,142,17,51,1,1,1
809,19,537,143,17,51,1,1,1
810,19,538,142,15,51,1,1,1
811,19,537,143,18,51,1,1,1
812,19,535,142,20,55,1,1,1
813,19,534,142,21,54,1,1,1
814,19,534,142,21,54,1,1,1
815,19,535,144,19,52,1,1,1
816,19,535,143,19,52,1,1,1
817,19,535,144,20,52,1,1,1
818,19,535,142,20,55,1,1,1
819,19,534,142,20,54,1,1,1
820,19,535,142,20,54,1,1,1
821,19,536,142,20,55,1,1,1
822,19,536,144,21,55,1,1,1
823,19,536,143,21,55,1,1,1
824,19,536,143,20,55,1,1,1
825,19,536,143,20,55,1,1,1
826,19,536,143,21,55,1,1,1
827,19,536,144,20,55,1,1,1
828,19,536,144,20,55,1,1,1
829,19,536,145,21,54,1,1,1
830,19,536,144,20,55,1,1,1
831,19,536,145,21,54,1,1,1
832,19,536,143,22,57,1,1,1
833,19,535,142,22,58,1,1,1
834,19,536,142,21,58,1,1,1
835,19,536,142,21,57,1,1,1
836,19,536,143,21,57,1,1,1
837,19,536,142,21,58,1,1,1
838,19,536,143,21,57,1,1,1
839,19,536,141,22,57,1,1,1
840,19,536,141,22,58,1,1,1
841,19,537,143,21,57,1,1,1
842,19,537,142,22,57,1,1,1
843,19,538,141,21,58,1,1,1
844,19,538,141,22,57,1,1,1
845,19,538,141,22,57,1,1,1
846,19,539,141,21,57,1,1,1
847,19,538,141,22,57,1,1,1
848,19,539,141,21,57,1,1,1
849,19,539,141,21,58,1,1,1
850,19,539,141,21,58,1,1,1
851,19,539,141,21,57,1,1,1
852,19,539,140,21,58,1,1,1
853,19,539,140,22,57,1,1,1
854,19,538,141,22,57,1,1,1
855,19,540,142,20,55,1,1,1
856,19,539,143,21,55,1,1,1
857,19,539,143,21,55,1,1,1
858,19,540,144,20,55,1,1,1
859,19,539,142,21,57,1,1,1
860,19,539,142,22,58,1,1,1
861,19,539,141,22,57,1,1,1
862,19,539,142,21,57,1,1,1
863,19,539,143,22,57,1,1,1
864,19,539,142,22,58,1,1,1
865,19,540,142,21,57,1,1,1
866,19,539,143,22,57,1,1,1
867,19,540,142,21,58,1,1,1
868,19,540,142,21,58,1,1,1
869,19,540,142,22,58,1,1,1
870,19,540,142,21,58,1,1,1
871,19,541,142,21,57,1,1,1
872,19,541,143,21,57,1,1,1
873,19,540,142,22,58,1,1,1
874,19,540,142,22,57,1,1,1
875,19,541,141,21,58,1,1,1
876,19,541,141,22,58,1,1,1
877,19,541,142,22,57,1,1,1
878,19,542,141,21,58,1,1,1
879,19,541,142,22,57,1,1,1
880,19,542,142,21,58,1,1,1
881,19,542,142,19,57,1,1,1
882,19,544,143,19,57,1,1,1
883,19,544,143,19,57,1,1,1
884,19,545,143,19,57,1,1,1
885,19,545,142,19,57,1,1,1
886,19,545,141,20,59,1,1,1
887,19,544,142,20,59,1,1,1
888,19,545,142,20,59,1,1,1
889,19,545,141,21,59,1,1,1
890,19,545,141,21,60,1,1,1
891,19,546,140,21,60,1,1,1
892,19,546,140,21,60,1,1,1
893,19,546,139,21,60,1,1,1
894,19,547,140,20,59,1,1,1
895,19,546,139,21,60,1,1,1
896,19,546,140,21,59,1,1,1
897,19,547,140,20,59,1,1,1
898,19,547,140,20,59,1,1,1
899,19,546,140,21,59,1,1,1
900,19,547,140,20,59,1,1,1
100,21,624,134,26,38,1,1,1
101,21,625,134,26,38,1,1,1
102,21,625,134,26,39,1,1,1
103,21,620,133,26,38,1,1,1
104,21,620,133,25,38,1,1,1
105,21,618,134,26,39,1,1,1
106,21,617,135,25,38,1,1,1
107,21,617,134,25,38,1,1,1
108,21,613,132,26,39,1,1,1
109,21,611,132,26,41,1,1,1
110,21,610,132,26,41,1,1,1
111,21,608,132,26,41,1,1,1
112,21,607,131,25,40,1,1,1
113,21,606,130,24,41,1,1,1
114,21,605,131,24,40,1,1,1
115,21,603,131,25,40,1,1,1
116,21,601,132,25,40,1,1,1
117,21,600,131,25,40,1,1,1
118,21,599,131,25,40,1,1,1
119,21,597,132,25,40,1,1,1
120,21,596,132,25,40,1,1,1
121,21,595,130,25,41,1,1,1
122,21,593,130,25,41,1,1,1
123,21,592,131,24,41,1,1,1
124,21,592,133,23,38,1,1,1
125,21,590,132,24,38,1,1,1
126,21,589,131,24,39,1,1,1
127,21,587,131,23,39,1,1,1
128,21,586,132,23,39,1,1,1
129,21,585,132,23,39,1,1,1
130,21,583,132,23,39,1,1,1
131,21,582,131,23,39,1,1,1
132,21,580,132,23,38,1,1,1
133,21,579,132,23,38,1,1,1
134,21,577,132,23,38,1,1,1
135,21,577,132,23,38,1,1,1
136,21,574,132,23,39,1,1,1
137,21,573,132,23,40,1,1,1
138,21,572,130,22,41,1,1,1
139,21,570,130,22,40,1,1,1
140,21,568,130,23,40,1,1,1
141,21,567,130,23,41,1,1,1
142,21,566,131,22,40,1,1,1
143,21,565,130,22,41,1,1,1
144,21,563,130,23,41,1,1,1
145,21,561,129,23,41,1,1,1
146,21,560,130,22,41,1,1,1
147,21,560,130,21,41,1,1,1
148,21,558,132,22,40,1,1,1
149,21,557,130,21,41,1,1,1
150,21,554,130,22,41,1,1,1
151,21,553,131,22,40,1,1,1
152,21,552,130,21,41,1,1,1
153,21,550,130,21,40,1,1,1
154,21,549,129,22,41,1,1,1
155,21,548,130,22,41,1,1,1
156,21,546,130,22,41,1,1,1
157,21,544,131,22,41,1,1,1
158,21,546,131,20,41,1,1,1
159,21,546,130,18,44,1,1,1
160,21,542,132,19,36,1,1,1
161,21,541,131,21,38,1,1,1
162,21,541,131,18,39,1,1,1
163,21,536,131,21,37,1,1,1
164,21,533,130,20,39,1,1,1
165,21,532,130,20,39,1,1,1
166,21,531,131,20,37,1,1,1
167,21,528,131,22,38,1,1,1
168,21,527,131,22,38,1,1,1
169,21,525,132,22,38,1,1,1
170,21,522,131,23,38,1,1,1
171,21,521,131,23,38,1,1,1
172,21,520,131,23,38,1,1,1
173,21,518,130,22,38,1,1,1
174,21,518,130,22,38,1,1,1
175,21,517,130,22,38,1,1,1
176,21,515,130,22,38,1,1,1
177,21,514,128,22,39,1,1,1
178,21,513,128,22,39,1,1,1
179,21,511,128,22,38,1,1,1
180,21,510,129,22,39,1,1,1
181,21,512,132,22,38,1,1,1
182,21,507,131,22,38,1,1,1
183,21,504,131,22,38,1,1,1
184,21,502,132,22,38,1,1,1
185,21,502,130,22,36,1,1,1
186,21,502,130,22,36,1,1,1
187,21,500,130,22,36,1,1,1
188,21,497,130,23,38,1,1,1
189,21,496,129,23,38,1,1,1
190,21,494,129,23,38,1,1,1
191,21,493,129,22,38,1,1,1
192,21,492,130,23,38,1,1,1
193,21,491,130,22,38,1,1,1
194,21,491,129,22,38,1,1,1
195,21,490,130,22,38,1,1,1
196,21,489,130,22,38,1,1,1
197,21,486,130,22,38,1,1,1
198,21,484,131,24,38,1,1,1
199,21,481,129,24,37,1,1,1
200,21,478,129,24,38,1,1,1
201,21,477,130,24,38,1,1,1
202,21,476,130,23,38,1,1,1
203,21,476,131,24,38,1,1,1
204,21,476,132,23,36,1,1,1
205,21,473,130,22,37,1,1,1
206,21,471,130,23,37,1,1,1
207,21,470,129,22,37,1,1,1
208,21,469,129,23,37,1,1,1
209,21,471,130,17,37,1,1,1
210,21,469,129,17,36,1,1,1
211,21,468,129,18,36,1,1,1
212,21,468,130,18,35,1,1,1
213,21,467,130,18,35,1,1,1
214,21,467,130,17,35,1,1,1
215,21,463,130,17,34,1,1,1
216,21,461,130,17,34,1,1,1
217,21,459,129,17,35,1,1,1
218,21,458,129,16,35,1,1,1
219,21,456,129,19,35,1,1,1
220,21,454,129,19,35,1,1,1
221,21,451,130,20,34,1,1,1
222,21,450,130,20,35,1,1,1
223,21,449,129,19,34,1,1,1
224,21,448,129,19,34,1,1,1
225,21,446,128,19,37,1,1,1
226,21,444,129,20,34,1,1,1
227,21,443,129,19,34,1,1,1
228,21,442,129,19,34,1,1,1
229,21,441,129,19,34,1,1,1
230,21,439,128,19,34,1,1,1
231,21,438,130,19,34,1,1,1
232,21,434,130,22,34,1,1,1
233,21,433,130,21,34,1,1,1
234,21,432,130,21,34,1,1,1
235,21,430,130,22,34,1,1,1
236,21,428,131,22,34,1,1,1
237,21,428,131,21,34,1,1,1
238,21,426,131,21,34,1,1,1
239,21,424,131,22,34,1,1,1
240,21,423,131,21,36,1,1,1
241,21,421,131,22,37,1,1,1
242,21,419,131,22,36,1,1,1
243,21,417,131,21,36,1,1,1
244,21,415,130,23,39,1,1,1
245,21,413,130,23,39,1,1,1
246,21,412,130,23,38,1,1,1
247,21,411,131,23,38,1,1,1
248,21,411,130,21,38,1,1,1
249,21,409,129,22,39,1,1,1
250,21,408,129,21,41,1,1,1
251,21,407,130,21,38,1,1,1
252,21,405,130,21,38,1,1,1
253,21,404,130,21,38,1,1,1
254,21,403,129,21,38,1,1,1
255,21,400,130,21,38,1,1,1
256,21,400,132,21,38,1,1,1
257,21,399,133,21,38,1,1,1
258,21,398,132,21,38,1,1,1
259,21,396,130,21,38,1,1,1
260,21,395,130,21,38,1,1,1
261,21,392,130,22,38,1,1,1
262,21,391,130,21,38,1,1,1
263,21,391,130,21,38,1,1,1
264,21,390,130,21,38,1,1,1
265,21,388,131,20,36,1,1,1
266,21,388,131,20,36,1,1,1
267,21,387,132,20,36,1,1,1
268,21,384,131,20,36,1,1,1
269,21,384,131,20,36,1,1,1
270,21,382,132,20,36,1,1,1
271,21,381,131,20,36,1,1,1
272,21,377,131,20,36,1,1,1
273,21,377,131,20,36,1,1,1
274,21,376,130,20,36,1,1,1
275,21,373,132,20,38,1,1,1
276,21,374,133,19,37,1,1,1
277,21,371,132,19,37,1,1,1
278,21,372,133,19,37,1,1,1
279,21,370,133,19,36,1,1,1
280,21,367,131,19,37,1,1,1
281,21,367,132,19,36,1,1,1
282,21,366,132,19,36,1,1,1
283,21,363,131,18,36,1,1,1
284,21,362,130,19,37,1,1,1
285,21,361,131,19,36,1,1,1
286,21,358,131,19,36,1,1,1
287,21,358,131,19,37,1,1,1
288,21,356,132,19,36,1,1,1
289,21,352,132,19,36,1,1,1
290,21,352,132,19,36,1,1,1
291,21,350,133,19,36,1,1,1
292,21,349,133,19,36,1,1,1
293,21,348,133,19,36,1,1,1
294,21,346,132,19,36,1,1,1
295,21,345,133,19,36,1,1,1
296,21,344,133,19,36,1,1,1
297,21,342,133,19,36,1,1,1
298,21,340,133,19,37,1,1,1
299,21,339,133,19,37,1,1,1
300,21,337,133,19,37,1,1,1
301,21,335,133,19,36,1,1,1
302,21,333,133,19,39,1,1,1
303,21,331,132,19,39,1,1,1
304,21,329,132,19,39,1,1,1
305,21,327,131,18,39,1,1,1
306,21,324,131,19,39,1,1,1
307,21,323,132,19,39,1,1,1
308,21,322,132,19,39,1,1,1
309,21,322,133,19,39,1,1,1
310,21,322,132,19,39,1,1,1
311,21,322,132,19,39,1,1,1
312,21,322,133,19,39,1,1,1
313,21,322,133,19,39,1,1,1
314,21,321,131,20,41,1,1,1
315,21,313,132,18,39,1,1,1
316,21,311,132,19,39,1,1,1
317,21,311,132,18,39,1,1,1
318,21,310,132,18,39,1,1,1
319,21,306,133,18,39,1,1,1
320,21,307,132,18,39,1,1,1
321,21,306,133,18,39,1,1,1
322,21,301,133,19,39,1,1,1
323,21,302,133,18,39,1,1,1
324,21,297,133,21,39,1,1,1
325,21,297,133,20,39,1,1,1
326,21,293,133,21,39,1,1,1
327,21,293,133,21,39,1,1,1
328,21,292,133,20,39,1,1,1
329,21,288,133,22,39,1,1,1
330,21,286,133,22,39,1,1,1
331,21,285,133,22,39,1,1,1
332,21,284,132,22,39,1,1,1
333,21,283,133,23,39,1,1,1
334,21,283,132,22,39,1,1,1
335,21,281,132,20,41,1,1,1
336,21,281,132,20,41,1,1,1
337,21,281,133,20,41,1,1,1
338,21,280,133,17,42,1,1,1
339,21,280,134,18,41,1,1,1
340,21,273,134,20,40,1,1,1
341,21,274,134,19,40,1,1,1
342,21,274,134,19,40,1,1,1
343,21,270,134,21,39,1,1,1
344,21,268,134,22,39,1,1,1
345,21,267,134,21,39,1,1,1
346,21,266,134,22,39,1,1,1
347,21,265,133,21,39,1,1,1
348,21,264,134,21,39,1,1,1
349,21,263,133,21,39,1,1,1
350,21,261,133,21,39,1,1,1
351,21,258,133,23,39,1,1,1
352,21,257,134,23,39,1,1,1
353,21,257,135,23,39,1,1,1
354,21,256,135,23,38,1,1,1
355,21,255,135,23,39,1,1,1
356,21,254,135,21,39,1,1,1
357,21,253,135,21,39,1,1,1
358,21,253,135,21,38,1,1,1
359,21,253,135,21,39,1,1,1
360,21,252,136,21,39,1,1,1
361,21,250,135,17,36,1,1,1
362,21,252,135,17,36,1,1,1
363,21,251,136,18,36,1,1,1
364,21,245,136,21,36,1,1,1
365,21,246,136,20,36,1,1,1
366,21,245,137,20,36,1,1,1
367,21,241,135,20,36,1,1,1
368,21,241,135,20,36,1,1,1
369,21,239,135,21,37,1,1,1
370,21,237,135,22,38,1,1,1
371,21,236,134,21,38,1,1,1
372,21,235,136,19,34,1,1,1
373,21,235,136,18,34,1,1,1
374,21,234,137,18,34,1,1,1
375,21,232,137,20,36,1,1,1
376,21,231,137,20,36,1,1,1
377,21,229,137,20,36,1,1,1
378,21,227,135,19,36,1,1,1
379,21,226,137,20,36,1,1,1
380,21,225,138,19,36,1,1,1
381,21,223,138,20,37,1,1,1
382,21,222,136,19,36,1,1,1
383,21,222,138,20,37,1,1,1
384,21,221,137,21,38,1,1,1
385,21,214,137,20,38,1,1,1
386,21,218,138,21,38,1,1,1
387,21,211,136,20,38,1,1,1
388,21,215,138,21,38,1,1,1
389,21,205,137,20,38,1,1,1
390,21,204,139,21,37,1,1,1
391,21,203,138,21,38,1,1,1
392,21,202,139,20,37,1,1,1
393,21,196,138,21,37,1,1,1
394,21,191,137,20,37,1,1,1
395,21,186,137,21,37,1,1,1
396,21,180,136,20,37,1,1,1
397,21,174,136,20,38,1,1,1
398,21,169,137,20,37,1,1,1
399,21,166,138,21,37,1,1,1
400,21,163,139,20,38,1,1,1
401,21,159,139,21,38,1,1,1
1,22,457,126,11,24,1,1,1
2,22,457,125,11,26,1,1,1
3,22,456,125,12,25,1,1,1
4,22,456,126,12,26,1,1,1
5,22,455,125,13,27,1,1,1
6,22,456,126,12,26,1,1,1
7,22,457,126,11,24,1,1,1
8,22,457,127,11,24,1,1,1
9,22,456,125,12,24,1,1,1
10,22,456,125,12,24,1,1,1
11,22,457,126,12,24,1,1,1
12,22,457,126,11,24,1,1,1
13,22,457,127,11,24,1,1,1
14,22,457,127,12,24,1,1,1
15,22,457,127,11,24,1,1,1
16,22,457,125,12,24,1,1,1
17,22,458,126,11,24,1,1,1
18,22,458,126,11,24,1,1,1
19,22,456,125,12,24,1,1,1
20,22,457,125,12,24,1,1,1
21,22,457,125,11,24,1,1,1
22,22,457,126,11,24,1,1,1
23,22,457,126,12,24,1,1,1
24,22,457,126,11,24,1,1,1
25,22,457,126,12,24,1,1,1
26,22,457,126,12,24,1,1,1
27,22,457,126,12,24,1,1,1
28,22,457,127,12,24,1,1,1
29,22,458,127,11,24,1,1,1
30,22,457,125,12,25,1,1,1
31,22,457,127,13,25,1,1,1
32,22,458,127,12,24,1,1,1
33,22,458,125,12,25,1,1,1
34,22,459,126,12,25,1,1,1
35,22,458,127,13,25,1,1,1
36,22,459,127,13,25,1,1,1
37,22,459,127,11,23,1,1,1
38,22,460,128,10,23,1,1,1
39,22,460,129,11,23,1,1,1
40,22,460,125,11,26,1,1,1
41,22,460,125,12,26,1,1,1
42,22,460,126,12,23,1,1,1
43,22,460,127,12,22,1,1,1
44,22,460,127,12,22,1,1,1
45,22,460,128,12,22,1,1,1
46,22,461,128,11,22,1,1,1
47,22,461,128,11,22,1,1,1
48,22,461,129,11,22,1,1,1
49,22,461,129,11,21,1,1,1
50,22,461,129,11,21,1,1,1
51,22,461,130,11,21,1,1,1
52,22,461,130,11,21,1,1,1
53,22,461,130,11,21,1,1,1
54,22,461,129,11,21,1,1,1
55,22,462,132,12,17,1,1,1
56,22,463,132,11,17,1,1,1
57,22,463,132,12,18,1,1,1
58,22,463,132,12,18,1,1,1
59,22,461,132,13,18,1,1,1
60,22,461,132,12,18,1,1,1
61,22,461,133,13,18,1,1,1
62,22,461,134,13,18,1,1,1
63,22,461,134,12,18,1,1,1
64,22,461,133,14,16,1,1,1
65,22,461,134,14,16,1,1,1
66,22,461,134,14,16,1,1,1
67,22,461,134,14,16,1,1,1
68,22,462,135,14,16,1,1,1
69,22,461,134,14,16,1,1,1
70,22,462,135,14,16,1,1,1
71,22,461,135,14,16,1,1,1
72,22,461,135,14,16,1,1,1
73,22,461,136,14,16,1,1,1
74,22,462,136,14,16,1,1,1
75,22,461,135,14,16,1,1,1
76,22,462,135,14,16,1,1,1
77,22,461,135,14,16,1,1,1
78,22,461,135,14,16,1,1,1
79,22,462,135,14,16,1,1,1
80,22,461,135,14,16,1,1,1
81,22,462,135,14,16,1,1,1
82,22,462,135,14,16,1,1,1
83,22,461,135,14,16,1,1,1
84,22,462,135,14,16,1,1,1
85,22,461,135,14,16,1,1,1
86,22,461,136,14,16,1,1,1
87,22,461,135,14,16,1,1,1
88,22,460,135,14,16,1,1,1
89,22,461,135,14,16,1,1,1
90,22,461,135,14,16,1,1,1
91,22,461,136,14,16,1,1,1
92,22,461,136,14,16,1,1,1
93,22,461,136,14,16,1,1,1
94,22,461,135,14,16,1,1,1
95,22,461,135,14,16,1,1,1
96,22,461,135,14,16,1,1,1
97,22,460,135,14,16,1,1,1
98,22,461,135,14,16,1,1,1
99,22,461,135,14,16,1,1,1
100,22,461,135,14,16,1,1,1
101,22,461,135,14,16,1,1,1
102,22,461,135,14,16,1,1,1
103,22,461,135,14,16,1,1,1
104,22,461,135,14,16,1,1,1
105,22,461,135,14,16,1,1,1
106,22,460,134,14,16,1,1,1
107,22,460,134,14,16,1,1,1
108,22,460,135,14,16,1,1,1
109,22,460,134,14,16,1,1,1
110,22,460,134,14,16,1,1,1
111,22,460,135,14,16,1,1,1
112,22,460,135,14,16,1,1,1
113,22,460,135,14,16,1,1,1
114,22,460,134,15,17,1,1,1
115,22,460,134,14,17,1,1,1
116,22,460,134,14,17,1,1,1
117,22,460,134,15,17,1,1,1
118,22,460,134,14,17,1,1,1
119,22,460,134,14,17,1,1,1
120,22,460,134,14,17,1,1,1
121,22,460,134,14,17,1,1,1
122,22,460,134,14,17,1,1,1
123,22,460,134,14,17,1,1,1
124,22,460,134,15,17,1,1,1
125,22,461,135,14,14,1,1,1
126,22,460,135,15,14,1,1,1
127,22,461,135,14,14,1,1,1
128,22,461,135,15,14,1,1,1
129,22,461,135,14,14,1,1,1
130,22,461,135,14,14,1,1,1
131,22,460,135,15,14,1,1,1
132,22,461,135,15,15,1,1,1
133,22,461,135,15,14,1,1,1
134,22,461,135,15,14,1,1,1
135,22,461,135,15,14,1,1,1
136,22,461,135,15,15,1,1,1
137,22,461,135,15,14,1,1,1
138,22,461,135,15,15,1,1,1
139,22,461,135,15,15,1,1,1
140,22,461,135,15,15,1,1,1
141,22,461,136,15,14,1,1,1
142,22,462,136,14,14,1,1,1
143,22,461,136,15,14,1,1,1
144,22,461,136,14,14,1,1,1
145,22,462,136,14,14,1,1,1
146,22,462,136,14,14,1,1,1
147,22,462,136,14,14,1,1,1
148,22,461,136,15,14,1,1,1
149,22,461,136,14,14,1,1,1
150,22,461,136,15,14,1,1,1
151,22,462,136,14,14,1,1,1
152,22,462,136,14,14,1,1,1
153,22,461,136,15,14,1,1,1
154,22,461,136,15,14,1,1,1
155,22,461,136,15,14,1,1,1
156,22,462,136,14,14,1,1,1
157,22,462,136,14,14,1,1,1
158,22,462,136,14,14,1,1,1
159,22,462,136,14,14,1,1,1
160,22,462,136,14,14,1,1,1
161,22,462,136,14,14,1,1,1
162,22,462,136,14,14,1,1,1
163,22,462,136,14,14,1,1,1
164,22,462,136,14,14,1,1,1
165,22,461,136,15,14,1,1,1
166,22,461,136,15,14,1,1,1
167,22,461,136,15,14,1,1,1
168,22,461,136,15,14,1,1,1
169,22,461,136,15,14,1,1,1
170,22,461,136,15,14,1,1,1
171,22,461,136,15,14,1,1,1
172,22,461,136,14,14,1,1,1
173,22,462,136,14,14,1,1,1
174,22,462,136,14,14,1,1,1
175,22,461,136,15,14,1,1,1
176,22,461,136,15,14,1,1,1
177,22,461,136,15,14,1,1,1
178,22,462,136,14,14,1,1,1
179,22,462,136,12,14,1,1,1
180,22,462,136,12,14,1,1,1
181,22,462,137,13,14,1,1,1
182,22,461,136,13,14,1,1,1
183,22,462,136,12,14,1,1,1
184,22,462,137,12,14,1,1,1
185,22,462,137,12,14,1,1,1
186,22,462,136,12,14,1,1,1
187,22,461,136,13,14,1,1,1
188,22,461,137,13,14,1,1,1
189,22,462,137,12,14,1,1,1
190,22,462,136,12,14,1,1,1
191,22,461,136,13,14,1,1,1
192,22,462,137,12,14,1,1,1
193,22,462,136,12,14,1,1,1
194,22,461,136,13,14,1,1,1
195,22,461,136,12,14,1,1,1
196,22,462,136,12,14,1,1,1
197,22,462,136,12,14,1,1,1
198,22,462,136,12,14,1,1,1
199,22,462,136,12,14,1,1,1
200,22,461,137,13,14,1,1,1
201,22,461,136,13,14,1,1,1
202,22,462,137,12,14,1,1,1
203,22,462,136,12,14,1,1,1
204,22,462,136,12,14,1,1,1
205,22,461,136,12,14,1,1,1
206,22,461,137,12,14,1,1,1
207,22,462,137,12,13,1,1,1
208,22,462,136,11,14,1,1,1
209,22,462,136,11,14,1,1,1
210,22,462,136,10,14,1,1,1
211,22,462,136,11,14,1,1,1
212,22,462,136,11,14,1,1,1
213,22,462,136,11,14,1,1,1
214,22,462,136,11,14,1,1,1
215,22,462,135,11,14,1,1,1
216,22,461,136,11,14,1,1,1
217,22,461,136,11,13,1,1,1
218,22,461,135,10,14,1,1,1
219,22,462,135,9,13,1,1,1
220,22,460,136,14,15,1,1,1
221,22,459,135,13,15,1,1,1
222,22,459,135,12,14,1,1,1
223,22,458,135,13,15,1,1,1
224,22,459,134,13,15,1,1,1
225,22,459,134,14,15,1,1,1
226,22,460,133,13,16,1,1,1
227,22,460,134,13,16,1,1,1
228,22,461,134,12,16,1,1,1
229,22,461,133,12,16,1,1,1
230,22,461,135,12,16,1,1,1
231,22,461,134,12,16,1,1,1
232,22,460,134,13,16,1,1,1
233,22,460,134,13,15,1,1,1
234,22,461,134,12,16,1,1,1
235,22,460,134,13,16,1,1,1
236,22,460,134,13,16,1,1,1
237,22,460,134,12,16,1,1,1
238,22,461,134,12,16,1,1,1
239,22,461,134,12,16,1,1,1
240,22,460,134,13,16,1,1,1
241,22,460,133,13,17,1,1,1
242,22,460,134,12,16,1,1,1
243,22,460,134,13,16,1,1,1
244,22,460,134,12,16,1,1,1
245,22,460,134,13,16,1,1,1
246,22,460,134,12,16,1,1,1
247,22,460,134,13,16,1,1,1
248,22,460,134,12,16,1,1,1
249,22,460,134,12,16,1,1,1
250,22,459,134,13,16,1,1,1
251,22,459,134,13,16,1,1,1
252,22,459,134,13,16,1,1,1
253,22,460,135,13,16,1,1,1
254,22,460,135,13,16,1,1,1
255,22,460,134,13,16,1,1,1
256,22,460,135,13,16,1,1,1
257,22,460,134,13,17,1,1,1
258,22,460,134,13,16,1,1,1
259,22,460,134,13,16,1,1,1
260,22,461,135,12,16,1,1,1
261,22,460,134,13,16,1,1,1
262,22,460,134,13,16,1,1,1
263,22,460,134,13,17,1,1,1
264,22,460,135,13,16,1,1,1
265,22,460,135,13,16,1,1,1
266,22,460,135,13,16,1,1,1
267,22,460,135,13,16,1,1,1
268,22,460,135,13,17,1,1,1
269,22,460,135,13,17,1,1,1
270,22,459,134,13,17,1,1,1
271,22,460,134,13,17,1,1,1
272,22,460,135,13,16,1,1,1
273,22,460,135,13,16,1,1,1
274,22,460,135,13,16,1,1,1
275,22,460,135,13,16,1,1,1
276,22,460,134,13,17,1,1,1
277,22,460,135,13,16,1,1,1
278,22,460,135,13,16,1,1,1
279,22,460,135,13,16,1,1,1
280,22,460,135,13,16,1,1,1
281,22,460,135,13,16,1,1,1
282,22,460,134,13,17,1,1,1
283,22,460,135,13,17,1,1,1
284,22,461,135,12,16,1,1,1
285,22,461,135,12,16,1,1,1
286,22,460,135,13,16,1,1,1
287,22,460,136,12,16,1,1,1
288,22,460,136,13,16,1,1,1
289,22,460,135,13,16,1,1,1
290,22,460,136,12,16,1,1,1
291,22,460,136,13,16,1,1,1
292,22,460,136,13,16,1,1,1
293,22,460,137,12,16,1,1,1
294,22,460,135,13,16,1,1,1
295,22,460,136,12,16,1,1,1
296,22,460,135,13,16,1,1,1
297,22,460,136,12,16,1,1,1
298,22,461,134,13,16,1,1,1
299,22,461,134,12,16,1,1,1
300,22,460,134,13,16,1,1,1
301,22,460,135,13,16,1,1,1
302,22,461,135,13,17,1,1,1
303,22,461,135,13,17,1,1,1
304,22,460,135,13,16,1,1,1
305,22,459,135,13,16,1,1,1
306,22,460,135,12,16,1,1,1
307,22,461,135,11,15,1,1,1
308,22,461,136,11,14,1,1,1
309,22,460,136,11,14,1,1,1
310,22,460,136,11,15,1,1,1
311,22,460,135,11,15,1,1,1
312,22,461,136,11,14,1,1,1
313,22,461,136,11,14,1,1,1
314,22,461,135,11,15,1,1,1
315,22,461,136,11,14,1,1,1
316,22,461,135,11,15,1,1,1
317,22,460,136,11,15,1,1,1
318,22,460,135,11,15,1,1,1
319,22,460,136,11,14,1,1,1
320,22,460,136,11,14,1,1,1
321,22,461,135,11,15,1,1,1
322,22,461,135,11,15,1,1,1
323,22,461,136,11,14,1,1,1
324,22,461,136,11,15,1,1,1
325,22,462,135,11,16,1,1,1
326,22,462,135,11,16,1,1,1
327,22,461,134,12,16,1,1,1
328,22,460,136,11,16,1,1,1
329,22,461,134,12,16,1,1,1
330,22,462,135,11,15,1,1,1
331,22,462,135,11,15,1,1,1
332,22,461,135,12,15,1,1,1
333,22,460,135,12,15,1,1,1
334,22,461,135,12,15,1,1,1
335,22,460,135,12,15,1,1,1
336,22,461,135,12,15,1,1,1
337,22,460,136,11,15,1,1,1
338,22,461,135,12,15,1,1,1
339,22,460,135,12,15,1,1,1
340,22,461,135,12,15,1,1,1
341,22,460,135,11,15,1,1,1
342,22,462,135,11,15,1,1,1
343,22,462,135,11,15,1,1,1
344,22,461,135,12,15,1,1,1
345,22,462,135,11,15,1,1,1
346,22,462,135,11,15,1,1,1
347,22,462,136,12,15,1,1,1
348,22,462,135,11,15,1,1,1
349,22,461,136,12,15,1,1,1
350,22,461,135,12,16,1,1,1
351,22,462,135,11,15,1,1,1
352,22,462,136,11,14,1,1,1
353,22,461,135,11,15,1,1,1
354,22,462,136,11,15,1,1,1
355,22,461,136,11,14,1,1,1
356,22,461,136,11,15,1,1,1
357,22,461,136,12,15,1,1,1
358,22,461,136,12,15,1,1,1
359,22,462,135,12,16,1,1,1
360,22,462,135,12,16,1,1,1
361,22,462,135,11,15,1,1,1
362,22,463,135,11,15,1,1,1
363,22,462,135,11,15,1,1,1
364,22,462,135,11,15,1,1,1
365,22,462,135,12,15,1,1,1
366,22,461,134,12,16,1,1,1
367,22,461,134,12,16,1,1,1
368,22,462,134,11,15,1,1,1
369,22,462,133,11,15,1,1,1
370,22,461,134,12,15,1,1,1
371,22,462,133,11,15,1,1,1
372,22,461,131,13,17,1,1,1
373,22,461,131,13,19,1,1,1
374,22,460,131,14,19,1,1,1
375,22,461,131,13,19,1,1,1
376,22,461,131,13,19,1,1,1
377,22,460,131,14,19,1,1,1
378,22,460,130,14,19,1,1,1
379,22,461,130,13,20,1,1,1
380,22,460,129,12,21,1,1,1
381,22,460,129,12,21,1,1,1
382,22,460,130,12,20,1,1,1
383,22,460,129,12,20,1,1,1
384,22,460,129,13,20,1,1,1
385,22,460,129,13,20,1,1,1
386,22,460,129,12,21,1,1,1
387,22,459,130,12,20,1,1,1
388,22,459,129,13,21,1,1,1
389,22,458,130,12,20,1,1,1
390,22,458,130,12,20,1,1,1
391,22,458,130,12,20,1,1,1
392,22,459,130,12,20,1,1,1
393,22,459,129,12,21,1,1,1
394,22,458,129,12,21,1,1,1
395,22,459,129,12,21,1,1,1
396,22,458,129,12,21,1,1,1
397,22,458,128,12,21,1,1,1
398,22,458,128,14,22,1,1,1
399,22,456,127,11,22,1,1,1
400,22,456,127,12,23,1,1,1
401,22,457,128,11,22,1,1,1
402,22,456,128,12,22,1,1,1
403,22,456,128,12,23,1,1,1
404,22,455,127,12,22,1,1,1
405,22,455,126,12,23,1,1,1
406,22,455,126,12,23,1,1,1
407,22,454,126,12,22,1,1,1
408,22,455,126,12,23,1,1,1
409,22,456,126,12,23,1,1,1
410,22,457,126,9,23,1,1,1
411,22,458,126,9,22,1,1,1
412,22,456,127,9,22,1,1,1
413,22,457,127,9,22,1,1,1
414,22,457,127,9,23,1,1,1
415,22,457,127,9,23,1,1,1
416,22,456,127,9,23,1,1,1
417,22,455,127,11,23,1,1,1
418,22,456,127,10,24,1,1,1
419,22,456,127,11,24,1,1,1
420,22,456,128,11,24,1,1,1
421,22,455,126,11,24,1,1,1
422,22,454,127,11,23,1,1,1
423,22,455,128,11,23,1,1,1
424,22,455,127,11,23,1,1,1
425,22,455,127,11,23,1,1,1
426,22,456,127,10,24,1,1,1
427,22,456,127,11,24,1,1,1
428,22,457,127,11,24,1,1,1
429,22,455,126,11,24,1,1,1
430,22,455,126,11,24,1,1,1
431,22,455,126,11,24,1,1,1
432,22,456,127,11,24,1,1,1
433,22,456,127,10,24,1,1,1
434,22,454,126,12,24,1,1,1
435,22,455,127,11,23,1,1,1
436,22,455,126,11,23,1,1,1
437,22,455,127,11,23,1,1,1
438,22,456,128,11,23,1,1,1
439,22,456,127,11,23,1,1,1
440,22,456,128,11,22,1,1,1
441,22,457,128,10,22,1,1,1
442,22,456,128,11,22,1,1,1
443,22,457,128,10,22,1,1,1
444,22,456,127,10,23,1,1,1
445,22,456,129,10,23,1,1,1
446,22,456,128,10,23,1,1,1
447,22,455,127,11,23,1,1,1
448,22,453,128,12,23,1,1,1
449,22,454,127,11,23,1,1,1
450,22,454,127,12,23,1,1,1
451,22,454,127,11,23,1,1,1
452,22,454,126,12,23,1,1,1
453,22,454,127,12,23,1,1,1
454,22,454,128,12,23,1,1,1
455,22,455,128,11,22,1,1,1
456,22,455,128,11,22,1,1,1
457,22,455,127,11,22,1,1,1
458,22,454,127,11,22,1,1,1
459,22,454,127,11,22,1,1,1
460,22,455,126,11,23,1,1,1
461,22,455,127,11,23,1,1,1
462,22,454,126,12,23,1,1,1
463,22,455,126,11,23,1,1,1
464,22,455,127,11,23,1,1,1
465,22,455,126,11,23,1,1,1
466,22,455,126,11,23,1,1,1
467,22,455,126,11,23,1,1,1
468,22,455,126,11,23,1,1,1
469,22,455,126,11,23,1,1,1
470,22,455,127,11,23,1,1,1
471,22,455,126,11,23,1,1,1
472,22,455,126,11,23,1,1,1
473,22,455,126,11,23,1,1,1
474,22,455,126,11,23,1,1,1
475,22,455,126,11,23,1,1,1
476,22,455,126,11,23,1,1,1
477,22,454,126,12,23,1,1,1
478,22,454,126,12,23,1,1,1
479,22,454,126,12,23,1,1,1
480,22,455,126,11,23,1,1,1
481,22,455,126,11,23,1,1,1
482,22,454,126,12,23,1,1,1
483,22,454,127,12,23,1,1,1
484,22,455,127,11,23,1,1,1
485,22,455,126,11,23,1,1,1
486,22,454,126,12,23,1,1,1
487,22,455,126,11,23,1,1,1
488,22,455,126,11,23,1,1,1
489,22,454,126,12,23,1,1,1
490,22,455,126,11,23,1,1,1
491,22,455,126,12,23,1,1,1
492,22,455,126,11,23,1,1,1
493,22,455,126,11,23,1,1,1
494,22,455,125,11,24,1,1,1
495,22,456,127,11,23,1,1,1
496,22,455,126,12,23,1,1,1
497,22,457,127,11,23,1,1,1
498,22,456,127,11,23,1,1,1
499,22,457,126,11,23,1,1,1
500,22,457,126,11,23,1,1,1
501,22,457,127,11,23,1,1,1
502,22,457,127,11,22,1,1,1
503,22,457,127,11,22,1,1,1
504,22,458,127,10,22,1,1,1
505,22,458,127,11,22,1,1,1
506,22,458,129,11,18,1,1,1
507,22,458,129,11,18,1,1,1
508,22,458,130,11,18,1,1,1
509,22,458,131,11,18,1,1,1
510,22,459,131,11,17,1,1,1
511,22,458,130,11,18,1,1,1
512,22,456,130,11,18,1,1,1
513,22,456,130,10,18,1,1,1
514,22,455,129,11,18,1,1,1
515,22,455,130,11,18,1,1,1
516,22,457,130,10,18,1,1,1
517,22,458,130,11,18,1,1,1
518,22,456,129,10,18,1,1,1
519,22,458,130,10,18,1,1,1
520,22,456,129,11,19,1,1,1
521,22,456,129,11,19,1,1,1
522,22,454,129,12,19,1,1,1
523,22,456,128,10,23,1,1,1
524,22,453,128,11,23,1,1,1
525,22,454,129,10,22,1,1,1
526,22,456,129,10,20,1,1,1
527,22,454,129,11,20,1,1,1
528,22,454,130,12,21,1,1,1
529,22,454,130,11,20,1,1,1
530,22,455,130,11,20,1,1,1
531,22,454,130,11,20,1,1,1
532,22,454,130,11,20,1,1,1
533,22,455,130,11,20,1,1,1
534,22,454,130,11,19,1,1,1
535,22,455,130,11,19,1,1,1
536,22,455,130,10,19,1,1,1
537,22,457,130,10,20,1,1,1
538,22,454,130,10,19,1,1,1
539,22,454,130,10,19,1,1,1
540,22,454,130,11,19,1,1,1
541,22,453,130,12,20,1,1,1
542,22,453,130,12,20,1,1,1
543,22,454,129,11,20,1,1,1
544,22,455,129,10,20,1,1,1
545,22,455,130,10,20,1,1,1
546,22,455,130,10,20,1,1,1
547,22,454,130,11,20,1,1,1
548,22,454,129,10,20,1,1,1
549,22,455,129,11,21,1,1,1
550,22,455,129,11,21,1,1,1
551,22,455,129,11,21,1,1,1
552,22,455,128,11,22,1,1,1
553,22,455,129,11,21,1,1,1
554,22,454,128,11,22,1,1,1
555,22,455,128,11,21,1,1,1
556,22,454,128,11,21,1,1,1
557,22,455,128,11,21,1,1,1
558,22,455,128,11,21,1,1,1
559,22,455,127,11,22,1,1,1
560,22,454,127,11,21,1,1,1
561,22,454,127,11,22,1,1,1
562,22,455,127,11,22,1,1,1
563,22,454,128,11,21,1,1,1
564,22,454,128,11,21,1,1,1
565,22,454,128,11,21,1,1,1
566,22,454,127,11,22,1,1,1
567,22,454,128,11,21,1,1,1
568,22,454,128,11,21,1,1,1
569,22,454,128,11,22,1,1,1
570,22,454,128,11,21,1,1,1
571,22,454,128,11,21,1,1,1
572,22,454,128,11,21,1,1,1
573,22,454,128,11,21,1,1,1
574,22,453,128,11,21,1,1,1
575,22,454,128,11,21,1,1,1
576,22,453,128,11,22,1,1,1
577,22,453,128,11,22,1,1,1
578,22,452,128,11,22,1,1,1
579,22,453,127,10,22,1,1,1
580,22,453,128,10,21,1,1,1
581,22,453,128,10,21,1,1,1
582,22,453,128,10,22,1,1,1
583,22,454,129,9,21,1,1,1
584,22,453,128,10,22,1,1,1
585,22,453,128,11,22,1,1,1
586,22,453,128,9,22,1,1,1
587,22,453,129,10,21,1,1,1
588,22,452,128,12,22,1,1,1
589,22,452,128,11,22,1,1,1
590,22,451,128,11,22,1,1,1
591,22,452,128,11,22,1,1,1
592,22,452,128,12,21,1,1,1
593,22,451,128,11,21,1,1,1
594,22,451,129,11,21,1,1,1
595,22,450,128,11,21,1,1,1
596,22,450,126,9,23,1,1,1
597,22,451,128,10,21,1,1,1
598,22,452,127,10,22,1,1,1
599,22,451,127,10,22,1,1,1
600,22,450,127,10,23,1,1,1
601,22,448,127,12,23,1,1,1
602,22,447,128,12,22,1,1,1
603,22,445,128,13,22,1,1,1
604,22,446,127,12,23,1,1,1
605,22,446,129,11,22,1,1,1
606,22,443,129,12,21,1,1,1
607,22,442,128,12,22,1,1,1
608,22,441,128,12,22,1,1,1
609,22,442,129,12,21,1,1,1
610,22,441,127,12,21,1,1,1
611,22,442,129,12,22,1,1,1
612,22,442,127,11,20,1,1,1
613,22,441,126,10,21,1,1,1
614,22,442,126,11,20,1,1,1
615,22,442,127,11,19,1,1,1
616,22,441,128,12,21,1,1,1
617,22,440,127,12,21,1,1,1
618,22,442,126,12,22,1,1,1
619,22,440,127,10,20,1,1,1
620,22,441,127,10,21,1,1,1
621,22,440,128,10,21,1,1,1
622,22,442,129,10,21,1,1,1
623,22,440,129,9,21,1,1,1
624,22,442,129,10,21,1,1,1
625,22,442,129,10,21,1,1,1
626,22,439,129,10,20,1,1,1
627,22,441,129,10,21,1,1,1
628,22,442,129,10,21,1,1,1
629,22,439,129,9,20,1,1,1
630,22,441,129,9,21,1,1,1
631,22,439,129,10,21,1,1,1
632,22,440,130,10,21,1,1,1
633,22,441,129,9,21,1,1,1
634,22,440,129,10,21,1,1,1
635,22,442,129,10,21,1,1,1
636,22,441,129,10,21,1,1,1
637,22,439,129,10,21,1,1,1
638,22,441,129,10,21,1,1,1
639,22,441,129,10,21,1,1,1
640,22,438,129,10,21,1,1,1
641,22,440,129,10,21,1,1,1
642,22,439,129,10,21,1,1,1
643,22,440,129,11,21,1,1,1
644,22,440,129,11,21,1,1,1
645,22,438,130,10,21,1,1,1
646,22,439,129,11,21,1,1,1
647,22,437,130,12,21,1,1,1
648,22,439,129,12,21,1,1,1
649,22,440,130,11,20,1,1,1
650,22,438,131,11,21,1,1,1
651,22,439,130,11,21,1,1,1
652,22,439,137,11,16,1,1,1
653,22,439,136,12,16,1,1,1
654,22,440,137,12,15,1,1,1
655,22,438,134,11,15,1,1,1
656,22,439,136,11,15,1,1,1
657,22,440,136,10,15,1,1,1
658,22,438,135,10,14,1,1,1
659,22,439,135,10,14,1,1,1
660,22,440,134,10,15,1,1,1
661,22,440,133,10,15,1,1,1
662,22,438,133,12,18,1,1,1
663,22,438,133,11,18,1,1,1
664,22,438,133,11,18,1,1,1
665,22,438,133,12,18,1,1,1
666,22,438,132,12,18,1,1,1
667,22,438,132,12,19,1,1,1
668,22,439,132,12,19,1,1,1
669,22,439,132,12,19,1,1,1
670,22,437,133,13,18,1,1,1
671,22,438,133,11,18,1,1,1
672,22,438,134,11,18,1,1,1
673,22,438,133,12,18,1,1,1
674,22,439,133,11,18,1,1,1
675,22,438,133,12,18,1,1,1
676,22,438,132,12,19,1,1,1
677,22,438,133,12,19,1,1,1
678,22,439,133,11,19,1,1,1
679,22,438,133,12,19,1,1,1
680,22,439,133,12,19,1,1,1
681,22,438,133,12,19,1,1,1
682,22,438,133,12,19,1,1,1
683,22,437,131,11,18,1,1,1
684,22,439,131,11,19,1,1,1
685,22,440,130,11,19,1,1,1
686,22,440,130,10,18,1,1,1
687,22,438,132,10,17,1,1,1
688,22,439,131,10,18,1,1,1
689,22,439,130,11,19,1,1,1
690,22,440,131,10,17,1,1,1
691,22,440,131,10,17,1,1,1
692,22,438,131,10,17,1,1,1
693,22,440,131,10,17,1,1,1
694,22,439,131,10,17,1,1,1
695,22,437,131,10,18,1,1,1
696,22,438,132,10,17,1,1,1
697,22,439,131,10,17,1,1,1
698,22,439,131,10,18,1,1,1
699,22,439,130,11,19,1,1,1
700,22,439,130,11,19,1,1,1
701,22,440,130,10,19,1,1,1
702,22,439,130,11,19,1,1,1
703,22,440,130,10,19,1,1,1
704,22,440,130,11,19,1,1,1
705,22,440,130,11,19,1,1,1
706,22,440,130,10,19,1,1,1
707,22,440,130,11,18,1,1,1
708,22,441,130,10,18,1,1,1
709,22,442,130,10,18,1,1,1
710,22,441,130,11,19,1,1,1
711,22,441,130,11,19,1,1,1
712,22,442,130,11,19,1,1,1
713,22,442,130,11,18,1,1,1
714,22,444,130,11,19,1,1,1
715,22,444,130,11,18,1,1,1
716,22,444,131,11,19,1,1,1
717,22,447,131,11,20,1,1,1
718,22,448,131,11,20,1,1,1
719,22,447,131,11,20,1,1,1
720,22,448,130,11,20,1,1,1
721,22,449,130,10,20,1,1,1
722,22,449,131,11,19,1,1,1
723,22,450,130,10,19,1,1,1
724,22,451,131,11,19,1,1,1
725,22,452,128,10,22,1,1,1
726,22,453,130,8,20,1,1,1
727,22,452,128,10,22,1,1,1
728,22,453,128,10,21,1,1,1
729,22,453,129,10,21,1,1,1
730,22,453,129,10,21,1,1,1
731,22,453,129,10,21,1,1,1
732,22,457,128,9,22,1,1,1
733,22,458,128,9,22,1,1,1
734,22,458,128,9,22,1,1,1
735,22,459,128,9,22,1,1,1
736,22,458,128,9,22,1,1,1
737,22,459,128,9,22,1,1,1
738,22,458,128,9,22,1,1,1
739,22,459,129,11,22,1,1,1
740,22,458,129,11,22,1,1,1
741,22,458,129,11,22,1,1,1
742,22,458,129,11,22,1,1,1
743,22,458,129,11,22,1,1,1
744,22,458,129,11,22,1,1,1
745,22,458,129,11,22,1,1,1
746,22,457,129,11,22,1,1,1
747,22,458,129,11,22,1,1,1
748,22,460,128,11,22,1,1,1
749,22,458,129,11,22,1,1,1
750,22,458,128,11,22,1,1,1
751,22,458,128,11,22,1,1,1
752,22,458,128,11,22,1,1,1
753,22,458,128,11,22,1,1,1
754,22,458,128,11,22,1,1,1
755,22,457,128,11,22,1,1,1
756,22,457,128,11,22,1,1,1
757,22,458,128,11,22,1,1,1
758,22,457,128,11,22,1,1,1
759,22,457,128,11,22,1,1,1
760,22,459,128,13,22,1,1,1
761,22,457,128,12,22,1,1,1
762,22,458,128,11,22,1,1,1
763,22,460,128,13,22,1,1,1
764,22,460,129,13,22,1,1,1
765,22,460,129,13,22,1,1,1
766,22,460,129,13,22,1,1,1
767,22,460,129,13,22,1,1,1
768,22,460,129,12,22,1,1,1
769,22,460,129,12,22,1,1,1
770,22,460,129,12,22,1,1,1
771,22,459,129,13,22,1,1,1
772,22,461,128,11,23,1,1,1
773,22,461,129,11,22,1,1,1
774,22,461,128,11,23,1,1,1
775,22,462,130,11,21,1,1,1
776,22,462,131,11,21,1,1,1
777,22,462,131,11,20,1,1,1
778,22,463,129,10,21,1,1,1
779,22,463,128,10,22,1,1,1
780,22,463,131,11,20,1,1,1
781,22,463,127,11,22,1,1,1
782,22,463,128,11,22,1,1,1
783,22,463,130,11,21,1,1,1
784,22,463,128,11,22,1,1,1
785,22,464,128,11,22,1,1,1
786,22,464,129,11,21,1,1,1
787,22,463,129,11,21,1,1,1
788,22,463,131,11,21,1,1,1
789,22,463,130,11,21,1,1,1
790,22,464,130,11,21,1,1,1
791,22,464,131,11,21,1,1,1
792,22,463,128,11,22,1,1,1
793,22,464,129,11,22,1,1,1
794,22,463,127,10,22,1,1,1
795,22,463,128,11,21,1,1,1
796,22,463,129,11,21,1,1,1
797,22,462,129,11,21,1,1,1
798,22,463,128,11,22,1,1,1
799,22,463,128,11,22,1,1,1
800,22,463,129,11,21,1,1,1
801,22,463,128,11,22,1,1,1
802,22,463,129,11,21,1,1,1
803,22,463,129,11,21,1,1,1
804,22,463,128,11,22,1,1,1
805,22,464,129,11,21,1,1,1
806,22,463,128,11,22,1,1,1
807,22,463,128,11,22,1,1,1
808,22,464,128,11,21,1,1,1
809,22,463,128,11,22,1,1,1
810,22,464,127,11,22,1,1,1
811,22,463,128,11,20,1,1,1
812,22,464,128,11,21,1,1,1
813,22,463,128,12,22,1,1,1
814,22,461,127,12,22,1,1,1
815,22,462,128,12,22,1,1,1
816,22,463,127,11,23,1,1,1
817,22,461,127,12,22,1,1,1
818,22,463,127,11,23,1,1,1
819,22,463,127,11,22,1,1,1
820,22,461,127,12,22,1,1,1
821,22,462,128,11,22,1,1,1
822,22,463,128,11,23,1,1,1
823,22,462,128,12,23,1,1,1
824,22,462,129,12,23,1,1,1
825,22,462,129,12,23,1,1,1
826,22,462,127,11,23,1,1,1
827,22,463,129,11,23,1,1,1
828,22,463,129,12,22,1,1,1
829,22,461,127,11,23,1,1,1
830,22,461,128,12,22,1,1,1
831,22,462,129,11,22,1,1,1
832,22,462,129,11,22,1,1,1
833,22,462,126,11,23,1,1,1
834,22,463,127,11,23,1,1,1
835,22,463,127,11,22,1,1,1
836,22,462,127,11,22,1,1,1
837,22,463,128,11,22,1,1,1
838,22,463,128,11,22,1,1,1
839,22,463,129,10,23,1,1,1
840,22,462,127,10,23,1,1,1
841,22,461,129,11,23,1,1,1
842,22,462,129,11,23,1,1,1
843,22,462,130,10,22,1,1,1
844,22,461,128,11,22,1,1,1
845,22,462,128,10,22,1,1,1
846,22,462,128,11,22,1,1,1
847,22,462,127,10,23,1,1,1
848,22,462,128,11,22,1,1,1
849,22,462,128,10,22,1,1,1
850,22,462,127,10,23,1,1,1
851,22,462,128,10,22,1,1,1
852,22,462,128,11,23,1,1,1
853,22,463,129,10,23,1,1,1
854,22,462,127,10,23,1,1,1
855,22,463,128,10,22,1,1,1
856,22,462,129,11,23,1,1,1
857,22,463,129,10,22,1,1,1
858,22,462,128,10,22,1,1,1
859,22,462,129,11,22,1,1,1
860,22,461,128,11,22,1,1,1
861,22,462,129,10,22,1,1,1
862,22,463,129,10,22,1,1,1
863,22,461,126,11,24,1,1,1
864,22,461,127,11,23,1,1,1
865,22,461,127,11,24,1,1,1
866,22,461,127,11,24,1,1,1
867,22,462,128,11,23,1,1,1
868,22,460,127,11,23,1,1,1
869,22,459,127,11,24,1,1,1
870,22,460,127,11,24,1,1,1
871,22,459,127,11,23,1,1,1
872,22,460,128,10,23,1,1,1
873,22,460,128,10,22,1,1,1
874,22,462,128,8,23,1,1,1
875,22,462,129,8,23,1,1,1
876,22,462,129,8,23,1,1,1
877,22,462,127,10,23,1,1,1
878,22,462,128,10,22,1,1,1
879,22,462,128,10,22,1,1,1
880,22,463,128,9,23,1,1,1
881,22,462,128,10,22,1,1,1
882,22,462,128,10,23,1,1,1
883,22,462,128,10,22,1,1,1
884,22,462,129,10,22,1,1,1
885,22,463,129,9,22,1,1,1
886,22,462,128,10,22,1,1,1
887,22,462,128,10,22,1,1,1
888,22,462,128,10,22,1,1,1
889,22,463,128,9,23,1,1,1
890,22,462,128,10,22,1,1,1
891,22,462,128,10,23,1,1,1
892,22,462,128,10,22,1,1,1
893,22,463,128,10,23,1,1,1
894,22,462,127,9,23,1,1,1
895,22,463,128,9,22,1,1,1
896,22,463,128,9,22,1,1,1
897,22,462,128,10,23,1,1,1
898,22,463,128,9,22,1,1,1
899,22,463,128,9,22,1,1,1
900,22,463,128,9,23,1,1,1
1,23,475,138,19,44,1,1,1
2,23,476,139,19,44,1,1,1
3,23,476,139,19,44,1,1,1
4,23,476,139,19,44,1,1,1
5,23,476,138,19,44,1,1,1
6,23,476,138,19,44,1,1,1
7,23,476,139,19,44,1,1,1
8,23,476,138,19,44,1,1,1
9,23,476,139,19,44,1,1,1
10,23,476,139,19,44,1,1,1
11,23,476,138,19,44,1,1,1
12,23,476,138,19,44,1,1,1
13,23,476,138,19,44,1,1,1
14,23,476,138,19,44,1,1,1
15,23,475,139,19,43,1,1,1
16,23,476,136,19,44,1,1,1
17,23,476,137,19,44,1,1,1
18,23,476,137,19,44,1,1,1
19,23,476,138,19,44,1,1,1
20,23,475,138,19,44,1,1,1
21,23,476,138,18,42,1,1,1
22,23,475,136,20,45,1,1,1
23,23,476,136,20,45,1,1,1
24,23,475,135,20,45,1,1,1
25,23,475,136,20,45,1,1,1
26,23,475,136,20,45,1,1,1
27,23,475,135,20,45,1,1,1
28,23,475,140,20,44,1,1,1
29,23,475,135,20,45,1,1,1
30,23,476,135,20,45,1,1,1
31,23,475,135,20,45,1,1,1
32,23,475,136,20,45,1,1,1
33,23,475,136,20,45,1,1,1
34,23,475,136,20,45,1,1,1
35,23,475,135,20,45,1,1,1
36,23,475,135,20,45,1,1,1
37,23,475,137,20,45,1,1,1
38,23,475,136,20,45,1,1,1
39,23,475,135,20,45,1,1,1
40,23,475,136,20,45,1,1,1
41,23,475,136,20,45,1,1,1
42,23,474,138,21,47,1,1,1
43,23,475,138,20,46,1,1,1
44,23,475,137,20,47,1,1,1
45,23,475,140,21,47,1,1,1
46,23,475,136,21,47,1,1,1
47,23,475,139,20,47,1,1,1
48,23,475,136,21,47,1,1,1
49,23,475,139,21,47,1,1,1
50,23,475,137,20,47,1,1,1
51,23,475,139,21,47,1,1,1
52,23,475,137,20,47,1,1,1
53,23,475,140,21,47,1,1,1
54,23,475,136,21,47,1,1,1
55,23,475,139,21,47,1,1,1
56,23,475,137,20,47,1,1,1
57,23,475,140,20,47,1,1,1
58,23,475,140,20,47,1,1,1
59,23,474,138,21,46,1,1,1
60,23,475,139,20,47,1,1,1
61,23,475,139,20,47,1,1,1
62,23,474,137,21,47,1,1,1
63,23,475,139,20,47,1,1,1
64,23,475,140,21,47,1,1,1
65,23,475,140,20,47,1,1,1
66,23,475,137,20,47,1,1,1
67,23,475,139,20,47,1,1,1
68,23,475,140,20,47,1,1,1
69,23,475,138,20,47,1,1,1
70,23,475,139,20,47,1,1,1
71,23,475,140,20,47,1,1,1
72,23,475,141,20,47,1,1,1
73,23,475,141,20,47,1,1,1
74,23,475,138,20,47,1,1,1
75,23,475,140,21,47,1,1,1
76,23,475,140,21,47,1,1,1
77,23,475,140,20,47,1,1,1
78,23,475,137,20,47,1,1,1
79,23,475,139,21,47,1,1,1
80,23,475,140,21,47,1,1,1
81,23,475,136,20,47,1,1,1
82,23,475,139,21,47,1,1,1
83,23,475,140,21,47,1,1,1
84,23,475,140,20,47,1,1,1
85,23,475,139,20,47,1,1,1
86,23,475,140,20,47,1,1,1
87,23,475,141,20,47,1,1,1
88,23,475,141,20,47,1,1,1
89,23,475,141,20,47,1,1,1
90,23,474,136,21,47,1,1,1
91,23,475,139,20,47,1,1,1
92,23,475,139,21,47,1,1,1
93,23,474,135,21,47,1,1,1
94,23,475,139,20,47,1,1,1
95,23,474,134,21,47,1,1,1
96,23,475,139,21,47,1,1,1
97,23,474,139,21,47,1,1,1
98,23,475,135,20,47,1,1,1
99,23,475,140,20,47,1,1,1
100,23,474,139,21,47,1,1,1
101,23,474,139,21,47,1,1,1
102,23,473,138,22,49,1,1,1
103,23,474,139,22,49,1,1,1
104,23,473,139,22,49,1,1,1
105,23,474,139,22,49,1,1,1
106,23,473,139,21,47,1,1,1
107,23,475,135,20,47,1,1,1
108,23,475,138,20,46,1,1,1
109,23,474,138,20,46,1,1,1
110,23,474,139,20,46,1,1,1
111,23,475,139,20,46,1,1,1
112,23,475,139,20,46,1,1,1
113,23,474,139,20,46,1,1,1
114,23,474,140,20,46,1,1,1
115,23,475,140,20,46,1,1,1
116,23,475,140,20,46,1,1,1
117,23,474,139,20,46,1,1,1
118,23,474,140,20,46,1,1,1
119,23,475,140,20,47,1,1,1
120,23,475,140,20,47,1,1,1
121,23,474,140,20,47,1,1,1
122,23,474,140,20,47,1,1,1
123,23,475,140,20,47,1,1,1
124,23,474,141,20,47,1,1,1
125,23,474,142,20,46,1,1,1
126,23,475,141,20,47,1,1,1
127,23,475,142,20,46,1,1,1
128,23,475,141,20,47,1,1,1
129,23,474,136,20,46,1,1,1
130,23,474,134,20,46,1,1,1
131,23,475,135,20,47,1,1,1
132,23,475,136,20,47,1,1,1
133,23,475,136,20,46,1,1,1
134,23,475,136,20,47,1,1,1
135,23,474,135,20,47,1,1,1
136,23,474,137,20,46,1,1,1
137,23,474,137,20,46,1,1,1
138,23,474,137,20,46,1,1,1
139,23,475,136,20,47,1,1,1
140,23,475,135,20,47,1,1,1
141,23,475,136,20,46,1,1,1
142,23,475,136,20,46,1,1,1
143,23,475,136,20,47,1,1,1
144,23,475,138,20,46,1,1,1
145,23,475,140,20,46,1,1,1
146,23,475,140,20,47,1,1,1
147,23,475,141,20,46,1,1,1
148,23,475,141,20,46,1,1,1
149,23,475,141,20,47,1,1,1
150,23,475,141,20,46,1,1,1
151,23,473,134,23,49,1,1,1
152,23,472,136,23,49,1,1,1
153,23,472,136,23,49,1,1,1
154,23,471,136,23,49,1,1,1
155,23,471,136,23,49,1,1,1
156,23,472,135,23,49,1,1,1
157,23,472,136,23,49,1,1,1
158,23,473,138,23,49,1,1,1
159,23,473,138,23,49,1,1,1
160,23,473,139,23,49,1,1,1
161,23,473,140,23,49,1,1,1
162,23,473,140,23,49,1,1,1
163,23,473,140,23,49,1,1,1
164,23,473,141,23,49,1,1,1
165,23,473,141,23,49,1,1,1
166,23,473,140,23,49,1,1,1
167,23,473,141,23,49,1,1,1
168,23,473,141,23,49,1,1,1
169,23,474,140,22,49,1,1,1
170,23,473,140,23,49,1,1,1
171,23,472,137,23,49,1,1,1
172,23,472,135,23,49,1,1,1
173,23,472,137,23,49,1,1,1
174,23,472,136,24,52,1,1,1
175,23,472,136,24,52,1,1,1
176,23,472,137,24,52,1,1,1
177,23,472,137,24,52,1,1,1
178,23,472,138,24,51,1,1,1
179,23,472,138,24,51,1,1,1
180,23,472,138,24,51,1,1,1
181,23,472,136,24,52,1,1,1
182,23,472,138,24,51,1,1,1
183,23,472,138,24,52,1,1,1
184,23,472,138,24,52,1,1,1
185,23,472,138,24,52,1,1,1
186,23,472,138,24,52,1,1,1
187,23,472,138,24,52,1,1,1
188,23,472,139,24,52,1,1,1
189,23,473,138,24,52,1,1,1
190,23,472,138,24,52,1,1,1
191,23,473,139,24,52,1,1,1
192,23,473,140,23,49,1,1,1
193,23,473,140,23,49,1,1,1
194,23,473,140,23,49,1,1,1
195,23,473,140,23,49,1,1,1
196,23,474,141,22,49,1,1,1
197,23,473,141,23,49,1,1,1
198,23,473,141,23,49,1,1,1
199,23,473,138,23,49,1,1,1
200,23,474,138,23,49,1,1,1
201,23,474,138,23,49,1,1,1
202,23,474,138,23,49,1,1,1
203,23,474,138,23,49,1,1,1
204,23,474,138,23,49,1,1,1
205,23,473,139,23,49,1,1,1
206,23,473,139,23,49,1,1,1
207,23,473,140,23,49,1,1,1
208,23,474,140,22,49,1,1,1
209,23,473,140,23,49,1,1,1
210,23,474,140,22,49,1,1,1
211,23,473,141,23,49,1,1,1
212,23,473,141,23,49,1,1,1
213,23,474,141,22,49,1,1,1
214,23,473,142,23,49,1,1,1
215,23,473,142,23,49,1,1,1
216,23,474,142,22,49,1,1,1
217,23,473,139,23,43,1,1,1
218,23,472,138,23,43,1,1,1
219,23,473,138,23,44,1,1,1
220,23,473,136,23,45,1,1,1
221,23,473,138,22,43,1,1,1
222,23,473,138,21,44,1,1,1
223,23,474,136,21,44,1,1,1
224,23,474,137,21,44,1,1,1
225,23,474,138,21,43,1,1,1
226,23,474,138,21,43,1,1,1
227,23,474,139,21,43,1,1,1
228,23,474,137,21,44,1,1,1
229,23,475,139,20,43,1,1,1
230,23,473,139,21,43,1,1,1
231,23,474,138,21,44,1,1,1
232,23,474,138,21,43,1,1,1
233,23,475,139,21,43,1,1,1
234,23,474,138,21,44,1,1,1
235,23,475,138,21,44,1,1,1
236,23,475,136,20,44,1,1,1
237,23,475,138,18,44,1,1,1
238,23,475,136,19,44,1,1,1
239,23,475,138,19,44,1,1,1
240,23,476,141,18,44,1,1,1
241,23,477,142,17,42,1,1,1
242,23,476,138,17,42,1,1,1
243,23,477,141,17,42,1,1,1
244,23,475,138,18,42,1,1,1
245,23,476,141,18,42,1,1,1
246,23,476,141,18,42,1,1,1
247,23,476,139,18,42,1,1,1
248,23,476,141,18,42,1,1,1
249,23,477,141,17,42,1,1,1
250,23,476,138,18,42,1,1,1
251,23,476,142,18,42,1,1,1
252,23,477,142,17,42,1,1,1
253,23,476,139,17,42,1,1,1
254,23,477,141,17,42,1,1,1
255,23,476,138,18,42,1,1,1
256,23,476,141,18,42,1,1,1
257,23,477,141,17,42,1,1,1
258,23,477,139,17,42,1,1,1
259,23,477,139,17,42,1,1,1
260,23,477,142,18,42,1,1,1
261,23,477,142,18,42,1,1,1
262,23,476,139,18,42,1,1,1
263,23,477,142,17,42,1,1,1
264,23,476,142,18,42,1,1,1
265,23,476,137,18,42,1,1,1
266,23,476,139,18,42,1,1,1
267,23,476,138,18,42,1,1,1
268,23,476,138,18,42,1,1,1
269,23,477,139,17,42,1,1,1
270,23,476,138,19,44,1,1,1
271,23,475,138,19,44,1,1,1
272,23,475,139,19,44,1,1,1
273,23,476,139,18,44,1,1,1
274,23,476,141,18,44,1,1,1
275,23,476,141,18,44,1,1,1
276,23,476,141,18,44,1,1,1
277,23,476,139,19,44,1,1,1
278,23,477,141,18,44,1,1,1
279,23,477,141,18,44,1,1,1
280,23,476,141,19,44,1,1,1
281,23,475,138,21,46,1,1,1
282,23,475,140,21,47,1,1,1
283,23,475,140,21,47,1,1,1
284,23,475,138,21,47,1,1,1
285,23,475,140,21,47,1,1,1
286,23,475,139,22,49,1,1,1
287,23,475,139,21,47,1,1,1
288,23,475,140,20,47,1,1,1
289,23,475,137,21,47,1,1,1
290,23,475,139,21,47,1,1,1
291,23,475,135,20,47,1,1,1
292,23,475,139,21,47,1,1,1
293,23,475,139,20,47,1,1,1
294,23,474,136,22,48,1,1,1
295,23,475,139,21,47,1,1,1
296,23,474,139,22,47,1,1,1
297,23,474,139,22,48,1,1,1
298,23,474,140,22,47,1,1,1
299,23,474,140,22,47,1,1,1
300,23,475,138,21,47,1,1,1
301,23,475,140,21,48,1,1,1
302,23,474,141,22,47,1,1,1
303,23,474,142,21,46,1,1,1
304,23,475,142,20,46,1,1,1
305,23,476,138,20,45,1,1,1
306,23,475,141,21,45,1,1,1
307,23,475,141,20,46,1,1,1
308,23,475,138,21,45,1,1,1
309,23,475,141,20,46,1,1,1
310,23,474,141,21,45,1,1,1
311,23,475,136,21,45,1,1,1
312,23,475,140,20,45,1,1,1
313,23,475,140,20,45,1,1,1
314,23,475,141,21,45,1,1,1
315,23,475,141,20,46,1,1,1
316,23,474,141,21,46,1,1,1
317,23,474,137,22,47,1,1,1
318,23,474,140,22,48,1,1,1
319,23,474,140,22,48,1,1,1
320,23,473,137,22,47,1,1,1
321,23,474,140,22,47,1,1,1
322,23,474,140,22,47,1,1,1
323,23,474,140,21,48,1,1,1
324,23,474,140,21,47,1,1,1
325,23,474,140,21,48,1,1,1
326,23,474,140,21,48,1,1,1
327,23,474,140,21,48,1,1,1
328,23,474,141,21,47,1,1,1
329,23,474,141,21,47,1,1,1
330,23,474,141,21,48,1,1,1
331,23,474,141,21,48,1,1,1
332,23,474,141,21,48,1,1,1
333,23,474,142,22,47,1,1,1
334,23,474,141,21,48,1,1,1
335,23,474,142,21,47,1,1,1
336,23,474,142,21,47,1,1,1
337,23,474,141,21,48,1,1,1
338,23,474,142,21,47,1,1,1
339,23,474,137,22,47,1,1,1
340,23,474,140,21,47,1,1,1
341,23,475,141,20,45,1,1,1
342,23,475,138,20,45,1,1,1
343,23,475,140,20,45,1,1,1
344,23,475,141,20,45,1,1,1
345,23,475,140,20,45,1,1,1
346,23,475,136,20,46,1,1,1
347,23,474,140,21,45,1,1,1
348,23,474,141,21,45,1,1,1
349,23,474,136,21,46,1,1,1
350,23,474,141,21,45,1,1,1
351,23,474,141,21,46,1,1,1
352,23,474,138,21,45,1,1,1
353,23,475,141,20,45,1,1,1
354,23,474,141,21,45,1,1,1
355,23,475,138,20,45,1,1,1
356,23,475,141,20,46,1,1,1
357,23,475,141,20,46,1,1,1
358,23,474,135,21,46,1,1,1
359,23,474,137,21,45,1,1,1
360,23,474,141,21,46,1,1,1
361,23,473,138,21,45,1,1,1
362,23,474,140,21,45,1,1,1
363,23,474,140,21,45,1,1,1
364,23,475,141,20,46,1,1,1
365,23,474,141,21,45,1,1,1
366,23,474,141,21,45,1,1,1
367,23,475,141,20,45,1,1,1
368,23,475,141,20,46,1,1,1
369,23,475,141,20,45,1,1,1
370,23,475,141,20,46,1,1,1
371,23,475,141,20,45,1,1,1
372,23,475,141,20,46,1,1,1
373,23,475,141,20,45,1,1,1
374,23,475,141,20,46,1,1,1
375,23,475,141,20,46,1,1,1
376,23,475,142,20,45,1,1,1
377,23,474,142,21,46,1,1,1
378,23,475,142,20,46,1,1,1
379,23,475,142,20,46,1,1,1
380,23,474,138,21,45,1,1,1
381,23,474,141,21,45,1,1,1
382,23,474,139,21,45,1,1,1
383,23,475,141,20,45,1,1,1
384,23,475,141,20,46,1,1,1
385,23,474,141,21,46,1,1,1
386,23,474,142,21,45,1,1,1
387,23,474,142,21,46,1,1,1
388,23,474,142,21,46,1,1,1
389,23,474,143,21,45,1,1,1
390,23,474,143,21,46,1,1,1
391,23,474,143,21,45,1,1,1
392,23,474,143,21,45,1,1,1
393,23,474,143,21,45,1,1,1
394,23,474,138,21,45,1,1,1
395,23,475,141,20,45,1,1,1
396,23,475,141,20,45,1,1,1
397,23,474,137,21,45,1,1,1
398,23,474,139,21,45,1,1,1
399,23,475,141,20,45,1,1,1
400,23,474,141,21,45,1,1,1
401,23,474,141,21,45,1,1,1
402,23,474,141,21,46,1,1,1
403,23,474,141,21,46,1,1,1
404,23,475,142,20,45,1,1,1
405,23,474,141,21,46,1,1,1
406,23,474,138,21,45,1,1,1
407,23,475,141,20,45,1,1,1
408,23,475,141,20,45,1,1,1
409,23,474,141,21,46,1,1,1
410,23,474,142,21,45,1,1,1
411,23,475,141,20,46,1,1,1
412,23,474,142,21,45,1,1,1
413,23,474,142,21,46,1,1,1
414,23,474,143,21,45,1,1,1
415,23,474,143,21,46,1,1,1
416,23,475,138,20,45,1,1,1
417,23,474,141,21,46,1,1,1
418,23,475,141,20,45,1,1,1
419,23,475,141,20,45,1,1,1
420,23,475,141,20,46,1,1,1
421,23,475,141,20,46,1,1,1
422,23,475,141,20,46,1,1,1
423,23,474,138,21,45,1,1,1
424,23,475,141,20,46,1,1,1
425,23,475,136,20,45,1,1,1
426,23,475,141,20,45,1,1,1
427,23,475,141,20,45,1,1,1
428,23,475,136,20,45,1,1,1
429,23,475,141,20,45,1,1,1
430,23,475,141,20,45,1,1,1
431,23,475,139,20,45,1,1,1
432,23,475,137,20,45,1,1,1
433,23,474,138,21,45,1,1,1
434,23,475,141,20,45,1,1,1
435,23,475,141,20,46,1,1,1
436,23,474,136,21,46,1,1,1
437,23,475,141,20,45,1,1,1
438,23,475,141,20,46,1,1,1
439,23,474,136,21,46,1,1,1
440,23,475,141,20,45,1,1,1
441,23,475,141,20,46,1,1,1
442,23,474,136,21,45,1,1,1
443,23,474,140,21,45,1,1,1
444,23,474,141,21,46,1,1,1
445,23,474,137,21,45,1,1,1
446,23,475,141,20,46,1,1,1
447,23,475,138,20,45,1,1,1
448,23,475,141,20,45,1,1,1
449,23,474,141,21,45,1,1,1
450,23,475,135,20,46,1,1,1
451,23,474,141,21,46,1,1,1
452,23,474,140,21,47,1,1,1
453,23,474,140,22,48,1,1,1
454,23,475,141,20,46,1,1,1
455,23,475,138,20,47,1,1,1
456,23,474,140,21,48,1,1,1
457,23,474,141,21,48,1,1,1
458,23,474,137,21,48,1,1,1
459,23,474,140,21,48,1,1,1
460,23,475,140,20,48,1,1,1
461,23,474,138,21,47,1,1,1
462,23,475,140,20,48,1,1,1
463,23,475,140,20,48,1,1,1
464,23,474,137,21,48,1,1,1
465,23,475,140,20,48,1,1,1
466,23,474,140,21,48,1,1,1
467,23,473,136,21,48,1,1,1
468,23,475,140,20,48,1,1,1
469,23,475,139,20,48,1,1,1
470,23,474,135,21,48,1,1,1
471,23,475,139,20,48,1,1,1
472,23,473,136,21,48,1,1,1
473,23,474,139,21,48,1,1,1
474,23,474,139,21,48,1,1,1
475,23,473,136,21,48,1,1,1
476,23,475,139,20,48,1,1,1
477,23,474,138,21,47,1,1,1
478,23,473,137,21,48,1,1,1
479,23,474,139,21,48,1,1,1
480,23,474,140,21,48,1,1,1
481,23,473,138,21,48,1,1,1
482,23,474,140,21,48,1,1,1
483,23,475,140,20,48,1,1,1
484,23,475,140,20,48,1,1,1
485,23,473,138,21,47,1,1,1
486,23,475,140,20,48,1,1,1
487,23,473,137,21,48,1,1,1
488,23,475,139,20,48,1,1,1
489,23,475,139,20,48,1,1,1
490,23,475,140,20,48,1,1,1
491,23,475,140,20,48,1,1,1
492,23,475,140,20,48,1,1,1
493,23,474,140,21,48,1,1,1
494,23,474,140,21,48,1,1,1
495,23,475,140,20,48,1,1,1
496,23,475,141,20,48,1,1,1
497,23,475,140,20,48,1,1,1
498,23,475,140,20,48,1,1,1
499,23,475,141,20,48,1,1,1
500,23,475,141,20,48,1,1,1
501,23,475,140,20,48,1,1,1
502,23,475,140,20,48,1,1,1
503,23,475,140,20,48,1,1,1
504,23,475,141,20,48,1,1,1
505,23,474,141,21,48,1,1,1
506,23,475,141,20,48,1,1,1
507,23,475,141,20,48,1,1,1
508,23,474,142,21,48,1,1,1
509,23,474,142,20,48,1,1,1
510,23,474,142,20,48,1,1,1
511,23,474,141,21,48,1,1,1
512,23,475,141,20,48,1,1,1
513,23,475,141,20,48,1,1,1
514,23,474,142,21,48,1,1,1
515,23,475,142,20,48,1,1,1
516,23,475,141,20,48,1,1,1
517,23,474,141,20,48,1,1,1
518,23,474,142,20,48,1,1,1
519,23,473,138,21,48,1,1,1
520,23,474,140,20,48,1,1,1
521,23,474,140,21,48,1,1,1
522,23,474,140,21,48,1,1,1
523,23,474,140,21,48,1,1,1
524,23,474,140,21,48,1,1,1
525,23,475,140,20,48,1,1,1
526,23,474,140,21,48,1,1,1
527,23,475,140,20,48,1,1,1
528,23,474,138,21,47,1,1,1
529,23,475,139,20,48,1,1,1
530,23,475,140,21,48,1,1,1
531,23,475,140,21,48,1,1,1
532,23,475,140,21,48,1,1,1
533,23,475,141,21,48,1,1,1
534,23,475,141,21,48,1,1,1
535,23,474,138,21,47,1,1,1
536,23,475,136,20,48,1,1,1
537,23,475,139,20,48,1,1,1
538,23,475,139,20,48,1,1,1
539,23,475,139,20,48,1,1,1
540,23,475,140,20,48,1,1,1
541,23,475,140,20,48,1,1,1
542,23,475,140,21,48,1,1,1
543,23,475,140,20,48,1,1,1
544,23,475,140,21,48,1,1,1
545,23,475,140,20,48,1,1,1
546,23,475,140,20,48,1,1,1
547,23,475,140,20,48,1,1,1
548,23,475,140,20,48,1,1,1
549,23,475,141,20,48,1,1,1
550,23,475,140,21,48,1,1,1
551,23,475,140,20,48,1,1,1
552,23,475,140,20,48,1,1,1
553,23,475,141,21,48,1,1,1
554,23,475,141,21,48,1,1,1
555,23,474,141,21,48,1,1,1
556,23,475,141,20,48,1,1,1
557,23,475,141,20,48,1,1,1
558,23,475,141,20,48,1,1,1
559,23,475,141,20,48,1,1,1
560,23,475,141,20,48,1,1,1
561,23,475,141,20,48,1,1,1
562,23,475,141,20,48,1,1,1
563,23,475,141,20,48,1,1,1
564,23,475,141,20,48,1,1,1
565,23,475,141,20,48,1,1,1
566,23,474,138,21,47,1,1,1
567,23,475,140,20,48,1,1,1
568,23,475,140,20,48,1,1,1
569,23,474,140,21,48,1,1,1
570,23,474,141,21,48,1,1,1
571,23,474,140,21,48,1,1,1
572,23,474,140,21,48,1,1,1
573,23,475,141,20,48,1,1,1
574,23,475,140,20,48,1,1,1
575,23,475,141,20,48,1,1,1
576,23,475,136,20,53,1,1,1
577,23,475,138,21,52,1,1,1
578,23,475,138,21,52,1,1,1
579,23,474,138,21,52,1,1,1
580,23,475,138,20,52,1,1,1
581,23,475,139,20,52,1,1,1
582,23,475,138,21,52,1,1,1
583,23,475,139,20,52,1,1,1
584,23,475,139,20,52,1,1,1
585,23,474,139,21,52,1,1,1
586,23,475,139,20,52,1,1,1
587,23,475,139,20,52,1,1,1
588,23,475,139,20,52,1,1,1
589,23,475,139,20,52,1,1,1
590,23,475,139,20,52,1,1,1
591,23,474,139,21,52,1,1,1
592,23,475,139,20,52,1,1,1
593,23,475,139,20,52,1,1,1
594,23,475,140,20,52,1,1,1
595,23,475,139,20,52,1,1,1
596,23,474,140,21,52,1,1,1
597,23,475,140,20,52,1,1,1
598,23,475,139,20,52,1,1,1
599,23,475,140,20,52,1,1,1
600,23,475,139,20,52,1,1,1
601,23,475,140,20,52,1,1,1
602,23,474,139,21,52,1,1,1
603,23,475,139,20,52,1,1,1
604,23,475,139,20,52,1,1,1
605,23,475,140,20,52,1,1,1
606,23,475,140,20,52,1,1,1
607,23,475,140,20,52,1,1,1
608,23,475,139,20,52,1,1,1
609,23,475,140,20,52,1,1,1
610,23,474,140,21,52,1,1,1
611,23,475,140,20,52,1,1,1
612,23,475,140,20,52,1,1,1
613,23,475,140,20,52,1,1,1
614,23,474,140,21,52,1,1,1
615,23,474,139,22,54,1,1,1
616,23,474,138,22,55,1,1,1
617,23,474,139,22,55,1,1,1
618,23,474,139,22,55,1,1,1
619,23,474,139,22,54,1,1,1
620,23,474,138,22,55,1,1,1
621,23,474,138,22,55,1,1,1
622,23,474,139,22,55,1,1,1
623,23,474,140,22,55,1,1,1
624,23,474,140,22,55,1,1,1
625,23,475,140,20,52,1,1,1
626,23,475,140,21,52,1,1,1
627,23,475,141,20,52,1,1,1
628,23,475,140,21,52,1,1,1
629,23,475,141,21,52,1,1,1
630,23,475,140,20,52,1,1,1
631,23,475,140,20,52,1,1,1
632,23,475,140,21,52,1,1,1
633,23,475,141,20,52,1,1,1
634,23,475,141,21,52,1,1,1
635,23,475,140,20,52,1,1,1
636,23,475,138,20,52,1,1,1
637,23,475,138,20,52,1,1,1
638,23,475,138,20,52,1,1,1
639,23,475,138,21,52,1,1,1
640,23,475,138,21,52,1,1,1
641,23,475,139,20,52,1,1,1
642,23,475,140,20,52,1,1,1
643,23,475,139,20,52,1,1,1
644,23,475,139,20,52,1,1,1
645,23,475,140,21,52,1,1,1
646,23,475,138,21,55,1,1,1
647,23,474,138,22,55,1,1,1
648,23,475,138,21,54,1,1,1
649,23,474,137,22,55,1,1,1
650,23,475,138,21,54,1,1,1
651,23,474,138,22,54,1,1,1
652,23,474,138,22,55,1,1,1
653,23,474,138,22,55,1,1,1
654,23,475,138,21,55,1,1,1
655,23,474,138,22,55,1,1,1
656,23,474,138,22,54,1,1,1
657,23,475,138,21,55,1,1,1
658,23,474,138,22,55,1,1,1
659,23,475,138,21,54,1,1,1
660,23,474,137,22,55,1,1,1
661,23,474,139,22,54,1,1,1
662,23,474,139,22,55,1,1,1
663,23,473,138,22,54,1,1,1
664,23,473,139,22,54,1,1,1
665,23,473,139,22,54,1,1,1
666,23,473,139,22,54,1,1,1
667,23,473,139,22,54,1,1,1
668,23,474,139,22,54,1,1,1
669,23,474,139,22,54,1,1,1
670,23,474,139,22,54,1,1,1
671,23,473,139,22,54,1,1,1
672,23,473,139,22,54,1,1,1
673,23,474,139,22,54,1,1,1
674,23,473,139,22,54,1,1,1
675,23,473,139,22,55,1,1,1
676,23,473,139,22,55,1,1,1
677,23,474,140,21,55,1,1,1
678,23,474,140,22,55,1,1,1
679,23,474,140,22,55,1,1,1
680,23,474,140,21,55,1,1,1
681,23,474,140,21,55,1,1,1
682,23,474,139,22,55,1,1,1
683,23,473,139,22,55,1,1,1
684,23,474,140,21,55,1,1,1
685,23,473,139,22,55,1,1,1
686,23,473,139,22,55,1,1,1
687,23,474,140,21,55,1,1,1
688,23,473,139,22,55,1,1,1
689,23,473,139,22,55,1,1,1
690,23,474,140,21,55,1,1,1
691,23,473,139,22,55,1,1,1
692,23,473,139,22,55,1,1,1
693,23,474,140,21,55,1,1,1
694,23,473,139,22,55,1,1,1
695,23,473,139,22,55,1,1,1
696,23,474,140,22,55,1,1,1
697,23,474,140,21,55,1,1,1
698,23,474,140,21,55,1,1,1
699,23,473,139,22,55,1,1,1
700,23,474,140,22,55,1,1,1
701,23,473,139,22,55,1,1,1
702,23,474,140,21,55,1,1,1
703,23,474,139,22,55,1,1,1
704,23,473,139,22,55,1,1,1
705,23,474,140,22,55,1,1,1
706,23,474,140,21,55,1,1,1
707,23,473,139,22,55,1,1,1
708,23,474,140,21,55,1,1,1
709,23,474,139,22,55,1,1,1
710,23,474,140,21,55,1,1,1
711,23,474,139,22,55,1,1,1
712,23,473,139,22,55,1,1,1
713,23,474,139,22,55,1,1,1
714,23,473,139,22,55,1,1,1
715,23,474,139,22,55,1,1,1
716,23,473,139,22,55,1,1,1
717,23,474,140,22,55,1,1,1
718,23,474,140,21,55,1,1,1
719,23,474,140,21,55,1,1,1
720,23,473,139,22,54,1,1,1
721,23,473,139,22,55,1,1,1
722,23,474,140,21,55,1,1,1
723,23,473,139,22,55,1,1,1
724,23,474,140,21,55,1,1,1
725,23,474,140,21,55,1,1,1
726,23,474,140,22,55,1,1,1
727,23,475,140,21,55,1,1,1
728,23,474,140,22,55,1,1,1
729,23,474,139,22,55,1,1,1
730,23,474,140,22,55,1,1,1
731,23,475,139,21,55,1,1,1
732,23,475,139,21,55,1,1,1
733,23,475,139,21,55,1,1,1
734,23,474,140,22,55,1,1,1
735,23,474,139,22,55,1,1,1
736,23,474,139,22,55,1,1,1
737,23,475,140,21,55,1,1,1
738,23,474,140,22,55,1,1,1
739,23,474,140,22,55,1,1,1
740,23,475,140,21,55,1,1,1
741,23,475,139,21,55,1,1,1
742,23,474,139,22,55,1,1,1
743,23,475,139,21,55,1,1,1
744,23,475,139,22,55,1,1,1
745,23,475,139,21,55,1,1,1
746,23,475,140,22,55,1,1,1
747,23,475,140,21,55,1,1,1
748,23,475,139,21,55,1,1,1
749,23,475,139,21,55,1,1,1
750,23,475,140,21,55,1,1,1
751,23,475,140,21,55,1,1,1
752,23,475,140,21,55,1,1,1
753,23,475,139,21,55,1,1,1
754,23,475,140,21,55,1,1,1
755,23,475,139,21,55,1,1,1
756,23,475,140,21,55,1,1,1
757,23,475,140,21,55,1,1,1
758,23,475,140,22,55,1,1,1
759,23,475,140,21,55,1,1,1
760,23,475,140,21,55,1,1,1
761,23,475,140,21,55,1,1,1
762,23,475,140,21,55,1,1,1
763,23,475,140,21,55,1,1,1
764,23,475,140,21,55,1,1,1
765,23,475,140,21,55,1,1,1
766,23,475,140,22,55,1,1,1
767,23,475,140,21,55,1,1,1
768,23,475,140,21,55,1,1,1
769,23,475,140,21,55,1,1,1
770,23,475,140,22,55,1,1,1
771,23,475,140,22,55,1,1,1
772,23,475,140,21,55,1,1,1
773,23,475,140,21,55,1,1,1
774,23,475,140,22,55,1,1,1
775,23,475,140,22,55,1,1,1
776,23,475,140,21,55,1,1,1
777,23,475,140,21,55,1,1,1
778,23,475,140,22,55,1,1,1
779,23,475,140,21,55,1,1,1
780,23,475,140,21,55,1,1,1
781,23,475,140,22,55,1,1,1
782,23,475,140,21,55,1,1,1
783,23,475,140,22,55,1,1,1
784,23,475,138,22,55,1,1,1
785,23,475,138,22,55,1,1,1
786,23,475,138,22,55,1,1,1
787,23,475,138,22,55,1,1,1
788,23,475,138,22,55,1,1,1
789,23,475,139,22,55,1,1,1
790,23,475,140,22,55,1,1,1
791,23,475,140,22,55,1,1,1
792,23,475,140,22,55,1,1,1
793,23,476,139,21,55,1,1,1
794,23,475,139,22,55,1,1,1
795,23,475,139,22,55,1,1,1
796,23,475,139,22,55,1,1,1
797,23,475,140,22,55,1,1,1
798,23,475,140,22,55,1,1,1
799,23,475,140,22,55,1,1,1
800,23,475,140,21,55,1,1,1
801,23,475,140,22,55,1,1,1
802,23,475,140,22,55,1,1,1
803,23,475,140,22,55,1,1,1
804,23,475,140,22,55,1,1,1
805,23,475,139,22,55,1,1,1
806,23,475,139,22,55,1,1,1
807,23,475,139,22,55,1,1,1
808,23,475,139,22,55,1,1,1
809,23,475,139,21,55,1,1,1
810,23,475,140,22,55,1,1,1
811,23,475,140,22,55,1,1,1
812,23,475,140,22,55,1,1,1
813,23,475,140,22,55,1,1,1
814,23,475,140,21,55,1,1,1
815,23,475,140,22,55,1,1,1
816,23,475,140,22,55,1,1,1
817,23,476,140,21,55,1,1,1
818,23,475,140,22,55,1,1,1
819,23,475,140,21,55,1,1,1
820,23,475,140,22,55,1,1,1
821,23,475,140,22,55,1,1,1
822,23,475,140,22,55,1,1,1
823,23,475,140,22,55,1,1,1
824,23,475,140,22,55,1,1,1
825,23,475,140,22,55,1,1,1
826,23,475,140,21,55,1,1,1
827,23,475,141,22,55,1,1,1
828,23,475,140,21,55,1,1,1
829,23,475,141,22,55,1,1,1
830,23,475,141,22,55,1,1,1
831,23,475,141,22,55,1,1,1
832,23,475,141,22,55,1,1,1
833,23,475,141,21,55,1,1,1
834,23,475,140,22,55,1,1,1
835,23,475,141,22,55,1,1,1
836,23,475,140,22,55,1,1,1
837,23,475,141,22,55,1,1,1
838,23,475,141,22,55,1,1,1
839,23,475,141,22,55,1,1,1
840,23,475,140,22,55,1,1,1
841,23,475,140,22,55,1,1,1
842,23,475,140,22,55,1,1,1
843,23,475,140,22,55,1,1,1
844,23,475,141,22,55,1,1,1
845,23,475,140,22,55,1,1,1
846,23,475,140,22,55,1,1,1
847,23,475,141,22,55,1,1,1
848,23,475,140,22,55,1,1,1
849,23,475,140,22,55,1,1,1
850,23,475,141,22,55,1,1,1
851,23,475,137,20,50,1,1,1
852,23,476,138,19,50,1,1,1
853,23,476,139,20,50,1,1,1
854,23,476,139,20,49,1,1,1
855,23,476,139,20,50,1,1,1
856,23,476,139,20,49,1,1,1
857,23,476,140,20,49,1,1,1
858,23,476,140,20,49,1,1,1
859,23,476,140,19,50,1,1,1
860,23,476,141,20,49,1,1,1
861,23,476,141,19,49,1,1,1
862,23,476,141,20,50,1,1,1
863,23,476,141,19,49,1,1,1
864,23,476,141,19,50,1,1,1
865,23,476,141,20,49,1,1,1
866,23,476,141,19,50,1,1,1
867,23,476,141,20,50,1,1,1
868,23,476,141,19,49,1,1,1
869,23,476,142,20,49,1,1,1
870,23,476,142,19,49,1,1,1
871,23,476,141,20,50,1,1,1
872,23,476,142,19,49,1,1,1
873,23,476,142,19,49,1,1,1
874,23,476,141,20,50,1,1,1
875,23,476,141,19,50,1,1,1
876,23,476,141,20,50,1,1,1
877,23,476,141,19,50,1,1,1
878,23,476,142,20,49,1,1,1
879,23,475,136,20,49,1,1,1
880,23,476,138,20,49,1,1,1
881,23,476,138,19,49,1,1,1
882,23,476,138,20,49,1,1,1
883,23,476,138,19,49,1,1,1
884,23,476,138,20,49,1,1,1
885,23,476,138,19,49,1,1,1
886,23,476,138,20,49,1,1,1
887,23,476,138,19,49,1,1,1
888,23,476,138,20,50,1,1,1
889,23,476,139,19,49,1,1,1
890,23,476,138,20,50,1,1,1
891,23,476,138,19,50,1,1,1
892,23,476,138,20,50,1,1,1
893,23,476,138,20,50,1,1,1
894,23,476,139,19,49,1,1,1
895,23,476,139,19,49,1,1,1
896,23,476,139,20,49,1,1,1
897,23,476,138,19,50,1,1,1
898,23,476,138,20,50,1,1,1
899,23,476,138,20,50,1,1,1
900,23,476,139,19,50,1,1,1
71,24,630,130,20,43,1,1,1
78,24,630,129,19,42,1,1,1
79,24,630,128,20,43,1,1,1
80,24,630,128,18,43,1,1,1
81,24,630,127,18,44,1,1,1
82,24,631,125,18,43,1,1,1
83,24,631,124,18,44,1,1,1
84,24,630,127,18,44,1,1,1
85,24,629,128,18,43,1,1,1
86,24,629,128,18,43,1,1,1
87,24,630,125,18,44,1,1,1
88,24,629,128,18,43,1,1,1
89,24,629,127,18,43,1,1,1
90,24,628,129,18,44,1,1,1
91,24,628,129,18,41,1,1,1
92,24,629,129,18,41,1,1,1
93,24,628,128,18,41,1,1,1
94,24,629,128,18,41,1,1,1
95,24,629,129,18,41,1,1,1
96,24,628,130,18,41,1,1,1
97,24,630,129,18,41,1,1,1
98,24,628,129,17,39,1,1,1
99,24,627,130,18,39,1,1,1
100,24,627,130,18,39,1,1,1
101,24,627,129,18,40,1,1,1
102,24,627,130,17,40,1,1,1
103,24,627,128,18,40,1,1,1
104,24,627,130,17,40,1,1,1
105,24,627,129,17,40,1,1,1
106,24,625,129,17,40,1,1,1
107,24,626,129,17,40,1,1,1
108,24,624,128,18,40,1,1,1
109,24,624,128,18,40,1,1,1
110,24,626,128,17,40,1,1,1
111,24,627,127,17,40,1,1,1
112,24,627,127,17,40,1,1,1
113,24,626,127,18,40,1,1,1
114,24,627,127,17,40,1,1,1
115,24,627,127,17,40,1,1,1
116,24,626,128,17,40,1,1,1
117,24,626,126,17,40,1,1,1
118,24,626,127,17,40,1,1,1
119,24,625,127,18,40,1,1,1
120,24,625,127,18,40,1,1,1
121,24,625,127,17,40,1,1,1
122,24,624,127,17,40,1,1,1
123,24,624,126,17,40,1,1,1
124,24,623,125,18,40,1,1,1
125,24,623,127,18,40,1,1,1
126,24,623,127,18,40,1,1,1
127,24,624,127,17,40,1,1,1
128,24,623,127,18,40,1,1,1
129,24,624,127,17,40,1,1,1
130,24,625,125,17,40,1,1,1
131,24,623,127,18,40,1,1,1
132,24,623,126,18,40,1,1,1
133,24,622,126,18,40,1,1,1
134,24,623,126,17,40,1,1,1
135,24,624,125,17,40,1,1,1
136,24,623,128,18,40,1,1,1
137,24,624,126,17,40,1,1,1
138,24,623,126,17,40,1,1,1
139,24,624,124,17,40,1,1,1
140,24,622,126,17,40,1,1,1
141,24,621,125,20,41,1,1,1
142,24,622,124,19,41,1,1,1
143,24,621,125,18,40,1,1,1
144,24,621,126,19,40,1,1,1
145,24,620,125,19,41,1,1,1
146,24,620,125,18,41,1,1,1
147,24,619,125,19,41,1,1,1
148,24,620,125,19,41,1,1,1
149,24,621,124,19,40,1,1,1
150,24,622,122,19,41,1,1,1
151,24,619,125,17,39,1,1,1
152,24,619,125,17,39,1,1,1
153,24,618,125,17,39,1,1,1
154,24,619,125,17,39,1,1,1
155,24,618,127,17,38,1,1,1
156,24,618,127,17,38,1,1,1
157,24,617,126,17,38,1,1,1
158,24,616,125,18,39,1,1,1
159,24,618,125,17,38,1,1,1
160,24,618,124,17,39,1,1,1
161,24,617,124,17,39,1,1,1
162,24,617,124,17,39,1,1,1
163,24,617,124,17,38,1,1,1
164,24,618,122,17,39,1,1,1
165,24,617,122,17,39,1,1,1
166,24,617,122,17,38,1,1,1
167,24,616,122,18,39,1,1,1
168,24,616,122,18,39,1,1,1
169,24,616,122,18,38,1,1,1
170,24,616,122,18,38,1,1,1
171,24,616,122,17,39,1,1,1
172,24,616,121,18,39,1,1,1
173,24,616,122,17,39,1,1,1
174,24,616,122,17,38,1,1,1
175,24,615,123,17,38,1,1,1
176,24,613,124,18,38,1,1,1
177,24,614,124,18,39,1,1,1
178,24,615,123,17,38,1,1,1
179,24,614,124,17,38,1,1,1
180,24,615,122,17,39,1,1,1
181,24,613,123,17,39,1,1,1
182,24,613,124,18,38,1,1,1
183,24,614,125,16,36,1,1,1
184,24,613,123,17,39,1,1,1
185,24,613,124,18,38,1,1,1
186,24,611,124,17,38,1,1,1
187,24,612,125,17,38,1,1,1
188,24,611,125,18,38,1,1,1
189,24,610,124,18,38,1,1,1
190,24,611,125,17,39,1,1,1
191,24,610,125,18,38,1,1,1
192,24,610,123,17,39,1,1,1
193,24,610,123,17,39,1,1,1
194,24,609,123,18,38,1,1,1
195,24,609,123,18,38,1,1,1
196,24,609,122,17,39,1,1,1
197,24,609,122,17,38,1,1,1
198,24,608,121,17,39,1,1,1
199,24,608,121,17,38,1,1,1
200,24,608,120,17,39,1,1,1
201,24,609,121,16,37,1,1,1
202,24,609,121,16,37,1,1,1
203,24,608,122,16,37,1,1,1
204,24,608,121,16,37,1,1,1
205,24,607,126,16,37,1,1,1
206,24,608,125,16,37,1,1,1
207,24,607,126,16,36,1,1,1
208,24,607,126,16,36,1,1,1
209,24,607,127,16,37,1,1,1
210,24,607,125,16,37,1,1,1
211,24,607,126,16,36,1,1,1
212,24,607,126,16,37,1,1,1
213,24,606,125,16,37,1,1,1
214,24,606,126,16,36,1,1,1
215,24,605,126,16,37,1,1,1
216,24,606,127,16,37,1,1,1
217,24,605,127,16,37,1,1,1
218,24,604,126,16,37,1,1,1
219,24,604,128,16,37,1,1,1
220,24,604,127,16,37,1,1,1
221,24,603,126,17,37,1,1,1
222,24,603,127,16,37,1,1,1
223,24,603,126,16,37,1,1,1
224,24,602,126,17,37,1,1,1
225,24,601,124,18,40,1,1,1
226,24,601,124,18,40,1,1,1
227,24,601,124,18,39,1,1,1
228,24,601,124,17,40,1,1,1
229,24,601,125,17,39,1,1,1
230,24,601,126,17,39,1,1,1
231,24,600,126,16,36,1,1,1
232,24,599,126,17,36,1,1,1
233,24,600,126,16,36,1,1,1
234,24,600,126,16,36,1,1,1
235,24,599,125,17,37,1,1,1
236,24,599,125,16,37,1,1,1
237,24,599,126,16,36,1,1,1
238,24,599,125,16,37,1,1,1
239,24,598,126,17,36,1,1,1
240,24,598,124,17,37,1,1,1
241,24,599,127,16,36,1,1,1
242,24,598,126,17,37,1,1,1
243,24,598,126,16,36,1,1,1
244,24,598,125,17,37,1,1,1
245,24,598,126,16,37,1,1,1
246,24,597,126,16,37,1,1,1
247,24,597,126,17,36,1,1,1
248,24,597,126,16,37,1,1,1
249,24,596,127,17,36,1,1,1
250,24,596,127,17,36,1,1,1
251,24,595,126,16,36,1,1,1
252,24,595,126,16,37,1,1,1
253,24,595,126,16,37,1,1,1
254,24,594,126,16,37,1,1,1
255,24,593,126,16,37,1,1,1
256,24,593,124,17,36,1,1,1
257,24,592,124,17,37,1,1,1
258,24,591,124,18,37,1,1,1
259,24,591,124,18,36,1,1,1
260,24,592,123,17,37,1,1,1
261,24,591,124,18,36,1,1,1
262,24,592,123,18,37,1,1,1
263,24,591,123,18,36,1,1,1
264,24,591,123,18,36,1,1,1
265,24,591,123,19,38,1,1,1
266,24,590,123,19,38,1,1,1
267,24,590,122,19,38,1,1,1
268,24,589,122,19,38,1,1,1
269,24,589,122,19,38,1,1,1
270,24,589,122,19,38,1,1,1
271,24,589,123,19,38,1,1,1
272,24,588,121,19,38,1,1,1
273,24,588,122,19,38,1,1,1
274,24,589,121,19,38,1,1,1
275,24,588,121,19,38,1,1,1
276,24,588,121,19,38,1,1,1
277,24,588,121,19,38,1,1,1
278,24,587,123,17,36,1,1,1
279,24,586,122,18,36,1,1,1
280,24,586,122,18,36,1,1,1
281,24,586,122,17,35,1,1,1
282,24,586,122,17,35,1,1,1
283,24,586,122,17,35,1,1,1
284,24,585,123,17,35,1,1,1
285,24,586,123,17,35,1,1,1
286,24,585,123,18,36,1,1,1
287,24,584,123,18,35,1,1,1
288,24,584,123,18,35,1,1,1
289,24,583,123,18,36,1,1,1
290,24,584,123,17,36,1,1,1
291,24,583,124,18,35,1,1,1
292,24,582,124,18,36,1,1,1
293,24,583,122,17,36,1,1,1
294,24,582,121,19,37,1,1,1
295,24,582,121,19,37,1,1,1
296,24,582,120,18,37,1,1,1
297,24,582,122,17,35,1,1,1
298,24,582,122,17,36,1,1,1
299,24,582,119,18,37,1,1,1
300,24,582,120,18,37,1,1,1
301,24,582,119,19,37,1,1,1
302,24,582,119,18,37,1,1,1
303,24,581,119,18,37,1,1,1
304,24,582,119,18,37,1,1,1
305,24,582,119,18,37,1,1,1
306,24,582,120,17,35,1,1,1
307,24,582,120,17,35,1,1,1
308,24,582,119,17,35,1,1,1
309,24,580,122,17,36,1,1,1
310,24,579,123,17,35,1,1,1
311,24,579,122,17,35,1,1,1
312,24,579,121,17,36,1,1,1
313,24,578,121,19,37,1,1,1
314,24,578,120,18,37,1,1,1
315,24,577,120,19,37,1,1,1
316,24,577,120,18,37,1,1,1
317,24,577,120,18,37,1,1,1
318,24,576,120,19,37,1,1,1
319,24,577,121,18,37,1,1,1
320,24,576,122,19,37,1,1,1
321,24,576,121,18,37,1,1,1
322,24,576,121,18,37,1,1,1
323,24,576,120,19,37,1,1,1
324,24,575,121,18,37,1,1,1
325,24,575,120,19,37,1,1,1
326,24,576,120,19,37,1,1,1
327,24,576,120,18,37,1,1,1
328,24,576,120,18,37,1,1,1
329,24,576,119,18,37,1,1,1
330,24,574,120,19,37,1,1,1
331,24,575,117,19,40,1,1,1
332,24,575,119,19,36,1,1,1
333,24,574,118,19,39,1,1,1
334,24,574,117,19,40,1,1,1
335,24,573,117,20,40,1,1,1
336,24,573,118,20,39,1,1,1
337,24,573,118,19,39,1,1,1
338,24,572,119,20,39,1,1,1
339,24,572,120,19,39,1,1,1
340,24,572,119,20,39,1,1,1
341,24,572,120,19,37,1,1,1
342,24,572,120,19,37,1,1,1
343,24,572,121,19,37,1,1,1
344,24,572,120,18,37,1,1,1
345,24,572,121,18,37,1,1,1
346,24,572,120,18,37,1,1,1
347,24,571,120,19,37,1,1,1
348,24,572,120,18,37,1,1,1
349,24,571,120,19,37,1,1,1
350,24,572,121,18,37,1,1,1
351,24,571,120,19,37,1,1,1
352,24,570,118,19,40,1,1,1
353,24,570,118,19,40,1,1,1
354,24,570,120,19,39,1,1,1
355,24,570,120,20,39,1,1,1
356,24,570,121,19,37,1,1,1
357,24,572,121,17,36,1,1,1
358,24,571,122,18,35,1,1,1
359,24,570,121,19,37,1,1,1
360,24,570,120,19,37,1,1,1
361,24,571,118,19,37,1,1,1
362,24,570,117,20,40,1,1,1
363,24,570,117,20,40,1,1,1
364,24,569,117,21,41,1,1,1
365,24,570,121,15,35,1,1,1
366,24,570,123,15,35,1,1,1
367,24,570,122,15,36,1,1,1
368,24,570,122,15,36,1,1,1
369,24,570,122,15,35,1,1,1
370,24,570,123,15,35,1,1,1
371,24,570,122,15,35,1,1,1
372,24,569,123,15,33,1,1,1
373,24,570,122,15,34,1,1,1
374,24,570,122,15,34,1,1,1
375,24,569,122,15,34,1,1,1
376,24,569,121,15,34,1,1,1
377,24,569,123,15,33,1,1,1
378,24,569,123,15,33,1,1,1
379,24,569,122,15,34,1,1,1
380,24,569,122,16,35,1,1,1
381,24,569,122,16,36,1,1,1
382,24,569,122,15,35,1,1,1
383,24,569,122,16,35,1,1,1
384,24,569,122,15,36,1,1,1
385,24,568,123,16,35,1,1,1
386,24,568,123,16,35,1,1,1
387,24,569,122,15,36,1,1,1
388,24,565,121,16,35,1,1,1
389,24,564,120,16,35,1,1,1
390,24,564,120,16,35,1,1,1
391,24,563,119,16,36,1,1,1
392,24,564,121,16,35,1,1,1
393,24,563,121,16,35,1,1,1
394,24,562,120,16,35,1,1,1
395,24,561,120,16,35,1,1,1
396,24,561,119,16,36,1,1,1
397,24,561,119,16,35,1,1,1
398,24,561,118,16,36,1,1,1
399,24,560,119,16,35,1,1,1
400,24,559,118,16,36,1,1,1
401,24,560,118,16,36,1,1,1
402,24,561,119,16,35,1,1,1
403,24,560,118,16,35,1,1,1
404,24,560,118,16,36,1,1,1
405,24,560,118,16,36,1,1,1
406,24,560,119,16,35,1,1,1
407,24,558,118,16,36,1,1,1
408,24,559,118,16,36,1,1,1
409,24,558,122,15,31,1,1,1
410,24,558,122,15,31,1,1,1
411,24,559,122,15,31,1,1,1
412,24,558,122,15,31,1,1,1
413,24,557,123,14,31,1,1,1
414,24,556,124,15,31,1,1,1
415,24,556,123,15,31,1,1,1
416,24,556,123,14,31,1,1,1
417,24,556,123,15,31,1,1,1
418,24,556,123,14,31,1,1,1
419,24,556,124,15,31,1,1,1
420,24,556,123,15,31,1,1,1
421,24,557,123,14,31,1,1,1
422,24,557,124,14,31,1,1,1
423,24,557,122,14,31,1,1,1
424,24,556,121,15,33,1,1,1
425,24,557,121,15,33,1,1,1
426,24,557,121,15,33,1,1,1
427,24,556,120,15,33,1,1,1
428,24,556,120,15,33,1,1,1
429,24,556,121,15,33,1,1,1
430,24,552,121,15,33,1,1,1
431,24,553,124,14,31,1,1,1
432,24,553,124,14,31,1,1,1
433,24,552,123,15,32,1,1,1
434,24,552,124,15,32,1,1,1
435,24,553,124,14,31,1,1,1
436,24,552,125,14,32,1,1,1
437,24,552,124,14,32,1,1,1
438,24,550,125,15,31,1,1,1
439,24,551,123,15,32,1,1,1
440,24,550,123,15,32,1,1,1
441,24,551,124,13,29,1,1,1
442,24,552,124,12,27,1,1,1
443,24,550,125,14,28,1,1,1
444,24,550,123,12,28,1,1,1
445,24,550,123,13,29,1,1,1
446,24,546,123,15,32,1,1,1
447,24,545,122,15,32,1,1,1
448,24,545,123,15,32,1,1,1
449,24,545,124,15,32,1,1,1
450,24,546,124,12,29,1,1,1
451,24,547,124,13,30,1,1,1
452,24,547,127,12,30,1,1,1
453,24,547,127,12,26,1,1,1
454,24,548,128,12,28,1,1,1
455,24,547,127,11,24,1,1,1
456,24,547,125,10,24,1,1,1
457,24,546,126,10,20,1,1,1
458,24,546,125,11,21,1,1,1
459,24,546,127,11,21,1,1,1
460,24,546,126,11,21,1,1,1
461,24,545,127,11,21,1,1,1
462,24,546,127,11,20,1,1,1
463,24,546,127,10,20,1,1,1
464,24,546,127,10,20,1,1,1
465,24,546,127,11,20,1,1,1
466,24,546,127,10,20,1,1,1
467,24,546,127,11,20,1,1,1
468,24,546,127,10,20,1,1,1
469,24,547,127,10,20,1,1,1
470,24,547,127,10,20,1,1,1
471,24,547,127,10,20,1,1,1
472,24,547,128,10,19,1,1,1
473,24,546,127,11,20,1,1,1
474,24,546,127,10,20,1,1,1
475,24,546,127,11,20,1,1,1
476,24,546,127,11,20,1,1,1
477,24,546,126,10,20,1,1,1
478,24,546,126,11,21,1,1,1
479,24,546,127,11,21,1,1,1
480,24,546,127,11,21,1,1,1
481,24,546,128,11,21,1,1,1
482,24,545,128,11,21,1,1,1
483,24,546,128,11,21,1,1,1
484,24,545,129,11,21,1,1,1
485,24,545,129,11,21,1,1,1
486,24,545,129,11,22,1,1,1
487,24,545,129,11,23,1,1,1
488,24,545,125,11,27,1,1,1
489,24,546,125,10,23,1,1,1
490,24,545,124,11,26,1,1,1
491,24,545,124,12,26,1,1,1
492,24,544,124,11,27,1,1,1
493,24,544,124,11,27,1,1,1
494,24,544,124,12,28,1,1,1
495,24,544,124,11,29,1,1,1
496,24,543,125,13,28,1,1,1
497,24,543,121,13,33,1,1,1
498,24,543,118,12,29,1,1,1
499,24,542,118,13,30,1,1,1
500,24,542,117,13,29,1,1,1
501,24,540,118,13,29,1,1,1
502,24,540,119,13,29,1,1,1
503,24,540,119,13,30,1,1,1
504,24,540,119,13,29,1,1,1
505,24,540,119,13,29,1,1,1
506,24,540,119,13,30,1,1,1
507,24,540,119,13,29,1,1,1
508,24,540,119,13,29,1,1,1
509,24,540,119,13,30,1,1,1
510,24,540,119,13,29,1,1,1
511,24,540,119,13,30,1,1,1
512,24,540,119,13,29,1,1,1
513,24,540,118,13,30,1,1,1
514,24,540,119,13,30,1,1,1
515,24,540,118,13,30,1,1,1
516,24,540,119,13,29,1,1,1
517,24,540,119,13,30,1,1,1
518,24,540,119,13,30,1,1,1
519,24,540,119,13,29,1,1,1
520,24,540,119,13,29,1,1,1
521,24,540,119,13,29,1,1,1
522,24,540,119,13,29,1,1,1
523,24,540,119,13,30,1,1,1
524,24,539,119,13,29,1,1,1
525,24,540,119,12,28,1,1,1
526,24,540,119,12,28,1,1,1
527,24,539,119,13,28,1,1,1
528,24,539,118,13,30,1,1,1
529,24,538,117,14,30,1,1,1
530,24,538,117,13,29,1,1,1
531,24,538,117,13,30,1,1,1
532,24,538,116,13,30,1,1,1
533,24,538,117,13,29,1,1,1
534,24,537,117,14,29,1,1,1
535,24,537,118,14,29,1,1,1
536,24,538,118,13,29,1,1,1
537,24,537,118,14,29,1,1,1
538,24,538,118,13,29,1,1,1
539,24,537,118,14,30,1,1,1
540,24,537,118,14,30,1,1,1
541,24,537,118,13,30,1,1,1
542,24,537,118,14,30,1,1,1
543,24,537,118,13,30,1,1,1
544,24,537,118,14,30,1,1,1
545,24,536,118,12,30,1,1,1
546,24,535,118,12,30,1,1,1
547,24,535,118,12,31,1,1,1
548,24,534,117,12,31,1,1,1
549,24,533,117,11,31,1,1,1
550,24,533,119,14,28,1,1,1
551,24,532,120,13,28,1,1,1
552,24,532,119,14,28,1,1,1
553,24,532,120,14,28,1,1,1
554,24,532,119,14,28,1,1,1
555,24,531,120,13,28,1,1,1
556,24,531,120,13,28,1,1,1
557,24,530,121,13,28,1,1,1
558,24,531,121,13,28,1,1,1
559,24,532,122,13,28,1,1,1
560,24,532,122,14,28,1,1,1
561,24,533,122,13,27,1,1,1
562,24,532,123,13,27,1,1,1
563,24,532,123,12,27,1,1,1
564,24,531,119,11,28,1,1,1
565,24,531,119,11,28,1,1,1
566,24,531,119,11,28,1,1,1
567,24,531,119,11,28,1,1,1
568,24,531,119,11,28,1,1,1
569,24,531,119,11,28,1,1,1
570,24,531,119,11,28,1,1,1
571,24,531,119,11,28,1,1,1
572,24,531,120,11,28,1,1,1
573,24,531,119,11,28,1,1,1
574,24,530,120,11,28,1,1,1
575,24,531,119,11,28,1,1,1
576,24,531,120,11,28,1,1,1
577,24,530,120,11,27,1,1,1
578,24,530,122,10,26,1,1,1
579,24,530,122,10,26,1,1,1
580,24,530,120,11,28,1,1,1
581,24,530,121,11,26,1,1,1
582,24,531,120,10,27,1,1,1
583,24,531,119,11,28,1,1,1
584,24,525,119,15,28,1,1,1
585,24,527,119,14,28,1,1,1
586,24,526,119,14,28,1,1,1
587,24,526,119,14,28,1,1,1
588,24,525,120,15,28,1,1,1
589,24,527,119,14,28,1,1,1
590,24,526,121,14,28,1,1,1
591,24,526,120,14,28,1,1,1
592,24,526,122,13,26,1,1,1
593,24,526,121,13,27,1,1,1
594,24,526,120,14,27,1,1,1
595,24,525,119,15,28,1,1,1
596,24,526,121,14,28,1,1,1
597,24,525,119,10,28,1,1,1
598,24,523,117,13,29,1,1,1
599,24,523,119,13,28,1,1,1
600,24,523,119,13,28,1,1,1
601,24,521,119,13,28,1,1,1
602,24,520,119,14,28,1,1,1
603,24,521,120,13,27,1,1,1
604,24,520,118,13,26,1,1,1
605,24,521,117,13,27,1,1,1
606,24,520,117,13,29,1,1,1
607,24,520,117,14,29,1,1,1
608,24,521,117,13,28,1,1,1
609,24,520,118,14,28,1,1,1
610,24,521,119,13,27,1,1,1
611,24,520,119,13,27,1,1,1
612,24,519,121,13,27,1,1,1
613,24,520,121,13,28,1,1,1
614,24,519,121,14,28,1,1,1
615,24,521,119,13,28,1,1,1
616,24,520,119,14,28,1,1,1
617,24,520,121,13,28,1,1,1
618,24,520,121,14,28,1,1,1
619,24,520,117,14,30,1,1,1
620,24,520,118,14,28,1,1,1
621,24,520,119,14,28,1,1,1
622,24,520,120,14,28,1,1,1
623,24,516,118,13,28,1,1,1
624,24,517,121,13,28,1,1,1
625,24,520,119,13,28,1,1,1
626,24,520,118,13,28,1,1,1
627,24,520,119,13,28,1,1,1
628,24,520,118,13,28,1,1,1
629,24,520,119,13,28,1,1,1
630,24,519,119,14,28,1,1,1
631,24,518,120,13,28,1,1,1
632,24,515,116,13,28,1,1,1
633,24,516,117,13,28,1,1,1
634,24,516,116,13,28,1,1,1
635,24,515,116,13,28,1,1,1
636,24,515,116,13,28,1,1,1
637,24,515,116,13,28,1,1,1
638,24,515,116,13,28,1,1,1
639,24,515,115,13,28,1,1,1
640,24,516,115,13,28,1,1,1
641,24,515,115,13,28,1,1,1
642,24,515,115,13,28,1,1,1
643,24,516,116,13,28,1,1,1
644,24,515,116,13,28,1,1,1
645,24,515,115,13,28,1,1,1
646,24,515,115,13,28,1,1,1
647,24,516,116,13,28,1,1,1
648,24,515,115,13,28,1,1,1
649,24,516,114,13,28,1,1,1
650,24,516,114,13,28,1,1,1
651,24,515,115,13,28,1,1,1
652,24,516,115,13,28,1,1,1
653,24,512,115,14,28,1,1,1
654,24,515,115,13,28,1,1,1
655,24,515,117,13,28,1,1,1
656,24,514,116,13,28,1,1,1
657,24,514,115,14,30,1,1,1
658,24,515,115,13,29,1,1,1
659,24,515,115,13,30,1,1,1
660,24,515,115,13,30,1,1,1
661,24,515,116,14,29,1,1,1
662,24,515,116,13,29,1,1,1
663,24,515,114,13,30,1,1,1
664,24,514,114,13,28,1,1,1
665,24,515,117,13,28,1,1,1
666,24,515,117,13,28,1,1,1
667,24,515,118,13,28,1,1,1
668,24,515,118,12,27,1,1,1
669,24,515,118,13,26,1,1,1
670,24,514,117,13,26,1,1,1
671,24,515,117,12,26,1,1,1
672,24,514,117,13,26,1,1,1
673,24,515,117,13,26,1,1,1
674,24,515,117,12,26,1,1,1
675,24,515,117,12,26,1,1,1
676,24,515,117,12,27,1,1,1
677,24,515,115,13,28,1,1,1
678,24,515,115,13,30,1,1,1
679,24,514,116,14,29,1,1,1
680,24,515,116,13,29,1,1,1
681,24,510,114,14,30,1,1,1
682,24,510,114,14,29,1,1,1
683,24,512,115,14,30,1,1,1
684,24,513,115,14,29,1,1,1
685,24,513,115,14,30,1,1,1
686,24,512,115,14,29,1,1,1
687,24,512,115,14,30,1,1,1
688,24,513,117,13,28,1,1,1
689,24,512,115,14,29,1,1,1
690,24,513,116,14,29,1,1,1
691,24,513,117,14,30,1,1,1
692,24,513,117,14,30,1,1,1
693,24,513,116,14,29,1,1,1
694,24,513,117,14,30,1,1,1
695,24,512,115,14,30,1,1,1
696,24,512,115,15,31,1,1,1
697,24,512,113,16,33,1,1,1
698,24,513,115,15,32,1,1,1
699,24,509,113,13,30,1,1,1
700,24,510,114,13,30,1,1,1
701,24,511,114,13,30,1,1,1
702,24,511,114,13,30,1,1,1
703,24,510,114,13,30,1,1,1
704,24,511,113,13,31,1,1,1
705,24,511,113,13,31,1,1,1
706,24,511,114,14,31,1,1,1
707,24,511,113,14,32,1,1,1
708,24,511,114,13,31,1,1,1
709,24,511,112,13,32,1,1,1
710,24,511,114,13,31,1,1,1
711,24,511,113,13,31,1,1,1
712,24,508,111,13,32,1,1,1
713,24,510,112,13,32,1,1,1
714,24,509,112,14,32,1,1,1
715,24,509,112,14,32,1,1,1
716,24,510,113,13,31,1,1,1
717,24,509,112,14,32,1,1,1
718,24,510,113,13,31,1,1,1
719,24,509,112,14,31,1,1,1
720,24,510,113,13,31,1,1,1
721,24,509,111,14,31,1,1,1
722,24,510,111,13,31,1,1,1
723,24,507,110,14,32,1,1,1
724,24,509,111,14,31,1,1,1
725,24,509,109,14,33,1,1,1
726,24,509,109,14,33,1,1,1
727,24,510,110,13,32,1,1,1
728,24,509,110,14,32,1,1,1
729,24,509,111,14,31,1,1,1
730,24,509,112,13,31,1,1,1
731,24,510,110,13,32,1,1,1
732,24,509,110,14,32,1,1,1
733,24,509,112,13,32,1,1,1
734,24,509,112,14,31,1,1,1
735,24,510,112,13,32,1,1,1
736,24,509,111,14,33,1,1,1
737,24,509,111,14,33,1,1,1
738,24,510,111,14,33,1,1,1
739,24,509,111,14,33,1,1,1
740,24,509,111,14,33,1,1,1
741,24,509,111,14,33,1,1,1
742,24,509,111,14,33,1,1,1
743,24,510,111,14,33,1,1,1
744,24,507,117,13,26,1,1,1
745,24,506,117,13,25,1,1,1
746,24,507,118,14,25,1,1,1
747,24,508,118,14,26,1,1,1
748,24,508,116,14,27,1,1,1
749,24,507,116,14,27,1,1,1
750,24,508,117,14,26,1,1,1
751,24,508,116,14,27,1,1,1
752,24,508,116,14,26,1,1,1
753,24,508,117,14,26,1,1,1
754,24,509,117,13,26,1,1,1
755,24,509,117,13,26,1,1,1
756,24,509,118,13,25,1,1,1
757,24,509,117,13,26,1,1,1
758,24,505,117,12,26,1,1,1
759,24,507,117,12,26,1,1,1
760,24,507,118,12,26,1,1,1
761,24,508,117,12,26,1,1,1
762,24,507,117,12,26,1,1,1
763,24,507,118,13,26,1,1,1
764,24,507,117,12,26,1,1,1
765,24,508,118,12,26,1,1,1
766,24,507,118,13,26,1,1,1
767,24,507,118,13,26,1,1,1
768,24,507,117,12,26,1,1,1
769,24,507,118,12,26,1,1,1
770,24,507,118,13,26,1,1,1
771,24,502,115,12,26,1,1,1
772,24,503,117,12,26,1,1,1
773,24,502,117,12,26,1,1,1
774,24,503,116,12,26,1,1,1
775,24,503,116,12,26,1,1,1
776,24,503,117,12,26,1,1,1
777,24,503,117,11,25,1,1,1
778,24,502,116,12,26,1,1,1
779,24,503,116,12,26,1,1,1
780,24,502,116,13,27,1,1,1
781,24,503,116,12,27,1,1,1
782,24,503,116,12,27,1,1,1
783,24,503,117,12,27,1,1,1
784,24,502,116,13,27,1,1,1
785,24,502,116,13,27,1,1,1
786,24,503,116,12,27,1,1,1
787,24,503,116,12,27,1,1,1
788,24,503,117,12,26,1,1,1
789,24,503,117,12,26,1,1,1
790,24,503,118,12,25,1,1,1
791,24,503,118,11,25,1,1,1
792,24,503,118,12,25,1,1,1
793,24,503,118,12,25,1,1,1
794,24,503,118,12,25,1,1,1
795,24,502,118,12,25,1,1,1
796,24,503,118,11,25,1,1,1
797,24,503,118,12,25,1,1,1
798,24,503,119,11,25,1,1,1
799,24,503,118,11,25,1,1,1
800,24,503,117,11,25,1,1,1
801,24,503,118,11,25,1,1,1
802,24,503,118,11,25,1,1,1
803,24,498,115,12,25,1,1,1
804,24,497,116,12,25,1,1,1
805,24,497,116,12,25,1,1,1
806,24,498,116,12,25,1,1,1
807,24,498,115,12,25,1,1,1
808,24,497,115,12,25,1,1,1
809,24,498,116,12,25,1,1,1
810,24,497,115,12,25,1,1,1
811,24,498,117,12,25,1,1,1
812,24,498,117,12,26,1,1,1
813,24,497,116,13,26,1,1,1
814,24,498,117,12,26,1,1,1
815,24,498,117,12,26,1,1,1
816,24,498,117,12,26,1,1,1
817,24,498,118,12,25,1,1,1
818,24,498,117,12,25,1,1,1
819,24,498,118,12,25,1,1,1
820,24,499,117,12,25,1,1,1
821,24,499,118,12,25,1,1,1
822,24,499,118,12,25,1,1,1
823,24,499,117,12,25,1,1,1
824,24,499,117,12,25,1,1,1
825,24,499,117,12,25,1,1,1
826,24,499,117,12,25,1,1,1
827,24,499,117,12,25,1,1,1
828,24,498,117,12,25,1,1,1
829,24,498,117,12,25,1,1,1
830,24,499,118,12,25,1,1,1
831,24,499,118,12,25,1,1,1
832,24,499,117,12,25,1,1,1
833,24,499,117,12,25,1,1,1
834,24,498,117,12,25,1,1,1
835,24,498,117,12,25,1,1,1
836,24,498,118,12,25,1,1,1
837,24,498,117,12,25,1,1,1
838,24,498,117,12,25,1,1,1
839,24,498,118,12,25,1,1,1
840,24,498,118,12,25,1,1,1
841,24,498,118,12,25,1,1,1
842,24,499,118,12,25,1,1,1
843,24,499,117,12,25,1,1,1
844,24,498,118,12,25,1,1,1
845,24,498,117,12,25,1,1,1
846,24,498,117,12,25,1,1,1
847,24,498,118,12,25,1,1,1
848,24,498,117,12,25,1,1,1
849,24,498,117,12,25,1,1,1
850,24,498,118,12,25,1,1,1
851,24,498,117,12,25,1,1,1
852,24,497,117,12,25,1,1,1
853,24,499,117,12,25,1,1,1
854,24,498,117,13,26,1,1,1
855,24,498,117,13,26,1,1,1
856,24,498,116,12,26,1,1,1
857,24,497,116,13,26,1,1,1
858,24,497,117,13,26,1,1,1
859,24,497,116,13,26,1,1,1
860,24,497,116,13,26,1,1,1
861,24,495,115,10,24,1,1,1
862,24,496,116,10,24,1,1,1
863,24,497,115,9,24,1,1,1
864,24,497,115,10,24,1,1,1
865,24,497,115,10,25,1,1,1
866,24,497,115,10,24,1,1,1
867,24,497,115,10,24,1,1,1
868,24,497,115,10,26,1,1,1
869,24,496,115,10,26,1,1,1
870,24,497,115,10,25,1,1,1
871,24,497,116,11,25,1,1,1
872,24,497,116,11,25,1,1,1
873,24,497,116,9,24,1,1,1
874,24,497,117,10,24,1,1,1
875,24,497,117,10,24,1,1,1
876,24,497,116,9,25,1,1,1
877,24,497,116,11,25,1,1,1
878,24,497,116,11,25,1,1,1
879,24,497,115,11,27,1,1,1
880,24,497,116,10,25,1,1,1
881,24,497,115,11,27,1,1,1
882,24,497,115,11,27,1,1,1
883,24,496,115,11,27,1,1,1
884,24,497,115,11,27,1,1,1
885,24,497,116,10,26,1,1,1
886,24,497,116,11,27,1,1,1
887,24,497,116,11,27,1,1,1
888,24,496,116,11,27,1,1,1
889,24,497,114,11,27,1,1,1
890,24,497,115,10,26,1,1,1
891,24,497,116,10,25,1,1,1
892,24,497,116,10,25,1,1,1
893,24,496,115,11,27,1,1,1
894,24,496,115,11,27,1,1,1
895,24,497,115,10,26,1,1,1
896,24,497,116,10,25,1,1,1
897,24,497,115,10,26,1,1,1
898,24,494,111,12,28,1,1,1
899,24,496,110,11,28,1,1,1
900,24,496,109,11,28,1,1,1
636,25,625,143,28,47,1,1,1
637,25,624,144,28,47,1,1,1
638,25,624,144,28,47,1,1,1
639,25,623,146,27,47,1,1,1
640,25,621,147,28,47,1,1,1
641,25,621,146,27,47,1,1,1
642,25,620,144,27,47,1,1,1
643,25,620,146,27,47,1,1,1
644,25,620,145,27,48,1,1,1
645,25,618,146,27,47,1,1,1
646,25,624,146,23,47,1,1,1
647,25,621,145,23,48,1,1,1
648,25,621,143,23,47,1,1,1
649,25,619,144,23,47,1,1,1
650,25,618,144,23,47,1,1,1
651,25,618,144,23,47,1,1,1
652,25,619,146,23,47,1,1,1
653,25,618,146,23,48,1,1,1
654,25,617,147,23,47,1,1,1
655,25,616,146,23,48,1,1,1
656,25,614,146,23,47,1,1,1
657,25,611,145,23,47,1,1,1
658,25,613,146,19,47,1,1,1
659,25,610,145,23,48,1,1,1
660,25,611,145,21,48,1,1,1
661,25,609,145,22,48,1,1,1
662,25,606,145,23,47,1,1,1
663,25,605,143,23,48,1,1,1
664,25,604,145,23,48,1,1,1
665,25,603,145,23,47,1,1,1
666,25,603,145,23,47,1,1,1
667,25,601,145,23,47,1,1,1
668,25,600,145,24,47,1,1,1
669,25,598,144,26,48,1,1,1
670,25,598,146,24,47,1,1,1
671,25,597,146,26,47,1,1,1
672,25,595,145,26,47,1,1,1
673,25,597,144,22,48,1,1,1
674,25,596,144,23,48,1,1,1
675,25,596,144,23,48,1,1,1
676,25,594,144,22,47,1,1,1
677,25,592,146,23,52,1,1,1
678,25,592,145,23,52,1,1,1
679,25,590,144,23,52,1,1,1
680,25,589,144,23,52,1,1,1
681,25,588,145,23,52,1,1,1
682,25,587,144,24,52,1,1,1
683,25,586,145,23,52,1,1,1
684,25,587,145,24,52,1,1,1
685,25,587,145,24,52,1,1,1
686,25,586,146,24,52,1,1,1
687,25,585,146,23,52,1,1,1
688,25,585,146,23,52,1,1,1
689,25,584,146,23,52,1,1,1
690,25,583,146,23,52,1,1,1
691,25,582,146,23,52,1,1,1
692,25,582,146,23,52,1,1,1
693,25,581,144,24,54,1,1,1
694,25,580,146,23,52,1,1,1
695,25,580,145,23,52,1,1,1
696,25,577,146,22,52,1,1,1
697,25,575,145,23,52,1,1,1
698,25,574,145,23,52,1,1,1
699,25,573,145,24,52,1,1,1
700,25,572,145,23,52,1,1,1
701,25,573,145,23,52,1,1,1
702,25,571,145,23,52,1,1,1
703,25,570,146,23,52,1,1,1
704,25,570,145,23,53,1,1,1
705,25,570,146,22,53,1,1,1
706,25,571,147,23,53,1,1,1
707,25,569,146,23,53,1,1,1
708,25,571,147,22,53,1,1,1
709,25,568,145,22,53,1,1,1
710,25,570,144,19,53,1,1,1
711,25,568,144,19,53,1,1,1
712,25,567,144,19,53,1,1,1
713,25,566,144,19,53,1,1,1
714,25,566,145,19,53,1,1,1
715,25,565,145,19,53,1,1,1
716,25,565,146,19,53,1,1,1
717,25,564,146,19,53,1,1,1
718,25,564,145,19,53,1,1,1
719,25,564,144,19,53,1,1,1
720,25,563,145,19,53,1,1,1
721,25,563,143,19,53,1,1,1
722,25,562,143,19,53,1,1,1
723,25,562,144,19,53,1,1,1
724,25,563,145,18,53,1,1,1
725,25,562,145,18,53,1,1,1
726,25,562,145,19,53,1,1,1
727,25,562,145,19,53,1,1,1
728,25,561,145,19,53,1,1,1
729,25,561,145,18,53,1,1,1
730,25,560,146,19,53,1,1,1
731,25,561,146,18,53,1,1,1
732,25,561,147,18,53,1,1,1
733,25,560,147,19,53,1,1,1
734,25,560,147,19,53,1,1,1
735,25,560,147,19,53,1,1,1
736,25,560,147,18,53,1,1,1
737,25,560,147,18,53,1,1,1
738,25,560,147,18,53,1,1,1
739,25,560,147,18,53,1,1,1
740,25,559,147,19,53,1,1,1
741,25,558,147,19,53,1,1,1
742,25,558,147,19,53,1,1,1
743,25,558,148,19,53,1,1,1
744,25,558,148,19,53,1,1,1
745,25,558,148,19,53,1,1,1
746,25,557,148,19,53,1,1,1
747,25,558,147,19,53,1,1,1
748,25,557,146,19,53,1,1,1
749,25,556,148,19,53,1,1,1
750,25,556,147,19,53,1,1,1
751,25,554,148,19,50,1,1,1
752,25,554,148,19,49,1,1,1
753,25,554,147,18,51,1,1,1
754,25,554,148,19,51,1,1,1
755,25,553,148,19,51,1,1,1
756,25,554,148,18,51,1,1,1
757,25,553,146,18,51,1,1,1
758,25,550,147,20,53,1,1,1
759,25,549,147,20,55,1,1,1
760,25,550,147,19,55,1,1,1
761,25,548,146,20,56,1,1,1
762,25,549,147,19,54,1,1,1
763,25,550,147,18,53,1,1,1
764,25,547,147,20,54,1,1,1
765,25,546,148,21,53,1,1,1
766,25,547,148,20,56,1,1,1
767,25,547,146,20,56,1,1,1
768,25,547,146,19,55,1,1,1
769,25,547,146,19,56,1,1,1
770,25,546,147,18,56,1,1,1
771,25,545,147,18,56,1,1,1
772,25,544,146,21,58,1,1,1
773,25,543,146,20,59,1,1,1
774,25,543,147,21,57,1,1,1
775,25,543,148,20,57,1,1,1
776,25,542,147,21,58,1,1,1
777,25,542,148,20,57,1,1,1
778,25,541,147,21,58,1,1,1
779,25,541,147,20,55,1,1,1
780,25,539,145,23,57,1,1,1
781,25,539,146,22,58,1,1,1
782,25,538,147,20,56,1,1,1
783,25,537,148,20,53,1,1,1
784,25,536,147,21,52,1,1,1
785,25,536,148,19,50,1,1,1
786,25,535,147,18,49,1,1,1
787,25,534,148,19,48,1,1,1
788,25,534,147,19,48,1,1,1
789,25,534,148,19,47,1,1,1
790,25,534,148,20,47,1,1,1
791,25,534,148,20,48,1,1,1
792,25,534,148,20,48,1,1,1
793,25,533,148,20,48,1,1,1
794,25,533,148,19,48,1,1,1
795,25,533,148,19,48,1,1,1
796,25,533,148,19,48,1,1,1
797,25,532,147,20,48,1,1,1
798,25,531,148,20,48,1,1,1
799,25,531,148,20,48,1,1,1
800,25,531,148,19,48,1,1,1
801,25,531,148,19,48,1,1,1
802,25,530,148,20,48,1,1,1
803,25,530,149,20,48,1,1,1
804,25,530,149,20,48,1,1,1
805,25,530,148,20,48,1,1,1
806,25,529,148,20,48,1,1,1
807,25,529,148,17,48,1,1,1
808,25,527,148,21,50,1,1,1
809,25,527,149,19,50,1,1,1
810,25,526,145,19,55,1,1,1
811,25,527,148,20,52,1,1,1
812,25,527,148,18,53,1,1,1
813,25,526,149,19,53,1,1,1
814,25,525,149,20,55,1,1,1
815,25,525,148,21,55,1,1,1
816,25,525,147,20,57,1,1,1
817,25,524,147,22,59,1,1,1
818,25,525,148,21,58,1,1,1
819,25,525,148,22,59,1,1,1
820,25,525,148,22,58,1,1,1
821,25,525,148,21,59,1,1,1
822,25,525,148,21,59,1,1,1
823,25,524,147,22,59,1,1,1
824,25,525,148,21,59,1,1,1
825,25,525,148,21,58,1,1,1
826,25,525,147,21,59,1,1,1
827,25,525,147,21,59,1,1,1
828,25,524,147,20,59,1,1,1
829,25,525,147,19,59,1,1,1
830,25,525,147,20,59,1,1,1
831,25,525,147,19,59,1,1,1
832,25,525,147,20,59,1,1,1
833,25,525,148,19,58,1,1,1
834,25,524,147,20,59,1,1,1
835,25,525,147,19,59,1,1,1
836,25,525,148,19,58,1,1,1
837,25,525,148,19,58,1,1,1
838,25,525,147,19,59,1,1,1
839,25,525,147,20,59,1,1,1
840,25,525,147,19,59,1,1,1
841,25,524,147,20,59,1,1,1
842,25,524,148,20,58,1,1,1
843,25,524,147,20,59,1,1,1
844,25,525,148,19,58,1,1,1
845,25,525,147,19,59,1,1,1
846,25,525,148,20,58,1,1,1
847,25,525,147,19,59,1,1,1
848,25,525,148,19,58,1,1,1
849,25,525,147,19,59,1,1,1
850,25,525,148,19,58,1,1,1
851,25,525,148,19,58,1,1,1
852,25,525,147,19,59,1,1,1
853,25,525,147,19,59,1,1,1
854,25,525,148,19,58,1,1,1
855,25,525,147,20,59,1,1,1
856,25,526,147,19,59,1,1,1
857,25,525,147,20,59,1,1,1
858,25,525,147,20,59,1,1,1
859,25,526,148,19,58,1,1,1
860,25,525,147,20,59,1,1,1
861,25,525,147,20,59,1,1,1
862,25,526,148,19,58,1,1,1
863,25,526,147,19,59,1,1,1
864,25,525,147,20,59,1,1,1
865,25,525,148,20,59,1,1,1
866,25,525,148,20,58,1,1,1
867,25,526,148,19,58,1,1,1
868,25,526,148,19,58,1,1,1
869,25,526,148,19,58,1,1,1
870,25,525,148,20,58,1,1,1
871,25,525,148,20,58,1,1,1
872,25,525,147,20,59,1,1,1
873,25,525,148,20,58,1,1,1
874,25,526,147,19,59,1,1,1
875,25,526,148,19,58,1,1,1
876,25,526,148,20,58,1,1,1
877,25,524,145,19,59,1,1,1
878,25,523,142,22,59,1,1,1
879,25,524,145,20,59,1,1,1
880,25,524,145,19,59,1,1,1
881,25,524,146,19,59,1,1,1
882,25,523,147,20,58,1,1,1
883,25,523,145,20,59,1,1,1
884,25,523,145,20,59,1,1,1
885,25,523,145,20,59,1,1,1
886,25,523,144,19,59,1,1,1
887,25,523,144,19,59,1,1,1
888,25,523,144,20,59,1,1,1
889,25,523,145,19,59,1,1,1
890,25,523,145,19,59,1,1,1
891,25,523,145,20,59,1,1,1
892,25,523,146,20,59,1,1,1
893,25,523,146,20,59,1,1,1
894,25,523,145,20,59,1,1,1
895,25,524,146,20,59,1,1,1
896,25,523,145,21,59,1,1,1
897,25,524,144,20,59,1,1,1
898,25,524,146,19,59,1,1,1
899,25,523,145,20,59,1,1,1
900,25,523,145,20,59,1,1,1
1,26,509,120,14,31,1,1,1
2,26,508,120,15,32,1,1,1
3,26,508,123,15,31,1,1,1
4,26,509,122,14,31,1,1,1
5,26,509,123,14,31,1,1,1
6,26,508,124,14,29,1,1,1
7,26,508,123,14,29,1,1,1
8,26,507,122,15,31,1,1,1
9,26,507,122,15,31,1,1,1
10,26,508,122,14,31,1,1,1
11,26,508,122,14,31,1,1,1
12,26,507,122,15,31,1,1,1
13,26,507,122,15,32,1,1,1
14,26,507,122,15,33,1,1,1
15,26,507,122,15,32,1,1,1
16,26,507,122,15,32,1,1,1
17,26,507,122,15,33,1,1,1
18,26,508,122,15,32,1,1,1
19,26,508,123,14,31,1,1,1
20,26,508,123,15,31,1,1,1
21,26,508,123,15,31,1,1,1
22,26,507,122,15,32,1,1,1
23,26,507,122,15,32,1,1,1
24,26,508,122,15,32,1,1,1
25,26,508,119,15,33,1,1,1
26,26,509,121,15,32,1,1,1
27,26,509,121,15,32,1,1,1
28,26,509,121,15,32,1,1,1
29,26,508,120,15,33,1,1,1
30,26,508,120,15,33,1,1,1
31,26,509,121,15,32,1,1,1
32,26,509,121,15,33,1,1,1
33,26,509,122,15,32,1,1,1
34,26,509,122,15,32,1,1,1
35,26,509,122,15,32,1,1,1
36,26,509,121,15,33,1,1,1
37,26,508,120,15,33,1,1,1
38,26,507,120,15,33,1,1,1
39,26,508,120,15,33,1,1,1
40,26,508,121,15,33,1,1,1
41,26,508,120,15,33,1,1,1
42,26,508,121,15,33,1,1,1
43,26,508,120,15,33,1,1,1
44,26,508,122,15,32,1,1,1
45,26,508,122,15,32,1,1,1
46,26,508,122,15,32,1,1,1
47,26,508,122,15,31,1,1,1
48,26,508,122,14,31,1,1,1
49,26,508,121,15,31,1,1,1
50,26,509,122,14,31,1,1,1
51,26,508,122,15,31,1,1,1
52,26,508,122,15,31,1,1,1
53,26,509,122,14,31,1,1,1
54,26,508,122,15,31,1,1,1
55,26,508,122,15,31,1,1,1
56,26,509,123,14,31,1,1,1
57,26,509,122,15,33,1,1,1
58,26,508,122,15,32,1,1,1
59,26,508,122,15,32,1,1,1
60,26,508,122,15,32,1,1,1
61,26,508,120,15,33,1,1,1
62,26,508,120,15,33,1,1,1
63,26,507,120,15,33,1,1,1
64,26,507,120,15,33,1,1,1
65,26,507,120,15,33,1,1,1
66,26,508,120,15,33,1,1,1
67,26,508,120,15,33,1,1,1
68,26,512,120,15,33,1,1,1
69,26,512,120,15,33,1,1,1
70,26,514,120,14,33,1,1,1
71,26,513,120,15,33,1,1,1
72,26,511,120,15,33,1,1,1
73,26,512,122,15,32,1,1,1
74,26,511,121,15,32,1,1,1
75,26,512,122,15,32,1,1,1
76,26,512,120,15,33,1,1,1
77,26,510,121,15,32,1,1,1
78,26,515,123,15,33,1,1,1
79,26,515,122,15,33,1,1,1
80,26,515,122,14,33,1,1,1
81,26,511,120,15,33,1,1,1
82,26,510,122,15,27,1,1,1
83,26,511,122,15,28,1,1,1
84,26,512,123,15,27,1,1,1
85,26,513,124,14,27,1,1,1
86,26,513,123,14,27,1,1,1
87,26,514,124,14,27,1,1,1
88,26,514,125,14,27,1,1,1
89,26,513,124,14,27,1,1,1
90,26,513,124,15,27,1,1,1
91,26,514,125,14,26,1,1,1
92,26,513,124,14,27,1,1,1
93,26,513,124,14,26,1,1,1
94,26,514,125,14,27,1,1,1
95,26,513,124,15,28,1,1,1
96,26,511,123,15,27,1,1,1
97,26,511,123,15,28,1,1,1
98,26,513,125,14,26,1,1,1
99,26,513,125,14,26,1,1,1
100,26,513,125,14,26,1,1,1
101,26,512,125,14,26,1,1,1
102,26,512,125,14,26,1,1,1
103,26,512,125,14,27,1,1,1
104,26,511,123,15,28,1,1,1
105,26,512,122,14,28,1,1,1
106,26,510,121,14,27,1,1,1
107,26,512,120,15,29,1,1,1
108,26,514,122,14,27,1,1,1
109,26,514,122,13,27,1,1,1
110,26,514,122,14,27,1,1,1
111,26,515,121,14,29,1,1,1
112,26,514,122,14,29,1,1,1
113,26,515,123,13,27,1,1,1
114,26,515,123,13,27,1,1,1
115,26,515,123,13,27,1,1,1
116,26,515,122,13,27,1,1,1
117,26,515,122,13,27,1,1,1
118,26,512,120,14,27,1,1,1
119,26,515,120,13,27,1,1,1
120,26,515,120,14,27,1,1,1
121,26,512,121,14,27,1,1,1
122,26,514,122,13,27,1,1,1
123,26,515,122,13,27,1,1,1
124,26,511,121,15,29,1,1,1
125,26,513,122,14,28,1,1,1
126,26,514,121,15,30,1,1,1
127,26,511,121,15,29,1,1,1
128,26,514,123,14,28,1,1,1
129,26,515,123,14,28,1,1,1
130,26,512,121,15,29,1,1,1
131,26,512,121,13,28,1,1,1
132,26,515,122,12,29,1,1,1
133,26,516,124,12,29,1,1,1
134,26,513,121,13,28,1,1,1
135,26,515,122,12,28,1,1,1
136,26,516,122,12,28,1,1,1
137,26,513,121,12,29,1,1,1
138,26,515,123,13,29,1,1,1
139,26,515,124,13,28,1,1,1
140,26,512,121,13,28,1,1,1
141,26,515,124,13,28,1,1,1
142,26,515,124,13,28,1,1,1
143,26,512,121,13,28,1,1,1
144,26,515,122,12,29,1,1,1
145,26,515,122,12,29,1,1,1
146,26,515,122,13,29,1,1,1
147,26,513,122,13,29,1,1,1
148,26,512,122,13,28,1,1,1
149,26,511,123,13,28,1,1,1
150,26,513,124,11,28,1,1,1
151,26,513,125,12,28,1,1,1
152,26,511,122,12,29,1,1,1
153,26,511,122,12,29,1,1,1
154,26,512,122,12,29,1,1,1
155,26,513,122,11,28,1,1,1
156,26,513,123,11,28,1,1,1
157,26,513,122,12,28,1,1,1
158,26,514,122,12,29,1,1,1
159,26,514,122,11,28,1,1,1
160,26,513,121,12,29,1,1,1
161,26,514,121,11,28,1,1,1
162,26,513,121,12,29,1,1,1
163,26,513,121,12,29,1,1,1
164,26,513,122,12,28,1,1,1
165,26,513,122,11,28,1,1,1
166,26,513,122,11,29,1,1,1
167,26,513,123,12,28,1,1,1
168,26,514,123,11,28,1,1,1
169,26,514,124,11,29,1,1,1
170,26,514,124,11,29,1,1,1
171,26,514,124,11,28,1,1,1
172,26,514,123,11,29,1,1,1
173,26,513,123,12,29,1,1,1
174,26,514,124,11,28,1,1,1
175,26,514,124,12,29,1,1,1
176,26,515,124,11,29,1,1,1
177,26,513,123,12,29,1,1,1
178,26,512,123,12,28,1,1,1
179,26,512,123,11,27,1,1,1
180,26,513,123,11,27,1,1,1
181,26,514,123,11,27,1,1,1
182,26,515,125,12,28,1,1,1
183,26,515,125,11,27,1,1,1
184,26,514,124,11,27,1,1,1
185,26,513,125,11,28,1,1,1
186,26,516,125,12,28,1,1,1
187,26,517,126,11,28,1,1,1
188,26,517,125,11,29,1,1,1
189,26,515,126,12,28,1,1,1
190,26,515,125,12,29,1,1,1
191,26,516,126,11,28,1,1,1
192,26,515,126,11,27,1,1,1
193,26,515,123,11,27,1,1,1
194,26,514,123,11,27,1,1,1
195,26,515,123,11,27,1,1,1
196,26,515,123,11,27,1,1,1
197,26,511,122,14,27,1,1,1
198,26,510,121,17,27,1,1,1
199,26,510,121,17,27,1,1,1
200,26,510,120,18,29,1,1,1
201,26,509,121,18,29,1,1,1
202,26,509,121,18,29,1,1,1
203,26,511,122,18,29,1,1,1
204,26,509,120,18,29,1,1,1
205,26,508,123,18,25,1,1,1
206,26,508,121,18,26,1,1,1
207,26,507,119,18,26,1,1,1
208,26,508,120,18,26,1,1,1
209,26,508,122,18,25,1,1,1
210,26,508,120,18,26,1,1,1
211,26,506,120,20,25,1,1,1
212,26,506,122,20,25,1,1,1
213,26,506,122,20,26,1,1,1
214,26,508,123,20,25,1,1,1
215,26,507,122,20,25,1,1,1
216,26,507,122,20,25,1,1,1
217,26,507,121,20,26,1,1,1
218,26,507,120,20,25,1,1,1
219,26,507,122,20,25,1,1,1
220,26,506,122,20,25,1,1,1
221,26,507,122,20,26,1,1,1
222,26,506,122,20,26,1,1,1
223,26,507,120,20,27,1,1,1
224,26,506,121,20,26,1,1,1
225,26,506,121,20,26,1,1,1
226,26,506,121,20,26,1,1,1
227,26,508,122,20,26,1,1,1
228,26,509,122,20,26,1,1,1
229,26,506,122,20,26,1,1,1
230,26,506,122,20,26,1,1,1
231,26,506,121,20,26,1,1,1
232,26,506,122,20,26,1,1,1
233,26,505,123,20,26,1,1,1
234,26,505,123,20,26,1,1,1
235,26,506,121,20,26,1,1,1
236,26,506,122,20,26,1,1,1
237,26,505,121,20,26,1,1,1
238,26,505,121,20,26,1,1,1
239,26,505,121,20,26,1,1,1
240,26,504,121,20,26,1,1,1
241,26,504,122,17,26,1,1,1
242,26,505,122,17,26,1,1,1
243,26,506,123,17,26,1,1,1
244,26,506,124,17,26,1,1,1
245,26,506,124,17,26,1,1,1
246,26,506,123,17,26,1,1,1
247,26,505,123,17,26,1,1,1
248,26,505,124,17,26,1,1,1
249,26,505,124,17,26,1,1,1
250,26,504,122,16,26,1,1,1
251,26,506,123,16,26,1,1,1
252,26,505,123,16,26,1,1,1
253,26,505,123,16,25,1,1,1
254,26,506,123,15,25,1,1,1
255,26,505,123,16,26,1,1,1
256,26,504,123,16,27,1,1,1
257,26,505,124,16,26,1,1,1
258,26,504,123,16,26,1,1,1
259,26,504,119,14,26,1,1,1
260,26,505,120,14,26,1,1,1
261,26,504,121,15,27,1,1,1
262,26,505,119,15,27,1,1,1
263,26,505,121,15,27,1,1,1
264,26,504,120,15,27,1,1,1
265,26,504,121,15,27,1,1,1
266,26,504,121,15,27,1,1,1
267,26,501,119,17,27,1,1,1
268,26,502,121,17,27,1,1,1
269,26,502,121,18,29,1,1,1
270,26,502,121,17,28,1,1,1
271,26,502,121,17,28,1,1,1
272,26,502,121,17,28,1,1,1
273,26,502,121,17,27,1,1,1
274,26,502,122,17,27,1,1,1
275,26,503,121,17,27,1,1,1
276,26,503,121,17,28,1,1,1
277,26,503,120,12,27,1,1,1
278,26,503,118,12,27,1,1,1
279,26,504,120,12,27,1,1,1
280,26,503,120,12,27,1,1,1
281,26,503,120,12,27,1,1,1
282,26,498,119,17,28,1,1,1
283,26,497,117,17,29,1,1,1
284,26,496,118,18,28,1,1,1
285,26,496,119,17,27,1,1,1
286,26,497,120,15,27,1,1,1
287,26,496,119,15,28,1,1,1
288,26,495,119,16,27,1,1,1
289,26,495,118,17,29,1,1,1
290,26,493,115,18,32,1,1,1
291,26,494,116,18,32,1,1,1
292,26,494,116,15,32,1,1,1
293,26,493,115,15,32,1,1,1
294,26,492,115,15,32,1,1,1
295,26,492,115,15,32,1,1,1
296,26,493,114,12,32,1,1,1
297,26,492,116,12,32,1,1,1
298,26,489,115,14,32,1,1,1
299,26,488,116,14,32,1,1,1
300,26,488,116,14,32,1,1,1
301,26,484,114,16,33,1,1,1
302,26,484,114,16,33,1,1,1
303,26,483,115,16,32,1,1,1
304,26,481,115,16,33,1,1,1
305,26,480,114,16,32,1,1,1
306,26,478,114,17,32,1,1,1
307,26,478,114,17,32,1,1,1
308,26,478,115,17,32,1,1,1
309,26,477,115,17,33,1,1,1
310,26,477,115,16,33,1,1,1
311,26,477,115,16,32,1,1,1
312,26,477,115,16,33,1,1,1
313,26,477,115,18,34,1,1,1
314,26,476,115,18,34,1,1,1
315,26,474,114,17,34,1,1,1
316,26,472,113,18,34,1,1,1
317,26,474,114,15,30,1,1,1
318,26,472,114,15,29,1,1,1
319,26,468,115,15,30,1,1,1
320,26,468,116,15,29,1,1,1
321,26,468,116,15,29,1,1,1
322,26,467,116,15,30,1,1,1
323,26,468,116,15,29,1,1,1
324,26,467,116,15,30,1,1,1
325,26,468,114,15,29,1,1,1
326,26,467,114,15,29,1,1,1
327,26,467,115,16,31,1,1,1
328,26,467,117,15,30,1,1,1
329,26,467,116,16,31,1,1,1
330,26,466,116,16,31,1,1,1
331,26,467,115,15,31,1,1,1
332,26,467,115,16,31,1,1,1
333,26,466,117,16,31,1,1,1
334,26,466,114,16,31,1,1,1
335,26,467,113,15,30,1,1,1
336,26,466,117,15,29,1,1,1
337,26,469,116,15,29,1,1,1
338,26,469,116,15,29,1,1,1
339,26,468,116,15,30,1,1,1
340,26,468,116,15,29,1,1,1
341,26,468,116,15,30,1,1,1
342,26,469,116,15,30,1,1,1
343,26,469,116,15,29,1,1,1
344,26,465,116,15,30,1,1,1
345,26,465,117,15,29,1,1,1
346,26,466,116,15,30,1,1,1
347,26,465,116,15,29,1,1,1
348,26,466,117,15,29,1,1,1
349,26,466,118,15,29,1,1,1
350,26,465,118,14,28,1,1,1
351,26,466,119,15,28,1,1,1
352,26,466,119,15,28,1,1,1
353,26,463,118,15,28,1,1,1
354,26,465,119,14,28,1,1,1
355,26,465,119,14,28,1,1,1
356,26,465,119,14,28,1,1,1
357,26,464,119,15,28,1,1,1
358,26,464,119,14,27,1,1,1
359,26,462,118,14,27,1,1,1
360,26,463,119,14,27,1,1,1
361,26,464,121,14,27,1,1,1
362,26,463,121,14,26,1,1,1
363,26,464,121,13,26,1,1,1
364,26,461,118,14,27,1,1,1
365,26,463,119,13,27,1,1,1
366,26,463,121,13,25,1,1,1
367,26,462,120,13,26,1,1,1
368,26,460,119,13,25,1,1,1
369,26,461,119,13,26,1,1,1
370,26,461,120,13,26,1,1,1
371,26,461,122,12,25,1,1,1
372,26,459,118,12,30,1,1,1
373,26,459,116,12,31,1,1,1
374,26,459,118,12,31,1,1,1
375,26,459,117,12,32,1,1,1
376,26,461,117,12,33,1,1,1
377,26,458,111,14,38,1,1,1
378,26,458,111,14,38,1,1,1
379,26,458,110,14,38,1,1,1
380,26,457,110,14,38,1,1,1
381,26,457,111,14,38,1,1,1
382,26,459,110,14,38,1,1,1
383,26,459,113,14,38,1,1,1
384,26,458,112,15,38,1,1,1
385,26,459,114,13,36,1,1,1
386,26,459,113,13,36,1,1,1
387,26,458,114,14,36,1,1,1
388,26,457,110,14,36,1,1,1
389,26,457,111,13,36,1,1,1
390,26,457,111,14,38,1,1,1
391,26,457,111,14,38,1,1,1
392,26,457,110,14,38,1,1,1
393,26,457,110,14,38,1,1,1
394,26,457,109,14,38,1,1,1
395,26,455,110,14,38,1,1,1
396,26,456,109,14,38,1,1,1
397,26,456,108,14,38,1,1,1
398,26,456,107,14,40,1,1,1
399,26,456,107,14,40,1,1,1
400,26,455,107,15,40,1,1,1
401,26,455,108,15,40,1,1,1
402,26,456,109,14,38,1,1,1
403,26,456,109,14,38,1,1,1
404,26,456,108,14,38,1,1,1
405,26,456,108,14,37,1,1,1
406,26,456,108,14,38,1,1,1
407,26,456,107,14,40,1,1,1
408,26,456,107,14,40,1,1,1
409,26,456,107,15,40,1,1,1
410,26,456,107,15,40,1,1,1
411,26,456,107,15,40,1,1,1
412,26,456,108,15,40,1,1,1
413,26,456,109,14,38,1,1,1
414,26,456,109,14,38,1,1,1
415,26,456,112,14,38,1,1,1
416,26,457,113,14,37,1,1,1
417,26,457,114,14,36,1,1,1
418,26,457,114,14,36,1,1,1
419,26,457,113,14,38,1,1,1
420,26,457,113,14,38,1,1,1
421,26,457,113,14,37,1,1,1
422,26,457,113,14,37,1,1,1
423,26,457,113,15,38,1,1,1
424,26,457,113,14,37,1,1,1
425,26,456,113,14,37,1,1,1
426,26,456,113,14,37,1,1,1
427,26,456,113,14,38,1,1,1
428,26,456,113,14,37,1,1,1
429,26,457,113,14,38,1,1,1
430,26,457,113,14,37,1,1,1
431,26,457,113,14,38,1,1,1
432,26,457,113,14,37,1,1,1
433,26,457,113,14,38,1,1,1
434,26,457,113,14,37,1,1,1
435,26,457,113,14,38,1,1,1
436,26,456,113,14,37,1,1,1
437,26,456,113,14,38,1,1,1
438,26,456,113,14,38,1,1,1
439,26,456,114,14,37,1,1,1
440,26,457,114,14,37,1,1,1
441,26,457,113,14,38,1,1,1
442,26,457,114,15,37,1,1,1
443,26,457,114,15,37,1,1,1
444,26,457,114,15,38,1,1,1
445,26,458,114,14,38,1,1,1
446,26,458,114,14,38,1,1,1
447,26,459,114,14,37,1,1,1
448,26,459,115,13,36,1,1,1
449,26,459,116,13,36,1,1,1
450,26,459,115,13,36,1,1,1
451,26,459,115,14,36,1,1,1
452,26,460,115,13,36,1,1,1
453,26,459,116,14,36,1,1,1
454,26,460,116,13,36,1,1,1
455,26,460,116,13,36,1,1,1
456,26,460,117,13,36,1,1,1
457,26,459,117,14,36,1,1,1
458,26,459,118,14,36,1,1,1
459,26,456,115,14,36,1,1,1
460,26,455,116,14,36,1,1,1
461,26,455,116,13,36,1,1,1
462,26,456,114,14,36,1,1,1
463,26,458,113,14,36,1,1,1
464,26,457,114,13,36,1,1,1
465,26,457,114,13,36,1,1,1
466,26,457,114,13,36,1,1,1
467,26,456,114,13,37,1,1,1
468,26,457,113,13,37,1,1,1
469,26,456,113,14,37,1,1,1
470,26,456,113,13,37,1,1,1
471,26,455,114,14,36,1,1,1
472,26,455,114,14,37,1,1,1
473,26,455,115,13,36,1,1,1
474,26,455,116,13,35,1,1,1
475,26,456,115,13,35,1,1,1
476,26,455,115,13,35,1,1,1
477,26,455,115,13,35,1,1,1
478,26,455,117,13,35,1,1,1
479,26,457,115,13,35,1,1,1
480,26,456,116,13,35,1,1,1
481,26,456,118,13,35,1,1,1
482,26,456,118,12,34,1,1,1
483,26,456,118,13,33,1,1,1
484,26,455,118,13,34,1,1,1
485,26,455,118,12,34,1,1,1
486,26,455,118,12,34,1,1,1
487,26,455,118,12,34,1,1,1
488,26,455,119,12,34,1,1,1
489,26,455,119,13,33,1,1,1
490,26,455,118,13,35,1,1,1
491,26,455,119,13,35,1,1,1
492,26,455,119,13,35,1,1,1
493,26,455,119,13,35,1,1,1
494,26,456,114,13,36,1,1,1
495,26,455,116,13,36,1,1,1
496,26,455,116,13,36,1,1,1
497,26,456,116,13,35,1,1,1
498,26,456,116,13,36,1,1,1
499,26,456,118,13,35,1,1,1
500,26,457,117,13,36,1,1,1
501,26,457,118,13,35,1,1,1
502,26,457,113,13,37,1,1,1
503,26,456,114,13,37,1,1,1
504,26,457,114,13,37,1,1,1
505,26,457,114,13,37,1,1,1
506,26,457,114,13,36,1,1,1
507,26,457,114,13,37,1,1,1
508,26,457,115,13,36,1,1,1
509,26,458,115,13,36,1,1,1
510,26,458,115,13,36,1,1,1
511,26,457,115,13,37,1,1,1
512,26,457,116,13,37,1,1,1
513,26,457,116,13,36,1,1,1
514,26,458,115,13,37,1,1,1
515,26,458,116,13,36,1,1,1
516,26,457,116,13,36,1,1,1
517,26,459,116,13,37,1,1,1
518,26,458,116,13,37,1,1,1
519,26,458,116,13,37,1,1,1
520,26,459,117,13,36,1,1,1
521,26,458,117,13,36,1,1,1
522,26,458,116,13,37,1,1,1
523,26,459,116,13,37,1,1,1
524,26,459,116,13,37,1,1,1
525,26,457,117,13,36,1,1,1
526,26,457,117,13,36,1,1,1
527,26,457,117,13,36,1,1,1
528,26,457,116,13,37,1,1,1
529,26,459,116,11,34,1,1,1
530,26,459,117,11,34,1,1,1
531,26,458,118,11,34,1,1,1
532,26,458,118,11,34,1,1,1
533,26,459,119,11,34,1,1,1
534,26,459,118,11,34,1,1,1
535,26,459,118,11,34,1,1,1
536,26,458,119,11,34,1,1,1
537,26,458,119,11,34,1,1,1
538,26,460,116,12,34,1,1,1
539,26,459,118,11,30,1,1,1
540,26,459,117,12,31,1,1,1
541,26,458,117,11,33,1,1,1
542,26,458,118,11,33,1,1,1
543,26,457,119,12,32,1,1,1
544,26,458,119,11,32,1,1,1
545,26,458,119,11,32,1,1,1
546,26,457,118,12,33,1,1,1
547,26,458,119,11,32,1,1,1
548,26,458,119,11,33,1,1,1
549,26,457,119,12,33,1,1,1
550,26,458,120,11,32,1,1,1
551,26,457,119,12,33,1,1,1
552,26,457,119,12,33,1,1,1
553,26,458,120,12,32,1,1,1
554,26,458,119,11,33,1,1,1
555,26,458,119,12,33,1,1,1
556,26,458,120,11,32,1,1,1
557,26,459,119,11,33,1,1,1
558,26,459,120,11,33,1,1,1
559,26,459,120,11,32,1,1,1
560,26,459,120,12,30,1,1,1
561,26,459,121,12,29,1,1,1
562,26,459,121,12,29,1,1,1
563,26,459,122,12,29,1,1,1
564,26,459,122,12,29,1,1,1
565,26,458,122,12,29,1,1,1
566,26,458,122,12,29,1,1,1
567,26,458,122,12,29,1,1,1
568,26,458,122,12,29,1,1,1
569,26,458,121,12,31,1,1,1
570,26,458,122,12,30,1,1,1
571,26,458,122,13,30,1,1,1
572,26,458,122,13,30,1,1,1
573,26,458,122,12,30,1,1,1
574,26,457,121,13,31,1,1,1
575,26,457,122,13,31,1,1,1
576,26,457,121,14,28,1,1,1
577,26,456,119,15,31,1,1,1
578,26,458,117,13,33,1,1,1
579,26,458,116,13,34,1,1,1
580,26,458,115,13,35,1,1,1
581,26,457,115,13,35,1,1,1
582,26,458,114,13,35,1,1,1
583,26,458,115,13,34,1,1,1
584,26,458,115,13,35,1,1,1
585,26,457,115,13,35,1,1,1
586,26,457,115,13,34,1,1,1
587,26,457,116,13,34,1,1,1
588,26,457,116,13,35,1,1,1
589,26,457,116,13,35,1,1,1
590,26,457,115,13,34,1,1,1
591,26,457,115,13,35,1,1,1
592,26,456,115,13,35,1,1,1
593,26,457,115,13,34,1,1,1
594,26,457,115,13,35,1,1,1
595,26,457,116,13,34,1,1,1
596,26,457,115,13,35,1,1,1
597,26,457,114,13,35,1,1,1
598,26,456,114,14,35,1,1,1
599,26,457,114,13,35,1,1,1
600,26,457,114,12,35,1,1,1
601,26,456,116,14,34,1,1,1
602,26,456,116,14,34,1,1,1
603,26,456,116,14,34,1,1,1
604,26,456,115,15,34,1,1,1
605,26,456,116,14,34,1,1,1
606,26,456,115,14,34,1,1,1
607,26,456,114,14,34,1,1,1
608,26,455,115,15,34,1,1,1
609,26,455,116,15,34,1,1,1
610,26,455,116,15,34,1,1,1
611,26,455,116,15,34,1,1,1
612,26,456,114,14,34,1,1,1
613,26,456,114,14,34,1,1,1
614,26,456,116,14,31,1,1,1
615,26,456,117,15,31,1,1,1
616,26,456,117,15,32,1,1,1
617,26,455,115,14,31,1,1,1
618,26,456,116,14,31,1,1,1
619,26,456,115,15,32,1,1,1
620,26,453,115,15,31,1,1,1
621,26,455,118,15,31,1,1,1
622,26,456,118,14,31,1,1,1
623,26,454,116,14,32,1,1,1
624,26,456,118,14,31,1,1,1
625,26,455,118,15,31,1,1,1
626,26,456,119,14,30,1,1,1
627,26,455,118,15,31,1,1,1
628,26,455,118,15,31,1,1,1
629,26,452,117,15,32,1,1,1
630,26,455,118,15,31,1,1,1
631,26,455,118,14,32,1,1,1
632,26,455,119,15,31,1,1,1
633,26,456,119,14,31,1,1,1
634,26,456,120,14,32,1,1,1
635,26,453,120,12,28,1,1,1
636,26,456,120,12,28,1,1,1
637,26,457,123,11,27,1,1,1
638,26,452,119,12,28,1,1,1
639,26,455,119,12,28,1,1,1
640,26,452,118,12,29,1,1,1
641,26,455,118,13,30,1,1,1
642,26,456,118,12,29,1,1,1
643,26,451,117,13,29,1,1,1
644,26,454,118,13,30,1,1,1
645,26,450,118,12,29,1,1,1
646,26,451,119,13,30,1,1,1
647,26,451,120,12,29,1,1,1
648,26,452,121,13,29,1,1,1
649,26,448,118,15,32,1,1,1
650,26,450,120,15,31,1,1,1
651,26,449,120,15,31,1,1,1
652,26,449,120,15,32,1,1,1
653,26,449,120,14,29,1,1,1
654,26,450,121,14,30,1,1,1
655,26,449,120,14,30,1,1,1
656,26,448,118,15,32,1,1,1
657,26,449,118,15,32,1,1,1
658,26,448,118,16,33,1,1,1
659,26,449,118,16,33,1,1,1
660,26,449,116,13,34,1,1,1
661,26,448,116,14,34,1,1,1
662,26,449,117,14,34,1,1,1
663,26,449,116,14,36,1,1,1
664,26,447,116,15,34,1,1,1
665,26,449,117,14,34,1,1,1
666,26,448,120,12,31,1,1,1
667,26,448,117,12,31,1,1,1
668,26,449,118,12,31,1,1,1
669,26,449,118,11,31,1,1,1
670,26,449,118,11,31,1,1,1
671,26,448,118,12,31,1,1,1
672,26,448,119,12,31,1,1,1
673,26,448,119,12,31,1,1,1
674,26,448,119,11,31,1,1,1
675,26,445,118,14,31,1,1,1
676,26,446,119,14,31,1,1,1
677,26,446,120,14,31,1,1,1
678,26,444,118,14,31,1,1,1
679,26,444,120,14,31,1,1,1
680,26,444,120,14,31,1,1,1
681,26,443,118,14,31,1,1,1
682,26,443,118,14,31,1,1,1
683,26,443,119,14,31,1,1,1
684,26,443,119,14,31,1,1,1
685,26,443,120,14,31,1,1,1
686,26,442,120,14,31,1,1,1
687,26,439,117,14,32,1,1,1
688,26,439,118,15,32,1,1,1
689,26,440,118,15,33,1,1,1
690,26,437,115,15,32,1,1,1
691,26,439,116,14,32,1,1,1
692,26,439,117,15,32,1,1,1
693,26,436,116,15,32,1,1,1
694,26,438,118,15,32,1,1,1
695,26,437,116,15,32,1,1,1
696,26,438,118,15,32,1,1,1
697,26,439,118,14,33,1,1,1
698,26,439,117,14,33,1,1,1
699,26,439,119,15,32,1,1,1
700,26,439,119,14,33,1,1,1
701,26,436,118,15,33,1,1,1
702,26,438,118,15,33,1,1,1
703,26,438,118,15,33,1,1,1
704,26,435,118,15,32,1,1,1
705,26,437,119,15,32,1,1,1
706,26,438,118,15,33,1,1,1
707,26,438,119,15,32,1,1,1
708,26,438,119,15,32,1,1,1
709,26,438,120,15,32,1,1,1
710,26,437,119,16,34,1,1,1
711,26,437,118,17,35,1,1,1
712,26,438,119,15,34,1,1,1
713,26,439,119,15,34,1,1,1
714,26,438,118,16,36,1,1,1
715,26,438,118,16,35,1,1,1
716,26,439,116,16,36,1,1,1
717,26,440,117,16,36,1,1,1
718,26,440,117,16,35,1,1,1
719,26,440,118,16,35,1,1,1
720,26,440,117,16,35,1,1,1
721,26,441,119,16,35,1,1,1
722,26,441,119,17,37,1,1,1
723,26,441,118,16,37,1,1,1
724,26,442,119,15,36,1,1,1
725,26,440,119,16,37,1,1,1
726,26,440,118,14,33,1,1,1
727,26,441,118,13,29,1,1,1
728,26,440,114,14,33,1,1,1
729,26,440,114,14,34,1,1,1
730,26,440,115,14,33,1,1,1
731,26,440,115,14,33,1,1,1
732,26,440,117,14,33,1,1,1
733,26,440,115,14,34,1,1,1
734,26,440,116,14,34,1,1,1
735,26,440,117,13,32,1,1,1
736,26,443,116,13,32,1,1,1
737,26,442,118,14,32,1,1,1
738,26,442,117,13,31,1,1,1
739,26,442,117,14,34,1,1,1
740,26,442,117,14,33,1,1,1
741,26,444,117,14,34,1,1,1
742,26,444,118,14,34,1,1,1
743,26,445,118,14,34,1,1,1
744,26,445,118,14,34,1,1,1
745,26,445,116,14,34,1,1,1
746,26,446,117,14,34,1,1,1
747,26,446,117,14,34,1,1,1
748,26,446,117,14,34,1,1,1
749,26,446,118,14,33,1,1,1
750,26,446,118,14,33,1,1,1
751,26,446,119,14,33,1,1,1
752,26,446,117,14,34,1,1,1
753,26,446,116,14,34,1,1,1
754,26,447,117,15,34,1,1,1
755,26,448,117,14,34,1,1,1
756,26,448,118,14,34,1,1,1
757,26,448,119,14,34,1,1,1
758,26,447,117,15,33,1,1,1
759,26,448,119,14,33,1,1,1
760,26,449,121,13,32,1,1,1
761,26,449,120,14,32,1,1,1
762,26,449,118,13,32,1,1,1
763,26,449,117,13,33,1,1,1
764,26,450,118,13,32,1,1,1
765,26,449,117,13,33,1,1,1
766,26,451,119,13,32,1,1,1
767,26,450,117,13,32,1,1,1
768,26,452,118,13,32,1,1,1
769,26,453,118,13,32,1,1,1
770,26,450,118,13,32,1,1,1
771,26,451,117,13,32,1,1,1
772,26,451,118,13,32,1,1,1
773,26,451,117,13,33,1,1,1
774,26,451,117,13,33,1,1,1
775,26,451,116,13,34,1,1,1
776,26,451,116,13,34,1,1,1
777,26,451,116,14,34,1,1,1
778,26,452,116,13,34,1,1,1
779,26,452,116,14,34,1,1,1
780,26,453,116,13,34,1,1,1
781,26,453,117,13,33,1,1,1
782,26,453,117,13,32,1,1,1
783,26,453,116,13,33,1,1,1
784,26,453,115,13,32,1,1,1
785,26,453,116,14,33,1,1,1
786,26,452,117,14,34,1,1,1
787,26,453,118,14,29,1,1,1
788,26,453,117,14,29,1,1,1
789,26,454,117,13,29,1,1,1
790,26,454,117,14,29,1,1,1
791,26,454,117,14,29,1,1,1
792,26,454,117,14,29,1,1,1
793,26,454,120,13,29,1,1,1
794,26,454,117,13,29,1,1,1
795,26,454,119,13,30,1,1,1
796,26,454,119,13,29,1,1,1
797,26,454,120,13,29,1,1,1
798,26,454,117,13,29,1,1,1
799,26,455,119,13,29,1,1,1
800,26,454,119,13,29,1,1,1
801,26,454,118,13,30,1,1,1
802,26,455,119,13,30,1,1,1
803,26,454,120,13,30,1,1,1
804,26,454,118,14,31,1,1,1
805,26,454,119,14,31,1,1,1
806,26,455,119,13,31,1,1,1
807,26,454,118,14,32,1,1,1
808,26,454,119,14,32,1,1,1
809,26,453,120,14,33,1,1,1
810,26,454,118,14,30,1,1,1
811,26,454,120,14,30,1,1,1
812,26,454,120,13,28,1,1,1
813,26,454,118,14,28,1,1,1
814,26,455,119,13,28,1,1,1
815,26,454,120,14,28,1,1,1
816,26,455,118,12,30,1,1,1
817,26,455,118,12,31,1,1,1
818,26,455,119,12,30,1,1,1
819,26,455,118,11,31,1,1,1
820,26,455,119,11,30,1,1,1
821,26,455,119,12,30,1,1,1
822,26,455,119,12,31,1,1,1
823,26,455,119,12,31,1,1,1
824,26,455,118,12,32,1,1,1
825,26,455,119,12,32,1,1,1
826,26,455,119,12,32,1,1,1
827,26,455,119,12,31,1,1,1
828,26,455,118,12,32,1,1,1
829,26,456,119,12,31,1,1,1
830,26,456,119,12,31,1,1,1
831,26,455,119,12,31,1,1,1
832,26,455,119,12,31,1,1,1
833,26,456,119,12,31,1,1,1
834,26,456,118,12,32,1,1,1
835,26,456,118,12,32,1,1,1
836,26,456,118,12,32,1,1,1
837,26,456,119,12,31,1,1,1
838,26,456,119,12,32,1,1,1
839,26,456,120,12,31,1,1,1
840,26,456,119,12,31,1,1,1
841,26,456,119,12,31,1,1,1
842,26,457,119,12,31,1,1,1
843,26,456,119,12,31,1,1,1
844,26,457,119,12,31,1,1,1
845,26,456,119,12,31,1,1,1
846,26,457,119,12,31,1,1,1
847,26,456,119,12,31,1,1,1
848,26,457,119,12,32,1,1,1
849,26,457,120,11,30,1,1,1
850,26,457,120,11,30,1,1,1
851,26,458,120,11,30,1,1,1
852,26,458,121,11,30,1,1,1
853,26,458,120,11,30,1,1,1
854,26,458,120,11,30,1,1,1
855,26,458,120,11,30,1,1,1
856,26,458,120,11,30,1,1,1
857,26,458,120,11,30,1,1,1
858,26,458,120,11,30,1,1,1
859,26,458,119,11,30,1,1,1
860,26,458,119,11,30,1,1,1
861,26,458,120,11,30,1,1,1
862,26,458,118,11,32,1,1,1
863,26,457,119,12,33,1,1,1
864,26,457,119,12,33,1,1,1
865,26,456,119,13,33,1,1,1
866,26,456,119,12,33,1,1,1
867,26,456,119,13,33,1,1,1
868,26,457,119,12,33,1,1,1
869,26,457,119,12,33,1,1,1
870,26,456,119,13,33,1,1,1
871,26,457,119,12,33,1,1,1
872,26,456,118,12,32,1,1,1
873,26,456,117,12,32,1,1,1
874,26,456,118,13,30,1,1,1
875,26,456,117,12,33,1,1,1
876,26,456,116,12,33,1,1,1
877,26,456,117,13,32,1,1,1
878,26,456,118,12,31,1,1,1
879,26,456,116,12,35,1,1,1
880,26,456,118,13,32,1,1,1
881,26,456,119,12,31,1,1,1
882,26,456,119,12,30,1,1,1
883,26,456,123,12,27,1,1,1
884,26,456,123,12,33,1,1,1
885,26,456,122,13,35,1,1,1
886,26,456,121,13,35,1,1,1
887,26,457,123,12,33,1,1,1
888,26,456,120,13,30,1,1,1
889,26,456,116,11,34,1,1,1
890,26,456,116,12,35,1,1,1
891,26,457,117,11,35,1,1,1
892,26,456,117,12,36,1,1,1
893,26,456,116,12,36,1,1,1
894,26,456,117,12,36,1,1,1
895,26,456,116,12,36,1,1,1
896,26,456,117,12,36,1,1,1
897,26,456,117,12,36,1,1,1
898,26,456,116,12,36,1,1,1
899,26,456,116,12,36,1,1,1
900,26,456,116,12,36,1,1,1
1,27,422,127,9,19,1,1,1
2,27,421,127,10,22,1,1,1
3,27,421,127,10,22,1,1,1
4,27,421,127,10,22,1,1,1
5,27,421,127,10,22,1,1,1
6,27,421,127,10,22,1,1,1
7,27,421,127,10,22,1,1,1
8,27,421,126,10,22,1,1,1
9,27,421,127,10,22,1,1,1
10,27,421,127,10,22,1,1,1
11,27,420,127,10,22,1,1,1
12,27,421,127,10,22,1,1,1
13,27,421,127,10,22,1,1,1
14,27,420,127,10,22,1,1,1
15,27,421,127,10,22,1,1,1
16,27,421,129,10,20,1,1,1
17,27,421,127,10,22,1,1,1
18,27,422,127,10,22,1,1,1
19,27,422,127,10,22,1,1,1
20,27,423,129,10,22,1,1,1
21,27,422,126,10,22,1,1,1
22,27,422,126,10,22,1,1,1
23,27,422,126,10,22,1,1,1
24,27,421,126,10,22,1,1,1
25,27,421,126,10,22,1,1,1
26,27,421,126,10,22,1,1,1
27,27,421,126,10,22,1,1,1
28,27,422,126,9,21,1,1,1
29,27,422,127,9,20,1,1,1
30,27,422,127,9,20,1,1,1
31,27,423,127,9,20,1,1,1
32,27,422,127,9,20,1,1,1
33,27,423,126,9,21,1,1,1
34,27,422,126,10,21,1,1,1
35,27,421,127,10,20,1,1,1
36,27,422,127,10,20,1,1,1
37,27,421,127,10,20,1,1,1
38,27,421,127,10,20,1,1,1
39,27,423,127,10,21,1,1,1
40,27,421,126,10,21,1,1,1
41,27,421,126,10,21,1,1,1
42,27,421,127,10,20,1,1,1
43,27,421,127,10,20,1,1,1
44,27,421,126,10,21,1,1,1
45,27,421,127,10,20,1,1,1
46,27,421,127,10,21,1,1,1
47,27,420,127,10,20,1,1,1
48,27,420,127,10,20,1,1,1
49,27,420,127,10,21,1,1,1
50,27,420,127,10,21,1,1,1
51,27,420,127,10,21,1,1,1
52,27,420,127,10,20,1,1,1
53,27,420,126,10,21,1,1,1
54,27,420,126,10,21,1,1,1
55,27,420,127,10,20,1,1,1
56,27,420,126,10,21,1,1,1
57,27,420,127,10,20,1,1,1
58,27,417,127,11,21,1,1,1
59,27,418,127,11,21,1,1,1
60,27,417,128,11,20,1,1,1
61,27,416,128,12,20,1,1,1
62,27,416,128,12,20,1,1,1
63,27,416,128,12,20,1,1,1
64,27,416,128,11,20,1,1,1
65,27,416,128,11,20,1,1,1
66,27,416,128,11,20,1,1,1
67,27,416,128,11,20,1,1,1
68,27,416,128,11,20,1,1,1
69,27,415,128,12,20,1,1,1
70,27,415,128,11,20,1,1,1
71,27,414,128,12,20,1,1,1
72,27,414,128,12,20,1,1,1
73,27,415,128,12,20,1,1,1
74,27,415,127,10,20,1,1,1
75,27,415,128,11,20,1,1,1
76,27,414,128,11,20,1,1,1
77,27,415,128,11,20,1,1,1
78,27,414,128,11,20,1,1,1
79,27,414,128,11,20,1,1,1
80,27,414,128,11,20,1,1,1
81,27,414,128,11,20,1,1,1
82,27,413,128,11,20,1,1,1
83,27,413,128,10,20,1,1,1
84,27,413,127,11,20,1,1,1
85,27,413,128,10,20,1,1,1
86,27,413,128,10,20,1,1,1
87,27,412,129,11,20,1,1,1
88,27,412,129,11,20,1,1,1
89,27,413,129,11,20,1,1,1
90,27,413,128,10,20,1,1,1
91,27,412,128,11,20,1,1,1
92,27,413,128,10,20,1,1,1
93,27,415,128,10,20,1,1,1
94,27,415,128,11,20,1,1,1
95,27,414,128,12,21,1,1,1
96,27,415,128,11,21,1,1,1
97,27,415,128,11,21,1,1,1
98,27,415,128,11,21,1,1,1
99,27,415,128,11,21,1,1,1
100,27,415,129,11,21,1,1,1
101,27,416,128,11,21,1,1,1
102,27,416,128,11,21,1,1,1
103,27,416,128,11,21,1,1,1
104,27,415,128,11,22,1,1,1
105,27,414,128,11,22,1,1,1
106,27,414,127,10,22,1,1,1
107,27,415,126,11,22,1,1,1
108,27,415,126,11,22,1,1,1
109,27,416,126,10,22,1,1,1
110,27,415,126,11,22,1,1,1
111,27,415,126,10,23,1,1,1
112,27,416,126,10,23,1,1,1
113,27,417,126,10,23,1,1,1
114,27,416,125,10,23,1,1,1
115,27,415,126,11,23,1,1,1
116,27,415,127,11,22,1,1,1
117,27,415,127,12,22,1,1,1
118,27,415,127,12,22,1,1,1
119,27,415,127,12,22,1,1,1
120,27,415,127,12,22,1,1,1
121,27,415,127,12,22,1,1,1
122,27,415,127,12,22,1,1,1
123,27,416,127,12,22,1,1,1
124,27,416,128,12,22,1,1,1
125,27,416,128,12,22,1,1,1
126,27,416,128,12,22,1,1,1
127,27,416,128,12,22,1,1,1
128,27,416,130,12,22,1,1,1
129,27,416,128,11,21,1,1,1
130,27,416,128,11,21,1,1,1
131,27,416,128,11,21,1,1,1
132,27,416,128,11,21,1,1,1
133,27,416,127,11,22,1,1,1
134,27,417,128,10,20,1,1,1
135,27,416,127,11,21,1,1,1
136,27,416,130,11,20,1,1,1
137,27,417,129,10,20,1,1,1
138,27,416,128,11,22,1,1,1
139,27,416,128,11,22,1,1,1
140,27,417,127,11,22,1,1,1
141,27,417,128,11,21,1,1,1
142,27,417,128,11,21,1,1,1
143,27,418,127,11,23,1,1,1
144,27,417,128,12,22,1,1,1
145,27,418,127,9,22,1,1,1
146,27,419,127,9,22,1,1,1
147,27,419,127,10,22,1,1,1
148,27,419,128,9,22,1,1,1
149,27,419,127,9,22,1,1,1
150,27,419,127,9,22,1,1,1
151,27,419,128,9,22,1,1,1
152,27,418,127,11,22,1,1,1
153,27,417,128,11,22,1,1,1
154,27,419,127,10,22,1,1,1
155,27,419,127,10,22,1,1,1
156,27,418,127,10,22,1,1,1
157,27,419,128,10,22,1,1,1
158,27,419,127,10,22,1,1,1
159,27,419,127,10,22,1,1,1
160,27,419,128,10,22,1,1,1
161,27,419,127,10,22,1,1,1
162,27,419,127,10,22,1,1,1
163,27,417,129,11,22,1,1,1
164,27,418,129,10,21,1,1,1
165,27,417,129,11,22,1,1,1
166,27,417,129,11,21,1,1,1
167,27,418,129,10,21,1,1,1
168,27,417,129,10,20,1,1,1
169,27,419,129,10,22,1,1,1
170,27,419,130,9,20,1,1,1
171,27,419,129,9,20,1,1,1
172,27,418,128,10,22,1,1,1
173,27,418,128,10,22,1,1,1
174,27,418,127,10,22,1,1,1
175,27,418,129,10,21,1,1,1
176,27,418,127,10,22,1,1,1
177,27,419,128,9,21,1,1,1
178,27,418,128,10,21,1,1,1
179,27,417,129,10,20,1,1,1
180,27,419,129,9,20,1,1,1
181,27,419,130,9,20,1,1,1
182,27,419,129,9,21,1,1,1
183,27,419,130,10,20,1,1,1
184,27,419,129,9,20,1,1,1
185,27,418,128,10,22,1,1,1
186,27,419,127,10,22,1,1,1
187,27,419,127,10,23,1,1,1
188,27,418,127,10,23,1,1,1
189,27,418,127,10,22,1,1,1
190,27,418,127,10,22,1,1,1
191,27,418,126,10,23,1,1,1
192,27,418,126,10,23,1,1,1
193,27,420,125,9,22,1,1,1
194,27,419,125,10,21,1,1,1
195,27,420,126,9,21,1,1,1
196,27,420,125,10,22,1,1,1
197,27,419,126,10,21,1,1,1
198,27,417,127,10,22,1,1,1
199,27,417,127,11,23,1,1,1
200,27,418,127,11,23,1,1,1
201,27,417,127,10,21,1,1,1
202,27,417,126,10,22,1,1,1
203,27,417,127,10,21,1,1,1
204,27,418,126,10,22,1,1,1
205,27,419,126,10,22,1,1,1
206,27,418,126,10,22,1,1,1
207,27,417,127,10,21,1,1,1
208,27,419,127,9,22,1,1,1
209,27,417,127,10,21,1,1,1
210,27,418,127,10,22,1,1,1
211,27,418,128,10,21,1,1,1
212,27,419,127,9,21,1,1,1
213,27,419,127,10,23,1,1,1
214,27,419,127,10,22,1,1,1
215,27,419,127,10,23,1,1,1
216,27,419,127,10,22,1,1,1
217,27,420,127,10,22,1,1,1
218,27,420,126,10,22,1,1,1
219,27,420,128,10,19,1,1,1
220,27,421,129,10,19,1,1,1
221,27,421,128,10,19,1,1,1
222,27,421,127,10,19,1,1,1
223,27,421,126,10,20,1,1,1
224,27,421,127,10,19,1,1,1
225,27,422,126,10,19,1,1,1
226,27,422,125,10,19,1,1,1
227,27,422,124,10,19,1,1,1
228,27,421,124,11,22,1,1,1
229,27,422,124,11,21,1,1,1
230,27,423,124,9,19,1,1,1
231,27,423,124,9,19,1,1,1
232,27,423,124,9,19,1,1,1
233,27,424,124,8,18,1,1,1
234,27,424,123,9,19,1,1,1
235,27,423,123,9,20,1,1,1
236,27,424,121,10,21,1,1,1
237,27,425,122,10,22,1,1,1
238,27,424,121,10,21,1,1,1
239,27,423,121,11,21,1,1,1
240,27,424,120,11,21,1,1,1
241,27,424,121,11,21,1,1,1
242,27,423,121,11,21,1,1,1
243,27,424,119,11,21,1,1,1
244,27,424,120,11,21,1,1,1
245,27,424,120,11,21,1,1,1
246,27,424,120,11,21,1,1,1
247,27,423,120,10,21,1,1,1
248,27,425,120,9,21,1,1,1
249,27,425,120,10,22,1,1,1
250,27,425,120,10,22,1,1,1
251,27,426,121,10,23,1,1,1
252,27,426,121,9,23,1,1,1
253,27,426,122,9,22,1,1,1
254,27,425,119,10,21,1,1,1
255,27,425,122,10,21,1,1,1
256,27,425,121,10,21,1,1,1
257,27,426,121,9,20,1,1,1
258,27,426,120,10,21,1,1,1
259,27,427,120,9,21,1,1,1
260,27,426,122,10,21,1,1,1
261,27,426,119,11,21,1,1,1
262,27,426,119,10,21,1,1,1
263,27,426,119,10,21,1,1,1
264,27,425,120,10,21,1,1,1
265,27,426,120,10,21,1,1,1
266,27,426,121,9,20,1,1,1
267,27,426,121,9,20,1,1,1
268,27,426,120,10,20,1,1,1
269,27,426,121,10,21,1,1,1
270,27,426,122,10,21,1,1,1
271,27,426,117,10,21,1,1,1
272,27,426,118,10,20,1,1,1
273,27,426,119,11,20,1,1,1
274,27,427,118,10,20,1,1,1
275,27,427,117,10,21,1,1,1
276,27,427,118,11,20,1,1,1
277,27,427,117,11,21,1,1,1
278,27,428,117,11,20,1,1,1
279,27,428,117,10,21,1,1,1
280,27,428,117,11,20,1,1,1
281,27,428,117,10,21,1,1,1
282,27,426,116,11,20,1,1,1
283,27,427,116,11,20,1,1,1
284,27,426,116,11,20,1,1,1
285,27,427,116,11,21,1,1,1
286,27,426,116,11,21,1,1,1
287,27,426,117,10,20,1,1,1
288,27,427,117,10,21,1,1,1
289,27,427,118,9,18,1,1,1
290,27,428,119,8,17,1,1,1
291,27,428,118,9,18,1,1,1
292,27,428,118,8,18,1,1,1
293,27,429,119,8,17,1,1,1
294,27,426,119,10,17,1,1,1
295,27,427,119,10,17,1,1,1
296,27,428,118,10,17,1,1,1
297,27,427,119,10,17,1,1,1
298,27,427,117,10,18,1,1,1
299,27,427,118,10,17,1,1,1
300,27,427,118,10,17,1,1,1
301,27,427,119,10,17,1,1,1
302,27,427,119,10,17,1,1,1
303,27,428,118,10,17,1,1,1
304,27,428,119,10,17,1,1,1
305,27,428,116,10,17,1,1,1
306,27,427,117,10,17,1,1,1
307,27,428,117,10,18,1,1,1
308,27,428,117,10,17,1,1,1
309,27,428,117,10,18,1,1,1
310,27,427,116,10,17,1,1,1
311,27,428,117,10,17,1,1,1
312,27,428,117,10,17,1,1,1
313,27,428,117,10,18,1,1,1
314,27,428,116,10,17,1,1,1
315,27,428,117,10,17,1,1,1
316,27,428,116,10,17,1,1,1
317,27,428,116,10,19,1,1,1
318,27,427,116,11,18,1,1,1
319,27,427,117,11,18,1,1,1
320,27,428,115,10,18,1,1,1
321,27,428,116,11,19,1,1,1
322,27,428,116,10,18,1,1,1
323,27,428,116,10,19,1,1,1
324,27,428,116,10,18,1,1,1
325,27,427,116,11,19,1,1,1
326,27,427,114,11,21,1,1,1
327,27,428,115,10,22,1,1,1
328,27,428,116,11,22,1,1,1
329,27,428,114,11,22,1,1,1
330,27,428,114,11,22,1,1,1
331,27,427,115,11,21,1,1,1
332,27,427,113,11,23,1,1,1
333,27,427,113,11,23,1,1,1
334,27,427,113,11,23,1,1,1
335,27,428,114,11,23,1,1,1
336,27,427,113,11,23,1,1,1
337,27,428,113,11,23,1,1,1
338,27,428,113,11,23,1,1,1
339,27,428,114,11,23,1,1,1
340,27,428,114,10,22,1,1,1
341,27,428,113,11,22,1,1,1
342,27,428,113,11,22,1,1,1
343,27,428,114,11,22,1,1,1
344,27,428,114,11,22,1,1,1
345,27,428,114,11,22,1,1,1
346,27,428,114,11,22,1,1,1
347,27,428,114,11,22,1,1,1
348,27,428,114,11,22,1,1,1
349,27,429,116,10,22,1,1,1
350,27,428,114,11,22,1,1,1
351,27,428,115,11,22,1,1,1
352,27,428,115,11,22,1,1,1
353,27,428,115,11,22,1,1,1
354,27,428,114,11,22,1,1,1
355,27,428,115,11,22,1,1,1
356,27,429,114,10,22,1,1,1
357,27,428,114,11,22,1,1,1
358,27,428,115,11,22,1,1,1
359,27,429,113,10,22,1,1,1
360,27,428,114,11,22,1,1,1
361,27,429,114,11,23,1,1,1
362,27,430,114,10,22,1,1,1
363,27,429,113,11,22,1,1,1
364,27,430,114,10,22,1,1,1
365,27,430,114,10,22,1,1,1
366,27,429,113,11,22,1,1,1
367,27,430,114,10,22,1,1,1
368,27,429,114,10,22,1,1,1
369,27,428,115,11,22,1,1,1
370,27,430,114,10,22,1,1,1
371,27,430,115,10,22,1,1,1
372,27,429,115,10,22,1,1,1
373,27,429,114,10,22,1,1,1
374,27,429,114,10,22,1,1,1
375,27,429,114,10,22,1,1,1
376,27,429,114,10,22,1,1,1
377,27,429,115,10,22,1,1,1
378,27,429,114,10,22,1,1,1
379,27,429,116,10,22,1,1,1
380,27,429,116,10,22,1,1,1
381,27,430,115,10,22,1,1,1
382,27,430,115,10,22,1,1,1
383,27,429,115,10,22,1,1,1
384,27,430,115,10,22,1,1,1
385,27,430,115,10,22,1,1,1
386,27,430,115,10,22,1,1,1
387,27,430,115,10,22,1,1,1
388,27,430,116,10,22,1,1,1
389,27,430,115,10,22,1,1,1
390,27,430,115,10,22,1,1,1
391,27,430,116,10,22,1,1,1
392,27,430,116,10,22,1,1,1
393,27,430,116,10,22,1,1,1
394,27,430,115,10,23,1,1,1
395,27,429,115,11,24,1,1,1
396,27,429,115,11,24,1,1,1
397,27,430,114,11,24,1,1,1
398,27,429,114,11,24,1,1,1
399,27,430,114,11,24,1,1,1
400,27,429,114,11,24,1,1,1
401,27,429,114,11,24,1,1,1
402,27,430,114,11,24,1,1,1
403,27,429,114,11,24,1,1,1
404,27,429,115,11,24,1,1,1
405,27,429,115,11,24,1,1,1
406,27,430,114,11,24,1,1,1
407,27,429,115,11,24,1,1,1
408,27,430,115,11,24,1,1,1
409,27,430,115,11,24,1,1,1
410,27,430,115,11,24,1,1,1
411,27,430,115,11,24,1,1,1
412,27,430,115,11,24,1,1,1
413,27,430,115,11,24,1,1,1
414,27,430,115,11,24,1,1,1
415,27,430,115,11,24,1,1,1
416,27,430,115,10,24,1,1,1
417,27,430,115,11,24,1,1,1
418,27,430,115,11,24,1,1,1
419,27,430,115,11,24,1,1,1
420,27,430,115,11,24,1,1,1
421,27,430,115,11,24,1,1,1
422,27,430,115,11,24,1,1,1
423,27,430,115,11,24,1,1,1
424,27,430,115,11,24,1,1,1
425,27,430,115,11,24,1,1,1
426,27,431,115,11,24,1,1,1
427,27,431,115,11,24,1,1,1
428,27,430,115,11,24,1,1,1
429,27,431,115,11,24,1,1,1
430,27,431,115,11,24,1,1,1
431,27,431,115,11,24,1,1,1
432,27,430,115,11,24,1,1,1
433,27,430,115,11,24,1,1,1
434,27,430,116,11,24,1,1,1
435,27,431,116,11,24,1,1,1
436,27,431,116,11,24,1,1,1
437,27,431,114,11,24,1,1,1
438,27,431,116,11,24,1,1,1
439,27,431,116,11,24,1,1,1
440,27,431,116,11,24,1,1,1
441,27,431,116,11,24,1,1,1
442,27,431,116,11,24,1,1,1
443,27,431,116,11,24,1,1,1
444,27,431,116,11,24,1,1,1
445,27,431,117,11,24,1,1,1
446,27,432,116,11,24,1,1,1
447,27,432,118,11,23,1,1,1
448,27,431,116,11,24,1,1,1
449,27,432,116,11,24,1,1,1
450,27,431,118,11,23,1,1,1
451,27,432,116,11,24,1,1,1
452,27,432,118,11,23,1,1,1
453,27,432,117,11,24,1,1,1
454,27,431,117,11,24,1,1,1
455,27,432,117,11,24,1,1,1
456,27,431,117,11,24,1,1,1
457,27,431,118,11,23,1,1,1
458,27,432,117,11,24,1,1,1
459,27,431,117,11,24,1,1,1
460,27,431,117,11,24,1,1,1
461,27,432,117,11,24,1,1,1
462,27,431,117,11,24,1,1,1
463,27,431,116,11,24,1,1,1
464,27,432,117,12,24,1,1,1
465,27,432,117,12,24,1,1,1
466,27,432,118,12,23,1,1,1
467,27,432,118,12,23,1,1,1
468,27,432,117,11,24,1,1,1
469,27,432,118,11,23,1,1,1
470,27,432,118,11,23,1,1,1
471,27,432,118,12,25,1,1,1
472,27,432,117,12,25,1,1,1
473,27,432,117,12,25,1,1,1
474,27,432,117,12,25,1,1,1
475,27,432,117,12,25,1,1,1
476,27,432,118,12,25,1,1,1
477,27,432,118,12,25,1,1,1
478,27,432,118,12,25,1,1,1
479,27,432,118,12,25,1,1,1
480,27,432,119,12,25,1,1,1
481,27,432,119,12,25,1,1,1
482,27,432,119,12,25,1,1,1
483,27,432,119,12,25,1,1,1
484,27,432,118,12,25,1,1,1
485,27,432,118,12,25,1,1,1
486,27,432,118,12,25,1,1,1
487,27,432,118,12,25,1,1,1
488,27,432,118,12,25,1,1,1
489,27,432,119,12,25,1,1,1
490,27,433,119,11,24,1,1,1
491,27,433,118,11,24,1,1,1
492,27,432,119,12,24,1,1,1
493,27,433,119,12,24,1,1,1
494,27,433,118,11,24,1,1,1
495,27,433,119,11,24,1,1,1
496,27,433,119,11,24,1,1,1
497,27,433,119,11,24,1,1,1
498,27,433,119,12,24,1,1,1
499,27,433,119,12,24,1,1,1
500,27,433,119,12,24,1,1,1
501,27,434,119,11,24,1,1,1
502,27,433,119,12,24,1,1,1
503,27,433,119,12,24,1,1,1
504,27,433,119,12,24,1,1,1
505,27,433,120,12,24,1,1,1
506,27,433,120,12,24,1,1,1
507,27,434,120,11,23,1,1,1
508,27,434,120,11,23,1,1,1
509,27,434,120,11,23,1,1,1
510,27,434,120,11,23,1,1,1
511,27,434,121,11,22,1,1,1
512,27,434,120,11,22,1,1,1
513,27,434,120,11,22,1,1,1
514,27,434,121,11,22,1,1,1
515,27,434,122,11,22,1,1,1
516,27,435,121,11,22,1,1,1
517,27,434,121,11,22,1,1,1
518,27,434,122,11,21,1,1,1
519,27,434,122,11,22,1,1,1
520,27,434,120,12,23,1,1,1
521,27,435,122,10,21,1,1,1
522,27,434,121,11,22,1,1,1
523,27,434,122,12,22,1,1,1
524,27,434,122,12,22,1,1,1
525,27,435,121,11,22,1,1,1
526,27,433,121,12,23,1,1,1
527,27,434,122,12,23,1,1,1
528,27,434,121,12,23,1,1,1
529,27,434,121,12,23,1,1,1
530,27,434,121,12,23,1,1,1
531,27,434,120,12,23,1,1,1
532,27,434,121,12,23,1,1,1
533,27,434,121,12,23,1,1,1
534,27,434,122,12,23,1,1,1
535,27,434,121,12,23,1,1,1
536,27,434,122,12,23,1,1,1
537,27,434,120,12,23,1,1,1
538,27,434,121,12,23,1,1,1
539,27,433,121,12,23,1,1,1
540,27,434,121,11,23,1,1,1
541,27,434,121,11,23,1,1,1
542,27,434,121,11,23,1,1,1
543,27,434,121,11,22,1,1,1
544,27,435,122,10,22,1,1,1
545,27,435,121,10,22,1,1,1
546,27,435,122,10,22,1,1,1
547,27,434,122,12,24,1,1,1
548,27,435,123,11,23,1,1,1
549,27,435,123,11,23,1,1,1
550,27,435,122,11,23,1,1,1
551,27,434,122,11,23,1,1,1
552,27,434,122,11,23,1,1,1
553,27,435,122,11,23,1,1,1
554,27,435,122,11,23,1,1,1
555,27,435,122,11,23,1,1,1
556,27,435,122,11,23,1,1,1
557,27,435,122,10,23,1,1,1
558,27,435,122,11,23,1,1,1
559,27,435,123,11,23,1,1,1
560,27,435,123,11,23,1,1,1
561,27,435,123,11,23,1,1,1
562,27,435,123,11,23,1,1,1
563,27,435,122,11,23,1,1,1
564,27,435,122,11,23,1,1,1
565,27,435,123,11,23,1,1,1
566,27,435,123,11,23,1,1,1
567,27,435,123,11,23,1,1,1
568,27,435,123,11,23,1,1,1
569,27,435,122,11,23,1,1,1
570,27,435,123,11,24,1,1,1
571,27,434,124,11,24,1,1,1
572,27,435,125,11,23,1,1,1
573,27,436,127,10,21,1,1,1
574,27,435,127,11,24,1,1,1
575,27,435,129,11,24,1,1,1
576,27,435,130,11,22,1,1,1
577,27,436,131,10,22,1,1,1
578,27,435,131,11,22,1,1,1
579,27,436,131,10,22,1,1,1
580,27,435,130,12,25,1,1,1
581,27,435,130,11,27,1,1,1
582,27,435,129,12,27,1,1,1
583,27,436,130,12,27,1,1,1
584,27,437,130,10,25,1,1,1
585,27,437,129,10,25,1,1,1
586,27,436,130,11,25,1,1,1
587,27,437,130,11,25,1,1,1
588,27,436,129,11,25,1,1,1
589,27,436,129,11,25,1,1,1
590,27,436,129,11,25,1,1,1
591,27,437,130,11,25,1,1,1
592,27,437,130,11,25,1,1,1
593,27,437,130,11,25,1,1,1
594,27,437,131,11,25,1,1,1
595,27,437,131,11,25,1,1,1
596,27,437,130,11,25,1,1,1
597,27,437,130,11,25,1,1,1
598,27,437,129,11,25,1,1,1
599,27,437,131,10,24,1,1,1
600,27,436,130,11,25,1,1,1
601,27,437,131,11,25,1,1,1
602,27,436,130,11,24,1,1,1
603,27,437,131,11,25,1,1,1
604,27,436,132,11,24,1,1,1
605,27,434,132,12,24,1,1,1
606,27,434,131,13,25,1,1,1
607,27,434,130,13,25,1,1,1
608,27,432,129,11,26,1,1,1
609,27,432,130,12,25,1,1,1
610,27,432,130,11,26,1,1,1
611,27,431,129,11,26,1,1,1
612,27,431,131,11,25,1,1,1
613,27,430,130,11,26,1,1,1
614,27,430,130,11,25,1,1,1
615,27,430,132,11,25,1,1,1
616,27,430,132,10,24,1,1,1
617,27,430,131,10,25,1,1,1
618,27,430,132,10,24,1,1,1
619,27,429,131,10,25,1,1,1
620,27,430,132,10,24,1,1,1
621,27,429,132,10,25,1,1,1
622,27,430,132,10,25,1,1,1
623,27,429,132,11,25,1,1,1
624,27,430,132,10,26,1,1,1
625,27,430,134,11,26,1,1,1
626,27,429,134,11,26,1,1,1
627,27,429,134,11,26,1,1,1
628,27,429,134,11,26,1,1,1
629,27,429,132,11,26,1,1,1
630,27,429,133,11,26,1,1,1
631,27,429,133,11,25,1,1,1
632,27,429,132,11,25,1,1,1
633,27,429,133,10,26,1,1,1
634,27,429,133,10,23,1,1,1
635,27,429,131,11,25,1,1,1
636,27,429,132,11,25,1,1,1
637,27,429,132,12,26,1,1,1
638,27,430,133,11,27,1,1,1
639,27,430,134,11,25,1,1,1
640,27,430,134,11,25,1,1,1
641,27,430,136,11,25,1,1,1
642,27,430,136,11,25,1,1,1
643,27,430,135,11,25,1,1,1
644,27,430,137,11,25,1,1,1
645,27,431,137,11,25,1,1,1
646,27,430,136,11,25,1,1,1
647,27,431,137,11,25,1,1,1
648,27,430,136,11,25,1,1,1
649,27,432,132,11,25,1,1,1
650,27,432,133,11,25,1,1,1
651,27,432,134,11,25,1,1,1
652,27,430,136,12,20,1,1,1
653,27,430,137,12,20,1,1,1
654,27,430,137,12,20,1,1,1
655,27,430,137,12,20,1,1,1
656,27,430,136,12,20,1,1,1
657,27,430,137,12,20,1,1,1
658,27,431,133,12,24,1,1,1
659,27,431,133,12,24,1,1,1
660,27,433,132,11,25,1,1,1
661,27,432,131,12,25,1,1,1
662,27,431,130,13,25,1,1,1
663,27,431,130,13,25,1,1,1
664,27,431,129,13,24,1,1,1
665,27,431,129,13,24,1,1,1
666,27,431,129,14,24,1,1,1
667,27,434,130,11,22,1,1,1
668,27,434,129,13,24,1,1,1
669,27,435,130,13,24,1,1,1
670,27,434,131,15,23,1,1,1
671,27,435,131,15,23,1,1,1
672,27,435,131,16,23,1,1,1
673,27,436,131,9,22,1,1,1
674,27,437,131,8,22,1,1,1
675,27,437,132,9,22,1,1,1
676,27,437,131,8,23,1,1,1
677,27,437,132,8,22,1,1,1
678,27,437,132,9,22,1,1,1
679,27,437,132,9,23,1,1,1
680,27,437,132,8,23,1,1,1
681,27,437,133,8,22,1,1,1
682,27,437,132,8,23,1,1,1
683,27,437,132,9,23,1,1,1
684,27,438,133,8,22,1,1,1
685,27,437,133,9,23,1,1,1
686,27,437,132,9,24,1,1,1
687,27,437,132,9,24,1,1,1
688,27,437,130,9,25,1,1,1
689,27,437,130,9,26,1,1,1
690,27,437,131,9,24,1,1,1
691,27,435,129,12,26,1,1,1
692,27,435,129,11,26,1,1,1
693,27,435,129,12,27,1,1,1
694,27,435,129,11,27,1,1,1
695,27,436,130,12,25,1,1,1
696,27,437,129,10,26,1,1,1
697,27,435,130,12,26,1,1,1
698,27,436,131,11,24,1,1,1
699,27,437,130,9,24,1,1,1
700,27,435,130,11,24,1,1,1
701,27,436,130,11,24,1,1,1
702,27,435,130,11,24,1,1,1
703,27,435,130,12,25,1,1,1
704,27,437,130,9,25,1,1,1
705,27,435,130,12,25,1,1,1
706,27,434,131,11,26,1,1,1
707,27,434,131,11,25,1,1,1
708,27,434,131,12,25,1,1,1
709,27,434,131,11,24,1,1,1
710,27,434,131,11,24,1,1,1
711,27,435,131,11,25,1,1,1
712,27,433,131,11,25,1,1,1
713,27,434,132,11,24,1,1,1
714,27,432,131,12,24,1,1,1
715,27,433,131,11,25,1,1,1
716,27,432,131,12,25,1,1,1
717,27,433,131,11,25,1,1,1
718,27,432,130,11,27,1,1,1
719,27,432,131,11,25,1,1,1
720,27,431,132,11,24,1,1,1
721,27,430,130,12,26,1,1,1
722,27,430,131,11,25,1,1,1
723,27,430,131,11,25,1,1,1
724,27,430,131,12,26,1,1,1
725,27,429,130,12,27,1,1,1
726,27,430,131,10,26,1,1,1
727,27,429,131,10,24,1,1,1
728,27,428,131,12,24,1,1,1
729,27,428,130,11,24,1,1,1
730,27,429,130,11,24,1,1,1
731,27,428,130,12,24,1,1,1
732,27,428,129,12,24,1,1,1
733,27,428,130,11,24,1,1,1
734,27,428,130,11,24,1,1,1
735,27,427,130,12,24,1,1,1
736,27,428,130,11,24,1,1,1
737,27,428,130,11,24,1,1,1
738,27,428,130,11,24,1,1,1
739,27,428,130,11,24,1,1,1
740,27,428,129,11,24,1,1,1
741,27,428,130,11,24,1,1,1
742,27,428,130,12,24,1,1,1
743,27,427,130,12,24,1,1,1
744,27,428,131,11,24,1,1,1
745,27,427,130,12,24,1,1,1
746,27,428,131,11,24,1,1,1
747,27,427,131,12,24,1,1,1
748,27,427,130,12,24,1,1,1
749,27,427,131,11,23,1,1,1
750,27,427,131,12,23,1,1,1
751,27,427,132,11,23,1,1,1
752,27,427,132,11,23,1,1,1
753,27,426,131,12,23,1,1,1
754,27,427,132,11,23,1,1,1
755,27,427,132,11,23,1,1,1
756,27,426,132,11,23,1,1,1
757,27,427,132,11,23,1,1,1
758,27,426,132,12,24,1,1,1
759,27,426,131,12,24,1,1,1
760,27,426,132,12,23,1,1,1
761,27,427,132,11,24,1,1,1
762,27,427,134,11,21,1,1,1
763,27,428,132,9,23,1,1,1
764,27,426,133,12,23,1,1,1
765,27,427,132,11,24,1,1,1
766,27,426,133,11,23,1,1,1
767,27,425,131,12,24,1,1,1
768,27,424,131,13,26,1,1,1
769,27,425,132,12,24,1,1,1
770,27,425,132,12,24,1,1,1
771,27,426,131,11,25,1,1,1
772,27,425,132,12,25,1,1,1
773,27,425,130,12,27,1,1,1
774,27,425,131,12,26,1,1,1
775,27,425,131,12,25,1,1,1
776,27,426,131,11,26,1,1,1
777,27,424,132,13,24,1,1,1
778,27,425,132,13,24,1,1,1
779,27,425,132,12,24,1,1,1
780,27,425,132,13,24,1,1,1
781,27,425,132,12,24,1,1,1
782,27,425,132,13,24,1,1,1
783,27,425,132,12,24,1,1,1
784,27,425,132,12,24,1,1,1
785,27,424,132,13,24,1,1,1
786,27,425,132,13,24,1,1,1
787,27,424,132,13,24,1,1,1
788,27,425,132,12,24,1,1,1
789,27,425,132,12,24,1,1,1
790,27,425,133,13,24,1,1,1
791,27,424,132,13,24,1,1,1
792,27,424,132,13,24,1,1,1
793,27,424,131,13,24,1,1,1
794,27,424,131,13,25,1,1,1
795,27,424,131,13,24,1,1,1
796,27,424,131,13,25,1,1,1
797,27,424,131,13,25,1,1,1
798,27,424,132,13,24,1,1,1
799,27,424,131,13,24,1,1,1
800,27,424,131,13,25,1,1,1
801,27,424,131,13,24,1,1,1
802,27,424,132,13,25,1,1,1
803,27,425,131,13,24,1,1,1
804,27,425,131,13,25,1,1,1
805,27,425,131,13,25,1,1,1
806,27,426,132,13,25,1,1,1
807,27,426,131,13,24,1,1,1
808,27,425,132,13,24,1,1,1
809,27,426,131,13,25,1,1,1
810,27,426,132,13,24,1,1,1
811,27,426,131,13,25,1,1,1
812,27,426,132,13,25,1,1,1
813,27,426,132,13,24,1,1,1
814,27,426,132,13,25,1,1,1
815,27,426,132,13,25,1,1,1
816,27,426,131,13,25,1,1,1
817,27,428,131,12,24,1,1,1
818,27,427,131,11,23,1,1,1
819,27,428,132,10,22,1,1,1
820,27,428,132,10,22,1,1,1
821,27,427,132,12,22,1,1,1
822,27,427,133,12,22,1,1,1
823,27,428,133,10,23,1,1,1
824,27,427,133,12,22,1,1,1
825,27,428,134,10,22,1,1,1
826,27,427,133,12,21,1,1,1
827,27,427,133,12,22,1,1,1
828,27,428,134,11,20,1,1,1
829,27,428,134,12,22,1,1,1
830,27,428,133,12,23,1,1,1
831,27,428,134,12,22,1,1,1
832,27,430,136,12,22,1,1,1
833,27,429,133,11,21,1,1,1
834,27,428,132,12,21,1,1,1
835,27,429,131,11,24,1,1,1
836,27,428,130,12,24,1,1,1
837,27,428,128,11,24,1,1,1
838,27,428,129,12,24,1,1,1
839,27,428,130,12,24,1,1,1
840,27,429,129,11,24,1,1,1
841,27,428,129,12,24,1,1,1
842,27,427,129,12,24,1,1,1
843,27,428,130,11,24,1,1,1
844,27,429,130,11,24,1,1,1
845,27,429,130,11,24,1,1,1
846,27,429,130,11,24,1,1,1
847,27,429,130,11,24,1,1,1
848,27,430,130,12,24,1,1,1
849,27,430,130,12,24,1,1,1
850,27,431,131,12,24,1,1,1
851,27,431,130,11,25,1,1,1
852,27,431,133,10,23,1,1,1
853,27,430,134,11,20,1,1,1
854,27,431,133,10,22,1,1,1
855,27,432,134,10,21,1,1,1
856,27,431,133,12,24,1,1,1
857,27,431,135,17,17,1,1,1
858,27,431,135,17,17,1,1,1
859,27,432,135,17,17,1,1,1
860,27,432,135,17,17,1,1,1
861,27,433,135,17,17,1,1,1
862,27,433,136,17,17,1,1,1
863,27,432,136,17,17,1,1,1
864,27,432,136,17,17,1,1,1
865,27,432,137,17,17,1,1,1
866,27,432,137,17,17,1,1,1
867,27,432,136,17,17,1,1,1
868,27,432,136,17,17,1,1,1
869,27,433,136,17,17,1,1,1
870,27,433,137,17,17,1,1,1
871,27,432,136,17,17,1,1,1
872,27,432,136,17,17,1,1,1
873,27,432,136,17,17,1,1,1
874,27,432,136,17,17,1,1,1
875,27,432,137,17,17,1,1,1
876,27,432,137,17,17,1,1,1
877,27,432,136,17,17,1,1,1
878,27,432,136,17,17,1,1,1
879,27,432,137,17,17,1,1,1
880,27,432,136,17,17,1,1,1
881,27,432,137,17,17,1,1,1
882,27,432,136,17,17,1,1,1
883,27,432,136,17,17,1,1,1
884,27,432,137,17,17,1,1,1
885,27,432,136,17,17,1,1,1
886,27,432,136,17,17,1,1,1
887,27,432,136,17,17,1,1,1
888,27,432,136,17,17,1,1,1
889,27,432,136,17,18,1,1,1
890,27,432,136,17,20,1,1,1
891,27,432,136,16,20,1,1,1
892,27,432,136,16,21,1,1,1
893,27,432,136,16,21,1,1,1
894,27,433,136,14,23,1,1,1
895,27,433,137,12,23,1,1,1
896,27,432,136,12,25,1,1,1
897,27,430,136,14,27,1,1,1
898,27,429,137,15,25,1,1,1
899,27,429,136,15,27,1,1,1
900,27,429,138,15,26,1,1,1
1,28,415,116,13,31,1,1,1
2,28,416,116,13,31,1,1,1
3,28,416,116,13,31,1,1,1
4,28,417,116,13,31,1,1,1
5,28,417,116,13,31,1,1,1
6,28,417,116,13,31,1,1,1
7,28,417,116,13,31,1,1,1
8,28,417,117,13,31,1,1,1
9,28,416,117,13,31,1,1,1
10,28,416,117,13,31,1,1,1
11,28,416,117,13,31,1,1,1
12,28,416,117,13,31,1,1,1
13,28,416,117,13,31,1,1,1
14,28,416,116,13,31,1,1,1
15,28,415,116,13,31,1,1,1
16,28,414,116,13,31,1,1,1
17,28,415,116,13,31,1,1,1
18,28,415,117,13,31,1,1,1
19,28,413,116,13,31,1,1,1
20,28,414,117,13,31,1,1,1
21,28,414,117,13,31,1,1,1
22,28,414,117,13,31,1,1,1
23,28,414,117,13,31,1,1,1
24,28,414,117,13,31,1,1,1
25,28,413,118,13,31,1,1,1
26,28,413,116,14,33,1,1,1
27,28,414,117,13,32,1,1,1
28,28,414,116,13,32,1,1,1
29,28,414,116,13,31,1,1,1
30,28,413,116,13,31,1,1,1
31,28,414,116,13,31,1,1,1
32,28,414,116,13,31,1,1,1
33,28,414,117,13,31,1,1,1
34,28,414,117,13,31,1,1,1
35,28,414,117,13,31,1,1,1
36,28,414,117,13,31,1,1,1
37,28,415,116,13,31,1,1,1
38,28,415,116,13,31,1,1,1
39,28,415,117,13,31,1,1,1
40,28,415,116,13,31,1,1,1
41,28,416,116,13,31,1,1,1
42,28,416,117,13,31,1,1,1
43,28,416,116,13,31,1,1,1
44,28,416,116,13,31,1,1,1
45,28,417,116,13,31,1,1,1
46,28,417,116,13,31,1,1,1
47,28,417,116,13,31,1,1,1
48,28,416,116,13,31,1,1,1
49,28,416,116,13,31,1,1,1
50,28,417,116,13,31,1,1,1
51,28,417,116,13,31,1,1,1
52,28,417,117,13,31,1,1,1
53,28,417,116,13,31,1,1,1
54,28,417,116,13,31,1,1,1
55,28,417,116,13,31,1,1,1
56,28,417,115,13,31,1,1,1
57,28,418,116,13,31,1,1,1
58,28,417,116,13,31,1,1,1
59,28,418,116,13,31,1,1,1
60,28,418,117,13,31,1,1,1
61,28,418,117,13,31,1,1,1
62,28,418,117,13,31,1,1,1
63,28,419,117,13,31,1,1,1
64,28,419,117,13,31,1,1,1
65,28,419,117,13,32,1,1,1
66,28,418,117,14,33,1,1,1
67,28,418,118,14,32,1,1,1
68,28,418,117,14,33,1,1,1
69,28,418,117,12,30,1,1,1
70,28,417,117,12,30,1,1,1
71,28,418,118,12,29,1,1,1
72,28,420,118,10,31,1,1,1
73,28,419,117,10,31,1,1,1
74,28,419,117,10,31,1,1,1
75,28,419,117,10,31,1,1,1
76,28,418,118,10,31,1,1,1
77,28,420,118,10,31,1,1,1
78,28,420,118,10,31,1,1,1
79,28,421,118,9,31,1,1,1
80,28,421,119,9,31,1,1,1
81,28,421,120,10,30,1,1,1
82,28,422,120,10,30,1,1,1
83,28,423,120,9,30,1,1,1
84,28,423,120,9,30,1,1,1
85,28,422,120,10,30,1,1,1
86,28,422,119,11,32,1,1,1
87,28,422,119,11,32,1,1,1
88,28,423,118,10,33,1,1,1
89,28,422,118,11,33,1,1,1
90,28,423,118,10,33,1,1,1
91,28,422,118,11,33,1,1,1
92,28,423,117,11,33,1,1,1
93,28,423,118,10,31,1,1,1
94,28,423,118,10,32,1,1,1
95,28,424,117,10,33,1,1,1
96,28,423,118,11,31,1,1,1
97,28,423,117,11,31,1,1,1
98,28,423,117,12,31,1,1,1
99,28,423,117,12,31,1,1,1
100,28,422,117,12,31,1,1,1
101,28,423,118,12,31,1,1,1
102,28,423,118,12,31,1,1,1
103,28,423,118,12,31,1,1,1
104,28,423,118,12,31,1,1,1
105,28,423,118,12,31,1,1,1
106,28,422,118,12,31,1,1,1
107,28,422,117,12,33,1,1,1
108,28,422,118,12,32,1,1,1
109,28,421,118,13,33,1,1,1
110,28,422,118,12,33,1,1,1
111,28,421,117,12,32,1,1,1
112,28,421,118,12,32,1,1,1
113,28,417,116,13,32,1,1,1
114,28,418,116,13,32,1,1,1
115,28,418,116,13,33,1,1,1
116,28,418,117,12,31,1,1,1
117,28,419,118,12,31,1,1,1
118,28,418,118,12,31,1,1,1
119,28,419,118,12,31,1,1,1
120,28,419,117,12,31,1,1,1
121,28,418,117,12,31,1,1,1
122,28,419,117,12,31,1,1,1
123,28,418,117,12,31,1,1,1
124,28,418,120,12,30,1,1,1
125,28,418,118,12,31,1,1,1
126,28,418,118,12,31,1,1,1
127,28,418,118,12,31,1,1,1
128,28,417,117,13,32,1,1,1
129,28,417,117,13,33,1,1,1
130,28,417,117,13,33,1,1,1
131,28,417,117,12,32,1,1,1
132,28,417,117,12,32,1,1,1
133,28,417,116,12,33,1,1,1
134,28,416,117,12,32,1,1,1
135,28,416,118,13,31,1,1,1
136,28,413,117,15,32,1,1,1
137,28,412,117,15,32,1,1,1
138,28,411,116,15,33,1,1,1
139,28,412,117,15,33,1,1,1
140,28,412,117,15,33,1,1,1
141,28,412,117,15,33,1,1,1
142,28,412,117,11,33,1,1,1
143,28,412,117,12,32,1,1,1
144,28,412,117,12,33,1,1,1
145,28,412,117,11,33,1,1,1
146,28,411,117,12,32,1,1,1
147,28,412,117,11,33,1,1,1
148,28,410,118,12,32,1,1,1
149,28,410,117,12,33,1,1,1
150,28,410,117,12,33,1,1,1
151,28,411,117,12,33,1,1,1
152,28,411,117,12,32,1,1,1
153,28,410,117,12,33,1,1,1
154,28,411,117,12,33,1,1,1
155,28,410,117,12,32,1,1,1
156,28,410,117,12,33,1,1,1
157,28,411,118,12,32,1,1,1
158,28,411,117,12,32,1,1,1
159,28,411,117,12,32,1,1,1
160,28,410,117,12,33,1,1,1
161,28,410,117,12,33,1,1,1
162,28,411,117,12,33,1,1,1
163,28,411,117,12,33,1,1,1
164,28,411,117,12,33,1,1,1
165,28,412,117,11,33,1,1,1
166,28,411,117,12,33,1,1,1
167,28,411,118,12,32,1,1,1
168,28,412,117,11,32,1,1,1
169,28,412,117,12,33,1,1,1
170,28,412,117,12,33,1,1,1
171,28,413,117,12,33,1,1,1
172,28,413,118,12,32,1,1,1
173,28,413,117,12,33,1,1,1
174,28,413,117,12,34,1,1,1
175,28,413,117,13,34,1,1,1
176,28,414,116,12,33,1,1,1
177,28,414,116,13,34,1,1,1
178,28,414,117,13,34,1,1,1
179,28,414,116,13,34,1,1,1
180,28,415,117,13,34,1,1,1
181,28,416,117,13,32,1,1,1
182,28,417,116,12,33,1,1,1
183,28,417,117,12,32,1,1,1
184,28,416,116,13,34,1,1,1
185,28,417,117,13,34,1,1,1
186,28,417,116,12,34,1,1,1
187,28,417,117,12,34,1,1,1
188,28,417,116,13,34,1,1,1
189,28,418,116,12,34,1,1,1
190,28,417,116,12,32,1,1,1
191,28,417,115,13,34,1,1,1
192,28,418,115,12,34,1,1,1
193,28,418,115,13,35,1,1,1
194,28,418,115,13,34,1,1,1
195,28,418,115,12,33,1,1,1
196,28,418,115,12,32,1,1,1
197,28,418,116,12,32,1,1,1
198,28,419,116,12,32,1,1,1
199,28,419,115,12,33,1,1,1
200,28,419,116,12,32,1,1,1
201,28,419,115,12,33,1,1,1
202,28,419,115,12,34,1,1,1
203,28,418,117,13,34,1,1,1
204,28,418,116,13,34,1,1,1
205,28,418,116,13,34,1,1,1
206,28,419,116,12,34,1,1,1
207,28,418,117,12,33,1,1,1
208,28,419,117,12,32,1,1,1
209,28,419,116,12,32,1,1,1
210,28,419,115,12,33,1,1,1
211,28,419,117,12,32,1,1,1
212,28,419,116,12,32,1,1,1
213,28,419,116,12,32,1,1,1
214,28,418,116,12,33,1,1,1
215,28,418,116,12,32,1,1,1
216,28,419,116,12,33,1,1,1
217,28,418,116,12,33,1,1,1
218,28,419,116,12,32,1,1,1
219,28,418,117,12,32,1,1,1
220,28,418,116,12,33,1,1,1
221,28,418,116,12,32,1,1,1
222,28,418,116,12,33,1,1,1
223,28,418,116,12,33,1,1,1
224,28,418,116,12,32,1,1,1
225,28,418,116,12,32,1,1,1
226,28,418,116,12,33,1,1,1
227,28,418,116,12,34,1,1,1
228,28,418,115,12,34,1,1,1
229,28,418,115,12,34,1,1,1
230,28,417,115,13,34,1,1,1
231,28,418,116,12,34,1,1,1
232,28,417,116,13,34,1,1,1
233,28,418,116,12,34,1,1,1
234,28,418,116,10,34,1,1,1
235,28,418,117,11,34,1,1,1
236,28,418,116,11,34,1,1,1
237,28,418,116,10,34,1,1,1
238,28,418,116,11,34,1,1,1
239,28,418,116,10,34,1,1,1
240,28,418,117,10,34,1,1,1
241,28,418,117,10,34,1,1,1
242,28,418,118,11,34,1,1,1
243,28,419,118,10,34,1,1,1
244,28,418,117,11,34,1,1,1
245,28,418,117,11,34,1,1,1
246,28,418,116,11,34,1,1,1
247,28,418,116,10,34,1,1,1
248,28,418,115,11,34,1,1,1
249,28,419,115,10,33,1,1,1
250,28,419,114,10,34,1,1,1
251,28,419,114,11,36,1,1,1
252,28,419,114,12,38,1,1,1
253,28,419,115,11,36,1,1,1
254,28,420,116,11,35,1,1,1
255,28,419,117,11,34,1,1,1
256,28,419,118,11,35,1,1,1
257,28,417,119,14,30,1,1,1
258,28,418,119,12,30,1,1,1
259,28,418,118,14,32,1,1,1
260,28,418,118,14,32,1,1,1
261,28,418,119,14,31,1,1,1
262,28,418,120,15,28,1,1,1
263,28,418,119,15,30,1,1,1
264,28,418,119,16,30,1,1,1
265,28,418,121,16,28,1,1,1
266,28,418,120,17,30,1,1,1
267,28,418,120,16,29,1,1,1
268,28,420,119,15,30,1,1,1
269,28,420,119,16,29,1,1,1
270,28,419,119,16,30,1,1,1
271,28,422,122,14,27,1,1,1
272,28,423,123,14,25,1,1,1
273,28,424,123,13,26,1,1,1
274,28,424,122,12,27,1,1,1
275,28,424,121,10,29,1,1,1
276,28,423,122,13,28,1,1,1
277,28,425,120,14,29,1,1,1
278,28,425,119,13,30,1,1,1
279,28,426,119,12,31,1,1,1
280,28,427,120,12,30,1,1,1
281,28,427,120,13,30,1,1,1
282,28,426,120,13,30,1,1,1
283,28,427,121,13,31,1,1,1
284,28,427,121,12,31,1,1,1
285,28,427,117,13,31,1,1,1
286,28,428,118,12,31,1,1,1
287,28,428,118,13,31,1,1,1
288,28,429,119,12,30,1,1,1
289,28,429,119,12,30,1,1,1
290,28,428,119,13,30,1,1,1
291,28,428,118,13,31,1,1,1
292,28,429,119,12,30,1,1,1
293,28,428,118,13,31,1,1,1
294,28,429,118,12,31,1,1,1
295,28,431,118,12,31,1,1,1
296,28,431,118,12,31,1,1,1
297,28,430,117,13,31,1,1,1
298,28,431,118,13,30,1,1,1
299,28,431,118,12,32,1,1,1
300,28,432,118,12,33,1,1,1
301,28,433,116,12,33,1,1,1
302,28,434,119,12,29,1,1,1
303,28,435,118,12,30,1,1,1
304,28,436,119,12,29,1,1,1
305,28,436,119,12,28,1,1,1
306,28,435,119,12,28,1,1,1
307,28,436,119,12,29,1,1,1
308,28,436,119,12,28,1,1,1
309,28,439,119,10,32,1,1,1
310,28,437,118,13,33,1,1,1
311,28,437,119,13,33,1,1,1
312,28,437,119,13,33,1,1,1
313,28,439,117,13,33,1,1,1
314,28,439,118,13,33,1,1,1
315,28,439,118,13,33,1,1,1
316,28,440,119,13,33,1,1,1
317,28,441,118,12,33,1,1,1
318,28,440,119,13,35,1,1,1
319,28,440,119,13,35,1,1,1
320,28,441,116,14,34,1,1,1
321,28,441,117,14,34,1,1,1
322,28,441,118,13,34,1,1,1
323,28,442,117,13,34,1,1,1
324,28,442,117,13,34,1,1,1
325,28,442,118,13,34,1,1,1
326,28,442,118,13,34,1,1,1
327,28,442,118,13,34,1,1,1
328,28,443,118,13,34,1,1,1
329,28,442,118,14,34,1,1,1
330,28,442,118,14,34,1,1,1
331,28,443,118,13,34,1,1,1
332,28,443,118,13,34,1,1,1
333,28,443,118,13,34,1,1,1
334,28,443,118,14,34,1,1,1
335,28,443,118,13,34,1,1,1
336,28,444,118,13,34,1,1,1
337,28,443,118,14,34,1,1,1
338,28,444,118,13,34,1,1,1
339,28,444,118,13,34,1,1,1
340,28,444,117,14,35,1,1,1
341,28,444,117,14,35,1,1,1
342,28,445,117,14,35,1,1,1
343,28,444,117,14,35,1,1,1
344,28,445,117,14,36,1,1,1
345,28,446,117,14,35,1,1,1
346,28,445,118,14,35,1,1,1
347,28,446,118,15,35,1,1,1
348,28,447,117,14,35,1,1,1
349,28,446,118,15,36,1,1,1
350,28,446,118,15,36,1,1,1
351,28,447,118,14,35,1,1,1
352,28,447,118,14,35,1,1,1
353,28,447,118,14,35,1,1,1
354,28,448,119,14,35,1,1,1
355,28,448,118,13,34,1,1,1
356,28,448,118,14,34,1,1,1
357,28,448,118,14,34,1,1,1
358,28,448,118,14,34,1,1,1
359,28,447,117,15,36,1,1,1
360,28,448,118,14,35,1,1,1
361,28,448,118,14,35,1,1,1
362,28,447,117,16,37,1,1,1
363,28,447,117,16,37,1,1,1
364,28,447,117,15,37,1,1,1
365,28,447,117,15,38,1,1,1
366,28,447,117,15,37,1,1,1
367,28,447,117,15,38,1,1,1
368,28,447,117,15,37,1,1,1
369,28,446,119,15,35,1,1,1
370,28,447,119,14,36,1,1,1
371,28,446,119,14,34,1,1,1
372,28,446,119,14,34,1,1,1
373,28,447,120,14,34,1,1,1
374,28,447,119,14,34,1,1,1
375,28,446,119,14,34,1,1,1
376,28,447,119,13,34,1,1,1
377,28,446,119,14,34,1,1,1
378,28,446,119,13,34,1,1,1
379,28,446,119,14,34,1,1,1
380,28,446,119,13,34,1,1,1
381,28,446,119,14,34,1,1,1
382,28,445,118,13,34,1,1,1
383,28,446,120,13,34,1,1,1
384,28,445,119,14,34,1,1,1
385,28,445,120,13,34,1,1,1
386,28,445,120,14,34,1,1,1
387,28,445,119,13,34,1,1,1
388,28,445,118,13,34,1,1,1
389,28,445,120,13,34,1,1,1
390,28,444,119,13,34,1,1,1
391,28,445,120,13,32,1,1,1
392,28,445,120,13,33,1,1,1
393,28,444,120,13,32,1,1,1
394,28,444,120,13,33,1,1,1
395,28,445,120,13,33,1,1,1
396,28,445,119,13,33,1,1,1
397,28,444,121,13,32,1,1,1
398,28,444,121,13,32,1,1,1
399,28,444,120,13,33,1,1,1
400,28,444,121,13,33,1,1,1
401,28,444,121,13,33,1,1,1
402,28,444,120,13,33,1,1,1
403,28,444,120,13,33,1,1,1
404,28,444,120,13,33,1,1,1
405,28,444,121,13,32,1,1,1
406,28,444,121,13,32,1,1,1
407,28,444,121,13,32,1,1,1
408,28,444,121,13,33,1,1,1
409,28,444,121,13,32,1,1,1
410,28,444,120,13,33,1,1,1
411,28,445,121,13,32,1,1,1
412,28,445,121,13,33,1,1,1
413,28,445,121,13,34,1,1,1
414,28,445,121,14,34,1,1,1
415,28,446,121,12,34,1,1,1
416,28,445,120,13,34,1,1,1
417,28,445,120,13,34,1,1,1
418,28,445,120,13,34,1,1,1
419,28,445,121,13,34,1,1,1
420,28,445,121,13,34,1,1,1
421,28,445,120,14,34,1,1,1
422,28,445,120,14,34,1,1,1
423,28,446,120,13,34,1,1,1
424,28,446,120,14,34,1,1,1
425,28,446,120,13,34,1,1,1
426,28,446,120,14,34,1,1,1
427,28,447,120,13,33,1,1,1
428,28,447,121,14,33,1,1,1
429,28,447,121,14,33,1,1,1
430,28,448,121,13,32,1,1,1
431,28,448,121,13,32,1,1,1
432,28,447,121,14,33,1,1,1
433,28,448,121,14,32,1,1,1
434,28,448,121,14,32,1,1,1
435,28,448,121,14,32,1,1,1
436,28,449,121,13,32,1,1,1
437,28,449,121,13,32,1,1,1
438,28,448,121,14,32,1,1,1
439,28,449,121,13,33,1,1,1
440,28,449,121,14,32,1,1,1
441,28,449,121,13,33,1,1,1
442,28,449,121,13,33,1,1,1
443,28,450,121,13,33,1,1,1
444,28,449,121,14,32,1,1,1
445,28,450,122,14,33,1,1,1
446,28,450,122,13,33,1,1,1
447,28,450,121,13,33,1,1,1
448,28,450,121,14,33,1,1,1
449,28,450,122,14,32,1,1,1
450,28,451,121,14,32,1,1,1
451,28,451,121,14,32,1,1,1
452,28,451,121,14,33,1,1,1
453,28,452,122,13,31,1,1,1
454,28,452,122,13,31,1,1,1
455,28,452,122,13,31,1,1,1
456,28,452,122,13,31,1,1,1
457,28,453,122,13,31,1,1,1
458,28,452,121,14,32,1,1,1
459,28,453,121,13,32,1,1,1
460,28,452,121,14,32,1,1,1
461,28,453,121,13,33,1,1,1
462,28,453,121,13,32,1,1,1
463,28,453,121,13,32,1,1,1
464,28,452,121,14,33,1,1,1
465,28,452,121,14,32,1,1,1
466,28,453,121,13,33,1,1,1
467,28,453,121,13,32,1,1,1
468,28,453,121,13,33,1,1,1
469,28,453,121,13,32,1,1,1
470,28,453,121,13,33,1,1,1
471,28,453,121,13,33,1,1,1
472,28,453,121,14,33,1,1,1
473,28,453,121,14,32,1,1,1
474,28,453,121,13,33,1,1,1
475,28,453,121,14,33,1,1,1
476,28,453,121,13,32,1,1,1
477,28,453,121,14,33,1,1,1
478,28,453,121,14,32,1,1,1
479,28,453,121,14,32,1,1,1
480,28,453,121,13,33,1,1,1
481,28,453,121,14,33,1,1,1
482,28,453,121,14,32,1,1,1
483,28,454,122,13,32,1,1,1
484,28,453,121,14,33,1,1,1
485,28,453,121,14,32,1,1,1
486,28,454,121,13,32,1,1,1
487,28,453,121,14,32,1,1,1
488,28,454,122,13,31,1,1,1
489,28,454,122,13,31,1,1,1
490,28,454,123,13,30,1,1,1
491,28,454,122,13,31,1,1,1
492,28,455,123,13,30,1,1,1
493,28,454,122,13,31,1,1,1
494,28,454,123,13,30,1,1,1
495,28,454,122,13,31,1,1,1
496,28,455,123,13,30,1,1,1
497,28,455,122,13,31,1,1,1
498,28,456,123,13,30,1,1,1
499,28,455,122,13,31,1,1,1
500,28,456,123,13,31,1,1,1
501,28,456,123,13,30,1,1,1
502,28,457,122,12,31,1,1,1
503,28,457,123,12,30,1,1,1
504,28,457,123,12,30,1,1,1
505,28,457,123,13,30,1,1,1
506,28,457,122,13,31,1,1,1
507,28,457,123,13,30,1,1,1
508,28,457,122,13,31,1,1,1
509,28,458,122,13,31,1,1,1
510,28,458,123,13,30,1,1,1
511,28,458,123,13,31,1,1,1
512,28,458,123,13,31,1,1,1
513,28,458,123,12,30,1,1,1
514,28,458,123,12,31,1,1,1
515,28,458,122,13,31,1,1,1
516,28,459,123,13,30,1,1,1
517,28,459,122,13,31,1,1,1
518,28,459,123,13,30,1,1,1
519,28,458,123,13,31,1,1,1
520,28,458,123,13,30,1,1,1
521,28,459,123,13,31,1,1,1
522,28,459,123,13,31,1,1,1
523,28,458,123,13,30,1,1,1
524,28,459,123,13,31,1,1,1
525,28,458,123,13,30,1,1,1
526,28,459,123,13,31,1,1,1
527,28,458,123,12,30,1,1,1
528,28,458,123,12,31,1,1,1
529,28,457,123,13,30,1,1,1
530,28,457,123,13,30,1,1,1
531,28,458,123,12,30,1,1,1
532,28,457,123,13,31,1,1,1
533,28,458,122,12,31,1,1,1
534,28,457,122,13,31,1,1,1
535,28,457,122,13,31,1,1,1
536,28,457,123,13,30,1,1,1
537,28,458,123,12,30,1,1,1
538,28,457,123,13,31,1,1,1
539,28,457,123,13,30,1,1,1
540,28,457,123,13,30,1,1,1
541,28,457,123,13,31,1,1,1
542,28,457,123,13,30,1,1,1
543,28,457,123,13,31,1,1,1
544,28,457,123,13,31,1,1,1
545,28,457,123,13,30,1,1,1
546,28,457,123,12,31,1,1,1
547,28,457,123,13,31,1,1,1
548,28,457,123,13,31,1,1,1
549,28,457,123,12,30,1,1,1
550,28,457,123,13,30,1,1,1
551,28,457,123,12,31,1,1,1
552,28,457,123,13,30,1,1,1
553,28,456,121,14,32,1,1,1
554,28,457,122,13,32,1,1,1
555,28,457,121,13,32,1,1,1
556,28,458,121,13,32,1,1,1
557,28,457,121,13,33,1,1,1
558,28,457,121,13,32,1,1,1
559,28,458,121,13,32,1,1,1
560,28,457,121,13,32,1,1,1
561,28,457,121,13,32,1,1,1
562,28,457,122,13,32,1,1,1
563,28,458,121,13,32,1,1,1
564,28,457,122,13,32,1,1,1
565,28,457,121,13,32,1,1,1
566,28,457,121,13,33,1,1,1
567,28,457,121,13,33,1,1,1
568,28,457,121,13,33,1,1,1
569,28,458,122,13,32,1,1,1
570,28,458,122,13,32,1,1,1
571,28,457,122,13,32,1,1,1
572,28,458,122,13,32,1,1,1
573,28,457,122,13,32,1,1,1
574,28,457,122,13,32,1,1,1
575,28,457,122,13,32,1,1,1
576,28,457,122,13,32,1,1,1
577,28,456,122,13,32,1,1,1
578,28,456,122,13,32,1,1,1
579,28,457,122,13,32,1,1,1
580,28,456,121,13,33,1,1,1
581,28,456,122,13,32,1,1,1
582,28,455,122,14,32,1,1,1
583,28,456,121,13,33,1,1,1
584,28,455,122,14,32,1,1,1
585,28,455,122,14,32,1,1,1
586,28,455,121,14,33,1,1,1
587,28,455,122,13,32,1,1,1
588,28,455,121,14,33,1,1,1
589,28,455,122,14,32,1,1,1
590,28,455,121,14,33,1,1,1
591,28,455,122,14,32,1,1,1
592,28,455,122,14,32,1,1,1
593,28,455,121,13,33,1,1,1
594,28,455,121,13,33,1,1,1
595,28,455,122,13,32,1,1,1
596,28,455,122,14,32,1,1,1
597,28,455,122,13,32,1,1,1
598,28,455,121,14,32,1,1,1
599,28,455,121,14,32,1,1,1
600,28,455,120,14,33,1,1,1
601,28,455,122,13,32,1,1,1
602,28,455,122,13,32,1,1,1
603,28,455,122,14,32,1,1,1
604,28,455,122,13,32,1,1,1
605,28,455,123,14,32,1,1,1
606,28,455,122,14,32,1,1,1
607,28,455,122,14,33,1,1,1
608,28,456,121,13,33,1,1,1
609,28,456,122,13,33,1,1,1
610,28,456,121,14,33,1,1,1
611,28,457,122,13,32,1,1,1
612,28,457,122,13,32,1,1,1
613,28,457,121,13,33,1,1,1
614,28,457,121,13,33,1,1,1
615,28,457,123,13,32,1,1,1
616,28,457,122,13,32,1,1,1
617,28,457,121,13,33,1,1,1
618,28,457,122,14,33,1,1,1
619,28,457,121,13,33,1,1,1
620,28,457,122,13,32,1,1,1
621,28,457,121,13,33,1,1,1
622,28,457,122,13,32,1,1,1
623,28,457,121,13,33,1,1,1
624,28,457,121,13,33,1,1,1
625,28,457,121,13,33,1,1,1
626,28,457,121,13,32,1,1,1
627,28,456,121,14,33,1,1,1
628,28,457,121,13,33,1,1,1
629,28,457,121,13,33,1,1,1
630,28,457,123,13,33,1,1,1
631,28,457,122,13,32,1,1,1
632,28,456,121,14,33,1,1,1
633,28,457,122,13,32,1,1,1
634,28,456,121,14,33,1,1,1
635,28,457,121,13,33,1,1,1
636,28,457,121,13,33,1,1,1
637,28,457,122,13,32,1,1,1
638,28,457,123,14,32,1,1,1
639,28,457,123,14,32,1,1,1
640,28,457,123,14,33,1,1,1
641,28,457,122,13,32,1,1,1
642,28,457,123,14,33,1,1,1
643,28,457,122,13,32,1,1,1
644,28,456,121,14,33,1,1,1
645,28,458,122,13,32,1,1,1
646,28,458,122,13,32,1,1,1
647,28,458,121,13,32,1,1,1
648,28,458,122,13,32,1,1,1
649,28,458,122,13,32,1,1,1
650,28,458,122,13,32,1,1,1
651,28,458,122,13,32,1,1,1
652,28,457,121,13,33,1,1,1
653,28,458,122,14,32,1,1,1
654,28,458,121,13,32,1,1,1
655,28,458,122,13,32,1,1,1
656,28,458,122,13,32,1,1,1
657,28,458,122,14,32,1,1,1
658,28,458,122,14,32,1,1,1
659,28,457,122,13,32,1,1,1
660,28,458,122,13,32,1,1,1
661,28,458,122,13,32,1,1,1
662,28,457,121,13,33,1,1,1
663,28,457,122,13,32,1,1,1
664,28,456,121,14,33,1,1,1
665,28,456,121,13,33,1,1,1
666,28,456,121,13,33,1,1,1
667,28,456,122,13,32,1,1,1
668,28,455,122,14,32,1,1,1
669,28,455,121,14,33,1,1,1
670,28,455,121,13,33,1,1,1
671,28,454,121,14,32,1,1,1
672,28,454,121,14,33,1,1,1
673,28,454,121,13,33,1,1,1
674,28,453,121,14,32,1,1,1
675,28,454,121,13,32,1,1,1
676,28,453,120,14,33,1,1,1
677,28,454,121,13,33,1,1,1
678,28,453,121,14,33,1,1,1
679,28,453,121,14,33,1,1,1
680,28,453,121,13,33,1,1,1
681,28,453,121,13,32,1,1,1
682,28,453,121,14,32,1,1,1
683,28,453,122,13,32,1,1,1
684,28,453,121,14,33,1,1,1
685,28,452,121,14,33,1,1,1
686,28,453,121,13,33,1,1,1
687,28,452,121,14,33,1,1,1
688,28,453,121,14,33,1,1,1
689,28,452,121,14,34,1,1,1
690,28,453,121,14,35,1,1,1
691,28,453,121,14,34,1,1,1
692,28,453,121,14,35,1,1,1
693,28,453,121,14,35,1,1,1
694,28,453,121,14,35,1,1,1
695,28,454,123,13,32,1,1,1
696,28,453,122,14,32,1,1,1
697,28,453,123,14,33,1,1,1
698,28,453,124,14,32,1,1,1
699,28,453,122,14,32,1,1,1
700,28,453,122,14,32,1,1,1
701,28,453,123,14,32,1,1,1
702,28,454,122,13,32,1,1,1
703,28,453,122,14,32,1,1,1
704,28,454,123,13,33,1,1,1
705,28,453,123,14,33,1,1,1
706,28,453,123,14,32,1,1,1
707,28,453,123,14,33,1,1,1
708,28,453,123,14,32,1,1,1
709,28,453,122,14,32,1,1,1
710,28,454,123,14,32,1,1,1
711,28,454,121,13,33,1,1,1
712,28,454,123,13,32,1,1,1
713,28,453,123,14,32,1,1,1
714,28,453,122,14,32,1,1,1
715,28,453,123,14,33,1,1,1
716,28,454,123,13,32,1,1,1
717,28,454,123,14,32,1,1,1
718,28,454,123,14,32,1,1,1
719,28,455,123,13,32,1,1,1
720,28,455,123,13,32,1,1,1
721,28,455,122,13,32,1,1,1
722,28,455,123,14,32,1,1,1
723,28,455,121,14,34,1,1,1
724,28,455,122,14,34,1,1,1
725,28,455,121,14,35,1,1,1
726,28,455,121,14,35,1,1,1
727,28,455,122,14,34,1,1,1
728,28,456,122,14,34,1,1,1
729,28,456,121,14,34,1,1,1
730,28,457,122,14,34,1,1,1
731,28,457,122,14,34,1,1,1
732,28,456,121,15,35,1,1,1
733,28,456,121,15,35,1,1,1
734,28,456,121,15,35,1,1,1
735,28,456,121,15,34,1,1,1
736,28,456,121,15,35,1,1,1
737,28,456,121,15,34,1,1,1
738,28,456,121,15,34,1,1,1
739,28,456,121,15,35,1,1,1
740,28,456,122,13,32,1,1,1
741,28,456,121,14,33,1,1,1
742,28,456,121,14,33,1,1,1
743,28,457,122,13,32,1,1,1
744,28,456,121,13,32,1,1,1
745,28,456,121,14,33,1,1,1
746,28,455,122,14,32,1,1,1
747,28,455,121,14,33,1,1,1
748,28,455,121,14,32,1,1,1
749,28,455,121,14,33,1,1,1
750,28,455,121,13,33,1,1,1
751,28,455,121,13,33,1,1,1
752,28,455,122,13,32,1,1,1
753,28,455,121,14,33,1,1,1
754,28,455,121,13,33,1,1,1
755,28,455,121,13,32,1,1,1
756,28,455,121,14,33,1,1,1
757,28,455,121,13,33,1,1,1
758,28,455,121,13,33,1,1,1
759,28,455,121,13,32,1,1,1
760,28,454,121,14,33,1,1,1
761,28,455,121,13,33,1,1,1
762,28,455,121,13,33,1,1,1
763,28,455,121,13,33,1,1,1
764,28,454,121,14,32,1,1,1
765,28,454,121,14,33,1,1,1
766,28,455,121,13,33,1,1,1
767,28,454,121,14,33,1,1,1
768,28,454,121,14,32,1,1,1
769,28,454,121,14,33,1,1,1
770,28,454,121,14,32,1,1,1
771,28,454,121,14,32,1,1,1
772,28,454,121,14,33,1,1,1
773,28,454,121,13,32,1,1,1
774,28,454,123,14,32,1,1,1
775,28,453,123,15,35,1,1,1
776,28,453,124,16,36,1,1,1
777,28,452,124,16,37,1,1,1
778,28,453,127,14,35,1,1,1
779,28,454,127,14,37,1,1,1
780,28,454,129,14,37,1,1,1
781,28,453,130,15,36,1,1,1
782,28,454,133,14,35,1,1,1
783,28,453,134,15,35,1,1,1
784,28,453,135,15,32,1,1,1
785,28,452,135,16,33,1,1,1
786,28,452,136,15,31,1,1,1
787,28,452,136,15,33,1,1,1
788,28,450,136,16,33,1,1,1
789,28,451,135,16,33,1,1,1
790,28,451,136,15,33,1,1,1
791,28,450,135,17,33,1,1,1
792,28,450,135,16,33,1,1,1
793,28,449,133,18,35,1,1,1
794,28,449,133,17,35,1,1,1
795,28,448,131,17,36,1,1,1
796,28,448,133,18,35,1,1,1
797,28,448,132,17,35,1,1,1
798,28,448,132,18,35,1,1,1
799,28,450,131,15,36,1,1,1
800,28,451,132,16,35,1,1,1
801,28,451,133,16,35,1,1,1
802,28,450,133,16,35,1,1,1
803,28,449,133,15,35,1,1,1
804,28,449,132,15,37,1,1,1
805,28,449,131,15,37,1,1,1
806,28,448,131,16,37,1,1,1
807,28,447,132,18,36,1,1,1
808,28,448,131,18,38,1,1,1
809,28,446,130,21,39,1,1,1
810,28,446,131,23,39,1,1,1
811,28,444,130,25,39,1,1,1
812,28,444,131,25,39,1,1,1
813,28,444,130,26,39,1,1,1
814,28,444,130,26,39,1,1,1
815,28,443,129,27,39,1,1,1
816,28,443,130,27,39,1,1,1
817,28,442,130,28,39,1,1,1
818,28,442,130,25,39,1,1,1
819,28,442,131,24,39,1,1,1
820,28,443,131,22,39,1,1,1
821,28,443,131,22,39,1,1,1
822,28,444,132,20,39,1,1,1
823,28,444,131,18,39,1,1,1
824,28,444,131,17,39,1,1,1
825,28,446,131,16,39,1,1,1
826,28,446,131,15,39,1,1,1
827,28,446,130,14,40,1,1,1
828,28,446,129,15,41,1,1,1
829,28,446,129,15,41,1,1,1
830,28,446,129,15,41,1,1,1
831,28,446,130,15,41,1,1,1
832,28,446,130,14,41,1,1,1
833,28,446,130,14,41,1,1,1
834,28,446,130,14,41,1,1,1
835,28,447,130,14,41,1,1,1
836,28,447,130,13,41,1,1,1
837,28,447,130,14,41,1,1,1
838,28,447,130,14,41,1,1,1
839,28,447,131,14,41,1,1,1
840,28,447,130,14,41,1,1,1
841,28,448,130,14,41,1,1,1
842,28,448,130,14,41,1,1,1
843,28,448,131,14,41,1,1,1
844,28,448,130,14,41,1,1,1
845,28,448,130,14,41,1,1,1
846,28,448,129,15,41,1,1,1
847,28,449,129,15,42,1,1,1
848,28,448,129,15,42,1,1,1
849,28,450,130,15,43,1,1,1
850,28,450,132,15,42,1,1,1
851,28,451,131,14,40,1,1,1
852,28,451,130,15,42,1,1,1
853,28,451,130,15,43,1,1,1
854,28,451,130,15,42,1,1,1
855,28,451,130,15,43,1,1,1
856,28,451,130,15,43,1,1,1
857,28,452,130,15,43,1,1,1
858,28,452,131,16,42,1,1,1
859,28,452,132,16,42,1,1,1
860,28,452,130,16,45,1,1,1
861,28,453,130,16,44,1,1,1
862,28,452,129,16,45,1,1,1
863,28,452,129,16,44,1,1,1
864,28,453,130,16,44,1,1,1
865,28,453,132,16,44,1,1,1
866,28,453,131,16,42,1,1,1
867,28,454,130,16,43,1,1,1
868,28,454,132,15,42,1,1,1
869,28,454,131,16,42,1,1,1
870,28,454,131,16,42,1,1,1
871,28,455,131,15,42,1,1,1
872,28,454,130,16,43,1,1,1
873,28,454,130,16,43,1,1,1
874,28,454,130,16,43,1,1,1
875,28,455,129,15,42,1,1,1
876,28,455,130,15,42,1,1,1
877,28,455,130,15,42,1,1,1
878,28,454,129,16,42,1,1,1
879,28,454,130,16,43,1,1,1
880,28,454,130,16,43,1,1,1
881,28,454,130,16,42,1,1,1
882,28,454,130,16,43,1,1,1
883,28,455,130,15,43,1,1,1
884,28,455,131,15,42,1,1,1
885,28,454,131,16,42,1,1,1
886,28,455,131,15,42,1,1,1
887,28,454,130,16,43,1,1,1
888,28,454,130,16,43,1,1,1
889,28,454,132,16,42,1,1,1
890,28,454,132,15,42,1,1,1
891,28,454,132,15,42,1,1,1
892,28,453,132,16,42,1,1,1
893,28,453,132,16,42,1,1,1
894,28,454,132,15,42,1,1,1
895,28,453,132,16,42,1,1,1
896,28,454,132,15,42,1,1,1
897,28,454,132,16,42,1,1,1
898,28,454,132,15,40,1,1,1
899,28,455,133,14,40,1,1,1
900,28,455,133,14,40,1,1,1
1,29,425,117,12,28,1,1,1
2,29,426,116,10,32,1,1,1
3,29,424,116,13,31,1,1,1
4,29,425,116,13,31,1,1,1
5,29,425,116,13,31,1,1,1
6,29,425,116,13,32,1,1,1
7,29,425,115,12,31,1,1,1
8,29,425,116,13,31,1,1,1
9,29,425,117,13,31,1,1,1
10,29,425,117,12,30,1,1,1
11,29,425,117,12,30,1,1,1
12,29,425,117,12,31,1,1,1
13,29,425,118,13,30,1,1,1
14,29,425,117,12,31,1,1,1
15,29,425,119,12,30,1,1,1
16,29,425,119,12,30,1,1,1
17,29,425,118,12,30,1,1,1
18,29,425,119,12,30,1,1,1
19,29,425,118,13,30,1,1,1
20,29,426,118,12,30,1,1,1
21,29,426,119,12,30,1,1,1
22,29,426,118,12,30,1,1,1
23,29,424,116,13,31,1,1,1
24,29,424,116,13,33,1,1,1
25,29,425,116,12,30,1,1,1
26,29,426,118,11,30,1,1,1
27,29,426,119,11,29,1,1,1
28,29,426,119,11,29,1,1,1
29,29,426,119,12,30,1,1,1
30,29,426,119,11,30,1,1,1
31,29,426,119,12,30,1,1,1
32,29,426,119,11,30,1,1,1
33,29,424,116,13,31,1,1,1
34,29,424,118,13,28,1,1,1
35,29,424,120,13,25,1,1,1
36,29,424,120,14,27,1,1,1
37,29,424,119,14,27,1,1,1
38,29,424,120,13,28,1,1,1
39,29,424,119,14,28,1,1,1
40,29,424,119,13,28,1,1,1
41,29,424,120,14,27,1,1,1
42,29,425,119,13,29,1,1,1
43,29,424,119,14,28,1,1,1
44,29,424,120,14,28,1,1,1
45,29,424,117,14,30,1,1,1
46,29,424,117,14,31,1,1,1
47,29,424,117,14,30,1,1,1
48,29,424,119,13,28,1,1,1
49,29,424,117,14,30,1,1,1
50,29,424,118,13,30,1,1,1
51,29,424,117,13,31,1,1,1
52,29,424,118,14,30,1,1,1
53,29,424,119,13,30,1,1,1
54,29,424,119,13,30,1,1,1
55,29,424,118,13,30,1,1,1
56,29,424,119,13,30,1,1,1
57,29,424,119,14,30,1,1,1
58,29,424,119,13,30,1,1,1
59,29,424,119,13,30,1,1,1
60,29,424,119,13,30,1,1,1
61,29,423,121,14,30,1,1,1
62,29,423,120,14,30,1,1,1
63,29,423,120,14,30,1,1,1
64,29,423,117,13,30,1,1,1
65,29,422,119,14,28,1,1,1
66,29,421,120,14,24,1,1,1
67,29,421,119,14,25,1,1,1
68,29,419,118,16,27,1,1,1
69,29,420,120,15,25,1,1,1
70,29,421,120,14,25,1,1,1
71,29,421,118,14,27,1,1,1
72,29,421,119,14,27,1,1,1
73,29,421,119,13,28,1,1,1
74,29,420,119,15,27,1,1,1
75,29,421,120,13,27,1,1,1
76,29,421,120,13,26,1,1,1
77,29,421,121,13,26,1,1,1
78,29,420,119,14,28,1,1,1
79,29,419,120,15,27,1,1,1
80,29,420,121,14,25,1,1,1
81,29,420,121,12,25,1,1,1
82,29,419,121,13,25,1,1,1
83,29,419,120,13,27,1,1,1
84,29,420,121,12,25,1,1,1
85,29,419,120,12,27,1,1,1
86,29,419,119,13,28,1,1,1
87,29,419,118,13,28,1,1,1
88,29,420,121,12,27,1,1,1
89,29,419,120,12,26,1,1,1
90,29,419,120,12,26,1,1,1
91,29,418,120,12,26,1,1,1
92,29,418,118,12,27,1,1,1
93,29,418,119,14,29,1,1,1
94,29,418,118,12,30,1,1,1
95,29,418,119,12,29,1,1,1
96,29,418,118,13,31,1,1,1
97,29,418,117,12,31,1,1,1
98,29,417,118,14,30,1,1,1
99,29,417,119,14,28,1,1,1
100,29,417,120,13,27,1,1,1
101,29,418,119,13,28,1,1,1
102,29,417,118,13,29,1,1,1
103,29,417,118,13,28,1,1,1
104,29,416,118,13,28,1,1,1
105,29,417,118,14,29,1,1,1
106,29,417,118,12,28,1,1,1
107,29,417,118,13,28,1,1,1
108,29,418,118,13,29,1,1,1
109,29,417,119,13,26,1,1,1
110,29,417,119,13,26,1,1,1
111,29,417,119,13,26,1,1,1
112,29,417,119,13,26,1,1,1
113,29,418,120,13,25,1,1,1
114,29,418,120,13,25,1,1,1
115,29,418,120,13,25,1,1,1
116,29,418,120,13,25,1,1,1
117,29,418,120,13,25,1,1,1
118,29,418,120,13,25,1,1,1
119,29,418,120,13,25,1,1,1
120,29,418,120,13,25,1,1,1
121,29,418,120,13,25,1,1,1
122,29,418,120,13,25,1,1,1
123,29,417,120,13,25,1,1,1
124,29,417,121,13,25,1,1,1
125,29,417,121,13,25,1,1,1
126,29,417,121,13,25,1,1,1
127,29,417,121,13,25,1,1,1
128,29,417,121,13,25,1,1,1
129,29,417,121,13,25,1,1,1
130,29,417,121,13,25,1,1,1
131,29,417,120,13,25,1,1,1
132,29,417,121,13,25,1,1,1
133,29,416,119,13,26,1,1,1
134,29,415,119,14,26,1,1,1
135,29,418,119,12,27,1,1,1
136,29,418,118,13,27,1,1,1
137,29,418,119,12,26,1,1,1
138,29,418,118,12,27,1,1,1
139,29,417,118,14,27,1,1,1
140,29,417,119,13,27,1,1,1
141,29,419,120,13,27,1,1,1
142,29,419,120,13,25,1,1,1
143,29,418,119,13,26,1,1,1
144,29,419,118,12,28,1,1,1
145,29,419,118,12,28,1,1,1
146,29,419,118,13,28,1,1,1
147,29,421,117,13,31,1,1,1
148,29,421,116,13,30,1,1,1
149,29,421,117,13,30,1,1,1
150,29,422,119,13,30,1,1,1
151,29,422,120,13,30,1,1,1
152,29,422,117,13,30,1,1,1
153,29,421,117,14,31,1,1,1
154,29,422,117,14,32,1,1,1
155,29,422,117,14,31,1,1,1
156,29,424,119,13,29,1,1,1
157,29,423,118,13,30,1,1,1
158,29,423,118,15,32,1,1,1
159,29,423,117,14,32,1,1,1
160,29,423,118,15,30,1,1,1
161,29,423,117,14,32,1,1,1
162,29,423,117,15,31,1,1,1
163,29,424,120,14,30,1,1,1
164,29,424,117,14,30,1,1,1
165,29,424,116,15,30,1,1,1
166,29,423,117,15,30,1,1,1
167,29,423,117,15,30,1,1,1
168,29,423,117,15,30,1,1,1
169,29,423,116,15,30,1,1,1
170,29,424,116,15,30,1,1,1
171,29,425,117,14,30,1,1,1
172,29,425,120,14,29,1,1,1
173,29,425,119,15,30,1,1,1
174,29,426,119,14,29,1,1,1
175,29,425,119,15,29,1,1,1
176,29,425,119,15,29,1,1,1
177,29,425,119,14,28,1,1,1
178,29,426,119,14,28,1,1,1
179,29,426,119,14,28,1,1,1
180,29,426,119,14,30,1,1,1
181,29,426,117,13,29,1,1,1
182,29,425,117,13,28,1,1,1
183,29,425,119,14,28,1,1,1
184,29,425,119,14,28,1,1,1
185,29,426,119,14,28,1,1,1
186,29,426,120,14,28,1,1,1
187,29,426,120,14,28,1,1,1
188,29,426,120,14,28,1,1,1
189,29,426,119,14,28,1,1,1
190,29,427,119,13,28,1,1,1
191,29,427,119,13,28,1,1,1
192,29,427,119,13,28,1,1,1
193,29,427,118,13,28,1,1,1
194,29,426,119,14,28,1,1,1
195,29,427,119,14,28,1,1,1
196,29,427,119,13,28,1,1,1
197,29,426,116,17,31,1,1,1
198,29,426,119,14,28,1,1,1
199,29,426,118,15,28,1,1,1
200,29,426,121,15,28,1,1,1
201,29,426,117,15,28,1,1,1
202,29,425,117,15,29,1,1,1
203,29,426,119,14,28,1,1,1
204,29,425,118,15,30,1,1,1
205,29,426,119,15,30,1,1,1
206,29,426,120,15,30,1,1,1
207,29,426,119,15,29,1,1,1
208,29,426,121,15,29,1,1,1
209,29,426,119,15,30,1,1,1
210,29,426,119,15,29,1,1,1
211,29,426,120,15,29,1,1,1
212,29,426,119,15,30,1,1,1
213,29,426,119,15,30,1,1,1
214,29,427,120,14,28,1,1,1
215,29,426,120,15,28,1,1,1
216,29,426,120,15,28,1,1,1
217,29,426,121,15,28,1,1,1
218,29,427,121,15,30,1,1,1
219,29,426,118,14,26,1,1,1
220,29,427,120,14,26,1,1,1
221,29,427,122,14,24,1,1,1
222,29,427,122,14,25,1,1,1
223,29,427,122,14,26,1,1,1
224,29,427,122,15,26,1,1,1
225,29,427,122,14,26,1,1,1
226,29,428,123,14,25,1,1,1
227,29,428,122,13,24,1,1,1
228,29,427,122,14,25,1,1,1
229,29,428,121,14,26,1,1,1
230,29,429,122,14,26,1,1,1
231,29,429,121,14,27,1,1,1
232,29,428,122,15,26,1,1,1
233,29,428,120,15,26,1,1,1
234,29,428,121,15,26,1,1,1
235,29,427,119,15,27,1,1,1
236,29,428,120,14,25,1,1,1
237,29,427,119,14,27,1,1,1
238,29,427,119,15,27,1,1,1
239,29,429,119,15,26,1,1,1
240,29,431,118,14,27,1,1,1
241,29,430,118,15,27,1,1,1
242,29,430,117,15,27,1,1,1
243,29,431,117,14,27,1,1,1
244,29,430,117,15,27,1,1,1
245,29,430,116,15,27,1,1,1
246,29,430,117,15,27,1,1,1
247,29,431,117,14,27,1,1,1
248,29,430,118,15,27,1,1,1
249,29,430,116,15,27,1,1,1
250,29,430,118,15,26,1,1,1
251,29,431,117,14,27,1,1,1
252,29,430,117,15,27,1,1,1
253,29,431,117,15,27,1,1,1
254,29,430,118,15,26,1,1,1
255,29,431,117,14,27,1,1,1
256,29,431,118,14,27,1,1,1
257,29,429,119,15,29,1,1,1
258,29,430,118,15,29,1,1,1
259,29,430,118,15,29,1,1,1
260,29,428,117,16,30,1,1,1
261,29,429,120,16,29,1,1,1
262,29,429,121,16,29,1,1,1
263,29,429,121,16,29,1,1,1
264,29,430,121,15,30,1,1,1
265,29,430,121,16,30,1,1,1
266,29,430,121,16,30,1,1,1
267,29,430,121,15,30,1,1,1
268,29,430,121,15,30,1,1,1
269,29,430,121,15,29,1,1,1
270,29,430,121,15,30,1,1,1
271,29,429,121,16,29,1,1,1
272,29,430,121,15,30,1,1,1
273,29,430,122,15,29,1,1,1
274,29,430,118,16,32,1,1,1
275,29,430,120,16,32,1,1,1
276,29,430,120,16,32,1,1,1
277,29,430,119,15,30,1,1,1
278,29,431,119,15,31,1,1,1
279,29,431,119,16,31,1,1,1
280,29,431,118,16,32,1,1,1
281,29,431,119,16,30,1,1,1
282,29,431,119,16,30,1,1,1
283,29,434,119,12,31,1,1,1
284,29,433,119,13,32,1,1,1
285,29,434,119,13,32,1,1,1
286,29,434,119,13,32,1,1,1
287,29,434,119,13,30,1,1,1
288,29,434,119,13,31,1,1,1
289,29,434,119,13,30,1,1,1
290,29,433,119,14,30,1,1,1
291,29,434,119,13,31,1,1,1
292,29,433,119,14,32,1,1,1
293,29,434,119,14,32,1,1,1
294,29,433,118,15,31,1,1,1
295,29,434,118,14,31,1,1,1
296,29,433,118,14,32,1,1,1
297,29,434,119,13,30,1,1,1
298,29,433,118,15,33,1,1,1
299,29,432,119,15,33,1,1,1
300,29,433,117,14,36,1,1,1
301,29,434,117,13,34,1,1,1
302,29,434,118,13,34,1,1,1
303,29,434,118,13,32,1,1,1
304,29,434,118,13,34,1,1,1
305,29,434,118,13,33,1,1,1
306,29,433,119,14,32,1,1,1
307,29,435,119,13,31,1,1,1
308,29,433,119,14,30,1,1,1
309,29,433,119,14,32,1,1,1
310,29,433,118,14,32,1,1,1
311,29,433,118,14,32,1,1,1
312,29,433,118,14,32,1,1,1
313,29,433,119,14,32,1,1,1
314,29,433,118,14,33,1,1,1
315,29,433,116,14,33,1,1,1
316,29,434,118,14,33,1,1,1
317,29,434,119,14,32,1,1,1
318,29,433,117,14,32,1,1,1
319,29,433,117,14,32,1,1,1
320,29,434,119,14,32,1,1,1
321,29,434,118,13,33,1,1,1
322,29,434,119,13,34,1,1,1
323,29,434,119,13,33,1,1,1
324,29,434,119,13,33,1,1,1
325,29,435,119,13,33,1,1,1
326,29,436,119,13,33,1,1,1
327,29,436,119,13,34,1,1,1
328,29,436,119,13,35,1,1,1
329,29,436,118,13,35,1,1,1
330,29,435,119,14,35,1,1,1
331,29,435,118,14,35,1,1,1
332,29,436,119,14,35,1,1,1
333,29,436,119,13,35,1,1,1
334,29,436,119,14,35,1,1,1
335,29,436,118,13,35,1,1,1
336,29,436,119,13,35,1,1,1
337,29,436,119,14,35,1,1,1
338,29,436,118,14,35,1,1,1
339,29,436,119,14,35,1,1,1
340,29,436,118,14,35,1,1,1
341,29,436,120,14,35,1,1,1
342,29,436,119,14,35,1,1,1
343,29,436,119,13,35,1,1,1
344,29,435,119,14,35,1,1,1
345,29,436,118,13,35,1,1,1
346,29,436,119,13,35,1,1,1
347,29,435,119,14,35,1,1,1
348,29,435,119,14,35,1,1,1
349,29,435,120,13,33,1,1,1
350,29,436,119,13,34,1,1,1
351,29,435,120,13,33,1,1,1
352,29,436,119,13,34,1,1,1
353,29,436,119,13,34,1,1,1
354,29,435,119,13,34,1,1,1
355,29,436,119,13,34,1,1,1
356,29,435,119,13,34,1,1,1
357,29,436,120,13,33,1,1,1
358,29,435,119,13,34,1,1,1
359,29,436,120,13,33,1,1,1
360,29,435,119,13,34,1,1,1
361,29,436,120,13,33,1,1,1
362,29,436,119,13,34,1,1,1
363,29,435,119,14,35,1,1,1
364,29,435,119,14,35,1,1,1
365,29,435,119,14,35,1,1,1
366,29,435,119,14,35,1,1,1
367,29,435,119,14,35,1,1,1
368,29,435,119,14,35,1,1,1
369,29,435,119,14,35,1,1,1
370,29,435,119,14,35,1,1,1
371,29,435,119,14,35,1,1,1
372,29,436,119,13,35,1,1,1
373,29,436,119,14,35,1,1,1
374,29,436,119,14,35,1,1,1
375,29,436,119,14,35,1,1,1
376,29,436,119,14,35,1,1,1
377,29,436,119,14,35,1,1,1
378,29,436,119,14,35,1,1,1
379,29,436,119,14,35,1,1,1
380,29,436,119,14,35,1,1,1
381,29,436,119,14,35,1,1,1
382,29,437,119,13,35,1,1,1
383,29,436,119,14,35,1,1,1
384,29,436,119,14,35,1,1,1
385,29,436,118,14,35,1,1,1
386,29,436,119,14,35,1,1,1
387,29,436,119,13,35,1,1,1
388,29,436,119,13,35,1,1,1
389,29,436,119,14,35,1,1,1
390,29,436,119,14,35,1,1,1
391,29,436,119,14,35,1,1,1
392,29,437,119,14,35,1,1,1
393,29,436,120,14,35,1,1,1
394,29,437,119,14,35,1,1,1
395,29,437,119,14,35,1,1,1
396,29,437,119,14,35,1,1,1
397,29,437,120,14,35,1,1,1
398,29,437,120,14,35,1,1,1
399,29,437,119,14,35,1,1,1
400,29,437,119,14,35,1,1,1
401,29,437,119,14,35,1,1,1
402,29,437,119,14,35,1,1,1
403,29,438,120,14,35,1,1,1
404,29,438,119,14,35,1,1,1
405,29,438,120,14,35,1,1,1
406,29,438,119,14,35,1,1,1
407,29,437,119,14,35,1,1,1
408,29,438,120,14,35,1,1,1
409,29,438,119,14,35,1,1,1
410,29,438,120,14,35,1,1,1
411,29,437,119,15,35,1,1,1
412,29,438,119,15,35,1,1,1
413,29,437,119,14,35,1,1,1
414,29,436,120,16,35,1,1,1
415,29,437,118,15,37,1,1,1
416,29,437,119,14,36,1,1,1
417,29,437,120,15,35,1,1,1
418,29,435,120,14,31,1,1,1
419,29,437,120,13,30,1,1,1
420,29,437,119,13,32,1,1,1
421,29,435,119,14,30,1,1,1
422,29,435,119,15,33,1,1,1
423,29,436,119,14,33,1,1,1
424,29,435,118,15,33,1,1,1
425,29,436,120,14,33,1,1,1
426,29,436,120,15,33,1,1,1
427,29,436,119,15,33,1,1,1
428,29,436,119,14,33,1,1,1
429,29,436,120,15,33,1,1,1
430,29,436,120,14,33,1,1,1
431,29,436,119,15,33,1,1,1
432,29,436,119,15,33,1,1,1
433,29,437,120,15,33,1,1,1
434,29,436,120,15,33,1,1,1
435,29,437,119,15,33,1,1,1
436,29,437,119,15,33,1,1,1
437,29,437,120,15,33,1,1,1
438,29,437,120,15,33,1,1,1
439,29,437,120,15,33,1,1,1
440,29,437,120,15,33,1,1,1
441,29,437,119,15,33,1,1,1
442,29,437,120,15,33,1,1,1
443,29,437,119,15,33,1,1,1
444,29,437,120,15,33,1,1,1
445,29,437,120,15,33,1,1,1
446,29,437,120,15,33,1,1,1
447,29,437,119,15,33,1,1,1
448,29,439,120,14,33,1,1,1
449,29,438,118,15,35,1,1,1
450,29,438,118,15,35,1,1,1
451,29,439,120,14,33,1,1,1
452,29,439,119,14,33,1,1,1
453,29,439,119,14,33,1,1,1
454,29,439,120,14,33,1,1,1
455,29,438,119,15,33,1,1,1
456,29,438,119,15,35,1,1,1
457,29,438,119,15,35,1,1,1
458,29,439,120,15,34,1,1,1
459,29,439,120,15,34,1,1,1
460,29,439,119,15,35,1,1,1
461,29,438,119,15,35,1,1,1
462,29,438,119,15,34,1,1,1
463,29,437,119,16,35,1,1,1
464,29,438,119,15,35,1,1,1
465,29,437,119,16,35,1,1,1
466,29,439,120,15,34,1,1,1
467,29,437,119,16,34,1,1,1
468,29,438,119,15,34,1,1,1
469,29,437,119,16,35,1,1,1
470,29,438,119,15,35,1,1,1
471,29,437,118,16,35,1,1,1
472,29,438,118,15,35,1,1,1
473,29,437,120,16,34,1,1,1
474,29,437,118,16,35,1,1,1
475,29,438,119,15,34,1,1,1
476,29,438,119,15,35,1,1,1
477,29,438,119,15,35,1,1,1
478,29,439,119,15,34,1,1,1
479,29,439,119,15,35,1,1,1
480,29,438,119,15,34,1,1,1
481,29,439,120,15,34,1,1,1
482,29,439,120,15,35,1,1,1
483,29,439,120,15,34,1,1,1
484,29,439,119,15,35,1,1,1
485,29,439,120,15,35,1,1,1
486,29,440,120,15,34,1,1,1
487,29,440,120,15,35,1,1,1
488,29,440,120,15,34,1,1,1
489,29,440,120,15,35,1,1,1
490,29,440,120,15,34,1,1,1
491,29,440,120,15,34,1,1,1
492,29,440,120,15,34,1,1,1
493,29,440,120,15,34,1,1,1
494,29,441,121,15,34,1,1,1
495,29,441,120,15,35,1,1,1
496,29,440,121,15,34,1,1,1
497,29,441,120,15,35,1,1,1
498,29,440,120,15,35,1,1,1
499,29,440,120,15,34,1,1,1
500,29,440,120,15,34,1,1,1
501,29,441,120,15,35,1,1,1
502,29,440,120,15,35,1,1,1
503,29,440,120,15,35,1,1,1
504,29,440,121,15,34,1,1,1
505,29,440,121,15,34,1,1,1
506,29,441,121,15,34,1,1,1
507,29,440,120,15,35,1,1,1
508,29,441,120,15,35,1,1,1
509,29,440,121,15,34,1,1,1
510,29,440,120,15,35,1,1,1
511,29,441,120,15,35,1,1,1
512,29,441,120,15,35,1,1,1
513,29,441,120,15,35,1,1,1
514,29,441,121,15,34,1,1,1
515,29,441,119,14,33,1,1,1
516,29,441,121,14,33,1,1,1
517,29,442,121,14,33,1,1,1
518,29,441,120,14,33,1,1,1
519,29,442,120,14,33,1,1,1
520,29,441,121,14,33,1,1,1
521,29,442,121,14,33,1,1,1
522,29,442,121,14,33,1,1,1
523,29,441,120,14,33,1,1,1
524,29,442,121,14,33,1,1,1
525,29,442,121,14,33,1,1,1
526,29,442,121,14,33,1,1,1
527,29,442,122,14,33,1,1,1
528,29,442,121,14,33,1,1,1
529,29,443,121,14,33,1,1,1
530,29,443,122,14,33,1,1,1
531,29,443,122,14,33,1,1,1
532,29,443,120,14,33,1,1,1
533,29,443,121,14,33,1,1,1
534,29,443,121,14,33,1,1,1
535,29,443,120,14,33,1,1,1
536,29,443,121,14,33,1,1,1
537,29,444,122,14,33,1,1,1
538,29,444,121,14,33,1,1,1
539,29,443,122,14,33,1,1,1
540,29,444,121,14,33,1,1,1
541,29,443,122,14,33,1,1,1
542,29,444,121,14,34,1,1,1
543,29,444,120,14,35,1,1,1
544,29,444,121,15,34,1,1,1
545,29,444,121,15,34,1,1,1
546,29,442,119,14,35,1,1,1
547,29,443,120,15,35,1,1,1
548,29,443,120,14,35,1,1,1
549,29,442,121,15,36,1,1,1
550,29,443,121,15,36,1,1,1
551,29,443,121,15,36,1,1,1
552,29,443,120,15,36,1,1,1
553,29,443,120,15,36,1,1,1
554,29,442,121,15,36,1,1,1
555,29,443,120,15,36,1,1,1
556,29,443,120,15,36,1,1,1
557,29,442,120,15,36,1,1,1
558,29,442,121,15,36,1,1,1
559,29,442,121,15,36,1,1,1
560,29,442,120,15,36,1,1,1
561,29,443,121,15,36,1,1,1
562,29,443,120,15,36,1,1,1
563,29,443,120,15,36,1,1,1
564,29,442,121,15,36,1,1,1
565,29,442,121,15,36,1,1,1
566,29,442,120,15,36,1,1,1
567,29,442,120,14,33,1,1,1
568,29,442,119,14,33,1,1,1
569,29,443,120,14,33,1,1,1
570,29,443,120,14,33,1,1,1
571,29,442,120,14,33,1,1,1
572,29,443,119,14,33,1,1,1
573,29,443,120,14,33,1,1,1
574,29,443,120,14,33,1,1,1
575,29,443,122,14,33,1,1,1
576,29,443,121,14,33,1,1,1
577,29,443,121,14,33,1,1,1
578,29,444,123,14,33,1,1,1
579,29,444,123,14,33,1,1,1
580,29,443,123,14,33,1,1,1
581,29,444,123,14,33,1,1,1
582,29,444,122,14,33,1,1,1
583,29,444,122,14,33,1,1,1
584,29,444,123,14,33,1,1,1
585,29,444,123,14,33,1,1,1
586,29,444,123,14,33,1,1,1
587,29,443,122,14,33,1,1,1
588,29,443,121,14,33,1,1,1
589,29,443,121,14,33,1,1,1
590,29,443,122,14,33,1,1,1
591,29,444,122,14,33,1,1,1
592,29,444,122,14,33,1,1,1
593,29,444,122,14,33,1,1,1
594,29,444,122,14,33,1,1,1
595,29,443,121,14,33,1,1,1
596,29,444,122,14,33,1,1,1
597,29,444,122,14,33,1,1,1
598,29,444,121,14,35,1,1,1
599,29,442,121,13,32,1,1,1
600,29,441,120,15,34,1,1,1
601,29,441,120,16,34,1,1,1
602,29,440,120,16,34,1,1,1
603,29,441,121,16,31,1,1,1
604,29,440,122,15,31,1,1,1
605,29,440,121,16,32,1,1,1
606,29,440,121,15,32,1,1,1
607,29,439,121,16,32,1,1,1
608,29,438,121,16,32,1,1,1
609,29,439,120,15,35,1,1,1
610,29,438,119,17,35,1,1,1
611,29,439,120,16,34,1,1,1
612,29,438,120,17,35,1,1,1
613,29,437,120,18,34,1,1,1
614,29,438,120,17,34,1,1,1
615,29,438,121,16,34,1,1,1
616,29,438,121,15,34,1,1,1
617,29,438,121,16,34,1,1,1
618,29,438,120,17,35,1,1,1
619,29,440,120,15,35,1,1,1
620,29,439,121,15,34,1,1,1
621,29,439,121,14,34,1,1,1
622,29,439,121,15,35,1,1,1
623,29,439,122,14,32,1,1,1
624,29,440,123,14,32,1,1,1
625,29,440,122,15,34,1,1,1
626,29,440,122,15,34,1,1,1
627,29,440,122,14,34,1,1,1
628,29,440,121,14,34,1,1,1
629,29,440,121,14,34,1,1,1
630,29,440,122,15,34,1,1,1
631,29,440,122,14,33,1,1,1
632,29,440,122,14,34,1,1,1
633,29,440,123,14,33,1,1,1
634,29,439,122,15,34,1,1,1
635,29,440,122,14,34,1,1,1
636,29,439,122,15,33,1,1,1
637,29,439,122,15,34,1,1,1
638,29,439,123,15,33,1,1,1
639,29,439,123,15,33,1,1,1
640,29,439,122,14,34,1,1,1
641,29,439,122,15,34,1,1,1
642,29,439,123,14,33,1,1,1
643,29,439,123,14,33,1,1,1
644,29,440,122,14,34,1,1,1
645,29,439,123,15,33,1,1,1
646,29,440,122,14,34,1,1,1
647,29,439,123,15,33,1,1,1
648,29,439,123,15,33,1,1,1
649,29,439,123,15,33,1,1,1
650,29,439,122,14,34,1,1,1
651,29,439,123,15,33,1,1,1
652,29,439,122,14,34,1,1,1
653,29,439,123,15,33,1,1,1
654,29,439,122,14,33,1,1,1
655,29,439,123,15,33,1,1,1
656,29,439,122,15,34,1,1,1
657,29,439,123,14,33,1,1,1
658,29,439,122,15,34,1,1,1
659,29,439,122,15,34,1,1,1
660,29,439,122,15,34,1,1,1
661,29,439,121,15,34,1,1,1
662,29,440,122,14,33,1,1,1
663,29,440,122,14,33,1,1,1
664,29,439,122,15,33,1,1,1
665,29,440,122,14,33,1,1,1
666,29,440,122,15,33,1,1,1
667,29,440,123,14,32,1,1,1
668,29,440,122,14,32,1,1,1
669,29,440,122,14,34,1,1,1
670,29,440,122,15,33,1,1,1
671,29,440,123,14,32,1,1,1
672,29,440,123,14,32,1,1,1
673,29,440,123,14,32,1,1,1
674,29,440,122,14,32,1,1,1
675,29,440,122,14,32,1,1,1
676,29,440,123,14,32,1,1,1
677,29,440,122,14,32,1,1,1
678,29,441,122,14,32,1,1,1
679,29,440,122,14,32,1,1,1
680,29,440,122,14,34,1,1,1
681,29,440,121,14,34,1,1,1
682,29,440,121,15,35,1,1,1
683,29,440,121,14,35,1,1,1
684,29,440,122,14,34,1,1,1
685,29,440,122,15,35,1,1,1
686,29,440,121,15,36,1,1,1
687,29,440,121,15,36,1,1,1
688,29,440,121,15,37,1,1,1
689,29,440,121,15,37,1,1,1
690,29,440,121,15,36,1,1,1
691,29,440,121,15,36,1,1,1
692,29,440,122,15,36,1,1,1
693,29,439,121,15,37,1,1,1
694,29,440,122,15,36,1,1,1
695,29,440,121,15,36,1,1,1
696,29,440,121,15,36,1,1,1
697,29,440,121,15,37,1,1,1
698,29,440,121,15,36,1,1,1
699,29,440,121,15,37,1,1,1
700,29,440,122,15,36,1,1,1
701,29,440,121,15,37,1,1,1
702,29,441,122,15,36,1,1,1
703,29,440,122,15,36,1,1,1
704,29,440,122,15,36,1,1,1
705,29,440,122,15,36,1,1,1
706,29,440,120,16,39,1,1,1
707,29,441,122,15,36,1,1,1
708,29,441,121,15,37,1,1,1
709,29,441,122,15,36,1,1,1
710,29,441,122,15,35,1,1,1
711,29,441,122,15,35,1,1,1
712,29,441,122,15,35,1,1,1
713,29,442,122,14,35,1,1,1
714,29,441,123,15,35,1,1,1
715,29,441,122,15,34,1,1,1
716,29,441,122,14,35,1,1,1
717,29,441,122,14,35,1,1,1
718,29,441,122,14,34,1,1,1
719,29,441,122,15,35,1,1,1
720,29,442,124,14,33,1,1,1
721,29,441,123,14,33,1,1,1
722,29,440,123,14,33,1,1,1
723,29,440,123,14,33,1,1,1
724,29,440,123,14,33,1,1,1
725,29,440,123,14,35,1,1,1
726,29,441,122,14,35,1,1,1
727,29,441,124,14,33,1,1,1
728,29,441,122,14,35,1,1,1
729,29,441,122,14,35,1,1,1
730,29,440,123,15,35,1,1,1
731,29,439,120,15,36,1,1,1
732,29,440,122,15,36,1,1,1
733,29,439,120,14,35,1,1,1
734,29,439,120,14,36,1,1,1
735,29,440,121,14,36,1,1,1
736,29,440,121,14,35,1,1,1
737,29,440,120,14,36,1,1,1
738,29,440,121,14,35,1,1,1
739,29,440,120,14,36,1,1,1
740,29,440,120,14,36,1,1,1
741,29,440,121,14,36,1,1,1
742,29,440,121,14,36,1,1,1
743,29,440,122,14,36,1,1,1
744,29,440,122,14,36,1,1,1
745,29,440,121,14,38,1,1,1
746,29,440,121,14,38,1,1,1
747,29,439,122,15,37,1,1,1
748,29,439,121,15,38,1,1,1
749,29,439,121,15,38,1,1,1
750,29,439,121,15,38,1,1,1
751,29,439,121,14,38,1,1,1
752,29,439,122,14,37,1,1,1
753,29,438,121,15,38,1,1,1
754,29,438,122,15,37,1,1,1
755,29,438,122,14,37,1,1,1
756,29,437,122,15,37,1,1,1
757,29,438,122,14,37,1,1,1
758,29,438,121,14,38,1,1,1
759,29,435,123,17,33,1,1,1
760,29,437,123,16,34,1,1,1
761,29,436,124,16,33,1,1,1
762,29,436,124,17,34,1,1,1
763,29,434,123,17,34,1,1,1
764,29,435,123,17,34,1,1,1
765,29,435,123,17,34,1,1,1
766,29,435,123,17,34,1,1,1
767,29,433,122,16,34,1,1,1
768,29,434,124,16,33,1,1,1
769,29,433,124,16,34,1,1,1
770,29,433,124,16,34,1,1,1
771,29,433,124,16,34,1,1,1
772,29,433,124,16,34,1,1,1
773,29,433,124,16,33,1,1,1
774,29,433,124,16,33,1,1,1
775,29,433,125,16,34,1,1,1
776,29,433,125,16,34,1,1,1
777,29,433,125,16,34,1,1,1
778,29,432,125,16,34,1,1,1
779,29,433,126,16,34,1,1,1
780,29,432,127,16,33,1,1,1
781,29,433,127,16,35,1,1,1
782,29,432,127,16,34,1,1,1
783,29,431,127,17,37,1,1,1
784,29,431,129,17,35,1,1,1
785,29,431,130,16,35,1,1,1
786,29,431,130,16,37,1,1,1
787,29,430,130,17,37,1,1,1
788,29,431,130,17,38,1,1,1
789,29,431,130,17,38,1,1,1
790,29,432,131,16,37,1,1,1
791,29,432,131,17,36,1,1,1
792,29,432,133,16,34,1,1,1
793,29,432,133,17,35,1,1,1
794,29,431,133,17,36,1,1,1
795,29,432,133,18,34,1,1,1
796,29,432,133,17,35,1,1,1
797,29,433,133,15,35,1,1,1
798,29,432,132,17,36,1,1,1
799,29,432,131,16,36,1,1,1
800,29,432,131,16,36,1,1,1
801,29,432,132,17,36,1,1,1
802,29,432,131,16,37,1,1,1
803,29,432,131,16,37,1,1,1
804,29,432,132,17,37,1,1,1
805,29,432,132,16,37,1,1,1
806,29,432,133,17,36,1,1,1
807,29,432,131,16,37,1,1,1
808,29,432,132,16,37,1,1,1
809,29,431,132,16,36,1,1,1
810,29,431,132,16,36,1,1,1
811,29,431,131,16,36,1,1,1
812,29,432,132,16,36,1,1,1
813,29,431,131,16,37,1,1,1
814,29,431,131,16,36,1,1,1
815,29,432,132,16,36,1,1,1
816,29,431,131,16,36,1,1,1
817,29,431,131,16,36,1,1,1
818,29,431,131,16,36,1,1,1
819,29,431,131,16,36,1,1,1
820,29,430,131,16,36,1,1,1
821,29,431,132,16,36,1,1,1
822,29,430,130,16,36,1,1,1
823,29,431,131,16,36,1,1,1
824,29,431,131,16,36,1,1,1
825,29,430,131,16,36,1,1,1
826,29,430,131,16,35,1,1,1
827,29,430,131,16,35,1,1,1
828,29,430,130,16,36,1,1,1
829,29,430,130,16,37,1,1,1
830,29,431,130,16,37,1,1,1
831,29,430,130,16,37,1,1,1
832,29,430,130,16,37,1,1,1
833,29,430,130,16,37,1,1,1
834,29,430,130,16,37,1,1,1
835,29,431,129,16,37,1,1,1
836,29,430,129,16,37,1,1,1
837,29,430,129,16,37,1,1,1
838,29,429,130,16,36,1,1,1
839,29,430,129,16,37,1,1,1
840,29,430,130,16,37,1,1,1
841,29,430,130,16,37,1,1,1
842,29,430,130,16,37,1,1,1
843,29,432,131,16,37,1,1,1
844,29,432,130,16,37,1,1,1
845,29,431,131,16,37,1,1,1
846,29,431,130,16,37,1,1,1
847,29,431,131,16,37,1,1,1
848,29,431,130,16,37,1,1,1
849,29,431,130,16,37,1,1,1
850,29,431,130,16,37,1,1,1
851,29,431,130,16,37,1,1,1
852,29,432,130,16,37,1,1,1
853,29,432,130,16,37,1,1,1
854,29,431,130,16,37,1,1,1
855,29,432,132,17,35,1,1,1
856,29,432,132,17,35,1,1,1
857,29,431,132,17,35,1,1,1
858,29,432,132,18,35,1,1,1
859,29,432,132,17,35,1,1,1
860,29,432,132,18,35,1,1,1
861,29,432,131,18,35,1,1,1
862,29,433,133,17,35,1,1,1
863,29,432,132,19,36,1,1,1
864,29,431,132,19,36,1,1,1
865,29,432,131,18,37,1,1,1
866,29,432,132,19,37,1,1,1
867,29,432,132,19,36,1,1,1
868,29,432,132,18,36,1,1,1
869,29,432,131,18,37,1,1,1
870,29,432,134,19,36,1,1,1
871,29,433,134,18,36,1,1,1
872,29,432,134,19,37,1,1,1
873,29,433,134,18,36,1,1,1
874,29,433,134,18,36,1,1,1
875,29,432,134,19,37,1,1,1
876,29,432,134,16,33,1,1,1
877,29,431,132,19,36,1,1,1
878,29,430,132,19,36,1,1,1
879,29,431,133,19,36,1,1,1
880,29,432,134,19,36,1,1,1
881,29,432,134,19,36,1,1,1
882,29,431,134,19,36,1,1,1
883,29,432,134,19,36,1,1,1
884,29,432,134,19,36,1,1,1
885,29,431,134,20,37,1,1,1
886,29,431,133,20,38,1,1,1
887,29,431,134,20,37,1,1,1
888,29,432,134,20,37,1,1,1
889,29,431,134,20,37,1,1,1
890,29,431,133,20,38,1,1,1
891,29,431,134,20,38,1,1,1
892,29,431,133,20,38,1,1,1
893,29,431,133,20,38,1,1,1
894,29,431,135,20,37,1,1,1
895,29,432,134,20,37,1,1,1
896,29,431,134,20,37,1,1,1
897,29,432,134,20,37,1,1,1
898,29,432,135,20,37,1,1,1
899,29,431,135,20,37,1,1,1
900,29,432,133,21,37,1,1,1
481,30,498,113,14,30,1,1,1
482,30,498,111,14,30,1,1,1
483,30,498,112,14,30,1,1,1
484,30,498,112,14,30,1,1,1
485,30,498,112,14,30,1,1,1
486,30,499,112,14,30,1,1,1
487,30,499,112,14,30,1,1,1
488,30,499,112,14,30,1,1,1
489,30,499,114,14,30,1,1,1
490,30,499,115,14,29,1,1,1
491,30,499,114,14,30,1,1,1
492,30,499,115,14,29,1,1,1
493,30,499,114,14,29,1,1,1
494,30,500,115,14,29,1,1,1
495,30,500,115,14,29,1,1,1
496,30,500,115,14,29,1,1,1
497,30,500,114,14,30,1,1,1
498,30,500,114,14,30,1,1,1
499,30,500,114,14,29,1,1,1
500,30,499,114,14,29,1,1,1
501,30,500,112,14,30,1,1,1
502,30,500,112,14,30,1,1,1
503,30,501,111,14,30,1,1,1
504,30,500,110,15,32,1,1,1
505,30,500,110,15,32,1,1,1
506,30,499,110,15,31,1,1,1
507,30,499,110,15,32,1,1,1
508,30,501,109,14,32,1,1,1
509,30,501,111,14,32,1,1,1
510,30,501,111,14,32,1,1,1
511,30,501,113,14,29,1,1,1
512,30,501,110,14,30,1,1,1
513,30,502,112,15,31,1,1,1
514,30,504,111,14,32,1,1,1
515,30,506,112,14,31,1,1,1
516,30,507,112,15,31,1,1,1
517,30,507,112,14,31,1,1,1
518,30,507,113,14,30,1,1,1
519,30,508,115,14,29,1,1,1
520,30,508,113,14,30,1,1,1
521,30,509,113,14,30,1,1,1
522,30,508,117,13,25,1,1,1
523,30,509,117,13,24,1,1,1
524,30,509,117,14,25,1,1,1
525,30,509,117,14,25,1,1,1
526,30,510,117,13,25,1,1,1
527,30,510,116,13,25,1,1,1
528,30,512,117,13,26,1,1,1
529,30,514,118,13,25,1,1,1
530,30,514,118,13,25,1,1,1
531,30,514,117,13,26,1,1,1
532,30,514,118,13,26,1,1,1
533,30,513,116,14,25,1,1,1
534,30,514,116,13,26,1,1,1
535,30,514,117,13,26,1,1,1
536,30,515,116,13,26,1,1,1
537,30,515,117,13,26,1,1,1
538,30,515,116,13,26,1,1,1
539,30,514,116,14,27,1,1,1
540,30,514,115,14,27,1,1,1
541,30,515,116,13,26,1,1,1
542,30,515,117,13,25,1,1,1
543,30,514,115,13,26,1,1,1
544,30,515,116,13,25,1,1,1
545,30,515,115,13,26,1,1,1
546,30,514,115,13,26,1,1,1
547,30,515,115,13,26,1,1,1
548,30,515,116,13,25,1,1,1
549,30,514,115,13,26,1,1,1
550,30,515,116,13,25,1,1,1
551,30,515,116,13,25,1,1,1
552,30,515,115,13,26,1,1,1
553,30,515,117,13,26,1,1,1
554,30,514,117,13,26,1,1,1
555,30,515,117,13,25,1,1,1
556,30,520,117,13,26,1,1,1
557,30,520,120,14,26,1,1,1
558,30,520,120,14,26,1,1,1
559,30,518,120,12,26,1,1,1
560,30,519,121,12,26,1,1,1
561,30,519,120,14,27,1,1,1
562,30,519,121,13,27,1,1,1
563,30,519,121,14,27,1,1,1
564,30,519,122,13,26,1,1,1
565,30,521,120,13,26,1,1,1
566,30,522,119,13,26,1,1,1
567,30,521,119,14,27,1,1,1
568,30,521,120,14,27,1,1,1
569,30,521,118,14,27,1,1,1
570,30,522,118,13,27,1,1,1
571,30,521,117,13,27,1,1,1
572,30,520,118,14,27,1,1,1
573,30,521,119,13,27,1,1,1
574,30,521,118,13,26,1,1,1
575,30,521,119,13,26,1,1,1
576,30,520,119,13,26,1,1,1
577,30,520,120,13,26,1,1,1
578,30,520,119,13,25,1,1,1
579,30,521,119,13,25,1,1,1
580,30,520,119,13,25,1,1,1
581,30,520,118,13,26,1,1,1
582,30,519,119,13,26,1,1,1
583,30,520,118,13,27,1,1,1
584,30,520,119,13,27,1,1,1
585,30,519,120,14,27,1,1,1
586,30,519,119,14,27,1,1,1
587,30,520,120,13,27,1,1,1
588,30,520,120,13,26,1,1,1
589,30,520,121,13,25,1,1,1
590,30,524,120,13,26,1,1,1
591,30,524,122,14,26,1,1,1
592,30,524,121,13,26,1,1,1
593,30,524,122,14,26,1,1,1
594,30,524,120,14,27,1,1,1
595,30,524,119,14,27,1,1,1
596,30,523,119,14,27,1,1,1
597,30,524,120,14,27,1,1,1
598,30,523,121,14,27,1,1,1
599,30,523,120,14,27,1,1,1
600,30,523,119,14,26,1,1,1
601,30,523,119,13,26,1,1,1
602,30,522,120,14,26,1,1,1
603,30,523,120,13,26,1,1,1
604,30,522,120,14,26,1,1,1
605,30,525,119,12,26,1,1,1
606,30,525,120,12,26,1,1,1
607,30,525,120,12,26,1,1,1
608,30,525,121,12,26,1,1,1
609,30,526,120,12,26,1,1,1
610,30,527,120,12,26,1,1,1
611,30,526,121,12,26,1,1,1
612,30,526,122,12,26,1,1,1
613,30,525,120,13,27,1,1,1
614,30,526,119,13,27,1,1,1
615,30,527,120,12,27,1,1,1
616,30,526,119,13,29,1,1,1
617,30,527,119,13,29,1,1,1
618,30,526,119,13,29,1,1,1
619,30,526,119,13,28,1,1,1
620,30,527,119,13,28,1,1,1
621,30,529,123,11,24,1,1,1
622,30,530,124,11,23,1,1,1
623,30,530,124,11,23,1,1,1
624,30,530,124,11,23,1,1,1
625,30,531,124,10,22,1,1,1
626,30,530,124,11,22,1,1,1
627,30,531,124,10,23,1,1,1
628,30,531,125,10,22,1,1,1
629,30,531,124,10,23,1,1,1
630,30,531,125,11,22,1,1,1
631,30,531,124,11,23,1,1,1
632,30,531,126,10,22,1,1,1
633,30,531,125,10,23,1,1,1
634,30,532,126,10,21,1,1,1
635,30,531,124,11,23,1,1,1
636,30,532,126,11,22,1,1,1
637,30,533,126,10,22,1,1,1
638,30,532,125,11,24,1,1,1
639,30,532,125,11,24,1,1,1
640,30,531,125,11,24,1,1,1
641,30,531,122,12,27,1,1,1
642,30,531,123,12,26,1,1,1
643,30,532,127,12,27,1,1,1
644,30,532,127,13,27,1,1,1
645,30,532,127,13,27,1,1,1
646,30,534,127,12,27,1,1,1
647,30,534,128,12,26,1,1,1
648,30,534,128,12,26,1,1,1
649,30,534,128,12,26,1,1,1
650,30,532,127,12,26,1,1,1
651,30,533,122,11,25,1,1,1
652,30,534,121,12,27,1,1,1
653,30,534,122,12,26,1,1,1
654,30,534,120,12,27,1,1,1
655,30,534,121,11,28,1,1,1
656,30,534,121,11,25,1,1,1
657,30,534,122,12,25,1,1,1
658,30,535,122,12,25,1,1,1
659,30,535,122,12,25,1,1,1
660,30,535,122,12,25,1,1,1
661,30,536,122,11,25,1,1,1
662,30,535,122,11,25,1,1,1
663,30,535,122,12,25,1,1,1
664,30,535,122,12,25,1,1,1
665,30,536,122,11,25,1,1,1
666,30,535,122,12,25,1,1,1
667,30,536,122,11,25,1,1,1
668,30,536,122,11,24,1,1,1
669,30,535,123,11,24,1,1,1
670,30,536,123,11,24,1,1,1
671,30,536,122,11,24,1,1,1
672,30,536,123,11,24,1,1,1
673,30,536,123,11,24,1,1,1
674,30,536,122,11,24,1,1,1
675,30,536,123,11,24,1,1,1
676,30,536,123,11,24,1,1,1
677,30,536,122,11,24,1,1,1
678,30,537,123,11,24,1,1,1
679,30,536,122,12,25,1,1,1
680,30,536,122,12,25,1,1,1
681,30,536,122,12,25,1,1,1
682,30,536,122,12,25,1,1,1
683,30,536,122,12,25,1,1,1
684,30,536,122,12,25,1,1,1
685,30,536,122,12,25,1,1,1
686,30,536,122,12,25,1,1,1
687,30,537,121,13,25,1,1,1
688,30,538,122,13,25,1,1,1
689,30,540,120,12,28,1,1,1
690,30,537,119,14,28,1,1,1
691,30,541,121,13,26,1,1,1
692,30,541,121,12,26,1,1,1
693,30,541,122,13,26,1,1,1
694,30,541,121,12,26,1,1,1
695,30,541,122,13,26,1,1,1
696,30,542,121,12,26,1,1,1
697,30,541,121,13,26,1,1,1
698,30,542,122,12,26,1,1,1
699,30,542,121,12,26,1,1,1
700,30,541,122,13,26,1,1,1
701,30,541,122,13,26,1,1,1
702,30,542,122,12,25,1,1,1
703,30,541,122,13,26,1,1,1
704,30,542,121,12,26,1,1,1
705,30,541,122,13,26,1,1,1
706,30,541,121,12,26,1,1,1
707,30,540,122,13,26,1,1,1
708,30,541,121,12,26,1,1,1
709,30,540,121,13,26,1,1,1
710,30,540,121,12,26,1,1,1
711,30,545,121,12,26,1,1,1
712,30,544,120,13,26,1,1,1
713,30,544,122,13,26,1,1,1
714,30,545,122,12,26,1,1,1
715,30,546,124,12,24,1,1,1
716,30,545,124,12,24,1,1,1
717,30,545,122,12,25,1,1,1
718,30,545,121,13,26,1,1,1
719,30,545,121,13,27,1,1,1
720,30,545,125,13,27,1,1,1
721,30,545,127,13,26,1,1,1
722,30,545,128,12,26,1,1,1
723,30,545,127,12,26,1,1,1
724,30,545,127,13,27,1,1,1
725,30,545,128,13,26,1,1,1
726,30,545,128,13,26,1,1,1
727,30,546,127,13,25,1,1,1
728,30,546,127,13,26,1,1,1
729,30,546,127,13,26,1,1,1
730,30,547,122,14,26,1,1,1
731,30,549,125,14,26,1,1,1
732,30,549,125,14,26,1,1,1
733,30,550,125,14,26,1,1,1
734,30,550,125,14,26,1,1,1
735,30,550,124,14,25,1,1,1
736,30,550,124,14,25,1,1,1
737,30,551,124,14,26,1,1,1
738,30,551,124,14,26,1,1,1
739,30,550,125,14,26,1,1,1
740,30,551,123,14,27,1,1,1
741,30,551,121,14,27,1,1,1
742,30,550,121,15,27,1,1,1
743,30,549,124,15,27,1,1,1
744,30,550,124,14,26,1,1,1
745,30,550,124,14,25,1,1,1
746,30,550,124,14,27,1,1,1
747,30,550,123,15,27,1,1,1
748,30,553,124,12,24,1,1,1
749,30,553,124,14,23,1,1,1
750,30,553,124,12,27,1,1,1
751,30,554,125,11,29,1,1,1
752,30,554,121,11,27,1,1,1
753,30,553,122,13,26,1,1,1
754,30,554,122,12,26,1,1,1
755,30,553,123,13,27,1,1,1
756,30,555,124,14,26,1,1,1
757,30,554,121,14,27,1,1,1
758,30,553,121,14,29,1,1,1
759,30,553,121,15,31,1,1,1
760,30,554,124,13,28,1,1,1
761,30,554,123,14,31,1,1,1
762,30,556,123,12,29,1,1,1
763,30,557,123,11,27,1,1,1
764,30,556,125,12,25,1,1,1
765,30,557,123,13,25,1,1,1
766,30,558,124,11,25,1,1,1
767,30,557,125,10,25,1,1,1
768,30,558,125,9,24,1,1,1
769,30,558,124,10,27,1,1,1
770,30,559,124,10,27,1,1,1
771,30,559,124,10,27,1,1,1
772,30,557,124,10,26,1,1,1
773,30,558,123,11,28,1,1,1
774,30,559,124,10,27,1,1,1
775,30,560,125,10,26,1,1,1
776,30,560,126,10,25,1,1,1
777,30,560,126,11,25,1,1,1
778,30,560,126,11,27,1,1,1
779,30,560,126,10,24,1,1,1
780,30,560,125,13,27,1,1,1
781,30,560,125,11,27,1,1,1
782,30,560,125,11,27,1,1,1
783,30,560,124,11,27,1,1,1
784,30,561,126,11,27,1,1,1
785,30,561,125,11,27,1,1,1
786,30,562,125,11,27,1,1,1
787,30,561,125,11,27,1,1,1
788,30,562,124,10,27,1,1,1
789,30,562,126,11,27,1,1,1
790,30,562,127,11,27,1,1,1
791,30,563,126,11,27,1,1,1
792,30,563,127,11,27,1,1,1
793,30,565,129,10,27,1,1,1
794,30,564,129,11,27,1,1,1
795,30,565,126,10,27,1,1,1
796,30,565,127,11,27,1,1,1
797,30,565,126,10,27,1,1,1
798,30,565,125,11,27,1,1,1
799,30,565,126,11,27,1,1,1
800,30,566,126,10,27,1,1,1
801,30,565,126,11,27,1,1,1
802,30,566,126,10,27,1,1,1
803,30,566,125,10,27,1,1,1
804,30,566,126,10,26,1,1,1
805,30,566,127,9,24,1,1,1
806,30,566,128,10,25,1,1,1
807,30,567,127,10,26,1,1,1
808,30,566,126,10,26,1,1,1
809,30,566,128,10,24,1,1,1
810,30,566,128,10,24,1,1,1
811,30,567,128,10,24,1,1,1
812,30,567,126,10,26,1,1,1
813,30,568,127,9,24,1,1,1
814,30,568,128,10,24,1,1,1
815,30,568,126,10,26,1,1,1
816,30,568,126,10,26,1,1,1
817,30,568,127,10,26,1,1,1
818,30,569,126,10,26,1,1,1
819,30,569,127,10,26,1,1,1
820,30,569,127,10,26,1,1,1
821,30,570,127,10,26,1,1,1
822,30,570,127,10,26,1,1,1
823,30,569,127,10,26,1,1,1
824,30,570,128,10,26,1,1,1
825,30,570,127,10,27,1,1,1
826,30,571,127,10,26,1,1,1
827,30,571,128,10,24,1,1,1
828,30,571,127,9,25,1,1,1
829,30,571,128,9,24,1,1,1
830,30,571,128,10,25,1,1,1
831,30,571,127,10,26,1,1,1
832,30,571,127,10,26,1,1,1
833,30,571,128,10,24,1,1,1
834,30,572,128,9,25,1,1,1
835,30,572,128,10,26,1,1,1
836,30,571,127,10,26,1,1,1
837,30,572,128,9,25,1,1,1
838,30,571,127,10,26,1,1,1
839,30,571,126,10,26,1,1,1
840,30,571,127,10,26,1,1,1
841,30,573,129,9,24,1,1,1
842,30,573,128,9,24,1,1,1
843,30,573,128,9,24,1,1,1
844,30,573,127,10,26,1,1,1
845,30,572,127,10,26,1,1,1
846,30,572,127,10,26,1,1,1
847,30,573,127,10,26,1,1,1
848,30,573,127,10,26,1,1,1
849,30,573,128,10,26,1,1,1
850,30,573,128,10,26,1,1,1
851,30,573,129,10,26,1,1,1
852,30,574,129,10,26,1,1,1
853,30,574,127,10,26,1,1,1
854,30,574,129,10,25,1,1,1
855,30,574,128,10,26,1,1,1
856,30,573,129,10,25,1,1,1
857,30,574,129,9,24,1,1,1
858,30,574,128,10,26,1,1,1
859,30,574,127,10,26,1,1,1
860,30,574,129,10,26,1,1,1
861,30,574,129,10,25,1,1,1
862,30,574,129,10,26,1,1,1
863,30,574,129,10,25,1,1,1
864,30,574,129,10,26,1,1,1
865,30,575,129,10,25,1,1,1
866,30,574,129,10,25,1,1,1
867,30,574,129,10,26,1,1,1
868,30,575,129,10,26,1,1,1
869,30,574,129,10,26,1,1,1
870,30,575,129,10,25,1,1,1
871,30,574,129,10,25,1,1,1
872,30,575,129,10,25,1,1,1
873,30,575,129,10,26,1,1,1
874,30,575,129,10,26,1,1,1
875,30,575,129,10,25,1,1,1
876,30,575,129,10,26,1,1,1
877,30,576,129,10,26,1,1,1
878,30,575,129,10,26,1,1,1
879,30,576,130,10,25,1,1,1
880,30,575,130,10,25,1,1,1
881,30,576,130,10,25,1,1,1
882,30,576,130,11,26,1,1,1
883,30,576,130,11,25,1,1,1
884,30,576,130,11,25,1,1,1
885,30,576,127,12,29,1,1,1
886,30,576,129,12,28,1,1,1
887,30,576,127,12,29,1,1,1
888,30,576,128,12,29,1,1,1
889,30,578,128,11,29,1,1,1
890,30,577,129,12,28,1,1,1
891,30,577,129,12,28,1,1,1
892,30,577,128,12,29,1,1,1
893,30,578,129,11,28,1,1,1
894,30,578,128,11,29,1,1,1
895,30,578,129,12,28,1,1,1
896,30,578,128,12,29,1,1,1
897,30,578,128,12,29,1,1,1
898,30,578,129,11,28,1,1,1
899,30,578,129,11,29,1,1,1
900,30,578,128,12,29,1,1,1
