802,1,987,433,87,313,1,1,1
802,2,2077,463,213,430,1,1,1
802,3,1347,457,82,263,1,1,1
802,4,1548,436,131,416,1,1,1
802,5,1634,456,137,321,1,1,1
802,6,1794,484,68,192,1,1,1
802,7,0,444,69,271,1,1,1
802,9,863,460,59,168,1,1,1
803,1,985,429,87,316,1,1,1
803,2,2076,460,211,432,1,1,1
803,3,1347,455,79,264,1,1,1
803,4,1548,433,130,414,1,1,1
803,5,1635,454,141,320,1,1,1
803,6,1794,481,69,191,1,1,1
803,7,0,441,69,272,1,1,1
803,9,863,457,59,168,1,1,1
804,1,984,426,87,319,1,1,1
804,2,2075,457,209,434,1,1,1
804,3,1346,452,76,265,1,1,1
804,4,1547,430,130,411,1,1,1
804,5,1635,452,146,319,1,1,1
804,6,1794,478,70,191,1,1,1
804,7,0,438,69,273,1,1,1
804,9,862,454,60,169,1,1,1
805,1,982,423,87,321,1,1,1
805,2,2075,454,206,436,1,1,1
805,3,1345,450,73,266,1,1,1
805,4,1546,427,130,409,1,1,1
805,5,1635,451,150,317,1,1,1
805,6,1793,475,72,191,1,1,1
805,7,0,435,70,274,1,1,1
805,9,861,451,60,169,1,1,1
806,1,980,419,87,324,1,1,1
806,2,2073,450,204,438,1,1,1
806,3,1344,447,69,267,1,1,1
806,4,1544,424,130,405,1,1,1
806,5,1635,448,154,316,1,1,1
806,6,1793,471,72,191,1,1,1
806,7,0,431,69,275,1,1,1
806,9,860,448,60,168,1,1,1
807,1,978,416,88,324,1,1,1
807,2,2074,446,202,441,1,1,1
807,3,1340,444,73,268,1,1,1
807,4,1541,422,135,405,1,1,1
807,5,1644,444,152,319,1,1,1
807,6,1794,469,72,192,1,1,1
807,7,0,429,69,275,1,1,1
807,9,860,446,60,169,1,1,1
808,1,976,412,87,325,1,1,1
808,2,2074,442,199,442,1,1,1
808,3,1336,442,75,267,1,1,1
808,4,1537,419,139,405,1,1,1
808,5,1653,440,149,320,1,1,1
808,6,1794,466,72,192,1,1,1
808,7,0,426,68,275,1,1,1
808,9,860,444,60,168,1,1,1
809,1,973,409,88,325,1,1,1
809,2,2073,438,197,444,1,1,1
809,3,1332,439,78,268,1,1,1
809,4,1533,416,143,405,1,1,1
809,5,1661,436,147,321,1,1,1
809,6,1795,464,71,192,1,1,1
809,7,0,424,67,274,1,1,1
809,9,860,441,59,168,1,1,1
810,1,971,405,88,326,1,1,1
810,2,2073,434,194,445,1,1,1
810,3,1327,436,81,268,1,1,1
810,4,1529,413,147,405,1,1,1
810,5,1670,431,144,323,1,1,1
810,6,1795,461,71,192,1,1,1
810,7,0,421,67,274,1,1,1
810,9,859,439,59,168,1,1,1
811,1,968,401,88,326,1,1,1
811,2,2073,430,190,446,1,1,1
811,3,1323,433,83,268,1,1,1
811,4,1525,410,150,404,1,1,1
811,5,1678,426,141,323,1,1,1
811,6,1795,458,70,191,1,1,1
811,7,0,418,65,273,1,1,1
811,9,858,436,58,167,1,1,1
812,1,966,399,89,327,1,1,1
812,2,2069,427,192,449,1,1,1
812,3,1320,431,85,270,1,1,1
812,4,1525,408,148,404,1,1,1
812,5,1690,425,135,324,1,1,1
812,6,1795,457,71,192,1,1,1
812,7,0,416,65,274,1,1,1
812,9,858,434,60,168,1,1,1
813,1,963,396,91,329,1,1,1
813,2,2064,424,194,452,1,1,1
813,3,1318,429,85,271,1,1,1
813,4,1524,406,147,404,1,1,1
813,5,1701,422,129,325,1,1,1
813,6,1795,455,71,191,1,1,1
813,7,-1,414,65,274,1,1,1
813,9,858,432,60,167,1,1,1
814,1,960,394,93,329,1,1,1
814,2,2060,421,194,454,1,1,1
814,3,1315,427,85,273,1,1,1
814,4,1523,404,146,404,1,1,1
814,5,1712,420,123,325,1,1,1
814,6,1795,453,71,191,1,1,1
814,7,-1,412,64,275,1,1,1
814,9,857,430,61,167,1,1,1
815,1,957,391,94,331,1,1,1
815,2,2055,419,196,456,1,1,1
815,3,1312,425,86,274,1,1,1
815,4,1522,403,145,403,1,1,1
815,5,1724,417,116,326,1,1,1
815,6,1795,451,70,191,1,1,1
815,7,-1,410,64,275,1,1,1
815,9,857,428,62,166,1,1,1
816,1,954,388,95,331,1,1,1
816,2,2050,415,197,458,1,1,1
816,3,1309,423,86,275,1,1,1
816,4,1521,400,143,402,1,1,1
816,5,1735,415,109,326,1,1,1
816,6,1794,448,70,191,1,1,1
816,7,-1,407,63,275,1,1,1
816,9,856,425,62,166,1,1,1
817,1,947,387,102,332,1,1,1
817,2,2047,415,198,463,1,1,1
817,3,1308,421,87,276,1,1,1
817,4,1520,400,142,402,1,1,1
817,5,1735,415,115,324,1,1,1
817,7,-1,406,62,275,1,1,1
817,9,857,424,61,167,1,1,1
818,1,940,385,108,333,1,1,1
818,2,2042,413,200,468,1,1,1
818,3,1307,418,87,277,1,1,1
818,4,1520,398,139,402,1,1,1
818,5,1735,415,121,323,1,1,1
818,7,-1,403,62,276,1,1,1
818,9,857,422,61,167,1,1,1
819,1,932,383,114,333,1,1,1
819,2,2038,412,202,472,1,1,1
819,3,1305,415,87,278,1,1,1
819,4,1519,397,137,401,1,1,1
819,5,1736,414,126,322,1,1,1
819,7,-1,401,61,276,1,1,1
819,9,857,421,60,167,1,1,1
820,1,925,382,120,333,1,1,1
820,2,2034,411,203,476,1,1,1
820,3,1304,412,87,280,1,1,1
820,4,1518,396,135,401,1,1,1
820,5,1736,414,131,320,1,1,1
820,7,0,399,60,276,1,1,1
820,9,858,419,59,167,1,1,1
821,1,918,380,126,334,1,1,1
821,2,2030,410,204,480,1,1,1
821,3,1302,409,88,281,1,1,1
821,4,1517,395,133,400,1,1,1
821,5,1736,414,137,318,1,1,1
821,7,0,396,59,276,1,1,1
821,9,858,417,58,168,1,1,1
822,1,916,378,126,336,1,1,1
822,2,2030,408,202,481,1,1,1
822,3,1301,407,87,281,1,1,1
822,4,1515,392,132,399,1,1,1
822,5,1739,411,139,319,1,1,1
822,7,0,394,59,277,1,1,1
822,9,858,414,58,169,1,1,1
823,1,914,377,126,336,1,1,1
823,2,2030,407,200,482,1,1,1
823,3,1299,404,87,281,1,1,1
823,4,1513,390,131,396,1,1,1
823,5,1741,409,143,319,1,1,1
823,7,0,392,58,277,1,1,1
823,9,858,412,59,169,1,1,1
824,1,912,375,125,338,1,1,1
824,2,2030,405,199,483,1,1,1
824,3,1298,402,86,281,1,1,1
824,4,1511,387,131,395,1,1,1
824,5,1744,406,145,320,1,1,1
824,7,0,390,58,277,1,1,1
824,9,858,409,59,170,1,1,1
825,1,910,373,125,340,1,1,1
825,2,2030,404,197,483,1,1,1
825,3,1296,399,86,282,1,1,1
825,4,1509,384,130,393,1,1,1
825,5,1746,404,148,321,1,1,1
825,7,0,387,58,278,1,1,1
825,9,857,407,60,170,1,1,1
826,1,908,371,125,341,1,1,1
826,2,2030,402,194,484,1,1,1
826,3,1294,397,85,281,1,1,1
826,4,1507,381,128,391,1,1,1
826,5,1748,401,150,321,1,1,1
826,7,0,384,57,277,1,1,1
826,9,857,404,60,170,1,1,1
827,1,907,368,125,344,1,1,1
827,2,2031,398,193,487,1,1,1
827,3,1287,395,91,281,1,1,1
827,4,1506,379,128,390,1,1,1
827,5,1760,398,145,321,1,1,1
827,7,0,383,57,277,1,1,1
827,9,857,402,60,171,1,1,1
828,1,906,364,125,347,1,1,1
828,2,2032,394,191,488,1,1,1
828,3,1279,392,97,282,1,1,1
828,4,1504,375,128,389,1,1,1
828,5,1771,395,140,321,1,1,1
828,7,0,381,57,277,1,1,1
828,9,856,399,60,171,1,1,1
829,1,905,360,125,350,1,1,1
829,2,2033,390,189,490,1,1,1
829,3,1271,390,103,281,1,1,1
829,4,1503,372,127,388,1,1,1
829,5,1782,392,134,321,1,1,1
829,7,0,380,58,275,1,1,1
829,9,855,396,60,172,1,1,1
830,1,904,357,125,352,1,1,1
830,2,2034,386,187,492,1,1,1
830,3,1263,388,109,281,1,1,1
830,4,1501,369,127,387,1,1,1
830,5,1794,389,128,320,1,1,1
830,7,0,378,58,275,1,1,1
830,9,855,393,59,172,1,1,1
831,1,903,353,124,354,1,1,1
831,2,2035,381,185,494,1,1,1
831,3,1254,385,115,280,1,1,1
831,4,1500,366,125,385,1,1,1
831,5,1805,385,122,320,1,1,1
831,6,1798,417,55,192,1,1,1
831,7,0,376,57,273,1,1,1
831,9,854,390,59,173,1,1,1
832,1,899,350,124,355,1,1,1
832,2,2031,378,188,495,1,1,1
832,3,1252,383,116,282,1,1,1
832,4,1500,364,125,385,1,1,1
832,5,1809,383,125,322,1,1,1
832,6,1798,415,59,193,1,1,1
832,7,0,373,57,275,1,1,1
832,9,854,388,60,172,1,1,1
833,1,896,347,122,355,1,1,1
833,2,2027,373,191,498,1,1,1
833,3,1248,381,118,282,1,1,1
833,4,1499,361,125,386,1,1,1
833,5,1813,381,128,323,1,1,1
833,6,1798,412,61,193,1,1,1
833,7,0,370,57,275,1,1,1
833,9,855,385,59,173,1,1,1
834,1,892,344,121,356,1,1,1
834,2,2022,369,194,500,1,1,1
834,3,1245,379,118,282,1,1,1
834,4,1499,359,124,386,1,1,1
834,5,1816,378,131,325,1,1,1
834,6,1797,410,64,193,1,1,1
834,7,0,366,56,277,1,1,1
834,9,855,383,60,172,1,1,1
835,1,888,341,120,356,1,1,1
835,2,2018,365,197,501,1,1,1
835,3,1242,377,119,283,1,1,1
835,4,1499,356,123,386,1,1,1
835,5,1820,376,134,326,1,1,1
835,6,1797,407,66,194,1,1,1
835,7,0,363,55,277,1,1,1
835,9,856,380,59,173,1,1,1
836,1,884,338,119,356,1,1,1
836,2,2013,361,200,502,1,1,1
836,3,1238,375,120,283,1,1,1
836,4,1498,354,122,385,1,1,1
836,5,1823,373,136,326,1,1,1
836,6,1796,404,69,193,1,1,1
836,7,0,359,54,278,1,1,1
836,9,856,378,60,172,1,1,1
837,1,882,336,118,357,1,1,1
837,2,2001,360,210,502,1,1,1
837,3,1239,372,119,284,1,1,1
837,4,1498,352,123,385,1,1,1
837,5,1824,373,144,326,1,1,1
837,6,1797,403,69,193,1,1,1
837,7,0,359,55,276,1,1,1
837,9,855,376,61,172,1,1,1
838,1,880,334,117,357,1,1,1
838,2,1988,359,220,501,1,1,1
838,3,1239,369,118,286,1,1,1
838,4,1497,350,123,384,1,1,1
838,5,1825,372,151,325,1,1,1
838,6,1797,401,70,193,1,1,1
838,7,0,358,56,275,1,1,1
838,9,855,374,61,171,1,1,1
839,1,878,332,116,358,1,1,1
839,2,1975,358,230,499,1,1,1
839,3,1239,366,117,287,1,1,1
839,4,1496,348,123,383,1,1,1
839,5,1826,371,158,324,1,1,1
839,6,1798,398,70,194,1,1,1
839,7,1,357,55,274,1,1,1
839,9,854,371,62,172,1,1,1
840,1,876,330,115,358,1,1,1
840,2,1961,357,241,498,1,1,1
840,3,1239,363,116,288,1,1,1
840,4,1495,346,123,383,1,1,1
840,5,1826,370,166,324,1,1,1
840,6,1798,396,71,193,1,1,1
840,7,1,356,55,272,1,1,1
840,9,853,369,62,172,1,1,1
841,1,874,328,113,358,1,1,1
841,2,1948,355,250,497,1,1,1
841,3,1239,359,114,289,1,1,1
841,4,1493,344,123,381,1,1,1
841,5,1826,369,173,322,1,1,1
841,6,1798,394,70,192,1,1,1
841,7,1,355,55,270,1,1,1
841,9,852,366,62,171,1,1,1
842,1,873,326,113,360,1,1,1
842,2,1940,354,256,498,1,1,1
842,3,1240,357,110,290,1,1,1
842,4,1494,343,124,381,1,1,1
842,5,1836,367,170,324,1,1,1
842,6,1798,392,72,193,1,1,1
842,7,1,353,57,271,1,1,1
843,1,871,323,113,362,1,1,1
843,2,1932,353,260,497,1,1,1
843,3,1240,355,106,291,1,1,1
843,4,1494,342,124,380,1,1,1
843,5,1845,364,167,325,1,1,1
843,6,1798,389,72,195,1,1,1
843,7,1,350,58,273,1,1,1
844,1,870,320,112,365,1,1,1
844,2,1924,352,265,496,1,1,1
844,3,1240,352,101,292,1,1,1
844,4,1494,341,125,380,1,1,1
844,5,1854,361,164,327,1,1,1
844,6,1797,386,74,196,1,1,1
844,7,0,348,60,273,1,1,1
845,1,868,318,112,366,1,1,1
845,2,1915,350,271,496,1,1,1
845,3,1240,350,97,292,1,1,1
845,4,1494,340,126,379,1,1,1
845,5,1862,359,162,327,1,1,1
845,6,1797,384,74,196,1,1,1
845,7,0,345,61,274,1,1,1
846,1,866,315,110,367,1,1,1
846,2,1907,349,275,495,1,1,1
846,3,1240,347,92,292,1,1,1
846,4,1493,338,126,378,1,1,1
846,5,1871,356,158,328,1,1,1
846,6,1796,381,75,197,1,1,1
846,7,0,342,61,275,1,1,1
847,1,865,314,111,369,1,1,1
847,2,1909,348,268,496,1,1,1
847,3,1238,345,93,294,1,1,1
847,4,1495,337,125,377,1,1,1
847,5,1885,355,151,328,1,1,1
847,6,1797,379,75,198,1,1,1
847,7,0,339,61,275,1,1,1
848,1,864,312,109,371,1,1,1
848,2,1910,347,261,497,1,1,1
848,3,1237,343,91,295,1,1,1
848,4,1496,335,123,377,1,1,1
848,5,1899,353,144,329,1,1,1
848,6,1797,378,75,197,1,1,1
848,7,0,337,60,275,1,1,1
849,1,862,311,109,373,1,1,1
849,2,1912,345,254,499,1,1,1
849,3,1235,341,91,297,1,1,1
849,4,1496,333,122,376,1,1,1
849,5,1913,352,136,328,1,1,1
849,6,1797,376,75,197,1,1,1
849,7,0,334,59,275,1,1,1
850,1,861,309,108,375,1,1,1
850,2,1914,344,247,500,1,1,1
850,3,1233,339,90,298,1,1,1
850,4,1497,331,120,375,1,1,1
850,5,1926,351,130,327,1,1,1
850,6,1797,374,75,197,1,1,1
850,7,0,332,59,275,1,1,1
851,1,859,307,107,376,1,1,1
851,2,1915,342,240,500,1,1,1
851,3,1231,337,89,298,1,1,1
851,4,1498,329,117,374,1,1,1
851,5,1940,349,122,327,1,1,1
851,6,1797,372,75,197,1,1,1
851,7,0,328,57,275,1,1,1
852,1,857,305,109,379,1,1,1
852,2,1915,341,232,501,1,1,1
852,3,1230,336,89,298,1,1,1
852,4,1499,328,117,373,1,1,1
852,6,1798,371,74,197,1,1,1
852,7,0,328,58,274,1,1,1
853,1,855,303,109,380,1,1,1
853,2,1914,338,225,503,1,1,1
853,3,1229,335,89,298,1,1,1
853,4,1500,326,117,372,1,1,1
853,6,1799,369,74,197,1,1,1
853,7,-1,327,59,273,1,1,1
854,1,854,300,109,383,1,1,1
854,2,1914,336,217,504,1,1,1
854,3,1228,333,89,298,1,1,1
854,4,1500,324,117,370,1,1,1
854,6,1800,368,73,197,1,1,1
854,7,-1,326,60,273,1,1,1
855,1,852,298,110,384,1,1,1
855,2,1913,334,210,504,1,1,1
855,3,1226,332,90,298,1,1,1
855,4,1501,322,116,369,1,1,1
855,6,1801,366,72,197,1,1,1
855,7,-1,325,60,272,1,1,1
856,1,850,295,110,386,1,1,1
856,2,1912,331,202,505,1,1,1
856,3,1225,330,90,298,1,1,1
856,4,1501,319,116,368,1,1,1
856,6,1802,364,70,197,1,1,1
856,7,-1,323,60,271,1,1,1
857,1,848,293,111,387,1,1,1
857,2,1904,330,205,509,1,1,1
857,3,1224,329,90,300,1,1,1
857,4,1502,318,116,367,1,1,1
857,6,1803,364,70,196,1,1,1
857,7,-1,321,61,273,1,1,1
858,1,845,291,112,387,1,1,1
858,2,1895,328,207,513,1,1,1
858,3,1222,328,92,302,1,1,1
858,4,1501,316,117,365,1,1,1
858,6,1803,363,70,196,1,1,1
858,7,0,319,60,273,1,1,1
859,1,843,289,113,387,1,1,1
859,2,1886,326,210,518,1,1,1
859,3,1221,327,92,303,1,1,1
859,4,1501,314,117,363,1,1,1
859,6,1803,362,71,195,1,1,1
859,7,0,317,60,274,1,1,1
860,1,840,287,115,388,1,1,1
860,2,1877,324,213,522,1,1,1
860,3,1219,326,93,305,1,1,1
860,4,1501,312,117,361,1,1,1
860,6,1803,360,71,196,1,1,1
860,7,1,315,59,274,1,1,1
861,1,837,285,115,387,1,1,1
861,2,1868,322,215,526,1,1,1
861,3,1217,325,93,306,1,1,1
861,4,1500,309,117,359,1,1,1
861,5,2012,339,131,332,1,1,1
861,6,1803,359,70,195,1,1,1
861,7,1,312,59,275,1,1,1
862,1,835,284,118,388,1,1,1
862,2,1862,322,216,526,1,1,1
862,3,1217,323,94,308,1,1,1
862,4,1500,308,119,360,1,1,1
862,5,2012,338,140,333,1,1,1
862,6,1804,358,71,196,1,1,1
862,7,1,311,59,275,1,1,1
863,1,832,282,120,389,1,1,1
863,2,1856,321,216,527,1,1,1
863,3,1216,321,95,309,1,1,1
863,4,1500,307,119,360,1,1,1
863,5,2011,335,150,335,1,1,1
863,6,1804,357,71,196,1,1,1
863,7,2,309,59,275,1,1,1
864,1,829,280,122,390,1,1,1
864,2,1850,320,216,527,1,1,1
864,3,1215,319,96,310,1,1,1
864,4,1500,306,119,361,1,1,1
864,5,2011,333,158,336,1,1,1
864,6,1805,356,71,196,1,1,1
864,7,2,307,59,275,1,1,1
865,1,826,279,125,390,1,1,1
865,2,1843,320,217,526,1,1,1
865,3,1215,317,96,311,1,1,1
865,4,1499,304,120,362,1,1,1
865,5,2010,331,167,337,1,1,1
865,6,1805,355,71,196,1,1,1
865,7,2,305,59,275,1,1,1
866,1,822,277,127,390,1,1,1
866,2,1837,319,216,526,1,1,1
866,3,1214,315,97,312,1,1,1
866,4,1499,303,120,362,1,1,1
866,5,2009,329,176,337,1,1,1
866,6,1805,353,70,196,1,1,1
866,7,2,303,59,275,1,1,1
867,1,815,276,133,393,1,1,1
867,2,1830,318,217,528,1,1,1
867,3,1213,313,97,313,1,1,1
867,4,1499,303,119,361,1,1,1
867,5,2022,328,171,339,1,1,1
867,6,1805,353,72,196,1,1,1
867,7,2,302,59,275,1,1,1
868,1,808,275,138,395,1,1,1
868,2,1824,316,217,531,1,1,1
868,3,1212,311,98,314,1,1,1
868,4,1498,302,119,361,1,1,1
868,5,2035,326,165,342,1,1,1
868,6,1806,352,71,196,1,1,1
868,7,1,300,60,276,1,1,1
869,1,801,274,143,396,1,1,1
869,2,1817,315,217,532,1,1,1
869,3,1212,309,97,315,1,1,1
869,4,1498,302,118,360,1,1,1
869,5,2047,325,159,344,1,1,1
869,6,1806,351,71,196,1,1,1
869,7,1,299,60,276,1,1,1
870,1,794,273,148,398,1,1,1
870,2,1810,314,218,533,1,1,1
870,3,1211,308,98,315,1,1,1
870,4,1498,302,118,359,1,1,1
870,5,2060,324,153,345,1,1,1
870,6,1806,350,72,196,1,1,1
870,7,0,297,60,277,1,1,1
871,1,786,271,153,400,1,1,1
871,2,1803,312,217,535,1,1,1
871,3,1210,305,97,315,1,1,1
871,4,1497,301,117,359,1,1,1
871,5,2072,322,147,347,1,1,1
871,6,1805,349,72,195,1,1,1
871,7,0,295,60,277,1,1,1
872,1,786,271,150,402,1,1,1
872,2,1804,310,211,537,1,1,1
872,3,1207,305,101,316,1,1,1
872,4,1498,300,116,358,1,1,1
872,5,2073,323,154,348,1,1,1
872,6,1806,348,73,196,1,1,1
872,7,0,295,60,277,1,1,1
873,1,786,270,147,405,1,1,1
873,2,1804,308,205,538,1,1,1
873,3,1204,304,104,317,1,1,1
873,4,1498,299,115,357,1,1,1
873,5,2073,323,162,349,1,1,1
873,6,1807,347,72,196,1,1,1
873,7,0,295,60,276,1,1,1
874,1,786,269,144,407,1,1,1
874,2,1805,305,198,540,1,1,1
874,3,1201,304,107,317,1,1,1
874,4,1498,298,114,356,1,1,1
874,5,2074,324,168,349,1,1,1
874,6,1808,345,71,197,1,1,1
874,7,0,295,60,275,1,1,1
875,1,785,268,141,410,1,1,1
875,2,1805,303,192,541,1,1,1
875,3,1198,303,110,318,1,1,1
875,4,1498,298,114,354,1,1,1
875,5,2074,324,175,350,1,1,1
875,6,1809,344,71,197,1,1,1
875,7,0,295,60,274,1,1,1
876,1,785,267,137,412,1,1,1
876,2,1805,300,185,542,1,1,1
876,3,1195,302,112,317,1,1,1
876,4,1497,296,112,352,1,1,1
876,5,2075,325,181,350,1,1,1
876,6,1809,343,70,197,1,1,1
876,7,0,294,60,273,1,1,1
877,1,780,265,142,415,1,1,1
877,2,1805,299,180,544,1,1,1
877,3,1195,303,112,319,1,1,1
877,4,1498,295,112,351,1,1,1
877,5,2079,324,184,352,1,1,1
877,6,1809,342,70,197,1,1,1
877,7,0,292,60,275,1,1,1
878,1,775,263,146,417,1,1,1
878,2,1804,298,175,544,1,1,1
878,3,1194,303,111,320,1,1,1
878,4,1497,294,113,349,1,1,1
878,5,2084,324,186,353,1,1,1
878,6,1809,341,69,197,1,1,1
878,7,0,290,60,275,1,1,1
879,1,770,261,150,419,1,1,1
879,2,1803,297,170,545,1,1,1
879,3,1194,303,110,321,1,1,1
879,4,1497,292,112,348,1,1,1
879,5,2088,323,188,354,1,1,1
879,6,1809,341,68,197,1,1,1
879,7,0,288,60,276,1,1,1
880,1,764,259,155,421,1,1,1
880,2,1802,296,165,545,1,1,1
880,3,1193,303,109,322,1,1,1
880,4,1497,291,112,345,1,1,1
880,5,2093,322,190,356,1,1,1
880,6,1809,340,67,197,1,1,1
880,7,0,286,59,276,1,1,1
881,1,759,256,159,422,1,1,1
881,2,1801,294,159,545,1,1,1
881,3,1192,303,108,322,1,1,1
881,4,1496,288,111,344,1,1,1
881,5,2097,321,191,357,1,1,1
881,6,1808,338,66,197,1,1,1
881,7,0,284,59,276,1,1,1
881,9,853,304,68,175,1,1,1
882,1,756,256,158,422,1,1,1
882,2,1782,294,175,546,1,1,1
882,3,1191,302,108,324,1,1,1
882,4,1496,288,112,344,1,1,1
882,5,2112,320,184,359,1,1,1
882,7,0,283,60,277,1,1,1
882,9,855,304,67,175,1,1,1
883,1,753,255,156,422,1,1,1
883,2,1762,294,190,546,1,1,1
883,3,1189,300,108,326,1,1,1
883,4,1495,287,113,344,1,1,1
883,5,2127,318,177,361,1,1,1
883,7,0,281,62,278,1,1,1
883,9,856,303,66,175,1,1,1
884,1,750,253,155,423,1,1,1
884,2,1742,294,206,545,1,1,1
884,3,1187,299,108,327,1,1,1
884,4,1495,286,112,343,1,1,1
884,5,2141,316,170,363,1,1,1
884,7,0,280,63,278,1,1,1
884,9,857,302,64,175,1,1,1
885,1,746,252,154,423,1,1,1
885,2,1722,293,222,546,1,1,1
885,3,1185,298,108,328,1,1,1
885,4,1494,285,113,343,1,1,1
885,5,2156,315,162,364,1,1,1
885,7,0,278,64,279,1,1,1
885,9,858,301,63,176,1,1,1
886,1,743,251,152,422,1,1,1
886,2,1702,292,237,545,1,1,1
886,3,1183,296,107,329,1,1,1
886,4,1493,283,112,343,1,1,1
886,5,2170,312,154,366,1,1,1
886,7,0,276,65,279,1,1,1
886,9,858,300,61,175,1,1,1
887,1,740,250,151,426,1,1,1
887,2,1695,293,238,545,1,1,1
887,3,1182,295,107,330,1,1,1
887,4,1495,284,111,343,1,1,1
887,5,2176,312,156,367,1,1,1
887,7,0,277,65,278,1,1,1
887,9,859,299,62,176,1,1,1
888,1,737,248,149,430,1,1,1
888,2,1688,292,239,545,1,1,1
888,3,1181,294,107,331,1,1,1
888,4,1496,284,110,342,1,1,1
888,5,2182,312,158,368,1,1,1
888,7,0,276,65,278,1,1,1
888,9,860,299,61,175,1,1,1
889,1,734,247,147,433,1,1,1
889,2,1680,292,240,544,1,1,1
889,3,1180,292,107,332,1,1,1
889,4,1497,283,109,343,1,1,1
889,5,2187,312,160,368,1,1,1
889,7,1,276,64,277,1,1,1
889,9,860,298,62,175,1,1,1
890,1,731,246,145,436,1,1,1
890,2,1673,292,241,544,1,1,1
890,3,1179,291,107,333,1,1,1
890,4,1497,283,109,342,1,1,1
890,5,2192,311,162,369,1,1,1
890,7,1,275,64,277,1,1,1
890,9,860,297,62,175,1,1,1
891,1,728,244,143,439,1,1,1
891,2,1665,291,241,542,1,1,1
891,3,1177,289,107,333,1,1,1
891,4,1498,283,106,341,1,1,1
891,5,2197,310,163,370,1,1,1
891,7,1,275,63,276,1,1,1
891,9,860,296,61,174,1,1,1
892,1,728,244,142,440,1,1,1
892,2,1666,291,234,543,1,1,1
892,3,1178,289,107,334,1,1,1
892,4,1500,284,106,340,1,1,1
892,5,2198,311,173,372,1,1,1
892,7,1,274,64,277,1,1,1
892,9,861,296,62,174,1,1,1
893,1,727,243,141,442,1,1,1
893,2,1666,290,228,543,1,1,1
893,3,1178,289,108,333,1,1,1
893,4,1501,284,106,339,1,1,1
893,5,2199,312,182,373,1,1,1
893,7,1,273,65,277,1,1,1
893,9,862,295,61,175,1,1,1
894,1,727,242,139,443,1,1,1
894,2,1667,289,220,543,1,1,1
894,3,1178,288,108,333,1,1,1
894,4,1503,284,105,338,1,1,1
894,5,2200,313,190,374,1,1,1
894,7,1,272,66,278,1,1,1
894,9,862,294,62,175,1,1,1
895,1,726,241,139,444,1,1,1
895,2,1667,288,213,543,1,1,1
895,3,1178,288,108,332,1,1,1
895,4,1504,285,105,336,1,1,1
895,5,2201,313,199,377,1,1,1
895,7,1,270,66,279,1,1,1
895,9,863,293,61,176,1,1,1
896,1,725,240,137,445,1,1,1
896,2,1667,287,205,543,1,1,1
896,3,1178,287,108,332,1,1,1
896,4,1505,285,104,334,1,1,1
896,5,2201,313,208,377,1,1,1
896,6,1813,327,74,200,1,1,1
896,7,1,269,67,279,1,1,1
896,9,863,292,61,175,1,1,1
897,1,724,240,137,448,1,1,1
897,2,1668,286,199,545,1,1,1
897,3,1178,286,112,333,1,1,1
897,4,1507,284,104,335,1,1,1
897,5,2207,313,210,381,1,1,1
897,6,1814,327,74,200,1,1,1
897,7,1,268,66,280,1,1,1
897,9,863,292,62,176,1,1,1
898,1,723,239,136,451,1,1,1
898,2,1668,284,192,547,1,1,1
898,3,1178,285,115,334,1,1,1
898,4,1508,283,104,335,1,1,1
898,5,2212,312,213,383,1,1,1
898,6,1814,327,75,199,1,1,1
898,7,1,267,66,281,1,1,1
898,9,862,292,63,175,1,1,1
899,1,722,239,136,453,1,1,1
899,2,1668,283,185,549,1,1,1
899,3,1179,284,117,335,1,1,1
899,4,1509,282,103,334,1,1,1
899,5,2218,311,215,386,1,1,1
899,6,1814,327,75,199,1,1,1
899,7,0,266,66,281,1,1,1
899,9,862,291,63,175,1,1,1
900,1,720,238,136,456,1,1,1
900,2,1668,281,179,551,1,1,1
900,3,1179,283,121,335,1,1,1
900,4,1510,281,103,334,1,1,1
900,5,2223,310,218,389,1,1,1
900,6,1815,327,75,198,1,1,1
900,7,0,264,65,283,1,1,1
900,9,861,291,64,175,1,1,1
901,1,719,238,135,458,1,1,1
901,2,1667,279,172,552,1,1,1
901,3,1179,282,124,336,1,1,1
901,4,1511,280,103,334,1,1,1
901,5,2228,309,220,391,1,1,1
901,6,1814,326,75,197,1,1,1
901,7,0,263,64,282,1,1,1
901,9,861,290,64,175,1,1,1
902,1,718,236,134,460,1,1,1
902,2,1654,278,185,558,1,1,1
902,3,1181,282,124,336,1,1,1
902,4,1512,280,104,331,1,1,1
902,5,2244,308,212,392,1,1,1
902,6,1816,325,75,199,1,1,1
902,7,0,262,65,283,1,1,1
902,9,862,290,64,175,1,1,1
903,1,717,234,133,463,1,1,1
903,2,1640,277,198,563,1,1,1
903,3,1184,282,123,337,1,1,1
903,4,1513,279,105,328,1,1,1
903,5,2258,306,205,394,1,1,1
903,6,1818,324,74,199,1,1,1
903,7,0,261,66,283,1,1,1
903,9,863,289,63,175,1,1,1
904,1,716,233,132,464,1,1,1
904,2,1626,276,211,567,1,1,1
904,3,1186,282,123,337,1,1,1
904,4,1515,279,105,325,1,1,1
904,5,2273,304,198,396,1,1,1
904,6,1819,323,73,200,1,1,1
904,7,0,260,67,283,1,1,1
904,9,864,289,63,175,1,1,1
905,1,715,231,131,466,1,1,1
905,2,1612,275,224,572,1,1,1
905,3,1189,282,122,337,1,1,1
905,4,1516,278,106,322,1,1,1
905,5,2288,302,190,398,1,1,1
905,6,1820,322,73,200,1,1,1
905,7,0,259,68,283,1,1,1
905,9,865,288,63,175,1,1,1
906,1,714,228,128,468,1,1,1
906,2,1597,274,236,576,1,1,1
906,3,1191,281,122,338,1,1,1
906,4,1516,277,106,319,1,1,1
906,5,2302,300,182,398,1,1,1
906,6,1821,321,71,200,1,1,1
906,7,0,257,68,282,1,1,1
906,9,866,287,62,175,1,1,1
907,1,716,229,131,468,1,1,1
907,2,1592,274,240,577,1,1,1
907,3,1197,281,120,340,1,1,1
907,4,1521,277,106,319,1,1,1
907,5,2317,299,179,402,1,1,1
907,6,1825,320,72,201,1,1,1
907,7,0,258,75,282,1,1,1
907,9,870,286,62,175,1,1,1
908,1,718,229,132,467,1,1,1
908,2,1587,273,243,578,1,1,1
908,3,1203,280,118,341,1,1,1
908,4,1525,276,106,319,1,1,1
908,5,2330,298,177,404,1,1,1
908,6,1829,319,73,201,1,1,1
908,7,0,258,81,282,1,1,1
908,9,874,285,62,175,1,1,1
909,1,720,229,133,466,1,1,1
909,2,1581,272,247,579,1,1,1
909,3,1208,280,117,342,1,1,1
909,4,1529,274,105,320,1,1,1
909,5,2344,297,174,406,1,1,1
909,6,1833,318,73,201,1,1,1
909,7,0,258,88,282,1,1,1
909,9,878,284,62,175,1,1,1
910,1,722,229,134,465,1,1,1
910,2,1576,272,250,579,1,1,1
910,3,1214,279,115,344,1,1,1
910,4,1534,273,104,319,1,1,1
910,5,2358,296,170,408,1,1,1
910,6,1836,317,74,201,1,1,1
910,7,0,258,94,282,1,1,1
910,9,882,283,62,175,1,1,1
911,1,724,229,135,464,1,1,1
911,2,1570,270,254,580,1,1,1
911,3,1219,278,113,344,1,1,1
911,4,1537,272,103,319,1,1,1
911,5,2371,294,167,410,1,1,1
911,6,1839,315,74,202,1,1,1
911,7,0,257,100,281,1,1,1
911,9,885,282,61,175,1,1,1
912,1,725,229,138,465,1,1,1
912,2,1576,268,245,583,1,1,1
912,3,1226,277,113,346,1,1,1
912,4,1543,271,102,320,1,1,1
912,5,2378,294,172,414,1,1,1
912,6,1844,314,75,202,1,1,1
912,7,3,259,104,280,1,1,1
912,9,890,282,61,175,1,1,1
913,1,727,228,139,466,1,1,1
913,2,1582,266,236,585,1,1,1
913,3,1232,275,113,347,1,1,1
913,4,1549,270,100,320,1,1,1
913,5,2384,294,177,416,1,1,1
913,6,1849,313,74,202,1,1,1
913,7,6,260,107,278,1,1,1
913,9,894,281,61,176,1,1,1
914,1,728,228,142,467,1,1,1
914,2,1588,263,227,588,1,1,1
914,3,1238,274,113,347,1,1,1
914,4,1555,270,97,319,1,1,1
914,5,2390,294,182,418,1,1,1
914,6,1853,312,74,202,1,1,1
914,7,10,261,110,277,1,1,1
914,9,898,281,61,175,1,1,1
915,1,729,227,144,468,1,1,1
915,2,1593,261,220,590,1,1,1
915,3,1244,272,113,349,1,1,1
915,4,1560,269,96,319,1,1,1
915,5,2396,294,187,420,1,1,1
915,6,1857,311,74,201,1,1,1
915,7,13,262,113,275,1,1,1
915,9,902,280,61,176,1,1,1
916,1,730,226,145,468,1,1,1
916,2,1599,258,210,592,1,1,1
916,3,1250,270,112,349,1,1,1
916,4,1565,268,94,319,1,1,1
916,5,2401,293,192,422,1,1,1
916,6,1861,310,74,200,1,1,1
916,7,16,263,117,273,1,1,1
916,9,905,280,61,175,1,1,1
917,1,727,226,151,470,1,1,1
917,2,1598,256,208,594,1,1,1
917,3,1255,270,113,349,1,1,1
917,4,1570,267,95,320,1,1,1
917,5,2414,290,193,427,1,1,1
917,6,1866,309,74,201,1,1,1
917,7,23,263,117,273,1,1,1
917,9,910,280,61,175,1,1,1
918,1,724,226,156,471,1,1,1
918,2,1597,255,205,594,1,1,1
918,3,1261,268,113,351,1,1,1
918,4,1573,267,96,319,1,1,1
918,5,2426,287,193,430,1,1,1
918,6,1870,307,75,202,1,1,1
918,7,30,263,116,273,1,1,1
918,9,914,280,60,174,1,1,1
919,1,720,225,162,474,1,1,1
919,2,1596,253,203,596,1,1,1
919,3,1266,267,113,351,1,1,1
919,4,1577,266,97,319,1,1,1
919,5,2438,283,194,435,1,1,1
919,6,1874,306,76,202,1,1,1
919,7,36,263,117,273,1,1,1
919,9,918,279,60,175,1,1,1
920,1,717,225,167,475,1,1,1
920,2,1595,252,200,596,1,1,1
920,3,1272,266,113,352,1,1,1
920,4,1581,265,97,320,1,1,1
920,5,2451,279,193,440,1,1,1
920,6,1879,305,75,202,1,1,1
920,7,43,263,116,273,1,1,1
920,9,922,279,59,174,1,1,1
921,1,713,224,173,477,1,1,1
921,2,1593,250,197,597,1,1,1
921,3,1276,265,113,351,1,1,1
921,4,1585,264,97,318,1,1,1
921,5,2462,275,193,443,1,1,1
921,6,1883,303,75,202,1,1,1
921,7,50,262,115,273,1,1,1
921,9,926,278,58,173,1,1,1
922,1,715,224,173,479,1,1,1
922,2,1576,249,210,598,1,1,1
922,3,1281,265,113,353,1,1,1
922,5,2475,273,191,446,1,1,1
922,6,1887,302,76,203,1,1,1
922,7,55,263,116,273,1,1,1
922,9,929,278,60,174,1,1,1
923,1,716,224,174,481,1,1,1
923,2,1559,248,222,599,1,1,1
923,3,1284,264,115,354,1,1,1
923,5,2486,270,189,448,1,1,1
923,6,1890,301,77,203,1,1,1
923,7,60,263,116,273,1,1,1
923,9,933,278,59,173,1,1,1
924,1,718,224,174,483,1,1,1
924,2,1541,246,236,600,1,1,1
924,3,1288,264,115,355,1,1,1
924,5,2498,268,187,449,1,1,1
924,6,1894,300,77,203,1,1,1
924,7,66,264,116,272,1,1,1
924,9,936,277,60,174,1,1,1
925,1,720,224,174,485,1,1,1
925,2,1524,245,248,601,1,1,1
925,3,1292,264,115,356,1,1,1
925,5,2510,265,184,451,1,1,1
925,6,1898,299,77,203,1,1,1
925,7,71,264,116,271,1,1,1
925,9,939,276,60,174,1,1,1
926,1,721,224,174,486,1,1,1
926,2,1506,243,260,601,1,1,1
926,3,1295,263,116,357,1,1,1
926,5,2521,262,182,452,1,1,1
926,6,1901,298,77,202,1,1,1
926,7,76,264,115,270,1,1,1
926,9,941,275,61,173,1,1,1
927,1,718,223,179,489,1,1,1
927,2,1500,245,260,600,1,1,1
927,3,1298,264,116,358,1,1,1
927,5,2525,264,179,455,1,1,1
927,6,1904,298,77,203,1,1,1
927,7,80,265,115,270,1,1,1
927,9,944,276,61,173,1,1,1
928,1,714,221,185,492,1,1,1
928,2,1493,246,260,599,1,1,1
928,3,1300,265,117,359,1,1,1
928,5,2529,265,175,458,1,1,1
928,6,1907,297,76,203,1,1,1
928,7,83,264,115,271,1,1,1
928,9,946,275,61,175,1,1,1
929,1,710,220,190,494,1,1,1
929,2,1486,248,260,596,1,1,1
929,3,1302,266,118,360,1,1,1
929,5,2532,266,172,460,1,1,1
929,6,1910,296,76,204,1,1,1
929,7,87,264,114,271,1,1,1
929,9,948,275,60,175,1,1,1
930,1,707,218,195,497,1,1,1
930,2,1480,249,259,595,1,1,1
930,3,1304,267,118,360,1,1,1
930,5,2536,267,167,463,1,1,1
930,6,1913,295,75,204,1,1,1
930,7,90,264,114,271,1,1,1
930,9,950,275,60,175,1,1,1
931,1,703,217,200,499,1,1,1
931,2,1473,250,259,593,1,1,1
931,3,1306,267,118,361,1,1,1
931,5,2539,268,163,465,1,1,1
931,6,1915,294,75,204,1,1,1
931,7,93,263,112,270,1,1,1
931,9,951,275,60,175,1,1,1
932,1,700,217,200,499,1,1,1
932,2,1474,248,256,594,1,1,1
932,3,1307,267,119,363,1,1,1
932,6,1916,294,76,204,1,1,1
932,7,95,265,114,270,1,1,1
932,9,953,275,60,175,1,1,1
933,1,696,216,201,501,1,1,1
933,2,1475,247,252,593,1,1,1
933,3,1308,266,119,365,1,1,1
933,6,1917,293,76,205,1,1,1
933,7,97,265,114,270,1,1,1
933,9,955,275,59,174,1,1,1
934,1,693,216,200,501,1,1,1
934,2,1475,245,250,594,1,1,1
934,3,1309,264,120,368,1,1,1
934,6,1918,293,76,205,1,1,1
934,7,99,266,114,269,1,1,1
934,9,956,275,59,174,1,1,1
935,1,689,215,201,503,1,1,1
935,2,1476,244,246,594,1,1,1
935,3,1310,263,120,370,1,1,1
935,6,1919,292,76,206,1,1,1
935,7,101,267,115,268,1,1,1
935,9,958,276,58,173,1,1,1
936,1,686,215,201,503,1,1,1
936,2,1476,241,242,594,1,1,1
936,3,1310,262,120,371,1,1,1
936,4,1626,252,88,304,1,1,1
936,6,1919,291,77,206,1,1,1
936,7,103,268,115,267,1,1,1
936,9,959,275,58,172,1,1,1
937,1,683,215,203,502,1,1,1
937,2,1477,241,226,597,1,1,1
937,3,1311,262,120,371,1,1,1
937,4,1629,253,89,305,1,1,1
937,6,1921,291,76,206,1,1,1
937,7,104,268,116,267,1,1,1
937,9,960,275,58,174,1,1,1
938,1,680,215,205,502,1,1,1
938,2,1478,241,209,598,1,1,1
938,3,1311,261,121,372,1,1,1
938,4,1631,253,91,305,1,1,1
938,6,1922,291,76,206,1,1,1
938,7,105,269,117,267,1,1,1
938,9,960,275,59,174,1,1,1
939,1,677,216,208,500,1,1,1
939,2,1478,240,193,600,1,1,1
939,3,1311,261,121,372,1,1,1
939,4,1633,254,92,305,1,1,1
939,6,1923,291,75,205,1,1,1
939,7,107,269,117,267,1,1,1
939,9,961,274,59,175,1,1,1
940,1,674,216,210,499,1,1,1
940,2,1479,240,176,601,1,1,1
940,3,1311,261,122,372,1,1,1
940,4,1635,254,93,305,1,1,1
940,6,1923,290,76,206,1,1,1
940,7,108,269,118,267,1,1,1
940,9,961,273,60,176,1,1,1
941,1,670,215,212,498,1,1,1
941,2,1479,239,159,602,1,1,1
941,3,1311,260,122,372,1,1,1
941,4,1636,254,95,304,1,1,1
941,6,1924,289,75,205,1,1,1
941,7,109,269,119,267,1,1,1
941,9,961,272,60,176,1,1,1
942,1,669,217,211,500,1,1,1
942,2,1465,240,166,603,1,1,1
942,3,1311,260,125,373,1,1,1
942,4,1637,256,96,303,1,1,1
942,6,1924,290,77,205,1,1,1
942,7,110,270,119,267,1,1,1
942,9,962,273,60,176,1,1,1
943,1,668,217,208,501,1,1,1
943,2,1450,241,173,604,1,1,1
943,3,1312,260,126,373,1,1,1
943,4,1638,256,96,302,1,1,1
943,6,1923,290,79,206,1,1,1
943,7,111,270,119,267,1,1,1
943,9,963,274,60,176,1,1,1
944,1,666,218,207,502,1,1,1
944,2,1436,242,178,604,1,1,1
944,3,1312,260,128,374,1,1,1
944,4,1639,257,96,301,1,1,1
944,6,1923,290,80,206,1,1,1
944,7,112,270,119,267,1,1,1
944,9,963,274,60,176,1,1,1
945,1,665,219,204,503,1,1,1
945,2,1422,243,184,605,1,1,1
945,3,1312,260,131,374,1,1,1
945,4,1640,258,96,299,1,1,1
945,6,1922,290,82,206,1,1,1
945,7,113,271,119,267,1,1,1
945,9,964,275,59,175,1,1,1
946,1,663,219,202,504,1,1,1
946,2,1407,243,191,605,1,1,1
946,3,1312,260,132,373,1,1,1
946,4,1641,258,96,297,1,1,1
946,6,1921,290,83,205,1,1,1
946,7,114,271,118,267,1,1,1
946,9,963,275,59,174,1,1,1
947,1,664,220,197,506,1,1,1
947,2,1391,244,204,603,1,1,1
947,3,1314,261,134,374,1,1,1
947,4,1642,259,99,297,1,1,1
947,6,1923,291,82,206,1,1,1
947,7,115,271,117,268,1,1,1
947,9,965,276,59,175,1,1,1
948,1,665,220,192,508,1,1,1
948,2,1374,244,217,601,1,1,1
948,3,1316,261,135,375,1,1,1
948,4,1644,259,101,297,1,1,1
948,6,1924,291,82,206,1,1,1
948,7,115,272,117,267,1,1,1
948,9,965,277,59,174,1,1,1
949,1,665,220,187,509,1,1,1
949,2,1357,245,230,598,1,1,1
949,3,1317,262,137,375,1,1,1
949,4,1645,258,103,298,1,1,1
949,6,1926,292,80,206,1,1,1
949,7,115,272,116,268,1,1,1
949,9,966,278,59,174,1,1,1
950,1,665,220,183,511,1,1,1
950,2,1341,245,243,596,1,1,1
950,3,1318,262,139,376,1,1,1
950,4,1646,258,106,297,1,1,1
950,6,1927,292,79,206,1,1,1
950,7,116,272,114,268,1,1,1
950,9,966,278,60,175,1,1,1
951,1,665,220,177,512,1,1,1
951,2,1324,245,256,592,1,1,1
951,3,1319,262,139,375,1,1,1
951,4,1647,258,107,296,1,1,1
951,6,1928,292,77,205,1,1,1
951,7,115,272,113,268,1,1,1
951,9,966,279,59,174,1,1,1
952,1,667,221,176,516,1,1,1
952,2,1324,244,254,595,1,1,1
952,3,1322,264,137,375,1,1,1
952,4,1651,258,107,296,1,1,1
952,6,1929,293,78,206,1,1,1
952,7,117,273,115,268,1,1,1
952,9,968,280,59,173,1,1,1
953,1,668,221,175,519,1,1,1
953,2,1324,242,252,598,1,1,1
953,3,1324,264,134,375,1,1,1
953,4,1654,258,107,296,1,1,1
953,6,1930,293,78,206,1,1,1
953,7,119,274,115,267,1,1,1
953,9,968,280,60,174,1,1,1
954,1,669,222,173,522,1,1,1
954,2,1325,241,249,600,1,1,1
954,3,1327,265,130,374,1,1,1
954,4,1658,258,105,295,1,1,1
954,6,1930,292,78,207,1,1,1
954,7,120,274,116,268,1,1,1
954,9,969,281,60,173,1,1,1
955,1,670,222,172,525,1,1,1
955,2,1325,239,247,602,1,1,1
955,3,1329,266,127,373,1,1,1
955,4,1661,258,105,294,1,1,1
955,6,1931,292,78,207,1,1,1
955,7,121,275,117,267,1,1,1
955,9,970,281,59,173,1,1,1
956,1,671,222,170,528,1,1,1
956,2,1325,237,245,604,1,1,1
956,3,1331,266,123,372,1,1,1
956,4,1664,257,104,293,1,1,1
956,6,1931,291,77,206,1,1,1
956,7,122,275,117,267,1,1,1
956,9,970,281,59,171,1,1,1
957,1,673,221,168,533,1,1,1
957,2,1325,237,233,605,1,1,1
957,4,1670,257,102,294,1,1,1
957,6,1932,292,78,207,1,1,1
957,7,124,275,117,267,1,1,1
957,9,971,282,59,172,1,1,1
958,1,674,220,167,537,1,1,1
958,2,1325,237,221,605,1,1,1
958,4,1676,257,98,294,1,1,1
958,6,1933,292,78,206,1,1,1
958,7,125,275,117,267,1,1,1
958,9,971,281,60,173,1,1,1
959,1,675,219,165,541,1,1,1
959,2,1325,236,209,607,1,1,1
959,4,1682,257,95,294,1,1,1
959,6,1933,292,79,206,1,1,1
959,7,126,275,116,267,1,1,1
959,9,972,281,59,173,1,1,1
960,1,676,217,164,546,1,1,1
960,2,1325,236,196,607,1,1,1
960,4,1687,257,92,294,1,1,1
960,6,1934,292,78,206,1,1,1
960,7,127,276,116,265,1,1,1
960,9,972,280,59,174,1,1,1
961,1,677,216,161,549,1,1,1
961,2,1325,235,184,607,1,1,1
961,4,1692,257,89,293,1,1,1
961,6,1934,291,78,205,1,1,1
961,7,127,275,116,265,1,1,1
961,9,972,280,58,173,1,1,1
962,1,677,216,161,550,1,1,1
962,2,1315,236,184,607,1,1,1
962,4,1693,257,92,294,1,1,1
962,6,1935,292,78,206,1,1,1
962,7,127,276,117,265,1,1,1
962,9,973,280,59,174,1,1,1
963,1,677,215,160,551,1,1,1
963,2,1304,237,185,605,1,1,1
963,4,1692,258,95,293,1,1,1
963,6,1934,292,79,206,1,1,1
963,7,126,275,118,267,1,1,1
963,9,973,280,58,174,1,1,1
964,1,677,215,159,551,1,1,1
964,2,1294,238,184,604,1,1,1
964,4,1692,258,98,294,1,1,1
964,6,1934,293,80,205,1,1,1
964,7,125,275,119,267,1,1,1
964,9,973,280,58,173,1,1,1
965,1,676,214,159,552,1,1,1
965,2,1284,239,184,602,1,1,1
965,4,1692,258,100,294,1,1,1
965,6,1934,293,80,206,1,1,1
965,7,124,275,120,267,1,1,1
965,9,973,280,58,173,1,1,1
966,1,676,213,157,552,1,1,1
966,2,1273,240,184,600,1,1,1
966,3,1366,265,124,391,1,1,1
966,4,1691,258,103,293,1,1,1
966,6,1934,293,79,205,1,1,1
966,7,122,275,121,267,1,1,1
966,9,973,279,57,173,1,1,1
967,1,673,213,160,552,1,1,1
967,2,1267,242,185,598,1,1,1
967,3,1370,265,123,393,1,1,1
967,4,1691,260,105,292,1,1,1
967,6,1934,294,79,205,1,1,1
967,7,123,274,120,268,1,1,1
967,9,973,279,58,174,1,1,1
968,1,671,213,161,551,1,1,1
968,2,1261,244,185,596,1,1,1
968,3,1373,265,122,393,1,1,1
968,4,1691,261,106,291,1,1,1
968,6,1934,294,78,205,1,1,1
968,7,124,274,119,267,1,1,1
968,9,973,279,58,174,1,1,1
969,1,668,213,162,550,1,1,1
969,2,1254,246,186,594,1,1,1
969,3,1377,264,119,395,1,1,1
969,4,1691,262,107,290,1,1,1
969,6,1934,294,78,205,1,1,1
969,7,124,273,118,268,1,1,1
969,9,972,279,59,174,1,1,1
970,1,665,213,164,549,1,1,1
970,2,1248,248,186,592,1,1,1
970,3,1380,264,118,395,1,1,1
970,4,1691,263,109,289,1,1,1
970,6,1934,295,77,204,1,1,1
970,7,125,273,116,267,1,1,1
970,9,972,278,59,175,1,1,1
971,1,662,212,165,549,1,1,1
971,2,1241,250,186,590,1,1,1
971,3,1383,263,116,396,1,1,1
971,4,1691,264,109,287,1,1,1
971,6,1934,295,75,204,1,1,1
971,7,125,272,115,268,1,1,1
971,9,971,278,59,174,1,1,1
972,1,653,213,172,553,1,1,1
972,2,1236,251,189,589,1,1,1
972,3,1384,263,117,398,1,1,1
972,4,1691,264,111,287,1,1,1
972,6,1934,295,76,205,1,1,1
972,7,123,271,116,269,1,1,1
972,9,970,278,60,174,1,1,1
973,1,643,213,179,557,1,1,1
973,2,1231,252,191,588,1,1,1
973,3,1384,263,118,400,1,1,1
973,4,1692,264,112,286,1,1,1
973,6,1933,295,76,205,1,1,1
973,7,120,271,118,269,1,1,1
973,9,969,278,60,174,1,1,1
974,1,633,213,186,562,1,1,1
974,2,1226,253,193,587,1,1,1
974,3,1385,263,118,401,1,1,1
974,4,1692,263,113,287,1,1,1
974,6,1932,294,77,207,1,1,1
974,7,118,270,119,269,1,1,1
974,9,969,278,60,174,1,1,1
975,1,624,213,193,566,1,1,1
975,2,1221,254,195,586,1,1,1
975,3,1385,263,119,403,1,1,1
975,4,1692,263,115,286,1,1,1
975,6,1931,294,77,207,1,1,1
975,7,115,270,121,269,1,1,1
975,9,968,278,60,174,1,1,1
976,1,613,212,200,571,1,1,1
976,2,1216,254,196,585,1,1,1
976,3,1385,262,118,404,1,1,1
976,4,1692,262,115,286,1,1,1
976,6,1930,293,77,207,1,1,1
976,7,112,269,122,269,1,1,1
976,9,966,278,60,173,1,1,1
977,1,612,213,201,575,1,1,1
977,2,1211,254,191,582,1,1,1
977,3,1386,264,120,406,1,1,1
977,4,1698,263,112,287,1,1,1
977,6,1929,295,78,207,1,1,1
977,7,113,269,121,270,1,1,1
977,9,967,279,60,173,1,1,1
978,1,611,214,201,577,1,1,1
978,2,1205,253,187,579,1,1,1
978,3,1387,266,121,407,1,1,1
978,4,1703,263,108,288,1,1,1
978,6,1928,296,78,207,1,1,1
978,7,114,269,119,269,1,1,1
978,9,966,279,61,174,1,1,1
979,1,609,215,203,580,1,1,1
979,2,1200,252,182,576,1,1,1
979,3,1388,267,121,409,1,1,1
979,4,1708,264,105,288,1,1,1
979,6,1928,298,77,206,1,1,1
979,7,115,269,118,269,1,1,1
979,9,966,280,61,173,1,1,1
980,1,607,216,204,583,1,1,1
980,2,1195,252,177,572,1,1,1
980,3,1388,269,123,410,1,1,1
980,4,1713,264,102,289,1,1,1
980,6,1927,299,77,205,1,1,1
980,7,116,269,116,269,1,1,1
980,9,966,280,60,174,1,1,1
981,1,605,217,204,585,1,1,1
981,2,1189,250,172,569,1,1,1
981,3,1388,270,123,412,1,1,1
981,4,1718,264,98,289,1,1,1
981,6,1926,300,77,205,1,1,1
981,7,117,269,113,268,1,1,1
981,9,965,280,60,173,1,1,1
982,1,600,217,210,589,1,1,1
982,2,1187,251,171,565,1,1,1
982,3,1392,270,124,413,1,1,1
982,4,1723,265,95,290,1,1,1
982,6,1927,300,77,205,1,1,1
982,7,117,270,115,268,1,1,1
982,9,966,281,61,173,1,1,1
983,1,593,217,217,592,1,1,1
983,2,1184,252,170,560,1,1,1
983,3,1394,269,126,416,1,1,1
983,4,1727,265,93,291,1,1,1
983,6,1929,301,76,205,1,1,1
983,7,117,270,117,268,1,1,1
983,9,967,281,61,174,1,1,1
984,1,587,216,223,597,1,1,1
984,2,1182,252,168,556,1,1,1
984,3,1397,269,126,417,1,1,1
984,4,1731,265,90,292,1,1,1
984,6,1930,301,76,205,1,1,1
984,7,118,270,118,268,1,1,1
984,9,967,281,62,174,1,1,1
985,1,581,216,228,600,1,1,1
985,2,1180,253,166,551,1,1,1
985,3,1400,269,127,418,1,1,1
985,4,1736,265,87,293,1,1,1
985,6,1931,301,76,205,1,1,1
985,7,118,271,119,267,1,1,1
985,9,968,281,61,175,1,1,1
986,1,575,215,234,603,1,1,1
986,2,1177,252,164,546,1,1,1
986,3,1402,268,127,419,1,1,1
986,4,1740,265,84,293,1,1,1
986,6,1932,301,76,204,1,1,1
986,7,118,271,121,267,1,1,1
986,9,968,281,61,175,1,1,1
987,1,568,214,237,605,1,1,1
987,2,1164,254,173,545,1,1,1
987,3,1405,268,128,420,1,1,1
987,4,1741,266,85,293,1,1,1
987,6,1933,301,76,205,1,1,1
987,7,119,271,121,267,1,1,1
987,9,970,281,61,175,1,1,1
988,1,562,212,239,607,1,1,1
988,2,1151,255,181,543,1,1,1
988,3,1407,268,128,420,1,1,1
988,4,1742,266,86,293,1,1,1
988,6,1933,301,77,205,1,1,1
988,7,120,270,121,268,1,1,1
988,9,971,281,60,175,1,1,1
989,1,555,210,243,609,1,1,1
989,2,1138,256,188,541,1,1,1
989,3,1409,268,129,420,1,1,1
989,4,1743,266,87,293,1,1,1
989,6,1934,301,77,205,1,1,1
989,7,121,270,121,268,1,1,1
989,9,972,281,60,175,1,1,1
990,1,549,209,245,610,1,1,1
990,2,1125,257,196,539,1,1,1
990,3,1411,267,129,421,1,1,1
990,4,1744,267,88,292,1,1,1
990,6,1935,301,77,206,1,1,1
990,7,122,270,121,269,1,1,1
990,9,973,282,60,174,1,1,1
991,1,542,206,247,612,1,1,1
991,2,1112,257,203,537,1,1,1
991,3,1412,266,129,420,1,1,1
991,4,1745,266,89,291,1,1,1
991,6,1935,301,77,205,1,1,1
991,7,122,269,121,269,1,1,1
991,9,974,281,58,173,1,1,1
992,1,538,207,246,613,1,1,1
992,2,1112,259,201,535,1,1,1
992,3,1414,268,130,421,1,1,1
992,4,1745,268,90,292,1,1,1
992,6,1935,302,77,205,1,1,1
992,7,122,270,121,269,1,1,1
992,9,974,282,59,174,1,1,1
993,1,533,208,245,612,1,1,1
993,2,1112,259,198,534,1,1,1
993,3,1416,268,130,423,1,1,1
993,4,1745,269,90,293,1,1,1
993,6,1934,304,77,204,1,1,1
993,7,121,272,121,268,1,1,1
993,9,974,283,59,174,1,1,1
994,1,529,208,243,613,1,1,1
994,2,1112,260,195,532,1,1,1
994,3,1417,269,132,423,1,1,1
994,4,1744,270,91,294,1,1,1
994,6,1933,305,77,204,1,1,1
994,7,121,273,120,268,1,1,1
994,9,973,283,59,174,1,1,1
995,1,525,209,242,612,1,1,1
995,2,1111,261,193,530,1,1,1
995,3,1418,269,133,424,1,1,1
995,4,1744,271,91,294,1,1,1
995,6,1932,306,77,204,1,1,1
995,7,120,274,120,267,1,1,1
995,9,973,284,59,174,1,1,1
996,1,520,208,240,612,1,1,1
996,2,1111,261,190,527,1,1,1
996,3,1419,269,133,425,1,1,1
996,4,1743,272,91,294,1,1,1
996,5,2442,260,261,602,1,1,1
996,6,1931,307,76,203,1,1,1
996,7,119,275,119,267,1,1,1
996,9,972,284,59,174,1,1,1
997,1,519,210,243,613,1,1,1
997,2,1106,261,189,526,1,1,1
997,3,1423,271,141,424,1,1,1
997,4,1744,273,92,295,1,1,1
997,5,2440,260,264,604,1,1,1
997,6,1931,308,77,204,1,1,1
997,7,120,276,117,266,1,1,1
997,9,972,286,60,174,1,1,1
998,1,517,211,247,613,1,1,1
998,2,1100,260,189,524,1,1,1
998,3,1426,272,150,424,1,1,1
998,4,1744,274,92,294,1,1,1
998,5,2438,260,266,604,1,1,1
998,6,1931,309,77,204,1,1,1
998,7,120,277,116,265,1,1,1
998,9,972,287,59,173,1,1,1
999,1,516,213,250,612,1,1,1
999,2,1095,259,187,521,1,1,1
999,3,1429,273,158,423,1,1,1
999,4,1743,275,93,294,1,1,1
999,5,2436,260,268,605,1,1,1
999,6,1930,309,77,205,1,1,1
999,7,120,277,115,266,1,1,1
999,9,972,288,59,173,1,1,1
1000,1,514,214,253,612,1,1,1
1000,2,1089,258,187,519,1,1,1
1000,3,1431,274,167,422,1,1,1
1000,4,1743,276,93,294,1,1,1
1000,5,2434,260,270,606,1,1,1
1000,6,1930,310,77,205,1,1,1
1000,7,121,278,112,265,1,1,1
1000,9,972,289,59,173,1,1,1
1001,1,512,215,256,612,1,1,1
1001,2,1083,257,185,516,1,1,1
1001,3,1434,275,175,421,1,1,1
1001,4,1743,276,92,294,1,1,1
1001,5,2432,260,271,605,1,1,1
1001,6,1929,310,76,205,1,1,1
1001,7,121,279,111,264,1,1,1
1001,9,972,290,58,171,1,1,1
1002,1,515,215,258,612,1,1,1
1002,2,1079,258,181,515,1,1,1
1002,3,1437,276,174,423,1,1,1
1002,4,1746,276,91,294,1,1,1
1002,5,2433,257,271,609,1,1,1
1002,6,1930,309,76,206,1,1,1
1002,7,122,279,111,264,1,1,1
1002,9,973,290,57,172,1,1,1
1003,1,517,215,260,611,1,1,1
1003,2,1074,259,177,513,1,1,1
1003,3,1439,278,174,423,1,1,1
1003,4,1748,277,90,292,1,1,1
1003,5,2434,254,270,612,1,1,1
1003,6,1930,308,75,206,1,1,1
1003,7,123,279,111,263,1,1,1
1003,9,974,289,56,173,1,1,1
1004,1,519,215,262,610,1,1,1
1004,2,1070,259,171,512,1,1,1
1004,3,1441,279,174,424,1,1,1
1004,4,1751,277,88,291,1,1,1
1004,5,2434,250,270,616,1,1,1
1004,6,1931,307,74,207,1,1,1
1004,7,125,279,110,263,1,1,1
1004,9,974,288,56,173,1,1,1
1005,1,521,215,264,609,1,1,1
1005,2,1065,260,167,510,1,1,1
1005,3,1444,280,173,424,1,1,1
1005,4,1754,277,86,290,1,1,1
1005,5,2435,247,269,620,1,1,1
1005,6,1931,305,74,208,1,1,1
1005,7,126,279,110,263,1,1,1
1005,9,975,286,54,175,1,1,1
1006,1,522,214,266,608,1,1,1
1006,2,1060,260,162,508,1,1,1
1006,3,1445,281,172,425,1,1,1
1006,4,1756,277,85,289,1,1,1
1006,5,2435,243,268,622,1,1,1
1006,6,1931,304,72,208,1,1,1
1006,7,127,279,110,262,1,1,1
1006,9,975,285,54,175,1,1,1
1007,1,527,215,265,610,1,1,1
1007,2,1059,261,159,508,1,1,1
1007,3,1449,281,170,424,1,1,1
1007,4,1757,276,87,291,1,1,1
1007,5,2436,244,268,630,1,1,1
1007,6,1931,305,74,207,1,1,1
1007,7,127,279,111,263,1,1,1
1007,9,975,286,55,174,1,1,1
1008,1,531,215,263,611,1,1,1
1008,2,1057,262,156,506,1,1,1
1008,3,1452,280,168,424,1,1,1
1008,4,1758,276,88,291,1,1,1
1008,5,2436,245,268,637,1,1,1
1008,6,1932,305,74,207,1,1,1
1008,7,128,278,110,265,1,1,1
1008,9,976,287,54,173,1,1,1
1009,1,535,215,261,613,1,1,1
1009,2,1055,263,153,505,1,1,1
1009,3,1455,279,165,424,1,1,1
1009,4,1759,275,89,292,1,1,1
1009,5,2437,246,267,644,1,1,1
1009,6,1932,306,75,206,1,1,1
1009,7,128,278,110,265,1,1,1
1009,9,976,288,54,171,1,1,1
1010,1,540,215,258,615,1,1,1
1010,2,1053,263,149,505,1,1,1
1010,3,1458,278,162,423,1,1,1
1010,4,1760,274,91,293,1,1,1
1010,5,2437,247,267,651,1,1,1
1010,6,1932,306,75,205,1,1,1
1010,7,129,277,109,266,1,1,1
1010,9,977,289,54,170,1,1,1
1011,1,543,214,256,616,1,1,1
1011,2,1051,263,145,504,1,1,1
1011,3,1461,277,159,422,1,1,1
1011,4,1761,273,91,293,1,1,1
1011,5,2437,247,266,658,1,1,1
1011,6,1931,306,76,204,1,1,1
1011,7,129,277,108,266,1,1,1
1011,9,977,289,54,168,1,1,1
1012,1,548,214,252,617,1,1,1
1012,2,1048,265,148,503,1,1,1
1012,3,1472,277,154,424,1,1,1
1012,4,1761,274,93,294,1,1,1
1012,5,2437,249,267,661,1,1,1
1012,6,1932,308,77,203,1,1,1
1012,7,129,277,109,266,1,1,1
1012,9,977,290,55,168,1,1,1
1013,1,553,213,248,619,1,1,1
1013,2,1044,267,150,501,1,1,1
1013,3,1484,277,147,425,1,1,1
1013,4,1761,274,94,296,1,1,1
1013,5,2437,250,267,664,1,1,1
1013,6,1933,309,76,202,1,1,1
1013,7,130,278,109,265,1,1,1
1013,9,978,290,55,168,1,1,1
1014,1,558,212,243,620,1,1,1
1014,2,1041,268,151,499,1,1,1
1014,3,1495,277,141,426,1,1,1
1014,4,1762,274,93,298,1,1,1
1014,5,2437,252,266,666,1,1,1
1014,6,1933,311,76,201,1,1,1
1014,7,130,278,109,265,1,1,1
1014,9,978,291,55,167,1,1,1
1015,1,562,212,239,620,1,1,1
1015,2,1037,270,154,497,1,1,1
1015,3,1507,277,134,427,1,1,1
1015,4,1762,275,94,298,1,1,1
1015,5,2437,253,266,669,1,1,1
1015,6,1934,312,75,200,1,1,1
1015,7,130,279,110,263,1,1,1
1015,9,978,291,56,167,1,1,1
1016,1,566,211,234,620,1,1,1
1016,2,1033,271,155,495,1,1,1
1016,3,1517,276,128,428,1,1,1
1016,4,1761,275,95,300,1,1,1
1016,5,2436,254,265,671,1,1,1
1016,6,1934,313,75,198,1,1,1
1016,7,130,279,109,262,1,1,1
1016,9,978,291,55,166,1,1,1
1017,1,569,210,231,622,1,1,1
1017,2,1025,270,161,496,1,1,1
1017,3,1523,275,126,432,1,1,1
1017,4,1760,275,96,300,1,1,1
1017,5,2435,254,268,675,1,1,1
1017,6,1933,312,75,200,1,1,1
1017,7,128,278,110,263,1,1,1
1017,9,977,292,56,166,1,1,1
1018,1,572,209,226,623,1,1,1
1018,2,1017,268,165,497,1,1,1
1018,3,1529,274,123,434,1,1,1
1018,4,1758,275,97,300,1,1,1
1018,5,2433,254,270,678,1,1,1
1018,6,1931,311,76,202,1,1,1
1018,7,125,276,111,265,1,1,1
1018,9,975,292,56,166,1,1,1
1019,1,574,209,222,624,1,1,1
1019,2,1009,267,169,497,1,1,1
1019,3,1535,273,120,437,1,1,1
1019,4,1756,275,98,300,1,1,1
1019,5,2431,254,273,681,1,1,1
1019,6,1929,310,77,203,1,1,1
1019,7,122,275,112,265,1,1,1
1019,9,973,292,57,166,1,1,1
1020,1,577,208,218,625,1,1,1
1020,2,1001,265,174,498,1,1,1
1020,3,1540,272,118,440,1,1,1
1020,4,1755,275,98,300,1,1,1
1020,5,2430,253,274,685,1,1,1
1020,6,1927,309,78,204,1,1,1
1020,7,119,274,114,265,1,1,1
1020,9,971,292,57,166,1,1,1
1021,1,579,206,213,626,1,1,1
1021,2,993,263,177,498,1,1,1
1021,3,1545,270,115,443,1,1,1
1021,4,1752,275,98,300,1,1,1
1021,5,2427,252,276,687,1,1,1
1021,6,1925,308,79,205,1,1,1
1021,7,116,272,113,266,1,1,1
1021,9,969,291,56,166,1,1,1
1022,1,582,207,208,628,1,1,1
1022,2,989,263,171,496,1,1,1
1022,3,1544,271,119,443,1,1,1
1022,4,1751,275,96,301,1,1,1
1022,5,2420,251,284,689,1,1,1
1022,6,1923,309,78,204,1,1,1
1022,7,113,272,113,266,1,1,1
1022,9,967,290,57,168,1,1,1
1023,1,585,207,202,630,1,1,1
1023,2,986,262,163,493,1,1,1
1023,3,1543,272,123,442,1,1,1
1023,4,1748,274,95,303,1,1,1
1023,5,2413,250,291,689,1,1,1
1023,6,1921,309,77,203,1,1,1
1023,7,109,271,113,267,1,1,1
1023,9,965,288,56,169,1,1,1
1024,1,588,207,195,632,1,1,1
1024,2,982,261,156,491,1,1,1
1024,3,1542,272,126,442,1,1,1
1024,4,1746,274,93,304,1,1,1
1024,5,2405,249,298,690,1,1,1
1024,6,1918,309,76,202,1,1,1
1024,7,105,271,113,267,1,1,1
1024,9,963,287,55,170,1,1,1
1025,1,590,207,190,634,1,1,1
1025,2,979,259,147,489,1,1,1
1025,3,1540,273,130,441,1,1,1
1025,4,1744,274,91,304,1,1,1
1025,5,2398,247,305,691,1,1,1
1025,6,1916,309,75,202,1,1,1
1025,7,101,270,113,267,1,1,1
1025,9,961,285,54,171,1,1,1
1026,1,593,206,183,636,1,1,1
1026,2,975,258,140,486,1,1,1
1026,3,1538,273,133,440,1,1,1
1026,4,1741,273,88,305,1,1,1
1026,5,2390,245,312,691,1,1,1
1026,6,1913,309,73,200,1,1,1
1026,7,96,270,113,266,1,1,1
1026,9,958,283,54,172,1,1,1
1027,1,601,207,196,634,1,1,1
1027,2,968,258,140,485,1,1,1
1027,3,1541,273,132,440,1,1,1
1027,4,1738,273,91,305,1,1,1
1027,5,2385,246,318,693,1,1,1
1027,6,1911,309,74,201,1,1,1
1027,7,93,270,114,266,1,1,1
1028,1,609,207,208,632,1,1,1
1028,2,962,258,139,483,1,1,1
1028,3,1543,272,130,440,1,1,1
1028,4,1734,272,93,306,1,1,1
1028,5,2379,246,324,695,1,1,1
1028,6,1908,309,74,201,1,1,1
1028,7,89,269,115,266,1,1,1
1029,1,616,207,221,630,1,1,1
1029,2,955,258,139,481,1,1,1
1029,3,1545,271,129,440,1,1,1
1029,4,1730,272,95,305,1,1,1
1029,5,2374,246,329,696,1,1,1
1029,6,1906,309,73,201,1,1,1
1029,7,85,269,116,266,1,1,1
1030,1,624,207,234,628,1,1,1
1030,2,948,258,140,480,1,1,1
1030,3,1547,270,127,441,1,1,1
1030,4,1726,271,97,305,1,1,1
1030,5,2368,246,335,698,1,1,1
1030,6,1903,309,73,201,1,1,1
1030,7,82,268,117,266,1,1,1
1031,1,631,206,245,626,1,1,1
1031,2,941,258,138,477,1,1,1
1031,3,1548,269,126,440,1,1,1
1031,4,1722,270,98,304,1,1,1
1031,5,2362,245,340,700,1,1,1
1031,6,1900,308,73,201,1,1,1
1031,7,77,268,118,265,1,1,1
1032,1,633,207,249,625,1,1,1
1032,2,927,259,152,477,1,1,1
1032,3,1548,271,129,439,1,1,1
1032,4,1719,270,98,306,1,1,1
1032,5,2370,248,333,705,1,1,1
1032,6,1898,308,74,201,1,1,1
1032,7,74,267,117,267,1,1,1
1033,1,634,207,253,624,1,1,1
1033,2,913,259,164,476,1,1,1
1033,3,1546,272,134,439,1,1,1
1033,4,1716,269,98,307,1,1,1
1033,5,2377,250,325,711,1,1,1
1033,6,1896,308,73,200,1,1,1
1033,7,69,266,117,268,1,1,1
1034,1,636,207,255,622,1,1,1
1034,2,899,259,176,475,1,1,1
1034,3,1545,274,137,438,1,1,1
1034,4,1713,268,97,309,1,1,1
1034,5,2384,252,318,716,1,1,1
1034,6,1894,308,73,199,1,1,1
1034,7,65,264,116,270,1,1,1
1035,1,637,207,259,621,1,1,1
1035,2,884,260,189,474,1,1,1
1035,3,1544,275,140,438,1,1,1
1035,4,1710,268,97,310,1,1,1
1035,5,2391,255,311,721,1,1,1
1035,6,1892,308,73,198,1,1,1
1035,7,61,263,116,272,1,1,1
1036,1,638,206,261,620,1,1,1
1036,2,870,260,201,473,1,1,1
1036,3,1543,276,143,436,1,1,1
1036,4,1706,266,96,311,1,1,1
1036,5,2398,256,303,726,1,1,1
1036,6,1890,308,73,196,1,1,1
1036,7,56,261,115,273,1,1,1
1037,1,639,205,258,622,1,1,1
1037,2,867,258,200,476,1,1,1
1037,3,1540,277,142,436,1,1,1
1037,4,1698,267,102,311,1,1,1
1037,5,2397,255,305,734,1,1,1
1037,6,1887,308,73,198,1,1,1
1037,7,52,261,116,273,1,1,1
1038,1,640,203,254,625,1,1,1
1038,2,864,256,198,478,1,1,1
1038,3,1538,277,138,435,1,1,1
1038,4,1690,267,106,310,1,1,1
1038,5,2395,254,308,742,1,1,1
1038,6,1885,308,72,198,1,1,1
1038,7,48,261,117,272,1,1,1
1039,1,641,201,250,627,1,1,1
1039,2,861,254,196,480,1,1,1
1039,3,1535,277,136,435,1,1,1
1039,4,1681,268,112,308,1,1,1
1039,5,2394,253,309,749,1,1,1
1039,6,1882,307,72,200,1,1,1
1039,7,44,261,118,271,1,1,1
1040,1,642,199,246,630,1,1,1
1040,2,858,252,194,482,1,1,1
1040,3,1532,278,134,434,1,1,1
1040,4,1672,268,118,308,1,1,1
1040,5,2392,251,312,757,1,1,1
1040,6,1879,307,71,201,1,1,1
1040,7,39,260,120,271,1,1,1
1041,1,643,197,241,631,1,1,1
1041,2,855,250,191,484,1,1,1
1041,3,1529,277,131,433,1,1,1
1041,4,1663,268,122,306,1,1,1
1041,5,2390,250,313,763,1,1,1
1041,6,1876,306,70,201,1,1,1
1041,7,34,259,120,270,1,1,1
1042,1,643,197,249,631,1,1,1
1042,2,851,249,183,486,1,1,1
1042,3,1525,276,130,430,1,1,1
1042,4,1659,268,122,307,1,1,1
1042,5,2387,249,317,765,1,1,1
1042,6,1874,307,71,200,1,1,1
1042,7,30,258,121,272,1,1,1
1043,1,643,196,256,630,1,1,1
1043,2,846,249,175,486,1,1,1
1043,3,1520,274,130,427,1,1,1
1043,4,1654,269,121,307,1,1,1
1043,5,2383,249,321,765,1,1,1
1043,6,1871,307,72,199,1,1,1
1043,7,25,257,121,273,1,1,1
1044,1,642,196,264,628,1,1,1
1044,2,841,248,167,487,1,1,1
1044,3,1515,273,129,424,1,1,1
1044,4,1649,269,120,307,1,1,1
1044,5,2379,248,325,765,1,1,1
1044,6,1868,306,73,199,1,1,1
1044,7,20,256,121,274,1,1,1
1045,1,642,195,272,627,1,1,1
1045,2,836,248,159,487,1,1,1
1045,3,1511,271,127,421,1,1,1
1045,4,1644,270,120,307,1,1,1
1045,5,2375,247,329,766,1,1,1
1045,6,1866,306,73,199,1,1,1
1045,7,15,254,122,275,1,1,1
1046,1,641,194,279,626,1,1,1
1046,2,830,247,151,487,1,1,1
1046,3,1505,269,126,417,1,1,1
1046,4,1639,270,119,307,1,1,1
1046,5,2371,246,332,766,1,1,1
1046,6,1863,305,73,197,1,1,1
1046,7,9,252,122,276,1,1,1
1046,9,908,279,57,170,1,1,1
1047,1,639,194,271,625,1,1,1
1047,2,816,247,152,487,1,1,1
1047,3,1501,269,128,414,1,1,1
1047,4,1635,270,117,308,1,1,1
1047,5,2366,251,338,774,1,1,1
1047,6,1859,305,74,198,1,1,1
1047,7,8,253,119,276,1,1,1
1047,9,903,279,59,171,1,1,1
1048,1,636,193,263,624,1,1,1
1048,2,802,247,152,487,1,1,1
1048,3,1496,269,129,410,1,1,1
1048,4,1630,269,116,310,1,1,1
1048,5,2361,255,343,783,1,1,1
1048,6,1854,305,75,198,1,1,1
1048,7,6,253,115,277,1,1,1
1048,9,898,278,60,171,1,1,1
1049,1,634,192,254,623,1,1,1
1049,2,787,247,153,487,1,1,1
1049,3,1492,268,130,407,1,1,1
1049,4,1626,268,113,311,1,1,1
1049,5,2355,259,349,791,1,1,1
1049,6,1849,304,77,198,1,1,1
1049,7,4,253,112,277,1,1,1
1049,9,893,277,61,172,1,1,1
1050,1,631,191,247,623,1,1,1
1050,2,773,247,153,487,1,1,1
1050,3,1487,268,132,403,1,1,1
1050,4,1621,267,112,313,1,1,1
1050,5,2350,264,354,799,1,1,1
1050,6,1845,303,77,199,1,1,1
1050,7,2,253,108,277,1,1,1
1050,9,888,276,62,173,1,1,1
1051,1,628,190,238,621,1,1,1
1051,2,758,246,153,486,1,1,1
1051,3,1481,268,133,398,1,1,1
1051,4,1616,266,109,313,1,1,1
1051,5,2344,268,359,806,1,1,1
1051,6,1840,302,77,198,1,1,1
1051,7,0,253,105,276,1,1,1
1051,9,883,275,63,173,1,1,1
1052,1,622,189,238,623,1,1,1
1052,2,750,244,159,492,1,1,1
1052,3,1477,268,134,399,1,1,1
1052,4,1610,265,110,316,1,1,1
1052,5,2338,273,366,809,1,1,1
1052,6,1836,303,77,199,1,1,1
1052,7,0,254,98,277,1,1,1
1052,9,879,274,62,174,1,1,1
1053,1,616,189,237,624,1,1,1
1053,2,742,242,163,497,1,1,1
1053,3,1473,268,135,398,1,1,1
1053,4,1603,264,111,317,1,1,1
1053,5,2332,279,372,810,1,1,1
1053,6,1832,303,76,199,1,1,1
1053,7,0,254,90,278,1,1,1
1053,9,874,273,62,175,1,1,1
1054,1,610,188,236,626,1,1,1
1054,2,734,239,168,503,1,1,1
1054,3,1468,267,136,399,1,1,1
1054,4,1597,262,111,319,1,1,1
1054,5,2326,284,378,812,1,1,1
1054,6,1827,303,76,200,1,1,1
1054,7,0,254,83,279,1,1,1
1054,9,869,272,62,176,1,1,1
1055,1,604,187,235,628,1,1,1
1055,2,726,237,173,508,1,1,1
1055,3,1463,267,137,399,1,1,1
1055,4,1590,261,112,320,1,1,1
1055,5,2320,289,384,814,1,1,1
1055,6,1823,303,75,200,1,1,1
1055,7,0,255,76,278,1,1,1
1055,9,865,271,61,177,1,1,1
1056,1,597,186,234,628,1,1,1
1056,2,718,234,177,513,1,1,1
1056,3,1458,266,137,399,1,1,1
1056,4,1583,259,113,321,1,1,1
1056,5,2313,294,389,815,1,1,1
1056,6,1818,303,74,200,1,1,1
1056,7,0,255,68,278,1,1,1
1056,9,859,269,60,177,1,1,1
1057,1,590,187,236,629,1,1,1
1057,2,711,233,177,514,1,1,1
1057,3,1454,268,140,397,1,1,1
1057,4,1577,259,113,323,1,1,1
1057,5,2313,296,391,819,1,1,1
1057,6,1813,303,75,200,1,1,1
1057,9,854,270,62,178,1,1,1
1058,1,583,186,237,631,1,1,1
1058,2,703,232,177,515,1,1,1
1058,3,1450,269,143,394,1,1,1
1058,4,1571,259,113,325,1,1,1
1058,5,2313,298,391,821,1,1,1
1058,6,1808,303,74,200,1,1,1
1058,9,849,270,62,178,1,1,1
1059,1,575,186,239,631,1,1,1
1059,2,696,231,176,516,1,1,1
1059,3,1446,270,145,391,1,1,1
1059,4,1564,259,114,327,1,1,1
1059,5,2312,300,392,824,1,1,1
1059,6,1803,303,74,200,1,1,1
1059,9,844,270,62,178,1,1,1
1060,1,568,186,240,632,1,1,1
1060,2,688,230,176,517,1,1,1
1060,3,1441,271,148,389,1,1,1
1060,4,1558,259,114,329,1,1,1
1060,5,2312,302,392,826,1,1,1
1060,6,1798,303,74,199,1,1,1
1060,9,838,270,63,178,1,1,1
1061,1,560,185,242,632,1,1,1
1061,2,680,228,176,518,1,1,1
1061,3,1437,272,150,385,1,1,1
1061,4,1552,259,114,330,1,1,1
1061,5,2311,303,392,829,1,1,1
1061,6,1792,302,73,199,1,1,1
1061,9,833,270,63,177,1,1,1
1062,1,553,185,244,633,1,1,1
1062,2,673,230,176,518,1,1,1
1062,3,1434,271,149,386,1,1,1
1062,4,1547,260,114,332,1,1,1
1062,6,1787,302,74,200,1,1,1
1062,9,828,270,63,178,1,1,1
1063,1,545,184,247,633,1,1,1
1063,2,665,232,176,516,1,1,1
1063,3,1430,269,148,386,1,1,1
1063,4,1543,260,112,334,1,1,1
1063,6,1782,302,73,200,1,1,1
1063,9,823,270,62,178,1,1,1
1064,1,537,183,249,634,1,1,1
1064,2,657,233,177,516,1,1,1
1064,3,1426,268,148,386,1,1,1
1064,4,1538,261,111,335,1,1,1
1064,6,1777,302,73,199,1,1,1
1064,9,818,269,62,178,1,1,1
1065,1,529,183,252,633,1,1,1
1065,2,650,235,176,514,1,1,1
1065,3,1423,266,147,386,1,1,1
1065,4,1533,261,111,336,1,1,1
1065,6,1772,301,73,200,1,1,1
1065,9,812,269,62,178,1,1,1
1066,1,521,181,253,634,1,1,1
1066,2,642,236,176,513,1,1,1
1066,3,1419,264,146,386,1,1,1
1066,4,1528,261,109,337,1,1,1
1066,6,1766,300,72,200,1,1,1
1066,9,807,268,61,177,1,1,1
1067,1,511,183,258,632,1,1,1
1067,2,632,234,181,517,1,1,1
1067,3,1414,263,145,383,1,1,1
1067,4,1523,261,110,338,1,1,1
1067,6,1761,301,72,199,1,1,1
1067,9,801,268,62,179,1,1,1
1068,1,500,185,263,629,1,1,1
1068,2,623,233,185,518,1,1,1
1068,3,1408,261,144,381,1,1,1
1068,4,1517,260,110,339,1,1,1
1068,6,1756,301,72,199,1,1,1
1068,9,795,268,63,179,1,1,1
1069,1,489,186,269,627,1,1,1
1069,2,613,231,190,521,1,1,1
1069,3,1403,259,142,378,1,1,1
1069,4,1511,259,111,340,1,1,1
1069,6,1751,301,71,198,1,1,1
1069,9,789,267,63,180,1,1,1
1070,1,478,188,274,625,1,1,1
1070,2,604,229,194,523,1,1,1
1070,3,1397,256,141,377,1,1,1
1070,4,1505,258,112,340,1,1,1
1070,6,1745,301,72,198,1,1,1
1070,9,783,267,64,180,1,1,1
1071,1,467,189,278,622,1,1,1
1071,2,594,227,199,526,1,1,1
1071,3,1391,254,138,373,1,1,1
1071,4,1498,257,112,340,1,1,1
1071,6,1740,301,70,196,1,1,1
1071,9,777,266,63,180,1,1,1
1072,1,458,189,282,623,1,1,1
1072,2,588,227,195,527,1,1,1
1072,3,1382,254,142,372,1,1,1
1072,4,1490,256,115,342,1,1,1
1072,6,1734,301,71,197,1,1,1
1072,9,770,266,65,181,1,1,1
1073,1,448,188,286,624,1,1,1
1073,2,582,228,192,527,1,1,1
1073,3,1373,253,144,372,1,1,1
1073,4,1482,255,117,342,1,1,1
1073,6,1728,301,71,197,1,1,1
1073,9,764,266,65,181,1,1,1
1074,1,438,188,290,624,1,1,1
1074,2,576,228,188,528,1,1,1
1074,3,1363,252,147,371,1,1,1
1074,4,1474,254,119,343,1,1,1
1074,6,1722,301,71,196,1,1,1
1074,9,757,266,65,180,1,1,1
1075,1,428,187,294,625,1,1,1
1075,2,570,229,184,528,1,1,1
1075,3,1354,251,149,370,1,1,1
1075,4,1465,253,122,343,1,1,1
1075,6,1717,301,70,196,1,1,1
1075,9,750,265,66,181,1,1,1
1076,1,418,186,297,625,1,1,1
1076,2,564,228,180,528,1,1,1
1076,3,1343,250,152,368,1,1,1
1076,4,1456,252,123,343,1,1,1
1076,6,1710,301,69,195,1,1,1
1076,9,743,265,66,180,1,1,1
1077,1,408,187,294,625,1,1,1
1077,2,557,230,179,527,1,1,1
1077,3,1336,251,153,368,1,1,1
1077,4,1449,251,124,344,1,1,1
1077,6,1705,301,69,195,1,1,1
1077,9,737,265,66,181,1,1,1
1078,1,398,188,289,625,1,1,1
1078,2,550,231,178,526,1,1,1
1078,3,1329,250,151,368,1,1,1
1078,4,1441,250,126,345,1,1,1
1078,6,1699,301,69,194,1,1,1
1078,9,730,265,66,180,1,1,1
1079,1,388,189,285,625,1,1,1
1079,2,543,233,177,523,1,1,1
1079,3,1321,250,151,368,1,1,1
1079,4,1433,250,127,344,1,1,1
1079,6,1692,302,69,192,1,1,1
1079,9,723,266,66,179,1,1,1
1080,1,378,189,281,625,1,1,1
1080,2,536,234,176,522,1,1,1
1080,3,1314,250,150,367,1,1,1
1080,4,1426,249,127,344,1,1,1
1080,6,1686,302,68,192,1,1,1
1080,9,716,266,66,178,1,1,1
1081,1,368,190,276,625,1,1,1
1081,2,528,235,175,520,1,1,1
1081,3,1306,250,150,366,1,1,1
1081,4,1417,247,128,344,1,1,1
1081,6,1680,302,67,190,1,1,1
1081,9,709,265,65,178,1,1,1
1082,1,359,189,271,626,1,1,1
1082,2,525,235,171,518,1,1,1
1082,3,1300,251,148,365,1,1,1
1082,4,1410,248,128,345,1,1,1
1082,6,1674,302,67,191,1,1,1
1082,9,703,265,64,179,1,1,1
1083,1,350,188,266,628,1,1,1
1083,2,522,236,167,514,1,1,1
1083,3,1294,253,146,362,1,1,1
1083,4,1402,248,128,345,1,1,1
1083,6,1667,301,66,192,1,1,1
1083,9,696,264,63,179,1,1,1
1084,1,340,187,261,629,1,1,1
1084,2,519,236,162,512,1,1,1
1084,3,1288,254,144,360,1,1,1
1084,4,1394,248,128,345,1,1,1
1084,6,1660,301,66,193,1,1,1
1084,9,690,263,62,180,1,1,1
1085,1,331,186,255,630,1,1,1
1085,2,516,236,158,510,1,1,1
1085,3,1282,256,141,357,1,1,1
1085,4,1386,248,129,345,1,1,1
1085,6,1654,300,64,194,1,1,1
1085,9,683,262,61,181,1,1,1
1086,1,321,185,250,631,1,1,1
1086,2,513,236,153,506,1,1,1
1086,3,1276,256,138,355,1,1,1
1086,4,1377,248,129,344,1,1,1
1086,6,1647,300,63,194,1,1,1
1086,9,676,261,59,181,1,1,1
1087,1,310,184,261,634,1,1,1
1087,2,507,235,159,505,1,1,1
1087,3,1271,258,137,354,1,1,1
1087,4,1374,249,127,344,1,1,1
1087,6,1642,300,63,194,1,1,1
1087,9,669,261,61,182,1,1,1
1088,1,299,184,271,635,1,1,1
1088,2,501,234,163,504,1,1,1
1088,3,1266,259,135,353,1,1,1
1088,4,1370,249,124,344,1,1,1
1088,6,1636,300,64,193,1,1,1
1088,9,661,261,62,182,1,1,1
1089,1,288,183,281,638,1,1,1
1089,2,495,232,168,503,1,1,1
1089,3,1261,261,133,351,1,1,1
1089,4,1367,249,121,344,1,1,1
1089,6,1630,301,64,192,1,1,1
1089,9,653,261,64,182,1,1,1
1090,1,277,183,291,639,1,1,1
1090,2,489,231,173,501,1,1,1
1090,3,1256,262,131,350,1,1,1
1090,4,1363,249,118,344,1,1,1
1090,6,1625,301,63,191,1,1,1
1090,9,646,261,64,182,1,1,1
1091,1,265,181,301,641,1,1,1
1091,2,483,229,177,500,1,1,1
1091,3,1251,263,128,348,1,1,1
1091,4,1359,248,115,344,1,1,1
1091,6,1619,301,63,190,1,1,1
1091,9,638,260,65,182,1,1,1
1092,1,253,182,307,642,1,1,1
1092,2,479,230,185,498,1,1,1
1092,3,1242,263,130,346,1,1,1
1092,4,1356,249,113,345,1,1,1
1092,6,1613,301,64,191,1,1,1
1092,9,631,260,66,183,1,1,1
1093,1,241,182,312,643,1,1,1
1093,2,476,231,191,495,1,1,1
1093,3,1234,263,131,343,1,1,1
1093,4,1353,249,109,345,1,1,1
1093,6,1607,301,64,191,1,1,1
1093,9,625,259,66,184,1,1,1
1094,1,229,183,317,642,1,1,1
1094,2,472,232,198,493,1,1,1
1094,3,1225,262,133,341,1,1,1
1094,4,1350,249,106,346,1,1,1
1094,6,1601,301,64,191,1,1,1
1094,9,618,259,66,184,1,1,1
1095,1,218,183,321,643,1,1,1
1095,2,468,232,205,492,1,1,1
1095,3,1216,262,134,338,1,1,1
1095,4,1347,249,102,347,1,1,1
1095,6,1595,301,65,191,1,1,1
1095,9,611,258,67,185,1,1,1
1096,1,205,183,326,643,1,1,1
1096,2,463,233,212,488,1,1,1
1096,3,1207,261,135,335,1,1,1
1096,4,1344,248,98,347,1,1,1
1096,6,1588,301,65,190,1,1,1
1096,9,604,257,66,185,1,1,1
1097,1,195,182,317,642,1,1,1
1097,2,459,234,217,489,1,1,1
1097,3,1201,262,129,336,1,1,1
1097,4,1339,250,99,348,1,1,1
1097,6,1583,301,66,191,1,1,1
1097,9,598,257,67,186,1,1,1
1098,1,184,181,307,642,1,1,1
1098,2,455,234,221,489,1,1,1
1098,3,1194,262,123,335,1,1,1
1098,4,1334,250,99,350,1,1,1
1098,6,1576,302,67,190,1,1,1
1098,9,591,257,67,186,1,1,1
1099,1,173,179,298,642,1,1,1
1099,2,451,234,225,490,1,1,1
1099,3,1188,262,117,335,1,1,1
1099,4,1329,251,100,351,1,1,1
1099,6,1570,302,68,191,1,1,1
1099,9,584,257,67,186,1,1,1
1100,1,162,178,289,641,1,1,1
1100,2,446,234,230,490,1,1,1
1100,3,1181,262,111,335,1,1,1
1100,4,1324,252,100,352,1,1,1
1100,6,1564,302,68,191,1,1,1
1100,9,578,257,66,186,1,1,1
1101,1,151,176,279,640,1,1,1
1101,2,441,234,234,490,1,1,1
1101,3,1175,262,104,334,1,1,1
1101,4,1319,252,100,352,1,1,1
1101,6,1558,302,68,190,1,1,1
1101,9,570,256,66,186,1,1,1
1102,1,141,175,275,640,1,1,1
1102,2,440,233,230,489,1,1,1
1102,3,1168,264,105,333,1,1,1
1102,4,1314,253,103,354,1,1,1
1102,6,1554,303,66,189,1,1,1
1102,9,562,256,69,188,1,1,1
1103,1,131,174,270,639,1,1,1
1103,2,438,232,226,488,1,1,1
1103,3,1161,265,106,331,1,1,1
1103,4,1308,254,107,355,1,1,1
1103,6,1549,303,64,188,1,1,1
1103,9,553,256,72,188,1,1,1
1104,1,121,172,265,639,1,1,1
1104,2,436,231,222,486,1,1,1
1104,3,1154,267,107,329,1,1,1
1104,4,1302,255,111,356,1,1,1
1104,6,1544,303,62,187,1,1,1
1104,9,544,255,75,190,1,1,1
1105,1,110,171,261,638,1,1,1
1105,2,434,229,218,485,1,1,1
1105,3,1147,268,108,328,1,1,1
1105,4,1296,255,115,357,1,1,1
1105,6,1540,302,60,187,1,1,1
1105,9,535,254,78,192,1,1,1
1106,1,100,169,255,637,1,1,1
1106,2,432,227,213,483,1,1,1
1106,3,1139,269,109,325,1,1,1
1106,4,1290,255,118,358,1,1,1
1106,6,1534,302,58,186,1,1,1
1106,9,525,253,81,193,1,1,1
1107,1,91,169,249,637,1,1,1
1107,2,431,227,209,484,1,1,1
1107,3,1133,270,111,324,1,1,1
1107,4,1287,254,118,358,1,1,1
1107,6,1529,302,61,187,1,1,1
1108,1,81,168,244,636,1,1,1
1108,2,430,227,204,484,1,1,1
1108,3,1127,271,112,322,1,1,1
1108,4,1282,253,119,357,1,1,1
1108,6,1523,302,64,187,1,1,1
1109,1,72,167,238,636,1,1,1
1109,2,428,227,200,483,1,1,1
1109,3,1120,271,113,322,1,1,1
1109,4,1278,252,119,356,1,1,1
1109,6,1517,302,68,188,1,1,1
1110,1,63,166,231,635,1,1,1
1110,2,427,226,195,484,1,1,1
1110,3,1113,272,115,320,1,1,1
1110,4,1274,250,119,357,1,1,1
1110,6,1511,302,71,188,1,1,1
1111,1,53,165,225,634,1,1,1
1111,2,425,225,190,483,1,1,1
1111,3,1106,272,116,318,1,1,1
1111,4,1269,248,118,355,1,1,1
1111,6,1504,302,74,188,1,1,1
1112,1,43,165,228,636,1,1,1
1112,2,422,227,188,481,1,1,1
1112,3,1101,271,113,318,1,1,1
1112,4,1264,249,120,358,1,1,1
1112,6,1500,302,72,189,1,1,1
1113,1,32,164,230,639,1,1,1
1113,2,418,228,185,479,1,1,1
1113,3,1095,269,111,318,1,1,1
1113,4,1258,250,121,359,1,1,1
1113,6,1494,302,70,190,1,1,1
1114,1,21,164,233,640,1,1,1
1114,2,414,230,183,477,1,1,1
1114,3,1089,268,108,317,1,1,1
1114,4,1252,250,122,362,1,1,1
1114,6,1489,302,68,190,1,1,1
1115,1,11,163,235,643,1,1,1
1115,2,411,231,179,475,1,1,1
1115,3,1083,267,105,316,1,1,1
1115,4,1246,251,124,363,1,1,1
1115,6,1484,302,65,191,1,1,1
1116,1,0,162,237,644,1,1,1
1116,2,406,232,176,472,1,1,1
1116,3,1076,265,102,316,1,1,1
1116,4,1239,251,125,365,1,1,1
1116,6,1479,302,62,190,1,1,1
1117,1,0,166,228,642,1,1,1
1117,2,402,233,181,473,1,1,1
1117,3,1067,265,101,316,1,1,1
1117,4,1234,250,126,367,1,1,1
1117,6,1472,303,63,190,1,1,1
1118,1,0,168,219,642,1,1,1
1118,2,397,233,186,474,1,1,1
1118,3,1057,265,101,315,1,1,1
1118,4,1229,249,126,368,1,1,1
1118,6,1465,303,64,191,1,1,1
1119,1,0,171,209,640,1,1,1
1119,2,392,233,190,476,1,1,1
1119,3,1047,265,100,315,1,1,1
1119,4,1224,248,126,370,1,1,1
1119,6,1458,304,64,190,1,1,1
1120,1,0,174,200,639,1,1,1
1120,2,387,233,195,477,1,1,1
1120,3,1038,265,98,315,1,1,1
1120,4,1219,247,126,371,1,1,1
1120,6,1451,304,65,191,1,1,1
1121,1,0,176,190,637,1,1,1
1121,2,381,232,200,479,1,1,1
1121,3,1027,265,97,313,1,1,1
1121,4,1213,246,125,372,1,1,1
1121,5,2548,320,153,704,1,1,1
1121,6,1444,304,65,190,1,1,1
1122,2,373,233,202,478,1,1,1
1122,3,1014,266,104,314,1,1,1
1122,4,1205,248,126,372,1,1,1
1122,5,2533,318,169,696,1,1,1
1122,6,1438,306,64,190,1,1,1
1123,2,364,233,205,476,1,1,1
1123,3,1000,268,111,313,1,1,1
1123,4,1196,250,127,372,1,1,1
1123,5,2518,315,184,687,1,1,1
1123,6,1431,306,63,190,1,1,1
1124,2,356,233,207,475,1,1,1
1124,3,986,269,117,312,1,1,1
1124,4,1187,252,128,372,1,1,1
1124,5,2503,312,199,678,1,1,1
1124,6,1424,307,62,189,1,1,1
1125,2,347,234,209,473,1,1,1
1125,3,972,271,124,311,1,1,1
1125,4,1178,253,129,372,1,1,1
1125,5,2487,309,215,669,1,1,1
1125,6,1418,308,61,189,1,1,1
1126,2,339,234,211,472,1,1,1
1126,3,958,272,130,311,1,1,1
1126,4,1169,255,130,372,1,1,1
1126,5,2472,306,230,660,1,1,1
1126,6,1411,309,60,188,1,1,1
1127,2,329,235,211,471,1,1,1
1127,3,948,272,128,312,1,1,1
1127,4,1160,257,130,373,1,1,1
1127,5,2444,306,248,656,1,1,1
1127,6,1403,310,60,188,1,1,1
1128,2,318,235,213,471,1,1,1
1128,3,938,271,126,314,1,1,1
1128,4,1152,260,129,374,1,1,1
1128,5,2415,306,266,653,1,1,1
1128,6,1395,311,60,188,1,1,1
1129,2,308,236,213,471,1,1,1
1129,3,928,271,124,314,1,1,1
1129,4,1143,262,129,375,1,1,1
1129,5,2387,306,284,649,1,1,1
1129,6,1387,311,61,189,1,1,1
1130,2,298,237,213,470,1,1,1
1130,3,918,271,122,315,1,1,1
1130,4,1135,264,129,377,1,1,1
1130,5,2358,307,302,645,1,1,1
1130,6,1378,312,62,188,1,1,1
1131,2,287,237,213,469,1,1,1
1131,3,908,270,120,316,1,1,1
1131,4,1126,266,128,377,1,1,1
1131,5,2330,306,320,641,1,1,1
1131,6,1370,313,61,188,1,1,1
1132,2,281,238,211,467,1,1,1
1132,3,897,270,116,316,1,1,1
1132,4,1119,266,129,378,1,1,1
1132,5,2295,307,332,639,1,1,1
1132,6,1364,314,62,188,1,1,1
1133,2,274,238,208,464,1,1,1
1133,3,885,270,113,316,1,1,1
1133,4,1112,264,130,381,1,1,1
1133,5,2261,307,342,636,1,1,1
1133,6,1358,315,61,187,1,1,1
1134,2,267,238,206,462,1,1,1
1134,3,873,270,109,316,1,1,1
1134,4,1105,263,130,382,1,1,1
1134,5,2226,308,354,633,1,1,1
1134,6,1352,316,61,187,1,1,1
1135,2,260,238,203,459,1,1,1
1135,3,862,270,105,315,1,1,1
1135,4,1097,262,132,383,1,1,1
1135,5,2191,308,366,630,1,1,1
1135,6,1346,317,60,187,1,1,1
1136,2,253,238,200,456,1,1,1
1136,3,850,269,101,315,1,1,1
1136,4,1090,261,131,384,1,1,1
1136,5,2156,308,377,627,1,1,1
1136,6,1340,318,59,186,1,1,1
1137,2,246,238,207,458,1,1,1
1137,3,840,270,99,315,1,1,1
1137,4,1084,261,131,386,1,1,1
1137,5,2147,309,365,620,1,1,1
1137,6,1334,318,60,186,1,1,1
1138,2,239,237,214,461,1,1,1
1138,3,830,271,98,315,1,1,1
1138,4,1078,260,130,388,1,1,1
1138,5,2138,311,353,611,1,1,1
1138,6,1328,318,59,185,1,1,1
1139,2,231,236,222,463,1,1,1
1139,3,819,271,97,315,1,1,1
1139,4,1072,259,129,391,1,1,1
1139,5,2128,312,341,604,1,1,1
1139,6,1322,317,59,185,1,1,1
1140,2,224,235,229,465,1,1,1
1140,3,809,272,95,314,1,1,1
1140,4,1066,259,128,392,1,1,1
1140,5,2119,313,329,596,1,1,1
1140,6,1316,317,58,185,1,1,1
1141,2,216,234,236,466,1,1,1
1141,3,798,272,92,314,1,1,1
1141,4,1059,258,127,394,1,1,1
1141,5,2109,313,316,588,1,1,1
1141,6,1309,316,58,184,1,1,1
1141,8,2337,334,151,355,1,1,1
1142,2,213,236,235,466,1,1,1
1142,3,784,273,102,314,1,1,1
1142,4,1053,259,127,395,1,1,1
1142,5,2103,311,295,582,1,1,1
1142,6,1304,316,58,186,1,1,1
1142,8,2325,336,154,353,1,1,1
1143,2,208,238,235,465,1,1,1
1143,3,769,273,111,314,1,1,1
1143,4,1047,259,126,397,1,1,1
1143,5,2096,309,274,573,1,1,1
1143,6,1298,316,58,186,1,1,1
1143,8,2313,338,157,350,1,1,1
1144,2,204,240,235,464,1,1,1
1144,3,754,273,121,315,1,1,1
1144,4,1040,259,126,399,1,1,1
1144,5,2089,307,253,565,1,1,1
1144,6,1292,316,58,187,1,1,1
1144,8,2301,339,160,347,1,1,1
1145,2,200,241,234,464,1,1,1
1145,3,739,273,130,315,1,1,1
1145,4,1034,259,125,401,1,1,1
1145,5,2082,304,231,558,1,1,1
1145,6,1286,316,58,187,1,1,1
1145,8,2289,340,162,345,1,1,1
1146,2,195,243,233,462,1,1,1
1146,3,723,272,139,315,1,1,1
1146,4,1027,259,125,402,1,1,1
1146,5,2075,301,210,550,1,1,1
1146,6,1279,315,58,188,1,1,1
1146,8,2276,341,165,341,1,1,1
1146,9,166,252,81,209,1,1,1
1147,2,192,243,229,461,1,1,1
1147,3,718,271,139,318,1,1,1
1147,4,1022,260,125,404,1,1,1
1147,5,2058,302,210,549,1,1,1
1147,6,1275,316,58,188,1,1,1
1147,8,2270,341,164,343,1,1,1
1147,9,158,253,85,210,1,1,1
1148,2,189,242,224,461,1,1,1
1148,3,712,270,138,320,1,1,1
1148,4,1017,261,124,406,1,1,1
1148,5,2041,302,211,549,1,1,1
1148,6,1270,317,59,187,1,1,1
1148,8,2263,340,163,344,1,1,1
1148,9,150,253,88,210,1,1,1
1149,2,185,242,220,460,1,1,1
1149,3,706,269,138,321,1,1,1
1149,4,1012,261,124,408,1,1,1
1149,5,2023,302,212,549,1,1,1
1149,6,1265,317,59,188,1,1,1
1149,8,2256,339,162,346,1,1,1
1149,9,141,253,92,210,1,1,1
1150,2,182,241,215,459,1,1,1
1150,3,700,268,138,323,1,1,1
1150,4,1007,262,123,410,1,1,1
1150,5,2006,301,212,549,1,1,1
1150,6,1260,318,59,187,1,1,1
1150,8,2249,338,162,348,1,1,1
1150,9,132,252,96,211,1,1,1
1151,2,178,240,210,458,1,1,1
1151,3,693,266,137,325,1,1,1
1151,4,1002,262,122,411,1,1,1
1151,5,1988,301,212,548,1,1,1
1151,6,1255,318,59,186,1,1,1
1151,8,2241,337,161,348,1,1,1
1151,9,123,252,98,210,1,1,1
1152,2,174,240,210,456,1,1,1
1152,3,684,266,137,325,1,1,1
1152,4,995,263,126,414,1,1,1
1152,5,1959,302,225,547,1,1,1
1152,6,1249,318,61,188,1,1,1
1152,8,2235,338,162,348,1,1,1
1152,9,114,252,99,212,1,1,1
1153,2,169,239,209,454,1,1,1
1153,3,673,266,138,325,1,1,1
1153,4,988,263,128,416,1,1,1
1153,5,1929,302,237,546,1,1,1
1153,6,1244,318,61,188,1,1,1
1153,8,2228,339,162,347,1,1,1
1153,9,105,252,98,214,1,1,1
1154,2,165,239,207,452,1,1,1
1154,3,663,266,138,325,1,1,1
1154,4,981,263,131,419,1,1,1
1154,5,1898,302,251,546,1,1,1
1154,6,1238,317,63,190,1,1,1
1154,8,2221,339,163,346,1,1,1
1154,9,95,251,99,216,1,1,1
1155,2,160,238,206,450,1,1,1
1155,3,653,266,138,325,1,1,1
1155,4,974,263,134,422,1,1,1
1155,5,1868,303,263,544,1,1,1
1155,6,1232,317,64,190,1,1,1
1155,8,2215,340,163,345,1,1,1
1155,9,85,251,99,217,1,1,1
1156,2,155,237,204,447,1,1,1
1156,3,642,265,138,325,1,1,1
1156,4,967,262,136,425,1,1,1
1156,5,1838,303,276,543,1,1,1
1156,6,1226,316,64,191,1,1,1
1156,8,2208,340,164,345,1,1,1
1156,9,75,250,98,218,1,1,1
1157,2,152,238,207,447,1,1,1
1157,3,637,265,134,327,1,1,1
1157,4,963,261,135,427,1,1,1
1157,5,1831,302,272,541,1,1,1
1157,6,1223,317,63,191,1,1,1
1157,8,2203,340,162,345,1,1,1
1157,9,68,250,99,219,1,1,1
1158,2,149,237,208,448,1,1,1
1158,3,631,264,130,329,1,1,1
1158,4,959,260,133,428,1,1,1
1158,5,1823,301,269,539,1,1,1
1158,6,1219,318,62,190,1,1,1
1158,8,2197,341,161,344,1,1,1
1158,9,61,250,98,219,1,1,1
1159,2,145,237,210,447,1,1,1
1159,3,625,264,126,330,1,1,1
1159,4,955,259,131,429,1,1,1
1159,5,1816,301,266,537,1,1,1
1159,6,1215,318,62,189,1,1,1
1159,8,2192,341,160,344,1,1,1
1159,9,53,249,99,220,1,1,1
1160,2,142,237,211,447,1,1,1
1160,3,619,263,122,333,1,1,1
1160,4,951,258,130,430,1,1,1
1160,5,1808,300,263,535,1,1,1
1160,6,1211,319,61,188,1,1,1
1160,8,2187,342,158,343,1,1,1
1160,9,45,249,99,220,1,1,1
1161,2,138,236,212,446,1,1,1
1161,3,613,262,117,334,1,1,1
1161,4,947,257,127,430,1,1,1
1161,5,1801,299,259,533,1,1,1
1161,6,1207,319,59,187,1,1,1
1161,8,2181,341,156,342,1,1,1
1161,9,37,248,99,220,1,1,1
1162,2,136,237,211,446,1,1,1
1162,3,607,262,119,335,1,1,1
1162,4,943,257,128,431,1,1,1
1162,5,1798,296,239,530,1,1,1
1162,6,1204,319,60,188,1,1,1
1162,8,2177,342,156,342,1,1,1
1162,9,32,248,99,221,1,1,1
1163,2,134,237,210,446,1,1,1
1163,3,602,262,118,334,1,1,1
1163,4,939,256,129,432,1,1,1
1163,5,1794,294,221,527,1,1,1
1163,6,1200,319,61,188,1,1,1
1163,8,2172,342,156,341,1,1,1
1163,9,26,249,100,220,1,1,1
1164,2,131,237,209,446,1,1,1
1164,3,596,261,119,335,1,1,1
1164,4,935,256,129,432,1,1,1
1164,5,1791,291,201,524,1,1,1
1164,6,1197,319,61,189,1,1,1
1164,8,2168,341,156,341,1,1,1
1164,9,21,249,99,220,1,1,1
1165,2,129,237,208,446,1,1,1
1165,3,590,261,120,334,1,1,1
1165,4,931,255,129,433,1,1,1
1165,5,1787,289,183,520,1,1,1
1165,6,1194,318,61,190,1,1,1
1165,8,2163,341,156,341,1,1,1
1165,9,15,249,99,220,1,1,1
1166,2,126,237,206,445,1,1,1
1166,3,583,260,120,333,1,1,1
1166,4,926,254,129,433,1,1,1
1166,5,1783,286,163,517,1,1,1
1166,6,1190,318,62,190,1,1,1
1166,8,2158,341,155,339,1,1,1
1166,9,9,249,99,219,1,1,1
1167,2,125,236,203,446,1,1,1
1167,3,581,261,122,335,1,1,1
1167,4,919,253,133,435,1,1,1
1167,5,1759,285,175,517,1,1,1
1167,6,1187,318,62,190,1,1,1
1167,8,2156,341,155,339,1,1,1
1167,9,8,248,96,221,1,1,1
1168,2,123,234,201,447,1,1,1
1168,3,578,261,123,337,1,1,1
1168,4,911,252,136,437,1,1,1
1168,5,1734,285,186,515,1,1,1
1168,6,1184,317,62,191,1,1,1
1168,8,2153,341,154,339,1,1,1
1168,9,6,247,93,222,1,1,1
1169,2,121,233,198,447,1,1,1
1169,3,575,261,125,339,1,1,1
1169,4,904,251,139,438,1,1,1
1169,5,1709,284,198,515,1,1,1
1169,6,1181,317,61,190,1,1,1
1169,8,2150,340,154,339,1,1,1
1169,9,4,246,90,223,1,1,1
1170,2,119,231,195,448,1,1,1
1170,3,572,261,126,341,1,1,1
1170,4,896,250,142,440,1,1,1
1170,5,1684,284,210,513,1,1,1
1170,6,1179,316,60,191,1,1,1
1170,8,2147,340,153,338,1,1,1
1170,9,2,245,88,224,1,1,1
1171,2,116,229,192,448,1,1,1
1171,3,568,260,127,342,1,1,1
1171,4,888,249,145,441,1,1,1
1171,5,1658,283,221,512,1,1,1
1171,6,1175,315,60,191,1,1,1
1171,8,2143,339,152,337,1,1,1
1171,9,0,243,84,225,1,1,1
1172,2,117,229,190,447,1,1,1
1172,3,568,260,127,344,1,1,1
1172,4,883,249,148,442,1,1,1
1172,5,1645,284,229,510,1,1,1
1172,6,1175,316,59,190,1,1,1
1172,8,2142,340,152,338,1,1,1
1172,9,0,244,83,224,1,1,1
1173,2,116,228,189,446,1,1,1
1173,3,567,259,126,345,1,1,1
1173,4,878,250,150,442,1,1,1
1173,5,1631,286,237,506,1,1,1
1173,6,1174,316,59,190,1,1,1
1173,8,2140,340,152,338,1,1,1
1173,9,0,244,81,224,1,1,1
1174,2,116,228,186,445,1,1,1
1174,3,567,258,124,346,1,1,1
1174,4,873,250,153,444,1,1,1
1174,5,1617,287,245,504,1,1,1
1174,6,1173,315,59,191,1,1,1
1174,8,2138,340,152,337,1,1,1
1174,9,-1,245,80,223,1,1,1
1175,2,116,227,184,444,1,1,1
1175,3,566,257,124,347,1,1,1
1175,4,868,250,155,445,1,1,1
1175,5,1603,288,252,501,1,1,1
1175,6,1172,315,58,190,1,1,1
1175,8,2136,340,152,337,1,1,1
1175,9,-1,245,78,222,1,1,1
1176,2,115,226,182,442,1,1,1
1176,3,565,256,122,348,1,1,1
1176,4,862,250,157,445,1,1,1
1176,5,1589,289,260,498,1,1,1
1176,6,1171,315,57,189,1,1,1
1176,8,2133,340,151,337,1,1,1
1176,9,-1,245,76,221,1,1,1
1177,2,117,227,182,440,1,1,1
1177,3,566,256,123,348,1,1,1
1177,4,862,251,154,446,1,1,1
1177,5,1588,288,248,500,1,1,1
1177,6,1170,315,58,190,1,1,1
1177,8,2133,340,152,337,1,1,1
1177,9,-1,246,74,220,1,1,1
1178,2,118,227,183,437,1,1,1
1178,3,566,256,123,348,1,1,1
1178,4,862,252,149,446,1,1,1
1178,5,1587,287,236,500,1,1,1
1178,6,1169,315,58,189,1,1,1
1178,8,2132,341,152,335,1,1,1
1178,9,-1,247,71,219,1,1,1
1179,2,120,227,183,434,1,1,1
1179,3,567,255,123,349,1,1,1
1179,4,861,252,146,447,1,1,1
1179,5,1586,286,224,501,1,1,1
1179,6,1168,315,59,189,1,1,1
1179,8,2130,341,153,335,1,1,1
1179,9,0,248,68,217,1,1,1
1180,2,121,227,183,432,1,1,1
1180,3,567,255,124,349,1,1,1
1180,4,860,253,142,447,1,1,1
1180,5,1585,285,212,502,1,1,1
1180,6,1168,315,58,189,1,1,1
1180,8,2129,341,153,334,1,1,1
1180,9,0,249,65,216,1,1,1
1181,2,122,227,183,428,1,1,1
1181,3,567,254,123,348,1,1,1
1181,4,859,253,138,447,1,1,1
1181,5,1584,283,198,503,1,1,1
1181,6,1166,315,58,188,1,1,1
1181,8,2128,341,153,333,1,1,1
1181,9,0,250,63,214,1,1,1
1182,2,128,227,192,429,1,1,1
1182,3,570,255,123,348,1,1,1
1182,4,860,252,137,448,1,1,1
1182,5,1582,282,189,504,1,1,1
1182,6,1167,315,59,188,1,1,1
1182,8,2130,341,153,333,1,1,1
1182,9,0,249,64,215,1,1,1
1183,2,134,228,200,428,1,1,1
1183,3,571,255,122,348,1,1,1
1183,4,860,251,136,448,1,1,1
1183,5,1580,280,178,506,1,1,1
1183,6,1168,315,58,188,1,1,1
1183,8,2131,341,152,332,1,1,1
1183,9,-1,248,67,215,1,1,1
1184,2,139,228,209,428,1,1,1
1184,3,573,255,121,348,1,1,1
1184,4,860,250,135,448,1,1,1
1184,5,1577,278,169,508,1,1,1
1184,6,1168,315,59,188,1,1,1
1184,8,2133,341,151,331,1,1,1
1184,9,-1,247,68,215,1,1,1
1185,2,145,228,217,428,1,1,1
1185,3,575,255,120,348,1,1,1
1185,4,860,248,134,449,1,1,1
1185,5,1575,277,158,508,1,1,1
1185,6,1169,314,58,189,1,1,1
1185,8,2135,341,150,331,1,1,1
1185,9,-1,247,69,215,1,1,1
1186,2,150,227,226,427,1,1,1
1186,3,576,255,119,347,1,1,1
1186,4,859,247,133,448,1,1,1
1186,5,1572,275,148,509,1,1,1
1186,6,1169,313,58,188,1,1,1
1186,8,2136,340,150,330,1,1,1
1186,9,-1,245,70,215,1,1,1
1187,2,163,229,225,425,1,1,1
1187,3,579,256,119,347,1,1,1
1187,4,861,246,133,450,1,1,1
1187,5,1549,275,165,510,1,1,1
1187,6,1173,314,59,189,1,1,1
1187,8,2141,340,150,332,1,1,1
1187,9,0,245,76,216,1,1,1
1188,2,176,231,224,422,1,1,1
1188,3,581,257,119,346,1,1,1
1188,4,862,246,132,449,1,1,1
1188,5,1526,274,182,511,1,1,1
1188,6,1177,314,59,188,1,1,1
1188,8,2145,340,151,332,1,1,1
1188,9,2,244,80,216,1,1,1
1189,2,188,232,223,419,1,1,1
1189,3,584,257,118,347,1,1,1
1189,4,863,245,132,450,1,1,1
1189,5,1503,274,199,511,1,1,1
1189,6,1181,314,58,188,1,1,1
1189,8,2149,339,152,334,1,1,1
1189,9,4,243,84,216,1,1,1
1190,2,201,233,222,417,1,1,1
1190,3,586,258,119,346,1,1,1
1190,4,864,244,131,451,1,1,1
1190,5,1480,274,215,511,1,1,1
1190,6,1185,314,58,188,1,1,1
1190,8,2154,339,152,335,1,1,1
1190,9,5,243,89,216,1,1,1
1191,2,213,234,220,413,1,1,1
1191,3,588,258,118,345,1,1,1
1191,4,865,243,130,451,1,1,1
1191,5,1456,273,231,511,1,1,1
1191,6,1188,313,58,187,1,1,1
1191,8,2158,338,152,336,1,1,1
1191,9,6,241,93,216,1,1,1
1192,2,225,235,214,411,1,1,1
1192,3,591,258,119,347,1,1,1
1192,4,865,243,127,454,1,1,1
1192,5,1455,274,234,510,1,1,1
1192,6,1191,314,58,187,1,1,1
1192,8,2162,339,153,336,1,1,1
1192,9,11,241,94,217,1,1,1
1193,2,236,236,208,407,1,1,1
1193,3,593,257,119,349,1,1,1
1193,4,865,243,124,456,1,1,1
1193,5,1454,275,234,509,1,1,1
1193,6,1193,314,59,186,1,1,1
1193,8,2165,339,153,337,1,1,1
1193,9,14,240,95,218,1,1,1
1194,2,247,236,202,404,1,1,1
1194,3,595,256,120,351,1,1,1
1194,4,864,242,121,460,1,1,1
1194,5,1452,275,236,508,1,1,1
1194,6,1196,314,58,185,1,1,1
1194,8,2168,340,153,336,1,1,1
1194,9,18,239,96,218,1,1,1
1195,2,257,236,197,402,1,1,1
1195,3,596,256,121,351,1,1,1
1195,4,864,242,118,462,1,1,1
1195,5,1450,276,238,506,1,1,1
1195,6,1198,314,58,184,1,1,1
1195,8,2172,340,153,336,1,1,1
1195,9,21,238,98,219,1,1,1
1196,2,268,236,190,398,1,1,1
1196,3,598,255,121,353,1,1,1
1196,4,863,241,115,465,1,1,1
1196,5,1448,276,238,505,1,1,1
1196,6,1200,313,58,183,1,1,1
1196,8,2175,340,153,336,1,1,1
1196,9,25,236,98,220,1,1,1
1197,2,280,236,183,397,1,1,1
1197,3,597,254,127,353,1,1,1
1197,4,864,240,116,465,1,1,1
1197,5,1449,274,224,505,1,1,1
1197,6,1204,314,57,183,1,1,1
1197,8,2179,340,154,337,1,1,1
1197,9,32,237,96,219,1,1,1
1198,2,291,236,176,395,1,1,1
1198,3,596,253,131,352,1,1,1
1198,4,865,239,116,464,1,1,1
1198,5,1450,272,209,504,1,1,1
1198,6,1207,314,58,183,1,1,1
1198,8,2183,339,154,337,1,1,1
1198,9,38,238,96,218,1,1,1
1199,2,302,236,170,392,1,1,1
1199,3,595,252,136,351,1,1,1
1199,4,866,238,117,463,1,1,1
1199,5,1450,270,195,503,1,1,1
1199,6,1211,313,57,183,1,1,1
1199,8,2187,339,155,337,1,1,1
1199,9,45,238,94,218,1,1,1
1200,2,314,235,162,391,1,1,1
1200,3,594,251,140,351,1,1,1
1200,4,867,236,117,463,1,1,1
1200,5,1451,268,179,502,1,1,1
1200,6,1214,313,57,183,1,1,1
1200,8,2191,338,155,338,1,1,1
1200,9,51,239,93,216,1,1,1
1201,2,325,235,156,389,1,1,1
1201,3,593,250,145,350,1,1,1
1201,4,868,235,118,462,1,1,1
1201,5,1451,266,165,501,1,1,1
1201,6,1218,313,56,183,1,1,1
1201,8,2195,338,156,338,1,1,1
1201,9,58,239,91,216,1,1,1
1202,2,335,236,156,388,1,1,1
1202,3,594,249,148,351,1,1,1
1202,4,869,234,124,464,1,1,1
1202,5,1444,263,168,504,1,1,1
1202,6,1220,311,60,186,1,1,1
1202,8,2201,337,157,341,1,1,1
1202,9,65,239,91,216,1,1,1
1203,2,346,237,156,387,1,1,1
1203,3,596,248,151,353,1,1,1
1203,4,871,233,130,465,1,1,1
1203,5,1437,261,172,505,1,1,1
1203,6,1223,310,62,188,1,1,1
1203,8,2206,337,160,342,1,1,1
1203,9,73,238,91,216,1,1,1
1204,2,356,238,156,386,1,1,1
1204,3,597,247,154,354,1,1,1
1204,4,872,232,136,467,1,1,1
1204,5,1430,258,175,508,1,1,1
1204,6,1225,308,66,190,1,1,1
1204,8,2212,336,161,345,1,1,1
1204,9,80,238,91,216,1,1,1
1205,2,366,239,156,384,1,1,1
1205,3,599,245,157,357,1,1,1
1205,4,873,231,143,468,1,1,1
1205,5,1423,256,178,509,1,1,1
1205,6,1228,306,69,193,1,1,1
1205,8,2218,336,163,346,1,1,1
1205,9,88,238,91,216,1,1,1
1206,2,376,239,155,383,1,1,1
1206,3,600,244,160,358,1,1,1
1206,4,874,230,148,469,1,1,1
1206,5,1416,253,181,511,1,1,1
1206,6,1230,304,72,195,1,1,1
1206,8,2223,334,165,348,1,1,1
1206,9,95,237,90,216,1,1,1
1207,2,390,239,155,383,1,1,1
1207,3,605,246,157,358,1,1,1
1207,4,877,232,151,468,1,1,1
1207,5,1402,254,195,512,1,1,1
1207,6,1236,305,71,195,1,1,1
1207,8,2229,334,165,350,1,1,1
1207,9,104,238,89,215,1,1,1
1208,2,403,238,154,383,1,1,1
1208,3,610,247,153,359,1,1,1
1208,4,879,234,154,465,1,1,1
1208,5,1388,254,209,512,1,1,1
1208,6,1242,306,69,194,1,1,1
1208,8,2235,334,165,351,1,1,1
1208,9,113,239,88,214,1,1,1
1209,2,416,237,153,383,1,1,1
1209,3,615,248,150,360,1,1,1
1209,4,881,236,158,463,1,1,1
1209,5,1374,255,222,512,1,1,1
1209,6,1248,306,67,194,1,1,1
1209,8,2241,333,164,352,1,1,1
1209,9,122,240,86,212,1,1,1
1210,2,429,236,152,384,1,1,1
1210,3,620,250,146,360,1,1,1
1210,4,884,238,160,460,1,1,1
1210,5,1360,255,236,512,1,1,1
1210,6,1254,307,65,193,1,1,1
1210,8,2247,333,164,353,1,1,1
1210,9,131,241,85,211,1,1,1
1211,2,441,234,151,383,1,1,1
1211,3,625,251,141,360,1,1,1
1211,4,886,239,162,458,1,1,1
1211,5,1346,255,248,511,1,1,1
1211,6,1260,306,62,193,1,1,1
1211,8,2253,332,162,353,1,1,1
1211,9,139,241,83,209,1,1,1
1212,2,453,235,149,381,1,1,1
1212,3,633,250,138,362,1,1,1
1212,4,894,240,159,457,1,1,1
1212,5,1351,256,241,511,1,1,1
1212,6,1267,307,61,193,1,1,1
1212,8,2261,333,165,354,1,1,1
1212,9,149,243,84,207,1,1,1
1213,2,465,236,147,378,1,1,1
1213,3,640,249,134,364,1,1,1
1213,4,903,240,153,457,1,1,1
1213,5,1356,257,232,510,1,1,1
1213,6,1273,307,60,193,1,1,1
1213,8,2269,333,167,354,1,1,1
1213,9,158,244,84,204,1,1,1
1214,2,477,236,144,376,1,1,1
1214,3,647,248,130,365,1,1,1
1214,4,911,241,149,455,1,1,1
1214,5,1360,257,224,510,1,1,1
1214,6,1279,307,58,193,1,1,1
1214,8,2277,334,169,353,1,1,1
1214,9,167,245,84,202,1,1,1
1215,2,488,237,142,372,1,1,1
1215,3,653,247,127,366,1,1,1
1215,4,920,241,144,455,1,1,1
1215,5,1365,258,215,509,1,1,1
1215,6,1285,307,57,193,1,1,1
1215,8,2285,334,170,354,1,1,1
1215,9,177,246,83,200,1,1,1
1216,2,500,237,139,369,1,1,1
1216,3,660,246,123,367,1,1,1
1216,4,927,241,139,453,1,1,1
1216,5,1369,258,206,509,1,1,1
1216,6,1290,306,55,193,1,1,1
1216,8,2293,334,172,353,1,1,1
1216,9,186,246,83,197,1,1,1
1217,2,512,239,136,367,1,1,1
1217,3,670,247,120,368,1,1,1
1217,4,937,241,146,458,1,1,1
1217,5,1372,256,194,511,1,1,1
1217,6,1296,307,57,193,1,1,1
1217,8,2302,335,172,355,1,1,1
1217,9,195,246,84,200,1,1,1
1218,2,523,240,133,365,1,1,1
1218,3,679,247,117,370,1,1,1
1218,4,947,240,152,462,1,1,1
1218,5,1374,254,180,513,1,1,1
1218,6,1301,307,59,193,1,1,1
1218,8,2312,336,172,355,1,1,1
1218,9,204,246,84,201,1,1,1
1219,2,535,241,130,363,1,1,1
1219,3,688,247,114,371,1,1,1
1219,4,956,239,159,466,1,1,1
1219,5,1377,253,166,514,1,1,1
1219,6,1306,307,61,193,1,1,1
1219,8,2321,336,172,357,1,1,1
1219,9,213,245,85,203,1,1,1
1220,2,547,243,126,360,1,1,1
1220,3,698,247,110,373,1,1,1
1220,4,965,238,166,470,1,1,1
1220,5,1379,251,153,516,1,1,1
1220,6,1311,307,63,193,1,1,1
1220,8,2330,337,172,357,1,1,1
1220,9,221,245,86,205,1,1,1
1221,2,558,244,123,358,1,1,1
1221,3,706,246,106,374,1,1,1
1221,4,974,237,172,474,1,1,1
1221,5,1381,248,139,518,1,1,1
1221,6,1316,306,65,193,1,1,1
1221,8,2339,337,172,358,1,1,1
1221,9,230,244,86,206,1,1,1
1222,2,571,245,125,355,1,1,1
1222,3,713,246,109,374,1,1,1
1222,4,983,239,167,472,1,1,1
1222,5,1362,253,158,515,1,1,1
1222,6,1323,308,64,192,1,1,1
1222,8,2347,337,174,360,1,1,1
1222,9,242,247,85,204,1,1,1
1223,2,583,245,127,354,1,1,1
1223,3,718,246,112,374,1,1,1
1223,4,992,240,161,471,1,1,1
1223,5,1342,256,177,513,1,1,1
1223,6,1329,309,64,191,1,1,1
1223,8,2354,337,177,361,1,1,1
1223,9,253,250,85,200,1,1,1
1224,2,596,246,129,351,1,1,1
1224,3,724,245,114,375,1,1,1
1224,4,1001,241,155,469,1,1,1
1224,5,1323,260,195,510,1,1,1
1224,6,1336,310,64,190,1,1,1
1224,8,2362,337,179,363,1,1,1
1224,9,265,253,83,197,1,1,1
1225,2,608,246,131,349,1,1,1
1225,3,729,245,117,374,1,1,1
1225,4,1010,243,150,467,1,1,1
1225,5,1303,264,214,507,1,1,1
1225,6,1342,311,64,189,1,1,1
1225,8,2369,337,182,364,1,1,1
1225,9,277,255,82,194,1,1,1
1226,2,620,246,132,346,1,1,1
1226,3,734,244,118,374,1,1,1
1226,4,1018,244,144,465,1,1,1
1226,5,1283,267,232,504,1,1,1
1226,6,1348,311,62,188,1,1,1
1226,8,2376,337,183,365,1,1,1
1226,9,288,258,81,190,1,1,1
1227,2,631,247,134,346,1,1,1
1227,3,745,246,116,373,1,1,1
1227,4,1025,244,141,466,1,1,1
1227,5,1284,267,237,505,1,1,1
1227,8,2387,337,186,366,1,1,1
1227,9,297,256,82,193,1,1,1
1228,2,641,248,136,345,1,1,1
1228,3,755,247,114,372,1,1,1
1228,4,1031,243,138,467,1,1,1
1228,5,1285,267,240,505,1,1,1
1228,8,2397,337,188,367,1,1,1
1228,9,306,254,82,196,1,1,1
1229,2,651,248,138,345,1,1,1
1229,3,765,248,111,371,1,1,1
1229,4,1037,242,136,469,1,1,1
1229,5,1285,266,245,506,1,1,1
1229,8,2408,337,189,367,1,1,1
1229,9,314,252,83,198,1,1,1
1230,2,661,249,140,344,1,1,1
1230,3,776,250,108,369,1,1,1
1230,4,1044,242,132,469,1,1,1
1230,5,1286,266,248,506,1,1,1
1230,8,2418,337,191,368,1,1,1
1230,9,323,249,83,201,1,1,1
1231,2,671,249,141,343,1,1,1
1231,3,785,250,105,368,1,1,1
1231,4,1050,241,129,470,1,1,1
1231,5,1286,265,251,507,1,1,1
1231,8,2428,336,193,368,1,1,1
1231,9,331,247,83,203,1,1,1
1232,2,683,250,143,343,1,1,1
1232,3,788,252,107,367,1,1,1
1232,4,1058,241,128,471,1,1,1
1232,5,1291,263,235,506,1,1,1
1232,8,2438,336,195,372,1,1,1
1232,9,341,248,83,203,1,1,1
1233,2,694,251,144,341,1,1,1
1233,3,790,252,109,367,1,1,1
1233,4,1065,241,127,471,1,1,1
1233,5,1295,260,218,506,1,1,1
1233,8,2448,336,197,374,1,1,1
1233,9,351,249,81,202,1,1,1
1234,2,705,252,145,340,1,1,1
1234,3,792,253,111,366,1,1,1
1234,4,1073,240,125,472,1,1,1
1234,5,1299,258,201,505,1,1,1
1234,8,2458,335,199,377,1,1,1
1234,9,360,251,81,200,1,1,1
1235,2,716,252,146,340,1,1,1
1235,3,794,254,113,365,1,1,1
1235,4,1081,240,123,472,1,1,1
1235,5,1303,256,185,504,1,1,1
1235,8,2468,335,200,379,1,1,1
1235,9,370,252,79,199,1,1,1
1236,2,727,253,147,338,1,1,1
1236,3,795,254,115,364,1,1,1
1236,4,1088,239,122,472,1,1,1
1236,5,1307,253,167,504,1,1,1
1236,6,1419,315,63,186,1,1,1
1236,8,2477,334,202,381,1,1,1
1236,9,379,252,78,198,1,1,1
1237,2,737,255,148,337,1,1,1
1237,3,794,254,123,364,1,1,1
1237,4,1095,240,125,472,1,1,1
1237,5,1292,252,174,507,1,1,1
1237,6,1426,315,64,188,1,1,1
1237,8,2488,335,197,382,1,1,1
1237,9,389,253,78,198,1,1,1
1238,2,747,256,149,336,1,1,1
1238,3,793,253,131,365,1,1,1
1238,4,1102,240,128,472,1,1,1
1238,5,1277,251,179,509,1,1,1
1238,6,1432,315,64,188,1,1,1
1238,8,2498,335,192,383,1,1,1
1238,9,398,254,78,198,1,1,1
1239,2,757,258,149,333,1,1,1
1239,3,791,253,140,365,1,1,1
1239,4,1109,241,131,471,1,1,1
1239,5,1262,250,185,511,1,1,1
1239,6,1439,315,64,189,1,1,1
1239,8,2509,335,185,384,1,1,1
1239,9,407,254,78,198,1,1,1
1240,2,767,259,150,332,1,1,1
1240,3,789,252,149,365,1,1,1
1240,4,1116,241,134,471,1,1,1
1240,5,1247,249,191,513,1,1,1
1240,6,1445,314,64,190,1,1,1
1240,8,2519,335,180,385,1,1,1
1240,9,417,255,77,197,1,1,1
1241,1,0,178,147,493,1,1,1
1241,2,777,260,150,330,1,1,1
1241,3,787,251,156,365,1,1,1
1241,4,1123,241,136,470,1,1,1
1241,5,1232,247,195,515,1,1,1
1241,6,1451,313,64,190,1,1,1
1241,8,2529,335,174,385,1,1,1
1241,9,425,255,76,196,1,1,1
1242,1,3,179,157,489,1,1,1
1242,3,797,253,154,364,1,1,1
1242,4,1130,237,131,475,1,1,1
1242,5,1225,243,209,519,1,1,1
1242,6,1457,314,65,190,1,1,1
1242,8,2540,342,164,380,1,1,1
1242,9,434,256,77,196,1,1,1
1243,1,6,178,167,485,1,1,1
1243,3,806,254,151,363,1,1,1
1243,4,1138,234,124,478,1,1,1
1243,5,1217,238,222,522,1,1,1
1243,6,1463,314,65,190,1,1,1
1243,8,2550,349,154,374,1,1,1
1243,9,443,256,76,196,1,1,1
1244,1,9,178,177,480,1,1,1
1244,3,815,255,148,362,1,1,1
1244,4,1145,230,118,481,1,1,1
1244,5,1210,233,235,526,1,1,1
1244,6,1470,314,64,190,1,1,1
1244,8,2561,356,143,369,1,1,1
1244,9,451,256,77,196,1,1,1
1245,1,12,178,187,476,1,1,1
1245,3,824,256,145,360,1,1,1
1245,4,1152,226,112,485,1,1,1
1245,5,1202,227,249,530,1,1,1
1245,6,1476,314,64,191,1,1,1
1245,8,2571,362,133,364,1,1,1
1245,9,460,256,76,196,1,1,1
1246,1,14,177,196,471,1,1,1
1246,3,832,257,143,358,1,1,1
1246,4,1158,222,106,488,1,1,1
1246,5,1194,222,261,533,1,1,1
1246,6,1481,314,64,190,1,1,1
1246,8,2581,369,122,358,1,1,1
1246,9,468,255,75,195,1,1,1
1247,1,29,179,209,469,1,1,1
1247,3,840,257,142,360,1,1,1
1247,4,1165,216,105,495,1,1,1
1247,5,1198,216,249,540,1,1,1
1247,6,1488,315,65,190,1,1,1
1247,9,477,256,75,195,1,1,1
1248,1,44,181,220,466,1,1,1
1248,3,848,257,140,360,1,1,1
1248,4,1171,209,104,502,1,1,1
1248,5,1201,209,238,547,1,1,1
1248,6,1495,315,65,190,1,1,1
1248,9,485,257,75,194,1,1,1
1249,1,59,183,231,463,1,1,1
1249,3,856,257,138,361,1,1,1
1249,4,1177,203,103,508,1,1,1
1249,5,1205,202,225,554,1,1,1
1249,6,1501,315,66,190,1,1,1
1249,9,493,258,75,193,1,1,1
1250,1,73,185,243,460,1,1,1
1250,3,864,257,136,361,1,1,1
1250,4,1184,196,100,514,1,1,1
1250,5,1208,196,213,560,1,1,1
1250,6,1508,316,65,188,1,1,1
1250,9,501,259,75,192,1,1,1
1251,1,88,186,253,456,1,1,1
1251,3,871,257,134,361,1,1,1
1251,4,1189,189,99,520,1,1,1
1251,5,1211,188,200,566,1,1,1
1251,6,1514,316,65,188,1,1,1
1251,9,508,259,75,191,1,1,1
1252,1,104,189,253,455,1,1,1
1252,3,873,258,137,360,1,1,1
1252,5,1202,192,197,564,1,1,1
1252,6,1520,317,65,187,1,1,1
1252,9,517,261,74,190,1,1,1
1253,1,119,192,254,452,1,1,1
1253,3,874,259,140,359,1,1,1
1253,5,1192,194,194,562,1,1,1
1253,6,1526,317,64,187,1,1,1
1253,9,525,262,73,189,1,1,1
1254,1,134,195,254,449,1,1,1
1254,3,875,259,142,359,1,1,1
1254,5,1181,197,191,559,1,1,1
1254,6,1532,317,63,187,1,1,1
1254,9,534,263,70,187,1,1,1
1255,1,150,197,253,448,1,1,1
1255,3,876,260,145,358,1,1,1
1255,5,1171,200,188,556,1,1,1
1255,6,1537,318,63,186,1,1,1
1255,9,542,264,69,186,1,1,1
1256,1,165,200,253,445,1,1,1
1256,2,950,267,102,311,1,1,1
1256,3,877,260,147,357,1,1,1
1256,5,1161,202,184,552,1,1,1
1256,6,1543,318,62,186,1,1,1
1256,9,550,265,68,184,1,1,1
1257,1,180,201,247,443,1,1,1
1257,2,962,268,105,311,1,1,1
1257,3,877,261,147,357,1,1,1
1257,5,1153,212,195,543,1,1,1
1257,6,1549,318,62,186,1,1,1
1257,9,558,266,67,184,1,1,1
1258,1,194,202,242,440,1,1,1
1258,2,973,268,108,311,1,1,1
1258,3,877,261,147,356,1,1,1
1258,5,1144,220,207,535,1,1,1
1258,6,1554,318,63,186,1,1,1
1258,9,565,266,68,185,1,1,1
1259,1,209,203,235,438,1,1,1
1259,2,985,269,111,309,1,1,1
1259,3,877,261,146,356,1,1,1
1259,5,1136,229,217,525,1,1,1
1259,6,1560,318,63,187,1,1,1
1259,9,573,266,67,185,1,1,1
1260,1,224,204,229,436,1,1,1
1260,2,997,269,113,309,1,1,1
1260,3,877,262,145,355,1,1,1
1260,5,1127,238,229,516,1,1,1
1260,6,1566,318,63,187,1,1,1
1260,9,580,266,67,185,1,1,1
1261,1,238,205,223,433,1,1,1
1261,2,1008,269,116,308,1,1,1
1261,3,877,261,144,354,1,1,1
1261,4,1252,251,126,460,1,1,1
1261,5,1119,246,239,507,1,1,1
1261,6,1571,317,63,186,1,1,1
1261,9,587,266,66,184,1,1,1
1262,1,254,205,215,431,1,1,1
1262,2,1014,270,120,307,1,1,1
1262,3,884,262,140,357,1,1,1
1262,4,1260,252,123,460,1,1,1
1262,5,1118,250,239,503,1,1,1
1262,6,1577,318,63,187,1,1,1
1262,9,594,267,67,184,1,1,1
1263,1,269,206,208,428,1,1,1
1263,2,1020,271,123,306,1,1,1
1263,3,890,261,137,360,1,1,1
1263,4,1267,252,120,460,1,1,1
1263,5,1116,253,239,499,1,1,1
1263,6,1583,318,63,188,1,1,1
1263,9,601,267,66,183,1,1,1
1264,1,284,206,201,425,1,1,1
1264,2,1026,271,126,306,1,1,1
1264,3,896,261,134,362,1,1,1
1264,4,1275,253,116,459,1,1,1
1264,5,1115,256,238,495,1,1,1
1264,6,1589,319,63,188,1,1,1
1264,9,608,267,66,183,1,1,1
1265,1,300,206,192,423,1,1,1
1265,2,1033,272,129,304,1,1,1
1265,3,902,261,131,364,1,1,1
1265,4,1282,253,113,459,1,1,1
1265,5,1113,259,239,492,1,1,1
1265,6,1595,319,62,189,1,1,1
1265,9,615,267,65,182,1,1,1
1266,1,315,206,185,420,1,1,1
1266,2,1038,272,132,303,1,1,1
1266,3,908,260,127,366,1,1,1
1266,4,1289,253,109,458,1,1,1
1266,5,1111,261,238,488,1,1,1
1266,6,1601,319,61,189,1,1,1
1266,9,621,266,65,182,1,1,1
1267,1,337,210,177,415,1,1,1
1267,2,1053,272,131,305,1,1,1
1267,3,922,262,124,366,1,1,1
1267,4,1299,255,115,457,1,1,1
1267,5,1117,260,222,485,1,1,1
1267,6,1612,319,62,189,1,1,1
1267,9,635,269,65,181,1,1,1
1268,1,358,213,170,411,1,1,1
1268,2,1067,271,130,306,1,1,1
1268,3,936,264,119,364,1,1,1
1268,4,1310,256,119,455,1,1,1
1268,5,1121,258,207,481,1,1,1
1268,6,1623,319,63,190,1,1,1
1268,9,649,270,65,181,1,1,1
1269,1,380,216,163,406,1,1,1
1269,2,1081,271,130,307,1,1,1
1269,3,950,266,115,363,1,1,1
1269,4,1320,257,124,454,1,1,1
1269,5,1126,255,192,479,1,1,1
1269,6,1633,318,64,191,1,1,1
1269,9,663,272,64,181,1,1,1
1270,1,401,220,156,401,1,1,1
1270,2,1095,270,129,308,1,1,1
1270,3,963,267,112,362,1,1,1
1270,4,1330,258,129,452,1,1,1
1270,5,1130,253,177,475,1,1,1
1270,6,1644,318,65,191,1,1,1
1270,9,677,274,64,180,1,1,1
1271,1,423,223,148,396,1,1,1
1271,2,1109,269,128,310,1,1,1
1271,3,977,269,108,361,1,1,1
1271,4,1340,259,134,451,1,1,1
1271,5,1135,251,161,472,1,1,1
1271,6,1655,318,65,191,1,1,1
1271,9,691,276,63,179,1,1,1
1272,1,446,225,144,394,1,1,1
1272,3,990,271,108,362,1,1,1
1272,4,1352,261,146,450,1,1,1
1272,5,1135,252,167,472,1,1,1
1272,6,1669,318,65,192,1,1,1
1272,9,706,277,63,179,1,1,1
1273,1,469,228,141,391,1,1,1
1273,3,1003,273,108,362,1,1,1
1273,4,1365,262,158,450,1,1,1
1273,5,1135,253,173,472,1,1,1
1273,6,1682,318,67,192,1,1,1
1273,9,722,279,63,178,1,1,1
1274,1,492,230,137,390,1,1,1
1274,3,1017,274,107,364,1,1,1
1274,4,1377,264,170,449,1,1,1
1274,5,1136,255,178,471,1,1,1
1274,6,1696,318,67,193,1,1,1
1274,9,737,280,63,179,1,1,1
1275,1,515,233,134,387,1,1,1
1275,3,1030,276,107,364,1,1,1
1275,4,1389,265,182,449,1,1,1
1275,5,1136,256,184,471,1,1,1
1275,6,1710,318,67,194,1,1,1
1275,9,753,282,62,178,1,1,1
1276,1,538,235,130,385,1,1,1
1276,3,1043,277,106,365,1,1,1
1276,4,1401,266,194,448,1,1,1
1276,5,1136,256,190,470,1,1,1
1276,6,1723,318,68,194,1,1,1
1276,9,768,283,62,177,1,1,1
1277,1,557,237,132,383,1,1,1
1277,3,1052,277,109,367,1,1,1
1277,4,1413,268,196,448,1,1,1
1277,5,1136,259,200,469,1,1,1
1277,6,1736,318,68,195,1,1,1
1277,9,781,284,62,177,1,1,1
1278,1,575,240,135,381,1,1,1
1278,3,1060,277,112,368,1,1,1
1278,4,1425,269,196,448,1,1,1
1278,5,1136,261,210,467,1,1,1
1278,6,1748,318,68,196,1,1,1
1278,9,794,285,61,177,1,1,1
1279,1,594,242,136,379,1,1,1
1279,3,1069,276,114,370,1,1,1
1279,4,1436,270,198,447,1,1,1
1279,5,1136,263,220,465,1,1,1
1279,6,1760,318,69,197,1,1,1
1279,9,807,286,61,176,1,1,1
1280,1,613,245,138,377,1,1,1
1280,3,1077,276,117,371,1,1,1
1280,4,1448,271,199,447,1,1,1
1280,5,1136,265,229,463,1,1,1
1280,6,1772,319,69,197,1,1,1
1280,9,820,287,60,175,1,1,1
1281,1,631,246,140,375,1,1,1
1281,2,1300,281,96,307,1,1,1
1281,3,1085,275,118,373,1,1,1
1281,4,1459,271,200,446,1,1,1
1281,5,1135,267,239,460,1,1,1
1281,6,1784,318,68,198,1,1,1
1281,9,832,287,59,175,1,1,1
1282,1,647,248,138,373,1,1,1
1282,2,1310,282,103,306,1,1,1
1282,3,1093,275,119,373,1,1,1
1282,4,1475,271,201,449,1,1,1
1282,5,1146,265,226,464,1,1,1
1282,6,1795,319,69,198,1,1,1
1282,9,844,288,59,175,1,1,1
1283,1,663,250,135,369,1,1,1
1283,2,1320,283,108,304,1,1,1
1283,3,1101,275,118,373,1,1,1
1283,4,1490,271,202,450,1,1,1
1283,5,1155,262,213,467,1,1,1
1283,6,1805,319,70,198,1,1,1
1283,9,854,289,59,175,1,1,1
1284,1,678,252,133,366,1,1,1
1284,2,1330,284,114,302,1,1,1
1284,3,1109,275,117,373,1,1,1
1284,4,1506,271,202,451,1,1,1
1284,5,1165,260,200,469,1,1,1
1284,6,1816,319,69,198,1,1,1
1284,9,865,290,59,175,1,1,1
1285,1,694,253,130,364,1,1,1
1285,2,1340,285,119,300,1,1,1
1285,3,1116,275,118,373,1,1,1
1285,4,1521,270,204,453,1,1,1
1285,5,1175,258,186,472,1,1,1
1285,6,1826,320,70,197,1,1,1
1285,9,876,291,58,175,1,1,1
1286,1,709,254,128,360,1,1,1
1286,2,1350,285,125,298,1,1,1
1286,3,1123,275,117,372,1,1,1
1286,4,1536,269,203,453,1,1,1
1286,5,1184,255,173,475,1,1,1
1286,6,1836,319,69,197,1,1,1
1286,7,-1,276,106,275,1,1,1
1286,9,886,292,57,175,1,1,1
1287,1,719,255,125,360,1,1,1
1287,2,1356,286,126,300,1,1,1
1287,4,1556,269,197,455,1,1,1
1287,5,1184,255,163,475,1,1,1
1287,6,1844,319,70,198,1,1,1
1287,7,6,278,109,274,1,1,1
1287,9,893,293,58,174,1,1,1
1288,1,729,254,121,360,1,1,1
1288,2,1361,287,129,300,1,1,1
1288,4,1576,268,188,456,1,1,1
1288,5,1185,254,150,475,1,1,1
1288,6,1851,319,70,198,1,1,1
1288,7,14,279,110,273,1,1,1
1288,9,900,293,56,174,1,1,1
1289,1,739,254,118,359,1,1,1
1289,2,1367,287,130,301,1,1,1
1289,4,1595,267,181,457,1,1,1
1289,5,1185,254,139,475,1,1,1
1289,6,1857,318,71,199,1,1,1
1289,7,21,280,113,273,1,1,1
1289,9,907,294,55,172,1,1,1
1290,1,749,254,114,358,1,1,1
1290,2,1372,288,132,301,1,1,1
1290,4,1615,266,173,458,1,1,1
1290,5,1185,253,128,475,1,1,1
1290,6,1864,318,71,199,1,1,1
1290,7,29,281,115,272,1,1,1
1290,9,913,294,55,172,1,1,1
1291,1,759,253,110,356,1,1,1
1291,2,1377,288,134,302,1,1,1
1291,4,1634,264,165,459,1,1,1
1291,5,1185,252,115,475,1,1,1
1291,6,1871,317,71,200,1,1,1
1291,7,36,282,117,271,1,1,1
1291,9,919,294,53,171,1,1,1
1292,1,763,254,111,354,1,1,1
1292,2,1385,287,129,304,1,1,1
1292,4,1642,264,166,460,1,1,1
1292,5,1168,254,133,474,1,1,1
1292,6,1873,317,72,200,1,1,1
1292,7,42,283,116,270,1,1,1
1292,9,922,295,55,171,1,1,1
1293,1,767,254,111,352,1,1,1
1293,2,1392,286,124,304,1,1,1
1293,4,1649,263,166,461,1,1,1
1293,5,1151,256,149,472,1,1,1
1293,6,1875,316,72,201,1,1,1
1293,7,48,283,114,270,1,1,1
1293,9,924,295,56,170,1,1,1
1294,1,771,253,111,350,1,1,1
1294,2,1400,285,118,305,1,1,1
1294,4,1657,263,166,461,1,1,1
1294,5,1133,257,167,471,1,1,1
1294,6,1877,316,73,200,1,1,1
1294,7,53,284,114,268,1,1,1
1294,9,927,296,56,169,1,1,1
1295,1,776,253,110,348,1,1,1
1295,2,1407,284,113,306,1,1,1
1295,4,1665,262,166,463,1,1,1
1295,5,1116,259,183,470,1,1,1
1295,6,1879,315,74,201,1,1,1
1295,7,59,284,112,268,1,1,1
1295,9,929,296,57,169,1,1,1
1296,1,779,253,110,345,1,1,1
1296,2,1414,282,107,306,1,1,1
1296,4,1672,261,165,463,1,1,1
1296,5,1098,260,200,468,1,1,1
1296,6,1881,314,73,201,1,1,1
1296,7,64,284,110,267,1,1,1
1296,9,931,296,57,168,1,1,1
1297,1,782,254,120,344,1,1,1
1297,2,1425,283,101,306,1,1,1
1297,4,1672,263,169,462,1,1,1
1297,5,1096,262,198,466,1,1,1
1297,6,1882,314,73,202,1,1,1
1297,7,63,285,112,267,1,1,1
1297,9,932,296,58,170,1,1,1
1298,1,785,254,127,343,1,1,1
1298,2,1435,283,96,305,1,1,1
1298,4,1673,265,171,460,1,1,1
1298,5,1094,263,195,464,1,1,1
1298,6,1882,313,72,202,1,1,1
1298,7,62,285,113,268,1,1,1
1298,9,932,297,58,171,1,1,1
1299,1,787,255,136,341,1,1,1
1299,2,1446,284,89,304,1,1,1
1299,4,1673,267,173,457,1,1,1
1299,5,1092,264,192,462,1,1,1
1299,6,1882,313,71,202,1,1,1
1299,7,62,286,113,267,1,1,1
1299,9,932,297,58,173,1,1,1
1300,1,790,255,144,341,1,1,1
1300,2,1456,284,83,303,1,1,1
1300,4,1673,268,176,456,1,1,1
1300,5,1089,266,190,459,1,1,1
1300,6,1882,312,71,203,1,1,1
1300,7,61,286,114,268,1,1,1
1300,9,932,298,58,174,1,1,1
1301,1,792,256,153,339,1,1,1
1301,2,1467,284,76,303,1,1,1
1301,3,1173,276,95,392,1,1,1
1301,4,1673,270,179,454,1,1,1
1301,5,1087,267,187,457,1,1,1
1301,6,1882,312,70,203,1,1,1
1301,7,60,287,115,267,1,1,1
1301,9,932,298,58,176,1,1,1
1302,1,793,257,156,339,1,1,1
1302,2,1468,284,82,303,1,1,1
1302,3,1165,278,101,390,1,1,1
1302,4,1673,269,184,455,1,1,1
1302,5,1081,265,173,457,1,1,1
1302,6,1880,312,71,202,1,1,1
1302,7,58,287,116,268,1,1,1
1302,9,930,298,59,176,1,1,1
1303,1,794,258,159,339,1,1,1
1303,2,1468,285,89,303,1,1,1
1303,3,1158,279,106,390,1,1,1
1303,4,1674,269,188,455,1,1,1
1303,5,1075,263,159,457,1,1,1
1303,6,1878,312,72,202,1,1,1
1303,7,56,288,117,269,1,1,1
1303,9,929,299,58,174,1,1,1
1304,1,795,259,162,339,1,1,1
1304,2,1469,285,96,303,1,1,1
1304,3,1150,281,112,388,1,1,1
1304,4,1674,268,193,456,1,1,1
1304,5,1068,262,146,456,1,1,1
1304,6,1876,312,73,201,1,1,1
1304,7,55,288,117,270,1,1,1
1304,9,927,299,59,174,1,1,1
1305,1,797,260,164,339,1,1,1
1305,2,1469,286,103,302,1,1,1
1305,3,1143,282,117,387,1,1,1
1305,4,1674,268,198,455,1,1,1
1305,5,1062,260,132,456,1,1,1
1305,6,1874,312,74,200,1,1,1
1305,7,53,288,118,271,1,1,1
1305,9,925,300,60,172,1,1,1
1306,1,797,260,167,339,1,1,1
1306,2,1469,286,109,302,1,1,1
1306,3,1134,283,123,386,1,1,1
1306,4,1674,267,202,455,1,1,1
1306,5,1055,258,118,455,1,1,1
1306,6,1872,311,74,200,1,1,1
1306,7,51,288,118,272,1,1,1
1306,9,923,300,60,172,1,1,1
1307,1,800,261,165,340,1,1,1
1307,2,1469,287,114,302,1,1,1
1307,3,1132,283,127,389,1,1,1
1307,4,1682,267,198,455,1,1,1
1307,5,1039,259,130,455,1,1,1
1307,6,1872,313,73,199,1,1,1
1307,7,48,289,120,272,1,1,1
1307,9,924,300,57,173,1,1,1
1308,1,803,261,162,341,1,1,1
1308,2,1468,287,119,302,1,1,1
1308,3,1129,283,131,390,1,1,1
1308,4,1690,267,192,453,1,1,1
1308,5,1022,259,141,456,1,1,1
1308,6,1872,313,71,199,1,1,1
1308,7,46,290,120,272,1,1,1
1308,9,924,300,55,174,1,1,1
1309,1,806,262,159,341,1,1,1
1309,2,1467,287,125,303,1,1,1
1309,3,1127,282,134,393,1,1,1
1309,4,1698,266,187,453,1,1,1
1309,5,1006,260,152,455,1,1,1
1309,6,1872,314,69,198,1,1,1
1309,7,43,291,121,272,1,1,1
1309,9,925,300,52,175,1,1,1
1310,1,809,262,156,342,1,1,1
1310,2,1466,288,130,302,1,1,1
1310,3,1124,282,138,395,1,1,1
1310,4,1706,266,182,452,1,1,1
1310,5,989,260,163,456,1,1,1
1310,6,1872,315,67,197,1,1,1
1310,7,40,292,122,272,1,1,1
1310,9,925,300,49,176,1,1,1
1311,1,811,262,153,341,1,1,1
1311,2,1465,288,134,302,1,1,1
1311,3,1120,281,141,397,1,1,1
1311,4,1713,265,176,451,1,1,1
1311,5,972,260,174,455,1,1,1
1311,6,1872,316,65,195,1,1,1
1311,7,37,293,123,272,1,1,1
1311,9,925,300,46,176,1,1,1
1312,1,813,262,151,342,1,1,1
1312,2,1467,288,134,303,1,1,1
1312,3,1124,282,139,399,1,1,1
1312,4,1723,265,171,453,1,1,1
1312,5,966,263,179,453,1,1,1
1312,7,37,293,121,273,1,1,1
1312,9,923,301,50,175,1,1,1
1313,1,815,261,147,343,1,1,1
1313,2,1470,287,133,305,1,1,1
1313,3,1127,283,137,401,1,1,1
1313,4,1733,265,164,455,1,1,1
1313,5,960,266,183,450,1,1,1
1313,7,36,294,119,272,1,1,1
1313,9,921,302,53,174,1,1,1
1314,1,817,260,144,343,1,1,1
1314,2,1472,287,132,305,1,1,1
1314,3,1129,284,135,402,1,1,1
1314,4,1742,265,158,457,1,1,1
1314,5,954,269,187,447,1,1,1
1314,7,36,294,116,273,1,1,1
1314,9,919,303,56,172,1,1,1
1315,1,819,259,141,344,1,1,1
1315,2,1474,287,132,306,1,1,1
1315,3,1132,285,133,403,1,1,1
1315,4,1751,265,153,459,1,1,1
1315,5,948,272,191,444,1,1,1
1315,7,35,295,114,272,1,1,1
1315,9,916,304,60,171,1,1,1
1316,1,820,258,137,344,1,1,1
1316,2,1476,286,130,306,1,1,1
1316,3,1134,286,130,404,1,1,1
1316,4,1760,265,146,460,1,1,1
1316,5,941,274,195,441,1,1,1
1316,7,34,295,111,272,1,1,1
1316,9,913,304,62,169,1,1,1
1317,1,826,259,133,341,1,1,1
1317,2,1488,287,121,306,1,1,1
1317,3,1134,286,132,407,1,1,1
1317,4,1762,265,149,459,1,1,1
1317,5,939,273,189,440,1,1,1
1317,7,34,295,113,273,1,1,1
1318,1,831,260,128,337,1,1,1
1318,2,1500,287,112,306,1,1,1
1318,3,1134,286,132,408,1,1,1
1318,4,1763,265,152,457,1,1,1
1318,5,935,271,185,440,1,1,1
1318,7,34,295,113,273,1,1,1
1319,1,836,261,124,333,1,1,1
1319,2,1512,287,102,306,1,1,1
1319,3,1133,286,134,410,1,1,1
1319,4,1765,265,155,455,1,1,1
1319,5,932,269,179,439,1,1,1
1319,7,33,295,115,274,1,1,1
1320,1,841,262,119,329,1,1,1
1320,2,1523,288,93,305,1,1,1
1320,3,1133,286,134,412,1,1,1
1320,4,1766,265,158,453,1,1,1
1320,5,929,267,173,438,1,1,1
1320,7,33,295,115,274,1,1,1
