1,1,31,289,31,93,1,1,1
2,1,31,289,31,93,1,1,1
3,1,30,289,34,93,1,1,1
4,1,30,289,35,93,1,1,1
5,1,30,290,35,92,1,1,1
6,1,31,290,34,93,1,1,1
7,1,31,292,35,93,1,1,1
8,1,31,294,36,92,1,1,1
9,1,31,297,36,90,1,1,1
10,1,31,298,36,89,1,1,1
11,1,29,300,38,87,1,1,1
12,1,28,300,39,86,1,1,1
13,1,26,301,41,84,1,1,1
14,1,25,301,43,84,1,1,1
15,1,24,301,43,84,1,1,1
16,1,24,301,43,84,1,1,1
17,1,22,301,45,85,1,1,1
18,1,21,302,46,84,1,1,1
19,1,19,302,48,84,1,1,1
20,1,19,307,48,79,1,1,1
21,1,19,308,48,79,1,1,1
22,1,19,311,48,76,1,1,1
23,1,19,311,48,76,1,1,1
24,1,19,311,48,76,1,1,1
25,1,19,311,48,76,1,1,1
26,1,19,311,47,75,1,1,1
27,1,21,313,44,74,1,1,1
28,1,21,313,44,74,1,1,1
29,1,21,314,44,73,1,1,1
30,1,21,314,44,73,1,1,1
31,1,21,314,44,73,1,1,1
32,1,22,316,43,71,1,1,1
33,1,22,317,47,72,1,1,1
34,1,22,317,47,72,1,1,1
35,1,22,317,47,73,1,1,1
36,1,22,317,50,73,1,1,1
37,1,22,317,50,73,1,1,1
38,1,22,317,50,73,1,1,1
39,1,24,317,48,73,1,1,1
40,1,24,317,49,74,1,1,1
41,1,24,316,49,75,1,1,1
42,1,23,314,50,77,1,1,1
43,1,26,313,47,77,1,1,1
44,1,26,313,46,77,1,1,1
45,1,24,313,49,78,1,1,1
46,1,22,313,51,81,1,1,1
47,1,18,314,52,80,1,1,1
48,1,16,314,54,81,1,1,1
49,1,16,318,52,79,1,1,1
50,1,16,319,52,79,1,1,1
51,1,15,318,54,80,1,1,1
52,1,15,318,54,80,1,1,1
53,1,15,318,58,80,1,1,1
54,1,16,318,57,80,1,1,1
55,1,19,318,56,80,1,1,1
56,1,20,318,56,80,1,1,1
57,1,25,319,51,80,1,1,1
58,1,26,319,53,80,1,1,1
59,1,32,319,48,80,1,1,1
60,1,37,318,43,81,1,1,1
61,1,42,317,40,82,1,1,1
62,1,43,315,40,84,1,1,1
63,1,44,315,40,84,1,1,1
64,1,45,315,40,85,1,1,1
65,1,43,318,46,80,1,1,1
66,1,44,320,52,79,1,1,1
67,1,45,320,52,79,1,1,1
68,1,44,320,55,79,1,1,1
69,1,45,320,55,79,1,1,1
70,1,48,320,54,79,1,1,1
71,1,49,320,56,78,1,1,1
72,1,55,318,50,78,1,1,1
73,1,57,318,49,77,1,1,1
74,1,63,317,45,79,1,1,1
75,1,68,317,41,78,1,1,1
76,1,71,317,40,77,1,1,1
77,1,72,317,40,76,1,1,1
78,1,75,316,36,78,1,1,1
79,1,76,316,36,78,1,1,1
80,1,77,317,36,78,1,1,1
81,1,78,317,39,78,1,1,1
82,1,79,317,40,78,1,1,1
83,1,78,317,42,78,1,1,1
84,1,79,317,42,77,1,1,1
85,1,79,317,42,77,1,1,1
86,1,83,316,38,78,1,1,1
87,1,85,316,37,77,1,1,1
88,1,88,316,33,76,1,1,1
89,1,90,315,32,75,1,1,1
90,1,94,315,30,75,1,1,1
91,1,96,315,29,75,1,1,1
92,1,96,314,33,75,1,1,1
93,1,94,314,38,76,1,1,1
94,1,94,314,42,76,1,1,1
95,1,93,314,46,76,1,1,1
96,1,93,314,49,76,1,1,1
97,1,94,314,50,76,1,1,1
98,1,95,314,52,76,1,1,1
99,1,95,315,52,74,1,1,1
100,1,96,315,51,74,1,1,1
101,1,98,315,50,73,1,1,1
102,1,103,313,44,75,1,1,1
103,1,104,313,43,74,1,1,1
104,1,110,312,38,73,1,1,1
105,1,110,312,38,72,1,1,1
106,1,114,312,30,72,1,1,1
107,1,115,311,29,73,1,1,1
108,1,115,311,30,73,1,1,1
109,1,119,311,26,73,1,1,1
110,1,119,311,29,74,1,1,1
111,1,120,311,30,74,1,1,1
112,1,120,311,31,74,1,1,1
113,1,121,311,31,74,1,1,1
114,1,122,311,30,73,1,1,1
115,1,123,310,31,73,1,1,1
116,1,123,310,30,73,1,1,1
117,1,124,310,29,73,1,1,1
118,1,126,310,27,72,1,1,1
119,1,127,310,26,71,1,1,1
120,1,128,309,26,73,1,1,1
121,1,129,309,26,71,1,1,1
122,1,129,309,29,71,1,1,1
123,1,128,309,33,71,1,1,1
124,1,127,309,36,71,1,1,1
125,1,126,309,40,71,1,1,1
126,1,124,309,43,71,1,1,1
127,1,124,309,43,71,1,1,1
128,1,125,309,43,71,1,1,1
129,1,125,309,45,71,1,1,1
130,1,126,309,44,71,1,1,1
131,1,126,309,44,71,1,1,1
132,1,126,309,45,71,1,1,1
133,1,127,309,45,70,1,1,1
134,1,131,309,40,70,1,1,1
135,1,131,307,41,70,1,1,1
136,1,135,307,34,70,1,1,1
137,1,137,307,31,70,1,1,1
138,1,139,307,28,70,1,1,1
139,1,140,307,27,70,1,1,1
140,1,140,307,28,70,1,1,1
141,1,140,307,28,70,1,1,1
142,1,141,307,29,70,1,1,1
143,1,141,306,30,70,1,1,1
144,1,142,306,29,70,1,1,1
145,1,142,306,30,70,1,1,1
146,1,143,306,30,69,1,1,1
147,1,143,306,30,69,1,1,1
148,1,145,306,27,69,1,1,1
149,1,145,306,27,69,1,1,1
150,1,146,306,27,69,1,1,1
151,1,146,306,27,69,1,1,1
152,1,148,306,27,69,1,1,1
153,1,148,306,27,69,1,1,1
154,1,150,306,25,68,1,1,1
155,1,152,306,23,68,1,1,1
156,1,152,306,25,68,1,1,1
157,1,152,306,25,68,1,1,1
158,1,152,306,25,67,1,1,1
159,1,155,306,22,67,1,1,1
160,1,155,306,22,67,1,1,1
161,1,155,306,22,67,1,1,1
162,1,155,306,23,67,1,1,1
163,1,156,306,22,67,1,1,1
164,1,156,306,21,67,1,1,1
165,1,156,306,21,67,1,1,1
166,1,156,306,22,67,1,1,1
167,1,156,306,22,66,1,1,1
168,1,156,306,22,66,1,1,1
169,1,155,306,22,66,1,1,1
170,1,156,305,22,67,1,1,1
171,1,156,305,22,67,1,1,1
172,1,156,305,22,66,1,1,1
173,1,155,305,22,66,1,1,1
174,1,155,305,22,68,1,1,1
175,1,155,305,22,68,1,1,1
176,1,157,305,20,68,1,1,1
177,1,156,305,20,68,1,1,1
178,1,156,305,20,68,1,1,1
179,1,156,306,21,67,1,1,1
180,1,156,306,21,67,1,1,1
181,1,155,306,22,67,1,1,1
182,1,155,306,22,68,1,1,1
183,1,155,306,22,67,1,1,1
184,1,155,306,21,67,1,1,1
185,1,155,306,21,67,1,1,1
186,1,155,307,21,67,1,1,1
187,1,154,305,21,68,1,1,1
188,1,154,305,21,68,1,1,1
189,1,154,305,21,68,1,1,1
190,1,154,305,21,68,1,1,1
191,1,153,306,21,67,1,1,1
192,1,153,306,21,67,1,1,1
193,1,154,306,21,67,1,1,1
194,1,154,306,21,67,1,1,1
195,1,154,306,21,67,1,1,1
196,1,154,306,21,68,1,1,1
197,1,154,307,23,66,1,1,1
198,1,154,307,23,66,1,1,1
199,1,154,306,23,66,1,1,1
200,1,154,306,23,66,1,1,1
201,1,154,307,25,65,1,1,1
202,1,154,307,25,65,1,1,1
203,1,153,307,26,65,1,1,1
204,1,153,307,26,64,1,1,1
205,1,153,308,26,64,1,1,1
206,1,153,308,26,64,1,1,1
207,1,156,308,23,64,1,1,1
208,1,156,308,23,64,1,1,1
209,1,156,308,23,64,1,1,1
210,1,156,308,25,64,1,1,1
211,1,156,308,25,64,1,1,1
212,1,156,308,25,64,1,1,1
213,1,155,308,25,64,1,1,1
214,1,155,308,25,64,1,1,1
215,1,155,308,25,64,1,1,1
216,1,156,308,26,65,1,1,1
217,1,151,308,31,67,1,1,1
218,1,151,308,31,67,1,1,1
219,1,150,308,32,67,1,1,1
220,1,150,308,32,67,1,1,1
221,1,149,308,33,68,1,1,1
222,1,149,308,33,69,1,1,1
223,1,149,308,33,69,1,1,1
224,1,149,308,30,69,1,1,1
225,1,149,308,30,69,1,1,1
226,1,149,308,29,69,1,1,1
227,1,148,308,30,69,1,1,1
228,1,147,308,31,69,1,1,1
229,1,145,308,33,69,1,1,1
230,1,144,308,29,69,1,1,1
231,1,144,308,29,70,1,1,1
232,1,143,307,30,71,1,1,1
233,1,140,307,31,70,1,1,1
234,1,140,307,30,70,1,1,1
235,1,140,307,27,70,1,1,1
236,1,140,309,27,69,1,1,1
237,1,139,309,27,69,1,1,1
238,1,137,310,28,69,1,1,1
239,1,136,310,28,70,1,1,1
240,1,135,310,29,70,1,1,1
241,1,134,310,29,71,1,1,1
242,1,135,310,28,71,1,1,1
243,1,133,310,29,71,1,1,1
244,1,134,310,29,71,1,1,1
245,1,134,310,26,71,1,1,1
246,1,133,310,27,71,1,1,1
247,1,132,310,27,71,1,1,1
248,1,131,310,28,71,1,1,1
249,1,131,310,27,71,1,1,1
250,1,128,310,30,71,1,1,1
251,1,124,310,33,71,1,1,1
252,1,120,310,37,71,1,1,1
253,1,118,310,38,72,1,1,1
254,1,117,310,39,72,1,1,1
255,1,117,310,38,72,1,1,1
256,1,116,310,39,73,1,1,1
257,1,115,310,38,73,1,1,1
258,1,115,310,39,74,1,1,1
259,1,115,310,38,73,1,1,1
260,1,114,310,39,73,1,1,1
261,1,116,312,36,71,1,1,1
262,1,116,312,36,71,1,1,1
263,1,115,312,33,71,1,1,1
264,1,115,312,32,71,1,1,1
265,1,114,312,30,71,1,1,1
266,1,114,312,29,71,1,1,1
267,1,113,312,29,72,1,1,1
268,1,113,312,29,71,1,1,1
269,1,113,312,26,71,1,1,1
270,1,108,312,31,71,1,1,1
271,1,108,312,31,71,1,1,1
272,1,108,312,31,71,1,1,1
273,1,108,312,31,71,1,1,1
274,1,108,312,31,71,1,1,1
275,1,108,312,31,71,1,1,1
276,1,108,312,31,71,1,1,1
277,1,108,312,31,71,1,1,1
278,1,108,312,31,71,1,1,1
279,1,108,312,28,71,1,1,1
280,1,108,312,28,71,1,1,1
281,1,108,312,28,71,1,1,1
282,1,108,312,27,71,1,1,1
283,1,108,312,27,71,1,1,1
284,1,108,312,27,71,1,1,1
285,1,108,312,27,71,1,1,1
286,1,108,312,27,71,1,1,1
287,1,108,312,27,71,1,1,1
288,1,108,312,27,70,1,1,1
289,1,107,312,27,70,1,1,1
290,1,107,312,27,70,1,1,1
291,1,106,312,29,70,1,1,1
292,1,106,312,29,70,1,1,1
293,1,106,312,29,70,1,1,1
294,1,105,312,29,70,1,1,1
295,1,106,312,29,70,1,1,1
296,1,106,312,29,70,1,1,1
297,1,104,312,31,70,1,1,1
298,1,104,312,31,70,1,1,1
299,1,101,312,33,70,1,1,1
300,1,100,309,34,73,1,1,1
301,1,100,309,33,72,1,1,1
302,1,99,309,34,72,1,1,1
303,1,98,309,34,72,1,1,1
304,1,98,310,33,71,1,1,1
305,1,97,309,32,72,1,1,1
306,1,96,309,32,72,1,1,1
307,1,96,310,32,71,1,1,1
308,1,95,310,32,71,1,1,1
309,1,95,310,31,71,1,1,1
310,1,96,311,31,70,1,1,1
311,1,96,311,30,70,1,1,1
312,1,95,310,34,70,1,1,1
313,1,95,310,33,70,1,1,1
314,1,95,310,33,70,1,1,1
315,1,94,310,34,70,1,1,1
316,1,94,310,33,70,1,1,1
317,1,94,310,31,71,1,1,1
318,1,91,310,34,71,1,1,1
319,1,91,310,31,70,1,1,1
320,1,89,310,33,70,1,1,1
321,1,89,310,33,70,1,1,1
322,1,89,310,33,70,1,1,1
323,1,87,310,33,70,1,1,1
324,1,87,310,33,70,1,1,1
325,1,87,310,33,70,1,1,1
326,1,87,310,31,70,1,1,1
327,1,87,310,31,70,1,1,1
328,1,87,310,31,70,1,1,1
329,1,87,310,31,70,1,1,1
330,1,91,310,27,70,1,1,1
331,1,91,310,27,70,1,1,1
332,1,91,310,27,70,1,1,1
333,1,92,310,27,71,1,1,1
334,1,95,310,24,70,1,1,1
335,1,95,310,24,70,1,1,1
336,1,95,310,24,70,1,1,1
337,1,95,310,24,70,1,1,1
338,1,96,310,24,70,1,1,1
339,1,96,310,24,70,1,1,1
340,1,96,310,24,70,1,1,1
341,1,97,310,25,70,1,1,1
342,1,97,309,25,71,1,1,1
343,1,97,309,25,71,1,1,1
344,1,98,309,24,71,1,1,1
345,1,98,309,25,70,1,1,1
346,1,99,309,24,70,1,1,1
347,1,100,309,24,70,1,1,1
348,1,101,309,24,70,1,1,1
349,1,101,309,24,70,1,1,1
350,1,100,308,26,69,1,1,1
351,1,100,308,30,69,1,1,1
352,1,101,308,29,69,1,1,1
353,1,101,308,35,69,1,1,1
354,1,101,308,35,69,1,1,1
355,1,101,308,36,69,1,1,1
356,1,102,308,35,68,1,1,1
357,1,103,308,36,68,1,1,1
358,1,104,308,35,68,1,1,1
359,1,106,308,33,68,1,1,1
360,1,110,308,30,68,1,1,1
361,1,112,308,28,68,1,1,1
362,1,115,309,25,67,1,1,1
363,1,116,309,24,67,1,1,1
364,1,117,309,23,67,1,1,1
365,1,119,309,21,67,1,1,1
366,1,119,309,24,67,1,1,1
367,1,120,309,24,67,1,1,1
368,1,120,309,25,67,1,1,1
369,1,120,309,29,67,1,1,1
370,1,121,309,30,67,1,1,1
371,1,121,309,30,67,1,1,1
372,1,121,309,30,67,1,1,1
373,1,122,309,30,67,1,1,1
374,1,123,309,30,66,1,1,1
375,1,123,309,30,66,1,1,1
376,1,123,308,30,67,1,1,1
377,1,123,308,29,67,1,1,1
378,1,123,308,29,67,1,1,1
379,1,125,308,27,67,1,1,1
380,1,125,308,27,67,1,1,1
381,1,125,309,27,66,1,1,1
382,1,125,309,27,66,1,1,1
383,1,125,309,27,66,1,1,1
384,1,125,309,27,66,1,1,1
385,1,122,309,30,66,1,1,1
386,1,122,308,30,67,1,1,1
387,1,120,308,32,67,1,1,1
388,1,119,308,33,67,1,1,1
389,1,118,309,34,66,1,1,1
390,1,116,309,35,66,1,1,1
391,1,116,309,35,66,1,1,1
392,1,113,310,37,66,1,1,1
393,1,113,310,39,66,1,1,1
394,1,112,312,39,64,1,1,1
395,1,111,312,40,64,1,1,1
396,1,111,312,41,64,1,1,1
397,1,112,312,39,64,1,1,1
398,1,111,312,40,64,1,1,1
399,1,111,312,39,63,1,1,1
400,1,110,311,39,64,1,1,1
401,1,110,311,38,64,1,1,1
402,1,110,311,37,64,1,1,1
403,1,110,311,36,64,1,1,1
404,1,110,311,33,64,1,1,1
405,1,110,310,33,65,1,1,1
406,1,110,310,33,65,1,1,1
407,1,110,310,33,65,1,1,1
408,1,110,310,33,65,1,1,1
409,1,110,310,34,65,1,1,1
410,1,110,310,34,65,1,1,1
411,1,110,310,34,65,1,1,1
412,1,111,310,34,65,1,1,1
413,1,111,310,33,66,1,1,1
414,1,111,310,34,66,1,1,1
415,1,112,310,34,66,1,1,1
416,1,113,310,33,66,1,1,1
417,1,113,310,34,66,1,1,1
418,1,113,310,35,66,1,1,1
419,1,113,310,35,66,1,1,1
420,1,114,310,35,66,1,1,1
421,1,117,308,33,68,1,1,1
422,1,117,308,34,68,1,1,1
423,1,121,307,32,69,1,1,1
424,1,125,308,28,68,1,1,1
425,1,129,308,26,68,1,1,1
426,1,130,308,26,66,1,1,1
427,1,130,308,27,66,1,1,1
428,1,130,308,29,67,1,1,1
429,1,130,308,30,67,1,1,1
430,1,130,308,34,66,1,1,1
431,1,131,308,37,66,1,1,1
432,1,131,308,37,66,1,1,1
433,1,131,308,38,65,1,1,1
434,1,132,308,38,65,1,1,1
435,1,132,308,38,65,1,1,1
436,1,133,307,35,66,1,1,1
437,1,138,307,31,66,1,1,1
438,1,139,307,30,66,1,1,1
439,1,142,307,29,66,1,1,1
440,1,147,307,25,66,1,1,1
441,1,147,307,25,66,1,1,1
442,1,148,307,25,67,1,1,1
443,1,152,306,21,67,1,1,1
444,1,152,306,22,67,1,1,1
445,1,153,306,21,67,1,1,1
446,1,154,306,25,67,1,1,1
447,1,154,306,28,67,1,1,1
448,1,152,306,30,67,1,1,1
449,1,153,306,28,65,1,1,1
450,1,153,306,30,66,1,1,1
451,1,154,306,30,66,1,1,1
452,1,154,306,30,66,1,1,1
453,1,154,306,29,66,1,1,1
454,1,157,306,26,66,1,1,1
455,1,159,306,24,66,1,1,1
456,1,159,306,24,66,1,1,1
457,1,161,306,22,66,1,1,1
458,1,161,306,22,66,1,1,1
459,1,162,305,22,67,1,1,1
460,1,160,305,24,67,1,1,1
461,1,159,305,26,67,1,1,1
462,1,157,305,30,67,1,1,1
463,1,156,306,33,67,1,1,1
464,1,156,306,33,67,1,1,1
465,1,155,310,34,64,1,1,1
466,1,155,310,34,64,1,1,1
467,1,154,311,34,63,1,1,1
468,1,154,310,35,64,1,1,1
469,1,153,310,35,64,1,1,1
470,1,152,309,35,64,1,1,1
471,1,154,309,31,65,1,1,1
472,1,153,309,30,65,1,1,1
473,1,152,309,29,65,1,1,1
474,1,152,309,28,65,1,1,1
475,1,151,311,28,63,1,1,1
476,1,150,311,30,63,1,1,1
477,1,149,312,33,63,1,1,1
478,1,144,312,39,64,1,1,1
479,1,141,314,42,61,1,1,1
480,1,138,314,44,61,1,1,1
481,1,135,313,46,63,1,1,1
482,1,132,313,45,67,1,1,1
483,1,131,313,45,67,1,1,1
484,1,130,313,43,66,1,1,1
485,1,130,313,41,66,1,1,1
486,1,129,313,41,66,1,1,1
487,1,129,314,41,65,1,1,1
488,1,128,314,43,65,1,1,1
489,1,126,316,46,63,1,1,1
490,1,126,317,46,63,1,1,1
491,1,126,319,43,61,1,1,1
492,1,128,320,38,63,1,1,1
493,1,128,320,34,64,1,1,1
494,1,127,320,35,64,1,1,1
495,1,127,320,34,64,1,1,1
496,1,125,320,34,64,1,1,1
497,1,125,318,33,66,1,1,1
498,1,124,317,34,68,1,1,1
499,1,124,317,34,68,1,1,1
500,1,121,314,37,70,1,1,1
501,1,121,314,37,70,1,1,1
502,1,121,314,37,71,1,1,1
503,1,121,314,37,69,1,1,1
504,1,119,314,39,70,1,1,1
505,1,119,315,39,70,1,1,1
506,1,119,315,39,70,1,1,1
507,1,119,315,39,70,1,1,1
508,1,119,319,39,66,1,1,1
509,1,119,319,39,66,1,1,1
510,1,119,319,39,66,1,1,1
511,1,119,317,39,69,1,1,1
512,1,122,315,34,70,1,1,1
513,1,122,315,34,70,1,1,1
514,1,121,313,35,72,1,1,1
515,1,122,314,32,71,1,1,1
516,1,122,314,32,71,1,1,1
517,1,121,314,33,71,1,1,1
518,1,120,314,33,72,1,1,1
519,1,120,314,32,72,1,1,1
520,1,120,314,32,72,1,1,1
521,1,121,315,32,70,1,1,1
522,1,119,315,34,70,1,1,1
523,1,119,315,33,69,1,1,1
524,1,120,317,34,66,1,1,1
525,1,120,318,38,64,1,1,1
526,1,121,318,37,65,1,1,1
527,1,122,317,37,66,1,1,1
528,1,121,317,38,67,1,1,1
529,1,121,317,37,66,1,1,1
530,1,122,316,38,67,1,1,1
531,1,125,316,40,66,1,1,1
532,1,127,316,39,62,1,1,1
533,1,127,316,42,62,1,1,1
534,1,129,316,39,62,1,1,1
535,1,128,316,42,64,1,1,1
536,1,133,315,38,66,1,1,1
537,1,133,313,39,66,1,1,1
538,1,134,313,39,66,1,1,1
539,1,132,314,41,64,1,1,1
540,1,133,317,40,60,1,1,1
541,1,134,317,39,59,1,1,1
542,1,138,318,37,58,1,1,1
543,1,139,318,40,58,1,1,1
544,1,140,318,42,59,1,1,1
545,1,141,318,45,58,1,1,1
546,1,142,318,44,58,1,1,1
547,1,142,317,45,57,1,1,1
548,1,144,317,43,58,1,1,1
549,1,144,317,47,58,1,1,1
550,1,144,316,48,60,1,1,1
551,1,150,316,44,62,1,1,1
552,1,150,316,45,62,1,1,1
553,1,154,316,41,62,1,1,1
554,1,157,319,39,60,1,1,1
555,1,162,320,35,58,1,1,1
556,1,167,320,31,57,1,1,1
557,1,170,320,28,57,1,1,1
558,1,171,320,28,57,1,1,1
559,1,172,317,29,61,1,1,1
560,1,173,313,27,65,1,1,1
561,1,174,307,27,70,1,1,1
562,1,174,296,27,81,1,1,1
563,1,175,291,26,85,1,1,1
564,1,175,288,30,85,1,1,1
565,1,174,289,31,80,1,1,1
566,1,174,288,31,80,1,1,1
567,1,174,286,33,82,1,1,1
568,1,174,286,33,80,1,1,1
569,1,175,286,33,77,1,1,1
570,1,175,286,33,77,1,1,1
571,1,175,286,33,76,1,1,1
572,1,174,286,31,76,1,1,1
573,1,173,286,32,76,1,1,1
574,1,172,291,33,75,1,1,1
575,1,172,291,33,75,1,1,1
576,1,173,291,33,79,1,1,1
577,1,170,296,36,74,1,1,1
578,1,168,299,38,73,1,1,1
579,1,166,302,40,75,1,1,1
580,1,167,305,42,75,1,1,1
581,1,167,309,42,71,1,1,1
582,1,168,309,40,71,1,1,1
583,1,169,309,34,71,1,1,1
584,1,169,309,35,71,1,1,1
585,1,169,314,35,67,1,1,1
586,1,170,314,35,67,1,1,1
587,1,170,314,31,66,1,1,1
588,1,170,311,32,69,1,1,1
589,1,168,307,30,72,1,1,1
590,1,168,307,27,70,1,1,1
591,1,168,306,27,70,1,1,1
592,1,169,306,25,70,1,1,1
593,1,169,305,25,70,1,1,1
594,1,169,304,24,71,1,1,1
595,1,169,304,24,71,1,1,1
596,1,170,306,23,68,1,1,1
597,1,170,306,23,68,1,1,1
598,1,170,307,23,68,1,1,1
599,1,169,308,24,67,1,1,1
600,1,169,308,24,67,1,1,1
601,1,169,307,24,68,1,1,1
602,1,167,307,26,66,1,1,1
603,1,167,306,26,67,1,1,1
604,1,167,306,27,67,1,1,1
605,1,167,306,28,67,1,1,1
606,1,168,304,28,67,1,1,1
607,1,168,304,28,67,1,1,1
608,1,168,304,31,67,1,1,1
609,1,165,305,38,68,1,1,1
610,1,165,308,40,65,1,1,1
611,1,165,308,41,64,1,1,1
612,1,166,310,40,63,1,1,1
613,1,167,310,40,63,1,1,1
614,1,167,310,39,62,1,1,1
615,1,167,309,40,63,1,1,1
616,1,169,309,39,63,1,1,1
617,1,169,308,40,63,1,1,1
618,1,172,308,38,63,1,1,1
619,1,174,306,37,64,1,1,1
620,1,178,306,33,66,1,1,1
621,1,178,306,34,66,1,1,1
622,1,181,306,31,66,1,1,1
623,1,181,306,34,66,1,1,1
624,1,182,306,35,66,1,1,1
625,1,182,306,38,67,1,1,1
626,1,183,306,40,67,1,1,1
627,1,183,310,40,63,1,1,1
628,1,183,308,42,66,1,1,1
629,1,184,308,42,66,1,1,1
630,1,184,308,42,66,1,1,1
631,1,185,308,42,66,1,1,1
632,1,185,308,42,66,1,1,1
633,1,185,308,42,67,1,1,1
634,1,187,308,38,65,1,1,1
635,1,189,308,36,65,1,1,1
636,1,192,308,34,65,1,1,1
637,1,192,308,33,65,1,1,1
638,1,193,308,32,65,1,1,1
639,1,193,308,32,65,1,1,1
640,1,193,309,33,64,1,1,1
641,1,193,309,33,65,1,1,1
642,1,192,307,33,66,1,1,1
643,1,192,307,33,66,1,1,1
644,1,193,307,33,66,1,1,1
645,1,193,307,32,66,1,1,1
646,1,193,307,32,66,1,1,1
647,1,193,307,32,66,1,1,1
648,1,193,307,32,67,1,1,1
649,1,193,307,32,67,1,1,1
650,1,193,307,33,67,1,1,1
651,1,193,307,33,67,1,1,1
652,1,194,307,32,67,1,1,1
653,1,194,307,32,67,1,1,1
654,1,194,307,32,67,1,1,1
655,1,194,306,33,68,1,1,1
656,1,195,306,30,68,1,1,1
657,1,195,306,30,68,1,1,1
658,1,196,306,30,68,1,1,1
659,1,196,306,30,68,1,1,1
660,1,194,306,32,68,1,1,1
661,1,194,306,32,68,1,1,1
662,1,194,306,32,68,1,1,1
663,1,195,306,32,68,1,1,1
664,1,195,307,32,68,1,1,1
665,1,193,307,34,66,1,1,1
666,1,193,307,34,66,1,1,1
667,1,193,307,32,66,1,1,1
668,1,192,305,33,68,1,1,1
669,1,192,305,32,68,1,1,1
670,1,192,305,27,67,1,1,1
671,1,191,305,27,67,1,1,1
672,1,191,305,27,65,1,1,1
673,1,189,305,27,64,1,1,1
674,1,189,306,27,63,1,1,1
675,1,188,307,27,62,1,1,1
676,1,183,308,31,62,1,1,1
677,1,179,308,35,62,1,1,1
678,1,176,308,38,62,1,1,1
679,1,174,310,40,60,1,1,1
680,1,173,309,41,61,1,1,1
681,1,173,309,41,61,1,1,1
682,1,165,309,49,61,1,1,1
683,1,159,309,53,62,1,1,1
684,1,157,309,50,62,1,1,1
685,1,155,307,46,64,1,1,1
686,1,155,307,43,64,1,1,1
687,1,153,305,38,65,1,1,1
688,1,151,305,36,65,1,1,1
689,1,152,305,32,65,1,1,1
690,1,149,305,32,65,1,1,1
691,1,146,306,32,64,1,1,1
692,1,144,308,31,63,1,1,1
693,1,139,309,34,64,1,1,1
694,1,131,310,39,64,1,1,1
695,1,127,310,44,64,1,1,1
696,1,123,309,48,66,1,1,1
697,1,122,309,45,66,1,1,1
698,1,119,309,44,66,1,1,1
699,1,117,307,42,69,1,1,1
700,1,112,306,41,68,1,1,1
701,1,110,306,36,68,1,1,1
702,1,107,306,35,68,1,1,1
703,1,104,306,37,68,1,1,1
704,1,98,306,39,69,1,1,1
705,1,93,307,41,69,1,1,1
706,1,89,308,42,69,1,1,1
707,1,85,309,45,69,1,1,1
708,1,83,309,46,71,1,1,1
709,1,80,309,44,71,1,1,1
710,1,79,309,43,71,1,1,1
711,1,74,309,43,71,1,1,1
712,1,70,309,45,72,1,1,1
713,1,68,308,45,73,1,1,1
714,1,64,302,42,76,1,1,1
715,1,61,303,40,76,1,1,1
716,1,57,304,38,75,1,1,1
717,1,50,304,42,78,1,1,1
718,1,46,304,39,78,1,1,1
719,1,43,308,39,76,1,1,1
720,1,39,308,36,78,1,1,1
721,1,31,311,40,76,1,1,1
722,1,24,312,43,76,1,1,1
723,1,18,312,42,76,1,1,1
724,1,14,317,43,71,1,1,1
725,1,10,317,46,73,1,1,1
726,1,5,318,50,73,1,1,1
727,1,2,319,52,72,1,1,1
728,1,1,321,48,70,1,1,1
729,1,1,321,43,71,1,1,1
730,1,-1,322,39,70,1,1,1
731,1,-1,321,37,71,1,1,1
732,1,-3,321,38,71,1,1,1
733,1,-8,321,42,71,1,1,1
734,1,-15,321,47,71,1,1,1
735,1,-23,326,53,67,1,1,1
771,1,-23,314,45,68,1,1,1
772,1,-21,313,46,69,1,1,1
773,1,-16,312,42,68,1,1,1
774,1,-10,312,38,68,1,1,1
775,1,-5,311,35,68,1,1,1
776,1,2,314,31,65,1,1,1
777,1,3,315,31,64,1,1,1
778,1,5,315,31,64,1,1,1
779,1,8,315,29,64,1,1,1
780,1,11,320,29,59,1,1,1
781,1,13,320,29,59,1,1,1
782,1,11,319,32,60,1,1,1
783,1,12,318,33,61,1,1,1
784,1,14,316,33,63,1,1,1
785,1,15,316,34,62,1,1,1
786,1,16,315,35,63,1,1,1
787,1,17,315,35,64,1,1,1
788,1,21,314,34,65,1,1,1
789,1,23,314,35,65,1,1,1
790,1,24,312,35,67,1,1,1
791,1,30,311,30,68,1,1,1
792,1,32,311,30,68,1,1,1
793,1,32,310,33,69,1,1,1
794,1,31,310,36,68,1,1,1
795,1,32,309,40,70,1,1,1
796,1,33,309,41,70,1,1,1
797,1,34,311,41,68,1,1,1
798,1,38,311,39,69,1,1,1
799,1,39,310,39,69,1,1,1
800,1,45,310,36,68,1,1,1
801,1,47,308,36,70,1,1,1
802,1,55,307,30,71,1,1,1
803,1,58,307,27,71,1,1,1
804,1,60,306,29,72,1,1,1
805,1,62,306,29,73,1,1,1
806,1,64,307,28,73,1,1,1
807,1,63,308,30,73,1,1,1
808,1,63,309,34,72,1,1,1
809,1,64,310,39,71,1,1,1
810,1,65,310,39,71,1,1,1
811,1,68,310,36,70,1,1,1
812,1,69,310,38,70,1,1,1
813,1,72,309,35,72,1,1,1
814,1,74,309,34,72,1,1,1
815,1,80,308,28,74,1,1,1
816,1,79,310,30,71,1,1,1
817,1,83,309,26,72,1,1,1
818,1,88,309,25,72,1,1,1
819,1,90,309,25,72,1,1,1
820,1,90,309,27,72,1,1,1
821,1,91,309,31,73,1,1,1
822,1,91,310,32,72,1,1,1
823,1,92,310,35,72,1,1,1
824,1,92,310,38,72,1,1,1
825,1,93,310,37,71,1,1,1
826,1,92,311,41,71,1,1,1
827,1,92,311,41,71,1,1,1
828,1,95,311,39,71,1,1,1
829,1,100,311,34,72,1,1,1
830,1,102,311,33,71,1,1,1
831,1,106,311,30,71,1,1,1
832,1,110,310,27,72,1,1,1
833,1,113,311,26,71,1,1,1
834,1,114,311,31,72,1,1,1
835,1,113,312,35,71,1,1,1
836,1,116,312,36,71,1,1,1
837,1,116,312,37,72,1,1,1
838,1,117,312,40,73,1,1,1
839,1,116,312,43,74,1,1,1
840,1,117,312,43,73,1,1,1
841,1,119,312,44,74,1,1,1
842,1,118,312,45,75,1,1,1
843,1,122,312,42,71,1,1,1
844,1,123,312,42,71,1,1,1
845,1,129,312,37,72,1,1,1
846,1,134,312,32,72,1,1,1
847,1,137,312,27,72,1,1,1
848,1,141,312,27,72,1,1,1
849,1,142,312,25,71,1,1,1
850,1,140,312,30,72,1,1,1
851,1,141,312,35,72,1,1,1
852,1,140,312,39,72,1,1,1
853,1,141,311,46,73,1,1,1
854,1,140,311,46,74,1,1,1
855,1,141,313,47,72,1,1,1
856,1,142,312,48,73,1,1,1
857,1,143,315,46,70,1,1,1
858,1,144,315,47,71,1,1,1
859,1,146,314,42,70,1,1,1
860,1,152,314,37,70,1,1,1
861,1,157,314,33,71,1,1,1
862,1,161,313,30,72,1,1,1
863,1,167,313,27,71,1,1,1
864,1,171,312,26,72,1,1,1
865,1,172,312,29,72,1,1,1
866,1,170,312,33,72,1,1,1
867,1,171,312,38,73,1,1,1
868,1,172,313,41,70,1,1,1
869,1,174,313,42,70,1,1,1
870,1,175,313,42,70,1,1,1
871,1,176,313,42,71,1,1,1
872,1,182,313,39,70,1,1,1
873,1,184,313,38,69,1,1,1
874,1,190,313,31,70,1,1,1
875,1,193,313,29,70,1,1,1
876,1,199,313,23,70,1,1,1
877,1,200,313,23,70,1,1,1
878,1,201,314,26,69,1,1,1
879,1,201,314,33,69,1,1,1
880,1,202,314,36,69,1,1,1
881,1,201,314,38,68,1,1,1
882,1,202,314,40,68,1,1,1
883,1,202,314,39,67,1,1,1
884,1,205,314,36,67,1,1,1
885,1,208,315,33,66,1,1,1
886,1,212,315,29,66,1,1,1
887,1,214,312,29,68,1,1,1
888,1,218,312,25,67,1,1,1
889,1,221,311,25,70,1,1,1
890,1,221,311,28,68,1,1,1
891,1,221,311,28,67,1,1,1
892,1,226,311,23,67,1,1,1
893,1,226,311,25,72,1,1,1
894,1,226,311,25,72,1,1,1
895,1,225,316,25,67,1,1,1
896,1,225,316,25,66,1,1,1
897,1,225,312,35,61,1,1,1
898,1,231,312,28,61,1,1,1
899,1,230,312,31,61,1,1,1
900,1,230,310,32,63,1,1,1
901,1,229,310,34,63,1,1,1
902,1,230,308,34,64,1,1,1
903,1,234,307,34,65,1,1,1
904,1,234,306,34,65,1,1,1
905,1,237,306,27,64,1,1,1
906,1,237,306,25,64,1,1,1
907,1,236,306,22,64,1,1,1
908,1,236,306,21,64,1,1,1
909,1,235,306,22,64,1,1,1
910,1,235,306,22,63,1,1,1
911,1,234,306,22,64,1,1,1
912,1,231,305,27,63,1,1,1
913,1,228,304,30,64,1,1,1
914,1,225,301,33,67,1,1,1
915,1,221,300,37,68,1,1,1
916,1,221,300,37,68,1,1,1
917,1,220,301,35,71,1,1,1
918,1,220,301,35,71,1,1,1
919,1,219,301,37,70,1,1,1
920,1,218,296,40,75,1,1,1
921,1,218,296,40,75,1,1,1
922,1,218,296,39,75,1,1,1
923,1,218,296,39,75,1,1,1
924,1,218,296,40,75,1,1,1
925,1,218,296,40,73,1,1,1
926,1,218,296,40,73,1,1,1
927,1,218,296,40,74,1,1,1
928,1,218,296,40,74,1,1,1
929,1,220,296,38,74,1,1,1
930,1,220,296,37,71,1,1,1
931,1,220,296,37,71,1,1,1
932,1,220,296,37,71,1,1,1
933,1,221,296,36,71,1,1,1
934,1,223,296,34,71,1,1,1
935,1,224,296,33,71,1,1,1
936,1,224,295,34,69,1,1,1
937,1,225,295,33,69,1,1,1
938,1,225,298,34,66,1,1,1
939,1,226,300,31,66,1,1,1
940,1,226,300,32,66,1,1,1
941,1,226,300,32,66,1,1,1
942,1,227,301,30,65,1,1,1
943,1,227,304,31,62,1,1,1
944,1,228,304,30,62,1,1,1
945,1,226,304,32,62,1,1,1
946,1,226,304,30,62,1,1,1
947,1,226,307,30,62,1,1,1
948,1,226,307,30,62,1,1,1
949,1,226,307,30,62,1,1,1
950,1,226,307,30,62,1,1,1
951,1,227,307,27,62,1,1,1
952,1,227,307,27,62,1,1,1
953,1,227,306,28,63,1,1,1
954,1,227,306,28,63,1,1,1
955,1,227,304,29,65,1,1,1
956,1,225,302,31,68,1,1,1
957,1,225,302,31,68,1,1,1
958,1,225,302,31,68,1,1,1
959,1,226,302,31,68,1,1,1
960,1,226,302,31,68,1,1,1
961,1,227,303,31,68,1,1,1
962,1,227,303,31,68,1,1,1
963,1,230,303,28,69,1,1,1
964,1,230,303,28,68,1,1,1
965,1,233,303,25,68,1,1,1
966,1,238,303,20,69,1,1,1
967,1,238,303,25,69,1,1,1
968,1,238,303,25,67,1,1,1
969,1,238,303,25,65,1,1,1
970,1,238,303,31,66,1,1,1
971,1,238,303,31,63,1,1,1
972,1,238,303,34,63,1,1,1
973,1,238,303,34,63,1,1,1
974,1,241,303,32,64,1,1,1
975,1,241,302,36,64,1,1,1
976,1,242,302,36,64,1,1,1
977,1,242,302,35,64,1,1,1
978,1,242,302,35,64,1,1,1
979,1,243,302,33,64,1,1,1
980,1,247,302,30,64,1,1,1
981,1,247,302,25,64,1,1,1
982,1,247,302,25,64,1,1,1
983,1,248,302,24,62,1,1,1
984,1,248,302,23,62,1,1,1
985,1,249,302,23,62,1,1,1
986,1,249,302,23,62,1,1,1
987,1,250,302,23,62,1,1,1
988,1,250,302,23,62,1,1,1
989,1,251,302,22,61,1,1,1
990,1,252,302,21,62,1,1,1
991,1,252,302,21,62,1,1,1
992,1,253,302,22,62,1,1,1
993,1,252,302,25,62,1,1,1
994,1,252,302,25,62,1,1,1
995,1,252,302,26,62,1,1,1
996,1,253,305,25,59,1,1,1
997,1,253,305,28,59,1,1,1
998,1,254,305,28,59,1,1,1
999,1,254,305,28,59,1,1,1
1000,1,255,305,29,59,1,1,1
1001,1,256,305,28,59,1,1,1
1002,1,257,306,28,59,1,1,1
1003,1,259,306,27,60,1,1,1
1004,1,259,307,26,59,1,1,1
1005,1,260,307,26,59,1,1,1
1006,1,261,307,24,59,1,1,1
1,2,246,316,23,73,1,1,1
2,2,244,316,25,73,1,1,1
3,2,239,316,31,73,1,1,1
4,2,232,316,37,73,1,1,1
5,2,229,316,39,73,1,1,1
6,2,228,315,39,74,1,1,1
7,2,224,315,45,74,1,1,1
8,2,223,315,45,74,1,1,1
9,2,222,316,46,72,1,1,1
10,2,221,316,47,72,1,1,1
11,2,221,316,46,72,1,1,1
12,2,219,316,44,72,1,1,1
13,2,221,316,41,72,1,1,1
14,2,221,315,35,72,1,1,1
15,2,220,314,33,73,1,1,1
16,2,217,313,35,74,1,1,1
17,2,216,313,29,74,1,1,1
18,2,214,313,31,74,1,1,1
19,2,213,313,32,74,1,1,1
20,2,213,313,32,74,1,1,1
21,2,212,313,34,74,1,1,1
22,2,211,313,35,74,1,1,1
23,2,210,313,35,74,1,1,1
24,2,210,314,35,73,1,1,1
25,2,209,314,35,73,1,1,1
26,2,209,315,35,73,1,1,1
27,2,208,315,34,73,1,1,1
28,2,207,315,34,73,1,1,1
29,2,207,316,31,69,1,1,1
30,2,206,314,31,71,1,1,1
31,2,206,314,29,71,1,1,1
32,2,205,314,30,71,1,1,1
33,2,205,313,30,71,1,1,1
34,2,205,313,29,71,1,1,1
35,2,204,314,29,71,1,1,1
36,2,203,313,29,72,1,1,1
37,2,202,313,30,72,1,1,1
38,2,202,313,30,72,1,1,1
39,2,202,313,29,72,1,1,1
40,2,202,313,29,72,1,1,1
41,2,201,313,30,71,1,1,1
42,2,201,313,29,72,1,1,1
43,2,201,313,29,72,1,1,1
44,2,202,313,28,72,1,1,1
45,2,202,313,28,72,1,1,1
46,2,202,313,27,72,1,1,1
47,2,202,313,27,72,1,1,1
48,2,202,313,27,72,1,1,1
49,2,201,313,29,72,1,1,1
50,2,201,313,29,72,1,1,1
51,2,201,313,29,72,1,1,1
52,2,201,313,29,72,1,1,1
53,2,201,313,29,72,1,1,1
54,2,201,313,30,72,1,1,1
55,2,201,313,30,72,1,1,1
56,2,202,313,30,72,1,1,1
57,2,202,313,30,73,1,1,1
58,2,203,313,30,73,1,1,1
59,2,202,313,31,73,1,1,1
60,2,203,313,31,73,1,1,1
61,2,204,314,31,72,1,1,1
62,2,202,314,33,72,1,1,1
63,2,203,314,33,71,1,1,1
64,2,204,314,33,71,1,1,1
65,2,204,314,33,71,1,1,1
66,2,205,314,33,71,1,1,1
67,2,206,314,32,70,1,1,1
68,2,206,313,34,73,1,1,1
69,2,212,314,28,72,1,1,1
70,2,212,314,28,72,1,1,1
71,2,215,315,26,72,1,1,1
72,2,215,315,26,71,1,1,1
73,2,216,315,26,72,1,1,1
74,2,216,313,26,75,1,1,1
75,2,218,313,26,75,1,1,1
76,2,218,313,27,75,1,1,1
77,2,219,313,27,76,1,1,1
78,2,219,313,26,75,1,1,1
79,2,217,313,30,75,1,1,1
80,2,217,315,31,74,1,1,1
81,2,218,315,30,74,1,1,1
82,2,218,315,30,74,1,1,1
83,2,221,315,28,74,1,1,1
84,2,221,315,28,74,1,1,1
85,2,223,314,29,75,1,1,1
86,2,223,314,29,75,1,1,1
87,2,227,314,26,75,1,1,1
88,2,228,314,26,75,1,1,1
89,2,229,315,28,75,1,1,1
90,2,229,315,29,75,1,1,1
91,2,229,315,32,75,1,1,1
92,2,229,315,35,75,1,1,1
93,2,230,315,34,75,1,1,1
94,2,229,315,37,75,1,1,1
95,2,229,315,37,75,1,1,1
96,2,230,314,36,76,1,1,1
97,2,230,314,36,76,1,1,1
98,2,231,314,36,76,1,1,1
99,2,236,313,33,77,1,1,1
100,2,239,313,30,77,1,1,1
101,2,239,313,31,77,1,1,1
102,2,240,316,30,74,1,1,1
103,2,241,316,30,74,1,1,1
104,2,242,316,33,76,1,1,1
105,2,243,316,32,76,1,1,1
106,2,244,316,33,78,1,1,1
107,2,245,316,33,78,1,1,1
108,2,246,317,33,77,1,1,1
109,2,247,317,32,76,1,1,1
110,2,250,317,30,77,1,1,1
111,2,250,317,30,77,1,1,1
112,2,251,317,30,77,1,1,1
113,2,251,317,30,77,1,1,1
114,2,251,317,30,77,1,1,1
115,2,252,317,30,77,1,1,1
116,2,252,317,31,77,1,1,1
117,2,253,317,30,77,1,1,1
118,2,253,317,31,78,1,1,1
119,2,254,317,32,78,1,1,1
120,2,254,317,32,78,1,1,1
121,2,255,317,32,78,1,1,1
122,2,256,317,34,80,1,1,1
123,2,257,317,33,80,1,1,1
124,2,258,316,34,82,1,1,1
125,2,258,318,33,79,1,1,1
126,2,259,319,33,78,1,1,1
127,2,260,319,33,79,1,1,1
128,2,261,319,33,79,1,1,1
129,2,261,319,33,80,1,1,1
130,2,262,319,33,79,1,1,1
131,2,263,319,33,79,1,1,1
132,2,264,319,33,79,1,1,1
133,2,265,319,33,79,1,1,1
134,2,265,319,33,79,1,1,1
135,2,265,320,33,78,1,1,1
136,2,271,320,30,78,1,1,1
137,2,272,320,29,79,1,1,1
138,2,273,320,31,79,1,1,1
139,2,273,320,32,79,1,1,1
140,2,274,320,35,79,1,1,1
141,2,275,320,33,79,1,1,1
142,2,274,320,34,79,1,1,1
143,2,275,320,34,83,1,1,1
144,2,275,320,34,82,1,1,1
145,2,273,321,36,82,1,1,1
146,2,274,321,36,82,1,1,1
147,2,274,321,36,82,1,1,1
148,2,274,321,33,83,1,1,1
149,2,275,321,33,83,1,1,1
150,2,277,322,31,82,1,1,1
151,2,275,322,33,82,1,1,1
152,2,276,322,30,82,1,1,1
153,2,276,322,31,82,1,1,1
154,2,275,322,32,82,1,1,1
155,2,274,322,34,82,1,1,1
156,2,274,322,34,82,1,1,1
157,2,274,322,34,82,1,1,1
158,2,275,322,34,82,1,1,1
159,2,275,322,34,82,1,1,1
160,2,275,322,34,81,1,1,1
161,2,276,322,33,83,1,1,1
162,2,276,322,34,83,1,1,1
163,2,276,322,35,83,1,1,1
164,2,277,322,37,83,1,1,1
165,2,280,322,34,83,1,1,1
166,2,281,322,36,83,1,1,1
167,2,281,322,38,83,1,1,1
168,2,284,322,36,83,1,1,1
169,2,285,322,37,83,1,1,1
170,2,285,322,38,83,1,1,1
171,2,286,322,37,84,1,1,1
172,2,286,322,37,84,1,1,1
173,2,287,322,36,84,1,1,1
174,2,288,323,35,84,1,1,1
175,2,289,323,35,84,1,1,1
176,2,290,323,35,84,1,1,1
177,2,290,323,35,84,1,1,1
178,2,290,323,35,84,1,1,1
179,2,292,323,35,85,1,1,1
180,2,292,323,34,85,1,1,1
181,2,293,323,34,85,1,1,1
182,2,293,323,39,84,1,1,1
183,2,293,323,39,84,1,1,1
184,2,296,323,40,84,1,1,1
185,2,296,323,40,84,1,1,1
186,2,296,323,42,84,1,1,1
187,2,296,323,42,84,1,1,1
188,2,296,323,42,84,1,1,1
189,2,296,323,42,84,1,1,1
190,2,295,323,42,85,1,1,1
191,2,294,323,43,85,1,1,1
192,2,294,323,43,85,1,1,1
193,2,293,323,39,85,1,1,1
194,2,293,323,38,85,1,1,1
195,2,292,323,39,87,1,1,1
196,2,289,323,37,87,1,1,1
197,2,289,326,36,84,1,1,1
198,2,288,326,36,86,1,1,1
199,2,288,326,36,86,1,1,1
200,2,287,327,36,85,1,1,1
201,2,286,326,36,86,1,1,1
202,2,283,325,36,87,1,1,1
203,2,283,324,33,88,1,1,1
204,2,282,324,34,87,1,1,1
205,2,282,326,31,85,1,1,1
206,2,281,326,32,87,1,1,1
207,2,280,326,35,88,1,1,1
208,2,278,327,38,87,1,1,1
209,2,273,331,43,83,1,1,1
210,2,268,331,47,83,1,1,1
211,2,264,331,50,84,1,1,1
212,2,262,331,53,82,1,1,1
213,2,258,333,56,81,1,1,1
214,2,256,332,57,82,1,1,1
215,2,253,331,58,83,1,1,1
216,2,255,331,50,83,1,1,1
217,2,254,331,45,79,1,1,1
218,2,255,331,38,80,1,1,1
219,2,254,332,32,79,1,1,1
220,2,250,332,28,79,1,1,1
221,2,246,332,29,78,1,1,1
222,2,243,332,30,77,1,1,1
223,2,238,332,32,75,1,1,1
224,2,232,330,39,78,1,1,1
225,2,226,330,44,78,1,1,1
226,2,222,328,45,80,1,1,1
227,2,219,328,44,75,1,1,1
228,2,216,328,43,75,1,1,1
229,2,214,328,41,76,1,1,1
230,2,213,328,39,75,1,1,1
231,2,213,328,40,75,1,1,1
232,2,211,329,41,74,1,1,1
233,2,210,329,44,74,1,1,1
234,2,209,328,45,74,1,1,1
235,2,209,325,44,76,1,1,1
236,2,209,324,45,75,1,1,1
237,2,209,321,47,77,1,1,1
238,2,216,321,39,77,1,1,1
239,2,219,320,35,71,1,1,1
240,2,218,320,36,71,1,1,1
241,2,220,320,36,72,1,1,1
242,2,219,320,37,72,1,1,1
243,2,221,321,33,69,1,1,1
244,2,220,319,38,71,1,1,1
245,2,225,319,33,70,1,1,1
246,2,225,319,35,69,1,1,1
247,2,224,316,36,74,1,1,1
248,2,227,316,32,73,1,1,1
249,2,226,315,35,73,1,1,1
250,2,226,315,34,72,1,1,1
251,2,231,314,31,68,1,1,1
252,2,232,314,31,68,1,1,1
253,2,237,313,26,68,1,1,1
254,2,238,311,27,70,1,1,1
255,2,239,310,27,71,1,1,1
256,2,242,310,27,70,1,1,1
257,2,243,308,26,70,1,1,1
258,2,244,308,26,70,1,1,1
259,2,245,309,29,69,1,1,1
260,2,247,312,30,65,1,1,1
261,2,247,313,31,64,1,1,1
262,2,250,313,33,64,1,1,1
263,2,250,313,33,64,1,1,1
264,2,254,313,33,64,1,1,1
265,2,254,314,32,62,1,1,1
266,2,254,314,31,61,1,1,1
267,2,255,312,31,62,1,1,1
268,2,258,310,27,62,1,1,1
269,2,256,309,31,62,1,1,1
270,2,261,308,28,64,1,1,1
271,2,261,306,29,65,1,1,1
272,2,265,306,26,64,1,1,1
273,2,267,305,25,61,1,1,1
274,2,270,305,22,62,1,1,1
275,2,270,305,22,61,1,1,1
276,2,270,305,24,60,1,1,1
277,2,270,305,27,61,1,1,1
278,2,272,306,28,61,1,1,1
279,2,271,306,31,62,1,1,1
280,2,272,306,31,63,1,1,1
281,2,273,306,31,64,1,1,1
282,2,274,306,30,64,1,1,1
283,2,275,306,31,65,1,1,1
284,2,275,306,31,64,1,1,1
285,2,277,306,28,65,1,1,1
286,2,277,306,29,65,1,1,1
287,2,281,305,25,65,1,1,1
288,2,282,305,24,65,1,1,1
289,2,282,304,27,64,1,1,1
290,2,282,304,29,64,1,1,1
291,2,282,304,29,64,1,1,1
292,2,282,304,31,64,1,1,1
293,2,284,304,29,64,1,1,1
294,2,284,304,30,64,1,1,1
295,2,284,304,30,63,1,1,1
296,2,284,304,32,63,1,1,1
297,2,284,304,30,63,1,1,1
298,2,284,304,30,63,1,1,1
299,2,284,304,28,63,1,1,1
300,2,284,304,28,63,1,1,1
301,2,284,304,28,63,1,1,1
302,2,285,304,28,63,1,1,1
303,2,285,304,28,63,1,1,1
304,2,285,304,28,63,1,1,1
305,2,285,304,28,63,1,1,1
306,2,285,304,28,63,1,1,1
307,2,286,305,27,62,1,1,1
308,2,285,304,28,64,1,1,1
309,2,286,305,27,62,1,1,1
310,2,286,305,27,64,1,1,1
311,2,286,305,27,64,1,1,1
312,2,286,305,24,64,1,1,1
313,2,286,305,24,64,1,1,1
314,2,284,305,28,64,1,1,1
315,2,284,305,28,64,1,1,1
316,2,284,305,30,64,1,1,1
317,2,283,305,31,64,1,1,1
318,2,283,305,31,64,1,1,1
319,2,282,305,33,65,1,1,1
320,2,281,304,32,65,1,1,1
321,2,281,304,32,65,1,1,1
322,2,280,304,33,65,1,1,1
323,2,279,304,32,66,1,1,1
324,2,278,304,33,66,1,1,1
325,2,278,305,33,65,1,1,1
326,2,277,306,33,64,1,1,1
327,2,276,306,32,64,1,1,1
328,2,275,306,32,64,1,1,1
329,2,275,306,32,64,1,1,1
330,2,274,306,34,64,1,1,1
331,2,274,306,34,64,1,1,1
332,2,274,305,33,64,1,1,1
333,2,274,305,33,64,1,1,1
334,2,274,307,33,62,1,1,1
335,2,273,308,34,61,1,1,1
336,2,272,308,35,61,1,1,1
337,2,272,311,35,58,1,1,1
338,2,271,311,36,58,1,1,1
339,2,270,311,36,58,1,1,1
340,2,270,311,35,58,1,1,1
341,2,269,310,35,61,1,1,1
342,2,269,310,35,62,1,1,1
343,2,269,310,35,61,1,1,1
344,2,269,310,33,63,1,1,1
345,2,268,310,34,63,1,1,1
346,2,268,310,33,64,1,1,1
347,2,267,312,33,62,1,1,1
348,2,267,313,33,61,1,1,1
349,2,267,313,33,61,1,1,1
350,2,267,313,34,61,1,1,1
351,2,266,313,35,63,1,1,1
352,2,266,313,34,64,1,1,1
353,2,265,313,35,64,1,1,1
354,2,264,313,37,65,1,1,1
355,2,266,313,35,66,1,1,1
356,2,266,313,35,68,1,1,1
357,2,265,313,32,69,1,1,1
358,2,265,313,31,70,1,1,1
359,2,261,314,33,67,1,1,1
360,2,259,317,34,65,1,1,1
361,2,258,315,34,67,1,1,1
362,2,258,315,33,67,1,1,1
363,2,255,315,36,69,1,1,1
364,2,254,316,36,69,1,1,1
365,2,254,316,35,69,1,1,1
366,2,253,318,35,69,1,1,1
367,2,253,318,35,68,1,1,1
368,2,252,318,34,69,1,1,1
369,2,254,318,32,71,1,1,1
370,2,254,318,32,72,1,1,1
371,2,254,318,32,72,1,1,1
372,2,253,318,33,74,1,1,1
373,2,254,320,32,71,1,1,1
374,2,254,320,32,71,1,1,1
375,2,254,320,32,72,1,1,1
376,2,254,321,33,71,1,1,1
377,2,254,321,32,72,1,1,1
378,2,255,322,31,71,1,1,1
379,2,255,322,32,73,1,1,1
380,2,255,325,34,69,1,1,1
381,2,255,327,34,68,1,1,1
382,2,254,328,38,67,1,1,1
383,2,254,329,38,66,1,1,1
384,2,253,329,39,67,1,1,1
385,2,247,329,44,67,1,1,1
386,2,247,331,44,65,1,1,1
387,2,246,331,46,65,1,1,1
388,2,243,331,48,65,1,1,1
389,2,243,331,48,64,1,1,1
390,2,241,331,51,65,1,1,1
391,2,243,331,48,65,1,1,1
392,2,243,331,47,64,1,1,1
393,2,243,331,43,65,1,1,1
394,2,243,331,40,66,1,1,1
395,2,239,331,39,67,1,1,1
396,2,240,331,36,66,1,1,1
397,2,240,331,36,68,1,1,1
398,2,240,331,37,69,1,1,1
399,2,241,331,34,66,1,1,1
400,2,241,331,34,66,1,1,1
401,2,240,331,34,66,1,1,1
402,2,240,332,34,65,1,1,1
403,2,240,331,35,66,1,1,1
404,2,239,331,33,66,1,1,1
405,2,239,330,33,67,1,1,1
406,2,239,330,33,67,1,1,1
407,2,239,329,33,69,1,1,1
408,2,239,329,33,69,1,1,1
409,2,239,328,34,69,1,1,1
410,2,239,328,34,69,1,1,1
411,2,237,328,36,69,1,1,1
412,2,236,326,36,69,1,1,1
413,2,237,326,36,69,1,1,1
414,2,237,326,35,68,1,1,1
415,2,236,326,36,69,1,1,1
416,2,236,325,36,70,1,1,1
417,2,236,325,29,69,1,1,1
418,2,233,325,33,69,1,1,1
419,2,233,325,33,69,1,1,1
420,2,233,322,28,72,1,1,1
421,2,233,322,27,72,1,1,1
422,2,232,322,29,73,1,1,1
423,2,233,322,27,73,1,1,1
424,2,233,322,27,72,1,1,1
425,2,232,320,28,73,1,1,1
426,2,232,320,28,73,1,1,1
427,2,232,320,26,74,1,1,1
428,2,232,319,26,75,1,1,1
429,2,232,319,25,75,1,1,1
430,2,232,319,25,75,1,1,1
431,2,231,318,26,75,1,1,1
432,2,230,318,26,75,1,1,1
433,2,230,318,26,75,1,1,1
434,2,229,319,27,75,1,1,1
435,2,229,319,26,75,1,1,1
436,2,229,322,27,73,1,1,1
437,2,229,322,26,73,1,1,1
438,2,229,322,26,73,1,1,1
439,2,227,322,28,72,1,1,1
440,2,227,322,28,72,1,1,1
441,2,227,322,28,72,1,1,1
442,2,222,322,33,71,1,1,1
443,2,222,320,33,73,1,1,1
444,2,222,320,33,68,1,1,1
445,2,222,320,33,68,1,1,1
446,2,222,320,35,68,1,1,1
447,2,222,320,35,68,1,1,1
448,2,222,320,35,66,1,1,1
449,2,223,319,37,67,1,1,1
450,2,223,317,40,67,1,1,1
451,2,224,317,39,67,1,1,1
452,2,224,316,41,69,1,1,1
453,2,224,316,38,68,1,1,1
454,2,225,316,39,63,1,1,1
455,2,228,316,36,63,1,1,1
456,2,230,316,36,63,1,1,1
457,2,232,316,35,63,1,1,1
458,2,234,315,35,63,1,1,1
459,2,236,314,35,63,1,1,1
460,2,237,313,35,64,1,1,1
461,2,242,313,31,63,1,1,1
462,2,248,313,28,62,1,1,1
463,2,252,310,28,62,1,1,1
464,2,256,312,26,60,1,1,1
465,2,256,312,27,60,1,1,1
466,2,257,312,31,59,1,1,1
467,2,258,312,35,59,1,1,1
468,2,258,312,42,59,1,1,1
469,2,260,311,44,60,1,1,1
470,2,264,313,42,58,1,1,1
471,2,269,313,39,56,1,1,1
472,2,274,313,34,56,1,1,1
473,2,280,313,29,56,1,1,1
474,2,286,313,23,56,1,1,1
475,2,288,313,23,56,1,1,1
476,2,293,313,27,56,1,1,1
477,2,293,313,29,56,1,1,1
478,2,292,313,33,56,1,1,1
479,2,294,313,33,55,1,1,1
480,2,293,309,44,59,1,1,1
481,2,292,309,44,59,1,1,1
482,2,291,309,46,59,1,1,1
483,2,301,309,35,60,1,1,1
484,2,300,309,36,57,1,1,1
485,2,299,308,38,58,1,1,1
486,2,306,307,31,60,1,1,1
487,2,305,306,32,62,1,1,1
488,2,308,305,30,62,1,1,1
489,2,311,304,28,63,1,1,1
490,2,311,304,28,63,1,1,1
491,2,313,304,27,63,1,1,1
492,2,314,304,28,63,1,1,1
493,2,315,305,28,63,1,1,1
494,2,316,306,31,61,1,1,1
495,2,316,307,34,62,1,1,1
496,2,317,307,33,62,1,1,1
497,2,317,307,34,62,1,1,1
498,2,318,307,33,62,1,1,1
499,2,320,307,34,63,1,1,1
500,2,321,307,33,62,1,1,1
501,2,321,307,30,62,1,1,1
502,2,320,307,31,62,1,1,1
503,2,320,307,32,62,1,1,1
504,2,321,307,32,62,1,1,1
505,2,322,307,32,63,1,1,1
506,2,325,307,28,62,1,1,1
507,2,325,307,28,62,1,1,1
508,2,329,307,24,62,1,1,1
509,2,329,307,24,62,1,1,1
510,2,329,307,24,65,1,1,1
511,2,329,307,24,65,1,1,1
512,2,329,307,25,65,1,1,1
513,2,329,307,24,65,1,1,1
514,2,329,308,24,64,1,1,1
515,2,329,308,24,64,1,1,1
516,2,329,308,24,65,1,1,1
517,2,329,308,24,63,1,1,1
518,2,329,307,24,66,1,1,1
519,2,326,307,27,66,1,1,1
520,2,326,307,27,66,1,1,1
521,2,326,307,32,66,1,1,1
522,2,326,307,32,66,1,1,1
523,2,326,307,32,67,1,1,1
524,2,326,307,32,67,1,1,1
525,2,326,307,32,67,1,1,1
526,2,325,307,32,68,1,1,1
527,2,324,307,33,68,1,1,1
528,2,324,307,33,67,1,1,1
529,2,323,307,32,69,1,1,1
530,2,323,308,32,68,1,1,1
531,2,323,308,28,68,1,1,1
532,2,323,308,25,68,1,1,1
533,2,322,308,25,68,1,1,1
534,2,322,308,25,68,1,1,1
535,2,322,307,25,68,1,1,1
536,2,321,308,24,68,1,1,1
537,2,322,308,23,68,1,1,1
538,2,322,308,22,68,1,1,1
539,2,321,308,22,69,1,1,1
540,2,321,311,22,67,1,1,1
541,2,320,312,23,68,1,1,1
542,2,318,313,25,67,1,1,1
543,2,318,313,24,65,1,1,1
544,2,317,313,25,65,1,1,1
545,2,317,312,24,66,1,1,1
546,2,316,309,25,68,1,1,1
547,2,315,308,25,68,1,1,1
548,2,315,308,25,70,1,1,1
549,2,314,308,25,69,1,1,1
550,2,314,307,24,69,1,1,1
551,2,314,307,22,69,1,1,1
552,2,312,308,24,68,1,1,1
553,2,311,308,25,68,1,1,1
554,2,309,308,27,67,1,1,1
555,2,309,308,27,67,1,1,1
556,2,306,308,30,67,1,1,1
557,2,302,308,34,67,1,1,1
558,2,301,307,34,67,1,1,1
559,2,299,307,34,66,1,1,1
560,2,299,306,33,67,1,1,1
561,2,296,306,34,67,1,1,1
562,2,294,307,34,66,1,1,1
563,2,292,307,34,66,1,1,1
564,2,296,307,30,66,1,1,1
565,2,296,307,30,66,1,1,1
566,2,296,307,29,65,1,1,1
567,2,294,306,30,66,1,1,1
568,2,294,306,30,66,1,1,1
569,2,290,304,30,66,1,1,1
570,2,290,304,30,66,1,1,1
571,2,288,304,29,65,1,1,1
572,2,286,306,29,65,1,1,1
573,2,286,306,29,61,1,1,1
574,2,286,306,29,61,1,1,1
575,2,285,306,30,61,1,1,1
576,2,283,306,30,61,1,1,1
577,2,283,306,30,64,1,1,1
578,2,283,306,30,64,1,1,1
579,2,282,306,30,64,1,1,1
580,2,282,306,30,64,1,1,1
581,2,282,306,29,64,1,1,1
582,2,282,305,26,65,1,1,1
583,2,282,304,26,67,1,1,1
584,2,282,304,26,67,1,1,1
585,2,281,304,25,67,1,1,1
586,2,280,304,26,67,1,1,1
587,2,279,304,27,67,1,1,1
588,2,279,304,27,66,1,1,1
589,2,278,306,28,64,1,1,1
590,2,278,306,28,66,1,1,1
591,2,278,306,28,66,1,1,1
592,2,278,306,28,66,1,1,1
593,2,278,306,28,66,1,1,1
594,2,279,305,28,66,1,1,1
595,2,280,305,27,62,1,1,1
596,2,280,305,25,62,1,1,1
597,2,280,305,25,62,1,1,1
598,2,280,305,25,62,1,1,1
599,2,279,305,25,63,1,1,1
600,2,279,305,25,63,1,1,1
601,2,275,305,29,63,1,1,1
602,2,273,305,30,63,1,1,1
603,2,270,305,34,63,1,1,1
604,2,268,303,36,64,1,1,1
605,2,267,303,36,64,1,1,1
606,2,267,303,36,64,1,1,1
607,2,266,303,37,64,1,1,1
608,2,266,303,37,64,1,1,1
609,2,265,303,37,64,1,1,1
610,2,265,303,37,64,1,1,1
611,2,266,303,34,64,1,1,1
612,2,266,303,31,64,1,1,1
613,2,265,303,29,64,1,1,1
614,2,263,302,30,64,1,1,1
615,2,265,302,27,64,1,1,1
616,2,264,302,25,63,1,1,1
617,2,263,302,26,63,1,1,1
618,2,261,303,26,63,1,1,1
619,2,261,303,26,63,1,1,1
620,2,259,303,27,64,1,1,1
621,2,258,303,28,64,1,1,1
622,2,255,303,30,65,1,1,1
623,2,255,303,30,65,1,1,1
624,2,254,303,30,65,1,1,1
625,2,254,304,30,63,1,1,1
626,2,254,304,29,64,1,1,1
627,2,253,304,29,63,1,1,1
628,2,253,304,31,63,1,1,1
629,2,253,304,31,63,1,1,1
630,2,255,304,30,63,1,1,1
631,2,254,304,31,63,1,1,1
632,2,254,304,30,63,1,1,1
633,2,254,304,30,63,1,1,1
634,2,253,304,30,63,1,1,1
635,2,252,304,31,64,1,1,1
636,2,252,304,30,64,1,1,1
637,2,251,303,31,65,1,1,1
638,2,251,303,33,65,1,1,1
639,2,250,303,34,65,1,1,1
640,2,250,303,34,65,1,1,1
641,2,249,303,34,65,1,1,1
642,2,249,303,32,65,1,1,1
643,2,244,303,37,65,1,1,1
644,2,244,303,37,65,1,1,1
645,2,241,303,39,65,1,1,1
646,2,241,303,39,65,1,1,1
647,2,237,303,43,65,1,1,1
648,2,237,303,43,65,1,1,1
649,2,237,303,43,65,1,1,1
650,2,237,306,43,62,1,1,1
651,2,237,306,43,62,1,1,1
652,2,237,307,43,61,1,1,1
653,2,237,307,43,61,1,1,1
654,2,237,307,43,61,1,1,1
655,2,236,308,45,61,1,1,1
656,2,236,308,45,61,1,1,1
657,2,235,308,45,61,1,1,1
658,2,236,308,43,61,1,1,1
659,2,235,308,44,61,1,1,1
660,2,236,307,44,62,1,1,1
661,2,235,307,44,62,1,1,1
662,2,233,306,45,62,1,1,1
663,2,233,306,42,62,1,1,1
664,2,232,306,42,63,1,1,1
665,2,232,306,42,63,1,1,1
666,2,232,306,40,63,1,1,1
667,2,230,304,42,65,1,1,1
668,2,233,304,34,65,1,1,1
669,2,228,305,38,64,1,1,1
670,2,228,305,34,64,1,1,1
671,2,226,305,36,64,1,1,1
672,2,226,305,36,64,1,1,1
673,2,221,305,41,65,1,1,1
674,2,221,305,37,65,1,1,1
675,2,219,305,39,65,1,1,1
676,2,219,305,39,65,1,1,1
677,2,219,307,39,64,1,1,1
678,2,219,307,36,64,1,1,1
679,2,214,307,41,64,1,1,1
680,2,214,307,36,65,1,1,1
681,2,213,306,37,65,1,1,1
682,2,212,306,33,65,1,1,1
683,2,211,303,33,66,1,1,1
684,2,210,303,33,66,1,1,1
685,2,210,303,33,66,1,1,1
686,2,210,304,32,65,1,1,1
687,2,209,304,33,65,1,1,1
688,2,209,304,33,65,1,1,1
689,2,209,304,32,65,1,1,1
690,2,209,304,32,65,1,1,1
691,2,209,304,31,65,1,1,1
692,2,209,304,31,65,1,1,1
693,2,209,304,31,65,1,1,1
694,2,208,303,32,66,1,1,1
695,2,208,303,30,66,1,1,1
696,2,207,303,31,66,1,1,1
697,2,207,303,31,67,1,1,1
698,2,207,303,30,67,1,1,1
699,2,207,303,30,67,1,1,1
700,2,206,303,28,66,1,1,1
701,2,206,303,28,66,1,1,1
702,2,206,303,28,66,1,1,1
703,2,206,303,28,66,1,1,1
704,2,210,303,23,66,1,1,1
705,2,210,303,23,66,1,1,1
706,2,209,303,24,66,1,1,1
707,2,209,303,24,66,1,1,1
708,2,209,303,24,66,1,1,1
709,2,209,303,24,66,1,1,1
710,2,207,303,26,66,1,1,1
711,2,207,303,26,66,1,1,1
712,2,207,303,25,66,1,1,1
713,2,207,304,25,65,1,1,1
714,2,206,304,26,65,1,1,1
715,2,206,303,26,66,1,1,1
716,2,207,303,25,67,1,1,1
717,2,206,303,24,66,1,1,1
718,2,207,303,20,66,1,1,1
719,2,206,303,20,66,1,1,1
720,2,206,303,19,66,1,1,1
721,2,206,303,19,66,1,1,1
722,2,204,303,21,66,1,1,1
723,2,202,303,21,66,1,1,1
724,2,200,303,23,66,1,1,1
725,2,200,303,22,66,1,1,1
726,2,198,303,24,66,1,1,1
727,2,198,303,24,66,1,1,1
728,2,197,303,25,66,1,1,1
729,2,194,303,28,66,1,1,1
730,2,194,303,28,66,1,1,1
731,2,194,306,28,64,1,1,1
732,2,194,306,26,64,1,1,1
733,2,194,306,26,64,1,1,1
734,2,194,306,25,64,1,1,1
735,2,194,306,25,64,1,1,1
736,2,194,306,23,64,1,1,1
737,2,191,306,26,64,1,1,1
738,2,190,305,27,65,1,1,1
739,2,190,305,26,65,1,1,1
740,2,190,305,22,65,1,1,1
741,2,190,305,22,65,1,1,1
742,2,190,305,22,65,1,1,1
743,2,191,305,22,65,1,1,1
744,2,191,305,22,65,1,1,1
745,2,186,304,27,67,1,1,1
746,2,186,304,27,67,1,1,1
747,2,186,304,28,67,1,1,1
748,2,186,304,28,67,1,1,1
749,2,186,304,28,67,1,1,1
750,2,186,306,28,67,1,1,1
751,2,186,306,28,67,1,1,1
752,2,186,306,28,67,1,1,1
753,2,186,306,28,67,1,1,1
754,2,186,306,28,67,1,1,1
755,2,186,306,28,67,1,1,1
756,2,186,306,28,67,1,1,1
757,2,186,306,28,67,1,1,1
758,2,186,306,28,67,1,1,1
759,2,186,306,28,67,1,1,1
760,2,191,306,22,68,1,1,1
761,2,191,306,22,68,1,1,1
762,2,191,306,25,68,1,1,1
763,2,191,306,25,68,1,1,1
764,2,191,306,27,68,1,1,1
765,2,191,306,27,68,1,1,1
766,2,194,306,24,68,1,1,1
767,2,194,306,24,68,1,1,1
768,2,194,306,24,68,1,1,1
769,2,194,306,24,67,1,1,1
770,2,194,306,24,67,1,1,1
771,2,194,306,24,67,1,1,1
772,2,194,306,24,66,1,1,1
773,2,194,307,24,66,1,1,1
774,2,194,307,24,66,1,1,1
775,2,194,307,24,67,1,1,1
776,2,193,307,25,67,1,1,1
777,2,193,307,25,67,1,1,1
778,2,193,307,25,67,1,1,1
779,2,191,307,27,68,1,1,1
780,2,191,307,27,69,1,1,1
781,2,188,307,30,68,1,1,1
782,2,187,307,33,68,1,1,1
783,2,186,307,34,69,1,1,1
784,2,185,309,34,66,1,1,1
785,2,184,309,33,66,1,1,1
786,2,184,309,33,66,1,1,1
787,2,183,309,32,67,1,1,1
788,2,183,309,31,67,1,1,1
789,2,184,309,29,67,1,1,1
790,2,183,309,26,68,1,1,1
791,2,183,308,24,69,1,1,1
792,2,182,308,25,67,1,1,1
793,2,182,308,24,68,1,1,1
794,2,180,308,26,67,1,1,1
795,2,176,308,29,67,1,1,1
796,2,176,308,29,67,1,1,1
797,2,175,308,29,67,1,1,1
798,2,175,308,29,67,1,1,1
799,2,174,308,29,68,1,1,1
800,2,175,308,28,67,1,1,1
801,2,174,308,29,67,1,1,1
802,2,174,308,29,67,1,1,1
803,2,174,308,30,67,1,1,1
804,2,172,308,32,67,1,1,1
805,2,172,308,32,67,1,1,1
806,2,171,308,33,69,1,1,1
807,2,171,308,33,69,1,1,1
808,2,171,308,33,69,1,1,1
809,2,173,309,31,68,1,1,1
810,2,173,309,31,68,1,1,1
811,2,174,309,31,68,1,1,1
812,2,174,309,31,69,1,1,1
813,2,174,309,31,69,1,1,1
814,2,175,309,31,69,1,1,1
815,2,175,309,32,70,1,1,1
816,2,176,309,31,70,1,1,1
817,2,178,309,31,69,1,1,1
818,2,178,309,29,70,1,1,1
819,2,178,309,29,70,1,1,1
820,2,178,309,29,70,1,1,1
821,2,179,309,29,70,1,1,1
822,2,179,309,29,70,1,1,1
823,2,179,309,29,70,1,1,1
824,2,179,309,31,71,1,1,1
825,2,179,309,31,71,1,1,1
826,2,179,309,32,71,1,1,1
827,2,179,309,32,71,1,1,1
828,2,180,309,32,71,1,1,1
829,2,180,310,32,71,1,1,1
830,2,181,309,33,73,1,1,1
831,2,181,309,33,73,1,1,1
832,2,182,309,32,73,1,1,1
833,2,182,311,33,72,1,1,1
834,2,183,311,33,72,1,1,1
835,2,183,311,33,72,1,1,1
836,2,188,311,28,72,1,1,1
837,2,191,311,25,72,1,1,1
838,2,191,311,26,72,1,1,1
839,2,192,311,25,70,1,1,1
840,2,192,311,30,72,1,1,1
841,2,193,311,29,72,1,1,1
842,2,193,311,33,72,1,1,1
843,2,193,311,36,71,1,1,1
844,2,194,311,36,71,1,1,1
845,2,194,312,39,70,1,1,1
846,2,194,312,40,70,1,1,1
847,2,194,312,41,70,1,1,1
848,2,194,312,41,70,1,1,1
849,2,194,312,41,70,1,1,1
850,2,194,312,42,70,1,1,1
851,2,195,312,44,69,1,1,1
852,2,195,312,44,70,1,1,1
853,2,195,312,44,70,1,1,1
854,2,199,312,40,70,1,1,1
855,2,199,312,40,71,1,1,1
856,2,204,311,37,71,1,1,1
857,2,204,311,37,71,1,1,1
858,2,213,311,29,69,1,1,1
859,2,216,310,27,70,1,1,1
860,2,216,310,30,70,1,1,1
861,2,217,310,41,71,1,1,1
862,2,218,311,41,69,1,1,1
863,2,218,310,45,70,1,1,1
864,2,219,312,45,68,1,1,1
865,2,222,312,44,68,1,1,1
866,2,223,312,44,69,1,1,1
867,2,226,312,46,69,1,1,1
868,2,228,311,45,70,1,1,1
869,2,230,311,44,68,1,1,1
870,2,228,315,45,66,1,1,1
871,2,229,315,44,65,1,1,1
872,2,233,314,40,66,1,1,1
873,2,233,314,41,66,1,1,1
874,2,234,313,43,69,1,1,1
875,2,233,314,37,67,1,1,1
876,2,234,314,37,67,1,1,1
877,2,234,314,37,66,1,1,1
878,2,241,314,30,66,1,1,1
879,2,241,314,30,66,1,1,1
880,2,242,314,29,66,1,1,1
881,2,242,314,29,66,1,1,1
882,2,242,314,29,66,1,1,1
883,2,241,314,30,68,1,1,1
884,2,241,314,30,68,1,1,1
885,2,241,316,29,66,1,1,1
886,2,240,316,32,66,1,1,1
887,2,240,316,32,66,1,1,1
888,2,240,316,31,66,1,1,1
889,2,240,313,31,65,1,1,1
890,2,239,313,31,65,1,1,1
891,2,239,313,27,65,1,1,1
892,2,234,313,32,68,1,1,1
893,2,234,313,29,68,1,1,1
894,2,230,312,30,69,1,1,1
895,2,231,312,31,68,1,1,1
896,2,231,312,31,69,1,1,1
897,2,230,312,31,68,1,1,1
898,2,228,310,23,73,1,1,1
899,2,225,310,24,73,1,1,1
900,2,224,310,24,72,1,1,1
901,2,218,310,26,79,1,1,1
902,2,218,310,23,78,1,1,1
903,2,215,310,26,78,1,1,1
904,2,213,310,28,78,1,1,1
905,2,211,317,30,72,1,1,1
906,2,210,317,30,72,1,1,1
907,2,210,317,30,72,1,1,1
908,2,208,317,30,72,1,1,1
909,2,208,317,30,72,1,1,1
910,2,208,317,29,71,1,1,1
911,2,208,317,29,73,1,1,1
912,2,207,317,30,72,1,1,1
913,2,205,317,31,72,1,1,1
914,2,203,314,31,73,1,1,1
915,2,199,314,35,73,1,1,1
916,2,196,314,38,73,1,1,1
917,2,196,314,38,73,1,1,1
918,2,195,314,38,73,1,1,1
919,2,195,314,38,73,1,1,1
920,2,192,314,41,73,1,1,1
921,2,192,314,41,73,1,1,1
922,2,192,315,41,72,1,1,1
923,2,192,315,41,72,1,1,1
924,2,192,315,41,72,1,1,1
925,2,192,315,41,69,1,1,1
926,2,197,315,36,69,1,1,1
927,2,199,312,34,72,1,1,1
928,2,200,312,33,72,1,1,1
929,2,200,312,33,72,1,1,1
930,2,202,314,28,69,1,1,1
931,2,202,314,28,69,1,1,1
932,2,203,314,28,69,1,1,1
933,2,203,314,28,69,1,1,1
934,2,204,315,27,68,1,1,1
935,2,205,315,27,68,1,1,1
936,2,205,315,27,68,1,1,1
937,2,207,315,26,67,1,1,1
938,2,207,314,27,68,1,1,1
939,2,207,314,27,68,1,1,1
940,2,208,313,27,69,1,1,1
941,2,209,313,27,69,1,1,1
942,2,209,312,27,70,1,1,1
943,2,208,311,27,70,1,1,1
944,2,208,311,27,70,1,1,1
945,2,208,311,27,70,1,1,1
946,2,208,311,27,70,1,1,1
947,2,208,311,27,70,1,1,1
948,2,208,311,27,70,1,1,1
949,2,208,311,28,70,1,1,1
950,2,208,311,27,70,1,1,1
951,2,208,311,27,70,1,1,1
952,2,208,311,27,70,1,1,1
953,2,208,311,27,70,1,1,1
954,2,207,311,27,70,1,1,1
955,2,207,310,27,71,1,1,1
956,2,207,310,28,72,1,1,1
957,2,207,310,28,72,1,1,1
958,2,206,310,28,72,1,1,1
959,2,206,310,28,72,1,1,1
960,2,205,311,28,70,1,1,1
961,2,205,311,28,70,1,1,1
962,2,205,311,26,70,1,1,1
963,2,204,311,23,70,1,1,1
964,2,203,311,24,70,1,1,1
965,2,203,311,23,70,1,1,1
966,2,203,312,23,70,1,1,1
967,2,203,312,23,70,1,1,1
968,2,200,312,25,71,1,1,1
969,2,199,312,26,71,1,1,1
970,2,199,312,26,71,1,1,1
971,2,199,312,26,71,1,1,1
972,2,198,312,26,71,1,1,1
973,2,196,312,26,72,1,1,1
974,2,194,312,31,71,1,1,1
975,2,194,312,31,71,1,1,1
976,2,194,312,31,71,1,1,1
977,2,194,312,31,71,1,1,1
978,2,193,312,29,70,1,1,1
979,2,193,312,28,70,1,1,1
980,2,193,312,25,71,1,1,1
981,2,192,314,26,71,1,1,1
982,2,192,314,26,71,1,1,1
983,2,190,315,26,70,1,1,1
984,2,189,315,32,70,1,1,1
985,2,188,315,34,71,1,1,1
986,2,187,315,34,71,1,1,1
987,2,185,315,36,71,1,1,1
988,2,184,315,37,72,1,1,1
989,2,184,314,34,73,1,1,1
990,2,183,314,35,73,1,1,1
991,2,183,314,34,73,1,1,1
992,2,182,316,34,71,1,1,1
993,2,182,316,33,72,1,1,1
994,2,181,316,34,71,1,1,1
995,2,181,316,33,71,1,1,1
996,2,185,316,29,71,1,1,1
997,2,184,316,27,71,1,1,1
998,2,184,316,26,71,1,1,1
999,2,184,316,26,72,1,1,1
1000,2,184,316,23,72,1,1,1
1001,2,184,316,23,72,1,1,1
1002,2,185,317,23,71,1,1,1
1003,2,186,316,20,73,1,1,1
1004,2,186,316,21,73,1,1,1
1005,2,186,316,21,75,1,1,1
1006,2,187,316,20,75,1,1,1
1,3,201,322,37,87,1,1,1
2,3,201,322,36,87,1,1,1
3,3,200,321,35,86,1,1,1
4,3,199,321,35,86,1,1,1
5,3,199,321,35,85,1,1,1
6,3,197,319,34,86,1,1,1
7,3,196,319,35,86,1,1,1
8,3,195,318,34,87,1,1,1
9,3,193,317,35,87,1,1,1
10,3,193,319,34,85,1,1,1
11,3,191,317,35,85,1,1,1
12,3,188,317,37,85,1,1,1
13,3,188,318,36,84,1,1,1
14,3,187,318,37,84,1,1,1
15,3,187,318,37,84,1,1,1
16,3,189,318,33,83,1,1,1
17,3,188,318,34,82,1,1,1
18,3,188,318,33,83,1,1,1
19,3,187,318,33,83,1,1,1
20,3,189,318,27,83,1,1,1
21,3,188,318,28,82,1,1,1
22,3,187,318,27,82,1,1,1
23,3,186,318,27,82,1,1,1
24,3,183,318,30,83,1,1,1
25,3,183,318,30,83,1,1,1
26,3,178,318,35,82,1,1,1
27,3,177,318,35,82,1,1,1
28,3,177,318,35,82,1,1,1
29,3,172,318,39,82,1,1,1
30,3,172,318,39,82,1,1,1
31,3,172,318,39,81,1,1,1
32,3,171,317,39,82,1,1,1
33,3,171,317,39,82,1,1,1
34,3,173,317,37,81,1,1,1
35,3,173,317,38,81,1,1,1
36,3,173,317,38,81,1,1,1
37,3,176,317,35,81,1,1,1
38,3,178,318,33,80,1,1,1
39,3,178,318,33,80,1,1,1
40,3,178,318,33,80,1,1,1
41,3,175,317,36,81,1,1,1
42,3,175,317,36,81,1,1,1
43,3,174,317,37,81,1,1,1
44,3,172,316,39,81,1,1,1
45,3,172,316,39,81,1,1,1
46,3,172,316,39,81,1,1,1
47,3,170,315,41,81,1,1,1
48,3,170,315,41,81,1,1,1
49,3,170,315,41,81,1,1,1
50,3,169,315,42,81,1,1,1
51,3,169,315,42,81,1,1,1
52,3,169,315,42,81,1,1,1
53,3,169,315,42,81,1,1,1
54,3,168,315,41,81,1,1,1
55,3,168,315,41,81,1,1,1
56,3,168,315,41,81,1,1,1
57,3,171,315,38,81,1,1,1
58,3,171,315,38,81,1,1,1
59,3,171,315,38,81,1,1,1
60,3,171,315,37,81,1,1,1
61,3,170,315,38,81,1,1,1
62,3,170,316,38,81,1,1,1
63,3,170,316,37,80,1,1,1
64,3,172,316,35,81,1,1,1
65,3,169,316,35,80,1,1,1
66,3,169,316,35,80,1,1,1
67,3,169,316,35,80,1,1,1
68,3,168,316,35,80,1,1,1
69,3,168,316,35,80,1,1,1
70,3,168,316,35,80,1,1,1
71,3,168,316,34,80,1,1,1
72,3,168,315,34,81,1,1,1
73,3,168,315,34,81,1,1,1
74,3,168,315,35,81,1,1,1
75,3,168,315,34,81,1,1,1
76,3,168,315,35,82,1,1,1
77,3,168,315,38,81,1,1,1
78,3,168,315,38,81,1,1,1
79,3,171,315,40,81,1,1,1
80,3,171,315,40,81,1,1,1
81,3,172,315,38,80,1,1,1
82,3,172,315,38,80,1,1,1
83,3,173,315,38,80,1,1,1
84,3,171,315,41,80,1,1,1
85,3,172,316,41,79,1,1,1
86,3,172,315,40,80,1,1,1
87,3,173,315,40,80,1,1,1
88,3,174,315,40,80,1,1,1
89,3,177,315,39,79,1,1,1
90,3,182,315,36,78,1,1,1
91,3,185,314,34,78,1,1,1
92,3,188,313,31,80,1,1,1
93,3,189,313,31,79,1,1,1
94,3,189,313,31,79,1,1,1
95,3,191,311,31,81,1,1,1
96,3,192,311,31,81,1,1,1
97,3,192,312,31,80,1,1,1
98,3,193,312,31,80,1,1,1
99,3,194,312,32,80,1,1,1
100,3,195,312,32,81,1,1,1
101,3,196,314,37,78,1,1,1
102,3,196,313,37,79,1,1,1
103,3,198,313,37,79,1,1,1
104,3,197,313,39,79,1,1,1
105,3,198,313,39,80,1,1,1
106,3,199,313,39,79,1,1,1
107,3,201,314,38,78,1,1,1
108,3,201,314,39,77,1,1,1
109,3,202,313,36,78,1,1,1
110,3,203,313,36,77,1,1,1
111,3,204,313,38,77,1,1,1
112,3,205,313,38,77,1,1,1
113,3,210,313,35,77,1,1,1
114,3,210,312,35,78,1,1,1
115,3,212,312,36,78,1,1,1
116,3,216,312,33,78,1,1,1
117,3,216,312,33,78,1,1,1
118,3,218,312,34,78,1,1,1
119,3,219,312,33,78,1,1,1
120,3,220,312,33,78,1,1,1
121,3,221,312,33,78,1,1,1
122,3,222,312,33,77,1,1,1
123,3,222,312,33,77,1,1,1
124,3,223,312,33,78,1,1,1
125,3,224,312,32,77,1,1,1
126,3,225,312,31,77,1,1,1
127,3,225,312,32,77,1,1,1
128,3,230,312,27,75,1,1,1
129,3,232,312,28,76,1,1,1
130,3,236,313,24,75,1,1,1
131,3,236,313,25,74,1,1,1
132,3,237,313,27,74,1,1,1
133,3,237,313,30,75,1,1,1
134,3,238,313,30,75,1,1,1
135,3,238,313,34,75,1,1,1
136,3,239,313,37,76,1,1,1
137,3,240,313,37,74,1,1,1
138,3,240,313,38,75,1,1,1
139,3,241,313,38,75,1,1,1
140,3,242,313,38,75,1,1,1
141,3,243,313,37,75,1,1,1
142,3,244,313,37,75,1,1,1
143,3,249,313,32,75,1,1,1
144,3,254,313,29,75,1,1,1
145,3,257,313,26,75,1,1,1
146,3,259,313,26,76,1,1,1
147,3,259,313,26,76,1,1,1
148,3,259,313,29,76,1,1,1
149,3,260,313,31,76,1,1,1
150,3,263,313,28,76,1,1,1
151,3,264,313,32,76,1,1,1
152,3,265,313,34,76,1,1,1
153,3,265,313,35,76,1,1,1
154,3,266,313,34,76,1,1,1
155,3,266,313,35,76,1,1,1
156,3,266,313,35,76,1,1,1
157,3,267,313,35,76,1,1,1
158,3,267,313,35,76,1,1,1
159,3,268,313,35,76,1,1,1
160,3,271,313,32,76,1,1,1
161,3,272,313,31,76,1,1,1
162,3,274,313,29,76,1,1,1
163,3,274,313,25,76,1,1,1
164,3,272,313,27,77,1,1,1
165,3,272,314,28,80,1,1,1
166,3,273,314,27,80,1,1,1
167,3,273,315,27,79,1,1,1
168,3,273,315,28,79,1,1,1
169,3,273,315,28,79,1,1,1
170,3,274,315,27,81,1,1,1
171,3,274,315,28,81,1,1,1
172,3,274,315,28,81,1,1,1
173,3,275,315,27,81,1,1,1
174,3,275,316,27,80,1,1,1
175,3,276,316,29,80,1,1,1
176,3,277,316,28,80,1,1,1
177,3,277,316,29,80,1,1,1
178,3,279,316,28,80,1,1,1
179,3,279,316,28,80,1,1,1
180,3,279,317,26,80,1,1,1
181,3,280,317,26,80,1,1,1
182,3,280,317,26,80,1,1,1
183,3,281,318,27,79,1,1,1
184,3,282,318,26,79,1,1,1
185,3,281,318,28,79,1,1,1
186,3,281,318,28,79,1,1,1
187,3,282,318,28,78,1,1,1
188,3,282,318,28,78,1,1,1
189,3,282,319,28,79,1,1,1
190,3,282,319,28,79,1,1,1
191,3,283,319,27,79,1,1,1
192,3,283,319,27,79,1,1,1
193,3,283,319,29,80,1,1,1
194,3,283,319,29,80,1,1,1
195,3,287,319,24,80,1,1,1
196,3,287,320,24,81,1,1,1
197,3,286,318,24,83,1,1,1
198,3,286,318,24,83,1,1,1
199,3,284,319,25,83,1,1,1
200,3,284,319,24,83,1,1,1
201,3,285,319,25,84,1,1,1
202,3,284,319,25,83,1,1,1
203,3,284,319,25,82,1,1,1
204,3,283,320,25,81,1,1,1
205,3,283,320,25,81,1,1,1
206,3,282,320,25,82,1,1,1
207,3,281,320,26,83,1,1,1
208,3,280,320,27,85,1,1,1
209,3,279,321,28,82,1,1,1
210,3,277,321,29,82,1,1,1
211,3,277,320,28,81,1,1,1
212,3,276,320,28,81,1,1,1
213,3,274,319,28,81,1,1,1
214,3,275,318,28,85,1,1,1
215,3,274,317,29,86,1,1,1
216,3,272,316,29,87,1,1,1
217,3,261,317,44,86,1,1,1
218,3,259,316,44,88,1,1,1
219,3,258,319,46,84,1,1,1
220,3,255,318,51,86,1,1,1
221,3,262,319,44,85,1,1,1
222,3,261,319,44,86,1,1,1
223,3,260,319,44,85,1,1,1
224,3,259,319,43,86,1,1,1
225,3,258,319,43,85,1,1,1
226,3,257,318,39,86,1,1,1
227,3,255,318,40,86,1,1,1
228,3,254,318,37,87,1,1,1
229,3,254,318,33,87,1,1,1
230,3,253,318,31,87,1,1,1
231,3,253,318,30,87,1,1,1
232,3,249,318,33,87,1,1,1
233,3,248,318,34,87,1,1,1
234,3,247,319,33,86,1,1,1
235,3,245,319,35,86,1,1,1
236,3,244,319,35,85,1,1,1
237,3,240,319,37,86,1,1,1
238,3,239,319,37,86,1,1,1
239,3,237,318,38,86,1,1,1
240,3,236,318,37,86,1,1,1
241,3,235,319,37,86,1,1,1
242,3,236,319,34,86,1,1,1
243,3,235,324,33,82,1,1,1
244,3,233,324,35,78,1,1,1
245,3,230,324,36,78,1,1,1
246,3,229,324,33,78,1,1,1
247,3,229,323,33,78,1,1,1
248,3,229,321,33,81,1,1,1
249,3,228,320,30,83,1,1,1
250,3,228,319,29,83,1,1,1
251,3,227,319,30,82,1,1,1
252,3,226,319,31,82,1,1,1
253,3,224,318,30,81,1,1,1
254,3,223,319,30,80,1,1,1
255,3,223,319,33,79,1,1,1
256,3,223,319,33,78,1,1,1
257,3,223,319,37,79,1,1,1
258,3,223,319,37,79,1,1,1
259,3,224,317,37,79,1,1,1
260,3,224,317,37,79,1,1,1
261,3,224,316,37,80,1,1,1
262,3,224,316,34,76,1,1,1
263,3,224,316,34,75,1,1,1
264,3,223,315,31,72,1,1,1
265,3,226,315,28,72,1,1,1
266,3,226,315,28,72,1,1,1
267,3,224,315,30,72,1,1,1
268,3,224,314,30,73,1,1,1
269,3,224,313,30,74,1,1,1
270,3,225,310,30,75,1,1,1
271,3,226,309,29,77,1,1,1
272,3,226,308,30,75,1,1,1
273,3,227,308,29,73,1,1,1
274,3,228,308,28,72,1,1,1
275,3,230,308,26,72,1,1,1
276,3,230,309,27,71,1,1,1
277,3,230,309,28,71,1,1,1
278,3,230,309,30,71,1,1,1
279,3,230,310,29,67,1,1,1
280,3,232,307,29,71,1,1,1
281,3,233,307,28,69,1,1,1
282,3,232,307,30,70,1,1,1
283,3,234,309,30,65,1,1,1
284,3,234,309,31,63,1,1,1
285,3,236,309,31,63,1,1,1
286,3,240,309,26,62,1,1,1
287,3,243,308,24,63,1,1,1
288,3,242,308,25,60,1,1,1
289,3,241,307,25,61,1,1,1
290,3,245,309,25,61,1,1,1
291,3,245,309,26,61,1,1,1
292,3,246,309,26,63,1,1,1
293,3,246,309,27,62,1,1,1
294,3,247,309,26,62,1,1,1
295,3,247,307,27,63,1,1,1
296,3,248,306,27,63,1,1,1
297,3,249,306,27,64,1,1,1
298,3,252,303,25,65,1,1,1
299,3,253,303,25,65,1,1,1
300,3,254,302,26,66,1,1,1
301,3,255,302,25,66,1,1,1
302,3,255,302,27,66,1,1,1
303,3,256,302,27,66,1,1,1
304,3,256,303,28,66,1,1,1
305,3,258,303,26,64,1,1,1
306,3,258,303,27,64,1,1,1
307,3,261,302,24,65,1,1,1
308,3,265,302,21,65,1,1,1
309,3,265,301,21,66,1,1,1
310,3,266,301,21,66,1,1,1
311,3,266,301,23,67,1,1,1
312,3,267,301,24,67,1,1,1
313,3,267,301,24,67,1,1,1
314,3,267,301,24,67,1,1,1
315,3,267,302,24,66,1,1,1
316,3,267,302,24,66,1,1,1
317,3,267,302,24,65,1,1,1
318,3,267,302,24,65,1,1,1
319,3,265,302,26,65,1,1,1
320,3,265,302,26,65,1,1,1
321,3,265,302,26,65,1,1,1
322,3,264,302,26,65,1,1,1
323,3,263,302,26,66,1,1,1
324,3,263,302,26,66,1,1,1
325,3,263,302,26,65,1,1,1
326,3,262,302,26,66,1,1,1
327,3,262,302,26,66,1,1,1
328,3,261,302,26,66,1,1,1
329,3,261,302,25,67,1,1,1
330,3,260,301,23,68,1,1,1
331,3,260,301,22,68,1,1,1
332,3,260,301,22,68,1,1,1
333,3,259,300,23,69,1,1,1
334,3,259,301,22,68,1,1,1
335,3,257,301,24,69,1,1,1
336,3,256,302,24,69,1,1,1
337,3,255,302,25,69,1,1,1
338,3,255,302,25,69,1,1,1
339,3,254,302,25,69,1,1,1
340,3,254,304,25,67,1,1,1
341,3,254,304,25,67,1,1,1
342,3,253,304,26,67,1,1,1
343,3,253,304,25,67,1,1,1
344,3,253,304,25,67,1,1,1
345,3,253,305,24,66,1,1,1
346,3,251,305,26,66,1,1,1
347,3,251,305,26,67,1,1,1
348,3,248,307,29,64,1,1,1
349,3,247,307,29,64,1,1,1
350,3,246,307,30,64,1,1,1
351,3,245,307,30,64,1,1,1
352,3,245,307,29,63,1,1,1
353,3,244,308,30,62,1,1,1
354,3,244,308,29,62,1,1,1
355,3,242,308,30,62,1,1,1
356,3,241,308,28,63,1,1,1
357,3,240,307,25,63,1,1,1
358,3,239,306,26,65,1,1,1
359,3,238,306,27,65,1,1,1
360,3,237,306,27,66,1,1,1
361,3,237,306,27,66,1,1,1
362,3,236,307,26,65,1,1,1
363,3,235,307,28,64,1,1,1
364,3,235,309,28,64,1,1,1
365,3,236,310,27,62,1,1,1
366,3,235,310,27,62,1,1,1
367,3,235,311,27,62,1,1,1
368,3,235,311,27,63,1,1,1
369,3,235,311,27,63,1,1,1
370,3,234,313,28,64,1,1,1
371,3,234,312,29,65,1,1,1
372,3,235,311,29,67,1,1,1
373,3,235,310,28,66,1,1,1
374,3,235,309,28,67,1,1,1
375,3,235,309,28,67,1,1,1
376,3,236,309,28,67,1,1,1
377,3,236,309,28,69,1,1,1
378,3,236,309,28,69,1,1,1
379,3,237,309,28,69,1,1,1
380,3,237,310,29,69,1,1,1
381,3,237,310,30,68,1,1,1
382,3,238,311,31,67,1,1,1
383,3,240,311,29,69,1,1,1
384,3,240,311,29,69,1,1,1
385,3,241,311,29,69,1,1,1
386,3,241,311,29,70,1,1,1
387,3,241,310,30,71,1,1,1
388,3,242,310,30,72,1,1,1
389,3,243,310,30,72,1,1,1
390,3,244,311,29,71,1,1,1
391,3,246,311,28,70,1,1,1
392,3,248,312,28,68,1,1,1
393,3,247,313,28,68,1,1,1
394,3,247,312,27,68,1,1,1
395,3,247,312,29,69,1,1,1
396,3,248,312,29,69,1,1,1
397,3,248,312,29,69,1,1,1
398,3,246,314,30,70,1,1,1
399,3,247,314,31,70,1,1,1
400,3,248,316,31,70,1,1,1
401,3,251,316,28,68,1,1,1
402,3,249,317,37,72,1,1,1
403,3,248,323,43,69,1,1,1
404,3,249,323,43,70,1,1,1
405,3,248,322,46,69,1,1,1
406,3,249,322,49,71,1,1,1
407,3,249,321,50,69,1,1,1
408,3,249,321,50,69,1,1,1
409,3,252,319,47,69,1,1,1
410,3,256,318,45,70,1,1,1
411,3,261,318,40,70,1,1,1
412,3,267,317,36,71,1,1,1
413,3,269,317,35,69,1,1,1
414,3,275,317,31,68,1,1,1
415,3,276,317,32,68,1,1,1
416,3,278,317,31,68,1,1,1
417,3,279,318,31,68,1,1,1
418,3,281,318,31,65,1,1,1
419,3,281,318,32,65,1,1,1
420,3,282,318,31,66,1,1,1
421,3,283,318,31,66,1,1,1
422,3,283,318,31,66,1,1,1
423,3,283,318,32,66,1,1,1
424,3,283,318,36,66,1,1,1
425,3,284,314,36,70,1,1,1
426,3,284,312,36,72,1,1,1
427,3,284,307,38,77,1,1,1
428,3,284,307,39,78,1,1,1
429,3,283,306,40,79,1,1,1
430,3,284,306,40,79,1,1,1
431,3,282,306,42,79,1,1,1
432,3,282,303,42,82,1,1,1
433,3,282,303,42,82,1,1,1
434,3,283,303,41,83,1,1,1
435,3,282,303,42,83,1,1,1
436,3,282,305,42,80,1,1,1
437,3,283,307,41,79,1,1,1
438,3,286,307,36,78,1,1,1
439,3,286,312,36,73,1,1,1
440,3,289,312,33,73,1,1,1
441,3,292,312,31,73,1,1,1
442,3,293,312,32,73,1,1,1
443,3,295,312,33,73,1,1,1
444,3,296,312,32,73,1,1,1
445,3,296,313,32,72,1,1,1
446,3,296,313,32,72,1,1,1
447,3,299,313,27,72,1,1,1
448,3,300,313,25,72,1,1,1
449,3,300,313,25,72,1,1,1
450,3,301,313,24,72,1,1,1
451,3,301,314,24,71,1,1,1
452,3,302,315,23,70,1,1,1
453,3,301,318,25,67,1,1,1
454,3,302,318,25,67,1,1,1
455,3,302,318,26,68,1,1,1
456,3,303,318,26,68,1,1,1
457,3,305,317,24,70,1,1,1
458,3,305,317,24,69,1,1,1
459,3,304,317,25,69,1,1,1
460,3,304,317,25,69,1,1,1
461,3,304,317,25,70,1,1,1
462,3,304,317,25,70,1,1,1
463,3,304,317,25,70,1,1,1
464,3,304,319,26,70,1,1,1
465,3,304,319,26,71,1,1,1
466,3,306,319,24,71,1,1,1
467,3,306,319,24,71,1,1,1
468,3,306,319,25,71,1,1,1
469,3,306,319,26,71,1,1,1
470,3,306,319,28,71,1,1,1
471,3,305,319,29,71,1,1,1
472,3,304,319,29,71,1,1,1
473,3,304,319,30,74,1,1,1
474,3,304,319,30,74,1,1,1
475,3,304,320,29,74,1,1,1
476,3,302,319,32,74,1,1,1
477,3,301,318,32,75,1,1,1
478,3,300,317,29,76,1,1,1
479,3,298,315,30,78,1,1,1
480,3,297,315,29,79,1,1,1
481,3,295,313,29,81,1,1,1
482,3,294,313,29,82,1,1,1
483,3,292,314,30,82,1,1,1
484,3,289,314,32,79,1,1,1
485,3,287,315,33,78,1,1,1
486,3,286,315,32,78,1,1,1
487,3,286,316,30,77,1,1,1
488,3,284,317,32,76,1,1,1
489,3,283,318,32,75,1,1,1
490,3,283,317,33,76,1,1,1
491,3,282,318,31,75,1,1,1
492,3,282,316,29,77,1,1,1
493,3,281,315,30,78,1,1,1
494,3,281,316,29,77,1,1,1
495,3,281,315,29,77,1,1,1
496,3,280,316,29,75,1,1,1
497,3,281,315,30,77,1,1,1
498,3,281,315,28,76,1,1,1
499,3,280,315,29,76,1,1,1
500,3,280,316,28,75,1,1,1
501,3,280,316,28,75,1,1,1
502,3,279,316,28,75,1,1,1
503,3,277,317,28,73,1,1,1
504,3,281,317,23,74,1,1,1
505,3,280,316,24,75,1,1,1
506,3,275,316,28,76,1,1,1
507,3,275,316,32,76,1,1,1
508,3,274,316,33,78,1,1,1
509,3,274,316,32,78,1,1,1
510,3,274,316,32,78,1,1,1
511,3,273,316,33,78,1,1,1
512,3,273,316,33,79,1,1,1
513,3,273,316,33,77,1,1,1
514,3,273,316,30,77,1,1,1
515,3,272,314,30,77,1,1,1
516,3,272,313,30,79,1,1,1
517,3,270,312,29,80,1,1,1
518,3,270,312,29,81,1,1,1
519,3,270,312,29,79,1,1,1
520,3,270,312,29,82,1,1,1
521,3,270,312,30,79,1,1,1
522,3,274,312,26,79,1,1,1
523,3,274,312,27,79,1,1,1
524,3,273,312,26,79,1,1,1
525,3,273,312,26,79,1,1,1
526,3,270,315,28,77,1,1,1
527,3,270,314,28,78,1,1,1
528,3,270,314,28,78,1,1,1
529,3,271,314,28,76,1,1,1
530,3,271,313,28,76,1,1,1
531,3,272,313,27,76,1,1,1
532,3,272,312,27,76,1,1,1
533,3,272,312,29,77,1,1,1
534,3,273,312,29,77,1,1,1
535,3,273,312,29,77,1,1,1
536,3,273,312,29,76,1,1,1
537,3,274,313,30,74,1,1,1
538,3,274,313,31,73,1,1,1
539,3,275,313,30,74,1,1,1
540,3,275,313,31,73,1,1,1
541,3,277,313,27,74,1,1,1
542,3,278,313,26,74,1,1,1
543,3,279,312,27,75,1,1,1
544,3,280,313,26,73,1,1,1
545,3,280,313,27,74,1,1,1
546,3,281,313,26,73,1,1,1
547,3,281,312,27,75,1,1,1
548,3,283,313,24,72,1,1,1
549,3,284,313,24,72,1,1,1
550,3,284,313,24,73,1,1,1
551,3,285,313,23,73,1,1,1
552,3,286,313,23,73,1,1,1
553,3,286,312,23,74,1,1,1
554,3,287,311,23,74,1,1,1
555,3,286,309,23,74,1,1,1
556,3,287,309,23,73,1,1,1
557,3,287,308,22,71,1,1,1
558,3,287,308,23,72,1,1,1
559,3,287,308,24,73,1,1,1
560,3,287,308,24,73,1,1,1
561,3,288,308,23,73,1,1,1
562,3,288,309,23,72,1,1,1
563,3,288,309,23,72,1,1,1
564,3,288,310,23,72,1,1,1
565,3,288,310,23,71,1,1,1
566,3,289,310,23,71,1,1,1
567,3,288,310,23,70,1,1,1
568,3,288,310,23,70,1,1,1
569,3,290,309,23,70,1,1,1
570,3,290,309,23,70,1,1,1
571,3,289,309,24,69,1,1,1
572,3,289,308,24,69,1,1,1
573,3,289,308,24,69,1,1,1
574,3,288,307,24,70,1,1,1
575,3,288,307,24,69,1,1,1
576,3,288,307,27,70,1,1,1
577,3,287,307,28,70,1,1,1
578,3,287,307,28,70,1,1,1
579,3,287,307,27,70,1,1,1
580,3,286,306,28,70,1,1,1
581,3,286,306,28,70,1,1,1
582,3,285,305,28,70,1,1,1
583,3,285,307,24,65,1,1,1
584,3,285,307,24,66,1,1,1
585,3,284,306,25,66,1,1,1
586,3,284,306,25,67,1,1,1
587,3,284,306,20,67,1,1,1
588,3,284,306,20,67,1,1,1
589,3,279,305,25,68,1,1,1
590,3,279,305,25,68,1,1,1
591,3,279,305,25,68,1,1,1
592,3,279,305,25,68,1,1,1
593,3,279,305,25,68,1,1,1
594,3,279,305,25,68,1,1,1
595,3,279,305,25,67,1,1,1
596,3,279,305,25,67,1,1,1
597,3,279,305,25,67,1,1,1
598,3,279,305,24,67,1,1,1
599,3,278,305,25,67,1,1,1
600,3,278,305,25,67,1,1,1
601,3,277,305,25,67,1,1,1
602,3,277,305,25,67,1,1,1
603,3,277,305,25,67,1,1,1
604,3,277,305,25,67,1,1,1
605,3,275,305,27,67,1,1,1
606,3,275,305,28,67,1,1,1
607,3,274,305,28,67,1,1,1
608,3,274,305,28,67,1,1,1
609,3,273,305,28,67,1,1,1
610,3,272,305,30,67,1,1,1
611,3,272,305,29,67,1,1,1
612,3,273,305,28,67,1,1,1
613,3,272,305,28,67,1,1,1
614,3,272,305,26,66,1,1,1
615,3,273,305,25,66,1,1,1
616,3,272,305,22,66,1,1,1
617,3,271,305,20,66,1,1,1
618,3,270,305,21,66,1,1,1
619,3,268,305,22,66,1,1,1
620,3,266,305,23,66,1,1,1
621,3,265,305,24,66,1,1,1
622,3,262,305,26,66,1,1,1
623,3,261,305,27,66,1,1,1
624,3,260,305,27,66,1,1,1
625,3,259,305,28,66,1,1,1
626,3,258,305,27,66,1,1,1
627,3,258,305,26,66,1,1,1
628,3,257,305,27,64,1,1,1
629,3,256,305,27,64,1,1,1
630,3,253,305,29,64,1,1,1
631,3,253,305,31,64,1,1,1
632,3,252,305,32,64,1,1,1
633,3,252,305,32,64,1,1,1
634,3,252,305,31,64,1,1,1
635,3,251,305,31,64,1,1,1
636,3,250,305,31,64,1,1,1
637,3,249,305,32,64,1,1,1
638,3,248,305,32,64,1,1,1
639,3,247,304,33,66,1,1,1
640,3,247,305,32,64,1,1,1
641,3,248,305,30,64,1,1,1
642,3,248,305,27,64,1,1,1
643,3,248,305,27,64,1,1,1
644,3,247,305,25,64,1,1,1
645,3,247,305,25,64,1,1,1
646,3,247,305,25,64,1,1,1
647,3,247,305,25,65,1,1,1
648,3,247,305,25,65,1,1,1
649,3,245,305,28,65,1,1,1
650,3,245,305,28,65,1,1,1
651,3,245,305,28,65,1,1,1
652,3,244,305,29,66,1,1,1
653,3,241,305,31,66,1,1,1
654,3,241,305,31,66,1,1,1
655,3,241,306,31,65,1,1,1
656,3,240,306,31,65,1,1,1
657,3,240,306,33,65,1,1,1
658,3,239,307,32,64,1,1,1
659,3,238,306,33,65,1,1,1
660,3,239,307,31,63,1,1,1
661,3,238,307,32,63,1,1,1
662,3,238,307,32,63,1,1,1
663,3,237,307,32,63,1,1,1
664,3,237,307,32,63,1,1,1
665,3,237,306,30,64,1,1,1
666,3,236,306,30,64,1,1,1
667,3,234,306,32,64,1,1,1
668,3,234,306,31,64,1,1,1
669,3,233,307,30,62,1,1,1
670,3,233,307,30,63,1,1,1
671,3,233,307,27,63,1,1,1
672,3,233,307,27,63,1,1,1
673,3,235,307,25,63,1,1,1
674,3,235,307,25,63,1,1,1
675,3,235,307,25,63,1,1,1
676,3,236,307,22,63,1,1,1
677,3,237,306,22,66,1,1,1
678,3,237,305,22,67,1,1,1
679,3,238,303,22,67,1,1,1
680,3,238,303,24,70,1,1,1
681,3,238,303,25,70,1,1,1
682,3,241,303,22,70,1,1,1
683,3,241,303,24,70,1,1,1
684,3,241,303,24,70,1,1,1
685,3,241,303,24,70,1,1,1
686,3,242,303,24,68,1,1,1
687,3,242,303,24,68,1,1,1
688,3,240,302,27,69,1,1,1
689,3,240,302,27,69,1,1,1
690,3,241,302,27,70,1,1,1
691,3,241,302,28,70,1,1,1
692,3,242,302,27,70,1,1,1
693,3,244,302,27,70,1,1,1
694,3,244,302,28,70,1,1,1
695,3,245,302,27,70,1,1,1
696,3,250,302,23,71,1,1,1
697,3,251,302,23,71,1,1,1
698,3,252,302,23,71,1,1,1
699,3,253,302,24,71,1,1,1
700,3,254,302,25,71,1,1,1
701,3,254,305,26,69,1,1,1
702,3,255,305,29,70,1,1,1
703,3,255,305,29,68,1,1,1
704,3,256,305,29,68,1,1,1
705,3,254,305,32,68,1,1,1
706,3,255,305,35,68,1,1,1
707,3,255,305,36,68,1,1,1
708,3,256,305,36,68,1,1,1
709,3,260,305,33,69,1,1,1
710,3,265,305,28,69,1,1,1
711,3,269,305,24,69,1,1,1
712,3,269,305,24,68,1,1,1
713,3,270,305,24,69,1,1,1
714,3,270,306,26,68,1,1,1
715,3,271,306,28,68,1,1,1
716,3,272,305,29,69,1,1,1
717,3,272,306,32,67,1,1,1
718,3,272,306,36,67,1,1,1
719,3,271,306,39,67,1,1,1
720,3,271,306,39,68,1,1,1
721,3,273,306,37,68,1,1,1
722,3,275,305,36,69,1,1,1
723,3,278,305,33,70,1,1,1
724,3,281,304,30,72,1,1,1
725,3,286,304,26,72,1,1,1
726,3,287,304,26,70,1,1,1
727,3,288,304,25,70,1,1,1
728,3,293,302,22,71,1,1,1
729,3,293,302,27,72,1,1,1
730,3,297,302,27,72,1,1,1
731,3,296,302,32,72,1,1,1
732,3,296,302,34,72,1,1,1
733,3,297,305,37,68,1,1,1
734,3,297,305,40,68,1,1,1
735,3,296,305,42,68,1,1,1
736,3,297,305,42,68,1,1,1
737,3,296,305,42,68,1,1,1
738,3,300,305,39,69,1,1,1
739,3,301,305,39,69,1,1,1
740,3,304,305,35,69,1,1,1
741,3,310,305,30,70,1,1,1
742,3,314,305,26,70,1,1,1
743,3,318,304,24,71,1,1,1
744,3,321,304,26,71,1,1,1
745,3,323,304,27,70,1,1,1
746,3,324,304,28,70,1,1,1
747,3,326,304,28,70,1,1,1
748,3,324,304,33,70,1,1,1
749,3,326,306,34,68,1,1,1
750,3,327,306,36,68,1,1,1
751,3,328,306,36,67,1,1,1
752,3,325,307,39,66,1,1,1
753,3,326,307,39,66,1,1,1
754,3,328,307,36,68,1,1,1
755,3,331,307,34,68,1,1,1
756,3,335,307,30,68,1,1,1
757,3,336,307,30,68,1,1,1
758,3,337,307,30,67,1,1,1
759,3,341,307,25,67,1,1,1
760,3,342,307,25,70,1,1,1
761,3,346,307,24,70,1,1,1
762,3,348,307,27,72,1,1,1
763,3,348,308,27,71,1,1,1
764,3,349,308,29,71,1,1,1
765,3,349,309,29,70,1,1,1
766,3,350,309,29,70,1,1,1
767,3,348,309,31,69,1,1,1
768,3,349,309,28,69,1,1,1
769,3,353,309,25,70,1,1,1
770,3,354,309,24,70,1,1,1
771,3,356,309,23,70,1,1,1
772,3,356,309,28,70,1,1,1
773,3,357,309,28,70,1,1,1
774,3,357,307,30,72,1,1,1
775,3,358,307,29,72,1,1,1
776,3,358,307,32,73,1,1,1
777,3,359,307,32,73,1,1,1
778,3,359,307,35,73,1,1,1
779,3,360,307,34,73,1,1,1
780,3,362,307,32,73,1,1,1
781,3,362,307,33,73,1,1,1
782,3,363,307,32,73,1,1,1
783,3,363,307,32,73,1,1,1
784,3,363,308,31,72,1,1,1
785,3,363,308,31,72,1,1,1
786,3,364,308,30,72,1,1,1
787,3,364,308,30,72,1,1,1
788,3,364,308,30,72,1,1,1
789,3,363,308,31,72,1,1,1
790,3,363,308,31,72,1,1,1
791,3,363,308,31,72,1,1,1
792,3,365,308,28,73,1,1,1
793,3,365,308,28,73,1,1,1
794,3,365,308,28,74,1,1,1
795,3,365,308,28,73,1,1,1
796,3,364,308,29,73,1,1,1
797,3,363,308,29,74,1,1,1
798,3,365,308,24,73,1,1,1
799,3,364,308,25,73,1,1,1
800,3,363,308,23,73,1,1,1
801,3,362,308,23,73,1,1,1
802,3,361,308,24,73,1,1,1
803,3,359,308,25,74,1,1,1
804,3,359,308,25,74,1,1,1
805,3,354,308,30,75,1,1,1
806,3,350,308,33,72,1,1,1
807,3,348,308,35,72,1,1,1
808,3,348,308,36,72,1,1,1
809,3,345,309,39,71,1,1,1
810,3,344,309,39,71,1,1,1
811,3,344,309,39,72,1,1,1
812,3,343,309,39,72,1,1,1
813,3,343,309,40,72,1,1,1
814,3,344,309,37,71,1,1,1
815,3,344,309,36,71,1,1,1
816,3,343,308,33,72,1,1,1
817,3,343,308,31,72,1,1,1
818,3,342,308,29,72,1,1,1
819,3,341,308,29,72,1,1,1
820,3,341,308,25,72,1,1,1
821,3,340,308,25,73,1,1,1
822,3,339,308,23,73,1,1,1
823,3,338,308,23,73,1,1,1
824,3,336,308,25,74,1,1,1
825,3,333,308,27,74,1,1,1
826,3,331,308,28,74,1,1,1
827,3,330,308,30,74,1,1,1
828,3,330,308,30,74,1,1,1
829,3,329,308,30,74,1,1,1
830,3,328,309,30,73,1,1,1
831,3,331,308,25,75,1,1,1
832,3,331,308,25,75,1,1,1
833,3,329,308,26,77,1,1,1
834,3,329,308,23,75,1,1,1
835,3,327,308,24,75,1,1,1
836,3,324,308,26,75,1,1,1
837,3,323,308,23,76,1,1,1
838,3,323,308,23,76,1,1,1
839,3,320,308,27,76,1,1,1
840,3,315,308,32,74,1,1,1
841,3,312,311,34,71,1,1,1
842,3,311,311,35,71,1,1,1
843,3,310,311,37,71,1,1,1
844,3,309,311,38,71,1,1,1
845,3,308,311,37,71,1,1,1
846,3,310,311,34,71,1,1,1
847,3,310,311,32,71,1,1,1
848,3,309,311,32,71,1,1,1
849,3,308,310,29,70,1,1,1
850,3,307,310,27,69,1,1,1
851,3,307,308,23,71,1,1,1
852,3,306,308,23,72,1,1,1
853,3,303,308,21,72,1,1,1
854,3,302,308,22,72,1,1,1
855,3,300,308,23,72,1,1,1
856,3,295,308,29,72,1,1,1
857,3,289,308,35,70,1,1,1
858,3,288,308,35,70,1,1,1
859,3,287,308,36,70,1,1,1
860,3,286,308,36,69,1,1,1
861,3,284,308,38,70,1,1,1
862,3,283,308,37,70,1,1,1
863,3,286,308,34,70,1,1,1
864,3,285,308,29,70,1,1,1
865,3,284,308,29,70,1,1,1
866,3,284,307,29,71,1,1,1
867,3,284,308,23,70,1,1,1
868,3,284,308,22,70,1,1,1
869,3,284,308,22,70,1,1,1
870,3,282,307,24,71,1,1,1
871,3,280,307,26,71,1,1,1
872,3,278,307,24,71,1,1,1
873,3,278,307,24,71,1,1,1
874,3,278,307,24,70,1,1,1
875,3,278,307,24,70,1,1,1
876,3,278,307,24,70,1,1,1
877,3,276,307,26,70,1,1,1
878,3,277,307,25,71,1,1,1
879,3,278,307,24,71,1,1,1
880,3,278,307,24,71,1,1,1
881,3,278,307,24,68,1,1,1
882,3,277,306,26,66,1,1,1
883,3,278,306,26,66,1,1,1
884,3,278,306,26,66,1,1,1
885,3,279,306,26,65,1,1,1
886,3,279,306,26,65,1,1,1
887,3,279,307,27,64,1,1,1
888,3,280,307,26,64,1,1,1
889,3,280,307,26,64,1,1,1
890,3,280,307,26,64,1,1,1
891,3,280,307,26,64,1,1,1
892,3,280,307,26,64,1,1,1
893,3,279,305,27,66,1,1,1
894,3,279,305,28,66,1,1,1
895,3,274,305,33,66,1,1,1
896,3,273,305,34,67,1,1,1
897,3,273,304,34,67,1,1,1
898,3,273,304,34,68,1,1,1
899,3,273,304,34,68,1,1,1
900,3,270,299,36,72,1,1,1
901,3,268,295,38,76,1,1,1
902,3,267,291,38,79,1,1,1
903,3,265,289,40,81,1,1,1
904,3,264,289,41,81,1,1,1
905,3,264,289,41,81,1,1,1
906,3,263,289,41,81,1,1,1
907,3,262,289,42,82,1,1,1
908,3,261,294,43,77,1,1,1
909,3,261,294,43,77,1,1,1
910,3,261,294,43,77,1,1,1
911,3,261,296,42,75,1,1,1
912,3,265,300,38,71,1,1,1
913,3,265,300,38,71,1,1,1
914,3,266,302,37,68,1,1,1
915,3,268,302,35,68,1,1,1
916,3,271,302,31,68,1,1,1
917,3,275,302,27,68,1,1,1
918,3,275,302,27,68,1,1,1
919,3,275,302,25,68,1,1,1
920,3,275,302,25,68,1,1,1
921,3,275,302,24,68,1,1,1
922,3,275,302,24,68,1,1,1
923,3,275,302,25,68,1,1,1
924,3,275,302,27,68,1,1,1
925,3,275,302,27,68,1,1,1
926,3,275,302,27,68,1,1,1
927,3,275,302,27,68,1,1,1
928,3,273,302,28,69,1,1,1
929,3,273,302,28,69,1,1,1
930,3,273,302,28,69,1,1,1
931,3,273,303,27,68,1,1,1
932,3,272,303,29,68,1,1,1
933,3,272,303,29,68,1,1,1
934,3,272,303,29,68,1,1,1
935,3,273,303,29,68,1,1,1
936,3,274,304,29,68,1,1,1
937,3,275,304,29,68,1,1,1
938,3,276,304,29,68,1,1,1
939,3,277,304,29,67,1,1,1
940,3,278,304,29,67,1,1,1
941,3,279,304,28,67,1,1,1
942,3,279,305,29,66,1,1,1
943,3,281,305,28,66,1,1,1
944,3,281,305,28,66,1,1,1
945,3,282,305,27,66,1,1,1
946,3,283,305,27,66,1,1,1
947,3,287,305,27,66,1,1,1
948,3,288,305,26,66,1,1,1
949,3,291,305,26,66,1,1,1
950,3,292,305,29,66,1,1,1
951,3,293,305,29,66,1,1,1
952,3,293,305,31,66,1,1,1
953,3,294,305,30,66,1,1,1
954,3,294,305,30,66,1,1,1
955,3,293,305,31,66,1,1,1
956,3,294,305,31,66,1,1,1
957,3,294,305,31,66,1,1,1
958,3,295,305,31,66,1,1,1
959,3,294,308,31,65,1,1,1
960,3,295,308,33,65,1,1,1
961,3,295,308,33,65,1,1,1
962,3,295,308,33,65,1,1,1
963,3,296,308,33,66,1,1,1
964,3,299,307,30,66,1,1,1
965,3,300,307,30,67,1,1,1
966,3,303,307,28,66,1,1,1
967,3,308,307,23,66,1,1,1
968,3,308,307,24,66,1,1,1
969,3,309,306,24,67,1,1,1
970,3,310,307,24,68,1,1,1
971,3,310,307,25,68,1,1,1
972,3,311,307,27,69,1,1,1
973,3,312,307,27,71,1,1,1
974,3,313,307,32,71,1,1,1
975,3,314,307,32,71,1,1,1
976,3,314,307,33,71,1,1,1
977,3,315,307,33,71,1,1,1
978,3,320,307,29,71,1,1,1
979,3,320,307,32,71,1,1,1
980,3,323,307,31,71,1,1,1
981,3,323,307,32,71,1,1,1
982,3,327,307,25,71,1,1,1
983,3,327,307,26,71,1,1,1
984,3,328,307,25,71,1,1,1
985,3,328,307,26,72,1,1,1
986,3,329,307,25,71,1,1,1
987,3,329,307,25,71,1,1,1
988,3,329,307,26,71,1,1,1
989,3,331,309,24,69,1,1,1
990,3,332,309,23,69,1,1,1
991,3,332,309,23,71,1,1,1
992,3,333,309,23,71,1,1,1
993,3,333,310,23,70,1,1,1
994,3,334,311,22,70,1,1,1
995,3,334,311,23,70,1,1,1
996,3,334,311,24,70,1,1,1
997,3,336,312,22,69,1,1,1
998,3,336,312,24,69,1,1,1
999,3,337,312,23,69,1,1,1
1000,3,337,312,24,69,1,1,1
1001,3,338,312,24,69,1,1,1
1002,3,338,312,24,69,1,1,1
1003,3,339,312,24,71,1,1,1
1004,3,340,312,27,71,1,1,1
1005,3,340,312,30,73,1,1,1
1006,3,340,313,33,72,1,1,1
1,4,102,303,24,73,1,1,1
2,4,102,303,24,73,1,1,1
3,4,102,303,26,73,1,1,1
4,4,102,303,26,73,1,1,1
5,4,102,303,26,73,1,1,1
6,4,102,303,26,73,1,1,1
7,4,102,303,26,73,1,1,1
8,4,102,304,26,72,1,1,1
9,4,102,304,26,72,1,1,1
10,4,107,304,21,72,1,1,1
11,4,107,304,21,72,1,1,1
12,4,110,304,21,72,1,1,1
13,4,110,304,21,72,1,1,1
14,4,110,304,22,72,1,1,1
15,4,110,304,24,73,1,1,1
16,4,110,304,27,73,1,1,1
17,4,110,304,27,73,1,1,1
18,4,110,304,28,74,1,1,1
19,4,110,304,30,74,1,1,1
20,4,110,304,31,74,1,1,1
21,4,110,304,32,74,1,1,1
22,4,111,304,32,74,1,1,1
23,4,111,304,32,74,1,1,1
24,4,111,304,32,73,1,1,1
25,4,112,304,33,74,1,1,1
26,4,114,303,33,75,1,1,1
27,4,114,303,33,75,1,1,1
28,4,117,303,30,75,1,1,1
29,4,116,303,33,73,1,1,1
30,4,117,303,33,73,1,1,1
31,4,120,303,30,73,1,1,1
32,4,121,303,30,73,1,1,1
33,4,121,303,30,71,1,1,1
34,4,122,303,29,71,1,1,1
35,4,122,303,29,72,1,1,1
36,4,122,303,30,73,1,1,1
37,4,122,303,30,72,1,1,1
38,4,125,302,27,74,1,1,1
39,4,126,302,27,74,1,1,1
40,4,126,302,27,74,1,1,1
41,4,127,302,26,74,1,1,1
42,4,127,302,27,73,1,1,1
43,4,127,302,27,74,1,1,1
44,4,128,302,26,74,1,1,1
45,4,131,302,23,74,1,1,1
46,4,131,303,24,72,1,1,1
47,4,132,303,26,72,1,1,1
48,4,131,303,28,72,1,1,1
49,4,131,303,28,72,1,1,1
50,4,132,303,28,72,1,1,1
51,4,131,303,29,72,1,1,1
52,4,131,303,31,72,1,1,1
53,4,132,303,31,72,1,1,1
54,4,132,303,31,72,1,1,1
55,4,135,303,33,72,1,1,1
56,4,135,303,36,72,1,1,1
57,4,136,303,40,72,1,1,1
58,4,136,303,41,72,1,1,1
59,4,137,304,40,71,1,1,1
60,4,138,304,40,71,1,1,1
61,4,138,306,40,70,1,1,1
62,4,138,307,40,70,1,1,1
63,4,138,307,39,70,1,1,1
64,4,138,307,39,69,1,1,1
65,4,138,307,34,69,1,1,1
66,4,138,307,33,70,1,1,1
67,4,138,307,33,70,1,1,1
68,4,138,307,33,70,1,1,1
69,4,138,306,29,71,1,1,1
70,4,138,306,29,71,1,1,1
71,4,137,306,28,71,1,1,1
72,4,137,306,28,71,1,1,1
73,4,137,306,29,69,1,1,1
74,4,137,304,29,71,1,1,1
75,4,137,304,29,71,1,1,1
76,4,137,304,28,71,1,1,1
77,4,137,304,28,71,1,1,1
78,4,137,304,28,71,1,1,1
79,4,137,304,28,71,1,1,1
80,4,136,304,28,71,1,1,1
81,4,136,304,28,71,1,1,1
82,4,136,304,28,71,1,1,1
83,4,136,305,28,70,1,1,1
84,4,136,305,27,70,1,1,1
85,4,135,306,30,69,1,1,1
86,4,135,304,30,73,1,1,1
87,4,134,304,30,73,1,1,1
88,4,134,304,28,73,1,1,1
89,4,134,304,28,73,1,1,1
90,4,134,304,28,73,1,1,1
91,4,132,303,24,74,1,1,1
92,4,131,303,24,72,1,1,1
93,4,131,303,23,71,1,1,1
94,4,130,303,22,72,1,1,1
95,4,129,303,23,72,1,1,1
96,4,128,302,23,73,1,1,1
97,4,124,302,29,73,1,1,1
98,4,121,302,31,73,1,1,1
99,4,120,302,32,73,1,1,1
100,4,117,302,34,73,1,1,1
101,4,117,302,36,71,1,1,1
102,4,116,302,36,72,1,1,1
103,4,116,302,36,73,1,1,1
104,4,116,302,36,72,1,1,1
105,4,116,302,36,73,1,1,1
106,4,117,302,34,72,1,1,1
107,4,116,302,35,72,1,1,1
108,4,116,302,34,72,1,1,1
109,4,115,302,32,73,1,1,1
110,4,115,302,28,73,1,1,1
111,4,115,302,28,73,1,1,1
112,4,113,302,26,73,1,1,1
113,4,113,302,26,73,1,1,1
114,4,112,301,25,74,1,1,1
115,4,110,301,23,73,1,1,1
116,4,110,301,22,74,1,1,1
117,4,106,301,26,74,1,1,1
118,4,104,301,27,74,1,1,1
119,4,104,301,27,74,1,1,1
120,4,103,301,27,74,1,1,1
121,4,102,300,28,75,1,1,1
122,4,100,301,28,74,1,1,1
123,4,100,301,30,74,1,1,1
124,4,99,301,30,74,1,1,1
125,4,102,301,26,73,1,1,1
126,4,102,301,26,73,1,1,1
127,4,100,300,27,74,1,1,1
128,4,99,300,25,75,1,1,1
129,4,98,300,25,75,1,1,1
130,4,97,300,25,76,1,1,1
131,4,97,300,25,76,1,1,1
132,4,96,300,25,75,1,1,1
133,4,95,301,25,75,1,1,1
134,4,93,301,27,75,1,1,1
135,4,91,301,28,76,1,1,1
136,4,90,301,29,76,1,1,1
137,4,89,301,29,76,1,1,1
138,4,88,301,29,76,1,1,1
139,4,87,301,31,76,1,1,1
140,4,86,301,31,76,1,1,1
141,4,87,302,31,76,1,1,1
142,4,86,302,31,76,1,1,1
143,4,86,302,31,76,1,1,1
144,4,85,302,31,76,1,1,1
145,4,85,302,31,76,1,1,1
146,4,84,302,31,76,1,1,1
147,4,83,302,31,76,1,1,1
148,4,83,302,31,76,1,1,1
149,4,82,302,30,75,1,1,1
150,4,82,303,29,74,1,1,1
151,4,81,303,29,76,1,1,1
152,4,81,303,28,76,1,1,1
153,4,81,304,28,75,1,1,1
154,4,81,304,28,76,1,1,1
155,4,82,304,27,76,1,1,1
156,4,82,304,27,76,1,1,1
157,4,82,305,26,75,1,1,1
158,4,82,305,26,75,1,1,1
159,4,82,305,26,76,1,1,1
160,4,82,305,26,76,1,1,1
161,4,82,305,26,77,1,1,1
162,4,82,305,26,77,1,1,1
163,4,82,305,27,77,1,1,1
164,4,80,305,30,77,1,1,1
165,4,80,305,30,77,1,1,1
166,4,80,305,30,77,1,1,1
167,4,80,305,30,77,1,1,1
168,4,80,305,30,77,1,1,1
169,4,80,306,30,76,1,1,1
170,4,80,306,30,76,1,1,1
171,4,80,306,30,76,1,1,1
172,4,80,306,30,79,1,1,1
173,4,80,306,30,79,1,1,1
174,4,80,306,30,79,1,1,1
175,4,80,307,30,79,1,1,1
176,4,80,307,30,79,1,1,1
177,4,80,307,30,79,1,1,1
178,4,80,308,30,79,1,1,1
179,4,80,308,29,78,1,1,1
180,4,80,308,29,78,1,1,1
181,4,80,308,29,79,1,1,1
182,4,80,308,29,79,1,1,1
183,4,79,308,30,79,1,1,1
184,4,79,308,30,79,1,1,1
185,4,79,308,30,79,1,1,1
186,4,79,308,30,79,1,1,1
187,4,79,308,30,79,1,1,1
188,4,79,308,30,80,1,1,1
189,4,78,308,31,81,1,1,1
190,4,79,308,30,81,1,1,1
191,4,79,308,30,81,1,1,1
192,4,79,308,30,81,1,1,1
193,4,79,308,30,81,1,1,1
194,4,79,308,30,81,1,1,1
195,4,79,308,30,82,1,1,1
196,4,79,308,31,82,1,1,1
197,4,79,308,31,82,1,1,1
198,4,79,308,31,82,1,1,1
199,4,82,308,28,82,1,1,1
200,4,82,308,28,82,1,1,1
201,4,82,308,28,82,1,1,1
202,4,83,308,28,82,1,1,1
203,4,83,308,28,82,1,1,1
204,4,83,308,28,82,1,1,1
205,4,83,308,28,82,1,1,1
206,4,78,308,33,82,1,1,1
207,4,77,308,36,82,1,1,1
208,4,77,308,36,82,1,1,1
209,4,76,308,38,82,1,1,1
210,4,76,308,38,86,1,1,1
211,4,76,308,38,86,1,1,1
212,4,76,308,38,86,1,1,1
213,4,76,309,38,85,1,1,1
214,4,76,309,38,85,1,1,1
215,4,76,309,38,85,1,1,1
216,4,76,309,38,85,1,1,1
217,4,77,308,38,87,1,1,1
218,4,81,310,31,85,1,1,1
219,4,81,310,31,85,1,1,1
220,4,83,310,27,85,1,1,1
221,4,83,310,27,85,1,1,1
222,4,83,310,27,85,1,1,1
223,4,83,310,27,85,1,1,1
224,4,83,310,27,85,1,1,1
225,4,83,310,26,85,1,1,1
226,4,83,310,27,85,1,1,1
227,4,83,310,27,85,1,1,1
228,4,82,310,27,85,1,1,1
229,4,83,311,26,84,1,1,1
230,4,83,311,26,84,1,1,1
231,4,81,310,26,84,1,1,1
232,4,80,310,27,84,1,1,1
233,4,78,310,29,84,1,1,1
234,4,78,310,25,84,1,1,1
235,4,74,310,29,84,1,1,1
236,4,72,310,31,84,1,1,1
237,4,70,310,33,84,1,1,1
238,4,70,310,33,84,1,1,1
239,4,68,310,35,84,1,1,1
240,4,67,310,35,84,1,1,1
241,4,67,310,35,84,1,1,1
242,4,67,310,35,84,1,1,1
243,4,66,310,35,84,1,1,1
244,4,65,310,35,85,1,1,1
245,4,64,311,37,83,1,1,1
246,4,64,311,37,83,1,1,1
247,4,63,311,37,83,1,1,1
248,4,62,311,39,83,1,1,1
249,4,62,311,39,83,1,1,1
250,4,61,311,39,83,1,1,1
251,4,61,311,40,83,1,1,1
252,4,61,311,39,83,1,1,1
253,4,60,311,39,83,1,1,1
254,4,62,311,34,83,1,1,1
255,4,61,311,34,83,1,1,1
256,4,60,310,28,85,1,1,1
257,4,59,310,26,85,1,1,1
258,4,58,310,25,85,1,1,1
259,4,57,310,26,85,1,1,1
260,4,52,310,30,85,1,1,1
261,4,51,310,30,85,1,1,1
262,4,46,310,34,85,1,1,1
263,4,44,310,35,86,1,1,1
264,4,42,310,35,86,1,1,1
265,4,41,310,39,86,1,1,1
266,4,36,310,44,86,1,1,1
267,4,36,310,43,86,1,1,1
268,4,34,310,46,86,1,1,1
269,4,34,310,46,86,1,1,1
270,4,34,310,46,86,1,1,1
271,4,34,310,46,86,1,1,1
272,4,32,310,48,86,1,1,1
273,4,31,310,48,86,1,1,1
274,4,31,310,48,86,1,1,1
275,4,28,314,47,82,1,1,1
276,4,31,314,44,82,1,1,1
277,4,31,314,41,82,1,1,1
278,4,30,314,38,82,1,1,1
279,4,29,314,35,82,1,1,1
280,4,29,314,31,82,1,1,1
281,4,27,314,29,82,1,1,1
282,4,29,314,26,82,1,1,1
283,4,28,314,26,82,1,1,1
284,4,27,314,26,82,1,1,1
285,4,22,314,28,82,1,1,1
286,4,19,314,30,82,1,1,1
287,4,17,314,32,82,1,1,1
288,4,14,314,34,83,1,1,1
289,4,14,314,33,83,1,1,1
290,4,13,314,36,82,1,1,1
291,4,12,314,36,82,1,1,1
292,4,11,314,36,83,1,1,1
293,4,10,314,36,82,1,1,1
294,4,9,314,36,82,1,1,1
295,4,11,313,36,82,1,1,1
296,4,10,313,36,82,1,1,1
297,4,8,313,33,81,1,1,1
298,4,8,313,32,81,1,1,1
299,4,8,312,30,83,1,1,1
300,4,7,312,29,83,1,1,1
301,4,7,312,29,83,1,1,1
302,4,6,312,26,84,1,1,1
303,4,2,312,28,84,1,1,1
304,4,-1,312,31,84,1,1,1
305,4,-5,312,34,84,1,1,1
306,4,-8,312,37,84,1,1,1
307,4,-9,312,37,82,1,1,1
308,4,-12,312,40,82,1,1,1
309,4,-12,312,41,82,1,1,1
310,4,-13,312,41,82,1,1,1
311,4,-15,312,43,82,1,1,1
312,4,-16,312,44,82,1,1,1
313,4,-16,312,46,81,1,1,1
314,4,-17,312,46,81,1,1,1
315,4,-18,312,47,81,1,1,1
316,4,-17,312,46,81,1,1,1
317,4,-18,312,47,81,1,1,1
318,4,-17,312,43,81,1,1,1
319,4,-18,312,43,81,1,1,1
320,4,-18,312,40,81,1,1,1
321,4,-18,312,39,81,1,1,1
322,4,-18,312,37,81,1,1,1
323,4,-19,312,38,81,1,1,1
324,4,-19,312,38,81,1,1,1
427,4,-15,314,30,80,1,1,1
428,4,-15,314,30,80,1,1,1
429,4,-15,314,31,81,1,1,1
430,4,-14,314,30,80,1,1,1
431,4,-14,314,31,81,1,1,1
432,4,-14,314,33,81,1,1,1
433,4,-14,314,35,81,1,1,1
434,4,-14,314,36,81,1,1,1
435,4,-14,314,36,81,1,1,1
436,4,-14,314,37,81,1,1,1
437,4,-15,314,38,81,1,1,1
438,4,-14,314,38,81,1,1,1
439,4,-14,314,39,81,1,1,1
440,4,-13,314,38,81,1,1,1
441,4,-15,314,41,80,1,1,1
442,4,-14,314,41,80,1,1,1
443,4,-13,314,41,80,1,1,1
444,4,-11,313,39,83,1,1,1
445,4,-11,313,40,80,1,1,1
446,4,-10,313,36,80,1,1,1
447,4,-4,313,31,80,1,1,1
448,4,-3,313,31,80,1,1,1
449,4,2,313,26,80,1,1,1
450,4,2,311,27,80,1,1,1
451,4,6,311,24,80,1,1,1
452,4,7,311,24,80,1,1,1
453,4,8,311,26,80,1,1,1
454,4,9,311,30,80,1,1,1
455,4,10,311,32,80,1,1,1
456,4,10,311,36,79,1,1,1
457,4,11,311,39,79,1,1,1
458,4,10,311,41,79,1,1,1
459,4,9,311,46,79,1,1,1
460,4,11,311,45,79,1,1,1
461,4,9,311,48,79,1,1,1
462,4,11,311,45,78,1,1,1
463,4,12,311,45,78,1,1,1
464,4,11,311,46,78,1,1,1
465,4,15,311,42,77,1,1,1
466,4,16,311,41,77,1,1,1
467,4,17,312,41,75,1,1,1
468,4,23,308,34,80,1,1,1
469,4,26,308,31,79,1,1,1
470,4,31,308,27,79,1,1,1
471,4,32,308,27,79,1,1,1
472,4,35,307,27,80,1,1,1
473,4,36,307,27,80,1,1,1
474,4,37,308,27,79,1,1,1
475,4,37,308,33,79,1,1,1
476,4,37,308,37,79,1,1,1
477,4,38,308,37,78,1,1,1
478,4,39,308,37,78,1,1,1
479,4,41,308,35,78,1,1,1
480,4,42,308,34,78,1,1,1
481,4,42,309,34,76,1,1,1
482,4,42,309,34,76,1,1,1
483,4,44,309,33,75,1,1,1
484,4,45,308,31,75,1,1,1
485,4,49,308,28,77,1,1,1
486,4,50,308,27,77,1,1,1
487,4,55,307,22,78,1,1,1
488,4,55,307,23,78,1,1,1
489,4,56,307,22,78,1,1,1
490,4,57,307,22,78,1,1,1
491,4,57,307,22,78,1,1,1
492,4,58,306,26,79,1,1,1
493,4,58,306,26,79,1,1,1
494,4,59,306,26,79,1,1,1
495,4,59,306,26,79,1,1,1
496,4,59,306,26,79,1,1,1
497,4,59,306,26,79,1,1,1
498,4,59,306,26,79,1,1,1
499,4,59,306,26,79,1,1,1
500,4,59,306,26,79,1,1,1
501,4,59,306,26,79,1,1,1
502,4,59,306,26,79,1,1,1
503,4,59,306,26,79,1,1,1
504,4,59,307,26,79,1,1,1
505,4,59,307,26,79,1,1,1
506,4,59,307,26,79,1,1,1
507,4,59,307,26,79,1,1,1
508,4,59,307,26,79,1,1,1
509,4,59,307,29,79,1,1,1
510,4,59,307,29,79,1,1,1
511,4,57,307,31,79,1,1,1
512,4,57,307,31,77,1,1,1
513,4,56,307,34,77,1,1,1
514,4,56,307,34,77,1,1,1
515,4,56,308,34,76,1,1,1
516,4,55,307,34,75,1,1,1
517,4,55,307,34,75,1,1,1
518,4,54,307,35,75,1,1,1
519,4,54,307,35,75,1,1,1
520,4,54,307,35,75,1,1,1
521,4,54,307,31,75,1,1,1
522,4,54,307,31,75,1,1,1
523,4,54,307,31,75,1,1,1
524,4,55,307,30,75,1,1,1
525,4,55,307,30,75,1,1,1
526,4,54,307,31,75,1,1,1
527,4,55,307,30,75,1,1,1
528,4,54,307,31,75,1,1,1
529,4,55,307,32,74,1,1,1
530,4,55,307,32,74,1,1,1
531,4,55,307,32,74,1,1,1
532,4,56,307,32,74,1,1,1
533,4,55,307,32,76,1,1,1
534,4,56,307,32,76,1,1,1
535,4,55,307,36,75,1,1,1
536,4,55,309,35,73,1,1,1
537,4,56,309,34,73,1,1,1
538,4,54,309,37,73,1,1,1
539,4,54,309,37,73,1,1,1
540,4,54,308,37,74,1,1,1
541,4,55,308,37,74,1,1,1
542,4,55,308,37,74,1,1,1
543,4,60,309,30,74,1,1,1
544,4,60,306,32,73,1,1,1
545,4,60,306,33,73,1,1,1
546,4,61,306,32,73,1,1,1
547,4,65,303,29,73,1,1,1
548,4,66,303,28,73,1,1,1
549,4,66,303,28,72,1,1,1
550,4,67,303,28,72,1,1,1
551,4,67,303,31,72,1,1,1
552,4,68,303,31,73,1,1,1
553,4,65,303,36,73,1,1,1
554,4,66,303,36,73,1,1,1
555,4,66,301,37,75,1,1,1
556,4,67,301,36,75,1,1,1
557,4,68,301,36,75,1,1,1
558,4,68,301,35,75,1,1,1
559,4,68,301,37,75,1,1,1
560,4,72,301,33,76,1,1,1
561,4,73,301,33,72,1,1,1
562,4,79,301,28,72,1,1,1
563,4,80,302,28,72,1,1,1
564,4,80,302,29,69,1,1,1
565,4,84,301,34,70,1,1,1
566,4,85,301,34,70,1,1,1
567,4,85,301,39,70,1,1,1
568,4,86,301,39,70,1,1,1
569,4,89,301,38,71,1,1,1
570,4,91,301,39,70,1,1,1
571,4,91,302,40,69,1,1,1
572,4,98,302,33,68,1,1,1
573,4,98,302,35,68,1,1,1
574,4,103,302,31,68,1,1,1
575,4,104,299,30,71,1,1,1
576,4,104,299,31,71,1,1,1
577,4,105,299,31,71,1,1,1
578,4,106,299,31,71,1,1,1
579,4,106,299,32,72,1,1,1
580,4,108,299,34,72,1,1,1
581,4,108,299,36,70,1,1,1
582,4,109,299,36,70,1,1,1
583,4,109,299,36,70,1,1,1
584,4,110,300,37,69,1,1,1
585,4,111,299,36,71,1,1,1
586,4,112,299,35,71,1,1,1
587,4,112,299,35,70,1,1,1
588,4,112,300,35,69,1,1,1
589,4,112,300,38,69,1,1,1
590,4,112,300,38,69,1,1,1
591,4,112,300,39,69,1,1,1
592,4,112,300,39,69,1,1,1
593,4,112,295,39,74,1,1,1
594,4,113,292,39,77,1,1,1
595,4,118,286,34,82,1,1,1
596,4,119,284,32,83,1,1,1
597,4,119,279,33,87,1,1,1
598,4,125,279,27,87,1,1,1
599,4,127,278,26,88,1,1,1
600,4,132,278,22,87,1,1,1
601,4,133,278,22,87,1,1,1
602,4,133,277,24,85,1,1,1
603,4,134,278,24,84,1,1,1
604,4,135,277,25,86,1,1,1
605,4,136,284,24,79,1,1,1
606,4,137,285,28,79,1,1,1
607,4,138,291,29,73,1,1,1
608,4,139,295,33,69,1,1,1
609,4,139,299,36,66,1,1,1
610,4,140,302,35,62,1,1,1
611,4,141,305,33,59,1,1,1
612,4,141,306,34,58,1,1,1
613,4,141,306,34,58,1,1,1
614,4,140,307,35,57,1,1,1
615,4,141,309,34,55,1,1,1
616,4,141,309,34,55,1,1,1
617,4,141,309,38,55,1,1,1
618,4,140,310,42,54,1,1,1
619,4,141,310,39,54,1,1,1
620,4,140,310,41,54,1,1,1
621,4,141,309,45,55,1,1,1
622,4,142,309,47,54,1,1,1
623,4,149,308,41,55,1,1,1
624,4,155,308,40,55,1,1,1
625,4,160,307,39,56,1,1,1
626,4,164,307,36,56,1,1,1
627,4,168,306,35,56,1,1,1
628,4,172,306,35,56,1,1,1
629,4,175,305,36,57,1,1,1
630,4,180,305,30,55,1,1,1
631,4,183,304,30,56,1,1,1
632,4,184,304,31,56,1,1,1
633,4,189,304,30,56,1,1,1
634,4,192,304,31,56,1,1,1
635,4,194,304,31,56,1,1,1
636,4,195,304,38,56,1,1,1
637,4,196,304,37,58,1,1,1
638,4,196,304,40,58,1,1,1
639,4,197,304,40,59,1,1,1
640,4,207,304,30,59,1,1,1
641,4,209,304,28,59,1,1,1
642,4,209,303,31,60,1,1,1
643,4,209,300,31,63,1,1,1
644,4,214,298,26,64,1,1,1
645,4,214,290,30,73,1,1,1
646,4,218,286,28,77,1,1,1
647,4,218,283,29,77,1,1,1
648,4,220,279,28,81,1,1,1
649,4,220,277,29,78,1,1,1
650,4,221,274,30,81,1,1,1
651,4,221,272,30,83,1,1,1
652,4,222,269,28,86,1,1,1
653,4,223,269,28,85,1,1,1
654,4,227,269,24,83,1,1,1
655,4,228,269,24,83,1,1,1
656,4,230,271,24,82,1,1,1
657,4,231,275,24,80,1,1,1
658,4,232,279,24,76,1,1,1
659,4,235,283,22,72,1,1,1
660,4,237,288,23,72,1,1,1
661,4,240,292,22,69,1,1,1
662,4,241,295,24,69,1,1,1
663,4,240,297,26,67,1,1,1
664,4,241,301,26,62,1,1,1
665,4,241,304,26,61,1,1,1
666,4,242,304,28,61,1,1,1
667,4,243,304,27,61,1,1,1
668,4,244,302,27,62,1,1,1
669,4,244,302,27,62,1,1,1
670,4,247,302,27,64,1,1,1
671,4,251,302,23,59,1,1,1
672,4,254,301,23,61,1,1,1
673,4,253,300,24,62,1,1,1
674,4,254,300,24,62,1,1,1
675,4,254,300,24,62,1,1,1
676,4,255,300,30,63,1,1,1
677,4,256,300,30,63,1,1,1
678,4,256,299,30,64,1,1,1
679,4,257,298,31,66,1,1,1
680,4,257,298,31,66,1,1,1
681,4,258,298,31,63,1,1,1
682,4,258,298,31,63,1,1,1
683,4,259,298,34,64,1,1,1
684,4,258,298,35,64,1,1,1
685,4,259,298,37,64,1,1,1
686,4,259,298,37,64,1,1,1
687,4,260,298,36,64,1,1,1
688,4,260,299,37,63,1,1,1
689,4,260,298,36,64,1,1,1
690,4,261,298,35,64,1,1,1
691,4,261,298,35,63,1,1,1
692,4,262,296,34,65,1,1,1
693,4,262,296,34,65,1,1,1
694,4,262,296,32,65,1,1,1
695,4,262,296,32,65,1,1,1
696,4,261,296,33,66,1,1,1
697,4,261,296,33,66,1,1,1
698,4,261,296,32,65,1,1,1
699,4,261,296,33,66,1,1,1
700,4,262,296,31,66,1,1,1
701,4,259,296,34,65,1,1,1
702,4,259,296,30,65,1,1,1
703,4,259,296,30,65,1,1,1
704,4,259,296,25,65,1,1,1
705,4,258,296,27,66,1,1,1
706,4,259,296,21,66,1,1,1
707,4,255,296,22,67,1,1,1
708,4,254,294,23,68,1,1,1
709,4,251,296,23,67,1,1,1
710,4,246,296,31,67,1,1,1
711,4,241,297,34,66,1,1,1
712,4,239,297,35,66,1,1,1
713,4,236,297,37,66,1,1,1
714,4,235,297,39,66,1,1,1
715,4,235,297,39,66,1,1,1
716,4,234,297,39,66,1,1,1
717,4,234,297,40,66,1,1,1
718,4,233,297,38,66,1,1,1
719,4,232,297,38,66,1,1,1
720,4,232,297,35,66,1,1,1
721,4,233,297,30,66,1,1,1
722,4,232,297,30,66,1,1,1
723,4,231,296,26,67,1,1,1
724,4,229,296,24,68,1,1,1
725,4,223,296,29,68,1,1,1
726,4,222,296,29,67,1,1,1
727,4,222,297,28,66,1,1,1
728,4,218,297,31,67,1,1,1
729,4,216,297,33,67,1,1,1
730,4,214,298,34,66,1,1,1
731,4,211,298,36,67,1,1,1
732,4,211,298,36,66,1,1,1
733,4,208,298,38,67,1,1,1
734,4,207,299,38,65,1,1,1
735,4,207,300,35,64,1,1,1
736,4,206,300,32,64,1,1,1
737,4,205,301,30,63,1,1,1
738,4,204,301,27,63,1,1,1
739,4,202,301,25,63,1,1,1
740,4,199,301,25,63,1,1,1
741,4,198,301,26,63,1,1,1
742,4,198,301,22,63,1,1,1
743,4,193,301,27,63,1,1,1
744,4,186,300,34,64,1,1,1
745,4,184,301,34,64,1,1,1
746,4,179,301,39,65,1,1,1
747,4,179,301,39,66,1,1,1
748,4,179,301,31,66,1,1,1
749,4,179,301,29,66,1,1,1
750,4,179,301,26,66,1,1,1
751,4,174,301,31,66,1,1,1
752,4,169,304,31,63,1,1,1
753,4,165,305,32,62,1,1,1
754,4,159,307,35,62,1,1,1
755,4,152,307,41,62,1,1,1
756,4,150,307,42,62,1,1,1
757,4,149,307,42,63,1,1,1
758,4,142,307,47,63,1,1,1
759,4,141,308,46,66,1,1,1
760,4,138,310,46,63,1,1,1
761,4,137,311,42,63,1,1,1
762,4,137,311,38,63,1,1,1
763,4,137,314,38,60,1,1,1
764,4,130,314,45,60,1,1,1
765,4,130,314,43,61,1,1,1
766,4,129,314,43,61,1,1,1
767,4,128,314,43,60,1,1,1
768,4,129,314,40,60,1,1,1
769,4,131,314,37,59,1,1,1
770,4,130,314,37,59,1,1,1
771,4,129,315,35,57,1,1,1
772,4,129,315,33,57,1,1,1
773,4,128,315,34,58,1,1,1
774,4,125,315,35,57,1,1,1
775,4,124,315,35,57,1,1,1
776,4,122,317,37,55,1,1,1
777,4,115,316,44,55,1,1,1
778,4,113,319,45,52,1,1,1
779,4,110,320,46,51,1,1,1
780,4,109,320,46,50,1,1,1
781,4,109,321,45,49,1,1,1
782,4,109,321,44,48,1,1,1
783,4,109,321,39,50,1,1,1
784,4,110,321,38,51,1,1,1
785,4,114,321,33,53,1,1,1
786,4,117,322,27,53,1,1,1
787,4,117,323,27,52,1,1,1
788,4,116,323,28,53,1,1,1
789,4,115,323,27,52,1,1,1
790,4,114,323,28,52,1,1,1
791,4,114,323,28,53,1,1,1
792,4,113,323,28,53,1,1,1
793,4,112,323,28,54,1,1,1
794,4,112,324,28,56,1,1,1
795,4,108,324,32,59,1,1,1
796,4,107,324,32,60,1,1,1
797,4,105,324,32,61,1,1,1
798,4,100,324,37,61,1,1,1
799,4,94,324,42,60,1,1,1
800,4,90,324,45,60,1,1,1
801,4,87,324,47,61,1,1,1
802,4,86,324,42,61,1,1,1
803,4,85,324,42,60,1,1,1
804,4,84,324,42,62,1,1,1
805,4,80,323,46,66,1,1,1
806,4,78,324,46,67,1,1,1
807,4,79,323,43,70,1,1,1
808,4,77,324,40,70,1,1,1
809,4,75,325,36,70,1,1,1
810,4,74,325,32,69,1,1,1
811,4,73,323,33,72,1,1,1
812,4,71,322,34,74,1,1,1
813,4,69,321,34,73,1,1,1
814,4,67,321,35,75,1,1,1
815,4,62,320,38,79,1,1,1
816,4,55,320,45,81,1,1,1
817,4,50,323,47,81,1,1,1
818,4,47,323,49,84,1,1,1
819,4,45,327,49,82,1,1,1
820,4,44,328,50,82,1,1,1
821,4,44,328,48,82,1,1,1
822,4,44,332,48,78,1,1,1
823,4,44,332,49,79,1,1,1
824,4,44,332,48,78,1,1,1
825,4,43,332,49,82,1,1,1
826,4,43,332,50,83,1,1,1
827,4,43,334,51,84,1,1,1
828,4,42,335,55,85,1,1,1
829,4,42,335,58,86,1,1,1
830,4,42,339,59,82,1,1,1
831,4,47,338,58,83,1,1,1
832,4,53,338,55,84,1,1,1
833,4,54,337,58,85,1,1,1
834,4,56,336,59,85,1,1,1
835,4,54,337,66,87,1,1,1
836,4,59,337,64,89,1,1,1
837,4,61,336,66,92,1,1,1
838,4,67,335,65,94,1,1,1
839,4,74,337,61,94,1,1,1
840,4,83,340,56,92,1,1,1
841,4,92,342,60,91,1,1,1
842,4,101,342,61,92,1,1,1
843,4,102,342,66,90,1,1,1
844,4,102,342,70,90,1,1,1
845,4,103,342,71,91,1,1,1
846,4,109,342,70,90,1,1,1
847,4,116,342,68,88,1,1,1
848,4,125,341,68,90,1,1,1
849,4,136,344,64,87,1,1,1
850,4,149,346,55,85,1,1,1
851,4,153,346,57,85,1,1,1
852,4,163,344,53,87,1,1,1
853,4,168,343,53,88,1,1,1
854,4,168,341,58,89,1,1,1
855,4,170,340,61,90,1,1,1
856,4,174,339,60,88,1,1,1
857,4,178,339,60,84,1,1,1
858,4,187,339,55,84,1,1,1
859,4,196,342,53,80,1,1,1
860,4,205,337,48,85,1,1,1
861,4,207,339,50,83,1,1,1
862,4,212,339,49,83,1,1,1
863,4,215,339,49,82,1,1,1
864,4,219,336,54,85,1,1,1
865,4,224,335,52,84,1,1,1
866,4,229,333,51,83,1,1,1
867,4,235,333,49,79,1,1,1
868,4,239,332,47,79,1,1,1
869,4,243,329,47,81,1,1,1
870,4,244,329,48,81,1,1,1
871,4,249,328,45,79,1,1,1
872,4,251,325,43,80,1,1,1
873,4,254,324,44,77,1,1,1
874,4,256,324,47,76,1,1,1
875,4,257,325,47,74,1,1,1
876,4,262,326,49,73,1,1,1
877,4,265,326,46,73,1,1,1
878,4,267,329,44,69,1,1,1
879,4,268,329,43,69,1,1,1
880,4,268,329,44,69,1,1,1
881,4,267,327,44,71,1,1,1
882,4,267,327,44,70,1,1,1
883,4,268,327,42,71,1,1,1
884,4,267,323,43,74,1,1,1
885,4,267,322,37,72,1,1,1
886,4,266,321,34,70,1,1,1
887,4,265,317,35,72,1,1,1
888,4,265,317,32,72,1,1,1
889,4,264,314,30,74,1,1,1
890,4,263,309,29,79,1,1,1
891,4,262,305,29,84,1,1,1
892,4,261,301,29,86,1,1,1
893,4,260,296,30,88,1,1,1
894,4,261,295,28,85,1,1,1
895,4,260,295,28,82,1,1,1
896,4,259,298,27,79,1,1,1
897,4,259,303,27,74,1,1,1
898,4,258,306,26,71,1,1,1
899,4,256,306,27,72,1,1,1
900,4,254,307,26,71,1,1,1
901,4,254,308,22,70,1,1,1
902,4,253,309,22,69,1,1,1
903,4,251,309,23,69,1,1,1
904,4,250,309,24,68,1,1,1
905,4,249,309,24,68,1,1,1
906,4,249,309,24,63,1,1,1
907,4,249,309,22,61,1,1,1
908,4,248,309,22,60,1,1,1
909,4,248,307,22,62,1,1,1
910,4,248,306,22,62,1,1,1
911,4,248,305,22,63,1,1,1
912,4,249,301,21,68,1,1,1
913,4,246,299,24,70,1,1,1
914,4,246,298,23,71,1,1,1
915,4,246,293,23,73,1,1,1
916,4,246,289,21,75,1,1,1
917,4,245,284,21,78,1,1,1
918,4,245,283,21,78,1,1,1
919,4,244,281,20,78,1,1,1
920,4,243,277,21,83,1,1,1
921,4,243,273,22,88,1,1,1
922,4,243,273,22,88,1,1,1
923,4,242,273,23,88,1,1,1
924,4,242,273,23,87,1,1,1
925,4,242,278,23,83,1,1,1
926,4,242,284,24,77,1,1,1
927,4,242,289,23,74,1,1,1
928,4,242,294,23,69,1,1,1
929,4,242,300,23,65,1,1,1
930,4,242,301,23,64,1,1,1
931,4,242,303,23,62,1,1,1
932,4,242,303,23,62,1,1,1
933,4,242,303,23,62,1,1,1
934,4,242,303,23,62,1,1,1
935,4,243,301,24,64,1,1,1
936,4,244,301,23,64,1,1,1
937,4,244,301,23,61,1,1,1
938,4,244,301,24,61,1,1,1
939,4,245,300,23,62,1,1,1
940,4,245,300,24,62,1,1,1
941,4,245,300,25,60,1,1,1
942,4,246,300,24,60,1,1,1
943,4,246,300,25,60,1,1,1
944,4,246,300,26,60,1,1,1
945,4,248,300,25,60,1,1,1
946,4,248,300,25,60,1,1,1
947,4,249,300,25,60,1,1,1
948,4,249,300,25,60,1,1,1
949,4,250,300,25,60,1,1,1
950,4,251,300,25,60,1,1,1
951,4,253,299,25,61,1,1,1
952,4,252,299,25,60,1,1,1
953,4,251,298,27,62,1,1,1
954,4,251,298,27,62,1,1,1
955,4,254,298,24,61,1,1,1
956,4,255,298,24,61,1,1,1
957,4,255,298,24,61,1,1,1
958,4,255,298,24,62,1,1,1
959,4,255,298,24,61,1,1,1
960,4,255,298,24,61,1,1,1
961,4,256,298,24,61,1,1,1
962,4,256,297,24,62,1,1,1
963,4,256,298,24,61,1,1,1
964,4,257,298,23,61,1,1,1
965,4,258,298,23,61,1,1,1
966,4,259,298,23,62,1,1,1
967,4,259,298,23,62,1,1,1
968,4,261,298,23,62,1,1,1
969,4,261,298,24,62,1,1,1
970,4,262,298,25,62,1,1,1
971,4,262,298,27,62,1,1,1
972,4,263,298,29,62,1,1,1
973,4,263,298,31,62,1,1,1
974,4,263,298,31,62,1,1,1
975,4,265,298,30,62,1,1,1
976,4,263,298,33,62,1,1,1
977,4,264,298,32,62,1,1,1
978,4,264,298,33,62,1,1,1
979,4,265,298,32,62,1,1,1
980,4,266,298,33,62,1,1,1
981,4,266,298,34,62,1,1,1
982,4,268,298,33,62,1,1,1
983,4,272,298,29,62,1,1,1
984,4,273,298,29,62,1,1,1
985,4,276,299,28,61,1,1,1
986,4,276,299,30,61,1,1,1
987,4,277,299,30,61,1,1,1
988,4,283,299,25,62,1,1,1
989,4,284,299,25,62,1,1,1
990,4,286,299,24,62,1,1,1
991,4,286,299,24,62,1,1,1
992,4,287,300,24,61,1,1,1
993,4,287,300,27,61,1,1,1
994,4,287,300,28,61,1,1,1
995,4,288,300,27,61,1,1,1
996,4,289,300,27,62,1,1,1
997,4,289,300,29,62,1,1,1
998,4,290,300,29,62,1,1,1
999,4,291,300,29,62,1,1,1
1000,4,296,300,24,62,1,1,1
1001,4,297,300,24,63,1,1,1
1002,4,302,299,20,64,1,1,1
1003,4,303,299,20,64,1,1,1
1004,4,306,299,20,65,1,1,1
1005,4,307,299,22,65,1,1,1
1006,4,308,299,22,65,1,1,1
1,5,200,305,25,70,1,1,1
2,5,200,305,25,71,1,1,1
3,5,200,305,25,70,1,1,1
4,5,200,305,26,70,1,1,1
5,5,200,305,27,69,1,1,1
6,5,200,305,27,69,1,1,1
7,5,202,303,27,69,1,1,1
8,5,203,304,27,68,1,1,1
9,5,203,305,28,69,1,1,1
10,5,202,304,27,68,1,1,1
11,5,203,303,27,69,1,1,1
12,5,207,302,23,69,1,1,1
13,5,208,302,22,69,1,1,1
14,5,209,302,21,70,1,1,1
15,5,208,302,24,70,1,1,1
16,5,211,302,21,70,1,1,1
17,5,211,302,21,70,1,1,1
18,5,211,302,20,70,1,1,1
19,5,214,302,20,70,1,1,1
20,5,213,302,21,70,1,1,1
21,5,214,302,21,70,1,1,1
22,5,215,302,21,70,1,1,1
23,5,214,302,21,69,1,1,1
24,5,213,303,21,69,1,1,1
25,5,214,303,25,69,1,1,1
26,5,213,303,27,67,1,1,1
27,5,213,303,27,67,1,1,1
28,5,211,301,28,68,1,1,1
29,5,211,301,28,68,1,1,1
30,5,211,301,28,67,1,1,1
31,5,210,301,29,66,1,1,1
32,5,210,301,29,66,1,1,1
33,5,210,301,29,66,1,1,1
34,5,209,301,28,65,1,1,1
35,5,209,301,28,67,1,1,1
36,5,209,301,31,67,1,1,1
37,5,209,301,31,67,1,1,1
38,5,209,301,30,67,1,1,1
39,5,209,301,30,67,1,1,1
40,5,208,300,31,67,1,1,1
41,5,208,300,31,68,1,1,1
42,5,213,300,26,68,1,1,1
43,5,213,300,26,68,1,1,1
44,5,212,300,27,68,1,1,1
45,5,212,300,27,68,1,1,1
46,5,212,300,27,68,1,1,1
47,5,212,300,27,68,1,1,1
48,5,211,300,28,68,1,1,1
49,5,211,300,28,68,1,1,1
50,5,211,300,28,69,1,1,1
51,5,211,300,27,69,1,1,1
52,5,210,300,28,69,1,1,1
53,5,214,299,24,70,1,1,1
54,5,214,299,24,70,1,1,1
55,5,214,299,24,70,1,1,1
56,5,214,300,24,69,1,1,1
57,5,214,300,23,68,1,1,1
58,5,214,299,24,70,1,1,1
59,5,216,299,24,70,1,1,1
60,5,213,300,23,68,1,1,1
61,5,214,300,23,68,1,1,1
62,5,214,300,23,68,1,1,1
63,5,215,300,24,68,1,1,1
64,5,214,298,23,70,1,1,1
65,5,213,298,23,70,1,1,1
66,5,212,300,24,68,1,1,1
67,5,213,300,23,68,1,1,1
68,5,214,301,23,67,1,1,1
69,5,213,300,23,68,1,1,1
70,5,213,300,24,68,1,1,1
71,5,213,300,24,68,1,1,1
72,5,214,300,24,68,1,1,1
73,5,215,300,24,69,1,1,1
74,5,214,300,25,68,1,1,1
75,5,215,300,24,68,1,1,1
76,5,215,300,24,69,1,1,1
77,5,214,299,25,70,1,1,1
78,5,215,299,25,70,1,1,1
79,5,215,299,25,70,1,1,1
80,5,216,300,25,70,1,1,1
81,5,216,300,25,70,1,1,1
82,5,216,300,25,70,1,1,1
83,5,215,300,25,70,1,1,1
84,5,215,300,25,70,1,1,1
85,5,215,300,25,70,1,1,1
86,5,215,300,25,70,1,1,1
87,5,215,300,25,70,1,1,1
88,5,215,300,25,70,1,1,1
89,5,215,300,25,70,1,1,1
90,5,215,300,21,70,1,1,1
91,5,215,300,21,70,1,1,1
92,5,215,300,21,70,1,1,1
93,5,215,300,21,70,1,1,1
94,5,215,300,21,70,1,1,1
95,5,215,300,21,70,1,1,1
96,5,215,300,21,70,1,1,1
97,5,215,300,21,70,1,1,1
98,5,215,300,21,70,1,1,1
99,5,215,300,21,70,1,1,1
100,5,215,300,21,70,1,1,1
101,5,215,300,21,70,1,1,1
102,5,215,300,21,70,1,1,1
103,5,215,300,21,70,1,1,1
104,5,213,300,23,67,1,1,1
105,5,211,300,27,67,1,1,1
106,5,212,300,27,68,1,1,1
107,5,209,300,27,67,1,1,1
108,5,210,301,27,67,1,1,1
109,5,213,301,25,69,1,1,1
110,5,210,301,27,67,1,1,1
111,5,211,301,28,67,1,1,1
112,5,209,301,27,67,1,1,1
113,5,208,301,27,67,1,1,1
114,5,208,302,27,67,1,1,1
115,5,207,301,27,67,1,1,1
116,5,208,301,23,67,1,1,1
117,5,208,301,23,67,1,1,1
118,5,205,301,26,67,1,1,1
119,5,202,301,28,67,1,1,1
120,5,199,301,30,67,1,1,1
121,5,197,301,32,67,1,1,1
122,5,197,301,32,67,1,1,1
123,5,196,301,32,67,1,1,1
124,5,195,301,32,68,1,1,1
125,5,194,299,33,70,1,1,1
126,5,195,299,32,70,1,1,1
127,5,194,302,32,67,1,1,1
128,5,194,302,32,67,1,1,1
129,5,194,302,32,66,1,1,1
130,5,193,302,32,65,1,1,1
131,5,193,302,31,64,1,1,1
132,5,193,303,31,63,1,1,1
133,5,190,303,30,64,1,1,1
134,5,191,303,26,64,1,1,1
135,5,189,300,28,67,1,1,1
136,5,189,300,25,68,1,1,1
137,5,189,302,25,66,1,1,1
138,5,189,302,22,68,1,1,1
139,5,188,302,22,68,1,1,1
140,5,185,302,25,69,1,1,1
141,5,182,302,27,68,1,1,1
142,5,182,302,27,68,1,1,1
143,5,181,302,29,68,1,1,1
144,5,180,302,29,68,1,1,1
145,5,179,302,30,68,1,1,1
146,5,179,302,30,68,1,1,1
147,5,178,302,30,68,1,1,1
148,5,179,303,29,67,1,1,1
149,5,179,302,27,68,1,1,1
150,5,179,302,27,68,1,1,1
151,5,178,302,25,68,1,1,1
152,5,178,302,25,68,1,1,1
153,5,177,302,26,68,1,1,1
154,5,177,302,24,69,1,1,1
155,5,177,302,24,69,1,1,1
156,5,176,302,25,69,1,1,1
157,5,176,302,24,69,1,1,1
158,5,176,302,24,70,1,1,1
159,5,175,302,25,70,1,1,1
160,5,174,303,26,70,1,1,1
161,5,174,303,25,70,1,1,1
162,5,174,303,25,70,1,1,1
163,5,173,303,26,70,1,1,1
164,5,173,303,25,70,1,1,1
165,5,172,303,26,70,1,1,1
166,5,172,304,25,70,1,1,1
167,5,171,303,26,71,1,1,1
168,5,171,303,26,71,1,1,1
169,5,171,303,25,71,1,1,1
170,5,170,304,26,70,1,1,1
171,5,170,304,26,70,1,1,1
172,5,170,304,25,70,1,1,1
173,5,169,304,25,70,1,1,1
174,5,169,304,25,70,1,1,1
175,5,167,304,25,70,1,1,1
176,5,166,304,26,70,1,1,1
177,5,166,304,25,71,1,1,1
178,5,165,304,26,71,1,1,1
179,5,165,304,26,72,1,1,1
180,5,164,304,26,72,1,1,1
181,5,165,305,26,72,1,1,1
182,5,163,305,28,73,1,1,1
183,5,163,305,28,73,1,1,1
184,5,163,305,27,73,1,1,1
185,5,163,305,27,73,1,1,1
186,5,163,305,27,74,1,1,1
187,5,163,305,27,74,1,1,1
188,5,164,305,26,74,1,1,1
189,5,164,305,26,73,1,1,1
190,5,162,305,26,73,1,1,1
191,5,162,305,26,73,1,1,1
192,5,162,305,26,73,1,1,1
193,5,162,305,26,73,1,1,1
194,5,161,306,26,73,1,1,1
195,5,161,306,26,73,1,1,1
196,5,159,306,28,75,1,1,1
197,5,159,306,28,75,1,1,1
198,5,159,306,27,75,1,1,1
199,5,158,306,28,75,1,1,1
200,5,157,306,28,75,1,1,1
201,5,157,306,28,75,1,1,1
202,5,158,306,28,75,1,1,1
203,5,156,306,27,76,1,1,1
204,5,156,306,27,76,1,1,1
205,5,155,306,28,76,1,1,1
206,5,155,308,28,74,1,1,1
207,5,155,308,28,74,1,1,1
208,5,155,308,28,74,1,1,1
209,5,155,308,28,74,1,1,1
210,5,155,308,27,74,1,1,1
211,5,155,308,27,74,1,1,1
212,5,155,308,27,74,1,1,1
213,5,151,308,31,76,1,1,1
214,5,151,308,31,75,1,1,1
215,5,151,308,31,75,1,1,1
216,5,151,308,31,75,1,1,1
217,5,151,308,31,75,1,1,1
218,5,151,308,31,76,1,1,1
219,5,153,308,29,76,1,1,1
220,5,153,308,29,76,1,1,1
221,5,153,308,29,76,1,1,1
222,5,153,308,29,76,1,1,1
223,5,157,308,26,76,1,1,1
224,5,157,308,26,76,1,1,1
225,5,157,309,26,75,1,1,1
226,5,157,309,26,75,1,1,1
227,5,157,309,26,75,1,1,1
228,5,157,309,26,75,1,1,1
229,5,157,308,26,76,1,1,1
230,5,158,309,25,75,1,1,1
231,5,158,309,25,74,1,1,1
232,5,158,309,25,74,1,1,1
233,5,158,309,26,76,1,1,1
234,5,158,309,26,76,1,1,1
235,5,158,309,26,76,1,1,1
236,5,158,309,26,76,1,1,1
237,5,157,309,26,76,1,1,1
238,5,158,309,26,76,1,1,1
239,5,157,309,26,76,1,1,1
240,5,157,309,26,76,1,1,1
241,5,157,309,26,76,1,1,1
242,5,157,309,26,76,1,1,1
243,5,157,309,26,76,1,1,1
244,5,157,309,26,76,1,1,1
245,5,157,309,26,76,1,1,1
246,5,157,309,26,76,1,1,1
247,5,157,309,26,76,1,1,1
248,5,157,309,26,76,1,1,1
249,5,158,309,26,76,1,1,1
250,5,157,309,26,76,1,1,1
251,5,157,309,26,76,1,1,1
252,5,157,309,26,76,1,1,1
253,5,157,309,26,76,1,1,1
254,5,157,309,26,76,1,1,1
255,5,157,309,26,76,1,1,1
256,5,157,309,26,76,1,1,1
257,5,157,309,26,76,1,1,1
258,5,157,309,26,76,1,1,1
259,5,157,309,26,76,1,1,1
260,5,157,309,26,76,1,1,1
261,5,157,309,26,76,1,1,1
262,5,157,309,26,76,1,1,1
263,5,157,309,26,76,1,1,1
264,5,157,309,26,76,1,1,1
265,5,157,309,26,76,1,1,1
266,5,157,309,26,76,1,1,1
267,5,157,309,26,76,1,1,1
268,5,157,309,25,76,1,1,1
269,5,157,309,26,77,1,1,1
270,5,157,309,26,76,1,1,1
271,5,157,309,26,76,1,1,1
272,5,157,309,26,76,1,1,1
273,5,157,309,26,76,1,1,1
274,5,157,309,26,76,1,1,1
275,5,157,309,26,76,1,1,1
276,5,157,309,26,76,1,1,1
277,5,157,309,26,76,1,1,1
278,5,157,309,26,76,1,1,1
279,5,157,309,26,76,1,1,1
280,5,157,309,26,76,1,1,1
281,5,157,309,26,76,1,1,1
282,5,157,309,26,76,1,1,1
283,5,157,309,26,76,1,1,1
284,5,157,309,26,76,1,1,1
285,5,157,309,26,76,1,1,1
286,5,157,310,26,75,1,1,1
287,5,157,310,26,75,1,1,1
288,5,158,310,26,75,1,1,1
289,5,157,309,26,77,1,1,1
290,5,157,309,26,77,1,1,1
291,5,158,310,26,75,1,1,1
292,5,158,310,26,75,1,1,1
293,5,158,310,26,75,1,1,1
294,5,158,310,26,75,1,1,1
295,5,158,310,26,75,1,1,1
296,5,158,310,26,75,1,1,1
297,5,158,310,26,75,1,1,1
298,5,158,310,26,75,1,1,1
299,5,158,310,26,75,1,1,1
300,5,158,310,26,75,1,1,1
301,5,158,310,26,75,1,1,1
302,5,158,310,26,75,1,1,1
303,5,158,310,26,75,1,1,1
304,5,158,310,26,75,1,1,1
305,5,158,310,26,75,1,1,1
306,5,158,310,26,75,1,1,1
307,5,158,310,26,75,1,1,1
308,5,158,310,26,75,1,1,1
309,5,158,310,26,75,1,1,1
310,5,158,310,26,75,1,1,1
311,5,158,310,26,75,1,1,1
312,5,158,310,26,75,1,1,1
313,5,158,310,26,76,1,1,1
314,5,158,310,26,76,1,1,1
315,5,158,310,26,76,1,1,1
316,5,156,310,28,76,1,1,1
317,5,156,310,28,76,1,1,1
318,5,156,310,28,76,1,1,1
319,5,156,312,28,74,1,1,1
320,5,156,312,28,74,1,1,1
321,5,156,312,28,74,1,1,1
322,5,156,313,30,75,1,1,1
323,5,157,313,30,75,1,1,1
324,5,158,313,30,75,1,1,1
325,5,158,313,32,76,1,1,1
326,5,158,314,33,75,1,1,1
327,5,159,314,32,75,1,1,1
328,5,159,314,32,75,1,1,1
329,5,159,315,34,75,1,1,1
330,5,159,315,33,75,1,1,1
331,5,160,315,33,75,1,1,1
332,5,161,315,33,75,1,1,1
333,5,160,314,36,76,1,1,1
334,5,161,314,33,76,1,1,1
335,5,161,314,33,76,1,1,1
336,5,164,314,31,76,1,1,1
337,5,165,314,31,76,1,1,1
338,5,169,314,27,76,1,1,1
339,5,170,314,27,76,1,1,1
340,5,173,315,25,76,1,1,1
341,5,174,315,25,77,1,1,1
342,5,174,315,25,77,1,1,1
343,5,177,315,25,78,1,1,1
344,5,177,315,24,80,1,1,1
345,5,178,315,26,80,1,1,1
346,5,179,315,25,80,1,1,1
347,5,179,316,26,79,1,1,1
348,5,180,316,27,79,1,1,1
349,5,180,317,27,78,1,1,1
350,5,181,317,27,78,1,1,1
351,5,182,319,26,76,1,1,1
352,5,181,317,27,78,1,1,1
353,5,183,322,28,73,1,1,1
354,5,183,322,28,73,1,1,1
355,5,182,322,29,74,1,1,1
356,5,182,322,29,74,1,1,1
357,5,182,323,30,74,1,1,1
358,5,182,323,30,75,1,1,1
359,5,182,323,30,75,1,1,1
360,5,183,323,30,75,1,1,1
361,5,183,323,30,76,1,1,1
362,5,183,324,29,74,1,1,1
363,5,183,323,30,75,1,1,1
364,5,184,323,29,75,1,1,1
365,5,184,323,29,75,1,1,1
366,5,184,323,29,76,1,1,1
367,5,182,324,31,74,1,1,1
368,5,182,324,31,74,1,1,1
369,5,182,324,31,74,1,1,1
370,5,182,324,31,74,1,1,1
371,5,182,324,31,74,1,1,1
372,5,182,324,31,74,1,1,1
373,5,182,324,31,74,1,1,1
374,5,182,324,31,74,1,1,1
375,5,182,324,31,74,1,1,1
376,5,182,324,31,74,1,1,1
377,5,182,324,31,74,1,1,1
378,5,182,324,31,74,1,1,1
379,5,182,324,31,74,1,1,1
380,5,182,324,31,74,1,1,1
381,5,182,324,31,73,1,1,1
382,5,182,324,31,74,1,1,1
383,5,182,324,31,74,1,1,1
384,5,182,324,31,74,1,1,1
385,5,182,324,31,74,1,1,1
386,5,182,324,31,74,1,1,1
387,5,182,324,31,74,1,1,1
388,5,182,324,31,74,1,1,1
389,5,182,324,31,74,1,1,1
390,5,182,324,31,74,1,1,1
391,5,182,324,31,74,1,1,1
392,5,182,324,31,74,1,1,1
393,5,182,324,31,74,1,1,1
394,5,182,324,32,76,1,1,1
395,5,181,323,33,79,1,1,1
396,5,182,324,31,74,1,1,1
397,5,182,323,32,78,1,1,1
398,5,182,324,32,74,1,1,1
399,5,182,323,33,75,1,1,1
400,5,182,323,33,75,1,1,1
401,5,182,323,33,75,1,1,1
402,5,182,323,33,75,1,1,1
403,5,182,323,33,75,1,1,1
404,5,182,323,33,75,1,1,1
405,5,182,323,33,75,1,1,1
406,5,182,323,33,75,1,1,1
407,5,182,323,33,75,1,1,1
408,5,182,323,33,75,1,1,1
409,5,182,323,33,75,1,1,1
410,5,182,323,33,75,1,1,1
411,5,182,323,33,75,1,1,1
412,5,185,322,30,76,1,1,1
413,5,185,322,30,76,1,1,1
414,5,185,322,29,76,1,1,1
415,5,185,320,29,78,1,1,1
416,5,185,320,29,78,1,1,1
417,5,185,320,29,78,1,1,1
418,5,185,320,29,78,1,1,1
419,5,185,320,29,78,1,1,1
420,5,185,319,29,78,1,1,1
421,5,185,319,29,78,1,1,1
422,5,186,319,29,78,1,1,1
423,5,185,319,29,79,1,1,1
424,5,186,319,29,79,1,1,1
425,5,186,319,29,79,1,1,1
426,5,186,319,29,79,1,1,1
427,5,186,319,29,79,1,1,1
428,5,186,319,29,79,1,1,1
429,5,186,319,29,79,1,1,1
430,5,187,320,28,78,1,1,1
431,5,187,319,28,79,1,1,1
432,5,187,319,28,79,1,1,1
433,5,187,320,28,78,1,1,1
434,5,187,320,28,78,1,1,1
435,5,187,320,27,78,1,1,1
436,5,187,320,28,78,1,1,1
437,5,187,320,28,78,1,1,1
438,5,187,319,28,79,1,1,1
439,5,187,320,25,79,1,1,1
440,5,187,320,25,79,1,1,1
441,5,187,320,25,80,1,1,1
442,5,187,320,25,79,1,1,1
443,5,187,319,26,80,1,1,1
444,5,185,318,29,81,1,1,1
445,5,183,317,30,82,1,1,1
446,5,182,318,32,81,1,1,1
447,5,182,318,33,81,1,1,1
448,5,182,318,33,82,1,1,1
449,5,181,318,34,82,1,1,1
450,5,181,319,34,83,1,1,1
451,5,181,320,36,82,1,1,1
452,5,182,322,36,80,1,1,1
453,5,182,322,36,80,1,1,1
454,5,182,322,36,81,1,1,1
455,5,185,321,35,83,1,1,1
456,5,189,321,31,81,1,1,1
457,5,190,321,30,82,1,1,1
458,5,193,321,28,82,1,1,1
459,5,194,321,28,82,1,1,1
460,5,194,321,28,82,1,1,1
461,5,196,321,27,82,1,1,1
462,5,196,321,29,83,1,1,1
463,5,196,321,32,83,1,1,1
464,5,196,321,34,84,1,1,1
465,5,196,321,34,84,1,1,1
466,5,197,321,34,84,1,1,1
467,5,198,322,34,83,1,1,1
468,5,200,322,31,83,1,1,1
469,5,200,322,32,83,1,1,1
470,5,201,322,32,83,1,1,1
471,5,202,322,31,85,1,1,1
472,5,203,322,31,85,1,1,1
473,5,205,322,29,86,1,1,1
474,5,206,324,28,84,1,1,1
475,5,206,324,27,86,1,1,1
476,5,207,324,27,86,1,1,1
477,5,207,324,27,87,1,1,1
478,5,207,324,28,88,1,1,1
479,5,208,324,27,89,1,1,1
480,5,208,324,27,89,1,1,1
481,5,208,324,28,90,1,1,1
482,5,208,324,28,91,1,1,1
483,5,208,326,29,88,1,1,1
484,5,207,326,34,88,1,1,1
485,5,207,326,34,88,1,1,1
486,5,205,326,38,88,1,1,1
487,5,202,326,41,87,1,1,1
488,5,196,327,50,87,1,1,1
489,5,196,327,50,88,1,1,1
490,5,192,327,49,88,1,1,1
491,5,191,327,50,88,1,1,1
492,5,189,326,50,90,1,1,1
493,5,188,325,50,91,1,1,1
494,5,192,321,44,94,1,1,1
495,5,189,320,42,96,1,1,1
496,5,187,318,40,98,1,1,1
497,5,188,317,36,99,1,1,1
498,5,184,316,37,103,1,1,1
499,5,180,320,36,99,1,1,1
500,5,177,324,36,95,1,1,1
501,5,174,328,36,94,1,1,1
502,5,173,331,35,93,1,1,1
503,5,169,332,38,93,1,1,1
504,5,167,333,39,94,1,1,1
505,5,165,337,39,90,1,1,1
506,5,165,337,36,90,1,1,1
507,5,164,338,33,89,1,1,1
508,5,162,340,33,86,1,1,1
509,5,159,340,33,86,1,1,1
510,5,156,340,35,86,1,1,1
511,5,155,341,35,85,1,1,1
512,5,153,341,36,85,1,1,1
513,5,148,342,39,84,1,1,1
514,5,140,342,46,84,1,1,1
515,5,134,342,52,84,1,1,1
516,5,132,342,55,83,1,1,1
517,5,129,342,55,83,1,1,1
518,5,127,344,54,81,1,1,1
519,5,126,345,48,79,1,1,1
520,5,125,346,44,77,1,1,1
521,5,124,346,40,76,1,1,1
522,5,124,346,39,75,1,1,1
523,5,124,346,36,75,1,1,1
524,5,123,345,37,75,1,1,1
525,5,122,342,38,78,1,1,1
526,5,122,341,35,78,1,1,1
527,5,121,338,35,80,1,1,1
528,5,121,337,34,80,1,1,1
529,5,121,333,32,79,1,1,1
530,5,120,332,32,80,1,1,1
531,5,116,330,36,79,1,1,1
532,5,116,329,36,79,1,1,1
533,5,115,328,39,79,1,1,1
534,5,114,328,40,79,1,1,1
535,5,112,329,42,76,1,1,1
536,5,112,332,41,74,1,1,1
537,5,110,333,47,73,1,1,1
538,5,111,333,49,71,1,1,1
539,5,111,333,49,71,1,1,1
540,5,111,331,53,73,1,1,1
541,5,111,331,56,72,1,1,1
542,5,117,331,50,71,1,1,1
543,5,123,328,47,71,1,1,1
544,5,128,328,45,69,1,1,1
545,5,129,327,45,67,1,1,1
546,5,132,324,45,72,1,1,1
547,5,134,323,47,71,1,1,1
548,5,137,322,46,69,1,1,1
549,5,140,321,43,68,1,1,1
550,5,150,321,37,69,1,1,1
551,5,154,321,34,70,1,1,1
552,5,158,322,33,67,1,1,1
553,5,161,323,34,66,1,1,1
554,5,162,324,36,62,1,1,1
555,5,166,326,36,60,1,1,1
556,5,169,326,38,60,1,1,1
557,5,170,329,39,55,1,1,1
558,5,171,329,38,55,1,1,1
559,5,172,329,38,56,1,1,1
560,5,175,329,34,56,1,1,1
561,5,175,327,35,58,1,1,1
562,5,176,326,34,59,1,1,1
563,5,175,323,37,61,1,1,1
564,5,174,320,38,64,1,1,1
565,5,174,320,38,63,1,1,1
566,5,174,317,39,66,1,1,1
567,5,174,316,39,68,1,1,1
568,5,174,315,38,69,1,1,1
569,5,175,313,37,72,1,1,1
570,5,175,312,35,72,1,1,1
571,5,175,312,32,72,1,1,1
572,5,178,312,29,72,1,1,1
573,5,178,312,29,72,1,1,1
574,5,178,312,35,72,1,1,1
575,5,178,311,37,73,1,1,1
576,5,178,311,38,73,1,1,1
577,5,178,311,38,73,1,1,1
578,5,179,310,38,74,1,1,1
579,5,179,308,38,75,1,1,1
580,5,180,302,35,81,1,1,1
581,5,180,297,34,86,1,1,1
582,5,181,297,31,86,1,1,1
583,5,184,300,29,83,1,1,1
584,5,184,304,31,81,1,1,1
585,5,185,306,30,79,1,1,1
586,5,185,310,32,75,1,1,1
587,5,186,310,31,75,1,1,1
588,5,187,311,30,74,1,1,1
589,5,187,311,28,75,1,1,1
590,5,187,311,28,75,1,1,1
591,5,187,311,27,75,1,1,1
592,5,187,311,27,76,1,1,1
593,5,186,310,29,75,1,1,1
594,5,186,310,29,75,1,1,1
595,5,184,310,33,75,1,1,1
596,5,184,310,33,75,1,1,1
597,5,184,311,33,74,1,1,1
598,5,184,310,36,75,1,1,1
599,5,184,310,36,75,1,1,1
600,5,184,310,36,75,1,1,1
601,5,186,310,34,75,1,1,1
602,5,186,310,34,75,1,1,1
603,5,186,310,34,74,1,1,1
604,5,186,310,32,75,1,1,1
605,5,186,310,32,75,1,1,1
606,5,188,310,27,75,1,1,1
607,5,188,310,26,75,1,1,1
608,5,188,310,26,75,1,1,1
609,5,188,310,26,75,1,1,1
610,5,188,310,26,75,1,1,1
611,5,188,310,26,75,1,1,1
612,5,188,310,26,75,1,1,1
613,5,189,310,25,75,1,1,1
614,5,187,310,27,74,1,1,1
615,5,187,310,27,74,1,1,1
616,5,188,310,27,76,1,1,1
617,5,187,310,28,76,1,1,1
618,5,187,310,30,76,1,1,1
619,5,188,309,30,76,1,1,1
620,5,188,309,33,76,1,1,1
621,5,188,309,33,76,1,1,1
622,5,189,309,34,76,1,1,1
623,5,189,309,34,76,1,1,1
624,5,189,309,34,76,1,1,1
625,5,189,309,34,76,1,1,1
626,5,189,309,37,76,1,1,1
627,5,189,309,37,76,1,1,1
628,5,190,310,37,75,1,1,1
629,5,190,310,37,75,1,1,1
630,5,194,309,32,76,1,1,1
631,5,194,310,32,75,1,1,1
632,5,198,310,29,75,1,1,1
633,5,199,310,28,75,1,1,1
634,5,199,310,29,76,1,1,1
635,5,199,310,29,76,1,1,1
636,5,200,311,29,75,1,1,1
637,5,200,310,29,76,1,1,1
638,5,200,311,29,75,1,1,1
639,5,200,311,28,75,1,1,1
640,5,200,311,29,76,1,1,1
641,5,200,311,29,76,1,1,1
642,5,201,311,28,76,1,1,1
643,5,201,311,28,76,1,1,1
644,5,201,312,28,75,1,1,1
645,5,201,312,28,75,1,1,1
646,5,201,312,28,75,1,1,1
647,5,201,312,28,76,1,1,1
648,5,202,311,28,76,1,1,1
649,5,202,311,28,78,1,1,1
650,5,202,311,28,78,1,1,1
651,5,202,311,28,78,1,1,1
652,5,202,311,28,78,1,1,1
653,5,205,311,26,78,1,1,1
654,5,205,311,26,78,1,1,1
655,5,206,311,26,78,1,1,1
656,5,206,311,26,78,1,1,1
657,5,206,311,27,78,1,1,1
658,5,206,311,27,78,1,1,1
659,5,206,311,28,78,1,1,1
660,5,207,311,27,78,1,1,1
661,5,207,311,28,78,1,1,1
662,5,208,311,28,78,1,1,1
663,5,208,311,28,78,1,1,1
664,5,208,311,28,78,1,1,1
665,5,209,311,28,79,1,1,1
666,5,209,311,28,79,1,1,1
667,5,209,311,29,79,1,1,1
668,5,210,311,28,79,1,1,1
669,5,210,311,28,79,1,1,1
670,5,210,310,28,78,1,1,1
671,5,209,310,29,78,1,1,1
672,5,209,310,29,78,1,1,1
673,5,209,310,29,78,1,1,1
674,5,209,310,29,78,1,1,1
675,5,209,310,29,78,1,1,1
676,5,209,310,29,78,1,1,1
677,5,209,311,29,77,1,1,1
678,5,209,311,29,77,1,1,1
679,5,208,311,30,77,1,1,1
680,5,208,311,30,77,1,1,1
681,5,208,311,30,76,1,1,1
682,5,208,311,30,77,1,1,1
683,5,208,311,29,76,1,1,1
684,5,208,311,29,76,1,1,1
685,5,207,311,30,76,1,1,1
686,5,207,311,30,76,1,1,1
687,5,207,311,29,76,1,1,1
688,5,206,311,30,76,1,1,1
689,5,206,311,29,76,1,1,1
690,5,205,311,29,76,1,1,1
691,5,204,310,29,77,1,1,1
692,5,203,310,30,77,1,1,1
693,5,203,310,30,77,1,1,1
694,5,202,310,30,77,1,1,1
695,5,202,310,30,77,1,1,1
696,5,202,310,30,77,1,1,1
697,5,202,310,30,77,1,1,1
698,5,201,310,32,77,1,1,1
699,5,201,310,32,77,1,1,1
700,5,201,310,32,77,1,1,1
701,5,201,310,31,76,1,1,1
702,5,201,310,31,76,1,1,1
703,5,200,310,31,76,1,1,1
704,5,200,310,30,76,1,1,1
705,5,200,310,26,76,1,1,1
706,5,200,310,26,76,1,1,1
707,5,200,310,25,76,1,1,1
708,5,200,310,25,76,1,1,1
709,5,200,310,26,77,1,1,1
710,5,200,310,24,77,1,1,1
711,5,200,310,24,77,1,1,1
712,5,197,311,25,77,1,1,1
713,5,197,311,25,77,1,1,1
714,5,197,311,24,77,1,1,1
715,5,197,311,24,77,1,1,1
716,5,197,311,24,77,1,1,1
717,5,197,309,24,77,1,1,1
718,5,197,309,24,77,1,1,1
719,5,197,309,24,77,1,1,1
720,5,194,309,27,77,1,1,1
721,5,194,309,27,77,1,1,1
722,5,194,309,27,77,1,1,1
723,5,194,310,27,76,1,1,1
724,5,194,310,27,77,1,1,1
725,5,194,310,27,77,1,1,1
726,5,194,310,26,77,1,1,1
727,5,194,310,26,77,1,1,1
728,5,194,310,26,77,1,1,1
729,5,194,310,26,77,1,1,1
730,5,194,310,26,77,1,1,1
731,5,194,310,26,77,1,1,1
732,5,194,310,26,77,1,1,1
733,5,196,310,24,77,1,1,1
734,5,196,310,24,77,1,1,1
735,5,196,310,24,77,1,1,1
736,5,196,310,24,77,1,1,1
737,5,196,310,26,78,1,1,1
738,5,196,310,28,78,1,1,1
739,5,196,310,29,78,1,1,1
740,5,196,310,29,78,1,1,1
741,5,196,310,30,78,1,1,1
742,5,196,310,30,78,1,1,1
743,5,196,310,30,78,1,1,1
744,5,196,310,30,78,1,1,1
745,5,197,310,30,78,1,1,1
746,5,200,310,27,78,1,1,1
747,5,200,310,27,78,1,1,1
748,5,200,310,28,78,1,1,1
749,5,202,310,26,78,1,1,1
750,5,202,310,26,78,1,1,1
751,5,202,310,26,78,1,1,1
752,5,202,310,26,78,1,1,1
753,5,203,309,26,78,1,1,1
754,5,203,309,26,78,1,1,1
755,5,203,309,26,78,1,1,1
756,5,205,308,26,78,1,1,1
757,5,205,308,26,78,1,1,1
758,5,205,308,26,77,1,1,1
759,5,205,308,26,76,1,1,1
760,5,205,308,26,76,1,1,1
761,5,205,308,26,76,1,1,1
762,5,207,307,25,77,1,1,1
763,5,207,307,27,77,1,1,1
764,5,207,307,27,77,1,1,1
765,5,207,307,31,77,1,1,1
766,5,207,307,31,77,1,1,1
767,5,207,307,31,77,1,1,1
768,5,207,307,32,76,1,1,1
769,5,207,307,32,76,1,1,1
770,5,206,306,33,77,1,1,1
771,5,206,306,33,77,1,1,1
772,5,206,306,33,77,1,1,1
773,5,206,306,29,77,1,1,1
774,5,206,306,28,77,1,1,1
775,5,206,306,28,77,1,1,1
776,5,206,306,26,76,1,1,1
777,5,206,306,26,76,1,1,1
778,5,206,306,26,76,1,1,1
779,5,207,306,25,76,1,1,1
780,5,207,306,25,76,1,1,1
781,5,207,306,26,76,1,1,1
782,5,207,306,26,76,1,1,1
783,5,207,306,27,76,1,1,1
784,5,207,306,28,75,1,1,1
785,5,208,307,27,74,1,1,1
786,5,208,307,28,74,1,1,1
787,5,209,307,28,74,1,1,1
788,5,208,307,28,74,1,1,1
789,5,211,307,25,74,1,1,1
790,5,211,307,26,74,1,1,1
791,5,212,307,25,74,1,1,1
792,5,210,307,25,73,1,1,1
793,5,214,307,23,73,1,1,1
794,5,214,307,23,73,1,1,1
795,5,215,307,25,74,1,1,1
796,5,215,307,27,75,1,1,1
797,5,216,307,27,75,1,1,1
798,5,216,307,30,75,1,1,1
799,5,216,307,32,75,1,1,1
800,5,216,307,33,75,1,1,1
801,5,216,307,34,75,1,1,1
802,5,217,307,34,75,1,1,1
803,5,217,307,34,75,1,1,1
804,5,217,307,34,75,1,1,1
805,5,217,309,34,73,1,1,1
806,5,217,309,36,73,1,1,1
807,5,217,309,36,73,1,1,1
808,5,218,309,35,74,1,1,1
809,5,218,309,35,74,1,1,1
810,5,218,309,36,74,1,1,1
811,5,221,309,32,73,1,1,1
812,5,221,309,32,73,1,1,1
813,5,224,309,29,73,1,1,1
814,5,224,309,29,73,1,1,1
815,5,226,310,28,73,1,1,1
816,5,226,310,30,73,1,1,1
817,5,228,310,30,73,1,1,1
818,5,228,310,30,73,1,1,1
819,5,229,310,29,73,1,1,1
820,5,229,310,29,73,1,1,1
821,5,228,311,31,72,1,1,1
822,5,228,311,31,72,1,1,1
823,5,226,311,31,72,1,1,1
824,5,226,311,31,72,1,1,1
825,5,226,311,31,72,1,1,1
826,5,226,311,28,72,1,1,1
827,5,225,312,29,73,1,1,1
828,5,225,312,29,73,1,1,1
829,5,225,312,29,73,1,1,1
830,5,225,313,28,73,1,1,1
831,5,225,314,28,73,1,1,1
832,5,223,314,30,73,1,1,1
833,5,223,314,30,73,1,1,1
834,5,223,315,30,74,1,1,1
835,5,224,317,29,68,1,1,1
836,5,224,318,29,67,1,1,1
837,5,224,319,30,69,1,1,1
838,5,224,319,30,69,1,1,1
839,5,224,319,30,70,1,1,1
840,5,224,319,30,71,1,1,1
841,5,224,319,32,71,1,1,1
842,5,224,321,32,71,1,1,1
843,5,225,321,31,71,1,1,1
844,5,225,321,34,74,1,1,1
845,5,225,322,34,74,1,1,1
846,5,226,322,34,74,1,1,1
847,5,226,322,34,75,1,1,1
848,5,227,324,34,71,1,1,1
849,5,227,324,35,72,1,1,1
850,5,227,325,34,71,1,1,1
851,5,227,325,35,72,1,1,1
852,5,228,325,32,72,1,1,1
853,5,228,325,32,74,1,1,1
854,5,229,325,32,75,1,1,1
855,5,227,326,31,74,1,1,1
856,5,228,326,31,74,1,1,1
857,5,229,327,31,74,1,1,1
858,5,229,327,31,74,1,1,1
859,5,230,327,33,74,1,1,1
860,5,230,327,35,74,1,1,1
861,5,230,327,35,74,1,1,1
862,5,230,327,35,73,1,1,1
863,5,230,326,35,74,1,1,1
864,5,232,327,35,74,1,1,1
865,5,233,327,32,74,1,1,1
866,5,234,328,31,72,1,1,1
867,5,233,325,33,75,1,1,1
868,5,234,321,32,78,1,1,1
869,5,233,323,32,77,1,1,1
870,5,234,322,30,80,1,1,1
871,5,234,321,33,79,1,1,1
872,5,235,320,31,81,1,1,1
873,5,235,319,28,81,1,1,1
874,5,235,319,27,81,1,1,1
875,5,235,318,27,82,1,1,1
876,5,235,318,27,82,1,1,1
877,5,235,318,27,82,1,1,1
878,5,233,318,29,83,1,1,1
879,5,233,318,29,83,1,1,1
880,5,234,318,29,82,1,1,1
881,5,234,318,28,81,1,1,1
882,5,234,319,28,81,1,1,1
883,5,236,319,26,81,1,1,1
884,5,236,319,26,81,1,1,1
885,5,236,319,26,81,1,1,1
886,5,236,319,26,81,1,1,1
887,5,235,319,26,81,1,1,1
888,5,235,319,28,82,1,1,1
889,5,235,319,27,81,1,1,1
890,5,234,319,28,81,1,1,1
891,5,234,319,27,81,1,1,1
892,5,233,319,28,80,1,1,1
893,5,233,318,28,82,1,1,1
894,5,232,318,29,82,1,1,1
895,5,232,318,28,82,1,1,1
896,5,231,318,28,82,1,1,1
897,5,234,318,24,82,1,1,1
898,5,233,318,24,82,1,1,1
899,5,233,317,24,83,1,1,1
900,5,232,317,24,83,1,1,1
901,5,235,317,21,83,1,1,1
902,5,234,317,23,83,1,1,1
903,5,233,317,24,83,1,1,1
904,5,232,317,24,83,1,1,1
905,5,232,317,24,83,1,1,1
906,5,232,317,23,83,1,1,1
907,5,230,317,25,83,1,1,1
908,5,229,317,27,83,1,1,1
909,5,228,317,28,83,1,1,1
910,5,228,317,28,83,1,1,1
911,5,228,316,27,84,1,1,1
912,5,227,316,28,84,1,1,1
913,5,227,315,28,84,1,1,1
914,5,226,315,29,84,1,1,1
915,5,226,316,29,83,1,1,1
916,5,226,316,29,83,1,1,1
917,5,226,316,28,83,1,1,1
918,5,226,317,28,82,1,1,1
919,5,225,317,29,82,1,1,1
920,5,225,316,29,82,1,1,1
921,5,225,317,29,82,1,1,1
922,5,225,317,29,82,1,1,1
923,5,225,317,28,82,1,1,1
924,5,225,317,31,82,1,1,1
925,5,225,317,31,82,1,1,1
926,5,225,317,31,82,1,1,1
927,5,224,317,32,82,1,1,1
928,5,224,317,32,82,1,1,1
929,5,224,317,32,82,1,1,1
930,5,224,317,32,82,1,1,1
931,5,224,317,30,82,1,1,1
932,5,224,317,30,82,1,1,1
933,5,224,317,30,82,1,1,1
934,5,224,317,30,82,1,1,1
935,5,225,317,30,82,1,1,1
936,5,225,317,30,82,1,1,1
937,5,225,317,30,82,1,1,1
938,5,226,317,30,82,1,1,1
939,5,226,317,30,82,1,1,1
940,5,227,317,30,82,1,1,1
941,5,227,317,30,82,1,1,1
942,5,228,317,29,82,1,1,1
943,5,228,317,30,82,1,1,1
944,5,228,317,30,82,1,1,1
945,5,229,317,30,82,1,1,1
946,5,229,317,30,82,1,1,1
947,5,229,317,30,82,1,1,1
948,5,231,317,28,83,1,1,1
949,5,231,317,28,83,1,1,1
950,5,231,317,29,83,1,1,1
951,5,231,317,29,83,1,1,1
952,5,232,316,28,84,1,1,1
953,5,232,317,28,83,1,1,1
954,5,232,316,29,84,1,1,1
955,5,230,317,31,83,1,1,1
956,5,233,317,26,83,1,1,1
957,5,233,318,26,82,1,1,1
958,5,233,318,26,82,1,1,1
959,5,233,318,26,82,1,1,1
960,5,231,319,28,81,1,1,1
961,5,231,319,28,81,1,1,1
962,5,232,319,27,81,1,1,1
963,5,231,319,26,82,1,1,1
964,5,231,319,26,82,1,1,1
965,5,231,320,27,81,1,1,1
966,5,231,321,27,81,1,1,1
967,5,231,321,27,81,1,1,1
968,5,230,321,29,82,1,1,1
969,5,230,321,29,82,1,1,1
970,5,231,322,28,81,1,1,1
971,5,231,322,28,81,1,1,1
972,5,231,322,28,82,1,1,1
973,5,229,322,27,81,1,1,1
974,5,229,322,27,81,1,1,1
975,5,229,322,28,81,1,1,1
976,5,229,322,28,81,1,1,1
977,5,229,322,28,81,1,1,1
978,5,228,322,27,81,1,1,1
979,5,228,322,27,81,1,1,1
980,5,224,323,31,81,1,1,1
981,5,223,323,32,82,1,1,1
982,5,220,323,35,83,1,1,1
983,5,220,323,35,83,1,1,1
984,5,219,323,36,84,1,1,1
985,5,218,324,36,83,1,1,1
986,5,219,323,36,85,1,1,1
987,5,219,323,36,85,1,1,1
988,5,218,325,34,83,1,1,1
989,5,218,325,34,83,1,1,1
990,5,218,325,35,83,1,1,1
991,5,219,325,28,83,1,1,1
992,5,218,325,29,84,1,1,1
993,5,214,325,32,83,1,1,1
994,5,213,325,34,86,1,1,1
995,5,211,325,32,85,1,1,1
996,5,209,325,33,87,1,1,1
997,5,208,325,34,87,1,1,1
998,5,206,324,33,88,1,1,1
999,5,206,324,33,89,1,1,1
1000,5,206,326,33,88,1,1,1
1001,5,206,325,33,90,1,1,1
1002,5,209,326,30,89,1,1,1
1003,5,209,326,30,89,1,1,1
1004,5,210,326,30,89,1,1,1
1005,5,211,326,30,90,1,1,1
1006,5,212,326,30,89,1,1,1
1,6,137,304,21,64,1,1,1
2,6,136,304,22,64,1,1,1
3,6,135,304,21,65,1,1,1
4,6,135,303,21,65,1,1,1
5,6,135,303,21,65,1,1,1
6,6,135,303,21,65,1,1,1
7,6,134,303,21,65,1,1,1
8,6,134,303,21,65,1,1,1
9,6,131,303,23,65,1,1,1
10,6,131,303,23,65,1,1,1
11,6,131,303,23,65,1,1,1
12,6,130,303,24,65,1,1,1
13,6,130,303,24,65,1,1,1
14,6,128,302,26,66,1,1,1
15,6,128,302,26,66,1,1,1
16,6,128,302,25,66,1,1,1
17,6,128,302,25,66,1,1,1
18,6,128,302,25,66,1,1,1
19,6,128,302,24,66,1,1,1
20,6,128,302,24,66,1,1,1
21,6,128,302,24,65,1,1,1
22,6,129,303,24,65,1,1,1
23,6,129,303,23,64,1,1,1
24,6,129,303,24,64,1,1,1
25,6,130,303,23,64,1,1,1
26,6,132,303,21,63,1,1,1
27,6,132,302,22,64,1,1,1
28,6,132,302,20,64,1,1,1
29,6,132,302,20,64,1,1,1
30,6,133,302,19,64,1,1,1
31,6,133,302,19,64,1,1,1
32,6,133,302,20,64,1,1,1
33,6,133,301,20,65,1,1,1
34,6,134,301,19,65,1,1,1
35,6,134,301,19,65,1,1,1
36,6,134,301,20,64,1,1,1
37,6,134,302,20,63,1,1,1
38,6,135,302,19,63,1,1,1
39,6,135,302,19,63,1,1,1
40,6,135,302,19,63,1,1,1
41,6,136,302,19,63,1,1,1
42,6,136,302,19,63,1,1,1
43,6,136,302,19,62,1,1,1
44,6,137,302,19,62,1,1,1
45,6,132,303,25,62,1,1,1
46,6,134,302,25,62,1,1,1
47,6,134,303,25,61,1,1,1
48,6,134,303,25,61,1,1,1
49,6,135,302,25,62,1,1,1
50,6,135,301,25,62,1,1,1
51,6,136,301,25,62,1,1,1
52,6,137,301,25,62,1,1,1
53,6,137,301,25,62,1,1,1
54,6,138,301,24,62,1,1,1
55,6,138,301,25,63,1,1,1
56,6,138,301,25,63,1,1,1
57,6,138,302,25,62,1,1,1
58,6,139,302,24,62,1,1,1
59,6,139,302,25,62,1,1,1
60,6,142,301,25,63,1,1,1
61,6,144,300,26,63,1,1,1
62,6,147,302,24,61,1,1,1
63,6,151,302,21,60,1,1,1
64,6,151,301,22,62,1,1,1
65,6,152,302,21,60,1,1,1
66,6,152,301,21,62,1,1,1
67,6,152,301,22,63,1,1,1
68,6,153,301,21,63,1,1,1
69,6,154,300,21,63,1,1,1
70,6,154,300,21,63,1,1,1
71,6,153,302,22,63,1,1,1
72,6,153,302,22,63,1,1,1
73,6,155,303,20,60,1,1,1
74,6,155,303,20,60,1,1,1
75,6,155,303,20,60,1,1,1
76,6,155,302,22,61,1,1,1
77,6,155,302,22,61,1,1,1
78,6,155,302,22,61,1,1,1
79,6,155,302,22,63,1,1,1
80,6,155,302,22,63,1,1,1
81,6,155,302,22,63,1,1,1
82,6,155,303,21,62,1,1,1
83,6,154,303,22,62,1,1,1
84,6,154,303,22,63,1,1,1
85,6,153,303,23,64,1,1,1
86,6,153,303,22,64,1,1,1
87,6,153,303,22,64,1,1,1
88,6,152,303,23,64,1,1,1
89,6,152,303,23,64,1,1,1
90,6,152,302,23,65,1,1,1
91,6,152,302,23,65,1,1,1
92,6,152,302,23,65,1,1,1
93,6,152,302,23,65,1,1,1
94,6,152,302,23,65,1,1,1
95,6,152,302,23,65,1,1,1
96,6,153,302,23,65,1,1,1
97,6,153,302,23,65,1,1,1
98,6,153,303,23,64,1,1,1
99,6,153,303,23,64,1,1,1
100,6,154,303,24,67,1,1,1
101,6,153,303,25,65,1,1,1
102,6,152,303,27,68,1,1,1
103,6,152,305,27,66,1,1,1
104,6,153,305,27,66,1,1,1
105,6,153,305,27,66,1,1,1
106,6,154,305,27,67,1,1,1
107,6,154,305,27,66,1,1,1
108,6,156,305,27,65,1,1,1
109,6,158,305,25,66,1,1,1
110,6,159,305,24,66,1,1,1
111,6,160,305,25,65,1,1,1
112,6,161,306,25,65,1,1,1
113,6,162,306,27,66,1,1,1
114,6,162,306,29,66,1,1,1
115,6,162,306,32,66,1,1,1
116,6,163,306,32,66,1,1,1
117,6,162,306,35,67,1,1,1
118,6,163,306,35,67,1,1,1
119,6,165,306,33,67,1,1,1
120,6,166,306,33,67,1,1,1
121,6,170,307,27,65,1,1,1
122,6,171,307,28,65,1,1,1
123,6,175,306,25,67,1,1,1
124,6,180,305,21,68,1,1,1
125,6,183,305,19,68,1,1,1
126,6,184,305,22,69,1,1,1
127,6,184,305,23,69,1,1,1
128,6,184,305,30,69,1,1,1
129,6,184,305,35,69,1,1,1
130,6,184,306,38,68,1,1,1
131,6,184,307,39,67,1,1,1
132,6,185,307,40,66,1,1,1
133,6,185,307,41,66,1,1,1
134,6,185,307,43,66,1,1,1
135,6,186,307,43,66,1,1,1
136,6,190,307,39,67,1,1,1
137,6,193,307,36,66,1,1,1
138,6,198,307,31,67,1,1,1
139,6,202,307,28,67,1,1,1
140,6,206,307,28,66,1,1,1
141,6,206,307,30,67,1,1,1
142,6,211,306,27,68,1,1,1
143,6,213,306,29,68,1,1,1
144,6,214,306,33,69,1,1,1
145,6,215,306,33,69,1,1,1
146,6,213,307,37,67,1,1,1
147,6,214,307,37,67,1,1,1
148,6,214,306,39,68,1,1,1
149,6,215,306,39,68,1,1,1
150,6,218,306,36,69,1,1,1
151,6,219,306,36,69,1,1,1
152,6,224,305,32,70,1,1,1
153,6,229,308,28,66,1,1,1
154,6,231,308,25,67,1,1,1
155,6,234,308,23,67,1,1,1
156,6,236,308,25,68,1,1,1
157,6,238,308,24,68,1,1,1
158,6,239,308,28,66,1,1,1
159,6,239,307,34,68,1,1,1
160,6,240,307,38,68,1,1,1
161,6,241,307,40,68,1,1,1
162,6,243,307,41,67,1,1,1
163,6,241,308,41,66,1,1,1
164,6,243,308,41,66,1,1,1
165,6,245,308,40,66,1,1,1
166,6,247,308,40,65,1,1,1
167,6,249,308,41,65,1,1,1
168,6,254,308,32,65,1,1,1
169,6,258,308,29,66,1,1,1
170,6,261,308,26,66,1,1,1
171,6,266,308,22,67,1,1,1
172,6,267,308,21,66,1,1,1
173,6,268,308,21,66,1,1,1
174,6,269,308,24,67,1,1,1
175,6,269,308,29,67,1,1,1
176,6,270,308,29,67,1,1,1
177,6,272,309,28,65,1,1,1
178,6,272,308,33,66,1,1,1
179,6,272,308,34,66,1,1,1
180,6,273,308,33,67,1,1,1
181,6,273,308,34,67,1,1,1
182,6,279,308,28,67,1,1,1
183,6,284,308,24,67,1,1,1
184,6,285,308,23,67,1,1,1
185,6,289,308,23,67,1,1,1
186,6,289,308,24,67,1,1,1
187,6,290,308,23,67,1,1,1
188,6,290,308,24,68,1,1,1
189,6,290,308,26,67,1,1,1
190,6,293,308,23,67,1,1,1
191,6,293,308,23,67,1,1,1
192,6,294,308,37,67,1,1,1
193,6,294,308,38,68,1,1,1
194,6,299,308,33,69,1,1,1
195,6,303,308,29,69,1,1,1
196,6,303,311,30,67,1,1,1
197,6,303,311,30,68,1,1,1
198,6,303,311,30,68,1,1,1
199,6,307,311,26,70,1,1,1
200,6,307,311,26,70,1,1,1
201,6,308,310,26,69,1,1,1
202,6,306,310,29,69,1,1,1
203,6,306,310,29,69,1,1,1
204,6,307,310,28,69,1,1,1
205,6,307,310,26,69,1,1,1
206,6,308,310,26,69,1,1,1
207,6,308,311,26,69,1,1,1
208,6,308,311,27,69,1,1,1
209,6,308,311,27,70,1,1,1
210,6,308,312,28,70,1,1,1
211,6,307,312,29,70,1,1,1
212,6,307,312,29,70,1,1,1
213,6,307,312,29,70,1,1,1
214,6,307,312,29,70,1,1,1
215,6,307,312,29,70,1,1,1
216,6,307,312,29,70,1,1,1
217,6,307,312,29,70,1,1,1
218,6,307,312,30,70,1,1,1
219,6,307,312,30,70,1,1,1
220,6,307,312,30,73,1,1,1
221,6,307,312,28,73,1,1,1
222,6,307,313,28,73,1,1,1
223,6,306,313,29,72,1,1,1
224,6,306,313,29,73,1,1,1
225,6,306,313,28,73,1,1,1
226,6,304,316,32,72,1,1,1
227,6,304,316,32,72,1,1,1
228,6,304,316,31,72,1,1,1
229,6,303,316,31,71,1,1,1
230,6,302,316,31,72,1,1,1
231,6,302,316,31,72,1,1,1
232,6,302,316,31,72,1,1,1
233,6,301,316,29,72,1,1,1
234,6,301,316,28,72,1,1,1
235,6,300,316,29,73,1,1,1
236,6,300,316,28,73,1,1,1
237,6,297,316,31,73,1,1,1
238,6,297,316,30,73,1,1,1
239,6,296,317,30,73,1,1,1
240,6,294,318,31,72,1,1,1
241,6,294,318,31,72,1,1,1
242,6,292,318,31,73,1,1,1
243,6,292,318,31,75,1,1,1
244,6,291,318,31,75,1,1,1
245,6,289,318,32,76,1,1,1
246,6,289,318,31,75,1,1,1
247,6,291,318,26,73,1,1,1
248,6,287,316,29,75,1,1,1
249,6,287,316,26,75,1,1,1
250,6,286,316,26,75,1,1,1
251,6,282,316,28,75,1,1,1
252,6,281,316,28,79,1,1,1
253,6,278,316,30,79,1,1,1
254,6,277,316,30,80,1,1,1
255,6,274,319,35,76,1,1,1
256,6,273,319,35,76,1,1,1
257,6,271,319,35,77,1,1,1
258,6,270,319,35,77,1,1,1
259,6,272,319,31,78,1,1,1
260,6,270,319,32,78,1,1,1
261,6,268,320,32,76,1,1,1
262,6,267,320,29,76,1,1,1
263,6,266,320,27,76,1,1,1
264,6,265,320,26,76,1,1,1
265,6,264,320,24,76,1,1,1
266,6,261,320,26,76,1,1,1
267,6,258,320,28,76,1,1,1
268,6,252,320,34,76,1,1,1
269,6,248,320,37,76,1,1,1
270,6,245,321,39,75,1,1,1
271,6,244,321,40,75,1,1,1
272,6,243,321,40,75,1,1,1
273,6,241,322,39,74,1,1,1
274,6,240,322,40,74,1,1,1
275,6,242,321,39,76,1,1,1
276,6,241,321,38,77,1,1,1
277,6,242,321,35,77,1,1,1
278,6,244,321,30,76,1,1,1
279,6,242,321,29,76,1,1,1
280,6,243,321,21,76,1,1,1
281,6,238,322,23,76,1,1,1
282,6,235,321,24,78,1,1,1
283,6,232,321,24,78,1,1,1
284,6,228,321,26,79,1,1,1
285,6,225,321,28,79,1,1,1
286,6,223,322,28,78,1,1,1
287,6,222,322,28,77,1,1,1
288,6,221,323,27,77,1,1,1
289,6,223,323,25,77,1,1,1
290,6,222,323,25,76,1,1,1
291,6,220,323,25,77,1,1,1
292,6,220,323,25,77,1,1,1
293,6,219,323,27,78,1,1,1
294,6,217,324,30,76,1,1,1
295,6,212,324,34,78,1,1,1
296,6,209,324,38,76,1,1,1
297,6,207,324,44,76,1,1,1
298,6,204,324,48,76,1,1,1
299,6,204,328,48,72,1,1,1
300,6,205,328,48,72,1,1,1
301,6,205,333,49,66,1,1,1
302,6,204,333,49,66,1,1,1
303,6,204,332,49,67,1,1,1
304,6,204,332,49,67,1,1,1
305,6,203,332,50,67,1,1,1
306,6,203,332,50,66,1,1,1
307,6,202,333,51,66,1,1,1
308,6,202,333,51,66,1,1,1
309,6,202,333,51,66,1,1,1
310,6,202,333,47,66,1,1,1
311,6,202,333,46,66,1,1,1
312,6,202,333,43,66,1,1,1
313,6,202,333,43,66,1,1,1
314,6,203,332,40,66,1,1,1
315,6,203,332,40,66,1,1,1
316,6,203,332,40,66,1,1,1
317,6,206,332,37,66,1,1,1
318,6,206,332,38,66,1,1,1
319,6,206,332,38,66,1,1,1
320,6,207,332,37,66,1,1,1
321,6,207,332,37,66,1,1,1
322,6,209,332,35,65,1,1,1
323,6,212,329,31,68,1,1,1
324,6,216,328,28,69,1,1,1
325,6,218,327,26,70,1,1,1
326,6,219,327,26,70,1,1,1
327,6,217,327,29,70,1,1,1
328,6,218,326,30,70,1,1,1
329,6,218,326,30,72,1,1,1
330,6,219,328,30,70,1,1,1
331,6,218,328,32,70,1,1,1
332,6,218,326,34,70,1,1,1
333,6,219,326,34,71,1,1,1
334,6,220,326,32,71,1,1,1
335,6,221,327,32,70,1,1,1
336,6,222,324,31,73,1,1,1
337,6,228,325,26,72,1,1,1
338,6,229,325,28,73,1,1,1
339,6,229,326,29,72,1,1,1
340,6,229,328,34,70,1,1,1
341,6,227,330,38,68,1,1,1
342,6,228,330,37,69,1,1,1
343,6,229,331,35,67,1,1,1
344,6,229,332,35,66,1,1,1
345,6,229,335,35,63,1,1,1
346,6,229,335,35,63,1,1,1
347,6,230,335,35,63,1,1,1
348,6,230,338,35,59,1,1,1
349,6,230,338,35,62,1,1,1
350,6,230,340,35,60,1,1,1
351,6,230,340,35,60,1,1,1
352,6,230,342,35,58,1,1,1
353,6,228,342,37,58,1,1,1
354,6,227,342,37,58,1,1,1
355,6,227,342,37,58,1,1,1
356,6,226,342,40,58,1,1,1
357,6,228,340,37,60,1,1,1
358,6,228,340,37,61,1,1,1
359,6,227,340,37,60,1,1,1
360,6,228,338,38,62,1,1,1
361,6,227,338,42,62,1,1,1
362,6,226,338,44,63,1,1,1
363,6,226,338,45,63,1,1,1
364,6,225,338,45,63,1,1,1
365,6,224,339,45,61,1,1,1
366,6,224,339,47,61,1,1,1
367,6,224,340,46,60,1,1,1
368,6,224,340,46,60,1,1,1
369,6,223,341,46,59,1,1,1
370,6,222,342,48,58,1,1,1
371,6,225,338,45,62,1,1,1
372,6,225,338,48,62,1,1,1
373,6,225,338,48,62,1,1,1
374,6,225,338,46,62,1,1,1
375,6,225,338,46,62,1,1,1
376,6,224,338,47,62,1,1,1
377,6,224,338,47,62,1,1,1
378,6,224,337,47,62,1,1,1
379,6,224,337,47,62,1,1,1
380,6,224,335,47,64,1,1,1
381,6,224,335,47,65,1,1,1
382,6,223,334,50,65,1,1,1
383,6,219,334,53,65,1,1,1
384,6,219,334,53,65,1,1,1
385,6,215,334,57,65,1,1,1
386,6,215,335,56,64,1,1,1
387,6,215,335,53,64,1,1,1
388,6,213,335,53,64,1,1,1
389,6,214,333,49,66,1,1,1
390,6,214,333,44,67,1,1,1
391,6,215,332,45,69,1,1,1
392,6,215,333,44,68,1,1,1
393,6,215,330,46,69,1,1,1
394,6,215,330,46,69,1,1,1
395,6,217,330,44,70,1,1,1
396,6,217,330,44,70,1,1,1
397,6,221,331,41,71,1,1,1
398,6,221,333,40,69,1,1,1
399,6,222,333,39,68,1,1,1
400,6,222,333,35,68,1,1,1
401,6,222,333,35,68,1,1,1
402,6,222,333,35,68,1,1,1
403,6,222,332,35,69,1,1,1
404,6,222,332,35,69,1,1,1
405,6,222,331,35,70,1,1,1
406,6,221,330,36,72,1,1,1
407,6,221,330,33,72,1,1,1
408,6,221,330,33,72,1,1,1
409,6,222,329,33,73,1,1,1
410,6,221,329,32,73,1,1,1
411,6,221,328,32,74,1,1,1
412,6,222,327,32,74,1,1,1
413,6,222,327,32,74,1,1,1
414,6,222,327,32,74,1,1,1
415,6,223,327,32,74,1,1,1
416,6,223,326,34,75,1,1,1
417,6,224,326,34,75,1,1,1
418,6,227,326,32,75,1,1,1
419,6,231,326,28,75,1,1,1
420,6,233,324,27,75,1,1,1
421,6,233,324,28,75,1,1,1
422,6,235,323,27,76,1,1,1
423,6,237,324,26,75,1,1,1
424,6,238,324,26,75,1,1,1
425,6,238,323,33,76,1,1,1
426,6,239,323,35,76,1,1,1
427,6,240,323,35,76,1,1,1
428,6,240,323,37,76,1,1,1
429,6,241,323,36,75,1,1,1
430,6,242,325,36,72,1,1,1
431,6,242,325,35,72,1,1,1
432,6,246,324,32,73,1,1,1
433,6,246,324,32,73,1,1,1
434,6,246,323,32,73,1,1,1
435,6,247,323,32,72,1,1,1
436,6,247,321,32,74,1,1,1
437,6,246,320,32,74,1,1,1
438,6,246,320,31,73,1,1,1
439,6,246,320,31,73,1,1,1
440,6,246,320,31,72,1,1,1
441,6,247,320,30,72,1,1,1
442,6,247,320,30,72,1,1,1
443,6,243,320,34,71,1,1,1
444,6,240,318,38,73,1,1,1
445,6,237,316,41,73,1,1,1
446,6,236,316,42,73,1,1,1
447,6,237,316,41,73,1,1,1
448,6,237,316,41,73,1,1,1
449,6,238,316,40,73,1,1,1
450,6,239,316,40,72,1,1,1
451,6,239,317,40,71,1,1,1
452,6,238,317,41,71,1,1,1
453,6,242,318,37,70,1,1,1
454,6,244,318,35,69,1,1,1
455,6,245,318,34,71,1,1,1
456,6,245,318,34,70,1,1,1
457,6,246,318,33,70,1,1,1
458,6,249,317,31,71,1,1,1
459,6,250,317,30,70,1,1,1
460,6,252,315,29,70,1,1,1
461,6,253,315,29,70,1,1,1
462,6,253,314,30,70,1,1,1
463,6,256,314,27,68,1,1,1
464,6,256,313,28,68,1,1,1
465,6,256,313,28,68,1,1,1
466,6,257,313,27,68,1,1,1
467,6,258,313,27,68,1,1,1
468,6,258,313,27,68,1,1,1
469,6,258,313,27,67,1,1,1
470,6,263,313,24,67,1,1,1
471,6,262,312,25,69,1,1,1
472,6,262,312,26,68,1,1,1
473,6,263,312,25,68,1,1,1
474,6,265,312,21,68,1,1,1
475,6,266,312,21,68,1,1,1
476,6,267,309,21,69,1,1,1
477,6,270,309,19,69,1,1,1
478,6,270,308,21,69,1,1,1
479,6,271,308,21,68,1,1,1
480,6,270,308,22,68,1,1,1
481,6,271,308,26,67,1,1,1
482,6,272,308,26,67,1,1,1
483,6,272,308,26,66,1,1,1
484,6,273,309,25,65,1,1,1
485,6,273,309,28,67,1,1,1
486,6,274,309,28,66,1,1,1
487,6,275,309,27,65,1,1,1
488,6,279,311,22,63,1,1,1
489,6,280,310,23,62,1,1,1
490,6,280,310,25,62,1,1,1
491,6,279,310,25,62,1,1,1
492,6,279,309,25,64,1,1,1
493,6,282,310,21,60,1,1,1
494,6,282,310,24,60,1,1,1
495,6,281,310,24,59,1,1,1
496,6,281,311,23,58,1,1,1
497,6,281,311,22,57,1,1,1
498,6,283,311,22,57,1,1,1
499,6,282,311,22,56,1,1,1
500,6,282,311,21,55,1,1,1
501,6,281,311,21,55,1,1,1
502,6,282,309,22,57,1,1,1
503,6,281,309,22,58,1,1,1
504,6,280,310,23,58,1,1,1
505,6,279,311,23,59,1,1,1
506,6,282,311,24,60,1,1,1
507,6,281,311,24,60,1,1,1
508,6,281,311,24,61,1,1,1
509,6,279,311,24,60,1,1,1
510,6,279,311,24,59,1,1,1
511,6,281,311,22,59,1,1,1
512,6,281,311,22,59,1,1,1
513,6,280,310,23,59,1,1,1
514,6,280,310,23,59,1,1,1
515,6,280,310,22,59,1,1,1
516,6,279,310,23,59,1,1,1
517,6,279,310,23,60,1,1,1
518,6,274,309,27,61,1,1,1
519,6,274,309,27,61,1,1,1
520,6,273,310,27,61,1,1,1
521,6,276,310,25,61,1,1,1
522,6,273,310,26,62,1,1,1
523,6,273,310,26,62,1,1,1
524,6,273,310,26,62,1,1,1
525,6,272,310,26,63,1,1,1
526,6,272,310,26,64,1,1,1
527,6,272,310,26,63,1,1,1
528,6,269,310,27,64,1,1,1
529,6,268,309,27,65,1,1,1
530,6,267,309,26,65,1,1,1
531,6,267,309,26,67,1,1,1
532,6,266,309,27,68,1,1,1
533,6,261,309,32,68,1,1,1
534,6,261,309,32,69,1,1,1
535,6,256,309,38,69,1,1,1
536,6,256,309,36,69,1,1,1
537,6,255,309,37,70,1,1,1
538,6,255,309,36,71,1,1,1
539,6,254,312,36,66,1,1,1
540,6,253,311,35,68,1,1,1
541,6,253,310,33,69,1,1,1
542,6,252,310,29,69,1,1,1
543,6,252,310,26,70,1,1,1
544,6,249,309,25,71,1,1,1
545,6,247,309,26,72,1,1,1
546,6,245,309,25,72,1,1,1
547,6,241,309,28,70,1,1,1
548,6,236,309,33,70,1,1,1
549,6,232,312,36,67,1,1,1
550,6,230,312,37,67,1,1,1
551,6,229,312,37,67,1,1,1
552,6,230,313,34,65,1,1,1
553,6,229,314,34,64,1,1,1
554,6,229,313,31,65,1,1,1
555,6,228,313,30,65,1,1,1
556,6,228,312,30,66,1,1,1
557,6,225,312,30,66,1,1,1
558,6,223,311,31,67,1,1,1
559,6,220,311,34,67,1,1,1
560,6,218,311,36,67,1,1,1
561,6,216,311,38,67,1,1,1
562,6,214,311,40,67,1,1,1
563,6,214,311,40,67,1,1,1
564,6,214,311,37,67,1,1,1
565,6,210,311,41,67,1,1,1
566,6,210,309,41,69,1,1,1
567,6,210,309,41,69,1,1,1
568,6,210,309,41,69,1,1,1
569,6,210,309,41,69,1,1,1
570,6,210,309,41,69,1,1,1
571,6,210,309,43,68,1,1,1
572,6,210,309,43,68,1,1,1
573,6,210,310,48,67,1,1,1
574,6,213,310,45,67,1,1,1
575,6,213,314,45,64,1,1,1
576,6,216,315,41,63,1,1,1
577,6,216,315,41,63,1,1,1
578,6,215,315,41,63,1,1,1
579,6,214,315,41,63,1,1,1
580,6,212,315,45,62,1,1,1
581,6,212,315,44,62,1,1,1
582,6,208,315,45,63,1,1,1
583,6,204,312,48,65,1,1,1
584,6,202,312,46,64,1,1,1
585,6,202,311,45,65,1,1,1
586,6,200,310,40,62,1,1,1
587,6,200,308,35,65,1,1,1
588,6,193,306,41,67,1,1,1
589,6,192,306,39,66,1,1,1
590,6,192,306,38,66,1,1,1
591,6,192,306,35,65,1,1,1
592,6,189,305,38,66,1,1,1
593,6,189,305,37,66,1,1,1
594,6,194,305,32,66,1,1,1
595,6,192,308,32,63,1,1,1
596,6,185,308,39,63,1,1,1
597,6,181,308,42,63,1,1,1
598,6,180,308,43,63,1,1,1
599,6,180,308,38,63,1,1,1
600,6,180,308,37,63,1,1,1
601,6,180,308,35,60,1,1,1
602,6,180,308,29,60,1,1,1
603,6,176,308,27,60,1,1,1
604,6,173,308,25,60,1,1,1
605,6,171,306,24,61,1,1,1
606,6,167,305,24,60,1,1,1
607,6,166,303,24,60,1,1,1
608,6,166,303,24,60,1,1,1
609,6,164,304,24,59,1,1,1
610,6,164,305,23,58,1,1,1
611,6,163,307,23,57,1,1,1
612,6,160,308,23,56,1,1,1
613,6,157,308,26,56,1,1,1
614,6,153,308,31,56,1,1,1
615,6,154,308,30,58,1,1,1
616,6,154,308,30,58,1,1,1
617,6,150,309,36,57,1,1,1
618,6,151,309,35,57,1,1,1
619,6,150,309,38,58,1,1,1
620,6,150,309,38,58,1,1,1
621,6,151,309,38,57,1,1,1
622,6,151,309,39,57,1,1,1
623,6,151,308,39,58,1,1,1
624,6,151,308,40,58,1,1,1
625,6,151,308,40,58,1,1,1
626,6,154,307,41,59,1,1,1
627,6,157,307,40,58,1,1,1
628,6,159,307,39,58,1,1,1
629,6,162,307,39,57,1,1,1
630,6,164,306,38,58,1,1,1
631,6,169,306,36,59,1,1,1
632,6,173,305,33,60,1,1,1
633,6,175,305,32,60,1,1,1
634,6,180,305,27,60,1,1,1
635,6,180,305,28,61,1,1,1
636,6,180,304,31,61,1,1,1
637,6,180,304,31,62,1,1,1
638,6,181,304,34,62,1,1,1
639,6,181,304,34,62,1,1,1
640,6,181,304,39,62,1,1,1
641,6,197,304,23,62,1,1,1
642,6,201,304,38,62,1,1,1
643,6,199,304,40,62,1,1,1
644,6,199,304,40,62,1,1,1
645,6,199,303,41,63,1,1,1
646,6,199,299,42,67,1,1,1
647,6,199,298,43,68,1,1,1
648,6,199,297,41,69,1,1,1
649,6,199,295,41,68,1,1,1
650,6,199,294,41,69,1,1,1
651,6,200,294,40,69,1,1,1
652,6,200,293,37,70,1,1,1
653,6,201,293,36,70,1,1,1
654,6,201,292,37,71,1,1,1
655,6,201,296,32,67,1,1,1
656,6,201,296,32,67,1,1,1
657,6,201,298,33,65,1,1,1
658,6,201,302,30,61,1,1,1
659,6,201,302,29,61,1,1,1
660,6,201,303,29,60,1,1,1
661,6,201,303,29,60,1,1,1
662,6,202,303,25,60,1,1,1
663,6,202,303,25,60,1,1,1
664,6,202,303,26,60,1,1,1
665,6,201,302,27,62,1,1,1
666,6,203,303,26,60,1,1,1
667,6,203,302,26,61,1,1,1
668,6,203,305,22,59,1,1,1
669,6,203,305,22,59,1,1,1
670,6,203,305,22,59,1,1,1
671,6,202,305,23,59,1,1,1
672,6,201,305,24,60,1,1,1
673,6,201,304,24,61,1,1,1
674,6,201,292,27,73,1,1,1
675,6,201,292,24,73,1,1,1
676,6,201,285,22,81,1,1,1
677,6,200,285,23,82,1,1,1
678,6,197,278,22,82,1,1,1
679,6,196,277,22,78,1,1,1
680,6,194,277,24,76,1,1,1
681,6,193,276,24,77,1,1,1
682,6,193,276,24,77,1,1,1
683,6,192,277,24,76,1,1,1
684,6,192,279,22,73,1,1,1
685,6,190,283,24,66,1,1,1
686,6,190,284,24,69,1,1,1
687,6,190,292,23,61,1,1,1
688,6,189,295,23,57,1,1,1
689,6,189,297,22,55,1,1,1
690,6,189,300,21,63,1,1,1
691,6,188,300,22,63,1,1,1
692,6,186,303,24,60,1,1,1
693,6,186,304,24,59,1,1,1
694,6,186,303,24,59,1,1,1
695,6,185,304,24,58,1,1,1
696,6,186,304,23,58,1,1,1
697,6,183,295,26,68,1,1,1
698,6,183,292,26,71,1,1,1
699,6,182,292,27,71,1,1,1
700,6,178,292,31,71,1,1,1
701,6,179,297,30,66,1,1,1
702,6,177,298,32,65,1,1,1
703,6,179,298,30,65,1,1,1
704,6,179,298,30,65,1,1,1
705,6,179,299,30,64,1,1,1
706,6,180,299,29,64,1,1,1
707,6,180,300,28,63,1,1,1
708,6,180,300,28,62,1,1,1
709,6,182,301,26,62,1,1,1
710,6,182,301,26,62,1,1,1
711,6,185,301,23,61,1,1,1
712,6,185,301,23,61,1,1,1
713,6,185,301,23,61,1,1,1
714,6,184,301,23,61,1,1,1
715,6,184,300,24,64,1,1,1
716,6,182,300,26,65,1,1,1
717,6,180,300,22,64,1,1,1
718,6,175,300,27,63,1,1,1
719,6,173,300,29,63,1,1,1
720,6,170,300,31,64,1,1,1
721,6,169,300,32,64,1,1,1
722,6,169,301,32,64,1,1,1
723,6,169,303,31,62,1,1,1
724,6,168,303,32,62,1,1,1
725,6,170,303,29,62,1,1,1
726,6,169,303,30,62,1,1,1
727,6,169,303,29,63,1,1,1
728,6,168,303,26,62,1,1,1
729,6,167,303,26,62,1,1,1
730,6,167,303,23,63,1,1,1
731,6,165,303,23,63,1,1,1
732,6,165,303,23,63,1,1,1
733,6,164,303,22,63,1,1,1
734,6,163,303,23,63,1,1,1
735,6,163,302,21,64,1,1,1
736,6,158,302,26,64,1,1,1
737,6,154,303,29,63,1,1,1
738,6,153,303,30,63,1,1,1
739,6,152,304,30,62,1,1,1
740,6,151,304,30,63,1,1,1
741,6,150,304,30,63,1,1,1
742,6,151,304,30,64,1,1,1
743,6,150,304,31,64,1,1,1
744,6,150,304,30,63,1,1,1
745,6,151,304,26,64,1,1,1
746,6,150,304,26,64,1,1,1
747,6,150,304,26,64,1,1,1
748,6,151,304,22,64,1,1,1
749,6,150,304,23,64,1,1,1
750,6,150,305,23,64,1,1,1
751,6,150,305,23,64,1,1,1
752,6,150,305,22,64,1,1,1
753,6,149,305,23,64,1,1,1
754,6,147,305,24,64,1,1,1
755,6,146,305,25,64,1,1,1
756,6,145,306,25,63,1,1,1
757,6,144,309,25,60,1,1,1
758,6,144,310,26,60,1,1,1
759,6,142,312,26,57,1,1,1
760,6,139,313,28,56,1,1,1
761,6,137,315,31,53,1,1,1
762,6,137,315,31,53,1,1,1
763,6,136,318,30,49,1,1,1
764,6,135,319,37,48,1,1,1
765,6,131,319,41,51,1,1,1
766,6,131,319,41,50,1,1,1
767,6,129,321,43,49,1,1,1
768,6,131,321,39,50,1,1,1
769,6,130,321,37,49,1,1,1
770,6,130,321,36,49,1,1,1
771,6,128,317,35,52,1,1,1
772,6,128,314,38,55,1,1,1
773,6,127,314,39,56,1,1,1
774,6,125,313,41,57,1,1,1
775,6,125,313,41,57,1,1,1
776,6,122,312,42,58,1,1,1
777,6,122,312,41,58,1,1,1
778,6,121,312,42,58,1,1,1
779,6,121,312,41,58,1,1,1
780,6,120,311,41,57,1,1,1
781,6,119,310,39,59,1,1,1
782,6,117,309,38,60,1,1,1
783,6,117,307,36,62,1,1,1
784,6,117,307,34,62,1,1,1
785,6,118,305,30,64,1,1,1
786,6,118,305,30,67,1,1,1
787,6,117,304,26,64,1,1,1
788,6,117,304,26,64,1,1,1
789,6,119,304,24,65,1,1,1
790,6,118,304,24,65,1,1,1
791,6,117,304,25,65,1,1,1
792,6,118,304,24,65,1,1,1
793,6,117,304,25,65,1,1,1
794,6,116,304,26,65,1,1,1
795,6,117,304,25,65,1,1,1
796,6,117,304,25,65,1,1,1
797,6,117,304,26,65,1,1,1
798,6,117,304,26,66,1,1,1
799,6,117,304,25,66,1,1,1
800,6,117,304,25,67,1,1,1
801,6,117,305,25,66,1,1,1
802,6,116,305,25,66,1,1,1
803,6,115,305,25,66,1,1,1
804,6,117,305,25,66,1,1,1
805,6,118,305,25,66,1,1,1
806,6,118,305,25,66,1,1,1
807,6,118,305,24,65,1,1,1
808,6,117,306,24,67,1,1,1
809,6,117,306,24,67,1,1,1
810,6,117,306,25,68,1,1,1
811,6,117,306,25,68,1,1,1
812,6,116,306,25,68,1,1,1
813,6,116,307,25,67,1,1,1
814,6,116,306,26,70,1,1,1
815,6,115,307,25,68,1,1,1
816,6,114,307,26,68,1,1,1
817,6,116,308,26,68,1,1,1
818,6,115,308,27,70,1,1,1
819,6,115,308,27,65,1,1,1
820,6,114,308,28,66,1,1,1
821,6,117,307,27,67,1,1,1
822,6,117,307,27,67,1,1,1
823,6,119,307,29,68,1,1,1
824,6,119,307,31,68,1,1,1
825,6,121,307,29,68,1,1,1
826,6,121,307,30,68,1,1,1
827,6,121,307,30,68,1,1,1
828,6,121,307,31,69,1,1,1
829,6,121,307,32,70,1,1,1
830,6,121,306,31,70,1,1,1
831,6,122,308,31,68,1,1,1
832,6,123,308,30,68,1,1,1
833,6,123,308,30,69,1,1,1
834,6,124,308,31,69,1,1,1
835,6,126,308,30,70,1,1,1
836,6,130,309,27,69,1,1,1
837,6,130,308,27,68,1,1,1
838,6,131,308,27,68,1,1,1
839,6,133,308,27,70,1,1,1
840,6,134,308,27,69,1,1,1
841,6,136,308,26,69,1,1,1
842,6,138,309,26,69,1,1,1
843,6,139,309,26,68,1,1,1
844,6,141,309,25,68,1,1,1
845,6,141,309,26,69,1,1,1
846,6,142,310,25,67,1,1,1
847,6,143,309,25,70,1,1,1
848,6,143,310,25,70,1,1,1
849,6,147,310,20,71,1,1,1
850,6,148,310,20,71,1,1,1
851,6,150,310,19,70,1,1,1
852,6,151,310,19,70,1,1,1
853,6,153,310,19,67,1,1,1
854,6,152,310,21,67,1,1,1
855,6,154,309,20,68,1,1,1
856,6,154,309,22,68,1,1,1
857,6,154,309,22,68,1,1,1
858,6,154,308,23,69,1,1,1
859,6,154,309,22,68,1,1,1
860,6,155,307,22,70,1,1,1
861,6,154,309,22,68,1,1,1
862,6,154,309,24,69,1,1,1
863,6,154,309,23,68,1,1,1
864,6,155,309,23,68,1,1,1
865,6,156,309,22,66,1,1,1
866,6,157,307,22,67,1,1,1
867,6,157,307,22,67,1,1,1
868,6,158,307,22,67,1,1,1
869,6,159,306,23,68,1,1,1
870,6,159,306,23,68,1,1,1
871,6,160,306,23,68,1,1,1
872,6,160,306,25,68,1,1,1
873,6,161,306,25,68,1,1,1
874,6,161,306,27,67,1,1,1
875,6,162,306,27,66,1,1,1
876,6,162,307,27,66,1,1,1
877,6,163,307,27,65,1,1,1
878,6,163,307,27,65,1,1,1
879,6,164,307,26,65,1,1,1
880,6,164,307,27,65,1,1,1
881,6,166,306,26,64,1,1,1
882,6,166,306,27,63,1,1,1
883,6,167,306,26,63,1,1,1
884,6,170,306,23,63,1,1,1
885,6,171,305,23,64,1,1,1
886,6,171,305,23,64,1,1,1
887,6,173,304,24,65,1,1,1
888,6,174,304,23,65,1,1,1
889,6,174,304,23,65,1,1,1
890,6,175,304,23,64,1,1,1
891,6,175,304,23,64,1,1,1
892,6,176,305,23,64,1,1,1
893,6,177,305,21,63,1,1,1
894,6,176,305,22,63,1,1,1
895,6,177,305,22,63,1,1,1
896,6,177,304,22,64,1,1,1
897,6,176,304,23,63,1,1,1
898,6,176,304,23,63,1,1,1
899,6,176,304,23,60,1,1,1
900,6,176,303,23,61,1,1,1
901,6,176,303,23,61,1,1,1
902,6,176,303,24,61,1,1,1
903,6,176,303,24,61,1,1,1
904,6,180,302,20,62,1,1,1
905,6,180,301,20,63,1,1,1
906,6,180,301,20,63,1,1,1
907,6,180,301,20,63,1,1,1
908,6,180,301,20,63,1,1,1
909,6,179,301,21,65,1,1,1
910,6,179,301,21,65,1,1,1
911,6,179,301,21,65,1,1,1
912,6,179,301,21,65,1,1,1
913,6,179,301,21,65,1,1,1
914,6,179,301,21,65,1,1,1
915,6,179,301,21,65,1,1,1
916,6,180,301,21,64,1,1,1
917,6,180,301,20,65,1,1,1
918,6,179,301,21,63,1,1,1
919,6,179,301,21,63,1,1,1
920,6,179,301,21,63,1,1,1
921,6,179,301,22,63,1,1,1
922,6,179,301,22,63,1,1,1
923,6,179,301,22,63,1,1,1
924,6,179,301,22,63,1,1,1
925,6,179,301,22,63,1,1,1
926,6,179,301,22,63,1,1,1
927,6,179,301,22,63,1,1,1
928,6,180,301,21,63,1,1,1
929,6,180,301,21,63,1,1,1
930,6,180,301,21,63,1,1,1
931,6,180,301,21,63,1,1,1
932,6,180,301,21,63,1,1,1
933,6,180,301,21,63,1,1,1
934,6,181,301,21,63,1,1,1
935,6,180,301,22,63,1,1,1
936,6,180,301,22,63,1,1,1
937,6,180,301,22,63,1,1,1
938,6,180,301,22,63,1,1,1
939,6,180,301,22,63,1,1,1
940,6,181,301,21,63,1,1,1
941,6,181,301,22,63,1,1,1
942,6,181,301,22,63,1,1,1
943,6,181,301,22,63,1,1,1
944,6,181,301,22,63,1,1,1
945,6,181,301,22,63,1,1,1
946,6,181,301,22,63,1,1,1
947,6,182,301,21,63,1,1,1
948,6,182,301,21,63,1,1,1
949,6,182,301,21,63,1,1,1
950,6,182,301,21,63,1,1,1
951,6,183,301,22,64,1,1,1
952,6,183,301,22,64,1,1,1
953,6,183,301,22,64,1,1,1
954,6,183,301,22,64,1,1,1
955,6,183,301,22,64,1,1,1
956,6,183,301,22,64,1,1,1
957,6,184,301,22,64,1,1,1
958,6,184,301,22,64,1,1,1
959,6,184,301,22,64,1,1,1
960,6,184,301,22,64,1,1,1
961,6,184,301,22,64,1,1,1
962,6,184,301,22,64,1,1,1
963,6,184,301,22,64,1,1,1
964,6,184,301,22,64,1,1,1
965,6,185,302,22,63,1,1,1
966,6,185,302,22,63,1,1,1
967,6,185,302,22,63,1,1,1
968,6,186,302,22,64,1,1,1
969,6,186,302,21,63,1,1,1
970,6,186,302,22,64,1,1,1
971,6,187,302,22,64,1,1,1
972,6,188,302,21,64,1,1,1
973,6,188,302,21,64,1,1,1
974,6,188,302,24,64,1,1,1
975,6,189,302,21,64,1,1,1
976,6,189,302,21,64,1,1,1
977,6,189,302,21,64,1,1,1
978,6,190,303,21,63,1,1,1
979,6,191,302,21,64,1,1,1
980,6,190,301,21,64,1,1,1
981,6,192,304,22,64,1,1,1
982,6,191,303,21,63,1,1,1
983,6,190,302,22,64,1,1,1
984,6,191,303,21,63,1,1,1
985,6,192,303,22,64,1,1,1
986,6,192,303,22,64,1,1,1
987,6,194,304,22,63,1,1,1
988,6,193,303,22,64,1,1,1
989,6,193,304,22,64,1,1,1
990,6,194,303,22,64,1,1,1
991,6,195,303,22,64,1,1,1
992,6,195,304,22,63,1,1,1
993,6,197,304,21,64,1,1,1
994,6,197,304,21,64,1,1,1
995,6,197,303,22,63,1,1,1
996,6,197,303,22,63,1,1,1
997,6,197,303,22,63,1,1,1
998,6,197,303,22,64,1,1,1
999,6,199,303,22,63,1,1,1
1000,6,200,303,21,63,1,1,1
1001,6,200,303,21,63,1,1,1
1002,6,200,303,22,64,1,1,1
1003,6,201,303,22,64,1,1,1
1004,6,202,303,22,64,1,1,1
1005,6,203,304,22,63,1,1,1
1006,6,205,304,22,64,1,1,1
1,7,153,301,36,66,1,1,1
2,7,153,301,36,66,1,1,1
3,7,152,301,37,66,1,1,1
4,7,151,299,38,68,1,1,1
5,7,151,299,38,69,1,1,1
6,7,151,299,37,68,1,1,1
7,7,151,298,37,69,1,1,1
8,7,151,298,37,69,1,1,1
9,7,151,298,37,70,1,1,1
10,7,151,298,38,70,1,1,1
11,7,151,298,37,70,1,1,1
12,7,151,299,37,67,1,1,1
13,7,151,299,37,67,1,1,1
14,7,150,302,36,63,1,1,1
15,7,150,302,39,63,1,1,1
16,7,149,302,39,63,1,1,1
17,7,149,302,39,63,1,1,1
18,7,146,301,40,64,1,1,1
19,7,144,300,44,66,1,1,1
20,7,143,301,43,65,1,1,1
21,7,143,301,39,66,1,1,1
22,7,142,302,38,64,1,1,1
23,7,143,301,35,66,1,1,1
24,7,142,302,34,65,1,1,1
25,7,142,302,33,66,1,1,1
26,7,142,302,30,66,1,1,1
27,7,141,302,31,65,1,1,1
28,7,141,302,30,66,1,1,1
29,7,141,301,27,67,1,1,1
30,7,141,301,27,67,1,1,1
31,7,141,301,25,67,1,1,1
32,7,141,301,25,67,1,1,1
33,7,139,301,26,67,1,1,1
34,7,136,301,29,67,1,1,1
35,7,136,301,28,67,1,1,1
36,7,136,301,28,67,1,1,1
37,7,136,301,28,67,1,1,1
38,7,137,302,27,65,1,1,1
39,7,137,301,27,67,1,1,1
40,7,137,302,32,66,1,1,1
41,7,137,302,32,66,1,1,1
42,7,137,302,37,66,1,1,1
43,7,137,304,40,64,1,1,1
44,7,137,304,44,64,1,1,1
45,7,136,305,45,63,1,1,1
46,7,137,308,44,60,1,1,1
47,7,135,310,46,58,1,1,1
48,7,136,310,45,57,1,1,1
49,7,134,310,47,56,1,1,1
50,7,134,313,43,53,1,1,1
51,7,131,313,46,53,1,1,1
52,7,131,313,47,54,1,1,1
53,7,132,313,47,54,1,1,1
54,7,132,316,47,51,1,1,1
55,7,130,316,49,52,1,1,1
56,7,130,316,52,53,1,1,1
57,7,130,314,52,53,1,1,1
58,7,130,314,52,53,1,1,1
59,7,130,312,56,55,1,1,1
60,7,129,312,57,56,1,1,1
61,7,129,310,57,57,1,1,1
62,7,128,310,58,58,1,1,1
63,7,128,310,56,57,1,1,1
64,7,128,309,55,58,1,1,1
65,7,131,309,50,58,1,1,1
66,7,132,310,49,57,1,1,1
67,7,137,310,44,58,1,1,1
68,7,137,310,47,57,1,1,1
69,7,145,310,39,58,1,1,1
70,7,152,310,32,57,1,1,1
71,7,156,311,33,57,1,1,1
72,7,159,311,30,57,1,1,1
73,7,163,312,26,56,1,1,1
74,7,163,314,29,55,1,1,1
75,7,165,314,29,55,1,1,1
76,7,165,314,29,55,1,1,1
77,7,166,314,28,55,1,1,1
78,7,166,314,28,55,1,1,1
79,7,166,314,29,57,1,1,1
80,7,167,314,29,58,1,1,1
81,7,167,310,30,62,1,1,1
82,7,169,309,30,62,1,1,1
83,7,170,309,30,62,1,1,1
84,7,172,309,29,62,1,1,1
85,7,173,309,29,62,1,1,1
86,7,171,310,33,61,1,1,1
87,7,172,310,34,60,1,1,1
88,7,169,310,38,59,1,1,1
89,7,170,311,38,58,1,1,1
90,7,170,310,39,59,1,1,1
91,7,171,311,40,58,1,1,1
92,7,171,311,40,57,1,1,1
93,7,171,310,41,63,1,1,1
94,7,174,312,40,61,1,1,1
95,7,176,312,39,61,1,1,1
96,7,179,312,37,61,1,1,1
97,7,183,312,37,61,1,1,1
98,7,187,311,34,62,1,1,1
99,7,188,311,36,62,1,1,1
100,7,187,311,38,63,1,1,1
101,7,188,307,46,67,1,1,1
102,7,188,307,52,67,1,1,1
103,7,189,305,55,69,1,1,1
104,7,192,305,56,68,1,1,1
105,7,194,305,53,68,1,1,1
106,7,199,305,44,67,1,1,1
107,7,202,306,44,68,1,1,1
108,7,208,308,42,66,1,1,1
109,7,220,307,32,67,1,1,1
110,7,220,307,34,67,1,1,1
111,7,225,306,32,68,1,1,1
112,7,229,306,33,68,1,1,1
113,7,230,304,34,72,1,1,1
114,7,232,302,35,74,1,1,1
115,7,233,302,36,75,1,1,1
116,7,234,302,38,75,1,1,1
117,7,238,302,39,75,1,1,1
118,7,242,303,36,75,1,1,1
119,7,246,303,36,75,1,1,1
120,7,251,306,31,71,1,1,1
121,7,256,306,30,72,1,1,1
122,7,259,306,30,72,1,1,1
123,7,263,305,30,72,1,1,1
124,7,265,303,29,74,1,1,1
125,7,265,303,30,75,1,1,1
126,7,266,302,36,75,1,1,1
127,7,267,302,41,76,1,1,1
128,7,270,302,43,75,1,1,1
129,7,273,302,43,75,1,1,1
130,7,277,301,41,77,1,1,1
131,7,277,306,42,72,1,1,1
132,7,287,306,37,72,1,1,1
133,7,291,307,36,71,1,1,1
134,7,298,306,31,72,1,1,1
135,7,303,304,27,74,1,1,1
136,7,303,303,30,76,1,1,1
137,7,305,302,36,78,1,1,1
138,7,307,301,40,79,1,1,1
139,7,308,301,43,79,1,1,1
140,7,310,301,43,80,1,1,1
141,7,312,301,41,81,1,1,1
142,7,317,305,38,76,1,1,1
143,7,318,305,38,76,1,1,1
144,7,324,305,31,76,1,1,1
145,7,329,307,29,75,1,1,1
146,7,336,307,29,74,1,1,1
147,7,339,306,29,75,1,1,1
148,7,340,306,30,75,1,1,1
149,7,340,305,32,76,1,1,1
150,7,340,305,37,76,1,1,1
151,7,341,305,42,76,1,1,1
152,7,341,305,45,78,1,1,1
153,7,343,305,43,78,1,1,1
154,7,345,308,41,76,1,1,1
155,7,348,308,40,76,1,1,1
156,7,351,308,39,76,1,1,1
157,7,355,308,40,76,1,1,1
158,7,359,308,41,76,1,1,1
159,7,362,307,40,76,1,1,1
160,7,363,305,41,77,1,1,1
161,7,371,304,35,78,1,1,1
162,7,373,304,35,79,1,1,1
163,7,375,304,35,80,1,1,1
164,7,378,303,36,81,1,1,1
165,7,379,304,40,82,1,1,1
166,7,382,305,42,80,1,1,1
167,7,384,306,44,81,1,1,1
168,7,387,310,46,77,1,1,1
169,7,389,311,48,75,1,1,1
170,7,391,311,49,75,1,1,1
171,7,391,315,52,72,1,1,1
172,7,392,316,52,74,1,1,1
173,7,392,316,53,74,1,1,1
174,7,392,316,53,76,1,1,1
175,7,394,316,51,76,1,1,1
176,7,395,316,49,76,1,1,1
177,7,398,314,47,78,1,1,1
178,7,402,314,43,78,1,1,1
179,7,406,313,38,78,1,1,1
180,7,411,311,34,80,1,1,1
181,7,415,311,31,80,1,1,1
182,7,416,308,31,83,1,1,1
183,7,417,310,34,82,1,1,1
184,7,418,310,37,82,1,1,1
185,7,419,310,38,83,1,1,1
186,7,420,313,38,80,1,1,1
187,7,421,314,38,81,1,1,1
188,7,421,314,38,82,1,1,1
189,7,422,315,37,80,1,1,1
190,7,421,318,38,79,1,1,1
191,7,421,318,38,79,1,1,1
192,7,421,315,38,82,1,1,1
193,7,421,315,38,82,1,1,1
194,7,423,313,34,84,1,1,1
195,7,423,313,34,84,1,1,1
196,7,423,313,34,84,1,1,1
197,7,423,313,37,84,1,1,1
198,7,423,313,37,86,1,1,1
199,7,423,313,38,87,1,1,1
200,7,423,313,40,88,1,1,1
201,7,423,317,40,85,1,1,1
202,7,423,317,40,85,1,1,1
203,7,423,320,40,82,1,1,1
204,7,423,320,40,82,1,1,1
205,7,422,320,40,83,1,1,1
206,7,421,320,40,83,1,1,1
207,7,422,320,36,83,1,1,1
208,7,420,317,37,86,1,1,1
209,7,420,317,37,86,1,1,1
210,7,420,317,33,86,1,1,1
211,7,419,317,34,87,1,1,1
212,7,418,317,30,85,1,1,1
213,7,417,317,30,86,1,1,1
214,7,416,319,33,85,1,1,1
215,7,415,319,35,85,1,1,1
216,7,414,319,35,86,1,1,1
217,7,413,319,36,87,1,1,1
218,7,412,321,35,87,1,1,1
219,7,411,321,35,88,1,1,1
220,7,411,324,34,85,1,1,1
221,7,408,324,35,85,1,1,1
222,7,407,325,33,85,1,1,1
223,7,404,325,35,85,1,1,1
224,7,401,325,34,84,1,1,1
225,7,400,325,34,84,1,1,1
226,7,399,324,37,85,1,1,1
227,7,397,322,38,87,1,1,1
228,7,395,320,39,90,1,1,1
229,7,394,321,39,90,1,1,1
230,7,391,320,40,92,1,1,1
231,7,389,320,43,94,1,1,1
232,7,387,321,43,93,1,1,1
233,7,385,323,45,92,1,1,1
234,7,383,326,44,89,1,1,1
235,7,380,326,43,88,1,1,1
236,7,376,326,42,89,1,1,1
237,7,373,326,41,90,1,1,1
238,7,372,327,36,89,1,1,1
239,7,369,327,39,90,1,1,1
240,7,365,326,41,92,1,1,1
241,7,363,325,41,94,1,1,1
242,7,360,327,42,92,1,1,1
243,7,358,326,42,94,1,1,1
244,7,354,328,45,93,1,1,1
245,7,351,329,45,93,1,1,1
246,7,349,330,43,91,1,1,1
247,7,347,331,41,90,1,1,1
248,7,344,331,38,91,1,1,1
249,7,342,330,36,92,1,1,1
250,7,339,330,37,92,1,1,1
251,7,336,326,38,96,1,1,1
252,7,330,326,43,96,1,1,1
253,7,324,325,48,98,1,1,1
254,7,318,324,52,99,1,1,1
255,7,314,324,54,100,1,1,1
256,7,310,325,57,100,1,1,1
257,7,306,326,59,101,1,1,1
258,7,302,326,59,99,1,1,1
259,7,299,329,57,97,1,1,1
260,7,301,329,49,98,1,1,1
261,7,302,329,43,98,1,1,1
262,7,301,328,37,99,1,1,1
263,7,301,324,35,103,1,1,1
264,7,299,324,36,104,1,1,1
265,7,294,324,39,104,1,1,1
266,7,287,323,45,105,1,1,1
267,7,279,325,52,104,1,1,1
268,7,276,324,54,106,1,1,1
269,7,275,326,53,104,1,1,1
270,7,275,326,50,104,1,1,1
271,7,273,329,46,101,1,1,1
272,7,270,329,44,101,1,1,1
273,7,269,331,39,99,1,1,1
274,7,265,329,37,101,1,1,1
275,7,261,329,37,101,1,1,1
276,7,258,327,38,103,1,1,1
277,7,254,325,40,105,1,1,1
278,7,250,324,42,106,1,1,1
279,7,244,326,46,104,1,1,1
280,7,241,326,46,104,1,1,1
281,7,243,328,41,103,1,1,1
282,7,240,329,41,102,1,1,1
283,7,240,330,42,101,1,1,1
284,7,237,329,43,100,1,1,1
285,7,234,330,42,100,1,1,1
286,7,232,330,43,98,1,1,1
287,7,230,329,41,99,1,1,1
288,7,226,329,43,99,1,1,1
289,7,220,326,48,102,1,1,1
290,7,216,326,46,102,1,1,1
291,7,212,326,47,102,1,1,1
292,7,206,326,49,102,1,1,1
293,7,205,327,49,100,1,1,1
294,7,204,327,50,100,1,1,1
295,7,204,329,49,97,1,1,1
296,7,205,330,49,96,1,1,1
297,7,205,330,48,96,1,1,1
298,7,205,328,44,96,1,1,1
299,7,205,328,43,96,1,1,1
300,7,205,328,44,96,1,1,1
301,7,203,325,44,98,1,1,1
302,7,203,325,44,98,1,1,1
303,7,203,324,44,99,1,1,1
304,7,203,324,44,99,1,1,1
305,7,203,325,41,98,1,1,1
306,7,203,325,41,98,1,1,1
307,7,203,325,39,98,1,1,1
308,7,203,325,39,97,1,1,1
309,7,203,325,39,97,1,1,1
310,7,203,325,41,97,1,1,1
311,7,203,325,43,97,1,1,1
312,7,203,325,43,97,1,1,1
313,7,203,325,43,94,1,1,1
314,7,206,325,44,94,1,1,1
315,7,206,324,44,95,1,1,1
316,7,206,324,44,92,1,1,1
317,7,206,324,47,92,1,1,1
318,7,206,324,47,92,1,1,1
319,7,208,324,46,93,1,1,1
320,7,209,324,42,93,1,1,1
321,7,209,324,41,92,1,1,1
322,7,208,324,42,92,1,1,1
323,7,209,324,41,92,1,1,1
324,7,209,324,41,92,1,1,1
325,7,208,324,43,91,1,1,1
326,7,208,324,43,91,1,1,1
327,7,208,324,43,91,1,1,1
328,7,210,324,42,88,1,1,1
329,7,211,321,46,89,1,1,1
330,7,212,321,46,89,1,1,1
331,7,212,321,46,89,1,1,1
332,7,216,322,41,88,1,1,1
333,7,216,322,42,87,1,1,1
334,7,217,322,41,87,1,1,1
335,7,218,322,43,86,1,1,1
336,7,223,322,39,86,1,1,1
337,7,223,323,41,85,1,1,1
338,7,224,327,40,81,1,1,1
339,7,224,327,40,81,1,1,1
340,7,224,330,40,78,1,1,1
341,7,223,333,42,75,1,1,1
342,7,223,333,41,75,1,1,1
343,7,223,335,41,73,1,1,1
344,7,223,335,51,73,1,1,1
345,7,222,336,52,72,1,1,1
346,7,222,336,52,72,1,1,1
347,7,222,338,52,71,1,1,1
348,7,222,338,52,71,1,1,1
349,7,222,338,52,70,1,1,1
350,7,222,338,52,71,1,1,1
351,7,222,338,50,71,1,1,1
352,7,222,338,50,71,1,1,1
353,7,222,338,53,71,1,1,1
354,7,220,338,54,71,1,1,1
355,7,219,338,53,71,1,1,1
356,7,219,338,50,71,1,1,1
357,7,218,338,51,71,1,1,1
358,7,217,338,46,71,1,1,1
359,7,216,338,46,71,1,1,1
360,7,216,335,48,74,1,1,1
361,7,215,335,49,74,1,1,1
362,7,215,335,49,74,1,1,1
363,7,215,333,49,76,1,1,1
364,7,215,333,46,76,1,1,1
365,7,215,332,46,76,1,1,1
366,7,215,333,44,75,1,1,1
367,7,215,333,51,75,1,1,1
368,7,215,334,51,74,1,1,1
369,7,214,334,51,75,1,1,1
370,7,214,334,51,76,1,1,1
371,7,214,334,51,77,1,1,1
372,7,214,339,51,72,1,1,1
373,7,214,339,51,72,1,1,1
374,7,214,339,51,72,1,1,1
375,7,214,341,50,70,1,1,1
376,7,214,341,48,70,1,1,1
377,7,214,343,48,68,1,1,1
378,7,212,343,50,68,1,1,1
379,7,210,344,52,68,1,1,1
380,7,210,344,52,68,1,1,1
381,7,208,344,54,68,1,1,1
382,7,204,344,56,68,1,1,1
383,7,202,343,58,70,1,1,1
384,7,201,342,58,72,1,1,1
385,7,201,342,58,72,1,1,1
386,7,201,342,59,73,1,1,1
387,7,201,342,59,73,1,1,1
388,7,201,342,59,74,1,1,1
389,7,201,342,62,74,1,1,1
390,7,201,342,67,74,1,1,1
391,7,201,341,69,75,1,1,1
392,7,201,341,74,73,1,1,1
393,7,204,341,75,73,1,1,1
394,7,210,341,75,73,1,1,1
395,7,219,341,71,73,1,1,1
396,7,229,342,63,73,1,1,1
397,7,239,342,56,73,1,1,1
398,7,249,342,50,73,1,1,1
399,7,253,342,49,73,1,1,1
400,7,254,340,53,75,1,1,1
401,7,255,340,54,74,1,1,1
402,7,259,340,53,73,1,1,1
403,7,264,340,50,68,1,1,1
404,7,269,340,47,63,1,1,1
405,7,274,340,43,63,1,1,1
406,7,276,338,38,64,1,1,1
407,7,279,338,37,63,1,1,1
408,7,277,335,41,68,1,1,1
409,7,281,331,38,72,1,1,1
410,7,282,330,41,72,1,1,1
411,7,288,328,39,74,1,1,1
412,7,289,324,40,77,1,1,1
413,7,293,324,37,76,1,1,1
414,7,294,324,41,76,1,1,1
415,7,296,323,41,76,1,1,1
416,7,297,323,43,75,1,1,1
417,7,299,323,41,74,1,1,1
418,7,299,321,41,75,1,1,1
419,7,300,321,37,73,1,1,1
420,7,301,320,32,73,1,1,1
421,7,302,320,32,73,1,1,1
422,7,301,320,39,72,1,1,1
423,7,301,320,44,72,1,1,1
424,7,302,320,48,71,1,1,1
425,7,302,322,51,69,1,1,1
426,7,302,322,52,69,1,1,1
427,7,302,322,53,69,1,1,1
428,7,302,322,54,69,1,1,1
429,7,302,322,56,69,1,1,1
430,7,302,324,56,67,1,1,1
431,7,306,324,53,65,1,1,1
432,7,307,324,52,64,1,1,1
433,7,312,324,47,64,1,1,1
434,7,316,324,44,64,1,1,1
435,7,322,324,38,64,1,1,1
436,7,322,322,39,66,1,1,1
437,7,323,321,35,67,1,1,1
438,7,325,319,33,69,1,1,1
439,7,326,319,33,70,1,1,1
440,7,327,319,33,70,1,1,1
441,7,327,319,36,70,1,1,1
442,7,329,319,34,71,1,1,1
443,7,330,320,36,70,1,1,1
444,7,330,321,36,69,1,1,1
445,7,331,321,36,69,1,1,1
446,7,331,321,37,70,1,1,1
447,7,334,321,36,71,1,1,1
448,7,334,323,37,69,1,1,1
449,7,335,323,36,69,1,1,1
450,7,335,323,36,69,1,1,1
451,7,335,323,37,69,1,1,1
452,7,335,323,37,69,1,1,1
453,7,334,322,37,69,1,1,1
454,7,334,320,37,71,1,1,1
455,7,334,320,37,71,1,1,1
456,7,333,317,37,75,1,1,1
457,7,333,316,36,75,1,1,1
458,7,332,316,37,75,1,1,1
459,7,333,316,34,75,1,1,1
460,7,331,316,35,76,1,1,1
461,7,331,316,35,76,1,1,1
462,7,331,316,35,76,1,1,1
463,7,331,316,35,79,1,1,1
464,7,331,320,35,76,1,1,1
465,7,330,320,35,76,1,1,1
466,7,326,320,39,76,1,1,1
467,7,325,322,40,74,1,1,1
468,7,324,321,40,75,1,1,1
469,7,324,321,36,76,1,1,1
470,7,323,321,35,76,1,1,1
471,7,317,320,38,77,1,1,1
472,7,316,319,37,77,1,1,1
473,7,316,314,36,82,1,1,1
474,7,315,312,37,84,1,1,1
475,7,313,312,38,84,1,1,1
476,7,311,305,40,91,1,1,1
477,7,310,305,40,91,1,1,1
478,7,310,305,39,91,1,1,1
479,7,311,306,39,90,1,1,1
480,7,308,306,41,90,1,1,1
481,7,304,306,45,91,1,1,1
482,7,303,306,44,90,1,1,1
483,7,301,307,46,89,1,1,1
484,7,295,309,47,87,1,1,1
485,7,299,314,41,82,1,1,1
486,7,293,313,42,84,1,1,1
487,7,291,313,41,84,1,1,1
488,7,291,313,35,85,1,1,1
489,7,291,313,34,85,1,1,1
490,7,291,313,29,85,1,1,1
491,7,290,313,29,88,1,1,1
492,7,292,316,32,85,1,1,1
493,7,292,317,33,84,1,1,1
494,7,291,317,33,84,1,1,1
495,7,290,317,34,84,1,1,1
496,7,289,317,34,84,1,1,1
497,7,289,316,33,85,1,1,1
498,7,287,316,30,85,1,1,1
499,7,284,315,32,85,1,1,1
500,7,284,315,30,86,1,1,1
501,7,281,315,33,86,1,1,1
502,7,278,315,31,86,1,1,1
503,7,274,315,34,88,1,1,1
504,7,271,315,38,89,1,1,1
505,7,270,318,38,87,1,1,1
506,7,270,319,38,86,1,1,1
507,7,270,318,38,87,1,1,1
508,7,270,318,35,86,1,1,1
509,7,269,320,35,84,1,1,1
510,7,269,320,34,84,1,1,1
511,7,272,320,31,84,1,1,1
512,7,272,317,31,87,1,1,1
513,7,272,317,28,87,1,1,1
514,7,272,317,28,87,1,1,1
515,7,272,316,28,90,1,1,1
516,7,272,316,28,90,1,1,1
517,7,272,316,31,90,1,1,1
518,7,272,318,31,88,1,1,1
519,7,272,318,34,88,1,1,1
520,7,272,318,34,88,1,1,1
521,7,270,320,36,86,1,1,1
522,7,270,320,35,86,1,1,1
523,7,271,320,35,86,1,1,1
524,7,271,320,35,86,1,1,1
525,7,272,320,34,85,1,1,1
526,7,274,320,32,86,1,1,1
527,7,274,320,34,86,1,1,1
528,7,279,318,29,88,1,1,1
529,7,279,317,32,89,1,1,1
530,7,280,317,31,89,1,1,1
531,7,282,317,29,89,1,1,1
532,7,282,317,30,89,1,1,1
533,7,282,317,30,89,1,1,1
534,7,283,317,32,89,1,1,1
535,7,284,317,34,88,1,1,1
536,7,284,317,35,88,1,1,1
537,7,284,317,37,88,1,1,1
538,7,285,317,36,89,1,1,1
539,7,286,317,36,89,1,1,1
540,7,288,317,34,89,1,1,1
541,7,288,317,36,89,1,1,1
542,7,288,317,36,89,1,1,1
543,7,287,317,36,88,1,1,1
544,7,288,317,36,88,1,1,1
545,7,287,317,37,88,1,1,1
546,7,287,317,38,88,1,1,1
547,7,288,317,37,87,1,1,1
548,7,290,317,35,87,1,1,1
549,7,290,317,36,87,1,1,1
550,7,294,317,32,87,1,1,1
551,7,294,317,33,87,1,1,1
552,7,294,317,33,87,1,1,1
553,7,295,316,33,87,1,1,1
554,7,295,316,33,87,1,1,1
555,7,295,317,35,85,1,1,1
556,7,299,317,31,85,1,1,1
557,7,299,317,31,84,1,1,1
558,7,299,317,31,84,1,1,1
559,7,299,317,31,86,1,1,1
560,7,299,317,31,86,1,1,1
561,7,299,318,31,85,1,1,1
562,7,299,318,30,85,1,1,1
563,7,299,318,30,85,1,1,1
564,7,299,318,30,85,1,1,1
565,7,299,318,30,83,1,1,1
566,7,299,317,30,84,1,1,1
567,7,299,317,28,84,1,1,1
568,7,299,317,28,84,1,1,1
569,7,299,316,27,84,1,1,1
570,7,296,316,30,84,1,1,1
571,7,296,316,30,84,1,1,1
572,7,297,314,30,84,1,1,1
573,7,297,315,30,83,1,1,1
574,7,297,315,30,83,1,1,1
575,7,297,315,30,82,1,1,1
576,7,297,315,30,83,1,1,1
577,7,295,315,30,83,1,1,1
578,7,295,315,30,83,1,1,1
579,7,295,315,30,83,1,1,1
580,7,295,315,30,83,1,1,1
581,7,295,315,30,83,1,1,1
582,7,295,315,30,83,1,1,1
583,7,296,315,30,83,1,1,1
584,7,295,315,30,83,1,1,1
585,7,296,316,30,81,1,1,1
586,7,296,315,30,83,1,1,1
587,7,296,315,30,83,1,1,1
588,7,296,315,30,83,1,1,1
589,7,296,315,30,83,1,1,1
590,7,296,315,30,83,1,1,1
591,7,296,315,30,83,1,1,1
592,7,297,315,30,83,1,1,1
593,7,297,315,31,82,1,1,1
594,7,297,315,31,82,1,1,1
595,7,298,315,30,82,1,1,1
596,7,298,315,30,82,1,1,1
597,7,299,314,30,83,1,1,1
598,7,299,314,30,83,1,1,1
599,7,299,314,30,83,1,1,1
600,7,299,314,30,82,1,1,1
601,7,299,314,30,82,1,1,1
602,7,299,314,30,82,1,1,1
603,7,300,314,29,82,1,1,1
604,7,300,314,30,82,1,1,1
605,7,300,314,29,82,1,1,1
606,7,303,314,26,82,1,1,1
607,7,303,314,26,82,1,1,1
608,7,303,314,26,82,1,1,1
609,7,303,314,26,82,1,1,1
610,7,303,314,26,81,1,1,1
611,7,303,314,26,81,1,1,1
612,7,303,314,25,81,1,1,1
613,7,303,314,25,81,1,1,1
614,7,302,314,26,81,1,1,1
615,7,302,314,25,81,1,1,1
616,7,302,314,24,79,1,1,1
617,7,299,314,27,79,1,1,1
618,7,299,314,27,79,1,1,1
619,7,299,314,27,79,1,1,1
620,7,298,314,27,77,1,1,1
621,7,297,310,28,79,1,1,1
622,7,297,310,28,79,1,1,1
623,7,297,309,27,79,1,1,1
624,7,296,309,27,79,1,1,1
625,7,296,309,28,80,1,1,1
626,7,296,309,27,78,1,1,1
627,7,296,309,26,77,1,1,1
628,7,295,309,27,79,1,1,1
629,7,296,309,27,80,1,1,1
630,7,295,310,26,78,1,1,1
631,7,295,310,26,78,1,1,1
632,7,294,310,26,78,1,1,1
633,7,294,310,26,78,1,1,1
634,7,294,310,26,78,1,1,1
635,7,294,310,27,78,1,1,1
636,7,293,308,27,78,1,1,1
637,7,293,308,27,78,1,1,1
638,7,293,308,26,77,1,1,1
639,7,291,306,27,78,1,1,1
640,7,291,306,27,78,1,1,1
641,7,291,306,27,78,1,1,1
642,7,291,306,27,78,1,1,1
643,7,289,307,27,78,1,1,1
644,7,289,307,27,78,1,1,1
645,7,288,307,28,78,1,1,1
646,7,288,307,28,78,1,1,1
647,7,287,307,28,76,1,1,1
648,7,286,307,28,76,1,1,1
649,7,286,307,28,76,1,1,1
650,7,285,307,28,76,1,1,1
651,7,284,308,28,74,1,1,1
652,7,286,308,26,74,1,1,1
653,7,286,308,26,74,1,1,1
654,7,286,308,25,74,1,1,1
655,7,286,308,25,75,1,1,1
656,7,286,308,25,75,1,1,1
657,7,286,308,25,75,1,1,1
658,7,284,308,27,75,1,1,1
659,7,284,308,27,75,1,1,1
660,7,284,308,27,75,1,1,1
661,7,284,308,27,75,1,1,1
662,7,284,308,27,75,1,1,1
663,7,284,308,27,75,1,1,1
664,7,284,308,28,75,1,1,1
665,7,284,308,28,75,1,1,1
666,7,284,307,28,75,1,1,1
667,7,284,307,28,76,1,1,1
668,7,285,307,28,76,1,1,1
669,7,286,307,27,76,1,1,1
670,7,286,307,27,76,1,1,1
671,7,286,307,28,76,1,1,1
672,7,286,307,28,76,1,1,1
673,7,287,307,27,76,1,1,1
674,7,287,307,28,76,1,1,1
675,7,287,308,28,75,1,1,1
676,7,288,308,27,75,1,1,1
677,7,288,307,27,75,1,1,1
678,7,288,307,28,75,1,1,1
679,7,288,307,28,75,1,1,1
680,7,289,307,27,74,1,1,1
681,7,289,307,27,74,1,1,1
682,7,289,307,28,75,1,1,1
683,7,289,307,28,74,1,1,1
684,7,289,307,28,74,1,1,1
685,7,294,307,22,76,1,1,1
686,7,294,307,22,76,1,1,1
687,7,294,307,23,76,1,1,1
688,7,294,307,22,76,1,1,1
689,7,294,307,22,76,1,1,1
690,7,294,307,22,76,1,1,1
691,7,294,307,23,77,1,1,1
692,7,294,307,22,76,1,1,1
693,7,294,307,22,77,1,1,1
694,7,291,307,25,77,1,1,1
695,7,291,307,25,77,1,1,1
696,7,291,307,25,77,1,1,1
697,7,290,307,26,77,1,1,1
698,7,290,307,26,77,1,1,1
699,7,290,307,26,77,1,1,1
700,7,290,307,26,77,1,1,1
701,7,290,307,26,77,1,1,1
702,7,290,307,26,77,1,1,1
703,7,289,307,27,77,1,1,1
704,7,289,307,25,75,1,1,1
705,7,289,307,27,77,1,1,1
706,7,289,307,27,77,1,1,1
707,7,289,307,26,77,1,1,1
708,7,288,307,27,77,1,1,1
709,7,286,307,29,77,1,1,1
710,7,285,307,29,77,1,1,1
711,7,283,307,31,77,1,1,1
712,7,282,307,32,77,1,1,1
713,7,281,307,32,78,1,1,1
714,7,280,309,35,76,1,1,1
715,7,280,309,35,75,1,1,1
716,7,279,309,35,74,1,1,1
717,7,279,309,35,74,1,1,1
718,7,277,308,36,76,1,1,1
719,7,279,309,34,73,1,1,1
720,7,277,308,36,75,1,1,1
721,7,277,308,31,75,1,1,1
722,7,276,308,30,75,1,1,1
723,7,274,308,28,74,1,1,1
724,7,273,307,26,75,1,1,1
725,7,272,307,22,75,1,1,1
726,7,269,307,23,75,1,1,1
727,7,269,307,22,75,1,1,1
728,7,263,307,29,74,1,1,1
729,7,258,307,34,74,1,1,1
730,7,253,307,40,74,1,1,1
731,7,252,307,40,74,1,1,1
732,7,251,307,41,74,1,1,1
733,7,249,307,43,74,1,1,1
734,7,248,307,43,73,1,1,1
735,7,249,306,41,75,1,1,1
736,7,250,306,37,75,1,1,1
737,7,249,306,34,74,1,1,1
738,7,248,306,32,75,1,1,1
739,7,247,306,30,75,1,1,1
740,7,247,305,27,76,1,1,1
741,7,246,305,25,76,1,1,1
742,7,244,304,26,77,1,1,1
743,7,241,304,29,77,1,1,1
744,7,239,304,30,77,1,1,1
745,7,238,304,31,76,1,1,1
746,7,236,304,32,76,1,1,1
747,7,236,304,32,76,1,1,1
748,7,233,304,33,75,1,1,1
749,7,232,304,34,75,1,1,1
750,7,231,305,33,74,1,1,1
751,7,231,305,33,74,1,1,1
752,7,232,304,31,75,1,1,1
753,7,231,304,31,73,1,1,1
754,7,233,304,29,73,1,1,1
755,7,232,304,27,73,1,1,1
756,7,233,304,26,73,1,1,1
757,7,232,303,25,72,1,1,1
758,7,231,303,26,72,1,1,1
759,7,229,303,27,72,1,1,1
760,7,229,303,25,72,1,1,1
761,7,225,303,28,72,1,1,1
762,7,224,302,28,72,1,1,1
763,7,223,302,28,72,1,1,1
764,7,223,303,28,71,1,1,1
765,7,223,303,27,70,1,1,1
766,7,223,303,27,70,1,1,1
767,7,224,303,26,70,1,1,1
768,7,224,303,26,70,1,1,1
769,7,223,303,25,70,1,1,1
770,7,223,303,25,69,1,1,1
771,7,222,301,26,71,1,1,1
772,7,222,301,24,71,1,1,1
773,7,222,301,24,71,1,1,1
774,7,224,301,21,71,1,1,1
775,7,224,301,20,71,1,1,1
776,7,224,301,20,71,1,1,1
777,7,224,301,20,70,1,1,1
778,7,223,301,21,70,1,1,1
779,7,223,302,21,70,1,1,1
780,7,223,302,20,69,1,1,1
781,7,223,302,20,69,1,1,1
782,7,223,301,21,70,1,1,1
783,7,224,302,19,64,1,1,1
784,7,223,301,20,70,1,1,1
785,7,224,300,18,70,1,1,1
786,7,224,300,17,70,1,1,1
787,7,224,300,17,70,1,1,1
788,7,224,300,17,70,1,1,1
789,7,224,300,17,70,1,1,1
790,7,224,300,17,70,1,1,1
791,7,224,300,17,70,1,1,1
792,7,224,300,17,70,1,1,1
793,7,224,300,17,70,1,1,1
794,7,223,300,19,70,1,1,1
795,7,224,300,18,70,1,1,1
796,7,224,300,18,70,1,1,1
797,7,224,300,19,70,1,1,1
798,7,223,300,19,70,1,1,1
799,7,224,300,18,70,1,1,1
800,7,223,300,18,70,1,1,1
801,7,223,300,19,70,1,1,1
802,7,223,300,18,70,1,1,1
803,7,223,300,19,70,1,1,1
804,7,225,300,18,70,1,1,1
805,7,224,300,19,70,1,1,1
806,7,223,300,20,70,1,1,1
807,7,221,300,23,70,1,1,1
808,7,221,300,20,71,1,1,1
809,7,220,300,21,71,1,1,1
810,7,219,300,22,72,1,1,1
811,7,219,300,22,70,1,1,1
812,7,218,299,22,71,1,1,1
813,7,217,299,23,72,1,1,1
814,7,215,299,25,72,1,1,1
815,7,213,299,27,73,1,1,1
816,7,210,299,30,72,1,1,1
817,7,210,301,30,70,1,1,1
818,7,208,301,31,70,1,1,1
819,7,206,301,33,70,1,1,1
820,7,205,301,33,70,1,1,1
821,7,204,301,34,70,1,1,1
822,7,204,302,34,69,1,1,1
823,7,204,302,34,69,1,1,1
824,7,204,302,34,69,1,1,1
825,7,204,302,34,69,1,1,1
826,7,203,302,34,69,1,1,1
827,7,203,302,34,69,1,1,1
828,7,203,302,33,69,1,1,1
829,7,204,302,31,69,1,1,1
830,7,203,302,30,70,1,1,1
831,7,203,299,28,71,1,1,1
832,7,202,302,26,69,1,1,1
833,7,202,302,24,69,1,1,1
834,7,202,302,24,69,1,1,1
835,7,202,302,24,69,1,1,1
836,7,201,302,25,70,1,1,1
837,7,201,302,24,69,1,1,1
838,7,202,302,24,69,1,1,1
839,7,202,302,24,69,1,1,1
840,7,201,302,24,69,1,1,1
841,7,201,302,24,69,1,1,1
842,7,201,302,24,69,1,1,1
843,7,201,302,24,69,1,1,1
844,7,200,302,25,69,1,1,1
845,7,201,302,25,69,1,1,1
846,7,198,302,28,69,1,1,1
847,7,199,302,28,69,1,1,1
848,7,199,302,28,69,1,1,1
849,7,198,302,28,69,1,1,1
850,7,198,302,28,69,1,1,1
851,7,198,302,28,70,1,1,1
852,7,198,302,28,70,1,1,1
853,7,197,302,29,70,1,1,1
854,7,197,302,29,70,1,1,1
855,7,197,302,26,70,1,1,1
856,7,195,302,27,70,1,1,1
857,7,195,302,27,70,1,1,1
858,7,195,302,27,70,1,1,1
859,7,194,302,26,70,1,1,1
860,7,194,302,26,70,1,1,1
861,7,194,302,26,70,1,1,1
862,7,194,302,26,70,1,1,1
863,7,194,302,26,70,1,1,1
864,7,195,302,26,70,1,1,1
865,7,194,302,26,69,1,1,1
866,7,195,302,25,69,1,1,1
867,7,195,302,25,69,1,1,1
868,7,195,302,25,68,1,1,1
869,7,195,302,25,68,1,1,1
870,7,195,302,25,68,1,1,1
871,7,195,302,25,68,1,1,1
872,7,195,302,25,68,1,1,1
873,7,195,302,25,68,1,1,1
874,7,195,302,25,68,1,1,1
875,7,195,302,25,68,1,1,1
876,7,195,302,25,68,1,1,1
877,7,195,303,25,68,1,1,1
878,7,194,304,26,67,1,1,1
879,7,195,304,26,68,1,1,1
880,7,195,305,26,65,1,1,1
881,7,195,305,26,65,1,1,1
882,7,192,305,29,65,1,1,1
883,7,192,305,29,66,1,1,1
884,7,192,306,28,64,1,1,1
885,7,192,306,28,64,1,1,1
886,7,192,306,28,64,1,1,1
887,7,192,306,28,64,1,1,1
888,7,192,306,26,64,1,1,1
889,7,192,306,26,64,1,1,1
890,7,192,306,26,63,1,1,1
891,7,192,306,26,63,1,1,1
892,7,191,306,27,63,1,1,1
893,7,189,305,26,63,1,1,1
894,7,189,305,26,63,1,1,1
895,7,188,305,27,63,1,1,1
896,7,188,304,26,64,1,1,1
897,7,188,305,26,63,1,1,1
898,7,187,304,27,64,1,1,1
899,7,188,304,24,63,1,1,1
900,7,188,304,24,63,1,1,1
901,7,188,304,24,64,1,1,1
902,7,188,303,24,65,1,1,1
903,7,187,303,24,65,1,1,1
904,7,187,303,25,66,1,1,1
905,7,187,303,23,65,1,1,1
906,7,187,303,23,65,1,1,1
907,7,187,303,23,65,1,1,1
908,7,187,303,23,65,1,1,1
909,7,187,303,23,65,1,1,1
910,7,187,303,23,65,1,1,1
911,7,187,303,23,65,1,1,1
912,7,187,303,23,65,1,1,1
913,7,187,303,23,65,1,1,1
914,7,187,303,21,65,1,1,1
915,7,187,303,21,65,1,1,1
916,7,187,303,21,65,1,1,1
917,7,187,303,21,65,1,1,1
918,7,188,303,20,63,1,1,1
919,7,187,303,21,65,1,1,1
920,7,188,303,21,65,1,1,1
921,7,188,303,21,64,1,1,1
922,7,188,303,21,65,1,1,1
923,7,188,303,23,65,1,1,1
924,7,188,303,23,65,1,1,1
925,7,188,303,23,64,1,1,1
926,7,188,303,23,64,1,1,1
927,7,188,303,23,65,1,1,1
928,7,188,303,23,65,1,1,1
929,7,188,303,23,64,1,1,1
930,7,188,303,23,64,1,1,1
931,7,188,303,23,65,1,1,1
932,7,188,303,23,65,1,1,1
933,7,188,303,23,65,1,1,1
934,7,188,303,23,65,1,1,1
935,7,188,303,23,65,1,1,1
936,7,190,302,23,65,1,1,1
937,7,190,302,30,65,1,1,1
938,7,193,302,27,65,1,1,1
939,7,194,302,27,65,1,1,1
940,7,194,298,27,69,1,1,1
941,7,194,298,27,69,1,1,1
942,7,194,298,27,69,1,1,1
943,7,194,298,27,69,1,1,1
944,7,195,298,26,69,1,1,1
945,7,195,298,26,69,1,1,1
946,7,195,298,23,69,1,1,1
947,7,195,298,23,69,1,1,1
948,7,195,298,23,69,1,1,1
949,7,195,298,23,69,1,1,1
950,7,195,298,23,69,1,1,1
951,7,195,301,23,66,1,1,1
952,7,195,302,23,67,1,1,1
953,7,195,302,23,67,1,1,1
954,7,195,302,23,67,1,1,1
955,7,195,302,23,67,1,1,1
956,7,195,302,22,66,1,1,1
957,7,195,302,22,66,1,1,1
958,7,192,302,25,66,1,1,1
959,7,190,302,27,66,1,1,1
960,7,190,302,23,66,1,1,1
961,7,189,302,24,66,1,1,1
962,7,189,301,24,67,1,1,1
963,7,189,301,24,67,1,1,1
964,7,189,302,24,66,1,1,1
965,7,190,302,24,67,1,1,1
966,7,193,302,20,66,1,1,1
967,7,193,302,20,66,1,1,1
968,7,193,302,20,66,1,1,1
969,7,193,302,21,68,1,1,1
970,7,193,302,21,68,1,1,1
971,7,192,303,21,67,1,1,1
972,7,192,303,21,67,1,1,1
973,7,191,303,20,66,1,1,1
974,7,195,302,16,69,1,1,1
975,7,195,302,16,69,1,1,1
976,7,195,302,15,69,1,1,1
977,7,194,302,16,69,1,1,1
978,7,193,302,16,69,1,1,1
979,7,193,302,15,69,1,1,1
980,7,193,302,16,69,1,1,1
981,7,184,303,28,66,1,1,1
982,7,184,303,28,66,1,1,1
983,7,182,303,31,67,1,1,1
984,7,180,303,32,67,1,1,1
985,7,179,303,33,67,1,1,1
986,7,179,304,32,66,1,1,1
987,7,177,303,35,68,1,1,1
988,7,176,303,36,68,1,1,1
989,7,178,303,35,68,1,1,1
990,7,177,303,35,68,1,1,1
991,7,177,303,35,68,1,1,1
992,7,176,303,36,69,1,1,1
993,7,178,302,31,69,1,1,1
994,7,177,302,31,69,1,1,1
995,7,177,302,27,70,1,1,1
996,7,179,302,23,70,1,1,1
997,7,178,302,23,70,1,1,1
998,7,177,302,21,70,1,1,1
999,7,177,302,20,71,1,1,1
1000,7,174,302,24,72,1,1,1
1001,7,173,302,25,72,1,1,1
1002,7,171,302,27,72,1,1,1
1003,7,171,302,27,72,1,1,1
1004,7,170,302,27,73,1,1,1
1005,7,167,302,31,71,1,1,1
1006,7,169,302,29,71,1,1,1
1,8,226,312,22,67,1,1,1
2,8,225,312,23,67,1,1,1
3,8,226,312,22,65,1,1,1
4,8,225,312,22,65,1,1,1
5,8,225,311,22,65,1,1,1
6,8,225,311,22,64,1,1,1
7,8,225,311,22,63,1,1,1
8,8,225,311,22,63,1,1,1
9,8,225,309,22,65,1,1,1
10,8,224,309,22,65,1,1,1
11,8,223,310,20,63,1,1,1
12,8,222,310,24,63,1,1,1
13,8,221,310,23,63,1,1,1
14,8,221,310,21,59,1,1,1
15,8,223,308,25,64,1,1,1
16,8,224,308,25,63,1,1,1
17,8,225,309,24,62,1,1,1
18,8,224,309,25,62,1,1,1
19,8,224,309,24,62,1,1,1
20,8,223,309,24,62,1,1,1
21,8,228,309,20,62,1,1,1
22,8,227,309,21,62,1,1,1
23,8,230,309,18,63,1,1,1
24,8,230,309,18,63,1,1,1
25,8,229,308,18,64,1,1,1
26,8,228,307,19,68,1,1,1
27,8,231,307,17,62,1,1,1
28,8,231,306,19,64,1,1,1
29,8,231,306,19,64,1,1,1
30,8,231,306,20,64,1,1,1
31,8,232,307,19,63,1,1,1
32,8,232,307,19,63,1,1,1
33,8,232,307,19,64,1,1,1
34,8,233,308,19,62,1,1,1
35,8,233,308,22,60,1,1,1
36,8,233,308,23,60,1,1,1
37,8,233,308,23,60,1,1,1
38,8,230,308,26,60,1,1,1
39,8,230,308,26,60,1,1,1
40,8,230,308,26,60,1,1,1
41,8,230,308,26,60,1,1,1
42,8,230,308,26,60,1,1,1
43,8,231,308,25,60,1,1,1
44,8,231,308,25,58,1,1,1
45,8,231,306,25,61,1,1,1
46,8,231,306,25,61,1,1,1
47,8,231,306,24,61,1,1,1
48,8,231,306,24,61,1,1,1
49,8,231,306,24,61,1,1,1
50,8,231,306,24,61,1,1,1
51,8,231,306,24,61,1,1,1
52,8,231,306,24,61,1,1,1
53,8,231,306,24,61,1,1,1
54,8,231,306,24,61,1,1,1
55,8,231,306,24,61,1,1,1
56,8,231,306,24,61,1,1,1
57,8,231,306,24,61,1,1,1
58,8,231,306,24,61,1,1,1
59,8,231,306,24,61,1,1,1
60,8,231,306,22,61,1,1,1
61,8,231,306,22,61,1,1,1
62,8,231,306,22,61,1,1,1
63,8,231,306,22,61,1,1,1
64,8,231,306,22,61,1,1,1
65,8,230,306,21,61,1,1,1
66,8,230,306,21,61,1,1,1
67,8,230,306,21,61,1,1,1
68,8,230,306,21,61,1,1,1
69,8,230,306,21,61,1,1,1
70,8,230,306,21,61,1,1,1
71,8,230,306,21,61,1,1,1
72,8,230,306,21,61,1,1,1
73,8,230,306,21,61,1,1,1
74,8,230,306,21,61,1,1,1
75,8,230,306,21,61,1,1,1
76,8,230,306,21,61,1,1,1
77,8,230,306,21,61,1,1,1
78,8,230,306,21,61,1,1,1
79,8,230,306,21,61,1,1,1
80,8,230,306,21,61,1,1,1
81,8,230,306,21,61,1,1,1
82,8,230,306,21,61,1,1,1
83,8,230,306,21,61,1,1,1
84,8,230,306,21,61,1,1,1
85,8,230,306,21,61,1,1,1
86,8,230,306,21,61,1,1,1
87,8,230,306,21,61,1,1,1
88,8,230,306,21,61,1,1,1
89,8,230,306,21,61,1,1,1
90,8,230,306,21,61,1,1,1
91,8,230,306,21,61,1,1,1
92,8,230,306,21,61,1,1,1
93,8,230,306,21,61,1,1,1
94,8,230,306,21,61,1,1,1
95,8,230,306,21,61,1,1,1
96,8,230,306,21,61,1,1,1
97,8,230,306,21,61,1,1,1
98,8,230,306,21,61,1,1,1
99,8,229,306,21,62,1,1,1
100,8,229,306,21,62,1,1,1
101,8,230,306,21,62,1,1,1
102,8,230,308,20,60,1,1,1
103,8,230,311,20,58,1,1,1
104,8,230,312,20,57,1,1,1
105,8,230,312,21,57,1,1,1
106,8,230,313,22,56,1,1,1
107,8,230,313,22,57,1,1,1
108,8,231,312,21,57,1,1,1
109,8,232,312,22,57,1,1,1
110,8,232,312,22,57,1,1,1
111,8,233,311,23,58,1,1,1
112,8,234,310,23,59,1,1,1
113,8,233,309,23,63,1,1,1
114,8,235,308,23,64,1,1,1
115,8,234,308,22,65,1,1,1
116,8,236,308,22,64,1,1,1
117,8,234,310,25,59,1,1,1
118,8,235,310,23,59,1,1,1
119,8,233,310,26,59,1,1,1
120,8,234,310,26,59,1,1,1
121,8,235,310,25,59,1,1,1
122,8,236,310,26,59,1,1,1
123,8,237,310,26,59,1,1,1
124,8,239,310,25,57,1,1,1
125,8,240,310,25,57,1,1,1
126,8,240,310,26,57,1,1,1
127,8,233,310,34,59,1,1,1
128,8,234,310,33,59,1,1,1
129,8,234,308,33,59,1,1,1
130,8,234,308,34,60,1,1,1
131,8,233,308,37,60,1,1,1
132,8,234,308,37,61,1,1,1
133,8,239,307,33,61,1,1,1
134,8,241,307,32,60,1,1,1
135,8,245,307,29,61,1,1,1
136,8,248,306,30,61,1,1,1
137,8,250,308,30,59,1,1,1
138,8,252,308,30,60,1,1,1
139,8,256,308,28,60,1,1,1
140,8,258,309,26,59,1,1,1
141,8,254,309,33,60,1,1,1
142,8,255,309,33,60,1,1,1
143,8,255,309,33,58,1,1,1
144,8,256,309,33,58,1,1,1
145,8,256,309,37,59,1,1,1
146,8,261,309,35,59,1,1,1
147,8,262,309,35,59,1,1,1
148,8,268,309,30,60,1,1,1
149,8,274,309,27,60,1,1,1
150,8,280,309,22,59,1,1,1
151,8,280,309,22,59,1,1,1
152,8,281,309,22,59,1,1,1
153,8,281,311,33,59,1,1,1
154,8,282,309,32,60,1,1,1
155,8,282,309,33,60,1,1,1
156,8,283,309,32,60,1,1,1
157,8,283,309,33,60,1,1,1
158,8,283,309,33,60,1,1,1
159,8,283,309,33,60,1,1,1
160,8,291,309,25,60,1,1,1
161,8,292,309,28,60,1,1,1
162,8,293,309,28,61,1,1,1
163,8,293,309,28,61,1,1,1
164,8,296,309,26,61,1,1,1
165,8,297,309,25,61,1,1,1
166,8,297,309,27,63,1,1,1
167,8,297,309,27,63,1,1,1
168,8,297,309,27,63,1,1,1
169,8,297,309,27,63,1,1,1
170,8,298,309,27,62,1,1,1
171,8,298,308,27,64,1,1,1
172,8,296,308,27,64,1,1,1
173,8,296,308,28,64,1,1,1
174,8,297,308,27,60,1,1,1
175,8,297,308,24,60,1,1,1
176,8,296,307,24,60,1,1,1
177,8,297,307,24,60,1,1,1
178,8,295,308,24,60,1,1,1
179,8,295,308,24,60,1,1,1
180,8,291,308,29,60,1,1,1
181,8,291,308,29,60,1,1,1
182,8,291,308,30,59,1,1,1
183,8,290,309,28,59,1,1,1
184,8,290,309,29,59,1,1,1
185,8,290,309,29,59,1,1,1
186,8,286,309,28,59,1,1,1
187,8,286,309,28,59,1,1,1
188,8,286,309,28,58,1,1,1
189,8,282,310,32,57,1,1,1
190,8,282,310,22,57,1,1,1
191,8,282,310,22,57,1,1,1
192,8,280,309,22,60,1,1,1
193,8,277,309,24,61,1,1,1
194,8,277,309,24,61,1,1,1
195,8,272,309,28,60,1,1,1
196,8,271,309,28,60,1,1,1
197,8,269,309,29,60,1,1,1
198,8,268,309,28,61,1,1,1
199,8,267,309,29,61,1,1,1
200,8,267,309,26,61,1,1,1
201,8,266,309,26,61,1,1,1
202,8,264,309,24,61,1,1,1
203,8,263,309,21,61,1,1,1
204,8,262,309,20,62,1,1,1
205,8,261,308,20,63,1,1,1
206,8,256,308,24,63,1,1,1
207,8,252,308,29,63,1,1,1
208,8,250,308,29,63,1,1,1
209,8,244,308,37,64,1,1,1
210,8,243,308,37,64,1,1,1
211,8,241,308,37,64,1,1,1
212,8,243,308,34,64,1,1,1
213,8,241,308,35,64,1,1,1
214,8,240,308,35,65,1,1,1
215,8,243,309,28,63,1,1,1
216,8,240,309,29,64,1,1,1
217,8,241,308,21,64,1,1,1
218,8,240,308,21,64,1,1,1
219,8,239,308,18,65,1,1,1
220,8,234,308,22,65,1,1,1
221,8,232,308,22,65,1,1,1
222,8,230,308,26,66,1,1,1
223,8,228,309,26,65,1,1,1
224,8,226,309,26,65,1,1,1
225,8,225,310,28,65,1,1,1
226,8,224,310,30,65,1,1,1
227,8,223,311,29,64,1,1,1
228,8,221,310,29,65,1,1,1
229,8,220,311,27,62,1,1,1
230,8,218,311,30,62,1,1,1
231,8,220,311,27,62,1,1,1
232,8,218,311,28,62,1,1,1
233,8,218,311,26,63,1,1,1
234,8,214,311,30,64,1,1,1
235,8,212,311,31,64,1,1,1
236,8,207,311,31,65,1,1,1
237,8,205,311,33,65,1,1,1
238,8,204,311,33,65,1,1,1
239,8,204,311,32,65,1,1,1
240,8,202,311,35,66,1,1,1
241,8,202,311,35,67,1,1,1
242,8,202,310,33,68,1,1,1
243,8,202,310,30,68,1,1,1
244,8,201,310,29,68,1,1,1
245,8,202,310,24,68,1,1,1
246,8,201,310,24,69,1,1,1
247,8,200,310,24,69,1,1,1
248,8,197,310,27,68,1,1,1
249,8,196,313,27,65,1,1,1
250,8,196,314,27,65,1,1,1
251,8,195,314,27,65,1,1,1
252,8,192,312,29,68,1,1,1
253,8,191,312,28,68,1,1,1
254,8,190,312,29,68,1,1,1
255,8,189,312,29,68,1,1,1
256,8,190,312,27,68,1,1,1
257,8,190,313,27,68,1,1,1
258,8,189,313,27,69,1,1,1
259,8,188,313,26,67,1,1,1
260,8,188,313,25,67,1,1,1
261,8,187,313,26,67,1,1,1
262,8,185,313,26,67,1,1,1
263,8,186,311,24,69,1,1,1
264,8,184,311,25,70,1,1,1
265,8,182,313,27,68,1,1,1
266,8,181,313,27,68,1,1,1
267,8,181,313,27,68,1,1,1
268,8,181,312,27,68,1,1,1
269,8,182,313,27,68,1,1,1
270,8,182,313,24,68,1,1,1
271,8,182,313,25,68,1,1,1
272,8,182,312,24,69,1,1,1
273,8,181,312,24,69,1,1,1
274,8,181,313,24,69,1,1,1
275,8,180,312,25,69,1,1,1
276,8,180,312,25,69,1,1,1
277,8,180,312,24,69,1,1,1
278,8,180,313,24,69,1,1,1
279,8,180,313,24,69,1,1,1
280,8,179,312,25,69,1,1,1
281,8,179,312,25,69,1,1,1
282,8,179,313,25,69,1,1,1
283,8,179,313,25,69,1,1,1
284,8,179,312,25,69,1,1,1
285,8,179,313,25,69,1,1,1
286,8,180,313,24,69,1,1,1
287,8,180,313,24,69,1,1,1
288,8,180,313,24,69,1,1,1
289,8,180,313,24,69,1,1,1
290,8,180,313,24,69,1,1,1
291,8,180,313,24,69,1,1,1
292,8,180,313,24,69,1,1,1
293,8,180,313,25,69,1,1,1
294,8,180,313,25,69,1,1,1
295,8,180,313,24,69,1,1,1
296,8,181,313,24,69,1,1,1
297,8,181,313,24,69,1,1,1
298,8,181,313,24,69,1,1,1
299,8,181,313,24,69,1,1,1
300,8,181,313,24,69,1,1,1
301,8,181,313,24,69,1,1,1
302,8,181,313,24,69,1,1,1
303,8,181,313,24,69,1,1,1
304,8,181,313,24,69,1,1,1
305,8,181,313,24,69,1,1,1
306,8,181,313,24,69,1,1,1
307,8,181,313,24,69,1,1,1
308,8,181,313,24,69,1,1,1
309,8,181,313,24,69,1,1,1
310,8,181,313,24,69,1,1,1
311,8,181,313,24,69,1,1,1
312,8,181,313,24,69,1,1,1
313,8,181,313,24,69,1,1,1
314,8,181,313,24,69,1,1,1
315,8,181,313,24,69,1,1,1
316,8,181,313,24,69,1,1,1
317,8,181,313,23,69,1,1,1
318,8,181,313,24,69,1,1,1
319,8,181,313,24,69,1,1,1
320,8,181,313,24,69,1,1,1
321,8,181,313,24,69,1,1,1
322,8,181,313,24,69,1,1,1
323,8,181,313,24,69,1,1,1
324,8,181,313,24,69,1,1,1
325,8,181,313,24,69,1,1,1
326,8,182,315,23,66,1,1,1
327,8,182,315,23,66,1,1,1
328,8,182,315,23,66,1,1,1
329,8,182,315,23,66,1,1,1
330,8,182,314,23,66,1,1,1
331,8,183,314,22,67,1,1,1
332,8,183,315,22,67,1,1,1
333,8,183,314,23,67,1,1,1
334,8,184,314,23,67,1,1,1
335,8,184,313,23,67,1,1,1
336,8,183,313,23,67,1,1,1
337,8,183,313,23,67,1,1,1
338,8,183,314,23,67,1,1,1
339,8,183,314,23,67,1,1,1
340,8,184,314,23,67,1,1,1
341,8,184,316,23,67,1,1,1
342,8,185,315,23,67,1,1,1
343,8,186,316,22,67,1,1,1
344,8,186,314,23,67,1,1,1
345,8,186,315,22,67,1,1,1
346,8,187,315,21,68,1,1,1
347,8,188,315,21,68,1,1,1
348,8,187,315,23,70,1,1,1
349,8,184,316,23,70,1,1,1
350,8,185,316,23,70,1,1,1
351,8,184,315,23,71,1,1,1
352,8,184,314,23,71,1,1,1
353,8,186,317,22,70,1,1,1
354,8,185,315,23,70,1,1,1
355,8,185,316,23,71,1,1,1
356,8,186,318,22,70,1,1,1
357,8,186,317,24,70,1,1,1
358,8,186,316,27,71,1,1,1
359,8,186,316,27,71,1,1,1
360,8,186,316,27,70,1,1,1
361,8,186,316,27,70,1,1,1
362,8,186,316,27,71,1,1,1
363,8,186,317,27,70,1,1,1
364,8,187,318,27,70,1,1,1
365,8,187,317,27,70,1,1,1
366,8,188,317,27,70,1,1,1
367,8,188,317,27,70,1,1,1
368,8,188,317,27,70,1,1,1
369,8,190,317,23,70,1,1,1
370,8,191,318,23,70,1,1,1
371,8,191,317,24,70,1,1,1
372,8,190,319,23,67,1,1,1
373,8,192,319,22,67,1,1,1
374,8,192,318,22,67,1,1,1
375,8,192,319,23,67,1,1,1
376,8,192,318,23,67,1,1,1
377,8,192,321,25,64,1,1,1
378,8,192,323,25,64,1,1,1
379,8,191,319,25,67,1,1,1
380,8,191,320,24,66,1,1,1
381,8,191,320,24,66,1,1,1
382,8,191,320,25,66,1,1,1
383,8,191,319,25,67,1,1,1
384,8,191,319,25,67,1,1,1
385,8,191,319,24,67,1,1,1
386,8,191,320,24,66,1,1,1
387,8,191,319,25,67,1,1,1
388,8,191,320,25,69,1,1,1
389,8,191,320,24,69,1,1,1
390,8,191,321,24,69,1,1,1
391,8,191,321,24,69,1,1,1
392,8,191,321,24,69,1,1,1
393,8,191,320,25,69,1,1,1
394,8,192,320,24,69,1,1,1
395,8,191,320,25,69,1,1,1
396,8,191,320,25,69,1,1,1
397,8,191,320,25,69,1,1,1
398,8,191,319,25,70,1,1,1
399,8,192,319,24,71,1,1,1
400,8,192,320,25,71,1,1,1
401,8,192,319,24,71,1,1,1
402,8,192,319,24,71,1,1,1
403,8,192,320,25,70,1,1,1
404,8,192,320,25,71,1,1,1
405,8,192,320,24,70,1,1,1
406,8,192,320,24,71,1,1,1
407,8,192,321,24,71,1,1,1
408,8,191,320,25,71,1,1,1
409,8,190,321,25,71,1,1,1
410,8,190,320,24,70,1,1,1
411,8,191,319,25,71,1,1,1
412,8,190,321,27,71,1,1,1
413,8,193,319,24,71,1,1,1
414,8,192,319,24,71,1,1,1
415,8,193,319,23,71,1,1,1
416,8,191,319,24,69,1,1,1
417,8,191,320,24,68,1,1,1
418,8,191,318,23,70,1,1,1
419,8,190,318,24,70,1,1,1
420,8,190,318,24,70,1,1,1
421,8,190,318,24,70,1,1,1
422,8,188,320,23,70,1,1,1
423,8,190,318,23,70,1,1,1
424,8,188,319,23,70,1,1,1
425,8,187,319,24,71,1,1,1
426,8,186,318,24,71,1,1,1
427,8,185,318,24,71,1,1,1
428,8,186,319,25,71,1,1,1
429,8,186,319,24,71,1,1,1
430,8,186,319,25,72,1,1,1
431,8,186,319,25,72,1,1,1
432,8,186,320,24,73,1,1,1
433,8,186,320,25,73,1,1,1
434,8,186,320,25,73,1,1,1
435,8,186,320,24,73,1,1,1
436,8,186,319,24,74,1,1,1
437,8,186,318,24,74,1,1,1
438,8,186,319,24,74,1,1,1
439,8,186,319,25,74,1,1,1
440,8,186,318,24,73,1,1,1
441,8,186,319,24,74,1,1,1
442,8,186,319,23,70,1,1,1
443,8,187,319,22,70,1,1,1
444,8,185,317,24,73,1,1,1
445,8,184,316,24,77,1,1,1
446,8,185,315,25,77,1,1,1
447,8,186,316,23,73,1,1,1
448,8,188,317,23,73,1,1,1
449,8,188,317,24,72,1,1,1
450,8,188,317,24,72,1,1,1
451,8,189,319,24,71,1,1,1
452,8,189,322,24,67,1,1,1
453,8,191,322,24,67,1,1,1
454,8,190,325,25,65,1,1,1
455,8,188,326,28,64,1,1,1
456,8,187,325,32,65,1,1,1
457,8,188,326,32,65,1,1,1
458,8,188,327,32,65,1,1,1
459,8,188,327,32,65,1,1,1
460,8,191,328,32,65,1,1,1
461,8,190,327,32,66,1,1,1
462,8,191,327,31,66,1,1,1
463,8,193,324,29,69,1,1,1
464,8,195,322,28,72,1,1,1
465,8,198,321,27,73,1,1,1
466,8,200,320,27,73,1,1,1
467,8,205,319,20,75,1,1,1
468,8,207,319,21,75,1,1,1
469,8,210,320,18,75,1,1,1
470,8,212,320,19,75,1,1,1
471,8,213,321,20,75,1,1,1
472,8,214,323,19,74,1,1,1
473,8,214,325,23,74,1,1,1
474,8,216,324,24,74,1,1,1
475,8,219,325,25,75,1,1,1
476,8,221,327,25,73,1,1,1
477,8,220,327,28,73,1,1,1
478,8,219,327,30,73,1,1,1
479,8,219,327,30,74,1,1,1
480,8,221,326,30,76,1,1,1
481,8,220,326,32,77,1,1,1
482,8,222,326,30,77,1,1,1
483,8,221,325,31,78,1,1,1
484,8,223,325,28,78,1,1,1
485,8,224,326,29,78,1,1,1
486,8,224,328,29,77,1,1,1
487,8,225,328,28,77,1,1,1
488,8,226,330,28,77,1,1,1
489,8,227,331,27,77,1,1,1
490,8,227,330,28,77,1,1,1
491,8,227,330,28,77,1,1,1
492,8,227,330,28,77,1,1,1
493,8,228,330,27,77,1,1,1
494,8,227,330,28,77,1,1,1
495,8,227,331,28,77,1,1,1
496,8,226,330,28,77,1,1,1
497,8,226,331,28,77,1,1,1
498,8,224,331,31,77,1,1,1
499,8,223,332,33,77,1,1,1
500,8,221,334,35,75,1,1,1
501,8,220,336,37,75,1,1,1
502,8,216,338,40,72,1,1,1
503,8,213,337,42,74,1,1,1
504,8,208,339,49,73,1,1,1
505,8,204,338,53,74,1,1,1
506,8,199,338,59,74,1,1,1
507,8,196,338,59,74,1,1,1
508,8,186,339,65,73,1,1,1
509,8,183,339,61,74,1,1,1
510,8,179,339,59,74,1,1,1
511,8,177,339,55,74,1,1,1
512,8,173,343,53,72,1,1,1
513,8,171,345,55,72,1,1,1
514,8,169,347,57,71,1,1,1
515,8,167,349,60,71,1,1,1
516,8,164,352,60,66,1,1,1
517,8,161,355,58,64,1,1,1
518,8,156,355,59,65,1,1,1
519,8,159,356,51,65,1,1,1
520,8,158,357,50,64,1,1,1
521,8,157,359,49,61,1,1,1
522,8,156,359,48,61,1,1,1
523,8,157,358,46,63,1,1,1
524,8,159,357,44,64,1,1,1
525,8,156,353,45,66,1,1,1
526,8,154,351,46,68,1,1,1
527,8,150,349,47,68,1,1,1
528,8,150,348,44,68,1,1,1
529,8,148,348,43,67,1,1,1
530,8,148,346,38,69,1,1,1
531,8,144,346,39,69,1,1,1
532,8,144,345,35,70,1,1,1
533,8,142,346,35,69,1,1,1
534,8,143,345,35,71,1,1,1
535,8,144,346,32,70,1,1,1
536,8,143,343,32,72,1,1,1
537,8,142,343,32,72,1,1,1
538,8,142,342,32,73,1,1,1
539,8,140,341,32,74,1,1,1
540,8,141,340,31,73,1,1,1
541,8,144,336,28,77,1,1,1
542,8,142,336,30,74,1,1,1
543,8,141,335,30,75,1,1,1
544,8,140,333,31,75,1,1,1
545,8,140,331,31,77,1,1,1
546,8,140,330,30,77,1,1,1
547,8,140,329,30,78,1,1,1
548,8,139,327,30,79,1,1,1
549,8,139,326,30,79,1,1,1
550,8,139,326,29,79,1,1,1
551,8,139,326,29,78,1,1,1
552,8,139,327,29,77,1,1,1
553,8,138,327,32,78,1,1,1
554,8,138,326,32,78,1,1,1
555,8,136,325,32,79,1,1,1
556,8,136,325,32,79,1,1,1
557,8,136,325,32,76,1,1,1
558,8,138,324,33,76,1,1,1
559,8,138,323,32,76,1,1,1
560,8,139,323,32,76,1,1,1
561,8,142,323,29,76,1,1,1
562,8,142,323,31,76,1,1,1
563,8,142,323,31,76,1,1,1
564,8,142,323,31,76,1,1,1
565,8,142,324,31,75,1,1,1
566,8,143,324,31,75,1,1,1
567,8,143,324,31,75,1,1,1
568,8,144,323,31,76,1,1,1
569,8,144,323,31,73,1,1,1
570,8,144,323,31,73,1,1,1
571,8,147,322,31,72,1,1,1
572,8,148,320,30,74,1,1,1
573,8,148,320,32,74,1,1,1
574,8,149,320,32,74,1,1,1
575,8,149,320,32,74,1,1,1
576,8,150,320,31,73,1,1,1
577,8,150,320,31,73,1,1,1
578,8,150,320,32,74,1,1,1
579,8,151,320,31,74,1,1,1
580,8,148,315,34,79,1,1,1
581,8,149,315,34,78,1,1,1
582,8,146,315,37,79,1,1,1
583,8,146,319,37,75,1,1,1
584,8,150,320,34,71,1,1,1
585,8,150,320,34,71,1,1,1
586,8,151,320,34,70,1,1,1
587,8,155,319,30,70,1,1,1
588,8,156,319,29,70,1,1,1
589,8,157,319,28,70,1,1,1
590,8,158,318,28,70,1,1,1
591,8,158,318,27,70,1,1,1
592,8,159,318,27,70,1,1,1
593,8,159,318,27,70,1,1,1
594,8,160,318,26,69,1,1,1
595,8,160,318,26,68,1,1,1
596,8,160,317,26,69,1,1,1
597,8,160,317,26,69,1,1,1
598,8,160,317,27,69,1,1,1
599,8,160,317,27,69,1,1,1
600,8,160,317,27,69,1,1,1
601,8,161,316,27,72,1,1,1
602,8,161,316,27,71,1,1,1
603,8,161,316,27,72,1,1,1
604,8,161,316,27,71,1,1,1
605,8,161,316,27,71,1,1,1
606,8,161,316,27,71,1,1,1
607,8,162,315,26,71,1,1,1
608,8,162,315,26,71,1,1,1
609,8,163,315,26,71,1,1,1
610,8,163,314,26,71,1,1,1
611,8,162,314,26,71,1,1,1
612,8,163,315,26,69,1,1,1
613,8,164,315,28,69,1,1,1
614,8,164,315,28,70,1,1,1
615,8,165,315,28,70,1,1,1
616,8,165,315,30,70,1,1,1
617,8,166,315,30,70,1,1,1
618,8,167,315,30,69,1,1,1
619,8,165,315,32,68,1,1,1
620,8,165,315,32,68,1,1,1
621,8,167,315,31,66,1,1,1
622,8,167,315,31,67,1,1,1
623,8,170,314,28,67,1,1,1
624,8,172,314,27,67,1,1,1
625,8,174,314,25,67,1,1,1
626,8,174,313,26,67,1,1,1
627,8,175,313,25,67,1,1,1
628,8,175,313,26,67,1,1,1
629,8,176,313,25,67,1,1,1
630,8,176,313,25,67,1,1,1
631,8,176,313,26,67,1,1,1
632,8,176,313,26,67,1,1,1
633,8,177,313,25,67,1,1,1
634,8,177,313,25,67,1,1,1
635,8,177,313,25,67,1,1,1
636,8,177,313,25,67,1,1,1
637,8,177,313,25,67,1,1,1
638,8,178,313,24,67,1,1,1
639,8,178,313,24,67,1,1,1
640,8,178,313,25,66,1,1,1
641,8,178,313,25,66,1,1,1
642,8,178,313,25,66,1,1,1
643,8,180,313,24,66,1,1,1
644,8,180,313,24,66,1,1,1
645,8,180,313,24,66,1,1,1
646,8,181,313,24,66,1,1,1
647,8,181,313,24,66,1,1,1
648,8,181,313,24,66,1,1,1
649,8,181,313,24,66,1,1,1
650,8,181,313,24,66,1,1,1
651,8,182,313,24,66,1,1,1
652,8,182,313,24,66,1,1,1
653,8,182,313,24,66,1,1,1
654,8,182,313,24,66,1,1,1
655,8,182,313,24,66,1,1,1
656,8,182,313,24,66,1,1,1
657,8,182,313,24,66,1,1,1
658,8,182,313,24,66,1,1,1
659,8,183,313,24,66,1,1,1
660,8,183,313,24,66,1,1,1
661,8,183,313,24,67,1,1,1
662,8,183,313,24,66,1,1,1
663,8,183,313,24,66,1,1,1
664,8,183,313,24,66,1,1,1
665,8,183,313,24,66,1,1,1
666,8,183,313,24,66,1,1,1
667,8,183,313,24,66,1,1,1
668,8,183,313,24,66,1,1,1
669,8,183,313,24,66,1,1,1
670,8,183,313,24,66,1,1,1
671,8,182,313,24,66,1,1,1
672,8,182,313,24,66,1,1,1
673,8,183,313,24,66,1,1,1
674,8,182,313,24,66,1,1,1
675,8,182,313,24,66,1,1,1
676,8,182,313,24,66,1,1,1
677,8,182,313,24,66,1,1,1
678,8,182,313,24,66,1,1,1
679,8,182,313,24,66,1,1,1
680,8,182,313,24,65,1,1,1
681,8,182,313,24,66,1,1,1
682,8,182,313,24,66,1,1,1
683,8,182,313,24,66,1,1,1
684,8,182,313,24,66,1,1,1
685,8,182,313,23,66,1,1,1
686,8,182,313,23,66,1,1,1
687,8,182,313,23,65,1,1,1
688,8,182,313,23,65,1,1,1
689,8,182,313,23,65,1,1,1
690,8,182,313,24,65,1,1,1
691,8,182,313,24,65,1,1,1
692,8,182,313,24,65,1,1,1
693,8,182,313,24,66,1,1,1
694,8,182,313,24,66,1,1,1
695,8,182,313,24,66,1,1,1
696,8,182,313,24,66,1,1,1
697,8,182,313,24,66,1,1,1
698,8,182,313,24,66,1,1,1
699,8,182,314,24,65,1,1,1
700,8,183,314,24,66,1,1,1
701,8,183,315,24,65,1,1,1
702,8,183,315,25,65,1,1,1
703,8,185,315,24,66,1,1,1
704,8,185,315,24,66,1,1,1
705,8,186,316,23,67,1,1,1
706,8,186,316,23,67,1,1,1
707,8,186,316,24,67,1,1,1
708,8,186,316,24,67,1,1,1
709,8,186,316,24,67,1,1,1
710,8,188,315,21,68,1,1,1
711,8,188,315,21,68,1,1,1
712,8,188,315,21,68,1,1,1
713,8,188,315,21,68,1,1,1
714,8,188,315,21,68,1,1,1
715,8,190,315,20,67,1,1,1
716,8,190,315,20,68,1,1,1
717,8,189,314,21,68,1,1,1
718,8,189,314,21,68,1,1,1
719,8,189,314,21,68,1,1,1
720,8,189,314,21,70,1,1,1
721,8,189,314,21,70,1,1,1
722,8,186,314,23,70,1,1,1
723,8,186,314,23,70,1,1,1
724,8,185,314,24,70,1,1,1
725,8,185,314,24,71,1,1,1
726,8,186,314,23,70,1,1,1
727,8,187,314,22,71,1,1,1
728,8,187,314,22,71,1,1,1
729,8,187,314,22,71,1,1,1
730,8,187,314,22,72,1,1,1
731,8,185,314,24,71,1,1,1
732,8,185,314,24,71,1,1,1
733,8,185,314,24,71,1,1,1
734,8,185,314,24,71,1,1,1
735,8,185,314,24,71,1,1,1
736,8,185,314,24,71,1,1,1
737,8,185,314,24,71,1,1,1
738,8,185,314,24,71,1,1,1
739,8,183,314,26,72,1,1,1
740,8,183,314,26,72,1,1,1
741,8,181,314,29,72,1,1,1
742,8,181,314,29,72,1,1,1
743,8,181,314,29,72,1,1,1
744,8,181,314,29,72,1,1,1
745,8,182,314,29,72,1,1,1
746,8,182,314,29,72,1,1,1
747,8,184,313,27,73,1,1,1
748,8,184,313,27,73,1,1,1
749,8,184,313,27,73,1,1,1
750,8,185,313,26,73,1,1,1
751,8,185,313,26,73,1,1,1
752,8,185,314,26,72,1,1,1
753,8,184,314,27,72,1,1,1
754,8,184,313,27,73,1,1,1
755,8,184,313,27,73,1,1,1
756,8,184,313,27,73,1,1,1
757,8,184,313,27,73,1,1,1
758,8,184,313,27,73,1,1,1
759,8,184,313,27,73,1,1,1
760,8,184,313,27,73,1,1,1
761,8,184,313,26,73,1,1,1
762,8,184,313,27,73,1,1,1
763,8,184,313,26,73,1,1,1
764,8,183,313,26,73,1,1,1
765,8,184,314,26,72,1,1,1
766,8,184,314,26,72,1,1,1
767,8,184,314,26,72,1,1,1
768,8,184,314,26,72,1,1,1
769,8,184,314,26,72,1,1,1
770,8,183,314,27,72,1,1,1
771,8,183,314,27,72,1,1,1
772,8,184,315,26,70,1,1,1
773,8,184,315,27,69,1,1,1
774,8,184,315,27,70,1,1,1
775,8,185,316,26,68,1,1,1
776,8,185,316,26,68,1,1,1
777,8,185,316,25,68,1,1,1
778,8,183,320,27,64,1,1,1
779,8,182,321,28,63,1,1,1
780,8,181,322,28,62,1,1,1
781,8,179,323,35,60,1,1,1
782,8,178,323,35,60,1,1,1
783,8,176,325,36,57,1,1,1
784,8,172,325,41,57,1,1,1
785,8,169,326,44,56,1,1,1
786,8,165,326,50,56,1,1,1
787,8,162,329,52,53,1,1,1
788,8,159,328,54,55,1,1,1
789,8,158,331,54,52,1,1,1
790,8,150,331,62,53,1,1,1
791,8,142,333,65,51,1,1,1
792,8,135,333,68,51,1,1,1
793,8,134,333,63,51,1,1,1
794,8,126,335,63,49,1,1,1
795,8,125,337,56,47,1,1,1
796,8,124,337,51,47,1,1,1
797,8,120,337,54,47,1,1,1
798,8,119,337,53,47,1,1,1
799,8,116,337,57,47,1,1,1
800,8,114,335,58,49,1,1,1
801,8,112,335,59,50,1,1,1
802,8,109,334,61,54,1,1,1
803,8,108,334,60,54,1,1,1
804,8,109,334,56,54,1,1,1
805,8,107,331,57,57,1,1,1
806,8,112,331,46,57,1,1,1
807,8,113,331,44,57,1,1,1
808,8,113,329,41,59,1,1,1
809,8,115,329,36,59,1,1,1
810,8,114,327,37,61,1,1,1
811,8,117,327,31,61,1,1,1
812,8,116,327,31,63,1,1,1
813,8,116,328,31,62,1,1,1
814,8,115,328,31,62,1,1,1
815,8,116,328,28,64,1,1,1
816,8,116,328,28,67,1,1,1
817,8,115,328,29,67,1,1,1
818,8,114,328,30,70,1,1,1
819,8,114,329,30,66,1,1,1
820,8,113,329,28,67,1,1,1
821,8,113,329,28,67,1,1,1
822,8,112,329,29,66,1,1,1
823,8,111,328,27,67,1,1,1
824,8,109,328,29,68,1,1,1
825,8,107,326,31,71,1,1,1
826,8,105,326,33,73,1,1,1
827,8,104,325,34,75,1,1,1
828,8,103,325,32,76,1,1,1
829,8,101,326,35,76,1,1,1
830,8,101,328,35,75,1,1,1
831,8,101,329,35,75,1,1,1
832,8,100,332,38,72,1,1,1
833,8,100,334,36,70,1,1,1
834,8,101,334,39,70,1,1,1
835,8,101,336,43,68,1,1,1
836,8,100,336,47,71,1,1,1
837,8,101,337,48,72,1,1,1
838,8,98,338,50,73,1,1,1
839,8,102,340,49,71,1,1,1
840,8,103,340,49,71,1,1,1
841,8,103,340,50,71,1,1,1
842,8,110,341,43,71,1,1,1
843,8,112,341,40,72,1,1,1
844,8,118,344,40,71,1,1,1
845,8,113,343,46,72,1,1,1
846,8,115,345,47,72,1,1,1
847,8,114,345,52,72,1,1,1
848,8,115,346,55,72,1,1,1
849,8,116,346,55,72,1,1,1
850,8,116,346,63,72,1,1,1
851,8,122,344,61,74,1,1,1
852,8,128,345,59,73,1,1,1
853,8,137,345,55,72,1,1,1
854,8,146,345,48,72,1,1,1
855,8,157,342,42,76,1,1,1
856,8,163,341,38,77,1,1,1
857,8,168,340,36,77,1,1,1
858,8,173,340,36,76,1,1,1
859,8,180,338,35,78,1,1,1
860,8,188,338,28,79,1,1,1
861,8,192,337,28,80,1,1,1
862,8,190,337,32,79,1,1,1
863,8,193,336,34,80,1,1,1
864,8,195,336,36,80,1,1,1
865,8,197,336,39,79,1,1,1
866,8,198,338,38,75,1,1,1
867,8,201,338,38,73,1,1,1
868,8,205,337,35,73,1,1,1
869,8,208,337,34,71,1,1,1
870,8,209,336,39,72,1,1,1
871,8,213,335,35,72,1,1,1
872,8,214,331,35,75,1,1,1
873,8,218,331,31,74,1,1,1
874,8,220,328,31,76,1,1,1
875,8,221,328,30,76,1,1,1
876,8,223,327,31,76,1,1,1
877,8,222,327,30,76,1,1,1
878,8,219,327,33,76,1,1,1
879,8,221,327,31,76,1,1,1
880,8,221,326,31,76,1,1,1
881,8,221,324,31,78,1,1,1
882,8,221,324,31,77,1,1,1
883,8,222,324,34,78,1,1,1
884,8,222,324,34,78,1,1,1
885,8,222,324,33,77,1,1,1
886,8,222,324,33,78,1,1,1
887,8,220,324,34,79,1,1,1
888,8,220,324,34,79,1,1,1
889,8,223,323,30,79,1,1,1
890,8,222,323,31,77,1,1,1
891,8,222,323,30,77,1,1,1
892,8,221,323,31,76,1,1,1
893,8,221,323,30,76,1,1,1
894,8,221,323,30,77,1,1,1
895,8,220,323,30,77,1,1,1
896,8,220,323,30,76,1,1,1
897,8,220,323,30,76,1,1,1
898,8,220,322,28,78,1,1,1
899,8,219,322,29,77,1,1,1
900,8,219,322,28,77,1,1,1
901,8,219,322,28,77,1,1,1
902,8,219,322,25,77,1,1,1
903,8,218,322,26,76,1,1,1
904,8,218,322,26,77,1,1,1
905,8,218,322,25,76,1,1,1
906,8,219,323,23,73,1,1,1
907,8,218,323,24,73,1,1,1
908,8,218,323,22,72,1,1,1
909,8,217,320,22,72,1,1,1
910,8,217,319,22,73,1,1,1
911,8,217,319,22,73,1,1,1
912,8,217,319,22,73,1,1,1
913,8,216,319,23,74,1,1,1
914,8,216,320,23,74,1,1,1
915,8,216,320,23,74,1,1,1
916,8,215,319,24,75,1,1,1
917,8,215,319,24,75,1,1,1
918,8,215,320,24,74,1,1,1
919,8,215,320,23,74,1,1,1
920,8,215,320,23,74,1,1,1
921,8,214,319,24,75,1,1,1
922,8,214,319,24,75,1,1,1
923,8,214,319,24,72,1,1,1
924,8,214,319,24,72,1,1,1
925,8,214,318,24,73,1,1,1
926,8,214,318,24,72,1,1,1
927,8,213,318,25,73,1,1,1
928,8,213,318,25,73,1,1,1
929,8,216,318,22,73,1,1,1
930,8,216,318,22,73,1,1,1
931,8,216,318,23,73,1,1,1
932,8,216,318,23,73,1,1,1
933,8,220,318,20,72,1,1,1
934,8,220,318,20,72,1,1,1
935,8,221,318,20,72,1,1,1
936,8,221,318,20,72,1,1,1
937,8,221,318,20,72,1,1,1
938,8,222,318,20,72,1,1,1
939,8,222,318,20,72,1,1,1
940,8,222,318,20,72,1,1,1
941,8,223,316,22,73,1,1,1
942,8,223,316,23,73,1,1,1
943,8,223,316,23,73,1,1,1
944,8,224,316,22,73,1,1,1
945,8,224,316,23,73,1,1,1
946,8,224,316,23,73,1,1,1
947,8,225,316,22,73,1,1,1
948,8,225,315,22,73,1,1,1
949,8,225,315,22,73,1,1,1
950,8,225,315,23,73,1,1,1
951,8,225,315,23,73,1,1,1
952,8,225,315,23,73,1,1,1
953,8,226,315,22,74,1,1,1
954,8,227,314,23,75,1,1,1
955,8,225,314,23,74,1,1,1
956,8,225,314,23,74,1,1,1
957,8,225,314,23,74,1,1,1
958,8,225,314,23,74,1,1,1
959,8,225,314,23,74,1,1,1
960,8,225,314,23,74,1,1,1
961,8,223,315,23,72,1,1,1
962,8,223,315,23,72,1,1,1
963,8,223,315,23,73,1,1,1
964,8,224,315,23,73,1,1,1
965,8,224,315,23,73,1,1,1
966,8,224,315,23,74,1,1,1
967,8,223,315,24,75,1,1,1
968,8,225,317,24,71,1,1,1
969,8,225,317,24,71,1,1,1
970,8,226,317,23,71,1,1,1
971,8,226,317,23,71,1,1,1
972,8,226,317,24,71,1,1,1
973,8,226,317,23,72,1,1,1
974,8,226,317,23,72,1,1,1
975,8,226,317,23,72,1,1,1
976,8,226,317,24,72,1,1,1
977,8,226,317,24,72,1,1,1
978,8,226,317,26,72,1,1,1
979,8,226,317,26,72,1,1,1
980,8,226,317,26,72,1,1,1
981,8,230,317,23,70,1,1,1
982,8,230,317,23,71,1,1,1
983,8,229,318,24,70,1,1,1
984,8,231,318,26,70,1,1,1
985,8,231,318,25,71,1,1,1
986,8,233,318,24,70,1,1,1
987,8,233,318,24,71,1,1,1
988,8,233,317,23,71,1,1,1
989,8,233,317,23,71,1,1,1
990,8,232,317,24,72,1,1,1
991,8,233,317,24,71,1,1,1
992,8,234,317,23,72,1,1,1
993,8,235,318,23,71,1,1,1
994,8,236,317,25,72,1,1,1
995,8,237,317,24,72,1,1,1
996,8,237,317,24,72,1,1,1
997,8,237,317,25,72,1,1,1
998,8,240,317,22,72,1,1,1
999,8,240,317,23,72,1,1,1
1000,8,243,317,22,72,1,1,1
1001,8,243,317,23,72,1,1,1
1002,8,244,317,22,72,1,1,1
1003,8,245,317,23,72,1,1,1
1004,8,245,317,24,73,1,1,1
1005,8,247,318,23,71,1,1,1
1006,8,247,318,27,71,1,1,1
1,9,608,306,24,35,1,1,1
2,9,608,306,24,35,1,1,1
3,9,608,306,24,35,1,1,1
4,9,608,306,24,35,1,1,1
5,9,608,306,24,35,1,1,1
6,9,608,306,24,35,1,1,1
7,9,608,306,24,35,1,1,1
8,9,608,306,24,35,1,1,1
9,9,608,306,24,35,1,1,1
10,9,608,306,24,35,1,1,1
11,9,608,306,24,35,1,1,1
12,9,608,306,24,35,1,1,1
13,9,608,306,24,35,1,1,1
14,9,608,306,24,35,1,1,1
15,9,608,306,24,35,1,1,1
16,9,608,306,24,35,1,1,1
17,9,608,306,24,35,1,1,1
18,9,608,306,24,35,1,1,1
19,9,608,306,24,35,1,1,1
20,9,608,306,24,35,1,1,1
21,9,608,306,24,35,1,1,1
22,9,608,306,24,35,1,1,1
23,9,608,306,24,35,1,1,1
24,9,608,306,24,35,1,1,1
25,9,608,306,24,35,1,1,1
26,9,608,306,24,35,1,1,1
27,9,608,306,24,35,1,1,1
28,9,608,306,24,35,1,1,1
29,9,608,306,24,35,1,1,1
30,9,608,306,24,35,1,1,1
31,9,608,306,24,35,1,1,1
32,9,608,306,24,35,1,1,1
33,9,608,306,24,35,1,1,1
34,9,608,306,24,35,1,1,1
35,9,608,306,24,35,1,1,1
36,9,608,306,24,35,1,1,1
37,9,608,306,24,35,1,1,1
38,9,608,306,24,35,1,1,1
39,9,608,306,24,35,1,1,1
40,9,608,306,24,35,1,1,1
41,9,608,306,24,35,1,1,1
42,9,608,306,24,35,1,1,1
43,9,608,306,24,35,1,1,1
44,9,608,306,24,35,1,1,1
45,9,608,306,24,35,1,1,1
46,9,608,306,24,35,1,1,1
47,9,608,306,24,35,1,1,1
48,9,608,306,24,35,1,1,1
49,9,608,306,24,35,1,1,1
50,9,608,306,24,35,1,1,1
51,9,608,306,24,35,1,1,1
52,9,608,306,24,35,1,1,1
53,9,608,306,24,35,1,1,1
54,9,608,306,24,35,1,1,1
55,9,608,306,24,35,1,1,1
56,9,608,306,24,35,1,1,1
57,9,608,306,24,35,1,1,1
58,9,608,306,24,35,1,1,1
59,9,608,306,24,35,1,1,1
60,9,608,306,24,35,1,1,1
61,9,608,306,24,35,1,1,1
62,9,608,306,24,35,1,1,1
63,9,608,306,24,35,1,1,1
64,9,608,306,24,35,1,1,1
65,9,608,306,24,35,1,1,1
66,9,608,306,24,35,1,1,1
67,9,608,306,24,35,1,1,1
68,9,608,306,24,35,1,1,1
69,9,608,306,24,35,1,1,1
70,9,608,306,24,35,1,1,1
71,9,608,306,24,35,1,1,1
72,9,608,306,24,35,1,1,1
73,9,608,306,24,35,1,1,1
74,9,608,306,24,35,1,1,1
75,9,608,306,24,35,1,1,1
76,9,608,306,24,35,1,1,1
77,9,608,306,24,35,1,1,1
78,9,608,306,24,35,1,1,1
79,9,608,306,24,35,1,1,1
80,9,608,306,24,35,1,1,1
81,9,608,306,24,35,1,1,1
82,9,608,306,24,35,1,1,1
83,9,608,306,24,35,1,1,1
84,9,608,306,24,35,1,1,1
85,9,608,306,24,35,1,1,1
86,9,608,306,24,35,1,1,1
87,9,608,306,24,35,1,1,1
88,9,608,306,24,35,1,1,1
89,9,608,306,24,35,1,1,1
90,9,608,306,24,35,1,1,1
91,9,608,306,24,35,1,1,1
92,9,608,306,24,35,1,1,1
93,9,608,306,24,35,1,1,1
94,9,608,306,24,35,1,1,1
95,9,608,306,24,35,1,1,1
96,9,608,306,24,35,1,1,1
97,9,608,305,24,36,1,1,1
98,9,608,305,24,36,1,1,1
99,9,608,305,24,36,1,1,1
100,9,608,305,24,36,1,1,1
101,9,608,305,24,36,1,1,1
102,9,608,305,24,36,1,1,1
103,9,608,305,24,36,1,1,1
104,9,608,305,24,36,1,1,1
105,9,608,305,24,36,1,1,1
106,9,608,305,24,36,1,1,1
107,9,608,305,24,36,1,1,1
108,9,608,305,24,36,1,1,1
109,9,608,305,24,36,1,1,1
110,9,608,305,24,36,1,1,1
111,9,608,305,24,36,1,1,1
112,9,608,305,24,36,1,1,1
113,9,608,305,24,36,1,1,1
114,9,608,305,24,36,1,1,1
115,9,608,305,24,36,1,1,1
116,9,608,305,24,36,1,1,1
117,9,608,305,24,36,1,1,1
118,9,608,305,24,36,1,1,1
119,9,608,305,24,36,1,1,1
120,9,608,305,24,36,1,1,1
121,9,608,305,24,36,1,1,1
122,9,608,305,24,36,1,1,1
123,9,608,305,24,36,1,1,1
124,9,608,305,24,36,1,1,1
125,9,608,305,24,36,1,1,1
126,9,608,305,24,36,1,1,1
127,9,608,305,24,36,1,1,1
128,9,608,305,24,36,1,1,1
129,9,608,305,24,36,1,1,1
130,9,608,305,24,36,1,1,1
131,9,608,305,24,36,1,1,1
132,9,608,305,24,36,1,1,1
133,9,608,305,24,36,1,1,1
134,9,608,305,24,36,1,1,1
135,9,608,305,24,36,1,1,1
136,9,608,305,24,36,1,1,1
137,9,608,305,24,36,1,1,1
138,9,608,305,24,36,1,1,1
139,9,608,305,24,36,1,1,1
140,9,608,305,24,36,1,1,1
141,9,608,305,24,36,1,1,1
142,9,608,305,24,36,1,1,1
143,9,608,305,24,36,1,1,1
144,9,608,305,24,36,1,1,1
145,9,608,305,24,36,1,1,1
146,9,608,305,24,36,1,1,1
147,9,608,305,24,36,1,1,1
148,9,608,305,24,36,1,1,1
149,9,608,305,24,36,1,1,1
150,9,608,305,24,36,1,1,1
151,9,608,305,24,36,1,1,1
152,9,608,305,24,36,1,1,1
153,9,608,305,24,36,1,1,1
154,9,608,305,24,36,1,1,1
155,9,608,305,24,36,1,1,1
156,9,608,305,24,36,1,1,1
157,9,608,305,24,36,1,1,1
158,9,608,305,24,36,1,1,1
159,9,608,305,24,36,1,1,1
160,9,608,305,24,36,1,1,1
161,9,608,305,24,36,1,1,1
162,9,608,305,24,36,1,1,1
163,9,608,305,24,36,1,1,1
164,9,608,305,24,36,1,1,1
165,9,608,305,24,36,1,1,1
166,9,608,305,24,36,1,1,1
167,9,608,305,24,36,1,1,1
168,9,608,305,24,36,1,1,1
169,9,608,305,24,36,1,1,1
170,9,608,305,24,36,1,1,1
171,9,608,305,24,36,1,1,1
172,9,608,305,24,36,1,1,1
173,9,608,305,24,36,1,1,1
174,9,608,305,24,36,1,1,1
175,9,608,305,24,36,1,1,1
176,9,608,305,24,36,1,1,1
177,9,608,305,24,36,1,1,1
178,9,608,305,24,36,1,1,1
179,9,608,305,24,36,1,1,1
180,9,608,305,24,36,1,1,1
181,9,608,305,24,36,1,1,1
182,9,608,305,24,36,1,1,1
183,9,608,305,24,36,1,1,1
184,9,608,305,24,36,1,1,1
185,9,608,305,24,36,1,1,1
186,9,608,305,24,36,1,1,1
187,9,608,305,24,36,1,1,1
188,9,608,305,24,36,1,1,1
189,9,608,305,24,36,1,1,1
190,9,608,305,24,36,1,1,1
191,9,608,305,24,36,1,1,1
192,9,608,305,24,36,1,1,1
193,9,608,305,24,36,1,1,1
194,9,608,305,24,36,1,1,1
195,9,608,305,24,36,1,1,1
196,9,608,305,24,36,1,1,1
197,9,608,305,24,36,1,1,1
198,9,608,305,24,36,1,1,1
199,9,608,305,24,36,1,1,1
200,9,608,305,24,36,1,1,1
201,9,608,305,24,36,1,1,1
202,9,608,305,24,36,1,1,1
203,9,608,305,24,36,1,1,1
204,9,608,305,24,36,1,1,1
205,9,608,305,24,36,1,1,1
206,9,608,305,24,36,1,1,1
207,9,608,305,24,36,1,1,1
208,9,608,305,24,36,1,1,1
209,9,608,305,24,36,1,1,1
210,9,608,305,24,36,1,1,1
211,9,608,305,24,36,1,1,1
212,9,608,305,24,36,1,1,1
213,9,608,305,24,36,1,1,1
214,9,608,305,24,36,1,1,1
215,9,608,305,24,36,1,1,1
216,9,608,305,24,36,1,1,1
217,9,608,305,24,36,1,1,1
218,9,608,305,24,36,1,1,1
219,9,608,305,24,36,1,1,1
220,9,608,305,24,36,1,1,1
221,9,608,305,24,36,1,1,1
222,9,608,305,24,36,1,1,1
223,9,608,305,24,36,1,1,1
224,9,608,305,24,36,1,1,1
225,9,608,305,24,36,1,1,1
226,9,608,305,24,36,1,1,1
227,9,608,305,24,36,1,1,1
228,9,608,305,24,36,1,1,1
229,9,608,305,24,36,1,1,1
230,9,608,305,24,36,1,1,1
231,9,608,305,24,36,1,1,1
232,9,608,305,24,36,1,1,1
233,9,608,305,24,36,1,1,1
234,9,608,305,24,36,1,1,1
235,9,608,305,24,36,1,1,1
236,9,608,305,24,36,1,1,1
237,9,608,305,24,36,1,1,1
238,9,608,305,24,36,1,1,1
239,9,608,305,24,36,1,1,1
240,9,608,305,24,36,1,1,1
241,9,608,305,24,36,1,1,1
242,9,608,305,24,36,1,1,1
243,9,608,305,24,36,1,1,1
244,9,608,305,24,36,1,1,1
245,9,608,305,24,36,1,1,1
246,9,608,305,24,36,1,1,1
247,9,608,305,24,36,1,1,1
248,9,608,305,24,36,1,1,1
249,9,608,305,24,36,1,1,1
250,9,608,305,24,36,1,1,1
251,9,608,305,24,36,1,1,1
252,9,608,305,24,36,1,1,1
253,9,608,305,24,36,1,1,1
254,9,608,305,24,36,1,1,1
255,9,608,305,24,36,1,1,1
256,9,608,305,24,36,1,1,1
257,9,608,305,24,36,1,1,1
258,9,608,305,24,36,1,1,1
259,9,608,305,24,36,1,1,1
260,9,608,305,24,36,1,1,1
261,9,608,305,24,36,1,1,1
262,9,608,305,24,36,1,1,1
263,9,608,305,24,36,1,1,1
264,9,608,305,24,36,1,1,1
265,9,608,305,24,36,1,1,1
266,9,608,305,24,36,1,1,1
267,9,608,305,24,36,1,1,1
268,9,608,305,24,36,1,1,1
269,9,608,305,24,36,1,1,1
270,9,608,305,24,36,1,1,1
271,9,608,305,24,36,1,1,1
272,9,608,305,24,36,1,1,1
273,9,608,305,24,36,1,1,1
274,9,608,305,24,36,1,1,1
275,9,608,305,24,36,1,1,1
276,9,608,305,24,36,1,1,1
277,9,608,305,24,36,1,1,1
278,9,608,305,24,36,1,1,1
279,9,608,305,24,36,1,1,1
280,9,608,305,24,36,1,1,1
281,9,608,305,24,36,1,1,1
282,9,608,305,24,36,1,1,1
283,9,608,305,24,36,1,1,1
284,9,608,305,24,36,1,1,1
285,9,608,305,24,36,1,1,1
286,9,608,305,24,36,1,1,1
287,9,608,305,24,36,1,1,1
288,9,608,305,24,36,1,1,1
289,9,608,305,24,36,1,1,1
290,9,608,305,24,36,1,1,1
291,9,608,305,24,36,1,1,1
292,9,608,305,24,36,1,1,1
293,9,608,305,24,36,1,1,1
294,9,609,305,24,36,1,1,1
295,9,609,305,24,36,1,1,1
296,9,609,305,24,36,1,1,1
297,9,609,305,24,36,1,1,1
298,9,609,305,24,36,1,1,1
299,9,609,305,24,36,1,1,1
300,9,609,305,24,36,1,1,1
301,9,609,305,24,36,1,1,1
302,9,609,305,24,36,1,1,1
303,9,609,305,24,36,1,1,1
304,9,609,305,24,36,1,1,1
305,9,609,305,24,36,1,1,1
306,9,609,305,24,36,1,1,1
307,9,609,305,24,36,1,1,1
308,9,609,305,24,36,1,1,1
309,9,609,305,24,36,1,1,1
310,9,609,305,24,36,1,1,1
311,9,609,305,24,36,1,1,1
312,9,609,305,24,36,1,1,1
313,9,609,305,24,36,1,1,1
314,9,609,305,24,36,1,1,1
315,9,609,306,24,35,1,1,1
316,9,609,306,24,35,1,1,1
317,9,609,306,24,35,1,1,1
318,9,609,306,24,35,1,1,1
319,9,609,306,24,35,1,1,1
320,9,609,306,24,35,1,1,1
321,9,609,306,24,35,1,1,1
322,9,609,306,24,35,1,1,1
323,9,609,306,24,35,1,1,1
324,9,609,306,24,35,1,1,1
325,9,609,306,24,35,1,1,1
326,9,609,306,24,35,1,1,1
327,9,609,306,24,35,1,1,1
328,9,609,306,24,35,1,1,1
329,9,609,306,24,35,1,1,1
330,9,609,306,24,35,1,1,1
331,9,609,306,24,35,1,1,1
332,9,609,306,24,35,1,1,1
333,9,609,306,24,35,1,1,1
334,9,609,306,24,35,1,1,1
335,9,609,306,24,35,1,1,1
336,9,609,306,24,35,1,1,1
337,9,609,306,24,35,1,1,1
338,9,609,306,24,35,1,1,1
339,9,609,306,24,35,1,1,1
340,9,609,306,24,35,1,1,1
341,9,609,306,24,35,1,1,1
342,9,609,306,24,35,1,1,1
343,9,609,306,24,35,1,1,1
344,9,609,306,24,35,1,1,1
345,9,609,306,24,35,1,1,1
346,9,610,306,23,35,1,1,1
347,9,610,306,23,35,1,1,1
348,9,610,306,23,35,1,1,1
349,9,610,306,23,35,1,1,1
350,9,610,306,23,35,1,1,1
351,9,610,306,23,35,1,1,1
352,9,610,306,23,35,1,1,1
353,9,610,306,23,35,1,1,1
354,9,610,306,23,35,1,1,1
355,9,610,306,23,35,1,1,1
356,9,610,306,23,35,1,1,1
357,9,610,306,23,35,1,1,1
358,9,610,306,23,35,1,1,1
359,9,610,306,23,35,1,1,1
360,9,610,306,23,35,1,1,1
361,9,610,306,23,35,1,1,1
362,9,610,306,23,35,1,1,1
363,9,610,306,23,35,1,1,1
364,9,610,306,23,35,1,1,1
365,9,610,306,23,35,1,1,1
366,9,610,306,23,35,1,1,1
367,9,610,306,23,35,1,1,1
368,9,609,306,24,35,1,1,1
369,9,609,306,24,35,1,1,1
370,9,609,306,24,35,1,1,1
371,9,609,306,24,35,1,1,1
372,9,609,306,24,35,1,1,1
373,9,609,306,24,35,1,1,1
374,9,609,306,24,35,1,1,1
375,9,609,306,24,35,1,1,1
376,9,609,306,24,35,1,1,1
377,9,609,306,24,35,1,1,1
378,9,609,306,24,35,1,1,1
379,9,609,306,24,36,1,1,1
380,9,609,306,24,36,1,1,1
381,9,609,306,24,36,1,1,1
382,9,609,306,24,36,1,1,1
383,9,609,306,24,36,1,1,1
384,9,609,306,24,36,1,1,1
385,9,609,306,24,36,1,1,1
386,9,609,306,24,36,1,1,1
387,9,609,306,24,36,1,1,1
388,9,609,304,24,38,1,1,1
389,9,609,304,24,38,1,1,1
390,9,609,304,24,38,1,1,1
391,9,609,304,23,38,1,1,1
392,9,609,303,23,39,1,1,1
393,9,609,303,23,39,1,1,1
394,9,609,303,23,39,1,1,1
395,9,609,303,23,39,1,1,1
396,9,609,303,23,39,1,1,1
397,9,608,303,24,39,1,1,1
398,9,608,303,24,39,1,1,1
399,9,608,303,24,39,1,1,1
400,9,608,303,23,39,1,1,1
401,9,608,303,24,39,1,1,1
402,9,608,303,23,39,1,1,1
403,9,608,303,24,39,1,1,1
404,9,608,303,23,39,1,1,1
405,9,608,303,23,39,1,1,1
406,9,608,303,23,39,1,1,1
407,9,608,303,23,39,1,1,1
408,9,608,303,23,39,1,1,1
409,9,608,303,23,39,1,1,1
410,9,608,303,24,39,1,1,1
411,9,607,303,24,39,1,1,1
412,9,607,303,24,39,1,1,1
413,9,607,303,24,39,1,1,1
414,9,607,303,24,39,1,1,1
415,9,607,303,24,39,1,1,1
416,9,607,303,24,39,1,1,1
417,9,607,303,24,39,1,1,1
418,9,608,303,24,39,1,1,1
419,9,608,304,24,38,1,1,1
420,9,608,304,24,38,1,1,1
421,9,607,303,24,39,1,1,1
422,9,608,303,24,39,1,1,1
423,9,608,303,24,39,1,1,1
424,9,608,303,24,39,1,1,1
425,9,608,303,24,39,1,1,1
426,9,608,303,24,39,1,1,1
427,9,608,303,23,39,1,1,1
428,9,608,304,24,38,1,1,1
429,9,608,303,23,39,1,1,1
430,9,608,303,23,39,1,1,1
431,9,608,303,23,39,1,1,1
432,9,608,303,23,39,1,1,1
433,9,608,303,23,39,1,1,1
434,9,608,303,23,39,1,1,1
435,9,608,304,24,38,1,1,1
436,9,608,303,23,39,1,1,1
437,9,608,303,23,39,1,1,1
438,9,608,304,23,38,1,1,1
439,9,608,304,23,38,1,1,1
440,9,608,304,23,38,1,1,1
441,9,607,304,24,38,1,1,1
442,9,607,304,24,38,1,1,1
443,9,607,304,24,39,1,1,1
444,9,607,304,24,39,1,1,1
445,9,608,304,23,38,1,1,1
446,9,608,304,23,38,1,1,1
447,9,608,304,23,38,1,1,1
448,9,608,304,23,38,1,1,1
449,9,608,304,24,38,1,1,1
450,9,608,304,24,38,1,1,1
451,9,608,304,24,39,1,1,1
452,9,608,304,24,38,1,1,1
453,9,608,304,24,39,1,1,1
454,9,608,304,24,38,1,1,1
455,9,608,304,24,38,1,1,1
456,9,608,304,24,39,1,1,1
457,9,608,304,24,38,1,1,1
458,9,608,304,24,38,1,1,1
459,9,608,304,24,38,1,1,1
460,9,609,304,23,39,1,1,1
461,9,609,304,23,39,1,1,1
462,9,609,304,23,39,1,1,1
463,9,610,304,23,39,1,1,1
464,9,610,304,23,39,1,1,1
465,9,610,304,23,38,1,1,1
466,9,610,304,23,38,1,1,1
467,9,610,304,23,38,1,1,1
468,9,610,304,23,38,1,1,1
469,9,610,305,23,37,1,1,1
470,9,610,304,23,38,1,1,1
471,9,611,305,22,37,1,1,1
472,9,611,305,22,37,1,1,1
473,9,610,304,23,38,1,1,1
474,9,610,304,23,38,1,1,1
475,9,611,306,22,37,1,1,1
476,9,611,305,22,37,1,1,1
477,9,611,306,22,36,1,1,1
478,9,611,306,22,36,1,1,1
479,9,611,306,22,36,1,1,1
480,9,611,306,22,36,1,1,1
481,9,611,306,22,36,1,1,1
482,9,611,306,22,36,1,1,1
483,9,611,306,22,36,1,1,1
484,9,611,306,22,36,1,1,1
485,9,611,306,22,36,1,1,1
486,9,611,306,22,36,1,1,1
487,9,611,306,22,36,1,1,1
488,9,611,306,22,36,1,1,1
489,9,611,306,22,36,1,1,1
490,9,611,306,22,36,1,1,1
491,9,611,306,22,36,1,1,1
492,9,611,306,22,36,1,1,1
493,9,611,306,22,36,1,1,1
494,9,611,306,22,36,1,1,1
495,9,611,306,21,36,1,1,1
496,9,611,306,21,36,1,1,1
497,9,611,306,21,36,1,1,1
498,9,611,306,21,36,1,1,1
499,9,611,306,21,36,1,1,1
500,9,611,306,21,36,1,1,1
501,9,611,306,21,36,1,1,1
502,9,611,306,21,36,1,1,1
503,9,611,306,21,36,1,1,1
504,9,611,306,21,36,1,1,1
505,9,611,306,21,36,1,1,1
506,9,611,306,21,36,1,1,1
507,9,611,306,21,36,1,1,1
508,9,611,306,21,36,1,1,1
509,9,611,306,21,36,1,1,1
510,9,611,306,21,36,1,1,1
511,9,611,306,21,36,1,1,1
512,9,611,306,21,36,1,1,1
513,9,611,306,21,36,1,1,1
514,9,611,306,21,36,1,1,1
515,9,611,306,21,36,1,1,1
516,9,611,306,21,36,1,1,1
517,9,611,306,21,36,1,1,1
518,9,611,306,21,36,1,1,1
519,9,611,307,21,36,1,1,1
520,9,611,307,21,36,1,1,1
521,9,611,307,21,36,1,1,1
522,9,611,307,21,36,1,1,1
523,9,611,307,21,36,1,1,1
524,9,611,307,21,36,1,1,1
525,9,611,307,21,36,1,1,1
526,9,611,307,21,36,1,1,1
527,9,611,307,21,36,1,1,1
528,9,611,307,21,36,1,1,1
529,9,611,307,21,36,1,1,1
530,9,611,307,21,36,1,1,1
531,9,611,307,21,36,1,1,1
532,9,611,307,21,36,1,1,1
533,9,611,307,21,36,1,1,1
534,9,611,307,21,36,1,1,1
535,9,610,307,22,36,1,1,1
536,9,610,307,22,36,1,1,1
537,9,610,307,22,36,1,1,1
538,9,610,307,22,36,1,1,1
539,9,610,307,22,36,1,1,1
540,9,610,307,22,36,1,1,1
541,9,610,307,22,36,1,1,1
542,9,610,307,22,36,1,1,1
543,9,610,307,22,36,1,1,1
544,9,610,307,22,36,1,1,1
545,9,610,307,22,36,1,1,1
546,9,610,307,22,36,1,1,1
547,9,610,307,22,36,1,1,1
548,9,610,307,22,36,1,1,1
549,9,610,307,22,36,1,1,1
550,9,610,307,22,36,1,1,1
551,9,610,307,22,36,1,1,1
552,9,610,307,22,36,1,1,1
553,9,610,307,22,36,1,1,1
554,9,610,307,22,36,1,1,1
555,9,610,307,22,36,1,1,1
556,9,610,307,22,36,1,1,1
557,9,610,307,22,36,1,1,1
558,9,610,307,22,36,1,1,1
559,9,610,307,22,36,1,1,1
560,9,610,307,22,36,1,1,1
561,9,610,307,22,36,1,1,1
562,9,610,307,22,36,1,1,1
563,9,610,307,22,36,1,1,1
564,9,610,307,22,36,1,1,1
565,9,610,307,22,36,1,1,1
566,9,610,307,22,36,1,1,1
567,9,610,307,22,36,1,1,1
568,9,610,307,22,36,1,1,1
569,9,610,307,22,36,1,1,1
570,9,610,307,21,36,1,1,1
571,9,610,307,21,36,1,1,1
572,9,610,307,21,36,1,1,1
573,9,610,307,21,36,1,1,1
574,9,610,307,21,36,1,1,1
575,9,610,307,21,36,1,1,1
576,9,610,307,21,36,1,1,1
577,9,610,307,21,36,1,1,1
578,9,610,307,21,36,1,1,1
579,9,610,307,21,36,1,1,1
580,9,610,307,21,36,1,1,1
581,9,610,307,21,36,1,1,1
582,9,610,307,22,36,1,1,1
583,9,610,307,22,36,1,1,1
584,9,610,307,22,36,1,1,1
585,9,610,307,22,36,1,1,1
586,9,610,307,22,36,1,1,1
587,9,610,307,22,36,1,1,1
588,9,610,307,22,36,1,1,1
589,9,610,307,22,36,1,1,1
590,9,610,307,22,36,1,1,1
591,9,610,307,22,36,1,1,1
592,9,610,307,22,36,1,1,1
593,9,610,307,22,36,1,1,1
594,9,610,307,22,36,1,1,1
595,9,610,307,22,36,1,1,1
596,9,610,307,22,36,1,1,1
597,9,610,307,22,36,1,1,1
598,9,610,307,22,36,1,1,1
599,9,610,307,22,36,1,1,1
600,9,610,307,22,36,1,1,1
601,9,610,307,22,36,1,1,1
602,9,610,307,22,36,1,1,1
603,9,610,307,22,36,1,1,1
604,9,610,307,22,36,1,1,1
605,9,610,307,22,36,1,1,1
606,9,611,307,21,36,1,1,1
607,9,611,307,21,36,1,1,1
608,9,611,307,21,36,1,1,1
609,9,611,307,21,36,1,1,1
610,9,611,307,21,36,1,1,1
611,9,611,307,21,36,1,1,1
612,9,611,307,21,36,1,1,1
613,9,610,307,22,36,1,1,1
614,9,610,307,22,36,1,1,1
615,9,610,307,22,36,1,1,1
616,9,610,307,22,36,1,1,1
617,9,610,307,22,36,1,1,1
618,9,610,307,22,36,1,1,1
619,9,610,307,22,36,1,1,1
620,9,610,307,22,36,1,1,1
621,9,610,307,22,36,1,1,1
622,9,610,307,22,36,1,1,1
623,9,610,307,22,36,1,1,1
624,9,610,307,22,36,1,1,1
625,9,610,307,22,36,1,1,1
626,9,610,307,22,36,1,1,1
627,9,610,307,22,36,1,1,1
628,9,610,307,22,36,1,1,1
629,9,610,307,22,36,1,1,1
630,9,610,307,22,36,1,1,1
631,9,610,307,22,36,1,1,1
632,9,610,307,22,36,1,1,1
633,9,610,307,22,36,1,1,1
634,9,610,307,22,36,1,1,1
635,9,610,307,22,36,1,1,1
636,9,610,307,22,36,1,1,1
637,9,610,307,22,36,1,1,1
638,9,610,307,22,36,1,1,1
639,9,610,307,22,36,1,1,1
640,9,610,307,22,36,1,1,1
641,9,610,307,22,36,1,1,1
642,9,610,307,22,36,1,1,1
643,9,610,307,22,36,1,1,1
644,9,610,307,22,36,1,1,1
645,9,610,307,22,36,1,1,1
646,9,611,307,21,36,1,1,1
647,9,611,307,21,36,1,1,1
648,9,611,307,21,36,1,1,1
649,9,611,307,21,36,1,1,1
650,9,611,307,21,36,1,1,1
651,9,611,307,21,36,1,1,1
652,9,611,307,21,36,1,1,1
653,9,611,307,21,36,1,1,1
654,9,611,307,21,36,1,1,1
655,9,611,307,21,36,1,1,1
656,9,611,307,21,36,1,1,1
657,9,611,307,21,36,1,1,1
658,9,611,307,21,36,1,1,1
659,9,611,307,21,36,1,1,1
660,9,611,307,21,36,1,1,1
661,9,611,307,21,36,1,1,1
662,9,611,307,21,36,1,1,1
663,9,611,307,21,36,1,1,1
664,9,611,307,22,36,1,1,1
665,9,611,307,22,36,1,1,1
666,9,611,307,22,36,1,1,1
667,9,611,307,22,36,1,1,1
668,9,611,307,22,36,1,1,1
669,9,611,307,22,36,1,1,1
670,9,611,307,22,36,1,1,1
671,9,611,307,22,36,1,1,1
672,9,611,307,22,36,1,1,1
673,9,611,307,22,36,1,1,1
674,9,611,307,22,36,1,1,1
675,9,611,307,22,36,1,1,1
676,9,611,307,22,36,1,1,1
677,9,611,307,22,36,1,1,1
678,9,611,307,22,36,1,1,1
679,9,611,307,22,36,1,1,1
680,9,611,307,22,36,1,1,1
681,9,611,307,22,36,1,1,1
682,9,611,307,22,36,1,1,1
683,9,611,307,22,36,1,1,1
684,9,611,307,22,36,1,1,1
685,9,611,307,22,36,1,1,1
686,9,611,306,22,36,1,1,1
687,9,611,307,22,36,1,1,1
688,9,611,306,22,36,1,1,1
689,9,611,306,22,36,1,1,1
690,9,611,306,22,36,1,1,1
691,9,611,306,22,36,1,1,1
692,9,611,306,22,36,1,1,1
693,9,611,306,22,36,1,1,1
694,9,611,306,22,36,1,1,1
695,9,611,306,22,36,1,1,1
696,9,611,306,22,36,1,1,1
697,9,611,306,22,36,1,1,1
698,9,611,306,22,36,1,1,1
699,9,611,306,22,36,1,1,1
700,9,611,306,22,36,1,1,1
701,9,611,306,22,36,1,1,1
702,9,611,306,22,36,1,1,1
703,9,611,306,22,36,1,1,1
704,9,611,306,22,36,1,1,1
705,9,611,306,22,36,1,1,1
706,9,611,306,22,36,1,1,1
707,9,611,306,22,36,1,1,1
708,9,611,306,22,36,1,1,1
709,9,611,306,22,36,1,1,1
710,9,611,306,22,36,1,1,1
711,9,611,306,22,36,1,1,1
712,9,611,306,22,36,1,1,1
713,9,611,306,22,36,1,1,1
714,9,611,306,22,36,1,1,1
715,9,611,306,22,36,1,1,1
716,9,611,306,22,36,1,1,1
717,9,611,306,22,36,1,1,1
718,9,611,306,22,36,1,1,1
719,9,611,306,22,36,1,1,1
720,9,611,306,22,36,1,1,1
721,9,611,306,22,36,1,1,1
722,9,611,306,22,36,1,1,1
723,9,611,306,22,36,1,1,1
724,9,611,306,22,36,1,1,1
725,9,611,306,22,36,1,1,1
726,9,611,306,22,36,1,1,1
727,9,611,306,21,36,1,1,1
728,9,611,306,22,36,1,1,1
729,9,611,306,22,36,1,1,1
730,9,611,306,22,36,1,1,1
731,9,611,306,22,36,1,1,1
732,9,611,306,22,36,1,1,1
733,9,611,306,22,36,1,1,1
734,9,611,306,22,36,1,1,1
735,9,611,306,22,36,1,1,1
736,9,611,306,22,36,1,1,1
737,9,611,306,22,36,1,1,1
738,9,611,306,22,36,1,1,1
739,9,611,306,22,36,1,1,1
740,9,611,306,22,36,1,1,1
741,9,611,306,22,36,1,1,1
742,9,611,306,22,36,1,1,1
743,9,611,306,22,36,1,1,1
744,9,611,306,22,36,1,1,1
745,9,611,306,22,36,1,1,1
746,9,611,306,22,36,1,1,1
747,9,611,306,22,36,1,1,1
748,9,611,306,22,36,1,1,1
749,9,611,306,22,36,1,1,1
750,9,611,306,22,36,1,1,1
751,9,611,306,22,36,1,1,1
752,9,611,306,22,36,1,1,1
753,9,611,306,22,36,1,1,1
754,9,611,306,22,36,1,1,1
755,9,611,306,22,36,1,1,1
756,9,611,306,22,36,1,1,1
757,9,611,306,22,36,1,1,1
758,9,611,306,22,36,1,1,1
759,9,611,306,22,36,1,1,1
760,9,611,306,22,36,1,1,1
761,9,611,306,22,36,1,1,1
762,9,611,306,22,36,1,1,1
763,9,611,306,22,36,1,1,1
764,9,611,306,22,36,1,1,1
765,9,611,306,22,36,1,1,1
766,9,611,306,22,36,1,1,1
767,9,611,306,22,36,1,1,1
768,9,611,306,22,36,1,1,1
769,9,611,306,22,36,1,1,1
770,9,611,306,22,36,1,1,1
771,9,611,306,22,36,1,1,1
772,9,611,306,22,36,1,1,1
773,9,611,306,22,36,1,1,1
774,9,611,306,22,36,1,1,1
775,9,611,306,22,36,1,1,1
776,9,611,306,22,36,1,1,1
777,9,611,306,22,36,1,1,1
778,9,611,306,22,36,1,1,1
779,9,611,306,22,36,1,1,1
780,9,611,306,22,36,1,1,1
781,9,611,306,22,36,1,1,1
782,9,611,306,22,36,1,1,1
783,9,611,306,22,36,1,1,1
784,9,611,306,22,36,1,1,1
785,9,611,306,22,36,1,1,1
786,9,611,306,22,36,1,1,1
787,9,611,306,22,36,1,1,1
788,9,611,306,22,36,1,1,1
789,9,611,306,22,36,1,1,1
790,9,611,306,22,36,1,1,1
791,9,611,306,22,36,1,1,1
792,9,611,306,22,36,1,1,1
793,9,611,306,22,36,1,1,1
794,9,611,306,22,36,1,1,1
795,9,611,306,22,36,1,1,1
796,9,611,306,22,36,1,1,1
797,9,611,306,22,36,1,1,1
798,9,611,306,21,36,1,1,1
799,9,611,306,21,36,1,1,1
800,9,611,306,21,36,1,1,1
801,9,611,306,21,36,1,1,1
802,9,611,306,21,36,1,1,1
803,9,611,306,21,36,1,1,1
804,9,611,306,21,36,1,1,1
805,9,611,306,21,36,1,1,1
806,9,611,306,21,36,1,1,1
807,9,611,306,21,36,1,1,1
808,9,611,306,21,36,1,1,1
809,9,611,306,21,36,1,1,1
810,9,611,306,21,36,1,1,1
811,9,611,306,21,36,1,1,1
812,9,611,306,21,36,1,1,1
813,9,611,306,21,36,1,1,1
814,9,611,306,21,36,1,1,1
815,9,611,306,21,36,1,1,1
816,9,611,306,21,36,1,1,1
817,9,611,306,21,36,1,1,1
818,9,611,306,21,36,1,1,1
819,9,611,306,21,36,1,1,1
820,9,611,306,21,36,1,1,1
821,9,611,306,21,36,1,1,1
822,9,611,306,21,36,1,1,1
823,9,611,306,21,36,1,1,1
824,9,611,306,21,36,1,1,1
825,9,611,306,21,36,1,1,1
826,9,611,306,21,36,1,1,1
827,9,611,306,21,36,1,1,1
828,9,611,306,21,36,1,1,1
829,9,611,306,21,36,1,1,1
830,9,611,306,21,36,1,1,1
831,9,611,306,21,36,1,1,1
832,9,611,306,21,36,1,1,1
833,9,611,306,21,36,1,1,1
834,9,611,306,21,36,1,1,1
835,9,611,307,21,36,1,1,1
836,9,611,307,21,36,1,1,1
837,9,611,307,21,36,1,1,1
838,9,611,307,21,36,1,1,1
839,9,611,307,21,36,1,1,1
840,9,611,307,21,36,1,1,1
841,9,611,307,21,36,1,1,1
842,9,611,307,21,36,1,1,1
843,9,611,307,21,36,1,1,1
844,9,611,307,21,36,1,1,1
845,9,611,307,21,36,1,1,1
846,9,611,307,21,36,1,1,1
847,9,611,307,22,36,1,1,1
848,9,611,307,22,36,1,1,1
849,9,611,307,22,36,1,1,1
850,9,611,307,22,36,1,1,1
851,9,611,307,22,36,1,1,1
852,9,611,307,22,36,1,1,1
853,9,611,307,22,36,1,1,1
854,9,611,307,22,36,1,1,1
855,9,611,307,22,36,1,1,1
856,9,611,307,22,36,1,1,1
857,9,611,307,22,36,1,1,1
858,9,611,307,22,36,1,1,1
859,9,611,307,22,36,1,1,1
860,9,611,307,22,36,1,1,1
861,9,611,307,22,36,1,1,1
862,9,611,307,22,36,1,1,1
863,9,611,307,22,36,1,1,1
864,9,611,307,22,36,1,1,1
865,9,611,307,22,36,1,1,1
866,9,611,307,22,36,1,1,1
867,9,611,307,22,36,1,1,1
868,9,611,307,22,36,1,1,1
869,9,611,307,22,36,1,1,1
870,9,611,307,22,36,1,1,1
871,9,611,307,22,36,1,1,1
872,9,611,307,22,36,1,1,1
873,9,611,307,22,36,1,1,1
874,9,611,307,22,36,1,1,1
875,9,611,307,22,36,1,1,1
876,9,611,307,22,36,1,1,1
877,9,611,307,21,36,1,1,1
878,9,611,307,21,36,1,1,1
879,9,611,307,21,36,1,1,1
880,9,611,307,21,36,1,1,1
881,9,611,307,21,36,1,1,1
882,9,611,307,21,36,1,1,1
883,9,611,307,21,36,1,1,1
884,9,611,307,21,36,1,1,1
885,9,611,307,21,36,1,1,1
886,9,611,307,21,36,1,1,1
887,9,611,307,21,36,1,1,1
888,9,611,307,21,36,1,1,1
889,9,611,307,21,36,1,1,1
890,9,611,307,21,36,1,1,1
891,9,611,307,21,36,1,1,1
892,9,611,307,21,36,1,1,1
893,9,611,307,21,36,1,1,1
894,9,611,307,21,36,1,1,1
895,9,611,307,21,36,1,1,1
896,9,611,307,21,36,1,1,1
897,9,611,307,21,36,1,1,1
898,9,611,307,21,36,1,1,1
899,9,611,307,21,36,1,1,1
900,9,611,307,21,36,1,1,1
901,9,611,307,21,36,1,1,1
902,9,611,307,21,36,1,1,1
903,9,611,307,21,36,1,1,1
904,9,611,307,21,36,1,1,1
905,9,611,307,21,36,1,1,1
906,9,611,307,21,36,1,1,1
907,9,611,307,21,36,1,1,1
908,9,611,307,21,36,1,1,1
909,9,611,307,21,36,1,1,1
910,9,611,307,21,36,1,1,1
911,9,611,307,21,36,1,1,1
912,9,611,307,21,36,1,1,1
913,9,611,307,21,36,1,1,1
914,9,611,307,21,36,1,1,1
915,9,611,307,21,36,1,1,1
916,9,611,307,21,36,1,1,1
917,9,611,307,21,36,1,1,1
918,9,611,307,21,36,1,1,1
919,9,611,307,21,36,1,1,1
920,9,611,307,21,36,1,1,1
921,9,611,307,21,36,1,1,1
922,9,611,307,21,36,1,1,1
923,9,611,307,21,36,1,1,1
924,9,611,307,21,36,1,1,1
925,9,611,307,21,36,1,1,1
926,9,611,307,21,36,1,1,1
927,9,611,307,21,36,1,1,1
928,9,611,307,21,36,1,1,1
929,9,611,307,21,36,1,1,1
930,9,611,307,21,36,1,1,1
931,9,611,307,21,36,1,1,1
932,9,611,307,21,36,1,1,1
933,9,611,307,21,36,1,1,1
934,9,611,307,22,36,1,1,1
935,9,611,307,22,36,1,1,1
936,9,611,307,22,36,1,1,1
937,9,612,307,21,36,1,1,1
938,9,612,307,21,36,1,1,1
939,9,612,307,22,36,1,1,1
940,9,612,307,22,36,1,1,1
941,9,613,307,21,36,1,1,1
942,9,613,307,21,36,1,1,1
943,9,613,307,22,36,1,1,1
944,9,613,307,22,36,1,1,1
945,9,613,307,22,36,1,1,1
946,9,614,307,21,36,1,1,1
947,9,614,307,21,36,1,1,1
948,9,614,307,21,36,1,1,1
949,9,614,307,21,36,1,1,1
950,9,614,307,22,36,1,1,1
951,9,614,307,22,36,1,1,1
952,9,614,308,22,36,1,1,1
953,9,614,308,22,36,1,1,1
954,9,614,308,22,36,1,1,1
955,9,614,307,22,36,1,1,1
956,9,614,307,22,36,1,1,1
957,9,615,308,21,36,1,1,1
958,9,615,308,21,36,1,1,1
959,9,615,307,21,36,1,1,1
960,9,615,308,21,36,1,1,1
961,9,615,308,21,36,1,1,1
962,9,615,308,21,36,1,1,1
963,9,615,308,22,36,1,1,1
964,9,615,308,22,36,1,1,1
965,9,616,308,22,36,1,1,1
966,9,616,308,22,36,1,1,1
967,9,616,308,22,36,1,1,1
968,9,616,308,22,36,1,1,1
969,9,617,308,22,36,1,1,1
970,9,617,308,22,36,1,1,1
971,9,617,308,22,36,1,1,1
972,9,617,308,22,36,1,1,1
973,9,618,308,22,36,1,1,1
974,9,618,308,22,36,1,1,1
975,9,618,308,22,36,1,1,1
976,9,618,308,22,36,1,1,1
977,9,618,308,22,36,1,1,1
978,9,618,308,22,36,1,1,1
979,9,619,308,22,36,1,1,1
980,9,619,308,22,36,1,1,1
981,9,619,308,22,36,1,1,1
982,9,619,308,22,36,1,1,1
983,9,619,308,22,36,1,1,1
984,9,619,308,22,36,1,1,1
985,9,619,308,22,36,1,1,1
986,9,619,308,22,36,1,1,1
987,9,619,308,22,36,1,1,1
988,9,619,308,22,36,1,1,1
989,9,619,308,22,36,1,1,1
990,9,619,308,22,36,1,1,1
991,9,619,308,22,36,1,1,1
992,9,619,308,22,36,1,1,1
993,9,620,308,22,36,1,1,1
994,9,620,308,22,36,1,1,1
995,9,620,308,22,36,1,1,1
996,9,620,308,22,36,1,1,1
997,9,620,308,22,36,1,1,1
998,9,620,308,22,36,1,1,1
999,9,620,308,22,36,1,1,1
1000,9,620,308,22,36,1,1,1
1001,9,621,308,22,36,1,1,1
1002,9,621,308,22,36,1,1,1
1003,9,621,308,22,36,1,1,1
1004,9,622,308,22,36,1,1,1
1005,9,622,308,22,36,1,1,1
1006,9,623,308,22,36,1,1,1
