1 1 1065 377 83 179
1 2 765 413 89 173
2 1 1067 376 78 179
2 2 765 415 89 172
3 1 1065 379 76 179
3 2 768 416 87 171
4 1 1062 381 75 179
4 2 764 413 93 171
5 1 1060 382 72 179
5 2 765 413 87 171
6 1 1056 383 72 179
6 2 764 418 87 167
7 1 1052 385 83 171
7 2 763 419 87 167
8 1 1049 381 75 175
8 2 763 420 87 167
9 1 1048 382 75 175
9 2 762 417 87 171
10 1 1047 381 75 179
10 2 759 422 87 184
11 1 1044 382 75 177
11 2 759 427 87 179
12 1 1037 385 80 175
12 2 751 431 87 184
13 1 1039 385 71 181
13 2 752 433 87 177
14 1 1035 386 72 174
14 2 747 437 92 183
15 1 1033 389 71 174
15 2 749 437 87 187
16 1 1029 392 75 173
16 2 737 440 101 187
17 1 1027 392 70 171
17 2 731 444 110 187
18 1 1017 389 77 175
18 2 726 447 115 192
19 1 1013 389 78 175
19 2 723 446 113 192
20 1 1011 389 79 176
20 2 729 456 113 184
21 1 1005 391 90 180
21 2 725 457 111 182
22 1 996 392 98 182
22 2 724 461 108 180
23 1 989 393 107 187
23 2 726 467 104 173
24 1 984 399 112 186
24 2 722 472 104 168
25 1 977 404 121 182
25 2 719 475 101 166
26 1 972 410 122 182
26 2 719 479 99 160
27 1 975 415 116 179
27 2 714 482 100 158
28 1 975 414 114 188
28 2 713 488 96 164
29 1 979 418 96 181
29 2 710 493 98 164
30 1 976 422 100 178
30 2 707 489 100 184
31 1 976 423 89 180
31 2 706 494 98 189
32 1 972 427 87 176
32 2 701 494 98 193
33 1 972 425 80 176
33 2 699 497 98 192
34 1 967 426 81 176
34 2 697 505 98 192
35 1 970 427 74 176
35 2 691 508 98 185
36 1 970 427 72 174
36 2 690 517 98 176
37 1 970 429 69 171
37 2 684 522 98 173
38 1 973 432 64 175
38 2 674 523 98 170
39 1 958 433 89 176
39 2 669 526 96 177
40 1 964 435 64 187
40 2 657 532 101 183
41 1 961 435 69 192
41 2 648 537 108 201
42 1 959 438 67 192
42 2 644 538 105 203
43 1 959 439 67 192
43 2 639 543 111 203
44 1 958 436 64 192
44 2 637 553 106 203
45 1 955 441 64 192
45 2 634 555 109 206
46 1 948 450 67 182
46 2 632 564 108 203
47 1 943 446 72 190
47 2 630 570 109 196
48 1 941 445 69 186
48 2 633 576 104 189
49 1 940 451 73 180
49 2 628 579 106 198
50 1 933 446 83 192
50 2 629 589 101 212
51 1 931 445 83 202
51 2 631 592 94 226
52 1 931 450 82 204
52 2 628 603 95 225
53 1 931 443 83 220
53 2 625 608 89 225
54 1 926 456 89 208
54 2 618 618 96 229
55 1 929 453 84 209
55 2 615 632 102 221
56 1 928 461 89 203
56 2 607 637 107 213
57 1 922 462 89 204
57 2 600 644 114 209
58 1 923 462 89 201
58 2 593 648 117 220
59 1 926 460 80 204
59 2 589 664 119 225
60 1 925 460 79 205
60 2 586 671 113 229
61 1 925 461 81 200
61 2 591 679 108 228
62 1 919 465 83 201
62 2 577 688 118 234
63 1 922 463 82 201
63 2 575 693 118 232
64 1 920 466 80 192
64 2 576 699 115 225
65 1 920 464 78 199
65 2 570 710 117 216
66 1 919 465 77 204
66 2 570 717 115 225
67 1 918 465 80 192
67 2 570 726 108 225
68 1 918 466 77 200
68 2 567 740 114 214
69 1 918 466 76 194
69 2 565 753 110 220
70 1 919 465 72 201
70 2 560 765 117 209
71 1 919 466 74 192
71 2 560 776 115 208
72 1 916 466 77 203
72 2 560 789 119 219
73 1 915 467 78 195
73 2 550 798 135 229
74 1 915 465 89 200
74 2 545 811 138 229
75 1 916 466 79 196
75 2 546 822 132 229
76 1 915 468 73 192
76 2 544 830 134 229
77 1 919 466 77 192
77 2 540 844 124 229
78 1 915 468 80 192
78 2 539 842 132 237
79 1 914 469 81 192
79 2 537 851 124 225
80 1 914 468 82 192
80 2 528 866 137 229
81 1 916 470 78 192
81 2 519 870 142 229
82 1 917 469 82 192
82 2 516 878 145 201
83 1 917 469 82 192
83 2 510 878 148 201
84 1 916 470 74 192
84 2 507 882 147 196
85 1 917 471 82 192
85 2 508 888 139 190
86 1 916 471 82 192
86 2 507 889 130 190
87 1 917 470 82 192
87 2 501 895 130 184
88 1 916 470 82 192
88 2 499 897 118 180
89 1 916 470 74 192
89 2 500 901 118 178
90 1 917 470 77 192
90 2 499 898 118 182
91 1 916 470 74 192
91 2 499 899 118 181
92 1 917 470 76 192
92 2 497 904 118 174
93 1 918 471 76 192
93 2 495 904 125 173
94 1 917 470 77 192
94 2 498 903 118 175
95 1 918 471 79 192
95 2 497 904 118 173
96 1 919 468 76 192
96 2 501 902 118 179
97 1 919 471 76 192
97 2 501 902 118 174
98 1 919 471 76 192
98 2 499 903 118 176
99 1 919 471 75 192
99 2 498 903 118 175
100 1 920 470 76 192
100 2 498 903 118 176
101 1 920 472 77 192
101 2 497 903 118 176
102 1 921 470 74 192
102 2 498 901 118 179
103 1 921 471 78 192
103 2 499 897 118 182
104 1 923 471 73 192
104 2 499 895 118 183
105 1 923 470 74 192
105 2 498 896 123 182
106 1 923 470 76 192
106 2 498 890 118 188
107 1 923 470 75 192
107 2 505 890 118 187
108 1 922 470 76 192
108 2 497 886 118 191
109 1 922 470 76 192
109 2 501 888 118 190
110 1 921 470 82 192
110 2 501 876 118 203
111 1 921 469 77 192
111 2 505 883 118 196
112 1 921 470 78 192
112 2 508 874 118 203
113 1 921 469 75 192
113 2 510 865 123 214
114 1 921 468 74 192
114 2 516 861 124 218
115 1 920 467 76 192
115 2 518 860 129 219
116 1 919 466 75 192
116 2 520 854 134 224
117 1 918 466 82 200
117 2 522 854 134 222
118 1 917 466 77 198
118 2 525 852 135 223
119 1 916 465 74 199
119 2 527 848 133 226
120 1 916 464 72 201
120 2 540 835 124 240
121 1 915 465 75 203
121 2 539 834 125 243
122 1 912 464 75 203
122 2 544 831 119 250
123 1 915 463 72 200
123 2 539 831 128 246
124 1 914 463 74 202
124 2 548 828 119 248
125 1 909 462 77 205
125 2 553 824 118 254
126 1 907 461 72 206
126 2 554 826 124 251
127 1 906 461 77 207
127 2 548 824 118 251
128 1 905 461 73 205
128 2 558 823 111 251
129 1 903 459 78 208
129 2 565 824 106 251
130 1 903 460 72 204
130 2 564 827 109 251
131 1 901 461 82 205
131 2 569 815 110 264
132 1 901 460 82 204
132 2 570 821 112 258
133 1 900 460 82 202
133 2 569 822 113 258
134 1 899 459 77 198
134 2 574 827 107 251
135 1 898 458 76 199
135 2 575 826 123 251
136 1 898 459 76 191
136 2 582 825 113 249
137 1 898 458 75 195
137 2 577 828 115 251
138 1 898 458 77 196
138 2 580 834 118 245
139 1 902 454 74 194
139 2 583 830 118 251
140 1 900 461 74 192
140 2 587 836 118 244
141 1 899 458 71 194
141 2 596 837 98 242
142 1 899 461 73 195
142 2 588 834 109 246
143 1 899 460 74 195
143 2 593 834 106 246
144 1 900 460 76 192
144 2 593 836 108 242
145 1 899 459 74 196
145 2 600 835 107 238
146 1 901 458 77 196
146 2 586 828 118 251
147 1 900 458 74 196
147 2 604 829 101 251
148 1 902 458 71 196
148 2 604 829 103 251
149 1 901 458 77 196
149 2 609 840 100 240
150 1 901 460 71 196
150 2 608 839 102 240
151 1 903 458 73 196
151 2 610 840 101 240
152 1 902 460 70 196
152 2 606 839 106 240
153 1 904 457 71 196
153 2 604 840 109 240
154 1 903 458 72 196
154 2 604 840 111 240
155 1 904 455 74 196
155 2 602 840 114 240
156 1 905 457 72 196
156 2 604 839 111 240
157 1 905 458 77 196
157 2 598 839 118 240
158 1 905 457 76 196
158 2 597 839 118 240
159 1 906 457 77 196
159 2 597 840 118 240
160 1 908 457 77 196
160 2 597 840 118 240
161 1 908 455 77 196
161 2 597 840 110 240
162 1 909 458 77 196
162 2 597 840 107 240
163 1 909 456 77 196
163 2 597 840 110 240
164 1 909 457 77 196
164 2 597 839 114 240
165 1 909 456 77 196
165 2 596 840 115 240
166 1 910 456 77 196
166 2 596 840 118 240
167 1 910 454 77 196
167 2 597 839 118 240
168 1 911 457 77 196
168 2 597 840 118 240
169 1 911 455 77 196
169 2 597 839 118 240
170 1 912 456 77 196
170 2 592 839 118 240
171 1 912 456 77 196
171 2 590 840 118 240
172 1 912 456 77 196
172 2 594 836 118 240
173 1 912 457 77 196
173 2 595 836 118 240
174 1 913 457 77 196
174 2 595 832 118 240
175 1 914 456 77 196
175 2 593 835 118 240
176 1 913 457 77 196
176 2 594 833 118 240
177 1 913 457 77 196
177 2 593 833 118 240
178 1 915 453 77 200
178 2 599 832 118 240
179 1 914 457 77 196
179 2 601 831 118 248
180 1 915 453 77 201
180 2 603 831 118 246
181 1 917 455 77 196
181 2 605 832 118 240
182 1 914 454 77 196
182 2 605 829 118 240
183 1 920 453 75 196
183 2 605 833 118 240
184 1 916 456 77 196
184 2 612 835 108 240
185 1 916 457 77 196
185 2 611 836 115 240
186 1 917 457 77 194
186 2 610 833 118 240
187 1 916 456 77 196
187 2 608 836 118 240
188 1 917 455 77 196
188 2 610 832 113 245
189 1 916 456 77 193
189 2 609 832 118 243
190 1 916 455 77 195
190 2 609 834 112 240
191 1 916 456 77 192
191 2 607 837 112 240
192 1 916 454 77 196
192 2 605 833 115 240
193 1 916 451 77 196
193 2 610 828 114 247
194 1 920 450 71 196
194 2 602 836 113 240
195 1 917 454 77 191
195 2 602 826 111 253
196 1 918 452 77 196
196 2 608 827 111 253
197 1 917 450 77 196
197 2 599 829 125 250
198 1 918 449 77 196
198 2 599 832 124 247
199 1 917 449 77 196
199 2 595 829 127 251
200 1 916 450 77 196
200 2 593 833 127 246
201 1 915 452 77 196
201 2 586 828 132 253
202 1 916 449 77 196
202 2 583 831 143 248
203 1 916 447 77 196
203 2 583 833 146 247
204 1 917 451 73 187
204 2 573 832 154 247
205 1 916 451 73 187
205 2 570 835 160 244
206 1 916 451 73 187
206 2 561 833 166 246
207 1 916 451 73 187
207 2 552 833 173 247
208 1 915 449 73 202
208 2 543 831 183 249
209 1 914 450 73 194
209 2 536 839 190 241
210 1 915 450 73 187
210 2 527 839 200 241
211 1 914 450 73 192
211 2 511 838 214 241
212 1 913 449 73 195
212 2 515 827 195 253
213 1 913 448 73 198
213 2 515 826 194 253
214 1 912 448 73 198
214 2 502 827 186 253
215 1 910 449 73 200
215 2 506 829 177 251
216 1 910 448 73 187
216 2 538 827 130 253
217 1 910 448 73 197
217 2 496 830 165 250
218 1 908 448 73 198
218 2 497 829 142 253
219 1 908 449 69 197
219 2 492 830 142 247
220 1 907 449 69 197
220 2 496 824 137 253
221 1 905 449 69 195
221 2 499 828 132 253
222 1 905 448 67 196
222 2 494 827 139 253
223 1 903 447 72 200
223 2 496 826 137 255
224 1 903 448 69 200
224 2 501 822 133 257
225 1 900 443 75 206
225 2 498 822 128 257
226 1 900 445 73 203
226 2 495 819 137 260
227 1 898 446 75 202
227 2 501 816 129 264
228 1 899 444 75 206
228 2 497 814 134 265
229 1 898 444 75 206
229 2 496 813 132 266
230 1 896 444 75 206
230 2 484 812 137 266
231 1 897 444 75 206
231 2 481 809 131 266
232 1 895 445 75 206
232 2 477 807 120 266
233 1 895 445 75 206
233 2 473 804 116 266
234 1 896 447 75 206
234 2 468 797 119 279
235 1 895 446 75 206
235 2 465 795 118 279
236 1 894 447 75 201
236 2 466 796 118 279
237 1 894 446 75 204
237 2 463 794 111 279
238 1 895 442 71 204
238 2 454 792 120 279
239 1 895 448 67 201
239 2 449 788 118 279
240 1 889 445 75 202
240 2 446 787 118 279
241 1 893 446 69 201
241 2 445 786 118 275
242 1 894 449 66 200
242 2 442 786 118 283
243 1 895 448 68 200
243 2 431 784 136 285
244 1 890 448 75 194
244 2 426 782 136 285
245 1 893 444 68 203
245 2 424 781 140 283
246 1 894 449 72 199
246 2 420 779 143 280
247 1 894 449 69 197
247 2 416 775 145 278
248 1 893 449 66 198
248 2 411 772 148 273
249 1 893 447 67 206
249 2 410 769 151 268
250 1 893 448 65 200
250 2 408 766 149 274
251 1 892 450 63 198
251 2 405 764 151 273
252 1 891 449 67 200
252 2 403 763 143 273
253 1 891 448 66 199
253 2 405 762 136 273
254 1 890 446 67 198
254 2 403 758 142 273
255 1 890 446 66 203
255 2 402 760 144 269
256 1 889 445 68 206
256 2 400 762 124 271
257 1 890 446 66 199
257 2 399 758 150 273
258 1 889 453 66 193
258 2 401 756 154 275
259 1 888 452 70 198
259 2 398 753 162 281
260 1 889 445 66 202
260 2 407 750 152 281
261 1 888 458 68 193
261 2 403 755 156 272
262 1 889 453 66 202
262 2 409 751 147 270
263 1 881 457 75 201
263 2 407 743 154 281
264 1 883 458 75 201
264 2 406 743 154 267
265 1 882 460 77 199
265 2 406 738 151 265
266 1 882 462 75 196
266 2 405 741 149 254
267 1 882 469 72 186
267 2 404 734 154 253
268 1 874 470 81 190
268 2 404 730 156 254
269 1 870 475 80 185
269 2 410 728 148 253
270 1 876 478 75 182
270 2 403 725 150 249
271 1 871 482 75 179
271 2 411 726 122 253
272 1 868 486 75 174
272 2 408 723 122 253
273 1 867 489 85 169
273 2 406 723 129 253
274 1 865 490 85 176
274 2 407 718 129 253
275 1 859 490 90 179
275 2 407 718 134 253
276 1 849 495 102 179
276 2 403 712 141 261
277 1 851 495 96 174
277 2 406 709 137 265
278 1 842 498 102 177
278 2 410 709 122 265
279 1 837 498 112 173
279 2 406 709 134 264
280 1 836 500 111 172
280 2 410 708 122 258
281 1 827 500 117 171
281 2 413 702 117 263
282 1 823 505 113 170
282 2 412 699 122 261
283 1 814 506 105 169
283 2 412 693 122 253
284 1 809 508 105 165
284 2 409 695 122 253
285 1 808 511 98 163
285 2 408 693 122 253
286 1 805 512 84 166
286 2 409 690 122 245
287 1 800 508 81 179
287 2 409 687 122 253
288 1 798 507 78 183
288 2 408 682 122 253
289 1 787 504 81 190
289 2 418 680 114 253
290 1 780 507 91 190
290 2 424 684 109 253
291 1 779 509 91 198
291 2 422 680 122 253
292 1 769 514 98 203
292 2 423 683 122 253
293 1 764 518 98 201
293 2 432 682 116 255
294 1 759 520 98 202
294 2 431 678 116 259
295 1 751 521 97 202
295 2 432 680 116 255
296 1 748 522 92 202
296 2 432 680 116 255
297 1 744 523 86 202
297 2 435 680 116 250
298 1 739 527 78 196
298 2 438 676 123 247
299 1 736 522 79 202
299 2 446 669 108 241
300 1 727 526 79 197
300 2 442 673 111 237
301 1 723 525 90 201
301 2 451 667 105 236
302 1 724 525 86 202
302 2 451 670 123 220
303 1 712 526 96 202
303 2 457 667 121 208
304 1 698 530 105 202
304 2 454 662 134 213
305 1 689 531 120 206
305 2 459 661 126 221
306 1 689 535 116 209
306 2 465 658 119 219
307 1 685 536 116 209
307 2 465 656 119 219
308 1 682 537 112 209
308 2 472 650 105 226
309 1 673 533 112 209
309 2 475 652 106 227
310 1 668 537 105 209
310 2 474 648 118 227
311 1 658 538 100 209
311 2 485 645 119 230
312 1 654 538 94 209
312 2 480 636 132 241
313 1 649 544 97 209
313 2 480 647 136 229
314 1 644 546 86 219
314 2 482 638 132 241
315 1 639 550 96 228
315 2 487 641 128 239
316 1 628 556 104 219
316 2 490 638 127 242
317 1 625 560 104 209
317 2 493 634 126 243
318 1 613 567 108 209
318 2 491 632 123 243
319 1 607 569 113 206
319 2 499 628 118 237
320 1 603 577 116 195
320 2 498 626 115 224
321 1 602 578 112 195
321 2 500 624 115 213
322 1 602 585 114 194
322 2 504 618 112 202
323 1 606 582 109 197
323 2 501 621 120 197
324 1 594 581 119 198
324 2 505 619 115 197
325 1 600 580 115 198
325 2 509 619 122 199
326 1 603 579 113 193
326 2 507 623 127 191
327 1 594 577 121 194
327 2 517 624 119 186
328 1 594 577 126 187
328 2 519 627 121 176
329 1 597 574 123 188
329 2 527 633 121 166
330 1 588 580 132 185
330 2 537 635 121 166
331 1 595 579 123 186
331 2 535 637 121 164
332 1 608 580 97 180
332 2 535 640 121 165
333 1 609 574 97 180
333 2 540 634 121 165
334 1 607 572 97 180
334 2 540 626 121 165
335 1 610 584 110 168
335 2 548 627 118 164
336 1 608 579 127 168
336 2 552 623 118 164
337 1 609 579 133 163
337 2 551 631 118 164
338 1 609 571 132 168
338 2 548 628 128 164
339 1 614 572 131 155
339 2 548 625 124 169
340 1 622 570 125 172
340 2 543 620 139 175
341 1 627 566 128 168
341 2 549 619 127 175
342 1 630 568 115 173
342 2 544 619 141 178
343 1 636 565 110 158
343 2 543 610 155 186
344 1 638 564 110 171
344 2 555 609 152 180
345 1 643 563 110 158
345 2 571 597 147 195
346 1 654 559 103 150
346 2 591 598 131 191
347 1 650 559 114 148
347 2 608 594 124 188
348 1 659 558 110 158
348 2 619 586 122 198
349 1 656 557 127 163
349 2 630 584 114 203
350 1 669 554 119 158
350 2 641 581 114 202
350 3 381 933 117 147
351 1 680 551 120 158
351 2 642 577 123 202
351 3 386 923 132 157
352 1 667 548 140 178
352 2 643 571 149 213
352 3 381 921 132 159
353 1 662 552 154 170
353 2 647 567 166 216
353 3 384 921 144 159
354 1 656 540 163 182
354 2 649 558 177 222
354 3 387 912 144 167
355 1 664 532 158 195
355 2 665 554 171 221
355 3 390 912 135 168
356 1 667 531 153 191
356 2 674 552 168 216
356 3 387 911 135 168
357 1 668 521 153 195
357 2 690 551 148 209
357 3 389 909 141 170
358 1 688 522 137 192
358 2 704 553 141 198
358 3 405 905 124 170
359 1 710 515 109 185
359 2 741 551 126 198
359 3 402 901 170 178
360 1 730 512 102 185
360 2 738 546 142 208
360 3 410 901 161 178
361 1 750 509 84 185
361 2 747 541 141 211
361 3 408 894 166 186
362 1 765 507 92 178
362 2 776 540 126 215
362 3 414 891 166 186
363 1 768 506 92 178
363 2 793 545 121 205
363 3 417 888 166 186
364 1 781 506 84 173
364 2 798 537 124 215
364 3 422 885 143 196
365 1 786 502 86 178
365 2 797 531 126 215
365 3 426 877 145 208
366 1 796 501 88 170
366 2 798 528 126 218
366 3 421 870 148 208
367 1 801 502 88 170
367 2 798 516 134 227
367 3 431 871 134 208
368 1 805 494 65 181
368 2 819 511 117 224
368 3 433 867 136 208
369 1 803 488 83 187
369 2 840 505 110 212
369 3 436 857 133 220
370 1 803 486 85 193
370 2 853 503 97 195
370 3 435 852 133 228
371 1 802 477 76 201
371 2 868 496 94 196
371 3 435 850 133 228
372 1 810 471 79 203
372 2 873 498 86 203
372 3 432 848 133 228
373 1 814 467 76 204
373 2 879 489 86 203
373 3 433 842 133 236
374 1 824 461 76 201
374 2 888 483 86 203
374 3 437 837 138 240
375 1 837 456 76 193
375 2 894 474 86 203
375 3 435 836 138 240
376 1 848 445 76 193
376 2 899 467 86 203
376 3 435 832 142 249
377 1 852 439 61 193
377 2 910 457 86 203
377 3 432 829 142 249
378 1 858 435 61 193
378 2 910 450 86 203
378 3 439 826 137 254
379 1 859 430 61 189
379 2 917 448 82 193
379 3 433 823 143 254
380 1 862 429 61 184
380 2 930 443 72 185
380 3 432 816 141 261
381 1 864 425 61 188
381 2 932 445 85 169
381 3 433 815 141 264
382 1 868 423 61 190
382 2 930 435 72 175
382 3 432 810 141 269
383 1 869 424 64 188
383 2 933 431 72 173
383 3 432 810 141 269
384 1 872 421 64 191
384 2 941 426 72 175
384 3 431 809 141 269
385 1 876 419 67 195
385 2 942 424 78 175
385 3 430 803 141 277
386 1 879 415 67 196
386 2 948 414 76 184
386 3 430 793 141 287
387 1 880 408 67 199
387 2 949 408 76 184
387 3 429 793 129 287
388 1 879 406 67 201
388 2 952 400 70 192
388 3 428 790 127 287
389 1 884 400 67 201
389 2 960 395 66 184
389 3 426 781 141 285
390 1 889 400 71 192
390 2 963 385 71 174
390 3 423 773 134 287
391 1 889 390 71 200
391 2 967 377 76 164
391 3 424 775 132 275
392 1 890 391 71 194
392 2 966 379 76 167
392 3 424 771 132 275
393 1 892 384 71 187
393 2 966 367 66 178
393 3 431 767 132 266
394 1 895 377 77 188
394 2 969 351 66 196
394 3 424 765 132 266
395 1 895 371 71 189
395 2 969 333 76 207
395 3 424 762 132 266
396 1 896 365 71 187
396 2 970 326 73 203
396 3 425 757 132 266
397 1 897 362 71 188
397 2 973 318 72 193
397 3 433 760 132 266
398 1 900 365 68 178
398 2 980 306 72 199
398 3 433 757 142 266
399 1 902 359 68 174
399 2 973 288 70 203
399 3 430 752 157 282
400 1 901 363 68 172
400 2 976 278 76 205
400 3 436 752 157 282
401 1 902 370 76 161
401 2 979 262 65 209
401 3 446 751 157 282
402 1 903 364 73 172
402 2 980 258 66 213
402 3 444 746 157 282
403 1 910 362 68 172
403 2 980 247 72 223
403 3 446 745 157 282
404 1 913 363 68 165
404 2 988 252 66 212
404 3 450 743 157 282
405 1 916 369 65 164
405 2 996 254 63 209
405 3 457 743 153 282
406 1 914 367 65 165
406 2 1001 254 62 212
406 3 462 740 149 282
407 1 917 367 65 165
407 2 1004 266 60 203
407 3 469 735 140 282
408 1 914 369 65 161
408 2 1007 276 62 192
408 3 475 736 135 282
409 1 915 370 65 154
409 2 1008 285 61 195
409 3 471 732 142 282
410 1 916 366 65 162
410 2 1013 298 52 183
410 3 484 729 128 283
411 1 921 359 61 164
411 2 1004 306 58 175
411 3 487 725 123 283
412 1 918 361 65 164
412 2 1001 310 59 171
412 3 495 719 113 270
413 1 921 356 65 164
413 2 992 312 69 166
413 3 500 715 112 264
414 1 916 356 65 164
414 2 992 314 70 156
414 3 503 714 110 254
415 1 918 358 65 164
415 2 1006 311 62 151
415 3 512 710 102 254
416 1 920 354 65 164
416 2 1007 307 62 151
416 3 511 707 110 254
417 1 924 358 62 156
417 2 1009 302 62 151
417 3 521 705 106 254
418 1 922 352 65 169
418 2 1015 298 56 151
418 3 522 703 108 254
419 1 925 349 65 169
419 2 1016 292 55 159
419 3 519 701 120 254
420 1 922 352 65 169
420 2 1022 295 49 151
420 3 528 700 114 254
421 1 926 355 60 167
421 2 1025 288 51 159
421 3 535 697 110 264
422 1 919 356 68 164
422 2 1024 290 50 159
422 3 532 694 117 254
423 1 922 356 68 167
423 2 1024 288 57 159
423 3 547 687 101 271
424 1 926 355 63 167
424 2 1026 288 50 159
424 3 551 688 110 265
425 1 922 355 68 167
425 2 1027 286 51 159
425 3 560 687 108 265
426 1 921 355 67 167
426 2 1029 285 51 159
426 3 558 680 116 265
427 1 920 353 68 167
427 2 1030 281 52 159
427 3 560 679 106 265
428 1 918 349 71 175
428 2 1031 274 49 167
428 3 561 677 110 265
429 1 916 340 71 185
429 2 1033 273 49 163
429 3 559 669 117 271
430 1 919 344 64 175
430 2 1034 272 49 167
430 3 576 668 100 265
431 1 912 343 71 175
431 2 1032 273 54 165
431 3 580 663 96 265
432 1 913 343 71 175
432 2 1036 274 54 167
432 3 579 659 100 265
433 1 909 344 71 175
433 2 1038 272 49 167
433 3 591 650 98 265
434 1 915 343 71 175
434 2 1037 279 48 158
434 3 594 655 101 252
435 1 914 339 71 175
435 2 1042 281 45 150
435 3 594 654 106 248
436 1 909 335 71 182
436 2 1042 277 46 155
436 3 604 648 105 248
437 1 912 340 71 175
437 2 1038 274 53 161
437 3 610 649 102 248
438 1 908 337 66 177
438 2 1042 275 51 157
438 3 614 645 117 248
439 1 906 336 71 181
439 2 1042 274 51 158
439 3 620 643 128 248
440 1 907 337 68 183
440 2 1043 274 54 159
440 3 624 644 137 248
441 1 909 333 68 183
441 2 1047 273 50 157
441 3 627 646 141 247
442 1 906 333 72 183
442 2 1047 271 53 159
442 3 628 645 141 247
443 1 905 333 72 183
443 2 1047 272 58 159
443 3 640 644 132 240
444 1 908 329 72 183
444 2 1050 273 52 155
444 3 639 644 139 240
445 1 906 331 72 184
445 2 1049 269 60 158
445 3 638 642 139 240
446 1 909 331 72 183
446 2 1054 273 48 153
446 3 643 641 136 240
447 1 908 329 72 183
447 2 1051 272 49 155
447 3 647 640 128 240
448 1 909 333 73 178
448 2 1052 268 52 154
448 3 651 638 128 240
449 1 907 331 72 178
449 2 1049 272 63 154
449 3 655 633 128 240
450 1 906 328 72 176
450 2 1051 268 57 159
450 3 666 628 114 240
451 1 908 326 72 172
451 2 1052 275 56 156
451 3 683 628 94 240
452 1 905 320 76 175
452 2 1051 273 56 158
452 3 687 625 99 240
453 1 906 320 76 169
453 2 1053 275 56 154
453 3 695 618 90 240
454 1 908 320 73 169
454 2 1053 272 57 154
454 3 699 620 84 240
455 1 909 319 71 169
455 2 1054 273 57 154
455 3 704 618 84 240
456 1 908 320 72 179
456 2 1055 276 54 151
456 3 707 620 86 240
457 1 909 323 76 169
457 2 1053 276 63 154
457 3 709 620 87 236
458 1 905 323 76 169
458 2 1051 278 63 147
458 3 715 618 90 249
459 1 906 326 74 168
459 2 1053 273 61 154
459 3 728 617 87 245
460 1 910 322 67 169
460 2 1051 273 63 154
460 3 725 618 99 240
461 1 900 327 76 165
461 2 1052 273 66 154
461 3 733 609 89 240
462 1 902 322 76 167
462 2 1055 273 63 154
462 3 741 610 91 251
463 1 903 323 72 161
463 2 1054 273 63 154
463 3 741 610 95 242
464 1 903 324 72 168
464 2 1053 274 58 154
464 3 745 604 88 250
465 1 901 325 70 173
465 2 1042 276 69 154
465 3 744 603 88 250
466 1 890 325 76 169
466 2 1046 273 63 154
466 3 754 596 79 261
467 1 895 321 76 169
467 2 1046 275 63 154
467 3 757 597 84 241
468 1 895 321 76 169
468 2 1034 273 75 157
468 3 764 587 83 242
469 1 895 323 70 169
469 2 1041 277 60 147
469 3 767 588 85 249
470 1 884 326 76 169
470 2 1026 277 78 147
470 3 770 587 89 242
471 1 892 329 76 161
471 2 1023 276 76 150
471 3 775 582 92 240
472 1 898 328 68 162
472 2 1023 277 74 153
472 3 778 579 92 242
473 1 894 320 69 167
473 2 1021 277 80 148
473 3 783 577 92 237
474 1 894 321 71 170
474 2 1025 281 70 151
474 3 793 577 92 236
475 1 894 321 51 168
475 2 1023 281 78 154
475 3 791 581 111 230
476 1 888 319 53 172
476 2 1020 281 81 152
476 3 801 581 111 230
477 1 886 321 58 169
477 2 1022 281 78 147
477 3 801 578 111 230
478 1 888 326 54 165
478 2 1025 277 73 155
478 3 807 577 111 230
479 1 880 321 65 179
479 2 1021 274 76 156
479 3 811 575 111 229
480 1 879 322 65 169
480 2 1019 274 63 154
480 3 804 576 122 230
481 1 876 318 68 177
481 2 1017 276 63 154
481 3 807 576 117 230
482 1 875 317 68 177
482 2 1014 276 63 154
482 3 810 576 122 230
483 1 874 317 75 177
483 2 1009 277 63 154
483 3 812 566 110 230
484 1 874 318 75 177
484 2 1009 281 63 148
484 3 823 565 92 230
485 1 872 324 68 171
485 2 1008 277 57 154
485 3 829 564 97 218
486 1 870 323 68 169
486 2 1007 282 60 154
486 3 841 563 88 215
487 1 871 324 68 166
487 2 1010 284 49 154
487 3 848 559 83 215
488 1 871 318 68 177
488 2 1001 286 63 161
488 3 855 558 79 215
489 1 873 324 62 163
489 2 997 286 63 161
489 3 857 554 80 215
490 1 873 323 58 173
490 2 993 284 63 161
490 3 856 552 83 215
491 1 872 325 68 167
491 2 990 286 63 161
491 3 865 551 74 222
492 1 869 321 68 177
492 2 994 286 57 166
492 3 855 548 91 232
493 1 870 328 78 158
493 2 989 289 58 164
493 3 869 549 83 225
494 1 875 329 65 164
494 2 989 289 56 163
494 3 866 546 83 230
495 1 871 324 68 171
495 2 987 291 63 159
495 3 871 544 83 235
496 1 871 326 68 171
496 2 987 291 63 159
496 3 872 540 83 235
497 1 871 336 66 159
497 2 982 290 63 159
497 3 877 539 83 235
498 1 874 335 60 159
498 2 982 289 58 159
498 3 880 538 83 235
499 1 873 335 68 162
499 2 979 290 63 159
499 3 880 538 83 235
500 1 873 336 65 154
500 2 979 293 60 151
500 3 884 533 83 235
501 1 876 339 52 157
501 2 977 294 60 157
501 3 896 529 65 236
502 1 880 336 51 165
502 2 973 293 63 159
502 3 885 527 83 235
503 1 875 345 53 146
503 2 967 295 60 151
503 3 889 522 83 235
504 1 872 338 64 165
504 2 971 300 57 144
504 3 895 522 83 227
505 1 873 338 59 165
505 2 968 301 57 144
505 3 898 520 77 220
506 1 874 348 54 148
506 2 964 300 60 160
506 3 904 519 73 220
507 1 868 343 61 156
507 2 961 301 60 160
507 3 903 516 79 216
508 1 873 343 56 153
508 2 958 300 62 164
508 3 905 519 80 214
509 1 875 347 52 153
509 2 957 301 59 160
509 3 909 518 75 212
510 1 870 348 59 150
510 2 954 301 60 160
510 3 913 515 81 216
511 1 874 348 54 155
511 2 953 302 60 160
511 3 911 505 83 227
512 1 875 350 54 155
512 2 950 302 60 160
512 3 913 513 99 218
513 1 873 349 64 167
513 2 950 303 57 160
513 3 921 511 94 218
514 1 874 350 60 171
514 2 949 304 56 160
514 3 922 511 95 218
515 1 875 356 64 166
515 2 947 305 56 160
515 3 926 509 92 218
516 1 876 357 58 165
516 2 946 307 57 160
516 3 928 512 89 218
517 1 875 358 59 165
517 2 946 312 57 161
517 3 928 509 90 218
518 1 876 361 61 165
518 2 943 312 57 169
518 3 930 507 88 208
519 1 875 368 61 157
519 2 944 315 57 160
519 3 932 506 88 208
520 1 876 369 61 152
520 2 944 317 57 164
520 3 936 505 82 208
521 1 872 369 60 155
521 2 941 315 57 163
521 3 938 501 88 213
522 1 869 365 64 161
522 2 941 318 57 161
522 3 939 496 78 217
523 1 869 366 62 158
523 2 937 316 60 160
523 3 947 496 75 210
524 1 868 369 59 165
524 2 933 317 63 160
524 3 949 491 75 215
525 1 862 370 64 165
525 2 933 318 60 160
525 3 955 492 69 208
526 1 857 372 70 165
526 2 934 323 57 152
526 3 958 492 69 217
527 1 853 374 73 165
527 2 933 324 57 152
527 3 958 491 74 212
528 1 854 372 72 173
528 2 931 326 57 152
528 3 961 488 72 213
529 1 853 379 71 167
529 2 928 329 60 155
529 3 962 488 72 215
530 1 857 377 67 166
530 2 927 330 57 161
530 3 966 485 71 218
531 1 855 379 65 165
531 2 925 330 57 169
531 3 965 483 71 219
532 1 845 382 76 160
532 2 924 333 57 166
532 3 968 484 73 219
533 1 845 384 71 162
533 2 921 335 57 163
533 3 969 484 72 218
534 1 845 386 71 161
534 2 918 336 57 164
534 3 968 478 75 222
535 1 853 389 62 157
535 2 917 338 57 161
535 3 974 478 67 222
536 1 852 389 60 164
536 2 917 339 57 160
536 3 974 478 71 221
537 1 851 391 60 164
537 2 915 339 57 162
537 3 974 474 70 220
538 1 851 389 60 173
538 2 914 340 57 161
538 3 975 473 71 220
539 1 852 393 59 173
539 2 914 340 57 161
539 3 972 470 74 225
540 1 852 395 59 179
540 2 913 343 57 159
540 3 973 472 74 220
541 1 851 397 60 175
541 2 912 343 57 164
541 3 974 465 72 220
542 1 850 401 59 164
542 2 911 346 57 166
542 3 977 464 72 220
543 1 849 401 64 174
543 2 909 347 57 172
543 3 975 463 73 210
544 1 847 410 66 164
544 2 909 350 57 176
544 3 975 461 73 210
545 1 845 410 67 164
545 2 907 351 57 173
545 3 975 460 75 207
546 1 847 406 63 164
546 2 907 353 57 172
546 3 980 457 69 206
547 1 847 409 60 164
547 2 906 354 57 174
547 3 981 456 68 210
548 1 844 407 63 171
548 2 904 356 57 175
548 3 981 455 72 207
549 1 840 407 69 177
549 2 894 362 73 169
549 3 985 454 72 206
550 1 840 409 69 183
550 2 904 358 62 174
550 3 984 456 73 206
551 1 843 413 63 187
551 2 895 357 67 173
551 3 987 452 73 210
552 1 842 414 69 192
552 2 895 359 71 171
552 3 984 454 79 206
553 1 835 418 75 187
553 2 892 360 72 171
553 3 986 452 77 206
554 1 837 421 69 185
554 2 895 363 67 170
554 3 990 452 74 206
555 1 833 425 77 178
555 2 885 367 69 166
555 3 991 450 72 206
556 1 834 429 76 178
556 2 890 365 69 166
556 3 995 448 72 206
557 1 834 434 73 175
557 2 896 370 57 162
557 3 995 445 75 206
558 1 831 433 75 171
558 2 894 371 57 162
558 3 1001 443 66 206
559 1 837 438 69 173
559 2 893 373 60 164
559 3 994 443 80 206
560 1 838 440 67 168
560 2 895 379 57 156
560 3 995 440 80 206
561 3 1002 435 74 206
561 1 832 439 72 182
561 2 888 368 62 169
562 3 1005 434 74 199
562 1 833 440 71 182
562 2 888 375 62 169
563 1 831 443 71 182
563 2 886 376 64 164
563 3 1008 433 71 197
564 1 831 445 72 191
564 2 885 380 62 182
564 3 1008 431 71 197
565 1 830 449 75 194
565 2 880 379 67 184
565 3 1008 431 71 197
566 1 833 450 73 196
566 2 879 382 62 186
566 3 1009 430 71 197
567 1 831 457 75 192
567 2 871 384 69 183
567 3 1007 427 76 200
568 1 832 463 74 182
568 2 874 379 69 189
568 3 1012 430 68 198
569 1 832 468 69 182
569 2 866 384 76 166
569 3 1013 428 68 201
570 1 829 470 71 182
570 2 868 382 74 185
570 3 1013 427 68 201
571 1 827 474 76 182
571 2 868 384 73 183
571 3 1012 425 68 204
572 1 827 469 69 182
572 2 868 385 75 182
572 3 1013 426 68 198
573 1 823 474 77 178
573 2 865 383 75 177
573 3 1013 426 68 195
574 1 824 472 73 181
574 2 862 384 78 184
574 3 1011 421 69 198
575 1 819 476 78 190
575 2 863 395 77 181
575 3 1010 423 68 197
576 1 818 479 77 191
576 2 866 399 72 182
576 3 1011 419 71 200
577 1 816 484 81 191
577 2 860 402 78 190
577 3 1010 421 64 190
578 1 812 489 85 191
578 2 862 401 75 188
578 3 1010 417 62 190
579 1 805 487 85 195
579 2 859 404 77 196
579 3 1008 414 71 190
580 1 804 494 92 195
580 2 859 407 77 196
580 3 1007 420 71 190
581 1 801 504 92 191
581 2 860 406 77 196
581 3 1006 417 71 190
582 1 797 503 89 201
582 2 861 410 77 196
582 3 1005 415 71 190
583 1 796 507 89 201
583 2 862 413 77 196
583 3 1004 412 71 190
584 1 796 507 82 186
584 2 863 417 73 187
584 3 1003 412 71 190
585 1 798 512 75 181
585 2 864 418 73 189
585 3 1001 410 71 190
586 1 796 514 71 181
586 2 861 420 73 188
586 3 998 409 71 190
587 1 795 508 73 193
587 2 863 421 73 187
587 3 997 411 71 190
588 1 790 508 84 203
588 2 865 421 73 187
588 3 996 410 71 190
589 1 791 513 89 203
589 2 863 427 73 178
589 3 995 408 68 181
590 1 789 515 89 213
590 2 860 420 73 187
590 3 996 411 64 197
591 1 786 521 89 213
591 2 859 421 73 187
591 3 994 410 64 191
592 1 785 523 89 213
592 2 859 423 73 187
592 3 988 410 69 184
593 1 780 528 94 213
593 2 859 428 73 184
593 3 982 402 73 191
594 1 782 531 89 213
594 2 857 430 73 184
594 3 989 406 64 184
595 1 780 534 89 213
595 2 857 432 70 194
595 3 988 407 64 184
596 1 769 537 106 202
596 2 855 435 70 178
596 3 985 397 67 190
597 1 770 540 106 203
597 2 853 433 73 199
597 3 984 393 59 193
598 1 767 542 89 196
598 2 854 439 70 197
598 3 984 391 56 193
599 1 766 539 86 201
599 2 851 444 70 197
599 3 978 400 58 183
600 1 766 541 86 209
600 2 850 447 70 195
600 3 974 394 67 182
601 1 762 544 81 215
601 2 847 452 70 195
601 3 975 397 67 187
602 1 760 543 92 223
602 2 845 449 70 203
602 3 960 397 82 187
603 1 753 551 94 216
603 2 843 451 70 203
603 3 961 395 70 184
604 1 753 551 80 217
604 2 840 454 76 200
604 3 949 397 90 185
605 1 750 554 81 213
605 2 838 455 77 198
605 3 946 396 87 184
606 1 745 557 82 212
606 2 831 457 85 196
606 3 939 398 93 184
607 1 753 562 74 204
607 2 824 458 83 192
607 3 943 396 88 184
608 1 748 561 74 206
608 2 828 465 78 185
608 3 937 398 91 184
609 1 755 564 72 203
609 2 823 464 86 185
609 3 931 399 94 184
610 1 752 562 78 201
610 2 821 462 89 192
610 3 932 400 95 190
611 1 753 558 66 217
611 2 818 463 88 189
611 3 931 397 92 190
612 1 753 561 67 217
612 2 815 466 91 185
612 3 931 403 96 183
613 1 753 562 69 217
613 2 823 461 82 203
613 3 933 396 84 190
614 1 751 565 78 217
614 2 814 471 90 197
614 3 924 398 97 190
615 1 748 565 81 223
615 2 812 470 94 202
615 3 923 401 89 190
616 1 749 567 82 217
616 2 810 473 93 203
616 3 918 395 92 192
617 1 749 570 82 216
617 2 807 475 96 202
617 3 920 404 84 178
618 1 763 578 74 224
618 2 826 470 78 202
618 3 915 405 76 177
618 4 392 660 72 33
619 1 746 577 92 208
619 2 812 482 89 202
619 3 908 405 76 177
620 1 747 573 89 217
620 2 820 479 78 216
620 3 909 407 65 177
621 1 745 571 93 224
621 2 812 481 89 212
621 3 902 402 67 183
622 1 753 575 88 224
622 2 821 482 72 202
622 3 895 402 66 182
623 1 760 575 85 224
623 2 817 484 80 202
623 3 899 399 61 188
624 1 767 576 84 232
624 2 823 487 72 202
624 3 894 400 65 187
625 1 773 580 74 231
625 2 817 484 81 206
625 3 898 401 65 187
626 1 779 577 74 235
626 2 818 488 80 203
626 3 887 402 74 184
627 1 784 582 74 224
627 2 827 484 61 202
627 3 895 410 65 176
628 1 789 588 74 224
628 2 817 490 74 197
628 3 887 405 71 176
629 1 787 587 79 224
629 2 816 494 76 192
629 3 885 407 76 176
630 1 784 592 85 224
630 2 816 497 76 191
630 3 883 411 77 176
631 1 788 595 83 224
631 2 816 492 84 200
631 3 877 411 71 176
632 1 794 596 79 224
632 2 822 496 61 202
632 3 880 410 75 176
633 1 807 588 72 228
633 2 815 499 83 202
633 3 872 411 81 181
634 1 803 592 107 225
634 2 812 501 86 202
634 3 871 411 90 176
635 1 806 584 77 229
635 2 813 504 82 198
635 3 864 410 89 188
636 1 807 579 84 236
636 2 818 504 75 190
636 3 859 411 93 176
637 1 807 579 89 238
637 2 817 508 80 196
637 3 863 409 82 176
638 1 801 575 96 240
638 2 815 511 80 184
638 3 858 409 84 176
639 1 809 572 95 241
639 2 815 512 82 185
639 3 848 408 90 176
640 1 807 571 99 243
640 2 818 514 73 180
640 3 847 411 83 176
641 1 810 571 103 243
641 2 817 515 97 174
641 3 846 411 74 166
642 1 813 573 129 242
642 2 817 519 93 188
642 3 843 408 59 176
643 1 825 576 121 225
643 2 817 519 89 187
643 3 838 412 65 150
644 1 830 574 126 225
644 2 817 520 97 187
644 3 833 412 63 170
645 1 839 570 125 231
645 2 816 520 102 187
645 3 827 411 69 170
646 1 854 563 117 228
646 2 820 521 89 184
646 3 825 414 66 170
647 1 859 564 116 225
647 2 823 524 89 183
647 3 822 409 70 176
648 1 865 556 113 231
648 2 829 521 93 183
648 3 824 416 73 196
649 1 867 556 112 225
649 2 829 522 90 174
649 3 827 423 61 176
650 1 871 557 74 236
650 2 869 521 53 174
650 3 825 423 61 176
651 1 864 555 122 221
651 2 834 523 87 182
651 3 811 420 73 191
652 1 865 553 131 220
652 2 845 518 118 199
652 3 812 420 65 192
653 1 869 545 127 225
653 2 828 519 143 187
653 3 812 423 61 176
654 1 873 556 123 212
654 2 838 517 137 187
654 3 812 422 63 189
655 1 879 559 111 210
655 2 834 518 154 187
655 3 812 426 61 189
656 1 883 560 87 213
656 2 843 518 153 187
656 3 810 427 67 189
657 1 889 560 98 206
657 2 845 520 162 172
657 3 807 429 67 189
658 1 888 556 87 217
658 2 841 515 168 171
658 3 801 430 70 176
659 1 895 548 79 222
659 2 845 514 171 173
659 3 799 427 70 185
660 1 892 544 85 228
660 2 855 511 171 167
660 3 792 427 73 185
661 1 904 543 71 225
661 2 859 507 172 167
661 3 782 428 77 185
662 1 908 540 74 229
662 2 854 504 179 166
662 3 776 429 88 185
663 1 905 541 72 226
663 2 868 507 163 158
663 3 765 432 93 185
664 1 905 535 71 229
664 2 869 505 164 167
664 3 758 434 96 181
665 1 907 526 75 238
665 2 871 499 165 166
665 3 760 435 96 182
666 1 906 523 71 231
666 2 865 497 171 167
666 3 757 436 97 185
667 1 898 526 83 225
667 2 865 498 171 167
667 3 756 435 96 185
668 1 905 539 83 207
668 2 871 496 162 150
668 3 755 438 101 188
669 1 916 523 72 214
669 2 864 495 171 149
669 3 756 438 99 193
670 1 916 521 76 214
670 2 867 493 167 146
670 3 752 438 103 196
671 1 916 516 77 215
671 2 868 489 160 148
671 3 752 440 101 192
672 1 919 514 77 208
672 2 864 487 163 157
672 3 751 439 102 195
673 1 919 509 78 213
673 2 865 490 164 147
673 3 747 440 107 194
674 1 923 510 74 210
674 2 864 484 163 165
674 3 758 441 94 185
675 1 918 520 81 202
675 2 865 481 158 183
675 3 747 440 99 195
676 1 922 511 83 207
676 2 860 483 163 166
676 3 744 440 96 196
677 1 918 509 83 204
677 2 863 485 161 163
677 3 740 444 93 185
678 1 929 507 77 207
678 2 863 485 160 159
678 3 736 444 87 185
679 1 929 507 83 201
679 2 864 483 165 157
679 3 727 445 91 192
680 1 935 507 81 208
680 2 857 479 172 161
680 3 724 445 84 187
681 1 936 505 76 207
681 2 857 481 173 159
681 3 721 444 82 194
682 1 934 504 75 207
682 2 862 480 169 159
682 3 720 448 79 194
683 1 937 499 77 207
683 2 858 480 178 159
683 3 721 447 79 207
684 1 934 497 83 213
684 2 851 479 192 159
684 3 715 452 79 208
685 1 928 498 83 210
685 2 859 478 187 159
685 3 717 456 79 206
686 1 933 494 83 216
686 2 863 473 184 159
686 3 716 457 79 206
687 1 937 490 79 215
687 2 866 472 181 159
687 3 712 458 82 209
688 1 940 493 89 212
688 2 869 473 188 166
688 3 710 462 84 206
689 1 946 490 79 210
689 2 872 473 183 165
689 3 709 460 79 209
690 1 942 495 75 203
690 2 877 470 179 162
690 3 707 463 82 204
691 1 946 486 73 204
691 2 878 467 187 174
691 3 713 463 79 204
692 1 949 490 79 197
692 2 879 469 190 167
692 3 715 467 73 202
693 1 943 485 95 197
693 2 884 467 183 168
693 3 707 466 79 202
694 1 948 490 79 196
694 2 890 461 183 172
694 3 712 468 71 201
695 1 948 492 79 189
695 2 878 458 204 167
695 3 709 470 76 194
696 1 945 488 97 191
696 2 878 461 205 163
696 3 707 469 79 194
697 1 949 488 89 188
697 2 878 457 207 167
697 3 712 471 72 199
698 1 947 488 96 187
698 2 880 463 207 159
698 3 707 467 75 200
699 1 951 488 93 187
699 2 883 461 198 159
699 3 704 474 79 202
700 1 953 486 92 187
700 2 884 460 196 168
700 3 698 471 79 212
701 1 948 486 99 188
701 2 890 459 190 167
701 3 699 476 79 211
702 1 962 489 85 187
702 2 883 460 190 159
702 3 704 476 79 215
703 1 962 478 83 197
703 2 895 458 195 159
703 3 704 479 79 220
704 1 964 478 84 196
704 2 891 457 180 168
704 3 703 479 79 215
705 1 962 479 86 199
705 2 891 458 183 151
705 3 692 480 93 222
706 1 967 474 83 201
706 2 893 458 183 165
706 3 692 479 95 226
707 1 971 469 75 206
707 2 894 452 180 169
707 3 692 484 98 221
708 1 967 467 83 206
708 2 902 456 174 174
708 3 686 486 106 217
709 1 975 467 73 208
709 2 894 457 184 169
709 3 697 489 93 215
710 1 971 464 77 207
710 2 898 455 180 174
710 3 698 483 91 225
711 1 970 461 76 209
711 2 898 457 180 171
711 3 698 485 98 223
712 1 969 464 77 204
712 2 902 452 178 177
712 3 698 484 96 215
713 1 975 455 73 212
713 2 905 444 182 182
713 3 699 489 97 215
714 1 975 457 84 201
714 2 906 444 183 181
714 3 701 485 96 219
715 1 975 461 84 194
715 2 910 450 181 178
715 3 708 489 88 215
716 1 974 457 79 197
716 2 915 442 181 185
716 3 709 489 91 216
717 1 979 455 79 196
717 2 916 441 181 189
717 3 708 490 88 215
718 1 976 456 83 193
718 2 932 431 170 189
718 3 715 488 79 215
719 1 980 457 84 191
719 2 933 437 170 187
719 3 715 491 93 215
720 1 978 453 87 191
720 2 937 434 169 178
720 3 712 492 97 205
721 1 981 455 87 181
721 2 934 432 171 181
721 3 715 495 97 205
722 1 989 454 83 182
722 2 940 428 167 182
722 3 717 495 97 205
723 1 994 454 94 182
723 2 940 424 170 185
723 3 719 496 97 205
724 1 993 456 96 183
724 2 946 424 168 184
724 3 718 495 97 205
725 1 1007 451 87 189
725 2 953 421 157 184
725 3 719 490 101 216
726 1 1007 451 90 187
726 2 957 416 151 187
726 3 721 490 100 216
727 1 1012 447 90 189
727 2 962 413 147 188
727 3 720 489 102 217
728 1 1014 443 86 196
728 2 965 410 142 186
728 3 721 489 105 218
729 1 1012 443 88 192
729 2 971 405 142 191
729 3 724 490 104 218
730 1 1019 439 85 194
730 2 972 405 142 194
730 3 732 486 103 217
731 1 1006 437 89 192
731 2 976 402 134 194
731 3 735 487 104 220
732 1 1023 436 89 191
732 2 978 404 129 192
732 3 741 487 99 221
733 1 1028 433 88 188
733 2 979 404 130 195
733 3 737 488 107 218
734 1 1021 429 98 189
734 2 984 403 125 193
734 3 756 486 89 223
735 1 1023 429 97 182
735 2 978 407 127 190
735 3 762 486 86 215
736 1 1028 430 93 185
736 2 982 403 130 190
736 3 766 488 84 226
737 1 1024 429 95 185
737 2 980 405 126 192
737 3 771 491 82 222
738 1 1021 431 105 186
738 2 985 413 119 182
738 3 770 487 77 228
739 1 1022 432 105 183
739 2 986 409 123 187
739 3 773 488 76 226
740 1 1028 436 105 178
740 2 994 407 112 184
740 3 776 492 83 221
741 1 1030 434 103 173
741 2 1001 409 107 185
741 3 780 493 80 223
742 1 1035 437 107 173
742 2 1004 410 109 183
742 3 779 493 89 225
743 1 1042 436 98 173
743 2 1005 408 108 183
743 3 781 495 83 215
744 1 1048 437 95 168
744 2 1002 403 109 191
744 3 782 499 82 215
745 1 1049 437 95 162
745 2 1008 401 108 192
745 3 784 502 91 215
746 1 1053 434 93 163
746 2 1011 386 104 205
746 3 784 503 90 218
747 1 1050 432 99 167
747 2 1016 384 97 204
747 3 786 499 88 220
748 1 1050 429 104 169
748 2 1017 369 98 216
748 3 785 504 94 215
749 1 1047 427 111 173
749 2 1021 358 95 220
749 3 787 506 93 215
750 1 1050 424 110 172
750 2 1021 355 114 222
750 3 789 505 81 215
751 1 1056 421 106 178
751 2 1030 349 78 222
751 3 793 505 93 215
752 1 1087 423 68 173
752 2 1028 346 74 219
752 3 797 506 88 215
753 1 1080 421 97 176
753 2 1031 351 73 215
753 3 804 506 85 215
754 1 1092 418 86 181
754 2 1031 352 74 213
754 3 809 505 81 215
755 1 1104 417 77 182
755 2 1032 353 68 215
755 3 810 507 84 214
756 1 1104 416 79 182
756 2 1030 352 72 215
756 3 814 508 84 216
757 1 1108 411 77 182
757 2 1034 361 68 207
757 3 819 507 80 215
758 1 1115 413 82 182
758 2 1031 364 75 205
758 3 826 508 74 211
759 1 1120 412 76 182
759 2 1030 366 83 201
759 3 822 510 82 215
760 1 1123 413 83 181
760 2 1030 364 85 203
760 3 827 513 74 212
761 1 1129 414 77 171
761 2 1032 355 88 214
761 3 825 512 85 212
762 1 1140 411 77 171
762 2 1029 353 96 216
762 3 826 512 88 215
763 1 1142 410 82 170
763 2 1030 352 100 214
763 3 826 515 94 210
764 1 1151 406 77 171
764 2 1031 359 101 206
764 3 833 512 94 215
765 1 1158 405 77 171
765 2 1032 363 96 205
765 3 834 509 96 215
766 1 1158 400 77 171
766 2 1033 380 97 184
766 3 834 514 98 215
767 1 1156 399 87 169
767 2 1035 381 99 185
767 3 831 512 101 215
768 1 1158 395 85 169
768 2 1043 378 93 185
768 3 831 513 96 212
769 1 1161 394 84 169
769 2 1047 379 97 178
769 3 838 511 93 207
770 1 1167 392 77 169
770 2 1057 375 97 185
770 3 837 509 94 215
771 1 1170 389 77 169
771 2 1072 375 78 178
771 3 838 508 96 215
772 1 1174 389 77 169
772 2 1080 374 78 178
772 3 846 507 88 210
773 1 1179 390 73 161
773 2 1093 372 70 178
773 3 848 508 88 207
774 1 1183 390 70 153
774 2 1089 371 78 178
774 3 850 507 88 207
775 1 1184 388 70 153
775 2 1099 371 66 178
775 3 852 507 88 207
776 1 1186 385 70 167
776 2 1107 372 58 178
776 3 855 509 88 207
777 1 1185 379 73 161
777 2 1095 370 78 178
777 3 880 509 69 210
778 1 1188 380 65 174
778 2 1111 372 57 178
778 3 884 506 66 217
779 1 1189 377 64 175
779 2 1113 373 56 178
779 3 887 509 74 217
780 1 1190 375 66 177
780 2 1117 372 63 178
780 3 888 509 76 223
781 1 1190 373 62 180
781 2 1122 372 61 178
781 3 892 509 77 226
782 1 1194 372 63 184
782 2 1118 368 70 178
782 3 895 511 77 224
783 1 1191 371 66 183
783 2 1116 371 74 178
783 3 897 510 82 223
784 1 1189 363 69 185
784 2 1117 311 74 239
784 3 899 510 87 224
785 1 1190 359 66 189
785 2 1120 313 74 238
785 3 903 513 86 223
786 1 1196 351 61 191
786 2 1121 311 74 229
786 3 904 515 85 220
787 1 1196 338 61 196
787 2 1126 318 67 221
787 3 902 516 92 218
788 1 1194 329 63 194
788 2 1128 320 68 215
788 3 905 516 85 220
789 1 1196 318 61 206
789 2 1134 313 65 226
789 3 904 517 88 220
790 1 1196 325 58 194
790 2 1141 313 63 221
790 3 903 518 87 219
791 1 1199 313 60 198
791 2 1141 312 67 219
791 3 907 519 84 216
792 1 1206 293 57 219
792 2 1145 304 63 229
792 3 908 520 84 216
793 1 1211 285 50 223
793 2 1153 295 62 229
793 3 909 519 83 217
794 1 1195 288 69 215
794 2 1147 297 71 227
794 3 917 518 78 219
795 1 1208 287 58 214
795 2 1135 309 88 210
795 3 924 522 76 218
796 1 1208 289 62 208
796 2 1123 330 104 188
796 3 928 522 77 211
797 1 1208 289 61 203
797 2 1112 338 144 184
797 3 933 524 64 216
798 1 1211 298 59 195
798 2 1124 337 137 184
798 3 929 521 71 217
799 1 1208 303 58 188
799 2 1131 333 137 183
799 3 935 522 71 214
800 1 1204 310 67 187
800 2 1129 336 136 180
800 3 936 523 76 214
801 1 1206 317 66 179
801 2 1149 341 107 174
801 3 941 523 71 212
802 1 1204 323 65 177
802 2 1159 337 82 178
802 3 943 524 71 213
803 1 1204 332 66 168
803 2 1161 339 72 173
803 3 944 524 78 211
804 1 1207 341 60 156
804 2 1166 341 69 173
804 3 942 526 83 210
805 1 1208 343 54 156
805 2 1164 342 71 174
805 3 949 526 78 208
806 1 1203 347 56 151
806 2 1168 341 64 175
806 3 946 526 82 210
807 1 1204 345 56 153
807 2 1162 340 74 177
807 3 954 525 76 212
808 1 1202 344 59 154
808 2 1161 338 76 179
808 3 951 524 82 211
809 1 1202 339 58 159
809 2 1154 337 85 179
809 3 953 523 78 214
810 1 1204 336 58 162
810 2 1154 336 84 177
810 3 953 525 84 208
811 1 1207 333 56 165
811 2 1150 336 92 175
811 3 958 527 78 207
812 1 1204 333 60 163
812 2 1175 334 68 180
812 3 961 524 71 208
813 1 1204 330 59 165
813 2 1174 335 65 177
813 3 960 524 77 208
814 1 1206 327 59 167
814 2 1157 337 83 176
814 3 956 524 80 211
815 1 1208 330 60 162
815 2 1177 334 68 176
815 3 968 522 70 214
816 1 1208 318 58 170
816 2 1160 335 82 181
816 3 968 521 71 214
817 1 1215 326 51 165
817 2 1163 340 73 169
817 3 970 524 75 212
818 1 1220 326 45 165
818 2 1156 333 86 177
818 3 975 521 71 213
819 1 1222 322 47 171
819 2 1154 337 84 173
819 3 977 520 71 215
820 1 1227 331 62 146
820 2 1187 330 68 189
820 3 979 516 71 218
821 1 1232 317 42 171
821 2 1187 336 57 179
821 3 982 517 71 229
822 1 1227 316 51 163
822 2 1190 324 68 189
822 3 984 525 71 225
823 1 1230 323 47 163
823 2 1174 336 66 178
823 3 986 527 71 225
824 1 1231 321 42 169
824 2 1177 337 62 173
824 3 988 525 73 230
825 1 1234 324 45 163
825 2 1182 337 59 177
825 3 989 526 78 229
826 1 1233 325 48 163
826 2 1184 334 52 179
826 3 993 528 80 231
827 1 1233 324 46 163
827 2 1177 337 62 180
827 3 995 527 82 234
828 1 1233 325 49 163
828 2 1179 338 54 174
828 3 997 530 78 233
829 1 1234 325 44 163
829 2 1175 337 64 177
829 3 996 531 83 230
830 1 1234 326 46 163
830 2 1177 339 61 173
830 3 999 533 78 232
831 1 1234 323 42 163
831 2 1178 337 58 180
831 3 997 535 79 230
832 1 1229 325 49 163
832 2 1174 340 63 180
832 3 997 534 81 229
833 1 1233 324 41 166
833 2 1170 341 65 177
833 3 997 535 80 227
834 1 1231 323 54 171
834 2 1190 344 71 180
834 3 1000 536 84 229
835 1 1230 323 47 163
835 2 1163 341 71 176
835 3 1003 540 82 222
836 1 1231 323 46 163
836 2 1162 343 71 176
836 3 1003 543 83 217
837 1 1230 323 44 163
837 2 1162 342 71 178
837 3 1015 541 68 218
838 1 1221 321 52 163
838 2 1152 345 78 180
838 3 1017 540 68 218
839 1 1225 323 52 163
839 2 1150 345 86 174
839 3 1020 541 68 218
840 1 1227 320 48 169
840 2 1152 350 81 171
840 3 1018 541 68 218
841 1 1223 320 52 167
841 2 1149 350 82 173
841 3 1023 541 68 222
842 1 1223 317 51 167
842 2 1150 353 81 166
842 3 1026 541 67 221
843 1 1223 319 49 168
843 2 1152 356 75 171
843 3 1022 536 71 229
844 1 1219 320 55 171
844 2 1150 357 82 164
844 3 1025 539 71 229
845 1 1218 317 55 171
845 2 1146 356 78 165
845 3 1029 539 71 217
846 1 1217 316 56 167
846 2 1145 362 78 162
846 3 1030 541 71 217
847 1 1217 317 51 167
847 2 1142 361 72 164
847 3 1031 539 71 217
848 1 1212 316 55 171
848 2 1138 363 78 163
848 3 1030 538 71 217
849 1 1214 318 53 171
849 2 1135 366 68 159
849 3 1033 536 71 226
850 1 1213 318 54 168
850 2 1128 362 68 160
850 3 1032 535 71 225
851 1 1212 319 53 171
851 2 1121 362 64 164
851 3 1030 539 71 224
852 1 1209 319 55 171
852 2 1119 368 60 154
852 3 1034 537 71 217
853 1 1206 319 55 171
853 2 1111 366 65 155
853 3 1035 534 71 228
854 1 1207 323 52 163
854 2 1104 371 72 172
854 3 1040 530 71 217
855 1 1202 323 52 163
855 2 1097 370 72 154
855 3 1042 532 71 230
856 1 1202 323 52 163
856 2 1093 362 82 162
856 3 1042 534 71 227
857 1 1198 322 52 163
857 2 1088 373 85 156
857 3 1043 530 71 229
858 1 1197 324 52 163
858 2 1063 375 108 159
858 3 1047 534 71 225
859 1 1194 323 52 163
859 2 1074 371 90 151
859 3 1046 530 71 217
860 1 1192 326 52 163
860 2 1067 381 86 154
860 3 1048 529 77 226
861 1 1191 326 48 163
861 2 1060 372 86 155
861 3 1052 527 71 227
862 1 1188 328 52 163
862 2 1051 378 84 151
862 3 1053 528 71 217
863 1 1187 327 50 160
863 2 1039 379 82 155
863 3 1050 527 73 217
864 1 1181 328 49 159
864 2 1027 379 75 151
864 3 1053 526 71 217
865 1 1177 326 50 161
865 2 1016 379 88 163
865 3 1057 523 71 227
866 1 1168 329 59 159
866 2 1012 380 83 164
866 3 1054 525 71 224
867 1 1159 327 65 166
867 2 1008 379 84 170
867 3 1055 523 71 227
868 1 1155 328 66 166
868 2 1010 384 76 164
868 3 1059 523 71 227
869 1 1150 331 77 163
869 2 1001 385 81 164
869 3 1056 521 71 227
870 1 1147 333 76 166
870 2 998 387 74 168
870 3 1060 521 71 227
871 1 1156 338 64 159
871 2 999 390 69 164
871 3 1060 522 71 227
872 1 1149 332 69 163
872 2 991 395 69 164
872 3 1064 518 71 227
873 1 1151 334 68 161
873 2 982 394 69 164
873 3 1063 520 71 227
874 1 1144 326 66 177
874 2 983 396 59 164
874 3 1064 520 71 227
875 1 1150 331 55 171
875 2 973 397 69 164
875 3 1066 520 71 227
876 1 1148 334 52 163
876 2 966 397 65 164
876 3 1070 520 68 221
877 1 1147 330 52 171
877 2 958 400 72 164
877 3 1067 518 68 216
878 1 1138 333 52 163
878 2 946 395 82 173
878 3 1069 517 68 216
879 1 1141 330 52 170
879 2 950 399 69 171
879 3 1071 517 68 216
880 1 1130 329 64 177
880 2 933 397 88 177
880 3 1068 515 71 224
881 1 1125 328 67 180
881 2 935 401 83 179
881 3 1068 514 71 227
882 1 1124 331 72 177
882 2 927 407 86 172
882 3 1066 518 81 216
883 1 1116 329 78 180
883 2 924 412 77 172
883 3 1068 516 79 216
884 1 1112 330 81 180
884 2 913 413 72 172
884 3 1069 514 68 216
885 1 1106 334 81 180
885 2 901 415 72 172
885 3 1067 515 77 216
886 1 1102 336 83 180
886 2 893 416 72 172
886 3 1064 513 83 216
887 1 1101 338 79 180
887 2 881 412 74 188
887 3 1065 515 78 216
888 1 1102 339 76 176
888 2 870 416 90 191
888 3 1064 514 75 216
889 1 1101 339 70 180
889 2 868 415 82 198
889 3 1065 515 68 216
890 1 1101 335 66 180
890 2 860 416 91 198
890 3 1064 511 75 225
891 1 1101 343 63 179
891 2 850 418 91 198
891 3 1063 507 68 236
892 1 1106 339 54 171
892 2 846 423 91 198
892 3 1065 512 68 226
893 1 1102 341 57 175
893 2 837 426 85 196
893 3 1064 509 68 228
894 1 1100 340 57 180
894 2 831 432 85 190
894 3 1064 508 67 229
895 1 1096 341 55 178
895 2 824 436 78 187
895 3 1060 508 68 228
896 1 1096 345 50 175
896 2 817 432 78 189
896 3 1061 508 68 229
897 1 1093 343 47 173
897 2 814 436 83 189
897 3 1061 505 68 236
898 1 1086 345 53 175
898 2 808 435 87 196
898 3 1066 507 64 230
899 1 1079 347 58 179
899 2 796 436 98 199
899 3 1063 502 68 236
900 1 1069 353 70 170
900 2 785 438 104 199
900 3 1063 508 68 227
901 1 1062 353 73 170
901 2 779 445 107 199
901 3 1063 506 68 226
902 1 1053 351 76 170
902 2 771 446 110 203
902 3 1064 506 75 228
903 1 1056 355 73 170
903 2 761 451 102 198
903 3 1068 508 77 221
904 1 1048 356 83 170
904 2 756 455 102 196
904 3 1068 507 85 223
905 1 1061 354 61 179
905 2 749 457 90 197
905 3 1069 508 86 221
906 1 1053 353 66 176
906 2 737 456 92 190
906 3 1069 508 89 227
907 1 1049 354 64 171
907 2 728 458 88 190
907 3 1067 505 99 227
908 1 1058 353 52 179
908 2 716 457 97 199
908 3 1073 507 89 227
909 1 1053 352 55 188
909 2 710 456 97 214
909 3 1071 502 108 227
910 1 1050 354 52 179
910 2 702 458 97 210
910 3 1067 509 116 212
911 1 1048 354 52 179
911 2 689 459 110 210
911 3 1069 504 102 224
912 1 1044 350 52 179
912 2 672 464 117 206
912 3 1067 506 125 224
913 1 1042 351 52 179
913 2 676 466 106 206
913 3 1065 508 129 221
914 1 1024 356 71 179
914 2 654 466 114 205
914 3 1065 511 128 219
915 1 1017 357 69 178
915 2 640 471 115 203
915 3 1066 517 130 216
916 1 1014 358 75 183
916 2 621 472 119 205
916 3 1062 509 137 223
917 1 1008 362 80 179
917 2 609 472 116 205
917 3 1058 513 141 219
918 1 1001 364 81 180
918 2 604 468 120 209
918 3 1060 514 141 217
919 1 989 364 92 177
919 2 586 472 137 205
919 3 1061 513 139 220
920 1 994 363 82 180
920 2 572 468 147 211
920 3 1076 518 128 220
921 1 990 363 93 179
921 2 558 465 160 217
921 3 1077 513 127 220
922 1 991 364 88 179
922 2 549 466 157 212
922 3 1094 511 110 220
923 1 995 364 78 179
923 2 550 469 147 217
923 3 1099 512 110 220
924 1 985 370 81 170
924 2 549 472 133 213
924 3 1111 507 100 220
925 1 990 372 65 170
925 2 544 471 123 213
925 3 1108 510 110 220
926 1 986 372 65 170
926 2 533 478 124 207
926 3 1112 510 110 220
927 1 989 374 60 170
927 2 540 481 94 201
927 3 1140 507 85 220
928 1 980 368 58 176
928 2 530 478 99 211
928 3 1150 510 75 220
929 1 976 368 54 184
929 2 519 480 109 215
929 3 1150 509 76 220
930 1 971 370 60 179
930 2 506 479 121 214
930 3 1148 508 80 220
931 1 966 370 58 177
931 2 496 478 123 220
931 3 1157 507 74 220
932 1 960 375 65 177
932 2 488 477 123 209
932 3 1160 506 76 220
933 1 948 375 78 171
933 2 477 481 130 209
933 3 1153 505 88 220
934 1 942 369 80 177
934 2 466 483 128 209
934 3 1162 504 77 220
935 1 927 373 100 171
935 2 459 485 123 209
935 3 1162 504 74 225
936 1 928 373 96 173
936 2 449 485 123 209
936 3 1160 501 86 226
937 1 927 378 95 169
937 2 441 486 109 209
937 3 1165 504 75 220
938 1 923 381 99 167
938 2 428 484 105 209
938 3 1167 498 76 231
939 1 919 379 99 169
939 2 420 483 111 216
939 3 1163 500 80 220
940 1 924 374 88 175
940 2 411 481 114 212
940 3 1168 492 80 233
941 1 921 374 87 170
941 2 391 479 129 217
941 3 1171 490 80 233
942 1 922 374 75 173
942 2 394 478 121 216
942 3 1173 492 80 232
943 1 913 380 78 172
943 2 382 481 124 213
943 3 1176 487 80 237
944 1 908 371 70 184
944 2 376 484 116 210
944 3 1177 485 82 228
945 1 902 376 88 175
945 2 377 479 105 216
945 3 1181 484 80 220
946 1 896 370 73 196
946 2 362 479 113 216
946 3 1181 481 80 228
947 1 889 373 75 189
947 2 355 486 99 210
947 3 1183 481 80 229
948 1 884 382 83 185
948 2 342 483 99 213
948 3 1184 480 74 227
949 1 879 378 75 181
949 2 341 480 107 218
949 3 1184 479 80 220
950 1 868 377 89 189
950 2 329 478 110 223
950 3 1185 476 80 220
951 1 861 380 94 186
951 2 322 476 116 225
951 3 1186 475 80 220
952 1 857 381 98 185
952 2 316 475 118 219
952 3 1187 472 80 220
953 1 857 383 93 183
953 2 305 475 118 219
953 3 1180 471 88 226
954 1 859 392 93 175
954 2 289 479 127 219
954 3 1188 469 80 234
955 1 847 390 99 175
955 2 287 482 118 219
955 3 1190 469 76 231
956 1 847 395 90 175
956 2 281 480 112 221
956 3 1189 474 76 222
957 1 839 393 89 180
957 2 272 485 102 219
957 3 1191 467 76 230
958 1 832 398 85 175
958 2 267 478 96 219
958 3 1191 474 76 210
959 1 824 396 79 174
959 2 255 474 92 219
959 3 1192 463 76 228
960 1 820 396 75 173
960 2 245 475 107 219
960 3 1194 468 76 220
961 1 808 395 87 177
961 2 238 468 100 228
961 3 1192 465 76 223
962 1 803 389 94 182
962 2 228 463 107 234
962 3 1193 458 76 233
963 1 795 388 103 183
963 2 226 464 107 219
963 3 1192 458 76 210
964 1 788 388 100 185
964 2 213 463 107 229
964 3 1192 453 76 224
965 1 780 389 105 180
965 2 213 463 107 219
965 3 1192 452 76 210
966 1 773 391 105 181
966 2 213 460 107 238
966 3 1191 447 80 220
967 1 770 388 105 181
967 2 209 467 107 219
967 3 1189 452 80 220
968 1 759 391 105 181
968 2 213 465 107 219
968 3 1194 447 80 220
969 1 753 394 94 181
969 2 205 463 107 219
969 3 1186 449 80 214
970 1 747 391 93 182
970 2 200 457 107 219
970 3 1185 448 80 215
971 1 736 397 92 175
971 2 201 454 93 219
971 3 1175 448 84 214
972 1 732 398 90 181
972 2 196 453 98 219
972 3 1184 441 80 220
973 1 718 394 97 182
973 2 199 456 98 219
973 3 1176 446 80 216
974 1 709 396 105 182
974 2 196 452 98 216
974 3 1160 447 98 214
975 1 697 393 113 191
975 2 193 451 98 212
975 3 1160 445 98 211
976 1 696 397 109 182
976 2 197 452 93 209
976 3 1156 446 95 210
977 1 684 392 119 192
977 2 193 453 93 209
977 3 1154 440 99 221
978 1 677 396 121 190
978 2 194 447 93 209
978 3 1174 434 76 210
979 1 665 404 120 178
979 2 195 444 93 209
979 3 1161 440 84 212
980 1 667 406 104 178
980 2 197 446 93 209
980 3 1161 445 84 200
981 1 660 405 104 178
981 2 199 442 93 209
981 3 1166 435 73 208
982 1 654 406 90 178
982 2 199 436 93 209
982 3 1160 441 82 206
983 1 638 400 90 178
983 2 201 435 93 209
983 3 1159 442 73 200
984 1 631 403 90 178
984 2 204 429 93 209
984 3 1159 436 73 200
985 1 623 397 101 188
985 2 207 430 93 209
985 3 1156 438 73 191
986 1 609 396 115 189
986 2 210 427 93 209
986 3 1151 431 73 200
987 1 606 395 110 189
987 2 213 425 93 209
987 3 1148 437 76 196
988 1 601 394 106 182
988 2 218 428 89 188
988 3 1148 432 76 198
989 1 587 395 106 182
989 2 218 425 89 188
989 3 1142 433 76 199
990 1 584 391 98 182
990 2 230 428 89 188
990 3 1140 433 76 200
991 1 570 393 98 182
991 2 232 422 89 185
991 3 1140 432 73 197
992 1 570 395 83 182
992 2 247 415 80 188
992 3 1134 427 76 210
993 1 558 397 75 182
993 2 257 411 73 188
993 3 1129 432 73 203
994 1 557 394 69 182
994 2 258 407 73 188
994 3 1122 434 77 196
995 1 549 396 69 182
995 2 265 407 73 188
995 3 1115 434 83 198
996 1 537 395 93 181
996 2 263 409 90 189
996 3 1104 430 91 195
997 1 518 393 109 182
997 2 279 409 70 179
997 3 1099 432 97 200
998 1 505 395 115 177
998 2 287 410 66 171
998 3 1103 426 89 201
999 1 502 390 110 182
999 2 294 409 66 171
999 3 1099 425 92 207
1000 1 504 385 101 192
1000 2 300 408 74 171
1000 3 1100 423 89 207
1001 1 497 395 97 178
1001 2 307 404 66 168
1001 3 1095 422 91 202
1002 1 503 392 78 176
1002 2 311 400 76 165
1002 3 1094 423 90 204
1003 1 483 385 93 182
1003 2 315 398 93 163
1003 3 1094 422 88 207
1004 1 488 382 78 182
1004 2 324 402 95 158
1004 3 1104 419 70 207
1005 1 482 380 78 182
1005 2 320 402 99 154
1005 3 1096 420 80 201
1006 1 487 372 74 191
1006 2 335 399 88 153
1006 3 1095 421 76 198
1007 1 484 381 70 185
1007 2 343 401 78 155
1007 3 1088 425 74 196
1008 1 479 375 73 186
1008 2 351 400 60 155
1008 3 1097 414 74 217
1009 1 475 377 73 186
1009 2 355 400 60 155
1009 3 1085 417 64 202
1010 1 482 376 73 186
1010 2 362 406 57 147
1010 3 1087 413 77 228
1011 1 480 378 62 186
1011 2 363 391 60 155
1011 3 1085 413 59 217
1012 1 483 374 62 186
1012 2 367 390 60 155
1012 3 1087 416 59 217
1013 1 463 373 81 186
1013 2 374 394 60 155
1013 3 1086 414 59 217
1014 1 472 375 81 186
1014 2 380 403 60 155
1014 3 1084 413 59 217
1015 1 472 377 81 186
1015 2 385 398 60 155
1015 3 1082 412 59 217
1016 1 466 380 77 186
1016 2 389 401 63 162
1016 3 1063 423 75 205
1017 1 473 382 77 186
1017 2 392 400 66 171
1017 3 1063 422 75 205
1018 1 469 386 69 172
1018 2 396 403 66 171
1018 3 1062 425 75 205
1019 1 469 400 69 161
1019 2 398 416 69 182
1019 3 1056 419 79 215
1020 1 476 400 69 161
1020 2 400 422 69 182
1020 3 1056 425 75 205
1021 1 476 395 69 161
1021 2 402 420 69 182
1021 3 1053 426 75 205
1022 1 477 394 69 161
1022 2 406 424 69 182
1022 3 1051 426 75 205
1023 1 478 392 69 161
1023 2 409 427 69 182
1023 3 1050 425 75 205
1024 1 481 392 69 161
1024 2 410 427 69 182
1024 3 1047 425 75 205
1025 1 482 393 103 156
1025 2 414 429 69 182
1025 3 1046 431 71 195
1026 1 486 390 103 156
1026 2 418 431 69 182
1026 3 1045 433 71 195
1027 1 486 394 103 156
1027 2 425 429 69 182
1027 3 1043 433 71 195
1028 1 487 395 103 156
1028 2 421 428 80 191
1028 3 1041 433 71 204
1029 1 491 399 98 149
1029 2 431 428 80 191
1029 3 1039 434 71 204
1030 1 493 398 89 149
1030 2 417 450 102 169
1030 3 1036 433 71 204
1031 1 495 398 89 149
1031 2 433 448 102 169
1031 3 1034 432 71 204
1032 1 498 397 89 149
1032 2 442 449 102 169
1032 3 1031 434 71 204
1033 1 499 397 89 149
1033 2 450 448 102 169
1033 3 1028 437 71 204
1034 1 502 396 89 149
1034 2 457 449 102 169
1034 3 1024 440 71 204
1035 1 506 393 89 149
1035 2 464 445 102 169
1035 3 1021 441 71 204
1036 1 510 402 89 149
1036 2 472 444 102 169
1036 3 1003 442 77 194
1037 1 512 413 105 157
1037 2 435 450 153 162
1037 3 997 437 81 202
1038 1 521 419 109 153
1038 2 466 447 138 162
1038 3 1002 441 71 204
1039 1 509 421 105 143
1039 2 465 443 153 162
1039 3 988 446 82 191
1040 1 507 422 131 142
1040 2 476 445 146 154
1040 3 988 442 83 204
1041 1 513 419 108 148
1041 2 522 446 106 157
1041 3 978 441 92 197
1042 1 512 416 93 153
1042 2 532 441 108 165
1042 3 977 444 96 200
1043 1 512 410 139 162
1043 2 534 438 110 169
1043 3 986 445 85 204
1044 1 515 409 135 159
1044 2 536 431 121 172
1044 3 972 446 100 198
1045 1 523 400 131 167
1045 2 544 425 141 182
1045 3 970 446 101 198
1046 1 539 402 119 149
1046 2 548 423 137 182
1046 3 974 449 95 195
1047 1 548 399 118 158
1047 2 557 420 173 184
1047 3 972 449 95 196
1048 1 572 389 85 161
1048 2 577 419 158 167
1048 3 969 446 93 199
1049 1 590 385 92 171
1049 2 596 420 146 161
1049 3 967 446 85 204
1050 1 614 382 72 165
1050 2 627 420 117 158
1050 3 963 443 85 204
1051 1 627 383 80 165
1051 2 650 420 96 158
1051 3 949 452 97 194
1052 1 628 383 60 165
1052 2 675 413 86 165
1052 3 952 446 85 204
1053 1 637 378 60 165
1053 2 692 410 81 167
1053 3 961 448 85 204
1054 1 648 379 76 172
1054 2 700 399 82 178
1054 3 943 449 78 204
1055 1 662 386 57 157
1055 2 717 396 77 182
1055 3 944 450 69 204
1056 1 659 388 89 159
1056 2 716 390 106 187
1056 3 935 449 75 212
1057 1 660 382 115 167
1057 2 715 390 121 184
1057 3 934 456 71 208
1058 1 657 378 118 175
1058 2 731 385 111 184
1058 3 934 456 71 212
1059 1 660 380 98 171
1059 2 748 382 96 162
1059 3 919 459 86 217
1060 1 664 376 117 171
1060 2 767 375 79 162
1060 3 925 457 81 216
1061 1 668 374 131 174
1061 2 773 374 83 167
1061 3 916 462 87 209
1062 1 672 369 108 175
1062 2 785 364 74 175
1062 3 913 462 91 210
1063 1 685 360 119 176
1063 2 797 352 76 179
1063 3 912 465 93 212
1064 1 704 354 102 179
1064 2 806 338 70 198
1064 3 926 466 67 217
1065 1 718 355 104 172
1065 2 802 322 93 206
1065 3 905 462 99 211
1066 1 726 344 105 178
1066 2 830 309 75 215
1066 3 900 464 103 210
1067 1 742 341 89 177
1067 2 826 289 84 230
1067 3 892 466 104 209
1068 1 758 336 72 172
1068 2 835 277 79 239
1068 3 893 466 96 210
1069 1 762 331 68 183
1069 2 843 269 77 234
1069 3 887 468 97 207
1070 1 763 332 59 181
1070 2 854 266 71 236
1070 3 888 470 93 207
1071 1 767 325 63 181
1071 2 862 261 68 234
1071 3 878 469 95 209
1072 1 776 331 71 176
1072 2 871 260 67 238
1072 3 875 467 84 208
1073 1 777 329 80 176
1073 2 880 269 69 212
1073 3 873 469 81 207
1074 1 783 332 88 175
1074 2 888 270 72 218
1074 3 871 469 77 209
1075 1 788 334 88 177
1075 2 892 282 76 200
1075 3 872 469 71 207
1076 1 791 339 91 174
1076 2 895 289 80 196
1076 3 869 469 73 208
1077 1 800 341 88 167
1077 2 899 300 86 195
1077 3 863 474 82 201
1078 1 802 342 80 165
1078 2 901 312 89 186
1078 3 866 472 77 204
1079 1 806 344 82 160
1079 2 910 324 89 179
1079 3 855 475 90 202
1080 1 807 346 80 157
1080 2 915 338 92 166
1080 3 848 476 97 200
1081 1 811 342 81 161
1081 2 925 342 93 154
1081 3 846 479 98 199
1082 1 814 343 74 160
1082 2 933 340 85 162
1082 3 842 478 102 196
1083 1 817 338 69 161
1083 2 939 337 79 164
1083 3 836 477 105 198
1084 1 820 338 64 159
1084 2 953 332 64 163
1084 3 840 478 104 198
1085 1 819 333 69 176
1085 2 957 328 55 165
1085 3 836 475 103 200
1086 1 822 334 73 173
1086 2 962 325 65 165
1086 3 831 478 101 200
1087 1 824 332 88 165
1087 2 964 325 74 165
1087 3 828 482 104 200
1088 1 829 335 85 165
1088 2 968 324 74 165
1088 3 827 479 102 200
1089 1 830 337 86 162
1089 2 977 322 74 165
1089 3 816 475 102 200
1090 1 835 340 81 157
1090 2 982 318 74 165
1090 3 811 479 102 200
1091 1 840 341 76 157
1091 2 985 319 74 163
1091 3 809 475 93 200
1092 1 836 337 77 164
1092 2 991 319 82 165
1092 3 809 475 85 203
1093 1 835 339 81 159
1093 2 995 318 91 165
1093 3 802 478 78 204
1094 1 841 339 74 157
1094 2 999 316 92 164
1094 3 796 476 72 213
1095 1 846 340 60 157
1095 2 1005 315 92 164
1095 3 795 480 73 203
1096 1 842 337 63 165
1096 2 1009 319 89 162
1096 3 799 476 70 213
1097 1 845 337 61 166
1097 2 1014 319 91 163
1097 3 784 477 85 216
1098 1 845 339 59 166
1098 2 1026 322 74 158
1098 3 771 480 99 209
1099 1 846 345 62 161
1099 2 1029 312 71 166
1099 3 762 481 106 205
1100 1 851 349 61 157
1100 2 1018 316 88 156
1100 3 754 483 112 204
1101 1 851 349 63 157
1101 2 1037 312 70 165
1101 3 752 482 115 211
1102 1 853 355 58 149
1102 2 1042 308 61 172
1102 3 750 482 116 212
1103 1 853 356 57 150
1103 2 1045 305 62 172
1103 3 749 482 114 212
1104 1 849 355 56 153
1104 2 1044 306 67 172
1104 3 750 481 111 213
1105 1 844 353 60 157
1105 2 1053 304 61 171
1105 3 753 482 102 211
1106 1 842 356 67 151
1106 2 1049 301 64 176
1106 3 745 482 105 209
1107 1 836 354 67 151
1107 2 1051 304 65 173
1107 3 744 481 93 213
1108 1 839 352 70 151
1108 2 1045 303 76 177
1108 3 739 481 90 212
1109 1 839 350 69 157
1109 2 1049 307 70 171
1109 3 734 481 86 212
1110 1 834 351 74 153
1110 2 1052 306 73 173
1110 3 735 481 78 210
1111 1 839 348 69 157
1111 2 1051 306 70 171
1111 3 731 481 69 208
1112 1 838 351 68 159
1112 2 1049 306 73 171
1112 3 727 480 69 208
1113 1 838 348 67 167
1113 2 1053 306 68 171
1113 3 722 482 69 208
1114 1 836 348 71 165
1114 2 1053 308 69 171
1114 3 718 481 74 208
1115 1 830 348 74 167
1115 2 1054 307 65 176
1115 3 720 482 69 208
1116 1 833 350 74 163
1116 2 1056 309 68 171
1116 3 716 483 69 205
1117 1 832 350 70 164
1117 2 1056 309 65 177
1117 3 703 483 83 208
1118 1 831 353 74 163
1118 2 1065 307 57 178
1118 3 696 483 88 211
1119 1 832 354 69 158
1119 2 1064 307 62 176
1119 3 690 483 93 208
1120 1 837 356 64 159
1120 2 1073 309 53 170
1120 3 688 484 95 210
1121 1 832 357 69 157
1121 2 1075 311 60 171
1121 3 685 486 101 207
1122 1 827 356 76 156
1122 2 1078 310 57 171
1122 3 679 484 104 209
1123 1 828 358 73 156
1123 2 1074 309 61 175
1123 3 684 484 99 208
1124 1 830 357 68 153
1124 2 1078 310 60 172
1124 3 676 483 105 208
1125 1 828 358 67 158
1125 2 1077 313 62 172
1125 3 677 481 101 210
1126 1 828 357 64 156
1126 2 1080 315 59 170
1126 3 669 480 103 212
1127 1 826 356 65 160
1127 2 1078 315 64 168
1127 3 665 479 99 212
1128 1 827 359 61 159
1128 2 1077 318 64 167
1128 3 660 480 93 209
1129 1 824 357 69 159
1129 2 1082 317 59 168
1129 3 658 479 88 208
1130 1 826 358 64 167
1130 2 1081 319 60 164
1130 3 653 477 86 208
1131 1 825 361 64 166
1131 2 1078 320 62 164
1131 3 649 478 77 208
1132 1 821 364 65 164
1132 2 1081 321 61 164
1132 3 640 476 76 208
1133 1 821 363 63 163
1133 2 1077 322 60 163
1133 3 641 478 73 208
1134 1 820 366 65 161
1134 2 1080 322 58 162
1134 3 630 478 81 212
1135 1 814 366 71 159
1135 2 1075 323 64 162
1135 3 627 476 83 212
1136 1 820 369 62 154
1136 2 1075 324 66 164
1136 3 626 477 81 213
1137 1 810 367 77 159
1137 2 1073 324 67 161
1137 3 609 479 102 208
1138 1 807 365 79 164
1138 2 1073 324 66 161
1138 3 596 475 114 208
1139 1 813 365 72 163
1139 2 1071 324 69 159
1139 3 589 483 121 202
1140 1 801 370 82 165
1140 2 1065 324 73 160
1140 3 591 480 119 202
1141 1 802 368 82 169
1141 2 1061 323 78 160
1141 3 592 480 117 209
1142 1 798 369 85 171
1142 2 1053 326 85 160
1142 3 585 478 121 209
1143 1 787 372 95 170
1143 2 1050 327 85 159
1143 3 586 477 121 210
1144 1 800 373 84 171
1144 2 1048 328 86 157
1144 3 584 478 117 205
1145 1 792 377 90 167
1145 2 1048 327 89 162
1145 3 582 477 113 209
1146 1 797 372 85 176
1146 2 1046 327 89 165
1146 3 579 476 108 209
1147 1 792 375 88 170
1147 2 1045 327 90 164
1147 3 573 477 105 209
1148 1 789 378 88 171
1148 2 1047 328 91 160
1148 3 570 477 100 210
1149 1 785 377 87 172
1149 2 1047 327 87 163
1149 3 568 473 95 209
1150 1 786 378 81 169
1150 2 1046 326 84 165
1150 3 557 475 93 209
1151 1 781 378 79 170
1151 2 1042 329 88 158
1151 3 553 475 85 209
1152 1 772 377 94 175
1152 2 1040 326 84 162
1152 3 550 474 77 209
1153 1 769 380 97 177
1153 2 1031 327 88 161
1153 3 546 473 80 209
1154 1 757 380 110 183
1154 2 1027 326 83 164
1154 3 537 474 85 209
1155 1 747 383 120 186
1155 2 1024 327 82 162
1155 3 532 475 91 210
1156 1 743 386 123 184
1156 2 1018 326 79 163
1156 3 531 477 92 209
1157 1 737 389 127 181
1157 2 1018 328 73 165
1157 3 523 475 103 210
1158 1 740 389 118 182
1158 2 1017 327 67 171
1158 3 517 475 106 210
1159 1 734 392 117 179
1159 2 1016 325 67 176
1159 3 515 474 110 212
1160 1 734 394 103 176
1160 2 1012 329 65 176
1160 3 511 478 112 208
1161 1 733 394 95 182
1161 2 1013 333 65 168
1161 3 501 474 121 210
1162 1 723 394 96 183
1162 2 1014 332 65 172
1162 3 504 473 108 209
1163 1 717 393 97 179
1163 2 1012 332 66 170
1163 3 502 470 112 216
1164 1 717 395 94 181
1164 2 1003 331 73 168
1164 3 498 473 108 209
1165 1 707 391 106 180
1165 2 1003 333 73 168
1165 3 490 466 108 209
1166 1 710 390 101 183
1166 2 1001 333 73 172
1166 3 488 465 108 209
1167 1 708 392 101 183
1167 2 1000 332 73 168
1167 3 483 464 101 209
1168 1 706 394 101 183
1168 2 997 333 73 168
1168 3 480 462 98 209
1169 1 702 393 101 183
1169 2 994 334 73 168
1169 3 481 459 92 209
1170 1 696 394 107 183
1170 2 992 333 70 168
1170 3 472 457 88 209
1171 1 693 397 101 183
1171 2 988 333 66 168
1171 3 479 460 77 209
1172 1 685 401 101 179
1172 2 983 335 66 168
1172 3 477 457 78 209
1173 1 680 399 101 184
1173 2 983 334 61 168
1173 3 471 456 80 209
1174 1 677 400 94 180
1174 2 980 334 61 168
1174 3 472 458 79 209
1175 1 672 400 88 177
1175 2 980 336 55 168
1175 3 470 457 80 209
1176 1 662 399 91 189
1176 2 975 336 60 168
1176 3 469 457 81 206
1177 1 649 400 91 189
1177 2 975 338 60 168
1177 3 469 460 80 206
1178 1 646 403 91 189
1178 2 971 341 60 168
1178 3 458 458 88 206
1179 1 643 401 91 189
1179 2 959 336 67 168
1179 3 453 456 88 206
1180 1 637 400 104 189
1180 2 952 341 75 168
1180 3 457 455 88 206
1181 1 630 408 111 187
1181 2 937 341 87 169
1181 3 445 451 88 206
1182 1 619 411 118 184
1182 2 940 345 85 168
1182 3 445 450 102 206
1183 1 621 412 104 189
1183 2 934 344 88 168
1183 3 441 452 88 206
1184 1 611 413 111 181
1184 2 938 343 88 168
1184 3 436 448 107 206
1185 1 608 412 109 185
1185 2 930 344 98 168
1185 3 429 446 103 206
1186 1 595 413 111 182
1186 2 933 344 88 166
1186 3 424 446 103 206
1187 1 589 413 111 189
1187 2 929 345 88 168
1187 3 422 446 103 202
1188 1 598 415 92 181
1188 2 927 344 88 168
1188 3 419 444 99 203
1189 1 591 415 88 181
1189 2 925 343 88 168
1189 3 416 442 97 206
1190 1 589 414 88 181
1190 2 924 343 83 168
1190 3 413 442 96 206
1191 1 586 413 89 181
1191 2 917 342 83 168
1191 3 410 442 89 203
1192 1 577 410 96 184
1192 2 914 345 81 168
1192 3 403 444 95 202
1193 1 570 410 102 185
1193 2 908 343 77 168
1193 3 409 438 86 210
1194 1 566 413 105 182
1194 2 903 343 77 168
1194 3 406 440 88 206
1195 1 564 414 105 181
1195 2 902 344 73 173
1195 3 404 440 89 207
1196 1 555 417 105 174
1196 2 902 344 64 178
1196 3 402 435 92 210
1197 1 550 422 105 174
1197 2 892 347 78 178
1197 3 400 435 95 210
1198 1 544 420 108 174
1198 2 892 347 76 178
1198 3 397 438 95 210
1199 1 536 423 111 174
1199 2 885 349 82 178
1199 3 395 435 95 210
1200 1 537 424 105 174
1200 2 889 347 80 178
1200 3 393 434 95 210
1201 1 529 422 112 174
1201 2 889 349 80 178
1201 3 391 432 95 210
1202 1 534 427 105 174
1202 2 887 350 88 178
1202 3 386 431 100 220
1203 1 515 426 114 181
1203 2 884 351 80 178
1203 3 392 429 86 210
1204 1 515 427 105 187
1204 2 877 352 88 178
1204 3 384 427 92 209
1205 1 513 429 105 187
1205 2 875 350 88 178
1205 3 383 428 92 203
1206 1 512 429 107 187
1206 2 876 352 82 177
1206 3 380 425 88 201
1207 1 505 431 114 188
1207 2 881 353 68 178
1207 3 383 425 88 200
1208 1 510 438 103 179
1208 2 880 359 65 175
1208 3 377 425 100 212
1209 1 514 440 94 187
1209 2 881 360 60 176
1209 3 375 425 88 201
1210 1 511 440 94 187
1210 2 880 360 52 172
1210 3 373 417 89 204
1211 1 512 439 92 182
1211 2 871 359 59 176
1211 3 373 421 92 200
1212 1 503 440 90 177
1212 2 869 358 53 173
1212 3 372 422 93 197
1213 1 507 441 84 176
1213 2 863 359 59 176
1213 3 372 417 87 202
1214 1 499 442 90 176
1214 2 860 357 59 176
1214 3 375 418 87 202
1215 1 498 438 90 180
1215 2 860 357 59 176
1215 3 366 419 92 202
1216 1 492 440 93 176
1216 2 843 358 78 176
1216 3 369 414 100 202
1217 1 489 438 98 184
1217 2 834 361 86 171
1217 3 371 411 96 208
1218 1 481 440 108 184
1218 2 826 360 94 175
1218 3 366 413 95 205
1219 1 475 438 109 191
1219 2 828 360 91 176
1219 3 364 406 96 206
1220 1 475 443 109 184
1220 2 826 361 93 176
1220 3 360 407 103 200
1221 1 468 442 109 191
1221 2 826 362 90 177
1221 3 360 402 105 205
1222 1 463 442 111 188
1222 2 828 363 90 176
1222 3 360 404 94 198
1223 1 457 448 109 184
1223 2 825 364 90 176
1223 3 361 404 92 196
1224 1 448 450 109 184
1224 2 824 363 91 176
1224 3 357 404 90 195
1225 1 441 450 105 184
1225 2 827 364 80 176
1225 3 355 400 90 199
1226 1 434 448 109 184
1226 2 819 363 84 176
1226 3 357 399 83 198
1227 1 430 452 90 192
1227 2 812 363 84 177
1227 3 354 398 88 195
1228 1 425 454 94 196
1228 2 806 360 85 181
1228 3 354 398 87 196
1229 1 426 454 95 206
1229 2 797 360 85 180
1229 3 355 397 93 195
1230 1 424 458 95 207
1230 2 790 365 81 172
1230 3 353 394 87 201
1231 1 420 462 94 204
1231 2 787 367 78 178
1231 3 357 392 87 206
1232 1 418 467 94 195
1232 2 781 362 75 188
1232 3 362 395 83 198
1233 1 404 468 94 195
1233 2 778 364 75 188
1233 3 359 393 100 205
1234 1 409 473 82 195
1234 2 776 367 77 188
1234 3 359 389 82 205
1235 1 405 474 81 195
1235 2 771 371 82 188
1235 3 362 388 77 205
1236 1 392 474 94 195
1236 2 771 375 85 183
1236 3 361 389 88 205
1237 1 396 474 88 195
1237 2 771 367 87 188
1237 3 366 390 90 202
1238 1 390 473 94 195
1238 2 764 374 93 188
1238 3 364 388 78 195
1239 1 383 471 94 195
1239 2 763 373 95 189
1239 3 365 385 79 195
1240 1 377 471 106 195
1240 2 761 375 94 188
1240 3 369 384 82 181
1241 1 372 474 111 195
1241 2 757 376 97 183
1241 3 371 386 81 183
1242 1 362 470 122 201
1242 2 761 376 89 185
1242 3 365 386 84 177
1243 1 354 477 125 194
1243 2 761 379 83 179
1243 3 376 382 82 176
1244 1 353 475 123 192
1244 2 764 381 71 179
1244 3 382 376 72 183
1245 1 349 477 119 189
1245 2 761 378 69 185
1245 3 382 376 72 183
1246 1 337 472 125 201
1246 2 763 377 59 183
1246 3 380 376 74 182
1247 1 332 471 125 199
1247 2 756 379 61 183
1247 3 380 374 71 187
1248 1 328 475 118 191
1248 2 752 381 59 183
1248 3 381 376 74 184
1249 1 331 476 113 191
1249 2 751 380 58 183
1249 3 387 372 67 192
1250 1 327 475 118 191
1250 2 744 381 67 183
1250 3 385 371 69 188
1251 1 331 477 118 191
1251 2 740 381 72 182
1251 3 388 368 68 193
1252 1 340 476 103 191
1252 2 734 382 72 183
1252 3 390 364 72 199
1253 1 347 483 98 185
1253 2 721 385 84 177
1253 3 394 368 73 192
1254 1 346 481 89 187
1254 2 710 386 97 177
1254 3 398 364 72 197
1255 1 343 479 100 188
1255 2 709 388 100 177
1255 3 394 366 78 191
1256 1 341 478 104 190
1256 2 707 387 103 177
1256 3 396 363 78 192
1257 1 345 475 101 190
1257 2 708 382 99 183
1257 3 401 363 73 190
1258 1 351 470 91 196
1258 2 708 385 101 181
1258 3 402 358 74 194
1259 1 351 469 90 199
1259 2 709 388 96 180
1259 3 403 359 67 194
1260 1 347 467 94 202
1260 2 706 388 99 181
1260 3 405 354 70 199
1261 1 347 466 100 202
1261 2 705 381 96 190
1261 3 407 355 68 193
1262 1 350 468 100 202
1262 2 700 383 95 187
1262 3 410 351 67 193
1263 1 358 468 85 202
1263 2 696 383 95 186
1263 3 410 351 70 187
1264 1 356 469 84 202
1264 2 692 383 93 188
1264 3 412 349 77 190
1265 1 360 470 83 199
1265 2 682 384 99 182
1265 3 419 350 66 182
1266 1 363 471 85 202
1266 2 683 384 89 186
1266 3 419 347 72 184
1267 1 364 472 83 196
1267 2 679 384 86 190
1267 3 421 347 75 180
1268 1 372 472 84 196
1268 2 677 383 76 193
1268 3 426 346 77 181
1269 1 380 470 81 196
1269 2 676 389 69 190
1269 3 425 343 86 184
1270 1 380 469 84 207
1270 2 671 391 73 187
1270 3 429 346 92 180
1271 1 389 470 79 207
1271 2 671 391 72 189
1271 3 435 346 92 180
1272 1 388 472 84 207
1272 2 671 392 71 189
1272 3 434 348 98 178
1273 1 397 473 80 207
1273 2 672 394 70 186
1273 3 435 343 99 180
1274 1 403 474 73 207
1274 2 671 395 70 187
1274 3 442 344 98 181
1275 1 400 475 79 207
1275 2 668 395 69 186
1275 3 445 347 89 175
1276 1 405 481 84 204
1276 2 666 394 71 189
1276 3 447 345 90 160
1277 1 413 484 84 207
1277 2 671 397 65 182
1277 3 449 344 87 161
1278 1 417 485 101 199
1278 2 669 398 69 179
1278 3 455 342 84 160
1279 1 422 484 107 201
1279 2 668 401 70 178
1279 3 459 342 80 161
1280 1 429 483 90 201
1280 2 665 400 73 183
1280 3 461 340 80 163
1281 1 436 478 82 207
1281 2 664 402 74 181
1281 3 465 337 75 165
1282 1 433 475 88 210
1282 2 664 406 77 178
1282 3 465 336 75 168
1283 1 439 471 88 210
1283 2 664 405 77 178
1283 3 467 336 76 166
1284 1 444 469 99 210
1284 2 664 404 84 178
1284 3 475 336 66 166
1285 1 450 468 88 210
1285 2 664 404 84 178
1285 3 476 334 68 158
1286 1 459 468 88 210
1286 2 670 410 84 170
1286 3 479 331 68 158
1287 1 444 467 110 210
1287 2 668 402 91 183
1287 3 482 330 68 158
1288 1 450 463 123 216
1288 2 669 412 96 176
1288 3 487 331 62 166
1289 1 459 464 117 213
1289 2 669 409 101 180
1289 3 490 330 79 168
1290 1 474 463 104 203
1290 2 671 409 103 181
1290 3 498 331 84 170
1291 1 484 457 98 211
1291 2 669 414 104 175
1291 3 495 330 98 171
1292 1 500 458 85 202
1292 2 673 412 104 175
1292 3 495 329 68 158
1293 1 505 458 85 202
1293 2 678 406 104 175
1293 3 499 328 68 158
1294 1 512 456 85 193
1294 2 677 417 104 175
1294 3 510 331 92 167
1295 1 521 451 85 194
1295 2 679 416 104 175
1295 3 510 331 95 166
1296 1 529 452 85 190
1296 2 679 416 102 175
1296 3 511 331 99 169
1297 1 522 454 101 190
1297 2 680 415 99 174
1297 3 517 328 92 169
1298 1 528 455 103 184
1298 2 684 420 97 169
1298 3 515 325 81 169
1299 1 535 457 99 180
1299 2 684 418 96 173
1299 3 523 323 88 173
1300 1 547 462 96 173
1300 2 686 421 91 164
1300 3 528 322 81 169
1301 1 556 459 84 180
1301 2 687 416 97 172
1301 3 529 322 81 169
1302 1 568 462 85 180
1302 2 687 419 94 172
1302 3 539 323 71 169
1303 1 575 458 77 180
1303 2 691 418 97 167
1303 3 538 322 74 169
1304 1 580 458 71 180
1304 2 689 416 94 171
1304 3 539 321 75 177
1305 1 580 455 74 180
1305 2 688 415 100 171
1305 3 540 323 81 169
1306 1 594 450 74 180
1306 2 686 418 101 169
1306 3 546 321 74 175
1307 1 594 443 82 187
1307 2 684 420 104 167
1307 3 547 325 69 177
1308 1 607 442 81 190
1308 2 688 418 104 171
1308 3 552 322 69 178
1309 1 593 439 106 192
1309 2 683 414 112 170
1309 3 553 327 72 169
1310 1 602 442 98 189
1310 2 693 414 104 171
1310 3 554 324 76 172
1311 1 599 441 98 187
1311 2 684 416 110 171
1311 3 555 325 72 169
1312 1 605 439 95 189
1312 2 696 420 104 162
1312 3 556 323 72 169
1313 1 614 436 90 189
1313 2 690 419 104 162
1313 3 558 323 83 179
1314 1 626 436 84 189
1314 2 695 418 103 162
1314 3 560 324 84 178
1315 1 639 433 75 189
1315 2 703 415 98 171
1315 3 570 330 72 169
1316 1 653 433 66 189
1316 2 707 414 93 171
1316 3 570 331 72 169
1317 1 653 431 71 186
1317 2 708 415 93 171
1317 3 570 331 79 174
1318 1 653 430 75 189
1318 2 699 415 98 171
1318 3 577 333 72 169
1319 1 666 429 71 182
1319 2 707 414 92 171
1319 3 575 327 74 177
1320 1 663 429 85 183
1320 2 715 411 85 171
1320 3 580 330 72 174
1321 1 671 433 83 175
1321 2 708 413 92 171
1321 3 581 331 73 175
1322 1 673 429 82 177
1322 2 722 410 77 171
1322 3 582 330 70 176
1323 1 678 434 77 174
1323 2 724 412 86 171
1323 3 583 332 70 173
1324 1 683 439 77 167
1324 2 725 410 86 171
1324 3 585 332 72 169
1325 1 687 440 77 174
1325 2 728 409 86 171
1325 3 586 332 72 169
1326 1 702 437 61 174
1326 2 733 407 86 171
1326 3 587 332 72 169
1327 1 708 440 61 174
1327 2 729 406 86 171
1327 3 586 332 72 169
1328 1 712 437 69 172
1328 2 737 403 88 171
1328 3 588 331 72 169
1329 1 715 438 72 170
1329 2 736 399 88 171
1329 3 592 335 78 169
1330 1 723 437 70 174
1330 2 720 396 117 165
1330 3 592 335 83 171
1331 1 723 433 75 171
1331 2 716 397 132 168
1331 3 595 335 82 169
1332 1 720 426 87 180
1332 2 711 396 142 158
1332 3 597 337 82 174
1333 1 721 424 98 180
1333 2 705 401 154 158
1333 3 600 337 81 173
1334 1 723 426 96 180
1334 2 702 394 165 158
1334 3 600 341 84 173
1335 1 724 425 99 180
1335 2 699 393 177 163
1335 3 600 336 86 181
1336 1 732 426 98 180
1336 2 702 393 181 160
1336 3 599 340 83 175
1337 1 738 422 115 181
1337 2 712 394 178 160
1337 3 603 342 81 172
1338 1 748 420 112 182
1338 2 724 393 165 180
1338 3 602 345 83 173
1339 1 768 416 76 185
1339 2 741 384 148 189
1339 3 601 341 85 178
1340 1 776 414 89 185
1340 2 757 386 125 185
1340 3 604 341 76 177
1341 1 783 408 86 187
1341 2 756 370 129 202
1341 3 603 342 76 177
1342 1 788 411 85 182
1342 2 765 364 112 207
1342 3 609 341 76 177
1343 1 789 418 93 170
1343 2 777 360 93 211
1343 3 608 343 76 177
1344 1 793 409 76 180
1344 2 785 362 90 206
1344 3 609 342 76 177
1345 1 790 412 103 178
1345 2 801 360 76 194
1345 3 607 346 76 177
1346 1 788 411 114 175
1346 2 800 363 75 191
1346 3 611 347 72 178
1347 1 795 414 114 172
1347 2 807 362 71 199
1347 3 613 348 70 173
1348 1 800 412 115 172
1348 2 816 365 63 192
1348 3 613 347 76 177
1349 1 809 409 99 173
1349 2 811 366 70 191
1349 3 612 348 73 177
1350 1 818 411 92 168
1350 2 823 360 68 196
1350 3 619 351 71 177
1351 1 834 409 76 172
1351 2 822 366 64 189
1351 3 619 349 67 185
1352 1 841 410 75 166
1352 2 818 367 102 191
1352 3 614 353 71 186
1353 1 845 409 77 172
1353 2 815 370 111 187
1353 3 613 352 76 193
1354 1 848 407 75 170
1354 2 816 381 110 176
1354 3 612 354 76 193
1355 1 857 402 77 171
1355 2 814 385 83 171
1355 3 615 355 76 193
1356 1 854 400 81 176
1356 2 816 380 88 174
1356 3 613 358 72 193
1357 1 854 398 89 182
1357 2 813 381 102 171
1357 3 614 360 76 193
1358 1 853 400 99 178
1358 2 819 377 81 183
1358 3 615 361 76 193
1359 1 854 393 104 182
1359 2 825 378 75 183
1359 3 614 362 76 193
1360 1 857 394 102 180
1360 2 833 379 71 184
1360 3 614 365 76 193
1361 1 861 391 91 188
1361 2 837 377 76 179
1361 3 613 367 76 189
1362 1 862 394 104 180
1362 2 840 379 71 179
1362 3 616 372 72 184
1363 1 870 389 91 188
1363 2 835 377 76 179
1363 3 613 372 72 184
1364 1 871 389 103 185
1364 2 838 376 76 183
1364 3 622 373 72 184
1365 1 875 390 105 181
1365 2 837 374 82 184
1365 3 615 368 76 193
1366 1 882 390 112 181
1366 2 839 367 75 188
1366 3 619 373 73 182
1367 1 895 391 97 176
1367 2 847 367 76 181
1367 3 623 374 73 182
1368 1 907 387 92 168
1368 2 852 367 72 179
1368 3 623 375 73 182
1369 1 922 384 80 168
1369 2 854 355 80 190
1369 3 623 376 73 182
1370 1 929 387 73 168
1370 2 863 338 78 207
1370 3 624 377 73 182
1371 1 931 388 72 167
1371 2 866 325 76 218
1371 3 625 379 73 182
1372 1 935 382 75 168
1372 2 871 316 71 226
1372 3 626 380 73 182
1373 1 938 376 69 178
1373 2 870 316 69 227
1373 3 629 385 85 177
1374 1 945 369 64 179
1374 2 880 339 57 197
1374 3 629 380 80 181
1375 1 948 366 64 179
1375 2 885 338 57 197
1375 3 633 386 80 181
1376 1 951 363 64 179
1376 2 886 327 60 209
1376 3 635 389 80 181
1377 1 946 348 81 192
1377 2 888 329 62 205
1377 3 636 390 80 181
1378 1 958 340 66 198
1378 2 892 338 62 199
1378 3 638 391 80 181
1379 1 960 322 67 218
1379 2 894 341 61 196
1379 3 643 388 80 181
1380 1 965 316 67 214
1380 2 898 344 66 196
1380 3 645 390 80 181
1381 1 969 324 67 211
1381 2 902 347 63 197
1381 3 640 389 84 190
1382 1 973 325 67 208
1382 2 903 344 65 194
1382 3 642 390 84 190
1383 1 978 330 67 207
1383 2 896 340 78 190
1383 3 644 390 84 190
1384 1 982 332 67 207
1384 2 900 337 78 198
1384 3 644 388 84 190
1385 1 982 340 67 202
1385 2 903 324 78 201
1385 3 647 394 80 181
1386 1 990 353 67 196
1386 2 902 316 85 215
1386 3 651 392 80 189
1387 1 992 362 67 195
1387 2 903 313 78 222
1387 3 659 394 80 181
1388 1 994 376 67 178
1388 2 905 315 78 220
1388 3 662 397 80 181
1389 1 1000 386 62 166
1389 2 906 316 78 214
1389 3 664 397 70 186
1390 1 1003 387 62 171
1390 2 920 331 69 196
1390 3 665 401 70 186
1391 1 1005 387 62 179
1391 2 932 341 60 187
1391 3 663 398 72 197
1392 1 1011 385 62 179
1392 2 929 350 70 179
1392 3 671 404 72 197
1393 1 1011 384 75 179
1393 2 935 354 59 176
1393 3 676 402 72 197
1394 1 1013 386 65 181
1394 2 938 350 67 174
1394 3 679 402 72 197
1395 1 1013 384 78 184
1395 2 933 352 76 175
1395 3 679 406 72 197
1396 1 1017 383 75 183
1396 2 936 349 75 178
1396 3 681 404 72 202
1397 1 1019 381 71 188
1397 2 947 347 72 180
1397 3 681 406 72 203
1398 1 1023 380 73 188
1398 2 947 347 72 182
1398 3 689 407 63 200
1399 1 1023 381 80 188
1399 2 954 348 67 180
1399 3 692 405 64 208
1400 1 1024 383 84 188
1400 2 944 353 79 174
1400 3 690 409 72 201
1401 1 1031 383 78 188
1401 2 960 352 67 174
1401 3 691 409 69 201
1402 1 1030 386 82 188
1402 2 952 356 76 173
1402 3 694 409 73 201
1403 1 1036 384 69 188
1403 2 963 352 67 174
1403 3 701 409 59 201
1404 1 1032 384 73 188
1404 2 960 360 71 166
1404 3 704 408 59 201
1405 1 1036 384 65 188
1405 2 955 355 77 166
1405 3 706 409 59 201
1406 1 1040 385 59 188
1406 2 954 353 80 166
1406 3 709 415 64 191
1407 1 1039 384 65 188
1407 2 956 353 77 174
1407 3 708 413 69 191
1408 1 1038 384 65 188
1408 2 959 349 75 174
1408 3 712 415 64 191
1409 1 1041 384 65 188
1409 2 955 353 75 166
1409 3 714 412 70 191
1410 1 1046 386 65 188
1410 2 953 349 83 174
1410 3 718 415 66 191
1411 1 1044 387 66 188
1411 2 957 347 79 174
1411 3 717 414 75 191
1412 1 1048 384 63 197
1412 2 973 350 67 174
1412 3 720 412 73 191
1413 1 1046 389 63 197
1413 2 954 340 87 183
1413 3 722 412 72 196
1414 1 1047 392 63 197
1414 2 966 348 71 183
1414 3 728 412 65 191
1415 1 1051 398 60 188
1415 2 955 344 84 183
1415 3 729 409 67 191
1416 1 1050 395 60 188
1416 2 954 342 89 183
1416 3 732 413 65 191
1417 1 1055 398 60 188
1417 2 958 351 81 174
1417 3 730 413 69 191
1418 1 1048 398 60 188
1418 2 956 351 83 174
1418 3 734 412 67 191
1419 1 1051 396 60 188
1419 2 954 347 87 174
1419 3 738 414 67 191
1420 1 1048 394 60 188
1420 2 962 346 81 176
1420 3 743 413 56 191
1421 1 1050 394 61 188
1421 2 967 346 76 173
1421 3 741 419 64 191
1422 1 1053 387 63 197
1422 2 981 347 64 174
1422 3 745 413 65 202
1423 1 1048 392 63 197
1423 2 980 345 64 171
1423 3 747 412 65 202
1424 1 1050 391 63 197
1424 2 979 342 61 179
1424 3 750 415 65 202
1425 1 1049 388 63 197
1425 2 980 344 64 180
1425 3 756 415 65 202
1426 1 1049 390 63 197
1426 2 981 340 64 182
1426 3 754 418 65 197
1427 1 1048 396 63 197
1427 2 980 340 64 177
1427 3 755 418 65 197
1428 1 1049 389 63 197
1428 2 977 344 64 177
1428 3 756 421 62 192
1429 1 1046 390 63 197
1429 2 974 346 64 177
1429 3 761 421 62 192
1430 1 1038 392 76 201
1430 2 966 344 74 177
1430 3 763 421 62 192
1431 1 1035 387 76 207
1431 2 965 342 72 177
1431 3 769 416 62 192
1432 1 1036 389 76 202
1432 2 957 343 79 177
1432 3 768 418 75 193
1433 1 1034 393 76 198
1433 2 962 340 78 184
1433 3 778 417 62 192
1434 1 1034 394 76 188
1434 2 958 342 78 177
1434 3 777 422 62 192
1435 1 1032 395 80 189
1435 2 953 339 85 177
1435 3 777 421 62 192
1436 1 1031 400 80 187
1436 2 948 344 95 169
1436 3 778 420 62 192
1437 1 1026 397 80 189
1437 2 945 337 100 177
1437 3 784 414 72 203
1438 1 1021 394 88 190
1438 2 939 336 100 172
1438 3 783 416 74 202
1439 1 1021 398 89 186
1439 2 932 335 101 173
1439 3 787 418 78 197
1440 1 1010 396 94 185
1440 2 931 333 97 163
1440 3 789 424 74 192
1441 1 1005 400 95 176
1441 2 928 337 94 162
1441 3 790 418 74 197
1442 1 1007 396 87 180
1442 2 929 336 81 163
1442 3 790 413 73 200
1443 1 1000 397 80 180
1443 2 925 336 81 163
1443 3 790 413 73 200
1444 1 996 394 87 180
1444 2 922 335 81 163
1444 3 794 416 73 200
1445 1 989 393 87 180
1445 2 919 337 81 163
1445 3 798 415 73 200
1446 1 975 389 87 180
1446 2 918 325 77 174
1446 3 797 414 73 200
1447 1 975 388 86 180
1447 2 917 322 69 175
1447 3 810 413 70 190
1448 1 974 384 87 192
1448 2 910 321 74 177
1448 3 813 415 70 190
1449 1 969 384 85 192
1449 2 911 319 75 176
1449 3 814 414 76 190
1450 1 966 386 89 190
1450 2 906 319 73 170
1450 3 819 413 70 190
1451 1 973 387 80 181
1451 2 903 315 81 163
1451 3 817 418 70 190
1452 1 962 387 87 181
1452 2 898 319 81 163
1452 3 821 413 70 190
1453 1 963 389 80 181
1453 2 900 315 69 170
1453 3 825 414 77 192
1454 1 959 385 80 181
1454 2 898 312 69 173
1454 3 836 416 77 190
1455 1 959 385 76 172
1455 2 890 312 69 164
1455 3 825 417 102 190
1456 1 954 383 69 180
1456 2 881 314 64 165
1456 3 827 419 110 192
1457 1 947 379 68 182
1457 2 884 314 61 160
1457 3 840 417 96 196
1458 1 945 380 76 176
1458 2 884 307 54 170
1458 3 842 421 95 190
1459 1 935 380 76 172
1459 2 873 307 74 163
1459 3 845 421 88 189
1460 1 932 377 81 178
1460 2 873 308 69 164
1460 3 841 427 100 177
1461 1 928 373 83 179
1461 2 871 294 71 171
1461 3 843 419 95 186
1462 1 922 376 86 174
1462 2 865 304 74 157
1462 3 849 422 88 189
1463 1 923 376 76 172
1463 2 856 298 62 153
1463 3 853 421 88 189
1464 1 919 379 76 172
1464 2 855 300 62 153
1464 3 855 419 88 189
1465 1 913 381 83 173
1465 2 851 294 62 158
1465 3 859 421 82 188
1466 1 911 385 82 166
1466 2 849 297 62 156
1466 3 868 416 73 183
1467 1 895 382 88 165
1467 2 845 297 62 154
1467 3 879 417 63 183
1468 1 895 384 75 171
1468 2 839 294 64 155
1468 3 890 412 63 194
1469 1 889 384 77 170
1469 2 828 291 65 158
1469 3 890 420 71 183
1470 1 885 380 72 171
1470 2 829 287 65 162
1470 3 898 411 63 194
1471 1 884 377 70 171
1471 2 821 286 65 165
1471 3 897 411 63 194
1472 1 867 376 68 164
1472 2 819 284 71 165
1472 3 910 411 63 193
1473 1 866 374 70 171
1473 2 814 284 71 165
1473 3 906 414 68 190
1474 1 865 372 73 175
1474 2 811 283 71 165
1474 3 907 416 73 185
1475 1 868 370 74 175
1475 2 809 283 71 165
1475 3 906 411 80 193
1476 1 855 377 72 175
1476 2 802 282 71 165
1476 3 910 408 79 200
1477 1 848 377 74 175
1477 2 796 285 71 151
1477 3 911 408 79 200
1478 1 839 381 80 175
1478 2 793 282 71 151
1478 3 911 408 79 200
1479 1 836 380 86 171
1479 2 782 283 71 151
1479 3 910 405 85 200
1480 1 833 380 78 169
1480 2 775 282 71 151
1480 3 914 403 83 200
1481 1 833 379 74 175
1481 2 772 280 71 151
1481 3 918 405 79 200
1482 1 828 375 74 175
1482 2 765 279 76 151
1482 3 920 399 79 200
1483 1 825 375 78 184
1483 2 760 279 76 151
1483 3 922 398 79 200
1484 1 821 373 78 184
1484 2 758 277 76 151
1484 3 932 394 72 200
1485 1 816 373 74 184
1485 2 753 278 76 151
1485 3 938 395 71 194
1486 1 812 372 78 184
1486 2 736 276 93 151
1486 3 946 390 62 200
1487 1 807 372 82 181
1487 2 724 279 99 151
1487 3 955 390 62 200
1488 1 801 373 82 185
1488 2 723 277 97 151
1488 3 958 388 62 197
1489 1 803 376 82 179
1489 2 720 278 94 152
1489 3 959 384 62 200
1490 1 795 376 82 181
1490 2 725 276 80 154
1490 3 966 386 62 200
1491 1 797 375 77 182
1491 2 716 278 80 151
1491 3 969 386 62 200
1492 1 786 376 81 180
1492 2 714 275 76 151
1492 3 969 383 78 200
1493 1 786 372 75 180
1493 2 708 277 76 151
1493 3 968 384 82 195
1494 1 783 377 74 180
1494 2 707 275 76 151
1494 3 971 384 82 200
1495 1 776 374 74 180
1495 2 701 270 76 151
1495 3 974 382 90 200
1496 1 780 369 63 182
1496 2 688 275 90 151
1496 3 973 381 82 200
1497 1 779 370 63 182
1497 2 680 273 97 151
1497 3 975 382 82 195
1498 1 772 369 63 182
1498 2 670 273 94 154
1498 3 976 383 86 190
1499 1 757 367 72 182
1499 2 664 276 94 152
1499 3 974 382 88 190
1500 1 751 369 79 182
1500 2 662 273 85 148
1500 3 973 382 94 190
1501 1 744 367 91 191
1501 2 653 275 81 145
1501 3 982 379 80 190
1502 1 744 367 87 188
1502 2 650 274 79 153
1502 3 983 379 79 190
1503 1 747 366 82 182
1503 2 642 272 79 153
1503 3 990 375 84 190
1504 1 744 367 75 181
1504 2 644 270 79 153
1504 3 1002 375 69 190
1505 1 744 365 74 181
1505 2 637 275 82 153
1505 3 998 372 77 190
1506 1 740 358 74 181
1506 2 630 273 82 153
1506 3 1000 369 77 190
1507 1 739 359 74 181
1507 2 633 272 82 153
1507 3 1015 371 66 190
1508 1 736 358 74 181
1508 2 625 277 82 153
1508 3 1006 369 77 190
1509 1 734 358 74 181
1509 2 616 278 82 153
1509 3 1020 364 65 190
1510 1 730 359 74 181
1510 2 609 278 82 153
1510 3 1025 368 77 190
1511 1 726 358 74 181
1511 2 603 280 82 153
1511 3 1013 369 77 190
1512 1 723 357 74 181
1512 2 588 283 82 153
1512 3 1022 369 77 190
1513 1 717 356 74 181
1513 2 589 280 78 153
1513 3 1025 366 77 190
1514 1 712 356 92 181
1514 2 579 282 82 153
1514 3 1021 366 77 190
1515 1 708 357 74 181
1515 2 583 278 82 153
1515 3 1034 365 70 190
1516 1 705 357 94 181
1516 2 577 281 82 153
1516 3 1029 363 77 190
1517 1 702 358 97 181
1517 2 573 278 82 153
1517 3 1036 360 69 190
1518 1 699 357 91 181
1518 2 567 277 86 161
1518 3 1037 357 71 198
1519 1 692 358 91 175
1519 2 565 280 82 153
1519 3 1037 357 72 190
1520 1 689 359 85 175
1520 2 554 284 82 153
1520 3 1041 357 62 190
1521 1 683 358 84 173
1521 2 546 285 82 153
1521 3 1040 355 75 186
1522 1 682 357 74 181
1522 2 550 286 82 153
1522 3 1040 350 77 190
1523 1 673 354 74 181
1523 2 529 290 80 148
1523 3 1044 353 73 181
1524 1 670 353 74 181
1524 2 522 288 80 160
1524 3 1047 354 73 181
1525 1 664 349 81 181
1525 2 514 289 80 160
1525 3 1050 351 67 181
1526 1 658 351 85 181
1526 2 515 292 85 160
1526 3 1052 347 73 181
1527 1 656 353 93 181
1527 2 512 292 80 160
1527 3 1051 346 73 181
1528 1 647 345 97 187
1528 2 489 289 103 168
1528 3 1055 347 73 181
1529 1 644 344 92 190
1529 2 491 294 92 168
1529 3 1057 347 78 181
1530 1 638 344 95 186
1530 2 487 298 87 160
1530 3 1064 343 73 181
1531 1 637 340 88 190
1531 2 475 299 99 160
1531 3 1066 345 73 181
1532 1 631 348 96 179
1532 2 482 300 84 160
1532 3 1069 344 68 181
1533 1 626 341 88 179
1533 2 474 299 84 160
1533 3 1066 344 77 182
1534 1 626 338 74 181
1534 2 470 300 84 160
1534 3 1066 349 70 177
1535 1 624 338 74 181
1535 2 473 302 84 160
1535 3 1070 344 75 177
1536 1 615 339 82 174
1536 2 464 302 84 160
1536 3 1071 346 70 172
1537 1 612 337 83 180
1537 2 455 310 84 160
1537 3 1071 341 79 179
1538 1 606 337 90 177
1538 2 454 317 84 160
1538 3 1083 342 70 172
1539 1 598 339 100 176
1539 2 447 315 84 160
1539 3 1085 336 70 177
1540 1 598 341 93 171
1540 2 447 320 84 160
1540 3 1086 339 70 172
1541 1 589 340 93 171
1541 2 442 321 84 160
1541 3 1086 335 70 172
1542 1 584 340 104 171
1542 2 439 324 96 160
1542 3 1090 334 70 172
1543 1 579 340 104 171
1543 2 436 325 94 160
1543 3 1091 335 70 172
1544 1 577 344 96 163
1544 2 437 329 84 160
1544 3 1092 333 70 172
1545 1 574 347 87 163
1545 2 434 324 84 160
1545 3 1094 331 70 172
1546 1 568 341 87 163
1546 2 432 328 84 160
1546 3 1096 330 70 172
1547 1 565 343 76 163
1547 2 431 331 84 160
1547 3 1097 330 70 172
1548 1 561 343 73 163
1548 2 433 334 84 160
1548 3 1098 330 70 172
1549 1 557 340 76 163
1549 2 436 336 84 160
1549 3 1098 326 73 181
1550 1 552 339 82 170
1550 2 438 337 84 160
1550 3 1098 325 73 181
1551 1 546 335 88 174
1551 2 444 343 91 155
1551 3 1098 326 73 181
1552 1 544 337 91 171
1552 2 443 347 93 151
1552 3 1099 326 73 181
1553 1 544 338 87 172
1553 2 441 354 95 145
1553 3 1104 323 70 172
1554 1 540 342 87 167
1554 2 444 353 91 149
1554 3 1104 321 70 185
1555 1 536 346 89 163
1555 2 444 349 91 149
1555 3 1105 322 70 185
1556 1 519 346 103 167
1556 2 447 349 91 149
1556 3 1105 317 70 185
1557 1 513 352 103 148
1557 2 448 348 91 149
1557 3 1107 316 70 185
1558 1 520 355 92 148
1558 2 450 347 91 149
1558 3 1108 316 70 185
1559 1 527 352 91 154
1559 2 440 347 105 149
1559 3 1108 315 70 185
1560 1 518 352 97 156
1560 2 440 343 114 149
1560 3 1109 315 70 185
1561 1 515 351 98 155
1561 2 461 344 97 147
1561 3 1108 313 70 175
1562 1 513 350 96 159
1562 2 467 337 76 157
1562 3 1108 310 74 194
1563 1 518 347 92 160
1563 2 479 331 67 166
1563 3 1108 310 74 173
1564 1 521 346 92 161
1564 2 481 331 67 168
1564 3 1109 310 70 173
1565 1 515 340 98 168
1565 2 492 328 62 166
1565 3 1110 312 70 173
1566 1 518 341 95 163
1566 2 499 323 55 176
1566 3 1111 306 70 173
1567 1 520 340 94 165
1567 2 495 323 60 177
1567 3 1112 308 70 173
1568 1 523 336 90 173
1568 2 497 323 63 180
1568 3 1111 308 70 173
1569 1 526 336 86 172
1569 2 507 324 57 179
1569 3 1112 307 70 173
1570 1 528 336 84 167
1570 2 509 319 63 178
1570 3 1111 307 70 173
1571 1 531 338 78 162
1571 2 509 323 66 174
1571 3 1112 307 70 173
1572 1 533 338 82 166
1572 2 505 330 106 160
1572 3 1112 307 70 173
1573 1 535 337 80 169
1573 2 503 325 114 163
1573 3 1113 305 70 173
1574 1 531 333 84 173
1574 2 513 325 89 157
1574 3 1113 305 70 173
1575 1 536 337 78 169
1575 2 524 327 84 153
1575 3 1113 304 70 173
1576 1 538 339 75 168
1576 2 537 327 108 153
1576 3 1112 302 70 173
1577 1 531 348 84 160
1577 2 536 323 121 149
1577 3 1113 302 70 173
1578 1 535 347 79 159
1578 2 541 329 134 152
1578 3 1112 299 70 173
1579 1 534 352 77 158
1579 2 535 325 146 145
1579 3 1109 295 74 182
1580 1 535 355 77 154
1580 2 537 326 145 146
1580 3 1108 292 72 163
1581 1 537 351 78 156
1581 2 583 326 98 134
1581 3 1109 293 72 163
1582 1 541 348 85 162
1582 2 583 328 93 133
1582 3 1109 292 72 163
1583 1 550 352 86 155
1583 2 593 332 87 128
1583 3 1107 291 72 163
1584 1 544 353 97 157
1584 2 618 331 77 131
1584 3 1106 293 72 163
1585 1 545 346 107 163
1585 2 627 327 83 129
1585 3 1107 294 72 163
1586 1 546 348 109 162
1586 2 636 330 65 126
1586 3 1103 291 70 163
1587 1 547 344 120 164
1587 2 646 327 86 132
1587 3 1105 294 72 163
1588 1 544 343 128 166
1588 2 649 328 89 134
1588 3 1102 290 67 167
1589 1 545 335 134 173
1589 2 654 326 87 134
1589 3 1103 290 63 167
1590 1 557 332 131 159
1590 2 661 323 79 134
1590 3 1102 286 63 168
1591 1 566 333 127 169
1591 2 671 322 84 145
1591 3 1102 288 63 167
1592 1 579 331 124 169
1592 2 682 320 79 145
1592 3 1106 285 68 166
1593 1 592 330 121 169
1593 2 698 321 72 144
1593 3 1107 284 61 166
1594 1 605 320 115 169
1594 2 710 322 55 149
1594 3 1104 288 61 166
1595 1 611 315 113 178
1595 2 698 317 81 151
1595 3 1101 286 68 166
1596 1 619 317 123 169
1596 2 732 315 65 153
1596 3 1106 287 68 166
1597 1 630 312 121 178
1597 2 732 314 83 154
1597 3 1107 286 68 166
1598 1 638 316 116 166
1598 2 733 310 94 163
1598 3 1104 286 65 166
1599 1 643 316 118 169
1599 2 750 313 78 156
1599 3 1109 288 68 165
1600 1 653 319 120 169
1600 2 753 310 78 156
1600 3 1105 288 63 165
1601 1 662 320 111 169
1601 2 765 311 73 156
1601 3 1109 287 68 165
1602 1 669 322 106 169
1602 2 766 315 78 156
1602 3 1110 287 68 165
1603 1 680 329 97 166
1603 2 773 305 78 165
1603 3 1111 286 62 165
1604 1 678 332 113 155
1604 2 775 299 82 173
1604 3 1116 284 59 168
1605 1 681 336 113 155
1605 2 787 290 77 172
1605 3 1123 285 47 172
1606 1 685 337 122 155
1606 2 789 288 82 175
1606 3 1126 285 49 170
1607 1 688 336 113 155
1607 2 797 271 86 188
1607 3 1125 286 49 170
1608 1 690 332 119 163
1608 2 807 256 70 201
1608 3 1134 280 47 174
1609 1 694 333 113 155
1609 2 807 247 78 208
1609 3 1129 283 47 177
1610 1 700 324 113 167
1610 2 813 241 77 218
1610 3 1134 286 47 177
1611 1 727 320 90 173
1611 2 820 239 77 224
1611 3 1136 286 47 177
1612 1 738 318 90 173
1612 2 829 245 76 218
1612 3 1139 288 47 177
1613 1 741 311 90 173
1613 2 838 254 80 209
1613 3 1140 287 47 177
1614 1 746 308 75 181
1614 2 846 263 81 205
1614 3 1141 289 47 177
1615 1 746 310 77 181
1615 2 854 270 79 200
1615 3 1145 293 45 169
1616 1 753 311 77 181
1616 2 863 277 76 200
1616 3 1146 295 45 169
1617 1 762 311 77 181
1617 2 868 296 79 183
1617 3 1147 295 45 169
1618 1 768 313 77 181
1618 2 864 301 90 183
1618 3 1149 291 45 169
1619 1 776 311 81 187
1619 2 875 316 73 166
1619 3 1150 291 45 169
1620 1 779 316 90 187
1620 2 884 320 70 163
1620 3 1142 291 54 169
1621 1 789 325 93 176
1621 2 899 315 63 168
1621 3 1152 295 43 161
1622 1 798 330 90 176
1622 2 902 315 75 168
1622 3 1138 294 59 168
1623 1 798 333 92 177
1623 2 908 315 77 168
1623 3 1140 293 58 170
1624 1 803 337 93 173
1624 2 906 311 66 172
1624 3 1136 296 61 167
1625 1 802 337 93 171
1625 2 914 311 69 170
1625 3 1142 298 55 164
1626 1 805 339 87 168
1626 2 912 313 80 169
1626 3 1145 298 57 168
1627 1 809 338 82 169
1627 2 918 314 80 167
1627 3 1141 298 56 170
1628 1 814 335 78 169
1628 2 923 316 77 167
1628 3 1146 302 56 170
1629 1 816 334 79 175
1629 2 932 317 70 164
1629 3 1147 303 56 170
1630 1 817 333 75 175
1630 2 943 327 60 155
1630 3 1147 304 56 170
1631 1 810 328 81 175
1631 2 945 326 67 155
1631 3 1146 305 56 170
1632 1 816 330 81 175
1632 2 951 330 67 155
1632 3 1147 305 56 170
1633 1 818 330 81 175
1633 2 954 338 67 145
1633 3 1147 306 56 170
1634 1 818 330 81 175
1634 2 958 342 67 147
1634 3 1147 307 56 170
1635 1 819 330 81 175
1635 2 958 340 69 147
1635 3 1144 310 56 170
1636 1 817 330 81 175
1636 2 969 348 67 139
1636 3 1140 312 56 170
1637 1 817 330 81 175
1637 2 975 347 67 139
1637 3 1143 312 56 170
1638 1 819 330 81 175
1638 2 969 350 83 136
1638 3 1145 307 56 170
1639 1 819 327 81 177
1639 2 971 350 83 136
1639 3 1148 313 56 170
1640 1 820 327 81 175
1640 2 976 348 83 136
1640 3 1145 309 56 170
1641 1 824 328 81 175
1641 2 981 350 83 136
1641 3 1146 310 56 170
1642 1 825 325 81 175
1642 2 986 349 83 136
1642 3 1144 309 56 170
1643 1 827 326 77 175
1643 2 989 346 83 136
1643 3 1144 314 56 170
1644 1 828 320 77 175
1644 2 1004 345 71 145
1644 3 1141 323 53 162
1645 1 826 321 77 189
1645 2 1007 343 71 145
1645 3 1146 320 53 170
1646 1 825 319 77 183
1646 2 1013 339 69 149
1646 3 1148 317 51 182
1647 1 825 323 77 179
1647 2 1016 333 71 155
1647 3 1149 318 48 183
1648 1 824 320 77 180
1648 2 1019 336 64 149
1648 3 1148 319 48 181
1649 1 823 321 73 183
1649 2 1023 333 67 156
1649 3 1149 323 48 183
1650 1 821 320 69 181
1650 2 1024 333 67 156
1650 3 1149 321 48 186
1651 1 816 317 77 182
1651 2 1029 330 67 156
1651 3 1150 327 53 182
1652 1 817 313 77 182
1652 2 1033 328 67 160
1652 3 1148 328 53 182
1653 1 814 316 77 182
1653 2 1036 328 71 164
1653 3 1150 328 53 182
1654 1 818 310 77 182
1654 2 1040 328 71 164
1654 3 1150 328 53 182
1655 1 816 312 77 182
1655 2 1043 325 71 164
1655 3 1149 330 53 182
1656 1 814 309 77 182
1656 2 1047 326 67 156
1656 3 1148 326 56 191
1657 1 813 306 77 182
1657 2 1049 331 67 156
1657 3 1149 326 56 191
1658 1 816 307 77 182
1658 2 1053 327 71 163
1658 3 1148 328 56 191
1659 1 815 305 77 182
1659 2 1053 330 77 167
1659 3 1149 330 56 191
1660 1 814 311 77 182
1660 2 1056 333 64 162
1660 3 1148 329 56 191
1661 1 816 307 77 182
1661 2 1059 329 74 173
1661 3 1150 336 53 182
1662 1 814 311 69 182
1662 2 1062 326 71 174
1662 3 1150 336 53 182
1663 1 814 310 77 182
1663 2 1064 328 63 175
1663 3 1150 338 53 187
1664 1 809 308 75 177
1664 2 1067 330 72 173
1664 3 1151 341 53 179
1665 1 809 305 77 177
1665 2 1064 330 77 163
1665 3 1148 339 56 196
1666 1 810 308 73 170
1666 2 1066 329 73 170
1666 3 1145 344 57 187
1667 1 809 309 68 166
1667 2 1066 328 78 171
1667 3 1150 347 53 187
1668 1 808 309 73 166
1668 2 1065 328 77 171
1668 3 1143 344 58 187
1669 1 807 307 72 168
1669 2 1071 326 69 171
1669 3 1147 351 53 187
1670 1 803 303 74 171
1670 2 1072 327 70 171
1670 3 1137 357 61 178
1671 1 802 301 74 171
1671 2 1078 327 64 171
1671 3 1133 356 60 180
1672 1 802 297 74 171
1672 2 1080 327 64 171
1672 3 1145 362 50 178
1673 1 799 294 74 171
1673 2 1081 328 64 171
1673 3 1135 359 59 182
1674 1 795 293 74 171
1674 2 1082 325 67 180
1674 3 1136 354 57 189
1675 1 795 290 83 172
1675 2 1083 332 67 174
1675 3 1136 362 50 178
1676 1 793 286 74 171
1676 2 1085 327 67 180
1676 3 1137 368 50 178
1677 1 785 289 80 168
1677 2 1087 330 64 171
1677 3 1134 363 50 178
1678 1 780 288 81 171
1678 2 1086 330 64 171
1678 3 1134 361 50 178
1679 1 777 290 84 159
1679 2 1086 329 64 171
1679 3 1135 360 53 180
1680 1 769 290 91 159
1680 2 1087 330 64 171
1680 3 1130 365 53 180
1681 1 769 286 88 162
1681 2 1083 331 64 171
1681 3 1126 354 56 189
1682 1 760 289 88 162
1682 2 1089 331 64 171
1682 3 1131 365 45 176
1683 1 759 283 88 162
1683 2 1080 333 64 171
1683 3 1131 373 45 176
1684 1 753 285 88 162
1684 2 1078 333 75 161
1684 3 1129 375 45 176
1685 1 749 284 88 162
1685 2 1080 333 75 161
1685 3 1127 377 45 176
1686 1 747 276 88 162
1686 2 1079 333 71 153
1686 3 1126 377 45 176
1687 1 743 273 88 162
1687 2 1073 335 71 153
1687 3 1124 380 45 176
1688 1 741 277 83 156
1688 2 1076 333 71 153
1688 3 1123 380 45 176
1689 1 737 276 83 156
1689 2 1075 330 61 153
1689 3 1117 376 45 182
1690 1 729 276 76 155
1690 2 1063 332 71 153
1690 3 1118 385 45 176
1691 1 728 277 76 155
1691 2 1065 330 71 153
1691 3 1116 387 45 176
1692 1 719 272 76 155
1692 2 1060 332 65 153
1692 3 1112 379 45 190
1693 1 710 273 76 155
1693 2 1066 331 65 153
1693 3 1110 380 45 188
1694 1 704 270 76 155
1694 2 1070 329 65 153
1694 3 1106 378 53 193
1695 1 697 268 81 155
1695 2 1061 325 76 163
1695 3 1109 381 45 189
1696 1 693 267 87 149
1696 2 1065 327 68 161
1696 3 1103 380 49 192
1697 1 685 269 99 152
1697 2 1060 327 70 162
1697 3 1100 381 54 194
1698 1 683 265 94 152
1698 2 1062 327 59 162
1698 3 1100 380 53 192
1699 1 684 271 93 146
1699 2 1063 325 56 162
1699 3 1088 381 55 190
1700 1 679 269 87 155
1700 2 1064 329 59 153
1700 3 1092 387 52 186
1701 1 669 270 87 155
1701 2 1062 324 58 153
1701 3 1094 385 49 190
1702 1 669 271 87 155
1702 2 1054 326 58 153
1702 3 1087 391 47 185
1703 1 666 271 80 143
1703 2 1055 325 61 161
1703 3 1075 386 62 185
1704 1 650 272 83 139
1704 2 1048 324 61 161
1704 3 1069 387 65 191
1705 1 651 268 82 145
1705 2 1048 328 61 169
1705 3 1054 398 82 183
1706 1 639 268 76 155
1706 2 1048 330 53 158
1706 3 1055 392 74 187
1707 1 640 266 79 156
1707 2 1042 325 59 170
1707 3 1057 395 74 187
1708 1 637 268 88 147
1708 2 1042 328 59 170
1708 3 1053 391 74 187
1709 1 626 266 88 147
1709 2 1029 327 70 170
1709 3 1040 397 85 187
1710 1 623 270 96 147
1710 2 1022 324 75 169
1710 3 1048 401 74 187
1711 1 619 268 88 147
1711 2 1011 323 85 177
1711 3 1038 396 92 187
1712 1 617 274 86 142
1712 2 1008 327 87 171
1712 3 1034 395 94 188
1713 1 607 277 87 140
1713 2 1009 328 80 170
1713 3 1035 398 93 182
1714 1 607 279 78 137
1714 2 1008 329 80 170
1714 3 1029 399 94 183
1715 1 599 280 78 137
1715 2 1013 329 69 170
1715 3 1027 399 89 181
1716 1 596 281 67 136
1716 2 1010 331 69 170
1716 3 1027 400 82 178
1717 1 587 280 74 142
1717 2 1005 332 66 162
1717 3 1018 399 82 178
1718 1 583 277 67 142
1718 2 1003 329 66 162
1718 3 1019 398 75 178
1719 1 579 280 67 142
1719 2 1000 332 69 170
1719 3 1026 401 59 178
1720 1 577 283 67 142
1720 2 999 328 53 170
1720 3 1015 403 56 178
1721 1 573 288 64 135
1721 2 1000 331 53 170
1721 3 1016 406 56 178
1722 1 562 281 76 143
1722 2 998 333 53 170
1722 3 1013 408 56 178
1723 1 562 289 64 135
1723 2 994 330 52 171
1723 3 1015 396 50 189
1724 1 557 291 64 135
1724 2 984 332 58 171
1724 3 1000 402 68 195
1725 1 551 289 60 140
1725 2 978 332 58 162
1725 3 990 407 71 190
1726 1 552 293 53 133
1726 2 977 334 50 162
1726 3 981 402 75 190
1727 1 546 295 64 135
1727 2 969 334 64 163
1727 3 984 406 76 182
1728 1 542 291 62 138
1728 2 959 334 64 163
1728 3 980 404 81 190
1729 1 534 292 64 141
1729 2 959 331 64 163
1729 3 981 402 81 190
1730 1 531 298 65 142
1730 2 950 332 77 160
1730 3 979 411 82 185
1731 1 525 297 62 148
1731 2 951 334 78 162
1731 3 980 418 73 185
1732 1 527 301 62 148
1732 2 952 338 78 162
1732 3 975 411 73 185
1733 1 525 306 62 148
1733 2 945 333 78 162
1733 3 977 417 73 185
1734 1 518 311 62 148
1734 2 939 331 82 170
1734 3 970 403 73 185
1735 1 514 313 62 148
1735 2 941 334 82 170
1735 3 971 408 66 185
1736 1 512 311 62 148
1736 2 933 330 82 170
1736 3 968 416 59 185
1737 1 513 313 59 141
1737 2 929 326 82 170
1737 3 965 418 59 185
1738 1 515 316 59 141
1738 2 933 339 52 170
1738 3 959 410 49 193
1739 1 515 314 59 141
1739 2 930 329 52 170
1739 3 963 431 45 176
1740 1 517 317 56 146
1740 2 928 335 52 170
1740 3 949 404 56 198
1741 1 511 312 58 153
1741 2 919 334 52 170
1741 3 932 406 69 190
1742 1 514 314 58 159
1742 2 917 332 52 170
1742 3 924 410 77 183
1743 1 514 316 58 153
1743 2 916 333 52 170
1743 3 914 413 87 184
1744 1 514 320 58 161
1744 2 912 333 55 178
1744 3 909 409 93 191
1745 1 515 324 58 161
1745 2 909 334 55 178
1745 3 911 412 87 196
1746 1 514 322 73 159
1746 2 904 334 61 178
1746 3 904 413 92 186
1747 1 519 322 71 159
1747 2 882 341 75 168
1747 3 905 416 95 186
1748 1 514 324 63 159
1748 2 880 330 69 176
1748 3 911 410 84 187
1749 1 517 327 63 159
1749 2 894 341 55 178
1749 3 908 412 91 188
1750 1 519 331 76 154
1750 2 876 344 70 175
1750 3 901 416 91 182
1751 1 522 328 77 161
1751 2 876 342 65 166
1751 3 898 413 91 188
1752 1 523 329 85 162
1752 2 874 339 64 178
1752 3 898 412 88 188
1753 1 525 329 83 172
1753 2 873 340 62 178
1753 3 893 410 82 184
1754 1 527 328 81 176
1754 2 872 338 60 178
1754 3 883 410 82 180
1755 1 524 331 80 176
1755 2 872 339 51 174
1755 3 888 409 72 181
1756 1 525 331 83 176
1756 2 867 340 54 178
1756 3 890 408 55 181
1757 1 526 335 71 176
1757 2 864 340 53 178
1757 3 884 409 56 191
1758 1 527 345 75 168
1758 2 861 335 49 178
1758 3 882 407 56 191
1759 1 533 345 66 168
1759 2 852 333 59 178
1759 3 880 409 56 191
1760 1 539 349 57 168
1760 2 847 329 58 187
1760 3 874 412 56 191
1761 1 545 349 57 158
1761 2 846 339 64 175
1761 3 868 406 66 200
1762 1 548 350 57 164
1762 2 832 336 78 172
1762 3 854 406 80 200
1763 1 550 353 67 156
1763 2 820 339 73 158
1763 3 847 407 84 191
1764 1 553 352 59 168
1764 2 811 340 80 158
1764 3 857 413 66 191
1765 1 556 355 59 168
1765 2 810 346 84 159
1765 3 844 413 87 197
1766 1 560 357 59 168
1766 2 811 346 81 158
1766 3 842 419 87 187
1767 1 561 356 59 168
1767 2 811 347 76 158
1767 3 843 409 87 197
1768 1 555 353 68 177
1768 2 808 347 77 158
1768 3 840 409 87 197
1769 1 559 350 69 186
1769 2 807 347 74 158
1769 3 836 409 87 197
1770 1 563 358 67 175
1770 2 809 342 68 158
1770 3 835 410 87 197
1771 1 565 359 69 175
1771 2 808 343 61 158
1771 3 833 410 87 197
1772 1 577 364 59 168
1772 2 806 341 61 158
1772 3 830 412 87 197
1773 1 583 362 59 168
1773 2 810 344 61 158
1773 3 835 421 66 190
1774 1 587 360 62 176
1774 2 795 337 73 163
1774 3 826 417 67 190
1775 1 590 361 65 185
1775 2 790 336 76 164
1775 3 825 415 56 190
1776 1 594 363 61 183
1776 2 785 339 79 158
1776 3 821 416 56 190
1777 1 598 364 62 187
1777 2 781 341 83 158
1777 3 814 417 56 190
1778 1 604 366 69 186
1778 2 785 338 70 158
1778 3 816 418 56 190
1779 1 612 377 74 176
1779 2 776 341 81 153
1779 3 800 419 69 184
1780 1 614 382 62 176
1780 2 776 340 84 158
1780 3 788 432 82 178
1781 1 617 386 62 176
1781 2 778 343 81 158
1781 3 781 425 82 189
1782 1 623 387 62 166
1782 2 781 338 88 176
1782 3 771 422 95 198
1783 1 628 393 59 162
1783 2 781 343 94 175
1783 3 771 423 96 191
1784 1 633 394 59 158
1784 2 780 340 91 173
1784 3 775 428 90 192
1785 1 634 392 59 168
1785 2 789 339 88 173
1785 3 770 425 90 192
1786 1 627 393 70 160
1786 2 787 342 87 176
1786 3 771 427 90 192
1787 1 624 396 76 158
1787 2 786 336 89 182
1787 3 768 426 90 192
1788 1 619 399 83 154
1788 2 789 336 92 182
1788 3 765 426 90 192
1789 1 618 398 86 161
1789 2 797 340 80 182
1789 3 761 426 90 192
1790 1 625 397 83 162
1790 2 798 340 80 182
1790 3 758 430 89 193
1791 1 626 399 85 168
1791 2 803 347 76 173
1791 3 754 426 85 197
1792 1 628 402 86 168
1792 2 804 346 76 173
1792 3 753 427 88 194
1793 1 633 408 80 157
1793 2 805 343 76 173
1793 3 750 428 74 191
1794 1 644 402 82 161
1794 2 806 349 76 173
1794 3 751 441 74 191
1795 1 659 410 67 155
1795 2 808 354 76 164
1795 3 735 432 67 191
1796 1 662 409 67 155
1796 2 810 353 76 164
1796 3 738 430 65 205
1797 1 669 410 67 155
1797 2 812 355 76 164
1797 3 731 431 65 205
1798 1 674 410 67 155
1798 2 812 355 76 164
1798 3 730 434 65 205
1799 1 675 410 67 155
1799 2 813 354 76 164
1799 3 727 435 65 205
1800 1 678 410 67 155
1800 2 814 356 76 164
1800 3 724 442 65 205
1801 1 680 415 67 155
1801 2 817 355 76 164
1801 3 721 440 65 205
1802 1 680 405 67 161
1802 2 817 355 76 164
1802 3 717 440 83 207
1803 1 684 404 73 164
1803 2 818 356 76 164
1803 3 718 446 83 207
1804 1 689 409 73 164
1804 2 819 358 76 164
1804 3 706 443 83 207
1805 1 691 408 76 169
1805 2 820 357 76 164
1805 3 700 443 83 207
1806 1 694 414 73 164
1806 2 821 359 76 164
1806 3 694 445 83 207
1807 1 697 409 77 172
1807 2 820 359 76 164
1807 3 696 448 83 207
1808 1 700 401 82 170
1808 2 822 361 76 174
1808 3 695 447 83 207
1809 1 702 410 77 172
1809 2 821 362 76 164
1809 3 685 447 83 207
1810 1 714 408 77 172
1810 2 822 362 76 164
1810 3 689 447 83 207
1811 1 712 410 77 172
1811 2 822 364 76 164
1811 3 680 445 77 207
1812 1 729 406 70 171
1812 2 821 364 76 180
1812 3 664 444 83 207
1813 1 738 405 70 171
1813 2 821 366 76 177
1813 3 671 446 67 207
1814 1 738 408 70 171
1814 2 821 364 76 177
1814 3 669 447 67 207
1815 1 745 410 70 171
1815 2 820 365 76 177
1815 3 664 446 67 207
1816 1 749 413 70 171
1816 2 819 360 76 177
1816 3 652 447 81 202
1817 1 753 416 70 171
1817 2 820 361 76 184
1817 3 661 446 67 207
1818 1 759 418 70 171
1818 2 821 361 76 177
1818 3 649 451 87 200
1819 1 761 417 72 171
1819 2 822 362 76 183
1819 3 643 451 84 207
1820 1 769 420 65 166
1820 2 822 362 76 177
1820 3 641 457 84 207
1821 1 777 420 63 168
1821 2 821 365 80 180
1821 3 639 455 90 200
1822 1 771 417 74 173
1822 2 821 365 81 182
1822 3 637 454 98 201
1823 1 782 421 69 165
1823 2 821 362 80 186
1823 3 633 455 99 207
1824 1 784 415 73 175
1824 2 823 368 80 179
1824 3 626 452 106 207
1825 1 787 421 74 165
1825 2 824 363 80 186
1825 3 621 449 97 207
1826 1 791 423 78 165
1826 2 824 362 80 186
1826 3 617 456 97 207
1827 1 800 421 75 166
1827 2 825 366 80 186
1827 3 612 451 102 217
1828 1 795 416 87 166
1828 2 827 364 80 186
1828 3 606 452 102 217
1829 1 796 417 94 166
1829 2 826 367 80 186
1829 3 613 449 94 215
1830 1 799 422 96 166
1830 2 825 366 80 186
1830 3 596 446 94 215
1831 1 804 422 98 166
1831 2 825 368 80 186
1831 3 605 449 81 212
1832 1 807 429 99 166
1832 2 830 377 76 178
1832 3 610 451 79 215
1833 1 819 430 91 166
1833 2 842 372 69 182
1833 3 589 449 79 215
1834 1 826 433 87 166
1834 2 831 375 80 186
1834 3 593 446 79 215
1835 1 841 428 82 170
1835 2 838 377 76 177
1835 3 584 448 79 215
1836 1 858 427 74 172
1836 2 843 383 74 174
1836 3 585 447 79 215
1837 1 865 428 76 176
1837 2 846 384 65 169
1837 3 573 452 79 215
1838 1 865 424 85 185
1838 2 849 384 69 169
1838 3 562 449 100 208
1839 1 865 424 96 187
1839 2 853 380 65 169
1839 3 556 449 106 211
1840 1 867 423 102 191
1840 2 859 387 65 169
1840 3 551 440 106 215
1841 1 870 423 105 196
1841 2 861 385 65 169
1841 3 564 449 79 215
1842 1 879 426 108 187
1842 2 860 386 65 169
1842 3 545 454 111 203
1843 1 903 435 93 187
1843 2 861 387 65 169
1843 3 556 439 100 212
1844 1 907 435 95 187
1844 2 861 387 65 169
1844 3 551 451 105 205
1845 1 910 436 97 187
1845 2 865 390 73 174
1845 3 546 451 105 205
1846 1 915 436 104 189
1846 2 866 391 74 173
1846 3 535 449 110 205
1847 1 922 436 98 187
1847 2 868 394 62 161
1847 3 537 449 105 205
1848 1 932 436 96 187
1848 2 870 396 80 186
1848 3 533 449 105 205
1849 1 936 433 75 192
1849 2 874 386 74 201
1849 3 522 449 95 205
1850 1 944 429 97 195
1850 2 877 389 62 186
1850 3 527 440 89 205
1851 1 940 430 112 194
1851 2 879 386 65 195
1851 3 511 446 89 205
1852 1 937 429 94 187
1852 2 887 394 65 195
1852 3 507 443 89 201
1853 1 969 432 70 187
1853 2 884 388 65 195
1853 3 493 445 103 201
1854 1 973 428 70 187
1854 2 886 390 65 195
1854 3 494 442 95 214
1855 1 983 434 70 187
1855 2 890 391 65 195
1855 3 499 443 91 214
1856 1 963 431 96 192
1856 2 891 396 65 191
1856 3 511 441 76 215
1857 1 995 436 67 190
1857 2 894 396 65 191
1857 3 508 440 76 215
1858 1 983 435 92 197
1858 2 898 392 65 195
1858 3 504 441 76 215
1859 1 1002 431 74 196
1859 2 898 393 68 205
1859 3 502 443 76 215
1860 1 1011 433 74 196
1860 2 901 397 65 195
1860 3 489 437 86 225
1861 1 1014 430 84 200
1861 2 904 395 65 195
1861 3 492 437 94 217
1862 1 1021 431 74 196
1862 2 913 403 59 185
1862 3 491 428 80 226
1863 1 1024 429 79 196
1863 2 911 399 65 195
1863 3 486 434 94 226
1864 1 1023 426 89 196
1864 2 915 394 69 195
1864 3 484 433 80 226
1865 1 1017 424 103 196
1865 2 917 397 73 195
1865 3 480 431 80 226
1866 1 1026 423 110 208
1866 2 919 397 81 195
1866 3 478 431 80 226
1867 1 1025 427 109 187
1867 2 921 397 78 195
1867 3 476 430 80 207
1868 1 1034 428 107 187
1868 2 921 407 78 195
1868 3 472 428 80 207
1869 1 1076 434 70 187
1869 2 919 415 81 186
1869 3 471 426 80 207
1870 1 1057 435 94 187
1870 2 917 414 86 186
1870 3 468 424 80 207
1871 1 1086 436 70 187
1871 2 922 407 86 186
1871 3 467 425 80 207
1872 1 1090 437 70 187
1872 2 924 402 90 195
1872 3 464 427 80 207
1873 1 1093 430 70 200
1873 2 925 402 94 182
1873 3 461 423 84 203
1874 1 1098 424 70 210
1874 2 949 403 78 182
1874 3 458 423 84 203
1875 1 1101 428 70 200
1875 2 945 401 87 182
1875 3 457 421 84 203
1876 1 1106 424 70 200
1876 2 946 397 89 189
1876 3 454 418 84 203
1877 1 1110 421 70 200
1877 2 959 398 78 189
1877 3 454 417 84 203
1878 1 1114 423 70 200
1878 2 962 397 78 195
1878 3 452 415 84 203
1879 1 1117 422 70 200
1879 2 967 400 74 190
1879 3 449 416 84 203
1880 1 1124 426 67 190
1880 2 970 401 74 197
1880 3 447 413 84 203
1881 1 1128 427 67 190
1881 2 972 400 74 191
1881 3 446 412 84 203
1882 1 1132 427 67 190
1882 2 976 400 74 192
1882 3 443 410 88 208
1883 1 1135 422 67 190
1883 2 978 401 74 195
1883 3 441 413 88 206
1884 1 1138 417 67 190
1884 2 984 409 74 195
1884 3 441 413 88 207
1885 1 1138 418 67 190
1885 2 986 407 74 195
1885 3 439 413 88 207
1886 1 1141 421 67 190
1886 2 987 407 74 195
1886 3 440 412 88 207
1887 1 1140 416 70 200
1887 2 986 407 74 195
1887 3 439 411 88 206
1888 1 1141 411 70 200
1888 2 987 407 74 195
1888 3 439 407 88 208
1889 1 1142 402 70 200
1889 2 988 407 74 195
1889 3 440 408 88 206
1890 1 1145 402 67 209
1890 2 989 400 74 195
1890 3 441 406 92 207
1891 1 1144 401 67 205
1891 2 990 404 74 189
1891 3 441 409 100 200
1892 1 1146 401 67 190
1892 2 989 398 78 205
1892 3 442 408 110 195
1893 1 1147 400 67 207
1893 2 1000 398 69 193
1893 3 444 404 108 197
1894 1 1151 403 63 200
1894 2 998 400 69 193
1894 3 444 410 113 200
1895 1 1151 401 63 201
1895 2 999 400 69 193
1895 3 456 404 104 209
1896 1 1150 399 63 181
1896 2 1000 399 69 193
1896 3 455 404 96 207
1897 1 1155 399 60 196
1897 2 1011 398 69 193
1897 3 450 405 112 210
1898 1 1153 403 60 173
1898 2 1002 395 69 198
1898 3 462 401 100 208
1899 1 1154 398 58 182
1899 2 1002 391 70 203
1899 3 457 399 101 203
1900 1 1153 401 58 176
1900 2 1005 395 69 198
1900 3 462 398 84 203
1901 1 1152 400 58 186
1901 2 1006 393 69 198
1901 3 465 397 84 203
1902 1 1149 393 57 186
1902 2 1007 386 69 198
1902 3 470 399 84 203
1903 1 1143 387 68 194
1903 2 1009 385 69 198
1903 3 476 404 80 193
1904 1 1145 389 60 188
1904 2 1011 383 69 198
1904 3 479 405 80 193
1905 1 1138 390 68 188
1905 2 1012 381 69 206
1905 3 482 402 80 193
1906 1 1136 383 68 186
1906 2 1012 384 69 198
1906 3 486 399 76 184
1907 1 1134 389 74 182
1907 2 1015 381 69 198
1907 3 492 399 76 184
1908 1 1132 393 83 172
1908 2 1016 374 69 198
1908 3 499 405 76 170
1909 1 1130 392 83 172
1909 2 1017 379 69 198
1909 3 494 398 80 178
1910 1 1130 394 83 172
1910 2 1018 379 69 188
1910 3 495 397 84 186
1911 1 1129 394 83 172
1911 2 1019 379 69 186
1911 3 497 398 84 186
1912 1 1127 394 83 159
1912 2 1019 379 69 181
1912 3 500 398 84 187
1913 1 1115 387 83 159
1913 2 1020 378 69 185
1913 3 504 403 98 180
1914 1 1115 388 83 159
1914 2 1020 377 69 189
1914 3 516 395 98 180
1915 1 1116 385 76 159
1915 2 1021 377 69 188
1915 3 521 395 98 180
1916 1 1108 390 83 159
1916 2 1023 376 69 190
1916 3 515 405 98 180
1917 1 1119 394 83 159
1917 2 1022 374 69 191
1917 3 516 403 98 180
1918 1 1105 393 75 148
1918 2 1023 376 69 184
1918 3 515 395 98 180
1919 1 1105 395 75 148
1919 2 1025 377 69 181
1919 3 524 396 112 180
1920 1 1103 394 75 148
1920 2 1026 381 69 170
1920 3 527 394 98 180
1921 1 1104 398 75 148
1921 2 1027 379 69 175
1921 3 531 397 98 180
1922 1 1106 396 75 148
1922 2 1033 377 65 172
1922 3 533 393 98 180
1923 1 1105 395 75 148
1923 2 1029 378 69 169
1923 3 536 396 98 180
1924 1 1104 395 75 148
1924 2 1029 378 69 166
1924 3 540 392 98 180
1925 1 1106 394 75 148
1925 2 1029 368 73 172
1925 3 544 391 98 180
1926 1 1104 394 75 148
1926 2 1030 372 73 172
1926 3 564 391 75 180
1927 1 1105 394 75 158
1927 2 1031 369 73 172
1927 3 565 395 81 180
1928 1 1105 395 75 148
1928 2 1032 377 70 164
1928 3 576 387 69 189
1929 1 1106 398 75 148
1929 2 1031 375 70 164
1929 3 577 389 73 189
1930 1 1104 399 75 148
1930 2 1034 374 70 164
1930 3 581 386 75 189
1931 1 1103 399 75 148
1931 2 1035 385 70 164
1931 3 582 398 77 189
1932 1 1103 398 75 148
1932 2 1034 385 70 164
1932 3 574 396 90 189
1933 1 1102 400 75 148
1933 2 1034 379 70 164
1933 3 577 395 103 189
1934 1 1101 401 75 148
1934 2 1033 378 70 164
1934 3 589 398 98 180
1935 1 1093 404 75 148
1935 2 1032 380 70 164
1935 3 592 398 98 180
1936 1 1095 400 79 155
1936 2 1028 385 70 164
1936 3 590 399 103 189
1937 1 1083 406 90 152
1937 2 1027 382 70 170
1937 3 596 403 103 189
1938 1 1072 410 98 149
1938 2 1023 381 70 173
1938 3 601 402 93 191
1939 1 1078 413 92 147
1939 2 1022 379 69 179
1939 3 602 394 92 198
1940 1 1077 412 90 140
1940 2 1015 382 78 176
1940 3 605 400 90 191
1941 1 1067 414 105 143
1941 2 1007 382 81 177
1941 3 613 399 80 194
1942 1 1063 415 103 142
1942 2 993 380 96 183
1942 3 612 403 90 186
1943 1 1064 418 99 139
1943 2 987 381 104 181
1943 3 624 401 76 186
1944 1 1066 417 95 140
1944 2 983 383 101 174
1944 3 616 402 86 189
1945 1 1055 418 89 140
1945 2 975 383 110 172
1945 3 633 402 69 186
1946 1 1053 414 91 140
1946 2 973 386 141 172
1946 3 639 405 69 186
1947 1 1044 417 88 135
1947 2 968 377 153 180
1947 3 640 404 69 186
1948 1 1046 414 73 147
1948 2 972 384 118 171
1948 3 644 405 69 186
1949 1 1041 413 73 152
1949 2 965 384 125 171
1949 3 646 409 85 186
1950 1 1045 413 65 147
1950 2 973 386 100 172
1950 3 645 407 95 186
1951 1 1034 411 75 157
1951 2 974 375 162 182
1951 3 648 409 98 186
1952 1 1034 414 78 156
1952 2 972 376 150 183
1952 3 650 410 69 186
1953 1 1027 418 84 155
1953 2 975 370 151 187
1953 3 652 405 106 186
1954 1 1024 416 83 154
1954 2 971 376 152 177
1954 3 654 403 104 186
1955 1 1018 423 88 147
1955 2 970 381 159 167
1955 3 668 405 91 186
1956 1 1014 422 88 147
1956 2 973 385 154 163
1956 3 672 408 69 186
1957 1 1018 424 83 147
1957 2 970 384 159 158
1957 3 675 411 69 186
1958 1 1016 425 77 147
1958 2 975 391 156 154
1958 3 677 408 69 186
1959 1 1006 423 65 147
1959 2 971 386 149 168
1959 3 678 404 86 193
1960 1 997 422 81 152
1960 2 969 387 140 152
1960 3 680 408 84 188
1961 1 993 423 81 152
1961 2 969 389 127 152
1961 3 679 412 84 188
1962 1 983 423 81 152
1962 2 963 388 122 152
1962 3 681 413 84 188
1963 1 983 419 88 152
1963 2 955 390 118 155
1963 3 687 409 84 188
1964 1 974 410 93 166
1964 2 950 389 126 153
1964 3 692 415 84 188
1965 1 972 408 92 168
1965 2 953 391 122 147
1965 3 692 410 92 199
1966 1 965 409 96 164
1966 2 951 385 120 162
1966 3 695 417 84 197
1967 1 961 410 99 161
1967 2 948 385 125 163
1967 3 698 414 84 203
1968 1 951 408 106 161
1968 2 956 383 116 162
1968 3 705 417 84 200
1969 1 949 407 104 168
1969 2 938 385 123 148
1969 3 708 419 84 198
1970 1 947 409 102 163
1970 2 917 382 141 158
1970 3 706 420 84 188
1971 1 942 411 99 153
1971 2 909 381 151 159
1971 3 706 419 83 205
1972 1 930 409 98 159
1972 2 905 379 153 161
1972 3 715 425 85 200
1973 1 933 407 92 163
1973 2 883 377 173 166
1973 3 718 426 84 206
1974 1 925 406 88 166
1974 2 887 365 153 165
1974 3 728 426 84 205
1975 1 922 409 81 163
1975 2 892 377 137 164
1975 3 724 424 84 205
1976 1 917 411 87 161
1976 2 898 369 120 173
1976 3 726 425 84 205
1977 1 920 407 87 161
1977 2 906 358 108 179
1977 3 728 425 84 205
1978 1 906 406 87 161
1978 2 914 353 90 184
1978 3 730 424 84 205
1979 1 914 404 72 161
1979 2 927 354 78 181
1979 3 734 427 84 205
1980 1 920 408 72 161
1980 2 926 353 72 185
1980 3 738 425 84 205
1981 1 906 406 83 161
1981 2 924 357 69 184
1981 3 739 430 83 199
1982 1 904 405 83 159
1982 2 922 361 75 177
1982 3 742 426 84 205
1983 1 902 405 72 161
1983 2 920 361 74 184
1983 3 745 428 84 205
1984 1 892 404 83 161
1984 2 905 361 89 185
1984 3 746 428 84 205
1985 1 889 403 82 161
1985 2 898 363 97 185
1985 3 756 430 77 205
1986 1 894 403 72 161
1986 2 906 366 90 177
1986 3 755 431 84 204
1987 1 883 403 84 162
1987 2 919 373 74 174
1987 3 764 432 84 199
1988 1 882 403 82 161
1988 2 888 373 105 175
1988 3 756 425 84 205
1989 1 880 401 72 161
1989 2 906 381 84 160
1989 3 766 434 95 195
1990 1 879 401 79 162
1990 2 858 382 133 165
1990 3 770 436 97 195
1991 1 881 403 72 161
1991 2 895 376 96 169
1991 3 773 435 94 195
1992 1 879 404 72 161
1992 2 890 372 101 174
1992 3 776 434 80 195
1993 1 876 400 66 161
1993 2 891 373 105 171
1993 3 768 436 103 195
1994 1 864 401 72 161
1994 2 863 372 121 167
1994 3 768 435 104 195
1995 1 868 402 67 161
1995 2 881 372 95 167
1995 3 774 433 96 195
1996 1 858 400 73 162
1996 2 875 370 99 167
1996 3 774 432 101 197
1997 1 853 399 79 166
1997 2 867 368 99 167
1997 3 781 431 96 199
1998 1 853 398 72 161
1998 2 865 363 88 174
1998 3 787 430 89 194
1999 1 857 399 72 161
1999 2 868 365 74 168
1999 3 794 434 78 192
2000 1 852 401 72 161
2000 2 867 359 85 177
2000 3 803 426 71 197
2001 1 849 402 72 161
2001 2 866 359 94 167
2001 3 810 431 75 194
2002 1 849 407 68 160
2002 2 871 366 92 167
2002 3 825 428 55 195
2003 1 833 395 85 155
2003 2 869 360 96 154
2003 3 829 430 54 201
2004 1 837 398 84 148
2004 2 845 359 128 160
2004 3 835 430 54 199
2005 1 844 386 75 161
2005 2 834 360 137 172
2005 3 841 431 57 197
2006 1 828 392 83 146
2006 2 810 352 155 162
2006 3 843 438 65 195
2007 1 834 375 79 182
2007 2 812 355 140 184
2007 3 840 434 84 195
2008 1 837 362 75 185
2008 2 809 333 131 187
2008 3 851 433 83 186
2009 1 846 371 52 154
2009 2 822 329 105 207
2009 3 843 435 102 190
2010 1 847 370 52 153
2010 2 839 322 80 164
2010 3 845 436 104 192
2011 1 838 365 61 161
2011 2 847 322 64 180
2011 3 850 446 104 181
2012 1 834 359 68 157
2012 2 847 334 65 165
2012 3 854 447 105 188
2013 1 836 347 65 203
2013 2 856 333 55 167
2013 3 856 447 79 195
2014 1 833 328 67 239
2014 2 864 333 50 185
2014 3 851 438 109 186
2015 1 829 316 72 243
2015 2 859 346 56 174
2015 3 853 439 106 184
2016 1 827 313 70 227
2016 2 852 346 62 177
2016 3 862 439 79 195
2017 1 825 329 80 232
2017 2 862 325 56 212
2017 3 865 440 79 195
2018 1 834 329 71 230
2018 2 854 319 59 207
2018 3 877 437 79 190
2019 1 826 317 75 247
2019 2 864 328 57 208
2019 3 880 437 79 190
2020 1 817 330 88 234
2020 2 853 326 73 207
2020 3 890 434 79 190
2021 1 815 342 94 227
2021 2 843 322 88 213
2021 3 896 437 68 190
2022 1 816 353 95 209
2022 2 828 319 108 217
2022 3 914 436 55 190
2023 1 821 363 95 206
2023 2 814 326 146 207
2023 3 915 435 58 190
2024 1 814 377 99 193
2024 2 797 339 164 205
2024 3 922 436 55 190
2025 1 813 390 105 174
2025 2 795 347 178 181
2025 3 926 438 56 190
2026 1 816 403 100 162
2026 2 794 356 179 181
2026 3 931 431 59 190
2027 1 823 401 91 167
2027 2 793 357 165 181
2027 3 946 439 59 190
2028 1 831 397 73 172
2028 2 804 360 143 175
2028 3 930 437 59 190
2029 1 835 395 73 178
2029 2 847 359 69 181
2029 3 941 438 59 190
2030 1 833 396 74 181
2030 2 812 360 117 167
2030 3 928 436 99 190
2031 1 825 396 80 187
2031 2 822 366 93 171
2031 3 944 441 59 190
2032 1 823 399 78 187
2032 2 851 358 54 172
2032 3 929 432 103 193
2033 1 822 398 87 187
2033 2 855 356 51 181
2033 3 949 435 59 190
2034 1 818 401 90 188
2034 2 848 359 56 175
2034 3 933 436 101 191
2035 1 822 397 85 197
2035 2 848 357 55 181
2035 3 959 442 59 190
2036 1 811 401 93 184
2036 2 844 363 62 181
2036 3 942 438 79 190
2037 1 811 403 92 185
2037 2 855 363 50 181
2037 3 966 440 59 190
2038 1 806 404 97 181
2038 2 837 356 64 181
2038 3 971 436 59 190
2039 1 801 406 103 178
2039 2 837 361 67 180
2039 3 959 430 73 190
2040 1 804 409 85 170
2040 2 835 359 68 181
2040 3 977 436 59 190
2041 1 787 397 80 183
2041 2 834 356 52 190
2041 3 981 435 59 190
2042 1 781 397 85 185
2042 2 834 355 50 181
2042 3 984 427 62 199
2043 1 776 397 89 185
2043 2 833 354 50 181
2043 3 989 430 62 199
2044 1 771 392 93 190
2044 2 833 358 50 181
2044 3 994 430 62 199
2045 1 772 397 90 185
2045 2 834 362 48 172
2045 3 998 434 62 199
2046 1 768 394 93 187
2046 2 832 357 50 181
2046 3 1000 434 62 199
2047 1 767 398 91 185
2047 2 828 357 50 181
2047 3 1003 432 62 199
2048 1 766 398 91 184
2048 2 826 358 50 181
2048 3 1005 432 62 199
2049 1 766 399 87 184
2049 2 822 353 52 190
2049 3 1008 433 62 199
2050 1 762 396 90 188
2050 2 818 350 55 200
2050 3 1012 433 62 199
2051 1 767 400 84 185
2051 2 813 351 55 200
2051 3 1018 428 62 199
2052 1 762 400 87 185
2052 2 812 351 69 186
2052 3 1016 432 85 199
2053 1 762 396 83 190
2053 2 807 354 69 186
2053 3 1022 431 85 199
2054 1 758 400 85 186
2054 2 805 353 69 186
2054 3 1027 432 85 199
2055 1 777 409 64 178
2055 2 803 354 69 186
2055 3 1031 432 85 199
2056 1 776 407 64 178
2056 2 798 350 72 195
2056 3 1036 432 85 199
2057 1 773 407 64 178
2057 2 797 350 72 195
2057 3 1039 432 85 199
2058 1 770 406 64 178
2058 2 796 349 72 195
2058 3 1042 432 85 199
2059 1 767 406 64 178
2059 2 794 349 72 195
2059 3 1045 432 85 199
2060 1 764 409 61 170
2060 2 793 350 72 195
2060 3 1047 432 85 199
2061 1 762 408 61 170
2061 2 793 348 72 195
2061 3 1063 433 72 199
2062 1 760 406 61 170
2062 2 792 351 72 195
2062 3 1067 431 71 199
2063 1 759 402 64 178
2063 2 791 350 72 195
2063 3 1067 428 73 199
2064 1 758 407 61 170
2064 2 790 352 72 195
2064 3 1072 426 72 199
2065 1 755 403 64 178
2065 2 791 352 72 195
2065 3 1060 427 85 199
2066 1 750 404 64 178
2066 2 789 351 72 195
2066 3 1062 428 85 199
2067 1 747 393 64 189
2067 2 790 354 72 191
2067 3 1068 435 81 190
2068 1 745 394 64 189
2068 2 790 353 72 191
2068 3 1070 434 81 190
2069 1 743 392 64 189
2069 2 790 353 72 191
2069 3 1087 435 67 190
2070 1 741 391 64 189
2070 2 790 353 72 191
2070 3 1087 430 67 190
2071 1 742 391 64 189
2071 2 790 353 72 191
2071 3 1091 431 67 190
2072 1 742 390 64 189
2072 2 789 352 72 191
2072 3 1093 430 67 190
2073 1 741 389 64 189
2073 2 789 351 72 185
2073 3 1095 431 67 190
2074 1 742 390 64 189
2074 2 798 350 63 185
2074 3 1098 437 67 190
2075 1 741 390 64 189
2075 2 790 350 72 191
2075 3 1101 433 67 190
2076 1 742 389 64 189
2076 2 789 348 72 191
2076 3 1105 429 67 190
2077 1 743 390 64 189
2077 2 788 349 72 191
2077 3 1107 430 67 190
2078 1 743 390 64 189
2078 2 788 348 72 191
2078 3 1110 431 67 190
2079 1 744 391 64 189
2079 2 787 346 72 191
2079 3 1112 432 67 190
2080 1 743 391 64 189
2080 2 788 351 69 182
2080 3 1116 433 67 190
2081 1 744 390 64 189
2081 2 789 352 69 182
2081 3 1112 434 75 190
2082 1 745 391 64 189
2082 2 795 352 61 177
2082 3 1122 436 67 190
2083 1 746 390 64 189
2083 2 794 352 62 179
2083 3 1126 437 67 190
2084 1 746 389 64 189
2084 2 796 351 59 179
2084 3 1129 437 67 190
2085 1 748 388 64 189
2085 2 796 351 59 176
2085 3 1132 434 67 190
2086 1 748 387 64 189
2086 2 785 351 69 182
2086 3 1135 432 67 190
2087 1 748 386 64 189
2087 2 783 350 69 182
2087 3 1137 432 67 190
2088 1 750 386 64 189
2088 2 782 351 69 182
2088 3 1141 428 67 190
2089 1 750 386 64 189
2089 2 796 351 53 182
2089 3 1141 428 67 190
2090 1 751 388 64 189
2090 2 793 353 53 182
2090 3 1143 428 67 190
2091 1 749 382 64 189
2091 2 791 352 53 182
2091 3 1144 428 67 190
2092 1 746 377 64 189
2092 2 791 351 58 182
2092 3 1147 431 64 181
2093 1 755 387 64 189
2093 2 789 349 68 182
2093 3 1150 428 64 181
2094 1 759 392 61 180
2094 2 789 350 70 182
2094 3 1150 423 67 210
2095 1 755 382 61 180
2095 2 795 345 72 182
2095 3 1153 423 67 210
2096 1 759 382 62 187
2096 2 790 347 75 182
2096 3 1155 422 67 210
2097 1 768 390 61 180
2097 2 792 354 74 173
2097 3 1155 422 67 210
2098 1 760 388 73 180
2098 2 793 349 75 165
2098 3 1155 425 67 210
2099 1 760 391 74 181
2099 2 796 346 68 165
2099 3 1156 423 67 210
2100 1 778 394 61 180
2100 2 793 351 68 165
2100 3 1157 421 67 210
2101 1 758 396 83 173
2101 2 791 345 48 165
2101 3 1159 420 67 210
2102 1 758 397 86 172
2102 2 792 344 48 165
2102 3 1162 420 64 200
2103 1 763 397 84 169
2103 2 792 343 50 173
2103 3 1162 420 64 200
2104 1 766 400 78 170
2104 2 791 340 53 182
2104 3 1163 417 64 200
2105 1 771 399 80 170
2105 2 791 341 56 191
2105 3 1165 417 64 200
2106 1 783 398 74 170
2106 2 794 344 53 182
2106 3 1166 414 64 200
2107 1 801 396 64 170
2107 2 794 344 56 191
2107 3 1167 415 61 190
2108 1 804 397 66 170
2108 2 794 347 53 182
2108 3 1169 415 61 190
2109 1 806 393 70 178
2109 2 793 349 53 182
2109 3 1168 412 64 200
2110 1 807 394 80 177
2110 2 794 350 53 182
2110 3 1169 412 64 200
2111 1 808 388 82 183
2111 2 794 347 56 191
2111 3 1171 411 64 200
2112 1 807 388 87 181
2112 2 793 344 56 191
2112 3 1174 409 64 200
2113 1 809 387 93 180
2113 2 794 343 44 191
2113 3 1177 413 61 190
2114 1 810 385 94 181
2114 2 797 344 44 191
2114 3 1179 412 61 199
2115 1 817 389 91 180
2115 2 799 344 44 191
2115 3 1177 412 73 203
2116 1 819 388 90 183
2116 2 801 351 42 182
2116 3 1181 416 58 202
2117 1 836 388 79 171
2117 2 801 349 42 182
2117 3 1182 419 69 193
2118 1 838 390 79 171
2118 2 802 346 44 191
2118 3 1183 415 58 202
2119 1 841 389 79 171
2119 2 803 350 42 182
2119 3 1183 414 58 200
2120 1 867 388 57 171
2120 2 805 352 42 182
2120 3 1184 412 58 202
2121 1 874 392 69 171
2121 2 805 350 42 182
2121 3 1185 412 58 200
2122 1 872 386 72 185
2122 2 807 353 52 183
2122 3 1184 412 58 198
2123 1 883 390 57 171
2123 2 807 353 42 182
2123 3 1183 411 58 201
2124 1 891 388 70 171
2124 2 807 346 44 191
2124 3 1181 408 61 190
2125 1 900 388 57 171
2125 2 810 346 44 191
2125 3 1181 404 61 209
2126 1 885 386 97 180
2126 2 808 354 73 177
2126 3 1180 397 64 214
2127 1 887 387 86 180
2127 2 811 357 73 177
2127 3 1178 398 64 213
2128 1 919 389 60 180
2128 2 811 359 73 177
2128 3 1179 399 61 210
2129 1 921 385 60 180
2129 2 813 358 73 177
2129 3 1178 399 61 190
2130 1 930 394 57 171
2130 2 817 357 73 177
2130 3 1179 397 61 204
2131 1 934 389 57 171
2131 2 819 358 73 177
2131 3 1178 396 61 198
2132 1 938 395 57 171
2132 2 820 359 73 177
2132 3 1177 395 61 203
2133 1 944 393 57 171
2133 2 822 355 73 171
2133 3 1179 397 58 194
2134 1 949 391 57 171
2134 2 824 356 73 171
2134 3 1179 399 58 181
2135 1 943 398 68 171
2135 2 826 356 73 171
2135 3 1177 398 58 181
2136 1 961 388 54 163
2136 2 826 357 73 171
2136 3 1168 397 68 181
2137 1 948 389 89 174
2137 2 826 357 73 171
2137 3 1166 398 68 181
2138 1 969 384 54 163
2138 2 828 357 73 171
2138 3 1159 400 74 173
2139 1 955 385 92 182
2139 2 829 357 73 171
2139 3 1158 401 77 173
2140 1 966 393 92 182
2140 2 832 357 73 171
2140 3 1156 398 79 173
2141 1 969 395 92 182
2141 2 833 357 73 171
2141 3 1156 398 79 173
2142 1 970 394 92 170
2142 2 847 349 61 183
2142 3 1149 398 87 199
2143 1 972 401 101 170
2143 2 847 348 61 183
2143 3 1137 401 99 199
2144 1 974 402 106 170
2144 2 849 350 61 183
2144 3 1130 398 107 199
2145 1 975 401 117 170
2145 2 851 348 61 183
2145 3 1134 398 104 199
2146 1 976 393 130 177
2146 2 852 349 61 183
2146 3 1134 396 105 199
2147 1 1008 391 105 192
2147 2 853 347 80 186
2147 3 1136 396 103 189
2148 1 1011 394 105 186
2148 2 855 347 61 183
2148 3 1136 393 102 185
2149 1 1015 401 111 184
2149 2 857 352 58 174
2149 3 1144 391 94 193
2150 1 1018 399 110 185
2150 2 860 353 58 174
2150 3 1151 386 89 209
2151 1 1021 399 104 193
2151 2 859 348 61 183
2151 3 1182 383 58 209
2152 1 1027 404 91 180
2152 2 863 351 72 177
2152 3 1180 378 61 208
2153 1 1020 403 85 186
2153 2 865 354 72 177
2153 3 1179 376 70 208
2154 1 1014 405 98 179
2154 2 865 354 72 177
2154 3 1180 385 61 208
2155 1 1022 406 95 183
2155 2 868 353 72 177
2155 3 1182 383 61 208
2156 1 1022 412 95 176
2156 2 870 353 72 177
2156 3 1181 384 61 191
2157 1 1038 410 88 180
2157 2 872 353 72 177
2157 3 1180 378 61 188
2158 1 1039 408 88 180
2158 2 875 352 69 177
2158 3 1183 382 61 188
2159 1 1040 413 95 171
2159 2 879 356 67 177
2159 3 1182 381 61 188
2160 1 1041 409 88 180
2160 2 882 352 70 177
2160 3 1181 379 61 188
2161 1 1042 409 88 180
2161 2 885 358 67 177
2161 3 1182 374 61 188
2162 1 1043 419 98 171
2162 2 893 354 62 175
2162 3 1180 375 61 188
2163 1 1046 416 98 171
2163 2 896 355 59 175
2163 3 1179 373 61 188
2164 1 1047 420 98 171
2164 2 901 359 58 175
2164 3 1179 373 61 188
2165 1 1048 421 107 171
2165 2 890 358 76 175
2165 3 1178 375 61 188
2166 1 1050 421 98 168
2166 2 901 359 63 165
2166 3 1177 370 61 188
2167 1 1051 418 108 171
2167 2 907 359 63 167
2167 3 1168 371 81 188
2168 1 1053 421 98 171
2168 2 910 361 72 170
2168 3 1178 370 61 188
2169 1 1053 424 98 171
2169 2 901 360 86 167
2169 3 1178 373 61 188
2170 1 1055 422 98 171
2170 2 908 359 88 167
2170 3 1178 370 61 188
2171 1 1055 421 109 171
2171 2 913 359 84 168
2171 3 1177 368 61 188
2172 1 1064 429 104 161
2172 2 918 360 53 175
2172 3 1178 366 61 188
2173 1 1056 423 109 171
2173 2 919 361 79 170
2173 3 1178 368 61 188
2174 1 1058 422 109 171
2174 2 914 362 87 165
2174 3 1178 362 64 197
2175 1 1060 422 109 171
2175 2 913 356 90 174
2175 3 1180 365 61 188
2176 1 1073 426 109 163
2176 2 925 355 56 184
2176 3 1180 363 61 188
2177 1 1076 427 109 163
2177 2 918 355 84 178
2177 3 1180 366 61 188
2178 1 1078 424 109 163
2178 2 933 355 56 184
2178 3 1180 361 61 188
2179 1 1081 426 109 163
2179 2 921 355 77 180
2179 3 1180 367 61 188
2180 1 1082 427 109 163
2180 2 939 355 56 184
2180 3 1180 360 64 194
2181 1 1083 429 109 163
2181 2 928 355 69 174
2181 3 1180 355 67 195
2182 1 1089 429 109 163
2182 2 944 352 56 184
2182 3 1181 353 67 193
2183 1 1089 433 109 163
2183 2 948 358 53 175
2183 3 1183 354 67 190
2184 1 1089 435 109 163
2184 2 949 358 53 175
2184 3 1184 353 67 188
2185 1 1088 435 109 163
2185 2 953 362 50 167
2185 3 1186 350 67 189
2186 1 1112 438 109 159
2186 2 955 362 50 167
2186 3 1188 351 67 182
2187 1 1122 440 109 159
2187 2 957 361 50 177
2187 3 1188 351 67 179
2188 1 1126 440 109 159
2188 2 960 359 51 184
2188 3 1190 351 67 207
2189 1 1130 438 109 159
2189 2 962 361 50 184
2189 3 1191 348 67 207
2190 1 1127 437 116 161
2190 2 964 365 50 167
2190 3 1192 347 67 207
2191 1 1134 432 109 159
2191 2 963 363 64 191
2191 3 1193 344 67 193
2192 1 1133 428 114 169
2192 2 965 365 64 191
2192 3 1196 347 67 193
2193 1 1139 431 114 167
2193 2 966 367 64 191
2193 3 1197 352 64 184
2194 1 1139 428 114 176
2194 2 969 366 64 191
2194 3 1197 347 67 193
2195 1 1143 445 114 167
2195 2 970 368 64 191
2195 3 1191 347 74 181
2196 1 1145 434 114 167
2196 2 973 366 64 191
2196 3 1194 347 71 188
2197 1 1150 434 114 167
2197 2 975 372 64 186
2197 3 1199 343 70 203
2198 1 1151 434 114 167
2198 2 977 371 63 187
2198 3 1199 340 70 203
2199 1 1162 431 114 182
2199 2 977 371 61 193
2199 3 1194 340 75 182
2200 1 1168 430 114 190
2200 2 979 363 67 201
2200 3 1197 334 64 177
2201 1 1179 434 114 186
2201 2 981 371 61 193
2201 3 1199 336 70 203
2202 1 1179 430 114 186
2202 2 983 364 67 201
2202 3 1199 331 57 203
2203 1 1180 431 114 186
2203 2 983 373 64 189
2203 3 1199 328 70 203
2204 1 1184 435 114 186
2204 2 986 369 62 192
2204 3 1198 328 70 203
2205 1 1188 442 130 186
2205 2 991 369 64 191
2205 3 1192 324 67 193
2206 1 1198 436 114 186
2206 2 999 375 57 182
2206 3 1194 328 67 185
2207 1 1207 442 114 186
2207 2 995 379 67 182
2207 3 1192 330 67 180
2208 1 1210 438 114 186
2208 2 999 377 67 182
2208 3 1195 332 67 175
2209 1 1221 442 106 186
2209 2 1006 381 56 173
2209 3 1198 329 65 176
2210 1 1222 436 115 193
2210 2 1003 383 64 173
2210 3 1200 328 58 173
2211 1 1248 431 90 193
2211 2 1007 382 64 173
2211 3 1200 328 56 176
2212 1 1252 431 87 194
2212 2 1008 379 76 185
2212 3 1201 327 56 176
2213 1 1252 427 95 203
2213 2 1009 384 72 173
2213 3 1203 327 56 176
2214 1 1256 434 92 195
2214 2 1011 385 75 182
2214 3 1203 325 56 176
2215 1 1259 434 103 195
2215 2 1013 388 67 182
2215 3 1205 326 56 176
2216 1 1259 426 113 207
2216 2 1023 379 67 182
2216 3 1206 325 56 176
2217 1 1260 429 125 207
2217 2 1024 382 67 182
2217 3 1207 322 56 176
2218 1 1269 434 118 207
2218 2 1027 382 67 182
2218 3 1210 324 53 168
2219 1 1283 433 111 207
2219 2 1029 381 67 182
2219 3 1211 326 53 168
2220 1 1292 435 108 210
2220 2 1031 382 67 182
2220 3 1214 325 53 168
2221 1 1307 427 103 217
2221 2 1034 382 67 182
2221 3 1196 327 72 182
2222 1 1308 421 108 228
2222 2 1035 382 67 182
2222 3 1200 326 69 178
2223 1 1301 420 117 228
2223 2 1039 379 67 182
2223 3 1207 327 63 177
2224 1 1281 415 138 228
2224 2 1040 379 67 182
2224 3 1220 327 53 168
2225 1 1284 413 108 225
2225 2 1044 379 67 182
2225 3 1200 321 66 179
2226 1 1288 413 108 225
2226 2 1047 375 67 182
2226 3 1205 317 67 183
2227 1 1290 411 108 225
2227 2 1051 377 67 182
2227 3 1213 317 61 185
2228 1 1311 412 92 225
2228 2 1051 382 67 182
2228 3 1222 315 53 181
2229 1 1318 414 92 225
2229 2 1053 383 67 182
2229 3 1223 315 53 177
2230 1 1321 414 92 225
2230 2 1056 385 67 182
2230 3 1224 314 53 181
2231 1 1322 414 92 225
2231 2 1058 385 67 182
2231 3 1226 312 52 181
2232 1 1324 412 92 225
2232 2 1060 385 67 182
2232 3 1226 312 56 180
2233 1 1326 409 92 225
2233 2 1061 381 74 187
2233 3 1226 313 53 168
2234 1 1326 407 92 225
2234 2 1064 387 67 182
2234 3 1227 313 53 168
2235 1 1328 403 92 225
2235 2 1065 381 67 182
2235 3 1224 318 53 175
2236 1 1328 398 92 225
2236 2 1066 383 67 182
2236 3 1224 317 56 176
2237 1 1332 397 92 225
2237 2 1071 383 67 182
2237 3 1225 316 56 176
2238 1 1337 393 75 222
2238 2 1069 381 68 187
2238 3 1226 315 56 177
2239 1 1336 400 75 222
2239 2 1072 381 68 187
2239 3 1222 316 56 177
2240 1 1340 392 75 222
2240 2 1072 383 68 187
2240 3 1228 320 56 177
2241 1 1340 394 75 222
2241 2 1073 384 68 187
2241 3 1230 312 56 177
2242 1 1340 392 75 222
2242 2 1074 383 76 187
2242 3 1229 312 56 177
2243 1 1339 389 75 222
2243 2 1074 382 68 187
2243 3 1222 316 63 169
2244 1 1339 388 75 222
2244 2 1075 382 78 187
2244 3 1233 317 53 169
2245 1 1339 385 75 222
2245 2 1074 379 81 187
2245 3 1233 318 53 169
2246 1 1340 387 71 211
2246 2 1075 378 81 187
2246 3 1232 319 53 169
2247 1 1340 385 71 211
2247 2 1075 376 68 187
2247 3 1232 319 53 175
2248 1 1338 381 71 211
2248 2 1076 376 82 187
2248 3 1231 322 53 169
2249 1 1335 376 71 211
2249 2 1075 377 80 187
2249 3 1226 321 53 169
2250 1 1335 369 75 222
2250 2 1077 374 73 190
2250 3 1230 325 53 169
2251 1 1336 374 67 211
2251 2 1076 371 71 190
2251 3 1227 312 56 177
2252 1 1333 374 71 211
2252 2 1077 373 68 187
2252 3 1227 319 56 177
2253 1 1329 378 68 201
2253 2 1076 373 68 190
2253 3 1220 318 64 177
2254 1 1331 377 68 201
2254 2 1075 367 71 190
2254 3 1217 315 68 182
2255 1 1330 376 68 195
2255 2 1075 369 68 187
2255 3 1221 313 62 181
2256 1 1327 376 68 187
2256 2 1073 364 68 187
2256 3 1226 316 56 177
2257 1 1319 372 68 185
2257 2 1075 363 68 187
2257 3 1220 316 56 177
2258 1 1316 372 66 181
2258 2 1075 363 66 179
2258 3 1224 315 56 177
2259 1 1314 373 66 181
2259 2 1080 365 66 183
2259 3 1222 310 59 186
2260 1 1315 372 66 181
2260 2 1080 363 66 179
2260 3 1225 311 59 186
2261 1 1312 367 66 181
2261 2 1078 361 66 179
2261 3 1221 318 61 177
2262 1 1299 364 82 181
2262 2 1079 358 66 179
2262 3 1219 308 59 186
2263 1 1297 363 87 181
2263 2 1077 354 66 179
2263 3 1219 313 59 186
2264 1 1293 366 90 181
2264 2 1076 353 66 179
2264 3 1222 310 59 186
2265 1 1284 367 100 177
2265 2 1078 356 64 174
2265 3 1218 312 59 186
2266 1 1286 372 88 166
2266 2 1078 358 68 180
2266 3 1224 311 59 186
2267 1 1280 372 91 164
2267 2 1080 358 64 174
2267 3 1224 311 53 186
2268 1 1277 370 92 165
2268 2 1082 359 64 174
2268 3 1221 307 59 186
2269 1 1278 372 76 159
2269 2 1083 354 64 174
2269 3 1216 309 59 186
2270 1 1272 362 68 176
2270 2 1087 353 64 174
2270 3 1218 311 59 186
2271 1 1268 358 68 176
2271 2 1090 358 61 166
2271 3 1221 306 59 186
2272 1 1258 360 68 176
2272 2 1089 356 61 166
2272 3 1222 315 56 177
2273 1 1257 360 65 168
2273 2 1083 355 65 168
2273 3 1224 312 56 183
2274 1 1254 359 67 168
2274 2 1084 356 66 163
2274 3 1227 313 53 174
2275 1 1243 364 81 168
2275 2 1086 349 64 174
2275 3 1221 309 56 177
2276 1 1239 362 83 168
2276 2 1085 349 64 167
2276 3 1226 312 53 169
2277 1 1236 363 87 165
2277 2 1089 348 61 166
2277 3 1224 315 53 169
2278 1 1235 363 84 168
2278 2 1086 345 64 174
2278 3 1227 310 53 169
2279 1 1237 365 65 168
2279 2 1088 353 66 166
2279 3 1231 310 51 158
2280 1 1233 363 65 168
2280 2 1080 348 79 166
2280 3 1234 317 51 161
2281 1 1227 372 62 160
2281 2 1080 351 79 166
2281 3 1233 313 53 169
2282 1 1218 362 65 168
2282 2 1079 350 83 174
2282 3 1236 313 53 169
2283 1 1215 364 65 168
2283 2 1079 347 83 174
2283 3 1235 307 56 177
2284 1 1210 370 62 160
2284 2 1078 345 83 174
2284 3 1233 307 59 186
2285 1 1208 369 69 158
2285 2 1079 349 79 166
2285 3 1240 305 59 186
2286 1 1205 371 62 160
2286 2 1080 349 79 166
2286 3 1245 319 56 177
2287 1 1200 370 62 160
2287 2 1080 348 79 166
2287 3 1243 316 59 186
2288 1 1192 372 62 160
2288 2 1079 349 79 166
2288 3 1247 321 56 177
2289 1 1192 375 62 160
2289 2 1079 348 79 166
2289 3 1247 321 56 177
2290 1 1187 376 62 160
2290 2 1082 349 79 166
2290 3 1249 321 56 177
2291 1 1183 373 62 160
2291 2 1080 349 79 166
2291 3 1250 320 56 177
2292 1 1179 375 62 160
2292 2 1082 355 79 166
2292 3 1243 320 56 177
2293 1 1178 376 59 152
2293 2 1079 348 79 166
2293 3 1240 318 64 168
2294 1 1167 383 59 152
2294 2 1077 352 79 166
2294 3 1234 322 67 170
2295 1 1164 380 59 152
2295 2 1081 352 79 173
2295 3 1239 326 66 175
2296 1 1160 377 62 160
2296 2 1072 354 79 166
2296 3 1236 318 73 167
2297 1 1157 383 59 152
2297 2 1070 359 78 160
2297 3 1240 317 67 173
2298 1 1146 381 74 151
2298 2 1076 353 68 181
2298 3 1241 321 70 171
2299 1 1142 383 76 151
2299 2 1075 354 68 181
2299 3 1243 319 67 177
2300 1 1134 381 85 159
2300 2 1073 354 68 181
2300 3 1244 322 64 177
2301 1 1126 389 92 157
2301 2 1065 355 68 181
2301 3 1244 322 72 175
2302 1 1124 389 89 159
2302 2 1067 361 68 169
2302 3 1247 322 65 171
2303 1 1119 393 88 157
2303 2 1063 362 68 172
2303 3 1255 327 56 177
2304 1 1117 395 76 154
2304 2 1061 362 68 170
2304 3 1252 322 56 177
2305 1 1109 397 82 154
2305 2 1054 365 68 181
2305 3 1249 323 56 177
2306 1 1105 395 84 162
2306 2 1054 360 68 166
2306 3 1252 326 59 178
2307 1 1093 396 76 160
2307 2 1050 368 66 165
2307 3 1248 332 59 171
2308 1 1090 401 63 158
2308 2 1047 366 66 164
2308 3 1252 325 59 181
2309 1 1086 395 69 169
2309 2 1049 359 61 173
2309 3 1251 325 59 186
2310 1 1080 394 73 176
2310 2 1046 363 61 173
2310 3 1250 326 59 186
2311 1 1071 394 82 175
2311 2 1044 363 61 173
2311 3 1250 328 59 186
2312 1 1061 396 91 176
2312 2 1037 364 81 166
2312 3 1248 330 59 186
2313 1 1052 399 96 173
2313 2 1031 369 97 149
2313 3 1248 329 59 186
2314 1 1057 396 84 171
2314 2 1025 390 81 158
2314 3 1247 331 59 186
2315 1 1050 398 76 171
2315 2 1007 381 95 146
2315 3 1247 330 59 186
2316 1 1046 403 71 172
2316 2 997 383 94 161
2316 3 1246 330 59 186
2317 1 1027 410 85 163
2317 2 991 386 107 145
2317 3 1246 337 59 170
2318 1 1018 410 81 163
2318 2 982 387 118 145
2318 3 1245 331 59 181
2319 1 1011 409 71 164
2319 2 975 389 122 157
2319 3 1246 334 59 174
2320 1 1010 403 71 163
2320 2 973 377 121 171
2320 3 1247 330 56 177
2321 1 1008 403 71 163
2321 2 967 382 126 161
2321 3 1244 327 59 186
2322 1 985 404 96 171
2322 2 956 385 141 164
2322 3 1243 336 59 181
2323 1 973 402 102 172
2323 2 945 379 147 166
2323 3 1241 337 62 180
2324 1 973 402 109 171
2324 2 933 379 152 168
2324 3 1239 334 59 186
2325 1 962 402 113 171
2325 2 933 377 141 166
2325 3 1241 337 59 186
2326 1 961 403 105 163
2326 2 929 365 131 178
2326 3 1238 337 59 186
2327 1 953 402 105 163
2327 2 930 353 124 184
2327 3 1240 325 59 186
2328 1 955 407 98 163
2328 2 934 345 111 193
2328 3 1235 339 59 186
2329 1 943 411 102 153
2329 2 944 366 92 157
2329 3 1236 337 59 186
2330 1 938 402 90 161
2330 2 935 334 98 201
2330 3 1238 327 59 186
2331 1 927 406 90 165
2331 2 941 334 87 199
2331 3 1233 338 59 186
2332 1 921 407 85 158
2332 2 938 336 84 200
2332 3 1231 340 62 188
2333 1 915 400 75 163
2333 2 939 337 77 202
2333 3 1233 327 62 195
2334 1 907 401 78 158
2334 2 939 343 61 181
2334 3 1228 336 62 195
2335 1 908 399 82 158
2335 2 932 352 67 188
2335 3 1230 341 59 186
2336 1 904 396 82 161
2336 2 930 353 67 182
2336 3 1227 344 56 177
2337 1 900 396 76 160
2337 2 921 352 70 181
2337 3 1227 348 56 177
2338 1 891 396 91 164
2338 2 915 357 82 184
2338 3 1221 347 56 177
2339 1 885 386 96 165
2339 2 924 369 66 164
2339 3 1227 341 56 177
2340 1 876 388 100 161
2340 2 883 363 115 178
2340 3 1201 348 78 177
2341 1 867 392 108 165
2341 2 911 363 82 181
2341 3 1196 350 78 188
2342 1 871 393 108 165
2342 2 900 362 91 178
2342 3 1206 350 78 188
2343 1 867 393 108 165
2343 2 894 355 84 187
2343 3 1188 357 86 178
2344 1 849 398 111 153
2344 2 892 358 84 187
2344 3 1204 357 78 188
2345 1 839 400 117 158
2345 2 893 354 86 178
2345 3 1182 359 97 180
2346 1 850 399 95 156
2346 2 887 353 76 187
2346 3 1178 359 92 180
2347 1 860 397 76 160
2347 2 877 356 80 178
2347 3 1187 359 78 188
2348 1 838 397 96 155
2348 2 885 350 63 178
2348 3 1188 360 78 173
2349 1 850 393 70 160
2349 2 872 351 73 178
2349 3 1187 352 78 188
2350 1 844 394 76 160
2350 2 870 348 70 177
2350 3 1192 362 70 173
2351 1 832 381 84 160
2351 2 867 347 70 177
2351 3 1192 362 70 173
2352 1 846 392 76 160
2352 2 865 349 70 177
2352 3 1190 364 70 173
2353 1 829 367 84 179
2353 2 876 355 70 170
2353 3 1180 360 70 173
2354 1 829 359 81 189
2354 2 864 359 91 155
2354 3 1183 360 64 173
2355 1 843 359 119 157
2355 2 830 351 76 187
2355 3 1182 362 70 173
2356 1 828 344 74 198
2356 2 827 359 137 151
2356 3 1183 367 70 173
2357 1 827 338 76 203
2357 2 833 355 124 159
2357 3 1173 361 70 181
2358 1 829 322 71 229
2358 2 834 331 114 187
2358 3 1173 358 70 191
2359 1 819 312 69 231
2359 2 844 313 97 203
2359 3 1179 363 52 193
2360 1 814 313 72 236
2360 2 849 309 84 209
2360 3 1171 366 64 192
2361 1 819 323 72 231
2361 2 856 295 77 222
2361 3 1180 368 50 192
2362 1 810 324 72 230
2362 2 859 291 69 221
2362 3 1168 368 58 191
2363 2 866 294 57 215
2363 1 807 338 80 222
2363 3 1169 369 58 190
2364 2 864 296 56 211
2364 1 800 344 86 219
2364 3 1162 372 63 190
2365 2 862 297 56 208
2365 1 799 358 90 208
2365 3 1160 372 61 190
2366 2 865 300 54 204
2366 1 792 369 101 196
2366 3 1169 372 56 190
2367 2 858 306 58 200
2367 1 792 381 102 187
2367 3 1156 375 66 192
2368 2 865 313 52 200
2368 1 799 386 93 179
2368 3 1167 379 53 181
2369 2 856 326 58 182
2369 1 823 391 71 182
2369 3 1165 376 56 190
2370 2 857 328 70 191
2370 1 823 389 66 182
2370 3 1162 377 56 190
2371 2 857 331 65 182
2371 1 822 387 67 188
2371 3 1151 374 57 187
2372 2 857 342 75 182
2372 1 822 375 68 198
2372 3 1160 384 53 181
2373 2 854 345 88 182
2373 1 823 376 68 198
2373 3 1158 384 53 181
2374 2 854 344 94 182
2374 1 822 375 68 198
2374 3 1148 382 53 181
2375 2 854 346 100 182
2375 1 822 386 62 189
2375 3 1150 384 53 181
2376 2 853 351 58 182
2376 1 821 380 68 198
2376 3 1143 380 56 183
2377 2 857 354 55 173
2377 1 822 381 68 198
2377 3 1143 381 53 181
2378 2 857 349 55 173
2378 1 822 382 68 198
2378 3 1143 383 56 190
2379 2 855 346 58 182
2379 1 822 383 68 198
2379 3 1140 379 56 190
2380 2 857 345 58 182
2380 1 822 384 68 198
2380 3 1126 370 59 199
2381 2 856 347 58 182
2381 1 823 384 68 198
2381 3 1133 377 59 199
2382 2 858 347 58 182
2382 1 813 391 68 182
2382 3 1124 378 62 202
2383 2 856 347 58 182
2383 1 827 385 68 189
2383 3 1122 376 62 209
2384 2 857 348 58 182
2384 1 812 385 77 198
2384 3 1121 375 62 201
2385 2 857 350 60 180
2385 1 821 388 68 187
2385 3 1135 382 62 209
2386 2 858 351 58 182
2386 1 820 384 68 198
2386 3 1119 380 75 194
2387 2 865 350 58 182
2387 1 820 384 75 191
2387 3 1133 387 59 199
2388 2 861 351 58 182
2388 1 821 385 68 198
2388 3 1124 384 56 190
2389 2 866 352 58 182
2389 1 819 387 69 190
2389 3 1132 392 56 190
2390 2 865 352 58 182
2390 1 819 386 68 198
2390 3 1124 386 56 190
2391 2 860 353 69 185
2391 1 816 380 71 208
2391 3 1123 385 56 190
2392 2 858 352 61 191
2392 1 816 388 67 191
2392 3 1122 386 64 196
2393 2 860 353 83 190
2393 1 815 380 71 208
2393 3 1130 388 59 199
2394 2 876 357 71 183
2394 1 814 388 71 193
2394 3 1119 386 70 202
2395 2 878 357 75 184
2395 1 811 390 71 193
2395 3 1120 386 68 199
2396 2 878 358 80 184
2396 1 813 390 67 193
2396 3 1125 388 59 199
2397 2 881 357 82 185
2397 1 813 389 66 191
2397 3 1120 383 71 205
2398 2 872 361 86 183
2398 1 813 390 63 193
2398 3 1119 389 73 199
2399 2 880 358 91 187
2399 1 807 381 71 208
2399 3 1119 389 74 199
2400 2 880 358 94 188
2400 1 807 386 71 201
2400 3 1124 385 66 199
2401 2 870 359 118 188
2401 1 807 384 71 198
2401 3 1127 389 70 206
2402 2 872 356 118 191
2402 1 807 385 71 201
2402 3 1125 391 73 203
2403 2 881 361 112 184
2403 1 812 384 61 205
2403 3 1120 389 74 208
2404 2 880 361 113 188
2404 1 813 383 61 205
2404 3 1128 389 72 199
2405 2 881 357 120 184
2405 1 813 385 60 199
2405 3 1119 391 82 194
2406 2 878 357 119 186
2406 1 814 388 61 197
2406 3 1118 396 79 190
2407 2 884 355 109 186
2407 1 816 381 61 205
2407 3 1125 397 73 190
2408 2 885 352 105 191
2408 1 817 386 58 195
2408 3 1124 399 75 190
2409 2 885 352 87 191
2409 1 819 384 58 195
2409 3 1126 398 74 190
2410 2 888 364 88 177
2410 1 819 384 58 195
2410 3 1131 401 71 190
2411 2 883 361 101 177
2411 1 820 385 58 195
2411 3 1128 399 74 190
2412 2 883 360 98 177
2412 1 819 378 61 205
2412 3 1129 403 77 190
2413 2 888 363 99 177
2413 1 819 379 61 205
2413 3 1133 402 73 190
2414 2 891 363 97 177
2414 1 820 378 61 205
2414 3 1151 401 56 190
2415 2 902 363 89 177
2415 1 820 378 61 205
2415 3 1151 403 56 190
2416 2 904 368 84 169
2416 1 820 378 52 198
2416 3 1135 404 72 190
2417 2 924 366 66 173
2417 1 823 380 52 198
2417 3 1152 405 56 190
2418 2 927 364 62 175
2418 1 824 378 52 198
2418 3 1138 404 68 190
2419 2 932 366 57 170
2419 1 824 378 52 198
2419 3 1142 405 66 190
2420 2 936 366 59 170
2420 1 826 378 52 198
2420 3 1150 406 56 190
2421 2 940 373 62 161
2421 1 825 377 52 198
2421 3 1134 408 72 190
2422 2 943 372 63 161
2422 1 826 377 52 198
2422 3 1130 409 76 190
2423 2 944 367 63 167
2423 1 825 373 52 198
2423 3 1135 410 69 190
2424 2 946 377 65 161
2424 1 826 373 52 198
2424 3 1127 413 73 190
2425 2 950 360 66 177
2425 1 825 370 52 198
2425 3 1131 410 72 199
2426 2 950 361 72 177
2426 1 825 368 52 198
2426 3 1145 415 56 190
2427 2 952 360 66 177
2427 1 825 367 52 198
2427 3 1125 415 75 190
2428 2 959 357 66 177
2428 1 826 363 52 198
2428 3 1144 415 56 190
2429 2 953 346 73 177
2429 1 827 368 50 189
2429 3 1126 416 69 190
2430 2 953 336 66 190
2430 1 825 367 50 189
2430 3 1134 415 56 190
2431 2 953 318 71 208
2431 1 825 365 50 189
2431 3 1121 406 72 190
2432 2 953 307 73 226
2432 1 826 360 52 198
2432 3 1123 409 64 190
2433 2 954 301 73 229
2433 1 824 361 52 198
2433 3 1135 415 56 190
2434 2 955 305 71 213
2434 1 824 360 52 198
2434 3 1130 411 59 199
2435 2 956 292 71 226
2435 1 825 357 52 198
2435 3 1130 415 59 199
2436 2 958 302 71 216
2436 1 825 360 50 189
2436 3 1128 413 59 199
2437 2 956 299 75 226
2437 1 826 363 47 180
2437 3 1128 413 59 199
2438 2 957 304 64 221
2438 1 822 356 47 180
2438 3 1120 407 59 199
2439 2 961 313 71 214
2439 1 821 355 51 186
2439 3 1118 409 59 192
2440 2 961 322 71 206
2440 1 826 363 45 176
2440 3 1111 412 65 199
2441 2 967 336 64 186
2441 1 825 365 45 174
2441 3 1110 412 62 193
2442 2 964 349 68 172
2442 1 825 360 55 180
2442 3 1109 413 62 194
2443 2 964 348 68 172
2443 1 825 369 52 171
2443 3 1116 415 59 199
2444 2 965 348 68 172
2444 1 824 370 54 171
2444 3 1116 412 56 190
2445 2 965 347 68 172
2445 1 824 369 45 171
2445 3 1108 414 74 200
2446 2 965 343 71 181
2446 1 824 367 58 171
2446 3 1106 415 76 200
2447 2 966 343 71 181
2447 1 824 366 59 171
2447 3 1106 416 76 203
2448 2 966 343 71 181
2448 1 823 367 62 171
2448 3 1105 413 64 206
2449 2 966 344 71 181
2449 1 823 365 61 171
2449 3 1104 413 65 205
2450 2 966 345 71 181
2450 1 824 364 57 171
2450 3 1100 417 71 199
2451 2 966 344 71 181
2451 1 824 360 58 173
2451 3 1113 416 56 201
2452 2 966 343 71 181
2452 1 824 362 45 171
2452 3 1108 418 56 203
2453 2 966 345 71 181
2453 1 826 360 58 173
2453 3 1108 417 61 204
2454 2 967 343 71 181
2454 1 822 361 59 171
2454 3 1106 417 57 204
2455 2 967 344 71 181
2455 1 826 361 57 171
2455 3 1112 413 57 204
2456 2 959 345 71 181
2456 1 828 361 57 171
2456 3 1111 415 60 204
2457 2 965 346 71 181
2457 1 825 354 61 182
2457 3 1110 414 59 211
2458 2 964 345 71 181
2458 1 822 356 63 171
2458 3 1112 413 57 204
2459 2 959 345 71 181
2459 1 827 356 60 171
2459 3 1105 414 67 207
2460 2 963 344 62 181
2460 1 834 364 54 163
2460 3 1104 418 69 213
2461 2 962 344 63 181
2461 1 827 350 50 179
2461 3 1113 417 62 202
2462 2 962 343 64 181
2462 1 830 352 50 179
2462 3 1109 422 67 202
2463 2 961 343 63 181
2463 1 832 353 50 179
2463 3 1106 421 70 202
2464 2 959 343 60 181
2464 1 832 352 64 179
2464 3 1100 422 62 203
2465 2 958 343 71 181
2465 1 832 352 66 179
2465 3 1103 424 63 198
2466 2 957 343 64 181
2466 1 834 351 50 179
2466 3 1101 429 68 190
2467 2 956 340 71 181
2467 1 834 351 50 179
2467 3 1103 431 73 189
2468 2 951 343 71 181
2468 1 834 351 50 179
2468 3 1092 430 79 191
2469 2 952 341 71 181
2469 1 834 350 50 179
2469 3 1091 428 82 193
2470 2 950 340 71 181
2470 1 835 350 50 179
2470 3 1082 431 86 189
2471 2 949 341 71 181
2471 1 834 351 50 179
2471 3 1072 430 94 192
2472 2 948 341 69 181
2472 1 835 351 50 179
2472 3 1074 430 90 190
2473 2 948 341 63 181
2473 1 835 349 59 179
2473 3 1085 434 83 187
2474 2 951 341 63 181
2474 1 833 350 59 179
2474 3 1088 434 83 187
2475 2 950 340 63 181
2475 1 832 349 59 179
2475 3 1085 435 83 187
2476 2 950 340 63 181
2476 1 831 349 59 179
2476 3 1084 436 83 187
2477 2 950 339 63 181
2477 1 830 349 59 179
2477 3 1081 438 83 187
2478 2 949 340 63 181
2478 1 828 350 59 179
2478 3 1077 437 83 187
2479 2 936 337 66 177
2479 1 821 349 74 180
2479 3 1061 434 98 190
2480 2 936 338 76 181
2480 1 822 350 65 179
2480 3 1062 435 96 187
2481 2 941 344 72 171
2481 1 820 349 66 179
2481 3 1064 433 83 187
2482 2 941 338 63 181
2482 1 826 349 59 179
2482 3 1057 432 95 187
2483 2 951 339 52 177
2483 1 821 349 68 179
2483 3 1059 432 88 187
2484 2 950 339 57 181
2484 1 817 349 74 179
2484 3 1056 432 83 187
2485 2 952 339 52 181
2485 1 815 349 75 179
2485 3 1053 430 83 193
2486 2 953 337 47 181
2486 1 813 347 73 179
2486 3 1051 428 78 191
2487 2 953 336 53 181
2487 1 811 347 73 179
2487 3 1050 427 70 197
2488 2 954 337 47 173
2488 1 810 348 77 180
2488 3 1048 426 66 197
2489 2 960 340 43 173
2489 1 808 349 73 181
2489 3 1045 427 58 198
2490 2 953 334 51 173
2490 1 807 348 59 179
2490 3 1044 429 57 199
2491 2 959 333 45 173
2491 1 805 350 59 179
2491 3 1040 430 61 200
2492 2 954 337 51 173
2492 1 803 349 59 179
2492 3 1036 430 63 197
2493 2 955 339 49 165
2493 1 802 349 59 179
2493 3 1025 432 71 196
2494 2 953 336 50 174
2494 1 800 348 59 179
2494 3 1014 431 78 199
2495 2 955 338 49 172
2495 1 798 347 59 179
2495 3 1011 433 85 196
2496 2 955 338 49 165
2496 1 797 347 55 179
2496 3 1010 435 85 197
2497 2 954 337 51 173
2497 1 791 347 59 179
2497 3 1006 432 87 198
2498 2 953 336 51 173
2498 1 791 352 59 179
2498 3 1012 434 78 197
2499 2 956 336 51 173
2499 1 785 350 59 179
2499 3 1008 441 78 197
2500 2 953 337 52 177
2500 1 774 352 77 180
2500 3 1008 438 78 197
2501 2 955 338 57 176
2501 1 762 356 89 173
2501 3 1001 438 94 197
2502 2 952 337 51 173
2502 1 751 352 100 179
2502 3 1001 436 86 199
2503 2 955 336 55 178
2503 1 748 351 103 176
2503 3 1002 439 74 188
2504 2 950 343 51 169
2504 1 741 354 116 179
2504 3 996 441 74 188
2505 2 945 339 65 173
2505 1 739 353 115 179
2505 3 998 446 72 188
2506 2 949 339 51 173
2506 1 739 352 111 179
2506 3 999 443 66 188
2507 2 948 343 60 173
2507 1 742 351 109 179
2507 3 992 444 65 188
2508 2 948 343 51 173
2508 1 741 346 106 184
2508 3 990 444 57 188
2509 2 948 342 51 173
2509 1 742 347 105 184
2509 3 989 443 57 192
2510 2 943 345 58 173
2510 1 747 347 94 186
2510 3 987 448 52 182
2511 2 948 343 59 173
2511 1 754 347 87 184
2511 3 976 445 64 194
2512 2 952 344 54 173
2512 1 760 347 79 188
2512 3 970 449 69 183
2513 2 953 345 51 173
2513 1 758 347 62 188
2513 3 962 450 76 186
2514 2 953 348 49 165
2514 1 758 345 60 188
2514 3 955 446 77 190
2515 2 953 350 49 165
2515 1 753 341 65 197
2515 3 982 449 50 173
2516 2 951 350 39 165
2516 1 759 343 56 188
2516 3 948 448 79 195
2517 2 943 352 52 165
2517 1 757 343 56 187
2517 3 945 448 80 195
2518 2 951 351 39 165
2518 1 751 347 59 179
2518 3 954 445 72 195
2519 2 940 351 49 165
2519 1 750 345 59 179
2519 3 950 444 72 195
2520 2 950 352 39 165
2520 1 748 345 59 179
2520 3 948 448 72 195
2521 2 947 348 44 173
2521 1 748 341 59 188
2521 3 944 449 72 192
2522 2 946 349 41 173
2522 1 745 342 59 179
2522 3 942 446 72 195
2523 2 936 354 59 165
2523 1 743 339 56 177
2523 3 938 449 72 195
2524 2 932 349 66 165
2524 1 745 347 56 170
2524 3 936 451 72 195
2525 2 925 351 64 173
2525 1 745 343 61 168
2525 3 938 457 64 186
2526 2 928 350 62 173
2526 1 742 344 62 164
2526 3 936 453 62 195
2527 2 930 353 58 173
2527 1 740 344 62 170
2527 3 930 447 66 195
2528 2 935 351 52 173
2528 1 741 345 62 170
2528 3 930 454 58 195
2529 2 919 353 67 173
2529 1 740 344 62 170
2529 3 935 462 48 195
2530 2 928 349 58 182
2530 1 741 344 62 167
2530 3 930 462 57 210
2531 2 928 350 56 181
2531 1 740 343 62 169
2531 3 918 465 72 208
2532 2 927 350 57 182
2532 1 740 343 62 163
2532 3 919 468 60 209
2533 2 932 347 51 191
2533 1 740 344 62 165
2533 3 918 471 62 212
