1 1 226 419 59 111
1 2 227 287 43 92
1 3 314 213 28 87
1 4 342 119 34 81
2 1 228 419 59 111
2 2 226 287 44 93
2 3 313 210 28 87
2 4 343 117 34 82
3 1 227 414 59 116
3 2 226 288 43 91
3 3 313 208 28 87
3 4 344 117 34 82
4 1 229 414 59 115
4 2 225 288 44 92
4 3 313 207 28 87
4 4 344 116 34 82
5 1 230 414 59 116
5 2 225 288 43 94
5 3 312 205 30 91
5 4 344 116 34 81
6 1 231 414 59 115
6 2 225 288 43 93
6 3 311 204 30 91
6 4 345 115 34 81
7 1 231 413 59 115
7 2 224 288 46 92
7 3 311 203 30 91
7 4 345 114 34 82
8 1 230 408 62 121
8 2 225 289 43 91
8 3 311 200 31 97
8 4 346 113 34 82
9 1 230 408 62 121
9 2 224 289 45 92
9 3 310 198 32 101
9 4 345 112 34 81
10 1 230 402 65 127
10 2 224 289 44 92
10 3 309 198 33 101
10 4 346 111 34 81
11 1 230 402 65 128
11 2 224 289 40 98
11 3 309 198 32 101
11 4 346 109 34 82
12 1 231 402 65 127
12 2 224 288 44 91
12 3 309 198 33 101
12 4 346 108 34 82
13 1 231 402 66 124
13 2 224 288 44 91
13 3 309 198 32 94
13 4 346 108 34 81
14 1 231 402 66 122
14 2 223 287 47 92
14 3 309 203 33 84
14 4 347 108 32 78
15 1 231 402 66 123
15 2 223 287 45 92
15 3 309 202 32 87
15 4 347 108 32 77
16 1 234 405 61 116
16 2 224 287 42 94
16 3 309 200 32 87
16 4 347 107 32 78
17 1 233 403 65 120
17 2 224 285 45 95
17 3 309 197 33 90
17 4 348 107 31 74
18 1 233 403 65 120
18 2 223 287 45 94
18 3 310 198 31 85
18 4 346 106 35 79
19 1 233 402 65 120
19 2 223 287 44 95
19 3 309 197 31 88
19 4 345 108 37 78
20 1 234 401 65 120
20 2 223 285 44 95
20 3 309 197 31 87
20 4 345 108 37 78
21 1 234 401 65 120
21 2 223 288 45 92
21 3 310 197 32 87
21 4 344 104 39 77
22 1 235 399 64 119
22 2 222 288 42 92
22 3 310 197 32 83
22 4 348 105 31 74
23 1 235 399 65 120
23 2 223 289 41 92
23 3 310 194 31 89
23 4 348 105 31 73
24 1 235 399 64 119
24 2 222 286 43 97
24 3 310 194 33 89
24 4 348 104 31 74
25 1 235 397 65 120
25 2 221 287 44 98
25 3 310 191 33 94
25 4 348 103 31 73
26 1 235 397 64 120
26 2 222 290 41 92
26 3 312 192 32 90
26 4 346 101 33 77
27 1 235 397 61 120
27 2 222 290 42 92
27 3 312 192 31 91
27 4 346 99 33 78
28 1 236 397 61 120
28 2 222 289 42 93
28 3 313 191 33 93
28 4 347 99 32 77
29 1 235 396 61 120
29 2 222 290 41 92
29 3 313 189 31 91
29 4 346 99 33 77
30 1 235 395 61 120
30 2 222 286 42 92
30 3 313 192 33 88
30 4 347 97 32 78
31 1 235 394 61 120
31 2 222 282 43 97
31 3 314 192 34 88
31 4 347 99 31 74
32 1 234 394 62 120
32 2 223 282 47 97
32 3 314 193 33 81
32 4 348 97 31 74
33 1 234 393 62 120
33 2 223 285 45 94
33 3 314 187 34 83
33 4 348 98 31 73
34 1 234 392 61 120
34 2 223 284 47 98
34 3 313 187 36 87
34 4 348 96 31 74
35 1 233 389 64 125
35 2 223 283 46 96
35 3 314 184 35 87
35 4 348 95 32 77
36 1 232 387 65 126
36 2 223 287 46 94
36 3 315 185 34 88
36 4 349 95 31 73
37 1 232 387 65 126
37 2 223 286 45 95
37 3 315 183 33 89
37 4 348 94 33 77
38 1 232 385 65 126
38 2 222 283 51 97
38 3 316 180 33 86
38 4 348 92 34 81
39 1 232 384 64 126
39 2 222 285 51 101
39 3 315 183 33 83
39 4 348 91 34 81
40 1 232 384 64 126
40 2 222 283 54 101
40 3 315 182 33 89
40 4 348 91 35 81
41 1 231 381 59 122
41 2 222 284 54 98
41 3 315 183 33 87
41 4 349 91 33 77
42 1 231 379 62 122
42 2 222 283 47 99
42 3 315 183 33 85
42 4 351 91 32 77
43 1 231 377 61 123
43 2 222 283 49 95
43 3 315 183 33 85
43 4 351 89 32 77
44 1 231 376 64 121
44 2 222 283 44 108
44 3 315 181 33 86
44 4 352 89 30 74
45 1 231 375 62 121
45 2 222 283 44 95
45 3 316 181 33 85
45 4 352 89 30 73
46 1 231 374 61 119
46 2 223 283 43 97
46 3 316 179 33 87
46 4 352 87 31 73
47 1 232 373 61 119
47 2 222 283 44 96
47 3 316 179 33 86
47 4 353 88 29 70
48 1 231 372 62 119
48 2 222 283 44 95
48 3 315 179 33 87
48 4 353 85 31 74
49 1 231 371 62 119
49 2 223 282 43 93
49 3 315 177 33 90
49 4 353 85 31 74
50 1 231 371 62 119
50 2 223 280 45 100
50 3 315 177 33 87
50 4 354 84 31 74
51 1 232 370 62 119
51 2 225 280 42 99
51 3 315 176 32 89
51 4 354 83 31 73
52 1 232 370 62 118
52 2 225 279 43 101
52 3 316 169 33 92
52 4 355 83 31 73
53 1 233 368 62 119
53 2 222 279 46 100
53 3 315 168 33 92
53 4 356 81 31 73
54 1 233 368 62 119
54 2 222 283 46 100
54 3 316 169 31 88
54 4 356 81 31 73
55 1 234 367 56 123
55 2 222 283 45 95
55 3 316 169 32 88
55 4 357 81 31 73
56 1 236 366 57 123
56 2 222 284 46 96
56 3 316 167 32 88
56 4 357 80 31 73
57 1 237 365 57 123
57 2 223 283 46 97
57 3 316 166 31 88
57 4 357 80 31 73
58 1 238 363 57 123
58 2 223 284 46 95
58 3 316 167 33 89
58 4 357 78 31 73
59 1 239 362 56 123
59 2 223 283 46 95
59 3 317 168 31 85
59 4 355 78 34 77
60 1 239 361 57 123
60 2 223 283 46 95
60 3 317 165 31 88
60 4 359 77 31 74
61 1 240 361 57 123
61 2 223 283 46 95
61 3 317 164 32 88
61 4 358 77 31 73
62 1 240 360 57 123
62 2 223 283 46 96
62 3 318 165 30 83
62 4 360 77 29 70
63 1 241 358 56 124
63 2 223 283 46 96
63 3 318 165 30 83
63 4 361 76 29 70
64 1 242 358 54 118
64 2 230 283 39 95
64 3 318 164 30 83
64 4 361 76 29 70
65 1 243 356 54 118
65 2 231 283 38 94
65 3 318 162 31 88
65 4 362 77 28 67
66 1 243 356 54 117
66 2 231 286 38 93
66 3 319 161 31 88
66 4 362 75 29 70
67 1 244 355 54 118
67 2 231 285 38 96
67 3 319 160 31 88
67 4 363 75 29 69
68 1 245 355 54 117
68 2 231 286 39 94
68 3 320 159 31 88
68 4 364 74 29 70
69 1 244 352 56 123
69 2 232 285 37 93
69 3 321 161 31 86
69 4 363 73 31 73
70 1 245 354 54 118
70 2 231 285 39 95
70 3 321 161 32 84
70 4 365 73 29 69
71 1 245 353 54 118
71 2 229 285 40 93
71 3 322 161 31 84
71 4 365 72 29 70
72 1 245 351 54 118
72 2 231 285 39 96
72 3 322 159 32 84
72 4 366 73 29 69
73 1 246 351 54 118
73 2 231 286 38 97
73 3 323 157 31 86
73 4 365 73 30 75
74 1 246 349 54 118
74 2 231 286 38 93
74 3 324 158 31 83
74 4 366 73 30 75
75 1 246 348 54 118
75 2 233 279 36 102
75 3 324 156 32 84
75 4 367 72 30 75
76 1 246 348 54 118
76 2 232 282 37 99
76 3 324 156 31 84
76 4 368 71 30 75
77 1 246 347 54 118
77 2 233 282 37 96
77 3 324 151 32 88
77 4 368 70 30 75
78 1 246 347 54 118
78 2 233 282 43 94
78 3 325 150 31 88
78 4 369 70 30 75
79 1 246 348 54 118
79 2 228 283 46 95
79 3 325 150 32 88
79 4 369 69 30 75
80 1 246 347 54 118
80 2 230 282 46 98
80 3 325 149 32 88
80 4 370 68 30 75
81 1 246 346 54 118
81 2 224 282 53 99
81 3 327 150 29 84
81 4 370 65 32 79
82 1 246 346 54 118
82 2 224 282 52 97
82 3 327 153 30 80
82 4 371 67 30 75
83 1 246 346 54 118
83 2 223 281 55 99
83 3 327 154 30 79
83 4 372 67 30 75
84 1 246 347 54 117
84 2 224 281 52 97
84 3 329 153 28 78
84 4 372 66 30 75
85 1 246 350 54 114
85 2 224 280 50 101
85 3 329 150 28 80
85 4 371 64 32 79
86 1 245 348 54 115
86 2 224 280 55 98
86 3 328 147 30 84
86 4 372 63 32 79
87 1 245 347 54 116
87 2 230 279 46 101
87 3 329 147 30 84
87 4 372 62 32 79
88 1 244 347 54 115
88 2 228 282 46 96
88 3 329 146 30 84
88 4 372 62 32 79
89 1 244 344 54 118
89 2 229 280 49 96
89 3 329 146 30 83
89 4 373 62 32 79
90 1 244 346 54 117
90 2 229 279 50 97
90 3 330 147 29 79
90 4 374 62 30 75
91 1 244 342 54 118
91 2 228 279 41 104
91 3 329 145 30 83
91 4 375 62 30 75
92 1 243 342 54 116
92 2 230 281 46 92
92 3 330 146 29 79
92 4 374 61 31 75
93 1 244 339 54 118
93 2 230 275 46 102
93 3 330 145 29 79
93 4 374 59 32 79
94 1 243 337 57 116
94 2 228 277 42 105
94 3 331 144 29 80
94 4 374 59 32 78
95 1 242 334 51 121
95 2 228 277 42 105
95 3 331 143 29 80
95 4 374 59 32 78
96 1 244 335 52 120
96 2 228 277 42 105
96 3 331 142 29 80
96 4 375 59 32 78
97 1 244 334 52 120
97 2 232 273 45 109
97 3 332 141 29 80
97 4 374 58 32 78
98 1 243 331 54 126
98 2 231 272 46 114
98 3 332 141 29 80
98 4 375 57 32 78
99 1 243 334 54 123
99 2 230 274 47 114
99 3 333 141 29 80
99 4 375 56 32 78
100 1 243 330 54 126
100 2 231 274 46 113
100 3 332 141 29 79
100 4 376 56 32 78
101 1 244 332 54 126
101 2 230 273 47 114
101 3 333 140 29 79
101 4 375 55 32 78
102 1 243 333 54 122
102 2 231 272 46 114
102 3 334 140 29 80
102 4 375 54 32 79
103 1 244 334 51 116
103 2 231 272 47 113
103 3 334 138 30 83
103 4 376 53 32 79
104 1 245 333 52 118
104 2 232 272 46 114
104 3 335 138 29 83
104 4 376 53 32 79
105 1 245 328 52 121
105 2 232 271 46 113
105 3 335 137 29 83
105 4 376 54 32 79
106 1 246 334 54 114
106 2 231 267 49 119
106 3 335 137 30 83
106 4 377 54 30 75
107 1 246 332 54 116
107 2 231 267 49 120
107 3 336 137 30 83
107 4 377 54 31 74
108 1 246 330 54 121
108 2 232 266 48 119
108 3 337 135 30 84
108 4 379 55 28 71
109 1 248 330 54 121
109 2 233 265 48 120
109 3 338 135 29 80
109 4 380 55 27 68
110 1 247 329 54 121
110 2 233 265 48 119
110 3 339 135 29 79
110 4 380 55 26 65
111 1 247 328 54 121
111 2 233 265 49 119
111 3 340 134 29 80
111 4 377 55 33 73
112 1 249 329 54 117
112 2 238 264 44 114
112 3 341 133 28 80
112 4 377 55 33 73
113 1 249 326 54 121
113 2 238 267 44 114
113 3 342 133 28 79
113 4 377 55 33 73
114 1 250 330 54 115
114 2 238 264 44 111
114 3 342 132 28 80
114 4 378 54 33 73
115 1 251 327 54 120
115 2 238 266 44 111
115 3 343 131 28 79
115 4 377 52 34 74
116 1 252 328 54 121
116 2 238 265 44 112
116 3 344 130 28 80
116 4 377 52 34 73
117 1 252 327 54 116
117 2 239 266 43 112
117 3 344 129 28 80
117 4 377 51 35 77
118 1 254 327 53 116
118 2 240 265 44 111
118 3 345 130 27 76
118 4 377 50 35 77
119 1 254 326 54 112
119 2 240 265 44 112
119 3 346 130 27 76
119 4 377 48 35 77
120 1 255 322 54 115
120 2 240 265 44 111
120 3 346 129 28 76
120 4 377 47 35 77
121 1 255 321 55 115
121 2 241 265 44 112
121 3 346 130 28 75
121 4 377 47 35 77
122 1 257 321 54 114
122 2 240 262 46 117
122 3 347 129 27 75
122 4 377 46 35 77
123 1 258 320 51 111
123 2 241 265 44 111
123 3 347 128 28 75
123 4 377 46 35 77
124 1 258 320 51 111
124 2 242 268 46 99
124 3 347 127 28 76
124 4 376 45 35 77
125 1 259 320 51 111
125 2 243 269 50 97
125 3 348 126 27 76
125 4 377 45 35 77
126 1 259 320 51 111
126 2 243 267 46 100
126 3 349 126 27 76
126 4 376 45 35 77
127 1 260 320 51 110
127 2 242 265 50 102
127 3 349 126 27 76
127 4 376 45 35 77
128 1 261 320 51 110
128 2 242 265 52 103
128 3 349 124 27 76
128 4 376 45 35 77
129 1 261 317 52 111
129 2 241 263 53 106
129 3 350 124 27 75
129 4 376 45 34 77
130 1 262 316 51 111
130 2 241 265 52 106
130 3 349 121 29 79
130 4 376 44 34 77
131 1 261 313 54 116
131 2 241 259 56 112
131 3 349 121 29 79
131 4 376 45 33 73
132 1 261 313 54 116
132 2 241 259 53 109
132 3 350 122 27 76
132 4 377 45 33 73
133 1 262 312 54 116
133 2 241 260 53 110
133 3 351 121 27 75
133 4 376 42 34 77
134 1 262 311 54 116
134 2 242 264 52 105
134 3 351 120 27 76
134 4 375 42 35 76
135 1 262 311 54 116
135 2 241 260 51 114
135 3 351 120 27 75
135 4 376 42 33 73
136 1 262 310 54 117
136 2 242 260 54 111
136 3 352 119 27 76
136 4 375 41 33 73
137 1 265 312 51 111
137 2 241 260 48 122
137 3 351 116 28 80
137 4 375 39 34 71
138 1 265 313 51 110
138 2 242 263 46 117
138 3 352 116 28 79
138 4 375 39 34 70
139 1 263 308 54 117
139 2 244 264 44 106
139 3 352 116 29 80
139 4 375 39 33 68
140 1 263 308 54 117
140 2 244 266 44 106
140 3 352 115 29 79
140 4 376 41 33 66
141 1 264 308 54 117
141 2 245 265 44 107
141 3 352 114 29 79
141 4 376 40 30 66
142 1 265 307 53 116
142 2 244 265 44 107
142 3 353 114 29 79
142 4 377 41 27 64
143 1 265 306 53 116
143 2 244 265 44 107
143 3 354 114 29 79
143 4 377 41 30 66
144 1 265 307 51 111
144 2 245 264 44 107
144 3 354 113 29 79
144 4 377 40 30 66
145 1 266 307 51 111
145 2 244 265 51 99
145 3 356 113 27 76
145 4 377 40 30 66
146 1 266 305 51 111
146 2 244 264 49 102
146 3 358 113 27 75
146 4 377 39 30 67
147 1 265 302 53 117
147 2 244 264 44 101
147 3 359 113 27 75
147 4 377 40 29 64
148 1 268 306 46 109
148 2 245 264 50 103
148 3 360 112 27 75
148 4 377 40 29 64
149 1 268 305 46 110
149 2 245 264 44 106
149 3 361 111 27 75
149 4 376 39 29 63
150 1 270 304 46 110
150 2 252 263 39 110
150 3 362 110 27 75
150 4 377 38 29 63
151 1 266 302 55 112
151 2 252 263 39 104
151 3 362 109 28 75
151 4 377 38 29 63
152 1 266 302 55 112
152 2 246 260 46 112
152 3 363 108 28 75
152 4 377 37 29 63
153 1 267 303 52 107
153 2 247 261 45 107
153 3 364 107 27 76
153 4 377 38 29 63
154 1 268 302 51 107
154 2 248 261 44 107
154 3 365 106 27 76
154 4 377 37 27 60
155 1 268 302 51 107
155 2 248 261 44 107
155 3 365 106 32 74
155 4 377 37 27 60
156 1 268 301 56 107
156 2 248 260 45 107
156 3 364 105 32 74
156 4 377 36 27 60
157 1 268 298 57 112
157 2 248 260 45 107
157 3 365 106 31 74
157 4 377 35 27 60
158 1 269 298 61 111
158 2 249 261 44 107
158 3 366 106 30 70
158 4 376 35 27 60
159 1 269 297 61 112
159 2 250 260 44 107
159 3 367 106 30 70
159 4 376 35 27 60
160 1 271 299 60 106
160 2 250 259 44 107
160 3 366 106 30 70
160 4 377 35 27 60
161 1 271 298 61 107
161 2 250 259 44 107
161 3 367 107 29 67
161 4 376 34 27 60
162 1 270 298 61 106
162 2 250 259 45 107
162 3 367 104 30 70
162 4 376 34 27 60
163 1 270 297 61 107
163 2 251 259 44 107
163 3 367 104 30 70
163 4 376 34 27 60
164 1 270 298 61 106
164 2 252 259 44 107
164 3 367 104 30 70
164 4 375 34 27 60
165 1 272 298 61 107
165 2 252 259 44 107
165 3 368 104 30 70
165 4 376 33 27 60
166 1 272 296 61 107
166 2 253 259 44 107
166 3 367 103 31 70
166 4 376 34 26 57
167 1 272 297 61 106
167 2 253 259 44 107
167 3 368 103 30 70
167 4 375 34 26 57
168 1 273 297 62 109
168 2 253 258 44 107
168 3 367 102 31 70
168 4 374 33 27 60
169 1 274 297 56 106
169 2 254 257 45 107
169 3 367 101 31 69
169 4 375 33 26 57
170 1 274 297 59 106
170 2 254 257 45 107
170 3 367 100 30 70
170 4 374 32 27 60
171 1 281 296 52 106
171 2 253 257 44 106
171 3 367 99 30 70
171 4 373 32 27 59
172 1 276 295 56 106
172 2 253 256 44 107
172 3 367 99 31 69
172 4 372 30 29 62
173 1 278 295 56 106
173 2 253 256 44 107
173 3 367 98 30 70
173 4 372 30 29 62
174 1 279 294 56 107
174 2 252 253 46 112
174 3 367 97 30 70
174 4 372 30 29 62
175 1 284 295 47 105
175 2 252 252 46 112
175 3 367 98 29 67
175 4 371 28 29 63
176 1 284 297 48 103
176 2 252 251 47 112
176 3 367 98 29 67
176 4 371 28 29 63
177 1 282 293 49 106
177 2 252 250 47 112
177 3 368 99 27 63
177 4 370 28 29 63
178 1 283 291 48 107
178 2 252 249 46 108
178 3 367 98 29 67
178 4 371 27 29 63
179 1 283 290 53 106
179 2 252 248 46 112
179 3 367 97 29 66
179 4 370 27 29 63
180 1 289 291 45 105
180 2 251 248 46 112
180 3 367 97 29 66
180 4 370 27 29 63
181 1 289 291 45 104
181 2 252 246 46 113
181 3 368 96 29 67
181 4 370 27 29 63
182 1 290 290 43 98
182 2 252 246 46 113
182 3 367 95 29 66
182 4 370 26 29 63
183 1 291 291 44 100
183 2 253 247 44 107
183 3 368 95 29 66
183 4 370 26 29 63
184 1 291 289 45 104
184 2 254 250 42 102
184 3 368 94 29 66
184 4 370 25 29 63
185 1 292 288 43 101
185 2 252 247 44 107
185 3 368 93 29 67
185 4 369 25 29 63
186 1 293 286 41 107
186 2 252 246 44 107
186 3 369 93 29 66
186 4 370 25 28 63
187 1 295 287 39 102
187 2 253 245 44 107
187 3 369 92 30 66
187 4 369 25 29 63
188 1 297 287 40 101
188 2 252 245 44 107
188 3 369 90 31 69
188 4 369 23 29 63
189 1 295 284 41 107
189 2 252 245 44 107
189 3 369 89 30 70
189 4 369 22 29 63
190 1 297 285 39 106
190 2 252 244 44 107
190 3 369 87 31 70
190 4 369 21 29 66
191 1 291 284 53 106
191 2 252 244 44 107
191 3 369 87 31 70
191 4 369 21 29 63
192 1 294 285 50 101
192 2 252 243 44 107
192 3 370 86 30 70
192 4 369 19 29 66
193 1 294 286 50 101
193 2 252 243 44 107
193 3 369 86 31 69
193 4 369 19 29 66
194 1 294 285 50 101
194 2 252 242 44 107
194 3 370 86 29 67
194 4 369 18 29 66
195 1 294 281 52 107
195 2 252 241 44 107
195 3 370 86 29 71
195 4 369 18 29 65
196 1 294 280 53 107
196 2 252 240 44 107
196 3 370 85 29 71
196 4 369 17 30 66
197 1 295 278 53 107
197 2 252 239 44 107
197 3 370 84 30 71
197 4 369 17 29 66
198 1 294 274 56 113
198 2 253 242 42 102
198 3 370 84 29 71
198 4 368 17 30 65
199 1 295 273 55 113
199 2 254 241 42 103
199 3 369 83 29 71
199 4 368 17 30 66
200 1 295 273 56 113
200 2 254 240 42 102
200 3 369 83 29 71
200 4 369 17 29 65
201 1 294 271 58 117
201 2 254 239 42 103
201 3 369 83 29 70
201 4 369 17 29 65
202 1 295 270 58 118
202 2 253 236 44 107
202 3 369 82 29 70
202 4 369 17 29 65
203 1 296 270 58 118
203 2 253 236 44 107
203 3 369 82 29 70
203 4 369 17 29 65
204 1 296 269 58 118
204 2 254 234 44 107
204 3 369 80 29 70
204 4 368 16 29 65
205 1 297 268 58 118
205 2 254 233 44 107
205 3 369 78 29 71
205 4 368 16 29 65
206 1 297 268 58 118
206 2 254 233 45 108
206 3 369 79 28 67
206 4 368 15 29 66
207 1 298 266 58 117
207 2 254 232 45 107
207 3 369 79 28 67
207 4 368 14 29 66
208 1 298 266 58 117
208 2 253 228 47 113
208 3 369 78 28 67
208 4 367 13 30 66
209 1 300 265 58 118
209 2 254 228 47 113
209 3 369 77 28 68
209 4 367 13 30 66
210 1 300 265 58 118
210 2 254 227 47 113
210 3 369 77 28 68
210 4 368 13 29 66
211 1 300 264 58 117
211 2 254 227 47 112
211 3 370 77 27 67
211 4 368 12 30 66
212 1 301 264 58 118
212 2 256 228 44 108
212 3 370 77 27 68
212 4 368 12 29 66
213 1 302 264 58 117
213 2 256 227 45 108
213 3 370 77 27 68
213 4 368 12 29 66
214 1 310 266 53 104
214 2 256 228 44 107
214 3 369 76 29 70
214 4 368 12 30 66
215 1 312 263 52 110
215 2 256 227 44 108
215 3 370 75 29 71
215 4 368 11 29 66
216 1 312 263 53 107
216 2 256 227 44 108
216 3 369 75 29 70
216 4 368 11 29 66
217 1 304 264 62 111
217 2 254 225 47 112
217 3 370 74 29 71
217 4 368 12 29 63
218 1 305 263 62 111
218 2 254 224 47 113
218 3 370 74 29 71
218 4 368 11 30 66
219 1 305 262 62 111
219 2 254 224 46 112
219 3 370 73 29 71
219 4 369 11 29 66
220 1 307 261 61 112
220 2 254 224 46 113
220 3 371 73 30 70
220 4 368 11 30 66
221 1 308 261 61 112
221 2 255 226 44 108
221 3 372 72 29 71
221 4 369 11 29 66
222 1 309 260 61 112
222 2 255 226 45 107
222 3 372 71 30 71
222 4 370 11 29 66
223 1 310 259 62 111
223 2 255 225 44 108
223 3 373 71 29 70
223 4 369 10 30 66
224 1 312 262 62 107
224 2 255 224 44 107
224 3 373 70 29 71
224 4 370 10 29 66
225 1 315 259 55 107
225 2 256 226 42 102
225 3 374 70 29 70
225 4 371 8 29 66
226 1 319 257 55 107
226 2 256 225 42 103
226 3 373 70 30 70
226 4 372 9 28 63
227 1 320 257 55 107
227 2 255 225 42 103
227 3 374 69 30 71
227 4 371 9 29 63
228 1 321 257 55 107
228 2 255 224 42 103
228 3 374 68 30 70
228 4 372 7 29 62
229 1 322 256 55 107
229 2 254 221 44 107
229 3 375 70 28 67
229 4 372 7 29 62
230 1 324 256 53 107
230 2 254 223 42 103
230 3 376 69 28 67
230 4 373 7 27 59
231 1 326 256 53 107
231 2 254 223 42 102
231 3 376 69 28 67
231 4 374 7 27 59
232 1 327 256 53 107
232 2 254 222 42 102
232 3 375 69 28 67
232 4 374 7 27 59
233 1 328 254 53 108
233 2 254 222 42 102
233 3 375 68 28 67
233 4 374 5 27 60
234 1 328 255 54 107
234 2 254 222 42 102
234 3 377 68 27 67
234 4 375 5 27 60
235 1 330 253 53 108
235 2 254 222 42 102
235 3 376 68 28 67
235 4 375 6 27 59
236 1 330 253 54 107
236 2 255 224 40 97
236 3 377 69 27 64
236 4 375 5 27 60
237 1 331 252 54 107
237 2 255 224 40 97
237 3 377 68 26 64
237 4 375 5 27 60
238 1 331 252 54 107
238 2 254 221 42 103
238 3 377 68 26 64
238 4 376 5 27 60
239 1 333 251 54 107
239 2 252 218 44 107
239 3 377 66 27 64
239 4 376 6 26 57
240 1 333 251 54 107
240 2 251 216 46 112
240 3 377 66 26 64
240 4 377 5 25 57
241 1 334 250 53 107
241 2 250 215 47 113
241 3 377 65 27 64
241 4 376 4 27 59
242 1 334 250 54 107
242 2 252 217 44 107
242 3 377 64 27 64
242 4 376 5 27 59
243 1 335 250 54 107
243 2 251 217 44 107
243 3 377 64 27 64
243 4 377 4 27 59
244 1 336 250 53 107
244 2 250 214 46 113
244 3 376 63 27 64
244 4 377 3 27 60
245 1 336 250 54 107
245 2 250 213 47 113
245 3 376 63 27 64
245 4 377 3 27 60
246 1 336 248 54 107
246 2 250 213 46 113
246 3 376 62 27 64
246 4 377 3 27 59
247 1 337 248 53 107
247 2 251 216 44 107
247 3 377 62 27 64
247 4 377 2 27 60
248 1 336 245 50 108
248 2 252 214 44 108
248 3 377 63 27 64
248 4 378 2 27 60
249 1 338 245 52 111
249 2 252 213 44 108
249 3 377 61 28 67
249 4 378 2 27 59
250 1 344 246 40 108
250 2 252 213 44 107
250 3 376 61 28 67
250 4 379 1 27 60
251 1 348 245 34 103
251 2 252 212 44 107
251 3 376 59 29 70
251 4 379 2 27 59
252 1 346 245 40 100
252 2 252 212 44 107
252 3 376 59 30 70
252 4 379 1 27 59
253 1 349 244 36 103
253 2 252 211 44 107
253 3 376 59 29 70
253 4 379 2 27 59
254 1 347 242 38 105
254 2 252 211 44 107
254 3 377 58 29 70
254 4 379 1 28 62
255 1 348 243 37 105
255 2 253 210 44 107
255 3 377 58 29 70
255 4 379 1 29 62
256 1 348 241 41 100
256 2 253 210 44 107
256 3 378 57 29 70
256 4 380 0 28 63
257 1 350 241 38 104
257 2 253 210 44 107
257 3 378 56 29 70
257 4 380 0 29 63
258 1 350 244 39 99
258 2 253 208 44 107
258 3 379 56 29 70
258 4 381 0 28 62
259 1 354 239 39 103
259 2 253 209 42 103
259 3 380 57 27 67
259 4 382 0 28 63
260 1 351 241 40 102
260 2 254 211 40 97
260 3 380 56 28 67
260 4 382 0 29 62
261 1 349 240 48 98
261 2 254 211 40 97
261 3 381 55 27 67
261 4 383 -2 28 63
262 1 351 237 42 102
262 2 254 211 40 97
262 3 381 55 28 67
262 4 384 -2 27 59
263 1 351 240 49 99
263 2 253 210 40 97
263 3 381 54 28 67
263 4 385 -1 26 57
264 1 350 238 50 100
264 2 253 210 40 97
264 3 382 55 26 64
264 4 386 -1 25 56
265 1 351 238 42 102
265 2 254 211 40 97
265 3 382 55 27 64
265 4 386 -2 25 56
266 1 351 237 46 103
266 2 253 209 40 97
266 3 383 55 26 64
266 4 387 -2 25 56
267 1 350 236 49 103
267 2 254 209 40 97
267 3 382 55 27 63
267 4 387 -2 25 56
268 1 353 238 43 102
268 2 254 209 40 97
268 3 383 55 26 63
268 4 388 -4 26 57
269 1 354 237 43 106
269 2 254 209 40 97
269 3 383 55 27 64
269 4 387 -4 26 57
270 1 354 235 50 108
270 2 253 209 40 97
270 3 383 54 26 64
270 4 388 -4 26 57
271 1 354 235 46 101
271 2 253 209 40 97
271 3 383 54 26 63
271 4 389 -5 26 57
272 1 355 233 46 102
272 2 253 207 40 98
272 3 383 54 27 63
272 4 388 -5 26 57
273 1 354 232 54 108
273 2 254 207 40 98
273 3 383 52 26 64
273 4 389 -5 26 57
274 1 358 231 45 101
274 2 253 207 40 97
274 3 383 51 27 64
274 4 389 -5 26 57
275 1 362 232 41 99
275 2 253 207 40 98
275 3 383 51 27 64
275 4 390 -5 26 57
276 1 362 230 40 98
276 2 254 207 40 98
276 3 384 52 25 61
276 4 389 -5 26 57
277 1 356 230 51 96
277 2 254 207 40 97
277 3 383 51 26 60
277 4 390 -4 26 57
278 1 361 230 44 94
278 2 254 207 40 98
278 3 384 51 25 61
278 4 391 -5 25 54
279 1 364 228 45 94
279 2 254 207 40 98
279 3 384 51 25 60
279 4 391 -4 25 54
280 1 364 226 43 98
280 2 254 207 40 97
280 3 384 50 25 61
280 4 391 -5 25 55
281 1 364 227 41 96
281 2 252 204 42 103
281 3 384 50 26 61
281 4 391 -5 25 54
282 1 368 226 38 92
282 2 253 203 42 103
282 3 384 51 25 60
282 4 391 -6 25 55
283 1 367 227 40 90
283 2 253 204 42 102
283 3 384 51 25 60
283 4 391 -5 25 54
284 1 365 227 39 93
284 2 253 203 42 102
284 3 383 49 27 64
284 4 392 -7 26 57
285 1 368 226 43 98
285 2 254 205 40 97
285 3 384 50 27 64
285 4 391 -7 26 57
286 1 368 224 45 101
286 2 254 205 40 97
286 3 384 49 26 64
286 4 391 -7 26 57
287 1 364 224 50 101
287 2 254 205 40 97
287 3 384 49 26 64
287 4 392 -6 26 57
288 1 364 223 47 102
288 2 255 204 40 97
288 3 385 48 26 64
288 4 392 -6 26 57
289 1 365 221 47 103
289 2 254 204 40 97
289 3 385 48 26 64
289 4 392 -6 26 57
290 1 365 224 45 99
290 2 255 203 40 97
290 3 385 47 27 64
290 4 392 -6 26 57
291 1 365 224 44 99
291 2 255 203 40 97
291 3 386 48 27 64
291 4 393 -7 26 57
292 1 365 221 45 101
292 2 256 201 40 98
292 3 386 45 28 67
292 4 393 -7 26 57
293 1 365 222 46 101
293 2 256 201 40 97
293 3 386 45 28 67
293 4 393 -7 26 57
294 1 367 220 42 98
294 2 256 201 40 97
294 3 386 44 28 67
294 4 394 -7 26 57
295 1 368 217 46 98
295 2 257 199 40 98
295 3 387 44 28 66
295 4 394 -7 26 57
296 1 368 216 46 97
296 2 258 198 40 97
296 3 387 43 28 67
296 4 395 -8 26 57
297 1 368 215 46 97
297 2 258 199 40 97
297 3 388 42 28 67
297 4 396 -8 25 57
298 1 368 214 46 97
298 2 259 197 40 97
298 3 389 42 27 67
298 4 395 -8 26 57
299 1 369 213 46 98
299 2 259 197 40 97
299 3 389 43 27 64
299 4 396 -9 26 57
300 1 369 212 46 98
300 2 257 194 43 103
300 3 389 43 27 64
300 4 397 -10 25 57
301 1 369 211 46 98
301 2 258 192 42 103
301 3 389 43 26 64
301 4 396 -11 26 57
302 1 370 211 46 97
302 2 259 192 42 102
302 3 389 43 26 63
302 4 397 -12 26 57
303 1 370 211 46 98
303 2 259 192 42 102
303 3 389 43 27 63
303 4 397 -11 25 54
304 1 368 208 48 102
304 2 259 191 42 103
304 3 390 43 25 60
304 4 398 -10 25 54
305 1 369 207 48 103
305 2 259 191 42 102
305 3 390 41 26 64
305 4 398 -11 25 54
306 1 369 212 43 98
306 2 259 190 42 103
306 3 390 42 25 61
306 4 398 -10 24 54
307 1 369 211 44 97
307 2 261 193 40 98
307 3 390 42 25 60
307 4 399 -11 24 54
308 1 370 211 45 97
308 2 260 192 40 98
308 3 390 41 26 61
308 4 399 -11 24 54
309 1 370 207 46 101
309 2 260 192 40 97
309 3 390 41 26 60
309 4 399 -12 24 54
310 1 370 208 45 98
310 2 261 192 40 97
310 3 390 42 24 57
310 4 398 -12 25 54
311 1 374 209 39 96
311 2 260 191 40 97
311 3 390 39 25 60
311 4 399 -12 24 54
312 1 371 209 44 97
312 2 260 191 40 97
312 3 390 38 25 61
312 4 399 -12 24 54
313 1 374 207 42 99
313 2 260 191 40 97
313 3 390 38 25 60
313 4 399 -12 23 52
314 1 371 204 48 102
314 2 260 191 40 97
314 3 390 39 26 60
314 4 400 -11 22 49
315 1 373 204 48 102
315 2 260 191 40 97
315 3 390 39 26 60
315 4 400 -12 22 49
316 1 373 200 48 103
316 2 260 191 40 97
316 3 390 38 25 61
316 4 400 -11 22 49
317 1 374 199 48 102
317 2 261 190 40 97
317 3 391 39 25 60
317 4 400 -12 22 49
318 1 375 199 48 102
318 2 261 189 40 97
318 3 390 37 26 61
318 4 400 -12 22 49
319 1 375 198 48 102
319 2 260 189 40 97
319 3 390 37 26 61
319 4 400 -13 22 49
320 1 375 195 50 108
320 2 260 187 42 103
320 3 390 38 26 60
320 4 400 -13 22 49
321 1 375 195 50 108
321 2 260 186 42 102
321 3 391 37 25 61
321 4 400 -12 22 49
322 1 373 193 53 105
322 2 259 186 42 102
322 3 391 37 25 61
322 4 400 -12 22 49
323 1 383 196 41 93
323 2 259 186 42 103
323 3 392 38 25 60
323 4 399 -14 23 52
324 1 376 196 53 98
324 2 260 185 42 93
324 3 392 37 25 61
324 4 399 -14 23 52
325 1 379 197 46 91
325 2 261 186 42 93
325 3 392 36 25 61
325 4 399 -14 23 52
326 1 377 196 53 98
326 2 260 186 42 92
326 3 393 37 25 60
326 4 399 -13 23 51
327 1 377 196 53 98
327 2 260 186 42 92
327 3 393 36 26 60
327 4 400 -14 23 52
328 1 377 196 53 98
328 2 261 185 42 93
328 3 394 35 25 60
328 4 400 -13 23 51
329 1 378 195 53 97
329 2 261 185 42 93
329 3 394 35 25 60
329 4 400 -14 23 52
330 1 376 193 55 103
330 2 261 185 42 93
330 3 394 33 25 61
330 4 400 -13 23 51
331 1 376 193 55 103
331 2 261 185 42 92
331 3 394 33 26 60
331 4 400 -14 23 52
332 1 376 192 55 103
332 2 262 184 42 92
332 3 395 33 25 60
332 4 400 -14 23 51
333 1 376 190 56 103
333 2 261 185 44 98
333 3 395 32 25 60
333 4 401 -15 23 52
334 1 379 190 47 97
334 2 260 185 44 97
334 3 395 32 25 61
334 4 400 -15 23 52
335 1 381 189 44 100
335 2 261 185 44 98
335 3 395 32 26 60
335 4 400 -14 23 51
336 1 375 188 56 103
336 2 261 185 44 98
336 3 395 32 25 61
336 4 401 -16 23 52
337 1 378 188 48 102
337 2 262 184 44 97
337 3 395 31 25 61
337 4 401 -16 23 52
338 1 379 188 48 103
338 2 263 180 43 93
338 3 395 32 25 60
338 4 401 -16 23 52
339 1 379 186 48 103
339 2 264 180 42 92
339 3 395 31 26 61
339 4 401 -16 23 51
340 1 378 186 48 103
340 2 264 179 42 93
340 3 395 31 26 60
340 4 401 -16 23 51
341 1 378 184 48 103
341 2 265 180 40 88
341 3 395 31 26 61
341 4 401 -18 24 54
342 1 378 183 48 103
342 2 266 180 40 88
342 3 395 30 26 60
342 4 401 -18 24 54
343 1 377 182 48 97
343 2 265 179 40 88
343 3 395 30 26 60
343 4 401 -18 24 54
344 1 378 180 48 96
344 2 265 179 40 88
344 3 395 29 25 60
344 4 400 -18 25 54
345 1 378 179 48 97
345 2 266 183 40 88
345 3 395 28 26 60
345 4 400 -18 25 54
346 1 377 178 48 97
346 2 267 179 39 84
346 3 395 27 26 60
346 4 400 -19 25 54
347 1 377 178 48 97
347 2 267 179 39 84
347 3 396 28 24 57
347 4 401 -19 24 54
348 1 377 177 48 97
348 2 267 178 38 84
348 3 396 28 24 57
348 4 401 -19 24 54
349 1 377 176 48 96
349 2 266 177 40 88
349 3 396 27 24 57
349 4 401 -19 24 54
350 1 376 175 48 96
350 2 266 176 40 88
350 3 396 27 24 57
350 4 400 -19 25 54
351 1 376 174 48 96
351 2 266 175 40 88
351 3 396 27 24 57
351 4 401 -19 23 51
352 1 377 174 48 96
352 2 266 176 40 88
352 3 397 27 24 57
352 4 401 -19 23 51
353 1 377 173 48 96
353 2 266 175 40 88
353 3 396 26 25 60
353 4 401 -19 23 51
354 1 376 172 48 97
354 2 266 175 40 88
354 3 396 26 25 60
354 4 401 -20 23 51
355 1 377 172 48 97
355 2 266 175 40 88
355 3 397 26 25 60
355 4 401 -21 23 52
356 1 378 171 46 92
356 2 266 173 40 88
356 3 397 26 26 60
356 4 401 -20 23 51
357 1 377 170 46 92
357 2 266 173 40 88
357 3 397 25 25 60
357 4 401 -21 23 52
358 1 376 169 48 96
358 2 266 174 40 88
358 3 398 25 25 60
358 4 402 -21 23 52
359 1 377 168 48 97
359 2 266 172 40 88
359 3 398 24 26 60
359 4 402 -22 23 52
360 1 378 169 46 92
360 2 266 171 40 88
360 3 398 23 26 60
360 4 401 -22 23 51
361 1 378 169 46 91
361 2 266 171 40 88
361 3 399 23 26 60
361 4 401 -22 23 52
362 1 378 169 46 91
362 2 266 170 40 88
362 3 399 22 26 61
362 4 402 -21 23 52
363 1 378 167 46 91
363 2 266 170 40 88
363 3 401 22 25 60
363 4 402 -20 23 51
364 1 378 166 46 92
364 2 266 169 40 88
364 3 401 21 26 60
364 4 401 -22 25 55
365 1 379 166 46 92
365 2 267 169 40 88
365 3 402 21 25 61
365 4 402 -23 25 55
366 1 379 166 46 91
366 2 267 169 40 88
366 3 401 21 26 60
366 4 402 -22 25 54
367 1 379 165 46 92
367 2 267 169 40 88
367 3 402 21 26 60
367 4 402 -22 25 55
368 1 378 164 46 91
368 2 267 169 40 88
368 3 403 20 25 60
368 4 403 -22 25 55
369 1 378 163 46 91
369 2 269 170 38 84
369 3 404 21 24 58
369 4 403 -22 25 54
370 1 378 162 46 92
370 2 268 170 39 84
370 3 404 22 24 57
370 4 404 -23 25 55
371 1 378 162 46 91
371 2 269 170 38 83
371 3 404 21 24 57
371 4 403 -22 25 54
372 1 379 162 44 88
372 2 268 170 39 83
372 3 404 20 24 57
372 4 404 -23 25 55
373 1 378 161 44 87
373 2 269 169 38 84
373 3 404 20 24 57
373 4 404 -24 25 55
374 1 378 160 44 87
374 2 268 169 39 83
374 3 404 19 24 57
374 4 405 -24 25 54
375 1 377 160 44 87
375 2 269 168 38 84
375 3 404 19 24 57
375 4 406 -24 23 51
376 1 377 159 44 87
376 2 269 168 39 83
376 3 405 20 23 54
376 4 407 -25 23 52
377 1 377 158 44 87
377 2 268 165 40 88
377 3 405 19 23 55
377 4 406 -25 24 51
378 1 377 158 44 87
378 2 269 164 40 88
378 3 406 19 23 54
378 4 408 -26 23 52
379 1 376 157 44 87
379 2 269 164 40 88
379 3 405 19 23 54
380 1 377 156 44 88
380 2 269 163 40 88
380 3 405 18 23 54
381 1 375 155 45 87
381 2 270 162 40 88
381 3 405 17 23 55
382 1 375 154 47 91
382 2 271 161 39 87
382 3 405 16 23 55
383 1 375 153 47 92
383 2 270 161 40 87
383 3 405 17 23 54
384 1 377 154 44 87
384 2 271 160 39 87
384 3 405 17 23 54
385 1 377 154 42 84
385 2 271 160 40 87
385 3 405 18 23 54
386 1 378 153 42 84
386 2 271 159 39 88
386 3 405 18 23 54
387 1 378 153 42 83
387 2 271 158 40 88
387 3 405 18 23 54
388 1 378 153 42 83
388 2 272 160 38 84
388 3 405 17 23 55
389 1 377 151 44 87
389 2 272 159 38 84
389 3 406 17 23 55
390 1 377 151 44 87
390 2 272 156 38 87
390 3 406 16 23 55
391 1 378 150 44 87
391 2 272 157 38 87
391 3 406 16 23 55
392 1 379 149 44 87
392 2 272 157 38 86
392 3 406 16 23 55
393 1 379 147 44 87
393 2 272 156 38 87
393 3 406 17 23 54
394 1 379 147 44 87
394 2 272 156 38 87
394 3 406 16 23 55
395 1 379 147 44 87
395 2 272 156 38 86
395 3 406 16 23 54
396 1 378 145 46 92
396 2 272 156 38 86
396 3 406 16 23 54
397 1 378 145 46 92
397 2 272 156 38 86
397 3 406 15 23 55
398 1 380 145 44 87
398 2 272 156 38 86
398 3 407 14 23 55
399 1 380 144 44 87
399 2 271 154 40 91
399 3 406 14 23 54
400 1 380 143 44 87
400 2 271 152 40 91
400 3 406 13 23 55
401 1 380 143 44 87
401 2 271 152 40 91
401 3 406 14 23 54
402 1 380 142 44 87
402 2 271 152 40 90
402 3 406 13 23 54
403 1 380 142 44 87
403 2 271 150 40 91
403 3 407 13 23 54
404 1 380 141 44 87
404 2 271 150 40 90
404 3 406 13 23 55
405 1 380 141 44 87
405 2 271 149 40 90
405 3 406 13 23 55
406 1 380 140 44 87
406 2 271 150 40 91
406 3 406 12 23 55
407 1 380 139 44 87
407 2 271 148 40 85
407 3 406 12 22 55
408 1 380 139 44 87
408 2 271 148 40 87
408 3 405 12 23 55
409 1 380 138 44 87
409 2 271 148 40 89
409 3 406 13 22 54
410 1 380 138 44 87
410 2 271 148 40 87
410 3 405 12 22 54
411 1 380 138 44 87
411 2 271 147 40 91
411 3 405 12 22 54
412 1 379 137 44 87
412 2 272 149 38 86
412 3 404 12 23 54
413 1 379 136 44 87
413 2 272 149 38 86
413 3 404 11 23 54
414 1 379 136 44 87
414 2 272 148 38 86
414 3 403 10 23 54
415 1 378 135 44 87
415 2 272 148 38 86
415 3 403 10 23 54
416 1 379 133 44 87
416 2 272 147 38 86
416 3 403 10 22 54
417 1 379 133 44 87
417 2 272 147 38 86
417 3 402 10 23 54
418 1 378 132 44 87
418 2 272 146 38 86
418 3 403 9 22 54
419 1 377 131 45 87
419 2 273 148 37 82
419 3 402 10 23 54
420 1 377 130 45 87
420 2 273 147 36 81
420 3 401 10 23 54
421 1 377 130 45 87
421 2 273 146 37 82
421 3 401 9 23 54
422 1 378 129 44 87
422 2 273 145 37 82
422 3 401 9 23 54
423 1 377 130 45 87
423 2 274 146 36 81
423 3 401 9 23 54
424 1 378 129 44 87
424 2 274 145 37 82
424 3 400 8 23 54
425 1 377 128 45 87
425 2 274 144 37 82
425 3 400 8 23 55
426 1 377 128 45 87
426 2 274 143 37 82
426 3 400 8 23 54
427 1 379 129 42 83
427 2 274 143 37 82
427 3 400 8 23 55
428 1 379 128 42 83
428 2 274 142 37 82
428 3 400 7 23 55
429 1 377 126 45 86
429 2 275 142 36 82
429 3 400 8 23 54
430 1 378 124 44 87
430 2 274 142 36 82
430 3 400 7 23 54
431 1 378 124 44 87
431 2 274 142 37 82
431 3 401 6 23 55
432 1 377 123 45 87
432 2 274 141 37 82
432 3 401 7 23 54
433 1 378 122 44 87
433 2 274 138 38 85
433 3 401 6 23 54
434 1 377 121 45 87
434 2 272 139 38 85
434 3 401 5 23 55
435 1 378 121 44 87
435 2 272 138 37 85
435 3 401 5 23 55
436 1 377 119 45 87
436 2 272 138 37 85
436 3 401 5 23 55
437 1 377 119 42 85
437 2 271 137 38 85
437 3 401 5 23 54
438 1 377 119 42 85
438 2 271 136 37 85
438 3 400 5 23 54
439 1 378 118 42 85
439 2 271 136 37 85
439 3 400 4 23 54
440 1 377 117 42 85
440 2 271 137 37 84
440 3 400 4 23 55
441 1 378 116 42 85
441 2 271 136 37 84
441 3 400 4 23 54
442 1 378 117 42 85
442 2 271 136 38 84
442 3 400 4 23 54
443 1 377 116 41 85
443 2 271 135 37 85
443 3 400 3 23 55
444 1 377 114 42 86
444 2 271 134 37 85
444 3 400 3 23 54
445 1 377 115 42 86
445 2 270 135 38 85
445 3 399 3 23 55
446 1 375 113 44 89
446 2 274 132 35 87
446 3 399 3 23 55
447 1 376 111 44 89
447 2 273 133 35 87
447 3 399 3 23 55
448 1 375 110 44 90
448 2 273 133 35 87
448 3 399 2 22 55
449 1 376 111 41 85
449 2 273 134 35 87
449 3 399 3 22 55
450 1 376 110 42 85
450 2 273 134 35 87
450 3 398 2 23 54
451 1 376 110 41 85
451 2 273 135 35 86
451 3 398 1 23 54
452 1 376 110 41 85
452 2 271 131 37 91
452 3 398 1 22 52
453 1 376 108 41 85
453 2 272 132 36 91
453 3 398 0 22 54
454 1 376 108 41 85
454 2 271 131 37 90
454 3 398 1 21 51
455 1 375 107 42 85
455 2 272 130 37 91
455 3 398 0 21 52
456 1 376 107 41 85
456 2 272 133 35 87
456 3 397 1 22 51
457 1 375 107 42 85
457 2 276 129 38 84
457 3 397 0 22 52
458 1 375 106 42 85
458 2 274 130 39 84
458 3 398 0 21 52
459 1 377 108 39 80
459 2 274 130 39 84
459 3 397 0 22 51
460 1 376 105 40 81
460 2 273 127 40 88
460 3 397 0 22 52
461 1 376 106 40 81
461 2 274 129 39 84
461 3 397 0 21 51
462 1 377 105 39 81
462 2 275 129 38 84
462 3 397 -1 21 52
463 1 377 104 39 81
463 2 275 129 38 84
463 3 397 -1 22 52
464 1 377 105 40 81
464 2 275 128 38 84
464 3 397 0 21 51
465 1 377 104 39 81
465 2 274 126 40 89
465 3 397 -1 21 52
466 1 376 102 42 85
466 2 273 128 41 88
466 3 397 -1 22 52
467 1 376 101 42 85
467 2 274 125 40 89
467 3 397 -2 22 52
468 1 377 100 41 85
468 2 274 125 41 89
468 3 397 -2 22 52
469 1 376 99 42 84
469 2 279 124 41 76
469 3 398 -2 21 52
470 1 377 99 42 85
470 2 280 124 40 77
470 3 397 -3 22 52
471 1 377 99 41 84
471 2 280 124 41 76
471 3 398 -3 21 52
472 1 377 97 42 85
472 2 280 124 41 76
472 3 397 -4 23 54
473 1 377 96 42 85
473 2 280 123 40 76
473 3 397 -4 23 54
474 1 377 96 42 85
474 2 280 123 41 77
474 3 397 -4 22 54
475 1 378 96 41 85
475 2 280 123 41 77
475 3 397 -4 22 54
476 1 377 95 42 85
476 2 281 123 40 77
476 3 396 -5 23 54
477 1 378 96 41 85
477 2 281 124 41 76
477 3 396 -5 23 54
478 1 377 94 42 85
478 2 281 124 40 76
478 3 397 -4 21 51
479 1 378 94 41 85
479 2 281 124 40 76
479 3 397 -4 21 51
480 1 377 94 41 85
480 2 281 121 41 76
480 3 396 -4 22 52
481 1 377 93 42 85
481 2 281 120 41 77
481 3 397 -5 21 52
482 1 377 93 42 85
482 2 282 120 41 76
482 3 397 -5 21 52
483 1 377 93 41 85
483 2 282 118 40 77
483 3 396 -4 21 51
484 1 377 93 42 85
484 2 281 118 41 77
484 3 396 -4 22 51
485 1 377 92 42 84
485 2 282 118 40 76
485 3 397 -4 20 50
486 1 377 91 42 85
486 2 282 117 41 77
486 3 396 -4 20 50
487 1 377 91 42 84
487 2 282 118 41 76
487 3 396 -5 21 49
488 1 377 90 41 84
488 2 283 117 40 77
488 3 396 -6 20 50
489 1 377 89 42 84
489 2 282 117 41 76
489 3 394 -5 22 50
490 1 377 88 41 85
490 2 284 116 40 76
490 3 395 -5 22 50
491 1 377 88 42 84
491 2 285 117 38 73
491 3 395 -6 22 50
492 1 378 89 39 80
492 2 285 117 38 73
492 3 394 -6 22 50
493 1 378 88 40 80
493 2 285 117 38 73
493 3 395 -7 22 50
494 1 378 87 39 80
494 2 285 116 38 73
494 3 394 -7 22 50
495 1 378 87 40 80
495 2 285 114 40 77
495 3 395 -6 21 47
496 1 378 85 39 81
496 2 285 114 41 76
496 3 394 -6 21 48
497 1 378 85 39 81
497 2 286 114 41 76
497 3 394 -5 21 47
498 1 379 85 38 77
498 2 287 113 41 77
498 3 394 -6 21 48
499 1 379 86 38 77
499 2 287 111 42 80
499 3 394 -6 21 48
500 1 378 85 38 77
500 2 288 110 42 80
500 3 394 -6 21 47
501 1 379 85 38 76
501 2 288 109 43 81
501 3 395 -6 21 48
502 1 378 84 38 76
502 2 289 109 43 81
502 3 394 -7 22 50
503 1 378 84 38 76
503 2 291 109 42 80
503 3 395 -7 22 50
504 1 377 83 38 77
504 2 292 108 42 80
504 3 394 -7 23 50
505 1 377 82 38 77
505 2 293 108 41 77
505 3 395 -7 22 50
506 1 378 83 36 73
506 2 293 109 41 76
506 3 395 -7 22 50
507 1 377 82 38 76
507 2 294 108 41 77
507 3 396 -8 22 50
508 1 376 81 38 77
508 2 295 108 40 77
508 3 396 -8 22 50
509 1 376 80 37 77
509 2 295 108 40 77
509 3 397 -8 22 50
510 1 376 80 37 77
510 2 295 107 41 77
510 3 396 -8 22 50
511 1 376 79 37 77
511 2 295 107 40 77
511 3 397 -9 22 50
512 1 375 79 38 77
512 2 295 108 40 76
512 3 397 -9 22 50
513 1 375 80 38 76
513 2 295 108 41 76
513 3 397 -9 22 50
514 1 375 79 38 77
514 2 295 108 41 76
514 3 398 -10 22 50
515 1 373 78 40 80
515 2 296 107 41 77
515 3 398 -10 22 50
516 1 373 78 40 80
516 2 296 108 40 76
516 3 397 -9 22 50
517 1 372 76 40 80
517 2 296 107 41 77
517 3 398 -9 22 50
518 1 372 76 39 80
518 2 296 108 40 76
518 3 397 -10 22 50
519 1 371 76 40 80
519 2 295 107 41 77
519 3 398 -9 22 50
520 1 371 75 39 80
520 2 296 106 41 77
520 3 397 -11 23 53
521 1 370 73 41 85
521 2 296 107 40 76
521 3 398 -10 23 52
522 1 369 72 41 85
522 2 296 107 41 76
522 3 398 -11 23 53
523 1 368 72 42 84
523 2 297 105 40 77
523 3 398 -11 23 52
524 1 368 71 41 84
524 2 298 105 40 76
524 3 398 -11 23 52
525 1 367 70 42 84
525 2 297 102 43 80
525 3 398 -11 23 52
526 1 369 71 39 80
526 2 299 103 40 76
526 3 399 -10 22 50
527 1 368 71 40 80
527 2 299 104 38 72
527 3 400 -10 21 47
528 1 367 70 39 80
528 2 299 103 38 73
528 3 399 -10 21 47
529 1 368 71 37 76
529 2 299 103 38 73
529 3 400 -10 21 48
530 1 368 71 38 77
530 2 300 103 38 73
530 3 399 -11 21 48
531 1 367 71 38 76
531 2 300 104 38 72
531 3 399 -12 22 50
532 1 367 70 38 76
532 2 299 101 41 76
532 3 399 -12 22 50
533 1 367 69 38 76
533 2 301 103 38 72
533 3 399 -12 22 50
534 1 366 70 38 76
534 2 301 103 38 73
534 3 399 -13 22 50
535 1 366 69 38 76
535 2 301 102 38 73
535 3 400 -12 21 48
536 1 366 69 38 76
536 2 301 103 38 72
536 3 400 -12 21 47
537 1 366 68 38 76
537 2 301 103 39 72
537 3 400 -12 21 48
538 1 366 68 38 76
538 2 302 104 37 69
538 3 401 -12 21 48
539 1 367 68 38 76
539 2 303 102 37 69
539 3 400 -11 21 47
540 1 367 67 38 76
540 2 303 103 35 66
540 3 401 -12 21 48
541 1 367 67 38 76
541 2 302 106 35 66
541 3 401 -11 21 47
542 1 366 66 38 76
542 2 302 104 36 69
542 3 401 -11 21 48
543 1 366 66 38 76
543 2 302 103 38 72
543 3 401 -12 22 50
544 1 366 66 38 76
544 2 303 103 38 72
544 3 401 -12 22 50
545 1 366 65 38 76
545 2 303 102 38 72
545 3 401 -12 22 50
546 1 366 64 38 77
546 2 303 99 40 77
546 3 402 -12 22 50
547 1 366 64 38 77
547 2 302 99 41 76
547 3 402 -13 22 50
548 1 366 63 38 77
548 2 303 99 40 76
548 3 403 -13 22 50
549 1 366 63 38 77
549 2 304 94 40 76
549 3 402 -13 22 50
550 1 365 63 38 77
550 2 304 95 39 73
550 3 403 -13 22 50
551 1 366 63 38 76
551 2 305 96 38 72
551 3 401 -13 24 50
552 1 366 62 38 76
552 2 304 96 40 76
552 3 402 -13 25 51
553 1 365 62 38 76
553 2 304 94 40 76
553 3 403 -13 24 50
554 1 365 62 38 76
554 2 305 93 40 76
554 3 404 -13 24 50
555 1 364 61 38 76
555 2 304 93 41 76
555 3 404 -14 24 50
556 1 365 61 38 76
556 2 306 94 38 72
556 3 404 -15 25 51
557 1 364 61 38 76
557 2 306 94 38 72
557 3 404 -15 25 51
558 1 364 61 38 76
558 2 306 94 38 72
558 3 405 -14 24 50
559 1 363 60 38 76
559 2 306 94 38 72
559 3 405 -14 24 50
560 1 363 58 39 80
560 2 306 94 38 72
560 3 405 -15 24 51
561 1 362 58 40 80
561 2 306 94 38 72
561 3 406 -15 24 50
562 1 362 58 40 79
562 2 306 94 38 72
562 3 406 -15 24 50
563 1 362 58 40 79
563 2 306 94 38 72
563 3 406 -15 24 51
564 1 362 58 37 76
564 2 307 93 38 72
564 3 406 -16 24 51
565 1 363 59 36 73
565 2 307 92 38 72
565 3 406 -15 24 51
566 1 362 59 36 72
566 2 307 91 38 73
566 3 407 -16 24 50
567 1 362 58 36 72
567 2 307 91 38 73
567 3 406 -16 24 50
568 1 362 58 36 72
568 2 307 90 38 72
568 3 407 -15 23 48
569 1 362 57 36 72
569 2 307 90 38 73
569 3 407 -16 23 48
570 1 362 57 36 72
570 2 307 90 38 72
570 3 408 -15 23 48
571 1 361 56 36 72
571 2 308 89 38 73
571 3 408 -15 23 48
572 1 362 55 36 73
572 2 308 89 39 73
572 3 407 -16 23 48
573 1 362 55 36 72
573 2 308 89 39 73
573 3 408 -15 22 46
574 1 361 55 36 72
574 2 308 90 38 72
574 3 409 -15 22 46
575 1 361 55 36 72
575 2 308 89 39 72
575 3 408 -15 22 46
576 1 360 54 37 72
576 2 309 89 38 73
576 3 408 -14 22 46
577 1 361 53 36 73
577 2 308 89 39 73
577 3 409 -15 22 46
578 1 360 54 37 72
578 2 308 89 39 72
578 3 409 -16 22 46
579 1 360 53 37 72
579 2 310 88 36 69
579 3 409 -16 22 46
580 1 360 53 36 72
580 2 310 88 37 69
580 3 410 -15 21 44
581 1 360 52 36 72
581 2 310 87 38 73
581 3 410 -15 21 43
582 1 359 52 37 72
582 2 310 87 34 73
582 3 410 -15 21 43
583 1 359 51 37 73
583 2 311 86 35 74
583 3 410 -15 21 44
584 1 358 51 37 72
584 2 312 86 34 74
584 3 410 -15 21 44
585 1 358 50 36 72
585 2 311 87 33 69
585 3 409 -16 21 43
586 1 357 51 36 73
586 2 312 86 33 70
586 3 409 -16 21 44
587 1 357 51 36 73
587 2 312 86 33 70
587 3 409 -16 21 44
588 1 356 51 36 72
588 2 312 86 33 70
588 3 409 -16 21 43
589 1 356 51 36 72
589 2 312 87 33 69
589 3 409 -16 21 44
590 1 355 51 36 72
590 2 312 85 34 73
590 3 409 -16 21 44
591 1 355 50 36 72
591 2 312 85 34 73
591 3 409 -15 21 43
592 1 355 50 36 72
592 2 311 84 35 73
592 3 409 -16 21 44
593 1 354 50 36 72
593 2 312 85 34 73
593 3 409 -15 21 43
594 1 354 50 36 72
594 2 311 85 35 73
594 3 409 -17 22 46
595 1 354 49 36 72
595 2 312 85 34 73
595 3 409 -17 22 46
596 1 353 49 36 72
596 2 312 86 33 70
596 3 409 -16 22 46
597 1 352 48 36 72
597 2 313 85 32 70
597 3 410 -16 22 46
598 1 351 47 37 72
598 2 312 86 33 70
598 3 410 -17 22 46
599 1 351 47 37 72
599 2 312 85 33 70
599 3 410 -17 22 46
600 1 351 47 37 72
600 2 311 84 35 73
600 3 410 -17 22 46
601 1 351 46 36 72
601 2 312 83 34 73
601 3 410 -16 22 46
602 1 350 46 36 72
602 2 311 83 35 73
602 3 410 -16 22 46
603 1 351 46 34 68
603 2 313 78 28 78
603 3 410 -16 22 46
604 1 351 46 34 69
604 2 315 80 29 78
604 3 411 -17 22 46
605 1 351 46 34 68
605 2 314 77 30 82
605 3 411 -17 22 46
606 1 350 45 34 69
606 2 315 77 30 82
606 3 411 -16 22 46
607 1 350 44 34 69
607 2 315 76 30 82
607 3 411 -16 22 46
608 1 350 44 34 69
608 2 315 77 30 81
608 3 412 -17 22 46
609 1 350 43 34 69
609 2 315 76 30 82
609 3 412 -16 22 46
610 1 350 43 34 69
610 2 315 77 30 82
610 3 413 -18 23 48
611 1 349 43 34 69
611 2 315 76 30 82
611 3 413 -18 23 48
612 1 350 43 34 69
612 2 315 76 30 82
612 3 413 -19 23 48
613 1 349 43 34 69
613 2 316 76 29 78
613 3 414 -19 24 48
614 1 349 43 34 69
614 2 316 76 29 78
614 3 414 -18 24 48
615 1 349 42 34 69
615 2 317 76 28 78
615 3 415 -19 23 48
616 1 349 42 34 69
616 2 317 76 29 78
616 3 414 -19 24 48
617 1 349 42 34 69
617 2 317 75 28 78
617 3 415 -18 24 48
618 1 348 41 34 69
618 2 317 74 30 82
618 3 415 -19 24 48
619 1 349 41 34 69
619 2 318 75 28 78
619 3 415 -19 23 48
620 1 348 40 34 69
620 2 319 75 29 78
620 3 415 -19 24 48
621 1 348 40 34 69
621 2 317 73 31 82
621 3 417 -19 23 48
622 1 348 40 34 69
622 2 318 74 31 81
622 3 416 -19 23 48
623 1 348 40 34 69
623 2 318 74 31 81
623 3 417 -21 24 51
624 1 347 40 34 69
624 2 318 73 30 82
624 3 416 -21 24 51
625 1 348 40 34 69
625 2 318 73 30 81
625 3 416 -21 24 51
626 1 347 40 34 69
626 2 318 73 31 82
626 3 416 -21 24 51
627 1 347 39 34 69
627 2 318 74 31 82
627 3 417 -21 24 51
628 1 346 39 34 69
628 2 318 73 30 81
628 3 417 -21 24 51
629 1 346 39 34 69
629 2 318 71 31 86
629 3 417 -21 24 51
630 1 346 39 34 69
630 2 318 73 31 85
630 3 417 -21 24 51
631 1 345 39 34 69
631 2 318 72 31 80
631 3 418 -21 24 50
632 1 346 38 33 69
632 2 317 76 32 80
632 3 417 -21 24 51
633 1 345 39 34 69
633 2 320 72 29 76
633 3 418 -21 24 50
634 1 346 39 32 66
634 2 321 73 29 76
634 3 418 -21 24 51
635 1 344 39 33 65
635 2 319 72 31 80
635 3 417 -21 24 51
636 1 345 38 32 66
636 2 321 73 29 76
636 3 418 -21 24 51
637 1 345 39 31 62
637 2 321 71 29 77
637 3 417 -21 24 50
638 1 345 38 31 63
638 2 321 70 29 77
638 3 418 -22 24 51
639 1 345 38 31 63
639 2 321 71 29 77
639 3 418 -21 24 50
640 1 344 38 31 62
640 2 321 70 29 77
640 3 418 -21 23 48
641 1 344 38 31 62
641 2 321 70 29 77
641 3 419 -21 23 48
642 1 344 37 31 63
642 2 321 70 29 77
642 3 419 -22 24 50
643 1 344 37 31 63
643 2 321 70 29 77
643 3 419 -22 24 50
644 1 344 37 31 63
644 2 321 70 29 77
644 3 418 -22 24 50
645 1 344 37 31 63
645 2 321 69 29 77
645 3 419 -22 24 50
646 1 344 36 31 63
646 2 321 68 30 80
646 3 419 -22 24 51
647 1 344 37 31 62
647 2 321 68 30 80
647 3 419 -22 24 51
648 1 344 37 31 62
648 2 321 69 29 77
648 3 419 -22 24 50
649 1 344 36 31 62
649 2 321 68 30 80
649 3 420 -22 24 50
650 1 344 36 31 63
650 2 321 67 31 80
650 3 420 -23 24 51
651 1 344 36 31 62
651 2 321 67 30 81
651 3 420 -22 24 50
652 1 344 36 31 63
652 2 321 66 30 81
652 3 419 -22 24 50
653 1 344 36 31 62
653 2 321 67 31 81
653 3 419 -23 24 50
654 1 344 35 31 62
654 2 321 66 30 81
654 3 420 -23 24 50
655 1 344 34 31 62
655 2 321 66 31 81
655 3 420 -23 24 50
656 1 344 35 31 62
656 2 322 66 30 80
656 3 420 -23 24 50
657 1 343 34 31 62
657 2 321 67 32 85
657 3 420 -23 24 51
658 1 343 35 31 62
658 2 320 67 32 85
658 3 420 -23 24 51
659 1 343 34 32 65
659 2 321 68 31 81
659 3 421 -23 24 51
660 1 343 33 32 65
660 2 321 69 31 81
660 3 421 -23 24 51
661 1 343 32 32 66
661 2 321 68 31 81
661 3 422 -22 24 50
662 1 343 33 32 65
662 2 321 69 31 81
662 3 422 -23 24 51
663 1 343 33 32 65
663 2 321 67 31 81
663 3 421 -23 24 50
664 1 343 32 33 66
664 2 322 67 27 75
664 3 422 -22 24 50
665 1 343 32 32 66
665 2 322 68 27 76
665 3 422 -22 24 50
666 1 343 31 32 66
666 2 322 69 27 76
666 3 423 -23 24 50
667 1 343 31 32 66
667 2 322 68 27 75
667 3 423 -23 24 51
668 1 343 31 32 65
668 2 322 68 28 76
668 3 423 -24 24 51
669 1 343 31 33 65
669 2 321 68 28 75
669 3 424 -24 24 51
670 1 343 30 32 63
670 2 322 69 27 72
670 3 425 -24 24 51
671 1 343 30 32 63
671 2 322 69 26 72
671 3 425 -24 24 51
672 1 344 30 31 62
672 2 321 69 28 76
672 3 425 -23 25 50
673 1 343 30 30 61
673 2 321 63 28 76
673 3 425 -23 24 50
674 1 344 30 30 61
674 2 321 65 27 72
674 3 425 -24 25 50
675 1 344 30 30 61
675 2 322 66 24 69
675 3 426 -24 24 50
676 1 344 29 30 62
676 2 322 66 24 68
676 3 427 -24 24 50
677 1 344 29 30 62
677 2 321 66 25 68
677 3 426 -25 25 51
678 1 344 28 29 62
678 2 322 66 23 66
678 3 426 -25 24 51
679 1 344 29 29 62
679 2 321 65 25 69
679 3 426 -25 24 50
680 1 344 28 30 62
680 2 322 66 24 68
680 3 427 -25 24 50
681 1 345 29 30 61
681 2 321 65 24 69
681 3 427 -25 24 51
682 1 344 27 32 65
682 2 319 64 27 71
683 1 344 27 31 64
683 2 319 64 27 71
684 1 344 27 32 64
684 2 319 63 27 72
684 3 427 -25 24 50
685 1 345 27 31 64
685 2 319 63 27 72
685 3 427 -25 24 50
686 1 345 26 31 65
686 2 319 62 27 76
687 1 345 26 31 65
687 2 319 63 26 72
688 1 347 27 29 61
688 2 319 62 26 72
688 3 428 -25 24 50
689 1 347 27 29 61
689 2 320 63 25 69
690 1 347 26 30 62
690 2 320 64 25 69
691 1 348 26 29 61
691 2 319 63 26 71
692 1 349 27 28 58
692 2 319 63 26 71
693 1 349 26 28 58
693 2 319 62 26 71
694 1 350 26 28 58
694 2 319 62 27 71
695 1 350 25 28 58
695 2 319 61 26 72
696 1 351 25 28 58
696 2 320 61 26 72
697 1 351 25 28 58
697 2 320 61 26 71
698 1 351 25 28 58
698 2 320 61 26 71
699 1 352 24 28 58
699 2 321 62 25 68
700 1 352 24 28 58
700 2 322 61 24 69
701 1 353 23 28 58
701 2 321 61 25 69
702 1 353 23 28 58
702 2 322 61 24 69
703 1 352 22 30 61
703 2 322 60 24 69
704 1 353 22 30 61
704 2 322 60 24 69
705 1 354 22 30 61
705 2 322 60 24 69
706 1 354 22 30 61
706 2 322 60 24 68
707 1 354 22 30 61
707 2 322 60 25 69
708 1 354 21 30 61
708 2 322 60 25 69
709 1 355 21 30 61
709 2 322 59 25 69
710 1 356 21 29 61
710 2 322 59 25 69
711 1 356 21 30 61
711 2 322 59 25 69
712 1 357 20 29 61
712 2 322 59 24 69
713 1 357 20 30 61
713 2 322 58 24 69
714 1 358 19 29 61
714 2 322 59 25 69
715 1 358 19 30 61
715 2 322 58 24 69
716 1 359 19 29 61
716 2 322 58 24 69
717 1 359 19 29 61
717 2 322 57 24 69
718 1 359 18 30 61
718 2 322 57 25 69
719 1 361 19 28 58
719 2 322 57 24 68
720 1 361 19 28 58
720 2 322 57 24 69
721 1 362 19 28 58
721 2 322 57 25 68
722 1 362 19 28 58
722 2 322 57 25 68
723 1 362 19 28 58
723 2 322 57 24 68
724 1 363 18 30 61
724 2 322 56 24 69
725 1 363 18 30 61
725 2 322 54 26 72
726 1 363 17 32 64
726 2 321 55 26 71
727 1 364 17 31 64
727 2 322 57 26 72
728 1 365 16 31 64
728 2 321 57 26 72
729 1 366 16 31 64
729 2 322 56 26 72
730 1 367 16 31 64
730 2 321 56 26 72
731 1 367 14 31 65
731 2 321 55 26 72
732 1 368 13 31 65
732 2 322 54 26 71
733 1 370 14 29 62
733 2 323 55 24 69
734 1 371 15 28 57
734 2 322 53 25 71
735 1 371 15 28 57
735 2 323 53 25 71
736 1 372 13 28 58
736 2 322 52 25 71
737 1 372 12 30 62
737 2 323 51 26 74
738 1 372 12 30 61
738 2 322 49 27 75
739 1 373 12 30 61
739 2 323 49 26 75
740 1 374 12 28 58
740 2 323 49 26 75
741 1 375 12 28 58
741 2 323 49 27 74
742 1 375 12 28 58
742 2 323 48 27 75
743 1 376 12 28 58
743 2 324 48 26 75
744 1 376 11 28 58
744 2 324 48 27 74
745 1 377 11 28 58
745 2 325 50 25 71
746 1 378 11 28 58
746 2 325 49 25 71
747 1 378 11 28 58
747 2 325 49 26 71
748 1 378 11 28 58
748 2 325 48 26 74
749 1 379 9 29 61
749 2 324 48 27 74
750 1 379 9 29 61
750 2 325 47 26 75
751 1 380 9 29 61
751 2 325 47 27 75
752 1 380 9 30 61
752 2 326 49 25 71
753 1 381 10 28 58
753 2 326 48 25 71
754 1 382 11 28 58
754 2 326 48 25 71
755 1 382 10 30 61
755 2 326 48 26 71
756 1 383 10 30 61
756 2 325 48 26 71
757 1 384 10 28 58
757 2 325 48 26 71
758 1 384 11 28 58
758 2 326 48 25 71
759 1 385 11 28 58
759 2 325 48 26 71
760 1 386 10 28 58
760 2 325 47 25 71
761 1 386 10 28 58
761 2 325 47 26 71
762 1 386 9 29 62
762 2 325 46 25 71
763 1 387 9 29 62
763 2 326 48 24 68
764 1 387 8 30 62
764 2 325 48 25 67
765 1 387 7 31 65
765 2 326 49 24 64
766 1 388 7 31 64
766 2 326 48 25 67
767 1 389 7 32 65
767 2 326 47 24 68
768 1 389 6 32 64
768 2 326 46 25 68
769 1 391 6 31 64
769 2 327 48 23 64
770 1 391 5 32 65
770 2 327 48 23 64
771 1 392 5 31 64
771 2 326 45 24 68
772 1 393 4 31 65
772 2 326 45 25 68
773 1 393 4 31 64
773 2 327 45 24 68
774 1 395 5 29 61
774 2 327 45 24 68
775 1 395 5 30 61
775 2 327 44 24 68
776 1 396 4 29 61
776 2 327 44 25 68
777 1 397 4 29 61
777 2 328 44 24 68
778 1 397 4 29 61
778 2 327 44 25 68
779 1 398 4 29 61
779 2 327 44 25 68
780 1 398 3 29 61
780 2 329 44 24 68
781 1 399 5 28 58
781 2 328 44 24 68
782 1 400 5 28 58
782 2 329 43 24 68
783 1 400 5 28 58
783 2 329 43 24 68
784 1 400 5 28 58
784 2 330 42 24 68
785 1 401 5 28 58
785 2 330 42 24 68
786 1 401 4 28 58
786 2 331 44 23 64
787 1 401 4 28 58
787 2 331 43 23 64
788 1 402 6 27 55
788 2 331 43 23 64
789 1 403 5 27 55
789 2 331 43 23 64
790 1 402 4 29 58
790 2 331 43 23 64
791 1 404 4 28 58
791 2 332 43 23 64
792 1 404 5 28 58
792 2 331 41 24 67
793 1 404 4 28 58
793 2 330 41 24 67
794 1 405 4 28 58
794 2 331 40 24 68
795 1 405 4 28 58
795 2 331 43 23 64
796 1 405 4 28 58
796 2 331 42 23 64
797 1 406 4 28 58
797 2 331 42 23 64
798 1 406 4 28 58
798 2 331 42 23 64
799 1 406 3 28 58
799 2 331 41 23 64
800 1 406 4 28 58
800 2 331 41 23 64
801 1 407 3 28 58
801 2 331 41 23 64
802 1 407 4 29 58
802 2 331 41 23 64
803 1 408 4 27 56
803 2 331 41 22 62
804 1 408 3 27 56
804 2 332 41 22 61
805 1 409 4 27 56
805 2 332 41 22 61
806 1 410 4 27 56
806 2 331 40 22 62
807 1 409 3 27 56
807 2 332 40 22 62
808 1 410 3 27 55
808 2 331 40 22 61
809 1 410 1 28 58
809 2 331 40 22 62
810 1 410 1 28 58
810 2 332 40 22 62
811 1 410 1 28 58
811 2 331 39 23 64
812 1 411 -2 30 61
812 2 331 39 23 64
813 1 411 -2 30 61
813 2 331 39 23 64
814 1 411 -3 30 61
814 2 331 38 23 64
815 1 411 -3 29 61
815 2 331 38 23 64
816 1 412 -1 28 58
816 2 331 38 23 64
817 1 412 -2 28 58
817 2 332 39 22 62
818 1 412 -2 28 58
818 2 332 39 22 61
819 1 413 -2 28 58
819 2 332 38 22 61
820 1 413 -3 28 58
820 2 332 38 22 61
821 1 414 0 26 55
821 2 332 38 22 61
822 1 414 -1 26 56
822 2 332 38 22 61
823 1 414 -1 26 56
823 2 332 37 22 61
824 1 414 -1 27 55
824 2 333 37 22 61
825 1 414 -1 27 55
825 2 333 37 22 61
826 1 414 -2 27 56
826 2 333 37 22 61
827 1 415 -2 26 55
827 2 334 36 22 61
828 1 414 -3 27 56
828 2 333 35 22 61
829 1 414 -3 27 56
829 2 334 36 22 61
830 1 415 -4 26 56
830 2 334 35 22 61
831 1 415 -3 27 55
831 2 334 35 22 61
832 1 415 -4 27 56
832 2 335 32 22 62
833 1 416 -4 27 55
833 2 334 32 22 62
834 1 415 -4 27 55
834 2 335 34 22 61
835 1 416 -4 27 55
835 2 335 34 22 61
836 1 416 -4 27 56
836 2 335 34 22 61
837 1 416 -4 27 55
837 2 334 34 22 61
838 1 416 -4 27 56
838 2 335 31 22 62
839 1 416 -5 27 55
839 2 335 31 22 62
840 1 418 -3 26 52
840 2 335 32 22 62
841 1 418 -3 26 53
841 2 335 31 23 65
842 1 415 -5 29 56
842 2 335 31 23 65
843 1 418 -5 26 53
843 2 335 31 23 65
844 1 418 -7 27 55
844 2 335 31 23 65
845 1 418 -7 27 55
845 2 334 31 23 65
846 1 418 -8 27 55
846 2 335 30 23 65
847 1 418 -8 27 55
847 2 334 30 23 65
848 1 419 -8 27 55
848 2 335 30 23 65
849 1 420 -8 26 53
849 2 335 30 22 62
850 1 420 -9 26 53
850 2 334 30 23 65
851 1 420 -7 26 52
851 2 335 30 23 65
852 1 421 -8 26 54
852 2 335 29 23 65
853 1 419 -11 27 62
853 2 335 29 22 65
854 1 420 -9 26 54
854 2 334 29 23 65
855 1 420 -11 27 55
855 2 334 29 23 65
856 1 420 -12 27 61
856 2 335 29 22 65
857 1 420 -15 28 61
857 2 335 28 22 65
858 1 421 -14 28 60
858 2 334 29 23 65
859 1 421 -15 28 60
859 2 335 29 22 62
860 1 421 -15 28 61
860 2 335 29 22 62
861 1 421 -15 28 61
861 2 335 29 21 62
862 1 421 -15 27 61
862 2 335 28 22 62
863 1 421 -14 27 60
863 2 336 28 21 62
864 1 421 -14 27 60
864 2 336 29 21 62
865 1 421 -16 28 60
865 2 336 28 22 62
866 1 422 -17 27 61
866 2 337 28 22 62
867 1 421 -12 27 55
867 2 336 27 22 62
868 1 422 -17 27 61
868 2 337 27 22 62
869 1 423 -12 27 56
869 2 337 28 20 58
870 1 422 -13 28 56
870 2 338 26 20 59
871 1 426 -10 24 53
871 2 339 26 20 58
872 1 427 -10 22 51
872 2 338 26 21 59
873 1 427 -10 23 52
873 2 339 26 20 59
874 1 426 -10 24 51
874 2 338 26 22 61
875 1 426 -11 24 52
875 2 337 24 22 61
876 1 427 -10 23 49
876 2 339 26 20 59
877 1 426 -11 24 50
877 2 338 26 22 61
878 1 428 -8 20 47
878 2 338 25 22 62
879 1 427 -11 23 50
879 2 338 25 22 62
880 1 427 -9 24 52
880 2 338 25 22 61
881 1 425 -14 26 57
881 2 338 25 22 61
882 1 426 -13 25 53
882 2 339 24 21 62
883 1 426 -12 25 52
883 2 339 24 21 61
884 1 427 -11 25 51
884 2 339 24 21 58
885 1 426 -16 26 57
885 2 339 25 21 59
886 1 427 -15 25 54
886 2 340 25 20 58
887 1 427 -18 26 57
887 2 339 23 21 61
888 1 427 -9 26 47
888 2 340 24 20 58
889 1 428 -13 25 52
889 2 339 24 21 58
890 1 427 -13 26 52
890 2 339 24 21 58
891 1 427 -14 26 54
891 2 340 22 20 58
892 1 428 -18 26 57
892 2 340 23 20 59
893 1 428 -18 25 57
893 2 340 23 20 58
894 1 428 -14 25 53
894 2 340 22 21 59
895 1 428 -18 26 57
895 2 340 22 20 59
896 1 428 -14 25 54
896 2 340 22 21 59
897 1 428 -17 26 57
897 2 340 22 20 58
898 1 428 -17 26 57
898 2 340 22 21 58
899 1 428 -17 25 57
899 2 340 22 21 58
900 1 428 -17 25 57
900 2 341 22 20 58
901 1 428 -18 25 57
901 2 341 22 21 59
902 1 428 -18 25 57
902 2 341 22 21 58
903 1 429 -18 24 57
903 2 342 22 20 58
904 1 428 -18 25 57
904 2 342 21 21 58
905 1 428 -18 25 57
905 2 342 21 21 59
906 1 427 -18 26 57
906 2 342 21 21 58
907 1 428 -19 26 57
907 2 342 20 21 59
908 1 428 -19 26 57
908 2 343 20 21 58
909 1 428 -20 25 57
909 2 344 18 20 58
910 1 428 -19 26 57
910 2 344 19 20 58
911 1 428 -19 26 57
911 2 344 18 21 58
912 1 428 -19 25 57
912 2 344 18 21 58
913 1 427 -19 26 57
913 2 344 19 20 58
914 1 428 -19 25 57
914 2 344 19 20 58
915 1 428 -19 25 57
915 2 344 16 21 59
916 1 428 -19 25 57
916 2 345 18 20 56
917 1 428 -19 26 57
917 2 345 17 19 56
918 1 428 -20 26 57
918 2 345 17 20 56
919 1 428 -20 25 57
919 2 345 17 20 56
920 1 428 -21 26 57
920 2 345 17 20 56
921 1 428 -20 26 57
921 2 345 17 20 56
922 1 429 -20 25 57
922 2 345 17 20 56
923 1 429 -20 25 57
923 2 345 16 20 56
924 1 430 -21 25 57
924 2 345 16 19 56
925 1 431 -20 24 54
925 2 345 17 19 56
926 1 431 -21 24 54
926 2 345 17 20 56
927 1 432 -20 25 54
927 2 345 17 20 56
928 1 432 -20 25 54
928 2 345 16 20 56
929 1 432 -21 24 54
929 2 345 14 21 59
930 1 432 -21 24 54
930 2 344 15 21 59
931 1 433 -21 25 54
931 2 345 15 21 59
932 1 433 -21 25 54
932 2 345 14 21 59
933 1 433 -21 25 54
933 2 345 14 21 59
934 1 433 -21 25 54
934 2 345 13 21 59
935 1 433 -21 25 54
935 2 345 13 21 59
936 1 434 -21 25 54
936 2 345 14 21 59
937 1 434 -22 25 54
937 2 345 13 21 59
938 1 433 -22 25 54
938 2 345 14 21 59
939 1 433 -22 25 54
939 2 345 14 21 59
940 1 434 -22 25 54
940 2 345 13 23 62
941 1 434 -21 25 54
941 2 345 13 23 62
942 1 434 -22 25 54
942 2 346 13 22 62
943 1 433 -22 25 54
943 2 345 12 23 62
944 1 433 -22 25 54
944 2 346 12 22 62
945 1 433 -22 25 54
945 2 346 11 23 62
946 1 434 -22 25 54
946 2 347 13 21 59
947 1 434 -24 25 53
947 2 347 13 21 59
948 1 433 -22 26 52
948 2 348 12 21 59
949 1 433 -22 26 52
949 2 348 12 21 59
950 1 434 -22 25 52
950 2 349 12 21 59
951 1 433 -22 26 53
951 2 349 11 21 59
951 3 400 -26 17 52
952 1 434 -23 25 53
952 2 349 11 21 59
952 3 399 -26 19 52
953 1 434 -22 25 52
953 2 349 10 21 59
954 1 434 -22 25 52
954 2 349 10 21 59
954 3 396 -26 21 52
955 1 434 -24 26 55
955 2 350 10 21 59
956 1 434 -23 26 55
956 2 350 10 21 59
957 1 434 -24 26 55
957 2 350 10 21 59
957 3 397 -23 20 47
958 1 434 -24 26 55
958 2 350 10 21 59
958 3 396 -25 20 51
959 1 434 -24 26 55
959 2 349 8 22 62
959 3 393 -24 24 49
960 1 434 -25 27 55
960 2 350 9 21 59
960 3 394 -24 22 50
961 1 434 -25 26 55
961 2 350 10 21 59
961 3 397 -24 19 51
962 1 434 -24 27 55
962 2 350 10 21 59
962 3 391 -24 25 50
963 1 434 -24 27 55
963 2 350 10 21 59
963 3 396 -23 20 48
964 1 434 -25 27 55
964 2 350 10 21 59
964 3 396 -23 19 49
965 1 435 -25 25 53
965 2 349 9 21 59
965 3 397 -22 18 57
966 1 435 -24 26 53
966 2 350 9 21 59
966 3 397 -21 17 54
966 4 415 -25 24 52
967 1 435 -24 25 53
967 2 349 9 21 59
967 3 397 -21 17 54
967 4 415 -25 24 52
968 1 435 -26 26 54
968 2 349 9 21 59
968 3 396 -22 17 50
968 4 415 -25 24 52
969 1 435 -25 26 53
969 2 349 8 21 58
969 3 393 -21 20 49
969 4 415 -25 24 52
970 1 436 -29 25 58
970 2 350 9 20 56
970 3 392 -22 21 50
970 4 414 -24 24 52
971 1 435 -27 24 54
971 2 349 9 20 56
971 3 394 -22 19 50
971 4 414 -23 24 51
972 2 349 7 21 58
972 3 393 -24 20 53
972 4 414 -23 24 51
973 2 349 8 20 56
973 3 392 -23 21 51
973 4 413 -25 24 52
974 2 349 8 20 56
974 3 393 -25 20 53
974 4 413 -23 23 52
975 2 349 8 20 56
975 3 391 -24 22 51
975 4 413 -24 24 49
976 1 434 -25 27 52
976 2 349 8 20 56
976 3 392 -18 21 49
976 4 412 -24 25 54
977 1 433 -25 27 51
977 2 349 7 20 56
977 3 391 -18 22 46
977 4 412 -23 24 52
978 1 433 -26 28 52
978 2 349 7 20 56
978 3 390 -21 21 52
978 4 412 -22 23 49
979 2 349 7 20 56
979 3 391 -21 20 54
979 4 412 -21 22 48
980 2 349 7 20 56
980 3 392 -22 20 53
980 4 411 -24 24 52
981 1 432 -26 27 54
981 2 349 6 20 56
981 3 391 -19 20 62
981 4 412 -22 22 49
982 2 349 7 20 56
982 3 390 -21 21 49
982 4 411 -21 23 49
983 2 348 6 21 58
983 3 392 -20 19 49
983 4 411 -22 23 52
984 1 431 -26 28 55
984 2 349 6 21 59
984 3 390 -20 22 52
984 4 410 -22 25 51
985 1 430 -25 28 55
985 2 349 6 21 58
985 3 390 -17 21 48
985 4 411 -21 23 52
986 1 430 -26 28 55
986 2 349 7 20 56
986 3 390 -15 22 47
986 4 411 -22 24 54
987 1 430 -26 27 55
987 2 350 7 20 56
987 3 390 -18 22 50
987 4 411 -22 24 54
988 1 430 -26 27 55
988 2 350 6 20 56
988 3 390 -21 22 52
988 4 411 -21 24 54
989 2 351 5 20 56
989 3 390 -18 22 50
989 4 411 -21 24 54
990 2 351 5 20 56
990 3 390 -16 21 47
990 4 410 -21 25 54
991 2 351 4 20 56
991 3 390 -18 22 50
991 4 410 -21 25 54
992 2 351 5 20 56
992 3 391 -20 20 52
992 4 410 -21 24 54
993 2 352 4 20 56
993 3 390 -16 20 45
993 4 410 -20 24 54
994 2 352 4 20 56
994 3 389 -17 20 48
994 4 410 -21 26 56
995 2 352 3 20 56
995 3 390 -17 20 52
995 4 409 -21 26 57
996 2 352 4 20 56
996 3 391 -18 20 52
996 4 410 -22 27 59
997 2 352 4 20 56
997 3 392 -18 20 51
997 4 409 -22 28 60
998 2 353 4 20 56
998 3 392 -20 21 55
998 4 409 -22 28 60
999 2 352 4 20 56
999 3 391 -20 22 57
999 4 409 -23 29 62
1000 2 353 3 20 56
1000 3 391 -21 22 58
1000 4 409 -23 29 62
1001 2 353 4 20 56
1001 3 391 -19 22 57
1001 4 409 -22 28 63
1002 2 353 3 20 56
1002 3 390 -18 22 57
1002 4 409 -22 24 54
1003 2 353 4 19 53
1003 3 391 -18 21 55
1003 4 409 -22 24 56
1004 2 353 4 19 53
1004 3 391 -18 21 55
1004 4 410 -21 23 55
1005 2 353 3 20 56
1005 3 390 -18 22 57
1005 4 410 -21 24 56
1006 2 353 3 20 56
1006 3 390 -17 21 54
1006 4 409 -21 24 55
1007 2 353 2 20 56
1007 3 390 -18 22 57
1007 4 410 -20 23 54
1008 2 353 1 20 57
1008 3 390 -18 22 57
1008 4 410 -20 24 55
1009 2 353 2 20 56
1009 3 389 -18 22 57
1009 4 410 -18 23 52
1010 2 353 2 20 56
1010 3 389 -20 22 58
1010 4 410 -18 23 53
1011 2 353 1 20 56
1011 3 389 -18 22 57
1011 4 408 -18 24 53
1012 2 353 1 20 56
1012 3 389 -18 22 57
1012 4 410 -17 23 53
1013 2 353 1 20 56
1013 3 388 -17 19 50
1013 4 410 -18 24 54
1014 2 353 1 20 57
1014 3 388 -19 21 56
1014 4 410 -17 23 53
1015 2 353 1 20 56
1015 3 388 -17 22 57
1015 4 410 -17 22 53
1016 2 353 1 20 56
1016 3 388 -17 20 53
1016 4 410 -16 23 54
1017 2 353 0 20 57
1017 3 388 -16 18 53
1017 4 411 -16 26 57
1018 2 354 0 20 57
1018 3 388 -16 22 57
1018 4 410 -16 23 53
1019 2 354 0 20 57
1019 3 388 -16 20 54
1019 4 409 -19 28 58
1020 2 354 0 20 57
1020 3 388 -16 19 56
1020 4 410 -18 27 60
1021 2 354 -1 20 57
1021 3 388 -15 23 54
1021 4 409 -18 29 59
1022 2 354 0 20 56
1022 3 388 -15 22 57
1022 4 410 -16 27 57
1023 2 355 -1 20 57
1023 3 388 -15 22 57
1023 4 411 -16 25 57
1024 2 355 -1 20 57
1024 3 387 -15 22 57
1024 4 411 -16 25 57
1025 2 356 -2 20 57
1025 3 387 -15 22 57
1025 4 411 -16 25 57
1026 2 356 -3 20 56
1026 3 388 -15 22 57
1026 4 411 -16 25 57
1027 2 356 -2 20 56
1027 3 387 -15 22 57
1027 4 411 -12 25 54
1028 2 356 -3 20 56
1028 3 387 -15 22 57
1028 4 411 -10 25 53
1029 2 356 -3 20 56
1029 3 388 -14 22 57
1029 4 412 -12 25 55
1030 2 358 -3 19 56
1030 3 387 -10 22 53
1030 4 412 -11 25 55
1031 2 358 -3 19 56
1031 3 387 -13 22 57
1031 4 411 -10 25 53
1032 2 356 -3 22 59
1032 3 387 -10 20 50
1032 4 412 -11 25 54
1033 2 357 -3 22 59
1033 3 387 -14 22 53
1033 4 412 -8 24 50
1034 2 358 -4 21 59
1034 3 387 -9 20 52
1034 4 413 -9 24 52
1035 2 358 -3 22 59
1035 3 387 -6 19 46
1035 4 413 -10 25 54
1036 2 358 -3 21 59
1036 3 386 -7 24 49
1036 4 413 -10 25 55
1037 2 358 -4 21 59
1037 3 386 -7 21 51
1037 4 413 -9 25 55
1038 2 358 -3 22 59
1038 3 387 -6 20 50
1038 4 413 -10 25 54
1039 2 359 -4 21 59
1039 3 386 -4 21 48
1039 4 415 -10 23 55
1040 2 359 -2 20 56
1040 3 386 -7 21 52
1040 4 414 -11 25 57
1041 2 359 -2 20 56
1041 3 385 -8 22 52
1041 4 413 -10 25 57
1042 2 358 -3 21 56
1042 3 385 -7 22 52
1042 4 413 -11 25 57
1043 2 358 -5 22 59
1043 3 385 -6 22 51
1043 4 414 -11 25 57
1044 2 358 -5 22 59
1044 3 384 -8 23 53
1044 4 412 -11 26 60
1045 2 358 -5 21 59
1045 3 385 -7 22 52
1045 4 413 -7 26 54
1046 2 358 -5 22 59
1046 3 384 -6 22 52
1046 4 412 -8 28 62
1047 2 358 -5 22 59
1047 3 384 -7 23 53
1047 4 412 -8 28 58
1048 2 359 -6 21 58
1048 3 384 -7 23 53
1048 4 412 -11 28 60
1049 2 358 -5 22 59
1049 3 384 -6 23 51
1049 4 411 -5 29 56
1050 2 358 -6 22 59
1050 3 384 -11 22 57
1050 4 411 -8 28 56
1051 2 358 -6 22 58
1051 3 384 -7 23 52
1051 4 413 -6 27 56
1052 2 358 -6 22 59
1052 3 384 -5 22 50
1052 4 412 -9 28 60
1053 2 358 -7 22 59
1053 3 384 -11 22 57
1053 4 410 -5 29 58
1054 2 358 -7 22 58
1054 3 385 -2 22 47
1054 4 411 -7 28 57
1055 2 358 -7 22 59
1055 3 383 -3 24 49
1055 4 411 -6 28 57
1056 2 359 -7 21 59
1056 3 381 -1 26 47
1056 4 412 -4 26 53
1057 2 359 -6 22 58
1057 3 385 -1 22 47
1057 4 412 -7 26 58
1058 2 360 -6 21 58
1058 3 386 -5 21 49
1058 4 412 -5 27 53
1059 2 360 -7 21 58
1059 3 386 -2 20 48
1059 4 412 -7 26 58
1060 2 360 -7 22 58
1060 3 383 -2 25 47
1060 4 412 -4 27 56
1061 2 361 -8 21 59
1061 3 383 -1 24 46
1061 4 412 -4 26 55
1062 2 361 -7 21 58
1062 3 386 -2 21 47
1062 4 411 -4 28 54
1063 2 361 -8 22 58
1063 3 384 -2 24 48
1063 4 412 -7 28 60
1064 2 361 -8 22 58
1064 3 387 -1 21 46
1064 4 412 -8 26 57
1065 2 361 -9 22 59
1065 3 386 -1 22 47
1065 4 412 -8 27 62
1066 2 362 -9 21 58
1066 3 385 0 22 45
1066 4 412 -2 28 51
1067 2 363 -10 21 59
1067 3 385 0 22 45
1067 4 412 -3 28 56
1068 2 363 -10 22 58
1068 3 385 -1 22 46
1068 4 412 -5 28 60
1069 2 363 -10 22 58
1069 3 385 0 22 45
1069 4 412 -3 28 59
1070 2 363 -10 22 58
1070 3 385 0 22 46
1070 4 414 -2 28 56
1071 2 364 -11 21 59
1071 3 385 0 21 52
1071 4 413 -5 25 59
1072 2 364 -10 21 56
1072 3 385 -2 21 54
1072 4 413 -4 26 58
1073 2 365 -10 21 56
1073 3 385 -1 21 54
1073 4 412 -5 28 61
1074 2 365 -10 21 56
1074 3 385 -2 19 53
1074 4 412 -6 28 60
1075 2 365 -9 20 53
1075 3 385 0 22 53
1075 4 413 -6 28 60
1076 2 366 -9 19 53
1076 3 383 0 23 53
1076 4 414 -4 26 59
1077 2 366 -8 20 53
1077 3 383 2 21 51
1077 4 414 -4 25 60
1078 2 366 -9 19 53
1078 3 384 1 21 51
1078 4 413 -4 27 63
1079 2 367 -9 19 53
1079 3 383 2 22 50
1079 4 412 -4 27 62
1080 2 367 -10 19 53
1080 3 383 3 22 48
1080 4 413 -4 25 57
1081 2 367 -10 19 53
1081 3 384 2 22 50
1081 4 413 -4 25 61
1082 2 368 -10 19 53
1082 3 384 2 21 48
1082 4 412 -3 26 60
1083 2 367 -10 19 53
1083 3 384 3 21 48
1083 4 412 -2 26 62
1084 2 368 -10 19 53
1084 3 383 3 21 47
1084 4 412 -2 27 62
1085 2 368 -10 19 53
1085 3 384 1 20 49
1085 4 411 -1 27 62
1086 2 368 -11 19 53
1086 3 383 4 22 47
1086 4 412 -1 27 62
1087 2 369 -11 19 53
1087 3 384 2 21 49
1087 4 411 0 27 62
1088 2 369 -11 19 53
1088 3 384 4 21 48
1088 4 411 0 27 62
1089 2 369 -11 20 53
1089 3 383 4 22 49
1089 4 411 1 27 62
1090 2 369 -11 20 53
1090 3 383 4 22 49
1090 4 410 1 27 62
1091 2 370 -10 19 51
1091 3 383 4 22 49
1091 4 410 1 27 62
1092 2 370 -11 19 51
1092 3 383 4 22 50
1092 4 410 1 27 62
1093 2 370 -11 19 51
1093 3 385 6 21 49
1093 4 410 1 27 62
1094 2 371 -11 19 51
1094 3 384 6 21 49
1094 4 409 0 27 62
1095 2 372 -11 19 51
1095 3 384 7 21 48
1095 4 410 0 27 62
1096 2 372 -13 19 51
1096 3 384 6 21 50
1096 4 409 0 27 62
1097 2 373 -14 19 51
1097 3 385 7 21 50
1097 4 409 0 27 62
1098 2 373 -13 18 48
1098 3 384 5 22 52
1098 4 409 0 27 62
1099 2 370 -13 23 50
1099 3 385 5 22 53
1099 4 409 2 27 62
1100 2 374 -12 19 51
1100 3 385 1 22 57
1100 4 408 1 27 62
1101 2 374 -14 20 53
1101 3 385 6 22 52
1101 4 409 2 27 63
1102 2 375 -14 19 51
1102 3 385 4 22 54
1102 4 408 3 27 63
1103 2 376 -14 19 51
1103 3 385 6 22 53
1103 4 409 4 27 62
1104 2 377 -12 18 48
1104 3 385 6 22 53
1104 4 408 4 27 62
1105 2 376 -16 22 54
1105 3 384 7 22 53
1105 4 408 4 27 63
1106 2 378 -17 22 57
1106 3 385 4 22 57
1106 4 407 3 28 65
1107 2 379 -14 21 54
1107 3 384 6 22 55
1107 4 407 4 28 66
1108 2 380 -15 21 52
1108 3 385 5 22 57
1108 4 407 4 28 66
1109 2 380 -15 21 55
1109 3 384 5 22 58
1109 4 407 5 28 65
1110 2 380 -19 21 58
1110 3 385 6 22 57
1110 4 407 4 28 66
1111 2 381 -16 21 56
1111 3 385 10 22 54
1111 4 405 3 30 69
1112 2 381 -15 21 54
1112 3 384 8 23 57
1112 4 406 5 28 65
1113 2 382 -16 21 52
1113 3 382 8 25 58
1113 4 406 6 28 65
1114 2 383 -15 21 51
1114 3 382 9 25 57
1114 4 406 6 28 65
1115 2 382 -17 22 52
1115 3 383 9 24 58
1115 4 406 8 28 65
1116 2 382 -19 22 49
1116 3 382 8 25 58
1116 4 404 5 30 69
1117 2 383 -20 21 50
1117 3 382 7 25 59
1117 4 404 6 30 69
1118 2 382 -22 21 49
1118 3 382 9 24 58
1118 4 404 6 30 69
1119 2 383 -20 21 49
1119 3 382 7 25 60
1119 4 403 12 24 57
1120 2 383 -22 22 52
1120 3 382 3 25 63
1120 4 406 11 26 59
1121 2 383 -21 22 52
1121 3 382 8 25 59
1121 4 406 11 23 61
1122 2 383 -17 22 48
1122 3 382 9 24 58
1122 4 404 10 26 61
1123 2 383 -18 22 52
1123 3 382 10 25 58
1123 4 406 13 24 59
1124 2 383 -16 22 49
1124 3 382 9 24 59
1124 4 404 10 27 61
1125 2 384 -17 22 57
1125 3 382 5 24 63
1125 4 404 11 23 61
1126 2 384 -17 22 50
1126 3 382 11 25 57
1126 4 405 12 25 61
1127 2 384 -17 22 53
1127 3 382 14 24 54
1127 4 400 13 30 57
1128 2 385 -18 22 57
1128 3 382 10 24 58
1128 4 399 16 30 56
1129 2 386 -19 22 58
1129 3 384 13 22 55
1129 4 400 14 30 59
1130 2 387 -18 21 55
1130 3 383 11 22 57
1130 4 401 14 28 59
1131 2 388 -17 21 55
1131 3 383 12 22 57
1131 4 399 9 30 69
1132 2 388 -18 21 55
1132 3 384 13 22 57
1132 4 398 9 30 68
1133 2 388 -17 21 54
1133 3 384 13 22 57
1133 4 398 15 29 58
1134 2 390 -22 21 54
1134 3 384 12 22 57
1134 4 398 15 29 57
1135 2 390 -22 21 54
1135 3 384 13 22 57
1135 4 397 14 30 61
1136 2 391 -23 21 55
1136 3 383 14 22 57
1136 4 398 14 30 62
1137 2 391 -23 21 55
1137 3 383 14 22 57
1137 4 397 15 29 64
1138 2 392 -23 21 55
1138 3 383 14 22 57
1138 4 396 16 30 64
1139 2 391 -24 21 55
1139 3 384 15 22 57
1139 4 396 14 29 67
1140 2 392 -24 21 55
1140 3 383 15 22 58
1140 4 396 16 29 64
1141 2 392 -22 21 55
1141 3 383 16 22 57
1141 4 397 16 28 65
1142 2 392 -22 22 58
1142 3 384 17 21 54
1142 4 396 15 28 66
1143 2 392 -22 22 58
1143 3 383 18 21 55
1143 4 398 16 26 65
1144 2 393 -23 22 58
1144 3 383 18 21 55
1144 4 396 16 28 66
1145 2 393 -22 22 57
1145 3 382 18 22 57
1145 4 396 16 28 66
1146 2 394 -23 22 57
1146 3 381 18 23 58
1146 4 396 18 28 63
1147 2 394 -23 22 58
1147 3 381 18 23 57
1147 4 394 16 30 68
1148 2 394 -23 22 57
1148 3 381 18 23 58
1148 4 395 16 29 68
1149 2 394 -23 22 58
1149 3 381 18 22 58
1149 4 394 16 30 69
1150 2 394 -25 22 57
1150 3 380 19 23 58
1150 4 394 16 30 69
1151 2 394 -25 22 57
1151 3 381 20 21 55
1151 4 397 20 26 62
1152 1 318 -23 22 46
1152 2 395 -26 22 57
1152 3 380 21 20 52
1152 4 396 19 26 62
1153 1 315 -23 23 48
1153 2 395 -25 21 54
1153 3 380 21 20 53
1153 4 395 21 27 61
1154 1 314 -23 26 47
1154 2 396 -25 20 52
1154 3 381 23 19 49
1154 4 394 22 27 58
1155 2 396 -25 20 52
1155 3 380 22 20 53
1155 4 396 23 25 59
1156 2 397 -25 20 52
1156 3 380 23 21 53
1156 4 395 21 26 61
1157 2 398 -25 19 52
1157 3 379 22 22 55
1157 4 394 23 27 60
1158 1 314 -22 15 44
1158 2 398 -25 19 52
1158 3 379 23 22 55
1158 4 393 24 27 59
1159 1 313 -23 25 50
1159 2 398 -25 19 52
1159 3 379 22 22 58
1159 4 393 25 27 59
1160 2 398 -25 20 52
1160 3 379 23 22 57
1160 4 393 21 26 62
1161 2 398 -26 21 54
1161 3 379 23 22 57
1161 4 393 24 28 65
1162 2 398 -24 21 55
1162 3 379 23 22 58
1162 4 394 27 24 58
1163 2 398 -25 22 58
1163 3 379 24 22 57
1163 4 393 27 26 58
1164 2 399 -26 22 58
1164 3 379 24 22 57
1164 4 395 27 24 59
1165 2 399 -25 22 57
1165 3 378 25 23 57
1165 4 393 26 25 60
1166 1 303 -22 22 45
1166 2 399 -24 22 57
1166 3 378 24 23 58
1166 4 392 26 25 62
1167 1 302 -23 23 48
1167 2 400 -25 22 57
1167 3 378 25 23 57
1167 4 392 27 27 58
1168 1 301 -23 24 47
1168 2 400 -25 22 57
1168 3 379 25 22 57
1168 4 392 28 24 56
1169 1 302 -21 23 45
1169 2 399 -26 23 60
1169 3 379 25 22 57
1169 4 390 27 29 60
1170 1 301 -21 22 45
1170 2 400 -27 23 61
1170 3 379 26 22 58
1170 4 391 24 26 62
1171 1 302 -22 21 47
1171 2 400 -29 24 64
1171 3 378 26 22 58
1171 4 390 27 28 57
1172 1 301 -24 21 49
1172 2 401 -30 24 64
1172 3 378 26 23 58
1172 4 390 27 28 61
1173 1 301 -22 20 46
1173 3 377 26 23 58
1173 4 390 28 25 61
1174 1 300 -24 20 49
1174 3 378 28 22 58
1174 4 391 29 26 59
1175 1 303 -24 19 50
1175 2 402 -26 23 53
1175 3 377 28 23 57
1175 4 390 28 28 65
1176 1 303 -24 16 50
1176 2 402 -28 22 56
1176 3 377 28 23 58
1176 4 392 28 26 66
1177 1 298 -24 21 50
1177 2 404 -26 21 52
1177 3 377 28 23 58
1177 4 392 29 26 65
1178 1 296 -22 23 47
1178 2 404 -27 22 57
1178 3 376 29 22 58
1178 4 393 30 26 61
1179 1 296 -23 23 49
1179 3 376 29 22 58
1179 4 389 32 30 58
1180 1 295 -23 24 49
1180 3 375 29 22 58
1180 4 391 31 30 62
1181 1 295 -24 23 49
1181 3 375 30 22 57
1181 4 391 33 28 62
1182 1 293 -23 25 49
1182 3 374 30 22 58
1182 4 391 29 29 68
1183 1 294 -22 21 44
1183 2 406 -27 22 55
1183 3 374 31 22 57
1183 4 391 29 30 68
1184 1 296 -21 19 42
1184 3 373 31 22 57
1184 4 391 32 29 62
1185 3 373 31 22 58
1185 4 391 31 30 67
1186 3 373 31 22 57
1186 4 391 30 29 68
1187 1 291 -25 25 50
1187 3 372 31 22 58
1187 4 391 31 29 68
1188 1 293 -21 20 46
1188 3 371 31 22 58
1188 4 391 30 30 69
1189 1 290 -21 21 47
1189 3 372 32 22 58
1189 4 391 31 29 68
1190 1 289 -19 24 45
1190 3 371 33 22 57
1190 4 391 32 29 69
1191 1 288 -21 25 48
1191 3 370 32 24 60
1191 4 389 30 31 73
1192 1 290 -19 22 47
1192 3 370 32 23 60
1192 4 390 31 31 72
1193 1 287 -21 24 47
1193 3 370 33 22 57
1193 4 390 31 31 73
1194 1 289 -21 22 48
1194 3 370 33 22 58
1194 4 389 33 31 72
1195 1 287 -21 25 50
1195 3 369 33 23 58
1195 4 389 33 31 72
1196 1 285 -23 25 53
1196 3 370 34 22 57
1196 4 388 33 32 72
1197 1 288 -19 23 50
1197 3 370 35 22 58
1197 4 389 34 31 73
1198 1 289 -17 21 47
1198 3 370 35 22 58
1198 4 388 34 32 73
1199 1 290 -16 19 47
1199 3 369 36 22 58
1199 4 388 35 32 73
1200 1 289 -17 19 49
1200 3 369 36 23 57
1200 4 388 36 31 72
1201 1 289 -17 20 49
1201 3 369 36 23 58
1201 4 388 36 31 72
1202 1 289 -16 18 48
1202 3 369 36 23 58
1202 4 389 38 29 69
1203 1 288 -18 20 51
1203 3 369 37 22 58
1203 4 389 38 29 69
1204 1 288 -16 20 51
1204 3 369 37 22 57
1204 4 389 37 29 69
1205 1 285 -17 21 48
1205 3 368 37 23 58
1205 4 389 37 29 69
1206 1 286 -16 20 47
1206 3 369 38 22 58
1206 4 389 37 29 69
1207 1 286 -17 21 47
1207 3 368 38 22 58
1207 4 389 38 29 69
1208 1 284 -17 23 51
1208 3 368 38 23 61
1208 4 388 38 30 69
1209 1 283 -17 24 49
1209 3 367 37 24 64
1209 4 388 38 30 69
1210 1 285 -17 22 50
1210 3 367 37 24 64
1210 4 389 38 29 69
1211 1 284 -16 23 48
1211 3 366 38 25 64
1211 4 387 38 30 69
1212 1 283 -16 24 48
1212 3 366 38 25 64
1212 4 388 39 30 69
1213 1 282 -17 24 48
1213 3 366 39 24 64
1213 4 387 39 30 69
1214 1 281 -18 25 51
1214 3 365 39 26 67
1214 4 387 40 30 68
1215 1 283 -18 23 49
1215 3 365 38 25 68
1215 4 387 41 30 69
1216 1 282 -19 25 51
1216 3 364 39 26 67
1216 4 387 41 30 68
1217 1 283 -16 25 51
1217 3 363 39 26 68
1217 4 386 42 30 69
1218 1 284 -16 25 51
1218 3 363 39 25 67
1218 4 387 42 30 69
1219 1 283 -16 25 51
1219 3 362 39 25 67
1219 4 386 43 30 69
1220 1 283 -16 25 51
1220 3 362 39 25 68
1220 4 386 42 31 72
1221 1 284 -16 25 51
1221 3 362 39 25 67
1221 4 385 42 32 73
1222 1 284 -15 24 48
1222 3 361 40 26 67
1222 4 385 42 32 73
1223 1 283 -16 25 51
1223 3 360 39 26 68
1223 4 385 43 32 73
1224 1 284 -14 25 51
1224 2 430 -28 22 58
1224 3 361 41 25 64
1224 4 385 44 32 73
1225 1 284 -14 25 51
1225 2 430 -29 23 61
1225 3 360 42 25 64
1225 4 385 44 31 73
1226 1 285 -13 25 51
1226 3 361 42 24 65
1226 4 385 45 31 72
1227 1 286 -13 24 51
1227 3 361 42 24 65
1227 4 384 44 31 73
1228 1 284 -15 26 54
1228 3 360 42 24 65
1228 4 384 44 31 73
1229 1 283 -15 27 56
1229 3 360 43 24 65
1229 4 383 44 32 73
1230 1 283 -15 28 56
1230 3 360 43 24 65
1230 4 383 46 31 72
1231 1 283 -16 28 56
1231 3 360 44 24 64
1231 4 383 46 32 72
1232 1 283 -16 28 56
1232 3 360 44 24 64
1232 4 383 45 31 73
1233 1 282 -17 28 56
1233 3 359 46 25 64
1233 4 383 47 31 72
1234 1 283 -17 27 56
1234 3 359 46 25 64
1234 4 383 47 31 73
1235 1 282 -16 28 56
1235 3 359 46 24 64
1235 4 382 48 32 73
1236 1 283 -16 27 56
1236 3 359 46 24 64
1236 4 382 48 32 73
1237 1 282 -17 27 56
1237 3 359 46 25 64
1237 4 381 48 32 73
1238 1 282 -17 27 56
1238 3 359 47 24 64
1238 4 382 49 31 73
1239 1 288 -15 26 55
1239 3 359 47 24 64
1239 4 381 50 32 73
1240 1 288 -13 25 55
1240 3 359 48 24 64
1240 4 382 52 30 69
1241 1 288 -13 25 55
1241 3 358 49 25 64
1241 4 382 52 30 69
1242 1 289 -13 25 55
1242 3 358 49 25 64
1242 4 381 52 30 69
1243 1 287 -14 26 55
1243 3 358 48 25 68
1243 4 382 52 30 70
1244 1 287 -15 27 57
1244 3 357 48 25 68
1244 4 381 53 30 69
1245 1 286 -16 27 58
1245 3 357 49 26 68
1245 4 381 53 30 69
1246 1 288 -16 26 58
1246 3 356 49 26 68
1246 4 382 53 30 69
1247 1 289 -16 26 57
1247 3 356 50 25 67
1247 4 381 54 30 69
1248 1 289 -16 27 57
1248 3 356 51 25 67
1248 4 381 53 30 69
1249 1 290 -16 25 55
1249 3 355 51 25 67
1249 4 381 53 29 69
1250 1 290 -15 25 55
1250 3 354 50 27 71
1250 4 381 52 31 73
1251 1 290 -15 31 54
1251 3 353 51 27 70
1251 4 380 53 32 73
1252 1 290 -15 31 54
1252 3 352 50 28 71
1252 4 380 54 31 72
1253 1 291 -16 31 55
1253 3 351 51 27 70
1253 4 380 54 31 72
1254 1 291 -14 30 52
1254 2 439 -27 21 54
1254 3 351 52 27 70
1254 4 380 55 31 72
1255 1 291 -15 30 52
1255 3 350 51 27 71
1255 4 379 55 32 72
1256 1 292 -13 30 52
1256 3 350 51 27 71
1256 4 380 56 31 72
1257 1 293 -13 32 54
1257 2 439 -26 20 52
1257 3 350 51 27 71
1257 4 379 56 32 73
1258 1 293 -13 32 54
1258 3 349 52 27 70
1258 4 380 57 31 73
1259 1 294 -13 32 53
1259 2 440 -25 19 50
1259 3 348 52 27 71
1259 4 380 58 31 73
1260 1 295 -13 32 54
1260 3 349 53 27 70
1260 4 379 58 31 73
1261 1 295 -13 32 54
1261 2 439 -25 20 53
1261 3 348 53 27 71
1261 4 379 58 32 73
1262 1 295 -13 31 53
1262 2 438 -25 22 56
1262 3 341 54 33 69
1262 4 379 58 32 73
1263 1 297 -8 32 53
1263 2 440 -26 22 56
1263 3 343 54 33 69
1263 4 379 59 31 73
1264 1 296 -8 32 53
1264 2 440 -26 22 56
1264 3 343 53 33 69
1264 4 378 59 31 73
1265 1 296 -8 32 53
1265 2 441 -26 22 56
1265 3 342 53 33 69
1265 4 378 59 32 73
1266 1 296 -8 32 53
1266 2 440 -25 21 54
1266 3 342 54 33 69
1266 4 376 58 34 77
1267 1 297 -7 32 53
1267 2 441 -25 21 53
1267 3 342 55 33 69
1267 4 376 59 34 76
1268 1 299 -6 30 50
1268 2 441 -26 22 56
1268 3 341 54 34 69
1268 4 376 59 33 77
1269 1 299 -6 30 50
1269 2 441 -26 22 56
1269 3 341 55 34 69
1269 4 376 60 33 76
1270 1 304 -6 25 51
1270 2 441 -26 22 56
1270 3 341 53 34 69
1270 4 374 58 35 81
1271 1 304 -6 25 51
1271 2 441 -26 22 56
1271 3 341 54 34 69
1271 4 374 60 35 80
1272 1 307 -7 23 52
1272 2 441 -25 22 56
1272 3 341 56 33 69
1272 4 374 61 35 80
1273 1 307 -5 25 51
1273 2 441 -25 22 56
1273 3 341 55 33 69
1273 4 373 60 35 81
1274 1 309 -7 25 55
1274 2 441 -25 22 56
1274 3 341 55 33 69
1274 4 374 61 35 81
1275 1 308 -6 27 54
1275 2 442 -25 21 54
1275 3 341 55 33 69
1275 4 373 62 34 80
1276 1 309 -6 28 54
1276 2 441 -24 21 54
1276 3 341 55 33 69
1276 4 372 62 35 80
1277 1 309 -7 28 56
1277 2 442 -23 20 51
1277 3 340 55 34 69
1277 4 372 62 35 81
1278 1 309 -7 29 56
1278 2 441 -22 20 51
1278 3 341 56 33 69
1278 4 372 63 35 80
1279 1 310 -6 29 56
1279 2 441 -22 20 51
1279 3 340 56 33 69
1279 4 372 64 33 77
1280 1 311 -6 28 56
1280 2 441 -22 20 51
1280 3 340 56 34 69
1280 4 371 64 33 77
1281 1 311 -7 29 59
1281 2 440 -23 21 53
1281 3 340 56 33 70
1281 4 371 64 33 77
1282 1 312 -7 29 58
1282 2 440 -24 21 54
1282 3 339 57 34 70
1282 4 370 65 33 77
1283 1 312 -6 28 57
1283 2 440 -23 21 53
1283 3 339 57 33 69
1283 4 371 65 33 77
1284 1 312 -8 30 60
1284 2 439 -24 21 54
1284 3 339 57 33 70
1284 4 370 65 33 77
1285 1 311 -8 32 60
1285 2 436 -24 25 54
1285 3 338 59 34 69
1285 4 369 64 33 77
1286 1 312 -8 31 60
1286 2 438 -23 25 54
1286 3 338 60 31 66
1286 4 369 64 33 77
1287 1 315 -6 28 56
1287 2 438 -23 25 54
1287 3 337 61 32 66
1287 4 369 65 33 77
1288 1 313 -7 31 57
1288 2 438 -23 24 54
1288 3 335 60 34 69
1288 4 368 65 33 77
1289 1 317 -7 29 56
1289 2 438 -23 25 54
1289 3 335 68 33 62
1289 4 368 65 33 77
1290 1 317 -7 29 57
1290 2 438 -23 24 54
1290 3 335 68 32 62
1290 4 368 66 33 77
1291 1 319 -6 27 57
1291 2 438 -22 24 54
1291 3 334 68 32 62
1291 4 367 66 34 77
1292 1 320 -6 27 55
1292 2 438 -22 25 54
1292 3 334 68 32 62
1292 4 367 66 33 77
1293 1 320 -7 28 56
1293 2 438 -22 25 54
1293 3 333 69 33 62
1293 4 366 66 33 77
1294 1 319 -7 30 60
1294 2 438 -22 25 54
1294 3 332 69 33 62
1294 4 366 68 33 76
1295 1 320 -7 29 59
1295 2 438 -21 25 54
1295 3 333 70 32 62
1295 4 366 68 33 77
1296 1 320 -8 30 59
1296 2 438 -22 25 54
1296 3 332 71 32 61
1296 4 366 69 33 76
1297 1 322 -7 29 60
1297 2 438 -22 24 54
1297 3 332 70 34 65
1297 4 365 69 33 76
1298 1 322 -8 29 59
1298 2 438 -22 24 54
1298 3 332 72 32 61
1298 4 365 70 33 76
1299 1 321 -7 30 60
1299 2 438 -22 25 54
1299 3 332 73 32 62
1299 4 365 71 33 76
1300 1 323 -6 29 60
1300 2 438 -22 24 54
1300 3 331 73 32 62
1300 4 364 71 33 77
1301 1 322 -4 29 56
1301 2 438 -21 24 55
1301 3 331 74 32 62
1301 4 364 71 33 76
1302 1 325 -5 27 61
1302 2 438 -21 25 55
1302 3 331 74 32 62
1302 4 364 71 33 77
1303 1 325 -5 28 60
1303 2 438 -21 24 55
1303 3 331 75 33 62
1303 4 364 72 33 77
1304 1 324 -4 29 60
1304 2 437 -21 25 55
1304 3 331 75 32 62
1304 4 364 71 33 77
1305 1 324 -4 30 59
1305 2 438 -21 24 55
1305 3 331 75 32 62
1305 4 363 72 33 77
1306 1 326 -3 28 57
1306 2 438 -20 24 54
1306 3 331 77 31 59
1306 4 362 73 33 77
1307 1 327 -4 27 59
1307 2 438 -21 24 55
1307 3 331 77 30 59
1307 4 362 73 33 77
1308 1 327 -2 28 60
1308 2 437 -20 25 54
1308 3 331 78 31 59
1308 4 363 74 31 73
1309 1 328 -2 28 55
1309 2 437 -20 24 55
1309 3 330 76 33 62
1309 4 362 75 32 73
1310 1 329 -2 27 55
1310 2 437 -20 24 54
1310 3 330 77 33 62
1310 4 361 75 32 74
1311 1 332 -1 25 56
1311 2 436 -19 25 55
1311 3 330 77 33 62
1311 4 362 76 31 73
1312 1 331 -1 26 57
1312 2 435 -20 25 55
1312 3 330 78 33 62
1312 4 361 76 31 74
1313 1 331 0 27 55
1313 2 436 -19 25 54
1313 3 330 79 32 62
1313 4 360 75 33 77
1314 1 332 -1 27 58
1314 2 435 -19 25 55
1314 3 330 79 32 62
1314 4 360 75 33 77
1315 1 333 0 28 59
1315 2 434 -19 25 54
1315 3 329 79 32 62
1315 4 360 75 33 77
1316 1 334 0 27 56
1316 2 434 -18 25 54
1316 3 329 80 32 62
1316 4 359 76 33 77
1317 1 334 2 28 57
1317 2 434 -18 25 54
1317 3 328 80 32 62
1317 4 358 77 33 77
1318 1 333 3 29 50
1318 2 434 -18 24 51
1318 3 328 80 32 62
1318 4 358 77 33 77
1319 1 335 2 28 55
1319 2 433 -18 25 54
1319 3 328 82 32 62
1319 4 357 77 33 77
1320 1 335 3 28 55
1320 2 433 -20 26 57
1320 3 327 82 32 62
1320 4 357 77 33 77
1321 1 335 2 29 56
1321 2 433 -20 26 57
1321 3 326 83 32 62
1321 4 356 77 33 77
1322 1 334 2 31 55
1322 2 432 -20 26 57
1322 3 325 83 33 62
1322 4 356 78 33 77
1323 1 336 1 30 56
1323 2 432 -20 26 57
1323 3 325 83 32 62
1323 4 355 76 34 81
1324 1 333 1 33 57
1324 2 432 -20 26 57
1324 3 324 83 33 62
1324 4 355 76 34 81
1325 1 334 1 33 57
1325 2 432 -20 26 57
1325 3 324 84 32 62
1325 4 354 76 35 81
1326 1 334 0 33 57
1326 2 432 -20 26 57
1326 3 323 84 33 62
1326 4 354 76 34 80
1327 1 334 -2 34 61
1327 2 432 -19 26 57
1327 3 323 84 34 65
1327 4 353 77 35 81
1328 1 334 -2 34 61
1328 2 432 -17 25 54
1328 3 322 83 34 65
1328 4 353 77 35 81
1329 1 334 -3 35 61
1329 2 432 -18 25 55
1329 3 322 83 34 65
1329 4 352 77 35 81
1330 1 335 -3 35 60
1330 2 432 -17 25 54
1330 3 322 84 34 65
1330 4 352 77 34 81
1331 1 335 -4 35 61
1331 2 432 -17 25 55
1331 3 321 85 34 65
1331 4 352 77 35 81
1332 1 336 -4 35 61
1332 2 432 -17 25 54
1332 3 321 85 34 65
1332 4 352 77 34 81
1333 1 336 -3 35 60
1333 2 432 -19 26 57
1333 3 321 85 34 65
1333 4 351 78 35 81
1334 1 336 -3 35 60
1334 2 432 -18 26 57
1334 3 320 86 34 65
1334 4 351 78 35 81
1335 1 336 -5 36 64
1335 2 432 -19 26 57
1335 3 321 86 34 65
1335 4 352 78 34 81
1336 1 335 -5 37 63
1336 2 432 -18 26 57
1336 3 321 87 34 65
1336 4 351 79 35 81
1337 1 336 -5 36 63
1337 2 432 -18 26 57
1337 3 321 88 34 65
1337 4 351 79 35 81
1338 1 336 -1 37 59
1338 2 432 -18 26 57
1338 3 321 88 34 66
1338 4 351 79 35 81
1339 1 336 0 37 60
1339 2 432 -18 26 57
1339 3 320 88 34 66
1339 4 350 81 35 80
1340 1 336 1 37 59
1340 2 431 -19 27 60
1340 3 319 88 34 66
1340 4 350 80 35 81
1341 1 336 1 37 59
1341 2 431 -19 28 60
1341 3 319 89 34 65
1341 4 350 81 35 81
1342 1 336 1 37 60
1342 2 431 -19 27 60
1342 3 319 89 34 66
1342 4 350 81 35 81
1343 1 336 0 37 60
1343 2 431 -19 27 60
1343 3 320 90 34 66
1343 4 349 82 35 80
1344 1 336 0 36 60
1344 2 431 -17 26 57
1344 3 320 89 34 66
1344 4 349 83 35 80
1345 1 336 2 37 59
1345 2 431 -16 26 57
1345 3 319 91 33 63
1345 4 349 83 35 81
1346 1 344 1 29 60
1346 2 430 -16 26 57
1346 3 320 91 32 63
1346 4 349 83 35 81
1347 1 342 2 31 63
1347 2 430 -15 26 57
1347 3 319 92 33 62
1347 4 349 83 35 81
1348 1 342 2 31 60
1348 2 430 -15 26 57
1348 3 319 93 33 62
1348 4 350 84 35 80
1349 1 343 2 30 62
1349 2 429 -15 26 57
1349 3 319 93 33 62
1349 4 350 85 35 81
1350 1 345 3 29 54
1350 2 429 -15 26 57
1350 3 319 94 32 62
1350 4 349 84 35 81
1351 1 344 2 30 59
1351 2 429 -15 25 57
1351 3 319 94 32 62
1351 4 349 85 35 81
1352 1 345 2 29 60
1352 2 429 -15 26 57
1352 3 318 95 32 62
1352 4 349 85 35 81
1353 1 345 2 29 61
1353 2 429 -16 25 57
1353 3 317 94 33 62
1353 4 351 87 33 77
1354 1 344 3 30 60
1354 2 429 -14 24 55
1354 3 317 95 33 62
1354 4 349 87 34 77
1355 1 342 2 31 61
1355 2 428 -13 25 54
1355 3 317 96 33 62
1355 4 350 88 33 78
1356 1 344 1 30 63
1356 2 429 -13 24 54
1356 3 317 96 32 62
1356 4 349 88 34 78
1357 1 346 1 28 62
1357 2 428 -13 25 54
1357 3 316 97 34 65
1357 4 350 88 33 78
1358 1 345 2 29 62
1358 2 427 -15 26 57
1358 3 315 97 34 65
1358 4 348 87 35 81
1359 1 345 2 29 63
1359 2 428 -14 25 57
1359 3 314 97 34 66
1359 4 348 88 35 81
1360 1 343 2 31 61
1360 2 426 -15 27 60
1360 3 314 98 34 65
1360 4 348 88 35 81
1361 1 345 4 29 60
1361 2 427 -15 27 60
1361 3 314 97 34 66
1361 4 347 89 35 81
1362 1 344 4 31 61
1362 2 427 -15 28 60
1362 3 313 98 34 65
1362 4 348 91 35 80
1363 1 343 4 34 59
1363 2 426 -14 27 60
1363 3 313 98 34 65
1363 4 347 92 35 81
1364 1 343 4 35 59
1364 2 426 -14 27 60
1364 3 312 96 36 69
1364 4 346 93 35 81
1365 1 344 5 35 59
1365 2 427 -14 27 60
1365 3 311 97 36 68
1365 4 347 94 34 81
1366 1 344 5 35 59
1366 2 427 -13 26 57
1366 3 310 98 36 68
1366 4 346 94 34 81
1367 1 344 5 35 59
1367 2 427 -12 26 57
1367 3 310 97 35 69
1367 4 345 93 36 85
1368 1 345 4 35 59
1368 2 427 -12 25 57
1368 3 310 98 36 68
1368 4 345 93 36 84
1369 1 345 5 34 59
1369 2 426 -11 26 56
1369 3 309 98 36 69
1369 4 344 93 36 85
1370 1 344 5 36 62
1370 2 426 -11 26 56
1370 3 309 99 36 69
1370 4 343 94 36 84
1371 1 344 4 36 63
1371 2 426 -13 27 60
1371 3 309 99 35 69
1371 4 344 93 36 85
1372 1 344 5 36 63
1372 2 425 -13 27 60
1372 3 309 99 36 69
1372 4 343 93 36 85
1373 1 344 5 36 63
1373 2 425 -13 27 60
1373 3 309 100 36 69
1373 4 343 93 36 84
1374 1 344 5 36 63
1374 2 425 -12 25 58
1374 3 308 99 36 69
1374 4 343 94 36 84
1375 1 344 6 36 63
1375 2 426 -11 25 58
1375 3 308 99 36 69
1375 4 343 94 36 85
1376 1 344 6 36 63
1376 2 426 -11 25 58
1376 3 309 101 35 69
1376 4 342 95 36 85
1377 1 344 7 36 62
1377 2 425 -11 25 58
1377 3 309 101 35 69
1377 4 342 95 36 85
1378 1 343 6 38 66
1378 2 426 -10 24 56
1378 3 308 101 36 69
1378 4 342 96 36 85
1379 1 342 6 38 66
1379 2 426 -11 25 58
1379 3 308 100 37 72
1379 4 341 96 36 85
1380 1 342 7 38 65
1380 2 425 -11 25 58
1380 3 309 100 37 72
1380 4 340 97 37 85
1381 1 343 6 38 66
1381 2 425 -10 25 58
1381 3 309 102 36 69
1381 4 340 97 37 85
1382 1 342 7 38 65
1382 2 424 -10 25 58
1382 3 309 103 36 68
1382 4 340 98 36 85
1383 1 343 7 38 65
1383 2 425 -10 25 58
1383 3 309 103 35 69
1383 4 340 99 37 85
1384 1 343 6 38 66
1384 2 423 -10 26 58
1384 3 309 103 35 69
1384 4 339 100 37 85
1385 1 343 6 38 65
1385 2 423 -10 26 58
1385 3 309 104 36 68
1385 4 339 100 37 85
1386 1 343 7 38 65
1386 2 423 -9 26 58
1386 3 309 103 35 69
1386 4 338 102 37 84
1387 1 342 6 38 66
1387 2 423 -9 26 58
1387 3 309 104 35 69
1387 4 338 102 37 85
1388 1 343 7 38 65
1388 2 423 -10 25 58
1388 3 309 104 35 69
1388 4 338 103 36 85
1389 1 343 7 38 66
1389 2 422 -11 27 62
1389 3 309 105 36 68
1389 4 338 104 36 85
1390 1 342 8 38 66
1390 2 422 -12 26 62
1390 3 308 106 36 69
1390 4 337 103 36 85
1391 1 343 9 38 65
1391 2 422 -9 25 58
1391 3 309 106 35 69
1391 4 337 103 36 85
1392 1 343 9 38 66
1392 2 422 -9 26 58
1392 3 308 107 35 69
1392 4 336 105 36 85
1393 1 342 9 38 66
1393 2 422 -9 26 59
1393 3 309 107 34 66
1393 4 335 105 36 85
1394 1 343 10 36 63
1394 2 422 -8 25 59
1394 3 308 108 34 65
1394 4 335 106 36 85
1395 1 343 11 36 63
1395 2 421 -8 27 61
1395 3 308 108 34 66
1395 4 334 106 36 85
1396 1 344 11 36 62
1396 2 421 -7 27 61
1396 3 307 109 35 69
1396 4 334 108 36 85
1397 1 344 11 36 63
1397 2 421 -8 27 61
1397 3 307 109 35 69
1397 4 333 108 37 85
1398 1 344 11 36 63
1398 2 421 -8 28 64
1398 3 306 109 36 69
1398 4 333 109 36 85
1399 1 344 11 36 63
1399 2 420 -8 28 64
1399 3 305 109 36 69
1399 4 332 111 36 85
1400 1 344 11 36 63
1400 2 421 -9 28 64
1400 3 304 110 36 69
1400 4 332 112 36 85
1401 1 344 12 36 62
1401 2 419 -8 27 62
1401 3 304 111 36 69
1401 4 331 112 36 85
1402 1 345 12 36 63
1402 2 419 -9 26 62
1402 3 304 113 34 65
1402 4 331 113 36 85
1403 1 345 12 36 62
1403 2 421 -8 26 62
1403 3 304 113 34 65
1403 4 329 113 36 85
1404 1 345 12 36 63
1404 2 421 -7 26 62
1404 3 303 113 34 65
1404 4 329 114 36 85
1405 1 345 12 36 63
1405 2 420 -8 27 62
1405 3 302 113 34 66
1405 4 328 113 36 85
1406 1 345 11 36 62
1406 2 421 -8 26 62
1406 3 302 113 34 66
1406 4 327 115 36 85
1407 1 345 12 36 63
1407 2 420 -8 26 62
1407 3 301 114 34 65
1407 4 325 113 38 89
1408 1 345 13 36 62
1408 2 420 -7 26 62
1408 3 301 114 34 65
1408 4 325 113 38 90
1409 1 345 13 36 62
1409 2 420 -7 27 62
1409 3 301 114 34 66
1409 4 324 113 38 89
1410 1 345 12 36 63
1410 2 420 -7 26 62
1410 3 300 115 34 65
1410 4 323 113 38 89
1411 1 345 13 36 62
1411 2 420 -7 26 62
1411 3 300 115 34 65
1411 4 323 113 38 90
1412 1 345 14 36 63
1412 2 419 -7 27 62
1412 3 300 116 34 66
1412 4 323 114 38 89
1413 1 345 13 36 63
1413 2 419 -6 27 62
1413 3 299 116 34 66
1413 4 323 114 38 90
1414 1 345 13 36 63
1414 2 419 -6 26 62
1414 3 300 117 34 66
1414 4 323 115 38 89
1415 1 345 14 36 63
1415 2 419 -5 26 62
1415 3 300 118 34 66
1415 4 323 115 38 90
1416 1 344 14 36 63
1416 2 419 -3 25 59
1416 3 299 118 34 66
1416 4 322 116 38 90
1417 1 344 15 36 63
1417 2 419 -3 26 59
1417 3 299 120 34 66
1417 4 322 116 38 89
1418 1 344 15 36 63
1418 2 419 -3 25 59
1418 3 298 119 36 70
1418 4 323 117 38 89
1419 1 344 15 36 63
1419 2 418 -4 26 59
1419 3 299 120 35 69
1419 4 322 117 38 89
1420 1 343 13 38 66
1420 2 418 -4 26 59
1420 3 298 121 36 69
1420 4 322 118 38 89
1421 1 343 13 38 66
1421 2 418 -3 25 59
1421 3 298 122 36 69
1421 4 322 118 38 90
1422 1 343 13 38 66
1422 2 418 -3 25 59
1422 3 299 122 35 69
1422 4 322 119 38 89
1423 1 344 16 36 63
1423 2 417 -5 27 62
1423 3 299 123 34 66
1423 4 322 120 38 90
1424 1 342 15 38 66
1424 2 417 -5 26 62
1424 3 299 123 34 66
1424 4 322 123 38 89
1425 1 343 14 38 66
1425 2 417 -4 27 62
1425 3 299 124 34 66
1425 4 323 122 38 90
1426 1 343 15 38 66
1426 2 418 -3 25 59
1426 3 299 124 34 66
1426 4 322 122 38 90
1427 1 348 17 33 64
1427 2 418 -4 25 59
1427 3 299 124 34 66
1427 4 323 125 36 85
1428 1 347 19 30 59
1428 2 417 -3 26 59
1428 3 300 124 34 66
1428 4 323 126 37 85
1429 1 348 17 32 65
1429 2 418 -1 25 59
1429 3 298 123 36 69
1429 4 323 127 37 85
1430 1 348 19 32 63
1430 2 417 -2 26 59
1430 3 299 123 35 69
1430 4 323 127 36 85
1431 1 348 19 33 65
1431 2 417 -1 26 59
1431 3 298 124 36 69
1431 4 322 127 36 86
1432 1 343 18 38 66
1432 2 417 -1 26 59
1432 3 298 124 36 69
1432 4 322 128 36 85
1433 1 344 20 36 63
1433 2 417 -1 25 59
1433 3 299 125 35 69
1433 4 322 129 36 85
1434 1 344 20 36 63
1434 2 417 0 25 59
1434 3 298 125 36 69
1434 4 322 129 36 85
1435 1 345 22 34 59
1435 2 417 0 25 59
1435 3 297 125 36 69
1435 4 322 131 36 86
1436 1 345 22 35 60
1436 2 417 0 25 59
1436 3 298 125 36 69
1436 4 322 131 36 86
1437 1 348 23 31 59
1437 2 417 -1 26 59
1437 3 297 126 36 69
1437 4 322 133 36 85
1438 1 345 22 35 60
1438 2 417 0 26 59
1438 3 297 126 36 69
1438 4 322 134 36 86
1439 1 345 22 34 60
1439 2 417 0 26 59
1439 3 297 126 36 70
1439 4 321 135 36 85
1440 1 345 22 35 60
1440 2 417 0 26 59
1440 3 296 126 36 70
1440 4 322 135 36 86
1441 1 346 22 34 59
1441 2 417 0 26 59
1441 3 296 127 36 69
1441 4 321 136 36 85
1442 1 345 22 35 60
1442 2 418 1 25 59
1442 3 296 128 35 69
1442 4 321 136 36 85
1443 1 347 24 32 57
1443 2 417 -1 27 62
1443 3 295 128 36 69
1443 4 321 137 36 86
1444 1 347 24 33 57
1444 2 417 -1 27 62
1444 3 295 129 35 69
1444 4 320 136 36 85
1445 1 347 24 33 57
1445 2 417 -1 26 62
1445 3 294 130 36 69
1445 4 320 137 36 85
1446 1 347 25 32 57
1446 2 417 0 27 62
1446 3 295 130 35 69
1446 4 320 137 36 86
1447 1 347 24 32 57
1447 2 417 0 27 63
1447 3 294 131 35 69
1447 4 320 137 36 85
1448 1 346 25 33 57
1448 2 417 0 26 62
1448 3 294 132 35 69
1448 4 320 137 36 86
1449 1 346 25 33 62
1449 2 417 0 27 63
1449 3 294 132 35 69
1449 4 320 138 36 86
1450 1 347 26 32 62
1450 2 417 1 27 62
1450 3 294 133 35 69
1450 4 320 139 36 85
1451 1 346 26 33 62
1451 2 417 1 26 63
1451 3 293 132 36 69
1451 4 320 139 36 85
1452 1 347 27 32 62
1452 2 417 2 26 62
1452 3 294 134 35 70
1452 4 320 140 36 85
1453 1 345 27 33 62
1453 2 417 2 26 62
1453 3 294 134 35 70
1453 4 320 141 36 85
1454 1 346 27 33 62
1454 2 417 1 26 63
1454 3 294 134 35 70
1454 4 320 141 36 86
1455 1 345 27 33 62
1455 2 417 2 27 62
1455 3 293 135 36 70
1455 4 320 142 36 86
1456 1 344 28 33 62
1456 2 418 4 25 59
1456 3 294 138 35 69
1456 4 320 143 36 85
1457 1 344 28 33 62
1457 2 418 5 24 56
1457 3 293 137 33 75
1457 4 321 143 36 86
1458 1 344 28 33 62
1458 2 418 5 25 59
1458 3 293 138 33 75
1458 4 321 145 36 86
1459 1 344 29 33 62
1459 2 418 6 24 56
1459 3 294 139 32 75
1459 4 322 145 36 86
1460 1 343 29 33 62
1460 2 418 6 24 56
1460 3 294 140 32 75
1460 4 322 145 36 85
1461 1 345 29 31 59
1461 2 418 6 24 56
1461 3 293 139 34 79
1461 4 323 145 37 86
1462 1 344 30 32 59
1462 2 418 5 25 59
1462 3 294 138 34 79
1462 4 323 147 37 85
1463 1 345 30 31 59
1463 2 417 4 26 60
1463 3 294 139 34 79
1463 4 324 147 37 85
1464 1 344 29 32 59
1464 2 418 5 25 59
1464 3 295 142 33 76
1464 4 324 147 37 85
1465 1 344 31 32 59
1465 2 418 6 25 59
1465 3 295 142 33 76
1465 4 324 147 37 86
1466 1 344 31 32 59
1466 2 417 5 26 59
1466 3 296 141 32 75
1466 4 325 147 36 85
1467 1 344 32 32 59
1467 2 418 6 25 59
1467 3 296 142 33 76
1467 4 325 146 36 86
1468 1 343 30 33 62
1468 2 418 6 25 59
1468 3 296 143 32 75
1468 4 325 147 36 85
1469 1 343 30 33 62
1469 2 418 7 25 59
1469 3 296 142 32 76
1469 4 325 147 37 85
1470 1 343 30 33 62
1470 2 414 8 29 61
1470 3 296 143 33 75
1470 4 325 147 37 85
1471 1 343 31 33 62
1471 2 416 7 29 61
1471 3 296 143 33 75
1471 4 327 147 36 85
1472 1 342 29 34 65
1472 2 416 8 29 61
1472 3 296 144 33 75
1472 4 327 147 36 86
1473 1 342 30 34 65
1473 2 416 7 30 61
1473 3 296 145 32 75
1473 4 328 147 36 86
1474 1 343 31 33 62
1474 2 416 8 29 61
1474 3 297 147 31 72
1474 4 328 148 36 85
1475 1 343 32 33 62
1475 2 416 8 29 61
1475 3 294 148 34 78
1475 4 329 148 36 85
1476 1 343 32 33 62
1476 2 416 8 29 61
1476 3 294 146 34 79
1476 4 329 147 36 86
1477 1 343 33 33 61
1477 2 416 8 29 61
1477 3 295 147 34 79
1477 4 330 147 36 86
1478 1 343 33 33 61
1478 2 416 8 29 61
1478 3 295 147 34 79
1478 4 330 147 37 86
1479 1 343 34 33 61
1479 2 415 9 30 61
1479 3 295 148 34 78
1479 4 331 148 37 86
1480 1 342 33 33 61
1480 2 415 9 30 61
1480 3 294 149 34 78
1480 4 331 147 37 86
1481 1 341 31 35 65
1481 2 416 9 30 61
1481 3 294 149 34 79
1481 4 332 147 37 86
1482 1 341 33 34 65
1482 2 416 9 29 61
1482 3 293 149 35 82
1482 4 332 147 37 85
1483 1 342 35 33 61
1483 2 415 10 30 61
1483 3 294 150 34 79
1483 4 332 148 37 85
1484 1 342 35 33 61
1484 2 415 10 30 61
1484 3 294 150 33 82
1484 4 334 148 36 85
1485 1 342 36 33 61
1485 2 415 10 30 61
1485 3 294 149 33 81
1485 4 334 148 36 85
1486 1 341 36 33 62
1486 2 415 11 30 61
1486 3 294 149 33 81
1486 4 334 148 36 85
1487 1 341 36 33 62
1487 2 416 11 29 61
1487 3 294 151 32 77
1487 4 334 147 36 85
1488 1 340 35 34 65
1488 2 416 11 29 61
1488 3 294 151 32 78
1488 4 334 148 36 85
1489 1 339 37 34 65
1489 2 415 12 30 61
1489 3 294 153 32 77
1489 4 334 147 36 86
1490 1 339 38 34 65
1490 2 415 12 30 61
1490 3 294 153 32 77
1490 4 334 148 36 85
1491 1 339 40 33 62
1491 2 415 12 30 61
1491 3 294 154 32 78
1491 4 334 148 36 85
1492 1 339 39 32 62
1492 2 415 12 30 61
1492 3 295 154 32 78
1492 4 335 147 36 86
1493 1 338 40 32 62
1493 2 415 12 30 61
1493 3 295 155 32 78
1493 4 335 147 36 86
1494 1 338 39 33 62
1494 2 415 12 30 61
1494 3 296 157 31 82
1494 4 334 147 36 86
1495 1 338 40 32 62
1495 2 415 12 30 61
1495 3 295 156 32 82
1495 4 334 147 36 85
1496 1 336 39 33 62
1496 2 415 12 30 61
1496 3 296 156 31 82
1496 4 334 147 36 85
1497 1 337 39 33 62
1497 2 415 13 30 61
1497 3 297 158 30 78
1497 4 334 147 36 85
1498 1 336 39 33 62
1498 2 415 13 29 61
1498 3 298 158 30 79
1498 4 334 147 36 85
1499 1 336 39 33 62
1499 2 415 13 29 62
1499 3 298 159 30 78
1499 4 333 146 36 86
1500 1 336 39 33 62
1500 2 415 12 31 64
1500 3 299 161 29 78
1500 4 333 146 36 86
1501 1 336 39 33 62
1501 2 414 12 31 64
1501 3 299 161 30 78
1501 4 333 145 36 86
1502 1 335 38 34 65
1502 2 414 11 33 67
1502 3 300 162 29 78
1502 4 333 146 36 85
1503 1 335 38 34 69
1503 2 414 12 33 67
1503 3 300 161 29 78
1503 4 333 145 36 86
1504 1 335 39 35 68
1504 2 414 11 33 68
1504 3 301 162 29 78
1504 4 334 145 36 86
1505 1 335 39 35 69
1505 2 414 11 33 67
1505 3 300 162 30 78
1505 4 334 145 36 85
1506 1 334 39 35 69
1506 2 415 13 31 64
1506 3 301 162 29 78
1506 4 333 145 36 85
1507 1 335 41 33 65
1507 2 415 13 31 65
1507 3 301 164 29 78
1507 4 334 144 36 86
1508 1 335 42 33 65
1508 2 414 16 31 62
1508 3 302 163 29 78
1508 4 334 143 36 86
1509 1 335 42 33 66
1509 2 414 11 33 68
1509 3 302 164 29 79
1509 4 334 143 36 86
1510 1 335 43 33 66
1510 2 414 12 33 67
1510 3 302 166 29 75
1510 4 334 143 36 85
1511 1 335 43 33 66
1511 2 414 12 33 67
1511 3 302 167 29 74
1511 4 334 142 36 85
1512 1 334 42 34 69
1512 2 413 12 33 67
1512 3 302 168 29 74
1512 4 334 141 36 85
1513 1 334 42 34 69
1513 2 413 11 33 67
1513 3 301 168 30 80
1513 4 335 142 36 85
1514 1 334 43 34 69
1514 2 413 16 35 62
1514 3 302 166 29 81
1514 4 335 140 36 86
1515 1 334 43 34 69
1515 2 414 12 33 67
1515 3 302 167 30 81
1515 4 335 139 37 90
1516 1 333 43 35 69
1516 2 413 12 33 68
1516 3 302 168 29 80
1516 4 335 138 37 90
1517 1 334 43 34 69
1517 2 414 12 33 68
1517 3 302 169 29 81
1517 4 335 138 38 90
1518 1 333 44 35 69
1518 2 414 12 33 68
1518 3 302 169 29 81
1518 4 335 137 37 90
1519 1 333 45 34 69
1519 2 414 12 33 67
1519 3 301 170 30 81
1519 4 335 137 38 89
1520 1 332 44 36 73
1520 2 414 11 33 68
1520 3 301 171 30 81
1520 4 335 136 38 90
1521 1 332 44 36 72
1521 2 413 11 35 71
1521 3 301 171 30 81
1521 4 335 136 38 90
1522 1 332 45 36 73
1522 2 413 11 35 70
1522 3 301 171 29 81
1522 4 334 137 38 89
1523 1 331 45 36 73
1523 2 413 11 35 70
1523 3 301 172 29 81
1523 4 334 136 38 90
1524 1 331 45 36 73
1524 2 413 12 34 70
1524 3 301 172 29 81
1524 4 334 135 37 90
1525 1 332 45 36 73
1525 2 412 12 35 70
1525 3 302 175 28 77
1525 4 334 135 37 90
1526 1 331 46 36 73
1526 2 413 19 33 64
1526 3 302 176 28 77
1526 4 334 135 37 90
1527 1 331 48 36 72
1527 2 413 19 32 64
1527 3 302 177 28 77
1527 4 332 134 38 90
1528 1 331 48 36 72
1528 2 414 18 32 64
1528 3 301 176 28 77
1528 4 331 133 40 94
1529 1 330 48 36 73
1529 2 414 18 33 64
1529 3 302 178 28 78
1529 4 331 132 40 95
1530 1 330 49 36 73
1530 2 414 19 33 64
1530 3 301 177 29 81
1530 4 330 132 40 94
1531 1 330 49 36 72
1531 2 415 19 32 64
1531 3 301 178 30 81
1531 4 330 131 40 95
1532 1 329 49 36 72
1532 2 414 18 33 64
1532 3 301 177 31 86
1532 4 330 132 40 94
1533 1 330 49 36 72
1533 2 413 18 34 67
1533 3 300 177 31 86
1533 4 329 130 40 95
1534 1 330 49 36 72
1534 2 414 20 33 63
1534 3 299 177 33 89
1534 4 328 130 40 94
1535 1 329 49 36 73
1535 2 414 19 32 64
1535 3 300 178 33 94
1535 4 328 130 40 94
1536 1 329 50 36 72
1536 2 414 18 34 67
1536 3 299 179 33 94
1536 4 327 129 40 94
1537 1 329 50 36 72
1537 2 414 18 34 68
1537 3 300 179 33 94
1537 4 327 129 40 94
1538 1 329 51 36 73
1538 2 413 18 34 68
1538 3 300 179 33 94
1538 4 327 127 40 95
1539 1 329 51 36 73
1539 2 414 18 34 68
1539 3 302 182 31 90
1539 4 327 129 38 90
1540 1 329 52 36 72
1540 2 414 18 34 68
1540 3 302 182 31 90
1540 4 327 129 37 90
1541 1 329 53 35 69
1541 2 414 18 34 68
1541 3 302 182 32 90
1541 4 327 127 37 90
1542 1 329 54 35 69
1542 2 413 22 28 64
1542 3 302 183 32 89
1542 4 326 127 38 90
1543 1 329 54 35 69
1543 2 413 19 34 67
1543 3 302 183 32 89
1543 4 325 126 38 90
1544 1 330 55 34 69
1544 2 413 19 34 67
1544 3 302 180 33 94
1544 4 325 127 38 90
1545 1 330 55 34 69
1545 2 413 21 34 67
1545 3 302 181 33 95
1545 4 325 126 38 90
1546 1 329 55 35 69
1546 2 412 22 34 67
1546 3 302 183 33 94
1546 4 325 126 38 90
1547 1 330 57 35 69
1547 2 412 22 34 67
1547 3 302 184 33 94
1547 4 325 126 38 90
1548 1 330 56 34 69
1548 2 411 23 34 67
1548 3 302 186 33 94
1548 4 325 124 38 90
1549 1 330 57 35 70
1549 2 411 23 34 67
1549 3 302 187 33 94
1549 4 324 125 38 90
1550 1 330 57 34 70
1550 2 411 23 34 67
1550 3 302 187 33 94
1550 4 325 126 37 85
1551 1 330 58 35 69
1551 2 411 23 34 67
1551 3 302 187 33 94
1551 4 325 126 37 85
1552 1 330 58 35 70
1552 2 410 23 29 65
1552 3 301 188 34 99
1552 4 325 125 37 86
1553 1 331 58 34 70
1553 2 411 23 29 66
1553 3 301 188 34 98
1553 4 326 124 36 86
1554 1 331 58 34 70
1554 2 411 24 29 65
1554 3 300 190 34 98
1554 4 327 124 36 85
1555 1 330 58 35 70
1555 2 411 24 29 66
1555 3 300 191 34 99
1555 4 326 122 36 85
1556 1 330 60 35 69
1556 2 411 25 29 65
1556 3 299 192 34 98
1556 4 326 121 36 85
1557 1 331 62 33 66
1557 2 411 25 29 66
1557 3 300 194 33 93
1557 4 327 121 36 85
1558 1 330 61 35 69
1558 2 411 25 29 65
1558 3 300 194 32 93
1558 4 327 120 36 85
1559 1 330 61 35 69
1559 2 410 25 29 66
1559 3 297 193 34 99
1559 4 327 120 36 85
1560 1 329 62 35 69
1560 2 410 26 29 65
1560 3 296 193 35 104
1560 4 328 118 36 86
1561 1 330 62 34 69
1561 2 410 26 29 65
1561 3 297 193 34 104
1561 4 328 116 36 85
1562 1 329 62 35 69
1562 2 408 26 30 66
1562 3 296 193 35 104
1562 4 328 116 36 85
1563 1 329 63 34 69
1563 2 409 26 29 65
1563 3 296 195 34 104
1563 4 328 116 36 85
1564 1 329 63 35 69
1564 2 408 26 30 65
1564 3 295 195 35 104
1564 4 328 115 36 85
1565 1 329 64 34 69
1565 2 408 26 29 66
1565 3 296 198 33 99
1565 4 328 115 36 85
1566 1 328 65 35 69
1566 2 408 26 29 66
1566 3 296 198 33 99
1566 4 328 115 36 85
1567 1 327 65 34 69
1567 2 407 26 30 66
1567 3 296 199 33 99
1567 4 328 114 36 85
1568 1 326 65 35 69
1568 2 407 27 30 66
1568 3 296 200 33 99
1568 4 328 113 36 85
1569 1 326 65 34 69
1569 2 407 26 30 66
1569 3 296 201 33 99
1569 4 328 113 36 85
1570 1 326 64 36 73
1570 2 407 26 30 66
1570 3 295 203 33 99
1570 4 328 113 36 85
1571 1 325 64 36 73
1571 2 408 27 29 65
1571 3 296 206 31 94
1571 4 327 112 36 85
1572 1 326 65 34 69
1572 2 407 26 31 68
1572 3 296 207 31 94
1572 4 327 111 36 85
1573 1 325 65 35 69
1573 2 406 27 31 68
1573 3 295 207 32 94
1573 4 328 110 36 86
1574 1 325 65 34 69
1574 2 407 26 31 69
1574 3 295 208 32 94
1574 4 328 111 36 85
1575 1 324 65 35 69
1575 2 407 27 31 69
1575 3 295 210 32 94
1575 4 327 110 36 85
1576 1 324 64 34 69
1576 2 407 27 31 69
1576 3 295 209 31 94
1576 4 328 109 36 85
1577 1 324 65 34 69
1577 2 406 28 31 69
1577 3 296 213 30 90
1577 4 328 109 36 85
1578 1 324 65 34 69
1578 2 406 28 31 69
1578 3 296 214 30 90
1578 4 326 107 37 85
1579 1 324 64 34 69
1579 2 406 29 31 69
1579 3 296 217 29 85
1579 4 327 107 36 85
1580 1 324 65 35 69
1580 2 407 29 31 69
1580 3 295 217 29 85
1580 4 326 106 37 85
1581 1 324 65 34 69
1581 2 407 29 31 69
1581 3 295 217 28 85
1581 4 327 105 36 85
1582 1 324 64 34 69
1582 2 407 29 31 69
1582 3 294 216 30 90
1582 4 326 105 36 85
1583 1 324 65 34 69
1583 2 407 29 31 69
1583 3 294 217 30 90
1583 4 326 104 37 85
1584 1 325 66 33 66
1584 2 408 30 31 69
1584 3 294 218 29 89
1584 4 327 105 35 81
1585 1 325 67 31 63
1585 2 407 29 31 69
1585 3 294 219 29 89
1585 4 327 105 35 81
1586 1 325 68 31 63
1586 2 407 29 31 69
1586 3 294 220 29 89
1586 4 326 105 35 81
1587 1 325 69 30 60
1587 2 408 30 31 69
1587 3 293 221 29 90
1587 4 326 103 35 81
1588 1 326 70 30 60
1588 2 408 30 31 69
1588 3 291 219 32 94
1588 4 326 103 35 81
1589 1 323 73 34 58
1589 2 407 28 32 73
1589 3 291 220 31 94
1589 4 326 102 35 81
1590 1 323 73 33 61
1590 2 407 29 33 72
1590 3 291 220 31 94
1590 4 326 100 35 82
1591 1 321 68 35 67
1591 2 407 29 32 73
1591 3 290 221 31 94
1591 4 326 102 33 77
1592 1 323 72 34 65
1592 2 406 29 33 73
1592 3 290 224 30 89
1592 4 327 100 33 77
1593 1 323 66 32 69
1593 2 406 29 33 73
1593 3 288 224 32 94
1593 4 327 100 33 77
1594 1 323 74 35 60
1594 2 406 29 33 73
1594 3 287 221 33 99
1594 4 326 99 33 78
1595 1 322 74 35 61
1595 2 406 30 33 72
1595 3 286 223 33 99
1595 4 328 100 31 74
1596 1 322 73 35 62
1596 2 406 30 33 75
1596 3 285 224 33 98
1596 4 327 99 31 73
1597 1 321 75 36 63
1597 2 407 33 31 69
1597 3 284 225 33 98
1597 4 326 96 33 78
1598 1 321 71 36 67
1598 2 407 33 31 69
1598 3 283 225 33 99
1598 4 326 95 33 77
1599 1 321 64 36 81
1599 2 408 33 30 69
1599 3 282 225 33 98
1599 4 327 97 31 73
1600 1 321 65 36 73
1600 2 408 33 30 69
1600 3 282 225 33 99
1600 4 326 97 32 73
1601 1 319 76 32 71
1601 2 406 34 31 69
1601 3 281 226 33 98
1601 4 326 100 32 74
1602 1 319 75 34 74
1602 2 406 34 31 69
1602 3 281 227 33 99
1602 4 326 96 32 73
1603 1 318 77 35 70
1603 2 408 35 29 66
1603 3 282 227 33 99
1603 4 326 95 31 74
1604 1 318 79 35 70
1604 2 407 36 29 65
1604 3 281 228 33 99
1604 4 326 95 31 73
1605 1 319 78 33 70
1605 2 407 36 29 65
1605 3 281 230 33 98
1605 4 326 94 31 73
1606 1 318 77 33 74
1606 2 407 36 29 65
1606 3 281 230 33 99
1606 4 325 94 31 74
1607 1 314 78 36 73
1607 2 407 35 29 66
1607 3 281 232 33 98
1607 4 328 97 28 70
1608 1 315 78 33 74
1608 2 407 36 29 66
1608 3 280 232 33 99
1608 4 329 93 28 76
1609 1 315 78 33 66
1609 2 408 36 29 65
1609 3 280 233 33 98
1609 4 327 95 30 74
1610 1 314 77 35 76
1610 2 409 37 27 62
1610 3 280 234 33 99
1610 4 326 95 30 73
1611 1 313 76 35 70
1611 2 406 37 30 68
1611 3 279 235 33 99
1611 4 327 94 30 74
1612 1 314 76 35 76
1612 2 408 38 29 68
1612 3 280 235 33 99
1612 4 326 94 31 73
1613 1 313 78 35 73
1613 2 408 37 30 68
1613 3 280 235 33 99
1613 4 325 91 31 76
1614 1 315 78 36 74
1614 2 408 38 29 68
1614 3 280 236 33 99
1614 4 325 93 31 73
1615 2 408 38 28 65
1615 3 279 237 33 98
1615 4 325 94 31 74
1615 1 312 80 34 72
1616 1 315 77 28 77
1616 2 408 39 28 65
1616 3 281 240 31 94
1616 4 321 87 35 81
1617 1 314 77 30 75
1617 2 409 39 28 65
1617 3 280 241 31 94
1617 4 325 89 31 78
1618 1 314 78 31 72
1618 2 409 40 28 65
1618 3 281 241 31 94
1618 4 326 91 30 77
1619 1 315 78 28 73
1619 2 409 40 28 65
1619 3 280 239 33 99
1619 4 325 90 31 78
1620 1 314 79 29 72
1620 2 409 40 28 65
1620 3 281 244 31 93
1620 4 326 91 32 72
1621 1 315 79 24 74
1621 2 405 40 32 68
1621 3 281 244 32 93
1621 4 326 89 30 79
1622 1 310 81 32 71
1622 2 407 40 32 68
1622 3 281 243 31 94
1622 4 319 83 37 84
1623 1 316 83 26 71
1623 2 407 41 32 68
1623 3 280 242 33 99
1623 4 324 82 32 82
1624 1 316 83 26 68
1624 2 407 40 32 68
1624 3 279 243 33 99
1624 4 328 88 28 75
1625 1 311 85 33 71
1625 2 407 40 32 68
1625 3 279 254 33 88
1625 4 328 88 26 75
1626 1 311 84 31 70
1626 2 407 41 32 68
1626 3 279 244 33 98
1626 4 326 87 29 77
1627 1 315 86 29 70
1627 2 407 41 32 68
1627 3 279 245 33 99
1627 4 326 88 29 76
1628 1 312 85 31 70
1628 2 407 41 32 68
1628 3 278 245 33 99
1628 4 329 88 25 75
1629 1 312 85 31 70
1629 2 407 41 32 68
1629 3 277 246 33 99
1629 4 327 89 27 75
1630 1 312 85 31 70
1630 2 407 41 32 68
1630 3 277 247 33 98
1630 4 328 87 27 77
1631 1 313 86 26 71
1631 2 407 42 26 68
1631 3 277 250 32 94
1631 4 328 86 27 78
1632 1 315 86 27 72
1632 2 408 42 26 68
1632 3 276 248 33 99
1632 4 328 87 30 76
1633 1 315 86 27 72
1633 2 409 42 26 69
1633 3 276 249 33 98
1633 4 330 86 27 76
1634 1 315 86 27 72
1634 2 409 42 26 69
1634 3 276 250 33 99
1634 4 330 85 28 76
1635 1 315 87 27 72
1635 2 408 45 25 65
1635 3 274 250 33 99
1635 4 327 85 30 78
1636 1 315 86 27 72
1636 2 409 46 24 62
1636 3 274 251 33 98
1636 4 329 86 28 78
1637 1 315 86 27 72
1637 2 408 46 24 62
1637 3 273 251 33 98
1637 4 330 86 27 75
1638 1 315 86 27 72
1638 2 408 46 24 62
1638 3 273 250 33 98
1638 4 330 87 28 77
1639 1 315 86 26 72
1639 2 408 46 24 62
1639 3 273 251 31 94
1639 4 328 88 30 72
1640 1 315 87 27 73
1640 2 404 45 29 65
1640 3 273 251 31 93
1640 4 330 87 28 75
1641 1 316 87 23 73
1641 2 406 44 28 65
1641 3 273 251 31 94
1641 4 330 85 28 75
1642 1 316 87 24 73
1642 2 406 45 29 65
1642 3 271 251 32 93
1642 4 331 86 28 75
1643 1 315 86 25 76
1643 2 406 45 29 65
1643 3 271 252 31 94
1643 4 331 87 28 76
1644 1 316 86 24 76
1644 2 406 46 28 65
1644 3 271 252 31 94
1644 4 330 87 29 74
1645 1 316 87 22 75
1645 2 406 45 29 65
1645 3 270 252 32 94
1645 4 330 85 28 77
1646 1 315 87 21 71
1646 2 406 45 28 65
1646 3 269 253 32 93
1646 4 331 86 27 75
1646 5 456 465 57 64
1647 1 316 87 20 72
1647 2 406 46 29 65
1647 3 262 253 39 99
1647 4 329 85 29 74
1647 5 455 464 58 65
1648 1 316 87 22 70
1648 2 406 47 28 65
1648 3 265 251 38 99
1648 4 329 84 29 78
1648 5 455 465 58 64
1649 1 316 86 22 71
1649 2 406 46 29 65
1649 3 264 251 39 99
1649 4 329 84 30 76
1649 5 454 463 58 65
1650 1 316 86 21 74
1650 2 406 47 29 65
1650 3 265 253 37 94
1650 4 330 84 28 79
1650 5 454 461 58 70
1651 1 316 85 22 74
1651 2 407 50 27 61
1651 3 265 251 38 99
1651 4 330 83 29 79
1651 5 452 459 58 70
1652 1 316 85 20 73
1652 2 407 50 27 62
1652 3 265 251 38 99
1652 4 329 84 29 78
1652 5 452 456 59 74
1653 1 316 85 22 75
1653 2 407 49 27 62
1653 3 265 251 38 99
1653 4 330 83 29 79
1653 5 449 453 58 78
1654 1 316 86 25 74
1654 2 407 50 26 59
1654 3 264 250 39 99
1654 4 330 81 29 82
1654 5 447 450 58 78
1655 1 316 85 25 73
1655 2 405 50 29 62
1655 3 265 251 38 99
1655 4 330 81 29 82
1655 5 446 449 59 81
1656 1 317 86 23 74
1656 2 406 50 28 62
1656 3 266 250 38 99
1656 4 330 85 29 77
1656 5 444 445 59 86
1657 1 317 85 21 73
1657 2 407 51 28 62
1657 3 266 250 38 99
1657 4 331 84 27 77
1657 5 447 440 52 91
1658 1 317 85 19 71
1658 2 407 51 28 62
1658 3 266 250 38 99
1658 4 331 85 27 73
1658 5 445 437 52 91
1659 1 318 86 19 70
1659 2 402 51 33 65
1659 3 266 249 38 99
1659 4 332 85 26 76
1659 5 445 434 54 96
1660 1 315 85 24 72
1660 2 404 50 28 61
1660 3 265 247 41 104
1660 4 333 82 25 78
1660 5 445 432 49 99
1661 1 317 88 22 68
1661 2 404 50 33 65
1661 3 266 246 40 104
1661 4 332 86 25 71
1661 5 443 428 48 99
1662 1 318 86 23 72
1662 2 403 49 34 69
1662 3 265 246 41 104
1662 4 328 85 30 76
1662 5 441 423 51 104
1663 1 317 84 24 76
1663 2 403 50 35 68
1663 3 266 245 41 104
1663 4 329 86 29 77
1663 5 440 420 51 103
1664 1 315 87 26 67
1664 2 403 50 35 69
1664 3 266 245 40 104
1664 4 331 86 26 75
1664 5 439 416 51 104
1665 1 315 86 24 72
1665 2 404 50 33 69
1665 3 266 243 40 104
1665 4 331 84 26 76
1665 5 439 413 51 104
1666 1 315 85 24 73
1666 2 403 51 33 69
1666 3 267 241 40 104
1666 4 329 88 30 73
1666 5 441 413 48 102
1667 1 314 86 28 72
1667 2 403 50 32 69
1667 3 266 240 41 104
1667 4 331 88 26 72
1667 5 439 410 48 111
1668 1 316 87 25 70
1668 2 403 50 34 69
1668 3 268 242 38 99
1668 4 331 86 27 74
1668 5 441 406 45 114
1669 1 317 86 25 71
1669 2 403 52 31 67
1669 3 268 242 39 99
1669 4 331 86 27 75
1669 5 440 403 45 114
1670 1 314 86 28 73
1670 2 405 52 27 71
1670 3 268 241 39 99
1670 4 330 86 27 74
1670 5 438 399 46 115
1671 1 316 86 27 71
1671 2 404 49 33 74
1671 3 267 238 41 104
1671 4 331 84 26 76
1671 5 438 398 46 114
1672 1 317 86 25 73
1672 2 404 54 28 66
1672 3 268 238 40 104
1672 4 329 83 28 79
1672 5 438 401 47 117
1673 1 316 86 25 73
1673 2 404 51 27 68
1673 3 268 237 40 104
1673 4 329 85 30 78
1673 5 436 399 48 113
1674 1 319 86 23 76
1674 2 403 56 28 67
1674 3 268 243 40 89
1674 4 330 83 27 75
1674 5 436 397 48 115
1675 1 317 86 25 72
1675 2 404 56 28 64
1675 3 268 236 41 104
1675 4 329 85 28 74
1675 5 435 394 49 118
1676 1 320 86 23 75
1676 2 403 50 33 74
1676 3 268 235 41 104
1676 4 330 86 27 75
1676 5 436 389 45 118
1677 1 317 86 26 72
1677 2 402 48 35 78
1677 3 270 237 38 99
1677 4 330 84 31 75
1677 5 435 387 46 117
1678 1 317 85 26 76
1678 2 403 47 35 78
1678 3 270 239 37 94
1678 4 331 84 27 76
1678 5 433 386 46 112
1679 1 316 86 26 72
1679 2 402 47 36 82
1679 3 270 235 39 100
1679 4 325 79 32 83
1679 5 435 383 46 109
1680 1 315 86 28 73
1680 2 403 49 35 77
1680 3 270 235 39 99
1680 4 325 81 31 82
1680 5 432 375 45 111
1681 1 321 87 22 75
1681 2 403 49 35 77
1681 3 270 234 39 100
1681 4 325 80 31 83
1681 5 432 377 46 104
1682 1 315 86 27 71
1682 2 403 51 33 74
1682 3 270 234 38 99
1682 4 330 84 29 75
1682 5 429 375 47 104
1683 1 315 87 28 70
1683 2 402 49 35 78
1683 3 271 233 38 100
1683 4 325 79 32 83
1683 5 428 374 47 104
1684 1 317 86 26 71
1684 2 403 50 35 78
1684 3 271 234 37 94
1684 4 325 80 32 82
1684 5 428 371 47 103
1685 1 319 85 24 79
1685 2 403 50 35 78
1685 3 271 234 37 94
1685 4 325 79 32 83
1685 5 426 368 50 109
1686 1 317 85 27 73
1686 2 403 51 35 77
1686 3 271 233 37 95
1686 4 325 80 32 82
1686 5 426 366 49 109
1687 1 316 81 22 76
1687 2 402 52 35 77
1687 3 272 233 37 94
1687 4 329 85 29 76
1687 5 425 364 50 109
1688 1 316 85 28 72
1688 2 403 52 35 77
1688 3 272 232 37 94
1688 4 325 80 32 82
1688 5 424 362 50 109
1689 1 317 87 24 70
1689 2 402 52 35 78
1689 3 272 230 37 94
1689 4 330 85 27 75
1689 5 424 360 49 109
1690 1 317 87 27 71
1690 2 403 53 34 74
1690 3 272 230 37 94
1690 4 330 87 27 71
1690 5 421 356 52 114
1691 1 317 85 26 73
1691 2 403 53 34 74
1691 3 271 228 37 94
1691 4 331 85 26 74
1691 5 420 354 52 114
1692 1 316 86 26 71
1692 2 403 54 33 74
1692 3 272 226 37 95
1692 4 332 87 25 75
1692 5 419 352 52 115
1693 1 316 84 26 72
1693 2 403 54 34 74
1693 3 272 225 37 95
1693 4 331 85 26 77
1693 5 418 353 49 112
1694 1 317 85 26 70
1694 2 403 54 34 74
1694 3 272 224 37 94
1694 4 326 79 31 83
1694 5 417 351 50 112
1695 1 316 87 28 70
1695 2 403 55 34 74
1695 3 271 224 37 94
1695 4 330 86 27 76
1695 5 416 349 50 111
1696 1 315 87 28 68
1696 2 403 54 34 74
1696 3 272 223 37 94
1696 4 330 86 27 76
1696 5 413 342 53 118
1697 1 315 87 28 71
1697 2 403 55 34 74
1697 3 271 221 37 95
1697 4 326 80 31 82
1697 5 413 340 52 105
1698 1 314 85 29 71
1698 2 403 55 34 74
1698 3 272 222 37 94
1698 4 331 85 26 77
1698 5 413 340 52 105
1699 1 315 85 28 70
1699 2 404 57 31 70
1699 3 271 219 38 100
1699 4 331 85 26 77
1699 5 413 337 51 105
1700 1 315 86 27 72
1700 2 405 57 31 71
1700 3 271 219 38 99
1700 4 326 79 31 83
1700 5 412 336 51 105
1701 1 317 85 24 72
1701 2 404 57 31 71
1701 3 271 219 38 99
1701 4 332 86 25 76
1701 5 410 332 54 110
1702 1 317 85 26 71
1702 2 404 57 31 70
1702 3 270 216 40 104
1702 4 331 83 26 79
1702 5 409 330 54 110
1703 1 319 85 22 71
1703 2 405 58 31 70
1703 3 270 216 40 104
1703 4 330 87 27 75
1703 5 410 331 51 105
1704 1 315 84 28 72
1704 2 404 58 31 71
1704 3 270 214 41 105
1704 4 333 85 24 77
1704 5 413 329 47 114
1705 1 317 84 27 73
1705 2 404 59 31 71
1705 3 270 214 40 104
1705 4 330 86 27 76
1705 5 412 327 47 114
1706 1 316 86 27 70
1706 2 399 60 35 75
1706 3 270 213 41 105
1706 4 330 85 27 76
1706 5 409 325 48 116
1707 1 317 86 26 71
1707 2 401 59 36 75
1707 3 271 212 40 104
1707 4 330 83 29 75
1707 5 411 324 45 114
1708 1 317 86 24 70
1708 2 401 59 36 75
1708 3 271 211 41 104
1708 4 329 83 27 75
1708 5 409 320 46 116
1709 1 315 85 27 72
1709 2 401 59 35 76
1709 3 272 211 41 104
1709 4 331 84 27 78
1709 5 408 318 48 117
1710 1 315 86 27 72
1710 2 400 60 36 75
1710 3 273 210 40 104
1710 4 329 84 27 73
1710 5 409 318 49 113
1711 1 318 84 24 71
1711 2 400 60 36 75
1711 3 273 208 40 104
1711 4 332 82 26 78
1711 5 408 316 49 100
1712 1 317 85 25 71
1712 2 401 60 35 75
1712 3 273 207 40 104
1712 4 329 82 28 79
1712 5 408 315 52 112
1713 1 314 85 28 71
1713 2 401 59 35 76
1713 3 273 206 41 105
1713 4 333 82 25 77
1713 5 407 311 51 105
1714 1 317 86 24 71
1714 2 401 60 35 75
1714 3 274 206 38 99
1714 4 330 80 27 82
1714 5 406 307 52 106
1715 1 316 85 26 73
1715 2 401 60 35 75
1715 3 275 207 36 94
1715 4 329 85 28 75
1715 5 407 307 49 100
1716 1 314 85 29 73
1716 2 400 60 36 76
1716 3 275 206 37 94
1716 4 330 84 28 77
1716 5 409 307 45 93
1717 1 317 85 25 74
1717 2 400 60 37 79
1717 3 275 204 37 95
1717 4 332 83 26 78
1717 5 409 307 45 93
1718 1 315 85 29 72
1718 2 400 62 35 75
1718 3 275 205 36 94
1718 4 332 83 26 77
1718 5 408 305 45 94
1719 1 317 84 25 75
1719 2 400 63 36 75
1719 3 275 204 36 95
1719 4 332 82 24 78
1719 5 407 301 47 98
1720 1 316 84 27 74
1720 2 400 63 36 75
1720 3 275 204 36 94
1720 4 332 82 25 77
1720 5 407 300 47 98
1721 1 320 87 22 68
1721 2 400 64 36 75
1721 3 275 203 37 95
1721 4 333 81 24 77
1721 5 408 298 47 99
1722 1 319 85 23 76
1722 2 401 64 35 75
1722 3 275 201 36 95
1722 4 332 80 25 81
1722 5 407 297 47 99
1723 1 320 88 22 72
1723 2 400 64 35 75
1723 3 275 201 36 95
1723 4 331 80 26 81
1723 5 408 294 45 108
1724 1 315 84 27 72
1724 2 401 64 35 76
1724 3 275 201 36 94
1724 4 331 86 26 73
1724 5 408 293 45 108
1725 1 317 84 26 75
1725 2 400 64 36 75
1725 3 275 200 36 94
1725 4 331 82 26 79
1725 5 408 292 45 109
1726 1 317 84 25 72
1726 2 400 64 36 75
1726 3 274 200 37 94
1726 4 331 83 28 76
1726 5 407 287 48 113
1727 1 320 85 23 73
1727 2 401 66 34 72
1727 3 274 199 37 95
1727 4 331 82 26 76
1727 5 406 285 48 113
1728 1 319 84 23 74
1728 2 401 66 34 72
1728 3 274 199 36 94
1728 4 331 85 26 74
1728 5 406 289 43 108
1729 1 320 86 22 69
1729 2 400 66 34 72
1729 3 273 198 36 94
1729 4 331 85 28 72
1729 5 406 285 44 108
1730 1 316 84 26 72
1730 2 400 67 34 71
1730 3 274 199 34 90
1730 4 332 79 26 81
1730 5 405 282 44 108
1731 1 318 85 25 72
1731 2 400 67 34 71
1731 3 273 197 35 90
1731 4 331 83 27 75
1731 5 405 280 44 108
1732 1 320 84 22 72
1732 2 400 68 34 71
1732 3 273 196 34 90
1732 4 332 83 26 76
1732 5 405 277 41 101
1733 1 321 84 22 69
1733 2 400 68 34 71
1733 3 273 196 34 90
1733 4 332 84 26 76
1733 5 406 275 41 101
1734 1 320 84 23 76
1734 2 400 69 32 68
1734 3 272 193 36 94
1734 4 332 84 26 73
1734 5 406 273 41 101
1735 1 321 84 22 76
1735 2 402 69 30 65
1735 3 272 192 36 95
1735 4 331 83 29 74
1735 5 405 271 43 105
1736 1 319 85 24 70
1736 2 398 70 33 72
1736 3 272 192 37 94
1736 4 331 82 31 75
1736 5 405 268 43 106
1737 1 321 84 22 69
1737 2 400 70 33 72
1737 3 272 192 36 94
1737 4 332 80 27 80
1737 5 404 268 43 106
1738 1 316 84 28 69
1738 2 400 70 33 72
1738 3 272 191 37 95
1738 4 333 83 27 76
1738 5 405 267 44 106
1739 1 320 85 24 67
1739 2 399 70 33 72
1739 3 272 191 36 94
1739 4 333 79 30 80
1739 5 407 271 40 100
1740 1 320 85 23 75
1740 2 399 71 33 72
1740 3 272 191 37 94
1740 4 335 79 25 81
1740 5 406 269 41 101
1741 1 321 83 22 75
1741 2 400 72 33 72
1741 3 273 190 36 94
1741 4 332 77 26 85
1741 5 406 269 43 104
1742 1 320 79 23 76
1742 2 399 72 33 72
1742 3 273 190 37 94
1742 4 334 80 28 79
1742 5 407 268 40 103
1743 1 319 80 23 76
1743 2 399 72 33 73
1743 3 272 187 38 100
1743 4 336 81 26 81
1743 5 407 266 41 103
1744 1 317 79 26 76
1744 2 398 72 33 73
1744 3 272 187 38 99
1744 4 334 79 25 82
1744 5 407 265 41 103
1745 1 318 80 23 75
1745 2 398 72 33 72
1745 3 273 186 38 100
1745 4 333 78 27 82
1745 5 407 261 41 103
1746 1 319 80 23 75
1746 2 399 72 33 72
1746 3 274 186 38 100
1746 4 333 80 26 80
1746 5 409 262 39 98
1747 1 321 84 22 75
1747 2 399 72 33 72
1747 3 273 185 38 100
1747 4 336 78 23 80
1747 5 409 260 39 98
1748 1 321 84 19 70
1748 2 398 73 33 72
1748 3 274 184 39 100
1748 4 333 85 26 73
1748 5 409 258 39 98
