1,1,502,502,215,475,1,1,1
1,2,859,438,176,524,1,1,1
1,4,1148,42,46,107,1,1,1
1,3,831,-7,46,93,1,1,1
2,1,496,506,215,475,1,1,1
2,2,858,436,180,528,1,1,1
2,4,1152,46,46,107,1,1,1
2,3,834,-1,46,92,1,1,1
3,1,495,507,215,475,1,1,1
3,2,859,440,180,528,1,1,1
3,4,1151,43,46,107,1,1,1
3,3,834,-1,46,92,1,1,1
4,1,497,508,215,475,1,1,1
4,2,857,437,180,528,1,1,1
4,4,1149,43,46,107,1,1,1
4,3,834,-1,46,92,1,1,1
5,1,503,501,210,477,1,1,1
5,2,858,436,180,528,1,1,1
5,4,1147,38,46,107,1,1,1
5,3,835,0,46,92,1,1,1
6,1,499,506,210,477,1,1,1
6,2,857,432,180,528,1,1,1
6,4,1143,40,46,107,1,1,1
6,3,830,-31,46,120,1,1,1
7,1,500,505,210,477,1,1,1
7,2,856,432,185,535,1,1,1
7,4,1141,39,46,107,1,1,1
7,3,830,-31,46,120,1,1,1
8,1,501,506,210,477,1,1,1
8,2,858,438,185,535,1,1,1
8,4,1136,34,52,115,1,1,1
8,3,830,-31,46,120,1,1,1
9,1,502,505,210,477,1,1,1
9,2,861,430,185,535,1,1,1
9,4,1131,32,52,115,1,1,1
9,3,830,-30,46,120,1,1,1
10,1,501,506,210,477,1,1,1
10,2,858,439,185,535,1,1,1
10,4,1126,32,52,115,1,1,1
10,3,830,-30,46,120,1,1,1
11,1,503,506,210,477,1,1,1
11,2,861,435,185,535,1,1,1
11,4,1125,28,57,115,1,1,1
11,3,830,-30,46,120,1,1,1
12,1,503,506,210,477,1,1,1
12,2,862,430,185,535,1,1,1
12,4,1119,25,63,115,1,1,1
12,3,830,-30,46,120,1,1,1
13,1,504,502,210,483,1,1,1
13,2,862,439,185,535,1,1,1
13,4,1123,25,73,115,1,1,1
13,3,830,-30,46,120,1,1,1
14,1,505,502,210,485,1,1,1
14,2,862,441,185,535,1,1,1
14,4,1119,20,73,115,1,1,1
14,3,830,-29,46,120,1,1,1
15,1,505,503,211,478,1,1,1
15,2,864,435,185,535,1,1,1
15,4,1120,20,73,115,1,1,1
15,3,830,-29,46,120,1,1,1
16,1,505,501,211,478,1,1,1
16,2,862,431,185,535,1,1,1
16,4,1124,21,67,115,1,1,1
16,3,829,-29,46,120,1,1,1
17,1,504,508,211,478,1,1,1
17,2,865,436,185,535,1,1,1
17,4,1132,22,58,115,1,1,1
17,3,829,-28,46,120,1,1,1
18,1,506,508,211,478,1,1,1
18,2,866,438,186,535,1,1,1
18,4,1128,26,58,115,1,1,1
18,3,829,-29,46,120,1,1,1
19,1,513,501,211,484,1,1,1
19,2,866,434,186,535,1,1,1
19,4,1134,29,51,107,1,1,1
19,3,829,-28,46,120,1,1,1
20,1,509,503,211,484,1,1,1
20,2,865,436,186,535,1,1,1
20,4,1130,28,56,107,1,1,1
20,3,829,-28,46,120,1,1,1
21,1,510,503,211,484,1,1,1
21,2,865,426,192,545,1,1,1
21,4,1129,27,56,107,1,1,1
21,3,829,-28,46,120,1,1,1
22,1,510,503,211,484,1,1,1
22,2,863,427,192,545,1,1,1
22,4,1125,27,56,107,1,1,1
22,3,829,-27,46,120,1,1,1
23,1,511,504,211,484,1,1,1
23,2,863,431,192,545,1,1,1
23,4,1118,26,56,107,1,1,1
23,3,829,-28,46,120,1,1,1
24,1,511,504,211,484,1,1,1
24,2,863,432,192,545,1,1,1
24,4,1119,23,56,107,1,1,1
24,3,829,-28,46,120,1,1,1
25,1,512,501,211,484,1,1,1
25,2,864,434,192,545,1,1,1
25,4,1114,21,56,107,1,1,1
25,3,829,-28,46,120,1,1,1
26,1,512,501,211,484,1,1,1
26,2,865,434,192,545,1,1,1
26,4,1110,22,56,107,1,1,1
26,3,830,-28,46,120,1,1,1
27,1,517,503,207,484,1,1,1
27,2,866,423,192,545,1,1,1
27,4,1110,23,56,107,1,1,1
27,3,830,-28,46,120,1,1,1
28,1,516,503,207,484,1,1,1
28,2,865,423,192,545,1,1,1
28,4,1104,22,63,107,1,1,1
28,3,830,-28,46,120,1,1,1
29,1,515,503,207,484,1,1,1
29,2,866,423,192,545,1,1,1
29,4,1103,23,63,107,1,1,1
29,3,829,-28,46,120,1,1,1
30,1,517,503,207,484,1,1,1
30,2,865,423,192,545,1,1,1
30,4,1102,24,63,107,1,1,1
30,3,830,-28,46,120,1,1,1
31,1,516,503,212,484,1,1,1
31,2,865,429,192,537,1,1,1
31,4,1102,20,63,107,1,1,1
31,3,830,-28,46,120,1,1,1
32,1,513,502,212,484,1,1,1
32,2,867,435,192,537,1,1,1
32,4,1105,18,56,107,1,1,1
32,3,830,-28,46,120,1,1,1
33,1,515,503,212,484,1,1,1
33,2,870,435,192,537,1,1,1
33,4,1109,20,50,107,1,1,1
33,3,830,-27,46,120,1,1,1
34,1,517,505,212,484,1,1,1
34,2,866,436,192,537,1,1,1
34,4,1107,20,49,107,1,1,1
34,3,830,-27,46,120,1,1,1
35,1,518,505,212,484,1,1,1
35,2,865,435,192,537,1,1,1
35,4,1109,18,42,107,1,1,1
35,3,830,-27,46,120,1,1,1
36,1,519,504,212,484,1,1,1
36,2,865,433,192,537,1,1,1
36,4,1110,19,42,107,1,1,1
36,3,831,-27,46,120,1,1,1
37,1,523,508,212,484,1,1,1
37,2,869,436,192,537,1,1,1
37,4,1112,18,42,107,1,1,1
37,3,831,-27,55,125,1,1,1
38,1,524,506,212,484,1,1,1
38,2,864,432,192,537,1,1,1
38,4,1109,17,42,107,1,1,1
38,3,831,-27,55,125,1,1,1
39,1,525,504,212,484,1,1,1
39,2,861,427,198,550,1,1,1
39,4,1109,19,42,107,1,1,1
39,3,831,-26,55,125,1,1,1
40,1,528,504,212,484,1,1,1
40,2,858,424,198,550,1,1,1
40,4,1105,15,45,107,1,1,1
40,3,831,-27,55,125,1,1,1
41,1,531,504,212,484,1,1,1
41,2,858,421,198,550,1,1,1
41,4,1101,14,52,107,1,1,1
41,3,831,-26,55,125,1,1,1
42,1,548,503,199,484,1,1,1
42,2,857,416,198,550,1,1,1
42,4,1094,15,62,107,1,1,1
42,3,831,-26,55,125,1,1,1
43,1,545,494,199,495,1,1,1
43,2,857,417,198,550,1,1,1
43,4,1094,17,62,107,1,1,1
43,3,831,-26,55,125,1,1,1
44,1,547,492,199,495,1,1,1
44,2,856,415,198,550,1,1,1
44,4,1093,16,62,107,1,1,1
44,3,831,-26,55,125,1,1,1
45,1,550,491,199,495,1,1,1
45,2,856,423,198,550,1,1,1
45,4,1091,16,62,107,1,1,1
45,3,832,-25,55,125,1,1,1
46,1,552,490,199,495,1,1,1
46,2,857,418,198,550,1,1,1
46,4,1089,17,62,107,1,1,1
46,3,832,-26,55,125,1,1,1
47,1,559,490,195,502,1,1,1
47,2,857,419,198,550,1,1,1
47,4,1094,19,62,107,1,1,1
47,3,832,-26,55,125,1,1,1
48,1,559,488,195,502,1,1,1
48,2,858,418,198,550,1,1,1
48,4,1095,20,62,107,1,1,1
48,3,833,-25,55,125,1,1,1
49,1,561,488,193,510,1,1,1
49,2,865,426,190,559,1,1,1
49,4,1094,18,59,102,1,1,1
49,3,833,-25,55,125,1,1,1
50,1,563,487,193,510,1,1,1
50,2,868,421,190,559,1,1,1
50,4,1094,19,59,102,1,1,1
50,3,834,-25,55,125,1,1,1
51,1,572,495,188,508,1,1,1
51,2,871,423,190,559,1,1,1
51,4,1096,23,49,102,1,1,1
51,3,834,-24,55,125,1,1,1
52,1,569,499,188,511,1,1,1
52,2,873,429,190,559,1,1,1
52,4,1097,17,49,102,1,1,1
52,3,834,-22,55,125,1,1,1
53,1,569,508,188,498,1,1,1
53,2,877,433,190,559,1,1,1
53,4,1101,20,49,102,1,1,1
53,3,833,-25,58,131,1,1,1
54,1,570,511,188,505,1,1,1
54,2,882,440,190,559,1,1,1
54,4,1100,21,49,102,1,1,1
54,3,833,-23,58,131,1,1,1
55,1,571,512,188,505,1,1,1
55,2,879,460,196,543,1,1,1
55,4,1100,23,49,102,1,1,1
55,3,833,-23,58,131,1,1,1
56,1,568,515,188,505,1,1,1
56,2,885,459,196,543,1,1,1
56,4,1098,23,49,102,1,1,1
56,3,834,-21,58,131,1,1,1
57,1,573,517,188,505,1,1,1
57,2,890,463,196,543,1,1,1
57,4,1097,25,44,102,1,1,1
57,3,832,-24,61,138,1,1,1
58,1,572,517,188,505,1,1,1
58,2,896,465,196,543,1,1,1
58,4,1099,32,44,102,1,1,1
58,3,832,-22,60,126,1,1,1
59,1,571,523,188,505,1,1,1
59,2,901,467,196,543,1,1,1
59,4,1098,33,44,102,1,1,1
59,3,832,-21,60,126,1,1,1
60,1,572,523,188,505,1,1,1
60,2,910,471,187,517,1,1,1
60,4,1098,29,44,102,1,1,1
60,3,832,-20,60,126,1,1,1
61,1,572,515,188,505,1,1,1
61,2,915,472,187,517,1,1,1
61,4,1098,36,44,102,1,1,1
61,3,833,-18,60,126,1,1,1
62,1,572,530,188,489,1,1,1
62,2,920,473,187,517,1,1,1
62,4,1097,32,44,102,1,1,1
62,3,835,-1,60,126,1,1,1
63,1,573,530,188,479,1,1,1
63,2,928,476,188,493,1,1,1
63,4,1091,33,50,102,1,1,1
63,3,835,-1,60,126,1,1,1
64,1,573,528,188,471,1,1,1
64,2,926,471,188,506,1,1,1
64,4,1092,35,50,102,1,1,1
64,3,836,0,56,115,1,1,1
65,1,573,529,188,458,1,1,1
65,2,928,469,188,506,1,1,1
65,4,1086,34,50,102,1,1,1
65,3,837,0,53,116,1,1,1
66,1,572,519,188,458,1,1,1
66,2,930,468,188,518,1,1,1
66,4,1087,33,50,102,1,1,1
66,3,838,0,53,116,1,1,1
67,1,572,514,188,458,1,1,1
67,2,932,466,188,518,1,1,1
67,4,1090,37,50,102,1,1,1
67,3,839,0,50,110,1,1,1
68,1,577,511,184,449,1,1,1
68,2,933,464,188,518,1,1,1
68,4,1091,40,50,102,1,1,1
68,3,840,0,50,110,1,1,1
69,1,575,519,184,435,1,1,1
69,2,935,462,188,518,1,1,1
69,4,1090,41,43,102,1,1,1
69,3,839,0,50,110,1,1,1
70,1,575,513,184,435,1,1,1
70,2,935,470,188,514,1,1,1
70,4,1093,36,43,102,1,1,1
70,3,836,-3,50,119,1,1,1
71,1,577,508,184,435,1,1,1
71,2,936,461,188,525,1,1,1
71,4,1096,40,43,102,1,1,1
71,3,838,0,50,119,1,1,1
72,1,577,505,184,435,1,1,1
72,2,935,457,188,525,1,1,1
72,4,1092,37,43,102,1,1,1
72,3,837,-1,50,119,1,1,1
73,1,579,499,184,448,1,1,1
73,2,936,463,188,515,1,1,1
73,4,1092,33,43,102,1,1,1
73,3,836,0,50,119,1,1,1
74,1,579,503,184,448,1,1,1
74,2,939,470,188,515,1,1,1
74,4,1090,32,43,102,1,1,1
74,3,835,-12,50,125,1,1,1
75,1,582,501,184,448,1,1,1
75,2,933,450,188,515,1,1,1
75,4,1089,32,43,102,1,1,1
75,3,834,-8,50,125,1,1,1
76,1,585,494,184,448,1,1,1
76,2,936,448,187,513,1,1,1
76,4,1089,36,43,102,1,1,1
76,3,835,-1,50,125,1,1,1
77,1,586,496,184,448,1,1,1
77,2,931,436,187,513,1,1,1
77,4,1089,38,43,102,1,1,1
77,3,835,0,50,125,1,1,1
78,1,588,498,184,448,1,1,1
78,2,931,432,187,513,1,1,1
78,4,1089,33,43,102,1,1,1
78,3,829,-1,56,125,1,1,1
79,1,592,486,184,448,1,1,1
79,2,930,428,187,513,1,1,1
79,4,1091,36,38,95,1,1,1
79,3,830,0,56,125,1,1,1
80,1,595,482,184,448,1,1,1
80,2,929,425,187,513,1,1,1
80,4,1094,37,38,95,1,1,1
80,3,828,-9,56,125,1,1,1
81,1,597,473,184,448,1,1,1
81,2,928,418,187,513,1,1,1
81,4,1091,34,38,95,1,1,1
81,3,829,-1,56,125,1,1,1
82,1,602,470,184,448,1,1,1
82,2,927,416,187,481,1,1,1
82,4,1095,34,38,95,1,1,1
82,3,829,-12,56,125,1,1,1
83,1,605,469,184,448,1,1,1
83,2,927,417,187,481,1,1,1
83,4,1094,35,38,95,1,1,1
83,3,829,-1,56,125,1,1,1
84,1,609,462,184,448,1,1,1
84,2,928,414,187,464,1,1,1
84,4,1095,32,38,95,1,1,1
84,3,825,-4,56,125,1,1,1
85,1,611,458,184,423,1,1,1
85,2,927,414,187,464,1,1,1
85,4,1093,34,38,95,1,1,1
85,3,826,0,56,125,1,1,1
86,1,615,451,184,423,1,1,1
86,2,929,413,187,464,1,1,1
86,4,1093,33,38,95,1,1,1
86,3,825,-8,56,125,1,1,1
87,1,624,454,175,403,1,1,1
87,2,929,405,173,464,1,1,1
87,4,1092,33,38,95,1,1,1
87,3,825,-1,56,125,1,1,1
88,1,621,443,184,423,1,1,1
88,2,935,404,173,464,1,1,1
88,4,1093,33,38,95,1,1,1
88,3,826,0,56,125,1,1,1
89,1,629,449,175,403,1,1,1
89,2,931,407,175,464,1,1,1
89,4,1089,34,38,95,1,1,1
89,3,825,-1,56,125,1,1,1
90,1,633,445,175,403,1,1,1
90,2,936,402,175,464,1,1,1
90,4,1092,35,38,95,1,1,1
90,3,826,-1,56,125,1,1,1
91,1,634,438,175,403,1,1,1
91,2,938,400,175,464,1,1,1
91,4,1089,39,38,95,1,1,1
91,3,825,-1,56,125,1,1,1
92,1,637,437,175,403,1,1,1
92,2,938,396,175,464,1,1,1
92,4,1091,36,38,95,1,1,1
92,3,826,0,55,125,1,1,1
93,1,638,429,175,415,1,1,1
93,2,941,393,175,464,1,1,1
93,4,1090,37,38,95,1,1,1
93,3,826,0,55,125,1,1,1
94,1,642,422,175,415,1,1,1
94,2,942,388,175,464,1,1,1
94,4,1089,36,38,95,1,1,1
94,3,827,0,55,125,1,1,1
95,1,643,419,175,415,1,1,1
95,2,943,379,175,464,1,1,1
95,4,1090,38,38,95,1,1,1
95,3,827,1,55,125,1,1,1
96,1,643,425,175,406,1,1,1
96,2,946,375,175,464,1,1,1
96,4,1089,39,38,95,1,1,1
96,3,820,-11,55,125,1,1,1
97,1,644,424,175,406,1,1,1
97,2,946,376,175,464,1,1,1
97,4,1087,38,38,95,1,1,1
97,3,819,-10,55,125,1,1,1
98,1,641,421,175,406,1,1,1
98,2,947,372,175,464,1,1,1
98,4,1087,38,38,95,1,1,1
98,3,813,-9,55,125,1,1,1
99,1,644,412,175,406,1,1,1
99,2,953,369,167,442,1,1,1
99,4,1086,38,38,95,1,1,1
99,3,818,-1,55,125,1,1,1
100,1,643,407,175,406,1,1,1
100,2,953,367,167,442,1,1,1
100,4,1080,39,44,95,1,1,1
100,3,818,-9,58,125,1,1,1
101,1,643,403,175,406,1,1,1
101,2,953,363,167,442,1,1,1
101,4,1074,38,51,95,1,1,1
101,3,817,-8,63,125,1,1,1
102,1,643,399,175,406,1,1,1
102,2,952,361,167,442,1,1,1
102,4,1076,39,51,95,1,1,1
102,3,811,-7,73,125,1,1,1
103,1,642,392,175,406,1,1,1
103,2,951,357,167,442,1,1,1
103,4,1074,41,49,95,1,1,1
103,3,813,-1,73,125,1,1,1
104,1,641,389,175,384,1,1,1
104,2,955,360,172,432,1,1,1
104,4,1073,43,49,95,1,1,1
104,3,813,-1,73,125,1,1,1
105,1,641,383,175,384,1,1,1
105,2,951,352,172,432,1,1,1
105,4,1071,45,49,95,1,1,1
105,3,814,-1,73,125,1,1,1
106,1,641,379,175,384,1,1,1
106,2,948,350,172,450,1,1,1
106,4,1068,45,46,95,1,1,1
106,3,813,0,73,125,1,1,1
107,1,642,376,175,384,1,1,1
107,2,947,345,172,450,1,1,1
107,4,1068,47,46,95,1,1,1
107,3,813,0,73,125,1,1,1
108,1,646,381,167,381,1,1,1
108,2,945,343,172,450,1,1,1
108,4,1068,44,46,95,1,1,1
108,3,812,0,73,125,1,1,1
109,1,647,376,167,381,1,1,1
109,2,945,339,172,450,1,1,1
109,4,1066,47,46,95,1,1,1
109,3,812,0,73,125,1,1,1
110,1,647,370,167,399,1,1,1
110,2,942,337,172,450,1,1,1
110,4,1064,47,46,95,1,1,1
110,3,811,-1,73,125,1,1,1
111,1,645,376,167,399,1,1,1
111,2,941,331,172,450,1,1,1
111,4,1064,43,46,95,1,1,1
111,3,812,-1,73,125,1,1,1
112,1,648,366,167,399,1,1,1
112,2,942,328,164,429,1,1,1
112,4,1063,43,44,95,1,1,1
112,3,811,0,73,125,1,1,1
113,1,648,365,167,399,1,1,1
113,2,940,325,164,429,1,1,1
113,4,1064,44,44,95,1,1,1
113,3,811,0,73,125,1,1,1
114,1,648,360,167,399,1,1,1
114,2,938,323,164,429,1,1,1
114,4,1063,43,44,95,1,1,1
114,3,810,-1,73,125,1,1,1
115,1,654,375,159,380,1,1,1
115,2,933,317,172,450,1,1,1
115,4,1063,45,44,95,1,1,1
115,3,811,0,73,125,1,1,1
116,1,666,372,147,380,1,1,1
116,2,937,325,164,429,1,1,1
116,4,1062,46,44,95,1,1,1
116,3,809,-1,73,125,1,1,1
117,1,667,371,147,380,1,1,1
117,2,936,325,164,429,1,1,1
117,4,1061,43,44,95,1,1,1
117,3,809,-1,73,125,1,1,1
118,1,668,367,147,380,1,1,1
118,2,934,322,164,429,1,1,1
118,4,1061,41,44,98,1,1,1
118,3,810,0,73,125,1,1,1
119,1,670,367,147,380,1,1,1
119,2,933,320,164,429,1,1,1
119,4,1061,42,44,98,1,1,1
119,3,810,0,73,125,1,1,1
120,1,669,363,147,380,1,1,1
120,2,934,319,164,429,1,1,1
120,4,1061,44,44,98,1,1,1
120,3,810,-1,73,125,1,1,1
121,1,664,357,147,380,1,1,1
121,2,933,314,164,429,1,1,1
121,4,1061,42,44,98,1,1,1
121,3,810,-1,73,125,1,1,1
122,1,671,347,147,380,1,1,1
122,2,933,313,164,429,1,1,1
122,4,1060,40,44,98,1,1,1
122,3,809,-1,63,125,1,1,1
123,1,674,353,147,368,1,1,1
123,2,933,313,164,429,1,1,1
123,4,1061,41,44,98,1,1,1
123,3,812,-1,63,125,1,1,1
124,1,675,345,147,368,1,1,1
124,2,934,313,164,429,1,1,1
124,4,1060,41,44,98,1,1,1
124,3,811,-1,63,125,1,1,1
125,1,676,347,147,368,1,1,1
125,2,935,313,164,429,1,1,1
125,4,1061,40,44,98,1,1,1
125,3,811,0,63,126,1,1,1
126,1,677,346,147,368,1,1,1
126,2,939,317,156,430,1,1,1
126,4,1060,38,44,98,1,1,1
126,3,811,0,63,125,1,1,1
127,1,678,347,147,368,1,1,1
127,2,942,316,156,430,1,1,1
127,4,1060,38,44,98,1,1,1
127,3,812,0,63,125,1,1,1
128,1,675,355,147,368,1,1,1
128,2,942,312,156,430,1,1,1
128,4,1061,38,44,98,1,1,1
128,3,811,0,63,125,1,1,1
129,1,677,355,147,368,1,1,1
129,2,944,308,156,430,1,1,1
129,4,1061,39,38,98,1,1,1
129,3,812,1,63,125,1,1,1
130,1,675,356,147,368,1,1,1
130,2,945,309,156,430,1,1,1
130,4,1062,41,38,98,1,1,1
130,3,812,1,63,125,1,1,1
131,1,677,358,147,368,1,1,1
131,2,947,308,156,430,1,1,1
131,4,1062,40,38,98,1,1,1
131,3,813,0,63,125,1,1,1
132,1,676,358,140,370,1,1,1
132,2,951,314,149,410,1,1,1
132,4,1062,40,38,98,1,1,1
132,3,812,1,63,125,1,1,1
133,1,677,361,140,370,1,1,1
133,2,952,309,149,410,1,1,1
133,4,1062,39,38,98,1,1,1
133,3,813,0,63,125,1,1,1
134,1,676,352,140,370,1,1,1
134,2,952,311,149,410,1,1,1
134,4,1062,39,38,98,1,1,1
134,3,813,2,63,125,1,1,1
135,1,676,352,140,370,1,1,1
135,2,952,312,149,410,1,1,1
135,4,1064,45,36,93,1,1,1
135,3,813,1,63,125,1,1,1
136,1,675,351,140,370,1,1,1
136,2,952,313,149,410,1,1,1
136,4,1065,43,36,93,1,1,1
136,3,812,1,63,125,1,1,1
137,1,674,349,140,370,1,1,1
137,2,952,313,149,423,1,1,1
137,4,1065,43,36,93,1,1,1
137,3,812,3,63,125,1,1,1
138,1,673,347,140,370,1,1,1
138,2,953,310,149,423,1,1,1
138,4,1065,39,40,102,1,1,1
138,3,813,4,63,125,1,1,1
139,1,676,357,133,352,1,1,1
139,2,953,312,149,423,1,1,1
139,4,1063,43,40,102,1,1,1
139,3,812,4,63,125,1,1,1
140,1,675,355,133,352,1,1,1
140,2,952,313,149,423,1,1,1
140,4,1064,41,42,107,1,1,1
140,3,813,2,63,125,1,1,1
141,1,674,354,133,352,1,1,1
141,2,954,316,155,429,1,1,1
141,4,1066,44,40,102,1,1,1
141,3,813,4,63,125,1,1,1
142,1,673,354,133,352,1,1,1
142,2,947,313,155,429,1,1,1
142,4,1066,46,40,102,1,1,1
142,3,813,-6,63,135,1,1,1
143,1,674,355,133,352,1,1,1
143,2,947,311,155,429,1,1,1
143,4,1066,45,40,102,1,1,1
143,3,816,-1,63,135,1,1,1
144,1,673,355,133,352,1,1,1
144,2,945,311,155,429,1,1,1
144,4,1066,43,40,102,1,1,1
144,3,815,0,63,135,1,1,1
145,1,671,360,132,359,1,1,1
145,2,943,313,155,429,1,1,1
145,4,1066,43,42,107,1,1,1
145,3,815,-1,63,135,1,1,1
146,1,671,349,137,370,1,1,1
146,2,942,313,155,429,1,1,1
146,4,1067,44,42,107,1,1,1
146,3,815,-1,63,135,1,1,1
147,1,670,346,137,378,1,1,1
147,2,941,315,155,429,1,1,1
147,4,1066,43,42,107,1,1,1
147,3,815,-1,63,135,1,1,1
147,14,1836,0,50,59,1,1,1
148,1,669,352,137,378,1,1,1
148,2,940,315,155,429,1,1,1
148,4,1067,45,42,107,1,1,1
148,3,816,0,63,135,1,1,1
148,14,1836,0,50,59,1,1,1
149,1,669,359,137,378,1,1,1
149,2,941,317,155,429,1,1,1
149,4,1068,44,42,107,1,1,1
149,3,815,-1,63,135,1,1,1
149,14,1838,0,50,59,1,1,1
150,1,670,366,137,378,1,1,1
150,2,940,314,155,429,1,1,1
150,4,1068,46,42,107,1,1,1
150,3,815,-1,63,135,1,1,1
150,14,1841,0,50,59,1,1,1
151,1,673,359,137,378,1,1,1
151,2,939,316,155,429,1,1,1
151,4,1068,43,42,107,1,1,1
151,3,815,-1,63,135,1,1,1
151,14,1841,1,50,59,1,1,1
152,1,673,359,137,378,1,1,1
152,2,938,314,155,429,1,1,1
152,4,1069,46,42,107,1,1,1
152,3,815,-1,63,135,1,1,1
152,14,1843,1,50,59,1,1,1
153,1,673,366,137,378,1,1,1
153,2,941,322,148,409,1,1,1
153,4,1069,49,42,107,1,1,1
153,3,815,0,63,135,1,1,1
153,14,1844,0,50,59,1,1,1
154,1,672,360,137,378,1,1,1
154,2,944,325,141,417,1,1,1
154,4,1060,47,53,107,1,1,1
154,3,815,-1,63,135,1,1,1
154,14,1845,0,50,59,1,1,1
155,1,671,363,137,378,1,1,1
155,2,937,320,147,425,1,1,1
155,4,1058,46,53,107,1,1,1
155,3,815,-1,63,135,1,1,1
155,14,1846,0,50,59,1,1,1
156,1,674,354,137,378,1,1,1
156,2,939,318,147,425,1,1,1
156,4,1059,45,53,107,1,1,1
156,3,815,-1,63,135,1,1,1
156,14,1848,1,50,59,1,1,1
157,1,675,356,137,378,1,1,1
157,2,929,325,154,432,1,1,1
157,4,1060,48,53,107,1,1,1
157,3,812,0,66,142,1,1,1
157,14,1849,0,50,59,1,1,1
158,1,674,356,137,378,1,1,1
158,2,935,321,154,432,1,1,1
158,4,1060,45,53,107,1,1,1
158,3,813,-1,66,142,1,1,1
158,14,1852,2,50,59,1,1,1
159,1,671,348,144,397,1,1,1
159,2,936,322,154,432,1,1,1
159,4,1062,41,53,107,1,1,1
159,3,812,-1,66,142,1,1,1
159,14,1852,2,50,59,1,1,1
160,1,670,352,144,397,1,1,1
160,2,937,323,154,432,1,1,1
160,4,1062,45,53,107,1,1,1
160,3,813,-1,66,142,1,1,1
160,14,1853,2,50,59,1,1,1
161,1,674,360,137,378,1,1,1
161,2,939,323,154,432,1,1,1
161,4,1063,44,53,107,1,1,1
161,3,813,0,66,142,1,1,1
161,14,1855,2,50,59,1,1,1
162,1,678,368,130,360,1,1,1
162,2,939,324,154,432,1,1,1
162,4,1063,47,53,107,1,1,1
162,3,814,-1,66,142,1,1,1
162,14,1857,2,50,59,1,1,1
163,1,678,368,130,360,1,1,1
163,2,940,325,154,432,1,1,1
163,4,1066,45,53,107,1,1,1
163,3,813,0,66,142,1,1,1
163,14,1858,3,50,59,1,1,1
164,1,676,369,130,374,1,1,1
164,2,940,323,154,432,1,1,1
164,4,1070,47,49,107,1,1,1
164,3,814,-1,66,142,1,1,1
164,14,1861,3,50,59,1,1,1
165,1,672,375,140,374,1,1,1
165,2,940,325,154,432,1,1,1
165,4,1070,49,49,107,1,1,1
165,3,814,0,66,142,1,1,1
165,14,1861,5,50,59,1,1,1
166,1,671,369,140,380,1,1,1
166,2,941,327,154,432,1,1,1
166,4,1074,48,49,107,1,1,1
166,3,814,0,66,142,1,1,1
166,14,1862,4,50,59,1,1,1
167,1,668,373,140,380,1,1,1
167,2,942,327,154,432,1,1,1
167,4,1074,50,49,107,1,1,1
167,3,815,0,66,142,1,1,1
167,14,1863,6,50,60,1,1,1
168,1,667,378,140,380,1,1,1
168,2,943,329,154,432,1,1,1
168,4,1072,49,49,107,1,1,1
168,3,814,1,66,142,1,1,1
168,14,1865,4,50,59,1,1,1
169,1,665,382,140,380,1,1,1
169,2,944,329,154,432,1,1,1
169,4,1074,55,49,107,1,1,1
169,3,814,1,66,142,1,1,1
169,14,1868,5,50,59,1,1,1
170,1,664,380,140,380,1,1,1
170,2,943,330,154,432,1,1,1
170,4,1076,54,49,107,1,1,1
170,3,814,0,66,142,1,1,1
170,14,1870,6,50,59,1,1,1
171,1,664,382,140,380,1,1,1
171,2,947,336,154,429,1,1,1
171,4,1076,53,51,112,1,1,1
171,3,816,1,66,142,1,1,1
171,14,1870,5,50,59,1,1,1
172,1,662,380,140,388,1,1,1
172,2,945,330,154,438,1,1,1
172,4,1075,52,51,112,1,1,1
172,3,815,0,66,142,1,1,1
172,14,1870,6,50,59,1,1,1
173,1,661,375,140,388,1,1,1
173,2,950,345,154,438,1,1,1
173,4,1077,53,51,112,1,1,1
173,3,815,1,66,142,1,1,1
173,14,1870,7,50,59,1,1,1
174,1,660,370,140,398,1,1,1
174,2,946,345,154,438,1,1,1
174,4,1077,54,51,112,1,1,1
174,3,814,-1,69,149,1,1,1
174,14,1869,4,50,60,1,1,1
175,1,659,365,140,398,1,1,1
175,2,943,348,154,438,1,1,1
175,4,1078,43,51,112,1,1,1
175,3,812,-1,73,156,1,1,1
175,14,1870,5,50,60,1,1,1
176,1,657,368,140,398,1,1,1
176,2,948,353,154,438,1,1,1
176,4,1080,48,51,112,1,1,1
176,3,812,0,73,156,1,1,1
176,14,1869,5,50,59,1,1,1
177,1,655,369,140,398,1,1,1
177,2,943,356,154,438,1,1,1
177,4,1079,45,54,118,1,1,1
177,3,812,0,73,156,1,1,1
177,14,1881,3,50,59,1,1,1
178,1,655,372,140,398,1,1,1
178,2,943,353,154,438,1,1,1
178,4,1082,45,54,118,1,1,1
178,3,812,0,73,156,1,1,1
178,14,1886,2,50,59,1,1,1
179,1,653,373,140,398,1,1,1
179,2,944,358,154,438,1,1,1
179,4,1083,47,54,118,1,1,1
179,3,812,-1,73,156,1,1,1
179,14,1887,2,50,59,1,1,1
180,1,657,381,133,379,1,1,1
180,2,942,347,154,438,1,1,1
180,4,1086,49,51,112,1,1,1
180,3,813,-1,73,156,1,1,1
180,14,1889,2,50,59,1,1,1
181,1,656,379,133,388,1,1,1
181,2,942,340,154,438,1,1,1
181,4,1087,52,51,112,1,1,1
181,3,812,0,77,164,1,1,1
181,14,1891,4,50,59,1,1,1
182,1,654,375,142,395,1,1,1
182,2,941,339,154,438,1,1,1
182,4,1087,53,51,112,1,1,1
182,3,811,-1,77,164,1,1,1
182,14,1893,4,50,59,1,1,1
183,1,650,373,142,410,1,1,1
183,2,943,339,154,438,1,1,1
183,4,1089,53,51,112,1,1,1
183,3,811,-1,77,164,1,1,1
183,14,1895,5,50,59,1,1,1
184,1,649,373,142,410,1,1,1
184,2,942,342,154,438,1,1,1
184,4,1090,53,51,112,1,1,1
184,3,812,0,77,164,1,1,1
184,14,1898,4,50,59,1,1,1
185,1,648,374,142,410,1,1,1
185,2,942,342,154,438,1,1,1
185,4,1090,52,51,112,1,1,1
185,3,812,0,77,164,1,1,1
185,14,1899,6,50,59,1,1,1
186,1,647,376,142,419,1,1,1
186,2,946,348,147,436,1,1,1
186,4,1093,52,49,107,1,1,1
186,3,812,-1,77,164,1,1,1
186,14,1901,6,50,59,1,1,1
187,1,648,376,142,419,1,1,1
187,2,936,344,158,447,1,1,1
187,4,1093,53,49,107,1,1,1
187,3,809,0,80,172,1,1,1
188,1,648,378,142,419,1,1,1
188,2,942,344,158,447,1,1,1
188,4,1095,51,49,107,1,1,1
188,3,810,-1,80,172,1,1,1
189,1,650,380,142,419,1,1,1
189,2,943,357,158,447,1,1,1
189,4,1096,53,49,107,1,1,1
189,3,810,-1,80,172,1,1,1
190,1,650,382,142,419,1,1,1
190,2,940,367,158,447,1,1,1
190,4,1096,54,49,107,1,1,1
190,3,809,-1,80,172,1,1,1
191,1,651,383,142,419,1,1,1
191,2,938,369,158,447,1,1,1
191,4,1098,52,49,107,1,1,1
191,3,810,-1,80,172,1,1,1
192,1,652,383,142,419,1,1,1
192,2,942,351,166,469,1,1,1
192,4,1091,54,56,107,1,1,1
192,3,808,0,80,172,1,1,1
193,1,651,381,142,419,1,1,1
193,2,949,371,158,447,1,1,1
193,4,1096,56,56,107,1,1,1
193,3,808,0,80,172,1,1,1
194,1,653,381,142,419,1,1,1
194,2,951,370,158,447,1,1,1
194,4,1097,59,48,107,1,1,1
194,3,809,0,80,172,1,1,1
195,1,653,384,142,419,1,1,1
195,2,953,359,158,447,1,1,1
195,4,1098,60,48,107,1,1,1
195,3,807,0,80,172,1,1,1
196,1,654,389,142,419,1,1,1
196,2,956,355,158,447,1,1,1
196,4,1099,56,48,107,1,1,1
196,3,822,4,59,167,1,1,1
197,1,653,392,142,419,1,1,1
197,2,958,359,158,447,1,1,1
197,4,1102,59,48,107,1,1,1
197,3,821,2,59,167,1,1,1
198,1,653,394,142,419,1,1,1
198,2,959,360,158,447,1,1,1
198,4,1100,57,48,107,1,1,1
198,3,821,2,59,167,1,1,1
199,1,653,393,142,419,1,1,1
199,2,961,359,158,447,1,1,1
199,4,1103,57,48,107,1,1,1
199,3,820,5,59,167,1,1,1
200,1,654,410,142,406,1,1,1
200,2,962,362,158,447,1,1,1
200,4,1102,53,48,107,1,1,1
200,3,821,4,59,167,1,1,1
201,1,654,406,142,406,1,1,1
201,2,965,362,158,447,1,1,1
201,4,1108,59,48,107,1,1,1
201,3,819,5,59,167,1,1,1
202,1,654,407,142,406,1,1,1
202,2,969,371,166,455,1,1,1
202,4,1109,57,48,107,1,1,1
202,3,819,5,59,167,1,1,1
203,1,653,408,142,425,1,1,1
203,2,966,369,171,465,1,1,1
203,4,1115,62,48,107,1,1,1
203,3,824,7,59,167,1,1,1
204,1,652,408,142,425,1,1,1
204,2,962,365,171,465,1,1,1
204,4,1114,62,48,107,1,1,1
204,3,819,4,62,175,1,1,1
205,1,652,409,142,425,1,1,1
205,2,967,371,174,474,1,1,1
205,4,1116,59,48,107,1,1,1
205,3,819,10,62,168,1,1,1
206,1,650,409,142,425,1,1,1
206,2,963,388,174,474,1,1,1
206,4,1118,65,48,107,1,1,1
206,3,819,9,62,168,1,1,1
207,1,650,410,142,425,1,1,1
207,2,961,375,174,474,1,1,1
207,4,1119,64,48,107,1,1,1
207,3,818,9,62,168,1,1,1
208,1,648,409,142,425,1,1,1
208,2,963,387,174,474,1,1,1
208,4,1121,63,48,107,1,1,1
208,3,817,11,62,168,1,1,1
209,1,646,413,142,425,1,1,1
209,2,960,384,174,474,1,1,1
209,4,1121,60,48,107,1,1,1
209,3,817,10,62,168,1,1,1
210,1,645,415,142,425,1,1,1
210,2,960,386,174,474,1,1,1
210,4,1123,58,46,102,1,1,1
210,3,816,10,62,168,1,1,1
211,1,643,412,142,425,1,1,1
211,2,961,388,174,474,1,1,1
211,4,1125,58,46,102,1,1,1
211,3,816,10,62,168,1,1,1
212,1,642,413,142,425,1,1,1
212,2,957,382,174,474,1,1,1
212,4,1124,65,46,102,1,1,1
212,3,816,13,62,168,1,1,1
213,1,641,414,142,425,1,1,1
213,2,956,375,174,474,1,1,1
213,4,1123,66,46,102,1,1,1
213,3,815,12,62,168,1,1,1
214,1,642,418,142,402,1,1,1
214,2,955,375,174,474,1,1,1
214,4,1127,68,46,102,1,1,1
214,3,814,12,62,168,1,1,1
215,1,639,417,142,402,1,1,1
215,2,955,375,174,474,1,1,1
215,4,1129,65,46,102,1,1,1
215,3,814,12,62,168,1,1,1
216,1,634,418,148,418,1,1,1
216,2,954,379,174,474,1,1,1
216,4,1129,70,46,102,1,1,1
216,3,813,14,62,168,1,1,1
217,1,634,416,148,418,1,1,1
217,2,954,377,174,474,1,1,1
217,4,1128,67,46,102,1,1,1
217,3,812,13,62,168,1,1,1
218,1,625,416,166,428,1,1,1
218,2,959,385,166,451,1,1,1
218,4,1128,67,46,102,1,1,1
218,3,813,15,62,168,1,1,1
219,1,625,413,166,442,1,1,1
219,2,958,387,166,467,1,1,1
219,4,1128,69,46,102,1,1,1
219,3,812,15,62,168,1,1,1
220,1,625,414,166,442,1,1,1
220,2,959,397,166,451,1,1,1
220,4,1128,71,46,102,1,1,1
220,3,810,16,62,168,1,1,1
221,1,632,435,166,425,1,1,1
221,2,959,398,170,462,1,1,1
221,4,1128,71,46,102,1,1,1
221,3,810,13,62,168,1,1,1
222,1,631,426,166,443,1,1,1
222,2,954,391,179,485,1,1,1
222,4,1132,74,46,102,1,1,1
222,3,815,16,62,168,1,1,1
223,1,633,422,166,443,1,1,1
223,2,963,404,179,485,1,1,1
223,4,1134,73,46,102,1,1,1
223,3,812,15,65,176,1,1,1
224,1,633,426,166,443,1,1,1
224,2,955,403,179,485,1,1,1
224,4,1133,73,46,102,1,1,1
224,3,811,22,65,171,1,1,1
225,1,636,427,166,443,1,1,1
225,2,958,404,179,485,1,1,1
225,4,1134,74,46,102,1,1,1
225,3,811,20,65,171,1,1,1
226,1,640,444,158,432,1,1,1
226,2,963,413,179,485,1,1,1
226,4,1134,71,46,111,1,1,1
226,3,809,19,65,171,1,1,1
227,1,643,429,158,432,1,1,1
227,2,969,405,179,485,1,1,1
227,4,1137,71,50,111,1,1,1
227,3,810,20,65,171,1,1,1
228,1,645,431,158,432,1,1,1
228,2,963,403,179,485,1,1,1
228,4,1138,72,50,111,1,1,1
228,3,809,20,65,171,1,1,1
229,1,646,430,158,432,1,1,1
229,2,971,398,179,485,1,1,1
229,4,1138,73,50,111,1,1,1
229,3,808,22,65,171,1,1,1
230,1,647,431,158,432,1,1,1
230,2,973,400,179,485,1,1,1
230,4,1139,75,50,111,1,1,1
230,3,809,22,65,171,1,1,1
231,1,648,432,158,432,1,1,1
231,2,974,398,179,485,1,1,1
231,4,1140,76,50,111,1,1,1
231,3,808,23,65,171,1,1,1
232,1,649,434,158,432,1,1,1
232,2,976,400,179,485,1,1,1
232,4,1141,76,50,111,1,1,1
232,3,808,22,65,171,1,1,1
233,1,649,438,158,432,1,1,1
233,2,977,399,179,485,1,1,1
233,4,1143,76,50,111,1,1,1
233,3,809,23,65,171,1,1,1
234,1,649,437,158,432,1,1,1
234,2,977,397,179,485,1,1,1
234,4,1142,78,50,111,1,1,1
234,3,809,25,65,171,1,1,1
235,1,648,435,158,432,1,1,1
235,2,982,407,170,462,1,1,1
235,4,1143,78,50,111,1,1,1
235,3,809,24,79,178,1,1,1
236,1,653,444,150,435,1,1,1
236,2,981,412,170,462,1,1,1
236,4,1144,79,42,111,1,1,1
236,3,807,23,79,178,1,1,1
237,1,652,455,150,435,1,1,1
237,2,981,423,181,472,1,1,1
237,4,1146,81,42,111,1,1,1
237,3,812,28,79,178,1,1,1
238,1,643,453,163,435,1,1,1
238,2,983,423,181,472,1,1,1
238,4,1147,81,42,111,1,1,1
238,3,809,25,79,178,1,1,1
239,1,642,457,163,435,1,1,1
239,2,977,412,186,490,1,1,1
239,4,1147,83,42,111,1,1,1
239,3,812,30,79,178,1,1,1
240,1,646,460,163,435,1,1,1
240,2,976,424,186,490,1,1,1
240,4,1148,83,42,111,1,1,1
240,3,811,27,79,178,1,1,1
241,1,643,460,163,435,1,1,1
241,2,973,432,186,490,1,1,1
241,4,1149,82,42,111,1,1,1
241,3,812,28,79,178,1,1,1
242,1,638,461,163,435,1,1,1
242,2,980,428,186,490,1,1,1
242,4,1149,81,44,117,1,1,1
242,3,813,30,79,178,1,1,1
243,1,640,460,163,435,1,1,1
243,2,973,435,186,490,1,1,1
243,4,1148,82,44,117,1,1,1
243,3,814,30,79,178,1,1,1
244,1,638,465,163,435,1,1,1
244,2,968,429,186,490,1,1,1
244,4,1150,83,44,117,1,1,1
244,3,815,32,79,178,1,1,1
245,1,637,463,163,435,1,1,1
245,2,967,418,186,490,1,1,1
245,4,1151,84,44,117,1,1,1
245,3,813,28,83,187,1,1,1
246,1,634,453,163,435,1,1,1
246,2,965,415,186,490,1,1,1
246,4,1150,85,44,117,1,1,1
246,3,815,30,83,187,1,1,1
247,1,636,444,163,435,1,1,1
247,2,966,416,186,490,1,1,1
247,4,1151,87,49,117,1,1,1
247,3,817,31,83,187,1,1,1
248,1,635,446,163,435,1,1,1
248,2,969,423,177,467,1,1,1
248,4,1150,87,49,117,1,1,1
248,3,818,33,83,187,1,1,1
249,1,634,449,163,435,1,1,1
249,2,969,424,177,467,1,1,1
249,4,1152,89,49,117,1,1,1
249,3,819,33,83,187,1,1,1
250,1,636,449,163,435,1,1,1
250,2,968,427,177,467,1,1,1
250,4,1153,87,49,117,1,1,1
250,3,820,36,83,187,1,1,1
251,1,635,450,163,435,1,1,1
251,2,968,428,177,467,1,1,1
251,4,1152,89,49,117,1,1,1
251,3,821,38,83,187,1,1,1
252,1,634,449,172,450,1,1,1
252,2,968,435,177,467,1,1,1
252,4,1154,90,49,117,1,1,1
252,3,821,39,83,187,1,1,1
253,1,634,456,172,450,1,1,1
253,2,969,429,177,492,1,1,1
253,4,1156,88,49,117,1,1,1
253,3,823,41,83,187,1,1,1
254,1,631,450,172,463,1,1,1
254,2,969,423,177,492,1,1,1
254,4,1155,90,49,117,1,1,1
254,3,823,41,83,187,1,1,1
255,1,632,464,172,446,1,1,1
255,2,967,424,181,514,1,1,1
255,4,1158,89,49,117,1,1,1
255,3,826,44,79,178,1,1,1
256,1,634,473,172,446,1,1,1
256,2,968,423,181,514,1,1,1
256,4,1158,92,49,117,1,1,1
256,3,829,47,79,178,1,1,1
257,1,639,479,172,446,1,1,1
257,2,966,441,181,514,1,1,1
257,4,1159,93,49,117,1,1,1
257,3,830,49,79,178,1,1,1
258,1,633,474,172,446,1,1,1
258,2,966,444,181,514,1,1,1
258,4,1161,94,49,117,1,1,1
258,3,832,49,79,178,1,1,1
259,1,639,475,172,446,1,1,1
259,2,961,444,188,515,1,1,1
259,4,1163,93,49,117,1,1,1
259,3,835,51,79,178,1,1,1
260,1,640,482,172,446,1,1,1
260,2,970,431,188,515,1,1,1
260,4,1155,94,58,121,1,1,1
260,3,836,51,79,178,1,1,1
261,1,642,477,172,446,1,1,1
261,2,975,451,179,490,1,1,1
261,4,1160,96,58,121,1,1,1
261,3,837,51,99,178,1,1,1
262,1,647,477,172,446,1,1,1
262,2,978,452,179,490,1,1,1
262,4,1161,95,58,121,1,1,1
262,3,834,52,99,178,1,1,1
263,1,645,466,172,446,1,1,1
263,2,973,458,179,490,1,1,1
263,4,1163,96,58,121,1,1,1
263,3,843,55,99,178,1,1,1
264,1,645,466,172,446,1,1,1
264,2,980,450,179,490,1,1,1
264,4,1164,99,58,121,1,1,1
264,3,837,56,99,178,1,1,1
265,1,647,466,172,446,1,1,1
265,2,982,436,179,490,1,1,1
265,4,1166,100,58,121,1,1,1
265,3,838,57,108,178,1,1,1
266,1,646,467,172,446,1,1,1
266,2,983,435,179,490,1,1,1
266,4,1169,100,58,121,1,1,1
266,3,842,50,108,178,1,1,1
267,1,647,468,172,446,1,1,1
267,2,983,436,179,490,1,1,1
267,4,1171,105,58,121,1,1,1
267,3,840,57,108,178,1,1,1
268,1,647,470,172,446,1,1,1
268,2,988,443,181,489,1,1,1
268,4,1176,108,58,121,1,1,1
268,3,842,58,108,178,1,1,1
269,1,646,472,172,446,1,1,1
269,2,988,437,187,500,1,1,1
269,4,1176,109,53,121,1,1,1
269,3,844,58,108,178,1,1,1
270,1,643,485,172,446,1,1,1
270,2,982,437,187,500,1,1,1
270,4,1176,113,53,121,1,1,1
270,3,846,58,108,178,1,1,1
271,1,648,488,172,446,1,1,1
271,2,981,460,187,501,1,1,1
271,4,1181,116,53,121,1,1,1
271,3,850,59,108,178,1,1,1
272,1,642,483,178,457,1,1,1
272,2,991,460,187,501,1,1,1
272,4,1182,119,53,121,1,1,1
272,3,861,60,79,178,1,1,1
273,1,640,487,178,457,1,1,1
273,2,981,469,187,501,1,1,1
273,4,1177,115,53,121,1,1,1
273,3,867,61,79,178,1,1,1
273,5,1300,-11,43,99,1,1,1
273,6,1526,-10,51,93,1,1,1
274,1,636,499,178,457,1,1,1
274,2,983,459,188,528,1,1,1
274,4,1179,116,53,121,1,1,1
274,3,870,55,79,185,1,1,1
274,5,1302,-12,43,99,1,1,1
274,6,1527,-1,51,93,1,1,1
275,1,636,496,178,457,1,1,1
275,2,983,469,188,528,1,1,1
275,4,1185,118,53,121,1,1,1
275,3,873,55,79,185,1,1,1
275,5,1304,-1,43,99,1,1,1
275,6,1528,-1,51,93,1,1,1
276,1,631,492,178,457,1,1,1
276,2,978,471,188,528,1,1,1
276,4,1186,118,53,121,1,1,1
276,3,876,55,79,185,1,1,1
276,5,1304,0,43,99,1,1,1
276,6,1529,-1,51,93,1,1,1
277,1,631,497,178,457,1,1,1
277,2,974,468,188,528,1,1,1
277,4,1189,122,53,121,1,1,1
277,3,879,55,79,185,1,1,1
277,5,1305,-1,43,99,1,1,1
277,6,1530,-1,49,89,1,1,1
278,1,633,491,178,457,1,1,1
278,2,973,466,188,528,1,1,1
278,4,1190,120,53,121,1,1,1
278,3,880,57,79,185,1,1,1
278,5,1304,0,43,99,1,1,1
278,6,1529,0,49,89,1,1,1
279,1,629,488,178,457,1,1,1
279,2,973,463,188,528,1,1,1
279,4,1191,122,53,121,1,1,1
279,3,882,60,79,185,1,1,1
279,5,1305,0,43,99,1,1,1
279,6,1529,0,49,89,1,1,1
280,1,626,485,178,457,1,1,1
280,2,970,460,188,528,1,1,1
280,4,1191,121,53,121,1,1,1
280,3,885,58,79,185,1,1,1
280,5,1306,-1,43,99,1,1,1
280,6,1529,0,49,89,1,1,1
281,1,624,490,178,457,1,1,1
281,2,970,463,188,528,1,1,1
281,4,1194,124,53,121,1,1,1
281,3,886,57,79,185,1,1,1
281,5,1305,0,43,99,1,1,1
281,6,1529,-1,49,89,1,1,1
282,1,622,484,178,457,1,1,1
282,2,967,450,188,528,1,1,1
282,4,1194,125,53,121,1,1,1
282,3,881,58,87,191,1,1,1
282,5,1307,0,43,99,1,1,1
282,6,1528,0,49,89,1,1,1
283,1,621,483,178,457,1,1,1
283,2,966,451,188,528,1,1,1
283,4,1196,127,53,121,1,1,1
283,3,886,57,87,191,1,1,1
283,5,1308,0,43,99,1,1,1
283,6,1526,0,49,89,1,1,1
284,1,620,482,178,457,1,1,1
284,2,969,459,179,503,1,1,1
284,4,1198,127,53,121,1,1,1
284,3,890,57,87,191,1,1,1
284,5,1308,0,43,99,1,1,1
284,6,1526,-1,49,89,1,1,1
285,1,620,482,178,457,1,1,1
285,2,958,458,197,507,1,1,1
285,4,1199,128,53,121,1,1,1
285,3,892,58,87,191,1,1,1
285,5,1310,0,43,99,1,1,1
285,6,1526,0,49,89,1,1,1
286,1,618,483,178,457,1,1,1
286,2,958,453,197,507,1,1,1
286,4,1199,128,53,121,1,1,1
286,3,895,57,87,191,1,1,1
286,5,1311,0,43,99,1,1,1
286,6,1524,-1,49,89,1,1,1
287,1,622,489,178,464,1,1,1
287,2,957,470,197,507,1,1,1
287,4,1201,129,53,121,1,1,1
287,3,896,56,87,191,1,1,1
287,5,1312,-1,43,99,1,1,1
287,6,1524,0,49,89,1,1,1
288,1,619,481,178,476,1,1,1
288,2,953,478,197,507,1,1,1
288,4,1202,131,53,121,1,1,1
288,3,898,60,87,191,1,1,1
288,5,1313,-1,43,99,1,1,1
288,6,1524,-1,49,89,1,1,1
289,1,618,495,178,473,1,1,1
289,2,955,462,197,530,1,1,1
289,4,1204,135,53,121,1,1,1
289,3,901,59,87,191,1,1,1
289,5,1313,0,43,99,1,1,1
289,6,1523,0,49,89,1,1,1
290,1,616,484,178,479,1,1,1
290,2,956,470,197,541,1,1,1
290,4,1205,136,53,121,1,1,1
290,3,904,58,87,191,1,1,1
290,5,1316,0,43,99,1,1,1
290,6,1523,0,49,89,1,1,1
291,1,616,480,178,488,1,1,1
291,2,955,471,197,541,1,1,1
291,4,1207,137,53,121,1,1,1
291,3,905,57,87,191,1,1,1
291,5,1317,-1,43,99,1,1,1
291,6,1524,0,49,89,1,1,1
292,1,617,495,178,469,1,1,1
292,2,955,481,197,541,1,1,1
292,4,1208,139,53,121,1,1,1
292,3,907,58,87,191,1,1,1
292,5,1319,0,43,99,1,1,1
292,6,1524,0,49,89,1,1,1
293,1,617,505,178,469,1,1,1
293,2,955,483,197,541,1,1,1
293,4,1209,137,53,121,1,1,1
293,3,910,63,87,191,1,1,1
293,5,1319,0,43,99,1,1,1
293,6,1525,0,49,89,1,1,1
294,1,619,505,178,469,1,1,1
294,2,956,483,197,541,1,1,1
294,4,1212,140,53,121,1,1,1
294,3,911,65,87,191,1,1,1
294,5,1320,-1,43,99,1,1,1
294,6,1524,0,49,89,1,1,1
295,1,615,503,178,469,1,1,1
295,2,956,480,197,541,1,1,1
295,4,1211,140,53,121,1,1,1
295,3,914,65,87,191,1,1,1
295,5,1321,-1,43,99,1,1,1
295,6,1525,0,49,89,1,1,1
296,1,620,497,178,469,1,1,1
296,2,957,459,197,541,1,1,1
296,4,1212,142,53,121,1,1,1
296,3,916,65,87,191,1,1,1
296,5,1322,-1,43,99,1,1,1
296,6,1526,0,49,89,1,1,1
297,1,622,485,178,469,1,1,1
297,2,960,483,188,515,1,1,1
297,4,1213,141,53,121,1,1,1
297,3,918,67,87,191,1,1,1
297,5,1323,-1,43,99,1,1,1
297,6,1526,0,49,89,1,1,1
298,1,623,486,178,469,1,1,1
298,2,962,470,188,515,1,1,1
298,4,1216,144,53,121,1,1,1
298,3,920,66,95,191,1,1,1
298,5,1324,0,43,99,1,1,1
298,6,1526,1,49,89,1,1,1
299,1,623,488,178,469,1,1,1
299,2,962,467,188,515,1,1,1
299,4,1215,146,53,121,1,1,1
299,3,922,56,95,196,1,1,1
299,5,1323,0,45,104,1,1,1
299,6,1526,1,49,89,1,1,1
300,1,624,490,178,469,1,1,1
300,2,962,468,188,515,1,1,1
300,4,1218,147,53,125,1,1,1
300,3,923,53,101,205,1,1,1
300,5,1323,0,45,104,1,1,1
300,6,1526,0,49,89,1,1,1
301,1,625,492,178,469,1,1,1
301,2,962,468,188,515,1,1,1
301,4,1223,136,51,138,1,1,1
301,3,926,58,101,205,1,1,1
301,5,1322,0,45,104,1,1,1
301,6,1525,1,49,89,1,1,1
302,1,625,493,178,469,1,1,1
302,2,966,474,196,516,1,1,1
302,4,1225,137,58,138,1,1,1
302,3,930,54,96,195,1,1,1
302,5,1322,0,45,104,1,1,1
302,6,1526,1,49,89,1,1,1
303,1,624,492,178,469,1,1,1
303,2,964,475,200,517,1,1,1
303,4,1227,139,58,138,1,1,1
303,3,934,57,96,195,1,1,1
303,5,1323,-1,45,104,1,1,1
303,6,1525,4,49,89,1,1,1
304,1,620,504,186,470,1,1,1
304,2,955,485,200,517,1,1,1
304,4,1227,139,58,138,1,1,1
304,3,937,57,96,195,1,1,1
304,5,1323,0,45,104,1,1,1
304,6,1525,4,49,89,1,1,1
305,1,618,508,184,473,1,1,1
305,2,960,491,200,517,1,1,1
305,4,1227,140,58,138,1,1,1
305,3,940,57,96,195,1,1,1
305,5,1322,0,45,104,1,1,1
305,6,1524,3,49,89,1,1,1
306,1,618,500,184,473,1,1,1
306,2,953,474,207,541,1,1,1
306,4,1227,141,58,138,1,1,1
306,3,942,57,96,195,1,1,1
306,5,1315,-1,52,109,1,1,1
306,6,1523,4,49,89,1,1,1
307,1,614,516,184,477,1,1,1
307,2,950,486,210,541,1,1,1
307,4,1229,142,58,138,1,1,1
307,3,945,56,96,195,1,1,1
307,5,1319,-1,52,109,1,1,1
307,6,1522,4,49,89,1,1,1
308,1,619,505,183,490,1,1,1
308,2,948,497,210,541,1,1,1
308,4,1225,143,62,138,1,1,1
308,3,947,58,96,195,1,1,1
308,5,1318,-1,52,109,1,1,1
308,6,1522,6,49,89,1,1,1
309,1,613,516,183,490,1,1,1
309,2,945,495,210,541,1,1,1
309,4,1226,145,62,138,1,1,1
309,3,950,57,96,195,1,1,1
309,5,1317,0,52,109,1,1,1
309,6,1522,5,49,89,1,1,1
310,1,612,503,183,490,1,1,1
310,2,947,499,210,541,1,1,1
310,4,1226,145,62,138,1,1,1
310,3,951,59,96,195,1,1,1
310,5,1317,0,52,109,1,1,1
310,6,1521,5,49,89,1,1,1
311,1,608,502,183,490,1,1,1
311,2,941,491,210,541,1,1,1
311,4,1226,148,62,138,1,1,1
311,3,952,60,96,195,1,1,1
311,5,1317,0,52,109,1,1,1
311,6,1519,5,49,89,1,1,1
312,1,607,500,183,490,1,1,1
312,2,940,494,210,541,1,1,1
312,4,1226,149,62,138,1,1,1
312,3,955,59,96,195,1,1,1
312,5,1316,1,52,109,1,1,1
312,6,1519,5,49,89,1,1,1
313,1,604,501,183,490,1,1,1
313,2,937,491,210,541,1,1,1
313,4,1227,149,62,138,1,1,1
313,3,956,60,96,211,1,1,1
313,5,1316,1,52,109,1,1,1
313,6,1518,4,51,93,1,1,1
314,1,601,502,183,490,1,1,1
314,2,935,494,210,541,1,1,1
314,4,1228,152,62,138,1,1,1
314,3,959,58,96,211,1,1,1
314,5,1317,1,52,109,1,1,1
314,6,1514,3,54,98,1,1,1
315,1,595,493,192,514,1,1,1
315,2,933,495,210,541,1,1,1
315,4,1229,155,62,138,1,1,1
315,3,961,60,82,211,1,1,1
315,5,1316,0,55,114,1,1,1
315,6,1514,3,54,98,1,1,1
316,1,591,493,192,478,1,1,1
316,2,933,484,210,541,1,1,1
316,4,1228,152,62,138,1,1,1
316,3,969,63,82,211,1,1,1
316,5,1317,0,55,114,1,1,1
316,6,1513,4,54,98,1,1,1
317,1,588,503,192,459,1,1,1
317,2,931,485,210,541,1,1,1
317,4,1229,154,62,138,1,1,1
317,3,970,64,82,211,1,1,1
317,5,1317,0,55,114,1,1,1
317,6,1513,-5,54,103,1,1,1
318,1,585,498,192,459,1,1,1
318,2,932,482,210,541,1,1,1
318,4,1229,154,62,138,1,1,1
318,3,972,65,82,211,1,1,1
318,5,1317,1,55,114,1,1,1
318,6,1513,-1,54,103,1,1,1
319,1,584,501,192,459,1,1,1
319,2,932,483,210,541,1,1,1
319,4,1230,156,62,138,1,1,1
319,3,974,64,82,211,1,1,1
319,5,1318,0,55,114,1,1,1
319,6,1511,-1,54,103,1,1,1
320,1,582,511,192,459,1,1,1
320,2,932,485,210,541,1,1,1
320,4,1231,155,62,138,1,1,1
320,3,976,64,82,211,1,1,1
320,5,1319,0,55,114,1,1,1
320,6,1510,0,54,103,1,1,1
321,1,579,499,192,479,1,1,1
321,2,931,488,210,541,1,1,1
321,4,1232,157,62,138,1,1,1
321,3,976,65,82,211,1,1,1
321,5,1321,0,55,114,1,1,1
321,6,1511,0,54,103,1,1,1
322,1,579,514,192,479,1,1,1
322,2,933,491,210,541,1,1,1
322,4,1231,158,62,138,1,1,1
322,3,977,64,93,211,1,1,1
322,5,1322,2,55,114,1,1,1
322,6,1510,-1,54,103,1,1,1
323,1,578,512,192,479,1,1,1
323,2,932,489,210,541,1,1,1
323,4,1232,160,62,138,1,1,1
323,3,975,66,93,211,1,1,1
323,5,1323,2,55,114,1,1,1
323,6,1508,0,54,103,1,1,1
324,1,575,520,192,479,1,1,1
324,2,933,509,210,541,1,1,1
324,4,1233,161,62,138,1,1,1
324,3,978,65,93,211,1,1,1
324,5,1324,1,55,114,1,1,1
324,6,1507,0,54,103,1,1,1
325,1,572,523,192,479,1,1,1
325,2,934,498,210,556,1,1,1
325,4,1231,159,65,145,1,1,1
325,3,981,69,89,201,1,1,1
325,5,1324,3,55,114,1,1,1
325,6,1505,1,54,103,1,1,1
326,1,574,524,192,479,1,1,1
326,2,937,494,210,556,1,1,1
326,4,1231,160,65,145,1,1,1
326,3,984,70,89,201,1,1,1
326,5,1325,3,55,114,1,1,1
326,6,1503,1,54,103,1,1,1
327,1,572,520,192,479,1,1,1
327,2,939,493,210,569,1,1,1
327,4,1231,159,65,145,1,1,1
327,3,985,72,89,201,1,1,1
327,5,1325,3,55,114,1,1,1
327,6,1501,2,54,103,1,1,1
328,1,574,521,192,479,1,1,1
328,2,941,498,210,569,1,1,1
328,4,1233,161,65,145,1,1,1
328,3,987,72,89,201,1,1,1
328,5,1326,4,55,114,1,1,1
328,6,1499,0,57,108,1,1,1
329,1,569,522,192,479,1,1,1
329,2,942,494,210,569,1,1,1
329,4,1232,163,65,145,1,1,1
329,3,990,73,89,201,1,1,1
329,5,1327,3,55,114,1,1,1
329,6,1498,-1,57,108,1,1,1
330,1,580,523,185,479,1,1,1
330,2,945,497,210,569,1,1,1
330,4,1232,163,65,145,1,1,1
330,3,991,72,89,201,1,1,1
330,5,1328,4,55,114,1,1,1
330,6,1495,0,57,108,1,1,1
331,1,589,519,185,479,1,1,1
331,2,945,502,210,569,1,1,1
331,4,1230,169,65,145,1,1,1
331,3,991,75,89,201,1,1,1
331,5,1329,5,55,114,1,1,1
331,6,1494,-1,57,108,1,1,1
332,1,587,506,185,479,1,1,1
332,2,946,496,210,569,1,1,1
332,4,1231,171,65,145,1,1,1
332,3,993,77,89,201,1,1,1
332,5,1328,3,57,120,1,1,1
332,6,1493,0,57,108,1,1,1
333,1,584,509,185,464,1,1,1
333,2,948,494,210,569,1,1,1
333,4,1233,172,65,145,1,1,1
333,3,992,73,93,211,1,1,1
333,5,1328,3,57,120,1,1,1
333,6,1492,-1,57,108,1,1,1
334,1,582,498,185,464,1,1,1
334,2,954,500,200,542,1,1,1
334,4,1232,169,68,152,1,1,1
334,3,994,75,93,211,1,1,1
334,5,1328,4,57,120,1,1,1
334,6,1490,0,57,108,1,1,1
335,1,587,502,176,461,1,1,1
335,2,954,500,200,542,1,1,1
335,4,1232,172,78,152,1,1,1
335,3,994,73,93,211,1,1,1
335,5,1329,-10,57,120,1,1,1
335,6,1480,-3,55,116,1,1,1
336,1,587,511,176,461,1,1,1
336,2,958,506,205,546,1,1,1
336,4,1234,173,78,152,1,1,1
336,3,994,69,98,222,1,1,1
336,5,1329,-1,57,120,1,1,1
336,6,1478,-1,60,116,1,1,1
337,1,578,515,184,468,1,1,1
337,2,952,494,218,546,1,1,1
337,4,1234,174,86,152,1,1,1
337,3,996,67,98,222,1,1,1
337,5,1329,0,57,120,1,1,1
337,6,1475,0,67,116,1,1,1
338,1,578,508,186,475,1,1,1
338,2,947,486,223,561,1,1,1
338,4,1234,176,86,152,1,1,1
338,3,997,71,98,222,1,1,1
338,5,1331,0,57,120,1,1,1
338,6,1471,-3,67,116,1,1,1
339,1,576,516,186,475,1,1,1
339,2,943,482,224,581,1,1,1
339,4,1235,177,86,152,1,1,1
339,3,1010,69,87,215,1,1,1
339,5,1330,-1,57,120,1,1,1
339,6,1468,-1,67,116,1,1,1
340,1,574,524,186,475,1,1,1
340,2,940,495,224,581,1,1,1
340,4,1235,180,86,152,1,1,1
340,3,1006,72,87,215,1,1,1
340,5,1330,0,57,120,1,1,1
340,6,1465,-1,67,116,1,1,1
341,1,573,518,188,488,1,1,1
341,2,939,487,224,581,1,1,1
341,4,1237,180,86,152,1,1,1
341,3,1007,74,87,215,1,1,1
341,5,1331,0,57,120,1,1,1
341,6,1465,-1,67,116,1,1,1
342,1,571,518,188,494,1,1,1
342,2,937,489,225,589,1,1,1
342,4,1238,183,92,152,1,1,1
342,3,1010,72,87,215,1,1,1
342,5,1330,-1,57,120,1,1,1
342,6,1463,0,67,116,1,1,1
343,1,563,523,188,494,1,1,1
343,2,934,491,225,589,1,1,1
343,4,1237,185,92,152,1,1,1
343,3,1012,71,87,215,1,1,1
343,5,1330,-1,57,120,1,1,1
343,6,1461,1,67,116,1,1,1
344,1,563,521,189,491,1,1,1
344,2,932,490,225,589,1,1,1
344,4,1238,186,92,152,1,1,1
344,3,1014,69,87,215,1,1,1
344,5,1332,-1,57,120,1,1,1
344,6,1460,0,67,116,1,1,1
345,1,556,524,189,491,1,1,1
345,2,930,491,225,589,1,1,1
345,4,1238,187,92,152,1,1,1
345,3,1017,68,87,215,1,1,1
345,5,1332,-1,57,120,1,1,1
345,6,1453,0,67,116,1,1,1
346,1,557,520,189,491,1,1,1
346,2,928,491,225,589,1,1,1
346,4,1240,188,92,152,1,1,1
346,3,1018,67,87,215,1,1,1
346,5,1331,0,57,120,1,1,1
346,6,1450,-1,67,116,1,1,1
347,1,556,513,189,491,1,1,1
347,2,926,485,225,589,1,1,1
347,4,1241,190,92,152,1,1,1
347,3,1019,70,87,215,1,1,1
347,5,1334,-1,57,120,1,1,1
347,6,1444,-4,67,116,1,1,1
348,1,555,514,189,491,1,1,1
348,2,929,496,214,561,1,1,1
348,4,1242,192,92,152,1,1,1
348,3,1020,70,87,215,1,1,1
348,5,1334,0,57,120,1,1,1
348,6,1441,0,67,116,1,1,1
349,1,552,497,189,491,1,1,1
349,2,928,496,214,561,1,1,1
349,4,1242,192,92,152,1,1,1
349,3,1023,69,87,215,1,1,1
349,5,1335,0,57,120,1,1,1
349,6,1442,0,67,116,1,1,1
350,1,550,498,189,491,1,1,1
350,2,931,492,204,534,1,1,1
350,4,1243,195,92,152,1,1,1
350,3,1024,70,87,215,1,1,1
350,5,1336,-1,57,120,1,1,1
350,6,1440,0,67,116,1,1,1
351,1,553,512,180,468,1,1,1
351,2,931,497,204,534,1,1,1
351,4,1244,196,92,152,1,1,1
351,3,1027,72,83,205,1,1,1
351,5,1337,2,57,120,1,1,1
351,6,1439,0,67,116,1,1,1
352,1,553,513,180,468,1,1,1
352,2,921,501,209,528,1,1,1
352,4,1244,196,92,152,1,1,1
352,3,1029,74,83,205,1,1,1
352,5,1337,3,57,120,1,1,1
352,6,1435,0,67,116,1,1,1
353,1,551,511,180,468,1,1,1
353,2,924,501,204,544,1,1,1
353,4,1245,197,92,152,1,1,1
353,3,1031,74,83,205,1,1,1
353,5,1339,2,57,120,1,1,1
353,6,1432,1,67,116,1,1,1
354,1,551,509,188,481,1,1,1
354,2,922,497,205,544,1,1,1
354,4,1246,201,92,152,1,1,1
354,3,1033,74,83,205,1,1,1
354,5,1340,3,57,120,1,1,1
354,6,1430,0,67,116,1,1,1
355,1,545,500,188,490,1,1,1
355,2,919,491,212,563,1,1,1
355,4,1247,200,92,152,1,1,1
355,3,1032,75,83,205,1,1,1
355,5,1342,2,57,120,1,1,1
355,6,1429,1,67,116,1,1,1
356,1,542,505,199,490,1,1,1
356,2,913,498,215,565,1,1,1
356,4,1247,202,92,152,1,1,1
356,3,1033,71,83,205,1,1,1
356,5,1343,4,57,120,1,1,1
356,6,1429,1,67,116,1,1,1
357,1,538,518,199,490,1,1,1
357,2,914,512,226,566,1,1,1
357,4,1247,202,92,152,1,1,1
357,3,1032,72,86,216,1,1,1
357,5,1345,3,57,120,1,1,1
357,6,1428,0,67,116,1,1,1
358,1,538,524,199,490,1,1,1
358,2,914,503,226,566,1,1,1
358,4,1248,205,92,152,1,1,1
358,3,1034,70,86,216,1,1,1
358,5,1345,4,57,120,1,1,1
358,6,1427,0,67,116,1,1,1
359,1,538,520,199,490,1,1,1
359,2,914,505,226,566,1,1,1
359,4,1249,206,92,152,1,1,1
359,3,1035,71,86,216,1,1,1
359,5,1344,0,60,126,1,1,1
359,6,1427,3,67,116,1,1,1
360,1,533,523,199,490,1,1,1
360,2,914,508,226,566,1,1,1
360,4,1250,206,92,152,1,1,1
360,3,1034,71,95,216,1,1,1
360,5,1345,2,60,126,1,1,1
360,6,1429,6,64,110,1,1,1
361,1,535,520,199,490,1,1,1
361,2,915,508,226,566,1,1,1
361,4,1250,208,92,152,1,1,1
361,3,1033,70,95,216,1,1,1
361,5,1348,1,60,126,1,1,1
361,6,1426,8,64,110,1,1,1
362,1,533,521,199,490,1,1,1
362,2,915,503,226,566,1,1,1
362,4,1250,209,92,152,1,1,1
362,3,1034,75,90,221,1,1,1
362,5,1349,2,60,126,1,1,1
362,6,1425,7,64,110,1,1,1
363,1,537,516,199,490,1,1,1
363,2,915,503,226,566,1,1,1
363,4,1251,209,92,152,1,1,1
363,3,1034,73,101,221,1,1,1
363,5,1349,3,60,126,1,1,1
363,6,1425,10,64,110,1,1,1
364,1,539,514,199,490,1,1,1
364,2,916,507,226,566,1,1,1
364,4,1251,211,92,152,1,1,1
364,3,1031,73,101,221,1,1,1
364,5,1349,3,60,126,1,1,1
364,6,1422,6,67,116,1,1,1
365,1,542,514,199,490,1,1,1
365,2,916,507,226,566,1,1,1
365,4,1251,211,92,152,1,1,1
365,3,1032,72,101,221,1,1,1
365,5,1348,0,63,132,1,1,1
365,6,1422,8,67,116,1,1,1
366,1,550,508,191,480,1,1,1
366,2,914,505,226,566,1,1,1
366,4,1252,214,92,152,1,1,1
366,3,1033,72,101,221,1,1,1
366,5,1349,0,63,132,1,1,1
366,6,1422,-6,67,132,1,1,1
367,1,549,501,191,480,1,1,1
367,2,913,502,226,566,1,1,1
367,4,1254,216,92,152,1,1,1
367,3,1033,72,101,221,1,1,1
367,5,1348,0,63,132,1,1,1
367,6,1421,-1,59,132,1,1,1
368,1,550,504,191,480,1,1,1
368,2,912,498,226,566,1,1,1
368,4,1253,216,92,152,1,1,1
368,3,1034,73,101,221,1,1,1
368,5,1347,0,63,132,1,1,1
368,6,1423,0,59,132,1,1,1
369,1,549,505,191,480,1,1,1
369,2,912,499,226,566,1,1,1
369,4,1254,218,92,152,1,1,1
369,3,1033,75,101,221,1,1,1
369,5,1347,0,63,132,1,1,1
369,6,1419,-7,59,132,1,1,1
370,1,549,507,191,480,1,1,1
370,2,915,508,215,539,1,1,1
370,4,1254,221,92,152,1,1,1
370,3,1034,75,101,221,1,1,1
370,5,1346,1,63,132,1,1,1
370,6,1420,-1,59,132,1,1,1
371,1,548,501,191,480,1,1,1
371,2,912,508,215,539,1,1,1
371,4,1255,221,92,152,1,1,1
371,3,1034,73,101,221,1,1,1
371,5,1345,2,63,132,1,1,1
371,6,1408,-5,59,132,1,1,1
372,1,547,506,191,480,1,1,1
372,2,911,498,215,561,1,1,1
372,4,1256,222,92,152,1,1,1
372,3,1035,75,101,212,1,1,1
372,5,1346,1,63,132,1,1,1
372,6,1404,-2,59,132,1,1,1
373,1,542,508,196,480,1,1,1
373,2,909,492,215,579,1,1,1
373,4,1255,221,97,160,1,1,1
373,3,1035,76,97,212,1,1,1
373,5,1344,2,63,132,1,1,1
373,6,1403,-1,59,132,1,1,1
374,1,540,509,198,480,1,1,1
374,2,908,503,215,579,1,1,1
374,4,1254,222,97,160,1,1,1
374,3,1036,75,97,212,1,1,1
374,5,1345,4,63,132,1,1,1
374,6,1404,-1,59,132,1,1,1
375,1,534,512,203,488,1,1,1
375,2,903,514,215,579,1,1,1
375,4,1256,223,97,160,1,1,1
375,3,1037,76,90,212,1,1,1
375,5,1343,4,63,132,1,1,1
375,6,1396,-1,59,132,1,1,1
376,1,537,516,199,488,1,1,1
376,2,900,515,215,579,1,1,1
376,4,1256,225,97,160,1,1,1
376,3,1040,77,90,212,1,1,1
376,5,1343,5,63,132,1,1,1
376,6,1396,-1,59,132,1,1,1
377,1,538,520,199,488,1,1,1
377,2,896,513,215,579,1,1,1
377,4,1256,227,97,160,1,1,1
377,3,1038,75,94,223,1,1,1
377,5,1343,6,63,132,1,1,1
377,6,1395,0,59,132,1,1,1
378,1,537,520,199,488,1,1,1
378,2,898,514,205,561,1,1,1
378,4,1257,228,97,160,1,1,1
378,3,1038,73,94,223,1,1,1
378,5,1344,6,63,132,1,1,1
378,6,1392,0,59,132,1,1,1
379,1,536,523,199,488,1,1,1
379,2,894,505,205,561,1,1,1
379,4,1259,228,97,160,1,1,1
379,3,1040,73,94,223,1,1,1
379,5,1344,7,63,132,1,1,1
379,6,1392,1,59,132,1,1,1
380,1,529,513,209,512,1,1,1
380,2,896,513,195,552,1,1,1
380,4,1259,229,97,160,1,1,1
380,3,1040,74,94,223,1,1,1
380,5,1344,6,63,132,1,1,1
380,6,1391,1,59,132,1,1,1
381,1,526,513,209,498,1,1,1
381,2,894,512,195,534,1,1,1
381,4,1259,227,101,168,1,1,1
381,3,1041,73,94,223,1,1,1
381,5,1343,7,63,132,1,1,1
381,6,1392,2,59,132,1,1,1
382,1,525,502,209,498,1,1,1
382,2,879,510,208,534,1,1,1
382,4,1258,230,101,168,1,1,1
382,3,1042,75,94,223,1,1,1
382,5,1343,2,66,139,1,1,1
382,6,1389,0,59,132,1,1,1
383,1,511,491,209,498,1,1,1
383,2,875,509,216,534,1,1,1
383,4,1259,232,101,168,1,1,1
383,3,1042,71,94,223,1,1,1
383,5,1344,3,66,139,1,1,1
383,6,1384,-2,59,132,1,1,1
384,1,518,501,197,482,1,1,1
384,2,877,510,216,534,1,1,1
384,4,1261,233,101,168,1,1,1
384,3,1042,72,94,223,1,1,1
384,5,1344,3,66,139,1,1,1
384,6,1384,0,59,132,1,1,1
385,1,522,494,197,482,1,1,1
385,2,875,511,216,534,1,1,1
385,4,1261,234,101,168,1,1,1
385,3,1043,72,94,223,1,1,1
385,5,1346,3,66,139,1,1,1
385,6,1385,0,59,132,1,1,1
386,1,522,497,197,482,1,1,1
386,2,874,512,216,534,1,1,1
386,4,1262,236,101,168,1,1,1
386,3,1045,71,94,223,1,1,1
386,5,1348,4,66,139,1,1,1
386,6,1377,-1,59,132,1,1,1
387,1,521,494,197,482,1,1,1
387,2,873,516,216,534,1,1,1
387,4,1263,237,101,168,1,1,1
387,3,1044,72,94,223,1,1,1
387,5,1350,5,66,139,1,1,1
387,6,1372,1,59,132,1,1,1
388,1,522,495,197,482,1,1,1
388,2,863,514,226,553,1,1,1
388,4,1263,239,101,168,1,1,1
388,3,1045,71,94,223,1,1,1
388,5,1350,4,66,139,1,1,1
388,6,1368,2,59,132,1,1,1
389,1,522,496,197,494,1,1,1
389,2,866,515,226,553,1,1,1
389,4,1265,241,101,168,1,1,1
389,3,1046,73,94,223,1,1,1
389,5,1349,2,69,146,1,1,1
389,6,1362,3,59,132,1,1,1
390,1,524,496,197,494,1,1,1
390,2,866,515,226,553,1,1,1
390,4,1266,243,101,168,1,1,1
390,3,1046,73,94,223,1,1,1
390,5,1351,1,69,146,1,1,1
390,6,1361,6,59,132,1,1,1
391,1,523,505,209,494,1,1,1
391,2,860,499,237,581,1,1,1
391,4,1265,243,101,168,1,1,1
391,3,1047,72,94,223,1,1,1
391,5,1352,2,69,146,1,1,1
391,6,1362,8,56,126,1,1,1
392,1,515,503,215,503,1,1,1
392,2,860,510,221,569,1,1,1
392,4,1266,245,101,168,1,1,1
392,3,1046,73,94,223,1,1,1
392,5,1353,4,69,146,1,1,1
392,6,1364,9,56,138,1,1,1
393,1,517,517,215,490,1,1,1
393,2,869,511,221,569,1,1,1
393,4,1268,246,101,168,1,1,1
393,3,1048,74,94,223,1,1,1
393,5,1355,4,69,146,1,1,1
393,6,1362,8,56,138,1,1,1
394,1,517,512,215,490,1,1,1
394,2,871,511,221,569,1,1,1
394,4,1268,249,101,168,1,1,1
394,3,1048,75,94,223,1,1,1
394,5,1356,5,69,146,1,1,1
394,6,1364,9,56,138,1,1,1
395,1,517,512,215,490,1,1,1
395,2,870,511,221,569,1,1,1
395,4,1269,252,101,168,1,1,1
395,3,1048,76,94,223,1,1,1
395,5,1358,4,69,146,1,1,1
395,6,1365,10,56,138,1,1,1
396,1,520,516,215,490,1,1,1
396,2,872,510,221,569,1,1,1
396,4,1270,252,101,168,1,1,1
396,3,1049,75,94,223,1,1,1
396,5,1360,5,69,146,1,1,1
396,6,1356,6,56,138,1,1,1
397,1,522,516,215,490,1,1,1
397,2,872,511,221,569,1,1,1
397,4,1270,254,101,168,1,1,1
397,3,1049,75,94,223,1,1,1
397,5,1360,8,69,146,1,1,1
397,6,1347,7,60,138,1,1,1
398,1,525,515,215,490,1,1,1
398,2,872,511,221,569,1,1,1
398,4,1273,255,100,179,1,1,1
398,3,1051,80,90,212,1,1,1
398,5,1361,7,69,146,1,1,1
398,6,1342,11,60,138,1,1,1
399,1,526,513,215,490,1,1,1
399,2,877,520,210,542,1,1,1
399,4,1273,258,100,179,1,1,1
399,3,1038,80,103,229,1,1,1
399,5,1360,7,67,146,1,1,1
399,6,1341,9,60,138,1,1,1
400,1,527,510,215,490,1,1,1
400,2,878,514,210,542,1,1,1
400,4,1275,260,100,179,1,1,1
400,3,1042,79,103,229,1,1,1
400,5,1359,9,67,146,1,1,1
400,6,1337,6,62,144,1,1,1
401,1,528,507,215,490,1,1,1
401,2,876,512,210,542,1,1,1
401,4,1274,261,100,179,1,1,1
401,3,1036,79,110,229,1,1,1
401,5,1359,8,67,146,1,1,1
401,6,1334,4,62,144,1,1,1
402,1,532,516,205,467,1,1,1
402,2,882,515,200,516,1,1,1
402,4,1276,262,100,179,1,1,1
402,3,1035,80,114,229,1,1,1
402,5,1360,10,67,146,1,1,1
402,6,1330,5,62,144,1,1,1
403,1,532,516,205,467,1,1,1
403,2,881,517,200,516,1,1,1
403,4,1277,267,100,179,1,1,1
403,3,1038,80,114,229,1,1,1
403,5,1362,9,67,146,1,1,1
403,6,1330,4,62,144,1,1,1
404,1,532,517,205,467,1,1,1
404,2,875,511,210,542,1,1,1
404,4,1277,266,100,179,1,1,1
404,3,1037,82,114,229,1,1,1
404,5,1362,9,67,146,1,1,1
404,6,1326,6,62,144,1,1,1
405,1,531,515,205,467,1,1,1
405,2,875,512,210,566,1,1,1
405,4,1277,269,100,179,1,1,1
405,3,1038,82,114,229,1,1,1
405,5,1363,11,67,146,1,1,1
405,6,1330,10,62,144,1,1,1
406,1,531,513,205,467,1,1,1
406,2,872,514,210,566,1,1,1
406,4,1278,267,100,179,1,1,1
406,3,1033,78,111,240,1,1,1
406,5,1365,10,67,146,1,1,1
406,6,1322,9,68,144,1,1,1
407,1,530,509,205,487,1,1,1
407,2,871,513,210,566,1,1,1
407,4,1280,269,100,179,1,1,1
407,3,1037,78,111,224,1,1,1
407,5,1365,12,67,146,1,1,1
407,6,1317,11,73,144,1,1,1
408,1,529,513,205,491,1,1,1
408,2,869,513,210,566,1,1,1
408,4,1280,270,100,179,1,1,1
408,3,1037,81,111,224,1,1,1
408,5,1368,16,67,146,1,1,1
408,6,1310,11,62,144,1,1,1
409,1,529,514,205,498,1,1,1
409,2,868,514,210,566,1,1,1
409,4,1280,272,100,179,1,1,1
409,3,1038,82,111,224,1,1,1
409,5,1368,13,67,146,1,1,1
409,6,1302,8,76,148,1,1,1
410,1,525,526,205,489,1,1,1
410,2,866,513,210,566,1,1,1
410,4,1281,273,100,179,1,1,1
410,3,1038,81,111,224,1,1,1
410,5,1368,14,67,146,1,1,1
410,6,1294,13,76,148,1,1,1
411,1,524,508,205,513,1,1,1
411,2,864,507,210,576,1,1,1
411,4,1282,276,107,179,1,1,1
411,3,1038,81,111,224,1,1,1
411,5,1368,13,67,146,1,1,1
411,6,1293,12,76,148,1,1,1
412,1,524,511,205,513,1,1,1
412,2,863,504,210,576,1,1,1
412,4,1283,277,107,179,1,1,1
412,3,1037,83,111,224,1,1,1
412,5,1368,13,70,153,1,1,1
412,6,1288,15,81,148,1,1,1
413,1,523,517,205,513,1,1,1
413,2,861,504,210,576,1,1,1
413,4,1284,285,107,179,1,1,1
413,3,1039,85,111,224,1,1,1
413,5,1369,15,70,153,1,1,1
413,6,1288,17,81,148,1,1,1
414,1,521,521,205,492,1,1,1
414,2,858,503,210,576,1,1,1
414,4,1285,286,107,179,1,1,1
414,3,1038,84,111,224,1,1,1
414,5,1368,13,70,153,1,1,1
414,6,1286,18,81,148,1,1,1
415,1,518,518,205,498,1,1,1
415,2,859,502,210,576,1,1,1
415,4,1287,289,107,179,1,1,1
415,3,1039,85,111,224,1,1,1
415,5,1370,13,70,153,1,1,1
415,6,1285,19,81,148,1,1,1
416,1,514,521,205,498,1,1,1
416,2,859,500,210,576,1,1,1
416,4,1287,290,107,179,1,1,1
416,3,1038,85,111,224,1,1,1
416,5,1370,14,70,153,1,1,1
416,6,1282,18,81,148,1,1,1
417,1,510,513,205,498,1,1,1
417,2,858,496,210,576,1,1,1
417,4,1289,293,107,179,1,1,1
417,3,1037,87,98,224,1,1,1
417,5,1372,17,70,153,1,1,1
417,6,1281,20,81,148,1,1,1
418,1,511,509,205,484,1,1,1
418,2,857,496,210,576,1,1,1
418,4,1289,294,107,179,1,1,1
418,3,1047,87,93,224,1,1,1
418,5,1373,15,70,153,1,1,1
418,6,1279,20,81,148,1,1,1
419,1,509,502,205,484,1,1,1
419,2,851,497,220,605,1,1,1
419,4,1290,293,107,179,1,1,1
419,3,1046,88,93,224,1,1,1
419,5,1374,16,70,153,1,1,1
419,6,1277,20,81,148,1,1,1
420,1,509,515,205,474,1,1,1
420,2,852,503,220,605,1,1,1
420,4,1291,298,96,187,1,1,1
420,3,1047,88,93,224,1,1,1
420,5,1376,15,70,153,1,1,1
420,6,1277,21,81,148,1,1,1
421,1,510,512,205,474,1,1,1
421,2,851,505,220,605,1,1,1
421,4,1294,300,90,187,1,1,1
421,3,1047,88,93,224,1,1,1
421,5,1379,17,70,153,1,1,1
421,6,1274,18,81,148,1,1,1
422,1,510,512,205,474,1,1,1
422,2,851,505,220,605,1,1,1
422,4,1298,303,78,187,1,1,1
422,3,1048,88,93,224,1,1,1
422,5,1378,14,74,161,1,1,1
422,6,1275,20,81,148,1,1,1
423,1,509,515,205,474,1,1,1
423,2,856,488,210,589,1,1,1
423,4,1301,304,78,187,1,1,1
423,3,1049,89,93,224,1,1,1
423,5,1379,17,74,161,1,1,1
423,6,1276,17,63,152,1,1,1
424,1,509,515,209,487,1,1,1
424,2,857,487,210,589,1,1,1
424,4,1303,305,77,187,1,1,1
424,3,1050,90,93,224,1,1,1
424,5,1381,14,74,161,1,1,1
424,6,1278,18,63,152,1,1,1
425,1,507,517,209,487,1,1,1
425,2,858,490,210,589,1,1,1
425,4,1300,313,77,187,1,1,1
425,3,1051,76,93,238,1,1,1
425,5,1382,18,74,161,1,1,1
425,6,1278,19,63,152,1,1,1
426,1,507,517,226,497,1,1,1
426,2,859,490,210,589,1,1,1
426,4,1302,312,77,187,1,1,1
426,3,1050,76,93,238,1,1,1
426,5,1384,17,74,161,1,1,1
426,6,1277,21,63,152,1,1,1
427,1,503,525,226,497,1,1,1
427,2,861,490,210,589,1,1,1
427,4,1306,317,77,187,1,1,1
427,3,1051,78,93,238,1,1,1
427,5,1384,18,74,161,1,1,1
427,6,1272,18,63,152,1,1,1
428,1,503,528,226,497,1,1,1
428,2,865,515,210,564,1,1,1
428,4,1300,319,83,192,1,1,1
428,3,1052,77,93,238,1,1,1
428,5,1385,19,74,161,1,1,1
428,6,1265,21,63,152,1,1,1
429,1,504,529,219,497,1,1,1
429,2,867,505,210,564,1,1,1
429,4,1297,321,91,195,1,1,1
429,3,1051,79,93,238,1,1,1
429,5,1385,18,74,161,1,1,1
429,6,1263,23,63,152,1,1,1
430,1,505,534,219,497,1,1,1
430,2,869,506,210,564,1,1,1
430,4,1303,328,92,190,1,1,1
430,3,1053,79,93,238,1,1,1
430,5,1386,19,74,161,1,1,1
430,6,1266,26,63,152,1,1,1
431,1,516,535,208,497,1,1,1
431,2,870,508,210,564,1,1,1
431,4,1302,332,96,197,1,1,1
431,3,1053,79,93,238,1,1,1
431,5,1386,16,74,161,1,1,1
431,6,1260,24,63,152,1,1,1
432,1,515,525,208,497,1,1,1
432,2,872,510,210,564,1,1,1
432,4,1299,339,104,197,1,1,1
432,3,1053,79,93,238,1,1,1
432,5,1385,17,74,161,1,1,1
432,6,1258,25,63,152,1,1,1
433,1,516,527,208,497,1,1,1
433,2,873,509,210,564,1,1,1
433,4,1305,346,96,197,1,1,1
433,3,1054,80,93,238,1,1,1
433,5,1385,15,74,161,1,1,1
433,6,1254,25,63,152,1,1,1
434,1,517,521,208,497,1,1,1
434,2,874,513,210,564,1,1,1
434,4,1301,353,103,197,1,1,1
434,3,1053,79,93,238,1,1,1
434,5,1382,13,78,169,1,1,1
434,6,1253,24,63,152,1,1,1
435,1,517,515,208,497,1,1,1
435,2,879,520,200,537,1,1,1
435,4,1306,359,103,197,1,1,1
435,3,1053,79,93,238,1,1,1
435,5,1382,14,78,169,1,1,1
435,6,1249,24,63,152,1,1,1
436,1,524,522,198,473,1,1,1
436,2,875,515,210,564,1,1,1
436,4,1301,363,99,191,1,1,1
436,3,1053,80,93,238,1,1,1
436,5,1382,13,78,169,1,1,1
436,6,1251,21,63,152,1,1,1
437,1,525,521,198,473,1,1,1
437,2,876,516,218,564,1,1,1
437,4,1307,362,99,200,1,1,1
437,3,1053,79,93,238,1,1,1
437,5,1382,13,78,169,1,1,1
437,6,1243,21,63,152,1,1,1
438,1,525,523,198,473,1,1,1
438,2,872,512,218,564,1,1,1
438,4,1311,368,99,200,1,1,1
438,3,1054,81,93,238,1,1,1
438,5,1385,13,74,169,1,1,1
438,6,1247,21,63,152,1,1,1
439,1,527,524,198,473,1,1,1
439,2,877,520,220,560,1,1,1
439,4,1314,375,99,200,1,1,1
439,3,1053,81,93,238,1,1,1
439,5,1384,13,74,169,1,1,1
439,6,1245,17,66,160,1,1,1
440,1,528,525,198,473,1,1,1
440,2,872,519,220,560,1,1,1
440,4,1316,374,99,200,1,1,1
440,3,1052,79,93,238,1,1,1
440,5,1386,13,74,169,1,1,1
440,6,1232,21,64,160,1,1,1
441,1,526,520,198,480,1,1,1
441,2,870,520,220,560,1,1,1
441,4,1318,376,99,200,1,1,1
441,3,1051,81,93,238,1,1,1
441,5,1386,11,74,169,1,1,1
441,6,1232,24,64,160,1,1,1
442,1,527,524,198,480,1,1,1
442,2,869,520,220,560,1,1,1
442,4,1319,377,104,210,1,1,1
442,3,1050,79,93,238,1,1,1
442,5,1386,13,74,167,1,1,1
442,6,1236,23,64,160,1,1,1
443,1,522,524,205,492,1,1,1
443,2,869,519,220,560,1,1,1
443,4,1323,380,104,210,1,1,1
443,3,1049,79,93,238,1,1,1
443,5,1386,20,74,161,1,1,1
443,6,1229,28,61,152,1,1,1
444,1,521,510,210,509,1,1,1
444,2,868,516,220,560,1,1,1
444,4,1315,384,103,200,1,1,1
444,3,1048,77,93,238,1,1,1
444,5,1387,12,74,169,1,1,1
444,6,1229,34,61,152,1,1,1
445,1,518,526,210,500,1,1,1
445,2,868,515,220,560,1,1,1
445,4,1323,385,103,215,1,1,1
445,3,1049,79,93,238,1,1,1
445,5,1387,17,74,164,1,1,1
445,6,1232,36,61,152,1,1,1
446,1,517,528,210,500,1,1,1
446,2,867,513,220,560,1,1,1
446,4,1327,401,103,215,1,1,1
446,3,1047,78,93,238,1,1,1
446,5,1389,13,74,169,1,1,1
446,6,1227,35,61,152,1,1,1
447,1,513,524,210,500,1,1,1
447,2,867,516,220,560,1,1,1
447,4,1321,408,103,215,1,1,1
447,3,1048,77,93,238,1,1,1
447,5,1390,20,74,162,1,1,1
447,6,1229,33,61,152,1,1,1
448,1,514,523,210,500,1,1,1
448,2,866,517,220,560,1,1,1
448,4,1328,410,108,223,1,1,1
448,3,1048,77,93,238,1,1,1
448,5,1392,20,74,164,1,1,1
448,6,1224,32,61,152,1,1,1
449,1,510,521,210,500,1,1,1
449,2,866,519,220,560,1,1,1
449,4,1325,414,113,234,1,1,1
449,3,1042,77,98,238,1,1,1
449,5,1393,25,74,160,1,1,1
449,6,1224,31,61,152,1,1,1
450,1,508,522,210,500,1,1,1
450,2,866,520,220,560,1,1,1
450,4,1331,420,113,234,1,1,1
450,3,1044,79,98,238,1,1,1
450,5,1394,27,74,156,1,1,1
450,6,1217,37,61,152,1,1,1
451,1,504,520,210,490,1,1,1
451,2,867,517,220,560,1,1,1
451,4,1346,429,113,234,1,1,1
451,3,1044,80,98,238,1,1,1
451,5,1397,26,74,160,1,1,1
451,6,1213,36,61,152,1,1,1
452,1,503,516,210,480,1,1,1
452,2,872,525,210,533,1,1,1
452,4,1350,432,113,234,1,1,1
452,3,1044,81,98,238,1,1,1
452,5,1399,22,74,163,1,1,1
452,6,1211,37,61,152,1,1,1
453,1,501,504,210,480,1,1,1
453,2,868,519,220,560,1,1,1
453,4,1339,429,135,234,1,1,1
453,3,1043,81,98,238,1,1,1
453,5,1399,18,74,167,1,1,1
453,6,1211,34,61,152,1,1,1
454,1,500,507,210,480,1,1,1
454,2,867,520,220,560,1,1,1
454,4,1343,434,135,234,1,1,1
454,3,1042,81,98,238,1,1,1
454,5,1402,25,74,162,1,1,1
454,6,1208,33,61,152,1,1,1
455,1,499,508,210,480,1,1,1
455,2,868,519,220,560,1,1,1
455,4,1338,438,148,234,1,1,1
455,3,1043,81,98,238,1,1,1
455,5,1404,24,74,162,1,1,1
455,6,1206,34,61,152,1,1,1
456,1,498,508,210,480,1,1,1
456,2,868,520,220,560,1,1,1
456,4,1335,444,148,250,1,1,1
456,3,1043,83,98,238,1,1,1
456,5,1405,23,74,164,1,1,1
456,6,1205,37,61,152,1,1,1
457,1,499,522,210,480,1,1,1
457,2,868,520,220,560,1,1,1
457,4,1347,452,148,250,1,1,1
457,3,1043,82,98,238,1,1,1
457,5,1406,25,74,164,1,1,1
457,6,1205,35,61,152,1,1,1
458,1,496,518,210,480,1,1,1
458,2,870,517,220,560,1,1,1
458,4,1352,458,132,250,1,1,1
458,3,1044,82,98,238,1,1,1
458,5,1408,20,74,169,1,1,1
458,6,1203,39,61,152,1,1,1
459,1,494,525,218,481,1,1,1
459,2,870,520,220,560,1,1,1
459,4,1365,468,132,250,1,1,1
459,3,1043,83,98,238,1,1,1
459,5,1410,30,74,161,1,1,1
459,6,1185,39,69,170,1,1,1
460,1,492,523,223,492,1,1,1
460,2,871,519,220,560,1,1,1
460,4,1371,480,132,250,1,1,1
460,3,1044,82,98,238,1,1,1
460,5,1411,23,74,169,1,1,1
460,6,1176,42,69,170,1,1,1
461,1,489,529,223,492,1,1,1
461,2,873,519,220,560,1,1,1
461,4,1392,484,116,250,1,1,1
461,3,1045,83,98,238,1,1,1
461,5,1410,30,78,173,1,1,1
461,6,1169,45,81,170,1,1,1
462,1,486,534,223,492,1,1,1
462,2,873,519,220,560,1,1,1
462,4,1399,488,124,259,1,1,1
462,3,1044,83,98,238,1,1,1
462,5,1410,28,78,170,1,1,1
462,6,1151,47,104,170,1,1,1
463,1,488,536,223,492,1,1,1
463,2,874,519,220,560,1,1,1
463,4,1407,493,124,259,1,1,1
463,3,1044,83,98,238,1,1,1
463,5,1415,27,74,168,1,1,1
463,6,1151,46,104,170,1,1,1
464,1,496,521,216,508,1,1,1
464,2,880,521,210,533,1,1,1
464,4,1410,508,124,259,1,1,1
464,3,1045,82,98,238,1,1,1
464,5,1416,34,74,162,1,1,1
464,6,1147,47,104,170,1,1,1
465,1,498,522,216,508,1,1,1
465,2,880,519,210,533,1,1,1
465,4,1417,519,124,259,1,1,1
465,3,1045,83,98,238,1,1,1
465,5,1417,34,74,161,1,1,1
465,6,1146,47,104,170,1,1,1
466,1,499,521,216,508,1,1,1
466,2,880,518,210,533,1,1,1
466,4,1421,525,124,259,1,1,1
466,3,1045,84,98,238,1,1,1
466,5,1418,35,74,160,1,1,1
466,6,1154,49,86,170,1,1,1
467,1,499,521,216,508,1,1,1
467,2,879,517,210,533,1,1,1
467,4,1413,532,137,259,1,1,1
467,3,1047,84,98,238,1,1,1
467,5,1416,37,78,163,1,1,1
467,6,1153,53,86,170,1,1,1
468,1,500,504,216,508,1,1,1
468,2,879,516,210,533,1,1,1
468,4,1421,543,137,259,1,1,1
468,3,1047,85,98,238,1,1,1
468,5,1417,29,78,176,1,1,1
468,6,1152,55,86,170,1,1,1
469,1,500,508,216,508,1,1,1
469,2,879,518,210,533,1,1,1
469,4,1417,551,137,259,1,1,1
469,3,1048,85,98,238,1,1,1
469,5,1417,32,78,170,1,1,1
469,6,1146,53,86,170,1,1,1
470,1,501,504,216,508,1,1,1
470,2,878,519,210,533,1,1,1
470,4,1425,548,144,272,1,1,1
470,3,1048,85,98,238,1,1,1
470,5,1418,26,78,176,1,1,1
470,6,1148,56,86,170,1,1,1
471,1,506,512,206,484,1,1,1
471,2,875,524,210,533,1,1,1
471,4,1431,556,144,272,1,1,1
471,3,1047,86,98,238,1,1,1
471,5,1417,40,78,163,1,1,1
471,6,1147,56,86,170,1,1,1
471,7,1023,0,40,53,1,1,1
472,1,507,513,206,484,1,1,1
472,2,874,523,220,561,1,1,1
472,4,1442,566,144,272,1,1,1
472,3,1048,85,98,238,1,1,1
472,5,1419,28,78,176,1,1,1
472,6,1144,56,86,170,1,1,1
472,7,1025,0,40,53,1,1,1
473,1,507,514,206,484,1,1,1
473,2,867,518,227,561,1,1,1
473,4,1449,576,144,272,1,1,1
473,3,1048,87,98,238,1,1,1
473,5,1416,36,82,174,1,1,1
473,6,1141,52,90,178,1,1,1
473,7,1026,0,40,53,1,1,1
474,1,506,513,206,484,1,1,1
474,2,862,519,227,561,1,1,1
474,4,1438,576,174,286,1,1,1
474,3,1048,88,98,238,1,1,1
474,5,1418,32,82,177,1,1,1
474,6,1139,53,90,178,1,1,1
474,7,1027,1,40,53,1,1,1
475,1,506,512,206,484,1,1,1
475,2,859,519,227,561,1,1,1
475,4,1439,593,174,258,1,1,1
475,3,1047,86,98,238,1,1,1
475,5,1418,38,82,175,1,1,1
475,6,1136,54,90,178,1,1,1
475,7,1028,1,40,53,1,1,1
476,1,506,511,206,499,1,1,1
476,2,857,519,227,561,1,1,1
476,4,1451,600,174,258,1,1,1
476,3,1047,90,98,238,1,1,1
476,5,1419,44,82,167,1,1,1
476,6,1133,56,73,178,1,1,1
476,7,1029,0,40,53,1,1,1
477,1,502,523,206,499,1,1,1
477,2,855,518,227,561,1,1,1
477,4,1450,632,174,258,1,1,1
477,3,1045,91,98,238,1,1,1
477,5,1417,24,86,194,1,1,1
477,6,1130,57,77,189,1,1,1
477,7,1030,1,40,53,1,1,1
478,1,500,526,206,499,1,1,1
478,2,853,513,227,561,1,1,1
478,4,1447,632,191,289,1,1,1
478,3,1045,88,98,238,1,1,1
478,5,1420,47,86,172,1,1,1
478,6,1118,55,77,189,1,1,1
478,7,1031,1,40,53,1,1,1
479,1,501,527,206,499,1,1,1
479,2,851,516,227,561,1,1,1
479,4,1466,642,167,310,1,1,1
479,3,1045,89,98,238,1,1,1
479,5,1421,48,86,171,1,1,1
479,6,1124,56,77,189,1,1,1
479,7,1031,0,40,53,1,1,1
480,1,502,528,206,499,1,1,1
480,2,851,518,227,561,1,1,1
480,4,1480,653,167,310,1,1,1
480,3,1043,86,98,238,1,1,1
480,5,1423,35,86,187,1,1,1
480,6,1123,58,77,189,1,1,1
480,7,1032,0,40,53,1,1,1
481,1,499,529,206,499,1,1,1
481,2,849,519,227,561,1,1,1
481,4,1486,668,167,310,1,1,1
481,3,1043,86,98,238,1,1,1
481,5,1425,43,86,179,1,1,1
481,6,1119,59,77,189,1,1,1
481,7,1030,-17,40,78,1,1,1
482,1,496,529,206,499,1,1,1
482,2,848,519,227,561,1,1,1
482,4,1492,684,167,310,1,1,1
482,3,1041,86,98,238,1,1,1
482,5,1426,44,86,179,1,1,1
482,6,1116,61,77,189,1,1,1
482,7,1032,-1,40,78,1,1,1
483,1,496,530,206,499,1,1,1
483,2,848,519,227,561,1,1,1
483,4,1498,694,167,310,1,1,1
483,3,1041,88,98,238,1,1,1
483,5,1428,40,86,182,1,1,1
483,6,1114,61,77,189,1,1,1
483,7,1034,-1,40,78,1,1,1
484,1,496,527,206,499,1,1,1
484,2,848,518,227,561,1,1,1
484,4,1499,692,175,326,1,1,1
484,3,1042,89,98,238,1,1,1
484,5,1430,39,86,185,1,1,1
484,6,1111,62,77,189,1,1,1
484,7,1033,-1,40,78,1,1,1
485,1,495,528,206,499,1,1,1
485,2,848,519,227,561,1,1,1
485,4,1514,727,161,328,1,1,1
485,3,1040,90,98,238,1,1,1
485,5,1432,37,86,187,1,1,1
485,6,1112,68,73,180,1,1,1
485,7,1034,-12,40,78,1,1,1
486,1,491,525,206,499,1,1,1
486,2,847,519,227,561,1,1,1
486,4,1524,740,161,328,1,1,1
486,3,1041,91,98,238,1,1,1
486,5,1434,42,86,184,1,1,1
486,6,1110,68,73,180,1,1,1
486,7,1034,-12,40,78,1,1,1
487,1,493,522,206,499,1,1,1
487,2,847,518,227,561,1,1,1
487,4,1527,746,161,328,1,1,1
487,3,1041,90,98,238,1,1,1
487,5,1437,43,86,187,1,1,1
487,6,1108,69,73,180,1,1,1
487,7,1035,-8,40,78,1,1,1
488,1,494,512,206,499,1,1,1
488,2,846,518,227,561,1,1,1
488,4,1530,758,161,328,1,1,1
488,3,1042,90,98,238,1,1,1
488,5,1440,36,86,194,1,1,1
488,6,1105,70,73,180,1,1,1
488,7,1036,-1,40,78,1,1,1
489,1,494,506,206,487,1,1,1
489,2,848,519,227,561,1,1,1
489,4,1532,773,161,328,1,1,1
489,3,1043,91,98,238,1,1,1
489,5,1441,37,86,194,1,1,1
489,6,1103,68,77,189,1,1,1
489,7,1038,-1,40,78,1,1,1
490,1,493,509,206,487,1,1,1
490,2,848,519,227,561,1,1,1
490,4,1535,800,161,328,1,1,1
490,3,1046,93,98,238,1,1,1
490,5,1443,37,86,194,1,1,1
490,6,1103,73,73,180,1,1,1
490,7,1039,0,40,78,1,1,1
491,1,493,511,206,487,1,1,1
491,2,847,518,227,561,1,1,1
491,4,1540,814,161,328,1,1,1
491,3,1047,93,98,238,1,1,1
491,5,1445,40,86,194,1,1,1
491,6,1092,75,70,186,1,1,1
491,7,1039,-1,40,78,1,1,1
492,1,503,523,206,487,1,1,1
492,2,848,518,227,561,1,1,1
492,4,1537,828,169,344,1,1,1
492,3,1046,87,103,250,1,1,1
492,5,1446,40,86,194,1,1,1
492,6,1087,74,70,195,1,1,1
492,7,1041,0,40,78,1,1,1
493,1,505,527,206,487,1,1,1
493,2,851,518,227,561,1,1,1
493,4,1541,847,151,339,1,1,1
493,3,1046,88,103,250,1,1,1
493,5,1447,40,86,194,1,1,1
493,6,1080,77,70,195,1,1,1
493,7,1040,0,40,78,1,1,1
494,1,504,530,206,487,1,1,1
494,2,852,519,227,561,1,1,1
494,4,1541,852,151,339,1,1,1
494,3,1049,87,103,250,1,1,1
494,5,1448,42,86,194,1,1,1
494,6,1079,76,70,195,1,1,1
494,7,1040,0,42,82,1,1,1
495,1,504,537,206,487,1,1,1
495,2,858,529,216,534,1,1,1
495,4,1542,859,151,339,1,1,1
495,3,1050,87,103,250,1,1,1
495,5,1450,52,86,184,1,1,1
495,6,1077,76,70,195,1,1,1
495,7,1041,0,42,82,1,1,1
496,1,503,529,206,495,1,1,1
496,2,860,525,216,534,1,1,1
496,4,1543,873,151,339,1,1,1
496,3,1053,101,93,229,1,1,1
496,5,1451,50,86,184,1,1,1
496,6,1075,76,70,195,1,1,1
496,7,1042,0,42,82,1,1,1
497,1,497,528,206,511,1,1,1
497,2,860,523,216,534,1,1,1
497,4,1530,902,173,343,1,1,1
497,3,1057,100,93,229,1,1,1
497,5,1451,50,86,184,1,1,1
497,6,1075,80,70,195,1,1,1
497,7,1043,-9,44,86,1,1,1
498,1,498,527,206,511,1,1,1
498,2,862,524,216,534,1,1,1
498,4,1534,914,165,327,1,1,1
498,3,1058,102,93,229,1,1,1
498,5,1451,52,86,184,1,1,1
498,6,1047,82,98,199,1,1,1
498,7,1045,-1,44,86,1,1,1
499,1,503,533,206,511,1,1,1
499,2,862,521,216,534,1,1,1
499,4,1525,946,165,327,1,1,1
499,3,1059,102,93,229,1,1,1
499,5,1453,52,86,184,1,1,1
499,6,1056,91,98,199,1,1,1
499,7,1046,0,44,86,1,1,1
500,1,504,528,206,494,1,1,1
500,2,862,520,216,534,1,1,1
500,4,1529,958,157,311,1,1,1
500,3,1060,101,93,229,1,1,1
500,5,1453,54,86,184,1,1,1
500,6,1057,94,98,199,1,1,1
500,7,1046,0,44,86,1,1,1
501,1,500,541,206,494,1,1,1
501,2,862,522,216,534,1,1,1
501,3,1059,98,93,229,1,1,1
501,5,1453,53,86,184,1,1,1
501,6,1057,94,98,199,1,1,1
501,7,1048,0,44,86,1,1,1
502,1,500,533,206,494,1,1,1
502,2,860,524,226,549,1,1,1
502,3,1059,94,93,229,1,1,1
502,5,1451,55,86,184,1,1,1
502,6,1042,85,98,199,1,1,1
502,7,1050,-10,48,95,1,1,1
503,1,499,531,206,481,1,1,1
503,2,855,523,226,549,1,1,1
503,3,1060,95,93,229,1,1,1
503,5,1452,55,86,184,1,1,1
503,6,1039,81,98,199,1,1,1
503,7,1049,0,48,95,1,1,1
504,1,501,537,206,461,1,1,1
504,2,848,522,237,556,1,1,1
504,3,1059,93,93,245,1,1,1
504,5,1453,55,86,184,1,1,1
504,6,1053,86,98,199,1,1,1
504,7,1050,0,48,95,1,1,1
505,1,500,538,206,461,1,1,1
505,2,853,528,226,549,1,1,1
505,3,1060,90,93,245,1,1,1
505,5,1453,54,86,184,1,1,1
505,6,1032,86,98,199,1,1,1
505,7,1053,0,48,95,1,1,1
506,1,498,545,206,461,1,1,1
506,2,850,531,226,549,1,1,1
506,3,1061,92,93,245,1,1,1
506,5,1452,55,86,184,1,1,1
506,6,1033,87,81,199,1,1,1
506,7,1055,-1,48,95,1,1,1
507,1,497,534,206,482,1,1,1
507,2,849,530,226,549,1,1,1
507,3,1065,94,93,245,1,1,1
507,5,1451,49,90,193,1,1,1
507,6,1028,88,81,199,1,1,1
507,7,1056,-1,50,100,1,1,1
508,1,494,543,206,482,1,1,1
508,2,847,530,226,549,1,1,1
508,3,1069,97,93,245,1,1,1
508,5,1451,49,90,193,1,1,1
508,6,1021,93,81,199,1,1,1
508,7,1057,-1,50,100,1,1,1
509,1,496,542,206,489,1,1,1
509,2,845,530,226,549,1,1,1
509,3,1072,97,93,245,1,1,1
509,5,1452,52,90,193,1,1,1
509,6,1020,94,81,199,1,1,1
509,7,1058,-10,50,100,1,1,1
510,1,502,548,206,489,1,1,1
510,2,847,534,223,547,1,1,1
510,3,1074,98,93,245,1,1,1
510,5,1453,52,90,193,1,1,1
510,6,1013,97,89,216,1,1,1
510,7,1060,-1,50,100,1,1,1
511,1,492,552,217,497,1,1,1
511,2,846,530,222,550,1,1,1
511,3,1074,96,98,257,1,1,1
511,5,1454,52,90,193,1,1,1
511,6,1016,90,93,227,1,1,1
511,7,1062,-1,50,100,1,1,1
512,1,484,557,217,497,1,1,1
512,2,841,527,222,550,1,1,1
512,3,1079,102,93,245,1,1,1
512,5,1454,53,90,193,1,1,1
512,6,1017,96,79,216,1,1,1
512,7,1062,0,50,100,1,1,1
513,1,485,554,224,511,1,1,1
513,2,838,528,222,550,1,1,1
513,3,1081,103,93,245,1,1,1
513,5,1457,53,90,193,1,1,1
513,6,1004,98,96,216,1,1,1
513,7,1065,-7,50,100,1,1,1
514,1,477,559,224,511,1,1,1
514,2,836,530,222,550,1,1,1
514,3,1081,103,93,245,1,1,1
514,5,1458,55,90,193,1,1,1
514,6,994,98,96,216,1,1,1
514,7,1067,-8,51,100,1,1,1
515,1,473,558,224,511,1,1,1
515,2,835,529,222,550,1,1,1
515,3,1082,103,93,245,1,1,1
515,5,1460,55,90,193,1,1,1
515,6,988,102,96,216,1,1,1
515,7,1068,-1,51,100,1,1,1
516,1,471,552,224,511,1,1,1
516,2,826,529,229,550,1,1,1
516,3,1083,104,93,245,1,1,1
516,5,1461,57,90,193,1,1,1
516,6,996,104,96,216,1,1,1
516,7,1069,-1,51,100,1,1,1
517,1,469,557,224,511,1,1,1
517,2,828,530,229,550,1,1,1
517,3,1085,103,93,245,1,1,1
517,5,1463,60,90,193,1,1,1
517,6,999,105,96,216,1,1,1
517,7,1070,0,51,100,1,1,1
518,1,467,563,224,511,1,1,1
518,2,827,529,229,550,1,1,1
518,3,1085,105,93,245,1,1,1
518,5,1464,62,90,193,1,1,1
518,6,997,107,96,216,1,1,1
518,7,1072,-7,51,100,1,1,1
519,1,465,569,224,511,1,1,1
519,2,826,530,229,550,1,1,1
519,3,1086,104,93,245,1,1,1
519,5,1466,62,90,193,1,1,1
519,6,995,107,96,216,1,1,1
519,7,1075,-1,51,100,1,1,1
520,1,462,568,224,511,1,1,1
520,2,827,530,229,550,1,1,1
520,3,1086,104,93,245,1,1,1
520,5,1469,63,90,193,1,1,1
520,6,978,108,96,216,1,1,1
520,7,1076,0,51,100,1,1,1
521,1,458,567,224,511,1,1,1
521,2,826,529,229,550,1,1,1
521,3,1087,105,93,245,1,1,1
521,5,1468,56,95,203,1,1,1
521,6,987,110,85,216,1,1,1
521,7,1077,0,51,100,1,1,1
522,1,455,569,203,475,1,1,1
522,2,827,530,229,550,1,1,1
522,3,1089,109,93,245,1,1,1
522,5,1469,59,95,203,1,1,1
522,6,991,112,85,216,1,1,1
522,7,1078,0,51,100,1,1,1
523,1,457,558,203,493,1,1,1
523,2,828,530,229,550,1,1,1
523,3,1090,109,93,245,1,1,1
523,5,1472,61,95,203,1,1,1
523,6,988,108,89,227,1,1,1
523,7,1080,0,51,100,1,1,1
524,1,458,568,203,493,1,1,1
524,2,829,530,229,550,1,1,1
524,3,1090,110,93,245,1,1,1
524,5,1472,62,95,203,1,1,1
524,6,985,110,89,227,1,1,1
524,7,1083,-1,51,100,1,1,1
525,1,455,568,209,493,1,1,1
525,2,830,530,229,550,1,1,1
525,3,1092,114,93,245,1,1,1
525,5,1475,63,95,203,1,1,1
525,6,983,113,89,227,1,1,1
525,7,1083,-1,51,100,1,1,1
526,1,448,565,222,493,1,1,1
526,2,832,530,229,550,1,1,1
526,3,1093,114,93,245,1,1,1
526,5,1477,66,95,203,1,1,1
526,6,968,116,95,228,1,1,1
526,7,1086,0,51,100,1,1,1
527,1,459,564,222,500,1,1,1
527,2,833,530,229,550,1,1,1
527,3,1094,117,93,245,1,1,1
527,5,1477,66,95,203,1,1,1
527,6,965,116,89,227,1,1,1
527,7,1086,-1,54,105,1,1,1
528,1,454,569,232,497,1,1,1
528,2,834,529,229,550,1,1,1
528,3,1095,117,82,232,1,1,1
528,5,1479,67,95,203,1,1,1
528,6,960,124,92,225,1,1,1
528,7,1087,0,54,105,1,1,1
529,1,459,567,232,504,1,1,1
529,2,836,529,229,550,1,1,1
529,3,1099,110,82,240,1,1,1
529,5,1482,68,95,203,1,1,1
529,6,947,127,106,225,1,1,1
529,7,1090,0,54,105,1,1,1
530,1,461,561,232,504,1,1,1
530,2,836,529,229,550,1,1,1
530,3,1101,111,82,240,1,1,1
530,5,1482,71,95,203,1,1,1
530,6,952,123,106,225,1,1,1
530,7,1091,0,54,105,1,1,1
531,1,452,567,232,504,1,1,1
531,2,837,530,229,550,1,1,1
531,3,1100,110,82,240,1,1,1
531,5,1484,71,95,203,1,1,1
531,6,950,129,106,225,1,1,1
531,7,1094,-1,54,105,1,1,1
532,1,453,561,222,502,1,1,1
532,2,837,521,229,550,1,1,1
532,3,1101,110,82,240,1,1,1
532,5,1481,64,100,213,1,1,1
532,6,948,128,106,225,1,1,1
532,7,1096,-1,54,105,1,1,1
533,1,452,562,222,502,1,1,1
533,2,837,520,229,550,1,1,1
533,3,1102,109,82,240,1,1,1
533,5,1481,66,100,213,1,1,1
533,6,951,132,106,225,1,1,1
533,7,1097,-1,62,105,1,1,1
534,1,454,558,222,502,1,1,1
534,2,837,520,229,550,1,1,1
534,3,1103,111,82,240,1,1,1
534,5,1482,65,100,213,1,1,1
534,6,946,133,106,225,1,1,1
534,7,1096,-1,62,105,1,1,1
535,1,457,553,222,502,1,1,1
535,2,835,518,229,550,1,1,1
535,3,1105,110,82,240,1,1,1
535,5,1481,67,100,213,1,1,1
535,6,943,133,106,225,1,1,1
535,7,1099,0,62,105,1,1,1
536,1,474,545,206,502,1,1,1
536,2,834,514,229,550,1,1,1
536,3,1107,108,82,240,1,1,1
536,5,1482,66,100,213,1,1,1
536,6,937,134,106,225,1,1,1
536,7,1100,0,62,105,1,1,1
537,1,470,554,206,479,1,1,1
537,2,834,513,229,550,1,1,1
537,3,1108,108,82,240,1,1,1
537,5,1482,65,100,213,1,1,1
537,6,934,135,106,225,1,1,1
537,7,1102,1,62,105,1,1,1
538,1,471,542,206,479,1,1,1
538,2,833,507,229,550,1,1,1
538,3,1111,111,78,229,1,1,1
538,5,1481,66,100,213,1,1,1
538,6,932,136,106,225,1,1,1
538,7,1105,0,62,105,1,1,1
539,1,472,540,206,479,1,1,1
539,2,832,504,229,550,1,1,1
539,3,1113,110,78,229,1,1,1
539,5,1480,65,100,213,1,1,1
539,6,929,136,106,225,1,1,1
539,7,1106,1,62,105,1,1,1
540,1,474,539,206,479,1,1,1
540,2,830,495,229,550,1,1,1
540,3,1116,108,78,229,1,1,1
540,5,1481,65,100,213,1,1,1
540,6,925,137,106,225,1,1,1
540,7,1106,0,62,105,1,1,1
541,1,476,532,206,479,1,1,1
541,2,823,482,240,578,1,1,1
541,3,1118,106,78,229,1,1,1
541,5,1480,65,100,213,1,1,1
541,6,921,137,106,225,1,1,1
541,7,1110,0,62,105,1,1,1
542,1,477,522,206,479,1,1,1
542,2,822,480,240,578,1,1,1
542,3,1119,102,78,229,1,1,1
542,5,1480,65,100,213,1,1,1
542,6,918,136,106,225,1,1,1
542,7,1110,-1,62,105,1,1,1
543,1,477,534,206,479,1,1,1
543,2,820,473,240,578,1,1,1
543,3,1122,106,74,218,1,1,1
543,5,1479,64,100,213,1,1,1
543,6,913,133,111,236,1,1,1
543,7,1112,0,62,105,1,1,1
544,1,478,518,206,479,1,1,1
544,2,817,468,240,578,1,1,1
544,3,1114,103,83,230,1,1,1
544,5,1478,65,100,213,1,1,1
544,6,902,138,111,236,1,1,1
544,7,1113,0,62,105,1,1,1
545,1,476,528,206,479,1,1,1
545,2,815,454,232,571,1,1,1
545,3,1119,98,83,230,1,1,1
545,5,1479,64,100,213,1,1,1
545,6,901,139,118,236,1,1,1
545,7,1115,1,62,105,1,1,1
546,1,479,522,206,479,1,1,1
546,2,813,452,219,554,1,1,1
546,3,1120,97,83,230,1,1,1
546,5,1478,64,100,213,1,1,1
546,6,902,139,118,236,1,1,1
546,7,1115,0,62,105,1,1,1
547,1,480,508,206,493,1,1,1
547,2,811,449,220,549,1,1,1
547,3,1120,92,87,241,1,1,1
547,5,1478,63,100,213,1,1,1
547,6,901,140,118,236,1,1,1
547,7,1117,1,62,105,1,1,1
548,1,479,515,213,493,1,1,1
548,2,816,450,216,523,1,1,1
548,3,1123,96,83,230,1,1,1
548,5,1479,65,100,213,1,1,1
548,6,898,143,118,236,1,1,1
548,7,1120,2,62,105,1,1,1
549,1,479,501,213,493,1,1,1
549,2,814,445,216,516,1,1,1
549,3,1124,88,87,241,1,1,1
549,5,1478,64,100,213,1,1,1
549,6,895,143,118,236,1,1,1
549,7,1122,1,62,105,1,1,1
550,1,480,500,213,493,1,1,1
550,2,820,443,205,524,1,1,1
550,3,1126,94,83,242,1,1,1
550,5,1480,64,100,213,1,1,1
550,6,892,145,118,236,1,1,1
550,7,1123,1,62,105,1,1,1
551,1,479,496,213,493,1,1,1
551,2,820,440,203,524,1,1,1
551,3,1122,96,86,237,1,1,1
551,5,1479,65,100,213,1,1,1
551,6,889,145,118,236,1,1,1
551,7,1123,1,62,105,1,1,1
552,1,479,489,213,493,1,1,1
552,2,819,432,193,524,1,1,1
552,3,1127,101,81,231,1,1,1
552,5,1480,63,100,213,1,1,1
552,6,891,145,94,236,1,1,1
552,7,1125,1,62,105,1,1,1
553,1,480,485,213,493,1,1,1
553,2,819,425,218,524,1,1,1
553,3,1132,97,81,231,1,1,1
553,5,1481,64,100,213,1,1,1
553,6,894,145,91,236,1,1,1
553,7,1127,1,62,105,1,1,1
554,1,480,473,213,493,1,1,1
554,2,820,425,218,524,1,1,1
554,3,1127,98,86,231,1,1,1
554,5,1481,62,100,213,1,1,1
554,6,887,146,93,236,1,1,1
554,7,1130,1,62,105,1,1,1
555,1,479,466,213,493,1,1,1
555,2,820,416,218,524,1,1,1
555,3,1134,96,86,231,1,1,1
555,5,1481,62,100,213,1,1,1
555,6,889,146,87,236,1,1,1
555,7,1133,3,59,100,1,1,1
556,1,484,469,203,470,1,1,1
556,2,820,414,218,524,1,1,1
556,3,1137,96,75,231,1,1,1
556,5,1480,61,100,213,1,1,1
556,6,870,147,100,236,1,1,1
556,7,1135,4,59,100,1,1,1
557,1,484,468,203,470,1,1,1
557,2,821,409,218,524,1,1,1
557,3,1140,93,75,231,1,1,1
557,5,1481,61,100,213,1,1,1
557,6,868,146,98,236,1,1,1
557,7,1136,3,59,100,1,1,1
558,1,484,461,203,470,1,1,1
558,2,822,406,218,524,1,1,1
558,3,1139,93,76,235,1,1,1
558,5,1481,62,100,213,1,1,1
558,6,862,151,101,236,1,1,1
558,7,1137,3,59,100,1,1,1
559,1,484,459,203,470,1,1,1
559,2,829,400,208,499,1,1,1
559,3,1143,84,76,235,1,1,1
559,5,1482,63,100,213,1,1,1
559,6,859,152,102,236,1,1,1
559,7,1139,5,56,95,1,1,1
560,1,485,451,203,470,1,1,1
560,2,831,398,208,499,1,1,1
560,3,1144,81,76,235,1,1,1
560,5,1482,63,100,213,1,1,1
560,6,855,152,101,236,1,1,1
560,7,1143,7,56,95,1,1,1
561,1,496,448,203,470,1,1,1
561,2,832,392,208,499,1,1,1
561,3,1145,83,76,235,1,1,1
561,5,1480,63,100,213,1,1,1
561,6,853,151,103,236,1,1,1
561,7,1141,5,59,100,1,1,1
562,1,491,437,203,470,1,1,1
562,2,834,385,208,499,1,1,1
562,3,1149,86,72,224,1,1,1
562,5,1481,61,100,213,1,1,1
562,6,849,152,95,236,1,1,1
562,7,1146,8,56,95,1,1,1
563,1,490,447,203,453,1,1,1
563,2,837,385,208,499,1,1,1
563,3,1150,87,72,224,1,1,1
563,5,1480,63,100,213,1,1,1
563,6,827,153,123,236,1,1,1
563,7,1148,7,56,95,1,1,1
564,1,488,432,213,453,1,1,1
564,2,842,382,198,475,1,1,1
564,3,1149,86,72,224,1,1,1
564,5,1478,62,100,213,1,1,1
564,6,835,153,112,236,1,1,1
564,7,1141,-4,73,118,1,1,1
565,1,491,447,213,453,1,1,1
565,2,843,378,198,475,1,1,1
565,3,1152,86,72,224,1,1,1
565,5,1478,62,100,213,1,1,1
565,6,832,153,116,236,1,1,1
565,7,1146,-1,73,118,1,1,1
566,1,490,429,213,453,1,1,1
566,2,851,375,188,452,1,1,1
566,3,1150,81,76,235,1,1,1
566,5,1476,62,100,213,1,1,1
566,6,828,154,129,236,1,1,1
566,7,1148,0,73,118,1,1,1
567,1,490,439,213,453,1,1,1
567,2,850,369,188,452,1,1,1
567,3,1151,82,76,235,1,1,1
567,5,1476,58,100,213,1,1,1
567,6,822,155,113,236,1,1,1
567,7,1149,0,73,118,1,1,1
568,1,492,431,213,453,1,1,1
568,2,852,365,188,452,1,1,1
568,3,1155,81,76,235,1,1,1
568,5,1474,58,100,213,1,1,1
568,6,817,154,119,236,1,1,1
568,7,1151,0,73,118,1,1,1
569,1,493,425,213,453,1,1,1
569,2,852,362,188,452,1,1,1
569,3,1143,78,89,235,1,1,1
569,5,1475,65,95,203,1,1,1
569,6,814,154,116,236,1,1,1
569,7,1156,0,73,118,1,1,1
570,1,496,414,213,453,1,1,1
570,2,850,359,188,452,1,1,1
570,3,1140,74,89,235,1,1,1
570,5,1475,62,95,203,1,1,1
570,6,811,159,119,225,1,1,1
570,7,1158,0,73,118,1,1,1
571,1,500,410,213,453,1,1,1
571,2,850,360,188,477,1,1,1
571,3,1142,72,89,235,1,1,1
571,5,1472,63,95,203,1,1,1
571,6,803,153,129,236,1,1,1
571,7,1160,0,73,118,1,1,1
572,1,502,405,213,453,1,1,1
572,2,852,340,188,477,1,1,1
572,3,1143,69,89,235,1,1,1
572,5,1471,62,95,203,1,1,1
572,6,800,152,109,236,1,1,1
572,7,1161,1,73,118,1,1,1
573,1,504,400,213,453,1,1,1
573,2,851,337,188,477,1,1,1
573,3,1142,67,89,235,1,1,1
573,5,1470,62,95,203,1,1,1
573,6,796,152,100,236,1,1,1
573,7,1162,0,73,118,1,1,1
574,1,506,395,213,453,1,1,1
574,2,849,334,188,489,1,1,1
574,3,1147,70,89,235,1,1,1
574,5,1468,64,95,203,1,1,1
574,6,790,152,106,236,1,1,1
574,7,1164,2,73,118,1,1,1
575,1,521,408,187,432,1,1,1
575,2,847,327,188,489,1,1,1
575,3,1147,69,89,235,1,1,1
575,5,1468,63,95,203,1,1,1
575,6,788,154,101,236,1,1,1
575,7,1165,1,73,118,1,1,1
576,1,524,398,187,432,1,1,1
576,2,848,350,188,489,1,1,1
576,3,1147,67,89,235,1,1,1
576,5,1467,60,95,203,1,1,1
576,6,782,153,102,253,1,1,1
576,7,1166,1,73,118,1,1,1
577,1,526,393,187,432,1,1,1
577,2,843,326,188,489,1,1,1
577,3,1149,66,89,235,1,1,1
577,5,1465,62,95,203,1,1,1
577,6,776,154,106,253,1,1,1
577,7,1171,1,73,118,1,1,1
578,1,527,391,187,432,1,1,1
578,2,847,330,179,466,1,1,1
578,3,1153,66,89,235,1,1,1
578,5,1464,64,95,203,1,1,1
578,6,774,156,112,253,1,1,1
578,7,1173,1,73,118,1,1,1
579,1,528,386,187,432,1,1,1
579,2,844,327,179,466,1,1,1
579,3,1153,62,89,235,1,1,1
579,5,1464,76,95,190,1,1,1
579,6,773,158,108,253,1,1,1
579,7,1175,2,73,118,1,1,1
580,1,528,384,187,432,1,1,1
580,2,843,326,179,466,1,1,1
580,3,1158,68,89,235,1,1,1
580,5,1464,77,95,190,1,1,1
580,6,768,160,103,253,1,1,1
580,7,1175,1,73,118,1,1,1
581,1,531,379,187,432,1,1,1
581,2,842,325,179,466,1,1,1
581,3,1161,71,89,235,1,1,1
581,5,1464,76,95,190,1,1,1
581,6,768,168,103,241,1,1,1
581,7,1177,1,73,118,1,1,1
582,1,530,376,187,432,1,1,1
582,2,840,324,179,466,1,1,1
582,3,1168,67,89,235,1,1,1
582,5,1464,76,95,190,1,1,1
582,6,747,169,120,241,1,1,1
582,7,1181,5,70,112,1,1,1
583,1,532,374,187,432,1,1,1
583,2,839,324,179,466,1,1,1
583,3,1170,66,89,235,1,1,1
583,5,1465,76,95,190,1,1,1
583,6,739,170,130,254,1,1,1
583,7,1182,4,70,112,1,1,1
584,1,532,370,187,432,1,1,1
584,2,838,320,179,466,1,1,1
584,3,1171,66,89,235,1,1,1
584,5,1465,76,95,190,1,1,1
584,6,741,168,120,254,1,1,1
584,7,1183,2,70,112,1,1,1
585,1,536,372,178,411,1,1,1
585,2,837,318,179,466,1,1,1
585,3,1178,61,78,236,1,1,1
585,5,1464,76,95,190,1,1,1
585,6,737,167,117,254,1,1,1
585,7,1184,3,70,112,1,1,1
586,1,535,373,178,427,1,1,1
586,2,837,312,179,466,1,1,1
586,3,1184,48,78,236,1,1,1
586,5,1466,77,95,190,1,1,1
586,6,733,168,114,254,1,1,1
586,7,1187,3,70,124,1,1,1
587,1,535,369,178,427,1,1,1
587,2,836,315,179,466,1,1,1
587,3,1186,68,79,221,1,1,1
587,5,1466,75,95,190,1,1,1
587,6,730,169,113,254,1,1,1
587,7,1189,3,70,124,1,1,1
588,1,536,364,178,427,1,1,1
588,2,839,308,171,444,1,1,1
588,3,1190,70,79,221,1,1,1
588,5,1467,76,95,190,1,1,1
588,6,724,168,111,254,1,1,1
588,7,1191,3,70,124,1,1,1
589,1,534,360,178,427,1,1,1
589,2,843,313,162,441,1,1,1
589,3,1192,75,79,221,1,1,1
589,5,1469,74,95,190,1,1,1
589,6,726,169,111,254,1,1,1
589,7,1193,4,70,124,1,1,1
590,1,533,372,178,412,1,1,1
590,2,843,304,162,441,1,1,1
590,3,1195,76,79,221,1,1,1
590,5,1468,75,95,190,1,1,1
590,6,722,170,111,254,1,1,1
590,7,1194,-2,72,130,1,1,1
591,1,532,361,178,412,1,1,1
591,2,844,300,162,441,1,1,1
591,3,1198,77,79,221,1,1,1
591,5,1469,77,95,190,1,1,1
591,6,719,171,111,254,1,1,1
591,7,1195,-1,72,130,1,1,1
592,1,532,358,178,412,1,1,1
592,2,845,298,162,458,1,1,1
592,3,1200,76,79,221,1,1,1
592,5,1471,77,95,190,1,1,1
592,6,716,172,111,254,1,1,1
592,7,1198,0,72,130,1,1,1
593,1,531,356,178,412,1,1,1
593,2,846,290,162,458,1,1,1
593,3,1201,75,79,221,1,1,1
593,5,1471,77,95,190,1,1,1
593,6,712,174,111,254,1,1,1
593,7,1199,0,72,130,1,1,1
594,1,535,364,170,392,1,1,1
594,2,851,294,154,436,1,1,1
594,3,1204,76,79,221,1,1,1
594,5,1472,76,95,190,1,1,1
594,6,707,176,111,254,1,1,1
594,7,1203,0,72,130,1,1,1
595,1,535,358,170,392,1,1,1
595,2,852,291,154,436,1,1,1
595,3,1206,76,71,221,1,1,1
595,5,1471,77,95,190,1,1,1
595,6,705,177,111,254,1,1,1
595,7,1205,0,72,130,1,1,1
596,1,534,356,170,392,1,1,1
596,2,853,286,154,436,1,1,1
596,3,1209,73,71,221,1,1,1
596,5,1472,75,95,190,1,1,1
596,6,700,180,111,254,1,1,1
596,7,1208,0,72,130,1,1,1
597,1,535,358,170,392,1,1,1
597,2,854,286,154,436,1,1,1
597,3,1205,72,79,221,1,1,1
597,5,1473,77,95,190,1,1,1
597,6,695,181,111,254,1,1,1
597,7,1210,-1,72,130,1,1,1
598,1,537,356,170,392,1,1,1
598,2,860,287,147,415,1,1,1
598,3,1206,72,84,223,1,1,1
598,5,1472,78,95,190,1,1,1
598,6,691,181,111,254,1,1,1
598,7,1213,-1,72,130,1,1,1
599,1,538,351,170,400,1,1,1
599,2,860,284,147,415,1,1,1
599,3,1208,71,87,224,1,1,1
599,5,1474,76,95,190,1,1,1
599,6,686,182,111,254,1,1,1
599,7,1215,-1,72,130,1,1,1
600,1,537,349,179,400,1,1,1
600,2,860,278,147,415,1,1,1
600,3,1211,72,72,224,1,1,1
600,5,1473,77,95,190,1,1,1
600,6,678,176,117,267,1,1,1
600,7,1219,-1,72,130,1,1,1
601,1,535,349,186,400,1,1,1
601,2,861,274,147,415,1,1,1
601,3,1218,70,72,224,1,1,1
601,5,1473,78,95,190,1,1,1
601,6,671,178,117,267,1,1,1
601,7,1221,-1,72,130,1,1,1
602,1,533,349,186,400,1,1,1
602,2,861,273,147,415,1,1,1
602,3,1220,71,66,224,1,1,1
602,5,1472,77,95,190,1,1,1
602,6,668,186,121,254,1,1,1
602,7,1222,0,72,130,1,1,1
603,1,534,348,186,400,1,1,1
603,2,864,277,156,415,1,1,1
603,3,1218,69,71,224,1,1,1
603,5,1472,78,95,190,1,1,1
603,6,660,191,121,254,1,1,1
603,7,1231,0,66,130,1,1,1
604,1,537,348,186,400,1,1,1
604,2,856,271,156,415,1,1,1
604,3,1221,67,71,224,1,1,1
604,5,1471,78,95,190,1,1,1
604,6,654,184,127,267,1,1,1
604,7,1236,0,66,130,1,1,1
605,1,538,347,186,400,1,1,1
605,2,859,273,151,421,1,1,1
605,3,1220,62,75,235,1,1,1
605,5,1470,79,95,190,1,1,1
605,6,648,184,127,267,1,1,1
605,7,1239,0,66,130,1,1,1
606,1,540,344,186,400,1,1,1
606,2,857,269,151,421,1,1,1
606,3,1223,65,71,224,1,1,1
606,5,1471,79,95,190,1,1,1
606,6,644,185,127,267,1,1,1
606,7,1240,0,66,130,1,1,1
607,1,548,349,177,381,1,1,1
607,2,856,267,151,421,1,1,1
607,3,1222,64,71,224,1,1,1
607,5,1470,81,95,190,1,1,1
607,6,638,186,127,267,1,1,1
607,7,1242,0,66,130,1,1,1
608,1,552,344,177,381,1,1,1
608,2,853,288,151,399,1,1,1
608,3,1223,64,71,224,1,1,1
608,5,1468,80,95,190,1,1,1
608,6,633,188,127,267,1,1,1
608,7,1243,1,66,130,1,1,1
609,1,556,332,177,389,1,1,1
609,2,852,265,151,421,1,1,1
609,3,1223,65,71,224,1,1,1
609,5,1468,80,95,190,1,1,1
609,6,628,197,121,270,1,1,1
609,7,1245,1,66,130,1,1,1
610,1,557,325,177,389,1,1,1
610,2,850,284,147,399,1,1,1
610,3,1224,64,71,224,1,1,1
610,5,1467,81,95,190,1,1,1
610,6,622,200,121,270,1,1,1
610,7,1248,1,66,130,1,1,1
611,1,560,327,177,389,1,1,1
611,2,846,260,151,421,1,1,1
611,3,1223,63,71,224,1,1,1
611,5,1466,81,95,190,1,1,1
611,6,600,187,136,276,1,1,1
611,7,1242,0,74,143,1,1,1
612,1,562,325,177,389,1,1,1
612,2,844,255,151,421,1,1,1
612,3,1222,59,75,235,1,1,1
612,5,1465,82,95,190,1,1,1
612,6,599,196,136,276,1,1,1
612,7,1246,0,74,143,1,1,1
613,1,563,318,165,387,1,1,1
613,2,842,249,151,421,1,1,1
613,3,1223,59,75,235,1,1,1
613,5,1465,81,95,190,1,1,1
613,6,596,205,136,276,1,1,1
613,7,1248,0,74,143,1,1,1
614,1,570,306,165,387,1,1,1
614,2,838,244,151,421,1,1,1
614,3,1224,60,75,235,1,1,1
614,5,1464,82,95,190,1,1,1
614,6,593,203,136,279,1,1,1
614,7,1252,0,74,143,1,1,1
615,1,571,307,165,387,1,1,1
615,2,837,242,151,421,1,1,1
615,3,1227,56,71,224,1,1,1
615,5,1465,82,95,190,1,1,1
615,6,589,206,141,262,1,1,1
615,7,1254,0,67,143,1,1,1
616,1,572,305,165,387,1,1,1
616,2,834,239,151,421,1,1,1
616,3,1228,56,71,224,1,1,1
616,5,1465,82,95,190,1,1,1
616,6,586,220,141,262,1,1,1
616,7,1257,0,67,143,1,1,1
617,1,576,307,157,369,1,1,1
617,2,832,239,151,421,1,1,1
617,3,1229,56,71,224,1,1,1
617,5,1465,82,95,190,1,1,1
617,6,580,199,141,262,1,1,1
617,7,1262,0,67,143,1,1,1
618,1,581,315,157,369,1,1,1
618,2,830,237,151,421,1,1,1
618,3,1229,56,71,224,1,1,1
618,5,1466,82,95,190,1,1,1
618,6,568,209,141,262,1,1,1
618,7,1265,0,67,143,1,1,1
619,1,578,314,157,369,1,1,1
619,2,829,235,151,421,1,1,1
619,3,1231,57,71,224,1,1,1
619,5,1467,82,95,190,1,1,1
619,6,565,213,141,262,1,1,1
619,7,1267,0,67,143,1,1,1
620,1,580,313,157,369,1,1,1
620,2,832,240,144,401,1,1,1
620,3,1234,56,71,224,1,1,1
620,5,1468,81,95,190,1,1,1
620,6,566,206,141,262,1,1,1
620,7,1271,0,67,143,1,1,1
621,1,578,311,157,373,1,1,1
621,2,831,241,144,401,1,1,1
621,3,1233,51,75,235,1,1,1
621,5,1468,83,95,190,1,1,1
621,6,560,209,132,262,1,1,1
621,7,1272,1,67,143,1,1,1
622,1,575,311,157,373,1,1,1
622,2,831,239,144,401,1,1,1
622,3,1236,51,75,235,1,1,1
622,5,1469,82,95,190,1,1,1
622,6,552,210,132,262,1,1,1
622,7,1276,1,67,143,1,1,1
623,1,575,302,161,379,1,1,1
623,2,819,241,148,412,1,1,1
623,3,1237,53,75,235,1,1,1
623,5,1468,79,100,199,1,1,1
623,6,556,206,132,262,1,1,1
623,7,1279,3,67,143,1,1,1
624,1,575,307,166,379,1,1,1
624,2,826,235,148,412,1,1,1
624,3,1237,60,78,247,1,1,1
624,5,1468,78,100,199,1,1,1
624,6,550,208,132,262,1,1,1
624,7,1281,2,67,143,1,1,1
625,1,569,298,166,379,1,1,1
625,2,825,232,148,412,1,1,1
625,3,1241,60,78,247,1,1,1
625,5,1470,78,100,199,1,1,1
625,6,543,211,132,273,1,1,1
625,7,1283,3,67,143,1,1,1
626,1,568,298,166,379,1,1,1
626,2,827,232,148,412,1,1,1
626,3,1243,63,78,247,1,1,1
626,5,1470,78,100,199,1,1,1
626,6,537,214,132,273,1,1,1
626,7,1283,-1,70,150,1,1,1
627,1,564,293,166,379,1,1,1
627,2,828,231,148,412,1,1,1
627,3,1246,64,78,247,1,1,1
627,5,1472,78,100,199,1,1,1
627,6,531,219,132,273,1,1,1
627,7,1285,0,70,150,1,1,1
628,1,577,291,153,379,1,1,1
628,2,829,230,148,412,1,1,1
628,3,1248,65,78,247,1,1,1
628,5,1472,79,100,199,1,1,1
628,6,533,218,138,280,1,1,1
628,7,1287,-1,70,150,1,1,1
629,1,576,289,153,379,1,1,1
629,2,829,225,148,412,1,1,1
629,3,1251,64,78,247,1,1,1
629,5,1474,79,100,199,1,1,1
629,6,526,219,138,280,1,1,1
629,7,1290,0,70,150,1,1,1
630,1,578,289,153,379,1,1,1
630,2,832,224,148,412,1,1,1
630,3,1253,64,78,247,1,1,1
630,5,1474,80,100,199,1,1,1
630,6,519,220,138,280,1,1,1
630,7,1294,-1,70,150,1,1,1
631,1,582,285,150,355,1,1,1
631,2,833,222,148,412,1,1,1
631,3,1255,62,78,247,1,1,1
631,5,1474,80,100,199,1,1,1
631,6,515,229,138,280,1,1,1
631,7,1295,0,70,150,1,1,1
632,1,582,285,150,355,1,1,1
632,2,834,222,148,412,1,1,1
632,3,1255,63,78,247,1,1,1
632,5,1475,80,100,199,1,1,1
632,6,520,232,138,280,1,1,1
632,7,1298,-1,70,150,1,1,1
633,1,583,281,150,355,1,1,1
633,2,835,222,148,412,1,1,1
633,3,1256,63,78,247,1,1,1
633,5,1475,79,100,199,1,1,1
633,6,520,234,138,280,1,1,1
633,7,1301,0,70,150,1,1,1
634,1,583,278,150,355,1,1,1
634,2,836,221,148,412,1,1,1
634,3,1257,62,89,213,1,1,1
634,5,1474,80,100,199,1,1,1
634,6,517,235,138,280,1,1,1
634,7,1304,0,70,150,1,1,1
635,1,583,279,150,355,1,1,1
635,2,838,220,148,412,1,1,1
635,3,1261,63,89,213,1,1,1
635,5,1473,79,100,199,1,1,1
635,6,511,236,138,280,1,1,1
635,7,1307,-1,70,150,1,1,1
636,1,584,279,150,355,1,1,1
636,2,838,218,148,412,1,1,1
636,3,1262,64,89,213,1,1,1
636,5,1472,80,100,199,1,1,1
636,6,507,237,138,280,1,1,1
636,7,1309,-1,70,150,1,1,1
637,1,596,272,146,353,1,1,1
637,2,839,212,148,412,1,1,1
637,3,1262,63,89,213,1,1,1
637,5,1472,78,100,199,1,1,1
637,6,498,238,138,280,1,1,1
637,7,1313,-1,70,150,1,1,1
638,1,593,273,146,353,1,1,1
638,2,839,210,148,412,1,1,1
638,3,1264,65,89,213,1,1,1
638,5,1472,78,100,199,1,1,1
638,6,491,238,138,280,1,1,1
638,7,1317,0,70,150,1,1,1
639,1,593,271,146,353,1,1,1
639,2,839,208,148,412,1,1,1
639,3,1265,65,89,213,1,1,1
639,5,1470,78,100,199,1,1,1
639,6,486,239,138,280,1,1,1
639,7,1319,-1,70,163,1,1,1
640,1,597,270,146,353,1,1,1
640,2,839,209,148,412,1,1,1
640,3,1264,64,89,213,1,1,1
640,5,1469,79,100,199,1,1,1
640,6,481,239,138,280,1,1,1
640,7,1325,-1,70,163,1,1,1
641,1,598,270,146,353,1,1,1
641,2,839,209,148,412,1,1,1
641,3,1265,64,89,213,1,1,1
641,5,1467,79,100,199,1,1,1
641,6,477,241,138,280,1,1,1
641,7,1324,-1,73,164,1,1,1
642,1,600,265,146,353,1,1,1
642,2,839,209,148,412,1,1,1
642,3,1267,64,89,213,1,1,1
642,5,1466,80,100,199,1,1,1
642,6,475,242,126,280,1,1,1
642,7,1329,-1,73,164,1,1,1
643,1,601,264,146,353,1,1,1
643,2,837,208,148,412,1,1,1
643,3,1268,64,89,213,1,1,1
643,5,1465,81,100,199,1,1,1
643,6,470,245,126,304,1,1,1
643,7,1331,-1,73,164,1,1,1
644,1,604,258,146,353,1,1,1
644,2,836,208,148,412,1,1,1
644,3,1267,65,89,213,1,1,1
644,5,1462,81,100,199,1,1,1
644,6,455,238,136,304,1,1,1
644,7,1333,-1,73,164,1,1,1
645,1,607,260,146,353,1,1,1
645,2,836,206,148,412,1,1,1
645,3,1269,61,89,213,1,1,1
645,5,1462,82,100,199,1,1,1
645,6,455,241,136,304,1,1,1
645,7,1336,-1,73,164,1,1,1
646,1,608,260,146,353,1,1,1
646,2,838,209,141,392,1,1,1
646,3,1268,61,89,213,1,1,1
646,5,1460,83,100,199,1,1,1
646,6,453,243,136,317,1,1,1
646,7,1336,0,73,164,1,1,1
647,1,609,259,146,342,1,1,1
647,2,835,207,141,392,1,1,1
647,3,1268,65,89,213,1,1,1
647,5,1458,82,100,199,1,1,1
647,6,431,242,157,317,1,1,1
647,7,1339,0,73,164,1,1,1
648,1,610,252,146,342,1,1,1
648,2,834,207,141,392,1,1,1
648,3,1270,64,89,213,1,1,1
648,5,1457,85,100,199,1,1,1
648,6,435,241,157,317,1,1,1
648,7,1339,-1,77,172,1,1,1
649,1,611,254,146,342,1,1,1
649,2,833,207,141,392,1,1,1
649,3,1268,59,93,224,1,1,1
649,5,1456,85,100,199,1,1,1
649,6,434,243,157,317,1,1,1
649,7,1345,1,73,164,1,1,1
650,1,613,252,146,342,1,1,1
650,2,830,207,141,392,1,1,1
650,3,1268,60,93,224,1,1,1
650,5,1455,85,100,199,1,1,1
650,6,432,246,157,317,1,1,1
650,7,1351,2,73,164,1,1,1
651,1,612,252,146,342,1,1,1
651,2,829,197,141,392,1,1,1
651,3,1268,60,93,224,1,1,1
651,5,1455,86,100,199,1,1,1
651,6,428,247,157,317,1,1,1
651,7,1349,6,78,157,1,1,1
651,8,1051,-55,62,133,1,1,1
652,1,614,253,146,342,1,1,1
652,2,829,197,141,392,1,1,1
652,3,1268,58,93,224,1,1,1
652,5,1455,86,100,199,1,1,1
652,6,426,249,157,317,1,1,1
652,7,1349,5,85,159,1,1,1
652,8,1051,-55,62,133,1,1,1
653,1,615,250,146,342,1,1,1
653,2,828,197,141,392,1,1,1
653,3,1269,57,93,224,1,1,1
653,5,1455,87,100,199,1,1,1
653,6,425,252,157,317,1,1,1
653,7,1355,4,85,159,1,1,1
653,8,1051,-54,62,133,1,1,1
654,1,615,241,146,342,1,1,1
654,2,829,198,141,392,1,1,1
654,4,1379,915,145,165,1,1,1
654,3,1271,57,93,224,1,1,1
654,5,1456,86,100,199,1,1,1
654,6,422,253,157,317,1,1,1
654,7,1357,5,85,159,1,1,1
654,8,1052,-53,62,133,1,1,1
655,1,614,242,146,342,1,1,1
655,2,828,197,141,392,1,1,1
655,4,1355,907,173,175,1,1,1
655,3,1272,56,93,224,1,1,1
655,5,1457,86,100,199,1,1,1
655,6,422,255,157,317,1,1,1
655,7,1359,5,85,159,1,1,1
655,8,1054,-53,62,133,1,1,1
656,1,614,242,146,342,1,1,1
656,2,829,196,141,392,1,1,1
656,4,1324,905,208,180,1,1,1
656,3,1271,56,93,224,1,1,1
656,5,1459,84,100,199,1,1,1
656,6,422,266,150,302,1,1,1
656,7,1374,5,73,159,1,1,1
656,8,1056,-48,59,127,1,1,1
657,1,613,242,146,342,1,1,1
657,2,831,196,134,374,1,1,1
657,4,1325,889,208,193,1,1,1
657,3,1273,56,93,224,1,1,1
657,5,1460,84,100,199,1,1,1
657,6,419,266,150,302,1,1,1
657,7,1380,0,73,159,1,1,1
657,8,1057,-47,59,127,1,1,1
658,1,617,248,143,341,1,1,1
658,2,832,196,134,374,1,1,1
658,4,1323,861,205,215,1,1,1
658,3,1273,56,93,224,1,1,1
658,5,1462,82,100,199,1,1,1
658,6,415,269,150,302,1,1,1
658,7,1384,0,73,172,1,1,1
658,8,1057,-47,59,127,1,1,1
659,1,616,244,143,341,1,1,1
659,2,832,194,134,374,1,1,1
659,4,1327,846,205,232,1,1,1
659,3,1275,57,93,224,1,1,1
659,5,1464,83,100,199,1,1,1
659,6,414,269,150,302,1,1,1
659,7,1388,0,73,171,1,1,1
659,8,1060,-47,59,127,1,1,1
660,1,615,244,143,341,1,1,1
660,2,833,194,134,374,1,1,1
660,4,1327,841,205,240,1,1,1
660,3,1277,57,93,224,1,1,1
660,5,1464,79,100,199,1,1,1
660,6,410,271,150,302,1,1,1
660,7,1390,2,73,171,1,1,1
660,8,1060,-48,59,127,1,1,1
661,1,613,242,143,341,1,1,1
661,2,838,195,128,356,1,1,1
661,4,1341,828,157,248,1,1,1
661,3,1277,58,93,224,1,1,1
661,5,1466,79,100,199,1,1,1
661,6,407,275,150,302,1,1,1
661,7,1395,3,73,171,1,1,1
661,8,1060,-53,62,133,1,1,1
662,1,613,241,143,341,1,1,1
662,2,831,193,135,385,1,1,1
662,4,1335,818,165,260,1,1,1
662,3,1279,61,93,224,1,1,1
662,5,1469,80,100,199,1,1,1
662,6,400,269,157,317,1,1,1
662,7,1397,0,73,171,1,1,1
662,8,1062,-53,62,133,1,1,1
663,1,612,235,143,341,1,1,1
663,2,836,189,135,385,1,1,1
663,4,1332,818,165,260,1,1,1
663,3,1282,62,93,224,1,1,1
663,5,1470,79,100,199,1,1,1
663,6,397,271,157,317,1,1,1
663,7,1402,2,73,171,1,1,1
663,8,1062,-55,62,133,1,1,1
664,1,614,244,136,325,1,1,1
664,2,840,191,129,367,1,1,1
664,4,1314,818,183,260,1,1,1
664,3,1282,51,93,224,1,1,1
664,5,1472,80,100,199,1,1,1
664,6,390,265,165,333,1,1,1
664,7,1393,-1,89,180,1,1,1
664,8,1064,-51,59,127,1,1,1
665,1,614,244,136,325,1,1,1
665,2,842,186,129,367,1,1,1
665,4,1296,809,183,274,1,1,1
665,3,1284,54,93,224,1,1,1
665,5,1473,80,100,199,1,1,1
665,6,385,264,165,333,1,1,1
665,7,1398,6,89,180,1,1,1
665,8,1063,-55,62,133,1,1,1
666,1,612,241,136,325,1,1,1
666,2,843,185,129,367,1,1,1
666,4,1283,806,207,274,1,1,1
666,3,1286,56,93,224,1,1,1
666,5,1474,82,100,199,1,1,1
666,6,377,276,158,337,1,1,1
666,7,1401,16,89,180,1,1,1
666,8,1064,-59,65,140,1,1,1
667,1,612,241,136,325,1,1,1
667,2,845,185,129,367,1,1,1
667,4,1273,794,226,289,1,1,1
667,3,1286,58,93,224,1,1,1
667,5,1476,83,100,199,1,1,1
667,6,374,279,158,337,1,1,1
667,7,1405,16,90,163,1,1,1
667,8,1063,-62,68,147,1,1,1
668,1,612,241,136,325,1,1,1
668,2,845,186,129,367,1,1,1
668,4,1278,790,190,289,1,1,1
668,3,1289,55,93,224,1,1,1
668,5,1478,83,100,199,1,1,1
668,6,370,284,158,337,1,1,1
668,7,1410,24,90,163,1,1,1
668,8,1065,-65,72,154,1,1,1
669,1,610,242,136,325,1,1,1
669,2,846,186,129,367,1,1,1
669,4,1290,775,190,302,1,1,1
669,3,1291,56,93,224,1,1,1
669,5,1480,84,100,199,1,1,1
669,6,366,287,158,337,1,1,1
669,7,1414,26,90,163,1,1,1
669,8,1066,-65,72,154,1,1,1
670,1,610,238,136,325,1,1,1
670,2,847,186,129,367,1,1,1
670,4,1301,754,181,320,1,1,1
670,3,1292,55,93,224,1,1,1
670,5,1481,85,100,199,1,1,1
670,6,362,289,158,337,1,1,1
670,7,1417,15,90,163,1,1,1
670,8,1068,-65,72,154,1,1,1
671,1,611,241,136,325,1,1,1
671,2,847,188,129,367,1,1,1
671,4,1291,747,181,320,1,1,1
671,3,1293,55,93,224,1,1,1
671,5,1483,87,100,199,1,1,1
671,6,345,293,171,337,1,1,1
671,7,1436,19,78,163,1,1,1
671,8,1077,-59,62,147,1,1,1
672,1,610,241,136,325,1,1,1
672,2,848,188,129,367,1,1,1
672,4,1290,752,181,333,1,1,1
672,3,1295,56,93,224,1,1,1
672,5,1484,87,100,199,1,1,1
672,6,343,295,171,337,1,1,1
672,7,1439,21,78,163,1,1,1
672,8,1078,-59,62,147,1,1,1
673,1,610,243,136,325,1,1,1
673,2,849,189,129,367,1,1,1
673,4,1293,753,172,323,1,1,1
673,3,1299,57,93,224,1,1,1
673,5,1486,92,100,199,1,1,1
673,6,338,296,171,337,1,1,1
673,7,1443,15,78,163,1,1,1
673,8,1079,-58,62,147,1,1,1
674,1,610,244,136,325,1,1,1
674,2,850,190,129,367,1,1,1
674,4,1298,757,172,323,1,1,1
674,3,1300,53,93,224,1,1,1
674,5,1489,91,100,199,1,1,1
674,6,336,299,171,337,1,1,1
674,7,1445,15,78,163,1,1,1
674,8,1081,-58,62,147,1,1,1
675,1,612,246,136,325,1,1,1
675,2,850,191,129,367,1,1,1
675,4,1294,739,172,323,1,1,1
675,3,1302,53,93,224,1,1,1
675,5,1490,93,100,199,1,1,1
675,6,332,302,171,337,1,1,1
675,7,1448,15,78,163,1,1,1
675,8,1081,-61,65,154,1,1,1
676,1,612,248,136,325,1,1,1
676,2,849,185,129,367,1,1,1
676,4,1295,738,172,323,1,1,1
676,3,1302,53,93,224,1,1,1
676,5,1490,94,100,199,1,1,1
676,6,326,303,171,337,1,1,1
676,7,1450,9,80,176,1,1,1
676,8,1084,-56,62,147,1,1,1
677,1,613,248,136,325,1,1,1
677,2,847,186,135,385,1,1,1
677,4,1297,718,157,346,1,1,1
677,3,1302,52,98,235,1,1,1
677,5,1492,96,100,199,1,1,1
677,6,322,307,171,337,1,1,1
677,7,1451,15,96,176,1,1,1
677,8,1085,-56,62,147,1,1,1
678,1,614,249,136,325,1,1,1
678,2,845,185,135,385,1,1,1
678,4,1299,713,157,346,1,1,1
678,3,1303,53,98,235,1,1,1
678,5,1493,98,100,199,1,1,1
678,6,317,311,171,337,1,1,1
678,7,1451,14,96,176,1,1,1
678,8,1087,-54,62,147,1,1,1
679,1,615,248,136,325,1,1,1
679,2,844,186,135,385,1,1,1
679,4,1299,709,157,346,1,1,1
679,3,1304,53,98,235,1,1,1
679,5,1493,100,100,199,1,1,1
679,6,312,314,163,337,1,1,1
679,7,1455,8,96,176,1,1,1
679,8,1087,-54,62,147,1,1,1
680,1,615,245,136,325,1,1,1
680,2,843,189,135,385,1,1,1
680,4,1295,703,157,346,1,1,1
680,3,1306,54,98,235,1,1,1
680,5,1494,101,100,199,1,1,1
680,6,303,310,159,354,1,1,1
680,7,1457,21,107,164,1,1,1
680,8,1089,-53,62,147,1,1,1
681,1,616,245,136,325,1,1,1
681,2,843,184,135,385,1,1,1
681,4,1293,701,157,346,1,1,1
681,3,1307,54,98,235,1,1,1
681,5,1495,105,100,199,1,1,1
681,6,298,313,180,354,1,1,1
681,7,1465,15,107,164,1,1,1
681,8,1090,-53,62,147,1,1,1
682,1,618,246,136,325,1,1,1
682,2,842,184,135,385,1,1,1
682,4,1292,702,157,346,1,1,1
682,3,1309,51,98,235,1,1,1
682,5,1496,97,100,208,1,1,1
682,6,297,326,171,337,1,1,1
682,7,1468,15,107,164,1,1,1
682,8,1091,-52,62,147,1,1,1
683,1,618,246,136,325,1,1,1
683,2,841,185,135,385,1,1,1
683,4,1290,698,157,346,1,1,1
683,3,1312,53,98,235,1,1,1
683,5,1498,98,100,208,1,1,1
683,6,292,329,171,337,1,1,1
683,7,1477,22,107,164,1,1,1
683,8,1094,-50,62,147,1,1,1
684,1,617,239,143,341,1,1,1
684,2,841,190,129,367,1,1,1
684,4,1289,697,157,346,1,1,1
684,3,1314,52,98,235,1,1,1
684,5,1499,101,100,208,1,1,1
684,6,285,336,171,337,1,1,1
684,7,1481,25,107,164,1,1,1
684,8,1096,-49,69,147,1,1,1
685,1,622,240,126,328,1,1,1
685,2,844,195,122,349,1,1,1
685,4,1282,687,165,363,1,1,1
685,3,1317,52,98,235,1,1,1
685,5,1501,103,100,208,1,1,1
685,6,280,340,171,337,1,1,1
685,7,1483,24,107,164,1,1,1
685,8,1096,-49,69,147,1,1,1
686,1,627,238,126,328,1,1,1
686,2,844,197,122,349,1,1,1
686,4,1278,681,148,366,1,1,1
686,3,1316,52,98,235,1,1,1
686,5,1503,104,100,208,1,1,1
686,6,276,344,171,337,1,1,1
686,7,1486,18,107,164,1,1,1
686,8,1097,-48,69,147,1,1,1
687,1,630,247,122,329,1,1,1
687,2,842,195,122,349,1,1,1
687,4,1286,683,148,366,1,1,1
687,3,1317,54,98,235,1,1,1
687,5,1504,105,100,208,1,1,1
687,6,268,336,180,354,1,1,1
687,7,1516,27,79,164,1,1,1
687,8,1099,-47,69,147,1,1,1
688,1,629,242,122,329,1,1,1
688,2,842,194,122,349,1,1,1
688,4,1285,678,148,366,1,1,1
688,3,1321,54,98,235,1,1,1
688,5,1505,108,100,208,1,1,1
688,6,265,342,180,354,1,1,1
688,7,1525,30,72,164,1,1,1
688,8,1099,-45,69,147,1,1,1
689,1,628,243,122,329,1,1,1
689,2,843,195,122,349,1,1,1
689,4,1283,681,133,354,1,1,1
689,3,1324,52,98,235,1,1,1
689,5,1508,103,100,213,1,1,1
689,6,260,348,180,354,1,1,1
689,7,1536,32,72,164,1,1,1
689,8,1101,-44,69,147,1,1,1
690,1,628,244,122,329,1,1,1
690,2,838,192,129,367,1,1,1
690,4,1271,671,133,354,1,1,1
690,3,1323,53,98,235,1,1,1
690,5,1508,107,100,213,1,1,1
690,6,256,352,180,354,1,1,1
690,7,1544,30,72,164,1,1,1
690,8,1103,-44,69,147,1,1,1
691,1,626,243,131,344,1,1,1
691,2,829,194,140,367,1,1,1
691,4,1265,683,148,337,1,1,1
691,3,1336,51,86,235,1,1,1
691,5,1509,109,100,213,1,1,1
691,6,249,345,189,372,1,1,1
691,7,1547,33,72,164,1,1,1
691,8,1103,-44,69,147,1,1,1
692,1,622,238,138,349,1,1,1
692,2,834,193,140,367,1,1,1
692,4,1261,676,146,354,1,1,1
692,3,1343,53,86,235,1,1,1
692,5,1510,111,100,213,1,1,1
692,6,245,349,189,372,1,1,1
692,7,1552,32,72,164,1,1,1
692,8,1105,-44,69,147,1,1,1
693,1,619,235,138,349,1,1,1
693,2,834,193,140,367,1,1,1
693,4,1269,681,146,354,1,1,1
693,3,1336,54,96,235,1,1,1
693,5,1512,112,100,213,1,1,1
693,6,241,353,189,372,1,1,1
693,7,1556,35,72,164,1,1,1
693,8,1105,-44,69,147,1,1,1
694,1,617,246,138,349,1,1,1
694,2,837,198,133,375,1,1,1
694,4,1271,683,146,354,1,1,1
694,3,1342,59,96,235,1,1,1
694,5,1514,115,100,213,1,1,1
694,6,238,353,189,372,1,1,1
694,7,1559,38,72,164,1,1,1
694,8,1108,-41,66,140,1,1,1
694,9,695,-10,58,76,1,1,1
695,1,615,250,138,349,1,1,1
695,2,833,199,133,375,1,1,1
695,4,1271,681,146,354,1,1,1
695,3,1343,61,96,235,1,1,1
695,5,1517,115,100,213,1,1,1
695,6,233,358,189,372,1,1,1
695,7,1562,38,71,181,1,1,1
695,8,1109,-40,66,140,1,1,1
695,9,695,-1,58,76,1,1,1
696,1,617,251,138,349,1,1,1
696,2,837,199,133,375,1,1,1
696,4,1271,674,146,354,1,1,1
696,3,1344,63,96,235,1,1,1
696,5,1519,105,100,226,1,1,1
696,6,230,360,189,372,1,1,1
696,7,1560,36,75,190,1,1,1
696,8,1108,-42,69,147,1,1,1
696,9,694,-1,58,76,1,1,1
697,1,613,249,138,349,1,1,1
697,2,839,198,133,375,1,1,1
697,4,1273,675,139,337,1,1,1
697,3,1343,62,101,247,1,1,1
697,5,1521,108,100,226,1,1,1
697,6,225,364,189,372,1,1,1
697,7,1563,40,75,190,1,1,1
697,8,1110,-43,69,147,1,1,1
697,9,693,-1,58,76,1,1,1
698,1,610,248,138,349,1,1,1
698,2,839,200,133,375,1,1,1
698,4,1273,678,139,337,1,1,1
698,3,1344,64,101,247,1,1,1
698,5,1524,110,100,226,1,1,1
698,6,221,368,189,372,1,1,1
698,7,1583,33,75,190,1,1,1
698,8,1111,-46,72,154,1,1,1
698,9,693,-1,58,76,1,1,1
699,1,608,254,138,349,1,1,1
699,2,839,201,133,375,1,1,1
699,4,1238,672,172,350,1,1,1
699,3,1345,65,101,247,1,1,1
699,5,1526,113,100,226,1,1,1
699,6,212,364,198,390,1,1,1
699,7,1582,32,75,190,1,1,1
699,8,1114,-42,69,147,1,1,1
699,9,692,-1,58,76,1,1,1
700,1,606,244,138,349,1,1,1
700,2,834,205,137,391,1,1,1
700,4,1245,668,172,350,1,1,1
700,3,1345,66,101,247,1,1,1
700,5,1529,113,100,226,1,1,1
700,6,208,366,198,390,1,1,1
700,7,1598,35,75,190,1,1,1
700,8,1118,-46,72,154,1,1,1
700,9,692,0,58,76,1,1,1
701,1,602,237,145,366,1,1,1
701,2,839,206,137,391,1,1,1
701,4,1233,674,185,350,1,1,1
701,3,1346,68,101,247,1,1,1
701,5,1530,116,100,226,1,1,1
701,6,203,370,198,390,1,1,1
701,7,1602,35,75,190,1,1,1
701,8,1122,-39,69,147,1,1,1
701,9,691,0,58,76,1,1,1
702,1,601,239,145,366,1,1,1
702,2,841,203,137,391,1,1,1
702,4,1243,684,176,333,1,1,1
702,3,1347,69,101,247,1,1,1
702,5,1525,118,108,226,1,1,1
702,6,197,374,198,390,1,1,1
702,7,1607,36,75,190,1,1,1
702,8,1127,-39,69,147,1,1,1
702,9,691,-1,58,76,1,1,1
703,1,603,249,138,344,1,1,1
703,2,842,206,137,391,1,1,1
703,4,1243,691,176,333,1,1,1
703,3,1348,68,101,247,1,1,1
703,5,1529,122,108,226,1,1,1
703,6,191,378,198,390,1,1,1
703,7,1611,36,75,190,1,1,1
703,8,1130,-31,66,140,1,1,1
703,9,690,-1,58,76,1,1,1
704,1,602,246,138,344,1,1,1
704,2,842,208,137,391,1,1,1
704,4,1244,686,161,333,1,1,1
704,3,1347,67,101,247,1,1,1
704,5,1530,123,108,226,1,1,1
704,6,186,384,198,390,1,1,1
704,7,1615,30,79,199,1,1,1
704,8,1132,-30,66,140,1,1,1
704,9,689,-1,58,76,1,1,1
705,1,602,248,138,344,1,1,1
705,2,843,209,137,391,1,1,1
705,4,1252,690,161,333,1,1,1
705,3,1348,64,101,247,1,1,1
705,5,1532,125,108,226,1,1,1
705,6,179,388,198,390,1,1,1
705,7,1620,36,83,200,1,1,1
705,8,1133,-33,69,147,1,1,1
705,9,690,0,58,76,1,1,1
706,1,601,251,138,344,1,1,1
706,2,843,211,137,391,1,1,1
706,4,1253,690,158,312,1,1,1
706,3,1347,61,106,259,1,1,1
706,5,1534,126,108,226,1,1,1
706,6,173,395,198,390,1,1,1
706,7,1624,30,83,200,1,1,1
706,8,1136,-31,69,147,1,1,1
706,9,689,0,58,76,1,1,1
707,1,600,254,138,344,1,1,1
707,2,843,211,137,391,1,1,1
707,4,1255,683,158,312,1,1,1
707,3,1347,60,106,259,1,1,1
707,5,1537,127,108,226,1,1,1
707,6,165,401,180,390,1,1,1
707,7,1630,27,83,200,1,1,1
707,8,1137,-30,69,147,1,1,1
707,9,688,-1,58,76,1,1,1
708,1,600,257,138,344,1,1,1
708,2,843,213,137,391,1,1,1
708,4,1264,688,158,326,1,1,1
708,3,1347,61,106,259,1,1,1
708,5,1539,131,108,226,1,1,1
708,6,160,409,180,390,1,1,1
708,7,1622,29,110,208,1,1,1
708,8,1140,-29,69,147,1,1,1
708,9,688,0,58,76,1,1,1
709,1,600,259,138,344,1,1,1
709,2,842,214,137,391,1,1,1
709,4,1251,691,158,326,1,1,1
709,3,1348,63,106,259,1,1,1
709,5,1540,132,108,226,1,1,1
709,6,155,417,180,390,1,1,1
709,7,1627,25,110,208,1,1,1
709,8,1142,-29,69,147,1,1,1
709,9,689,-1,58,76,1,1,1
710,1,600,262,138,344,1,1,1
710,2,842,214,137,391,1,1,1
710,4,1265,701,158,326,1,1,1
710,3,1350,64,106,251,1,1,1
710,5,1544,136,108,226,1,1,1
710,6,149,425,180,390,1,1,1
710,7,1632,27,110,208,1,1,1
710,8,1143,-30,69,147,1,1,1
710,9,687,-1,58,76,1,1,1
711,1,599,265,138,344,1,1,1
711,2,841,219,137,391,1,1,1
711,4,1267,701,158,326,1,1,1
711,3,1352,68,106,251,1,1,1
711,5,1538,132,117,237,1,1,1
711,6,144,432,180,390,1,1,1
711,7,1636,27,110,208,1,1,1
711,8,1146,-30,69,147,1,1,1
711,9,688,0,58,76,1,1,1
712,1,596,257,145,361,1,1,1
712,2,838,220,137,391,1,1,1
712,4,1262,699,166,342,1,1,1
712,3,1353,70,106,251,1,1,1
712,5,1542,135,117,237,1,1,1
712,6,139,438,180,390,1,1,1
712,7,1640,27,110,208,1,1,1
712,8,1148,-29,69,147,1,1,1
712,9,687,-1,58,76,1,1,1
713,1,596,260,145,361,1,1,1
713,2,837,223,137,391,1,1,1
713,4,1262,700,166,342,1,1,1
713,3,1355,71,106,251,1,1,1
713,5,1545,138,117,237,1,1,1
713,6,134,444,180,390,1,1,1
713,7,1654,28,101,208,1,1,1
713,8,1150,-27,69,147,1,1,1
713,9,684,0,61,80,1,1,1
714,1,599,266,138,349,1,1,1
714,2,836,225,137,391,1,1,1
714,4,1263,707,166,342,1,1,1
714,3,1356,71,106,251,1,1,1
714,5,1548,140,117,237,1,1,1
714,6,128,442,186,409,1,1,1
714,7,1666,44,101,208,1,1,1
714,8,1152,-26,69,147,1,1,1
714,9,683,-1,61,80,1,1,1
715,1,601,270,138,349,1,1,1
715,2,834,229,137,391,1,1,1
715,4,1263,708,166,342,1,1,1
715,3,1356,72,106,251,1,1,1
715,5,1553,141,117,237,1,1,1
715,6,120,450,186,409,1,1,1
715,7,1671,46,101,208,1,1,1
715,8,1154,-25,69,147,1,1,1
715,9,684,-1,61,80,1,1,1
716,1,603,267,131,348,1,1,1
716,2,834,231,137,391,1,1,1
716,4,1268,718,158,326,1,1,1
716,3,1357,73,106,251,1,1,1
716,5,1556,143,117,237,1,1,1
716,6,114,456,186,409,1,1,1
716,7,1677,44,101,208,1,1,1
716,8,1155,-27,72,154,1,1,1
716,9,682,-1,61,80,1,1,1
717,1,602,269,131,348,1,1,1
717,2,832,232,137,391,1,1,1
717,4,1269,723,158,326,1,1,1
717,3,1360,75,106,251,1,1,1
717,5,1558,137,123,249,1,1,1
717,6,108,463,186,409,1,1,1
717,7,1680,47,101,208,1,1,1
717,8,1157,-27,72,154,1,1,1
717,9,682,-1,61,80,1,1,1
718,1,601,264,131,348,1,1,1
718,2,830,234,137,391,1,1,1
718,4,1270,726,158,326,1,1,1
718,3,1361,76,106,251,1,1,1
718,5,1562,139,123,249,1,1,1
718,6,110,461,186,426,1,1,1
718,7,1686,49,101,208,1,1,1
718,8,1167,-24,65,154,1,1,1
718,9,681,-1,61,80,1,1,1
719,1,601,272,131,348,1,1,1
719,2,828,237,137,391,1,1,1
719,4,1270,726,158,326,1,1,1
719,3,1363,77,106,251,1,1,1
719,5,1567,140,123,249,1,1,1
719,6,94,459,195,447,1,1,1
719,7,1692,50,101,208,1,1,1
719,8,1168,-23,65,154,1,1,1
719,9,682,0,61,80,1,1,1
720,1,600,274,131,348,1,1,1
720,2,822,235,144,411,1,1,1
720,4,1278,738,150,310,1,1,1
720,3,1364,77,106,251,1,1,1
720,5,1570,141,123,249,1,1,1
720,6,90,478,186,426,1,1,1
720,7,1711,48,101,208,1,1,1
720,8,1167,-26,68,162,1,1,1
720,9,680,-1,61,80,1,1,1
721,1,599,280,131,348,1,1,1
721,2,825,243,137,391,1,1,1
721,4,1282,736,143,330,1,1,1
721,3,1365,77,111,264,1,1,1
721,5,1575,144,123,249,1,1,1
721,6,88,476,195,447,1,1,1
721,7,1713,58,101,208,1,1,1
721,8,1168,-26,68,162,1,1,1
721,9,680,-1,61,80,1,1,1
722,1,595,272,138,365,1,1,1
722,2,819,242,144,411,1,1,1
722,4,1289,746,143,330,1,1,1
722,3,1366,76,111,264,1,1,1
722,5,1578,147,123,249,1,1,1
722,6,75,491,195,447,1,1,1
722,7,1719,59,101,208,1,1,1
722,8,1171,-26,68,162,1,1,1
722,9,680,0,61,80,1,1,1
723,1,591,275,138,365,1,1,1
723,2,817,244,144,411,1,1,1
723,4,1291,750,143,330,1,1,1
723,3,1368,79,111,264,1,1,1
723,5,1577,149,130,249,1,1,1
723,6,75,496,195,447,1,1,1
723,7,1713,47,124,222,1,1,1
723,8,1173,-25,68,162,1,1,1
723,9,679,2,61,80,1,1,1
724,1,589,278,138,365,1,1,1
724,2,816,247,144,411,1,1,1
724,4,1294,749,143,330,1,1,1
724,3,1371,82,111,264,1,1,1
724,5,1583,151,130,249,1,1,1
724,6,64,504,195,447,1,1,1
724,7,1717,60,124,222,1,1,1
724,8,1174,-25,68,162,1,1,1
724,9,678,3,61,80,1,1,1
725,1,586,279,138,365,1,1,1
725,2,814,249,144,411,1,1,1
725,4,1297,749,143,330,1,1,1
725,3,1370,77,106,256,1,1,1
725,5,1589,154,130,249,1,1,1
725,6,50,512,211,447,1,1,1
725,8,1176,-24,68,162,1,1,1
725,9,678,2,61,80,1,1,1
725,7,1736,59,124,222,1,1,1
726,1,584,282,138,365,1,1,1
726,2,814,254,144,411,1,1,1
726,4,1300,776,143,330,1,1,1
726,3,1374,77,111,269,1,1,1
726,5,1593,156,130,249,1,1,1
726,6,37,521,211,447,1,1,1
726,8,1177,-23,68,162,1,1,1
726,9,677,4,61,80,1,1,1
726,7,1742,70,124,211,1,1,1
727,1,581,285,138,365,1,1,1
727,2,813,260,144,411,1,1,1
727,4,1309,788,136,314,1,1,1
727,3,1378,77,100,267,1,1,1
727,5,1597,159,130,249,1,1,1
727,6,28,530,211,447,1,1,1
727,8,1179,-22,68,162,1,1,1
727,9,676,5,61,80,1,1,1
727,7,1749,68,124,211,1,1,1
728,1,581,296,131,360,1,1,1
728,2,812,262,144,411,1,1,1
728,4,1311,787,136,314,1,1,1
728,3,1387,80,100,267,1,1,1
728,5,1597,156,136,261,1,1,1
728,6,20,536,223,447,1,1,1
728,7,1767,64,124,222,1,1,1
728,8,1180,-21,68,162,1,1,1
728,9,677,4,61,80,1,1,1
729,1,575,297,135,371,1,1,1
729,2,810,267,144,411,1,1,1
729,4,1312,791,136,314,1,1,1
729,3,1390,81,100,267,1,1,1
729,5,1599,156,136,261,1,1,1
729,6,5,540,233,447,1,1,1
729,7,1769,58,124,222,1,1,1
729,8,1183,-20,68,162,1,1,1
729,9,675,4,61,80,1,1,1
730,1,576,296,137,374,1,1,1
730,2,809,271,144,411,1,1,1
730,4,1319,799,130,299,1,1,1
730,3,1393,83,100,267,1,1,1
730,5,1603,161,136,261,1,1,1
730,6,0,544,233,447,1,1,1
730,7,1790,70,108,222,1,1,1
730,8,1186,-18,75,168,1,1,1
730,9,676,6,61,80,1,1,1
731,1,570,302,137,374,1,1,1
731,2,806,273,151,431,1,1,1
731,4,1322,798,130,299,1,1,1
731,3,1397,86,100,267,1,1,1
731,5,1605,163,136,261,1,1,1
731,6,0,548,233,462,1,1,1
731,7,1797,73,108,222,1,1,1
731,8,1192,-17,70,168,1,1,1
731,9,675,6,61,80,1,1,1
732,1,567,302,137,374,1,1,1
732,2,806,276,151,431,1,1,1
732,4,1344,799,111,299,1,1,1
732,3,1399,87,100,267,1,1,1
732,5,1609,167,136,261,1,1,1
732,6,-1,543,233,479,1,1,1
732,7,1800,74,108,222,1,1,1
732,8,1202,0,70,168,1,1,1
732,9,675,8,61,80,1,1,1
733,1,566,297,139,384,1,1,1
733,2,805,276,151,431,1,1,1
733,4,1357,815,111,299,1,1,1
733,3,1404,93,100,267,1,1,1
733,5,1612,171,136,261,1,1,1
733,6,-4,556,233,479,1,1,1
733,7,1813,72,108,222,1,1,1
733,8,1206,-1,70,168,1,1,1
733,9,674,7,61,80,1,1,1
734,1,561,308,139,384,1,1,1
734,2,804,281,151,431,1,1,1
734,4,1358,821,111,299,1,1,1
734,3,1403,84,105,280,1,1,1
734,5,1614,175,136,261,1,1,1
734,6,-1,568,233,479,1,1,1
734,7,1824,68,108,222,1,1,1
734,8,1206,-13,70,168,1,1,1
734,9,673,9,61,80,1,1,1
735,1,559,314,146,384,1,1,1
735,2,804,284,151,431,1,1,1
735,4,1365,846,111,299,1,1,1
735,3,1406,86,105,280,1,1,1
735,5,1615,176,136,261,1,1,1
735,6,-8,577,213,479,1,1,1
735,7,1826,74,102,222,1,1,1
735,8,1211,-1,70,168,1,1,1
735,9,674,7,61,80,1,1,1
736,1,550,313,149,384,1,1,1
736,2,805,287,151,431,1,1,1
736,4,1372,862,111,299,1,1,1
736,3,1406,81,110,294,1,1,1
736,5,1617,181,136,261,1,1,1
736,6,-14,583,213,479,1,1,1
736,7,1817,86,102,222,1,1,1
736,8,1215,0,70,168,1,1,1
736,9,673,8,61,80,1,1,1
737,1,551,315,149,384,1,1,1
737,2,804,292,151,431,1,1,1
737,4,1363,863,132,285,1,1,1
737,3,1402,102,118,261,1,1,1
737,5,1615,173,143,275,1,1,1
737,6,0,591,191,479,1,1,1
737,7,1836,81,102,222,1,1,1
737,8,1218,0,70,168,1,1,1
737,9,671,9,61,80,1,1,1
738,1,544,321,149,384,1,1,1
738,2,804,296,151,440,1,1,1
738,4,1371,882,126,271,1,1,1
738,3,1411,104,118,261,1,1,1
738,5,1617,180,143,275,1,1,1
738,6,-1,600,191,479,1,1,1
738,7,1841,83,102,222,1,1,1
738,8,1222,0,70,168,1,1,1
738,9,670,10,61,80,1,1,1
739,1,542,327,149,389,1,1,1
739,2,806,301,149,447,1,1,1
739,4,1371,890,155,271,1,1,1
739,3,1406,104,118,261,1,1,1
739,5,1619,182,143,275,1,1,1
739,6,-6,604,191,479,1,1,1
739,8,1225,-1,70,168,1,1,1
739,9,670,10,61,80,1,1,1
740,1,534,325,149,395,1,1,1
740,2,802,293,156,469,1,1,1
740,4,1372,899,155,271,1,1,1
740,3,1404,106,129,261,1,1,1
740,5,1622,185,143,275,1,1,1
740,6,-12,611,191,479,1,1,1
740,8,1227,0,70,168,1,1,1
740,9,669,10,64,84,1,1,1
741,1,531,337,149,395,1,1,1
741,2,801,296,156,469,1,1,1
741,4,1368,914,163,285,1,1,1
741,3,1404,111,129,261,1,1,1
741,5,1624,188,143,275,1,1,1
741,6,-12,627,182,456,1,1,1
741,8,1231,-3,70,168,1,1,1
741,9,667,10,64,84,1,1,1
742,1,526,336,149,395,1,1,1
742,2,801,300,156,469,1,1,1
742,4,1370,921,163,285,1,1,1
742,3,1406,110,129,261,1,1,1
742,5,1626,191,143,275,1,1,1
742,6,-17,636,182,456,1,1,1
742,8,1234,-1,70,168,1,1,1
742,9,666,10,64,84,1,1,1
743,1,523,346,149,395,1,1,1
743,2,801,306,156,469,1,1,1
743,4,1373,945,163,285,1,1,1
743,3,1404,112,129,261,1,1,1
743,5,1627,195,143,275,1,1,1
743,6,-22,644,182,456,1,1,1
743,8,1237,2,70,168,1,1,1
743,9,667,12,64,84,1,1,1
744,1,521,348,149,395,1,1,1
744,2,801,310,156,469,1,1,1
744,4,1369,945,163,285,1,1,1
744,3,1405,112,129,261,1,1,1
744,5,1629,195,143,275,1,1,1
744,6,-32,638,191,479,1,1,1
744,8,1239,2,70,168,1,1,1
744,9,667,10,64,84,1,1,1
745,1,518,352,149,404,1,1,1
745,2,800,310,156,469,1,1,1
745,4,1370,968,163,285,1,1,1
745,3,1407,112,129,261,1,1,1
745,5,1630,196,143,275,1,1,1
745,8,1243,3,70,168,1,1,1
745,9,665,11,64,84,1,1,1
746,1,514,352,149,404,1,1,1
746,2,800,315,156,469,1,1,1
746,3,1415,119,129,261,1,1,1
746,5,1633,199,143,275,1,1,1
746,8,1241,3,84,168,1,1,1
746,9,666,12,64,84,1,1,1
747,1,510,354,149,412,1,1,1
747,2,801,318,156,469,1,1,1
747,3,1409,117,135,261,1,1,1
747,5,1635,202,143,275,1,1,1
747,8,1242,5,84,168,1,1,1
747,9,664,13,64,84,1,1,1
748,1,507,355,149,412,1,1,1
748,2,801,321,156,469,1,1,1
748,3,1410,118,135,261,1,1,1
748,5,1637,205,143,275,1,1,1
748,8,1245,0,84,184,1,1,1
748,9,665,12,64,84,1,1,1
749,1,505,356,156,417,1,1,1
749,2,801,326,156,469,1,1,1
749,3,1412,118,135,261,1,1,1
749,5,1640,205,143,275,1,1,1
749,8,1248,4,84,184,1,1,1
749,9,664,14,64,84,1,1,1
750,1,501,355,170,425,1,1,1
750,2,801,327,156,469,1,1,1
750,3,1413,121,135,261,1,1,1
750,5,1638,199,150,288,1,1,1
750,8,1249,0,88,193,1,1,1
750,9,664,13,64,84,1,1,1
751,1,502,363,170,425,1,1,1
751,2,799,329,156,469,1,1,1
751,3,1413,124,135,261,1,1,1
751,5,1642,201,150,288,1,1,1
751,8,1252,-1,88,193,1,1,1
751,9,664,13,64,84,1,1,1
752,1,491,360,184,425,1,1,1
752,2,799,331,156,469,1,1,1
752,3,1411,125,135,261,1,1,1
752,5,1646,202,150,288,1,1,1
752,8,1255,0,88,193,1,1,1
752,9,664,13,64,84,1,1,1
753,1,483,366,200,417,1,1,1
753,2,799,333,156,469,1,1,1
753,3,1415,123,135,261,1,1,1
753,5,1648,201,150,288,1,1,1
753,8,1257,0,88,193,1,1,1
753,9,663,13,64,84,1,1,1
754,1,481,374,200,417,1,1,1
754,2,799,332,156,469,1,1,1
754,3,1415,124,135,261,1,1,1
754,5,1650,202,150,288,1,1,1
754,8,1261,-1,88,193,1,1,1
754,9,664,14,64,84,1,1,1
755,1,473,373,200,417,1,1,1
755,2,799,334,156,469,1,1,1
755,3,1424,123,128,261,1,1,1
755,5,1653,203,150,288,1,1,1
755,8,1263,0,88,193,1,1,1
755,9,663,14,64,84,1,1,1
756,1,471,371,200,417,1,1,1
756,2,800,337,156,469,1,1,1
756,3,1415,125,128,261,1,1,1
756,5,1646,203,161,288,1,1,1
756,8,1265,0,88,193,1,1,1
756,9,664,14,64,84,1,1,1
757,1,471,372,200,417,1,1,1
757,2,799,337,156,469,1,1,1
757,3,1420,123,128,261,1,1,1
757,5,1651,198,161,288,1,1,1
757,8,1269,0,88,193,1,1,1
757,9,663,14,64,84,1,1,1
758,1,470,373,200,417,1,1,1
758,2,800,338,156,469,1,1,1
758,3,1421,121,128,261,1,1,1
758,5,1654,198,161,288,1,1,1
758,8,1270,1,88,193,1,1,1
758,9,663,15,64,84,1,1,1
759,1,470,374,200,417,1,1,1
759,2,800,339,156,469,1,1,1
759,3,1428,117,128,261,1,1,1
759,5,1654,199,161,288,1,1,1
759,8,1273,3,88,193,1,1,1
759,9,662,14,64,84,1,1,1
760,1,468,374,200,417,1,1,1
760,2,799,341,156,469,1,1,1
760,3,1427,118,128,261,1,1,1
760,5,1656,200,161,288,1,1,1
760,8,1278,2,88,193,1,1,1
760,9,663,13,64,84,1,1,1
761,1,472,381,202,417,1,1,1
761,2,798,340,156,469,1,1,1
761,3,1418,123,128,261,1,1,1
761,5,1657,200,161,288,1,1,1
761,8,1280,4,88,193,1,1,1
761,9,663,13,64,84,1,1,1
762,1,467,379,206,424,1,1,1
762,2,799,339,156,469,1,1,1
762,3,1417,119,128,261,1,1,1
762,5,1658,200,161,288,1,1,1
762,8,1284,3,88,193,1,1,1
762,9,662,14,64,84,1,1,1
763,1,470,390,206,424,1,1,1
763,2,800,340,156,469,1,1,1
763,3,1420,122,128,261,1,1,1
763,5,1659,200,161,288,1,1,1
763,8,1286,2,88,193,1,1,1
763,9,661,14,64,84,1,1,1
764,1,464,379,221,424,1,1,1
764,2,800,341,156,469,1,1,1
764,3,1422,120,132,270,1,1,1
764,5,1659,201,161,288,1,1,1
764,8,1289,3,88,193,1,1,1
764,9,662,15,64,84,1,1,1
765,1,469,382,221,424,1,1,1
765,2,797,335,164,493,1,1,1
765,3,1426,122,115,270,1,1,1
765,5,1659,200,161,288,1,1,1
765,8,1292,2,88,193,1,1,1
765,9,661,13,64,84,1,1,1
766,1,478,397,221,424,1,1,1
766,2,797,336,164,493,1,1,1
766,3,1424,119,115,270,1,1,1
766,5,1660,199,161,288,1,1,1
766,8,1294,4,88,195,1,1,1
766,9,662,13,64,84,1,1,1
767,1,482,397,221,424,1,1,1
767,2,798,336,164,493,1,1,1
767,3,1421,116,115,270,1,1,1
767,5,1660,199,161,288,1,1,1
767,8,1297,2,88,193,1,1,1
767,9,661,14,64,84,1,1,1
768,1,468,384,241,434,1,1,1
768,2,800,336,164,493,1,1,1
768,3,1421,116,115,270,1,1,1
768,5,1649,198,165,288,1,1,1
768,8,1299,3,88,193,1,1,1
768,9,662,14,64,84,1,1,1
769,1,475,400,241,434,1,1,1
769,2,801,335,164,493,1,1,1
769,3,1422,120,115,270,1,1,1
769,5,1655,198,165,288,1,1,1
769,8,1302,2,88,193,1,1,1
769,9,661,1,64,96,1,1,1
770,1,488,401,231,430,1,1,1
770,2,804,337,164,493,1,1,1
770,3,1422,118,115,270,1,1,1
770,5,1654,197,165,288,1,1,1
770,8,1304,2,88,193,1,1,1
770,9,663,1,64,96,1,1,1
771,1,493,402,231,430,1,1,1
771,2,805,336,164,493,1,1,1
771,3,1423,120,115,270,1,1,1
771,5,1653,197,165,288,1,1,1
771,8,1305,3,88,193,1,1,1
771,9,662,0,64,96,1,1,1
772,1,503,404,231,430,1,1,1
772,2,810,346,156,469,1,1,1
772,3,1421,118,115,270,1,1,1
772,5,1651,198,165,288,1,1,1
772,8,1308,2,88,193,1,1,1
772,9,662,1,64,96,1,1,1
773,1,503,403,231,430,1,1,1
773,2,810,344,156,469,1,1,1
773,3,1421,113,115,270,1,1,1
773,5,1651,193,165,288,1,1,1
773,8,1310,4,88,193,1,1,1
773,9,662,0,64,96,1,1,1
774,1,505,402,231,430,1,1,1
774,2,810,343,156,469,1,1,1
774,3,1423,116,115,270,1,1,1
774,5,1650,192,165,288,1,1,1
774,8,1315,8,84,184,1,1,1
774,9,662,0,64,96,1,1,1
775,1,512,400,231,430,1,1,1
775,2,811,343,156,469,1,1,1
775,3,1422,117,115,270,1,1,1
775,5,1649,190,165,288,1,1,1
775,8,1318,10,84,184,1,1,1
775,9,662,1,64,96,1,1,1
776,1,512,397,232,430,1,1,1
776,2,812,343,156,469,1,1,1
776,3,1422,116,115,270,1,1,1
776,5,1647,189,165,288,1,1,1
776,8,1317,7,88,193,1,1,1
776,9,662,1,64,96,1,1,1
777,1,513,398,232,430,1,1,1
777,2,808,333,164,493,1,1,1
777,3,1420,120,115,270,1,1,1
777,5,1647,188,165,288,1,1,1
777,8,1321,5,88,193,1,1,1
777,9,662,1,64,96,1,1,1
778,1,514,401,232,430,1,1,1
778,2,807,332,164,493,1,1,1
778,3,1418,117,115,270,1,1,1
778,5,1646,190,165,288,1,1,1
778,8,1322,6,88,193,1,1,1
778,9,662,0,64,96,1,1,1
779,1,515,400,232,430,1,1,1
779,2,811,342,156,469,1,1,1
779,3,1426,113,115,270,1,1,1
779,5,1644,188,165,288,1,1,1
779,8,1326,5,88,193,1,1,1
779,9,662,0,64,96,1,1,1
780,1,502,400,232,430,1,1,1
780,2,810,342,156,469,1,1,1
780,3,1416,112,115,270,1,1,1
780,5,1644,191,165,288,1,1,1
780,8,1327,6,88,193,1,1,1
780,9,661,0,64,96,1,1,1
781,1,496,403,232,430,1,1,1
781,2,809,341,156,469,1,1,1
781,3,1424,107,115,270,1,1,1
781,5,1643,195,165,288,1,1,1
781,8,1331,6,88,193,1,1,1
781,9,661,0,64,96,1,1,1
782,1,508,403,224,430,1,1,1
782,2,807,342,156,469,1,1,1
782,3,1423,107,115,270,1,1,1
782,5,1642,195,165,288,1,1,1
782,8,1333,8,88,193,1,1,1
782,9,661,0,64,96,1,1,1
783,1,521,407,204,430,1,1,1
783,2,806,341,156,469,1,1,1
783,3,1424,106,115,270,1,1,1
783,5,1644,191,165,288,1,1,1
783,8,1336,7,88,193,1,1,1
783,9,662,1,64,96,1,1,1
784,1,515,413,204,430,1,1,1
784,2,805,340,156,469,1,1,1
784,3,1423,105,115,270,1,1,1
784,5,1645,190,165,288,1,1,1
784,8,1338,7,88,193,1,1,1
784,9,661,1,64,96,1,1,1
785,1,508,411,204,430,1,1,1
785,2,806,345,159,472,1,1,1
785,3,1422,106,115,270,1,1,1
785,5,1645,189,165,288,1,1,1
785,8,1340,9,88,193,1,1,1
785,9,662,1,64,96,1,1,1
786,1,506,413,204,430,1,1,1
786,2,806,338,159,472,1,1,1
786,3,1422,107,115,270,1,1,1
786,5,1642,181,173,302,1,1,1
786,8,1341,10,88,193,1,1,1
786,9,661,1,64,96,1,1,1
787,1,517,414,193,441,1,1,1
787,2,804,337,159,472,1,1,1
787,3,1423,105,115,270,1,1,1
787,5,1647,188,165,288,1,1,1
787,8,1344,10,88,193,1,1,1
787,9,661,1,64,96,1,1,1
788,1,512,404,193,441,1,1,1
788,2,802,336,159,472,1,1,1
788,3,1421,105,115,270,1,1,1
788,5,1647,188,165,288,1,1,1
788,8,1347,11,88,193,1,1,1
788,9,661,1,64,96,1,1,1
789,1,508,414,193,441,1,1,1
789,2,798,344,167,476,1,1,1
789,3,1421,103,115,270,1,1,1
789,5,1648,188,165,288,1,1,1
789,8,1349,10,88,193,1,1,1
789,9,662,1,64,96,1,1,1
790,1,503,419,193,441,1,1,1
790,2,796,350,167,476,1,1,1
790,3,1422,104,115,270,1,1,1
790,5,1649,187,165,288,1,1,1
790,8,1354,16,84,184,1,1,1
790,9,662,1,64,96,1,1,1
791,1,504,421,193,441,1,1,1
791,2,794,339,167,505,1,1,1
791,3,1421,104,115,270,1,1,1
791,5,1652,187,165,288,1,1,1
791,8,1356,17,84,184,1,1,1
791,9,662,1,64,96,1,1,1
792,1,506,425,193,441,1,1,1
792,2,793,330,167,505,1,1,1
792,3,1421,103,115,270,1,1,1
792,5,1653,188,165,288,1,1,1
792,8,1359,17,84,184,1,1,1
792,9,660,0,64,96,1,1,1
793,1,503,427,193,441,1,1,1
793,2,792,350,167,514,1,1,1
793,3,1422,104,115,270,1,1,1
793,5,1654,187,165,288,1,1,1
793,8,1366,20,80,175,1,1,1
793,9,661,0,64,96,1,1,1
794,1,501,426,193,446,1,1,1
794,2,790,332,167,514,1,1,1
794,3,1421,105,115,270,1,1,1
794,5,1654,188,165,288,1,1,1
794,8,1371,25,80,175,1,1,1
794,9,660,0,64,96,1,1,1
795,1,497,428,193,446,1,1,1
795,2,792,335,179,527,1,1,1
795,3,1421,104,115,270,1,1,1
795,5,1655,193,165,288,1,1,1
795,8,1374,22,80,175,1,1,1
795,9,661,0,64,96,1,1,1
796,1,496,429,193,446,1,1,1
796,2,784,352,189,501,1,1,1
796,3,1422,103,115,270,1,1,1
796,5,1657,194,165,288,1,1,1
796,8,1374,17,84,184,1,1,1
796,9,660,0,64,96,1,1,1
797,1,495,435,193,446,1,1,1
797,2,777,340,195,519,1,1,1
797,3,1420,104,115,270,1,1,1
797,5,1656,193,165,288,1,1,1
797,8,1377,17,84,184,1,1,1
797,9,659,0,64,96,1,1,1
798,1,494,437,193,446,1,1,1
798,2,776,360,195,519,1,1,1
798,3,1420,102,115,270,1,1,1
798,5,1656,195,165,288,1,1,1
798,8,1376,12,88,193,1,1,1
798,9,659,0,64,96,1,1,1
799,1,490,441,193,446,1,1,1
799,2,771,345,195,519,1,1,1
799,3,1419,104,115,270,1,1,1
799,5,1657,193,165,288,1,1,1
799,8,1380,12,88,193,1,1,1
799,9,659,0,64,96,1,1,1
800,1,488,433,193,446,1,1,1
800,2,769,342,195,519,1,1,1
800,3,1420,104,115,270,1,1,1
800,5,1655,194,165,288,1,1,1
800,8,1381,10,88,193,1,1,1
800,9,658,0,64,96,1,1,1
801,1,484,442,193,446,1,1,1
801,2,767,344,195,519,1,1,1
801,3,1419,106,115,270,1,1,1
801,5,1655,194,165,288,1,1,1
801,8,1382,5,93,203,1,1,1
801,9,658,0,64,96,1,1,1
802,1,485,450,193,446,1,1,1
802,2,766,348,195,519,1,1,1
802,3,1418,108,115,270,1,1,1
802,5,1654,193,165,288,1,1,1
802,8,1384,6,93,203,1,1,1
802,9,658,0,64,96,1,1,1
803,1,480,437,193,446,1,1,1
803,2,763,349,195,519,1,1,1
803,3,1419,107,115,270,1,1,1
803,5,1653,194,165,288,1,1,1
803,8,1387,8,93,203,1,1,1
803,9,658,0,64,96,1,1,1
804,1,477,437,193,446,1,1,1
804,2,761,352,195,519,1,1,1
804,3,1418,111,115,270,1,1,1
804,5,1650,194,165,288,1,1,1
804,8,1388,9,93,203,1,1,1
804,9,658,0,64,96,1,1,1
805,1,466,437,201,446,1,1,1
805,2,758,357,195,519,1,1,1
805,3,1417,114,115,270,1,1,1
805,5,1649,189,165,288,1,1,1
805,8,1394,15,88,193,1,1,1
805,9,659,0,64,96,1,1,1
806,1,465,450,210,433,1,1,1
806,2,760,379,186,481,1,1,1
806,3,1417,114,115,270,1,1,1
806,5,1648,189,165,288,1,1,1
806,8,1397,14,88,193,1,1,1
806,9,657,0,64,96,1,1,1
807,1,460,441,212,443,1,1,1
807,2,757,367,186,481,1,1,1
807,3,1416,112,115,270,1,1,1
807,5,1645,189,165,288,1,1,1
807,8,1399,14,88,193,1,1,1
807,9,658,1,64,96,1,1,1
808,1,457,435,212,443,1,1,1
808,2,755,371,186,481,1,1,1
808,3,1414,113,115,270,1,1,1
808,5,1642,189,165,288,1,1,1
808,8,1402,13,88,193,1,1,1
808,9,657,1,64,96,1,1,1
809,1,455,445,212,435,1,1,1
809,2,753,370,186,481,1,1,1
809,3,1412,114,115,270,1,1,1
809,5,1640,188,165,288,1,1,1
809,8,1401,23,93,182,1,1,1
809,9,657,1,64,96,1,1,1
810,1,449,454,212,435,1,1,1
810,2,752,369,186,481,1,1,1
810,3,1412,114,115,270,1,1,1
810,5,1639,189,165,288,1,1,1
810,8,1403,19,93,186,1,1,1
810,9,657,1,64,96,1,1,1
811,1,451,462,212,435,1,1,1
811,2,751,371,186,481,1,1,1
811,3,1410,112,115,270,1,1,1
811,5,1636,189,165,288,1,1,1
811,8,1407,20,93,183,1,1,1
811,9,658,1,64,96,1,1,1
812,1,449,468,212,446,1,1,1
812,2,749,370,186,481,1,1,1
812,3,1408,112,115,270,1,1,1
812,5,1633,188,165,288,1,1,1
812,8,1410,23,97,190,1,1,1
812,9,658,0,64,96,1,1,1
813,1,443,467,221,458,1,1,1
813,2,749,372,186,481,1,1,1
813,3,1407,113,115,270,1,1,1
813,5,1628,182,173,302,1,1,1
813,8,1414,-1,97,213,1,1,1
813,9,657,0,64,96,1,1,1
814,1,446,472,221,467,1,1,1
814,2,742,395,205,464,1,1,1
814,3,1406,112,115,270,1,1,1
814,5,1626,180,173,302,1,1,1
814,8,1423,21,97,191,1,1,1
814,9,657,0,64,96,1,1,1
815,1,442,477,221,467,1,1,1
815,2,741,396,205,464,1,1,1
815,3,1404,111,115,270,1,1,1
815,5,1625,180,173,302,1,1,1
815,8,1429,17,97,195,1,1,1
815,9,657,0,64,96,1,1,1
816,1,440,480,221,467,1,1,1
816,2,742,397,205,464,1,1,1
816,3,1403,112,115,270,1,1,1
816,5,1624,180,173,302,1,1,1
816,8,1433,13,82,200,1,1,1
816,9,657,0,64,96,1,1,1
817,1,438,480,221,477,1,1,1
817,2,741,380,205,498,1,1,1
817,3,1401,111,110,270,1,1,1
817,5,1624,180,173,302,1,1,1
817,8,1439,17,82,200,1,1,1
817,9,655,0,64,96,1,1,1
818,1,439,476,221,486,1,1,1
818,2,743,397,205,498,1,1,1
818,3,1407,114,101,270,1,1,1
818,5,1624,179,173,302,1,1,1
818,8,1440,19,82,200,1,1,1
818,9,656,0,64,96,1,1,1
819,1,431,484,221,486,1,1,1
819,2,742,404,205,498,1,1,1
819,3,1399,111,101,270,1,1,1
819,5,1623,180,173,302,1,1,1
819,8,1441,18,82,200,1,1,1
819,9,656,0,64,96,1,1,1
820,1,439,486,221,486,1,1,1
820,2,741,402,205,498,1,1,1
820,3,1406,112,101,270,1,1,1
820,5,1624,180,173,302,1,1,1
820,8,1442,20,82,200,1,1,1
820,9,659,0,65,96,1,1,1
821,1,441,486,221,486,1,1,1
821,2,743,405,205,498,1,1,1
821,3,1404,111,101,270,1,1,1
821,5,1623,178,173,302,1,1,1
821,8,1441,18,86,210,1,1,1
821,9,662,-6,64,96,1,1,1
822,1,447,484,221,486,1,1,1
822,2,744,409,205,498,1,1,1
822,3,1404,112,101,270,1,1,1
822,5,1624,177,173,302,1,1,1
822,8,1442,20,86,210,1,1,1
822,9,660,-4,64,96,1,1,1
823,1,445,483,221,486,1,1,1
823,2,745,410,205,498,1,1,1
823,3,1402,111,101,270,1,1,1
823,5,1625,177,173,302,1,1,1
823,8,1445,21,97,210,1,1,1
823,9,658,0,64,96,1,1,1
824,1,447,487,221,486,1,1,1
824,2,746,415,205,498,1,1,1
824,3,1401,111,101,270,1,1,1
824,5,1624,178,173,302,1,1,1
824,8,1447,23,97,210,1,1,1
824,9,658,-1,64,96,1,1,1
825,1,443,488,221,486,1,1,1
825,2,749,412,205,498,1,1,1
825,3,1399,111,101,270,1,1,1
825,5,1630,185,165,288,1,1,1
825,8,1450,25,97,210,1,1,1
825,9,658,-1,64,96,1,1,1
826,1,448,497,221,486,1,1,1
826,2,748,416,205,498,1,1,1
826,3,1397,112,101,270,1,1,1
826,5,1630,183,165,288,1,1,1
826,8,1456,26,97,210,1,1,1
826,9,658,0,64,96,1,1,1
827,1,443,473,221,486,1,1,1
827,2,750,420,205,498,1,1,1
827,3,1396,110,101,270,1,1,1
827,5,1630,183,165,288,1,1,1
827,8,1459,24,97,210,1,1,1
827,9,657,0,64,96,1,1,1
828,1,441,480,221,486,1,1,1
828,2,750,420,205,498,1,1,1
828,3,1395,109,101,270,1,1,1
828,5,1630,183,165,288,1,1,1
828,8,1463,24,92,210,1,1,1
828,9,658,0,64,96,1,1,1
829,1,440,501,221,469,1,1,1
829,2,751,420,205,498,1,1,1
829,3,1393,108,101,270,1,1,1
829,5,1631,185,165,288,1,1,1
829,8,1470,24,92,210,1,1,1
829,9,658,-1,64,96,1,1,1
830,1,439,505,221,469,1,1,1
830,2,748,422,205,498,1,1,1
830,3,1392,106,101,270,1,1,1
830,5,1629,184,165,288,1,1,1
830,8,1463,25,101,210,1,1,1
830,9,657,-1,64,96,1,1,1
831,1,437,518,221,481,1,1,1
831,2,755,418,205,498,1,1,1
831,3,1390,107,95,270,1,1,1
831,5,1630,183,165,288,1,1,1
831,8,1471,25,101,210,1,1,1
831,9,656,0,64,96,1,1,1
832,1,435,516,221,502,1,1,1
832,2,756,421,205,498,1,1,1
832,3,1393,109,95,270,1,1,1
832,5,1629,183,165,288,1,1,1
832,8,1471,25,101,210,1,1,1
832,9,656,0,64,96,1,1,1
833,1,431,522,221,502,1,1,1
833,2,754,424,205,498,1,1,1
833,3,1390,107,95,270,1,1,1
833,5,1628,183,165,288,1,1,1
833,8,1475,24,101,210,1,1,1
833,9,657,-1,64,96,1,1,1
834,1,429,528,221,502,1,1,1
834,2,759,424,205,498,1,1,1
834,3,1389,109,95,270,1,1,1
834,5,1627,182,165,288,1,1,1
834,8,1489,23,90,210,1,1,1
834,9,656,-1,64,96,1,1,1
835,1,428,526,221,517,1,1,1
835,2,759,422,205,498,1,1,1
835,3,1386,108,95,270,1,1,1
835,5,1631,188,157,274,1,1,1
835,8,1492,24,90,210,1,1,1
835,9,657,0,64,96,1,1,1
836,1,426,528,221,517,1,1,1
836,2,760,425,205,498,1,1,1
836,3,1383,107,95,270,1,1,1
836,5,1629,188,157,274,1,1,1
836,8,1493,25,90,210,1,1,1
836,9,657,-1,64,96,1,1,1
837,1,420,542,221,517,1,1,1
837,2,760,425,205,498,1,1,1
837,3,1381,108,95,270,1,1,1
837,5,1628,188,157,274,1,1,1
837,8,1495,27,90,210,1,1,1
837,9,656,0,64,96,1,1,1
838,1,420,539,221,517,1,1,1
838,2,758,433,205,498,1,1,1
838,3,1378,107,95,270,1,1,1
838,5,1626,188,157,274,1,1,1
838,8,1497,27,99,210,1,1,1
838,9,656,-1,64,96,1,1,1
839,1,418,538,221,517,1,1,1
839,2,761,432,205,509,1,1,1
839,3,1374,107,95,270,1,1,1
839,5,1626,186,157,274,1,1,1
839,8,1497,27,99,210,1,1,1
839,9,657,-1,64,96,1,1,1
840,1,413,540,221,517,1,1,1
840,2,761,436,205,529,1,1,1
840,3,1373,107,95,270,1,1,1
840,5,1622,187,157,274,1,1,1
840,8,1498,27,99,210,1,1,1
840,9,657,-1,64,96,1,1,1
841,1,410,544,221,517,1,1,1
841,2,760,438,205,529,1,1,1
841,3,1371,102,95,270,1,1,1
841,5,1621,191,157,274,1,1,1
841,8,1501,28,99,210,1,1,1
841,9,657,0,64,96,1,1,1
842,1,406,546,221,517,1,1,1
842,2,763,440,205,545,1,1,1
842,3,1367,104,95,270,1,1,1
842,5,1618,191,157,274,1,1,1
842,8,1503,30,99,210,1,1,1
842,9,656,0,64,96,1,1,1
843,1,403,546,221,517,1,1,1
843,2,759,444,205,545,1,1,1
843,3,1365,104,95,270,1,1,1
843,5,1616,185,157,274,1,1,1
843,8,1506,29,99,210,1,1,1
843,9,656,0,64,96,1,1,1
844,1,401,548,221,517,1,1,1
844,2,752,444,205,545,1,1,1
844,3,1362,105,95,270,1,1,1
844,5,1614,186,157,274,1,1,1
844,8,1511,34,94,200,1,1,1
844,9,656,-1,64,96,1,1,1
845,1,398,545,221,517,1,1,1
845,2,756,441,205,557,1,1,1
845,3,1352,98,95,270,1,1,1
845,5,1610,185,157,274,1,1,1
845,8,1506,36,100,200,1,1,1
845,9,657,-1,64,96,1,1,1
846,1,395,541,221,517,1,1,1
846,2,755,441,205,557,1,1,1
846,3,1353,97,95,270,1,1,1
846,5,1608,182,157,274,1,1,1
846,8,1508,22,100,214,1,1,1
846,9,656,0,64,96,1,1,1
847,1,388,544,227,517,1,1,1
847,2,754,445,205,557,1,1,1
847,3,1351,109,84,248,1,1,1
847,5,1606,181,157,274,1,1,1
847,8,1510,24,100,214,1,1,1
847,9,656,-1,64,97,1,1,1
848,1,387,551,227,496,1,1,1
848,2,752,439,205,557,1,1,1
848,3,1352,112,84,248,1,1,1
848,5,1602,179,157,274,1,1,1
848,8,1512,21,100,214,1,1,1
848,9,658,0,64,96,1,1,1
849,1,385,548,227,496,1,1,1
849,2,751,440,205,557,1,1,1
849,3,1347,106,88,260,1,1,1
849,5,1601,177,157,274,1,1,1
849,8,1514,21,100,214,1,1,1
849,9,657,0,64,96,1,1,1
850,1,378,567,237,496,1,1,1
850,2,751,449,205,557,1,1,1
850,3,1346,106,88,260,1,1,1
850,5,1598,177,157,274,1,1,1
850,8,1516,24,100,214,1,1,1
850,9,657,-1,64,96,1,1,1
851,1,375,565,237,512,1,1,1
851,2,750,445,205,557,1,1,1
851,3,1344,106,84,260,1,1,1
851,5,1595,176,157,274,1,1,1
851,8,1518,24,100,214,1,1,1
851,9,657,-1,64,96,1,1,1
852,1,377,570,237,512,1,1,1
852,2,750,438,205,557,1,1,1
852,3,1345,108,84,260,1,1,1
852,5,1593,175,157,274,1,1,1
852,8,1521,23,100,214,1,1,1
852,9,657,-1,64,96,1,1,1
853,1,377,568,237,512,1,1,1
853,2,750,426,205,557,1,1,1
853,3,1342,108,84,260,1,1,1
853,5,1592,173,157,274,1,1,1
853,8,1524,25,100,214,1,1,1
853,9,656,0,64,96,1,1,1
854,1,377,567,237,512,1,1,1
854,2,749,450,205,530,1,1,1
854,3,1340,107,84,260,1,1,1
854,5,1590,173,157,274,1,1,1
854,8,1526,20,100,214,1,1,1
854,9,657,0,64,96,1,1,1
855,1,379,567,237,512,1,1,1
855,2,739,438,216,530,1,1,1
855,3,1335,96,84,260,1,1,1
855,5,1590,172,157,274,1,1,1
855,8,1528,19,100,214,1,1,1
855,9,656,-1,67,101,1,1,1
856,1,381,568,237,512,1,1,1
856,2,745,459,216,530,1,1,1
856,3,1334,98,84,260,1,1,1
856,5,1590,173,157,274,1,1,1
856,8,1530,19,100,214,1,1,1
856,9,655,-1,67,101,1,1,1
857,1,382,567,237,512,1,1,1
857,2,743,461,216,549,1,1,1
857,3,1333,97,84,260,1,1,1
857,5,1590,172,157,274,1,1,1
857,8,1535,19,107,221,1,1,1
857,9,655,-1,67,101,1,1,1
858,1,385,568,237,512,1,1,1
858,2,744,465,216,549,1,1,1
858,3,1331,96,84,260,1,1,1
858,5,1589,169,157,274,1,1,1
858,8,1535,22,107,221,1,1,1
858,9,656,-1,67,101,1,1,1
859,1,388,566,237,512,1,1,1
859,2,746,462,216,560,1,1,1
859,3,1330,96,84,260,1,1,1
859,5,1587,168,157,274,1,1,1
859,8,1538,23,107,221,1,1,1
859,9,657,-1,67,101,1,1,1
860,1,391,568,237,512,1,1,1
860,2,749,461,216,560,1,1,1
860,3,1328,95,84,260,1,1,1
860,5,1586,167,157,274,1,1,1
860,8,1538,22,107,221,1,1,1
860,9,656,0,67,101,1,1,1
861,1,394,568,237,512,1,1,1
861,2,750,467,216,560,1,1,1
861,3,1328,99,80,248,1,1,1
861,5,1587,166,157,274,1,1,1
861,8,1541,23,107,221,1,1,1
861,9,656,-1,67,101,1,1,1
862,1,396,567,237,512,1,1,1
862,2,753,475,216,560,1,1,1
862,3,1325,98,80,248,1,1,1
862,5,1586,165,157,274,1,1,1
862,8,1543,21,107,221,1,1,1
862,9,661,-3,70,91,1,1,1
863,1,399,567,237,512,1,1,1
863,2,754,476,216,560,1,1,1
863,3,1323,96,80,248,1,1,1
863,5,1586,163,157,274,1,1,1
863,8,1545,22,107,221,1,1,1
863,9,659,0,70,91,1,1,1
864,1,401,568,237,512,1,1,1
864,2,757,469,216,560,1,1,1
864,3,1321,102,80,248,1,1,1
864,5,1585,162,157,274,1,1,1
864,8,1547,22,107,221,1,1,1
864,9,659,-1,70,91,1,1,1
865,1,402,568,237,512,1,1,1
865,2,757,472,216,560,1,1,1
865,3,1317,102,80,248,1,1,1
865,5,1589,166,150,261,1,1,1
865,8,1550,15,107,221,1,1,1
865,9,658,0,70,91,1,1,1
866,1,404,568,237,512,1,1,1
866,2,760,468,216,560,1,1,1
866,3,1315,94,80,248,1,1,1
866,5,1587,164,150,261,1,1,1
866,6,0,558,183,471,1,1,1
866,8,1572,14,88,221,1,1,1
866,9,660,-1,70,91,1,1,1
867,1,406,568,237,512,1,1,1
867,2,760,466,216,560,1,1,1
867,3,1313,93,80,248,1,1,1
867,5,1587,162,150,261,1,1,1
867,6,0,555,183,473,1,1,1
867,8,1576,12,88,221,1,1,1
867,9,660,-1,70,91,1,1,1
868,1,399,563,249,538,1,1,1
868,2,763,467,216,560,1,1,1
868,3,1310,89,80,248,1,1,1
868,5,1586,161,150,261,1,1,1
868,6,0,547,195,464,1,1,1
868,8,1577,13,98,221,1,1,1
868,9,661,-1,70,91,1,1,1
869,1,420,564,229,538,1,1,1
869,2,765,465,216,560,1,1,1
869,3,1308,85,80,248,1,1,1
869,5,1585,161,130,261,1,1,1
869,6,1,542,195,471,1,1,1
869,8,1579,19,98,221,1,1,1
869,9,660,-1,70,91,1,1,1
870,1,421,562,229,538,1,1,1
870,2,771,456,216,560,1,1,1
870,3,1305,85,80,248,1,1,1
870,5,1568,154,148,261,1,1,1
870,6,1,525,203,484,1,1,1
870,8,1581,19,98,221,1,1,1
870,9,663,0,67,87,1,1,1
871,1,421,562,229,538,1,1,1
871,2,773,440,216,560,1,1,1
871,3,1301,83,80,248,1,1,1
871,5,1571,150,148,261,1,1,1
871,6,1,518,203,484,1,1,1
871,8,1583,17,108,221,1,1,1
871,9,662,0,67,87,1,1,1
872,1,422,561,229,538,1,1,1
872,2,773,440,216,560,1,1,1
872,3,1299,82,80,248,1,1,1
872,5,1568,150,148,261,1,1,1
872,6,0,510,214,484,1,1,1
872,8,1582,21,108,221,1,1,1
872,9,663,-1,67,87,1,1,1
873,1,422,576,229,523,1,1,1
873,2,778,445,206,533,1,1,1
873,3,1298,87,76,236,1,1,1
873,5,1565,148,148,261,1,1,1
873,6,1,499,214,484,1,1,1
873,8,1569,21,122,221,1,1,1
873,9,665,0,67,87,1,1,1
874,1,422,574,229,523,1,1,1
874,2,779,466,206,533,1,1,1
874,3,1295,86,76,236,1,1,1
874,5,1561,147,148,261,1,1,1
874,6,1,493,214,484,1,1,1
874,8,1567,25,122,221,1,1,1
874,9,665,0,67,87,1,1,1
875,1,422,574,229,523,1,1,1
875,2,772,455,206,554,1,1,1
875,3,1292,85,76,236,1,1,1
875,5,1561,151,141,249,1,1,1
875,6,8,477,226,484,1,1,1
875,8,1566,24,122,221,1,1,1
875,9,664,0,67,87,1,1,1
876,1,424,556,229,523,1,1,1
876,2,777,449,206,577,1,1,1
876,3,1287,79,80,248,1,1,1
876,5,1557,151,141,249,1,1,1
876,6,2,468,226,484,1,1,1
876,8,1565,22,122,221,1,1,1
876,9,666,-1,67,87,1,1,1
877,1,424,557,229,523,1,1,1
877,2,778,452,206,577,1,1,1
877,3,1285,77,80,248,1,1,1
877,5,1553,150,141,249,1,1,1
877,6,12,472,215,461,1,1,1
877,8,1564,21,122,221,1,1,1
877,9,665,0,67,87,1,1,1
878,1,426,556,229,523,1,1,1
878,2,778,447,206,577,1,1,1
878,3,1281,75,80,248,1,1,1
878,5,1549,149,141,249,1,1,1
878,6,19,465,224,462,1,1,1
878,8,1562,21,122,221,1,1,1
878,9,664,-1,70,91,1,1,1
879,1,428,556,229,523,1,1,1
879,2,783,439,206,577,1,1,1
879,3,1277,70,80,248,1,1,1
879,5,1543,146,141,249,1,1,1
879,6,20,456,224,462,1,1,1
879,8,1559,19,122,221,1,1,1
879,9,664,-1,70,91,1,1,1
880,1,429,556,229,493,1,1,1
880,2,777,443,206,554,1,1,1
880,3,1275,73,76,236,1,1,1
880,5,1539,145,141,249,1,1,1
880,6,26,448,224,462,1,1,1
880,8,1557,12,122,221,1,1,1
880,9,665,0,70,91,1,1,1
881,1,428,533,229,493,1,1,1
881,2,774,445,206,528,1,1,1
881,3,1271,72,76,236,1,1,1
881,5,1534,143,141,249,1,1,1
881,6,34,440,224,462,1,1,1
881,8,1605,11,85,221,1,1,1
881,9,667,-1,67,87,1,1,1
882,1,429,526,229,493,1,1,1
882,2,779,431,206,554,1,1,1
882,3,1268,71,76,236,1,1,1
882,5,1518,134,141,249,1,1,1
882,6,54,431,224,462,1,1,1
882,8,1607,14,85,221,1,1,1
882,9,668,-1,67,87,1,1,1
883,1,432,518,229,493,1,1,1
883,2,771,407,206,554,1,1,1
883,3,1264,71,76,236,1,1,1
883,5,1516,134,141,249,1,1,1
883,6,59,423,224,462,1,1,1
883,8,1605,12,85,221,1,1,1
883,9,669,0,67,87,1,1,1
884,1,439,521,218,470,1,1,1
884,2,768,402,206,554,1,1,1
884,3,1260,74,73,225,1,1,1
884,5,1512,133,141,249,1,1,1
884,6,67,415,224,462,1,1,1
884,8,1607,18,81,210,1,1,1
884,9,672,-1,63,83,1,1,1
885,1,438,529,222,488,1,1,1
885,2,773,405,196,528,1,1,1
885,3,1256,74,73,225,1,1,1
885,5,1507,129,141,249,1,1,1
885,6,73,438,224,431,1,1,1
885,8,1608,14,81,210,1,1,1
885,9,672,-1,63,83,1,1,1
886,1,439,533,222,488,1,1,1
886,2,777,407,187,502,1,1,1
886,3,1253,73,73,225,1,1,1
886,5,1503,128,141,249,1,1,1
886,6,79,431,224,431,1,1,1
886,8,1611,12,81,210,1,1,1
886,9,672,0,63,83,1,1,1
887,1,441,525,222,505,1,1,1
887,2,775,403,187,502,1,1,1
887,3,1228,71,83,225,1,1,1
887,5,1499,123,141,249,1,1,1
887,6,86,423,224,431,1,1,1
887,8,1605,8,92,221,1,1,1
887,9,673,-1,63,83,1,1,1
888,1,446,517,222,521,1,1,1
888,2,776,400,187,502,1,1,1
888,3,1224,67,89,225,1,1,1
888,5,1496,125,141,249,1,1,1
888,6,94,414,224,423,1,1,1
888,8,1608,2,92,221,1,1,1
888,9,673,0,63,83,1,1,1
889,1,451,520,222,498,1,1,1
889,2,777,397,187,502,1,1,1
889,3,1220,68,89,225,1,1,1
889,5,1492,123,141,249,1,1,1
889,6,122,405,204,423,1,1,1
889,8,1609,1,92,221,1,1,1
889,9,673,-1,63,83,1,1,1
890,1,455,525,222,498,1,1,1
890,2,778,391,187,502,1,1,1
890,3,1223,70,80,211,1,1,1
890,5,1489,121,141,249,1,1,1
890,6,123,387,214,444,1,1,1
890,8,1609,2,92,221,1,1,1
890,9,674,-1,63,83,1,1,1
891,1,460,505,222,511,1,1,1
891,2,779,411,187,502,1,1,1
891,3,1218,68,80,211,1,1,1
891,5,1487,116,141,249,1,1,1
891,6,133,388,204,423,1,1,1
891,8,1589,0,111,219,1,1,1
891,9,675,0,63,83,1,1,1
892,1,465,503,222,503,1,1,1
892,2,779,409,187,502,1,1,1
892,3,1215,67,80,211,1,1,1
892,5,1484,115,141,249,1,1,1
892,6,141,381,204,423,1,1,1
892,8,1590,-1,111,219,1,1,1
892,9,675,0,63,83,1,1,1
893,1,460,501,222,503,1,1,1
893,2,780,405,187,502,1,1,1
893,4,1107,905,136,175,1,1,1
893,3,1213,67,80,211,1,1,1
893,5,1483,110,141,249,1,1,1
893,6,151,383,194,403,1,1,1
893,8,1588,-1,111,219,1,1,1
893,9,676,-1,63,83,1,1,1
894,1,472,488,222,503,1,1,1
894,2,778,388,186,521,1,1,1
894,4,1095,902,149,175,1,1,1
894,3,1211,63,80,211,1,1,1
894,5,1480,109,141,249,1,1,1
894,6,159,375,194,403,1,1,1
894,8,1588,0,111,219,1,1,1
894,9,674,-4,70,78,1,1,1
895,1,477,480,222,503,1,1,1
895,2,785,376,186,521,1,1,1
895,4,1087,878,149,200,1,1,1
895,3,1216,78,80,211,1,1,1
895,5,1478,105,141,249,1,1,1
895,6,165,367,194,403,1,1,1
895,8,1587,-1,111,219,1,1,1
895,9,670,-9,70,78,1,1,1
896,1,480,476,222,503,1,1,1
896,2,787,391,186,500,1,1,1
896,4,1086,857,149,220,1,1,1
896,3,1206,57,80,211,1,1,1
896,5,1476,103,141,249,1,1,1
896,6,172,360,194,403,1,1,1
896,8,1587,0,111,219,1,1,1
896,9,667,0,70,78,1,1,1
897,1,492,475,199,473,1,1,1
897,2,790,370,186,527,1,1,1
897,4,1085,844,142,240,1,1,1
897,3,1203,53,80,211,1,1,1
897,5,1477,105,134,237,1,1,1
897,6,179,353,194,403,1,1,1
897,8,1614,-1,82,219,1,1,1
897,9,667,0,70,78,1,1,1
898,1,501,463,199,473,1,1,1
898,2,793,358,186,527,1,1,1
898,4,1088,824,142,259,1,1,1
898,3,1201,59,80,211,1,1,1
898,5,1477,109,128,226,1,1,1
898,6,186,344,194,403,1,1,1
898,8,1623,0,82,219,1,1,1
898,9,668,0,70,78,1,1,1
899,1,505,458,199,473,1,1,1
899,2,800,356,177,502,1,1,1
899,4,1081,806,142,273,1,1,1
899,3,1198,57,80,211,1,1,1
899,5,1476,112,122,215,1,1,1
899,6,195,347,185,384,1,1,1
899,8,1623,0,82,219,1,1,1
899,9,669,-1,70,78,1,1,1
900,1,506,452,199,473,1,1,1
900,2,801,351,177,502,1,1,1
900,4,1079,793,149,287,1,1,1
900,3,1204,51,73,211,1,1,1
900,5,1474,109,122,215,1,1,1
900,6,202,340,185,384,1,1,1
900,8,1621,-1,86,230,1,1,1
900,9,669,-1,70,78,1,1,1
901,1,510,447,199,473,1,1,1
901,2,799,338,186,527,1,1,1
901,4,1079,781,142,302,1,1,1
901,3,1199,48,73,211,1,1,1
901,5,1471,96,110,223,1,1,1
901,6,208,333,185,384,1,1,1
901,8,1614,-29,90,241,1,1,1
901,9,680,-10,70,78,1,1,1
902,1,511,449,199,473,1,1,1
902,2,802,358,186,503,1,1,1
902,4,1078,752,142,326,1,1,1
902,3,1202,63,73,211,1,1,1
902,5,1471,94,110,223,1,1,1
902,6,214,325,185,384,1,1,1
902,8,1611,-27,103,241,1,1,1
902,9,675,-1,70,78,1,1,1
903,1,514,443,199,473,1,1,1
903,2,804,341,186,503,1,1,1
903,4,1075,749,142,329,1,1,1
903,3,1195,48,73,211,1,1,1
903,5,1467,92,110,223,1,1,1
903,6,221,318,185,384,1,1,1
903,8,1610,-21,101,230,1,1,1
903,9,686,-9,59,78,1,1,1
904,1,516,440,199,473,1,1,1
904,2,806,338,186,503,1,1,1
904,4,1073,741,142,329,1,1,1
904,3,1194,41,73,211,1,1,1
904,5,1464,91,110,223,1,1,1
904,6,227,313,185,384,1,1,1
904,8,1609,-22,101,230,1,1,1
904,9,688,-19,59,78,1,1,1
905,1,518,438,199,473,1,1,1
905,2,811,340,177,479,1,1,1
905,4,1073,723,135,324,1,1,1
905,3,1188,48,73,211,1,1,1
905,5,1462,88,110,223,1,1,1
905,6,232,307,185,384,1,1,1
905,8,1608,-23,101,230,1,1,1
905,9,688,-19,59,78,1,1,1
906,1,520,431,199,473,1,1,1
906,2,816,343,169,456,1,1,1
906,4,1072,713,135,324,1,1,1
906,3,1195,55,73,211,1,1,1
906,5,1459,86,110,223,1,1,1
906,6,238,301,185,384,1,1,1
906,8,1614,-17,96,219,1,1,1
906,9,689,-19,59,78,1,1,1
907,1,521,451,190,450,1,1,1
907,2,815,339,169,456,1,1,1
907,4,1070,699,135,324,1,1,1
907,3,1184,30,73,211,1,1,1
907,5,1456,84,110,223,1,1,1
907,6,243,292,185,384,1,1,1
907,8,1613,-18,96,219,1,1,1
907,9,689,-20,59,78,1,1,1
908,1,526,445,190,450,1,1,1
908,2,817,335,169,483,1,1,1
908,4,1068,684,135,324,1,1,1
908,3,1188,44,73,211,1,1,1
908,5,1452,82,110,223,1,1,1
908,6,273,304,160,348,1,1,1
908,8,1612,-19,96,219,1,1,1
908,9,690,-21,59,78,1,1,1
909,1,528,436,190,450,1,1,1
909,2,817,319,169,483,1,1,1
909,4,1066,671,124,324,1,1,1
909,3,1186,45,73,211,1,1,1
909,5,1449,78,110,223,1,1,1
909,6,278,298,160,348,1,1,1
909,8,1612,-20,96,219,1,1,1
909,9,690,-22,59,78,1,1,1
910,1,527,428,190,450,1,1,1
910,2,821,341,161,470,1,1,1
910,4,1069,659,124,324,1,1,1
910,3,1190,48,73,211,1,1,1
910,5,1446,75,110,223,1,1,1
910,6,283,291,160,348,1,1,1
910,8,1621,0,91,196,1,1,1
910,9,691,-22,59,78,1,1,1
911,1,528,418,190,450,1,1,1
911,2,811,319,169,486,1,1,1
911,4,1067,645,124,324,1,1,1
911,3,1182,29,73,211,1,1,1
911,5,1445,78,105,212,1,1,1
911,6,287,285,160,348,1,1,1
911,8,1627,0,91,196,1,1,1
911,9,691,-23,59,78,1,1,1
912,1,526,414,190,450,1,1,1
912,2,814,328,169,461,1,1,1
912,4,1067,635,124,324,1,1,1
912,3,1185,32,73,211,1,1,1
912,5,1442,76,105,212,1,1,1
912,6,292,277,160,348,1,1,1
912,8,1626,0,91,196,1,1,1
912,9,692,-24,59,78,1,1,1
913,1,527,406,190,450,1,1,1
913,2,814,338,169,461,1,1,1
913,4,1064,626,124,324,1,1,1
913,3,1186,32,73,211,1,1,1
913,5,1437,72,105,212,1,1,1
913,6,293,272,160,348,1,1,1
913,8,1624,-1,91,196,1,1,1
913,9,694,-23,56,74,1,1,1
914,1,532,408,181,429,1,1,1
914,2,812,331,169,461,1,1,1
914,4,1062,614,124,324,1,1,1
914,3,1190,31,61,205,1,1,1
914,5,1437,76,100,202,1,1,1
914,6,298,267,160,348,1,1,1
914,8,1623,-1,91,196,1,1,1
914,9,694,-23,56,74,1,1,1
915,1,531,402,181,429,1,1,1
915,2,811,318,169,461,1,1,1
915,4,1064,615,118,309,1,1,1
915,3,1189,32,60,205,1,1,1
915,5,1434,73,100,202,1,1,1
915,6,302,261,160,348,1,1,1
915,8,1647,0,69,196,1,1,1
915,9,694,-24,56,74,1,1,1
916,1,532,395,181,429,1,1,1
916,2,808,312,169,461,1,1,1
916,4,1058,593,109,300,1,1,1
916,3,1189,26,60,205,1,1,1
916,5,1431,72,100,202,1,1,1
916,6,305,257,160,348,1,1,1
916,8,1646,-1,69,196,1,1,1
916,9,695,-24,56,74,1,1,1
917,1,532,390,181,429,1,1,1
917,2,807,307,169,461,1,1,1
917,4,1060,584,109,300,1,1,1
917,3,1188,25,60,192,1,1,1
917,5,1427,71,98,202,1,1,1
917,6,309,252,160,348,1,1,1
917,8,1643,0,69,196,1,1,1
917,9,695,-25,56,74,1,1,1
918,1,538,396,172,408,1,1,1
918,2,806,308,169,461,1,1,1
918,4,1060,578,109,300,1,1,1
918,3,1185,27,60,192,1,1,1
918,5,1425,67,98,202,1,1,1
918,6,313,248,160,348,1,1,1
918,8,1643,-1,69,196,1,1,1
918,9,696,-26,56,74,1,1,1
919,1,536,398,172,408,1,1,1
919,2,804,312,169,461,1,1,1
919,4,1056,575,109,300,1,1,1
919,3,1183,23,60,192,1,1,1
919,5,1423,68,98,202,1,1,1
919,6,315,247,160,348,1,1,1
919,8,1642,-1,76,196,1,1,1
919,9,696,-26,56,74,1,1,1
920,1,530,384,179,441,1,1,1
920,2,804,305,169,461,1,1,1
920,4,1053,566,109,300,1,1,1
920,3,1180,20,60,192,1,1,1
920,5,1422,66,98,202,1,1,1
920,6,321,251,152,331,1,1,1
920,8,1641,0,76,196,1,1,1
920,9,696,-26,56,74,1,1,1
921,1,532,400,179,441,1,1,1
921,2,803,304,169,461,1,1,1
921,4,1051,563,109,300,1,1,1
921,3,1185,27,60,192,1,1,1
921,5,1420,65,98,202,1,1,1
921,6,328,256,145,316,1,1,1
921,8,1640,0,94,185,1,1,1
921,9,697,-27,56,74,1,1,1
922,1,524,399,179,441,1,1,1
922,2,803,311,169,446,1,1,1
922,4,1045,551,109,300,1,1,1
922,3,1181,25,60,192,1,1,1
922,5,1418,64,98,202,1,1,1
922,6,330,254,145,316,1,1,1
922,8,1637,2,94,185,1,1,1
922,9,697,-27,56,74,1,1,1
923,1,519,408,179,441,1,1,1
923,2,803,305,169,446,1,1,1
923,4,1043,552,109,300,1,1,1
923,3,1179,28,60,169,1,1,1
923,5,1417,65,98,202,1,1,1
923,6,330,253,145,316,1,1,1
923,8,1636,3,94,185,1,1,1
923,9,699,-24,54,71,1,1,1
924,1,532,405,179,441,1,1,1
924,2,803,303,169,446,1,1,1
924,4,1042,537,109,300,1,1,1
924,3,1183,45,60,169,1,1,1
924,5,1416,64,98,202,1,1,1
924,6,332,251,145,316,1,1,1
924,8,1636,3,94,185,1,1,1
924,9,699,-25,54,71,1,1,1
925,1,524,413,179,441,1,1,1
925,2,803,321,169,446,1,1,1
925,4,1037,535,109,300,1,1,1
925,3,1179,25,60,169,1,1,1
925,5,1415,63,98,202,1,1,1
925,6,333,249,145,316,1,1,1
925,8,1637,4,94,185,1,1,1
925,9,699,-24,54,71,1,1,1
926,1,532,414,179,441,1,1,1
926,2,803,327,169,446,1,1,1
926,4,1034,535,109,300,1,1,1
926,3,1182,24,60,169,1,1,1
926,5,1414,62,98,202,1,1,1
926,6,335,247,145,316,1,1,1
926,8,1640,5,94,185,1,1,1
926,9,699,-24,54,71,1,1,1
927,1,531,416,179,441,1,1,1
927,2,804,329,169,446,1,1,1
927,4,1034,535,104,286,1,1,1
927,3,1175,21,60,169,1,1,1
927,5,1414,62,98,202,1,1,1
927,6,337,247,145,316,1,1,1
927,8,1641,-7,105,195,1,1,1
927,9,699,-24,54,71,1,1,1
928,1,529,404,179,441,1,1,1
928,2,806,335,169,446,1,1,1
928,4,1032,533,104,286,1,1,1
928,3,1180,42,60,169,1,1,1
928,5,1415,61,98,202,1,1,1
928,6,337,244,145,316,1,1,1
928,8,1642,0,105,195,1,1,1
928,9,699,-24,54,71,1,1,1
929,1,538,409,179,441,1,1,1
929,2,808,343,169,446,1,1,1
929,4,1030,532,104,286,1,1,1
929,3,1175,21,60,169,1,1,1
929,5,1417,66,93,192,1,1,1
929,6,338,243,145,316,1,1,1
929,8,1643,0,105,195,1,1,1
929,9,699,-24,54,71,1,1,1
930,1,541,398,179,441,1,1,1
930,2,809,336,169,446,1,1,1
930,4,1027,523,104,286,1,1,1
930,3,1178,19,60,169,1,1,1
930,5,1417,66,93,192,1,1,1
930,6,341,243,145,316,1,1,1
930,8,1644,0,105,195,1,1,1
930,9,700,-25,54,71,1,1,1
931,1,542,419,179,420,1,1,1
931,2,812,336,169,446,1,1,1
931,4,1025,522,104,286,1,1,1
931,3,1179,18,60,169,1,1,1
931,5,1418,67,93,192,1,1,1
931,6,340,242,145,316,1,1,1
931,8,1670,0,81,185,1,1,1
931,9,700,-24,54,71,1,1,1
932,1,540,417,179,420,1,1,1
932,2,813,337,169,446,1,1,1
932,4,1023,521,104,286,1,1,1
932,3,1177,24,60,169,1,1,1
932,5,1417,67,93,192,1,1,1
932,6,342,241,145,316,1,1,1
932,8,1673,9,81,185,1,1,1
932,9,700,-24,54,71,1,1,1
933,1,542,408,179,420,1,1,1
933,2,816,338,169,446,1,1,1
933,4,1021,520,104,286,1,1,1
933,3,1179,43,60,169,1,1,1
933,5,1418,67,93,192,1,1,1
933,6,343,241,145,316,1,1,1
933,8,1679,2,81,185,1,1,1
933,9,700,-24,54,71,1,1,1
934,1,541,409,179,420,1,1,1
934,2,819,340,169,446,1,1,1
934,4,1019,522,104,286,1,1,1
934,3,1175,15,60,169,1,1,1
934,5,1419,68,93,192,1,1,1
934,6,344,241,145,316,1,1,1
934,8,1682,8,81,185,1,1,1
934,9,700,-24,54,71,1,1,1
935,1,541,414,179,420,1,1,1
935,2,820,337,169,446,1,1,1
935,4,1017,522,104,286,1,1,1
935,3,1180,36,60,169,1,1,1
935,5,1420,68,93,192,1,1,1
935,6,344,239,145,316,1,1,1
935,8,1689,0,81,185,1,1,1
935,9,700,-25,54,71,1,1,1
936,1,542,419,179,420,1,1,1
936,2,823,341,169,446,1,1,1
936,4,1017,524,104,286,1,1,1
936,3,1176,21,60,169,1,1,1
936,5,1419,70,93,192,1,1,1
936,6,346,239,145,316,1,1,1
936,8,1677,8,96,185,1,1,1
936,9,700,-24,54,71,1,1,1
937,1,541,435,179,434,1,1,1
937,2,824,332,169,446,1,1,1
937,4,1010,509,104,286,1,1,1
937,3,1179,22,60,169,1,1,1
937,5,1419,68,93,192,1,1,1
937,6,347,238,145,316,1,1,1
937,8,1684,2,96,185,1,1,1
937,9,700,-25,54,71,1,1,1
938,1,537,442,179,438,1,1,1
938,2,826,341,169,446,1,1,1
938,4,1006,517,104,286,1,1,1
938,3,1176,11,60,169,1,1,1
938,5,1419,70,93,192,1,1,1
938,6,348,239,145,316,1,1,1
938,8,1690,9,96,185,1,1,1
938,9,700,-24,54,71,1,1,1
939,1,537,444,179,445,1,1,1
939,2,827,353,169,446,1,1,1
939,4,1011,519,104,267,1,1,1
939,3,1173,14,60,169,1,1,1
939,5,1418,69,93,192,1,1,1
939,6,349,238,145,316,1,1,1
939,8,1682,9,107,181,1,1,1
939,9,701,-24,54,71,1,1,1
940,1,541,431,179,474,1,1,1
940,2,828,342,169,446,1,1,1
940,4,1010,521,104,267,1,1,1
940,3,1175,25,60,169,1,1,1
940,5,1418,69,93,192,1,1,1
940,6,351,237,145,316,1,1,1
940,8,1684,2,107,193,1,1,1
940,9,701,-24,54,71,1,1,1
941,1,536,447,179,474,1,1,1
941,2,830,362,169,446,1,1,1
941,4,1010,521,104,267,1,1,1
941,3,1178,21,60,169,1,1,1
941,5,1417,69,93,192,1,1,1
941,6,351,236,145,316,1,1,1
941,8,1693,6,107,193,1,1,1
941,9,702,-24,54,71,1,1,1
942,1,539,445,179,474,1,1,1
942,2,822,352,177,472,1,1,1
942,4,1008,519,104,267,1,1,1
942,3,1179,41,60,169,1,1,1
942,5,1402,66,93,192,1,1,1
942,6,353,236,145,316,1,1,1
942,8,1696,5,107,193,1,1,1
942,9,702,-24,54,71,1,1,1
943,1,537,448,179,474,1,1,1
943,2,824,361,177,472,1,1,1
943,4,1012,519,99,254,1,1,1
943,3,1177,23,60,169,1,1,1
943,5,1411,64,93,192,1,1,1
943,6,353,237,145,316,1,1,1
943,8,1700,6,107,193,1,1,1
943,9,702,-24,54,71,1,1,1
944,1,535,447,179,474,1,1,1
944,2,819,369,177,472,1,1,1
944,4,1010,519,99,254,1,1,1
944,3,1179,27,60,169,1,1,1
944,5,1412,65,93,192,1,1,1
944,6,354,236,145,316,1,1,1
944,8,1702,0,98,200,1,1,1
944,9,702,-24,54,71,1,1,1
945,1,534,448,179,474,1,1,1
945,2,830,366,177,488,1,1,1
945,4,1012,523,94,242,1,1,1
945,3,1180,26,60,169,1,1,1
945,5,1410,65,93,192,1,1,1
945,6,355,237,145,316,1,1,1
945,8,1711,1,98,200,1,1,1
945,9,702,-24,54,71,1,1,1
946,1,532,452,179,474,1,1,1
946,2,825,363,177,506,1,1,1
946,4,1008,520,94,254,1,1,1
946,3,1180,24,60,169,1,1,1
946,5,1410,64,93,192,1,1,1
946,6,356,235,145,316,1,1,1
946,8,1715,1,98,200,1,1,1
946,9,702,-23,54,71,1,1,1
947,1,530,455,179,474,1,1,1
947,2,825,362,177,506,1,1,1
947,4,1009,521,94,254,1,1,1
947,3,1180,25,60,169,1,1,1
947,5,1409,65,93,192,1,1,1
947,6,357,235,145,316,1,1,1
947,8,1720,1,98,200,1,1,1
947,9,703,-24,54,71,1,1,1
948,1,528,454,179,474,1,1,1
948,2,823,360,177,506,1,1,1
948,4,1003,511,99,267,1,1,1
948,3,1181,43,60,169,1,1,1
948,5,1406,65,93,192,1,1,1
948,6,376,246,120,304,1,1,1
948,8,1723,1,98,200,1,1,1
948,9,703,-24,54,71,1,1,1
949,1,527,453,179,474,1,1,1
949,2,821,358,177,506,1,1,1
949,4,1005,516,94,254,1,1,1
949,3,1178,24,60,169,1,1,1
949,5,1405,65,93,192,1,1,1
949,6,373,243,120,304,1,1,1
949,8,1728,8,98,200,1,1,1
949,9,703,-23,54,71,1,1,1
950,1,525,450,179,474,1,1,1
950,2,821,359,177,506,1,1,1
950,4,1002,518,94,254,1,1,1
950,3,1181,27,60,169,1,1,1
950,5,1405,65,93,192,1,1,1
950,6,375,240,120,304,1,1,1
950,8,1732,9,98,200,1,1,1
950,9,703,-24,54,71,1,1,1
951,1,510,461,197,455,1,1,1
951,2,819,360,177,506,1,1,1
951,4,1001,516,94,254,1,1,1
951,3,1178,27,60,169,1,1,1
951,5,1402,64,93,192,1,1,1
951,6,376,238,120,304,1,1,1
951,8,1731,9,104,185,1,1,1
951,9,704,-24,54,71,1,1,1
952,1,512,456,197,455,1,1,1
952,2,820,361,177,506,1,1,1
952,4,996,513,94,254,1,1,1
952,3,1180,23,60,169,1,1,1
952,5,1401,63,93,192,1,1,1
952,6,377,237,120,304,1,1,1
952,8,1730,12,111,185,1,1,1
952,9,704,-24,54,71,1,1,1
953,1,512,456,197,455,1,1,1
953,2,818,361,177,506,1,1,1
953,4,996,513,94,254,1,1,1
953,3,1181,22,60,169,1,1,1
953,5,1400,62,93,192,1,1,1
953,6,377,237,120,304,1,1,1
953,8,1731,9,111,185,1,1,1
953,9,704,-24,54,71,1,1,1
954,1,511,482,197,455,1,1,1
954,2,817,363,177,506,1,1,1
954,4,992,507,99,267,1,1,1
954,3,1181,41,60,169,1,1,1
954,5,1399,61,93,192,1,1,1
954,6,378,236,120,304,1,1,1
954,8,1730,13,111,185,1,1,1
954,9,704,-24,54,71,1,1,1
955,1,511,484,197,455,1,1,1
955,2,818,364,177,506,1,1,1
955,4,990,506,99,267,1,1,1
955,3,1180,24,60,169,1,1,1
955,5,1397,61,93,192,1,1,1
955,6,379,235,120,304,1,1,1
955,8,1733,12,111,185,1,1,1
955,9,704,-24,54,71,1,1,1
956,1,510,494,197,455,1,1,1
956,2,818,367,177,506,1,1,1
956,4,986,506,99,267,1,1,1
956,3,1181,40,60,169,1,1,1
956,5,1399,64,89,183,1,1,1
956,6,381,233,120,304,1,1,1
956,8,1735,11,111,185,1,1,1
956,9,705,-25,54,71,1,1,1
957,1,503,486,197,487,1,1,1
957,2,818,369,177,506,1,1,1
957,4,983,500,99,267,1,1,1
957,3,1180,19,60,169,1,1,1
957,5,1398,63,89,183,1,1,1
957,6,382,233,120,304,1,1,1
957,8,1738,11,111,185,1,1,1
957,9,705,-24,54,71,1,1,1
958,1,510,479,197,487,1,1,1
958,2,818,371,177,506,1,1,1
958,4,979,496,95,259,1,1,1
958,3,1182,23,60,169,1,1,1
958,5,1396,65,89,183,1,1,1
958,6,383,231,120,304,1,1,1
958,8,1738,10,111,185,1,1,1
958,9,705,-25,54,71,1,1,1
959,1,512,490,197,487,1,1,1
959,2,820,373,177,506,1,1,1
959,4,976,499,95,259,1,1,1
959,3,1182,21,60,169,1,1,1
959,5,1396,64,89,183,1,1,1
959,6,388,237,114,290,1,1,1
959,8,1739,11,111,185,1,1,1
959,9,705,-24,54,71,1,1,1
960,1,514,493,197,487,1,1,1
960,2,821,392,177,506,1,1,1
960,4,972,500,95,259,1,1,1
960,3,1181,22,60,169,1,1,1
960,5,1395,63,89,183,1,1,1
960,6,388,236,114,290,1,1,1
960,8,1746,8,111,185,1,1,1
960,9,705,-25,54,71,1,1,1
961,1,512,494,197,487,1,1,1
961,2,824,387,177,506,1,1,1
961,4,965,496,105,251,1,1,1
961,3,1181,24,60,169,1,1,1
961,5,1395,63,89,183,1,1,1
961,6,390,235,114,290,1,1,1
961,8,1746,9,111,185,1,1,1
961,9,705,-25,54,71,1,1,1
962,1,513,496,197,487,1,1,1
962,2,828,388,177,506,1,1,1
962,4,958,488,105,251,1,1,1
962,3,1181,23,60,169,1,1,1
962,5,1396,61,89,183,1,1,1
962,6,391,233,114,290,1,1,1
962,8,1745,10,111,185,1,1,1
962,9,706,-25,54,71,1,1,1
963,1,518,496,197,487,1,1,1
963,2,829,391,177,506,1,1,1
963,4,959,483,105,251,1,1,1
963,3,1182,21,60,169,1,1,1
963,5,1395,61,89,183,1,1,1
963,6,392,231,114,290,1,1,1
963,8,1774,7,89,185,1,1,1
963,9,706,-25,54,71,1,1,1
964,1,522,480,197,487,1,1,1
964,2,832,390,177,506,1,1,1
964,4,959,480,105,251,1,1,1
964,3,1179,15,60,169,1,1,1
964,5,1396,61,89,183,1,1,1
964,6,395,230,114,290,1,1,1
964,8,1774,3,89,185,1,1,1
964,9,707,-26,54,71,1,1,1
965,1,524,477,197,487,1,1,1
965,2,835,387,177,506,1,1,1
965,4,957,486,106,239,1,1,1
965,3,1180,21,60,169,1,1,1
965,5,1396,59,89,183,1,1,1
965,6,396,230,114,290,1,1,1
965,8,1783,12,89,185,1,1,1
965,9,706,-26,54,71,1,1,1
966,1,525,476,197,487,1,1,1
966,2,836,385,177,506,1,1,1
966,4,960,476,101,242,1,1,1
966,3,1179,16,60,169,1,1,1
966,5,1395,61,89,183,1,1,1
966,6,398,227,114,290,1,1,1
966,8,1785,15,89,185,1,1,1
966,9,707,-26,54,71,1,1,1
967,1,527,474,197,487,1,1,1
967,2,839,382,177,506,1,1,1
967,4,955,474,100,239,1,1,1
967,3,1178,20,60,169,1,1,1
967,5,1396,59,89,183,1,1,1
967,6,399,226,114,290,1,1,1
967,8,1784,8,89,185,1,1,1
967,9,707,-26,54,71,1,1,1
968,1,529,473,197,487,1,1,1
968,2,841,380,177,506,1,1,1
968,4,955,469,100,239,1,1,1
968,3,1177,17,60,169,1,1,1
968,5,1395,59,89,183,1,1,1
968,6,400,224,114,290,1,1,1
968,8,1787,12,89,185,1,1,1
968,9,707,-26,54,71,1,1,1
969,1,531,472,197,487,1,1,1
969,2,843,381,177,506,1,1,1
969,4,942,468,100,239,1,1,1
969,3,1178,21,60,169,1,1,1
969,5,1395,58,89,183,1,1,1
969,6,402,221,114,290,1,1,1
969,8,1788,11,89,185,1,1,1
969,9,707,-26,54,71,1,1,1
970,1,532,472,197,487,1,1,1
970,2,847,379,177,506,1,1,1
970,4,933,467,100,239,1,1,1
970,3,1179,19,60,169,1,1,1
970,5,1394,57,89,183,1,1,1
970,6,404,223,114,290,1,1,1
970,8,1780,7,101,185,1,1,1
970,9,707,-26,54,71,1,1,1
971,1,533,473,197,487,1,1,1
971,2,847,378,177,506,1,1,1
971,4,931,465,100,239,1,1,1
971,3,1177,32,60,169,1,1,1
971,5,1394,57,89,183,1,1,1
971,6,407,220,114,290,1,1,1
971,8,1776,10,107,185,1,1,1
971,9,708,-27,54,71,1,1,1
972,1,533,472,197,487,1,1,1
972,2,849,377,177,506,1,1,1
972,4,928,464,100,239,1,1,1
972,3,1177,13,60,169,1,1,1
972,5,1392,57,89,183,1,1,1
972,6,411,222,109,276,1,1,1
972,8,1777,13,107,185,1,1,1
972,9,708,-27,54,71,1,1,1
973,1,535,476,197,487,1,1,1
973,2,851,378,177,506,1,1,1
973,4,930,463,100,239,1,1,1
973,3,1178,20,60,169,1,1,1
973,5,1393,56,89,183,1,1,1
973,6,411,222,109,276,1,1,1
973,8,1783,9,107,185,1,1,1
973,9,708,-27,54,71,1,1,1
974,1,535,477,197,487,1,1,1
974,2,852,379,177,506,1,1,1
974,4,930,459,100,239,1,1,1
974,3,1180,20,60,169,1,1,1
974,5,1391,55,89,183,1,1,1
974,6,413,220,109,276,1,1,1
974,8,1788,9,107,185,1,1,1
974,9,709,-27,54,71,1,1,1
975,1,536,476,197,487,1,1,1
975,2,854,380,177,506,1,1,1
975,4,925,458,100,239,1,1,1
975,3,1179,16,60,169,1,1,1
975,5,1392,55,89,183,1,1,1
975,6,415,219,109,276,1,1,1
975,8,1787,9,107,185,1,1,1
975,9,710,-28,54,71,1,1,1
976,1,538,485,188,482,1,1,1
976,2,854,380,177,506,1,1,1
976,4,924,459,100,228,1,1,1
976,3,1176,16,60,169,1,1,1
976,5,1391,54,89,183,1,1,1
976,6,418,217,109,276,1,1,1
976,8,1790,9,107,185,1,1,1
976,9,710,-28,54,71,1,1,1
977,1,530,496,188,482,1,1,1
977,2,855,377,177,506,1,1,1
977,4,920,455,100,228,1,1,1
977,3,1175,15,60,169,1,1,1
977,5,1390,53,89,183,1,1,1
977,6,421,216,109,276,1,1,1
977,8,1793,7,107,185,1,1,1
977,9,710,-27,54,71,1,1,1
978,1,543,484,188,482,1,1,1
978,2,850,403,186,503,1,1,1
978,4,915,453,118,228,1,1,1
978,3,1177,15,60,169,1,1,1
978,5,1389,51,89,183,1,1,1
978,6,423,214,109,276,1,1,1
978,8,1795,10,107,185,1,1,1
978,9,711,-28,54,71,1,1,1
979,1,544,480,188,482,1,1,1
979,2,850,402,186,503,1,1,1
979,4,918,449,118,228,1,1,1
979,3,1178,12,60,169,1,1,1
979,5,1388,50,89,183,1,1,1
979,6,425,211,109,276,1,1,1
979,8,1796,9,107,185,1,1,1
980,1,544,477,188,482,1,1,1
980,2,852,396,186,503,1,1,1
980,4,905,447,118,228,1,1,1
980,3,1176,16,60,169,1,1,1
980,5,1387,50,89,183,1,1,1
980,6,427,210,109,276,1,1,1
980,8,1805,5,92,185,1,1,1
981,1,549,482,179,479,1,1,1
981,2,849,408,186,503,1,1,1
981,4,927,435,97,228,1,1,1
981,3,1178,15,60,169,1,1,1
981,5,1389,53,84,174,1,1,1
981,6,428,209,109,276,1,1,1
981,8,1812,9,92,185,1,1,1
982,1,549,483,179,459,1,1,1
982,2,849,389,186,503,1,1,1
982,4,917,436,97,228,1,1,1
982,3,1176,9,60,169,1,1,1
982,5,1387,52,84,174,1,1,1
982,6,430,205,109,276,1,1,1
982,8,1815,7,92,185,1,1,1
983,1,551,479,179,459,1,1,1
983,2,849,384,186,503,1,1,1
983,4,915,434,97,228,1,1,1
983,3,1173,5,60,169,1,1,1
983,5,1386,50,84,174,1,1,1
983,6,433,205,109,276,1,1,1
983,8,1818,9,92,185,1,1,1
984,1,551,477,179,459,1,1,1
984,2,852,382,177,496,1,1,1
984,4,913,431,97,228,1,1,1
984,3,1175,12,60,169,1,1,1
984,5,1386,50,84,174,1,1,1
984,6,434,203,109,276,1,1,1
984,8,1817,10,92,185,1,1,1
985,1,552,478,179,459,1,1,1
985,2,851,374,177,496,1,1,1
985,4,909,431,97,228,1,1,1
985,3,1179,10,60,169,1,1,1
985,5,1383,50,84,174,1,1,1
985,6,438,205,104,263,1,1,1
985,8,1817,10,92,185,1,1,1
986,1,554,470,179,459,1,1,1
986,2,847,390,177,496,1,1,1
986,4,907,431,97,228,1,1,1
986,3,1173,14,60,169,1,1,1
986,5,1382,48,84,174,1,1,1
986,6,439,196,109,276,1,1,1
986,8,1812,16,104,176,1,1,1
987,1,556,468,179,459,1,1,1
987,2,848,374,177,496,1,1,1
987,4,906,431,97,228,1,1,1
987,3,1175,11,60,169,1,1,1
987,5,1381,47,84,174,1,1,1
987,6,441,196,109,276,1,1,1
987,8,1813,10,104,176,1,1,1
988,1,558,465,179,459,1,1,1
988,2,848,372,177,496,1,1,1
988,4,914,425,90,230,1,1,1
988,3,1171,25,60,169,1,1,1
988,5,1381,46,84,174,1,1,1
988,6,442,194,109,276,1,1,1
988,8,1812,12,104,176,1,1,1
989,1,561,461,179,459,1,1,1
989,2,846,371,177,496,1,1,1
989,4,908,424,90,230,1,1,1
989,3,1177,13,57,161,1,1,1
989,5,1379,45,84,174,1,1,1
989,6,445,190,109,276,1,1,1
989,8,1814,14,104,176,1,1,1
990,1,563,460,179,459,1,1,1
990,2,846,367,177,496,1,1,1
990,4,907,414,90,230,1,1,1
990,3,1173,11,57,161,1,1,1
990,5,1377,44,84,174,1,1,1
990,6,446,189,109,276,1,1,1
990,8,1813,7,104,176,1,1,1
991,1,565,456,179,459,1,1,1
991,2,847,369,177,496,1,1,1
991,4,902,415,90,230,1,1,1
991,3,1174,11,57,161,1,1,1
991,5,1376,43,84,174,1,1,1
991,6,449,188,109,276,1,1,1
991,8,1816,19,104,176,1,1,1
992,1,564,444,188,482,1,1,1
992,2,850,375,169,472,1,1,1
992,4,902,413,90,230,1,1,1
992,3,1171,11,57,161,1,1,1
992,5,1376,42,84,174,1,1,1
992,6,451,186,109,276,1,1,1
992,8,1815,18,104,176,1,1,1
993,1,566,447,188,482,1,1,1
993,2,849,374,169,472,1,1,1
993,4,903,413,90,230,1,1,1
993,3,1171,9,57,161,1,1,1
993,5,1374,40,84,174,1,1,1
993,6,453,182,109,276,1,1,1
993,8,1828,5,90,176,1,1,1
994,1,569,443,188,482,1,1,1
994,2,851,372,169,495,1,1,1
994,4,902,412,90,230,1,1,1
994,3,1171,4,57,161,1,1,1
994,5,1372,40,84,174,1,1,1
994,6,456,180,109,276,1,1,1
994,8,1829,13,90,176,1,1,1
995,1,573,440,188,482,1,1,1
995,2,852,361,169,495,1,1,1
995,4,903,386,90,230,1,1,1
995,3,1169,4,57,161,1,1,1
995,5,1374,44,80,166,1,1,1
995,6,458,179,109,276,1,1,1
995,8,1830,7,90,176,1,1,1
996,1,576,438,188,482,1,1,1
996,2,854,361,169,495,1,1,1
996,4,911,386,101,212,1,1,1
996,3,1168,8,57,161,1,1,1
996,5,1372,42,80,166,1,1,1
996,6,461,183,104,263,1,1,1
996,8,1830,7,90,176,1,1,1
997,1,578,436,188,482,1,1,1
997,2,838,366,182,502,1,1,1
997,4,903,385,101,212,1,1,1
997,3,1167,8,57,161,1,1,1
997,5,1370,42,80,166,1,1,1
997,6,464,180,104,263,1,1,1
997,8,1829,9,90,176,1,1,1
998,1,582,433,188,482,1,1,1
998,2,850,363,182,502,1,1,1
998,4,905,384,101,212,1,1,1
998,3,1166,17,57,161,1,1,1
998,5,1370,41,80,166,1,1,1
998,6,465,178,104,263,1,1,1
998,8,1830,10,90,176,1,1,1
999,1,586,431,188,482,1,1,1
999,2,852,358,182,502,1,1,1
999,4,907,383,101,212,1,1,1
999,3,1165,14,57,161,1,1,1
999,5,1368,41,80,166,1,1,1
999,6,467,176,104,263,1,1,1
999,8,1829,13,90,176,1,1,1
1000,1,591,430,188,482,1,1,1
1000,2,854,358,182,502,1,1,1
1000,4,906,375,106,223,1,1,1
1000,3,1165,12,57,161,1,1,1
1000,5,1367,39,80,166,1,1,1
1000,6,470,174,104,263,1,1,1
1000,8,1844,5,90,176,1,1,1
1001,1,595,425,188,482,1,1,1
1001,2,856,353,182,502,1,1,1
1001,4,908,374,106,223,1,1,1
1001,3,1164,11,57,161,1,1,1
1001,5,1365,38,80,166,1,1,1
1001,6,472,173,104,263,1,1,1
1001,8,1829,9,90,176,1,1,1
1002,1,598,421,188,482,1,1,1
1002,2,857,350,182,502,1,1,1
1002,4,908,370,106,200,1,1,1
1002,3,1163,11,57,161,1,1,1
1002,5,1366,40,77,158,1,1,1
1002,6,474,170,104,263,1,1,1
1002,8,1845,10,90,176,1,1,1
1003,1,607,433,179,459,1,1,1
1003,2,860,346,182,502,1,1,1
1003,4,907,372,106,200,1,1,1
1003,3,1163,11,57,161,1,1,1
1003,5,1365,39,77,158,1,1,1
1003,6,475,168,104,263,1,1,1
1003,8,1829,10,90,176,1,1,1
1004,1,610,431,179,459,1,1,1
1004,2,860,340,182,502,1,1,1
1004,4,907,369,106,200,1,1,1
1004,3,1162,9,57,161,1,1,1
1004,5,1364,38,77,158,1,1,1
1004,6,478,166,104,263,1,1,1
1004,8,1840,3,90,176,1,1,1
1005,1,611,430,179,459,1,1,1
1005,2,863,338,182,502,1,1,1
1005,4,908,367,106,200,1,1,1
1005,3,1162,9,57,161,1,1,1
1005,5,1362,37,77,158,1,1,1
1005,6,479,164,104,263,1,1,1
1005,8,1847,8,90,176,1,1,1
1006,1,616,421,179,459,1,1,1
1006,2,863,358,182,478,1,1,1
1006,4,909,365,106,200,1,1,1
1006,3,1162,8,57,161,1,1,1
1006,5,1361,37,77,158,1,1,1
1006,6,495,163,90,263,1,1,1
1006,8,1847,7,90,176,1,1,1
1007,1,617,413,179,459,1,1,1
1007,2,864,345,182,478,1,1,1
1007,4,909,363,106,200,1,1,1
1007,3,1160,9,57,161,1,1,1
1007,5,1360,36,77,158,1,1,1
1007,6,497,159,90,263,1,1,1
1007,8,1848,8,90,176,1,1,1
1008,1,619,409,179,459,1,1,1
1008,2,864,341,182,478,1,1,1
1008,4,912,362,101,190,1,1,1
1008,3,1160,6,57,161,1,1,1
1008,5,1359,35,77,158,1,1,1
1008,6,497,156,90,263,1,1,1
1008,8,1848,7,90,176,1,1,1
1009,1,620,408,179,459,1,1,1
1009,2,862,336,182,478,1,1,1
1009,4,910,358,101,190,1,1,1
1009,3,1162,10,54,153,1,1,1
1009,5,1359,32,77,158,1,1,1
1009,6,499,154,90,263,1,1,1
1009,8,1848,7,90,176,1,1,1
1010,1,624,411,171,437,1,1,1
1010,2,863,334,182,478,1,1,1
1010,4,909,352,106,200,1,1,1
1010,3,1161,9,54,153,1,1,1
1010,5,1358,30,77,158,1,1,1
1010,6,501,150,90,263,1,1,1
1010,8,1848,6,90,176,1,1,1
1011,1,626,408,171,437,1,1,1
1011,2,861,330,182,478,1,1,1
1011,4,907,350,106,200,1,1,1
1011,3,1159,8,54,153,1,1,1
1011,5,1357,30,77,158,1,1,1
1011,6,503,148,90,263,1,1,1
1011,8,1847,6,90,176,1,1,1
1012,1,627,406,171,437,1,1,1
1012,2,855,322,191,502,1,1,1
1012,4,916,346,96,200,1,1,1
1012,3,1159,6,54,153,1,1,1
1012,5,1356,29,77,158,1,1,1
1012,6,503,146,90,263,1,1,1
1012,8,1829,0,90,176,1,1,1
1013,1,623,397,179,459,1,1,1
1013,2,858,323,182,478,1,1,1
1013,4,920,342,96,200,1,1,1
1013,3,1158,3,54,153,1,1,1
1013,5,1354,27,77,158,1,1,1
1013,6,505,144,90,263,1,1,1
1013,8,1856,0,90,176,1,1,1
1014,1,624,397,179,459,1,1,1
1014,2,857,321,182,478,1,1,1
1014,4,910,343,115,200,1,1,1
1014,3,1158,3,54,153,1,1,1
1014,5,1354,25,77,158,1,1,1
1014,6,507,144,90,263,1,1,1
1015,1,624,393,179,459,1,1,1
1015,2,859,321,173,455,1,1,1
1015,4,910,342,115,200,1,1,1
1015,3,1158,2,54,153,1,1,1
1015,5,1352,24,77,158,1,1,1
1015,6,507,142,90,263,1,1,1
1016,1,623,391,179,459,1,1,1
1016,2,839,344,188,432,1,1,1
1016,4,919,338,115,200,1,1,1
1016,3,1157,0,54,153,1,1,1
1016,5,1351,24,77,158,1,1,1
1016,6,511,148,86,250,1,1,1
1017,1,624,387,179,459,1,1,1
1017,2,841,349,188,432,1,1,1
1017,4,916,341,115,200,1,1,1
1017,3,1156,-1,54,153,1,1,1
1017,5,1351,23,77,158,1,1,1
1017,6,512,147,86,250,1,1,1
1018,1,625,391,179,459,1,1,1
1018,2,833,346,188,432,1,1,1
1018,4,919,336,115,200,1,1,1
1018,3,1156,0,54,153,1,1,1
1018,5,1350,22,77,158,1,1,1
1018,6,512,146,86,250,1,1,1
1019,1,624,388,179,459,1,1,1
1019,2,834,346,188,432,1,1,1
1019,4,925,338,105,200,1,1,1
1019,3,1156,0,54,153,1,1,1
1019,5,1349,22,77,158,1,1,1
1019,6,514,144,86,250,1,1,1
1020,1,625,388,179,459,1,1,1
1020,2,825,343,188,432,1,1,1
1020,4,927,336,105,200,1,1,1
1020,3,1154,-1,54,153,1,1,1
1020,5,1347,22,77,158,1,1,1
1020,6,515,144,86,250,1,1,1
1021,1,631,396,171,437,1,1,1
1021,2,826,343,188,432,1,1,1
1021,4,924,333,105,200,1,1,1
1021,3,1154,-1,54,153,1,1,1
1021,5,1346,21,77,158,1,1,1
1021,6,515,142,86,250,1,1,1
1022,1,637,399,162,416,1,1,1
1022,2,827,344,188,432,1,1,1
1022,4,920,329,105,200,1,1,1
1022,3,1154,0,54,153,1,1,1
1022,5,1346,21,77,158,1,1,1
1022,6,517,142,86,250,1,1,1
1023,1,640,402,162,416,1,1,1
1023,2,829,332,188,432,1,1,1
1023,4,921,333,105,200,1,1,1
1023,3,1153,-1,54,153,1,1,1
1023,5,1344,21,77,158,1,1,1
1023,6,517,142,86,250,1,1,1
1024,1,641,403,173,416,1,1,1
1024,2,827,337,188,432,1,1,1
1024,4,930,335,105,200,1,1,1
1024,3,1153,-1,54,153,1,1,1
1024,5,1344,22,77,158,1,1,1
1024,6,517,141,86,250,1,1,1
1025,1,641,401,185,416,1,1,1
1025,2,827,334,188,432,1,1,1
1025,4,925,334,105,200,1,1,1
1025,3,1154,-1,54,153,1,1,1
1025,5,1344,20,77,158,1,1,1
1025,6,518,141,86,250,1,1,1
1026,1,642,397,201,425,1,1,1
1026,2,819,334,188,432,1,1,1
1026,4,918,336,105,200,1,1,1
1026,3,1152,-1,54,153,1,1,1
1026,5,1343,21,77,158,1,1,1
1026,6,519,141,86,250,1,1,1
1027,1,643,391,202,426,1,1,1
1027,2,822,327,170,432,1,1,1
1027,4,932,333,105,200,1,1,1
1027,3,1153,0,54,153,1,1,1
1027,5,1343,20,77,158,1,1,1
1027,6,518,141,86,250,1,1,1
1028,1,647,412,216,426,1,1,1
1028,2,819,341,170,432,1,1,1
1028,4,922,330,105,200,1,1,1
1028,3,1152,-1,54,153,1,1,1
1028,5,1342,21,77,158,1,1,1
1028,6,520,140,86,250,1,1,1
1029,1,649,419,216,409,1,1,1
1029,2,812,339,170,432,1,1,1
1029,4,921,330,105,200,1,1,1
1029,3,1152,-1,54,153,1,1,1
1029,5,1342,20,77,158,1,1,1
1029,6,520,141,86,250,1,1,1
1030,1,654,424,216,409,1,1,1
1030,2,818,334,170,432,1,1,1
1030,4,920,331,105,200,1,1,1
1030,3,1151,-1,54,153,1,1,1
1030,5,1342,20,77,158,1,1,1
1030,6,520,139,86,250,1,1,1
1031,1,654,418,216,409,1,1,1
1031,2,819,335,170,432,1,1,1
1031,4,920,331,105,200,1,1,1
1031,3,1152,0,54,153,1,1,1
1031,5,1342,21,77,158,1,1,1
1031,6,519,139,86,250,1,1,1
1032,1,659,420,216,409,1,1,1
1032,2,816,342,170,432,1,1,1
1032,4,919,330,105,200,1,1,1
1032,3,1151,-1,54,153,1,1,1
1032,5,1342,20,77,158,1,1,1
1032,6,520,139,86,250,1,1,1
1033,1,664,419,216,409,1,1,1
1033,2,813,343,170,432,1,1,1
1033,4,919,331,105,200,1,1,1
1033,3,1152,-1,54,153,1,1,1
1033,5,1343,20,77,158,1,1,1
1033,6,519,139,86,250,1,1,1
1034,1,668,423,216,409,1,1,1
1034,2,811,343,170,432,1,1,1
1034,4,919,330,105,200,1,1,1
1034,3,1151,0,54,153,1,1,1
1034,5,1343,19,77,158,1,1,1
1034,6,519,139,86,250,1,1,1
1035,1,677,434,206,390,1,1,1
1035,2,813,344,170,432,1,1,1
1035,4,918,335,105,200,1,1,1
1035,3,1152,0,54,153,1,1,1
1035,5,1345,24,73,150,1,1,1
1035,6,519,140,86,250,1,1,1
1036,1,683,440,206,390,1,1,1
1036,2,812,345,170,432,1,1,1
1036,4,918,335,105,200,1,1,1
1036,3,1151,0,54,153,1,1,1
1036,5,1345,23,73,150,1,1,1
1036,6,520,139,86,250,1,1,1
1037,1,687,437,206,390,1,1,1
1037,2,808,352,162,411,1,1,1
1037,4,925,334,103,201,1,1,1
1037,3,1152,0,54,153,1,1,1
1037,5,1345,22,73,150,1,1,1
1037,6,520,139,86,250,1,1,1
1038,1,692,438,206,390,1,1,1
1038,2,796,355,162,411,1,1,1
1038,4,922,324,103,201,1,1,1
1038,3,1151,-1,54,153,1,1,1
1038,5,1345,24,73,150,1,1,1
1038,6,521,140,86,250,1,1,1
1039,1,692,433,216,409,1,1,1
1039,2,791,355,162,411,1,1,1
1039,4,920,326,103,201,1,1,1
1039,3,1152,0,54,153,1,1,1
1039,5,1344,24,73,150,1,1,1
1039,6,520,139,86,250,1,1,1
1040,1,700,439,216,409,1,1,1
1040,2,788,357,162,411,1,1,1
1040,4,920,325,103,201,1,1,1
1040,3,1151,-1,54,153,1,1,1
1040,5,1344,24,73,150,1,1,1
1040,6,521,140,86,250,1,1,1
1041,1,709,441,216,409,1,1,1
1041,2,768,360,180,412,1,1,1
1041,4,918,320,108,211,1,1,1
1041,3,1151,0,54,153,1,1,1
1041,5,1342,24,73,150,1,1,1
1041,6,520,140,86,250,1,1,1
1042,1,717,442,216,417,1,1,1
1042,2,760,367,180,412,1,1,1
1042,4,918,320,108,211,1,1,1
1042,3,1152,0,54,153,1,1,1
1042,5,1342,24,73,150,1,1,1
1042,6,521,140,86,250,1,1,1
1043,1,740,449,201,425,1,1,1
1043,2,746,372,191,412,1,1,1
1043,4,917,321,108,211,1,1,1
1043,3,1152,0,54,153,1,1,1
1043,5,1340,23,73,150,1,1,1
1043,6,521,140,86,250,1,1,1
1044,1,742,456,201,425,1,1,1
1044,2,737,382,201,414,1,1,1
1044,4,917,320,108,211,1,1,1
1044,3,1152,-1,54,153,1,1,1
1044,5,1340,24,73,150,1,1,1
1044,6,520,140,86,250,1,1,1
1045,1,743,447,201,444,1,1,1
1045,2,742,377,201,431,1,1,1
1045,4,918,320,108,211,1,1,1
1045,3,1151,-1,54,153,1,1,1
1045,5,1339,23,73,150,1,1,1
1045,6,519,140,86,250,1,1,1
1046,1,746,451,201,444,1,1,1
1046,2,742,379,201,440,1,1,1
1046,4,919,325,103,201,1,1,1
1046,3,1150,-1,54,153,1,1,1
1046,5,1338,25,73,150,1,1,1
1046,6,521,140,86,250,1,1,1
1047,1,768,453,179,444,1,1,1
1047,2,742,388,201,440,1,1,1
1047,4,919,327,103,201,1,1,1
1047,3,1151,0,54,153,1,1,1
1047,5,1338,24,73,150,1,1,1
1047,6,519,140,86,250,1,1,1
1048,1,768,467,179,444,1,1,1
1048,2,741,386,201,440,1,1,1
1048,4,919,326,103,201,1,1,1
1048,3,1151,0,54,153,1,1,1
1048,5,1336,25,73,150,1,1,1
1048,6,519,141,86,250,1,1,1
1049,1,768,472,179,444,1,1,1
1049,2,741,384,201,440,1,1,1
1049,4,920,327,103,201,1,1,1
1049,3,1151,-1,54,153,1,1,1
1049,5,1338,25,73,150,1,1,1
1049,6,519,140,86,250,1,1,1
1050,1,773,467,179,444,1,1,1
1050,2,739,386,201,440,1,1,1
1050,4,919,327,103,201,1,1,1
1050,3,1151,0,54,153,1,1,1
1050,5,1338,26,73,150,1,1,1
1050,6,519,140,86,250,1,1,1
1051,1,778,475,179,444,1,1,1
1051,2,733,376,196,442,1,1,1
1051,4,919,331,103,201,1,1,1
1051,3,1151,0,54,153,1,1,1
1051,5,1337,26,73,150,1,1,1
1051,6,520,142,86,250,1,1,1
1052,1,784,479,179,444,1,1,1
1052,2,712,384,196,442,1,1,1
1052,4,921,336,113,191,1,1,1
1052,3,1152,-1,54,153,1,1,1
1052,5,1339,27,73,150,1,1,1
1052,6,521,142,86,250,1,1,1
1053,1,792,482,179,444,1,1,1
1053,2,697,376,196,442,1,1,1
1053,4,917,339,113,191,1,1,1
1053,3,1152,-1,54,153,1,1,1
1053,5,1339,26,73,150,1,1,1
1053,6,521,141,86,250,1,1,1
1054,1,797,478,179,444,1,1,1
1054,2,696,373,196,442,1,1,1
1054,4,920,346,108,182,1,1,1
1054,3,1151,-1,54,153,1,1,1
1054,5,1340,27,73,150,1,1,1
1054,6,521,141,86,250,1,1,1
1055,1,803,480,179,444,1,1,1
1055,2,688,375,196,442,1,1,1
1055,4,919,352,98,182,1,1,1
1055,3,1151,-1,54,153,1,1,1
1055,5,1340,27,73,150,1,1,1
1055,6,521,142,86,250,1,1,1
1056,1,807,486,179,444,1,1,1
1056,2,679,380,196,442,1,1,1
1056,4,926,335,98,204,1,1,1
1056,3,1152,-1,54,153,1,1,1
1056,5,1342,25,73,150,1,1,1
1056,6,521,143,86,250,1,1,1
1057,1,821,492,170,423,1,1,1
1057,2,667,395,196,442,1,1,1
1057,4,922,340,98,204,1,1,1
1057,3,1151,1,54,153,1,1,1
1057,5,1341,24,73,150,1,1,1
1057,6,521,142,86,250,1,1,1
1058,1,828,498,170,423,1,1,1
1058,2,656,401,196,457,1,1,1
1058,4,922,345,98,204,1,1,1
1058,3,1152,1,54,153,1,1,1
1058,5,1342,24,73,150,1,1,1
1058,6,521,141,86,250,1,1,1
1059,1,834,501,170,423,1,1,1
1059,2,653,409,196,457,1,1,1
1059,4,925,339,93,194,1,1,1
1059,3,1151,-1,54,153,1,1,1
1059,5,1344,25,73,150,1,1,1
1059,6,521,143,86,250,1,1,1
1060,1,840,505,170,423,1,1,1
1060,2,649,397,196,495,1,1,1
1060,4,926,342,93,194,1,1,1
1060,3,1152,1,54,153,1,1,1
1060,5,1344,25,73,150,1,1,1
1060,6,521,144,86,250,1,1,1
1061,1,845,507,170,423,1,1,1
1061,2,642,414,196,495,1,1,1
1061,4,925,333,93,194,1,1,1
1061,3,1151,-1,54,153,1,1,1
1061,5,1344,25,73,150,1,1,1
1061,6,521,145,86,250,1,1,1
1062,1,850,502,204,432,1,1,1
1062,2,638,422,196,495,1,1,1
1062,4,923,336,93,194,1,1,1
1062,3,1152,7,52,146,1,1,1
1062,5,1344,25,73,150,1,1,1
1062,6,521,143,86,250,1,1,1
1063,1,844,504,225,432,1,1,1
1063,2,632,427,196,495,1,1,1
1063,4,920,333,98,204,1,1,1
1063,3,1153,6,52,146,1,1,1
1063,5,1344,26,73,150,1,1,1
1063,6,520,144,86,250,1,1,1
1064,1,867,505,222,445,1,1,1
1064,2,630,426,196,495,1,1,1
1064,4,923,342,93,194,1,1,1
1064,3,1152,8,52,146,1,1,1
1064,5,1345,25,73,150,1,1,1
1064,6,519,145,86,250,1,1,1
1065,1,871,514,222,445,1,1,1
1065,2,623,434,196,495,1,1,1
1065,4,920,338,98,204,1,1,1
1065,3,1153,7,52,146,1,1,1
1065,5,1345,26,73,150,1,1,1
1065,6,520,144,86,250,1,1,1
1066,1,873,516,222,445,1,1,1
1066,2,622,442,196,495,1,1,1
1066,4,919,345,98,204,1,1,1
1066,3,1152,7,52,146,1,1,1
1066,5,1345,26,73,150,1,1,1
1066,6,519,145,86,250,1,1,1
1067,1,864,517,222,445,1,1,1
1067,2,619,447,196,495,1,1,1
1067,4,922,348,93,194,1,1,1
1067,3,1153,9,52,146,1,1,1
1067,5,1343,26,73,150,1,1,1
1067,6,520,144,86,250,1,1,1
1068,1,871,520,222,445,1,1,1
1068,2,621,448,196,495,1,1,1
1068,4,923,347,89,185,1,1,1
1068,3,1153,9,52,146,1,1,1
1068,5,1343,25,73,150,1,1,1
1068,6,519,144,86,250,1,1,1
1069,1,880,524,222,445,1,1,1
1069,2,612,448,196,495,1,1,1
1069,4,923,343,89,191,1,1,1
1069,3,1152,7,52,146,1,1,1
1069,5,1344,24,73,150,1,1,1
1069,6,520,143,86,250,1,1,1
1070,1,893,534,211,424,1,1,1
1070,2,614,445,196,495,1,1,1
1070,4,923,345,89,191,1,1,1
1070,3,1152,9,52,146,1,1,1
1070,5,1342,25,73,150,1,1,1
1070,6,519,144,86,250,1,1,1
1071,1,899,535,211,424,1,1,1
1071,2,613,436,196,495,1,1,1
1071,4,924,346,89,191,1,1,1
1071,3,1153,8,52,146,1,1,1
1071,5,1342,24,73,150,1,1,1
1071,6,520,143,86,250,1,1,1
1072,1,907,534,211,424,1,1,1
1072,2,610,437,196,495,1,1,1
1072,4,923,347,89,191,1,1,1
1072,3,1151,5,54,153,1,1,1
1072,5,1340,25,73,150,1,1,1
1072,6,521,143,86,250,1,1,1
1073,1,914,534,211,424,1,1,1
1073,2,608,441,196,495,1,1,1
1073,4,923,345,89,191,1,1,1
1073,3,1151,5,54,153,1,1,1
1073,5,1340,24,73,150,1,1,1
1073,6,523,149,82,239,1,1,1
1074,1,919,535,211,424,1,1,1
1074,2,606,445,196,495,1,1,1
1074,4,924,343,89,191,1,1,1
1074,3,1152,5,54,153,1,1,1
1074,5,1339,25,73,150,1,1,1
1074,6,523,148,82,239,1,1,1
1075,1,925,531,211,424,1,1,1
1075,2,604,448,196,495,1,1,1
1075,4,924,343,89,191,1,1,1
1075,3,1151,7,54,153,1,1,1
1075,5,1337,23,73,150,1,1,1
1075,6,523,148,82,239,1,1,1
1076,1,930,535,211,424,1,1,1
1076,2,601,453,196,495,1,1,1
1076,4,925,344,89,191,1,1,1
1076,3,1152,2,54,153,1,1,1
1076,5,1337,24,73,150,1,1,1
1076,6,524,148,82,239,1,1,1
1077,1,942,543,201,419,1,1,1
1077,2,599,459,207,501,1,1,1
1077,4,924,343,89,191,1,1,1
1077,3,1152,3,54,153,1,1,1
1077,5,1336,22,73,150,1,1,1
1077,6,524,146,82,239,1,1,1
1078,1,947,534,201,435,1,1,1
1078,2,586,472,207,501,1,1,1
1078,4,924,341,89,191,1,1,1
1078,3,1151,2,54,153,1,1,1
1078,5,1335,23,73,150,1,1,1
1078,6,525,146,82,239,1,1,1
1079,1,951,525,201,465,1,1,1
1079,2,587,461,210,519,1,1,1
1079,4,924,342,89,191,1,1,1
1079,3,1151,2,54,153,1,1,1
1079,5,1335,24,73,150,1,1,1
1079,6,525,146,82,239,1,1,1
1080,1,956,517,201,488,1,1,1
1080,2,584,452,210,541,1,1,1
1080,4,924,341,89,191,1,1,1
1080,3,1151,1,54,153,1,1,1
1080,5,1334,23,73,150,1,1,1
1080,6,526,145,82,239,1,1,1
1081,1,961,512,209,507,1,1,1
1081,2,579,465,210,541,1,1,1
1081,4,924,341,89,191,1,1,1
1081,3,1150,3,54,153,1,1,1
1081,5,1331,25,73,150,1,1,1
1081,6,525,145,82,239,1,1,1
1082,1,961,509,220,521,1,1,1
1082,2,575,470,210,541,1,1,1
1082,4,925,341,89,191,1,1,1
1082,3,1150,3,54,153,1,1,1
1082,5,1331,24,73,150,1,1,1
1082,6,527,145,82,239,1,1,1
1083,1,960,512,220,521,1,1,1
1083,2,573,480,210,541,1,1,1
1083,4,924,341,89,191,1,1,1
1083,3,1150,1,54,153,1,1,1
1083,5,1330,24,73,150,1,1,1
1083,6,528,145,82,239,1,1,1
1084,1,964,544,220,494,1,1,1
1084,2,568,477,210,541,1,1,1
1084,4,924,338,89,191,1,1,1
1084,3,1152,5,52,146,1,1,1
1084,5,1330,24,73,150,1,1,1
1084,6,528,145,82,239,1,1,1
1085,1,964,539,220,494,1,1,1
1085,2,565,463,210,541,1,1,1
1085,4,924,338,89,191,1,1,1
1085,3,1150,6,52,146,1,1,1
1085,5,1331,23,73,150,1,1,1
1085,6,528,144,82,239,1,1,1
1086,1,968,536,220,494,1,1,1
1086,2,562,464,210,541,1,1,1
1086,4,926,342,85,182,1,1,1
1086,3,1150,7,52,146,1,1,1
1086,5,1329,24,73,150,1,1,1
1086,6,529,142,82,239,1,1,1
1087,1,972,536,220,494,1,1,1
1087,2,558,459,210,541,1,1,1
1087,4,927,339,85,182,1,1,1
1087,3,1150,7,52,146,1,1,1
1087,5,1330,24,73,150,1,1,1
1087,6,529,143,82,239,1,1,1
1088,1,975,535,220,494,1,1,1
1088,2,556,458,210,541,1,1,1
1088,4,927,338,85,182,1,1,1
1088,3,1150,5,52,146,1,1,1
1088,5,1330,23,73,150,1,1,1
1088,6,529,142,82,239,1,1,1
1089,1,975,536,220,494,1,1,1
1089,2,555,458,210,541,1,1,1
1089,4,926,334,85,182,1,1,1
1089,3,1150,5,52,146,1,1,1
1089,5,1330,22,73,150,1,1,1
1089,6,530,141,82,239,1,1,1
1090,1,979,534,220,494,1,1,1
1090,2,552,456,210,541,1,1,1
1090,4,928,335,81,173,1,1,1
1090,3,1149,7,52,146,1,1,1
1090,5,1330,23,73,150,1,1,1
1090,6,531,140,82,239,1,1,1
1091,1,980,536,220,494,1,1,1
1091,2,549,464,208,515,1,1,1
1091,4,925,333,85,182,1,1,1
1091,3,1149,3,52,146,1,1,1
1091,5,1331,24,73,150,1,1,1
1091,6,530,140,82,239,1,1,1
1092,1,981,541,220,494,1,1,1
1092,2,550,458,208,515,1,1,1
1092,4,925,329,85,182,1,1,1
1092,3,1148,4,52,146,1,1,1
1092,5,1330,23,73,150,1,1,1
1092,6,531,138,82,239,1,1,1
1093,1,984,538,220,494,1,1,1
1093,2,537,457,221,515,1,1,1
1093,4,926,332,81,173,1,1,1
1093,3,1149,6,52,146,1,1,1
1093,5,1331,22,73,150,1,1,1
1093,6,534,144,78,227,1,1,1
1094,1,985,541,220,494,1,1,1
1094,2,543,457,221,515,1,1,1
1094,4,926,329,81,173,1,1,1
1094,3,1148,4,52,146,1,1,1
1094,5,1332,21,73,150,1,1,1
1094,6,534,142,78,227,1,1,1
1095,1,986,538,220,494,1,1,1
1095,2,542,474,221,523,1,1,1
1095,4,924,327,85,182,1,1,1
1095,3,1147,3,52,146,1,1,1
1095,5,1331,20,73,150,1,1,1
1095,6,536,142,78,227,1,1,1
1096,1,988,537,220,494,1,1,1
1096,2,542,489,221,515,1,1,1
1096,4,924,326,85,182,1,1,1
1096,3,1150,5,49,139,1,1,1
1096,5,1331,21,73,150,1,1,1
1096,6,537,140,78,227,1,1,1
1097,1,989,536,220,494,1,1,1
1097,2,544,492,221,515,1,1,1
1097,4,924,324,85,182,1,1,1
1097,3,1149,6,49,139,1,1,1
1097,5,1331,21,73,150,1,1,1
1097,6,536,139,78,227,1,1,1
1098,1,996,542,210,470,1,1,1
1098,2,544,484,221,515,1,1,1
1098,4,924,320,85,182,1,1,1
1098,3,1149,5,49,139,1,1,1
1098,5,1331,20,73,150,1,1,1
1098,6,537,139,78,227,1,1,1
1099,1,992,538,220,494,1,1,1
1099,2,544,494,221,515,1,1,1
1099,4,925,317,85,182,1,1,1
1099,3,1148,5,49,139,1,1,1
1099,5,1331,20,73,150,1,1,1
1099,6,539,137,78,227,1,1,1
1100,1,994,536,220,494,1,1,1
1100,2,547,488,221,515,1,1,1
1100,4,924,316,85,182,1,1,1
1100,3,1149,4,49,139,1,1,1
1100,5,1331,19,73,150,1,1,1
1100,6,539,137,78,227,1,1,1
1101,1,996,534,220,494,1,1,1
1101,2,547,484,221,515,1,1,1
1101,4,925,317,81,173,1,1,1
1101,3,1147,3,49,139,1,1,1
1101,5,1329,19,73,150,1,1,1
1101,6,539,136,78,227,1,1,1
1102,1,997,535,220,494,1,1,1
1102,2,549,482,221,515,1,1,1
1102,4,926,316,81,173,1,1,1
1102,3,1146,3,49,139,1,1,1
1102,5,1330,19,73,150,1,1,1
1102,6,541,135,78,227,1,1,1
1103,1,999,532,220,494,1,1,1
1103,2,555,460,221,546,1,1,1
1103,4,926,312,81,173,1,1,1
1103,3,1145,3,49,139,1,1,1
1103,5,1329,17,73,150,1,1,1
1103,6,542,132,78,227,1,1,1
1104,1,1005,533,210,470,1,1,1
1104,2,557,449,221,546,1,1,1
1104,4,925,310,81,173,1,1,1
1104,3,1145,2,49,139,1,1,1
1104,5,1328,16,73,150,1,1,1
1104,6,544,131,78,227,1,1,1
1105,1,1005,531,210,470,1,1,1
1105,2,560,447,221,546,1,1,1
1105,4,925,307,81,173,1,1,1
1105,3,1144,2,49,139,1,1,1
1105,5,1327,16,73,150,1,1,1
1105,6,545,130,78,227,1,1,1
1106,1,1006,526,210,470,1,1,1
1106,2,562,444,221,546,1,1,1
1106,4,925,302,81,173,1,1,1
1106,3,1144,3,49,139,1,1,1
1106,5,1325,17,73,150,1,1,1
1106,6,545,128,78,227,1,1,1
1107,1,1001,511,220,494,1,1,1
1107,2,566,442,221,546,1,1,1
1107,4,924,300,81,173,1,1,1
1107,3,1144,1,49,139,1,1,1
1107,5,1324,15,73,150,1,1,1
1107,6,546,127,78,227,1,1,1
1108,1,999,507,220,494,1,1,1
1108,2,574,446,210,520,1,1,1
1108,4,923,298,81,173,1,1,1
1108,3,1143,-1,49,139,1,1,1
1108,5,1323,14,73,150,1,1,1
1108,6,548,125,78,227,1,1,1
1109,1,1000,502,220,494,1,1,1
1109,2,578,444,210,520,1,1,1
1109,4,923,296,81,173,1,1,1
1109,3,1143,-1,49,139,1,1,1
1109,5,1320,14,73,150,1,1,1
1109,6,550,123,78,227,1,1,1
1110,1,998,498,220,494,1,1,1
1110,2,579,441,210,520,1,1,1
1110,4,921,289,85,182,1,1,1
1110,3,1142,-1,49,139,1,1,1
1110,5,1320,12,73,150,1,1,1
1110,6,550,122,78,227,1,1,1
1111,1,996,492,220,494,1,1,1
1111,2,582,442,210,520,1,1,1
1111,4,922,287,81,173,1,1,1
1111,3,1141,-1,49,139,1,1,1
1111,5,1318,11,73,150,1,1,1
1111,6,553,121,78,227,1,1,1
1112,1,1000,497,210,470,1,1,1
1112,2,582,439,210,520,1,1,1
1112,4,922,288,81,173,1,1,1
1112,3,1141,-1,49,139,1,1,1
1112,5,1316,12,73,150,1,1,1
1112,6,553,119,78,227,1,1,1
1113,1,999,492,210,470,1,1,1
1113,2,591,442,200,495,1,1,1
1113,4,919,281,81,173,1,1,1
1113,3,1141,-1,49,139,1,1,1
1113,5,1315,10,73,150,1,1,1
1113,6,554,117,78,227,1,1,1
1114,1,1005,496,200,448,1,1,1
1114,2,599,445,190,490,1,1,1
1114,4,916,280,81,173,1,1,1
1114,3,1141,-1,49,139,1,1,1
1114,5,1313,9,73,150,1,1,1
1114,6,557,116,78,227,1,1,1
1115,1,1003,491,200,467,1,1,1
1115,2,599,440,190,509,1,1,1
1115,4,914,281,93,175,1,1,1
1115,3,1139,0,49,139,1,1,1
1115,5,1311,8,73,150,1,1,1
1115,6,558,114,78,227,1,1,1
1116,1,1001,485,200,467,1,1,1
1116,2,599,435,190,509,1,1,1
1116,4,899,284,103,165,1,1,1
1116,3,1137,0,52,146,1,1,1
1116,5,1309,7,73,150,1,1,1
1116,6,561,118,74,216,1,1,1
1117,1,1004,488,190,473,1,1,1
1117,2,601,431,190,524,1,1,1
1117,4,899,276,107,175,1,1,1
1117,3,1137,0,49,139,1,1,1
1117,5,1308,8,73,150,1,1,1
1117,6,563,117,74,216,1,1,1
1118,1,1001,483,190,464,1,1,1
1118,2,601,423,190,524,1,1,1
1118,4,894,276,108,173,1,1,1
1118,3,1136,0,49,139,1,1,1
1118,5,1308,10,69,143,1,1,1
1118,6,564,114,74,216,1,1,1
1119,1,999,477,190,463,1,1,1
1119,2,600,418,190,524,1,1,1
1119,4,893,275,108,173,1,1,1
1119,3,1135,-1,49,139,1,1,1
1119,5,1306,9,69,143,1,1,1
1119,6,566,113,74,216,1,1,1
1120,1,992,488,199,447,1,1,1
1120,2,599,413,190,524,1,1,1
1120,4,890,273,108,173,1,1,1
1120,3,1134,0,49,139,1,1,1
1120,5,1305,8,69,143,1,1,1
1120,6,568,113,74,216,1,1,1
1121,1,990,488,199,447,1,1,1
1121,2,599,408,190,524,1,1,1
1121,4,887,270,108,173,1,1,1
1121,3,1132,-1,49,139,1,1,1
1121,5,1304,9,69,143,1,1,1
1121,6,569,110,74,216,1,1,1
1122,1,987,481,199,447,1,1,1
1122,2,597,434,190,494,1,1,1
1122,4,884,266,91,173,1,1,1
1122,3,1134,-1,47,132,1,1,1
1122,5,1303,8,69,143,1,1,1
1122,6,569,109,74,216,1,1,1
1123,1,984,471,199,447,1,1,1
1123,2,596,418,190,514,1,1,1
1123,4,876,267,91,173,1,1,1
1123,3,1135,0,45,126,1,1,1
1123,5,1302,8,69,143,1,1,1
1123,6,571,108,74,216,1,1,1
1124,1,983,455,199,447,1,1,1
1124,2,593,405,190,514,1,1,1
1124,4,879,259,91,173,1,1,1
1124,3,1134,0,45,126,1,1,1
1124,5,1300,7,69,143,1,1,1
1124,6,572,106,74,216,1,1,1
1125,1,980,448,199,447,1,1,1
1125,2,592,430,190,485,1,1,1
1125,4,875,259,91,173,1,1,1
1125,3,1132,0,45,126,1,1,1
1125,5,1300,11,66,136,1,1,1
1125,6,573,104,74,216,1,1,1
1126,1,979,447,199,447,1,1,1
1126,2,591,410,199,501,1,1,1
1126,4,876,262,87,165,1,1,1
1126,3,1132,0,45,126,1,1,1
1126,5,1300,10,66,136,1,1,1
1126,6,574,104,74,216,1,1,1
1127,1,977,444,199,447,1,1,1
1127,2,587,398,199,501,1,1,1
1127,4,877,262,87,165,1,1,1
1127,3,1129,-1,45,126,1,1,1
1127,5,1299,9,66,136,1,1,1
1127,6,574,103,74,216,1,1,1
1128,1,975,440,199,447,1,1,1
1128,2,586,418,199,477,1,1,1
1128,4,872,258,87,165,1,1,1
1128,3,1130,-1,45,126,1,1,1
1128,5,1298,10,66,136,1,1,1
1128,6,575,103,74,216,1,1,1
1129,1,976,449,190,426,1,1,1
1129,2,586,408,199,477,1,1,1
1129,4,867,256,87,165,1,1,1
1129,3,1129,-1,45,126,1,1,1
1129,5,1297,10,66,136,1,1,1
1129,6,578,100,74,216,1,1,1
1130,1,980,456,180,405,1,1,1
1130,2,586,404,199,477,1,1,1
1130,4,863,254,87,165,1,1,1
1130,3,1128,-1,45,126,1,1,1
1130,5,1298,10,66,136,1,1,1
1130,6,579,105,71,206,1,1,1
1131,1,980,451,181,430,1,1,1
1131,2,587,404,199,477,1,1,1
1131,4,859,251,87,165,1,1,1
1131,3,1127,0,45,126,1,1,1
1131,5,1299,12,63,130,1,1,1
1131,6,581,103,71,206,1,1,1
1132,1,980,450,181,438,1,1,1
1132,2,588,400,199,477,1,1,1
1132,4,855,250,87,165,1,1,1
1132,3,1126,0,45,126,1,1,1
1132,5,1298,11,63,130,1,1,1
1132,6,581,103,71,206,1,1,1
1133,1,979,459,181,438,1,1,1
1133,2,589,399,199,496,1,1,1
1133,4,852,248,87,165,1,1,1
1133,3,1125,0,45,126,1,1,1
1133,5,1299,10,63,130,1,1,1
1133,6,582,101,71,206,1,1,1
1134,1,979,459,181,438,1,1,1
1134,2,591,389,199,514,1,1,1
1134,4,850,246,87,165,1,1,1
1134,3,1125,0,45,126,1,1,1
1134,5,1298,10,63,130,1,1,1
1134,6,583,100,71,206,1,1,1
1135,1,981,451,181,438,1,1,1
1135,2,598,398,199,514,1,1,1
1135,4,847,245,87,165,1,1,1
1135,3,1123,-1,45,126,1,1,1
1135,5,1299,9,63,130,1,1,1
1135,6,584,99,71,206,1,1,1
1136,1,982,452,181,438,1,1,1
1136,2,598,409,199,492,1,1,1
1136,4,843,240,87,165,1,1,1
1136,3,1123,0,45,126,1,1,1
1136,5,1299,9,63,130,1,1,1
1136,6,585,96,71,206,1,1,1
1137,1,984,451,181,438,1,1,1
1137,2,603,413,199,492,1,1,1
1137,4,838,236,87,165,1,1,1
1137,3,1122,0,45,126,1,1,1
1137,5,1299,8,63,130,1,1,1
1137,6,586,96,71,206,1,1,1
1138,1,985,454,181,438,1,1,1
1138,2,603,398,199,492,1,1,1
1138,4,837,232,75,165,1,1,1
1138,3,1121,-1,45,126,1,1,1
1138,5,1299,7,63,130,1,1,1
1138,6,586,95,71,206,1,1,1
1139,1,987,447,181,438,1,1,1
1139,2,605,393,199,492,1,1,1
1139,4,840,231,75,165,1,1,1
1139,3,1120,0,45,126,1,1,1
1139,5,1297,7,63,130,1,1,1
1139,6,589,93,71,206,1,1,1
1140,1,987,435,181,438,1,1,1
1140,2,607,391,199,492,1,1,1
1140,4,836,226,75,165,1,1,1
1140,3,1119,0,45,126,1,1,1
1140,5,1297,7,63,130,1,1,1
1140,6,590,93,71,206,1,1,1
1141,1,990,432,181,438,1,1,1
1141,2,611,394,190,469,1,1,1
1141,4,833,228,75,165,1,1,1
1141,3,1119,0,45,126,1,1,1
1141,5,1297,6,63,130,1,1,1
1141,6,592,91,71,206,1,1,1
1142,1,989,428,181,438,1,1,1
1142,2,613,399,190,469,1,1,1
1142,4,830,230,75,165,1,1,1
1142,3,1119,0,43,120,1,1,1
1142,5,1295,5,63,130,1,1,1
1142,6,593,89,71,206,1,1,1
1143,1,991,423,181,438,1,1,1
1143,2,616,390,190,469,1,1,1
1143,4,829,226,75,165,1,1,1
1143,3,1120,-1,41,114,1,1,1
1143,5,1294,5,63,130,1,1,1
1143,6,593,89,71,206,1,1,1
1144,1,991,419,181,438,1,1,1
1144,2,619,385,190,469,1,1,1
1144,4,823,223,75,165,1,1,1
1144,3,1120,0,41,114,1,1,1
1144,5,1294,4,63,130,1,1,1
1144,6,595,87,71,206,1,1,1
1145,1,995,424,172,417,1,1,1
1145,2,620,383,190,469,1,1,1
1145,4,822,226,75,165,1,1,1
1145,3,1118,-1,41,114,1,1,1
1145,5,1293,3,63,130,1,1,1
1145,6,595,87,71,206,1,1,1
1146,1,995,420,172,417,1,1,1
1146,2,621,384,190,469,1,1,1
1146,4,820,217,76,157,1,1,1
1146,3,1118,0,41,114,1,1,1
1146,5,1291,3,63,130,1,1,1
1146,6,596,86,71,206,1,1,1
1147,1,993,419,172,417,1,1,1
1147,2,623,381,190,469,1,1,1
1147,4,814,213,80,165,1,1,1
1147,3,1119,-1,39,109,1,1,1
1147,5,1289,2,63,130,1,1,1
1147,6,597,84,71,206,1,1,1
1148,1,999,422,164,397,1,1,1
1148,2,629,387,181,447,1,1,1
1148,4,814,212,80,165,1,1,1
1148,3,1117,-1,39,109,1,1,1
1148,5,1288,2,63,130,1,1,1
1148,6,599,83,71,206,1,1,1
1149,1,998,417,164,413,1,1,1
1149,2,630,384,181,447,1,1,1
1149,4,810,210,80,165,1,1,1
1149,3,1117,-1,39,109,1,1,1
1149,5,1287,4,60,124,1,1,1
1149,6,600,81,71,206,1,1,1
1150,1,999,415,164,412,1,1,1
1150,2,631,384,181,447,1,1,1
1150,4,807,204,80,165,1,1,1
1150,3,1116,-1,39,109,1,1,1
1150,5,1287,3,60,124,1,1,1
1150,6,602,79,71,206,1,1,1
1151,1,998,411,164,423,1,1,1
1151,2,630,381,181,463,1,1,1
1151,4,805,205,68,157,1,1,1
1151,3,1115,-1,39,109,1,1,1
1151,5,1285,1,60,124,1,1,1
1151,6,602,79,71,206,1,1,1
1152,1,1000,415,156,418,1,1,1
1152,2,633,387,181,463,1,1,1
1152,4,797,205,68,157,1,1,1
1152,3,1116,0,39,109,1,1,1
1152,5,1283,1,60,124,1,1,1
1152,6,603,77,71,206,1,1,1
1153,1,1002,410,163,425,1,1,1
1153,2,634,372,181,463,1,1,1
1153,4,795,195,68,157,1,1,1
1153,3,1115,0,39,109,1,1,1
1153,5,1280,2,60,124,1,1,1
1153,6,604,75,71,206,1,1,1
1154,1,996,411,163,425,1,1,1
1154,2,628,382,181,463,1,1,1
1154,4,793,200,68,157,1,1,1
1154,3,1115,0,39,109,1,1,1
1154,5,1279,1,60,124,1,1,1
1154,6,604,74,71,206,1,1,1
1155,1,996,402,163,425,1,1,1
1155,2,632,373,181,463,1,1,1
1155,4,787,202,76,150,1,1,1
1155,3,1114,-1,39,109,1,1,1
1155,5,1277,1,60,124,1,1,1
1155,6,606,74,71,206,1,1,1
1156,1,995,398,163,425,1,1,1
1156,2,630,381,181,463,1,1,1
1156,4,781,191,78,158,1,1,1
1156,3,1114,-1,39,109,1,1,1
1156,5,1276,1,60,124,1,1,1
1156,6,609,77,67,196,1,1,1
1157,1,992,395,163,425,1,1,1
1157,2,629,380,181,463,1,1,1
1157,4,782,194,78,158,1,1,1
1157,3,1113,0,39,109,1,1,1
1157,5,1275,0,60,124,1,1,1
1157,6,611,78,67,196,1,1,1
1158,1,990,411,163,407,1,1,1
1158,2,625,374,181,463,1,1,1
1158,4,780,193,78,158,1,1,1
1158,3,1112,0,39,109,1,1,1
1158,5,1273,-1,60,124,1,1,1
1158,6,611,75,67,196,1,1,1
1159,1,991,415,163,407,1,1,1
1159,2,623,376,181,463,1,1,1
1159,4,779,193,78,158,1,1,1
1159,3,1112,0,39,109,1,1,1
1159,5,1273,-1,60,124,1,1,1
1159,6,611,74,67,196,1,1,1
1160,1,987,405,163,407,1,1,1
1160,2,628,362,179,459,1,1,1
1160,4,777,192,78,158,1,1,1
1160,3,1111,0,39,109,1,1,1
1160,5,1271,-1,60,124,1,1,1
1160,6,612,72,67,196,1,1,1
1161,1,986,401,163,407,1,1,1
1161,2,628,372,179,459,1,1,1
1161,4,775,191,78,158,1,1,1
1161,3,1112,-17,39,109,1,1,1
1161,5,1270,0,60,124,1,1,1
1161,6,614,76,64,187,1,1,1
1162,1,985,399,163,407,1,1,1
1162,2,624,360,179,459,1,1,1
1162,4,773,190,78,158,1,1,1
1162,3,1112,-18,39,109,1,1,1
1162,5,1268,-1,60,124,1,1,1
1162,6,616,76,64,187,1,1,1
1163,1,984,397,163,407,1,1,1
1163,2,623,342,179,459,1,1,1
1163,4,768,188,78,158,1,1,1
1163,3,1111,-18,39,109,1,1,1
1163,5,1268,-1,60,124,1,1,1
1163,6,617,74,64,187,1,1,1
1164,1,983,397,163,407,1,1,1
1164,2,622,341,179,459,1,1,1
1164,4,766,186,78,158,1,1,1
1164,3,1110,-21,41,114,1,1,1
1164,5,1266,0,60,124,1,1,1
1164,6,618,75,64,187,1,1,1
1165,1,983,396,163,407,1,1,1
1165,2,620,342,179,459,1,1,1
1165,4,763,184,74,150,1,1,1
1165,3,1110,-23,41,114,1,1,1
1165,5,1266,0,60,124,1,1,1
1165,6,618,74,64,187,1,1,1
1166,1,987,403,155,388,1,1,1
1166,2,620,341,179,459,1,1,1
1166,4,762,188,74,150,1,1,1
1166,3,1095,-23,55,117,1,1,1
1166,5,1267,-1,60,124,1,1,1
1166,6,619,73,64,187,1,1,1
1167,1,988,403,155,388,1,1,1
1167,2,620,343,179,459,1,1,1
1167,4,759,185,74,150,1,1,1
1167,3,1095,-23,55,117,1,1,1
1167,5,1268,0,60,124,1,1,1
1167,6,620,73,64,187,1,1,1
1168,1,987,403,155,388,1,1,1
1168,2,623,372,170,437,1,1,1
1168,4,755,183,74,150,1,1,1
1168,3,1094,-23,55,117,1,1,1
1168,5,1268,-1,60,124,1,1,1
1168,6,619,73,64,187,1,1,1
1169,1,988,402,155,396,1,1,1
1169,2,622,355,174,467,1,1,1
1169,4,754,182,74,150,1,1,1
1169,3,1094,-23,55,117,1,1,1
1169,5,1269,-1,60,124,1,1,1
1169,6,621,73,64,187,1,1,1
1170,1,986,417,155,388,1,1,1
1170,2,622,347,173,490,1,1,1
1170,4,751,181,74,150,1,1,1
1170,3,1094,-23,55,117,1,1,1
1170,5,1269,0,60,124,1,1,1
1170,6,622,73,80,196,1,1,1
1171,1,989,406,155,417,1,1,1
1171,2,623,375,173,459,1,1,1
1171,4,748,181,74,150,1,1,1
1171,3,1093,-24,55,117,1,1,1
1171,5,1271,-1,60,124,1,1,1
1171,6,625,70,80,196,1,1,1
1172,1,989,402,155,417,1,1,1
1172,2,623,373,173,459,1,1,1
1172,4,728,180,89,150,1,1,1
1172,3,1094,-23,55,117,1,1,1
1172,5,1271,-1,60,124,1,1,1
1172,6,626,70,80,196,1,1,1
1173,1,991,405,155,417,1,1,1
1173,2,623,374,173,459,1,1,1
1173,4,728,173,92,150,1,1,1
1173,3,1093,-24,55,117,1,1,1
1173,5,1271,0,60,124,1,1,1
1173,6,626,70,80,196,1,1,1
1174,1,992,408,155,417,1,1,1
1174,2,620,378,173,459,1,1,1
1174,4,721,172,92,150,1,1,1
1174,3,1093,-23,55,117,1,1,1
1174,5,1272,-1,60,124,1,1,1
1174,6,626,70,86,196,1,1,1
1175,1,995,431,155,414,1,1,1
1175,2,623,385,173,459,1,1,1
1175,4,715,173,92,150,1,1,1
1175,3,1093,-23,55,117,1,1,1
1175,5,1273,-1,60,124,1,1,1
1175,6,630,68,86,193,1,1,1
1176,1,996,432,155,414,1,1,1
1176,2,624,373,172,476,1,1,1
1176,4,712,170,92,150,1,1,1
1176,3,1093,-23,55,117,1,1,1
1176,5,1273,0,60,124,1,1,1
1176,6,626,76,93,187,1,1,1
1177,1,998,432,155,414,1,1,1
1177,2,626,363,172,476,1,1,1
1177,4,706,167,92,150,1,1,1
1177,3,1092,-23,55,117,1,1,1
1177,5,1274,-1,60,124,1,1,1
1177,6,629,74,93,187,1,1,1
1178,1,1001,436,155,414,1,1,1
1178,2,622,382,181,472,1,1,1
1178,4,699,170,92,150,1,1,1
1178,3,1093,-23,55,117,1,1,1
1178,5,1273,0,60,124,1,1,1
1178,6,630,74,93,187,1,1,1
1179,1,1001,435,155,414,1,1,1
1179,2,623,370,181,472,1,1,1
1179,4,700,172,92,150,1,1,1
1179,3,1093,-23,55,117,1,1,1
1179,5,1273,-1,60,124,1,1,1
1179,6,630,75,93,187,1,1,1
1180,1,1007,440,148,394,1,1,1
1180,2,624,368,181,472,1,1,1
1180,4,694,173,92,150,1,1,1
1180,3,1092,-24,55,117,1,1,1
1180,5,1273,0,60,124,1,1,1
1180,6,630,75,93,187,1,1,1
1181,1,1007,442,148,394,1,1,1
1181,2,624,373,181,472,1,1,1
1181,4,693,174,92,150,1,1,1
1181,3,1093,-23,55,117,1,1,1
1181,5,1273,-1,60,124,1,1,1
1181,6,631,75,93,187,1,1,1
1182,1,1008,444,148,394,1,1,1
1182,2,625,377,181,472,1,1,1
1182,4,695,166,92,150,1,1,1
1182,3,1093,-23,55,117,1,1,1
1182,5,1273,0,60,124,1,1,1
1182,6,624,76,100,187,1,1,1
1183,1,1010,445,148,394,1,1,1
1183,2,628,385,172,450,1,1,1
1183,4,692,172,92,150,1,1,1
1183,3,1093,-23,55,117,1,1,1
1183,5,1271,-1,60,124,1,1,1
1183,6,619,76,108,187,1,1,1
1184,1,1009,444,148,394,1,1,1
1184,2,628,390,172,450,1,1,1
1184,4,691,169,92,150,1,1,1
1184,3,1093,-23,55,117,1,1,1
1184,5,1272,-1,60,124,1,1,1
1184,6,623,76,108,187,1,1,1
1185,1,1010,448,148,394,1,1,1
1185,2,628,392,172,450,1,1,1
1185,4,690,176,92,150,1,1,1
1185,3,1093,-23,55,117,1,1,1
1185,5,1270,-1,60,124,1,1,1
1185,6,624,77,108,187,1,1,1
1186,1,1011,450,147,408,1,1,1
1186,2,627,396,172,475,1,1,1
1186,4,687,171,92,150,1,1,1
1186,3,1092,-23,55,117,1,1,1
1186,5,1270,-1,60,124,1,1,1
1186,6,624,77,108,187,1,1,1
1187,1,1008,444,160,427,1,1,1
1187,2,627,393,172,492,1,1,1
1187,4,685,168,92,150,1,1,1
1187,3,1093,-23,55,117,1,1,1
1187,5,1270,-1,60,124,1,1,1
1187,6,624,76,108,187,1,1,1
1188,1,1007,444,160,451,1,1,1
1188,2,622,393,175,511,1,1,1
1188,4,681,168,81,150,1,1,1
1188,3,1093,-23,55,117,1,1,1
1188,5,1270,-1,60,124,1,1,1
1188,6,623,76,108,187,1,1,1
1189,1,1006,441,160,451,1,1,1
1189,2,622,395,175,511,1,1,1
1189,4,675,167,81,150,1,1,1
1189,3,1093,-22,55,117,1,1,1
1189,5,1269,0,60,124,1,1,1
1189,6,624,77,98,187,1,1,1
1190,1,1005,442,168,469,1,1,1
1190,2,619,417,175,493,1,1,1
1190,4,684,165,68,150,1,1,1
1190,3,1093,-23,55,117,1,1,1
1190,5,1269,-1,60,124,1,1,1
1190,6,627,75,98,187,1,1,1
1191,1,1001,453,168,469,1,1,1
1191,2,614,425,175,493,1,1,1
1191,4,680,168,68,150,1,1,1
1191,3,1100,-22,39,117,1,1,1
1191,5,1268,0,60,124,1,1,1
1191,6,628,76,91,187,1,1,1
1192,1,1001,471,168,447,1,1,1
1192,2,613,417,179,501,1,1,1
1192,4,678,168,68,150,1,1,1
1192,3,1100,-22,39,117,1,1,1
1192,5,1268,-1,60,124,1,1,1
1192,6,630,75,91,187,1,1,1
1193,1,999,484,168,447,1,1,1
1193,2,609,413,179,501,1,1,1
1193,4,676,168,68,150,1,1,1
1193,3,1100,-22,39,117,1,1,1
1193,5,1268,0,60,124,1,1,1
1193,6,630,75,91,187,1,1,1
1194,1,999,487,168,447,1,1,1
1194,2,606,435,179,479,1,1,1
1194,4,673,167,68,150,1,1,1
1194,3,1100,-22,39,117,1,1,1
1194,5,1267,-1,60,124,1,1,1
1194,6,631,76,91,187,1,1,1
1195,1,996,489,168,447,1,1,1
1195,2,603,425,190,507,1,1,1
1195,4,671,163,68,150,1,1,1
1195,3,1100,-22,39,117,1,1,1
1195,5,1267,0,60,124,1,1,1
1195,6,630,76,91,187,1,1,1
1196,1,995,491,168,447,1,1,1
1196,2,597,417,190,507,1,1,1
1196,4,667,167,71,158,1,1,1
1196,3,1100,-22,39,117,1,1,1
1196,5,1265,-1,60,124,1,1,1
1196,6,630,75,91,187,1,1,1
1197,1,995,482,168,447,1,1,1
1197,2,593,419,190,507,1,1,1
1197,4,665,167,71,158,1,1,1
1197,3,1100,-22,39,117,1,1,1
1197,5,1265,1,60,124,1,1,1
1197,6,630,80,91,181,1,1,1
1198,1,994,488,168,447,1,1,1
1198,2,591,442,190,487,1,1,1
1198,4,662,166,71,158,1,1,1
1198,3,1100,-22,39,117,1,1,1
1198,5,1264,2,60,124,1,1,1
1198,6,632,79,91,181,1,1,1
1199,1,992,488,168,447,1,1,1
1199,2,588,433,190,487,1,1,1
1199,4,659,166,71,158,1,1,1
1199,3,1100,-22,39,117,1,1,1
1199,5,1265,2,60,124,1,1,1
1199,6,633,79,91,181,1,1,1
1200,1,993,492,168,447,1,1,1
1200,2,586,436,190,487,1,1,1
1200,4,657,164,71,158,1,1,1
1200,3,1101,-22,39,117,1,1,1
1200,5,1266,3,60,124,1,1,1
1200,6,634,78,91,181,1,1,1
1201,1,993,497,168,447,1,1,1
1201,2,586,442,190,487,1,1,1
1201,4,654,167,61,150,1,1,1
1201,3,1101,-22,39,117,1,1,1
1201,5,1265,1,60,124,1,1,1
1201,6,635,78,91,181,1,1,1
1202,1,993,501,168,447,1,1,1
1202,2,583,445,190,487,1,1,1
1202,4,652,165,61,150,1,1,1
1202,3,1101,-22,39,117,1,1,1
1202,5,1265,2,60,124,1,1,1
1202,6,635,79,91,181,1,1,1
1203,1,992,507,168,447,1,1,1
1203,2,582,449,190,487,1,1,1
1203,4,652,165,61,150,1,1,1
1203,3,1101,-22,39,117,1,1,1
1203,5,1267,2,60,124,1,1,1
1203,6,636,80,91,181,1,1,1
1204,1,994,510,168,447,1,1,1
1204,2,581,468,190,504,1,1,1
1204,4,646,167,61,150,1,1,1
1204,3,1101,-22,39,117,1,1,1
1204,5,1268,2,60,124,1,1,1
1204,6,638,79,91,181,1,1,1
1205,1,993,514,168,447,1,1,1
1205,2,581,455,190,534,1,1,1
1205,4,642,171,61,150,1,1,1
1205,3,1101,-22,39,117,1,1,1
1205,5,1267,2,60,124,1,1,1
1205,6,638,80,91,181,1,1,1
1206,1,995,518,168,447,1,1,1
1206,2,584,478,190,534,1,1,1
1206,4,631,174,73,137,1,1,1
1206,3,1101,-22,39,117,1,1,1
1206,5,1268,3,60,124,1,1,1
1206,6,637,80,92,188,1,1,1
1207,1,992,532,171,460,1,1,1
1207,2,581,488,190,534,1,1,1
1207,4,626,174,76,137,1,1,1
1207,3,1101,-21,39,117,1,1,1
1207,5,1269,0,60,124,1,1,1
1207,6,638,80,87,188,1,1,1
1208,1,996,539,171,460,1,1,1
1208,2,582,494,190,534,1,1,1
1208,4,620,172,83,137,1,1,1
1208,3,1101,-21,39,117,1,1,1
1208,5,1271,0,60,124,1,1,1
1208,6,639,80,87,188,1,1,1
1209,1,997,527,171,485,1,1,1
1209,2,582,496,190,534,1,1,1
1209,4,616,175,83,137,1,1,1
1209,3,1101,-21,39,117,1,1,1
1209,5,1270,0,60,124,1,1,1
1209,6,637,81,87,188,1,1,1
1210,1,1000,541,171,485,1,1,1
1210,2,579,505,190,534,1,1,1
1210,4,618,175,83,137,1,1,1
1210,3,1101,-21,39,117,1,1,1
1210,5,1271,-1,60,124,1,1,1
1210,6,637,83,87,188,1,1,1
1211,1,1004,553,171,485,1,1,1
1211,2,579,505,190,534,1,1,1
1211,4,615,175,83,137,1,1,1
1211,3,1101,-22,39,117,1,1,1
1211,5,1271,-1,60,124,1,1,1
1211,6,639,81,87,188,1,1,1
1212,1,1006,550,171,485,1,1,1
1212,2,585,510,190,534,1,1,1
1212,4,613,173,83,137,1,1,1
1212,3,1101,-21,39,117,1,1,1
1212,5,1272,-1,60,124,1,1,1
1212,6,640,79,87,188,1,1,1
1213,1,1006,556,171,485,1,1,1
1213,2,586,507,190,534,1,1,1
1213,4,609,177,83,137,1,1,1
1213,3,1101,-21,39,117,1,1,1
1213,5,1273,3,60,124,1,1,1
1213,6,642,78,87,188,1,1,1
1214,1,1011,556,171,485,1,1,1
1214,2,578,509,202,534,1,1,1
1214,4,604,173,83,137,1,1,1
1214,3,1101,-21,39,117,1,1,1
1214,5,1274,2,60,124,1,1,1
1214,6,642,78,87,188,1,1,1
1215,1,1015,548,171,485,1,1,1
1215,2,580,517,202,534,1,1,1
1215,4,601,168,83,137,1,1,1
1215,3,1101,-21,39,117,1,1,1
1215,5,1273,2,60,124,1,1,1
1215,6,642,78,87,188,1,1,1
1216,1,1020,549,171,485,1,1,1
1216,2,580,514,202,534,1,1,1
1216,4,598,173,83,137,1,1,1
1216,3,1101,-21,39,117,1,1,1
1216,5,1273,2,60,124,1,1,1
1216,6,641,80,83,185,1,1,1
1217,1,1023,551,171,485,1,1,1
1217,2,585,516,202,534,1,1,1
1217,4,592,176,87,137,1,1,1
1217,3,1101,-21,39,117,1,1,1
1217,5,1273,2,60,124,1,1,1
1217,6,640,86,83,185,1,1,1
1218,1,1025,554,171,485,1,1,1
1218,2,584,512,202,534,1,1,1
1218,4,592,167,87,137,1,1,1
1218,3,1101,-21,39,117,1,1,1
1218,5,1272,1,60,124,1,1,1
1218,6,639,85,83,185,1,1,1
1219,1,1028,555,175,485,1,1,1
1219,2,584,514,202,534,1,1,1
1219,4,594,175,87,134,1,1,1
1219,3,1101,-22,39,117,1,1,1
1219,5,1273,2,60,124,1,1,1
1219,6,634,84,88,185,1,1,1
1220,1,1029,557,181,485,1,1,1
1220,2,588,523,202,505,1,1,1
1220,4,588,169,87,134,1,1,1
1220,3,1101,-21,39,117,1,1,1
1220,5,1272,-1,60,124,1,1,1
1220,6,637,83,88,185,1,1,1
1221,1,1030,559,182,485,1,1,1
1221,2,582,535,215,505,1,1,1
1221,4,587,172,87,134,1,1,1
1221,3,1101,-21,39,117,1,1,1
1221,5,1271,0,60,124,1,1,1
1221,6,630,84,93,185,1,1,1
1222,1,1029,556,182,485,1,1,1
1222,2,581,546,215,505,1,1,1
1222,4,585,172,87,134,1,1,1
1222,3,1101,-21,39,117,1,1,1
1222,5,1269,0,60,124,1,1,1
1222,6,628,91,99,177,1,1,1
1223,1,1030,559,192,485,1,1,1
1223,2,577,546,215,532,1,1,1
1223,4,587,170,87,134,1,1,1
1223,3,1101,-21,39,117,1,1,1
1223,5,1270,0,60,124,1,1,1
1223,6,619,102,111,166,1,1,1
1224,1,1029,559,192,485,1,1,1
1224,2,576,550,215,532,1,1,1
1224,4,583,165,87,134,1,1,1
1224,3,1101,-22,39,117,1,1,1
1224,5,1269,-1,60,124,1,1,1
1224,6,619,101,105,166,1,1,1
1225,1,1031,579,192,493,1,1,1
1225,2,576,556,215,532,1,1,1
1225,4,587,169,87,134,1,1,1
1225,3,1102,-19,37,111,1,1,1
1225,5,1268,-1,60,124,1,1,1
1225,6,620,101,102,166,1,1,1
1226,1,1032,590,202,486,1,1,1
1226,2,573,559,215,532,1,1,1
1226,4,587,170,87,134,1,1,1
1226,3,1102,-19,37,111,1,1,1
1226,5,1267,0,60,124,1,1,1
1226,6,613,101,102,166,1,1,1
1227,1,1028,585,210,492,1,1,1
1227,2,572,559,215,532,1,1,1
1227,4,580,170,95,134,1,1,1
1227,3,1102,-19,37,111,1,1,1
1227,5,1267,0,60,124,1,1,1
1227,6,611,103,102,166,1,1,1
1228,1,1027,588,210,492,1,1,1
1228,2,566,573,215,532,1,1,1
1228,4,584,176,95,134,1,1,1
1228,3,1102,-19,37,111,1,1,1
1228,5,1266,-1,60,124,1,1,1
1228,6,609,102,102,166,1,1,1
1229,1,1028,587,210,492,1,1,1
1229,2,570,567,215,532,1,1,1
1229,4,579,167,95,134,1,1,1
1229,3,1102,-18,37,111,1,1,1
1229,5,1265,-1,60,124,1,1,1
1229,6,609,103,102,166,1,1,1
1230,1,1029,587,210,492,1,1,1
1230,2,568,574,215,532,1,1,1
1230,4,575,173,104,134,1,1,1
1230,3,1102,-19,37,111,1,1,1
1230,5,1266,0,60,124,1,1,1
1230,6,608,104,102,166,1,1,1
1231,1,1030,588,210,492,1,1,1
1231,2,567,576,215,532,1,1,1
1231,4,579,172,104,134,1,1,1
1231,3,1101,-19,37,111,1,1,1
1231,5,1265,0,60,124,1,1,1
1231,6,609,108,97,158,1,1,1
1232,1,1030,611,210,469,1,1,1
1232,2,566,578,215,532,1,1,1
1232,4,575,165,104,134,1,1,1
1232,3,1100,-22,39,117,1,1,1
1232,5,1264,0,60,124,1,1,1
1232,6,608,124,97,143,1,1,1
1233,1,1030,611,210,469,1,1,1
1233,2,566,581,215,532,1,1,1
1233,4,577,165,104,134,1,1,1
1233,3,1101,-21,39,117,1,1,1
1233,5,1263,-1,60,124,1,1,1
1233,6,602,126,97,143,1,1,1
1234,1,1031,611,210,469,1,1,1
1234,2,556,584,224,532,1,1,1
1234,4,586,173,104,134,1,1,1
1234,3,1100,-21,39,117,1,1,1
1234,5,1263,-1,60,124,1,1,1
1234,6,600,128,97,143,1,1,1
1235,1,1032,610,210,469,1,1,1
1235,2,555,585,224,532,1,1,1
1235,4,576,165,104,134,1,1,1
1235,3,1100,-22,39,117,1,1,1
1235,5,1262,-1,60,124,1,1,1
1235,6,601,128,97,143,1,1,1
1236,1,1032,610,210,469,1,1,1
1236,2,533,580,241,507,1,1,1
1236,4,585,170,104,134,1,1,1
1236,3,1101,-22,39,117,1,1,1
1236,5,1262,0,60,124,1,1,1
1236,6,600,128,97,143,1,1,1
1237,1,1033,611,210,469,1,1,1
1237,2,531,583,241,507,1,1,1
1237,4,587,172,90,134,1,1,1
1237,3,1100,-21,39,117,1,1,1
1237,5,1261,3,60,124,1,1,1
1237,6,599,127,97,143,1,1,1
1238,1,1035,611,210,469,1,1,1
1238,2,528,585,241,507,1,1,1
1238,4,592,171,79,126,1,1,1
1238,3,1100,-22,39,117,1,1,1
1238,5,1263,2,60,124,1,1,1
1238,6,599,128,97,143,1,1,1
1239,1,1035,610,210,469,1,1,1
1239,2,527,591,241,507,1,1,1
1239,4,597,175,79,126,1,1,1
1239,3,1100,-22,39,117,1,1,1
1239,5,1263,1,60,124,1,1,1
1239,6,600,128,97,143,1,1,1
1240,1,1038,611,210,469,1,1,1
1240,2,535,597,241,507,1,1,1
1240,4,593,170,79,126,1,1,1
1240,3,1100,-22,39,117,1,1,1
1240,5,1262,0,60,124,1,1,1
1240,6,600,128,97,143,1,1,1
1241,1,1040,611,210,469,1,1,1
1241,2,535,599,241,507,1,1,1
1241,4,599,172,79,126,1,1,1
1241,3,1100,-22,39,117,1,1,1
1241,5,1264,2,60,124,1,1,1
1241,6,601,128,97,143,1,1,1
1242,1,1040,610,210,469,1,1,1
1242,2,536,601,241,507,1,1,1
1242,4,595,166,79,126,1,1,1
1242,3,1100,-22,39,117,1,1,1
1242,5,1264,-1,60,124,1,1,1
1242,6,601,128,97,143,1,1,1
1243,1,1042,611,210,469,1,1,1
1243,2,542,615,230,483,1,1,1
1243,4,595,166,71,126,1,1,1
1243,3,1100,-22,39,117,1,1,1
1243,5,1265,-1,60,124,1,1,1
1243,6,599,128,97,143,1,1,1
1244,1,1046,629,210,469,1,1,1
1244,2,544,617,230,483,1,1,1
1244,4,595,161,71,126,1,1,1
1244,3,1101,-19,37,111,1,1,1
1244,5,1265,0,60,124,1,1,1
1244,6,602,135,92,136,1,1,1
1245,1,1044,620,220,492,1,1,1
1245,2,545,620,230,483,1,1,1
1245,4,603,158,71,126,1,1,1
1245,3,1101,-19,37,111,1,1,1
1245,5,1265,-1,60,124,1,1,1
1245,6,604,133,92,136,1,1,1
1246,1,1051,623,220,492,1,1,1
1246,2,545,623,230,483,1,1,1
1246,4,604,158,71,126,1,1,1
1246,3,1101,-19,37,111,1,1,1
1246,5,1265,-1,60,124,1,1,1
1246,6,604,134,92,136,1,1,1
1247,1,1052,628,220,492,1,1,1
1247,2,542,625,234,483,1,1,1
1247,4,607,156,68,120,1,1,1
1247,3,1101,-19,37,111,1,1,1
1247,5,1267,-1,60,124,1,1,1
1247,6,603,134,92,136,1,1,1
1248,1,1061,642,210,469,1,1,1
1248,2,543,626,234,483,1,1,1
1248,4,595,159,71,126,1,1,1
1248,3,1101,-20,37,111,1,1,1
1248,5,1266,0,60,124,1,1,1
1248,6,605,133,92,136,1,1,1
1249,1,1064,644,210,469,1,1,1
1249,2,545,627,234,483,1,1,1
1249,4,599,158,71,126,1,1,1
1249,3,1101,-20,37,111,1,1,1
1249,5,1266,-1,60,124,1,1,1
1249,6,606,132,92,136,1,1,1
1250,1,1069,648,210,469,1,1,1
1250,2,546,629,234,483,1,1,1
1250,4,608,158,71,126,1,1,1
1250,3,1101,-20,37,111,1,1,1
1250,5,1267,0,60,124,1,1,1
1250,6,606,131,92,136,1,1,1
1251,1,1075,651,210,469,1,1,1
1251,2,547,631,234,483,1,1,1
1251,4,610,156,71,126,1,1,1
1251,3,1101,-20,37,111,1,1,1
1251,5,1267,-1,60,124,1,1,1
1251,6,606,130,92,136,1,1,1
1252,1,1085,665,200,447,1,1,1
1252,2,548,632,234,483,1,1,1
1252,4,612,158,71,126,1,1,1
1252,3,1101,-21,37,111,1,1,1
1252,5,1266,-1,60,124,1,1,1
1252,6,607,130,92,136,1,1,1
1253,1,1091,667,200,447,1,1,1
1253,2,549,634,234,483,1,1,1
1253,4,612,156,71,126,1,1,1
1253,3,1101,-21,37,111,1,1,1
1253,5,1266,0,60,124,1,1,1
1253,6,607,130,92,136,1,1,1
1254,1,1095,670,200,447,1,1,1
1254,2,549,635,234,483,1,1,1
1254,4,612,154,71,126,1,1,1
1254,3,1100,-21,37,111,1,1,1
1254,5,1265,0,60,124,1,1,1
1254,6,607,130,92,136,1,1,1
1255,1,1096,674,200,447,1,1,1
1255,2,549,638,234,483,1,1,1
1255,4,613,153,71,126,1,1,1
1255,3,1100,-21,37,111,1,1,1
1255,5,1266,-1,60,124,1,1,1
1255,6,607,128,92,136,1,1,1
1256,1,1092,666,210,469,1,1,1
1256,2,549,640,234,483,1,1,1
1256,4,613,154,71,126,1,1,1
1256,3,1100,-21,37,111,1,1,1
1256,5,1264,0,60,124,1,1,1
1256,6,606,124,97,143,1,1,1
1257,1,1094,667,210,469,1,1,1
1257,2,548,641,234,483,1,1,1
1257,4,613,157,71,126,1,1,1
1257,3,1100,-20,37,111,1,1,1
1257,5,1264,-1,60,124,1,1,1
1257,6,605,124,97,143,1,1,1
1258,1,1096,669,210,469,1,1,1
1258,2,547,642,234,483,1,1,1
1258,4,615,156,71,126,1,1,1
1258,3,1100,-21,37,111,1,1,1
1258,5,1264,-1,60,124,1,1,1
1258,6,604,126,97,143,1,1,1
1259,1,1098,669,210,469,1,1,1
1259,2,547,645,234,483,1,1,1
1259,4,616,156,71,126,1,1,1
1259,3,1100,-21,37,111,1,1,1
1259,5,1262,0,60,124,1,1,1
1259,6,612,126,89,143,1,1,1
1260,1,1100,669,210,469,1,1,1
1260,2,547,649,234,483,1,1,1
1260,4,617,159,71,126,1,1,1
1260,3,1100,-21,37,111,1,1,1
1260,5,1263,0,60,124,1,1,1
1260,6,610,116,89,155,1,1,1
1261,1,1101,671,224,469,1,1,1
1261,2,548,652,234,483,1,1,1
1261,4,618,156,71,126,1,1,1
1261,3,1100,-21,37,111,1,1,1
1261,5,1262,0,60,124,1,1,1
1261,6,610,109,89,166,1,1,1
1262,1,1101,670,224,469,1,1,1
1262,2,547,655,234,483,1,1,1
1262,4,616,151,75,132,1,1,1
1262,3,1100,-21,37,111,1,1,1
1262,5,1262,-1,60,124,1,1,1
1262,6,611,114,89,166,1,1,1
1263,1,1102,671,224,469,1,1,1
1263,2,546,658,234,483,1,1,1
1263,4,616,151,75,132,1,1,1
1263,3,1100,-22,37,111,1,1,1
1263,5,1261,0,60,124,1,1,1
1263,6,611,114,89,166,1,1,1
1264,1,1103,672,224,469,1,1,1
1264,2,546,659,234,483,1,1,1
1264,4,620,140,75,132,1,1,1
1264,3,1100,-22,37,111,1,1,1
1264,5,1260,-1,60,124,1,1,1
1264,6,612,115,103,146,1,1,1
1265,1,1104,672,224,469,1,1,1
1265,2,551,671,223,460,1,1,1
1265,4,625,143,75,132,1,1,1
1265,3,1099,-22,37,111,1,1,1
1265,5,1260,-1,60,124,1,1,1
1265,6,608,114,103,146,1,1,1
1266,1,1108,683,222,447,1,1,1
1266,2,550,672,223,460,1,1,1
1266,4,623,145,75,132,1,1,1
1266,3,1093,-19,42,108,1,1,1
1266,5,1259,-1,60,124,1,1,1
1266,6,608,115,103,146,1,1,1
1267,1,1108,684,222,447,1,1,1
1267,2,550,673,223,460,1,1,1
1267,4,625,142,75,132,1,1,1
1267,3,1093,-19,42,108,1,1,1
1267,5,1258,-1,60,124,1,1,1
1267,6,609,116,103,146,1,1,1
1268,1,1109,684,222,447,1,1,1
1268,2,549,674,223,460,1,1,1
1268,4,623,146,75,126,1,1,1
1268,3,1094,-19,42,108,1,1,1
1268,5,1258,0,60,124,1,1,1
1268,6,608,114,103,146,1,1,1
1269,1,1109,681,222,452,1,1,1
1269,2,544,662,234,483,1,1,1
1269,4,624,144,75,126,1,1,1
1269,3,1094,-19,42,108,1,1,1
1269,5,1257,0,60,124,1,1,1
1269,6,608,113,103,146,1,1,1
1270,1,1109,675,222,459,1,1,1
1270,2,543,660,234,483,1,1,1
1270,4,624,147,75,126,1,1,1
1270,3,1094,-19,42,108,1,1,1
1270,5,1256,-1,60,124,1,1,1
1270,6,610,112,103,146,1,1,1
1271,1,1109,679,222,455,1,1,1
1271,2,544,658,234,483,1,1,1
1271,4,625,139,75,126,1,1,1
1271,3,1094,-20,42,108,1,1,1
1271,5,1256,-1,57,118,1,1,1
1271,6,610,112,103,146,1,1,1
1272,1,1109,679,222,455,1,1,1
1272,2,544,656,234,483,1,1,1
1272,4,627,131,75,126,1,1,1
1272,3,1094,-20,42,108,1,1,1
1272,5,1255,-1,57,118,1,1,1
1272,6,610,110,103,146,1,1,1
1273,1,1109,678,222,455,1,1,1
1273,2,544,654,234,483,1,1,1
1273,4,628,132,75,126,1,1,1
1273,3,1095,-18,40,103,1,1,1
1273,5,1254,-1,57,118,1,1,1
1273,6,610,110,103,146,1,1,1
1274,1,1109,678,222,455,1,1,1
1274,2,545,654,234,483,1,1,1
1274,4,626,133,75,126,1,1,1
1274,3,1095,-19,40,103,1,1,1
1274,5,1253,0,57,118,1,1,1
1274,6,612,110,98,139,1,1,1
1275,1,1104,666,233,478,1,1,1
1275,2,546,654,234,483,1,1,1
1275,4,627,130,75,126,1,1,1
1275,3,1095,-18,40,103,1,1,1
1275,5,1254,0,57,118,1,1,1
1275,6,613,109,98,139,1,1,1
1276,1,1104,665,212,478,1,1,1
1276,2,547,653,234,483,1,1,1
1276,4,627,127,75,126,1,1,1
1276,3,1094,-19,40,103,1,1,1
1276,5,1253,0,57,118,1,1,1
1276,6,613,109,98,139,1,1,1
1277,1,1104,663,212,478,1,1,1
1277,2,549,652,234,483,1,1,1
1277,4,628,128,75,126,1,1,1
1277,3,1094,-19,40,103,1,1,1
1277,5,1253,-1,57,118,1,1,1
1277,6,614,109,98,139,1,1,1
1278,1,1106,661,212,478,1,1,1
1278,2,552,652,234,483,1,1,1
1278,4,628,126,75,126,1,1,1
1278,3,1094,-20,40,103,1,1,1
1278,5,1254,0,57,118,1,1,1
1278,6,616,106,98,139,1,1,1
1279,1,1107,661,212,478,1,1,1
1279,2,555,651,234,483,1,1,1
1279,4,630,126,75,126,1,1,1
1279,3,1094,-20,40,103,1,1,1
1279,5,1254,0,57,118,1,1,1
1279,6,616,107,98,139,1,1,1
1280,1,1108,657,212,478,1,1,1
1280,2,557,653,234,483,1,1,1
1280,4,630,124,75,126,1,1,1
1280,3,1094,-20,40,103,1,1,1
1280,5,1254,-1,57,118,1,1,1
1280,6,618,105,98,139,1,1,1
1281,1,1110,655,212,478,1,1,1
1281,2,560,652,234,483,1,1,1
1281,4,632,124,75,126,1,1,1
1281,3,1093,-20,40,103,1,1,1
1281,5,1255,-1,54,112,1,1,1
1281,6,619,107,98,139,1,1,1
1282,1,1113,654,212,478,1,1,1
1282,2,563,652,234,483,1,1,1
1282,4,633,122,75,126,1,1,1
1282,3,1093,-21,40,103,1,1,1
1282,5,1256,0,54,112,1,1,1
1282,6,619,105,98,139,1,1,1
1283,1,1114,653,212,478,1,1,1
1283,2,566,651,234,483,1,1,1
1283,4,633,122,75,126,1,1,1
1283,3,1093,-21,48,103,1,1,1
1283,5,1257,-1,52,107,1,1,1
1283,6,620,103,98,139,1,1,1
1284,1,1110,641,223,502,1,1,1
1284,2,570,648,234,483,1,1,1
1284,4,644,121,66,126,1,1,1
1284,3,1093,-21,48,103,1,1,1
1284,5,1257,0,54,112,1,1,1
1284,6,622,102,98,139,1,1,1
1285,1,1112,640,223,502,1,1,1
1285,2,573,647,234,483,1,1,1
1285,4,643,122,66,126,1,1,1
1285,3,1093,-21,48,103,1,1,1
1285,5,1257,0,54,112,1,1,1
1285,6,621,102,98,139,1,1,1
1285,10,1811,287,109,229,1,1,1
1286,1,1114,639,223,502,1,1,1
1286,2,576,644,234,483,1,1,1
1286,4,652,123,58,126,1,1,1
1286,3,1093,-21,48,103,1,1,1
1286,5,1257,-1,54,112,1,1,1
1286,6,622,100,98,139,1,1,1
1286,10,1801,287,118,229,1,1,1
1287,1,1117,640,223,502,1,1,1
1287,2,579,640,234,483,1,1,1
1287,4,659,125,58,126,1,1,1
1287,3,1093,-22,48,103,1,1,1
1287,5,1257,0,54,112,1,1,1
1287,6,623,98,98,139,1,1,1
1287,10,1795,280,124,240,1,1,1
1288,1,1125,650,212,478,1,1,1
1288,2,581,638,234,483,1,1,1
1288,4,661,125,58,126,1,1,1
1288,3,1093,-23,48,103,1,1,1
1288,5,1257,0,54,112,1,1,1
1288,6,625,96,98,139,1,1,1
1288,10,1795,276,124,240,1,1,1
1289,1,1127,649,212,478,1,1,1
1289,2,584,634,234,483,1,1,1
1289,4,660,127,58,126,1,1,1
1289,3,1093,-22,48,103,1,1,1
1289,5,1257,-1,54,112,1,1,1
1289,6,626,94,98,139,1,1,1
1289,10,1782,280,140,229,1,1,1
1290,1,1129,648,212,478,1,1,1
1290,2,585,630,234,483,1,1,1
1290,4,664,119,58,126,1,1,1
1290,3,1093,-23,48,103,1,1,1
1290,5,1257,-1,54,112,1,1,1
1290,6,627,93,98,139,1,1,1
1290,10,1779,279,140,229,1,1,1
1291,1,1134,658,202,455,1,1,1
1291,2,588,627,234,483,1,1,1
1291,4,665,119,58,126,1,1,1
1291,3,1093,-23,48,103,1,1,1
1291,5,1255,-1,54,112,1,1,1
1291,6,628,93,98,139,1,1,1
1291,10,1776,276,140,229,1,1,1
1292,1,1132,644,212,478,1,1,1
1292,2,591,624,234,483,1,1,1
1292,4,669,121,58,126,1,1,1
1292,3,1093,-24,48,103,1,1,1
1292,5,1254,0,54,112,1,1,1
1292,6,630,92,98,139,1,1,1
1292,10,1767,272,140,229,1,1,1
1293,1,1131,643,212,478,1,1,1
1293,2,589,610,246,507,1,1,1
1293,4,670,116,58,126,1,1,1
1293,3,1092,-24,48,103,1,1,1
1293,5,1256,0,52,107,1,1,1
1293,6,632,90,98,139,1,1,1
1293,10,1758,269,140,229,1,1,1
1294,1,1131,642,212,478,1,1,1
1294,2,591,605,246,507,1,1,1
1294,4,674,118,58,126,1,1,1
1294,3,1092,-25,48,103,1,1,1
1294,5,1254,0,52,107,1,1,1
1294,6,634,88,98,139,1,1,1
1294,10,1749,267,140,229,1,1,1
1295,1,1132,641,212,478,1,1,1
1295,2,599,615,234,483,1,1,1
1295,4,675,116,58,126,1,1,1
1295,3,1092,-25,48,103,1,1,1
1295,5,1253,0,52,107,1,1,1
1295,6,635,88,98,139,1,1,1
1295,10,1741,267,140,229,1,1,1
1296,1,1131,638,212,478,1,1,1
1296,2,600,614,234,483,1,1,1
1296,4,677,114,58,126,1,1,1
1296,3,1091,-25,48,103,1,1,1
1296,5,1252,0,52,107,1,1,1
1296,6,636,87,98,139,1,1,1
1296,10,1720,266,133,218,1,1,1
1297,1,1126,624,223,502,1,1,1
1297,2,602,614,234,483,1,1,1
1297,4,684,108,58,126,1,1,1
1297,3,1091,-26,48,103,1,1,1
1297,5,1252,0,52,107,1,1,1
1297,6,639,87,98,139,1,1,1
1297,10,1703,269,133,218,1,1,1
1298,1,1125,620,223,502,1,1,1
1298,2,603,615,234,483,1,1,1
1298,4,689,110,55,120,1,1,1
1298,3,1090,-26,48,103,1,1,1
1298,5,1252,0,52,107,1,1,1
1298,6,641,86,98,139,1,1,1
1298,10,1715,268,127,219,1,1,1
1299,1,1124,618,223,502,1,1,1
1299,2,605,613,234,483,1,1,1
1299,4,693,115,55,120,1,1,1
1299,3,1090,-27,48,103,1,1,1
1299,5,1250,0,52,107,1,1,1
1299,6,644,85,98,139,1,1,1
1299,10,1697,263,141,219,1,1,1
1300,1,1125,615,223,502,1,1,1
1300,2,610,596,234,483,1,1,1
1300,4,691,108,58,126,1,1,1
1300,3,1089,-28,48,103,1,1,1
1300,5,1250,-1,52,107,1,1,1
1300,6,646,86,98,139,1,1,1
1300,10,1693,259,129,219,1,1,1
1301,1,1124,615,223,502,1,1,1
1301,2,611,596,234,483,1,1,1
1301,4,692,111,58,126,1,1,1
1301,3,1089,-28,48,103,1,1,1
1301,5,1249,-1,52,107,1,1,1
1301,6,649,87,98,139,1,1,1
1301,10,1677,262,138,220,1,1,1
1302,1,1125,613,223,502,1,1,1
1302,2,609,597,234,483,1,1,1
1302,4,696,110,58,126,1,1,1
1302,3,1088,-28,48,103,1,1,1
1302,5,1247,0,52,107,1,1,1
1302,6,651,87,98,139,1,1,1
1302,10,1674,259,138,220,1,1,1
1303,1,1123,612,223,502,1,1,1
1303,2,609,594,234,483,1,1,1
1303,4,697,101,58,126,1,1,1
1303,3,1088,-28,48,103,1,1,1
1303,5,1245,-1,52,107,1,1,1
1303,6,652,88,98,139,1,1,1
1303,10,1666,256,138,220,1,1,1
1304,1,1122,610,223,502,1,1,1
1304,2,609,590,234,483,1,1,1
1304,4,705,102,58,126,1,1,1
1304,3,1087,-29,48,103,1,1,1
1304,5,1245,0,52,107,1,1,1
1304,6,655,89,98,139,1,1,1
1304,10,1638,260,153,210,1,1,1
1305,1,1121,610,223,502,1,1,1
1305,2,610,600,234,483,1,1,1
1305,4,707,100,58,126,1,1,1
1305,3,1087,-29,48,103,1,1,1
1305,5,1244,-1,52,107,1,1,1
1305,6,657,88,98,139,1,1,1
1305,10,1635,255,153,210,1,1,1
1306,1,1118,609,223,502,1,1,1
1306,2,611,584,234,493,1,1,1
1306,4,712,98,58,126,1,1,1
1306,5,1243,0,52,107,1,1,1
1306,6,659,87,98,139,1,1,1
1306,10,1625,253,153,210,1,1,1
1307,1,1116,606,223,502,1,1,1
1307,2,611,595,234,493,1,1,1
1307,4,715,97,58,126,1,1,1
1307,5,1241,-1,52,107,1,1,1
1307,6,659,86,98,139,1,1,1
1307,10,1614,248,153,210,1,1,1
1308,1,1113,605,223,502,1,1,1
1308,2,611,589,234,493,1,1,1
1308,4,714,97,58,126,1,1,1
1308,5,1240,-1,52,107,1,1,1
1308,6,660,86,98,139,1,1,1
1308,10,1604,248,153,210,1,1,1
1309,1,1115,601,212,478,1,1,1
1309,2,611,593,234,493,1,1,1
1309,4,714,100,58,126,1,1,1
1309,5,1240,-1,52,107,1,1,1
1309,6,648,76,90,139,1,1,1
1309,10,1595,245,153,210,1,1,1
1310,1,1115,601,212,478,1,1,1
1310,2,614,587,234,493,1,1,1
1310,4,716,99,58,126,1,1,1
1310,5,1238,-1,52,107,1,1,1
1310,6,652,77,90,139,1,1,1
1310,10,1585,242,153,210,1,1,1
1311,1,1113,601,212,478,1,1,1
1311,2,617,588,234,493,1,1,1
1311,4,727,94,58,126,1,1,1
1311,5,1238,0,52,107,1,1,1
1311,6,653,76,90,139,1,1,1
1311,10,1577,240,153,210,1,1,1
1312,1,1112,602,212,478,1,1,1
1312,2,614,585,234,493,1,1,1
1312,4,730,87,58,126,1,1,1
1312,5,1237,-12,52,107,1,1,1
1312,6,653,75,90,139,1,1,1
1312,10,1570,237,153,210,1,1,1
1313,1,1112,601,212,478,1,1,1
1313,2,616,573,234,506,1,1,1
1313,4,734,96,54,117,1,1,1
1313,5,1234,-12,52,107,1,1,1
1313,6,653,74,90,139,1,1,1
1313,10,1562,235,153,210,1,1,1
1314,1,1110,602,212,478,1,1,1
1314,2,618,567,234,519,1,1,1
1314,4,739,93,54,117,1,1,1
1314,5,1236,0,52,107,1,1,1
1314,6,654,73,90,139,1,1,1
1314,10,1553,233,153,210,1,1,1
1315,1,1104,577,223,502,1,1,1
1315,2,621,575,234,519,1,1,1
1315,4,737,95,54,117,1,1,1
1315,5,1238,0,52,107,1,1,1
1315,6,655,75,90,139,1,1,1
1315,10,1548,222,146,215,1,1,1
1316,1,1104,578,223,502,1,1,1
1316,2,625,578,234,519,1,1,1
1316,4,739,93,54,117,1,1,1
1316,5,1238,-1,52,107,1,1,1
1316,6,655,73,90,139,1,1,1
1316,10,1541,222,146,215,1,1,1
1317,1,1103,578,223,502,1,1,1
1317,2,626,579,234,519,1,1,1
1317,4,741,93,54,117,1,1,1
1317,5,1238,-1,52,107,1,1,1
1317,6,656,72,90,139,1,1,1
1317,10,1531,219,139,215,1,1,1
1318,1,1102,577,223,502,1,1,1
1318,2,628,578,234,519,1,1,1
1318,4,743,94,54,117,1,1,1
1318,5,1239,-1,52,107,1,1,1
1318,6,656,73,90,139,1,1,1
1318,10,1524,218,134,215,1,1,1
1319,1,1103,607,217,473,1,1,1
1319,2,633,561,234,519,1,1,1
1319,4,746,90,54,117,1,1,1
1319,5,1239,0,52,107,1,1,1
1319,6,660,74,86,132,1,1,1
1319,10,1519,216,129,215,1,1,1
1320,1,1106,603,217,473,1,1,1
1320,2,637,560,234,519,1,1,1
1320,4,748,93,54,117,1,1,1
1320,5,1238,0,52,107,1,1,1
1320,6,660,72,86,132,1,1,1
1320,10,1513,215,129,215,1,1,1
1321,1,1109,606,217,473,1,1,1
1321,2,646,562,223,517,1,1,1
1321,4,752,89,54,117,1,1,1
1321,5,1240,0,52,107,1,1,1
1321,6,661,72,86,132,1,1,1
1321,10,1505,213,129,215,1,1,1
1322,1,1110,607,217,473,1,1,1
1322,2,649,557,223,520,1,1,1
1322,4,757,93,51,111,1,1,1
1322,5,1241,-1,52,107,1,1,1
1322,6,662,71,86,132,1,1,1
1322,10,1498,210,120,215,1,1,1
1323,1,1112,606,217,473,1,1,1
1323,2,653,554,223,520,1,1,1
1323,4,758,88,54,117,1,1,1
1323,5,1240,0,52,107,1,1,1
1323,6,662,71,86,132,1,1,1
1323,10,1492,209,120,215,1,1,1
1324,1,1116,607,217,473,1,1,1
1324,2,656,552,223,520,1,1,1
1324,4,761,85,54,117,1,1,1
1324,5,1241,-1,52,107,1,1,1
1324,6,663,71,86,132,1,1,1
1324,10,1484,206,120,215,1,1,1
1325,1,1118,607,217,473,1,1,1
1325,2,661,551,223,520,1,1,1
1325,4,765,90,51,111,1,1,1
1325,5,1240,-1,52,107,1,1,1
1325,6,664,71,86,132,1,1,1
1325,10,1478,206,120,215,1,1,1
1326,1,1121,605,217,473,1,1,1
1326,2,663,548,223,520,1,1,1
1326,4,767,88,51,111,1,1,1
1326,5,1241,0,52,107,1,1,1
1326,6,663,71,86,132,1,1,1
1326,10,1471,205,108,215,1,1,1
1327,1,1124,601,217,473,1,1,1
1327,2,666,556,223,520,1,1,1
1327,4,769,88,51,111,1,1,1
1327,5,1241,0,52,107,1,1,1
1327,6,665,70,86,132,1,1,1
1327,10,1469,202,108,215,1,1,1
1328,1,1128,604,217,473,1,1,1
1328,2,669,551,223,520,1,1,1
1328,4,772,91,49,106,1,1,1
1328,5,1239,0,52,107,1,1,1
1328,6,665,68,86,132,1,1,1
1328,10,1454,202,104,215,1,1,1
1329,1,1129,600,217,473,1,1,1
1329,2,671,544,223,520,1,1,1
1329,4,774,90,51,111,1,1,1
1329,5,1238,-19,52,107,1,1,1
1329,6,665,70,86,132,1,1,1
1329,10,1446,200,111,215,1,1,1
1330,1,1132,596,217,473,1,1,1
1330,2,673,541,223,520,1,1,1
1330,4,776,89,51,111,1,1,1
1330,5,1237,-18,52,107,1,1,1
1330,6,667,68,86,132,1,1,1
1330,10,1444,199,99,215,1,1,1
1331,1,1134,593,217,473,1,1,1
1331,2,669,551,223,520,1,1,1
1331,4,779,87,51,111,1,1,1
1331,5,1235,-18,52,107,1,1,1
1331,6,669,69,82,126,1,1,1
1331,10,1431,198,100,215,1,1,1
1332,1,1133,587,217,473,1,1,1
1332,2,669,554,223,520,1,1,1
1332,4,783,86,51,111,1,1,1
1332,5,1238,0,50,102,1,1,1
1332,6,669,69,82,126,1,1,1
1332,10,1423,191,100,215,1,1,1
1333,1,1128,579,228,497,1,1,1
1333,2,676,551,223,520,1,1,1
1333,4,787,87,51,111,1,1,1
1333,5,1237,-1,50,102,1,1,1
1333,6,670,70,82,126,1,1,1
1333,10,1415,189,100,215,1,1,1
1334,1,1134,583,217,473,1,1,1
1334,2,678,544,223,530,1,1,1
1334,4,787,84,54,117,1,1,1
1334,5,1235,-18,50,102,1,1,1
1334,6,670,67,82,126,1,1,1
1334,10,1408,189,100,215,1,1,1
1335,1,1136,576,217,473,1,1,1
1335,2,678,538,223,538,1,1,1
1335,4,790,86,54,117,1,1,1
1335,5,1233,-18,50,102,1,1,1
1335,6,671,69,82,126,1,1,1
1335,10,1406,187,100,215,1,1,1
1336,1,1137,573,217,473,1,1,1
1336,2,677,537,223,538,1,1,1
1336,4,795,85,51,111,1,1,1
1336,5,1232,-18,50,102,1,1,1
1336,6,672,69,82,126,1,1,1
1336,10,1399,185,100,215,1,1,1
1337,1,1136,567,217,487,1,1,1
1337,2,677,533,223,538,1,1,1
1337,4,799,88,51,111,1,1,1
1337,5,1231,-18,50,102,1,1,1
1337,6,671,68,82,126,1,1,1
1337,10,1390,185,100,215,1,1,1
1338,1,1137,581,217,487,1,1,1
1338,2,675,527,223,538,1,1,1
1338,4,803,91,49,106,1,1,1
1338,5,1230,-19,50,102,1,1,1
1338,6,673,68,82,126,1,1,1
1338,10,1385,187,95,205,1,1,1
1339,1,1136,578,217,487,1,1,1
1339,2,675,520,223,538,1,1,1
1339,4,806,75,49,114,1,1,1
1339,5,1229,-19,50,102,1,1,1
1339,6,675,67,78,120,1,1,1
1339,10,1379,185,95,205,1,1,1
1340,1,1136,567,217,487,1,1,1
1340,2,674,515,223,538,1,1,1
1340,4,809,79,47,109,1,1,1
1340,5,1231,0,47,97,1,1,1
1340,6,676,67,78,120,1,1,1
1340,10,1372,184,95,205,1,1,1
1341,1,1135,562,217,487,1,1,1
1341,2,672,512,223,538,1,1,1
1341,4,813,73,47,109,1,1,1
1341,5,1229,-18,47,97,1,1,1
1341,6,676,66,78,120,1,1,1
1341,10,1365,183,95,205,1,1,1
1342,1,1134,562,217,487,1,1,1
1342,2,673,510,223,538,1,1,1
1342,4,816,77,47,109,1,1,1
1342,5,1228,-17,47,97,1,1,1
1342,6,676,67,78,120,1,1,1
1342,10,1358,181,95,205,1,1,1
1343,1,1132,563,217,487,1,1,1
1343,2,671,524,223,518,1,1,1
1343,4,819,73,45,104,1,1,1
1343,5,1227,-18,47,97,1,1,1
1343,6,677,66,78,120,1,1,1
1343,10,1350,181,95,205,1,1,1
1344,1,1130,561,217,487,1,1,1
1344,2,672,502,223,518,1,1,1
1344,4,821,71,52,114,1,1,1
1344,5,1226,-18,47,97,1,1,1
1344,6,678,65,78,120,1,1,1
1344,10,1343,178,95,205,1,1,1
1345,1,1129,556,217,487,1,1,1
1345,2,678,508,212,493,1,1,1
1345,4,822,70,56,114,1,1,1
1345,5,1225,-19,47,97,1,1,1
1345,6,678,63,78,120,1,1,1
1345,10,1337,178,95,205,1,1,1
1346,1,1129,557,217,487,1,1,1
1346,2,678,502,212,493,1,1,1
1346,4,822,75,56,105,1,1,1
1346,5,1225,-19,47,97,1,1,1
1346,6,680,62,78,120,1,1,1
1346,10,1329,177,95,205,1,1,1
1347,1,1129,555,217,487,1,1,1
1347,2,678,504,212,493,1,1,1
1347,4,825,72,56,105,1,1,1
1347,5,1224,-20,47,97,1,1,1
1347,6,679,63,78,120,1,1,1
1347,10,1323,174,95,205,1,1,1
1348,1,1128,554,217,487,1,1,1
1348,2,680,505,212,493,1,1,1
1348,4,826,69,63,112,1,1,1
1348,5,1224,-20,47,97,1,1,1
1348,6,681,61,78,120,1,1,1
1348,10,1317,174,95,205,1,1,1
1349,1,1126,551,217,487,1,1,1
1349,2,688,520,212,493,1,1,1
1349,4,826,62,63,112,1,1,1
1349,5,1223,-20,47,97,1,1,1
1349,6,682,61,78,120,1,1,1
1349,10,1310,174,95,205,1,1,1
1350,1,1127,553,217,487,1,1,1
1350,2,686,500,212,534,1,1,1
1350,4,829,67,63,112,1,1,1
1350,5,1223,-20,47,97,1,1,1
1350,6,682,61,78,120,1,1,1
1350,10,1306,173,95,205,1,1,1
1351,1,1127,552,217,487,1,1,1
1351,2,692,509,202,527,1,1,1
1351,4,830,67,66,118,1,1,1
1351,5,1222,-21,47,97,1,1,1
1351,6,683,61,78,120,1,1,1
1351,10,1300,171,95,205,1,1,1
1352,1,1128,552,217,487,1,1,1
1352,2,694,521,202,527,1,1,1
1352,4,833,71,63,112,1,1,1
1352,5,1223,-20,47,97,1,1,1
1352,6,683,60,78,120,1,1,1
1352,10,1293,169,95,205,1,1,1
1353,1,1134,561,207,464,1,1,1
1353,2,696,524,202,527,1,1,1
1353,4,835,69,63,112,1,1,1
1353,5,1223,-20,47,97,1,1,1
1353,6,684,61,78,120,1,1,1
1353,10,1285,168,95,205,1,1,1
1354,1,1137,563,207,464,1,1,1
1354,2,699,525,202,527,1,1,1
1354,4,835,66,63,112,1,1,1
1354,5,1223,-21,47,97,1,1,1
1354,6,683,60,78,120,1,1,1
1354,10,1279,167,95,205,1,1,1
1355,1,1138,565,207,464,1,1,1
1355,2,701,524,202,527,1,1,1
1355,4,838,64,63,112,1,1,1
1355,5,1223,-20,47,97,1,1,1
1355,6,683,60,78,120,1,1,1
1355,10,1275,173,91,195,1,1,1
1356,1,1142,564,207,464,1,1,1
1356,2,704,525,202,527,1,1,1
1356,4,838,63,63,112,1,1,1
1356,5,1224,-21,47,97,1,1,1
1356,6,684,61,78,120,1,1,1
1356,10,1271,175,91,195,1,1,1
1357,1,1141,576,207,464,1,1,1
1357,2,707,511,202,527,1,1,1
1357,4,839,63,63,112,1,1,1
1357,5,1224,-20,47,97,1,1,1
1357,6,685,60,78,120,1,1,1
1357,10,1267,174,91,195,1,1,1
1358,1,1145,576,207,483,1,1,1
1358,2,709,531,202,527,1,1,1
1358,4,840,66,63,108,1,1,1
1358,5,1225,-20,47,97,1,1,1
1358,6,684,60,78,120,1,1,1
1358,10,1261,175,91,195,1,1,1
1359,1,1149,573,207,483,1,1,1
1359,2,712,532,202,527,1,1,1
1359,4,840,69,63,108,1,1,1
1359,5,1225,-21,47,97,1,1,1
1359,6,685,61,78,120,1,1,1
1359,10,1257,174,91,195,1,1,1
1360,1,1152,575,207,483,1,1,1
1360,2,711,534,202,527,1,1,1
1360,4,847,70,56,108,1,1,1
1360,5,1226,-20,47,97,1,1,1
1360,6,686,61,78,120,1,1,1
1360,10,1253,171,91,195,1,1,1
1361,1,1160,584,197,489,1,1,1
1361,2,717,529,202,527,1,1,1
1361,4,849,67,56,108,1,1,1
1361,5,1226,-20,47,97,1,1,1
1361,6,686,60,78,120,1,1,1
1361,10,1251,172,91,195,1,1,1
1362,1,1165,591,197,489,1,1,1
1362,2,718,529,202,527,1,1,1
1362,4,850,67,56,108,1,1,1
1362,5,1227,-20,47,97,1,1,1
1362,6,685,60,78,120,1,1,1
1362,10,1246,171,91,195,1,1,1
1363,1,1170,591,197,489,1,1,1
1363,2,722,540,202,527,1,1,1
1363,4,850,68,66,108,1,1,1
1363,5,1228,-20,47,97,1,1,1
1363,6,686,60,78,120,1,1,1
1363,10,1238,172,79,200,1,1,1
1364,1,1175,590,197,489,1,1,1
1364,2,723,534,202,527,1,1,1
1364,4,843,68,66,108,1,1,1
1364,5,1228,-19,47,97,1,1,1
1364,6,687,61,78,120,1,1,1
1364,10,1226,175,79,200,1,1,1
1365,1,1181,591,197,489,1,1,1
1365,2,726,535,202,527,1,1,1
1365,4,842,69,66,108,1,1,1
1365,5,1229,-20,47,97,1,1,1
1365,6,686,60,78,120,1,1,1
1365,10,1229,175,79,200,1,1,1
1366,1,1185,590,197,489,1,1,1
1366,2,726,537,202,527,1,1,1
1366,4,844,68,66,108,1,1,1
1366,5,1229,-20,47,97,1,1,1
1366,6,686,61,78,120,1,1,1
1366,10,1216,172,79,200,1,1,1
1367,1,1193,607,188,466,1,1,1
1367,2,726,542,202,527,1,1,1
1367,4,843,69,66,108,1,1,1
1367,5,1229,-19,47,97,1,1,1
1367,6,687,61,78,120,1,1,1
1367,10,1215,170,73,200,1,1,1
1368,1,1198,610,188,466,1,1,1
1368,2,725,554,202,527,1,1,1
1368,4,844,69,66,108,1,1,1
1368,5,1230,-19,47,97,1,1,1
1368,6,687,60,78,120,1,1,1
1368,10,1214,170,73,200,1,1,1
1369,1,1207,619,179,444,1,1,1
1369,2,727,564,202,527,1,1,1
1369,4,844,69,66,108,1,1,1
1369,5,1229,-19,47,97,1,1,1
1369,6,688,61,78,120,1,1,1
1369,10,1211,170,73,200,1,1,1
1370,1,1208,619,182,467,1,1,1
1370,2,727,565,202,527,1,1,1
1370,4,844,69,55,108,1,1,1
1370,5,1229,-20,47,97,1,1,1
1370,6,687,60,78,120,1,1,1
1370,10,1206,175,73,200,1,1,1
1371,1,1212,613,182,467,1,1,1
1371,2,726,566,202,527,1,1,1
1371,4,845,71,55,108,1,1,1
1371,5,1229,-20,47,97,1,1,1
1371,6,688,60,78,120,1,1,1
1371,10,1202,178,73,200,1,1,1
1372,1,1216,612,182,467,1,1,1
1372,2,726,572,202,527,1,1,1
1372,4,844,69,52,108,1,1,1
1372,5,1228,-20,47,97,1,1,1
1372,6,688,61,78,120,1,1,1
1372,10,1197,184,73,200,1,1,1
1373,1,1213,613,198,467,1,1,1
1373,2,725,573,202,527,1,1,1
1373,4,846,64,52,108,1,1,1
1373,5,1228,-19,47,97,1,1,1
1373,6,688,60,78,120,1,1,1
1373,10,1191,183,65,200,1,1,1
1374,1,1218,612,198,467,1,1,1
1374,2,730,578,205,502,1,1,1
1374,4,846,65,52,108,1,1,1
1374,5,1227,-19,47,97,1,1,1
1374,6,689,60,78,120,1,1,1
1374,10,1191,182,65,200,1,1,1
1375,1,1220,646,198,434,1,1,1
1375,2,723,578,205,502,1,1,1
1375,4,845,66,52,108,1,1,1
1375,5,1226,-20,47,97,1,1,1
1375,6,690,61,78,120,1,1,1
1375,10,1179,179,65,200,1,1,1
1376,1,1224,645,198,434,1,1,1
1376,2,723,578,205,502,1,1,1
1376,4,846,69,52,108,1,1,1
1376,5,1226,-19,47,97,1,1,1
1376,6,689,61,78,120,1,1,1
1376,10,1180,177,65,201,1,1,1
1377,1,1227,646,198,434,1,1,1
1377,2,721,592,205,488,1,1,1
1377,4,847,69,52,108,1,1,1
1377,5,1225,-20,47,97,1,1,1
1377,6,689,62,78,120,1,1,1
1377,10,1180,176,65,201,1,1,1
1378,1,1228,666,198,434,1,1,1
1378,2,721,591,205,488,1,1,1
1378,4,847,69,52,108,1,1,1
1378,5,1225,-19,47,97,1,1,1
1378,6,689,62,78,120,1,1,1
1378,10,1164,182,65,192,1,1,1
1379,1,1229,671,211,434,1,1,1
1379,2,720,592,205,488,1,1,1
1379,4,847,66,55,113,1,1,1
1379,5,1225,-19,47,97,1,1,1
1379,6,690,62,78,120,1,1,1
1379,10,1158,182,72,206,1,1,1
1380,1,1230,675,211,434,1,1,1
1380,2,719,591,205,488,1,1,1
1380,4,847,67,55,113,1,1,1
1380,5,1225,-19,47,97,1,1,1
1380,6,689,62,78,120,1,1,1
1380,10,1151,183,72,206,1,1,1
1381,1,1231,684,211,434,1,1,1
1381,2,721,614,205,488,1,1,1
1381,4,846,66,60,113,1,1,1
1381,5,1224,-19,47,97,1,1,1
1381,6,691,62,78,120,1,1,1
1381,10,1146,187,72,206,1,1,1
1382,1,1233,690,211,434,1,1,1
1382,2,722,618,205,488,1,1,1
1382,4,847,67,63,113,1,1,1
1382,5,1224,-18,47,97,1,1,1
1382,6,691,62,78,120,1,1,1
1382,10,1142,193,72,206,1,1,1
1383,1,1243,705,201,413,1,1,1
1383,2,711,632,212,465,1,1,1
1383,4,846,68,63,109,1,1,1
1383,5,1224,-19,47,97,1,1,1
1383,6,692,63,78,120,1,1,1
1383,10,1134,197,72,206,1,1,1
1384,1,1239,702,211,434,1,1,1
1384,2,711,634,212,465,1,1,1
1384,4,845,69,63,109,1,1,1
1384,5,1224,-18,47,97,1,1,1
1384,6,692,63,78,120,1,1,1
1384,10,1121,198,82,210,1,1,1
1385,1,1242,710,211,434,1,1,1
1385,2,720,637,202,443,1,1,1
1385,4,846,71,63,109,1,1,1
1385,5,1223,-18,47,97,1,1,1
1385,6,693,62,78,120,1,1,1
1385,10,1114,201,82,210,1,1,1
1386,1,1237,708,222,456,1,1,1
1386,2,723,636,202,443,1,1,1
1386,4,845,72,63,109,1,1,1
1386,5,1223,-17,47,97,1,1,1
1386,6,692,62,78,120,1,1,1
1386,10,1112,206,82,210,1,1,1
1387,1,1241,711,222,456,1,1,1
1387,2,722,649,202,458,1,1,1
1387,4,846,71,63,109,1,1,1
1387,5,1223,-17,47,97,1,1,1
1387,6,692,63,78,120,1,1,1
1387,10,1108,205,82,210,1,1,1
1388,1,1249,724,211,434,1,1,1
1388,2,719,655,212,465,1,1,1
1388,4,846,71,50,109,1,1,1
1388,5,1224,-18,47,97,1,1,1
1388,6,693,64,78,120,1,1,1
1388,10,1103,208,82,210,1,1,1
1389,1,1253,725,211,434,1,1,1
1389,2,722,663,212,465,1,1,1
1389,4,850,65,50,109,1,1,1
1389,5,1224,-17,47,97,1,1,1
1389,6,694,64,78,120,1,1,1
1389,10,1106,217,82,210,1,1,1
1390,1,1258,731,211,434,1,1,1
1390,2,724,668,212,465,1,1,1
1390,4,850,70,50,109,1,1,1
1390,5,1224,-18,47,97,1,1,1
1390,6,693,63,78,120,1,1,1
1390,10,1097,204,82,210,1,1,1
1391,1,1262,735,211,434,1,1,1
1391,2,728,673,212,465,1,1,1
1391,4,851,72,48,104,1,1,1
1391,5,1225,-17,47,97,1,1,1
1391,6,693,62,78,120,1,1,1
1391,10,1100,213,82,210,1,1,1
1392,1,1265,737,211,434,1,1,1
1392,2,731,677,212,465,1,1,1
1392,4,852,67,48,104,1,1,1
1392,5,1226,-18,47,97,1,1,1
1392,6,693,62,78,120,1,1,1
1392,10,1080,211,101,210,1,1,1
1393,1,1267,741,211,434,1,1,1
1393,2,735,681,221,465,1,1,1
1393,4,852,71,48,99,1,1,1
1393,5,1226,-18,47,97,1,1,1
1393,6,694,63,78,120,1,1,1
1393,10,1085,220,101,210,1,1,1
1394,1,1272,747,211,434,1,1,1
1394,2,737,682,221,465,1,1,1
1394,4,852,67,48,99,1,1,1
1394,5,1227,-18,47,97,1,1,1
1394,6,694,62,78,120,1,1,1
1394,10,1085,220,101,191,1,1,1
1395,1,1277,753,211,434,1,1,1
1395,2,738,683,221,465,1,1,1
1395,4,854,65,48,99,1,1,1
1395,5,1227,-17,47,97,1,1,1
1395,6,694,63,78,120,1,1,1
1395,10,1078,207,101,191,1,1,1
1396,1,1280,756,211,434,1,1,1
1396,2,741,684,230,465,1,1,1
1396,4,853,67,48,99,1,1,1
1396,5,1228,-18,47,97,1,1,1
1396,6,695,61,78,120,1,1,1
1396,10,1081,213,101,191,1,1,1
1397,1,1289,768,201,413,1,1,1
1397,2,743,685,230,465,1,1,1
1397,4,851,67,50,104,1,1,1
1397,5,1228,-17,47,97,1,1,1
1397,6,694,62,78,120,1,1,1
1397,10,1077,208,101,191,1,1,1
1398,1,1295,771,201,413,1,1,1
1398,2,744,687,230,465,1,1,1
1398,4,853,70,48,99,1,1,1
1398,5,1234,-1,45,92,1,1,1
1398,6,695,61,78,120,1,1,1
1398,10,1090,209,82,191,1,1,1
1399,1,1300,773,201,413,1,1,1
1399,2,746,688,240,465,1,1,1
1399,4,852,69,50,104,1,1,1
1399,5,1234,-1,45,92,1,1,1
1399,6,695,62,78,120,1,1,1
1399,10,1093,208,82,191,1,1,1
1400,1,1304,776,201,413,1,1,1
1400,2,746,689,249,465,1,1,1
1400,4,851,69,50,104,1,1,1
1400,5,1233,-17,45,92,1,1,1
1400,6,695,61,78,120,1,1,1
1400,10,1093,207,82,191,1,1,1
1401,1,1307,771,211,434,1,1,1
1401,2,747,689,249,465,1,1,1
1401,4,854,70,48,99,1,1,1
1401,5,1235,-1,45,92,1,1,1
1401,6,696,60,78,120,1,1,1
1401,10,1093,206,82,191,1,1,1
1402,1,1307,765,222,456,1,1,1
1402,2,747,689,249,465,1,1,1
1402,4,853,67,48,99,1,1,1
1402,5,1234,-18,45,92,1,1,1
1402,6,697,61,78,120,1,1,1
1402,10,1093,209,82,191,1,1,1
1403,1,1310,769,222,456,1,1,1
1403,2,748,690,249,465,1,1,1
1403,4,852,68,48,99,1,1,1
1403,5,1233,-18,45,92,1,1,1
1403,6,697,60,78,120,1,1,1
1403,10,1084,209,91,191,1,1,1
1404,1,1308,759,233,478,1,1,1
1404,2,749,691,249,465,1,1,1
1404,4,854,67,46,94,1,1,1
1404,5,1232,-17,45,92,1,1,1
1404,6,698,59,78,120,1,1,1
1404,10,1087,212,91,191,1,1,1
1405,1,1312,759,233,478,1,1,1
1405,2,749,693,249,465,1,1,1
1405,4,852,67,46,94,1,1,1
1405,5,1232,-17,45,92,1,1,1
1405,6,698,58,78,120,1,1,1
1405,10,1087,211,91,191,1,1,1
1405,11,1852,405,68,114,1,1,1
1406,1,1313,757,233,478,1,1,1
1406,2,750,694,249,465,1,1,1
1406,4,851,67,46,94,1,1,1
1406,5,1231,-17,45,92,1,1,1
1406,6,699,58,78,120,1,1,1
1406,10,1087,209,91,191,1,1,1
1406,11,1846,403,74,114,1,1,1
1407,1,1315,755,233,478,1,1,1
1407,2,750,696,249,465,1,1,1
1407,4,851,67,46,94,1,1,1
1407,5,1230,-18,45,92,1,1,1
1407,6,700,58,78,120,1,1,1
1407,10,1086,207,91,191,1,1,1
1407,11,1846,401,74,114,1,1,1
1408,1,1320,764,222,456,1,1,1
1408,2,748,697,249,465,1,1,1
1408,4,850,67,46,94,1,1,1
1408,5,1230,-19,45,92,1,1,1
1408,6,699,57,78,120,1,1,1
1408,10,1086,204,91,191,1,1,1
1408,11,1841,398,83,109,1,1,1
1409,1,1319,763,222,456,1,1,1
1409,2,746,698,249,465,1,1,1
1409,4,851,70,46,94,1,1,1
1409,5,1229,-19,45,92,1,1,1
1409,6,701,57,78,120,1,1,1
1409,10,1085,204,91,191,1,1,1
1409,11,1837,398,83,109,1,1,1
1410,1,1321,761,222,456,1,1,1
1410,2,744,699,249,465,1,1,1
1410,4,851,59,46,102,1,1,1
1410,5,1228,-19,45,92,1,1,1
1410,6,700,56,78,120,1,1,1
1410,10,1084,201,91,191,1,1,1
1410,11,1837,394,83,109,1,1,1
1411,1,1316,760,228,456,1,1,1
1411,2,743,699,249,465,1,1,1
1411,4,851,64,46,102,1,1,1
1411,5,1227,-19,45,92,1,1,1
1411,6,702,55,78,120,1,1,1
1411,10,1082,199,91,191,1,1,1
1411,11,1822,386,94,109,1,1,1
1412,1,1321,758,228,456,1,1,1
1412,2,739,697,249,465,1,1,1
1412,4,851,62,46,102,1,1,1
1412,5,1226,-20,45,92,1,1,1
1412,6,702,55,78,120,1,1,1
1412,10,1082,197,91,191,1,1,1
1412,11,1826,385,94,109,1,1,1
1413,1,1320,757,237,456,1,1,1
1413,2,737,697,249,465,1,1,1
1413,4,850,61,46,102,1,1,1
1413,5,1225,-20,45,92,1,1,1
1413,6,701,56,78,120,1,1,1
1413,10,1081,196,91,191,1,1,1
1413,11,1816,381,88,109,1,1,1
1414,1,1312,756,245,456,1,1,1
1414,2,736,696,249,465,1,1,1
1414,4,851,61,46,102,1,1,1
1414,5,1225,-20,45,92,1,1,1
1414,6,703,54,78,120,1,1,1
1414,10,1080,194,91,191,1,1,1
1414,11,1807,374,88,109,1,1,1
1415,1,1311,755,245,456,1,1,1
1415,2,735,694,249,465,1,1,1
1415,4,850,61,46,102,1,1,1
1415,5,1224,-20,45,92,1,1,1
1415,6,703,54,78,120,1,1,1
1415,10,1079,193,91,191,1,1,1
1415,11,1802,371,88,109,1,1,1
1416,1,1309,755,245,456,1,1,1
1416,2,733,692,249,465,1,1,1
1416,4,851,62,46,102,1,1,1
1416,5,1223,-20,45,92,1,1,1
1416,6,703,54,78,120,1,1,1
1416,10,1078,192,91,191,1,1,1
1416,11,1803,368,88,109,1,1,1
1417,1,1307,754,245,456,1,1,1
1417,2,733,688,249,465,1,1,1
1417,4,852,62,46,102,1,1,1
1417,5,1222,-20,45,92,1,1,1
1417,6,705,56,74,114,1,1,1
1417,10,1076,192,91,191,1,1,1
1417,11,1796,364,88,109,1,1,1
1418,1,1304,754,245,456,1,1,1
1418,2,735,685,249,465,1,1,1
1418,4,851,62,46,102,1,1,1
1418,5,1221,-21,45,92,1,1,1
1418,6,706,55,74,114,1,1,1
1418,10,1074,189,91,191,1,1,1
1418,11,1792,364,88,109,1,1,1
1419,1,1300,754,245,456,1,1,1
1419,2,734,683,249,465,1,1,1
1419,4,851,62,46,102,1,1,1
1419,5,1221,-22,45,92,1,1,1
1419,6,705,56,74,114,1,1,1
1419,10,1072,188,91,191,1,1,1
1419,11,1782,357,88,109,1,1,1
1420,1,1297,753,245,456,1,1,1
1420,2,734,679,249,465,1,1,1
1420,4,854,52,46,102,1,1,1
1420,5,1220,-22,45,92,1,1,1
1420,6,707,54,74,114,1,1,1
1420,10,1070,185,91,191,1,1,1
1420,11,1777,352,88,109,1,1,1
1421,1,1300,760,233,434,1,1,1
1421,2,735,678,249,465,1,1,1
1421,4,854,50,46,102,1,1,1
1421,5,1219,-22,45,92,1,1,1
1421,6,707,54,74,114,1,1,1
1421,10,1070,183,91,191,1,1,1
1421,11,1767,351,88,109,1,1,1
1422,1,1298,755,233,434,1,1,1
1422,2,736,677,249,465,1,1,1
1422,4,854,49,46,110,1,1,1
1422,5,1218,-22,45,92,1,1,1
1422,6,708,53,74,114,1,1,1
1422,10,1068,183,82,191,1,1,1
1422,11,1762,347,88,109,1,1,1
1423,1,1295,750,233,434,1,1,1
1423,2,739,675,249,465,1,1,1
1423,4,855,50,46,110,1,1,1
1423,5,1218,-22,45,92,1,1,1
1423,6,710,55,71,109,1,1,1
1423,10,1070,182,82,191,1,1,1
1423,11,1760,341,88,109,1,1,1
1423,12,1841,275,79,257,1,1,1
1424,1,1292,748,233,434,1,1,1
1424,2,743,675,249,465,1,1,1
1424,4,855,50,46,110,1,1,1
1424,5,1217,-22,45,92,1,1,1
1424,6,711,53,71,109,1,1,1
1424,10,1069,180,82,191,1,1,1
1424,11,1755,340,88,109,1,1,1
1424,12,1841,270,79,257,1,1,1
1425,1,1289,743,233,434,1,1,1
1425,2,745,673,249,465,1,1,1
1425,4,858,53,44,105,1,1,1
1425,5,1217,-23,45,92,1,1,1
1425,6,710,53,71,109,1,1,1
1425,10,1067,178,82,191,1,1,1
1425,11,1751,337,88,109,1,1,1
1425,12,1833,265,87,267,1,1,1
1426,1,1282,728,245,456,1,1,1
1426,2,748,669,249,465,1,1,1
1426,4,857,56,44,105,1,1,1
1426,5,1217,-23,45,92,1,1,1
1426,6,710,52,71,109,1,1,1
1426,10,1064,174,82,191,1,1,1
1426,11,1744,332,88,109,1,1,1
1426,12,1832,259,87,267,1,1,1
1427,1,1279,722,245,456,1,1,1
1427,2,750,667,249,465,1,1,1
1427,4,858,57,44,96,1,1,1
1427,5,1217,-24,45,92,1,1,1
1427,6,712,51,71,109,1,1,1
1427,10,1063,173,82,191,1,1,1
1427,11,1752,329,88,109,1,1,1
1427,12,1818,254,101,267,1,1,1
1428,1,1282,723,245,456,1,1,1
1428,2,755,664,249,465,1,1,1
1428,4,858,59,44,96,1,1,1
1428,5,1218,-22,43,88,1,1,1
1428,6,713,51,71,109,1,1,1
1428,10,1062,171,82,191,1,1,1
1428,11,1739,325,81,109,1,1,1
1428,12,1819,248,101,267,1,1,1
1429,1,1274,710,245,456,1,1,1
1429,2,758,660,249,465,1,1,1
1429,4,858,63,44,96,1,1,1
1429,5,1219,-22,43,88,1,1,1
1429,6,712,50,71,109,1,1,1
1429,10,1062,172,82,191,1,1,1
1429,11,1736,320,81,109,1,1,1
1429,12,1818,244,101,267,1,1,1
1430,1,1275,706,209,456,1,1,1
1430,2,761,656,249,465,1,1,1
1430,4,859,59,47,97,1,1,1
1430,5,1219,-22,43,88,1,1,1
1430,6,714,49,71,109,1,1,1
1430,10,1061,169,82,191,1,1,1
1430,11,1731,317,75,109,1,1,1
1430,12,1818,241,101,267,1,1,1
1431,1,1281,707,199,434,1,1,1
1431,2,772,652,234,465,1,1,1
1431,4,856,60,47,97,1,1,1
1431,5,1219,-23,43,88,1,1,1
1431,6,715,49,71,109,1,1,1
1431,10,1062,166,82,191,1,1,1
1431,11,1721,314,75,109,1,1,1
1431,12,1800,239,113,258,1,1,1
1432,1,1286,699,199,434,1,1,1
1432,2,773,650,234,465,1,1,1
1432,4,856,61,47,97,1,1,1
1432,5,1220,-21,41,84,1,1,1
1432,6,714,48,71,109,1,1,1
1432,10,1062,166,82,191,1,1,1
1432,11,1719,311,75,109,1,1,1
1432,12,1805,235,113,258,1,1,1
1433,1,1286,697,199,434,1,1,1
1433,2,775,645,234,465,1,1,1
1433,4,857,63,47,97,1,1,1
1433,5,1220,-21,41,84,1,1,1
1433,6,715,48,71,109,1,1,1
1433,10,1065,170,78,182,1,1,1
1433,11,1713,307,75,109,1,1,1
1433,12,1800,230,113,258,1,1,1
1434,1,1285,692,199,434,1,1,1
1434,2,778,642,234,465,1,1,1
1434,4,856,62,47,97,1,1,1
1434,5,1221,-21,41,84,1,1,1
1434,6,715,47,71,109,1,1,1
1434,10,1064,166,78,182,1,1,1
1434,11,1713,303,75,109,1,1,1
1434,12,1795,234,111,252,1,1,1
1435,1,1284,690,199,434,1,1,1
1435,2,780,636,234,465,1,1,1
1435,4,856,56,47,97,1,1,1
1435,5,1221,-22,41,84,1,1,1
1435,6,716,47,71,109,1,1,1
1435,10,1065,166,78,182,1,1,1
1435,11,1710,299,75,109,1,1,1
1435,12,1793,232,111,252,1,1,1
1436,1,1282,688,199,434,1,1,1
1436,2,794,635,223,443,1,1,1
1436,4,856,58,47,97,1,1,1
1436,5,1221,-22,41,84,1,1,1
1436,6,718,46,71,109,1,1,1
1436,10,1066,165,78,182,1,1,1
1436,11,1704,294,75,109,1,1,1
1436,12,1790,230,101,252,1,1,1
1437,1,1282,684,199,434,1,1,1
1437,2,797,630,223,443,1,1,1
1437,4,854,58,47,97,1,1,1
1437,5,1222,-22,41,84,1,1,1
1437,6,718,46,71,109,1,1,1
1437,10,1066,163,78,182,1,1,1
1437,11,1702,293,75,109,1,1,1
1437,12,1789,227,101,252,1,1,1
1438,1,1282,679,199,434,1,1,1
1438,2,799,624,223,456,1,1,1
1438,4,855,58,47,97,1,1,1
1438,5,1222,-23,41,84,1,1,1
1438,6,717,44,71,109,1,1,1
1438,10,1067,164,78,182,1,1,1
1438,11,1697,289,75,109,1,1,1
1438,12,1779,223,101,252,1,1,1
1439,1,1282,675,199,434,1,1,1
1439,2,801,623,223,456,1,1,1
1439,4,853,56,47,97,1,1,1
1439,5,1222,-24,41,84,1,1,1
1439,6,717,44,71,109,1,1,1
1439,10,1067,161,78,182,1,1,1
1439,11,1703,286,75,109,1,1,1
1439,12,1777,220,101,252,1,1,1
1439,14,1884,24,36,64,1,1,1
1440,1,1282,671,199,434,1,1,1
1440,2,801,623,223,456,1,1,1
1440,4,852,59,47,97,1,1,1
1440,5,1222,-24,41,84,1,1,1
1440,6,718,42,71,109,1,1,1
1440,10,1068,163,74,173,1,1,1
1440,11,1682,283,75,109,1,1,1
1440,12,1771,215,101,252,1,1,1
1440,14,1884,23,36,64,1,1,1
1441,1,1281,667,199,434,1,1,1
1441,2,802,618,223,456,1,1,1
1441,4,848,53,47,97,1,1,1
1441,5,1221,-24,41,84,1,1,1
1441,6,719,42,71,109,1,1,1
1441,10,1068,161,74,173,1,1,1
1441,11,1689,281,75,109,1,1,1
1441,12,1767,211,101,252,1,1,1
1441,14,1884,21,36,64,1,1,1
1442,1,1279,663,199,434,1,1,1
1442,2,802,618,223,456,1,1,1
1442,4,850,52,47,97,1,1,1
1442,5,1220,-25,41,84,1,1,1
1442,6,719,42,71,109,1,1,1
1442,10,1068,159,74,173,1,1,1
1442,11,1686,276,75,109,1,1,1
1442,12,1763,207,101,252,1,1,1
1442,14,1882,22,36,64,1,1,1
1443,1,1275,657,200,429,1,1,1
1443,2,807,619,212,458,1,1,1
1443,4,849,54,47,97,1,1,1
1443,5,1220,-25,41,84,1,1,1
1443,6,720,41,71,109,1,1,1
1443,10,1067,158,74,173,1,1,1
1443,11,1673,273,69,109,1,1,1
1443,12,1759,209,96,240,1,1,1
1443,14,1880,22,38,64,1,1,1
1444,1,1276,647,204,429,1,1,1
1444,2,806,616,212,458,1,1,1
1444,4,848,56,47,97,1,1,1
1444,5,1219,-26,41,84,1,1,1
1444,6,721,40,71,109,1,1,1
1444,10,1068,156,74,173,1,1,1
1444,11,1665,269,69,109,1,1,1
1444,12,1754,207,96,240,1,1,1
1444,14,1879,22,38,64,1,1,1
1445,1,1277,634,204,445,1,1,1
1445,2,806,612,212,466,1,1,1
1445,4,848,57,47,97,1,1,1
1445,5,1218,-26,41,84,1,1,1
1445,6,722,39,71,109,1,1,1
1445,10,1068,153,74,173,1,1,1
1445,11,1671,267,69,109,1,1,1
1445,12,1749,202,96,240,1,1,1
1445,14,1876,21,38,64,1,1,1
1446,1,1272,628,208,457,1,1,1
1446,2,805,608,212,466,1,1,1
1446,4,848,54,47,97,1,1,1
1446,5,1217,-26,41,84,1,1,1
1446,6,722,40,71,109,1,1,1
1446,10,1066,152,74,173,1,1,1
1446,11,1659,263,78,109,1,1,1
1446,12,1745,200,96,240,1,1,1
1446,14,1875,21,38,64,1,1,1
1447,1,1272,622,208,457,1,1,1
1447,2,803,602,212,466,1,1,1
1447,4,849,51,47,97,1,1,1
1447,5,1216,-27,41,84,1,1,1
1447,6,724,39,71,109,1,1,1
1447,10,1067,153,74,173,1,1,1
1447,11,1665,261,78,109,1,1,1
1447,12,1740,195,96,240,1,1,1
1447,14,1873,21,38,64,1,1,1
1448,1,1270,622,203,457,1,1,1
1448,2,801,599,212,486,1,1,1
1448,4,849,51,47,97,1,1,1
1448,5,1214,-27,41,84,1,1,1
1448,6,726,42,67,104,1,1,1
1448,10,1067,151,74,173,1,1,1
1448,11,1663,257,78,109,1,1,1
1448,12,1732,191,96,240,1,1,1
1448,14,1871,19,38,64,1,1,1
1449,1,1270,611,203,457,1,1,1
1449,2,800,594,212,486,1,1,1
1449,4,847,49,49,102,1,1,1
1449,5,1214,-28,41,84,1,1,1
1449,6,726,41,67,104,1,1,1
1449,10,1066,147,74,173,1,1,1
1449,11,1647,254,78,109,1,1,1
1449,12,1728,188,96,240,1,1,1
1449,14,1868,18,47,66,1,1,1
1450,1,1274,611,193,435,1,1,1
1450,2,800,593,212,486,1,1,1
1450,4,845,47,52,107,1,1,1
1450,5,1212,-28,41,84,1,1,1
1450,6,726,39,67,104,1,1,1
1450,10,1049,147,91,173,1,1,1
1450,11,1653,251,78,109,1,1,1
1450,12,1714,186,105,240,1,1,1
1450,14,1864,18,47,66,1,1,1
1451,1,1272,605,193,457,1,1,1
1451,2,792,568,223,510,1,1,1
1451,4,845,50,52,107,1,1,1
1451,5,1211,-28,41,84,1,1,1
1451,6,728,39,67,104,1,1,1
1451,10,1055,145,91,173,1,1,1
1451,11,1642,247,66,109,1,1,1
1451,12,1702,184,115,240,1,1,1
1451,14,1862,17,47,66,1,1,1
1452,1,1270,589,193,479,1,1,1
1452,2,791,568,223,510,1,1,1
1452,4,845,49,52,107,1,1,1
1452,5,1211,-29,41,84,1,1,1
1452,6,728,37,67,104,1,1,1
1452,10,1050,148,85,165,1,1,1
1452,11,1636,242,66,109,1,1,1
1452,12,1692,180,125,233,1,1,1
1452,14,1860,16,47,66,1,1,1
1453,1,1267,601,193,477,1,1,1
1453,2,791,568,223,510,1,1,1
1453,4,843,51,52,107,1,1,1
1453,5,1209,-29,41,84,1,1,1
1453,6,726,37,67,104,1,1,1
1453,10,1050,146,85,165,1,1,1
1453,11,1632,244,66,109,1,1,1
1453,12,1690,179,125,233,1,1,1
1453,14,1857,15,47,66,1,1,1
1454,1,1262,582,205,495,1,1,1
1454,2,790,568,223,510,1,1,1
1454,4,843,50,52,107,1,1,1
1454,5,1208,-30,41,84,1,1,1
1454,6,727,36,67,104,1,1,1
1454,10,1049,143,85,165,1,1,1
1454,11,1629,245,62,99,1,1,1
1454,12,1675,175,122,233,1,1,1
1454,14,1856,14,47,66,1,1,1
1455,1,1257,577,205,495,1,1,1
1455,2,790,568,223,510,1,1,1
1455,4,843,47,52,107,1,1,1
1455,5,1207,-30,41,84,1,1,1
1455,6,729,35,67,104,1,1,1
1455,10,1056,142,85,165,1,1,1
1455,11,1624,241,62,99,1,1,1
1455,12,1668,175,122,233,1,1,1
1455,14,1853,15,47,66,1,1,1
1456,1,1252,571,205,495,1,1,1
1456,2,791,568,223,510,1,1,1
1456,4,842,46,52,107,1,1,1
1456,5,1207,-30,41,84,1,1,1
1456,6,729,35,67,104,1,1,1
1456,10,1048,144,81,157,1,1,1
1456,11,1619,238,62,99,1,1,1
1456,12,1662,167,122,233,1,1,1
1456,14,1850,14,47,66,1,1,1
1457,1,1249,589,205,476,1,1,1
1457,2,793,568,223,510,1,1,1
1457,4,844,49,49,102,1,1,1
1457,5,1205,-30,41,84,1,1,1
1457,6,729,35,67,104,1,1,1
1457,10,1038,141,98,163,1,1,1
1457,11,1623,235,62,99,1,1,1
1457,12,1658,165,127,233,1,1,1
1457,14,1849,13,47,66,1,1,1
1458,1,1246,572,205,502,1,1,1
1458,2,793,563,223,510,1,1,1
1458,4,845,50,49,102,1,1,1
1458,5,1205,-31,41,84,1,1,1
1458,6,732,33,67,104,1,1,1
1458,10,1038,141,98,163,1,1,1
1458,11,1615,233,62,99,1,1,1
1458,12,1648,164,127,233,1,1,1
1458,14,1846,13,47,66,1,1,1
1459,1,1237,552,215,527,1,1,1
1459,2,795,558,223,517,1,1,1
1459,4,845,52,47,97,1,1,1
1459,5,1203,-31,41,84,1,1,1
1459,6,731,33,67,104,1,1,1
1459,10,1044,139,98,163,1,1,1
1459,11,1609,233,62,99,1,1,1
1459,12,1647,162,127,233,1,1,1
1459,14,1846,12,47,66,1,1,1
1460,1,1236,564,205,502,1,1,1
1460,2,796,561,223,517,1,1,1
1460,4,845,55,47,97,1,1,1
1460,5,1203,-31,41,84,1,1,1
1460,6,733,33,67,104,1,1,1
1460,10,1042,138,98,163,1,1,1
1460,11,1603,229,62,99,1,1,1
1460,12,1642,160,127,233,1,1,1
1460,14,1842,11,47,66,1,1,1
1461,1,1233,563,205,502,1,1,1
1461,2,799,558,223,517,1,1,1
1461,4,846,54,47,97,1,1,1
1461,5,1202,-32,41,84,1,1,1
1461,6,733,32,67,104,1,1,1
1461,10,1041,136,98,163,1,1,1
1461,11,1598,227,62,99,1,1,1
1461,12,1638,157,127,233,1,1,1
1461,14,1841,10,47,66,1,1,1
1462,1,1229,556,205,502,1,1,1
1462,2,801,555,223,517,1,1,1
1462,4,848,56,47,97,1,1,1
1462,5,1202,-32,41,84,1,1,1
1462,6,734,30,67,104,1,1,1
1462,10,1039,135,98,163,1,1,1
1462,11,1605,223,62,99,1,1,1
1462,12,1633,154,127,233,1,1,1
1462,14,1839,12,47,66,1,1,1
1463,1,1225,567,205,459,1,1,1
1463,2,810,554,212,492,1,1,1
1463,4,847,56,47,97,1,1,1
1463,5,1202,-33,41,84,1,1,1
1463,6,735,31,67,104,1,1,1
1463,10,1038,135,98,163,1,1,1
1463,11,1588,221,62,99,1,1,1
1463,12,1627,151,127,233,1,1,1
1463,14,1837,10,47,66,1,1,1
1464,1,1221,552,205,459,1,1,1
1464,2,813,549,212,492,1,1,1
1464,4,849,56,45,92,1,1,1
1464,6,735,30,67,104,1,1,1
1464,10,1036,134,98,163,1,1,1
1464,11,1594,217,62,99,1,1,1
1464,12,1622,147,127,233,1,1,1
1464,14,1836,10,47,66,1,1,1
1465,1,1218,548,205,459,1,1,1
1465,2,814,544,212,492,1,1,1
1465,4,848,54,45,92,1,1,1
1465,6,733,28,67,104,1,1,1
1465,10,1033,135,98,163,1,1,1
1465,11,1590,214,62,99,1,1,1
1465,12,1630,152,108,225,1,1,1
1465,14,1833,10,47,66,1,1,1
1466,1,1215,542,205,459,1,1,1
1466,2,818,539,212,492,1,1,1
1466,4,850,55,43,88,1,1,1
1466,6,737,30,64,99,1,1,1
1466,10,1031,135,98,163,1,1,1
1466,11,1588,212,62,99,1,1,1
1466,12,1627,147,108,225,1,1,1
1466,14,1831,10,47,66,1,1,1
1467,1,1212,538,205,459,1,1,1
1467,2,820,532,212,492,1,1,1
1467,4,850,57,45,92,1,1,1
1467,6,738,31,64,99,1,1,1
1467,10,1028,133,98,163,1,1,1
1467,11,1585,209,62,99,1,1,1
1467,12,1621,144,108,225,1,1,1
1467,14,1830,10,47,66,1,1,1
1468,1,1209,532,205,459,1,1,1
1468,2,821,525,212,492,1,1,1
1468,4,849,55,45,92,1,1,1
1468,6,738,29,64,99,1,1,1
1468,10,1025,131,98,163,1,1,1
1468,11,1581,207,62,99,1,1,1
1468,12,1616,141,108,225,1,1,1
1468,14,1828,9,47,66,1,1,1
1469,1,1208,526,205,459,1,1,1
1469,2,824,521,212,492,1,1,1
1469,4,851,56,45,92,1,1,1
1469,6,739,26,64,99,1,1,1
1469,10,1022,129,98,163,1,1,1
1469,11,1577,205,62,99,1,1,1
1469,12,1610,138,108,225,1,1,1
1469,14,1826,8,47,66,1,1,1
1470,1,1211,529,195,437,1,1,1
1470,2,826,514,212,492,1,1,1
1470,4,851,56,45,92,1,1,1
1470,6,740,29,64,99,1,1,1
1470,10,1019,127,98,163,1,1,1
1470,11,1574,203,62,99,1,1,1
1470,12,1606,134,108,225,1,1,1
1470,14,1822,6,47,66,1,1,1
1471,1,1209,527,195,437,1,1,1
1471,2,825,508,212,492,1,1,1
1471,4,851,55,45,92,1,1,1
1471,6,742,30,61,94,1,1,1
1471,10,1017,127,98,163,1,1,1
1471,11,1571,199,62,99,1,1,1
1471,12,1615,132,90,220,1,1,1
1471,14,1820,6,47,66,1,1,1
1472,1,1208,520,172,437,1,1,1
1472,2,826,507,212,492,1,1,1
1472,4,851,52,45,92,1,1,1
1472,6,742,30,61,94,1,1,1
1472,10,1008,131,98,163,1,1,1
1472,11,1570,200,59,94,1,1,1
1472,12,1608,130,90,220,1,1,1
1472,14,1819,5,47,66,1,1,1
1473,1,1220,518,164,449,1,1,1
1473,2,827,506,212,462,1,1,1
1473,4,850,58,45,99,1,1,1
1473,6,744,28,61,94,1,1,1
1473,10,1008,129,98,163,1,1,1
1473,11,1565,198,59,94,1,1,1
1473,12,1603,129,90,220,1,1,1
1473,14,1818,6,45,63,1,1,1
1474,1,1223,510,156,451,1,1,1
1474,2,829,499,212,462,1,1,1
1474,4,851,59,45,99,1,1,1
1474,6,744,28,61,94,1,1,1
1474,10,1011,134,98,163,1,1,1
1474,11,1564,198,56,90,1,1,1
1474,12,1599,126,90,220,1,1,1
1474,14,1816,5,45,63,1,1,1
1475,1,1223,516,156,445,1,1,1
1475,2,828,493,212,490,1,1,1
1475,4,852,60,45,99,1,1,1
1475,6,744,26,61,94,1,1,1
1475,10,1010,133,98,163,1,1,1
1475,11,1559,195,56,90,1,1,1
1475,12,1595,124,90,220,1,1,1
1475,14,1814,6,45,63,1,1,1
1476,1,1224,501,156,455,1,1,1
1476,2,829,507,212,473,1,1,1
1476,4,853,62,45,99,1,1,1
1476,6,746,25,61,94,1,1,1
1476,10,1009,133,98,163,1,1,1
1476,11,1557,192,56,90,1,1,1
1476,12,1591,121,90,220,1,1,1
1476,14,1812,5,45,63,1,1,1
1477,1,1223,509,156,437,1,1,1
1477,2,826,499,212,482,1,1,1
1477,4,854,64,45,99,1,1,1
1477,6,744,25,61,94,1,1,1
1477,10,1008,131,98,163,1,1,1
1477,11,1552,189,56,90,1,1,1
1477,12,1588,119,90,220,1,1,1
1477,14,1811,4,45,63,1,1,1
1478,1,1222,518,156,437,1,1,1
1478,2,825,493,212,482,1,1,1
1478,4,856,64,45,99,1,1,1
1478,6,745,25,61,94,1,1,1
1478,10,1007,131,98,163,1,1,1
1478,11,1550,188,56,90,1,1,1
1478,12,1583,116,90,220,1,1,1
1478,14,1808,3,45,63,1,1,1
1479,1,1224,505,156,437,1,1,1
1479,2,825,485,212,482,1,1,1
1479,4,854,62,47,104,1,1,1
1479,6,746,24,61,94,1,1,1
1479,10,1006,133,98,163,1,1,1
1479,11,1535,187,56,90,1,1,1
1479,12,1582,120,86,210,1,1,1
1479,13,1797,542,138,473,1,1,1
1479,14,1807,2,45,63,1,1,1
1480,1,1222,503,156,437,1,1,1
1480,2,828,488,202,476,1,1,1
1480,4,855,62,47,104,1,1,1
1480,6,747,25,61,94,1,1,1
1480,8,1869,-15,56,100,1,1,1
1480,10,1004,137,98,163,1,1,1
1480,11,1531,181,56,90,1,1,1
1480,12,1579,117,86,210,1,1,1
1480,13,1786,531,138,473,1,1,1
1480,14,1804,2,45,63,1,1,1
1481,1,1228,503,149,416,1,1,1
1481,2,825,477,202,476,1,1,1
1481,4,853,58,50,109,1,1,1
1481,6,748,22,61,94,1,1,1
1481,8,1868,-15,56,100,1,1,1
1481,10,1002,139,98,163,1,1,1
1481,11,1528,188,56,90,1,1,1
1481,12,1574,116,86,210,1,1,1
1481,13,1789,528,138,473,1,1,1
1481,14,1803,1,45,63,1,1,1
1482,1,1228,485,149,428,1,1,1
1482,2,825,478,202,476,1,1,1
1482,4,853,57,50,109,1,1,1
1482,6,748,22,61,94,1,1,1
1482,8,1867,-15,56,100,1,1,1
1482,10,1001,139,98,163,1,1,1
1482,11,1528,180,56,90,1,1,1
1482,12,1572,113,86,210,1,1,1
1482,13,1767,511,151,473,1,1,1
1482,14,1801,1,45,63,1,1,1
1483,1,1227,476,149,428,1,1,1
1483,2,823,474,202,476,1,1,1
1483,4,854,58,50,109,1,1,1
1483,6,748,22,61,94,1,1,1
1483,8,1866,-15,56,100,1,1,1
1483,10,997,138,98,163,1,1,1
1483,11,1521,177,56,90,1,1,1
1483,12,1569,112,86,210,1,1,1
1483,13,1769,516,151,473,1,1,1
1483,14,1800,0,45,63,1,1,1
1484,1,1226,470,149,428,1,1,1
1484,2,820,480,202,455,1,1,1
1484,4,855,58,50,109,1,1,1
1484,6,750,20,61,94,1,1,1
1484,8,1865,-16,56,100,1,1,1
1484,10,996,137,87,163,1,1,1
1484,11,1528,173,56,90,1,1,1
1484,12,1565,108,86,210,1,1,1
1484,13,1761,498,159,497,1,1,1
1484,14,1797,0,45,63,1,1,1
1485,1,1226,465,149,428,1,1,1
1485,2,820,476,202,455,1,1,1
1485,4,855,60,50,99,1,1,1
1485,6,749,20,61,94,1,1,1
1485,8,1864,-16,56,100,1,1,1
1485,10,999,139,87,163,1,1,1
1485,11,1526,170,56,90,1,1,1
1485,12,1563,107,86,210,1,1,1
1485,13,1758,477,165,497,1,1,1
1485,14,1795,0,45,63,1,1,1
1486,1,1228,469,142,408,1,1,1
1486,2,819,459,202,455,1,1,1
1486,4,857,60,50,99,1,1,1
1486,6,750,20,61,94,1,1,1
1486,8,1863,0,56,100,1,1,1
1486,10,984,137,101,163,1,1,1
1486,11,1524,169,44,90,1,1,1
1486,12,1559,103,86,210,1,1,1
1486,13,1755,477,165,497,1,1,1
1486,14,1793,-1,45,63,1,1,1
1487,1,1227,465,142,408,1,1,1
1487,2,823,463,192,433,1,1,1
1487,4,858,61,50,99,1,1,1
1487,6,751,20,61,94,1,1,1
1487,8,1865,0,53,95,1,1,1
1487,10,979,139,101,163,1,1,1
1487,11,1518,165,44,90,1,1,1
1487,12,1555,101,86,210,1,1,1
1487,13,1745,481,175,477,1,1,1
1487,14,1793,0,45,63,1,1,1
1488,1,1224,460,142,408,1,1,1
1488,2,824,460,192,433,1,1,1
1488,4,857,61,50,99,1,1,1
1488,6,750,20,61,94,1,1,1
1488,8,1865,0,53,95,1,1,1
1488,10,974,139,101,163,1,1,1
1488,11,1513,164,44,90,1,1,1
1488,12,1555,105,82,200,1,1,1
1488,13,1737,479,186,477,1,1,1
1488,14,1791,0,45,63,1,1,1
1489,1,1222,457,154,408,1,1,1
1489,2,828,463,183,413,1,1,1
1489,4,858,63,50,99,1,1,1
1489,6,751,18,61,94,1,1,1
1489,8,1864,0,56,100,1,1,1
1489,10,974,142,101,163,1,1,1
1489,11,1513,163,44,90,1,1,1
1489,12,1554,107,78,190,1,1,1
1489,13,1734,474,186,477,1,1,1
1489,14,1789,-1,45,63,1,1,1
1490,1,1218,452,164,417,1,1,1
1490,2,823,455,192,433,1,1,1
1490,4,856,60,52,104,1,1,1
1490,6,752,18,61,94,1,1,1
1490,8,1866,-1,53,95,1,1,1
1490,10,982,147,101,150,1,1,1
1490,11,1510,160,44,90,1,1,1
1490,12,1551,106,78,190,1,1,1
1490,13,1722,477,197,477,1,1,1
1490,14,1787,0,45,63,1,1,1
1491,1,1212,477,164,408,1,1,1
1491,2,825,464,192,433,1,1,1
1491,4,857,59,52,104,1,1,1
1491,6,751,18,61,94,1,1,1
1491,8,1864,0,53,95,1,1,1
1491,10,983,141,101,150,1,1,1
1491,11,1506,167,44,79,1,1,1
1491,12,1548,104,78,190,1,1,1
1491,13,1722,473,197,477,1,1,1
1491,14,1786,-1,45,63,1,1,1
1492,1,1208,474,164,408,1,1,1
1492,2,827,452,192,455,1,1,1
1492,4,857,61,52,104,1,1,1
1492,6,752,17,61,94,1,1,1
1492,8,1864,-1,53,95,1,1,1
1492,10,983,139,101,150,1,1,1
1492,11,1503,165,44,79,1,1,1
1492,12,1544,96,82,200,1,1,1
1492,13,1719,466,197,477,1,1,1
1492,14,1784,0,45,63,1,1,1
1493,1,1211,476,164,408,1,1,1
1493,2,830,456,192,458,1,1,1
1493,4,862,61,44,104,1,1,1
1493,6,751,18,61,94,1,1,1
1493,8,1854,-13,63,94,1,1,1
1493,10,975,143,101,161,1,1,1
1493,11,1506,163,44,79,1,1,1
1493,12,1542,95,82,200,1,1,1
1493,13,1717,457,197,477,1,1,1
1493,14,1782,0,45,63,1,1,1
1494,1,1210,473,164,408,1,1,1
1494,2,829,454,192,458,1,1,1
1494,4,861,63,44,104,1,1,1
1494,6,753,17,61,94,1,1,1
1494,8,1856,0,63,94,1,1,1
1494,10,973,149,101,161,1,1,1
1494,11,1506,160,44,79,1,1,1
1494,12,1539,93,82,200,1,1,1
1494,13,1710,453,209,477,1,1,1
1494,14,1782,0,43,60,1,1,1
1495,1,1206,477,164,408,1,1,1
1495,2,832,455,192,458,1,1,1
1495,4,861,64,44,104,1,1,1
1495,6,753,16,61,94,1,1,1
1495,8,1855,-12,63,94,1,1,1
1495,10,973,149,101,161,1,1,1
1495,11,1503,158,44,79,1,1,1
1495,12,1536,91,82,200,1,1,1
1495,13,1710,449,209,477,1,1,1
1495,14,1779,0,43,60,1,1,1
1496,1,1202,471,164,408,1,1,1
1496,2,835,446,192,458,1,1,1
1496,4,862,64,44,104,1,1,1
1496,6,754,16,61,94,1,1,1
1496,8,1857,0,63,94,1,1,1
1496,10,977,152,87,154,1,1,1
1496,11,1495,156,48,80,1,1,1
1496,12,1534,89,82,200,1,1,1
1496,13,1711,459,209,477,1,1,1
1496,14,1778,0,43,60,1,1,1
1497,1,1201,466,164,408,1,1,1
1497,2,838,442,192,458,1,1,1
1497,4,863,64,44,104,1,1,1
1497,6,754,15,61,94,1,1,1
1497,8,1856,-1,63,94,1,1,1
1497,10,971,153,87,154,1,1,1
1497,11,1489,154,48,80,1,1,1
1497,12,1530,87,82,200,1,1,1
1497,13,1710,453,209,477,1,1,1
1497,14,1777,-1,43,60,1,1,1
1498,1,1205,467,156,389,1,1,1
1498,2,839,442,192,458,1,1,1
1498,4,863,60,44,104,1,1,1
1498,6,755,15,61,94,1,1,1
1498,8,1857,-1,63,96,1,1,1
1498,10,969,155,87,154,1,1,1
1498,11,1489,154,48,80,1,1,1
1498,12,1529,86,82,200,1,1,1
1498,13,1710,449,209,477,1,1,1
1498,14,1775,-1,43,61,1,1,1
1499,1,1198,465,156,389,1,1,1
1499,2,843,437,192,458,1,1,1
1499,4,862,59,44,104,1,1,1
1499,6,755,14,61,94,1,1,1
1499,8,1856,0,63,94,1,1,1
1499,10,965,145,87,154,1,1,1
1499,11,1493,152,48,80,1,1,1
1499,12,1528,89,78,190,1,1,1
1499,13,1711,447,209,477,1,1,1
1499,14,1773,-1,43,60,1,1,1
1500,1,1193,464,156,389,1,1,1
1500,2,845,432,192,458,1,1,1
1500,4,863,63,42,99,1,1,1
1500,6,755,13,61,94,1,1,1
1500,8,1856,-1,63,94,1,1,1
1500,10,959,147,102,154,1,1,1
1500,11,1481,151,48,80,1,1,1
1500,12,1524,88,78,190,1,1,1
1500,13,1710,441,209,477,1,1,1
1500,14,1772,-1,43,60,1,1,1
1501,1,1195,455,156,389,1,1,1
1501,2,847,430,192,458,1,1,1
1501,4,864,62,42,99,1,1,1
1501,6,755,14,61,94,1,1,1
1501,8,1855,0,63,94,1,1,1
1501,10,947,146,102,154,1,1,1
1501,11,1478,148,48,80,1,1,1
1501,12,1522,86,78,190,1,1,1
1501,13,1710,437,209,477,1,1,1
1501,14,1769,-1,43,60,1,1,1
1502,1,1192,440,156,389,1,1,1
1502,2,847,425,192,458,1,1,1
1502,4,865,65,42,99,1,1,1
1502,6,754,13,61,94,1,1,1
1502,8,1853,-1,63,94,1,1,1
1502,10,961,145,102,154,1,1,1
1502,11,1482,149,46,76,1,1,1
1502,12,1518,85,78,190,1,1,1
1502,13,1719,437,199,470,1,1,1
1502,14,1768,0,43,60,1,1,1
1503,1,1192,435,156,389,1,1,1
1503,2,849,422,192,458,1,1,1
1503,4,863,69,42,99,1,1,1
1503,6,755,12,61,94,1,1,1
1503,8,1850,0,63,94,1,1,1
1503,10,954,147,102,154,1,1,1
1503,11,1475,147,46,76,1,1,1
1503,12,1515,83,78,190,1,1,1
1503,13,1719,456,199,454,1,1,1
1503,14,1768,-1,43,60,1,1,1
1504,1,1189,434,156,389,1,1,1
1504,2,851,416,192,458,1,1,1
1504,4,864,71,42,99,1,1,1
1504,6,758,13,58,90,1,1,1
1504,8,1840,-19,63,94,1,1,1
1504,10,959,147,102,154,1,1,1
1504,11,1475,145,46,76,1,1,1
1504,12,1511,82,78,190,1,1,1
1504,13,1715,449,198,466,1,1,1
1504,14,1766,0,43,60,1,1,1
1505,1,1187,432,156,389,1,1,1
1505,2,852,411,192,458,1,1,1
1505,4,865,71,42,99,1,1,1
1505,6,758,13,58,90,1,1,1
1505,8,1839,-19,63,94,1,1,1
1505,10,947,148,102,154,1,1,1
1505,11,1473,143,46,76,1,1,1
1505,12,1504,81,83,190,1,1,1
1505,13,1709,438,210,474,1,1,1
1505,14,1764,0,43,60,1,1,1
1506,1,1187,428,156,389,1,1,1
1506,2,853,407,192,458,1,1,1
1506,4,865,69,42,99,1,1,1
1506,6,758,13,58,90,1,1,1
1506,8,1838,-19,63,94,1,1,1
1506,10,955,148,102,154,1,1,1
1506,11,1473,140,46,77,1,1,1
1506,12,1504,79,83,190,1,1,1
1506,13,1710,431,210,474,1,1,1
1506,14,1762,0,43,60,1,1,1
1507,1,1187,430,156,389,1,1,1
1507,2,849,406,202,481,1,1,1
1507,4,864,68,42,99,1,1,1
1507,6,759,12,58,90,1,1,1
1507,8,1837,-20,63,94,1,1,1
1507,10,948,147,109,154,1,1,1
1507,11,1466,137,46,77,1,1,1
1507,12,1500,79,83,190,1,1,1
1507,13,1709,426,194,474,1,1,1
1507,14,1760,-1,43,60,1,1,1
1508,1,1185,430,156,389,1,1,1
1508,2,851,405,202,481,1,1,1
1508,4,865,67,42,99,1,1,1
1508,6,759,11,58,90,1,1,1
1508,8,1836,-21,63,94,1,1,1
1508,10,950,148,109,154,1,1,1
1508,11,1467,136,46,77,1,1,1
1508,12,1496,77,83,190,1,1,1
1508,13,1682,443,221,457,1,1,1
1508,14,1759,0,43,60,1,1,1
1509,1,1185,430,156,389,1,1,1
1509,2,851,404,202,481,1,1,1
1509,4,865,64,42,99,1,1,1
1509,6,758,12,58,90,1,1,1
1509,8,1834,-21,63,94,1,1,1
1509,10,944,148,109,164,1,1,1
1509,11,1464,136,46,77,1,1,1
1509,12,1495,76,83,190,1,1,1
1509,13,1685,438,221,457,1,1,1
1509,14,1758,-1,43,60,1,1,1
1510,1,1187,426,156,389,1,1,1
1510,2,852,399,202,481,1,1,1
1510,4,867,65,42,99,1,1,1
1510,6,759,11,58,90,1,1,1
1510,8,1833,-21,63,94,1,1,1
1510,10,945,152,109,164,1,1,1
1510,11,1470,133,46,77,1,1,1
1510,12,1492,76,83,190,1,1,1
1510,13,1688,444,197,440,1,1,1
1510,14,1755,-1,43,60,1,1,1
1511,1,1186,421,156,389,1,1,1
1511,2,851,420,202,440,1,1,1
1511,4,869,66,40,94,1,1,1
1511,6,759,9,58,90,1,1,1
1511,8,1831,-21,63,94,1,1,1
1511,10,944,154,109,164,1,1,1
1511,11,1459,136,46,77,1,1,1
1511,12,1488,73,83,190,1,1,1
1511,13,1687,438,197,440,1,1,1
1511,14,1754,-1,43,60,1,1,1
1512,1,1187,420,156,389,1,1,1
1512,2,851,408,202,440,1,1,1
1512,4,869,69,40,94,1,1,1
1512,6,761,10,58,90,1,1,1
1512,8,1831,-22,63,94,1,1,1
1512,10,945,159,104,156,1,1,1
1512,11,1457,131,46,77,1,1,1
1512,12,1486,73,83,190,1,1,1
1512,13,1680,436,206,440,1,1,1
1512,14,1754,0,43,60,1,1,1
1513,1,1189,416,156,389,1,1,1
1513,2,852,407,202,440,1,1,1
1513,4,869,72,40,94,1,1,1
1513,6,760,9,58,90,1,1,1
1513,8,1830,-22,63,94,1,1,1
1513,10,935,163,113,156,1,1,1
1513,11,1453,135,46,77,1,1,1
1513,12,1484,73,83,190,1,1,1
1513,13,1676,439,206,440,1,1,1
1513,14,1751,-9,43,60,1,1,1
1514,1,1193,419,149,390,1,1,1
1514,2,851,403,202,440,1,1,1
1514,4,868,72,42,99,1,1,1
1514,6,761,10,58,90,1,1,1
1514,8,1828,-22,63,94,1,1,1
1514,10,920,165,119,156,1,1,1
1514,11,1450,134,46,74,1,1,1
1514,12,1482,74,70,171,1,1,1
1514,13,1676,440,206,440,1,1,1
1514,14,1749,0,43,44,1,1,1
1515,1,1195,411,149,390,1,1,1
1515,2,854,408,192,442,1,1,1
1515,4,868,69,44,104,1,1,1
1515,6,761,9,58,90,1,1,1
1515,8,1827,-23,63,94,1,1,1
1515,10,928,163,119,156,1,1,1
1515,11,1450,131,46,74,1,1,1
1515,12,1481,72,70,171,1,1,1
1515,13,1680,421,206,440,1,1,1
1515,14,1749,0,43,44,1,1,1
1516,1,1197,408,149,390,1,1,1
1516,2,864,396,181,442,1,1,1
1516,4,869,67,44,104,1,1,1
1516,6,761,7,58,90,1,1,1
1516,8,1827,-23,63,94,1,1,1
1516,10,926,161,119,156,1,1,1
1516,11,1448,127,46,74,1,1,1
1516,12,1479,72,70,171,1,1,1
1516,13,1674,404,219,440,1,1,1
1516,14,1748,0,43,44,1,1,1
1517,1,1202,414,142,371,1,1,1
1517,2,858,406,181,426,1,1,1
1517,4,870,66,44,104,1,1,1
1517,6,761,8,58,90,1,1,1
1517,8,1826,-23,63,94,1,1,1
1517,10,923,162,106,156,1,1,1
1517,11,1453,125,46,74,1,1,1
1517,12,1477,70,70,171,1,1,1
1517,13,1663,428,236,413,1,1,1
1517,14,1746,-1,43,44,1,1,1
1518,1,1194,411,153,377,1,1,1
1518,2,858,405,181,426,1,1,1
1518,4,871,66,42,99,1,1,1
1518,6,761,7,58,90,1,1,1
1518,8,1825,-23,63,94,1,1,1
1518,10,913,159,120,155,1,1,1
1518,11,1452,124,46,74,1,1,1
1518,12,1475,69,70,171,1,1,1
1518,13,1669,430,214,413,1,1,1
1518,14,1745,0,43,44,1,1,1
1519,1,1193,412,159,368,1,1,1
1519,2,852,402,181,426,1,1,1
1519,4,871,67,42,99,1,1,1
1519,6,761,8,58,90,1,1,1
1519,8,1824,-24,63,95,1,1,1
1519,10,908,163,120,155,1,1,1
1519,11,1449,123,46,74,1,1,1
1519,12,1474,69,70,171,1,1,1
1519,13,1661,429,214,413,1,1,1
1519,14,1744,-1,43,44,1,1,1
1520,1,1202,408,159,368,1,1,1
1520,2,855,389,181,426,1,1,1
1520,4,873,67,42,99,1,1,1
1520,6,762,7,58,90,1,1,1
1520,8,1825,-24,63,94,1,1,1
1520,10,906,163,120,155,1,1,1
1520,11,1449,121,46,74,1,1,1
1520,12,1473,67,70,171,1,1,1
1520,13,1659,430,214,413,1,1,1
1520,14,1741,-1,43,44,1,1,1
1521,1,1203,404,159,368,1,1,1
1521,2,854,389,181,426,1,1,1
1521,4,874,70,42,99,1,1,1
1521,6,763,6,58,90,1,1,1
1521,8,1824,-23,63,94,1,1,1
1521,10,901,168,128,155,1,1,1
1521,11,1447,120,46,74,1,1,1
1521,12,1470,66,70,171,1,1,1
1521,13,1656,434,214,413,1,1,1
1521,14,1740,-1,43,44,1,1,1
1522,1,1206,402,159,368,1,1,1
1522,2,854,385,181,426,1,1,1
1522,4,873,69,44,104,1,1,1
1522,6,764,5,58,90,1,1,1
1522,8,1823,-23,63,94,1,1,1
1522,10,894,160,134,166,1,1,1
1522,11,1446,119,46,74,1,1,1
1522,12,1469,67,70,171,1,1,1
1522,13,1656,432,214,413,1,1,1
1522,14,1738,0,43,44,1,1,1
1523,1,1208,402,159,368,1,1,1
1523,2,856,391,172,406,1,1,1
1523,4,873,74,44,104,1,1,1
1523,6,764,6,58,90,1,1,1
1523,8,1823,-23,63,94,1,1,1
1523,10,894,158,134,166,1,1,1
1523,11,1444,117,46,74,1,1,1
1523,12,1468,65,70,171,1,1,1
1523,13,1653,418,231,427,1,1,1
1523,14,1738,-1,43,44,1,1,1
1524,1,1213,404,151,350,1,1,1
1524,2,856,388,172,406,1,1,1
1524,4,874,72,44,104,1,1,1
1524,6,763,6,58,90,1,1,1
1524,8,1822,-24,63,94,1,1,1
1524,10,897,165,134,166,1,1,1
1524,11,1442,118,46,74,1,1,1
1524,12,1466,62,70,171,1,1,1
1524,13,1642,418,231,427,1,1,1
1524,14,1737,-1,43,44,1,1,1
1525,1,1214,396,151,350,1,1,1
1525,2,859,402,164,386,1,1,1
1525,4,873,71,44,104,1,1,1
1525,6,765,4,58,90,1,1,1
1525,8,1821,-24,63,94,1,1,1
1525,10,887,157,134,174,1,1,1
1525,11,1441,116,46,74,1,1,1
1525,12,1464,61,70,171,1,1,1
1525,13,1636,415,231,427,1,1,1
1525,14,1736,-1,43,44,1,1,1
1526,1,1214,393,151,350,1,1,1
1526,2,859,390,164,396,1,1,1
1526,4,874,70,44,104,1,1,1
1526,6,764,5,58,90,1,1,1
1526,8,1821,-24,63,94,1,1,1
1526,10,892,150,134,174,1,1,1
1526,11,1439,115,46,74,1,1,1
1526,12,1463,61,70,171,1,1,1
1526,13,1637,411,231,427,1,1,1
1526,14,1734,0,43,44,1,1,1
1527,1,1214,388,151,371,1,1,1
1527,2,860,387,164,403,1,1,1
1527,4,875,69,42,99,1,1,1
1527,6,766,4,58,90,1,1,1
1527,8,1819,-25,63,94,1,1,1
1527,10,888,157,134,174,1,1,1
1527,11,1438,114,46,74,1,1,1
1527,12,1461,61,70,171,1,1,1
1527,13,1626,411,231,427,1,1,1
1527,14,1734,0,43,44,1,1,1
1528,1,1217,381,151,371,1,1,1
1528,2,861,384,164,417,1,1,1
1528,4,874,67,44,104,1,1,1
1528,6,766,4,58,90,1,1,1
1528,8,1819,-25,63,94,1,1,1
1528,10,887,161,134,174,1,1,1
1528,11,1438,113,46,74,1,1,1
1528,12,1461,57,70,171,1,1,1
1528,13,1638,410,231,427,1,1,1
1528,14,1732,0,43,44,1,1,1
1529,1,1218,380,151,371,1,1,1
1529,2,862,384,164,417,1,1,1
1529,4,873,66,46,109,1,1,1
1529,6,766,4,58,90,1,1,1
1529,8,1817,-25,63,94,1,1,1
1529,10,884,165,134,174,1,1,1
1529,11,1437,111,46,74,1,1,1
1529,12,1460,57,70,171,1,1,1
1529,13,1628,403,243,413,1,1,1
1529,14,1731,0,43,44,1,1,1
1530,1,1219,380,151,389,1,1,1
1530,2,862,377,164,431,1,1,1
1530,4,873,67,46,109,1,1,1
1530,6,766,3,58,90,1,1,1
1530,10,883,169,134,174,1,1,1
1530,11,1435,109,46,74,1,1,1
1530,12,1459,56,70,171,1,1,1
1530,13,1641,403,219,413,1,1,1
1530,14,1732,-1,41,42,1,1,1
1531,1,1220,374,151,389,1,1,1
1531,2,864,377,164,431,1,1,1
1531,4,873,70,46,109,1,1,1
1531,6,766,3,58,90,1,1,1
1531,10,885,165,134,174,1,1,1
1531,11,1435,111,44,70,1,1,1
1531,12,1458,56,70,171,1,1,1
1531,13,1657,399,219,413,1,1,1
1531,14,1729,0,41,42,1,1,1
1532,1,1219,371,151,389,1,1,1
1532,2,866,379,164,431,1,1,1
1532,4,872,71,46,109,1,1,1
1532,6,766,2,58,90,1,1,1
1532,10,880,172,134,174,1,1,1
1532,11,1433,110,44,70,1,1,1
1532,12,1458,55,70,171,1,1,1
1532,13,1656,394,219,413,1,1,1
1532,14,1728,0,41,42,1,1,1
1533,1,1219,368,151,389,1,1,1
1533,2,867,379,164,431,1,1,1
1533,4,873,74,44,104,1,1,1
1533,6,767,2,58,90,1,1,1
1533,10,881,173,134,174,1,1,1
1533,11,1432,109,44,70,1,1,1
1533,12,1457,54,70,171,1,1,1
1533,13,1661,392,209,420,1,1,1
1533,14,1726,-1,41,42,1,1,1
1534,1,1220,390,151,366,1,1,1
1534,2,872,380,156,410,1,1,1
1534,4,873,76,44,104,1,1,1
1534,6,768,2,58,90,1,1,1
1534,10,881,173,134,174,1,1,1
1534,11,1431,108,36,70,1,1,1
1534,12,1456,54,70,171,1,1,1
1534,13,1659,377,219,444,1,1,1
1534,14,1726,-1,41,42,1,1,1
1535,1,1216,394,151,366,1,1,1
1535,2,874,390,156,410,1,1,1
1535,4,873,74,44,104,1,1,1
1535,6,768,1,58,90,1,1,1
1535,10,879,176,134,174,1,1,1
1535,11,1421,110,44,70,1,1,1
1535,12,1454,53,70,171,1,1,1
1535,13,1657,398,199,418,1,1,1
1535,14,1724,0,41,42,1,1,1
1536,1,1217,390,151,366,1,1,1
1536,2,875,384,156,410,1,1,1
1536,4,873,73,44,104,1,1,1
1536,6,768,1,58,90,1,1,1
1536,10,877,176,134,174,1,1,1
1536,11,1426,108,44,70,1,1,1
1536,12,1454,56,67,163,1,1,1
1536,13,1658,398,204,418,1,1,1
1536,14,1723,0,41,42,1,1,1
1537,1,1220,392,151,366,1,1,1
1537,2,876,380,156,410,1,1,1
1537,4,874,71,44,104,1,1,1
1537,6,768,0,58,90,1,1,1
1537,10,875,174,134,174,1,1,1
1537,11,1427,105,44,70,1,1,1
1537,12,1453,53,67,163,1,1,1
1537,13,1660,387,211,440,1,1,1
1537,14,1722,0,41,42,1,1,1
1538,1,1221,379,151,366,1,1,1
1538,2,877,377,156,410,1,1,1
1538,4,874,71,44,104,1,1,1
1538,6,768,0,58,90,1,1,1
1538,10,870,170,141,183,1,1,1
1538,11,1427,103,44,70,1,1,1
1538,12,1452,53,67,163,1,1,1
1538,13,1646,399,211,440,1,1,1
1538,14,1720,-1,41,42,1,1,1
1539,1,1222,379,151,366,1,1,1
1539,2,879,374,156,410,1,1,1
1539,4,875,73,42,99,1,1,1
1539,6,769,-1,58,90,1,1,1
1539,10,867,174,141,183,1,1,1
1539,11,1426,104,44,70,1,1,1
1539,12,1451,49,67,163,1,1,1
1539,13,1637,398,211,440,1,1,1
1539,14,1720,-1,41,42,1,1,1
1540,1,1221,375,151,366,1,1,1
1540,2,879,372,156,410,1,1,1
1540,4,875,74,42,99,1,1,1
1540,6,769,-1,58,90,1,1,1
1540,10,864,175,141,183,1,1,1
1540,11,1424,102,44,70,1,1,1
1540,12,1448,52,67,163,1,1,1
1540,13,1643,400,211,440,1,1,1
1540,14,1719,0,41,42,1,1,1
1541,1,1223,376,151,366,1,1,1
1541,2,884,374,149,390,1,1,1
1541,4,874,74,44,104,1,1,1
1541,6,770,0,58,90,1,1,1
1541,10,860,176,148,192,1,1,1
1541,11,1423,102,44,70,1,1,1
1541,12,1447,49,67,163,1,1,1
1541,13,1635,397,211,440,1,1,1
1541,14,1719,0,41,42,1,1,1
1542,1,1224,373,151,366,1,1,1
1542,2,884,373,149,390,1,1,1
1542,4,873,76,44,104,1,1,1
1542,6,770,0,58,90,1,1,1
1542,10,862,178,141,183,1,1,1
1542,11,1419,101,44,70,1,1,1
1542,12,1447,50,67,163,1,1,1
1542,13,1633,392,211,440,1,1,1
1543,1,1224,375,151,366,1,1,1
1543,2,884,371,149,390,1,1,1
1543,4,873,76,44,104,1,1,1
1543,6,770,0,58,90,1,1,1
1543,10,858,184,141,183,1,1,1
1543,11,1422,100,44,70,1,1,1
1543,12,1445,50,67,163,1,1,1
1543,13,1636,387,211,440,1,1,1
1544,1,1227,379,144,349,1,1,1
1544,2,877,374,157,383,1,1,1
1544,4,872,77,44,104,1,1,1
1544,6,770,0,58,90,1,1,1
1544,10,858,185,141,183,1,1,1
1544,11,1422,99,44,70,1,1,1
1544,12,1442,49,67,163,1,1,1
1544,13,1629,392,211,440,1,1,1
1545,1,1227,381,144,349,1,1,1
1545,2,879,371,157,383,1,1,1
1545,4,872,76,44,104,1,1,1
1545,6,770,-1,58,90,1,1,1
1545,10,875,181,107,183,1,1,1
1545,11,1422,100,42,67,1,1,1
1545,12,1441,47,67,163,1,1,1
1545,13,1636,388,211,440,1,1,1
1546,1,1228,382,144,349,1,1,1
1546,2,879,372,157,400,1,1,1
1546,4,872,75,44,104,1,1,1
1546,6,771,-1,58,90,1,1,1
1546,10,873,186,107,183,1,1,1
1546,11,1421,99,42,67,1,1,1
1546,12,1440,45,67,163,1,1,1
1546,13,1634,388,211,440,1,1,1
1547,1,1228,383,144,349,1,1,1
1547,2,877,372,157,407,1,1,1
1547,4,872,73,44,104,1,1,1
1547,6,771,-1,58,90,1,1,1
1547,10,872,187,107,183,1,1,1
1547,11,1419,98,42,67,1,1,1
1547,12,1440,47,63,155,1,1,1
1547,13,1629,391,211,440,1,1,1
1548,1,1230,383,144,349,1,1,1
1548,2,876,368,157,411,1,1,1
1548,4,872,74,44,104,1,1,1
1548,6,771,0,58,90,1,1,1
1548,10,869,188,107,183,1,1,1
1548,11,1418,98,42,67,1,1,1
1548,12,1435,44,67,163,1,1,1
1548,13,1640,379,186,426,1,1,1
1549,1,1231,380,144,349,1,1,1
1549,2,874,365,157,411,1,1,1
1549,4,873,77,42,99,1,1,1
1549,6,771,-1,58,90,1,1,1
1549,10,868,188,107,183,1,1,1
1549,11,1417,97,42,67,1,1,1
1549,12,1434,41,67,163,1,1,1
1549,13,1648,386,186,426,1,1,1
1550,1,1233,378,144,349,1,1,1
1550,2,872,366,157,411,1,1,1
1550,4,872,77,42,99,1,1,1
1550,6,772,-1,58,90,1,1,1
1550,10,867,187,107,183,1,1,1
1550,11,1417,97,42,67,1,1,1
1550,12,1435,45,63,155,1,1,1
1550,13,1641,384,186,426,1,1,1
1551,1,1234,376,144,349,1,1,1
1551,2,870,363,157,411,1,1,1
1551,4,872,79,42,99,1,1,1
1551,6,774,0,55,85,1,1,1
1551,10,864,186,107,183,1,1,1
1551,11,1414,94,42,67,1,1,1
1551,12,1433,42,63,155,1,1,1
1551,13,1652,379,186,414,1,1,1
1552,1,1236,372,144,349,1,1,1
1552,2,871,367,150,391,1,1,1
1552,4,874,81,42,99,1,1,1
1552,6,773,0,55,85,1,1,1
1552,10,862,193,112,181,1,1,1
1552,11,1415,95,40,63,1,1,1
1552,12,1432,40,63,155,1,1,1
1552,13,1641,367,201,414,1,1,1
1553,1,1237,375,144,349,1,1,1
1553,2,869,364,150,391,1,1,1
1553,4,873,83,42,99,1,1,1
1553,6,775,0,55,85,1,1,1
1553,10,859,196,112,179,1,1,1
1553,11,1414,96,40,63,1,1,1
1553,12,1430,40,63,155,1,1,1
1553,13,1648,366,201,414,1,1,1
1554,1,1239,377,141,353,1,1,1
1554,2,867,361,150,391,1,1,1
1554,4,872,78,44,104,1,1,1
1554,6,775,-1,55,85,1,1,1
1554,10,857,186,112,192,1,1,1
1554,11,1412,95,40,63,1,1,1
1554,12,1428,38,63,155,1,1,1
1554,13,1649,365,201,414,1,1,1
1555,1,1242,369,141,353,1,1,1
1555,2,864,361,150,407,1,1,1
1555,4,872,72,44,104,1,1,1
1555,6,775,-1,55,85,1,1,1
1555,10,857,198,112,180,1,1,1
1555,11,1411,94,40,63,1,1,1
1555,12,1426,36,63,155,1,1,1
1555,13,1635,363,216,432,1,1,1
1556,1,1245,366,141,353,1,1,1
1556,2,861,359,150,407,1,1,1
1556,4,874,77,42,99,1,1,1
1556,6,774,-1,55,85,1,1,1
1556,10,855,209,112,175,1,1,1
1556,11,1410,93,40,63,1,1,1
1556,12,1425,38,63,155,1,1,1
1556,13,1642,355,216,432,1,1,1
1557,1,1239,363,148,353,1,1,1
1557,2,863,363,143,388,1,1,1
1557,4,874,77,40,94,1,1,1
1557,6,776,0,55,85,1,1,1
1557,10,854,207,112,176,1,1,1
1557,11,1404,94,48,63,1,1,1
1557,12,1423,36,63,155,1,1,1
1557,13,1630,388,203,403,1,1,1
1558,1,1245,360,148,353,1,1,1
1558,2,860,364,143,388,1,1,1
1558,4,873,79,40,94,1,1,1
1558,6,776,-1,55,85,1,1,1
1558,10,844,206,118,190,1,1,1
1558,11,1405,96,39,63,1,1,1
1558,12,1423,37,63,155,1,1,1
1558,13,1632,385,215,403,1,1,1
1559,1,1246,358,148,353,1,1,1
1559,2,859,361,143,388,1,1,1
1559,4,874,80,40,94,1,1,1
1559,6,774,-1,55,85,1,1,1
1559,10,846,204,124,195,1,1,1
1559,11,1400,91,39,63,1,1,1
1559,12,1424,39,60,148,1,1,1
1559,13,1628,375,229,403,1,1,1
1560,1,1248,356,148,353,1,1,1
1560,2,857,361,143,406,1,1,1
1560,4,874,81,40,94,1,1,1
1560,6,775,-1,55,85,1,1,1
1560,10,846,208,120,191,1,1,1
1560,11,1400,91,39,63,1,1,1
1560,12,1422,37,60,148,1,1,1
1560,13,1621,378,229,403,1,1,1
1561,1,1242,353,157,353,1,1,1
1561,2,856,360,143,406,1,1,1
1561,4,874,85,40,94,1,1,1
1561,6,776,0,55,85,1,1,1
1561,10,842,209,120,191,1,1,1
1561,11,1404,91,39,63,1,1,1
1561,12,1422,37,60,148,1,1,1
1561,13,1615,389,229,403,1,1,1
1562,1,1241,365,153,340,1,1,1
1562,2,856,357,143,406,1,1,1
1562,4,874,82,40,94,1,1,1
1562,6,776,0,55,85,1,1,1
1562,10,842,210,126,191,1,1,1
1562,11,1398,89,39,63,1,1,1
1562,12,1420,37,60,148,1,1,1
1562,13,1618,377,229,403,1,1,1
1563,1,1250,358,153,340,1,1,1
1563,2,855,355,143,406,1,1,1
1563,4,874,81,42,99,1,1,1
1563,6,777,-1,55,85,1,1,1
1563,10,840,210,132,191,1,1,1
1563,11,1402,89,39,63,1,1,1
1563,12,1420,36,60,148,1,1,1
1563,13,1618,376,229,403,1,1,1
1564,1,1249,357,153,340,1,1,1
1564,2,855,355,143,406,1,1,1
1564,4,872,81,42,99,1,1,1
1564,6,777,0,55,85,1,1,1
1564,10,838,213,132,191,1,1,1
1564,11,1395,86,39,63,1,1,1
1564,12,1418,35,60,148,1,1,1
1564,13,1625,376,207,403,1,1,1
1565,1,1250,356,153,340,1,1,1
1565,2,855,354,143,406,1,1,1
1565,4,873,77,42,99,1,1,1
1565,6,777,-1,55,85,1,1,1
1565,10,830,214,139,191,1,1,1
1565,11,1391,86,44,63,1,1,1
1565,12,1419,35,60,148,1,1,1
1565,13,1635,373,207,403,1,1,1
1566,1,1251,355,153,340,1,1,1
1566,2,856,356,143,406,1,1,1
1566,4,874,77,42,99,1,1,1
1566,6,777,0,55,85,1,1,1
1566,10,830,219,139,191,1,1,1
1566,11,1392,86,44,63,1,1,1
1566,12,1418,35,60,148,1,1,1
1566,13,1634,374,207,415,1,1,1
1567,1,1250,356,153,340,1,1,1
1567,2,862,360,142,414,1,1,1
1567,4,874,77,42,99,1,1,1
1567,6,778,-1,55,85,1,1,1
1567,10,824,226,146,191,1,1,1
1567,11,1396,86,44,63,1,1,1
1567,12,1419,38,58,141,1,1,1
1567,13,1638,366,207,436,1,1,1
1568,1,1249,359,150,351,1,1,1
1568,2,852,363,150,417,1,1,1
1568,4,874,76,42,99,1,1,1
1568,6,777,0,55,85,1,1,1
1568,10,818,237,157,191,1,1,1
1568,11,1387,86,44,63,1,1,1
1568,12,1418,36,58,141,1,1,1
1568,13,1628,378,207,416,1,1,1
1569,1,1252,349,150,351,1,1,1
1569,2,856,369,145,413,1,1,1
1569,4,875,78,42,99,1,1,1
1569,6,777,-1,55,85,1,1,1
1569,10,822,243,131,191,1,1,1
1569,11,1383,86,44,63,1,1,1
1569,12,1418,36,58,141,1,1,1
1569,13,1631,385,207,416,1,1,1
1570,1,1253,348,150,366,1,1,1
1570,2,859,373,145,395,1,1,1
1570,4,876,81,42,99,1,1,1
1570,6,778,-1,55,85,1,1,1
1570,10,812,255,131,191,1,1,1
1570,11,1390,85,44,63,1,1,1
1570,12,1418,36,58,141,1,1,1
1570,13,1634,385,207,416,1,1,1
1571,1,1253,345,150,366,1,1,1
1571,2,860,371,140,400,1,1,1
1571,4,876,85,42,99,1,1,1
1571,6,778,0,55,85,1,1,1
1571,10,805,254,131,182,1,1,1
1571,11,1390,82,44,63,1,1,1
1571,12,1416,34,58,141,1,1,1
1571,13,1634,389,207,416,1,1,1
1572,1,1251,343,150,366,1,1,1
1572,2,863,371,140,391,1,1,1
1572,4,875,86,42,99,1,1,1
1572,6,777,0,55,85,1,1,1
1572,10,812,257,131,182,1,1,1
1572,11,1379,82,44,63,1,1,1
1572,12,1416,33,58,141,1,1,1
1572,13,1636,384,207,416,1,1,1
1573,1,1251,343,150,366,1,1,1
1573,2,865,370,150,417,1,1,1
1573,4,875,86,42,99,1,1,1
1573,6,777,0,55,85,1,1,1
1573,10,810,256,131,182,1,1,1
1573,11,1386,83,44,63,1,1,1
1573,12,1418,36,58,141,1,1,1
1573,13,1636,369,182,431,1,1,1
1574,1,1249,356,150,366,1,1,1
1574,2,867,368,134,386,1,1,1
1574,4,876,84,42,99,1,1,1
1574,6,777,-1,55,85,1,1,1
1574,10,808,262,131,182,1,1,1
1574,11,1381,82,44,63,1,1,1
1574,12,1417,30,58,141,1,1,1
1574,13,1633,382,182,431,1,1,1
1575,1,1249,348,150,366,1,1,1
1575,2,872,377,136,368,1,1,1
1575,4,876,86,42,99,1,1,1
1575,6,777,0,55,85,1,1,1
1575,10,806,263,131,182,1,1,1
1575,11,1386,82,44,63,1,1,1
1575,12,1415,32,58,141,1,1,1
1575,13,1638,377,182,431,1,1,1
1576,1,1247,346,150,366,1,1,1
1576,2,875,375,143,397,1,1,1
1576,4,876,87,40,94,1,1,1
1576,6,778,-1,55,85,1,1,1
1576,10,805,260,131,182,1,1,1
1576,11,1376,81,44,63,1,1,1
1576,12,1415,29,58,141,1,1,1
1576,13,1642,359,182,431,1,1,1
1577,1,1246,348,150,366,1,1,1
1577,2,876,376,141,363,1,1,1
1577,4,876,88,40,94,1,1,1
1577,6,778,0,55,85,1,1,1
1577,10,789,262,145,182,1,1,1
1577,11,1382,80,44,63,1,1,1
1577,12,1415,29,58,141,1,1,1
1577,13,1643,355,182,431,1,1,1
1578,1,1247,353,143,349,1,1,1
1578,2,877,376,143,397,1,1,1
1578,4,876,87,40,94,1,1,1
1578,6,778,-1,55,85,1,1,1
1578,10,793,267,145,182,1,1,1
1578,11,1370,79,44,63,1,1,1
1578,12,1415,28,58,141,1,1,1
1578,13,1647,362,173,410,1,1,1
1579,1,1250,358,136,350,1,1,1
1579,2,875,366,139,370,1,1,1
1579,4,875,91,40,94,1,1,1
1579,6,779,-1,55,85,1,1,1
1579,10,793,266,126,182,1,1,1
1579,11,1370,79,44,63,1,1,1
1579,12,1414,27,58,141,1,1,1
1579,13,1626,362,192,410,1,1,1
1580,1,1249,352,136,350,1,1,1
1580,2,876,365,141,374,1,1,1
1580,4,874,90,42,99,1,1,1
1580,6,778,0,55,85,1,1,1
1580,10,788,283,126,182,1,1,1
1580,11,1364,79,44,63,1,1,1
1580,12,1413,27,58,141,1,1,1
1580,13,1630,359,192,410,1,1,1
1581,1,1246,353,136,350,1,1,1
1581,2,877,365,150,417,1,1,1
1581,4,875,94,40,94,1,1,1
1581,6,778,-1,55,85,1,1,1
1581,10,786,287,134,182,1,1,1
1581,11,1366,76,44,63,1,1,1
1581,12,1413,28,58,141,1,1,1
1581,13,1626,377,192,410,1,1,1
1582,1,1246,354,136,350,1,1,1
1582,2,873,356,148,381,1,1,1
1582,4,876,95,40,94,1,1,1
1582,6,779,0,55,85,1,1,1
1582,10,790,293,134,182,1,1,1
1582,11,1372,76,44,63,1,1,1
1582,12,1412,26,58,141,1,1,1
1582,13,1631,358,192,410,1,1,1
1583,1,1244,354,136,350,1,1,1
1583,2,873,355,158,438,1,1,1
1583,4,875,91,42,99,1,1,1
1583,6,778,0,55,85,1,1,1
1583,10,791,296,134,182,1,1,1
1583,11,1364,75,44,63,1,1,1
1583,12,1414,28,55,134,1,1,1
1583,13,1630,358,192,410,1,1,1
1584,1,1243,355,136,350,1,1,1
1584,2,874,356,146,392,1,1,1
1584,4,875,90,42,99,1,1,1
1584,6,779,0,55,85,1,1,1
1584,10,791,303,134,182,1,1,1
1584,11,1361,76,44,63,1,1,1
1584,12,1415,27,55,134,1,1,1
1584,13,1630,355,192,410,1,1,1
1585,1,1242,353,136,350,1,1,1
1585,2,869,346,149,399,1,1,1
1585,4,875,91,42,99,1,1,1
1585,6,780,0,55,85,1,1,1
1585,10,786,304,134,182,1,1,1
1585,11,1365,76,44,63,1,1,1
1585,12,1413,26,55,134,1,1,1
1585,13,1606,383,192,410,1,1,1
1586,1,1245,358,130,333,1,1,1
1586,2,870,358,165,406,1,1,1
1586,4,876,97,40,94,1,1,1
1586,6,779,-1,55,85,1,1,1
1586,10,785,309,134,182,1,1,1
1586,11,1359,73,44,63,1,1,1
1586,12,1412,27,55,134,1,1,1
1586,13,1607,382,192,410,1,1,1
1587,1,1243,360,130,333,1,1,1
1587,2,871,370,155,392,1,1,1
1587,4,875,97,40,94,1,1,1
1587,6,780,0,55,85,1,1,1
1587,10,785,314,128,173,1,1,1
1587,11,1364,73,44,63,1,1,1
1587,12,1411,26,55,134,1,1,1
1587,13,1616,378,192,410,1,1,1
1588,1,1245,362,130,333,1,1,1
1588,2,871,369,149,386,1,1,1
1588,4,876,96,40,94,1,1,1
1588,6,779,0,55,85,1,1,1
1588,10,777,303,133,187,1,1,1
1588,11,1356,73,44,63,1,1,1
1588,12,1410,26,55,134,1,1,1
1588,13,1616,377,192,410,1,1,1
1589,1,1245,362,130,333,1,1,1
1589,2,871,370,163,405,1,1,1
1589,4,877,98,40,94,1,1,1
1589,6,780,0,55,85,1,1,1
1589,10,774,306,133,187,1,1,1
1589,11,1356,75,44,63,1,1,1
1589,12,1411,24,55,134,1,1,1
1589,13,1612,381,209,410,1,1,1
1590,1,1247,368,123,317,1,1,1
1590,2,870,371,149,387,1,1,1
1590,4,877,98,40,94,1,1,1
1590,6,780,0,55,85,1,1,1
1590,10,773,307,133,187,1,1,1
1590,11,1349,76,44,63,1,1,1
1590,12,1410,25,55,134,1,1,1
1590,13,1602,369,230,410,1,1,1
1591,1,1248,368,123,336,1,1,1
1591,2,872,379,157,387,1,1,1
1591,4,876,95,40,94,1,1,1
1591,6,781,0,55,85,1,1,1
1591,10,768,307,121,196,1,1,1
1591,11,1355,77,44,63,1,1,1
1591,12,1409,24,55,134,1,1,1
1591,13,1611,364,230,410,1,1,1
1592,1,1252,367,123,336,1,1,1
1592,2,872,378,157,387,1,1,1
1592,4,875,93,42,99,1,1,1
1592,6,781,0,55,85,1,1,1
1592,10,753,308,137,196,1,1,1
1592,11,1348,76,44,63,1,1,1
1592,12,1407,23,55,134,1,1,1
1592,13,1617,353,230,410,1,1,1
1593,1,1251,369,123,336,1,1,1
1593,2,870,378,157,387,1,1,1
1593,4,875,94,42,99,1,1,1
1593,6,781,-1,55,85,1,1,1
1593,10,750,311,137,196,1,1,1
1593,11,1347,77,44,63,1,1,1
1593,12,1407,23,55,134,1,1,1
1593,13,1609,376,209,398,1,1,1
1594,1,1248,373,123,336,1,1,1
1594,2,868,378,157,387,1,1,1
1594,4,876,98,42,99,1,1,1
1594,6,781,0,55,85,1,1,1
1594,10,744,310,144,206,1,1,1
1594,11,1336,74,56,63,1,1,1
1594,12,1405,24,55,134,1,1,1
1594,13,1607,374,209,398,1,1,1
1595,1,1253,375,123,336,1,1,1
1595,2,867,370,157,397,1,1,1
1595,4,876,100,42,99,1,1,1
1595,6,780,0,55,85,1,1,1
1595,10,743,313,144,206,1,1,1
1595,11,1340,76,56,63,1,1,1
1595,12,1406,23,55,134,1,1,1
1595,13,1605,377,209,398,1,1,1
1596,1,1253,370,123,349,1,1,1
1596,2,864,378,157,397,1,1,1
1596,4,875,102,42,99,1,1,1
1596,6,781,0,55,85,1,1,1
1596,10,740,331,150,199,1,1,1
1596,11,1340,75,56,63,1,1,1
1596,12,1404,21,55,134,1,1,1
1596,13,1616,374,209,398,1,1,1
1597,1,1256,376,123,349,1,1,1
1597,2,864,366,157,415,1,1,1
1597,4,875,103,42,99,1,1,1
1597,6,780,0,55,85,1,1,1
1597,10,738,335,150,199,1,1,1
1597,11,1343,75,56,63,1,1,1
1597,12,1406,25,52,128,1,1,1
1597,13,1622,383,209,398,1,1,1
1598,1,1257,373,123,349,1,1,1
1598,2,869,377,152,377,1,1,1
1598,4,875,107,40,94,1,1,1
1598,6,781,0,55,85,1,1,1
1598,10,737,341,150,199,1,1,1
1598,11,1343,74,56,63,1,1,1
1598,12,1405,24,52,128,1,1,1
1598,13,1604,380,209,398,1,1,1
1599,1,1259,380,123,349,1,1,1
1599,2,867,381,152,377,1,1,1
1599,4,875,106,40,94,1,1,1
1599,6,780,0,55,85,1,1,1
1599,10,734,345,150,199,1,1,1
1599,11,1341,75,56,63,1,1,1
1599,12,1404,25,52,128,1,1,1
1599,13,1614,384,209,398,1,1,1
1600,1,1261,371,123,349,1,1,1
1600,2,866,381,152,377,1,1,1
1600,4,875,106,40,94,1,1,1
1600,6,781,-1,55,85,1,1,1
1600,10,732,351,161,199,1,1,1
1600,11,1337,75,50,63,1,1,1
1600,12,1402,24,52,128,1,1,1
1600,13,1626,388,209,398,1,1,1
1601,1,1264,371,123,349,1,1,1
1601,2,867,385,152,377,1,1,1
1601,4,876,106,40,94,1,1,1
1601,6,780,0,55,85,1,1,1
1601,10,728,349,161,217,1,1,1
1601,11,1342,75,50,63,1,1,1
1601,12,1403,24,52,128,1,1,1
1601,13,1618,387,209,398,1,1,1
1602,1,1265,372,123,349,1,1,1
1602,2,868,388,152,377,1,1,1
1602,4,876,108,40,94,1,1,1
1602,6,780,-1,55,85,1,1,1
1602,10,727,354,161,217,1,1,1
1602,11,1342,76,50,63,1,1,1
1602,12,1401,22,52,128,1,1,1
1602,13,1639,387,180,410,1,1,1
1603,1,1266,373,123,349,1,1,1
1603,2,868,386,152,390,1,1,1
1603,4,876,108,40,94,1,1,1
1603,6,781,-1,55,85,1,1,1
1603,10,726,359,161,217,1,1,1
1603,11,1341,77,50,63,1,1,1
1603,12,1401,23,52,128,1,1,1
1603,13,1637,387,180,410,1,1,1
1604,1,1269,380,117,332,1,1,1
1604,2,872,392,145,390,1,1,1
1604,4,876,114,40,94,1,1,1
1604,6,780,-1,55,85,1,1,1
1604,10,724,370,161,217,1,1,1
1604,11,1340,77,50,63,1,1,1
1604,12,1400,22,52,128,1,1,1
1604,13,1641,388,180,420,1,1,1
1605,1,1270,381,117,332,1,1,1
1605,2,873,383,145,400,1,1,1
1605,4,876,112,40,94,1,1,1
1605,6,781,-1,55,85,1,1,1
1605,10,711,373,157,232,1,1,1
1605,11,1339,77,50,63,1,1,1
1605,12,1400,23,52,128,1,1,1
1605,13,1645,388,180,420,1,1,1
1606,1,1261,384,133,332,1,1,1
1606,2,875,382,145,411,1,1,1
1606,4,875,113,42,99,1,1,1
1606,6,780,0,55,85,1,1,1
1606,10,708,379,157,232,1,1,1
1606,11,1338,75,50,63,1,1,1
1606,12,1399,23,52,128,1,1,1
1606,13,1644,390,180,420,1,1,1
1607,1,1264,379,133,352,1,1,1
1607,2,878,392,145,411,1,1,1
1607,4,875,115,42,99,1,1,1
1607,6,781,-1,55,85,1,1,1
1607,10,706,381,157,232,1,1,1
1607,11,1338,75,50,63,1,1,1
1607,12,1399,23,52,128,1,1,1
1607,13,1642,396,180,420,1,1,1
1608,1,1264,394,133,352,1,1,1
1608,2,880,388,145,411,1,1,1
1608,4,875,111,42,114,1,1,1
1608,6,781,0,55,85,1,1,1
1608,10,705,387,157,232,1,1,1
1608,11,1339,74,37,63,1,1,1
1608,12,1398,24,52,128,1,1,1
1608,13,1636,394,180,420,1,1,1
1609,1,1258,398,149,352,1,1,1
1609,2,882,388,145,411,1,1,1
1609,4,875,113,42,114,1,1,1
1609,6,780,-1,55,85,1,1,1
1609,10,698,390,165,244,1,1,1
1609,11,1331,74,48,63,1,1,1
1609,12,1397,23,52,128,1,1,1
1609,13,1646,397,180,420,1,1,1
1610,1,1257,404,149,352,1,1,1
1610,2,883,389,145,411,1,1,1
1610,4,875,113,42,114,1,1,1
1610,6,781,-1,55,85,1,1,1
1610,10,695,396,141,244,1,1,1
1610,11,1336,75,48,63,1,1,1
1610,12,1397,24,52,128,1,1,1
1610,13,1638,397,180,420,1,1,1
1611,1,1258,405,149,352,1,1,1
1611,2,890,393,138,391,1,1,1
1611,4,876,116,42,114,1,1,1
1611,6,780,0,55,85,1,1,1
1611,10,693,401,141,251,1,1,1
1611,11,1330,76,48,63,1,1,1
1611,12,1398,23,52,128,1,1,1
1611,13,1640,399,180,420,1,1,1
1612,1,1256,407,149,367,1,1,1
1612,2,891,393,138,405,1,1,1
1612,4,874,116,44,120,1,1,1
1612,6,781,0,55,85,1,1,1
1612,10,691,415,141,251,1,1,1
1612,11,1327,76,48,63,1,1,1
1612,12,1396,22,52,128,1,1,1
1612,13,1647,402,180,420,1,1,1
1613,1,1257,408,149,367,1,1,1
1613,2,892,391,145,405,1,1,1
1613,4,872,118,46,126,1,1,1
1613,6,781,0,55,85,1,1,1
1613,10,680,418,149,251,1,1,1
1613,11,1333,76,48,63,1,1,1
1613,12,1395,23,52,128,1,1,1
1613,13,1640,398,180,420,1,1,1
1614,1,1256,408,149,367,1,1,1
1614,2,880,392,155,405,1,1,1
1614,4,873,119,46,126,1,1,1
1614,6,780,-1,55,85,1,1,1
1614,10,679,426,149,260,1,1,1
1614,11,1334,77,48,63,1,1,1
1614,12,1395,23,52,128,1,1,1
1614,13,1659,387,180,420,1,1,1
1615,1,1256,416,149,367,1,1,1
1615,2,889,404,155,405,1,1,1
1615,4,873,122,44,120,1,1,1
1615,6,781,-1,55,85,1,1,1
1615,10,676,433,149,260,1,1,1
1615,11,1334,76,48,63,1,1,1
1615,12,1396,23,52,128,1,1,1
1615,13,1661,388,180,420,1,1,1
1616,1,1256,420,149,367,1,1,1
1616,2,887,401,155,405,1,1,1
1616,4,873,120,44,120,1,1,1
1616,6,781,0,55,85,1,1,1
1616,10,676,443,149,260,1,1,1
1616,11,1335,76,48,63,1,1,1
1616,12,1395,25,52,128,1,1,1
1616,13,1663,390,180,420,1,1,1
1617,1,1256,408,149,367,1,1,1
1617,2,892,404,148,386,1,1,1
1617,4,874,120,44,120,1,1,1
1617,6,781,-1,55,85,1,1,1
1617,10,673,451,149,260,1,1,1
1617,11,1334,77,48,63,1,1,1
1617,12,1395,24,52,128,1,1,1
1617,13,1647,392,199,420,1,1,1
1618,1,1254,417,149,367,1,1,1
1618,2,891,408,148,386,1,1,1
1618,4,874,122,44,120,1,1,1
1618,6,782,0,55,85,1,1,1
1618,10,671,462,149,271,1,1,1
1618,11,1334,76,48,63,1,1,1
1618,12,1395,23,52,128,1,1,1
1618,13,1658,392,199,420,1,1,1
1619,1,1255,415,149,367,1,1,1
1619,2,893,410,148,401,1,1,1
1619,4,875,125,44,120,1,1,1
1619,6,780,0,55,85,1,1,1
1619,10,665,471,149,271,1,1,1
1619,11,1335,77,48,63,1,1,1
1619,12,1394,16,52,135,1,1,1
1619,13,1661,394,199,420,1,1,1
1620,1,1256,411,149,367,1,1,1
1620,2,892,411,155,410,1,1,1
1620,4,874,126,44,120,1,1,1
1620,6,781,-1,55,85,1,1,1
1620,10,664,480,149,271,1,1,1
1620,11,1335,77,48,63,1,1,1
1620,12,1394,17,52,135,1,1,1
1620,13,1644,407,199,420,1,1,1
1621,1,1256,414,149,367,1,1,1
1621,2,889,412,155,427,1,1,1
1621,4,875,130,44,120,1,1,1
1621,6,781,-1,55,85,1,1,1
1621,10,660,487,149,283,1,1,1
1621,11,1334,78,48,63,1,1,1
1621,12,1393,16,52,135,1,1,1
1621,13,1639,410,199,420,1,1,1
1622,1,1255,416,149,367,1,1,1
1622,2,888,410,161,427,1,1,1
1622,4,875,132,44,120,1,1,1
1622,6,781,-1,55,85,1,1,1
1622,10,656,496,140,283,1,1,1
1622,11,1336,78,48,63,1,1,1
1622,12,1392,16,52,135,1,1,1
1622,13,1642,411,218,420,1,1,1
1623,1,1256,420,149,367,1,1,1
1623,2,884,426,161,427,1,1,1
1623,4,875,133,44,120,1,1,1
1623,6,781,-1,55,85,1,1,1
1623,10,655,506,140,283,1,1,1
1623,11,1336,77,48,63,1,1,1
1623,12,1393,15,52,135,1,1,1
1623,13,1628,417,218,420,1,1,1
1624,1,1258,422,149,367,1,1,1
1624,2,882,418,161,438,1,1,1
1624,4,876,132,44,120,1,1,1
1624,6,781,0,55,85,1,1,1
1624,10,651,517,140,283,1,1,1
1624,11,1336,78,48,63,1,1,1
1624,12,1392,14,52,135,1,1,1
1624,13,1624,415,247,420,1,1,1
1625,1,1258,426,149,367,1,1,1
1625,2,882,415,161,446,1,1,1
1625,4,876,129,44,120,1,1,1
1625,6,781,0,55,85,1,1,1
1625,10,649,529,140,283,1,1,1
1625,11,1338,77,48,63,1,1,1
1625,12,1392,14,52,135,1,1,1
1625,13,1626,415,261,420,1,1,1
1626,1,1258,429,149,367,1,1,1
1626,2,880,414,161,447,1,1,1
1626,4,877,132,49,125,1,1,1
1626,6,781,-1,55,85,1,1,1
1626,10,641,535,147,310,1,1,1
1626,11,1338,77,48,63,1,1,1
1626,12,1392,15,52,135,1,1,1
1626,13,1611,418,290,420,1,1,1
1627,1,1263,436,142,362,1,1,1
1627,2,878,415,161,457,1,1,1
1627,4,874,134,49,125,1,1,1
1627,6,780,-1,55,85,1,1,1
1627,10,635,542,147,310,1,1,1
1627,11,1340,76,48,63,1,1,1
1627,12,1392,15,52,135,1,1,1
1627,13,1624,422,294,420,1,1,1
1628,1,1264,447,142,362,1,1,1
1628,2,877,414,161,458,1,1,1
1628,4,874,137,49,125,1,1,1
1628,6,780,0,55,85,1,1,1
1628,10,630,555,147,310,1,1,1
1628,11,1340,77,48,63,1,1,1
1628,12,1391,14,52,135,1,1,1
1628,13,1626,429,243,420,1,1,1
1629,1,1268,441,142,362,1,1,1
1629,2,875,415,161,458,1,1,1
1629,4,873,138,51,131,1,1,1
1629,6,780,-1,55,85,1,1,1
1629,10,623,559,154,326,1,1,1
1629,11,1340,75,50,66,1,1,1
1629,12,1392,15,52,135,1,1,1
1629,13,1625,427,243,420,1,1,1
1630,1,1274,446,142,375,1,1,1
1630,2,873,417,161,458,1,1,1
1630,4,873,142,51,131,1,1,1
1630,6,781,-1,55,85,1,1,1
1630,10,618,573,154,326,1,1,1
1630,11,1339,75,50,66,1,1,1
1630,12,1392,15,52,135,1,1,1
1630,13,1629,429,243,420,1,1,1
1631,1,1273,448,142,375,1,1,1
1631,2,870,423,161,458,1,1,1
1631,4,872,144,51,131,1,1,1
1631,6,781,-1,55,85,1,1,1
1631,10,609,590,162,331,1,1,1
1631,11,1340,76,50,66,1,1,1
1631,12,1393,15,52,135,1,1,1
1631,13,1630,432,243,420,1,1,1
1632,1,1275,443,142,387,1,1,1
1632,2,871,427,153,436,1,1,1
1632,4,870,139,54,138,1,1,1
1632,6,781,-1,55,85,1,1,1
1632,10,603,597,162,331,1,1,1
1632,11,1340,74,50,66,1,1,1
1632,12,1393,15,52,135,1,1,1
1632,13,1635,436,243,420,1,1,1
1633,1,1277,451,142,387,1,1,1
1633,2,869,431,153,436,1,1,1
1633,4,868,152,54,115,1,1,1
1633,6,781,0,55,85,1,1,1
1633,10,594,604,170,348,1,1,1
1633,11,1341,74,50,66,1,1,1
1633,12,1394,15,52,135,1,1,1
1633,13,1657,436,243,420,1,1,1
1634,1,1281,458,142,387,1,1,1
1634,2,864,429,161,458,1,1,1
1634,4,869,155,54,115,1,1,1
1634,6,781,-1,55,85,1,1,1
1634,10,589,631,170,339,1,1,1
1634,11,1342,74,50,66,1,1,1
1634,12,1394,15,52,135,1,1,1
1634,13,1673,430,209,438,1,1,1
1635,1,1286,453,142,387,1,1,1
1635,2,863,429,161,458,1,1,1
1635,4,869,157,54,115,1,1,1
1635,6,781,0,55,85,1,1,1
1635,10,585,646,170,339,1,1,1
1635,11,1344,74,50,66,1,1,1
1635,12,1394,16,52,135,1,1,1
1635,13,1675,433,209,438,1,1,1
1636,1,1278,459,150,390,1,1,1
1636,2,857,426,169,451,1,1,1
1636,4,868,160,54,115,1,1,1
1636,6,781,-1,55,85,1,1,1
1636,10,582,661,170,339,1,1,1
1636,11,1344,74,50,66,1,1,1
1636,12,1395,14,52,135,1,1,1
1636,13,1679,447,209,438,1,1,1
1637,1,1288,457,150,390,1,1,1
1637,2,857,434,169,451,1,1,1
1637,4,867,160,57,121,1,1,1
1637,6,780,0,55,85,1,1,1
1637,10,578,690,170,339,1,1,1
1637,11,1345,75,50,66,1,1,1
1637,12,1395,14,52,135,1,1,1
1637,13,1672,443,209,438,1,1,1
1638,1,1289,462,150,390,1,1,1
1638,2,859,442,161,430,1,1,1
1638,4,866,167,57,121,1,1,1
1638,6,780,0,55,85,1,1,1
1638,10,571,711,170,339,1,1,1
1638,11,1346,75,50,66,1,1,1
1638,12,1395,14,52,135,1,1,1
1638,13,1673,446,209,457,1,1,1
1639,1,1286,458,161,390,1,1,1
1639,2,858,444,160,444,1,1,1
1639,4,869,171,54,115,1,1,1
1639,6,780,0,55,85,1,1,1
1639,10,568,717,170,339,1,1,1
1639,11,1346,75,50,66,1,1,1
1639,12,1394,14,52,135,1,1,1
1639,13,1686,455,209,457,1,1,1
1640,1,1294,459,161,390,1,1,1
1640,2,860,447,160,444,1,1,1
1640,4,869,170,54,115,1,1,1
1640,6,781,-1,55,85,1,1,1
1640,10,563,735,170,352,1,1,1
1640,11,1345,76,50,66,1,1,1
1640,12,1394,14,52,135,1,1,1
1640,13,1677,455,209,457,1,1,1
1641,1,1297,461,161,390,1,1,1
1641,2,859,450,166,463,1,1,1
1641,4,868,169,54,115,1,1,1
1641,6,779,-1,55,85,1,1,1
1641,10,562,750,170,352,1,1,1
1641,11,1347,78,50,66,1,1,1
1641,12,1393,14,52,135,1,1,1
1641,13,1687,459,209,457,1,1,1
1642,1,1299,463,161,390,1,1,1
1642,2,859,451,166,463,1,1,1
1642,4,866,166,57,121,1,1,1
1642,6,780,0,55,85,1,1,1
1642,10,557,775,170,352,1,1,1
1642,11,1346,79,50,66,1,1,1
1642,12,1394,14,52,135,1,1,1
1642,13,1692,459,209,457,1,1,1
1643,1,1302,464,161,390,1,1,1
1643,2,851,473,167,471,1,1,1
1643,4,867,166,57,121,1,1,1
1643,6,781,0,55,85,1,1,1
1643,10,553,797,170,352,1,1,1
1643,11,1347,79,50,66,1,1,1
1643,12,1392,15,52,135,1,1,1
1643,13,1688,458,209,457,1,1,1
1644,1,1305,466,161,390,1,1,1
1644,2,859,466,167,471,1,1,1
1644,4,867,167,57,121,1,1,1
1644,6,781,-1,55,85,1,1,1
1644,10,542,813,178,370,1,1,1
1644,11,1347,78,50,66,1,1,1
1644,12,1393,14,52,135,1,1,1
1644,13,1690,468,209,457,1,1,1
1645,1,1308,469,161,390,1,1,1
1645,2,856,471,168,463,1,1,1
1645,4,866,170,57,121,1,1,1
1645,6,779,0,55,85,1,1,1
1645,10,538,838,178,370,1,1,1
1645,11,1346,79,48,63,1,1,1
1645,12,1391,14,52,135,1,1,1
1645,13,1697,473,209,457,1,1,1
1646,1,1309,469,161,390,1,1,1
1646,2,854,485,168,463,1,1,1
1646,4,865,170,60,127,1,1,1
1646,6,780,-1,55,85,1,1,1
1646,10,527,860,187,388,1,1,1
1646,11,1347,80,48,63,1,1,1
1646,12,1390,14,52,135,1,1,1
1646,13,1699,460,209,457,1,1,1
1647,1,1307,490,161,390,1,1,1
1647,2,859,491,168,463,1,1,1
1647,4,865,169,60,127,1,1,1
1647,6,779,0,55,85,1,1,1
1647,10,524,892,187,388,1,1,1
1647,11,1349,79,48,63,1,1,1
1647,12,1389,14,52,135,1,1,1
1647,13,1695,457,209,457,1,1,1
1648,1,1311,488,161,390,1,1,1
1648,2,865,479,168,463,1,1,1
1648,4,863,178,60,127,1,1,1
1648,6,780,-1,55,85,1,1,1
1648,10,523,907,178,370,1,1,1
1648,11,1349,78,50,66,1,1,1
1648,12,1390,14,52,135,1,1,1
1648,13,1711,458,209,457,1,1,1
1649,1,1313,502,168,390,1,1,1
1649,2,867,481,168,463,1,1,1
1649,4,861,176,63,133,1,1,1
1649,6,779,0,55,85,1,1,1
1649,11,1347,79,50,66,1,1,1
1649,12,1389,12,52,135,1,1,1
1649,13,1711,461,209,457,1,1,1
1650,1,1312,501,175,399,1,1,1
1650,2,868,481,168,463,1,1,1
1650,4,859,178,63,133,1,1,1
1650,6,780,0,55,85,1,1,1
1650,11,1359,78,39,67,1,1,1
1650,12,1390,14,52,135,1,1,1
1650,13,1711,463,209,457,1,1,1
1651,1,1314,507,175,399,1,1,1
1651,2,871,480,168,463,1,1,1
1651,4,861,179,60,127,1,1,1
1651,6,779,-1,55,85,1,1,1
1651,11,1363,80,39,67,1,1,1
1651,12,1389,18,52,135,1,1,1
1651,13,1710,466,209,457,1,1,1
1652,1,1322,509,175,399,1,1,1
1652,2,872,481,168,463,1,1,1
1652,4,859,179,60,127,1,1,1
1652,6,780,0,55,85,1,1,1
1652,11,1366,82,39,67,1,1,1
1652,12,1388,17,52,135,1,1,1
1652,13,1711,468,209,457,1,1,1
1653,1,1317,510,175,399,1,1,1
1653,2,873,484,168,463,1,1,1
1653,4,861,180,60,127,1,1,1
1653,6,779,-1,55,85,1,1,1
1653,11,1365,82,39,67,1,1,1
1653,12,1389,18,52,135,1,1,1
1653,13,1710,469,209,457,1,1,1
1654,1,1318,516,175,399,1,1,1
1654,2,875,485,168,463,1,1,1
1654,4,859,183,60,127,1,1,1
1654,6,780,0,55,85,1,1,1
1654,11,1366,81,39,67,1,1,1
1654,12,1389,18,52,135,1,1,1
1654,13,1710,482,209,457,1,1,1
1655,1,1319,520,175,399,1,1,1
1655,2,875,488,168,463,1,1,1
1655,4,858,186,60,127,1,1,1
1655,6,780,0,55,85,1,1,1
1655,11,1365,80,39,67,1,1,1
1655,12,1389,17,52,135,1,1,1
1655,13,1711,488,209,457,1,1,1
1656,1,1318,525,175,399,1,1,1
1656,2,876,488,168,463,1,1,1
1656,4,859,190,60,127,1,1,1
1656,6,780,-1,55,85,1,1,1
1656,11,1366,81,39,67,1,1,1
1656,12,1388,17,52,135,1,1,1
1656,13,1699,482,219,480,1,1,1
1657,1,1320,527,175,411,1,1,1
1657,2,877,491,168,463,1,1,1
1657,4,858,195,60,127,1,1,1
1657,6,779,0,55,85,1,1,1
1657,11,1365,78,39,67,1,1,1
1657,12,1387,17,52,135,1,1,1
1657,13,1700,486,219,480,1,1,1
1658,1,1318,530,175,411,1,1,1
1658,2,877,494,168,463,1,1,1
1658,4,859,193,60,127,1,1,1
1658,6,779,-1,55,85,1,1,1
1658,11,1366,79,39,67,1,1,1
1658,12,1386,18,52,135,1,1,1
1658,13,1700,486,219,480,1,1,1
1659,1,1319,533,175,411,1,1,1
1659,2,877,495,168,463,1,1,1
1659,4,858,192,60,127,1,1,1
1659,6,780,-1,55,85,1,1,1
1659,11,1368,78,39,67,1,1,1
1659,12,1387,17,52,135,1,1,1
1659,13,1707,467,230,504,1,1,1
1660,1,1320,533,175,411,1,1,1
1660,2,875,496,168,463,1,1,1
1660,4,856,190,63,133,1,1,1
1660,6,780,-1,55,85,1,1,1
1660,11,1366,79,39,67,1,1,1
1660,12,1387,17,52,135,1,1,1
1660,13,1720,479,219,480,1,1,1
