1 1 164 334 37 85
1 2 277 196 33 69
1 3 311 208 36 77
1 4 332 55 24 53
2 1 166 334 32 82
2 3 312 209 35 77
2 4 332 55 23 52
2 2 278 196 31 69
3 3 311 208 36 77
3 4 331 55 25 52
3 2 279 197 30 69
3 1 163 334 34 81
4 1 164 334 33 82
4 3 312 209 35 77
4 4 331 55 25 52
4 2 279 197 30 69
5 1 159 333 38 83
5 3 312 210 35 77
5 4 331 57 23 53
5 2 279 198 31 72
6 1 157 331 37 83
6 3 311 210 36 76
6 4 330 54 26 53
6 2 280 197 30 79
7 1 153 334 44 80
7 3 312 211 35 76
7 4 330 55 26 52
7 2 279 199 32 75
8 1 150 333 46 79
8 3 312 211 35 77
8 4 330 55 22 53
8 2 280 199 32 75
9 1 147 331 52 79
9 3 313 212 35 77
9 4 329 57 24 54
9 2 280 200 34 74
10 1 145 332 53 79
10 3 312 212 35 77
10 4 329 56 21 53
10 2 280 200 34 78
11 1 145 332 52 79
11 3 312 213 35 77
11 4 328 56 24 52
11 2 280 201 34 75
12 1 146 332 52 79
12 3 315 214 32 77
12 4 327 55 23 53
12 2 280 201 31 74
13 1 145 331 52 78
13 3 312 215 35 77
13 4 329 56 19 53
13 2 281 203 30 73
14 1 142 328 53 82
14 3 314 214 33 80
14 4 328 57 19 52
14 2 280 203 32 73
15 1 140 326 52 82
15 3 313 215 35 81
15 4 327 57 21 52
15 2 281 204 30 72
16 1 138 328 53 80
16 3 315 217 33 80
16 4 327 56 20 53
16 2 281 205 33 71
17 1 137 328 53 79
17 3 314 218 31 80
17 4 326 57 20 52
17 2 282 206 30 70
18 1 135 327 47 78
18 3 314 218 33 78
18 4 326 57 19 54
18 2 282 207 30 69
19 1 134 327 44 78
19 3 313 219 35 78
19 4 324 57 22 53
19 2 282 206 31 68
20 1 133 322 43 82
20 3 314 220 34 77
20 4 323 57 23 53
20 2 283 208 31 71
21 1 130 324 41 82
21 3 314 219 34 81
21 4 323 57 24 52
21 2 282 207 32 72
22 1 131 321 43 84
22 3 315 221 33 77
22 4 322 57 27 53
22 2 282 208 32 75
23 1 132 322 36 83
23 3 315 221 33 75
23 4 322 57 26 53
23 2 284 210 31 74
24 1 131 322 37 84
24 3 313 224 35 77
24 4 319 58 26 54
24 2 282 210 31 74
25 1 132 322 37 83
25 3 314 225 33 73
25 4 316 57 28 52
25 2 284 211 31 74
26 1 129 321 39 85
26 3 314 223 36 75
26 4 316 60 30 51
26 2 283 212 31 75
27 1 131 321 37 82
27 3 314 224 37 75
27 4 320 60 26 49
27 2 281 210 33 78
28 1 130 319 36 83
28 3 314 225 36 79
28 4 316 61 29 50
28 2 282 213 34 78
29 1 128 318 40 87
29 3 315 225 37 80
29 4 319 61 26 50
29 2 283 210 34 78
30 1 127 318 38 86
30 3 313 226 39 81
30 4 318 61 26 50
30 2 284 210 31 78
31 1 126 318 38 85
31 3 314 227 37 81
31 4 317 61 26 50
31 2 282 212 32 82
32 1 125 315 38 86
32 3 313 230 38 80
32 4 316 61 26 50
32 2 284 212 32 82
33 1 123 315 39 85
33 3 313 227 38 82
33 4 315 60 26 50
33 2 285 212 32 82
34 1 122 313 37 86
34 3 314 228 38 83
34 4 315 60 26 49
34 2 286 214 30 78
35 1 122 310 35 86
35 3 313 231 38 79
35 4 314 60 26 50
35 2 286 216 30 78
36 1 121 311 36 84
36 3 311 231 39 79
36 4 314 61 26 50
36 2 286 215 30 78
37 1 121 309 34 81
37 3 312 233 39 80
37 4 314 61 25 50
37 2 287 216 30 78
38 1 120 307 35 83
38 3 313 233 38 79
38 4 313 61 25 50
38 2 287 217 30 78
39 1 119 307 36 83
39 3 314 236 37 76
39 4 313 61 25 50
39 2 287 216 31 82
40 1 119 307 34 83
40 3 312 234 39 79
40 4 311 61 26 50
40 2 287 217 31 82
41 1 119 306 34 83
41 3 312 234 39 80
41 4 311 62 26 50
41 2 287 220 30 79
42 1 119 304 33 83
42 3 312 235 39 79
42 4 311 61 26 50
42 2 287 217 30 78
43 1 116 305 36 80
43 3 311 235 39 80
43 4 310 61 26 50
43 2 287 219 30 79
44 1 111 306 43 80
44 3 311 237 39 79
44 4 313 56 19 57
44 2 287 223 30 78
45 1 113 303 37 79
45 3 316 237 34 73
45 4 312 60 20 50
45 2 288 225 28 75
46 1 108 304 42 79
46 3 315 239 33 76
46 4 313 61 20 50
46 2 287 226 29 74
47 1 107 306 44 79
47 3 316 239 33 80
47 4 314 60 18 50
47 2 288 227 29 74
48 1 107 305 43 76
48 3 317 240 31 81
48 4 313 61 18 50
48 2 287 227 29 74
49 1 106 304 44 79
49 3 319 244 29 76
49 4 311 61 19 50
49 2 288 228 29 74
50 1 105 304 44 76
50 3 318 245 31 75
50 4 312 61 19 50
50 2 285 228 32 74
51 1 105 304 44 75
51 3 319 246 28 75
51 4 311 61 20 50
51 2 284 229 37 75
52 1 103 303 43 75
52 3 316 247 30 78
52 4 307 63 26 50
52 2 284 228 33 74
53 1 101 303 46 74
53 3 314 248 32 76
53 4 310 63 22 50
53 2 284 229 34 75
54 1 99 301 46 76
54 3 313 248 32 76
54 4 311 63 19 50
54 2 283 231 32 74
55 1 99 298 43 77
55 3 313 249 32 75
55 4 310 64 20 48
55 2 284 231 32 75
56 1 98 298 42 76
56 3 313 249 32 75
56 4 307 65 23 47
56 2 283 233 33 74
57 1 96 297 40 77
57 3 313 250 32 76
57 4 311 67 18 45
57 2 282 233 38 78
58 1 96 297 40 75
58 3 313 251 32 75
58 4 309 67 20 45
58 2 282 233 36 74
59 1 95 296 39 78
59 3 309 248 38 79
59 4 309 65 20 45
59 2 283 234 35 81
60 1 94 296 38 76
60 4 308 65 20 45
60 2 283 235 36 75
60 3 310 249 38 78
61 1 91 296 42 75
61 4 309 64 20 45
61 2 282 235 36 75
61 3 310 251 38 78
62 1 91 294 38 79
62 4 307 64 21 51
62 2 284 237 29 76
62 3 311 251 38 78
63 1 91 293 39 81
63 4 306 64 23 54
63 2 283 238 35 78
63 3 310 252 38 78
64 1 89 291 40 82
64 4 305 63 23 45
64 2 281 237 35 78
64 3 310 253 38 78
65 1 91 292 37 81
65 4 305 65 23 45
65 2 283 235 31 78
65 3 310 254 38 78
66 1 92 291 36 80
66 4 304 68 23 45
66 2 283 237 31 78
66 3 310 255 38 78
67 1 91 290 35 83
67 4 305 68 23 46
67 2 283 237 29 78
67 3 310 256 38 78
68 1 91 290 36 81
68 4 304 69 23 45
68 2 283 237 31 78
68 3 310 256 38 78
69 1 91 288 37 81
69 4 305 67 23 46
69 2 283 239 30 79
69 3 310 258 38 78
70 1 90 287 37 81
70 4 303 69 23 45
70 2 283 240 31 78
70 3 310 260 38 78
71 1 90 284 35 83
71 4 303 68 23 46
71 2 283 241 32 79
71 3 311 260 38 78
72 1 90 283 35 83
72 4 303 67 25 48
72 2 283 244 32 78
72 3 311 263 38 77
73 1 90 283 35 83
73 4 303 66 24 48
73 2 285 247 29 77
73 3 311 263 38 78
74 1 88 283 35 80
74 4 303 67 25 48
74 2 284 247 30 75
74 3 313 264 41 83
75 1 91 283 31 80
75 4 302 66 26 50
75 2 284 248 28 81
75 3 313 266 40 83
76 1 90 283 31 80
76 4 301 67 26 50
76 2 281 249 32 81
76 3 313 267 40 81
77 1 88 282 34 78
77 4 302 66 26 50
77 2 282 248 31 85
77 3 310 267 44 87
78 1 88 280 34 80
78 4 302 66 26 50
78 2 282 248 32 84
78 3 310 267 44 88
79 1 88 280 32 79
79 4 302 66 26 50
79 2 282 252 31 82
79 3 311 267 44 88
80 1 86 278 34 80
80 4 301 66 26 50
80 2 282 252 32 82
80 3 311 268 44 87
81 1 86 278 34 80
81 4 301 67 26 50
81 2 281 251 30 85
81 3 315 269 40 87
82 1 84 278 37 80
82 4 300 67 25 50
82 2 280 252 31 84
82 3 311 270 44 88
83 1 82 279 39 80
83 4 300 66 27 53
83 2 280 252 37 85
83 3 310 272 44 87
84 1 82 279 39 80
84 4 299 66 26 53
84 2 280 255 31 85
84 3 310 273 44 87
85 1 81 277 39 80
85 4 299 66 26 53
85 2 280 257 33 77
85 3 310 275 44 87
86 1 83 276 39 80
86 4 298 67 26 52
86 2 280 257 32 76
86 3 309 274 46 92
87 1 81 275 39 81
87 4 298 67 27 52
87 2 279 257 35 80
87 3 308 277 46 91
88 1 80 275 39 80
88 4 297 67 27 52
88 2 279 260 32 79
88 3 309 280 44 88
89 1 79 275 39 80
89 4 297 67 27 53
89 2 279 261 32 81
89 3 309 281 44 88
90 1 78 274 39 80
90 4 297 67 27 53
90 2 278 262 33 82
90 3 309 284 44 87
91 1 77 273 41 78
91 4 296 67 27 53
91 2 279 265 34 77
91 3 308 285 44 87
92 1 77 271 38 80
92 4 296 68 27 53
92 2 278 267 35 77
92 3 307 287 44 87
93 1 76 271 39 77
93 4 298 68 24 53
93 2 277 268 34 77
93 3 308 288 44 88
94 1 75 270 39 77
94 4 297 68 25 53
94 2 277 269 34 76
94 3 310 289 39 87
95 1 73 267 39 79
95 4 295 68 27 53
95 2 276 268 34 81
95 3 307 292 44 87
96 1 72 266 39 77
96 4 295 68 27 53
96 2 275 267 35 85
96 3 305 291 46 91
97 1 72 269 39 77
97 4 295 69 27 53
97 2 275 267 37 84
97 3 304 292 47 91
98 1 71 267 39 80
98 4 294 69 27 53
98 2 274 268 37 84
98 3 305 292 46 91
99 1 71 266 40 82
99 4 294 69 27 53
99 2 274 269 33 82
99 3 308 292 42 85
100 1 70 264 39 84
100 4 296 71 24 52
100 2 273 269 35 79
100 3 307 294 40 84
101 1 69 266 40 82
101 4 295 72 25 51
101 2 273 271 35 78
101 3 306 295 42 82
102 1 69 265 39 82
102 4 296 75 22 48
102 2 273 272 33 79
102 3 305 295 45 84
103 1 70 266 38 81
103 4 295 73 25 50
103 2 273 273 35 85
103 3 304 297 47 88
104 1 69 263 40 84
104 4 296 75 22 56
104 2 273 274 34 84
104 3 304 298 46 91
105 1 70 262 39 85
105 4 295 76 27 53
105 2 274 278 33 80
105 3 304 302 44 87
106 1 71 261 38 85
106 4 293 74 25 58
106 2 270 279 36 81
106 3 304 305 43 88
107 1 72 261 36 85
107 4 293 74 25 57
107 2 274 280 32 80
107 3 303 306 43 91
108 1 73 260 36 84
108 4 294 76 24 57
108 2 274 281 35 85
108 3 303 308 47 89
109 1 72 258 37 85
109 4 294 75 24 58
109 2 274 283 33 80
109 3 303 309 44 92
110 1 73 258 37 84
110 4 293 77 24 55
110 2 273 284 36 81
110 3 303 309 44 91
111 1 73 257 35 80
111 4 294 76 24 57
111 2 273 284 34 81
111 3 303 312 44 89
112 1 74 258 37 78
112 4 293 76 24 57
112 2 274 286 33 80
112 3 303 313 44 86
113 1 74 256 35 76
113 4 293 76 24 59
113 2 273 288 35 80
113 3 303 314 44 86
114 1 73 256 36 75
114 4 294 79 24 56
114 2 273 288 36 80
114 3 303 315 44 87
115 1 75 256 34 75
115 4 293 78 24 55
115 2 273 288 35 80
115 3 305 315 42 90
116 1 74 256 35 75
116 4 294 79 24 55
116 2 272 289 36 80
116 3 304 315 42 85
117 1 74 255 35 78
117 4 293 79 24 55
117 2 271 290 36 80
117 3 306 317 38 82
118 1 74 255 36 76
118 4 293 79 24 56
118 2 272 293 34 76
118 3 306 318 36 86
119 1 74 251 36 81
119 4 294 81 23 57
119 2 271 294 34 76
119 3 304 318 37 84
120 1 73 253 37 76
120 4 293 82 23 56
120 2 270 295 34 76
120 3 304 320 35 82
121 1 73 254 36 79
121 4 293 82 23 56
121 2 270 297 34 75
121 3 304 321 34 81
122 1 73 252 36 79
122 4 293 82 23 56
122 2 269 298 34 76
122 3 302 320 36 85
123 1 73 250 36 80
123 4 292 82 23 56
123 2 269 298 34 76
123 3 302 324 34 83
124 1 73 251 34 81
124 4 292 82 23 57
124 2 269 296 34 80
124 3 297 322 40 84
125 1 73 250 36 80
125 4 291 82 23 57
125 2 265 294 38 87
125 3 296 324 40 88
126 1 72 250 34 80
126 4 291 83 23 57
126 2 266 300 36 80
126 3 294 326 43 88
127 1 72 249 35 81
127 4 290 83 23 57
127 2 266 301 35 80
127 3 292 326 41 90
128 1 73 248 34 80
128 4 290 84 23 57
128 2 265 302 35 80
128 3 293 326 43 91
129 1 72 248 35 79
129 4 288 82 25 59
129 2 264 302 36 81
129 3 292 329 41 91
130 1 72 245 36 77
130 4 288 83 24 59
130 2 260 299 38 82
130 3 292 329 43 90
131 1 72 245 35 78
131 4 287 83 24 59
131 3 289 331 43 86
131 2 261 300 38 82
132 1 72 246 35 73
132 4 286 83 24 59
132 2 259 299 40 86
132 3 287 333 43 86
133 1 72 244 37 73
133 4 285 82 25 63
133 2 259 299 40 86
133 3 285 334 43 86
134 1 72 243 36 77
134 4 285 82 25 62
134 2 257 300 38 84
134 3 289 335 38 86
135 1 72 242 39 78
135 4 284 83 25 62
135 2 256 300 36 86
135 3 287 336 39 86
136 1 72 243 41 76
136 4 283 83 25 57
136 2 256 300 36 87
136 3 287 336 37 86
137 1 72 243 42 75
137 4 283 83 25 59
137 2 255 301 40 87
137 3 281 336 43 86
138 1 72 242 44 78
138 4 282 83 25 57
138 2 256 303 38 87
138 3 285 337 35 81
139 1 73 243 43 75
139 4 281 83 25 59
139 2 255 306 38 89
139 3 281 336 36 85
140 1 74 240 42 80
140 4 281 83 25 57
140 2 254 307 38 82
140 3 276 337 39 86
141 1 74 238 44 81
141 4 281 83 25 58
141 2 253 308 38 89
141 3 275 339 39 86
142 1 75 238 44 81
142 4 280 83 25 62
142 2 253 310 37 88
142 3 272 338 42 91
143 1 77 237 43 81
143 4 279 83 25 62
143 2 254 311 36 87
143 3 273 339 40 91
144 1 78 236 43 81
144 4 279 83 25 62
144 2 254 313 34 83
144 3 268 342 46 90
145 1 79 235 43 80
145 4 278 83 25 62
145 2 253 314 35 83
145 3 265 339 47 95
146 1 83 234 33 74
146 4 277 83 25 63
146 2 251 314 35 83
146 3 263 340 47 96
147 1 83 238 36 71
147 4 277 83 25 63
147 2 251 315 34 83
147 3 262 342 45 90
148 1 82 235 38 72
148 4 276 83 25 63
148 2 251 315 33 83
148 3 260 344 48 94
149 1 81 231 38 75
149 4 276 85 24 59
149 2 250 314 34 87
149 3 257 343 51 95
150 1 84 235 35 70
150 4 275 84 24 59
150 2 246 315 36 87
150 3 254 342 54 95
151 1 84 232 33 73
151 4 275 85 24 59
151 2 248 316 33 75
151 3 255 347 52 91
152 1 85 235 33 69
152 4 274 85 24 59
152 2 245 313 36 87
152 3 253 348 51 92
153 1 85 234 31 72
153 4 273 86 24 57
153 2 249 314 36 77
153 3 254 347 48 95
154 1 86 233 31 73
154 4 272 87 24 56
154 2 248 317 35 78
154 3 250 349 45 91
155 1 87 235 31 68
155 4 271 85 24 60
155 2 246 313 36 83
155 3 251 349 39 93
156 1 87 234 29 72
156 4 270 85 24 60
156 2 243 316 36 80
156 3 248 352 40 90
157 1 87 234 31 70
157 4 270 84 24 59
157 2 240 317 37 83
157 3 248 352 37 90
158 1 89 232 31 71
158 4 269 85 24 59
158 2 240 316 36 83
158 3 245 352 33 90
159 1 87 231 33 72
159 4 269 85 24 59
159 2 241 318 33 83
159 3 242 351 35 90
160 1 89 232 33 74
160 4 268 88 24 56
160 2 238 319 37 83
160 3 237 353 40 90
161 1 90 232 28 73
161 4 267 85 24 60
161 2 237 322 36 83
161 3 232 353 45 90
162 4 267 87 19 57
162 2 236 317 41 83
162 3 231 353 45 90
162 1 92 234 27 70
163 1 92 230 29 72
163 4 266 89 22 56
163 2 236 318 38 83
163 3 224 353 50 90
164 1 94 229 27 74
164 4 265 90 24 54
164 2 232 317 43 83
164 3 218 356 55 87
165 1 94 229 25 74
165 4 264 86 24 59
165 2 231 316 42 83
165 3 216 353 58 90
166 1 90 229 32 74
166 4 259 86 27 59
166 2 230 317 42 83
166 3 211 356 63 88
167 1 92 227 30 77
167 4 261 86 27 59
167 2 231 319 42 83
167 3 211 356 63 91
168 1 91 226 29 77
168 4 255 86 33 59
168 2 228 318 40 83
168 3 211 354 63 94
169 1 92 226 30 77
169 4 256 91 29 54
169 2 225 318 42 83
169 3 211 357 62 92
170 1 91 226 30 77
170 4 255 90 33 55
170 2 223 321 42 83
170 3 212 354 59 95
171 1 90 227 30 73
171 4 255 90 31 54
171 2 225 322 36 82
171 3 209 355 58 95
172 1 92 227 29 77
172 4 252 91 33 57
172 2 223 324 34 83
172 3 208 355 54 89
173 1 93 226 28 76
173 4 252 91 36 58
173 2 220 323 38 87
173 3 205 355 54 95
174 1 90 226 32 76
174 4 251 90 36 59
174 2 221 322 38 91
174 3 204 355 47 95
175 1 90 226 33 77
175 4 250 90 33 59
175 2 220 322 38 91
175 3 206 353 45 93
176 1 90 229 31 73
176 4 249 87 32 62
176 2 215 324 45 91
176 3 204 353 43 95
177 1 90 231 32 77
177 4 249 91 32 58
177 2 215 323 46 91
177 3 197 355 41 95
178 1 90 231 30 75
178 4 248 88 32 61
178 2 214 324 47 92
178 3 196 355 42 95
179 1 89 232 31 75
179 4 248 91 30 58
179 2 208 321 51 99
179 3 192 356 43 95
180 1 89 234 29 76
180 4 246 88 30 61
180 2 215 327 46 89
180 3 191 357 43 95
181 1 90 233 32 77
181 4 246 89 31 60
181 2 214 327 46 88
181 3 189 357 44 95
182 1 89 232 33 77
182 4 248 91 24 58
182 2 214 328 44 89
182 3 187 356 47 95
183 1 89 236 32 74
183 4 246 92 26 57
183 2 212 325 41 92
183 3 177 359 56 91
184 1 89 235 31 76
184 4 246 91 25 58
184 2 209 326 43 90
184 3 173 358 61 90
185 1 89 237 31 72
185 4 246 94 21 55
185 2 206 326 46 91
185 3 173 358 63 90
186 1 89 236 34 73
186 4 244 91 23 58
186 2 205 323 46 97
186 3 171 359 61 90
187 1 89 233 35 77
187 4 244 93 22 56
187 2 203 322 46 98
187 3 170 359 62 91
188 1 89 232 35 77
188 4 243 92 23 57
188 2 201 327 42 93
188 3 168 360 62 90
189 1 89 237 35 73
189 4 240 92 26 63
189 2 200 329 39 92
189 3 166 360 62 90
190 1 89 240 37 71
190 4 240 94 25 61
190 2 200 324 41 97
190 3 170 359 55 91
191 1 89 235 36 77
191 4 241 93 26 63
191 2 199 328 42 88
191 3 168 360 55 90
192 1 89 236 38 76
192 4 241 95 26 60
192 2 200 328 40 92
192 3 166 360 52 90
193 1 89 240 37 73
193 4 239 95 27 61
193 2 198 328 39 89
193 3 167 357 47 95
194 1 90 243 32 68
194 4 238 98 27 58
194 2 199 328 37 87
194 3 164 357 46 95
195 1 90 244 30 69
195 4 238 95 24 59
195 2 196 328 43 94
195 3 161 357 42 95
196 1 90 245 33 73
196 4 238 96 26 60
196 2 196 328 44 94
196 3 154 357 47 96
197 1 89 244 33 76
197 4 238 97 22 59
197 2 195 326 42 95
197 3 151 357 49 93
198 1 86 245 33 77
198 4 237 97 21 59
198 2 196 327 40 87
198 3 147 355 50 95
199 1 85 246 34 77
199 4 237 99 21 56
199 2 193 324 42 97
199 3 147 356 47 94
200 1 88 247 29 77
200 4 237 100 18 56
200 2 191 326 42 90
200 3 139 355 57 95
201 1 87 249 31 74
201 4 238 95 16 61
201 2 190 324 39 96
201 3 137 355 56 94
202 1 87 249 31 75
202 4 238 95 13 60
202 2 190 321 33 99
202 3 137 352 55 99
203 1 88 249 29 74
203 4 237 97 14 58
203 2 188 322 34 93
203 3 135 354 59 95
204 1 88 246 29 76
204 4 233 99 17 56
204 2 189 323 31 89
204 3 134 353 60 96
205 1 87 247 30 76
205 2 188 318 36 97
205 3 132 352 63 97
205 4 231 97 22 56
206 1 87 247 30 76
206 2 187 318 33 98
206 3 131 347 63 103
206 4 229 100 23 51
207 1 83 248 36 74
207 2 187 320 29 94
207 3 132 348 61 100
207 4 229 101 22 51
208 1 83 247 33 76
208 2 182 317 35 91
208 3 131 346 60 100
209 1 82 247 35 76
209 2 183 317 35 93
209 3 129 347 56 100
210 1 82 252 35 71
210 2 182 317 35 91
210 3 128 345 54 100
211 1 82 254 34 69
211 2 177 317 40 91
211 3 127 344 53 96
212 1 81 254 34 69
212 2 174 315 41 93
212 3 131 342 47 96
213 1 81 256 37 72
213 2 174 317 41 91
213 3 132 343 43 95
214 1 82 254 35 76
214 2 173 319 43 88
214 3 131 341 44 93
215 1 81 256 35 75
215 2 172 317 48 88
215 3 129 339 44 95
216 1 82 256 35 75
216 2 171 316 46 90
216 3 130 338 40 95
217 1 78 256 36 81
217 2 173 313 42 91
217 3 130 338 46 96
218 1 78 257 38 80
218 2 171 316 43 86
218 3 128 337 42 93
219 1 78 259 38 79
219 2 170 315 41 85
219 3 129 335 43 94
220 1 78 263 37 76
220 2 167 310 43 89
220 3 128 331 41 96
221 1 78 262 36 78
221 2 166 313 43 88
221 3 127 334 42 96
222 1 73 264 43 76
222 2 166 310 38 88
222 3 128 334 40 94
223 1 71 263 46 77
223 2 165 309 41 90
223 3 126 332 41 96
224 1 73 264 41 77
224 2 166 313 40 88
224 3 126 333 43 95
225 1 73 265 41 75
225 2 165 308 37 91
225 3 125 331 43 93
226 1 72 267 42 71
226 2 165 307 37 94
226 3 123 327 43 95
226 4 213 102 20 42
227 1 72 266 40 75
227 2 164 306 42 93
227 3 123 326 43 95
227 4 213 102 18 42
228 1 72 267 41 74
228 2 164 306 40 95
228 3 118 325 48 95
228 4 211 101 18 42
229 1 71 269 40 73
229 2 163 307 40 93
229 3 118 328 47 90
229 4 213 104 18 42
230 1 71 270 39 72
230 2 162 305 42 93
230 3 118 322 49 96
230 4 211 105 18 42
231 1 71 273 33 71
231 2 164 302 39 98
231 3 116 324 46 85
231 4 212 103 17 40
232 1 71 272 36 74
232 2 165 301 37 97
232 3 117 323 45 85
232 4 210 104 19 42
233 1 70 271 39 76
233 2 163 302 41 95
233 3 116 318 45 89
233 4 209 105 19 42
234 1 71 273 35 75
234 2 165 304 38 91
234 3 113 318 47 88
234 4 208 105 19 42
235 1 70 276 35 76
235 2 165 300 38 92
235 3 114 319 46 89
235 4 210 104 19 42
236 1 69 276 36 77
236 2 164 299 39 93
236 3 112 315 47 96
236 4 209 106 19 42
237 1 70 275 34 82
237 2 165 296 38 94
237 3 112 314 48 96
237 4 209 105 19 42
238 1 72 275 40 81
238 2 159 291 52 108
238 3 112 314 55 95
238 4 208 106 19 43
239 1 72 281 33 75
239 2 165 295 37 90
239 3 114 313 47 95
239 4 208 106 19 45
240 1 71 281 35 77
240 2 165 296 39 88
240 3 111 312 48 95
240 4 207 107 20 45
241 1 71 279 33 78
241 2 167 293 38 89
241 3 110 313 51 93
241 4 206 108 20 44
242 1 71 283 31 76
242 2 167 292 37 90
242 3 112 312 46 90
242 4 206 108 20 44
243 1 71 278 34 81
243 2 167 293 36 88
243 3 115 310 44 94
243 4 205 108 21 46
244 1 71 284 32 76
244 2 166 292 39 92
244 3 113 310 46 95
244 4 204 109 21 52
245 1 70 283 35 77
245 2 165 290 37 93
245 3 114 309 46 95
245 4 202 107 23 55
246 1 70 284 32 73
246 2 167 289 37 93
246 3 115 306 46 92
246 4 202 107 23 60
247 1 70 285 34 73
247 2 164 290 40 90
247 3 119 305 41 96
247 4 202 107 21 58
248 1 69 285 35 74
248 2 165 290 39 90
248 3 117 304 43 91
248 4 199 107 26 61
249 1 70 286 33 74
249 2 167 289 37 93
249 3 115 302 44 91
249 4 199 108 24 60
250 1 70 288 34 72
250 2 163 286 39 94
250 3 116 301 43 87
250 4 201 109 23 49
251 1 69 289 34 72
251 2 166 286 37 95
251 3 116 298 43 87
251 4 196 109 27 60
252 1 69 291 34 78
252 2 165 286 39 92
252 3 117 296 43 87
252 4 196 110 26 60
253 1 68 291 36 78
253 2 165 284 42 90
253 3 117 295 44 87
253 4 193 111 28 60
254 1 68 292 37 78
254 2 165 284 36 91
254 3 118 295 43 86
254 4 193 110 29 62
255 1 68 293 35 78
255 2 163 283 41 91
255 3 119 295 45 82
255 4 194 111 27 62
256 1 67 296 37 77
256 2 165 281 39 90
256 3 119 294 45 82
256 4 194 110 27 62
257 1 67 296 37 78
257 2 164 282 41 87
257 3 119 293 46 82
257 4 193 111 28 63
258 1 65 298 37 78
258 2 165 281 36 83
258 3 120 292 42 88
258 4 192 112 29 62
259 1 64 296 39 83
259 2 167 279 35 87
259 3 120 291 46 90
259 4 192 111 29 65
260 1 64 294 39 83
260 2 164 277 39 87
260 3 120 290 46 90
260 4 190 109 28 66
261 1 63 299 39 79
261 2 168 275 35 89
261 3 120 288 43 92
261 4 190 112 29 61
262 1 63 295 39 83
262 2 168 275 35 90
262 3 119 287 48 87
262 4 190 109 28 65
263 1 62 301 37 77
263 2 167 275 36 89
263 3 119 287 44 87
263 4 191 110 26 63
264 1 61 300 39 79
264 2 167 277 39 89
264 3 120 284 43 90
264 4 189 110 28 66
265 1 61 304 37 76
265 2 166 274 37 90
265 3 120 285 44 88
265 4 189 112 28 65
266 1 59 302 39 78
266 2 168 272 39 93
266 3 120 281 43 92
266 4 188 111 28 63
267 1 61 305 35 76
267 2 168 273 36 93
267 3 120 280 44 92
267 4 188 111 25 66
268 1 58 303 41 80
268 2 168 271 37 93
268 3 121 278 41 91
268 4 188 111 25 65
269 1 55 309 44 77
269 2 172 273 32 89
269 3 121 276 44 85
269 4 188 111 23 66
270 1 58 309 41 79
270 2 169 271 35 88
270 3 122 275 40 84
270 4 187 113 24 64
271 1 59 309 41 77
271 2 172 268 36 88
271 3 122 273 41 84
271 4 187 112 26 65
272 1 60 311 39 76
272 2 172 266 34 87
272 3 122 273 42 92
272 4 187 112 23 66
273 1 60 310 42 78
273 2 173 265 33 87
273 3 123 273 42 83
273 4 187 116 24 63
274 1 61 313 38 77
274 2 174 265 32 84
274 3 124 272 40 85
274 4 187 117 23 62
275 1 62 308 45 83
275 2 175 264 33 84
275 3 124 271 43 87
275 4 186 113 24 66
276 1 63 310 39 82
276 2 175 263 34 86
276 3 125 270 42 87
276 4 186 114 24 66
277 1 63 312 42 83
277 2 175 265 34 82
277 3 126 269 46 88
277 4 186 115 22 66
278 1 67 309 36 87
278 2 175 260 33 89
278 3 127 271 42 83
278 4 186 115 24 66
279 1 67 314 35 83
279 2 175 259 35 89
279 3 127 270 44 83
279 4 186 117 23 65
280 1 68 311 38 82
280 2 176 260 33 88
280 3 128 268 44 83
280 4 185 118 29 65
281 1 65 317 39 78
281 2 175 258 35 92
281 3 129 267 44 83
281 4 185 119 24 65
282 1 68 316 38 78
282 2 176 257 35 91
282 3 131 266 41 83
282 4 185 119 29 65
283 1 70 319 35 77
283 2 176 258 34 90
283 3 131 265 41 83
283 4 185 118 25 69
284 1 72 320 35 80
284 2 176 256 35 88
284 3 133 263 38 83
284 4 185 118 23 69
285 1 73 316 35 86
285 2 175 256 36 90
285 3 133 261 40 84
285 4 184 119 24 65
286 1 74 318 34 86
286 2 178 257 33 88
286 3 135 262 38 79
286 4 185 118 29 69
287 1 72 325 38 81
287 2 177 255 36 88
287 3 135 259 39 79
287 4 184 118 25 65
288 1 73 325 38 88
288 2 175 253 36 87
288 3 136 256 36 83
288 4 184 119 27 69
289 1 71 328 40 80
289 2 178 254 35 87
289 3 136 257 39 80
289 4 184 122 26 64
290 1 74 328 40 81
290 2 175 252 36 84
290 3 136 249 39 88
290 4 183 119 27 65
291 1 75 329 38 84
291 2 177 253 36 79
291 3 136 253 36 80
291 4 184 122 23 62
292 1 74 331 38 87
292 2 179 251 32 83
292 3 135 249 41 80
292 4 183 122 24 65
293 1 74 335 42 83
293 2 177 250 34 79
293 3 138 253 40 79
293 4 182 122 27 62
294 1 75 337 39 85
294 2 178 248 34 82
294 3 138 252 42 80
294 4 182 125 25 64
295 1 76 334 39 87
295 2 179 246 35 86
295 3 138 250 40 83
295 4 182 122 29 69
296 1 78 337 37 82
296 2 177 247 35 84
296 3 139 249 41 83
296 4 182 123 28 66
297 1 78 337 38 82
297 2 179 244 33 85
297 3 139 248 41 85
297 4 182 124 28 66
298 1 79 337 39 83
298 2 178 246 35 82
298 3 135 244 48 86
298 4 181 125 28 65
299 1 81 338 38 82
299 2 180 243 34 88
299 3 137 244 44 86
299 4 181 125 28 65
300 1 81 339 38 82
300 2 182 243 33 89
300 3 138 243 44 87
300 4 180 125 28 66
301 1 82 340 40 83
301 2 180 244 34 86
301 3 138 242 44 87
301 4 180 126 28 65
302 1 85 338 37 81
302 2 180 240 35 90
302 3 138 240 42 87
302 4 178 126 28 65
303 1 88 341 37 78
303 2 182 241 29 85
303 3 138 239 39 86
303 4 178 125 28 66
304 1 88 341 43 78
304 2 184 239 32 86
304 3 138 236 43 85
304 4 177 126 28 66
305 1 87 340 45 81
305 2 184 237 29 87
305 3 139 236 39 86
305 4 176 126 28 66
306 1 90 341 47 87
306 2 182 235 34 86
306 3 139 235 39 81
306 4 176 127 28 66
307 1 91 341 47 85
307 2 182 234 34 83
307 3 139 233 38 79
307 4 175 126 28 66
308 1 92 344 52 82
308 2 182 233 31 84
308 3 139 232 39 78
308 4 175 127 28 66
309 1 94 344 47 84
309 2 184 233 34 83
309 3 139 231 40 79
309 4 174 127 28 66
310 1 95 339 48 90
310 2 185 232 30 84
310 3 139 230 39 79
310 4 175 127 28 66
311 1 97 347 46 80
311 2 182 231 33 83
311 3 140 229 39 86
311 4 174 128 28 66
312 1 98 346 45 83
312 2 182 229 37 88
312 3 140 229 38 83
312 4 173 128 28 66
313 1 100 345 43 84
313 2 185 231 31 85
313 3 141 226 40 86
313 4 174 130 27 63
314 1 101 345 41 86
314 2 181 232 38 85
314 3 144 225 34 86
314 4 174 130 27 63
315 1 105 349 37 76
315 2 184 232 31 84
315 3 143 224 35 88
315 4 174 130 26 63
316 1 107 348 34 83
316 2 183 230 33 83
316 3 144 223 34 86
316 4 173 131 27 63
317 1 108 348 38 81
317 2 182 230 31 86
317 3 145 227 34 83
317 4 173 132 26 63
318 1 110 350 35 82
318 2 184 227 29 86
318 3 143 224 38 84
318 4 172 132 27 63
319 1 112 352 37 79
319 2 183 226 30 86
319 3 148 224 33 82
319 4 172 134 26 59
320 1 113 351 36 87
320 2 183 229 35 84
320 3 147 222 34 84
320 4 172 135 26 59
321 1 117 351 36 86
321 2 182 227 35 84
321 3 147 221 36 82
321 4 172 135 25 60
322 1 115 351 37 87
322 2 179 226 37 77
322 3 147 217 35 84
322 4 171 135 26 59
323 1 117 355 36 85
323 2 184 223 32 80
323 3 148 218 35 81
323 4 171 135 25 60
324 1 119 354 36 87
324 2 182 222 35 81
324 3 147 215 36 83
324 4 172 136 25 60
325 1 120 357 39 82
325 2 180 219 33 82
325 3 147 214 34 72
325 4 171 136 25 60
326 1 119 358 39 82
326 2 182 222 35 79
326 3 148 211 36 84
326 4 171 137 25 60
327 1 119 360 44 81
327 2 182 223 34 78
327 3 147 212 37 75
327 4 170 137 26 60
328 1 120 360 45 79
328 2 182 223 33 77
328 3 147 210 35 84
328 4 169 138 26 59
329 1 126 363 40 77
329 2 183 220 34 81
329 3 148 210 36 78
329 4 169 138 26 60
330 1 123 362 46 82
330 2 183 221 34 79
330 3 147 207 37 83
330 4 168 139 26 59
331 1 128 363 41 79
331 2 183 220 33 84
331 3 149 209 34 81
331 4 168 139 26 60
332 1 125 360 43 82
332 2 184 216 32 85
332 3 148 210 37 80
332 4 167 139 26 60
333 1 132 365 34 77
333 2 182 218 34 83
333 3 149 208 35 80
333 4 168 139 25 60
334 1 128 365 40 77
334 2 184 218 32 83
334 3 150 208 37 80
334 4 167 140 25 60
335 1 135 363 34 79
335 2 185 214 30 86
335 3 150 206 35 82
335 4 166 140 26 60
336 1 131 365 42 77
336 2 183 216 33 80
336 3 150 206 35 81
336 4 167 141 24 57
337 1 138 366 35 76
337 2 185 212 31 86
337 3 152 203 31 81
337 4 166 142 24 57
338 1 141 364 34 79
338 2 184 213 32 82
338 3 152 204 32 80
338 4 166 142 24 57
339 1 142 366 34 79
339 2 187 211 28 85
339 3 151 203 33 80
339 4 165 143 24 57
340 1 144 365 38 81
340 2 185 212 30 77
340 3 151 201 35 81
340 4 164 144 23 57
341 1 146 364 38 79
341 2 186 211 29 78
341 3 151 201 34 80
341 4 163 144 24 57
342 1 144 365 50 82
342 2 188 210 27 76
342 3 151 200 33 76
342 4 162 145 25 57
343 1 141 365 61 80
343 2 188 209 27 76
343 3 151 199 32 76
343 4 160 145 27 59
344 1 146 366 53 78
344 2 186 208 29 77
344 3 151 198 34 73
344 4 159 146 27 63
345 1 149 364 52 81
345 2 186 208 29 74
345 3 152 199 31 72
345 4 158 146 27 63
346 1 145 367 58 77
346 2 186 207 29 76
346 3 152 199 31 74
346 4 157 146 28 66
347 1 149 363 56 82
347 2 186 205 29 77
347 3 153 198 31 71
347 4 155 146 29 69
348 1 149 364 55 82
348 2 187 205 28 76
348 3 153 198 31 71
348 4 155 145 29 70
349 1 152 365 52 81
349 2 185 206 30 76
349 3 154 197 32 71
349 4 153 148 29 63
350 1 159 365 47 81
350 2 186 207 29 76
350 3 154 198 32 76
350 4 152 147 29 69
351 1 159 366 45 76
351 2 183 205 32 77
351 3 154 198 33 76
351 4 151 148 30 69
352 1 165 364 41 80
352 2 184 208 31 74
352 3 155 197 36 72
352 4 152 145 29 70
353 1 170 364 36 80
353 2 184 205 32 77
353 3 156 192 35 76
353 4 150 147 27 62
354 1 171 365 35 80
354 2 184 205 32 77
354 3 159 195 34 74
354 4 152 150 27 62
355 1 173 365 37 87
355 2 183 205 32 76
355 3 159 195 36 75
355 4 153 149 24 62
356 1 176 364 35 88
356 2 184 204 32 77
356 3 159 195 37 73
356 4 153 149 25 62
357 1 179 366 35 85
357 2 184 203 32 76
357 3 159 195 34 75
357 4 152 149 25 62
358 1 180 365 34 90
358 2 183 203 32 72
358 3 162 195 35 71
358 4 152 149 27 62
359 1 179 367 43 87
359 2 183 200 29 73
359 3 161 194 36 74
359 4 152 150 24 62
360 1 183 369 45 83
360 2 184 199 31 72
360 3 162 195 35 65
360 4 151 150 24 62
361 1 180 368 54 82
361 2 183 203 30 70
361 3 164 194 33 67
361 4 150 150 27 62
362 1 186 369 50 80
362 2 183 199 29 72
362 3 162 188 33 72
362 4 151 153 26 57
363 1 184 369 54 80
363 2 183 201 30 70
363 3 165 186 28 69
363 4 151 151 26 59
364 1 184 369 55 81
364 2 182 197 30 72
364 3 165 182 28 73
364 4 147 153 26 59
365 1 185 369 58 81
365 2 183 197 30 70
365 3 164 183 32 71
365 4 148 156 25 56
366 1 191 369 50 81
366 2 183 195 28 73
366 3 163 184 33 70
366 4 151 154 23 54
367 1 188 370 55 80
367 2 183 194 30 74
367 3 166 181 26 73
367 4 149 154 25 67
368 1 192 369 50 82
368 2 182 189 30 82
368 3 165 183 32 72
368 4 147 157 23 53
369 1 195 371 46 80
369 2 182 195 31 76
369 3 163 182 35 73
369 4 148 156 25 66
370 1 203 368 37 82
370 2 182 194 31 74
370 3 167 180 32 79
370 4 149 157 23 68
371 1 208 370 33 80
371 2 183 196 31 71
371 3 164 179 30 76
371 4 150 156 23 68
372 1 208 369 33 81
372 2 185 195 28 72
372 3 163 180 31 76
372 4 149 156 23 71
373 1 211 370 33 78
373 2 182 193 29 73
373 3 165 180 34 76
373 4 150 157 21 68
374 1 212 367 35 84
374 2 185 193 29 71
374 3 160 180 37 74
374 4 146 157 26 62
375 1 211 370 40 80
375 2 185 197 29 74
375 3 165 178 37 74
375 4 148 157 24 67
376 1 215 367 43 82
376 2 184 193 29 73
376 3 163 177 34 74
376 4 146 157 26 67
377 1 216 368 44 82
377 2 185 191 30 69
377 3 165 177 37 74
377 4 145 157 24 67
378 1 217 368 44 81
378 2 185 193 30 67
378 3 165 176 34 75
378 4 145 158 27 66
379 1 220 367 46 86
379 2 185 190 30 67
379 3 169 176 27 76
379 4 142 158 29 69
380 1 220 366 47 87
380 2 188 188 27 65
380 3 166 176 31 70
380 4 145 159 26 67
381 1 221 366 51 83
381 2 187 184 30 71
381 3 169 176 28 67
381 4 144 161 29 65
382 1 218 363 54 91
382 2 186 186 30 71
382 3 165 169 31 71
382 4 144 161 30 67
383 1 218 362 56 91
383 2 186 185 31 74
383 3 165 171 34 67
383 4 143 160 27 68
384 1 220 362 56 91
384 2 183 181 33 72
384 3 166 173 29 70
384 4 142 164 30 67
385 1 221 362 53 90
385 2 184 184 32 74
385 3 167 171 26 67
385 4 140 164 29 69
386 1 225 363 48 84
386 2 184 182 30 77
386 3 164 170 33 74
386 4 141 166 28 68
387 1 229 360 42 91
387 2 182 182 33 77
387 3 164 166 32 73
387 4 140 165 28 68
388 1 235 358 37 87
388 2 182 181 33 77
388 3 164 167 30 73
388 4 140 164 28 69
389 1 235 358 40 87
389 2 185 184 28 75
389 3 163 170 31 74
389 4 139 166 27 66
390 1 239 359 37 87
390 2 184 182 31 77
390 3 163 169 32 74
390 4 138 165 27 65
391 1 241 357 39 86
391 2 184 182 29 77
391 3 163 166 30 74
391 4 138 169 27 66
392 1 245 357 35 85
392 2 182 179 30 77
392 3 165 167 28 74
392 4 140 169 27 65
393 1 245 357 35 85
393 2 182 179 30 74
393 3 164 167 27 73
393 4 138 168 27 66
394 1 245 359 41 79
394 2 181 178 30 77
394 3 165 167 27 73
394 4 139 165 27 66
395 1 248 355 44 87
395 2 182 180 28 70
395 3 165 166 29 74
395 4 137 171 26 62
396 1 251 355 45 86
396 2 181 181 30 69
396 3 167 166 24 73
396 4 134 170 30 62
397 1 251 355 48 83
397 2 183 180 28 67
397 3 165 165 29 74
397 4 135 168 31 69
398 1 252 355 48 86
398 2 182 178 26 73
398 3 164 163 30 73
398 4 135 169 26 63
399 1 251 354 57 87
399 2 182 179 28 69
399 3 162 164 32 74
399 4 135 171 26 62
400 1 251 354 56 86
400 2 182 178 28 70
400 3 163 164 37 71
400 4 133 172 27 62
401 1 249 353 59 87
401 2 183 180 28 66
401 3 164 162 32 68
401 4 134 173 26 62
402 1 250 353 59 87
402 2 180 176 28 72
402 3 167 160 27 69
402 4 132 171 34 71
403 1 255 352 56 86
403 2 182 175 27 72
403 3 164 161 27 66
403 4 136 172 30 71
404 1 255 352 52 82
404 2 183 181 27 63
404 3 164 161 31 66
404 4 133 174 33 66
405 1 260 348 48 86
405 2 183 181 24 63
405 3 164 160 36 66
405 4 137 173 26 71
406 1 263 347 44 83
406 2 180 176 27 74
406 3 164 160 30 67
406 4 137 174 27 71
407 1 267 347 40 83
407 2 181 175 26 73
407 3 164 160 33 67
407 4 136 173 25 71
408 1 272 345 36 83
408 2 181 174 24 73
408 3 166 159 26 70
408 4 131 174 32 71
409 1 272 348 40 81
409 2 179 173 27 74
409 3 166 158 30 70
409 4 135 174 28 71
410 1 275 346 37 80
410 2 180 172 27 74
410 3 164 159 30 70
410 4 136 174 25 71
411 1 275 342 39 88
411 2 180 172 27 74
411 3 163 158 38 69
411 4 135 174 26 71
412 1 278 341 40 88
412 2 181 173 26 71
412 3 166 159 26 69
412 4 135 174 27 71
413 1 279 344 40 84
413 2 181 170 26 70
413 3 166 158 27 70
413 4 135 174 26 71
414 1 280 341 41 86
414 2 182 173 26 70
414 3 167 158 26 69
414 4 135 175 29 71
415 1 278 339 46 88
415 2 182 173 26 70
415 3 163 158 31 69
415 4 135 175 29 71
416 1 280 341 45 86
416 2 182 169 26 70
416 3 162 158 30 69
416 4 134 180 28 67
417 1 284 342 42 86
417 2 180 170 25 70
417 3 166 158 29 64
417 4 136 180 26 68
418 1 283 342 45 85
418 2 180 169 25 69
418 3 163 155 30 71
418 4 134 180 27 68
419 1 285 337 44 89
419 2 179 167 26 70
419 3 164 155 28 65
419 4 134 181 27 67
420 1 286 338 44 87
420 2 181 165 25 72
420 3 165 153 24 66
420 4 134 180 29 68
421 1 288 338 39 85
421 2 180 166 27 71
421 3 164 153 27 66
421 4 134 182 27 67
422 1 286 336 45 86
422 2 180 166 25 68
422 3 165 154 28 65
422 4 134 181 28 67
423 1 289 333 42 93
423 2 177 165 30 72
423 3 164 152 26 70
423 4 136 180 29 66
424 1 290 334 40 84
424 2 179 164 28 70
424 3 164 151 27 63
424 4 133 184 28 65
425 1 290 331 41 85
425 2 178 164 27 73
425 3 165 150 26 63
425 4 134 184 29 69
426 1 292 331 38 82
426 2 177 166 28 71
426 3 165 149 27 65
426 4 133 185 30 70
427 1 293 329 37 83
427 2 178 165 28 70
427 3 165 150 26 63
427 4 135 186 27 69
428 1 293 325 37 84
428 2 177 165 28 70
428 3 165 146 26 69
428 4 133 186 30 66
429 1 295 328 36 79
429 2 177 165 28 65
429 3 165 147 28 65
429 4 132 187 31 66
430 1 300 325 31 80
430 2 177 163 30 69
430 3 166 149 25 63
430 4 134 187 29 66
431 1 299 326 33 78
431 2 177 164 27 67
431 3 166 151 30 64
431 4 134 188 28 71
432 1 300 324 37 81
432 2 178 163 25 65
432 3 166 148 30 63
432 4 133 188 29 69
433 1 301 323 40 83
433 2 178 163 25 64
433 3 165 146 29 64
433 4 134 190 27 69
434 1 301 323 41 84
434 2 174 157 31 70
434 3 166 151 32 66
434 4 132 188 29 70
435 1 302 322 42 83
435 2 173 156 32 72
435 3 166 150 31 67
435 4 135 193 26 70
436 1 303 323 43 82
436 2 176 156 29 73
436 3 166 150 33 60
436 4 130 192 37 69
437 1 304 321 43 81
437 2 176 159 29 70
437 3 167 146 25 61
437 4 130 188 37 70
438 1 304 322 44 80
438 2 178 158 26 69
438 3 165 149 32 60
438 4 131 192 31 70
439 1 305 323 44 78
439 2 177 157 28 72
439 3 168 145 24 60
439 4 132 191 31 71
440 1 307 319 41 80
440 2 178 158 27 70
440 3 166 144 27 60
440 4 130 195 35 70
441 1 308 318 42 81
441 2 178 161 31 68
441 3 164 143 32 60
441 4 131 189 32 75
442 1 310 316 36 83
442 2 176 158 31 73
442 3 164 141 32 60
442 4 131 188 35 75
443 1 313 316 32 80
443 2 179 159 26 69
443 3 165 140 32 60
443 4 131 189 36 75
444 1 316 315 35 78
444 2 177 160 26 67
444 3 163 139 33 63
444 4 131 189 34 75
445 1 318 315 31 80
445 2 178 156 28 75
445 3 164 140 38 70
445 4 131 190 34 75
446 1 318 315 37 77
446 2 178 157 27 70
446 3 164 140 31 70
446 4 132 190 34 75
447 1 317 311 39 79
447 2 178 153 28 73
447 3 165 139 31 70
447 4 131 191 36 76
448 1 318 311 36 82
448 2 178 154 29 71
448 3 165 139 30 70
448 4 131 192 34 75
449 1 322 313 37 80
449 2 181 157 23 65
449 3 162 139 31 65
449 4 132 192 36 76
450 1 323 312 39 83
450 2 180 155 27 67
450 3 165 138 30 70
450 4 132 193 38 75
451 1 320 309 41 84
451 2 178 154 28 68
451 3 165 137 30 70
451 4 131 191 37 79
452 1 324 308 38 85
452 2 181 154 26 66
452 3 164 137 30 70
452 4 131 201 37 71
453 1 324 308 37 84
453 2 180 155 25 67
453 3 164 136 31 71
453 4 133 198 35 73
454 1 326 309 38 85
454 2 181 152 27 68
454 3 164 134 30 72
454 4 132 200 36 73
455 1 325 307 38 85
455 2 180 152 29 68
455 3 164 135 30 63
455 4 134 200 34 73
456 1 324 306 39 85
456 2 181 152 26 67
456 3 164 135 30 63
456 4 134 200 34 74
457 1 323 308 41 84
457 2 180 151 28 72
457 3 163 133 30 63
457 4 135 205 31 70
458 1 327 304 38 86
458 2 181 152 27 68
458 3 164 133 30 64
458 4 135 208 31 67
459 1 324 303 40 85
459 2 179 152 30 68
459 3 164 131 29 63
459 4 137 207 32 67
460 1 324 301 39 89
460 2 181 152 29 70
460 3 165 131 28 69
460 4 136 207 34 66
461 1 326 300 36 88
461 2 180 150 29 70
461 3 164 131 29 63
461 4 136 205 32 68
462 1 326 300 36 83
462 2 180 152 29 70
462 3 164 130 31 65
462 4 136 207 32 69
463 1 328 299 35 81
463 2 181 151 30 71
463 3 165 130 28 63
463 4 136 206 35 69
464 1 328 295 34 81
464 2 180 150 29 68
464 3 167 127 31 71
464 4 137 208 32 67
465 1 329 293 34 80
465 2 182 150 26 67
465 3 166 129 28 71
465 4 135 207 34 69
466 1 331 298 33 74
466 2 179 150 30 68
466 3 167 128 27 71
466 4 138 212 31 63
467 1 327 294 36 80
467 2 181 148 28 69
467 3 167 128 28 72
467 4 135 208 35 68
468 1 331 291 32 82
468 2 180 147 28 64
468 3 167 128 28 71
468 4 138 210 31 68
469 1 330 293 33 79
469 2 180 146 29 67
469 3 169 127 30 71
469 4 137 210 33 72
470 1 330 290 35 82
470 2 181 147 28 62
470 3 170 127 25 64
470 4 136 212 32 70
471 1 329 292 38 80
471 2 180 146 30 64
471 3 168 127 28 71
471 4 137 213 30 73
472 1 333 290 31 80
472 2 181 144 27 66
472 3 170 127 28 68
472 4 137 213 32 73
473 1 329 290 37 86
473 2 181 145 28 65
473 3 171 127 28 70
473 4 135 214 33 66
474 1 332 288 37 85
474 2 180 144 28 58
474 3 172 127 29 63
474 4 135 213 35 68
475 1 332 285 34 85
475 2 180 143 29 70
475 3 173 123 26 71
475 4 135 216 32 73
476 1 336 287 30 81
476 2 179 141 29 66
476 3 172 125 29 66
476 4 135 215 34 69
477 1 333 287 35 83
477 2 181 142 26 68
477 3 172 119 33 69
477 4 136 217 33 72
478 1 333 284 34 84
478 2 179 141 30 68
478 3 173 121 32 69
478 4 137 217 32 69
479 1 335 284 33 81
479 2 182 140 25 67
479 3 174 121 32 63
479 4 136 220 37 71
480 1 336 283 33 85
480 2 182 141 25 70
480 3 173 121 33 69
480 4 135 218 33 71
481 1 334 281 39 77
481 2 181 143 28 58
481 3 174 119 32 69
481 4 136 217 31 72
482 1 335 279 37 81
482 2 181 143 26 63
482 3 174 118 33 69
482 4 133 220 40 71
483 1 338 280 31 76
483 2 184 141 25 60
483 3 173 119 32 69
483 4 135 220 33 67
484 1 336 277 35 77
484 2 180 139 30 60
484 3 174 117 33 69
484 4 135 221 33 66
485 1 334 275 37 80
485 2 184 140 26 61
485 3 175 122 32 62
485 4 134 220 34 69
486 1 336 276 34 79
486 2 184 140 26 61
486 3 175 117 30 69
486 4 135 220 35 69
487 1 335 276 34 79
487 2 185 140 24 60
487 3 175 116 33 69
487 4 135 221 35 68
488 1 335 275 35 79
488 2 185 139 25 60
488 3 175 116 31 68
488 4 134 223 35 67
489 1 335 274 35 79
489 2 186 139 23 60
489 3 176 116 30 68
489 4 135 222 34 69
490 1 335 274 34 79
490 2 185 139 25 60
490 3 176 115 32 69
490 4 132 227 35 69
491 1 333 273 36 79
491 2 186 139 30 60
491 3 176 114 32 69
491 4 134 227 33 65
492 1 334 272 34 80
492 2 185 137 26 63
492 3 176 114 32 69
492 4 134 225 33 67
493 1 334 271 36 80
493 2 188 134 26 64
493 3 181 111 29 65
493 4 136 223 34 67
494 1 333 269 34 79
494 2 187 134 32 64
494 3 180 110 30 67
494 4 134 225 35 66
495 1 333 271 34 79
495 2 187 134 26 63
495 3 182 110 31 61
495 4 136 224 32 78
496 1 333 267 35 83
496 2 188 133 25 63
496 3 187 109 22 61
496 4 135 227 33 73
497 1 329 268 38 79
497 2 188 133 26 63
497 3 184 109 23 65
497 4 135 228 36 68
498 1 332 265 35 80
498 2 187 131 26 65
498 3 182 109 28 61
498 4 134 226 35 78
499 1 329 264 37 73
499 2 187 130 25 68
499 3 185 107 27 61
499 4 134 228 36 78
500 1 330 262 36 77
500 2 187 130 25 66
500 3 186 105 26 63
500 4 136 228 35 70
501 1 330 261 36 79
501 2 186 128 25 70
501 3 184 105 29 63
501 4 137 230 33 73
502 1 329 259 36 80
502 2 188 130 25 67
502 3 185 105 27 64
502 4 135 232 38 75
503 1 330 259 34 80
503 2 187 128 28 69
503 3 186 109 28 59
503 4 136 233 35 75
504 1 330 257 34 79
504 2 187 129 25 67
504 3 185 107 30 70
504 4 136 233 33 74
505 1 327 258 36 76
505 2 185 127 27 69
505 3 186 108 29 59
505 4 136 232 34 75
506 1 324 257 39 76
506 2 189 129 22 66
506 3 189 107 27 61
506 4 136 232 38 74
507 1 324 256 39 76
507 2 189 128 23 66
507 3 191 110 26 59
507 4 136 232 38 74
508 1 323 256 40 76
508 2 190 127 19 62
508 3 192 109 26 60
508 4 135 234 37 73
509 1 326 256 36 75
509 2 189 127 21 62
509 3 194 107 26 62
509 4 137 233 33 75
510 1 326 256 39 75
510 2 189 127 23 62
510 3 195 109 25 62
510 4 136 237 34 73
511 1 322 253 40 76
511 2 187 125 21 65
511 3 195 109 25 61
511 4 135 237 34 77
512 1 324 253 42 84
512 2 188 123 23 66
512 3 197 103 25 66
512 4 136 237 34 76
513 1 322 251 42 84
513 2 189 126 22 64
513 3 197 104 25 65
513 4 136 236 36 79
514 1 328 250 35 83
514 2 189 123 23 66
514 3 193 104 31 65
514 4 136 236 34 83
515 1 327 248 36 84
515 2 187 124 23 64
515 3 197 105 28 64
515 4 136 237 34 80
516 1 327 248 36 83
516 2 189 124 23 64
516 3 197 107 28 63
516 4 136 239 36 80
517 1 327 246 36 83
517 2 193 124 21 65
517 3 201 106 25 64
517 4 136 240 35 79
518 1 327 245 35 83
518 2 190 124 21 66
518 3 199 106 27 64
518 4 133 240 37 84
519 1 326 243 36 79
519 2 192 123 24 62
519 3 201 104 25 66
519 4 135 244 35 79
520 1 326 243 37 83
520 2 193 122 23 64
520 3 200 104 27 65
520 4 135 245 34 78
521 1 326 240 37 84
521 2 193 123 23 63
521 3 195 101 33 69
521 4 135 246 34 77
522 1 324 240 38 81
522 2 194 122 22 66
522 3 201 105 28 64
522 4 134 247 35 76
523 1 327 243 35 79
523 2 194 122 23 66
523 3 203 104 26 65
523 4 134 244 36 79
524 1 324 241 37 80
524 2 194 122 23 68
524 3 203 105 26 63
524 4 135 250 36 73
525 1 324 240 37 80
525 2 195 122 21 62
525 3 204 105 26 62
525 4 134 249 34 74
526 1 323 241 35 76
526 2 195 120 22 63
526 3 204 104 26 64
526 4 135 248 34 76
527 1 324 240 34 76
527 2 196 120 21 62
527 3 206 102 24 65
527 4 134 247 35 77
528 1 321 240 37 76
528 2 196 116 22 68
528 3 205 102 25 64
528 4 134 253 34 71
529 1 320 240 37 76
529 2 197 117 27 63
529 3 208 100 22 66
529 4 135 253 35 72
530 1 319 239 38 76
530 2 197 116 27 67
530 3 209 99 20 64
530 4 135 253 33 73
531 1 319 238 37 76
531 2 196 115 28 68
531 3 211 98 24 64
531 4 136 255 33 71
532 1 317 237 38 76
532 2 196 115 29 66
532 3 215 95 25 65
532 4 135 255 35 77
533 1 317 235 38 76
533 2 195 112 29 68
533 3 215 104 25 58
533 4 135 254 34 79
534 1 321 234 33 76
534 2 196 114 26 68
534 4 135 259 35 71
534 3 216 104 27 51
535 1 316 233 38 76
535 2 197 114 27 68
535 4 135 259 36 75
535 3 216 101 22 50
536 1 315 233 38 76
536 2 197 113 27 65
536 4 136 256 33 84
537 1 315 231 37 76
537 2 197 113 27 70
537 4 136 261 39 80
538 1 314 230 37 76
538 2 197 114 27 66
538 4 135 262 39 80
539 1 314 230 36 72
539 2 197 113 27 69
539 4 135 260 39 80
540 1 314 230 36 72
540 2 198 114 26 68
540 4 136 263 39 80
541 1 313 228 36 72
541 2 198 114 26 68
541 4 137 258 39 80
542 1 313 228 34 70
542 2 199 112 26 68
542 4 137 259 39 80
543 1 313 228 34 69
543 2 199 112 26 69
543 4 137 259 39 80
544 1 312 227 37 75
544 2 199 112 26 69
544 4 137 260 39 80
545 1 310 224 37 75
545 2 204 111 21 68
545 4 137 261 39 80
546 1 310 224 37 74
546 2 202 111 24 68
546 4 137 261 39 80
547 1 309 223 37 74
547 2 204 111 22 68
547 4 137 262 39 81
548 1 310 222 37 77
548 2 204 108 25 65
548 4 137 264 39 80
549 1 309 220 37 78
549 2 203 111 25 65
549 4 137 265 39 80
550 1 309 219 36 78
550 2 204 112 24 61
550 4 138 268 37 76
551 1 308 218 37 77
551 2 204 113 24 61
551 4 138 269 37 76
552 1 308 217 37 77
552 2 205 112 24 62
552 4 137 270 38 76
553 1 307 215 37 78
553 2 204 111 25 65
553 4 137 271 37 76
554 1 307 214 37 78
554 2 204 111 25 64
554 4 137 272 38 76
555 1 306 213 37 78
555 2 204 110 25 65
555 4 136 280 38 76
556 1 306 213 36 77
556 2 205 113 24 61
556 4 137 278 38 86
556 3 239 103 23 51
557 1 306 213 35 74
557 2 205 113 24 62
557 4 135 281 37 81
557 3 240 104 23 52
558 1 307 215 33 70
558 2 208 110 23 59
558 4 135 282 35 80
558 3 241 105 23 51
559 1 307 214 33 71
559 2 210 112 23 58
559 4 135 281 35 81
559 3 241 105 24 51
560 1 305 214 33 70
560 2 210 112 23 58
560 4 135 283 37 79
560 3 241 104 25 54
561 1 304 213 34 71
561 2 210 110 23 59
561 4 135 283 35 79
561 3 241 104 24 54
562 1 304 213 33 71
562 4 135 285 35 78
562 3 240 102 26 57
563 1 304 213 33 70
563 3 243 102 27 59
563 4 136 284 35 79
564 1 303 212 33 70
564 3 243 102 26 59
564 4 135 286 35 78
565 1 303 213 32 67
565 3 243 101 28 62
565 4 136 287 36 78
566 1 303 212 32 67
566 3 244 99 29 65
566 4 136 285 35 80
567 1 302 211 32 67
567 3 244 100 29 61
567 4 135 286 41 77
568 1 301 210 32 67
568 3 244 100 29 60
568 4 135 288 40 78
569 1 300 210 32 67
569 3 245 100 29 60
569 4 136 288 38 83
570 1 300 210 30 64
570 3 245 102 30 58
570 4 137 289 40 83
571 1 299 207 32 67
571 3 246 103 30 57
571 4 137 292 38 81
572 1 298 206 32 67
572 3 247 103 30 57
572 4 137 291 41 83
573 1 297 206 32 67
573 3 248 99 29 60
573 4 138 288 35 87
574 1 297 205 32 67
574 3 254 102 25 58
574 4 138 294 37 81
575 1 296 205 32 67
575 3 257 98 22 62
575 4 139 294 39 88
576 1 296 204 32 67
576 3 257 103 24 57
576 4 141 291 38 88
577 1 296 204 32 67
577 3 254 103 28 60
577 4 142 293 38 82
578 1 295 201 34 70
578 3 253 99 30 68
578 4 142 295 39 80
579 1 295 201 33 70
579 3 253 100 31 68
579 4 143 296 38 80
580 1 295 201 33 70
580 3 255 99 31 68
580 4 143 295 39 82
581 1 294 200 34 71
581 3 257 103 29 60
581 4 144 295 38 82
582 1 294 199 33 71
582 3 258 104 29 60
582 4 144 298 39 80
583 1 294 199 33 71
583 3 258 105 33 62
583 4 144 300 38 79
584 1 294 198 33 70
584 3 259 106 33 58
584 4 145 300 38 80
585 1 294 198 33 70
585 3 256 107 33 64
585 4 144 299 41 84
586 1 295 198 32 67
586 3 258 107 32 63
586 4 145 302 41 81
587 1 295 197 32 67
587 3 258 110 33 61
587 4 145 301 41 83
588 1 294 197 32 67
588 3 259 106 33 64
588 4 146 303 41 81
589 1 294 196 32 67
589 3 261 106 32 65
589 4 146 304 41 88
590 1 294 195 32 67
590 3 261 107 33 64
590 4 147 305 41 80
591 1 294 194 32 67
591 3 262 107 33 64
591 4 147 306 41 88
591 2 236 110 23 60
592 1 293 193 34 71
592 3 263 108 32 63
592 4 146 309 41 87
592 2 238 109 22 60
593 1 292 192 34 71
593 3 263 110 32 62
593 4 148 308 42 90
593 2 238 110 23 60
594 1 293 192 33 71
594 3 264 110 32 60
594 4 150 312 43 88
594 2 238 110 23 60
595 1 292 191 34 70
595 3 268 109 29 62
595 4 148 310 43 91
595 2 238 109 23 60
596 1 291 191 34 70
596 3 265 109 33 62
596 4 150 312 38 87
596 2 238 110 22 60
597 1 291 190 33 70
597 3 272 111 24 58
597 4 149 312 43 89
597 2 238 114 22 60
598 1 291 190 33 70
598 2 242 113 24 61
598 3 268 105 31 68
598 4 150 315 42 85
599 1 290 190 34 70
599 2 244 113 23 61
599 3 268 108 33 66
599 4 151 314 36 86
600 1 290 189 33 70
600 2 244 113 23 62
600 3 270 105 31 68
600 4 151 314 39 85
601 1 289 190 34 70
601 2 245 113 23 61
601 3 270 104 37 72
601 4 151 315 40 86
602 1 288 189 34 70
602 2 244 112 25 64
602 3 268 112 35 65
602 4 152 316 40 87
603 1 288 188 33 70
603 2 245 113 23 61
603 3 275 112 29 62
603 4 153 318 39 84
604 1 288 189 32 67
604 2 244 113 24 61
604 3 274 114 31 59
604 4 154 319 38 82
605 1 287 187 32 67
605 2 244 111 24 65
605 3 276 114 31 60
605 4 155 321 38 80
606 1 286 185 34 70
606 2 244 112 24 65
606 3 274 112 32 63
606 4 156 319 40 83
607 1 286 185 33 70
607 2 244 114 24 62
607 3 278 113 26 63
607 4 157 321 37 82
608 1 286 185 31 67
608 2 244 113 25 64
608 3 276 114 31 59
608 4 158 320 40 82
609 1 286 185 31 67
609 2 246 113 24 62
609 3 278 113 29 58
609 4 158 322 42 83
610 1 284 185 32 67
610 2 246 113 24 65
610 3 278 115 29 60
610 4 159 323 43 85
611 1 286 185 30 64
611 2 247 114 25 64
611 3 279 112 28 61
611 4 160 323 44 85
612 1 285 184 30 64
612 2 246 112 26 61
612 3 281 114 29 59
612 4 159 325 45 84
613 1 284 184 30 63
613 2 246 113 26 68
613 3 281 115 30 56
613 4 162 321 45 90
614 1 284 184 30 63
614 2 247 113 26 67
614 3 278 112 33 64
614 4 162 325 45 88
615 1 284 183 30 64
615 2 247 112 26 61
615 3 278 111 33 62
615 4 163 326 40 84
616 1 283 183 31 64
616 2 247 112 27 64
616 3 282 112 31 63
616 4 164 323 38 86
617 1 283 182 30 64
617 2 246 112 28 74
617 3 279 112 34 64
617 4 165 326 39 83
618 1 283 182 31 64
618 2 249 109 27 68
618 3 282 111 32 62
618 4 165 327 40 82
619 1 282 180 32 67
619 2 248 118 29 59
619 3 279 111 36 67
619 4 167 324 40 89
620 1 282 180 32 67
620 2 248 118 29 59
620 3 279 111 36 67
620 4 167 325 45 89
621 1 282 179 32 67
621 2 249 118 30 59
621 3 286 116 31 62
621 4 169 328 44 87
622 1 282 179 32 67
622 2 250 119 29 58
622 3 280 111 36 68
622 4 168 327 45 86
623 1 281 179 32 67
623 2 250 118 29 59
623 3 281 112 35 67
623 4 169 328 45 87
624 1 284 178 29 63
624 2 252 120 28 56
624 3 282 112 35 67
624 4 169 328 45 85
625 1 286 178 27 65
625 2 251 115 29 59
625 3 282 112 35 67
625 4 170 328 45 84
626 1 283 177 30 66
626 2 251 119 30 58
626 3 282 112 35 68
626 4 170 328 45 91
627 1 284 177 28 63
627 2 251 113 30 59
627 3 288 118 30 64
627 4 174 328 45 102
628 1 284 177 29 65
628 2 253 121 28 56
628 3 291 121 29 60
628 4 173 332 42 92
629 1 285 177 27 63
629 2 253 120 29 59
629 3 288 121 32 61
629 4 174 332 38 93
630 1 284 175 29 65
630 2 257 119 26 59
630 3 289 123 30 56
630 4 174 324 45 102
631 1 283 175 30 63
631 2 260 118 22 67
631 3 291 121 27 56
631 4 177 333 40 90
632 1 282 174 31 65
632 2 259 119 23 61
632 3 288 123 33 57
632 4 180 333 43 97
633 1 283 173 30 67
633 2 260 119 26 61
633 3 293 123 27 53
633 4 180 330 43 97
634 1 283 172 30 65
634 2 258 121 28 62
634 3 290 124 32 54
634 4 181 330 43 97
635 1 282 172 31 65
635 2 260 121 26 60
635 3 290 126 32 52
635 4 182 330 43 97
636 1 282 172 31 68
636 2 260 121 27 61
636 3 291 120 29 61
636 4 183 330 43 97
637 1 281 173 30 66
637 2 261 121 26 62
637 3 292 124 29 60
637 4 184 331 43 97
638 1 281 173 30 67
638 2 261 120 27 63
638 3 294 125 28 56
638 4 185 331 43 97
639 1 281 172 28 66
639 2 264 121 25 63
639 3 292 125 29 59
639 4 186 340 42 97
640 1 282 171 25 70
640 2 262 121 27 62
640 3 293 125 31 62
640 4 188 339 43 97
641 1 282 171 28 68
641 2 263 122 27 59
641 3 294 123 29 63
641 4 189 336 43 97
642 1 281 171 27 67
642 2 263 122 25 60
642 3 292 121 29 65
642 4 190 335 43 97
643 1 280 170 29 70
643 2 264 122 27 64
643 3 297 125 28 66
643 4 190 336 43 97
644 1 280 170 29 64
644 2 264 120 29 65
644 3 295 121 31 66
644 4 191 336 43 97
645 1 281 169 28 66
645 2 264 121 29 62
645 3 294 130 31 60
645 4 193 337 42 97
646 1 282 168 26 66
646 2 266 120 27 64
646 3 296 127 31 59
646 4 194 338 42 97
647 1 281 168 26 65
647 2 266 126 25 59
647 3 295 129 31 58
647 4 195 338 43 97
648 1 277 167 31 61
648 2 266 125 27 62
648 3 300 131 27 60
648 4 197 339 43 97
649 1 279 167 27 65
649 2 265 124 28 62
649 3 296 130 32 55
649 4 198 340 43 97
650 1 281 169 28 59
650 2 266 125 28 62
650 3 296 130 35 60
650 4 203 348 40 79
651 1 279 169 29 63
651 2 268 125 26 60
651 3 298 129 32 62
651 4 204 348 43 80
652 1 280 168 28 60
652 2 267 126 27 62
652 3 300 127 32 64
652 4 201 346 43 81
653 1 280 166 29 60
653 2 267 125 28 62
653 3 303 132 28 57
653 4 202 347 43 80
654 1 280 165 26 64
654 2 268 126 28 62
654 3 304 128 31 62
654 4 204 346 43 81
655 1 281 165 28 63
655 2 269 125 27 62
655 3 302 132 33 61
655 4 206 349 41 77
656 1 280 165 29 67
656 2 270 125 27 62
656 3 304 131 32 64
656 4 207 350 41 76
657 1 282 166 25 65
657 2 271 125 27 62
657 3 302 133 34 64
657 4 209 349 41 76
658 1 284 168 24 59
658 2 272 124 27 63
658 3 302 132 34 65
658 4 210 348 41 77
659 1 282 165 27 64
659 2 273 125 27 62
659 3 305 134 30 63
659 4 212 348 41 77
660 1 286 168 23 57
660 2 273 125 27 62
660 3 303 132 33 65
660 4 214 350 40 73
661 1 282 166 26 62
661 2 274 125 27 62
661 3 306 133 30 63
661 4 212 351 43 75
662 1 282 168 31 63
662 2 274 125 28 62
662 3 305 134 33 64
662 4 214 351 43 80
663 1 285 165 24 63
663 2 274 124 28 62
663 3 303 132 35 65
663 4 218 351 40 78
664 1 284 163 25 66
664 2 275 125 27 62
664 3 303 133 35 65
664 4 221 351 39 79
665 1 284 162 28 65
665 2 275 126 28 62
665 3 306 136 32 60
665 4 221 350 40 82
666 1 286 165 25 61
666 2 275 125 28 62
666 3 307 136 34 61
666 4 224 349 39 83
667 1 280 164 34 70
667 2 277 128 26 58
667 3 308 133 33 65
667 4 225 349 40 88
668 1 286 163 28 63
668 2 277 128 26 58
668 3 311 134 27 65
668 4 226 349 40 90
669 1 281 164 31 65
669 2 277 127 26 59
669 3 308 136 32 65
669 4 227 349 40 91
670 1 286 164 27 63
670 2 281 126 27 59
670 3 309 133 28 65
670 4 229 349 39 91
671 1 283 164 28 60
671 2 281 127 27 59
671 3 308 134 33 65
671 4 230 350 39 91
672 1 282 165 29 60
672 2 278 128 26 58
672 3 308 135 30 65
672 4 230 351 40 91
673 1 283 164 28 60
673 2 281 126 28 59
673 3 307 137 30 62
673 4 232 353 44 89
674 1 283 164 28 61
674 2 279 127 26 59
674 3 308 138 32 62
674 4 233 353 47 89
675 1 283 164 28 61
675 2 280 126 26 59
675 3 307 135 35 65
675 4 235 353 44 90
676 1 283 163 28 61
676 2 280 125 27 59
676 3 308 135 34 65
676 4 236 354 44 87
677 1 282 163 29 60
677 2 281 125 27 59
677 3 310 141 34 65
677 4 238 355 42 89
678 1 281 162 30 63
678 2 282 131 27 53
678 3 309 137 34 65
678 4 240 355 43 85
679 1 282 161 30 64
679 2 284 131 26 59
679 3 310 140 33 61
679 4 241 355 42 87
680 1 281 161 30 64
680 2 286 132 27 59
680 3 314 146 30 62
680 4 242 355 45 90
681 1 281 161 30 64
681 2 290 130 28 62
681 3 311 141 33 62
681 4 243 356 45 90
682 1 281 161 25 64
682 2 291 130 25 62
682 3 312 146 33 65
682 4 245 356 40 86
683 1 281 161 29 64
683 2 289 134 26 62
683 3 318 146 27 65
683 4 247 357 39 85
684 1 281 161 30 63
684 2 293 135 22 62
684 3 316 145 27 67
684 4 247 357 40 85
685 1 283 158 25 66
685 2 289 135 29 65
685 3 318 144 30 63
685 4 247 360 39 78
686 1 280 158 27 63
686 2 290 134 29 66
686 3 317 146 30 60
686 4 250 357 39 87
687 1 279 158 28 62
687 2 294 135 26 66
687 3 318 145 30 63
687 4 251 357 40 85
688 1 278 158 30 62
688 2 295 135 29 66
688 3 318 147 30 65
688 4 253 357 39 85
689 1 279 156 26 62
689 2 295 138 28 62
689 3 315 144 36 69
689 4 255 359 39 79
690 1 278 156 29 63
690 2 296 138 28 62
690 3 315 145 36 69
690 4 257 360 39 78
691 1 278 154 33 70
691 2 297 138 27 62
691 3 315 146 36 69
691 4 257 359 46 79
692 1 278 150 33 70
692 2 296 136 30 65
692 3 315 145 36 69
692 4 259 358 50 84
693 1 278 153 27 71
693 2 296 137 30 66
693 3 316 148 35 66
693 4 261 358 50 82
694 1 277 153 33 70
694 2 297 136 29 65
694 3 316 149 34 66
694 4 262 359 50 81
695 1 278 152 29 68
695 2 297 135 30 69
695 3 317 152 33 63
695 4 265 357 47 82
696 1 278 152 31 67
696 2 297 135 31 69
696 3 317 153 33 63
696 4 263 360 52 80
697 1 279 151 29 64
697 2 297 135 30 69
697 3 317 154 33 63
697 4 262 359 52 83
698 1 278 150 26 68
698 2 298 136 30 69
698 3 317 155 33 63
698 4 262 360 54 81
699 1 279 150 25 69
699 2 297 134 32 72
699 3 317 155 33 63
699 4 265 360 50 83
700 1 279 150 27 67
700 2 297 130 33 76
700 3 317 156 33 63
700 4 266 356 52 83
701 1 279 150 25 63
701 2 297 132 33 75
701 3 317 156 33 63
701 4 269 356 47 84
702 1 279 150 25 66
702 2 298 134 32 72
702 3 317 157 33 63
702 4 271 353 46 88
703 1 280 150 26 62
703 2 298 134 32 72
703 3 317 157 33 63
703 4 277 354 41 87
704 1 280 149 27 63
704 2 299 134 31 72
704 3 317 157 33 63
704 4 277 355 41 85
705 1 281 150 25 60
705 2 299 135 31 72
705 3 317 157 33 63
705 4 278 355 41 85
706 1 282 148 22 62
706 2 299 134 32 72
706 3 317 157 33 63
706 4 285 354 38 88
707 1 282 147 27 65
707 2 300 138 32 68
707 3 317 156 34 66
707 4 286 358 37 87
708 1 282 147 27 65
708 2 301 138 30 68
708 3 318 156 35 67
708 4 287 358 37 85
709 1 283 146 26 62
709 2 301 138 30 69
709 3 317 157 35 66
709 4 288 359 38 84
710 1 284 146 26 63
710 2 301 137 32 71
710 3 317 155 36 70
710 4 290 356 37 87
711 1 284 146 27 66
711 2 301 137 32 72
711 3 317 155 37 70
711 4 290 354 46 93
712 1 285 146 26 65
712 2 302 140 31 69
712 3 317 156 37 70
712 4 291 355 48 91
713 1 286 146 27 61
713 2 302 140 31 69
713 3 318 158 35 66
713 4 296 352 47 93
714 1 286 145 25 66
714 2 303 141 31 69
714 3 320 158 34 67
714 4 296 353 47 89
715 1 287 145 26 63
715 2 303 141 31 69
715 3 321 160 33 63
715 4 295 354 50 89
716 1 287 143 26 64
716 2 304 140 30 69
716 3 320 160 35 66
716 4 299 360 48 85
717 1 287 143 26 67
717 2 306 142 29 65
717 3 321 160 34 66
717 4 300 359 48 86
718 1 288 144 26 64
718 2 307 144 27 62
718 3 321 161 34 66
718 4 297 358 53 85
719 1 289 143 27 65
719 2 307 143 28 62
719 3 321 162 34 66
719 4 300 359 48 82
720 1 289 142 26 64
720 2 307 143 28 62
720 3 321 163 35 67
720 4 297 358 53 86
721 1 290 143 25 62
721 2 308 146 27 59
721 3 321 163 35 67
721 4 301 356 48 88
722 1 291 144 24 60
722 2 308 146 27 59
722 3 322 164 34 66
722 4 303 359 48 86
723 1 292 143 26 58
723 2 309 146 27 59
723 3 321 162 36 70
723 4 305 355 48 89
724 1 292 142 28 63
724 2 309 146 27 59
724 3 321 162 36 76
724 4 313 361 35 81
725 1 294 142 32 68
725 2 310 147 27 59
725 3 321 162 36 76
725 4 316 359 35 83
726 1 295 142 25 63
726 2 311 147 26 59
726 3 321 162 36 76
726 4 316 359 37 82
727 1 295 142 26 60
727 2 311 147 27 59
727 3 320 163 36 76
727 4 316 359 38 82
728 1 296 141 27 57
728 2 312 147 26 59
728 3 321 164 36 76
728 4 317 358 38 82
729 1 296 140 32 58
729 2 313 147 27 59
729 3 321 163 36 76
729 4 320 359 35 83
730 1 297 140 33 64
730 2 315 146 27 59
730 3 321 164 36 76
730 4 322 359 35 82
731 1 299 141 31 57
731 2 316 146 27 59
731 3 321 165 36 76
731 4 323 359 35 82
732 1 299 140 32 59
732 2 317 145 28 62
732 3 321 166 36 77
732 4 324 357 37 86
733 1 301 134 33 67
733 2 320 145 28 62
733 3 321 170 35 72
733 4 328 355 42 87
734 1 300 140 32 55
734 2 322 146 27 62
734 3 322 171 34 72
734 4 325 356 49 86
735 1 300 140 32 58
735 2 321 145 29 66
735 3 320 170 36 76
735 4 329 357 45 80
736 1 300 140 33 56
736 2 322 146 29 65
736 3 319 169 38 79
736 4 329 357 45 80
737 1 301 141 32 54
737 2 322 147 29 65
737 3 320 170 38 77
737 4 330 356 49 88
738 1 301 139 34 57
738 2 324 148 29 66
738 3 320 170 37 80
738 4 331 352 48 87
739 1 302 140 34 58
739 2 325 150 28 63
739 3 319 170 38 80
739 4 328 355 49 87
740 1 303 140 34 56
740 2 325 151 28 63
740 3 320 171 37 80
740 4 330 355 49 84
741 1 303 140 34 57
741 2 326 152 28 62
741 3 319 171 38 80
741 4 336 359 39 78
742 1 305 138 33 57
742 2 325 152 30 66
742 3 319 171 38 80
742 4 337 357 40 81
743 1 309 140 29 56
743 2 325 153 30 66
743 3 324 171 33 72
743 4 338 355 41 81
744 1 309 140 33 57
744 2 325 151 31 69
744 3 321 173 37 74
744 4 339 355 41 82
745 1 310 140 33 57
745 2 325 151 31 69
745 3 321 175 36 76
745 4 341 354 41 82
746 1 311 140 33 57
746 2 326 153 30 68
746 3 325 175 32 71
746 4 343 355 40 81
747 1 314 140 32 54
747 2 327 153 30 69
747 3 324 176 34 68
747 4 345 354 40 82
748 1 315 139 31 60
748 2 327 153 30 69
748 3 322 176 36 76
748 4 346 354 41 81
749 1 313 139 34 60
749 2 327 155 30 69
749 3 323 177 36 76
749 4 348 355 41 81
750 1 313 140 35 54
750 2 328 155 30 69
750 3 322 177 36 76
750 4 349 356 41 81
751 1 314 140 34 59
751 2 328 156 30 69
751 3 323 179 37 76
751 4 350 356 40 81
752 1 315 141 34 59
752 2 328 155 32 72
752 3 324 180 36 76
752 4 354 353 40 88
753 1 315 139 36 62
753 2 328 156 32 72
753 3 323 181 37 76
753 4 356 352 41 81
754 1 316 140 31 54
754 2 329 157 32 73
754 3 324 182 36 76
754 4 359 353 42 84
755 1 317 140 31 58
755 2 328 156 34 76
755 3 325 183 36 76
755 4 358 352 46 85
756 1 318 139 36 63
756 2 328 155 35 80
756 3 325 183 36 76
756 4 354 354 45 89
757 1 319 139 36 63
757 2 329 157 35 80
757 3 326 184 36 76
757 4 354 352 47 95
758 1 320 139 36 63
758 2 328 154 37 84
758 3 327 185 36 76
758 4 357 352 46 95
759 1 321 140 36 63
759 2 329 156 37 84
759 3 328 185 36 76
759 4 358 352 46 95
760 1 322 141 36 63
760 2 333 156 34 77
760 3 328 185 36 76
760 4 360 352 47 94
761 1 323 141 37 63
761 2 331 159 34 77
761 3 329 185 36 76
761 4 362 352 47 94
762 1 324 141 37 64
762 2 331 157 36 81
762 3 330 186 36 76
762 4 365 351 46 94
763 1 326 143 35 60
763 2 332 158 35 81
763 3 330 186 36 76
763 4 366 351 46 94
764 1 327 143 34 60
764 2 332 157 36 81
764 3 330 186 36 77
764 4 369 352 45 89
765 1 329 145 33 56
765 2 334 158 35 81
765 3 331 186 37 77
765 4 371 352 44 89
766 1 329 143 33 57
766 2 335 158 35 81
766 3 332 187 36 77
766 4 372 351 45 89
767 1 330 144 33 57
767 2 335 158 35 81
767 3 333 189 34 72
767 4 374 350 44 90
768 1 331 143 33 57
768 2 336 158 35 81
768 3 333 190 35 72
768 4 376 352 42 85
769 1 331 142 33 57
769 2 337 160 35 81
769 3 334 191 35 73
769 4 378 351 41 85
770 1 332 142 35 60
770 2 338 162 35 81
770 3 335 192 34 73
770 4 379 351 41 85
771 1 332 142 36 63
771 2 338 161 36 81
771 3 336 193 34 73
771 4 381 352 40 81
772 1 336 143 32 50
772 2 343 161 32 69
772 3 336 194 34 73
772 4 386 354 40 75
773 1 337 147 32 51
773 2 342 163 32 69
773 3 337 197 35 72
773 4 385 353 40 75
774 1 337 149 33 50
774 2 342 163 32 70
774 3 337 197 35 73
774 4 386 352 40 75
775 1 339 149 32 51
775 2 343 164 32 69
775 3 338 198 35 72
775 4 387 354 40 75
776 1 339 149 33 51
776 2 343 163 33 73
776 3 340 200 34 72
776 4 389 354 40 75
777 1 340 146 33 50
777 2 344 165 32 70
777 3 340 200 35 73
777 4 391 354 41 75
778 1 341 151 33 50
778 2 346 166 32 70
778 3 341 201 34 73
778 4 393 354 40 74
779 1 343 147 33 50
779 2 347 167 31 70
779 3 342 201 34 73
779 4 395 353 40 75
780 1 342 151 33 51
780 2 349 169 30 66
780 3 342 202 35 72
780 4 396 354 40 75
781 1 349 142 27 60
781 2 349 167 32 70
781 3 343 203 35 72
781 4 396 352 42 79
782 1 350 148 27 59
782 2 349 167 32 70
782 3 344 202 35 72
782 4 398 352 42 79
783 1 350 148 28 59
783 2 350 168 32 70
783 3 346 202 35 72
783 4 398 349 44 83
784 1 351 144 28 63
784 2 351 169 32 69
784 3 346 204 35 72
784 4 398 347 46 87
785 1 352 148 28 63
785 2 352 169 32 69
785 3 348 204 34 72
785 4 399 344 47 87
786 1 353 148 28 63
786 2 353 170 32 70
786 3 348 203 36 76
786 4 402 343 46 87
787 1 354 148 28 64
787 2 352 169 34 72
787 3 349 205 36 76
787 4 403 343 46 87
788 1 355 149 28 64
788 2 354 170 33 73
788 3 350 207 36 76
788 4 405 342 46 87
789 1 355 149 28 64
789 2 355 171 34 73
789 3 351 208 36 77
789 4 408 345 44 83
790 1 356 151 28 63
790 2 356 170 34 73
790 3 351 207 38 80
790 4 410 348 42 78
791 1 357 151 28 60
791 2 356 170 34 73
791 3 353 208 38 80
791 4 411 350 42 78
792 1 358 153 28 60
792 2 357 171 33 73
792 3 355 212 36 76
792 4 413 350 42 79
793 1 359 149 30 61
793 2 358 171 34 73
793 3 357 213 36 76
793 4 414 350 42 79
794 1 360 152 30 61
794 2 359 172 34 73
794 3 359 213 36 76
794 4 415 351 42 78
795 1 360 152 30 61
795 2 361 172 33 73
795 3 360 213 35 76
795 4 418 351 41 78
796 1 360 152 31 65
796 2 362 173 33 73
796 3 360 212 38 80
796 4 419 351 42 78
797 1 361 152 31 64
797 2 363 171 35 77
797 3 361 211 38 80
797 4 420 351 42 78
798 1 362 152 31 64
798 2 364 171 35 77
798 3 363 214 36 76
798 4 422 350 42 79
799 1 363 152 30 64
799 2 365 172 35 77
799 3 365 216 34 72
799 4 423 348 42 79
800 1 364 153 30 64
800 2 366 173 35 77
800 3 367 215 34 72
800 4 425 349 42 79
801 1 365 154 31 64
801 2 368 173 35 77
801 3 368 215 34 72
801 4 428 349 41 79
802 1 365 153 31 65
802 2 368 171 36 80
802 3 369 215 36 76
802 4 430 348 42 78
803 1 365 155 31 64
803 2 368 171 37 80
803 3 370 216 36 75
803 4 432 348 42 79
804 1 366 156 31 64
804 2 370 171 36 80
804 3 371 221 37 73
804 4 433 349 42 78
805 1 360 155 32 62
805 2 370 171 36 81
805 3 373 220 36 76
805 4 436 349 41 78
806 1 360 157 32 62
806 2 371 171 36 80
806 3 374 224 37 76
806 4 437 349 42 79
807 1 361 159 32 61
807 2 371 169 28 79
807 3 374 226 37 77
807 4 440 352 40 74
808 1 362 160 31 61
808 2 370 169 34 78
808 3 375 227 39 77
808 4 442 351 40 75
809 1 362 160 31 61
809 2 369 168 34 78
809 3 376 228 34 75
809 4 443 353 40 74
810 1 362 161 31 61
810 2 376 178 33 79
810 3 377 228 35 82
810 4 444 353 40 74
811 1 361 161 32 62
811 2 380 179 34 79
811 3 379 231 34 73
811 4 446 353 39 74
812 1 362 161 31 61
812 2 382 179 33 79
812 3 379 225 37 78
812 4 447 353 40 75
813 1 362 162 31 61
813 2 377 182 25 67
813 3 377 237 44 65
813 4 449 354 39 74
814 1 361 162 32 62
814 2 376 179 32 75
814 3 386 226 35 78
814 4 450 353 40 75
815 1 362 163 31 61
815 2 380 181 32 75
815 3 389 239 37 66
815 4 450 353 40 75
816 1 362 163 31 61
816 2 381 181 33 78
816 3 390 238 38 68
816 4 451 353 40 74
817 1 361 161 33 65
817 2 382 181 33 78
817 3 392 239 40 65
817 4 451 351 42 78
818 1 361 161 35 68
818 2 384 181 33 79
818 3 397 239 34 68
818 4 453 351 42 78
819 1 362 162 35 68
819 2 380 183 34 79
819 3 397 239 41 67
819 4 455 351 42 79
820 1 360 161 36 68
820 2 384 183 33 79
820 3 396 240 51 91
820 4 457 351 42 78
821 1 361 162 29 63
821 2 385 183 33 78
821 3 395 241 48 70
821 4 459 350 41 79
822 1 361 162 35 68
822 2 385 185 34 79
822 3 399 238 48 73
822 4 461 350 41 79
823 1 360 161 37 71
823 2 388 185 34 79
823 3 401 240 48 72
823 4 462 349 42 78
824 1 359 162 37 71
824 2 390 186 33 79
824 3 403 241 47 74
824 4 464 349 42 79
825 1 359 162 37 71
825 2 390 186 33 79
825 3 409 244 45 69
825 4 466 349 41 79
826 1 359 169 30 65
826 2 385 185 33 79
826 3 416 247 39 67
826 4 467 349 42 78
827 1 359 167 31 68
827 2 388 186 34 79
827 3 422 247 36 69
827 4 469 349 42 79
828 1 358 168 29 65
828 2 390 189 32 75
828 3 417 244 46 72
828 4 470 348 42 79
829 1 358 171 31 65
829 2 392 190 31 75
829 3 420 244 46 74
829 4 472 348 42 78
830 1 357 170 31 66
830 2 392 188 33 79
830 3 423 247 49 82
830 4 474 347 41 78
831 1 357 168 30 67
831 2 392 188 33 79
831 3 427 248 45 72
831 4 475 345 43 83
832 1 357 170 29 66
832 2 393 189 34 79
832 3 431 248 43 76
832 4 476 345 43 83
833 1 357 171 29 64
833 2 394 189 33 78
833 3 433 247 46 78
833 4 477 345 44 83
834 1 356 172 29 62
834 2 395 190 33 78
834 3 436 251 51 76
834 4 479 345 43 82
835 1 353 171 33 63
835 2 395 190 34 78
835 3 440 252 51 74
835 4 480 346 43 83
836 1 356 170 29 62
836 2 396 190 33 78
836 3 444 252 50 77
836 4 481 345 44 83
837 1 356 170 32 62
837 2 397 190 33 78
837 3 447 253 51 76
837 4 482 346 44 82
838 1 355 171 29 61
838 2 397 188 34 82
838 3 451 249 51 91
838 4 483 346 44 82
839 1 355 172 27 59
839 2 398 188 34 82
839 3 459 255 43 73
839 4 485 346 43 83
840 1 355 171 30 59
840 2 400 190 33 79
840 3 459 257 48 69
840 4 486 345 44 82
841 1 352 173 31 59
841 2 402 191 33 79
841 3 465 256 44 71
841 4 487 344 44 83
842 1 351 173 31 59
842 2 403 192 33 78
842 3 461 251 59 79
842 4 489 344 44 82
843 1 351 173 30 59
843 2 403 192 33 79
843 3 459 255 66 72
843 4 491 343 43 83
844 1 348 172 32 62
844 2 404 193 33 79
844 3 467 256 62 75
844 4 492 343 44 83
845 1 348 173 31 62
845 2 405 193 33 79
845 3 470 258 63 72
845 4 494 344 43 82
846 1 346 175 32 61
846 2 403 191 35 83
846 3 472 258 59 71
846 4 495 342 45 87
847 1 344 175 32 62
847 2 405 192 35 82
847 3 483 261 52 71
847 4 496 342 45 87
848 1 344 176 32 61
848 2 406 191 34 83
848 3 490 255 52 76
848 4 498 341 45 87
849 1 342 175 33 65
849 2 405 189 33 79
849 3 497 260 52 71
849 4 499 341 45 87
850 1 341 176 34 64
850 2 406 188 33 79
850 3 499 262 52 69
850 4 500 342 46 87
851 1 340 176 34 64
851 2 408 194 33 79
851 3 503 263 52 71
851 4 502 341 45 87
852 1 340 177 33 64
852 2 411 196 31 75
852 3 506 265 52 75
852 4 505 344 43 82
853 1 339 177 33 65
853 2 413 198 31 75
853 3 511 268 50 77
853 4 505 344 44 82
854 1 338 177 33 64
854 2 414 197 31 75
854 3 516 269 49 77
854 4 508 343 43 83
855 1 337 176 34 65
855 2 415 199 30 71
855 3 520 270 49 76
855 4 508 343 44 83
856 1 336 177 34 65
856 2 416 201 30 70
856 3 523 273 49 77
856 4 510 344 43 83
857 1 336 179 33 65
857 2 418 203 30 71
857 3 526 275 50 77
857 4 511 345 43 82
858 1 335 179 33 65
858 2 420 203 29 71
858 3 529 277 50 76
858 4 512 345 44 82
859 1 334 179 34 65
859 2 420 204 29 71
859 3 534 278 49 76
859 4 513 344 44 83
860 1 334 181 34 65
860 2 421 204 29 71
860 3 537 278 49 76
860 4 515 346 42 78
861 1 333 182 34 64
861 2 420 202 31 75
861 3 541 280 49 77
861 4 516 347 42 78
862 1 333 183 33 64
862 2 420 203 31 74
862 3 545 282 49 77
862 4 517 346 42 79
863 1 332 183 33 65
863 2 422 203 31 75
863 3 550 283 49 77
863 4 518 347 42 78
864 1 331 185 34 65
864 2 424 205 29 71
864 3 553 284 50 77
864 4 520 346 41 79
865 1 331 185 33 65
865 2 421 201 38 75
865 3 557 285 49 77
865 4 522 345 41 79
866 1 330 186 34 65
866 2 421 201 38 75
866 3 560 289 48 73
866 4 522 344 43 83
867 1 330 186 34 73
867 2 422 202 37 75
867 3 563 292 47 72
867 4 523 344 43 83
868 1 330 184 33 73
868 2 423 202 37 75
868 3 565 295 47 73
868 4 524 344 44 83
869 1 330 185 33 72
869 2 425 204 36 72
869 3 568 295 48 73
869 4 526 344 43 83
870 1 328 186 34 72
870 2 428 204 36 72
870 3 571 298 48 72
870 4 527 343 44 83
871 1 327 185 35 76
871 2 429 207 36 71
871 3 574 299 47 73
871 4 528 343 44 83
872 1 327 186 35 76
872 2 430 207 36 71
872 3 576 302 48 72
872 4 530 342 43 82
873 1 327 188 33 73
873 2 431 207 36 71
873 3 577 301 50 76
873 4 532 341 43 83
874 1 326 190 34 72
874 2 432 207 36 71
874 3 579 303 50 77
874 4 533 340 44 83
875 1 326 191 32 69
875 2 435 208 34 68
875 3 582 304 52 80
875 4 534 340 44 83
876 1 326 192 32 69
876 2 435 205 39 72
876 3 584 307 52 80
876 4 534 340 44 82
877 1 325 193 32 70
877 2 437 204 39 73
877 3 586 309 53 80
877 4 535 340 44 82
878 1 323 193 34 73
878 2 437 205 39 72
878 3 587 313 53 80
878 4 536 340 44 82
879 1 322 193 34 73
879 2 438 205 38 73
879 3 588 313 55 84
879 4 537 340 43 82
880 1 320 192 35 76
880 2 439 204 38 73
880 3 599 317 41 78
880 4 538 339 43 83
881 1 320 193 35 77
881 2 438 205 39 72
881 3 599 318 42 81
881 4 538 338 44 83
882 1 319 200 35 70
882 2 439 206 38 72
882 3 603 323 42 80
882 4 538 336 46 87
883 1 317 200 37 72
883 2 440 206 38 72
883 3 605 325 44 84
883 4 539 335 46 87
884 1 316 199 37 73
884 2 440 209 38 72
884 3 599 324 50 88
884 4 540 335 46 87
885 1 315 199 37 66
885 2 441 210 39 72
885 3 597 328 53 87
885 4 539 332 48 91
886 1 314 202 37 63
886 2 443 209 39 73
886 3 603 329 48 93
886 4 540 332 48 91
887 1 314 203 37 65
887 2 446 209 38 72
887 3 601 330 50 94
887 4 541 331 48 91
888 1 315 201 35 66
888 2 445 207 44 76
888 3 602 333 50 90
888 4 542 331 48 91
889 1 315 204 33 69
889 2 446 209 44 76
889 3 603 335 49 91
889 4 545 332 45 87
890 1 311 204 35 74
890 2 456 208 35 76
890 3 598 339 54 87
890 4 546 331 45 87
891 1 310 207 37 71
891 2 460 209 31 76
891 3 601 341 51 83
891 4 547 330 45 88
892 1 310 204 36 75
892 2 461 206 32 80
892 3 601 342 49 88
892 4 548 329 46 87
893 1 309 210 38 70
893 2 461 206 33 80
893 3 601 345 47 90
893 4 550 329 46 87
894 1 314 208 31 73
894 2 467 204 27 80
894 3 601 347 47 92
894 4 551 329 46 87
895 1 311 208 37 74
895 2 465 205 31 80
895 3 601 347 47 94
895 4 553 329 46 87
896 1 308 211 39 70
896 2 463 207 37 79
896 3 597 349 50 95
896 4 554 329 46 87
897 1 308 213 39 70
897 2 466 207 30 80
897 3 597 350 49 95
897 4 555 329 46 87
898 1 307 209 39 75
898 2 462 210 37 76
898 3 595 355 50 95
898 4 556 329 46 87
899 1 308 211 39 74
899 2 463 209 42 78
899 3 596 357 47 90
899 4 557 328 46 87
900 1 309 204 37 80
900 2 467 209 42 78
900 3 594 359 48 82
900 4 559 329 45 87
901 1 308 209 36 76
901 2 469 208 42 78
901 3 595 359 46 89
901 4 559 328 45 87
902 1 308 213 35 71
902 2 470 208 42 77
902 3 591 360 47 94
902 4 559 328 46 87
903 1 308 213 35 71
903 2 466 209 47 76
903 3 588 361 47 95
903 4 561 331 44 83
904 1 308 214 35 70
904 2 472 210 42 77
904 3 588 363 42 95
904 4 562 332 43 83
905 1 307 216 35 69
905 2 473 210 35 78
905 3 582 362 49 96
905 4 562 331 44 83
906 1 307 218 35 69
906 2 475 210 35 77
906 3 576 366 53 90
906 4 563 331 43 83
907 1 308 215 34 71
907 2 475 210 42 78
907 3 573 367 53 90
907 4 562 328 46 87
908 1 308 214 33 73
908 2 478 212 40 73
908 3 570 369 52 90
908 4 563 326 46 87
909 1 307 215 34 72
909 2 477 209 42 78
909 3 566 369 53 90
909 4 563 322 48 91
910 1 307 216 34 72
910 2 479 209 42 77
910 3 562 370 52 91
910 4 564 319 48 92
911 1 309 218 32 69
911 2 481 212 40 73
911 3 559 373 52 90
911 4 565 318 49 92
912 1 309 221 31 66
912 2 483 212 40 73
912 3 556 373 53 90
912 4 566 317 48 92
913 1 309 221 30 66
913 2 483 213 40 73
913 3 551 370 55 95
913 4 569 318 46 87
914 1 308 222 30 66
914 2 485 213 40 74
914 3 548 371 55 94
914 4 569 319 46 87
915 1 308 223 30 66
915 2 486 215 40 73
915 3 544 371 55 94
915 4 571 319 38 76
916 1 308 224 30 66
916 2 487 215 39 73
916 3 540 368 57 99
916 4 574 319 38 76
917 1 307 225 30 66
917 2 488 215 40 74
917 3 536 367 57 99
917 4 575 319 39 76
918 1 307 226 30 66
918 2 488 215 41 77
918 3 532 366 57 99
918 4 576 320 38 75
919 1 307 225 30 66
919 2 489 216 42 77
919 3 529 370 55 95
919 4 576 320 38 75
920 1 307 227 30 66
920 2 490 216 42 77
920 3 525 370 55 95
920 4 575 317 41 79
921 1 306 227 30 66
921 2 492 213 43 81
921 3 522 370 54 95
921 4 576 317 41 79
922 1 306 228 30 74
922 2 492 213 44 80
922 3 518 370 55 95
922 4 577 317 41 79
923 1 306 225 30 75
923 2 493 211 46 85
923 3 515 370 54 94
923 4 578 317 41 79
924 1 305 226 30 74
924 2 496 213 37 81
924 3 510 368 55 94
924 4 578 316 41 79
925 1 305 228 30 74
925 2 497 213 44 80
925 3 505 365 57 99
925 4 579 315 41 79
926 1 304 228 31 74
926 2 499 213 35 81
926 3 501 366 57 99
926 4 579 312 43 83
927 1 305 230 30 75
927 2 499 212 35 81
927 3 497 363 57 99
927 4 580 311 43 84
928 1 304 231 30 74
928 2 500 213 43 80
928 3 494 362 57 99
928 4 581 310 43 84
929 1 304 232 31 75
929 2 500 210 45 85
929 3 491 361 54 94
929 4 582 310 43 83
930 1 302 232 32 78
930 2 499 210 46 85
930 3 488 362 51 89
930 4 583 310 43 83
931 1 301 232 34 82
931 2 500 210 46 85
931 3 485 363 49 85
931 4 583 309 43 84
932 1 301 232 33 82
932 2 501 209 45 85
932 3 479 361 52 89
932 4 584 308 43 84
933 1 301 233 33 82
933 2 503 212 41 78
933 3 475 350 51 102
933 4 586 308 43 83
934 1 301 234 33 82
934 2 504 208 42 79
934 3 471 350 52 102
934 4 587 307 43 84
935 1 300 235 34 82
935 2 506 206 42 78
935 3 467 348 52 102
935 4 589 306 43 84
936 1 301 237 33 82
936 2 506 207 40 83
936 3 463 344 54 107
936 4 587 305 43 83
937 1 300 237 33 82
937 2 502 207 46 77
937 3 457 342 55 107
937 4 590 304 43 84
938 1 300 238 33 82
938 2 510 205 38 84
938 3 454 340 54 108
938 4 592 304 43 83
939 1 300 240 32 79
939 2 508 206 36 78
939 3 450 338 55 107
939 4 593 303 43 84
940 1 301 243 30 74
940 2 510 204 38 81
940 3 446 336 54 107
940 4 593 303 43 83
941 1 301 244 30 75
941 2 513 199 37 86
941 3 443 333 54 107
941 4 592 301 45 87
942 1 301 245 30 75
942 2 515 200 32 84
942 3 438 332 55 107
942 4 593 300 46 88
943 1 300 247 30 74
943 2 513 201 34 81
943 3 434 330 54 108
943 4 595 299 45 88
944 1 300 247 30 75
944 2 514 204 38 78
944 3 430 328 55 107
944 4 596 299 45 87
945 1 299 250 30 74
945 2 514 200 34 79
945 3 427 327 54 107
945 4 597 299 45 88
946 1 298 251 30 75
946 2 514 199 35 80
946 3 425 330 52 102
946 4 598 299 45 87
947 1 297 253 31 74
947 2 519 199 32 80
947 3 420 326 55 108
947 4 599 297 45 88
948 1 297 254 30 74
948 2 517 198 29 84
948 3 417 324 55 107
948 4 599 296 45 88
949 1 296 255 31 74
949 2 518 198 34 78
949 3 414 321 55 108
949 4 602 297 43 84
950 1 296 257 30 74
950 2 513 199 47 82
950 3 411 318 55 98
950 4 603 296 43 84
951 1 296 259 30 74
951 2 514 198 47 82
951 3 409 316 53 103
951 4 605 297 41 80
952 1 295 260 30 74
952 2 514 197 47 83
952 3 407 314 52 103
952 4 605 297 41 80
953 1 294 260 30 75
953 2 515 197 47 83
953 3 403 312 53 103
953 4 606 296 41 80
954 1 293 262 30 74
954 2 516 197 47 82
954 3 402 312 50 98
954 4 607 296 42 80
955 1 293 263 30 74
955 2 516 196 48 83
955 3 400 309 50 98
955 4 608 296 41 79
956 1 292 264 30 74
956 2 516 197 47 83
956 3 395 303 51 99
956 4 609 296 41 79
957 1 292 265 30 74
957 2 517 196 47 83
957 3 393 299 50 98
957 4 610 296 41 79
958 1 291 266 30 75
958 2 518 195 48 82
958 3 391 296 50 99
958 4 611 296 41 80
959 1 290 266 31 75
959 2 519 194 48 82
959 3 389 294 50 98
959 4 610 294 43 84
960 1 290 268 30 75
960 2 520 193 47 82
960 3 386 292 51 98
960 4 612 294 43 84
961 1 289 270 31 74
961 2 520 191 47 83
961 3 382 286 53 103
961 4 613 294 43 83
962 1 290 273 28 70
962 2 520 191 48 82
962 3 379 282 54 103
962 4 613 294 43 83
963 1 290 276 28 70
963 2 521 190 47 83
963 3 378 284 50 98
963 4 614 294 43 83
964 1 288 278 30 74
964 2 521 189 47 83
964 3 376 281 51 99
964 4 613 291 46 88
965 1 287 282 30 74
965 2 525 192 33 74
965 3 381 280 37 92
965 4 614 291 46 87
966 1 286 285 30 74
966 2 521 189 48 82
966 3 381 279 36 92
966 4 616 291 45 88
967 1 284 285 32 78
967 2 525 189 35 78
967 3 372 280 43 87
967 4 616 291 46 87
968 1 284 288 30 74
968 2 522 188 41 82
968 3 369 274 50 99
969 1 282 290 31 74
969 2 522 188 37 77
969 3 367 271 46 99
970 1 280 292 39 74
970 2 521 188 40 76
970 3 365 267 48 99
971 1 276 294 39 74
971 2 521 187 42 78
971 3 370 265 38 93
972 1 274 294 39 74
972 2 522 187 39 78
972 3 369 263 41 90
973 1 272 296 38 74
973 2 522 186 40 82
973 3 368 260 37 89
974 1 271 299 39 74
974 2 528 185 34 78
974 3 365 265 40 83
975 1 269 301 39 74
975 2 523 188 36 74
975 3 363 263 42 80
976 1 268 307 38 70
976 2 526 187 28 73
976 3 364 259 39 82
977 1 267 309 37 70
977 2 527 187 32 73
977 3 362 261 41 80
978 1 265 311 37 70
978 2 527 184 34 78
978 3 365 253 38 89
979 1 263 313 35 66
979 2 526 182 36 76
979 3 363 251 37 86
980 1 261 312 35 67
980 2 524 181 37 77
980 3 361 250 39 85
981 1 253 310 41 83
981 2 527 182 31 75
981 3 361 248 38 84
982 1 252 311 41 83
982 2 526 181 31 74
982 3 359 247 39 83
983 1 250 312 41 83
983 2 525 180 33 82
983 3 361 243 36 84
984 1 250 315 38 79
984 2 526 179 34 79
984 3 358 244 38 82
985 1 247 317 39 79
985 2 526 179 35 78
985 3 358 244 37 80
986 1 246 320 39 78
986 2 527 178 33 77
986 3 357 240 37 83
987 1 244 322 39 79
987 2 526 178 34 77
987 3 357 239 38 82
988 1 243 326 39 79
988 2 525 177 34 78
988 3 351 237 43 82
989 1 242 327 38 79
989 2 530 176 30 79
989 3 351 233 43 82
990 1 239 330 39 79
990 2 527 176 31 82
990 3 351 230 43 82
991 1 236 329 41 82
991 2 529 175 32 80
991 3 351 228 43 82
992 1 234 330 41 82
992 2 527 174 31 82
992 3 350 226 43 82
993 1 231 331 41 82
993 2 529 174 30 82
993 3 350 224 43 82
994 1 229 331 41 82
994 2 525 172 34 83
994 3 355 222 38 82
995 1 226 332 41 82
995 2 526 172 33 82
995 3 355 221 38 82
996 1 223 332 41 82
996 2 525 171 32 82
996 3 354 214 37 82
997 1 219 331 43 86
997 2 525 171 31 82
997 3 350 216 41 78
998 1 215 333 48 87
998 2 524 172 32 78
998 3 355 213 36 79
999 1 211 334 48 87
999 2 523 169 34 83
999 3 354 212 37 78
1000 1 207 336 48 87
1000 2 524 169 30 83
1000 3 356 210 34 78
1001 1 203 338 48 87
1001 2 522 168 33 82
1001 3 360 208 31 78
1002 1 199 337 50 90
1002 2 521 168 36 80
1002 3 354 205 37 78
1003 1 197 337 48 86
1003 2 517 168 38 82
1003 3 358 203 33 78
1004 1 194 337 48 87
1004 2 516 167 40 80
1004 3 355 201 36 79
1005 1 191 338 48 86
1005 2 516 167 39 82
1005 3 355 200 35 79
1006 1 189 338 48 86
1006 2 515 169 39 75
1006 3 355 201 35 74
1007 1 185 336 48 86
1007 2 515 165 37 83
1007 3 350 199 40 75
1008 1 184 335 48 86
1008 2 515 167 38 77
1008 3 351 198 39 75
1009 1 180 332 48 86
1009 2 515 167 37 74
1009 3 350 197 40 74
1010 1 178 332 48 87
1010 2 515 167 41 71
1010 3 350 193 39 75
1011 1 176 333 48 86
1011 2 515 167 41 71
1011 3 350 193 40 74
1012 1 172 333 43 85
1012 2 513 166 42 71
1012 3 350 190 39 75
1013 1 171 338 45 81
1013 2 513 166 35 71
1013 3 352 187 38 78
1014 1 169 337 48 82
1014 2 515 165 35 72
1014 3 351 185 38 78
1015 1 166 332 43 86
1015 2 514 165 34 71
1015 3 352 184 34 78
1016 1 163 333 42 82
1016 2 515 164 33 71
1016 3 350 183 39 78
1017 1 158 334 45 85
1017 2 511 163 35 72
1017 3 351 182 34 78
1018 1 160 331 40 90
1018 2 516 163 30 71
1018 3 351 179 36 75
1019 1 159 329 42 85
1019 2 513 162 32 72
1019 3 350 177 36 76
1020 1 157 330 40 84
1020 2 514 162 31 73
1020 3 351 176 35 75
1021 1 154 330 42 84
1021 2 512 162 33 71
1021 3 348 172 37 79
1022 1 152 316 48 98
1022 2 514 161 30 75
1022 3 348 171 36 78
1023 1 150 326 42 87
1023 2 513 159 31 75
1023 3 349 169 35 78
1024 1 148 328 46 83
1024 2 513 159 30 75
1024 3 348 167 35 78
1025 1 146 327 44 87
1025 2 511 157 31 75
1025 3 349 166 34 78
1026 1 144 327 42 84
1026 2 511 157 30 75
1026 3 347 166 35 78
1027 1 142 326 38 85
1027 2 511 157 30 75
1027 3 347 166 34 71
1028 1 140 324 38 88
1028 2 512 156 28 73
1028 3 346 165 35 73
1029 1 139 324 36 86
1029 2 511 156 29 71
1029 3 347 164 33 71
1030 1 138 323 34 85
1030 2 509 155 32 71
1030 3 346 162 34 72
1031 1 136 324 36 82
1031 2 509 155 31 69
1031 3 345 160 34 72
1032 1 135 323 36 83
1032 2 508 155 32 71
1032 3 345 158 29 74
1033 1 133 320 39 85
1033 2 507 154 32 70
1033 3 343 156 32 73
1034 1 132 316 42 90
1034 2 508 153 31 73
1034 3 343 156 30 71
1035 1 129 316 40 88
1035 2 504 153 36 74
1035 3 344 154 32 72
1036 1 129 321 43 82
1036 2 504 153 34 71
1036 3 342 155 33 68
1037 1 127 309 45 94
1037 2 504 152 36 75
1037 3 342 154 32 68
1038 1 125 323 41 80
1038 2 504 152 33 72
1038 3 342 154 31 63
1039 1 123 323 45 79
1039 2 503 152 35 70
1039 3 341 153 30 66
1040 1 121 317 45 84
1040 2 502 151 35 75
1040 3 334 151 37 71
1041 1 119 315 45 83
1041 2 502 151 33 73
1041 3 338 150 32 71
1042 1 117 303 46 93
1042 2 502 150 32 75
1042 3 340 148 30 71
1043 1 117 301 45 93
1043 2 502 150 30 70
1043 3 338 146 27 70
1044 1 116 299 45 94
1044 2 501 148 32 75
1044 3 335 145 33 70
1045 1 109 307 50 90
1045 2 501 148 31 69
1045 3 338 142 29 70
1046 1 109 299 51 90
1046 2 502 149 31 71
1046 3 336 143 31 69
1047 1 109 306 50 94
1047 2 501 149 29 69
1047 3 329 142 37 71
1048 1 109 305 50 86
1048 2 501 148 31 73
1048 3 334 141 32 71
1049 1 108 305 50 94
1049 2 500 148 32 71
1049 3 334 140 31 65
1050 1 108 306 50 89
1050 2 499 145 33 70
1050 3 336 140 28 65
1051 1 107 297 50 89
1051 2 503 145 29 69
1051 3 334 139 29 65
1052 1 106 302 51 89
1052 2 502 144 30 70
1052 3 328 138 33 67
1053 1 105 302 50 81
1053 2 500 145 31 70
1053 3 331 137 30 67
1054 1 105 299 51 90
1054 2 501 144 32 71
1054 3 330 135 30 67
1055 1 104 299 51 82
1055 2 500 144 34 70
1055 3 331 133 28 67
1056 1 104 300 45 84
1056 2 500 143 33 72
1056 3 330 131 28 67
1057 1 106 297 39 86
1057 2 501 144 32 73
1057 3 330 130 27 67
1058 1 99 296 43 85
1058 2 501 143 31 70
1058 3 328 128 29 67
1059 1 107 295 33 78
1059 2 502 142 29 70
1059 3 328 127 31 67
1060 1 104 292 35 83
1060 2 502 142 29 72
1060 3 329 125 27 63
1061 1 103 293 34 76
1061 2 502 142 30 69
1061 3 329 127 28 61
1062 1 100 290 38 84
1062 2 501 142 32 71
1062 3 327 126 27 63
1063 1 103 290 33 81
1063 2 500 141 31 68
1063 3 327 125 27 61
1064 1 99 290 37 82
1064 2 500 141 32 70
1064 3 323 123 32 61
1065 1 98 289 39 83
1065 2 499 140 33 68
1065 3 322 122 32 60
1066 1 98 282 51 90
1066 2 500 142 31 70
1066 3 322 120 32 60
1067 1 97 287 40 84
1067 2 500 142 32 65
1067 3 321 118 32 61
1068 1 97 287 39 83
1068 2 499 140 31 71
1068 3 320 122 32 60
1069 1 95 285 41 84
1069 2 499 141 31 67
1069 3 320 122 32 60
1070 1 95 283 39 85
1070 2 499 143 32 67
1070 3 321 121 30 57
1071 1 95 282 39 83
1071 2 499 141 32 71
1071 3 319 121 31 58
1072 1 94 282 37 81
1072 2 499 142 33 68
1072 3 320 116 30 58
1073 1 93 277 39 77
1073 2 498 141 31 68
1073 3 318 116 31 57
1074 1 93 277 36 81
1074 2 498 142 33 67
1074 3 323 116 27 60
1075 1 92 277 38 80
1075 2 498 140 34 71
1075 3 322 114 27 57
1076 1 91 274 40 81
1076 2 498 139 33 73
1076 3 322 114 26 61
1077 1 91 272 40 81
1077 2 498 140 33 72
1077 3 322 114 26 59
1078 1 88 270 44 85
1078 2 498 141 38 66
1078 3 321 114 26 57
1079 1 88 270 43 84
1079 2 498 141 33 66
1079 3 321 114 25 60
1080 1 86 267 44 86
1080 2 497 140 36 67
1080 3 319 115 26 57
1081 1 86 266 46 85
1081 2 498 140 35 67
1081 3 320 114 24 58
1082 1 86 266 44 87
1082 2 498 140 38 70
1082 3 315 114 29 58
1083 1 86 265 43 86
1083 2 498 139 34 69
1083 3 318 114 25 55
1084 1 85 264 50 90
1084 2 498 139 38 71
1084 3 316 113 27 55
1085 1 85 263 50 90
1085 2 498 140 34 69
1085 3 316 115 26 50
1086 1 90 262 37 89
1086 2 498 140 36 68
1086 3 316 114 25 53
1087 1 84 261 43 85
1087 2 498 139 35 67
1087 3 314 114 27 51
1088 1 87 257 37 84
1088 2 498 139 35 69
1088 3 315 113 25 51
1089 1 88 257 35 80
1089 2 498 140 32 70
1089 3 313 114 26 53
1090 1 89 257 34 74
1090 2 502 138 30 72
1090 3 312 113 26 53
1091 1 88 256 36 78
1091 2 498 138 31 71
1091 3 313 113 25 53
1092 1 83 254 42 77
1092 2 498 138 35 71
1092 3 311 113 26 52
1093 1 86 252 35 80
1093 2 498 138 34 73
1093 3 311 112 26 53
1094 1 87 252 35 78
1094 2 498 137 32 72
1094 3 315 106 21 59
1095 1 84 255 40 79
1095 2 499 138 34 70
1095 3 310 107 26 57
1096 1 86 250 37 84
1096 2 499 139 33 70
1096 3 311 108 24 55
1097 1 81 252 42 83
1097 2 498 138 34 72
1097 3 311 114 24 50
1098 1 80 250 42 79
1098 2 500 137 33 72
1098 3 311 113 24 50
1099 1 79 249 43 83
1099 2 499 137 34 72
1099 3 310 113 25 50
1100 1 78 248 43 81
1100 2 499 137 34 71
1100 3 311 113 24 50
1101 1 77 247 43 80
1101 2 500 139 32 68
1101 3 310 112 26 52
1102 1 76 247 45 76
1102 2 500 138 32 68
1102 3 309 112 26 53
1103 1 77 247 44 75
1103 2 501 139 32 68
1103 3 309 111 26 53
1104 1 76 245 42 73
1104 2 501 139 32 68
1104 3 309 100 26 64
1105 1 74 245 42 71
1105 2 500 138 32 68
1105 3 309 101 26 61
1106 1 73 244 43 71
1106 2 501 139 32 68
1106 3 309 104 26 58
1107 1 72 242 42 74
1107 2 501 137 33 71
1107 3 309 100 26 64
1108 1 71 242 42 72
1108 2 500 137 34 72
1108 3 310 100 26 64
1109 1 70 242 43 74
1109 2 500 137 34 71
1109 3 309 105 26 59
1110 1 72 242 40 74
1110 2 501 137 33 71
1110 3 310 101 26 64
1111 1 69 241 43 73
1111 2 500 137 34 71
1111 3 310 101 26 64
1112 1 68 241 44 74
1112 2 500 137 34 72
1112 3 309 101 26 64
1113 1 67 242 46 73
1113 2 501 137 34 71
1113 3 308 108 27 59
1114 1 66 241 47 75
1114 2 501 137 33 71
1114 3 308 105 27 62
1115 1 66 241 44 74
1115 2 501 137 31 71
1115 3 307 107 28 58
1116 1 65 241 47 74
1116 2 501 137 33 72
1116 3 306 107 28 61
1117 1 63 241 45 72
1117 2 501 137 33 72
1117 3 305 109 27 54
1118 1 61 241 46 70
1118 2 501 137 30 72
1118 3 304 106 31 60
1119 1 60 241 47 75
1119 2 501 138 33 71
1119 3 304 107 31 59
1120 1 60 244 45 72
1120 2 501 137 29 72
1120 3 307 108 28 56
1121 1 59 239 42 75
1121 2 501 137 32 71
1121 3 305 112 28 55
1122 1 58 238 38 73
1122 2 501 137 31 72
1122 3 306 112 27 56
1123 1 56 240 41 73
1123 2 501 137 31 71
1123 3 306 113 27 56
1124 1 55 240 43 75
1124 2 502 137 31 71
1124 3 307 113 26 56
1125 1 53 240 42 68
1125 2 502 137 29 71
1125 3 303 115 30 56
1126 1 53 239 44 71
1126 2 501 137 34 72
1126 3 304 115 28 56
1127 1 52 236 44 70
1127 2 501 137 34 71
1127 3 304 117 29 56
1128 1 48 240 47 72
1128 2 501 137 34 71
1128 3 304 117 29 55
1129 1 50 237 43 75
1129 2 501 137 30 72
1129 3 301 119 32 53
1130 1 48 238 47 76
1130 2 501 137 34 72
1130 3 304 119 29 53
1131 1 47 238 46 74
1131 2 502 138 34 71
1131 3 301 113 33 62
1132 1 46 239 49 72
1132 2 502 137 31 72
1132 3 307 118 28 57
1133 1 44 239 50 77
1133 2 502 137 30 71
1133 3 309 119 26 54
1134 1 42 241 52 72
1134 2 502 138 30 71
1134 3 308 121 26 53
1135 1 41 239 50 74
1135 2 502 137 30 72
1135 3 307 123 28 52
1136 1 44 242 47 69
1136 2 502 137 28 69
1136 3 304 121 31 58
1137 1 44 245 42 66
1137 2 501 138 29 71
1137 3 308 121 26 63
1138 1 39 243 44 68
1138 2 502 137 29 72
1138 3 310 122 26 62
1139 1 38 245 42 65
1139 2 501 137 28 72
1139 3 310 123 25 66
1140 1 39 246 38 63
1140 2 501 138 30 71
1140 3 308 125 29 59
1141 1 37 247 37 63
1141 2 502 138 28 71
1141 3 309 130 27 57
1142 1 36 247 36 66
1142 2 501 138 31 71
1142 3 308 130 30 56
1143 1 34 247 34 63
1143 2 501 138 30 71
1143 3 309 131 30 55
1144 1 33 247 36 63
1144 2 502 137 27 72
1144 3 310 131 28 57
1145 1 32 248 36 63
1145 2 501 136 30 76
1145 3 310 129 28 60
1146 1 31 248 35 62
1146 2 500 136 30 70
1146 3 309 129 29 59
1147 1 31 248 37 64
1147 2 502 137 31 70
1147 3 311 132 29 59
1148 1 29 249 39 68
1148 2 501 138 29 69
1148 3 310 132 31 59
1149 1 28 249 41 65
1149 2 501 137 31 72
1149 3 311 135 32 59
1150 1 27 250 41 66
1150 2 501 138 30 71
1150 3 310 133 31 67
1151 1 21 250 44 67
1151 2 501 137 29 67
1151 3 311 135 31 65
1152 1 23 252 47 72
1152 2 501 137 34 72
1152 3 314 137 29 62
1153 1 21 254 46 72
1153 2 501 137 30 72
1153 3 311 141 32 59
1154 1 20 254 47 66
1154 2 502 138 30 71
1154 3 315 139 29 59
1155 1 19 255 47 67
1155 2 502 137 30 72
1155 3 318 139 28 62
1156 1 18 255 48 67
1156 2 502 138 31 71
1156 3 321 140 26 62
1157 1 17 255 44 64
1157 2 502 138 29 72
1157 3 318 140 28 65
1158 1 16 256 45 72
1158 2 503 138 31 71
1158 3 322 142 27 62
1159 1 15 255 44 72
1159 2 502 138 31 72
1159 3 316 143 33 62
1160 1 14 255 42 67
1160 2 502 139 29 66
1160 3 322 146 29 61
1161 1 13 256 40 66
1161 2 502 138 29 72
1161 3 322 147 31 61
1162 1 12 256 37 66
1162 2 503 138 28 70
1162 3 324 148 29 61
1163 1 11 255 38 73
1163 2 503 139 30 72
1163 3 327 149 27 61
1164 1 10 256 37 73
1164 2 504 139 29 72
1164 3 324 151 31 61
1165 1 9 256 37 72
1165 2 504 139 29 71
1165 3 327 150 29 63
1166 1 8 256 39 72
1166 2 503 137 32 71
1166 3 328 154 29 59
1167 1 8 257 36 73
1167 2 503 137 30 72
1167 3 330 155 28 59
1168 1 7 264 39 67
1168 2 504 137 28 75
1168 3 329 155 30 58
1169 1 7 262 37 75
1169 2 504 136 30 73
1169 3 328 156 31 60
1170 1 5 268 40 66
1170 2 504 136 29 74
1170 3 329 156 32 59
1171 1 5 269 37 63
1171 2 504 137 33 71
1171 3 330 154 29 67
1172 1 3 267 40 68
1172 2 504 136 29 72
1172 3 332 155 30 69
1173 1 4 269 37 67
1173 2 505 136 29 71
1173 3 333 156 31 71
1174 1 2 269 40 69
1174 2 506 137 30 72
1174 3 335 156 30 72
1175 1 1 272 41 67
1175 2 506 138 31 71
1175 3 335 158 33 68
1176 1 1 269 38 72
1176 2 505 137 30 72
1176 3 335 158 35 71
1177 1 0 270 40 72
1177 2 505 137 31 72
1177 3 341 163 29 66
1178 1 6 272 32 68
1178 2 506 137 28 71
1178 3 342 165 26 61
1179 1 5 273 32 64
1179 2 505 136 31 73
1179 3 346 168 25 60
1180 1 4 273 34 72
1180 2 505 137 28 72
1180 3 347 168 28 59
1181 1 5 274 34 68
1181 2 504 136 29 71
1181 3 344 167 33 66
1182 1 6 276 34 69
1182 2 505 136 27 71
1182 3 346 165 30 71
1183 1 2 278 35 71
1183 2 505 135 28 71
1183 3 348 169 28 67
1184 1 7 278 34 72
1184 2 504 136 29 71
1184 3 347 166 34 75
1185 1 -3 279 47 72
1185 2 504 135 34 71
1185 3 350 170 31 70
1186 1 -6 279 49 76
1186 2 503 135 34 71
1186 3 350 171 33 75
1187 1 -6 280 49 76
1187 2 504 135 28 71
1187 3 345 166 40 82
1188 1 -6 282 49 76
1188 2 503 135 26 71
1188 3 351 175 35 75
1189 1 -6 283 46 77
1189 2 504 135 27 71
1189 3 356 176 30 65
1190 1 -2 288 38 75
1190 2 504 135 28 69
1190 3 359 181 28 64
1191 1 -8 285 45 74
1191 2 504 134 28 71
1191 3 358 180 31 72
1192 1 -6 288 42 68
1192 2 504 135 27 72
1192 3 357 180 34 73
1193 1 -5 288 41 73
1193 2 504 135 28 71
1193 3 359 182 33 72
1194 1 -4 289 41 72
1194 2 504 135 30 72
1194 3 362 182 31 73
1195 1 -4 292 41 68
1195 2 504 134 27 71
1195 3 363 184 32 74
1196 1 -2 291 37 67
1196 2 504 135 28 71
1196 3 363 183 34 77
1197 1 -9 290 45 75
1197 2 503 133 29 73
1197 3 364 188 34 71
1198 1 -10 292 46 72
1198 2 503 133 28 75
1198 3 364 190 36 72
1199 1 -10 294 46 77
1199 2 503 133 31 70
1199 3 369 191 32 71
1200 1 -10 294 49 77
1200 2 504 133 27 72
1200 3 372 193 27 66
1201 1 -10 296 45 77
1201 2 504 133 27 70
1201 3 372 195 27 66
1202 1 -7 297 44 77
1202 2 504 133 29 70
1202 3 375 197 29 65
1203 1 -10 298 44 77
1203 2 504 133 28 69
1203 3 375 197 32 72
1204 1 -5 302 39 79
1204 2 504 132 30 66
1204 3 374 195 36 77
1205 1 -5 302 39 80
1205 2 505 133 29 70
1205 3 374 196 35 76
1206 1 -5 306 41 76
1206 2 505 133 29 71
1206 3 376 197 37 79
1207 1 -7 305 40 76
1207 2 505 132 29 69
1207 3 376 198 39 77
1208 1 -11 307 44 75
1208 2 505 133 28 66
1208 3 379 199 36 80
1209 1 -7 309 43 73
1209 2 504 131 31 67
1209 3 377 203 40 73
1210 1 -6 311 42 70
1210 2 507 134 29 68
1210 3 379 205 37 72
1211 1 -5 311 41 71
1211 2 506 133 28 66
1211 3 383 204 36 78
1212 1 -7 311 41 69
1212 2 505 130 32 69
1212 3 388 205 34 70
1213 1 -5 312 42 72
1213 2 504 134 33 64
1213 3 391 207 34 74
1214 1 -4 312 39 71
1214 2 505 130 30 70
1214 3 391 209 34 71
1215 1 -6 316 40 71
1215 2 505 133 32 67
1215 3 392 211 37 78
1216 1 -5 315 40 74
1216 2 505 132 31 66
1216 3 392 207 37 78
1217 1 -5 317 39 78
1217 2 505 129 32 71
1217 3 393 207 38 83
1218 1 -6 319 43 80
1218 2 505 131 32 69
1218 3 397 209 37 82
1219 1 -5 321 42 80
1219 2 505 133 31 69
1219 3 398 214 38 80
1220 1 -5 319 39 84
1220 2 505 129 32 73
1220 3 400 215 38 81
1221 1 -8 323 43 80
1221 2 505 130 29 73
1221 3 403 213 37 83
1222 1 -6 326 40 79
1222 2 504 134 30 67
1222 3 406 218 37 76
1223 1 -6 326 41 80
1223 2 504 132 32 72
1223 3 411 219 37 73
1224 1 -6 326 38 80
1224 2 504 129 30 72
1224 3 409 216 38 83
1225 1 -8 329 43 78
1225 2 503 128 32 72
1225 3 414 217 35 79
1226 1 -10 330 44 79
1226 2 504 128 29 72
1226 3 413 217 39 79
1227 1 -9 331 41 77
1227 2 504 128 28 71
1227 3 410 218 46 79
1228 1 -10 330 43 79
1228 2 503 128 29 73
1228 3 415 218 43 79
1229 1 -10 334 41 73
1229 2 503 128 29 69
1229 3 415 218 45 79
1230 1 -13 334 44 72
1230 2 503 128 28 72
1230 3 416 220 49 79
1231 1 -13 332 44 74
1231 2 502 128 29 69
1231 3 414 222 50 76
1232 1 -12 336 46 73
1232 2 503 128 28 70
1232 3 421 224 45 79
1233 1 -14 337 48 75
1233 2 503 126 28 69
1233 3 425 225 43 77
1234 1 -13 339 48 82
1234 2 502 127 30 69
1234 3 428 225 43 79
1235 1 -13 339 44 86
1235 2 502 128 28 72
1235 3 433 226 39 74
1236 1 -13 345 44 78
1236 2 502 127 32 70
1236 3 437 226 37 74
1237 1 -10 345 41 79
1237 2 502 127 29 70
1237 3 440 226 37 77
1238 1 -12 344 47 86
1238 2 502 127 31 71
1238 3 448 229 30 73
1239 1 -12 346 47 86
1239 2 502 128 27 66
1239 3 448 228 33 74
1240 1 -11 347 43 84
1240 2 502 126 29 68
1240 3 448 230 33 78
1241 1 -11 347 40 81
1241 2 502 128 31 68
1241 3 448 231 35 78
1242 1 -10 350 41 77
1242 2 502 127 30 70
1242 3 448 231 38 79
1243 1 -8 349 40 79
1243 2 502 127 31 66
1243 3 447 230 39 82
1244 1 -10 349 43 79
1244 2 502 128 30 65
1244 3 447 234 43 78
1245 1 -9 353 40 76
1245 2 502 127 31 68
1245 3 450 236 42 78
1246 1 -6 355 36 76
1246 2 503 127 29 66
1246 3 455 234 37 82
1247 1 -6 352 35 76
1247 2 503 126 29 67
1247 3 457 234 37 83
1248 1 -7 355 37 77
1248 2 503 126 28 64
1248 3 456 233 41 83
1249 1 -9 362 41 75
1249 2 503 127 27 61
1249 3 463 236 32 76
1250 1 -5 362 37 81
1250 2 502 125 29 65
1250 3 463 234 36 82
1251 1 -5 364 35 85
1251 2 503 125 29 67
1251 3 463 234 36 82
1252 1 -9 365 45 86
1252 2 502 125 30 64
1252 3 464 233 38 82
1253 1 -9 368 41 83
1253 2 502 125 32 68
1253 3 466 232 34 82
1254 1 -12 367 47 83
1254 2 502 125 30 68
1254 3 462 235 40 79
1255 1 -10 366 41 89
1255 2 502 123 31 67
1255 3 461 234 45 82
1256 1 -12 371 45 89
1256 2 502 124 32 67
1256 3 462 232 45 82
1257 1 -12 371 44 89
1257 2 503 122 32 67
1257 3 465 231 45 82
1258 1 -11 373 45 93
1258 2 503 121 32 68
1258 3 466 230 45 82
1259 1 -13 377 47 82
1259 2 503 121 32 68
1259 3 467 229 46 82
1260 1 -12 375 46 86
1260 2 503 121 32 68
1260 3 469 230 45 82
1261 1 -13 378 45 86
1261 2 502 122 32 67
1261 3 471 230 44 78
1262 1 -14 377 45 85
1262 2 502 121 32 68
1262 3 473 231 43 78
1263 1 -13 377 45 83
1263 2 502 121 27 67
1263 3 481 231 33 78
1264 1 -14 382 47 76
1264 2 501 120 25 67
1264 3 481 230 38 78
1265 1 -15 380 49 81
1265 2 501 119 26 68
1265 3 482 230 38 78
1266 1 -13 384 47 80
1266 2 501 121 25 64
1266 3 484 229 37 78
1267 1 -12 385 45 82
1267 2 501 120 30 65
1267 3 487 229 36 78
1268 1 -13 385 48 89
1268 2 500 120 27 65
1268 3 485 229 38 78
1269 1 -14 389 51 85
1269 2 500 120 27 64
1269 3 488 225 35 82
1270 1 -13 387 52 89
1270 2 500 119 28 65
1270 3 487 224 37 82
1271 1 -13 390 53 89
1271 2 500 119 27 65
1271 3 485 222 43 82
1272 1 -14 392 53 88
1272 2 500 119 27 65
1272 3 486 223 43 82
1273 1 -13 390 52 89
1273 2 499 117 27 68
1273 3 489 223 38 82
1274 1 -12 392 51 89
1274 2 499 117 29 68
1274 3 490 223 39 82
1275 1 -6 398 41 85
1275 2 499 117 33 67
1275 3 492 224 41 78
1276 1 -6 397 47 89
1276 2 498 117 29 68
1276 3 494 222 39 77
1277 1 -10 396 51 89
1277 2 499 117 28 66
1277 3 497 224 37 75
1278 1 -6 398 46 84
1278 2 498 117 33 67
1278 3 500 221 34 78
1279 1 -10 402 47 80
1279 2 499 116 29 67
1279 3 498 221 42 80
1280 2 497 116 30 65
1280 3 499 216 38 82
1280 1 -8 403 44 75
1281 1 -6 402 42 83
1281 2 499 115 29 64
1281 3 501 215 35 81
1282 1 -6 405 44 85
1282 2 499 115 28 62
1282 3 503 215 39 81
1283 1 -7 406 46 89
1283 2 499 114 30 64
1283 3 504 215 37 80
1284 1 -6 407 46 89
1284 2 498 115 30 63
1284 3 504 211 36 83
1285 1 -5 410 42 90
1285 2 499 114 29 63
1285 3 508 213 32 76
1286 1 -9 412 44 88
1286 2 499 114 30 65
1286 3 510 211 35 75
1287 1 -5 411 41 100
1287 2 498 112 29 66
1287 3 509 215 31 73
1288 1 -11 416 49 89
1288 2 498 112 28 68
1288 3 511 209 36 76
1289 1 -7 415 42 99
1289 2 497 112 30 64
1289 3 510 208 38 78
1290 1 -7 417 42 96
1290 2 496 112 27 65
1290 3 509 207 36 80
1291 1 -8 423 44 90
1291 2 495 112 29 67
1291 3 515 206 31 75
1292 1 -9 420 45 93
1292 2 494 111 29 70
1292 3 513 204 37 78
1293 1 -11 420 47 96
1293 2 492 111 34 70
1293 3 510 202 43 78
1294 1 -12 423 49 92
1294 2 491 111 30 67
1294 3 511 200 43 78
1295 1 -14 423 50 89
1295 2 491 111 29 68
1295 3 512 200 39 78
1296 1 -13 424 46 90
1296 2 494 112 25 65
1296 3 512 199 39 79
1297 1 -14 425 52 86
1297 2 494 111 26 68
1297 3 515 199 40 75
1298 1 -13 425 51 82
1298 2 492 111 29 65
1298 3 515 199 41 74
1299 1 -13 424 56 84
1299 2 492 111 27 65
1299 3 516 198 41 74
1300 1 -16 423 54 91
1300 2 492 111 27 64
1300 3 517 198 39 71
1301 1 -14 431 56 87
1301 2 490 111 26 59
1301 3 518 197 39 71
1302 1 -13 432 55 87
1302 2 490 110 26 62
1302 3 522 194 36 70
1303 1 -14 437 58 85
1303 2 489 106 27 67
1303 3 520 190 36 71
1304 1 -11 436 55 92
1304 2 489 110 25 58
1304 3 520 188 39 80
1305 1 -10 439 58 87
1305 2 486 107 33 67
1305 3 522 185 39 80
1306 1 -7 439 55 89
1306 2 486 104 29 66
1306 3 522 184 39 79
1307 1 -7 440 54 88
1307 2 488 110 26 61
1307 3 523 186 39 70
1308 1 -7 441 56 86
1308 2 488 107 25 63
1308 3 523 184 40 70
1309 1 -10 439 60 104
1309 2 488 109 25 62
1309 3 524 183 39 70
1310 1 -9 439 59 105
1310 2 488 109 27 62
1310 3 524 183 40 70
1311 1 -9 440 59 105
1311 2 485 104 29 69
1311 3 530 181 34 71
1312 1 -8 441 59 104
1312 2 487 107 24 62
1312 3 530 180 35 75
1313 1 -7 443 59 104
1313 2 488 107 27 61
1313 3 529 176 36 75
1314 1 1 449 46 82
1314 2 488 107 24 61
1314 3 533 175 32 75
1315 1 0 450 48 82
1315 2 488 106 28 61
1315 3 532 173 34 75
1316 1 0 451 49 87
1316 2 487 101 25 65
1316 3 533 170 34 75
1317 1 1 455 50 91
1317 2 488 107 23 61
1317 3 531 172 37 72
1318 1 0 456 52 91
1318 2 488 107 24 59
1318 3 532 171 36 72
1319 1 2 456 49 93
1319 2 487 106 26 62
1319 3 533 172 33 71
1320 1 4 460 47 95
1320 2 487 102 26 65
1320 3 533 170 33 67
1321 1 2 456 50 91
1321 2 486 101 28 62
1321 3 532 168 35 71
1322 1 2 460 51 87
1322 2 484 100 29 63
1322 3 538 168 28 71
1323 1 3 460 51 91
1323 2 487 101 24 63
1323 3 531 166 37 71
1324 1 5 463 49 86
1324 2 485 102 27 61
1324 3 531 164 37 71
1325 1 5 465 49 86
1325 2 484 100 29 61
1325 3 531 162 37 71
1326 1 7 468 47 82
1326 2 484 100 27 65
1326 3 531 160 37 71
1327 1 8 472 44 78
1327 2 484 100 26 64
1327 3 531 159 37 71
1328 2 485 99 27 65
1328 3 533 157 35 71
1329 2 483 99 29 66
1329 3 536 157 32 71
1330 2 482 97 29 68
1330 3 532 157 36 68
1331 2 482 97 27 65
1331 3 532 156 36 68
1332 2 479 98 31 66
1332 3 532 155 35 68
1333 2 481 95 28 68
1333 3 531 153 36 68
1334 2 480 96 29 67
1334 3 531 152 36 68
1335 2 482 94 27 65
1335 3 533 151 34 68
1336 2 479 94 29 63
1336 3 536 148 32 71
1337 2 481 93 26 67
1337 3 533 145 35 71
1338 2 479 94 28 65
1338 3 534 147 32 69
1339 2 480 92 26 66
1339 3 534 143 34 68
1340 2 480 94 26 66
1340 3 532 142 36 68
1341 2 480 91 27 68
1341 3 534 142 33 68
1342 2 480 93 25 64
1342 3 532 142 35 68
1343 2 480 90 26 65
1343 3 531 142 36 68
1344 2 481 92 25 67
1344 3 533 141 34 68
1345 2 481 92 24 64
1345 3 535 139 32 68
1346 2 480 92 25 64
1346 3 534 138 31 68
1347 2 480 90 25 65
1347 3 532 136 32 68
1348 2 479 89 25 63
1348 3 532 134 30 68
1349 2 479 89 23 63
1349 3 530 133 30 68
1350 2 479 90 25 64
1350 3 533 131 29 68
1351 2 478 90 28 61
1351 3 530 130 33 68
1352 2 479 92 25 60
1352 3 532 130 27 68
1353 2 474 89 30 62
1353 3 530 130 32 68
1354 2 476 90 27 58
1354 3 530 129 30 62
1355 2 477 88 24 59
1355 3 530 127 31 66
1356 2 475 90 27 63
1356 3 530 124 32 68
1357 2 475 90 26 61
1357 3 530 124 31 68
1358 2 473 85 27 64
1358 3 531 122 30 68
1359 2 472 87 27 64
1359 3 528 121 35 68
1360 2 472 86 29 62
1360 3 531 120 30 67
1361 2 471 88 28 63
1361 3 530 118 30 68
1362 2 471 84 29 65
1362 3 529 118 31 67
1363 2 471 89 27 65
1363 3 531 118 27 61
1364 2 471 86 26 62
1364 3 529 118 28 61
1365 2 470 88 27 61
1365 3 525 118 31 60
1366 2 469 86 27 58
1366 3 524 117 32 59
1367 2 470 88 26 57
1367 3 524 115 30 62
1368 2 469 83 24 60
1368 3 525 114 31 63
1369 2 468 84 25 61
1369 3 522 113 30 61
1370 2 468 84 27 59
1370 3 521 111 32 64
1371 2 468 85 22 59
1371 3 521 109 31 66
1372 2 467 86 26 56
1372 3 520 106 33 69
1373 2 466 82 26 62
1373 3 521 106 29 65
1374 1 100 474 58 74
1374 2 468 84 23 57
1374 3 518 106 29 63
1375 1 103 472 61 77
1375 2 467 83 24 61
1375 3 518 106 32 62
1376 1 105 471 61 77
1376 2 466 83 24 61
1376 3 522 105 27 62
1377 1 109 471 61 77
1377 2 467 83 24 64
1377 3 521 105 26 61
1378 1 112 470 61 78
1378 2 465 82 26 64
1378 3 520 105 26 59
1379 1 119 469 42 77
1379 2 465 82 26 62
1379 3 516 101 34 66
1380 1 116 468 49 81
1380 2 464 84 25 59
1380 3 520 102 27 63
1381 1 119 466 52 81
1381 2 466 81 22 60
1381 3 520 99 25 65
1382 1 121 463 54 80
1382 2 463 81 26 60
1382 3 517 100 27 63
1383 1 122 462 54 80
1383 2 465 80 23 58
1383 3 516 101 29 59
1384 1 131 461 48 80
1384 2 463 81 25 55
1384 3 516 99 28 63
1385 1 129 459 53 81
1385 2 464 77 24 59
1385 3 515 100 26 61
1386 1 139 457 47 84
1386 2 463 81 25 55
1386 3 514 101 29 59
1387 1 134 456 56 85
1387 2 461 75 26 61
1387 3 512 101 27 58
1388 1 137 456 56 84
1388 2 461 73 23 62
1388 3 514 101 26 53
1389 1 146 455 50 84
1389 2 459 73 28 63
1389 3 513 98 26 57
1390 1 144 453 56 85
1390 2 460 76 24 60
1390 3 511 98 27 56
1391 1 147 445 56 84
1391 2 459 75 25 59
1391 3 510 96 26 57
1392 1 150 444 56 85
1392 2 460 76 25 64
1392 3 506 96 30 60
1393 1 154 448 54 81
1393 2 461 78 26 60
1393 3 507 93 29 62
1394 1 157 446 54 80
1394 2 459 73 23 64
1394 3 508 94 26 54
1395 1 159 442 53 81
1395 2 458 75 23 62
1395 3 505 92 28 61
1396 1 155 436 64 96
1396 2 454 75 29 62
1396 3 503 95 30 58
1397 1 159 433 63 96
1397 2 458 76 23 61
1397 3 503 94 27 58
1398 1 161 433 63 96
1398 2 454 76 28 62
1398 3 504 93 27 55
1399 1 171 437 53 89
1399 2 454 75 29 61
1399 3 505 95 22 54
1400 1 173 430 56 96
1400 2 452 77 28 60
1400 3 503 95 25 55
1401 1 182 431 46 94
1401 2 452 74 28 58
1401 3 502 95 27 53
1402 1 184 428 43 96
1402 2 453 72 24 64
1402 3 498 93 28 55
1403 1 187 427 43 96
1403 2 454 75 24 57
1403 3 501 91 22 58
1404 1 190 427 41 93
1404 2 453 72 25 57
1404 3 500 90 23 59
1405 1 192 423 42 92
1405 2 453 72 23 56
1405 3 498 89 29 60
1406 1 197 420 45 96
1406 2 452 70 19 61
1406 3 492 89 32 59
1407 1 199 417 49 96
1407 2 451 69 21 61
1407 3 491 91 33 59
1408 1 199 414 46 96
1408 2 451 68 19 62
1408 3 491 90 32 59
1409 1 202 413 47 96
1409 2 451 69 20 58
1409 3 489 90 31 59
1410 1 205 411 49 96
1410 2 446 71 25 56
1410 3 489 90 28 59
1411 1 209 410 43 96
1411 2 443 71 25 55
1411 3 491 88 28 58
1412 1 213 407 44 93
1412 2 444 71 23 54
1412 3 488 90 27 59
1413 1 213 409 49 86
1413 2 447 69 18 53
1413 3 488 89 26 53
1414 1 220 402 42 96
1414 2 443 71 20 48
1414 3 483 92 28 56
1415 1 221 396 45 96
1415 2 442 68 21 58
1415 3 487 95 23 48
1416 1 222 392 47 96
1416 2 442 70 21 49
1416 3 482 91 27 55
1416 4 617 144 31 62
1417 1 216 395 56 92
1417 2 442 70 19 50
1417 3 480 89 29 59
1417 4 614 142 35 62
1418 1 225 391 50 92
1418 2 437 69 22 56
1418 3 479 90 29 52
1418 4 622 143 32 62
1419 1 231 391 46 91
1419 2 438 69 23 50
1419 3 478 90 27 55
1419 4 622 143 31 62
1420 1 233 390 43 87
1420 2 439 66 20 52
1420 3 477 90 28 55
1420 4 613 143 36 62
1421 1 238 387 44 96
1421 2 438 71 20 49
1421 3 476 90 30 54
1421 4 621 143 32 62
1422 1 235 381 48 94
1422 2 437 69 21 54
1422 3 477 90 26 59
1422 4 612 142 32 62
1423 1 241 383 42 88
1423 2 437 71 20 58
1423 3 472 91 30 52
1423 4 613 145 31 61
1424 1 244 381 37 84
1424 3 472 94 31 57
1424 4 613 143 31 62
1424 2 434 70 18 49
1425 1 243 377 43 83
1425 3 471 94 31 57
1425 4 618 144 31 62
1425 2 434 72 18 49
1426 1 246 375 40 84
1426 3 470 95 31 56
1426 4 617 143 31 62
1426 2 434 75 18 49
1427 1 247 370 42 84
1427 3 468 93 33 59
1427 4 616 143 32 62
1427 2 433 75 19 52
1428 1 246 370 46 83
1428 3 468 91 32 59
1428 4 616 144 31 62
1428 2 431 69 19 51
1429 1 253 365 43 89
1429 3 467 93 33 59
1429 4 615 143 31 62
1429 2 430 72 19 51
1430 1 255 360 43 91
1430 3 470 95 24 51
1430 4 614 143 31 62
1431 1 256 358 42 91
1431 3 469 93 23 56
1431 4 613 143 32 62
1432 1 256 360 41 83
1432 3 468 93 24 55
1432 4 612 144 32 62
1433 1 258 360 40 80
1433 3 466 96 26 52
1433 4 613 143 31 62
1434 1 262 357 37 78
1434 3 465 96 27 53
1434 4 612 143 31 62
1435 1 265 354 37 80
1435 3 465 97 26 51
1435 4 611 143 31 62
1436 1 270 350 36 88
1436 3 461 98 28 54
1436 4 610 143 31 62
1437 1 270 348 39 85
1437 3 463 97 26 50
1437 4 609 144 32 62
1438 1 269 344 44 88
1438 3 464 97 24 54
1438 4 609 145 31 61
1439 1 269 342 43 87
1439 3 463 100 25 50
1439 4 608 143 31 62
1440 1 266 343 43 89
1440 3 463 99 25 50
1440 4 608 143 31 62
1441 1 275 336 41 91
1441 3 462 102 27 48
1441 4 607 143 31 62
1442 1 274 337 46 86
1442 3 463 100 23 49
1442 4 607 143 31 62
1443 1 272 339 46 84
1443 3 462 100 27 49
1443 4 607 143 31 62
1444 1 275 336 46 88
1444 3 462 100 29 50
1444 4 606 142 31 62
1445 1 277 335 45 86
1445 3 462 100 29 50
1445 4 606 145 30 59
1446 1 278 331 43 86
1446 3 462 102 29 50
1446 4 605 144 30 59
1447 1 280 331 42 80
1447 3 463 103 29 50
1447 4 604 143 29 60
1448 1 280 329 41 82
1448 3 462 103 29 50
1448 4 603 143 30 60
1449 1 281 327 44 82
1449 3 463 104 29 50
1449 4 601 143 30 60
1450 1 283 324 40 85
1450 3 463 105 27 48
1450 4 600 143 30 60
1451 1 288 323 37 82
1451 3 463 105 28 48
1451 4 600 143 30 60
1452 1 285 320 42 86
1452 3 463 106 27 45
1452 4 599 143 30 60
1453 1 286 320 38 86
1453 3 463 106 26 43
1453 4 597 143 30 59
1454 1 285 320 37 84
1454 3 464 108 25 43
1454 4 597 143 30 59
1455 1 287 316 41 86
1455 3 463 107 26 43
1455 4 596 143 30 59
1456 1 289 316 35 90
1456 3 463 107 26 43
1456 4 596 143 30 60
1457 1 285 316 38 86
1457 3 464 107 25 43
1457 4 595 143 30 60
1458 1 289 312 37 93
1458 3 464 107 25 43
1458 4 594 143 30 60
1459 1 288 312 38 87
1459 3 464 109 26 44
1459 4 594 143 30 60
1460 1 291 307 37 91
1460 3 464 110 26 43
1460 4 593 143 30 60
1461 1 292 309 37 81
1461 3 465 112 24 41
1461 4 593 143 30 60
1462 1 291 305 39 79
1462 3 466 114 23 39
1462 4 592 144 29 59
1463 1 291 305 38 77
1463 3 466 114 23 39
1463 4 591 144 30 60
1464 1 291 302 40 82
1464 3 466 114 23 40
1464 4 591 143 30 59
1465 1 292 301 38 80
1465 3 467 115 23 40
1465 4 591 143 29 59
1466 1 294 301 37 78
1466 3 468 114 23 40
1466 4 590 143 30 59
1467 1 295 298 35 83
1467 3 468 115 23 39
1467 4 591 144 29 59
1468 1 290 300 39 82
1468 3 468 116 23 39
1468 4 590 144 30 59
1469 1 290 297 41 88
1469 3 469 116 22 39
1469 4 589 144 30 60
1470 1 293 296 39 85
1470 3 469 116 23 40
1470 4 589 145 30 59
1471 1 291 296 42 86
1471 3 470 118 23 39
1471 4 589 146 29 59
1472 1 292 294 38 85
1472 3 471 120 23 39
1472 4 589 146 29 59
1473 1 292 290 37 90
1473 3 471 121 23 39
1473 4 589 147 29 59
1474 1 293 291 35 84
1474 3 471 122 23 39
1474 4 589 147 29 59
1475 1 293 286 35 85
1475 3 471 123 23 39
1475 4 588 147 30 59
1476 1 293 287 34 80
1476 3 472 124 23 51
1476 4 589 147 29 59
1477 1 293 284 36 80
1477 3 472 125 24 53
1477 4 588 147 30 59
1478 1 293 283 33 74
1478 3 471 125 25 54
1478 4 588 148 29 59
1479 1 293 282 34 77
1479 3 473 125 23 56
1479 4 588 148 29 59
1480 1 290 281 38 76
1480 3 474 126 22 63
1480 4 588 149 30 59
1480 2 392 62 16 53
1481 1 288 279 40 78
1481 3 474 127 24 63
1481 4 588 148 30 59
1481 2 392 61 16 53
1482 1 289 279 38 81
1482 3 472 128 26 65
1482 4 588 149 29 59
1482 2 391 62 16 53
1483 1 292 278 33 77
1483 3 475 128 24 63
1483 4 588 148 30 59
1483 2 390 64 16 52
1484 1 289 278 39 79
1484 3 476 135 23 56
1484 4 588 149 29 59
1484 2 392 60 16 53
1485 1 290 274 35 86
1485 3 476 130 23 66
1485 4 588 150 29 59
1485 2 391 62 16 53
1486 1 289 274 39 83
1486 3 476 132 25 62
1486 4 588 149 30 59
1486 2 390 61 16 53
1487 1 289 273 38 84
1487 3 476 134 25 62
1487 4 588 150 29 59
1487 2 390 62 16 53
1488 1 291 273 37 82
1488 3 477 134 25 66
1488 4 588 151 30 59
1488 2 390 61 16 53
1489 1 293 271 34 82
1489 3 478 134 24 58
1489 4 589 150 29 59
1489 2 390 61 16 53
1490 1 291 272 36 78
1490 3 478 134 25 66
1490 4 588 151 30 59
1490 2 391 65 16 52
1491 1 294 268 35 76
1491 3 478 134 25 66
1491 4 588 152 30 59
1491 2 392 65 16 53
1492 1 295 268 33 73
1492 3 474 134 31 66
1492 4 589 152 29 59
1492 2 392 66 16 52
1493 1 293 265 33 72
1493 3 474 135 31 69
1493 4 588 152 31 62
1493 2 392 65 16 53
1494 1 293 262 36 75
1494 3 476 137 30 66
1494 4 588 152 31 62
1494 2 392 66 16 52
1495 1 294 263 34 77
1495 3 477 138 29 66
1495 4 588 153 31 62
1495 2 392 66 16 52
1496 1 295 261 33 78
1496 3 478 139 28 66
1496 4 589 154 31 62
1496 2 392 65 16 53
1497 1 296 261 29 78
1497 3 477 140 30 66
1497 4 589 157 30 59
1497 2 392 65 16 53
1498 1 291 262 38 77
1498 3 478 141 29 66
1498 4 590 157 29 59
1498 2 393 66 16 52
1499 1 294 260 35 77
1499 3 475 142 39 66
1499 4 591 157 29 59
1499 2 394 66 15 53
1500 1 293 261 37 75
1500 3 482 146 33 62
1500 4 592 159 29 59
1500 2 393 67 16 52
1501 1 290 259 38 75
1501 3 484 146 31 63
1501 4 592 158 30 59
1501 2 389 64 16 52
1502 1 287 256 41 78
1502 3 484 146 31 63
1502 4 593 159 30 59
1502 2 390 65 16 53
1503 1 285 252 44 82
1503 3 482 143 33 67
1503 4 594 160 30 59
1503 2 392 68 17 53
1504 1 285 250 44 83
1504 3 477 143 38 67
1504 4 595 161 30 59
1504 2 393 68 16 53
1505 1 284 250 44 82
1505 3 477 145 39 66
1505 4 596 161 30 59
1505 2 392 69 17 53
1506 1 284 248 44 82
1506 3 478 146 38 66
1506 4 598 162 30 59
1506 2 392 67 17 56
1507 1 283 247 44 83
1507 3 479 148 38 66
1507 4 600 162 30 59
1507 2 393 67 17 56
1508 1 283 247 42 79
1508 3 478 147 41 69
1508 4 601 164 30 59
1508 2 393 67 17 55
1509 1 283 246 41 79
1509 3 478 148 41 69
1509 4 604 164 29 59
1509 2 392 67 17 56
1510 1 283 244 41 79
1510 3 479 147 40 69
1510 4 606 165 30 59
1510 2 392 69 17 55
1511 1 282 243 42 79
1511 3 480 150 41 69
1511 4 608 166 30 59
1511 2 392 67 17 56
1512 1 283 243 40 75
1512 3 479 150 42 73
1512 4 610 166 30 59
1512 2 392 68 17 55
1513 1 283 242 40 75
1513 3 480 151 43 73
1513 4 612 167 30 59
1513 2 392 68 17 55
1514 1 283 244 38 71
1514 3 481 151 42 73
1514 4 614 167 29 59
1514 2 392 68 17 56
1515 1 283 243 38 71
1515 3 481 151 42 73
1515 4 615 168 30 59
1515 2 392 68 17 55
1516 1 282 241 38 71
1516 3 483 152 42 74
1516 4 616 168 30 59
1516 2 393 68 17 55
1517 1 282 240 38 72
1517 3 483 154 42 73
1517 4 616 169 30 59
1517 2 392 68 17 56
1518 1 284 240 36 68
1518 3 484 154 42 73
1518 4 617 169 30 59
1518 2 392 68 17 55
1519 1 283 239 36 68
1519 3 484 156 42 73
1519 4 617 170 30 59
1519 2 392 68 17 55
1520 1 284 238 36 68
1520 3 485 158 42 73
1520 4 618 169 30 59
1520 2 392 68 17 56
1521 1 284 238 36 68
1521 3 485 159 42 73
1521 4 618 170 30 59
1521 2 392 68 17 55
1522 1 283 234 40 82
1522 3 486 160 42 73
1522 4 619 170 30 59
1522 2 392 68 17 55
1523 1 281 230 40 82
1523 3 487 162 42 73
1523 4 619 171 30 59
1523 2 392 67 17 56
1524 1 281 229 40 82
1524 3 487 162 42 73
1524 4 619 171 30 59
1524 2 393 69 17 55
1525 1 281 227 40 82
1525 3 488 163 42 73
1525 4 620 171 30 59
1525 2 392 69 17 55
1526 1 281 224 42 86
1526 3 488 163 42 73
1526 4 620 171 30 59
1526 2 392 69 17 55
1527 1 281 223 42 86
1527 3 488 164 42 73
1527 4 620 171 30 59
1527 2 392 69 17 55
1528 1 280 223 42 86
1528 3 489 164 42 73
1528 4 621 172 30 59
1528 2 392 69 17 56
1529 1 281 221 42 87
1529 3 490 166 42 73
1529 4 620 172 30 60
1529 2 393 71 16 53
1530 1 280 221 42 87
1530 3 491 167 41 73
1530 4 620 173 30 59
1530 2 394 72 15 51
1531 1 281 220 42 86
1531 3 492 168 42 73
1531 4 620 173 30 59
1531 2 393 72 16 50
1532 1 281 220 42 87
1532 3 491 171 42 73
1532 4 620 173 30 59
1532 2 394 72 15 51
1533 1 281 220 42 86
1533 3 492 172 42 73
1533 4 620 173 30 59
1533 2 394 72 15 51
1534 1 281 219 42 86
1534 3 493 174 42 73
1534 4 620 174 30 59
1534 2 393 72 15 51
1535 1 280 218 42 87
1535 3 494 175 42 73
1535 4 619 174 30 59
1535 2 393 72 16 51
1536 1 282 218 40 82
1536 3 494 176 42 73
1536 4 619 175 30 59
1536 2 389 65 16 50
1537 1 282 217 40 82
1537 3 496 176 42 73
1537 4 619 175 30 59
1537 2 388 68 16 49
1538 1 281 216 40 82
1538 3 497 178 42 73
1538 4 619 176 30 59
1538 2 389 70 16 49
1539 1 281 216 40 82
1539 3 497 178 42 73
1539 4 618 176 30 59
1539 2 389 73 16 50
1540 1 282 216 38 78
1540 3 498 179 42 73
1540 4 618 177 30 59
1540 2 386 69 16 49
1541 1 282 215 38 78
1541 3 498 180 42 73
1541 4 618 178 30 59
1541 2 386 68 15 49
1542 1 282 214 38 79
1542 3 498 181 42 73
1542 4 618 177 31 61
1542 2 385 68 15 50
1543 1 282 215 36 75
1543 3 499 182 42 73
1543 4 617 177 31 61
1543 2 385 69 15 50
1544 1 282 214 36 75
1544 3 500 186 40 69
1544 4 617 177 32 62
1544 2 383 69 23 51
1545 1 282 213 36 75
1545 3 501 188 40 69
1545 4 617 178 32 61
1545 2 383 63 23 51
1546 3 501 189 40 69
1546 1 282 212 36 74
1546 4 617 178 31 61
1546 2 383 60 23 51
1547 1 283 213 35 71
1547 3 502 190 38 66
1547 4 616 178 32 62
1547 2 382 62 23 52
1548 1 284 214 33 68
1548 3 502 191 38 66
1548 4 617 178 31 62
1548 2 382 62 23 52
1549 1 283 212 35 71
1549 3 502 193 38 66
1549 4 616 179 31 62
1549 2 381 61 24 54
1550 1 283 211 35 71
1550 2 378 62 30 55
1550 3 502 193 38 66
1550 4 616 180 31 62
1551 1 284 210 35 71
1551 2 378 66 30 54
1551 3 501 194 38 66
1551 4 616 181 31 62
1552 1 284 210 34 70
1552 2 378 67 30 54
1552 3 500 192 40 70
1552 4 616 181 31 62
1553 1 284 210 35 70
1553 2 379 66 30 54
1553 3 499 193 40 69
1553 4 615 182 31 62
1554 1 286 209 34 71
1554 2 379 67 30 54
1554 3 499 194 40 69
1554 4 614 182 31 62
1555 1 286 208 35 71
1555 2 380 64 25 50
1555 3 499 195 40 69
1555 4 615 182 31 62
1556 1 286 206 36 74
1556 2 378 63 30 55
1556 3 498 197 40 69
1556 4 614 182 31 62
1557 1 286 205 36 74
1557 2 381 60 26 56
1557 3 498 199 40 69
1557 4 614 182 31 62
1558 1 287 203 36 75
1558 2 379 65 30 54
1558 3 498 200 40 70
1558 4 613 183 31 62
1559 1 287 201 36 75
1559 2 376 62 31 54
1559 3 498 201 40 69
1559 4 613 182 31 62
1560 1 288 200 36 75
1560 2 378 64 30 54
1560 3 498 201 40 70
1560 4 612 183 31 62
1561 1 288 201 35 71
1561 2 378 65 30 54
1561 3 499 202 40 69
1561 4 612 184 31 62
1562 1 290 201 33 68
1562 2 378 64 30 54
1562 3 499 203 40 69
1562 4 611 184 31 62
1563 1 291 203 31 64
1563 2 378 66 30 54
1563 3 499 203 40 69
1563 4 610 185 31 61
1564 1 291 201 31 65
1564 2 379 66 30 54
1564 3 501 203 40 69
1564 4 610 185 31 62
1565 1 291 201 31 64
1565 2 378 66 30 54
1565 3 501 203 40 69
1565 4 609 185 31 62
1566 1 291 200 32 65
1566 2 376 63 27 54
1566 3 502 203 40 69
1566 4 608 185 31 62
1567 1 291 200 31 65
1567 2 378 65 22 54
1567 3 502 203 40 69
1567 4 607 186 31 61
1568 1 291 200 31 64
1568 2 378 62 25 55
1568 3 503 203 40 69
1568 4 606 186 31 61
1569 1 290 197 37 72
1569 2 379 65 25 54
1569 3 502 203 41 73
1569 4 605 186 31 62
1570 1 289 197 37 71
1570 2 379 60 28 54
1570 3 502 204 41 73
1570 4 604 186 32 62
1571 1 289 196 37 71
1571 2 378 63 25 55
1571 3 502 206 41 73
1571 4 604 186 31 62
1572 1 289 194 37 72
1572 2 378 62 23 55
1572 3 503 205 42 73
1572 4 603 187 32 61
1573 1 290 193 37 72
1573 2 372 60 30 54
1573 3 504 206 41 73
1573 4 602 187 31 62
1574 1 290 192 37 72
1574 2 373 61 30 54
1574 3 505 206 41 73
1574 4 602 187 31 62
1575 1 290 191 37 72
1575 2 372 62 30 54
1575 3 505 205 42 73
1575 4 600 188 31 62
1576 1 290 191 37 72
1576 2 372 62 30 55
1576 3 506 206 41 73
1576 4 600 188 31 62
1577 1 290 191 37 72
1577 2 371 62 30 54
1577 3 507 207 41 73
1577 4 600 188 31 61
1578 1 290 190 37 71
1578 2 374 60 31 55
1578 3 507 208 42 73
1578 4 599 188 31 62
1579 1 291 190 37 71
1579 2 373 62 31 55
1579 3 509 208 42 73
1579 4 599 189 31 61
1580 1 295 189 31 67
1580 2 368 62 30 54
1580 3 509 210 42 73
1580 4 598 188 31 62
1581 1 294 189 30 66
1581 2 371 64 30 54
1581 3 510 210 42 72
1581 4 597 189 31 61
1582 1 291 189 37 67
1582 2 371 65 30 54
1582 3 512 212 40 69
1582 4 597 189 31 62
1583 1 291 188 37 66
1583 2 371 65 30 54
1583 3 512 213 40 69
1583 4 597 189 31 62
1584 1 292 187 37 69
1584 2 371 65 30 54
1584 3 513 212 40 69
1584 4 595 190 32 62
1585 1 291 185 38 76
1585 2 370 63 31 57
1585 3 515 212 40 69
1585 4 595 190 32 62
1586 1 292 185 38 68
1586 2 369 61 32 57
1586 3 516 212 40 69
1586 4 594 191 32 62
1587 1 292 185 38 67
1587 2 368 60 32 57
1587 3 517 210 40 69
1587 4 594 191 31 62
1588 1 293 183 38 68
1588 2 369 59 32 57
1588 3 518 208 40 70
1588 4 593 191 32 62
1589 1 294 185 38 64
1589 2 369 60 29 57
1589 3 518 207 40 69
1589 4 593 192 31 62
1590 1 300 184 31 61
1590 2 367 58 29 57
1590 3 519 204 42 73
1590 4 592 193 31 62
1591 1 295 182 38 75
1591 2 365 57 28 57
1591 3 518 202 44 77
1591 4 591 193 32 62
1592 1 295 180 38 76
1592 2 367 59 26 57
1592 3 519 201 45 76
1592 4 590 194 32 62
1593 1 296 179 38 76
1593 2 368 60 25 55
1593 3 520 200 44 76
1593 4 590 194 31 62
1594 1 296 179 39 75
1594 2 366 61 24 54
1594 3 523 201 41 72
1594 4 590 194 31 62
1595 1 297 179 38 75
1595 2 364 60 26 55
1595 3 523 202 42 72
1595 4 589 194 31 62
1596 1 299 179 36 72
1596 2 369 62 30 54
1596 3 525 201 41 73
1596 4 588 195 31 62
1597 1 298 179 37 72
1597 2 362 61 30 55
1597 3 525 202 42 73
1597 4 588 196 31 61
1598 1 299 178 36 72
1598 2 363 61 30 55
1598 3 525 201 44 76
1598 4 587 196 31 61
1599 1 299 178 37 72
1599 2 359 62 31 55
1599 3 526 200 44 76
1599 4 587 196 31 61
1600 1 299 178 36 72
1600 2 360 61 30 55
1600 3 527 200 44 76
1600 4 586 196 31 62
1601 1 299 177 37 72
1601 2 360 61 30 55
1601 3 528 200 44 76
1601 4 585 197 31 61
1602 1 300 177 37 71
1602 2 359 64 30 54
1602 3 529 200 44 76
1602 4 585 197 31 61
1603 1 300 177 37 72
1603 2 363 67 26 50
1603 3 530 198 44 76
1603 4 583 198 31 61
1604 1 300 177 37 71
1604 2 356 66 32 57
1604 3 533 197 44 77
1604 4 582 198 31 61
1605 1 300 176 37 71
1605 2 359 64 30 53
1605 3 534 196 44 76
1605 4 581 198 31 61
1606 1 301 176 37 71
1606 2 356 64 32 57
1606 3 535 195 45 77
1606 4 580 198 31 62
1607 1 300 175 38 75
1607 2 360 64 24 55
1607 3 538 194 44 77
1607 4 579 199 32 61
1608 1 300 175 39 75
1608 2 355 63 32 57
1608 3 539 194 44 77
1608 4 579 198 31 62
1609 1 301 175 37 71
1609 2 365 65 32 57
1609 3 539 194 44 77
1609 4 578 199 32 61
1610 1 301 175 37 71
1610 2 356 62 32 57
1610 3 541 194 44 76
1610 4 578 199 31 62
1611 1 301 174 37 72
1611 2 354 62 25 54
1611 3 543 196 39 72
1611 4 576 200 32 62
1612 1 302 172 37 72
1612 2 356 62 34 59
1612 3 545 196 39 72
1612 4 576 200 31 62
1613 1 301 171 38 76
1613 2 352 61 20 54
1613 3 547 195 39 67
1613 4 576 201 31 62
1614 1 300 169 40 79
1614 2 353 62 27 56
1614 3 549 196 39 67
1614 4 575 202 31 62
1615 1 301 169 39 76
1615 2 352 62 20 56
1615 3 551 196 38 67
1615 4 573 202 31 62
1616 1 302 170 38 76
1616 2 353 62 24 58
1616 3 552 196 39 66
1616 4 573 202 31 62
1617 1 309 170 27 68
1617 2 351 63 25 57
1617 3 554 196 39 67
1617 4 571 204 31 62
1618 1 306 170 29 69
1618 2 346 65 30 55
1618 3 556 196 39 66
1618 4 569 206 31 61
1619 1 307 169 34 69
1619 2 347 65 28 54
1619 3 557 195 41 69
1619 4 569 206 31 62
1620 1 307 169 30 66
1620 2 345 62 30 53
1620 3 558 195 41 66
1620 4 567 206 31 62
1621 1 302 169 39 75
1621 2 342 66 31 60
1621 3 560 199 41 65
1621 4 566 204 31 62
1622 1 303 169 38 75
1622 2 348 65 35 52
1622 3 560 201 41 59
1622 4 566 209 31 62
1623 1 303 169 39 75
1623 2 339 69 39 47
1623 3 560 202 41 60
1623 4 566 209 32 65
1624 1 304 170 37 71
1624 2 344 68 31 50
1624 3 559 198 41 59
1624 4 564 208 33 65
1625 1 308 172 29 61
1625 2 343 68 30 51
1625 3 560 199 41 59
1625 4 563 208 33 65
1626 1 304 171 37 72
1626 2 342 67 28 52
1626 3 560 201 41 59
1626 4 562 203 35 69
1627 1 304 170 37 72
1627 2 343 68 25 53
1627 3 574 201 27 58
1627 4 558 203 34 69
1628 1 306 171 36 72
1628 2 342 68 26 51
1628 3 574 200 28 57
1628 4 563 200 35 68
1629 1 306 171 37 72
1629 2 342 67 23 52
1629 3 572 201 31 61
1629 4 559 203 34 69
1630 1 307 173 35 68
1630 2 342 66 22 52
1630 3 572 202 34 61
1630 4 559 202 38 69
1631 1 307 173 35 68
1631 2 341 67 33 63
1631 3 574 202 29 62
1631 4 557 201 34 68
1632 1 307 172 35 69
1632 2 336 64 28 60
1632 3 578 203 30 63
1632 4 553 198 36 72
1633 1 308 172 35 69
1633 2 340 66 28 60
1633 3 573 204 29 62
1633 4 556 198 35 72
1634 1 308 172 35 69
1634 2 339 68 28 60
1634 3 573 204 29 62
1634 4 556 200 28 72
1635 1 310 174 34 65
1635 2 338 67 22 54
1635 3 575 204 29 62
1635 4 558 200 28 72
1636 1 310 174 34 65
1636 2 337 68 23 55
1636 3 577 206 31 59
1636 4 556 198 30 75
1637 1 311 175 33 65
1637 2 335 69 24 54
1637 3 577 206 30 59
1637 4 555 198 30 76
1638 1 312 175 34 65
1638 2 334 69 23 55
1638 3 578 206 30 60
1638 4 555 196 30 76
1639 1 313 175 33 65
1639 2 333 71 26 51
1639 3 578 207 30 59
1639 4 553 196 30 76
1640 1 313 175 34 65
1640 2 332 71 27 52
1640 3 577 207 31 64
1640 4 545 198 36 67
1641 1 314 176 33 65
1641 2 332 71 24 52
1641 3 577 208 31 64
1641 4 546 200 36 67
1642 1 314 176 34 65
1642 2 331 72 25 53
1642 3 576 208 33 70
1642 4 546 200 36 67
1643 1 314 176 34 65
1643 2 331 71 23 50
1643 3 575 208 34 70
1643 4 545 198 38 70
1644 1 315 177 34 66
1644 2 333 74 24 55
1644 3 575 209 34 70
1644 4 545 197 38 70
1645 1 316 177 34 66
1645 2 328 71 28 55
1645 3 575 210 33 71
1645 4 546 197 38 70
1646 1 317 179 32 62
1646 2 328 69 28 60
1646 3 574 212 33 70
1646 4 546 197 37 70
1647 1 318 179 32 62
1647 2 328 71 27 57
1647 3 572 209 35 74
1647 4 547 196 37 70
1648 1 319 180 32 63
1648 2 327 72 27 57
1648 3 570 208 34 74
1648 4 547 199 38 63
1649 1 319 180 32 63
1649 2 326 73 27 57
1649 3 570 210 33 71
1649 4 548 199 37 64
1650 1 320 180 32 63
1650 2 326 73 27 57
1650 3 569 210 33 71
1650 4 545 190 39 73
1651 1 321 181 32 62
1651 2 325 74 27 57
1651 3 568 211 33 71
1651 4 548 199 40 58
1652 1 322 182 32 62
1652 2 324 75 27 57
1652 3 567 212 33 70
1652 4 548 200 40 59
1653 1 323 183 32 62
1653 2 323 75 27 57
1653 3 568 214 31 68
1653 4 548 200 40 57
1654 1 323 183 32 62
1654 2 323 75 27 57
1654 3 567 216 31 67
1654 4 550 196 39 62
1655 1 324 183 32 62
1655 2 323 77 25 54
1655 3 563 207 37 77
1655 4 548 194 39 64
1656 1 326 184 36 62
1656 2 322 78 25 54
1656 3 559 200 36 77
1656 4 553 191 41 66
1657 1 326 184 35 62
1657 2 321 79 24 52
1657 3 559 208 35 74
1657 4 549 192 39 67
1658 1 326 184 36 62
1658 2 320 80 24 52
1658 3 558 205 34 76
1658 4 550 189 40 68
1659 1 327 184 36 62
1659 2 320 82 23 49
1659 3 557 203 35 76
1659 4 554 193 40 68
1660 1 327 184 35 62
1660 2 318 82 24 49
1660 3 553 200 38 84
1660 4 555 194 37 65
1661 1 327 184 36 62
1661 2 317 83 24 49
1661 3 550 205 39 79
1661 4 555 193 37 64
1662 1 328 185 36 62
1662 2 316 83 23 49
1662 3 545 204 48 75
1662 4 554 195 36 61
1663 1 328 184 35 62
1663 2 316 85 22 47
1663 3 539 203 50 76
1663 4 559 194 36 61
1664 1 328 185 36 62
1664 2 315 85 22 47
1664 3 542 202 42 76
1664 4 552 196 35 62
1665 1 328 185 36 62
1665 2 314 85 22 47
1665 3 538 204 45 76
1665 4 549 195 38 64
1666 1 329 185 36 62
1666 2 313 85 22 47
1666 3 540 205 38 75
1666 4 551 191 37 64
1667 1 329 186 35 62
1667 2 312 84 22 47
1667 3 541 201 38 76
1667 4 555 192 36 61
1668 1 330 186 35 62
1668 2 310 84 22 47
1668 3 538 205 38 72
1668 4 546 193 38 65
1669 1 330 186 35 62
1669 2 309 85 21 44
1669 3 537 202 40 74
1669 4 552 187 39 68
1670 1 336 192 28 58
1670 2 305 81 24 49
1670 3 537 201 39 74
1670 4 558 187 30 68
1671 1 336 195 30 55
1671 2 305 84 24 49
1671 3 539 203 34 73
1671 4 555 190 28 57
1672 1 334 194 33 57
1672 2 302 86 25 49
1672 3 538 199 35 78
1672 4 553 190 29 57
1673 1 337 193 30 60
1673 2 301 85 24 49
1673 3 538 195 34 81
1673 4 553 191 28 58
1674 1 335 196 32 57
1674 2 300 87 24 49
1674 3 537 198 33 78
1674 4 552 191 28 57
1675 1 336 198 29 60
1675 2 297 87 24 49
1675 3 536 197 36 79
1675 4 557 191 29 57
1676 1 335 193 30 61
1676 2 296 88 25 49
1676 3 535 196 37 78
1676 4 556 193 29 58
1677 1 335 194 30 63
1677 2 295 90 23 47
1677 3 536 195 31 78
1677 4 558 194 30 58
1678 1 337 198 29 60
1678 2 293 90 23 47
1678 3 529 196 38 74
1678 4 556 194 30 58
1679 1 335 197 30 60
1679 2 292 90 23 47
1679 3 526 196 40 74
1679 4 556 195 30 58
1680 1 336 197 28 58
1680 2 291 90 23 47
1680 3 525 193 43 74
1680 4 556 195 30 58
1681 1 337 197 27 60
1681 2 289 91 23 47
1681 3 523 192 43 74
1681 4 556 196 30 58
1682 1 337 198 28 59
1682 2 288 90 23 47
1682 3 522 192 43 74
1682 4 556 196 30 58
1683 1 338 199 27 56
1683 2 285 83 25 59
1683 3 526 193 43 73
1683 4 556 197 30 58
1684 1 338 196 29 63
1684 2 284 86 25 59
1684 3 525 192 43 74
1684 4 556 197 30 58
1685 1 340 200 28 62
1685 2 283 87 24 59
1685 3 524 192 43 73
1685 4 556 198 30 57
1686 1 338 201 30 57
1686 2 281 88 25 59
1686 3 523 193 43 73
1686 4 557 199 30 57
1687 1 338 197 31 66
1687 2 280 88 25 59
1687 3 521 192 44 74
1687 4 557 200 30 57
1688 1 339 198 30 65
1688 2 279 90 24 56
1688 3 521 190 43 74
1688 4 557 202 29 55
1689 1 340 200 34 69
1689 2 278 90 24 56
1689 3 522 192 42 70
1689 4 558 202 28 55
1690 1 340 203 32 64
1690 2 278 90 24 57
1690 3 523 192 41 70
1690 4 558 203 29 55
1691 1 340 203 31 67
1691 2 276 91 24 56
1691 3 523 191 41 70
1691 4 559 203 28 53
1692 1 341 204 31 65
1692 2 275 90 23 56
1692 3 524 190 41 71
1692 4 560 204 28 52
1693 1 343 203 30 66
1693 2 273 91 23 56
1693 3 524 189 41 70
1693 4 560 204 28 53
1694 1 343 204 28 67
1694 2 272 91 23 56
1694 3 525 189 41 70
1694 4 561 205 27 53
1695 1 343 204 35 73
1695 2 270 91 24 56
1695 3 526 189 41 70
1695 4 562 207 27 52
1696 1 344 204 30 66
1696 2 269 91 24 56
1696 3 526 189 41 70
1696 4 562 207 28 52
1697 1 343 205 36 72
1697 2 268 93 22 53
1697 3 527 190 41 70
1697 4 562 207 29 55
1698 1 348 208 27 62
1698 2 267 95 21 51
1698 3 526 188 43 74
1698 4 562 207 29 55
1699 1 346 208 30 57
1699 2 266 96 21 49
1699 3 527 189 43 74
1699 4 563 207 28 55
1700 1 348 204 31 72
1700 2 265 97 20 48
1700 3 527 188 43 74
1700 4 563 208 28 55
1701 1 348 205 29 66
1701 2 264 97 19 46
1701 3 529 188 43 74
1701 4 563 209 28 55
1702 1 348 203 31 70
1702 2 262 97 19 46
1702 3 529 186 45 77
1702 4 562 209 29 55
1703 1 349 207 30 68
1703 2 261 97 19 46
1703 3 532 185 45 77
1703 4 562 210 28 55
1704 1 350 205 29 69
1704 2 259 97 19 46
1704 3 527 184 52 70
1704 4 561 209 30 58
1705 1 351 206 29 69
1705 2 253 98 29 57
1705 3 533 187 53 70
1705 4 562 209 30 58
1706 1 351 206 30 69
1706 2 252 98 29 57
1706 3 537 187 52 70
1706 4 560 209 31 60
1707 1 352 207 29 70
1707 2 252 99 29 57
1707 3 532 182 53 70
1707 4 557 207 33 64
1708 1 352 208 29 70
1708 2 250 101 28 54
1708 3 541 185 53 70
1708 4 557 208 33 64
1709 1 353 209 29 69
1709 2 249 102 28 54
1709 3 543 187 52 70
1709 4 557 208 33 63
1710 1 353 211 29 69
1710 2 248 102 27 55
1710 3 545 190 50 66
1710 4 556 208 33 64
1711 1 354 211 29 69
1711 2 247 102 27 55
1711 3 545 190 50 67
1711 4 556 208 34 67
1712 1 354 212 34 76
1712 2 246 101 19 55
1712 3 546 184 42 66
1712 4 555 209 34 66
1713 1 352 211 34 76
1713 2 239 103 27 54
1713 3 555 183 47 63
1713 4 555 209 34 67
1714 1 354 212 33 75
1714 2 246 104 20 54
1714 3 554 184 41 64
1714 4 554 211 35 66
1715 1 354 212 34 75
1715 2 241 104 27 54
1715 3 555 186 45 60
1715 4 554 210 35 67
1716 1 355 212 34 76
1716 2 246 104 27 55
1716 3 555 185 45 60
1716 4 554 211 34 66
1717 1 355 213 34 76
1717 2 234 106 27 55
1717 3 558 184 38 58
1717 4 554 211 34 67
1718 1 356 214 34 75
1718 2 242 108 28 54
1718 3 564 180 36 68
1718 4 553 218 34 67
1719 1 358 220 32 66
1719 2 236 103 29 58
1719 3 553 184 52 70
1719 4 554 214 34 67
1720 1 359 219 32 67
1720 2 237 103 29 58
1720 3 554 185 52 70
1720 4 553 216 35 66
1721 1 359 219 34 71
1721 2 235 102 26 58
1721 3 555 186 52 70
1721 4 552 216 35 67
1722 1 362 222 28 67
1722 3 557 186 52 70
1722 4 552 217 35 66
1723 1 365 223 28 71
1723 3 571 184 39 66
1723 4 552 217 34 66
1724 1 365 225 31 70
1724 3 572 186 39 66
1724 4 551 218 34 66
1725 1 367 226 30 71
1725 3 574 187 39 66
1725 4 549 219 35 67
1726 1 366 227 31 69
1726 3 575 188 39 66
1726 4 549 221 34 66
1727 1 368 229 29 66
1727 3 575 187 41 68
1727 4 549 221 34 66
1728 1 366 231 31 62
1728 3 577 187 41 68
1728 4 547 222 35 67
1729 1 364 231 37 71
1729 3 579 188 41 68
1729 4 547 223 35 67
1730 1 367 233 32 64
1730 3 580 187 42 69
1730 4 545 225 35 66
1731 1 367 231 34 68
1731 3 582 189 41 68
1731 4 546 227 33 63
1732 1 370 230 31 71
1732 3 583 187 43 72
1732 4 545 227 33 64
1733 1 369 231 33 67
1733 3 585 189 43 73
1733 4 544 228 33 63
1734 1 374 233 31 67
1734 3 586 192 43 72
1734 4 542 228 35 66
1735 1 377 232 28 66
1735 3 586 193 43 72
1735 4 541 228 34 67
1736 1 376 235 29 62
1736 3 588 192 43 72
1736 4 540 229 35 67
1737 1 378 232 27 69
1737 3 588 192 43 73
1737 4 539 230 35 66
1738 1 379 235 28 67
1738 3 588 193 43 73
1738 4 539 232 33 63
1739 1 376 233 31 69
1739 3 589 193 43 73
1739 4 538 231 33 64
1740 1 374 237 36 69
1740 3 589 193 43 73
1740 4 537 232 33 63
1741 1 377 239 32 69
1741 3 590 194 43 73
1741 4 537 232 33 63
1742 1 378 239 34 70
1742 3 590 197 43 72
1742 4 536 231 33 64
1743 1 379 239 35 72
1743 3 590 198 43 72
1743 4 535 232 33 64
1744 1 377 238 36 74
1744 3 590 199 43 73
1744 4 534 233 33 64
1745 1 382 244 32 70
1745 3 589 199 46 76
1745 4 532 232 34 64
1746 1 381 245 31 65
1746 3 589 200 46 76
1746 4 531 234 33 63
1747 1 383 245 30 66
1747 3 590 201 45 76
1747 4 530 236 32 60
1748 1 384 247 32 69
1748 3 590 203 45 76
1748 4 529 235 32 60
1749 1 385 245 32 70
1749 3 590 204 45 76
1749 4 528 235 31 60
1750 1 388 246 29 67
1750 3 589 203 45 76
1750 4 526 236 31 61
1751 1 388 245 31 70
1751 3 588 205 45 76
1751 4 525 237 31 60
1752 1 391 247 26 66
1752 3 588 205 45 76
1752 4 523 237 32 60
1753 1 392 247 27 67
1753 3 587 206 45 76
1753 4 522 238 32 60
1754 1 392 249 29 64
1754 3 587 207 45 76
1754 4 521 237 31 61
1755 1 393 252 29 63
1755 3 586 208 45 76
1755 4 520 237 31 61
1756 1 395 250 30 68
1756 3 585 211 39 81
1756 4 518 237 33 68
1757 1 396 250 30 68
1757 3 589 218 36 66
1757 4 516 234 33 66
1758 1 397 252 29 66
1758 3 591 217 32 70
1758 4 514 234 34 69
1759 1 395 254 30 67
1759 3 589 216 34 73
1759 4 513 235 34 75
1760 1 398 255 35 69
1760 3 587 220 37 72
1760 4 512 235 35 70
1761 1 397 249 32 75
1761 3 587 217 31 69
1761 4 511 236 33 76
1762 1 397 251 37 75
1762 3 587 218 32 69
1762 4 510 237 33 66
1763 1 396 256 42 71
1763 3 583 218 36 70
1763 4 502 239 40 72
1764 1 397 254 42 74
1764 3 579 220 39 69
1764 4 502 240 39 71
1765 1 399 258 43 68
1765 3 580 218 36 71
1765 4 508 240 31 64
1766 1 400 257 42 69
1766 3 580 218 37 71
1766 4 501 241 37 72
1767 1 401 258 42 67
1767 3 579 220 35 72
1767 4 505 241 31 73
1768 1 403 258 41 69
1768 3 578 220 34 73
1768 4 504 243 29 70
1769 1 406 256 41 68
1769 3 577 221 37 71
1769 4 503 243 30 70
1770 1 407 254 41 73
1770 3 575 222 34 70
1770 4 502 243 30 70
1771 1 407 255 42 73
1771 3 575 225 32 68
1771 4 501 243 28 73
1772 1 408 260 43 63
1772 3 573 225 32 68
1772 4 500 243 30 60
1773 1 417 257 34 73
1773 3 566 226 38 67
1773 4 498 241 31 73
1774 1 421 259 32 73
1774 3 571 225 32 71
1774 4 497 240 30 72
1775 1 420 264 35 66
1775 3 570 226 31 72
1775 4 497 240 30 67
1776 1 422 264 38 70
1776 3 569 225 30 72
1776 4 489 241 39 70
1777 1 420 265 38 76
1777 3 563 225 38 70
1777 4 484 241 42 70
1778 1 420 264 37 73
1778 3 558 226 38 73
1778 4 482 240 43 73
1779 1 417 264 40 74
1779 3 558 228 38 72
1779 4 476 241 47 70
1780 1 417 267 42 75
1780 3 557 227 35 75
1780 4 475 243 48 73
1781 1 420 266 41 80
1781 3 557 228 33 72
1781 4 476 243 46 70
1782 1 420 267 41 76
1782 3 556 230 30 71
1782 4 477 243 45 68
1783 1 422 267 39 75
1783 3 559 227 25 80
1783 4 478 240 42 75
1784 1 426 271 39 70
1784 3 552 227 33 78
1784 4 475 243 44 69
1785 1 426 269 39 73
1785 3 550 227 35 77
1785 4 475 241 46 72
1786 1 428 268 39 74
1786 3 549 228 31 74
1786 4 476 240 45 73
1787 1 428 270 39 73
1787 3 546 230 33 67
1787 4 476 239 39 73
1788 1 435 266 33 77
1788 3 542 228 33 72
1788 4 475 238 38 73
1789 1 435 270 34 72
1789 3 535 230 40 71
1789 4 476 243 35 67
1790 1 440 267 31 75
1790 3 534 230 38 70
1790 2 221 120 23 50
1790 4 478 239 30 72
1791 1 438 267 33 73
1791 3 532 231 41 72
1791 2 223 120 22 49
1791 4 475 241 30 72
1792 1 440 268 34 74
1792 3 529 232 45 76
1792 2 220 123 25 47
1792 4 475 237 30 77
1793 1 440 266 34 78
1793 3 527 232 45 77
1793 2 220 122 22 53
1793 4 474 239 30 76
1794 1 442 266 34 78
1794 3 524 233 45 77
1794 2 218 124 22 50
1794 4 471 242 31 72
1795 1 443 267 34 77
1795 3 522 234 45 76
1795 2 217 123 23 47
1795 4 471 246 30 71
1796 1 445 266 33 77
1796 3 520 235 44 70
1796 2 216 123 23 47
1796 4 468 247 32 63
1797 1 446 268 34 77
1797 3 517 235 45 69
1797 2 219 124 24 50
1797 4 468 247 31 64
1798 1 438 270 48 74
1798 3 523 235 32 70
1798 2 215 124 26 50
1798 4 465 245 33 70
1799 1 440 269 42 72
1799 2 211 123 25 54
1799 3 521 232 37 75
1799 4 462 241 33 76
1800 1 440 269 45 73
1800 2 215 123 30 54
1800 3 520 233 34 76
1800 4 461 245 32 71
1801 1 441 268 47 73
1801 2 215 124 30 54
1801 3 515 233 39 77
1801 4 461 244 32 71
1802 1 447 267 42 70
1802 2 215 124 30 54
1802 3 514 233 35 76
1802 4 460 245 31 71
1803 1 447 270 41 66
1803 2 215 124 30 54
1803 3 511 231 37 76
1803 4 459 247 31 70
1804 1 448 270 41 64
1804 2 215 125 30 54
1804 3 505 231 41 77
1804 4 459 241 31 74
1805 1 449 269 41 66
1805 2 213 127 31 54
1805 3 503 232 45 76
1805 4 458 246 32 72
1806 1 457 269 34 67
1806 2 213 126 31 54
1806 3 502 234 45 76
1806 4 458 247 32 71
1807 1 462 266 32 73
1807 2 212 128 30 54
1807 3 499 235 45 76
1807 4 457 248 32 72
1808 1 462 267 33 72
1808 2 211 129 31 54
1808 3 497 236 45 77
1808 4 456 246 33 76
1809 1 462 268 34 71
1809 2 211 130 30 54
1809 3 503 237 36 75
1809 4 455 249 32 71
1810 1 465 268 33 68
1810 2 210 132 31 54
1810 3 501 237 36 77
1810 4 454 255 31 63
1811 1 467 268 30 75
1811 2 204 131 30 54
1811 3 491 237 45 76
1811 4 451 247 32 72
1812 1 466 267 35 74
1812 2 203 131 31 54
1812 3 495 236 38 77
1812 4 449 254 32 64
1813 1 458 263 46 78
1813 2 203 134 30 55
1813 3 494 237 38 77
1813 4 447 253 32 63
1814 1 466 268 39 71
1814 2 202 134 30 54
1814 3 494 238 37 76
1814 4 446 252 31 64
1815 1 464 268 50 71
1815 2 201 134 31 55
1815 3 490 238 39 73
1815 4 436 249 40 68
1816 1 469 268 44 74
1816 2 201 134 31 55
1816 3 484 239 43 73
1816 4 431 252 44 64
1817 1 469 268 44 75
1817 2 201 135 30 55
1817 3 483 240 43 73
1817 4 431 254 43 63
1818 1 469 266 46 78
1818 2 200 135 31 54
1818 3 480 240 45 77
1818 4 429 254 44 63
1819 1 468 263 47 83
1819 2 200 135 31 55
1819 3 478 240 47 80
1819 4 428 253 44 64
1820 1 470 266 45 78
1820 2 199 136 31 54
1820 3 477 240 47 81
1820 4 429 253 41 64
1821 1 471 266 46 78
1821 2 198 139 31 54
1821 3 476 240 47 81
1821 4 427 252 43 66
1822 1 474 267 43 74
1822 2 198 139 31 55
1822 3 474 242 47 80
1822 4 430 251 39 67
1823 1 479 267 38 71
1823 2 197 141 29 52
1823 3 474 242 47 80
1823 4 432 252 34 66
1824 1 477 267 42 71
1824 2 196 142 29 52
1824 3 478 240 37 72
1824 4 431 252 34 66
1825 1 488 267 32 71
1825 2 195 143 29 52
1825 3 477 244 35 68
1825 4 430 252 34 67
1826 1 489 260 34 79
1826 2 193 143 31 55
1826 3 476 241 34 73
1826 4 429 252 34 67
1827 1 489 261 38 80
1827 2 193 146 29 51
1827 3 476 243 32 69
1827 4 428 251 35 70
1828 1 483 256 38 80
1828 2 192 146 28 52
1828 3 471 245 36 70
1828 4 426 252 35 70
1829 1 493 258 30 80
1829 2 190 147 29 52
1829 3 471 245 32 73
1829 4 425 252 35 70
1830 1 494 259 40 82
1830 2 189 148 29 51
1830 3 469 245 31 75
1830 4 424 252 36 70
1831 1 491 259 38 81
1831 2 189 150 28 49
1831 3 468 243 32 78
1831 4 423 252 35 70
1832 1 482 259 48 82
1832 2 187 150 28 49
1832 3 466 245 34 73
1832 4 422 254 34 77
1833 1 494 259 42 81
1833 2 187 153 26 46
1833 3 462 246 36 79
1833 4 422 255 33 77
1834 1 494 260 40 81
1834 2 186 152 26 46
1834 3 457 249 42 72
1834 4 421 257 33 77
1835 1 495 257 40 86
1835 2 184 153 26 46
1835 3 455 249 41 73
1835 4 420 256 34 76
1836 1 495 257 41 86
1836 2 182 153 27 47
1836 3 454 249 41 76
1836 4 417 256 36 77
1837 1 500 258 37 85
1837 2 180 153 27 47
1837 3 459 251 35 72
1837 4 417 257 34 67
1838 1 497 256 41 85
1838 2 178 154 26 47
1838 3 457 251 35 75
1838 4 416 258 34 66
1839 1 492 256 47 86
1839 2 177 153 27 50
1839 3 458 253 32 71
1839 4 416 258 34 79
1840 1 493 255 47 86
1840 2 175 154 28 49
1840 3 455 253 31 72
1840 4 415 259 32 76
1841 1 502 254 34 77
1841 2 174 154 29 52
1841 3 455 255 31 72
1841 4 414 260 33 76
1842 1 503 253 35 80
1842 2 172 154 31 55
1842 3 452 248 33 81
1842 4 414 261 33 74
1843 1 504 252 35 76
1843 2 169 154 32 57
1843 3 449 247 36 77
1843 4 413 261 33 77
1844 1 504 251 35 74
1844 2 170 158 27 53
1844 3 450 251 33 73
1844 4 412 262 34 77
1845 1 505 251 32 79
1845 2 171 161 25 50
1845 3 446 247 34 83
1845 4 411 262 34 67
1846 1 506 249 32 77
1846 2 167 160 28 51
1846 3 446 250 37 78
1846 4 410 264 34 67
1847 1 508 249 29 76
1847 2 161 154 32 57
1847 3 444 251 36 80
1847 4 408 265 34 67
1848 1 509 248 33 78
1848 2 161 157 30 54
1848 3 443 251 35 80
1848 4 408 266 34 67
1849 1 507 251 35 74
1849 2 160 159 30 54
1849 3 442 249 34 83
1849 4 407 268 34 67
1850 1 508 253 35 75
1850 2 160 162 28 52
1850 3 439 249 35 84
1850 4 407 269 34 67
1851 1 507 251 35 76
1851 2 158 165 30 54
1851 3 437 254 35 72
1851 4 401 269 39 74
1852 1 508 251 35 74
1852 2 157 167 28 57
1852 3 436 254 34 75
1852 4 401 270 38 73
1853 1 507 249 37 75
1853 2 160 168 26 53
1853 3 434 248 33 82
1853 4 400 271 39 76
1854 1 509 253 35 69
1854 2 154 168 29 57
1854 3 431 251 33 80
1854 4 403 272 35 74
1855 1 510 245 36 76
1855 2 154 173 30 52
1855 3 430 249 33 82
1855 4 405 273 32 76
1856 1 512 248 35 78
1856 2 153 175 27 57
1856 3 428 251 33 82
1856 4 404 275 33 75
1857 1 509 245 41 74
1857 2 150 171 30 57
1857 3 426 249 33 82
1857 4 401 276 36 74
1858 1 514 245 37 75
1858 2 149 172 31 57
1858 3 424 248 33 83
1858 4 402 276 36 70
1859 1 517 244 38 74
1859 2 148 172 31 67
1859 3 423 250 32 79
1859 4 400 273 37 73
1860 1 516 244 39 70
1860 2 150 173 32 67
1860 3 421 250 32 79
1860 4 400 275 35 70
1861 1 517 242 39 75
1861 2 150 175 30 64
1861 3 420 250 31 79
1861 4 399 276 35 70
1862 1 516 242 41 74
1862 2 149 176 30 64
1862 3 418 253 30 75
1862 4 397 274 37 74
1863 1 519 240 38 75
1863 2 144 179 30 64
1863 3 416 252 32 78
1863 4 397 275 36 73
1864 1 521 240 37 76
1864 2 145 180 30 64
1864 3 415 252 31 78
1864 4 397 276 36 74
1865 1 521 240 38 75
1865 2 144 179 31 64
1865 3 413 253 32 78
1865 4 396 277 36 74
1866 1 522 240 37 78
1866 2 141 186 29 61
1866 3 411 252 33 83
1866 4 395 278 37 73
1867 1 522 239 37 75
1867 2 141 185 29 61
1867 3 408 252 34 83
1867 4 394 280 37 73
1868 1 522 239 37 76
1868 2 141 185 28 61
1868 3 406 251 35 87
1868 4 394 281 37 73
1869 1 523 238 37 78
1869 2 139 186 28 60
1869 3 406 250 33 82
1869 4 393 282 37 73
1870 1 524 238 35 80
1870 2 138 185 28 61
1870 3 404 248 34 87
1870 4 392 281 39 77
1871 1 521 238 39 78
1871 2 136 186 29 60
1871 3 401 249 35 87
1871 4 392 282 39 77
1872 1 521 236 39 79
1872 2 134 187 29 60
1872 3 392 249 42 84
1872 4 392 282 39 77
1873 1 521 235 40 78
1873 2 133 187 28 60
1873 3 391 250 42 78
1873 4 390 288 39 76
1874 1 523 233 38 80
1874 2 131 191 30 69
1874 3 389 251 42 76
1874 4 389 286 39 76
1875 1 525 232 37 78
1875 2 130 192 31 69
1875 3 387 254 41 75
1875 4 387 293 39 77
1876 1 526 231 36 79
1876 2 129 192 31 69
1876 3 385 255 42 72
1876 4 389 294 39 77
1877 1 524 230 38 72
1877 2 129 194 30 69
1877 3 392 255 34 72
1877 4 395 294 30 79
1878 1 526 229 37 73
1878 2 128 194 30 69
1878 3 391 258 32 70
1878 4 393 290 31 79
1879 1 525 228 37 72
1879 2 126 193 31 69
1879 3 389 258 32 66
1879 4 393 293 31 78
1880 1 525 227 38 72
1880 2 125 193 32 72
1880 3 388 255 33 83
1880 4 393 292 31 79
1881 1 525 227 39 74
1881 2 124 200 29 65
1881 3 387 255 33 83
1881 4 393 295 31 78
1882 1 525 229 34 71
1882 2 121 201 29 68
1882 3 384 253 35 87
1882 4 393 295 30 78
1883 1 525 228 35 70
1883 2 119 203 29 68
1883 3 383 254 34 83
1883 4 393 298 29 75
1884 1 528 229 33 69
1884 2 121 203 29 67
1884 3 380 253 33 83
1884 4 393 299 29 74
1885 1 527 228 32 70
1885 2 120 212 28 64
1885 3 377 252 35 83
1885 4 393 301 28 71
1886 1 527 228 32 72
1886 2 119 212 28 65
1886 3 376 250 35 86
1886 4 393 302 28 71
1887 1 526 228 33 70
1887 2 117 213 32 67
1887 3 367 249 43 87
1887 4 393 304 27 72
1888 1 527 223 39 73
1888 2 118 213 32 68
1888 3 366 251 43 87
1888 4 392 306 28 71
1889 1 526 223 40 75
1889 2 115 215 32 68
1889 3 364 252 43 87
1889 4 392 306 27 71
1890 1 527 222 40 77
1890 2 114 216 33 68
1890 3 363 251 43 78
1890 4 392 310 26 68
1891 1 528 221 40 77
1891 2 116 217 32 68
1891 3 362 250 42 78
1891 4 393 310 26 68
1892 1 528 219 41 78
1892 2 115 217 33 68
1892 3 362 238 42 87
1892 4 393 311 26 68
1893 1 529 220 39 74
1893 2 112 218 33 67
1893 3 361 251 42 74
1893 4 392 312 26 68
1894 1 530 220 39 73
1894 2 114 219 33 67
1894 3 360 251 43 75
1894 4 392 314 26 67
1895 1 527 219 43 74
1895 2 113 220 33 67
1895 3 359 251 43 76
1895 4 392 314 27 71
1896 1 535 221 37 69
1896 2 112 219 34 71
1896 3 358 250 43 77
1896 4 391 313 28 71
1897 1 531 220 41 71
1897 2 111 220 34 71
1897 3 357 249 40 74
1897 4 392 314 27 71
1898 1 532 218 40 73
1898 2 111 222 34 71
1898 3 358 249 42 77
1898 4 392 314 28 71
1899 1 533 215 39 74
1899 2 110 224 34 71
1899 3 357 247 39 75
1899 4 392 316 27 71
1900 1 535 215 36 74
1900 2 110 225 35 75
1900 3 356 245 40 78
1900 4 392 316 27 71
1901 1 535 215 37 74
1901 2 109 228 36 75
1901 3 356 245 38 76
1901 4 392 315 28 71
1902 1 535 214 37 74
1902 2 109 230 35 75
1902 3 361 244 33 80
1902 4 392 317 28 71
1903 1 530 215 41 70
1903 2 109 232 35 75
1903 3 365 244 31 78
1903 4 391 316 29 75
1904 1 531 215 41 70
1904 2 108 235 34 71
1904 3 363 244 33 81
1904 4 388 317 32 75
1905 1 529 213 43 73
1905 2 109 236 34 71
1905 3 359 243 37 81
1905 4 390 317 30 79
1906 1 538 212 34 74
1906 2 102 237 40 71
1906 3 355 244 42 79
1906 4 390 318 30 78
1907 1 540 214 33 74
1907 2 106 236 39 71
1907 3 364 245 33 74
1907 4 389 318 32 82
1908 1 535 212 35 73
1908 2 106 236 39 71
1908 3 362 245 32 74
1908 4 389 319 32 82
1909 1 536 210 33 74
1909 2 106 242 34 66
1909 3 363 244 32 77
1909 4 389 320 32 82
1910 1 538 210 34 74
1910 2 106 238 39 71
1910 3 368 244 30 71
1910 4 389 321 32 82
1911 1 540 209 30 76
1911 2 103 243 37 73
1911 3 363 244 36 69
1911 4 389 322 32 81
1912 1 539 210 28 70
1912 2 102 247 42 74
1912 3 363 243 39 73
1912 4 389 324 32 82
1913 1 539 209 29 70
1913 2 100 249 42 75
1913 3 365 239 35 78
1913 4 389 324 32 82
1914 1 537 207 29 64
1914 2 104 246 42 74
1914 3 364 243 39 72
1914 4 388 325 32 82
1915 1 538 205 30 67
1915 2 101 252 41 74
1915 3 365 244 37 70
1915 4 388 326 32 82
1916 1 538 206 29 68
1916 2 102 254 35 67
1916 3 366 241 38 72
1916 4 388 327 32 82
1917 1 537 203 30 70
1917 2 104 252 33 70
1917 3 367 240 34 76
1917 4 387 327 32 82
1918 1 537 203 31 68
1918 2 103 253 35 72
1918 3 367 241 38 73
1918 4 387 329 32 81
1919 1 537 203 29 70
1919 2 103 253 35 73
1919 3 372 240 34 73
1919 4 386 329 32 81
1920 1 538 203 29 71
1920 2 103 254 35 74
1920 3 369 241 36 75
1920 4 386 329 32 82
1921 1 537 200 32 73
1921 2 103 255 32 72
1921 3 368 241 37 72
1921 4 386 331 31 81
1922 1 539 203 29 62
1922 2 99 258 41 75
1922 3 372 241 34 74
1922 4 385 330 31 82
1923 1 534 199 34 74
1923 2 98 259 39 75
1923 3 372 240 35 77
1923 4 385 331 31 81
1924 1 537 203 27 69
1924 2 101 258 36 78
1924 3 371 241 37 75
1924 4 384 332 32 82
1925 1 535 198 32 72
1925 2 98 262 41 75
1925 3 370 240 39 75
1925 4 383 333 32 82
1926 2 100 261 34 76
1926 3 364 238 44 79
1926 4 382 333 32 82
1926 1 535 201 30 68
1927 1 534 200 34 71
1927 2 99 261 37 83
1927 3 366 239 44 79
1927 4 381 333 32 82
1928 1 537 199 29 68
1928 2 100 266 35 76
1928 3 366 237 44 79
1928 4 379 333 33 86
1929 1 535 200 31 70
1929 2 101 264 33 75
1929 3 367 237 44 79
1929 4 378 333 33 86
1930 1 535 198 32 71
1930 2 100 267 33 71
1930 3 368 237 43 79
1930 4 377 334 33 86
1931 1 537 197 30 72
1931 2 100 271 35 73
1931 3 368 235 43 79
1931 4 374 333 35 91
1932 1 537 195 26 71
1932 2 99 266 34 77
1932 3 369 235 43 79
1932 4 373 333 35 90
1933 1 533 200 34 67
1933 2 100 270 35 73
1933 3 368 234 44 79
1933 4 373 335 33 85
1934 1 534 196 29 72
1934 2 99 268 36 76
1934 3 376 233 37 79
1934 4 371 335 34 86
1935 1 539 198 28 68
1935 2 100 266 34 79
1935 3 370 233 44 79
1935 4 370 336 33 85
1936 1 536 197 29 73
1936 2 101 268 33 78
1936 3 371 233 44 79
1936 4 368 336 34 86
1937 1 535 200 31 66
1937 2 101 270 36 78
1937 3 371 233 44 79
1937 4 367 336 34 85
1938 1 537 197 31 68
1938 2 102 272 35 77
1938 3 379 233 37 79
1938 4 366 336 34 86
1939 1 535 195 33 76
1939 2 102 273 33 77
1939 3 372 233 44 79
1939 4 365 335 34 86
1940 1 533 198 35 72
1940 2 102 278 34 80
1940 3 372 233 44 79
1940 4 363 334 35 90
1941 1 535 198 32 71
1941 2 102 279 34 75
1941 3 374 235 42 75
1941 4 360 334 37 95
1942 1 535 200 30 67
1942 2 102 279 37 76
1942 3 381 235 35 75
1942 4 358 336 37 94
1943 1 536 197 31 70
1943 2 102 281 36 74
1943 3 384 236 32 75
1943 4 358 338 35 90
1944 1 537 197 29 70
1944 2 102 281 38 82
1944 3 381 235 35 75
1944 4 357 340 34 86
1945 1 536 200 29 66
1945 2 104 281 36 80
1945 3 382 235 34 75
1945 4 356 340 33 86
1946 1 534 196 33 74
1946 2 105 282 35 79
1946 3 383 236 34 75
1946 4 349 340 39 86
1947 1 534 198 33 70
1947 2 105 283 33 78
1947 3 375 235 41 75
1947 4 344 340 42 86
1948 1 534 197 31 71
1948 2 105 285 34 77
1948 3 383 236 34 75
1948 4 352 341 32 82
1949 1 535 199 30 68
1949 2 105 283 36 79
1949 3 382 236 35 75
1949 4 350 342 32 81
1950 1 534 198 31 71
1950 2 105 284 36 78
1950 3 386 235 31 75
1950 4 348 342 32 82
1951 1 534 198 32 69
1951 2 105 285 36 78
1951 3 382 236 35 75
1951 4 346 342 33 81
1952 1 536 199 31 68
1952 2 106 286 36 78
1952 3 382 235 35 75
1952 4 345 342 32 82
1953 1 534 198 33 69
1953 2 107 290 34 75
1953 3 383 235 34 75
1953 4 342 339 34 86
1954 1 535 196 33 69
1954 2 101 291 40 86
1954 3 383 235 34 75
1954 4 342 340 33 86
1955 1 535 197 32 69
1955 2 103 290 40 86
1955 3 383 236 34 75
1955 4 339 337 35 90
1956 1 536 197 31 66
1956 2 104 291 40 86
1956 3 384 235 34 75
1956 4 337 336 36 90
1957 1 536 198 31 66
1957 2 105 293 38 81
1957 3 385 234 33 76
1957 4 336 335 35 90
1958 1 536 198 31 66
1958 2 105 293 38 81
1958 3 383 235 35 75
1958 4 334 333 36 90
1959 1 536 198 31 66
1959 2 106 294 37 81
1959 3 384 235 34 75
1959 4 334 334 35 90
1960 1 536 197 31 66
1960 2 106 294 38 81
1960 3 386 234 32 76
1960 4 332 333 36 90
1961 1 536 197 31 66
1961 2 107 295 38 82
1961 3 383 234 35 75
1961 4 331 333 35 90
1962 1 535 198 31 66
1962 2 108 301 33 76
1962 3 384 234 34 75
1962 4 330 334 34 86
1963 1 536 197 31 66
1963 2 109 296 38 82
1963 3 385 234 33 75
1963 4 328 333 36 90
1964 1 533 200 34 66
1964 2 110 298 38 81
1964 3 385 234 33 75
1964 4 327 332 36 90
1965 1 535 197 31 66
1965 2 109 296 40 85
1965 3 385 234 33 76
1965 4 326 332 36 90
1966 1 535 197 31 66
1966 2 111 297 35 85
1966 3 383 233 35 76
1966 4 324 330 38 95
1967 1 535 197 31 66
1967 2 107 299 45 86
1967 3 385 233 33 76
1967 4 322 329 37 95
1968 1 533 199 31 66
1968 2 108 305 47 83
1968 3 385 234 33 75
1968 4 320 326 39 100
1969 2 110 305 44 82
1969 1 535 197 31 66
1969 3 385 233 35 75
1969 4 320 328 37 95
