1 1 326 156 35 93
1 11 644 -3 11 37
1 12 629 -6 9 37
1 13 617 0 13 34
1 14 629 17 21 32
1 15 364 -8 16 32
1 16 344 -8 17 25
1 17 499 38 18 42
1 18 564 36 20 61
1 19 467 40 29 56
1 20 487 73 34 43
1 21 257 -3 14 43
1 22 265 3 18 45
1 23 226 5 20 49
1 24 161 -2 23 50
1 25 238 20 24 52
1 26 209 23 19 52
2 1 325 159 34 91
2 11 644 -3 11 37
2 12 629 -6 9 37
2 13 618 -1 12 35
2 14 629 17 19 31
2 15 363 -8 18 31
2 16 343 -8 18 24
2 17 499 38 18 42
2 18 564 36 20 61
2 19 466 40 29 56
2 20 486 73 32 45
2 21 257 -3 14 43
2 22 265 3 18 45
2 23 227 5 20 49
2 24 162 -2 23 50
2 25 238 20 24 52
2 26 209 23 19 52
3 1 325 158 34 91
3 11 644 -3 11 37
3 12 629 -6 9 37
3 13 618 -1 12 35
3 14 629 17 19 31
3 15 363 -8 18 31
3 16 343 -8 18 24
3 17 499 38 18 42
3 18 564 36 20 61
3 19 466 40 29 56
3 20 486 73 32 44
3 21 257 -3 14 43
3 22 265 3 18 45
3 23 227 5 20 49
3 24 162 -2 23 50
3 25 238 20 24 52
3 26 209 23 19 52
4 1 324 162 33 89
4 11 644 -3 11 37
4 12 631 -6 8 37
4 13 619 -1 12 35
4 14 629 17 19 31
4 15 363 -8 18 31
4 16 343 -8 18 24
4 17 499 38 18 42
4 18 564 36 20 61
4 19 465 40 29 56
4 20 485 73 29 45
4 21 257 -3 14 43
4 22 266 3 18 46
4 23 227 5 20 47
4 24 162 -2 23 50
4 25 238 20 24 52
4 26 209 23 19 52
5 1 324 167 33 86
5 11 645 -3 11 37
5 12 631 -6 8 37
5 13 619 -1 12 35
5 14 629 17 19 31
5 15 364 -8 18 31
5 16 343 -8 18 24
5 17 499 38 18 42
5 18 565 37 20 61
5 19 466 43 28 54
5 20 484 73 28 43
5 21 251 -6 22 46
5 22 266 3 18 46
5 23 228 5 20 47
5 24 165 0 20 48
5 25 238 20 24 52
5 26 209 22 19 52
6 1 323 171 31 82
6 11 645 -4 11 38
6 12 632 -6 8 37
6 13 620 -1 13 34
6 14 629 17 19 31
6 15 365 -8 18 31
6 16 343 -8 18 24
6 17 499 38 18 42
6 18 565 37 20 61
6 19 465 43 28 54
6 20 481 67 30 48
6 21 251 -6 22 46
6 22 266 3 18 46
6 23 228 5 20 49
6 24 165 1 23 48
6 25 238 20 24 52
6 26 210 22 19 52
7 1 314 178 42 75
7 11 645 -4 11 38
7 12 633 -6 8 36
7 13 620 -1 13 34
7 14 629 17 19 31
7 15 365 -8 18 31
7 16 343 -8 18 24
7 17 499 38 18 42
7 18 565 37 20 61
7 19 464 43 28 53
7 20 479 66 29 48
7 21 251 -6 22 46
7 22 267 3 18 46
7 23 231 5 20 51
7 24 166 1 23 48
7 25 238 19 24 52
7 26 210 21 20 54
8 1 314 179 41 74
8 11 647 -3 10 38
8 12 633 -6 8 36
8 13 622 -1 12 34
8 14 629 17 19 31
8 15 365 -8 18 32
8 16 343 -8 18 24
8 17 499 38 18 41
8 18 565 37 20 61
8 19 463 43 28 54
8 20 477 65 30 49
8 21 251 -6 22 46
8 22 265 3 20 45
8 23 232 6 19 49
8 24 166 1 25 48
8 25 238 19 24 52
8 26 210 21 19 52
9 1 314 178 42 74
9 11 647 -3 10 38
9 12 633 -6 8 36
9 13 622 -1 12 34
9 14 629 17 19 31
9 15 365 -8 18 31
9 16 343 -8 18 24
9 17 498 38 18 47
9 18 565 37 20 61
9 19 463 43 28 54
9 20 477 65 30 50
9 21 251 -6 22 46
9 22 265 3 20 45
9 23 232 6 20 48
9 24 166 1 25 48
9 25 238 19 24 52
9 26 210 21 19 52
10 1 313 178 42 75
10 11 647 -5 9 39
10 12 632 -7 8 38
10 13 624 -2 12 35
10 14 629 17 19 31
10 15 367 -8 18 30
10 16 343 -8 18 24
10 17 498 38 18 47
10 18 565 37 20 61
10 19 463 43 28 53
10 20 476 64 30 50
10 21 249 -6 24 46
10 22 265 3 20 45
10 23 233 6 22 52
10 24 166 1 25 48
10 25 238 19 24 53
10 26 209 20 21 53
11 1 314 177 42 76
11 11 647 -5 9 39
11 12 632 -7 8 38
11 13 624 -2 12 36
11 14 629 17 19 31
11 15 368 -8 18 30
11 16 343 -8 18 24
11 17 498 38 18 47
11 18 566 39 24 59
11 19 462 42 26 53
11 20 476 61 29 52
11 21 249 -6 24 46
11 22 266 3 20 45
11 23 233 6 22 52
11 24 168 1 25 48
11 25 238 19 24 53
11 26 209 20 21 53
12 1 320 171 36 81
12 11 648 -6 9 40
12 12 633 -7 8 37
12 13 625 -2 12 36
12 14 629 17 19 31
12 15 368 -8 18 30
12 16 343 -8 18 24
12 17 497 38 18 47
12 18 566 39 24 59
12 19 461 42 26 53
12 20 475 60 29 52
12 21 249 -6 24 46
12 22 266 3 20 45
12 23 234 6 22 51
12 24 168 1 24 48
12 25 239 19 24 53
12 26 210 18 21 54
13 1 324 171 32 81
13 11 648 -6 9 40
13 12 633 -7 8 37
13 13 627 -2 12 35
13 14 629 17 19 31
13 15 369 -8 18 30
13 16 343 -8 18 24
13 17 497 38 18 46
13 18 566 39 24 59
13 19 455 41 32 53
13 20 474 60 29 52
13 21 250 -6 23 49
13 22 266 3 22 47
13 23 234 6 22 51
13 24 169 1 24 48
13 25 238 18 25 54
13 26 210 18 21 54
14 1 324 170 32 82
14 11 650 -6 9 39
14 12 635 -8 8 38
14 13 627 -2 12 35
14 14 629 17 19 31
14 15 370 -7 18 31
14 16 343 -8 18 24
14 17 497 38 18 46
14 18 566 39 24 59
14 19 455 41 31 53
14 20 473 60 29 52
14 21 250 -6 23 49
14 22 266 1 22 49
14 23 235 6 22 51
14 24 169 1 24 48
14 25 238 18 25 54
14 26 210 18 21 55
15 1 324 170 32 82
15 11 650 -6 9 39
15 12 635 -8 8 38
15 13 627 -2 12 35
15 14 629 17 19 31
15 15 370 -8 18 32
15 16 343 -8 18 24
15 17 497 38 18 46
15 18 566 39 24 59
15 19 455 41 31 53
15 20 472 60 29 52
15 21 250 -6 23 49
15 22 266 1 22 49
15 23 237 6 18 50
15 24 169 1 24 48
15 25 238 17 25 54
15 26 210 18 21 54
16 1 324 170 32 82
16 11 650 -6 9 39
16 12 635 -8 8 38
16 13 627 -2 12 35
16 14 629 17 19 31
16 15 370 -9 19 32
16 16 343 -8 18 24
16 17 497 38 18 46
16 18 566 39 22 59
16 19 454 41 29 55
16 20 471 59 32 54
16 21 250 -6 22 49
16 22 266 1 22 49
16 23 238 6 18 50
16 24 168 1 24 48
16 25 238 18 22 54
16 26 210 18 21 55
17 1 324 171 32 82
17 11 651 -5 9 39
17 12 636 -6 8 37
17 13 628 -1 12 34
17 14 629 15 20 32
17 15 371 -8 20 31
17 16 343 -8 18 24
17 17 497 38 17 45
17 18 566 39 22 59
17 19 453 40 28 55
17 20 470 59 32 53
17 21 250 -6 22 49
17 22 266 1 22 49
17 23 238 6 18 50
17 24 168 1 24 48
17 25 238 17 23 55
17 26 211 18 21 54
18 1 324 172 32 80
18 11 651 -5 9 39
18 12 636 -6 8 37
18 13 628 -1 12 34
18 14 629 15 20 32
18 15 372 -10 17 35
18 16 343 -8 18 24
18 17 497 38 17 45
18 18 566 40 22 58
18 19 452 39 28 58
18 20 470 59 30 54
18 21 249 -6 21 47
18 22 267 1 22 49
18 23 239 7 24 49
18 24 169 1 24 48
18 25 238 17 23 55
18 26 211 18 21 54
19 1 324 174 31 79
19 11 651 -5 9 39
19 12 637 -7 8 38
19 13 629 -1 12 35
19 14 629 15 20 32
19 15 372 -8 17 33
19 16 343 -8 18 24
19 17 495 38 20 50
19 18 566 40 22 58
19 19 450 39 29 58
19 20 470 56 28 56
19 21 249 -6 21 47
19 22 268 1 21 49
19 23 239 7 24 49
19 24 169 1 24 48
19 25 238 17 23 55
19 26 211 18 21 54
20 1 321 174 36 81
20 11 652 -5 9 39
20 12 636 -6 8 37
20 13 629 -1 12 35
20 14 629 15 20 32
20 15 373 -8 17 33
20 16 343 -8 18 24
20 17 495 38 20 50
20 18 566 40 22 58
20 19 449 39 29 58
20 20 470 56 28 56
20 21 248 -6 21 47
20 22 268 1 21 49
20 23 239 7 24 49
20 24 174 1 19 48
20 25 238 17 23 55
20 26 212 17 23 53
21 1 321 174 36 81
21 11 652 -5 9 39
21 12 636 -6 8 37
21 13 629 -1 12 35
21 14 629 15 20 32
21 15 373 -8 17 33
21 16 343 -8 18 24
21 17 495 38 20 50
21 18 566 40 22 58
21 19 450 39 29 58
21 20 470 56 25 54
21 21 247 -6 22 47
21 22 268 1 21 49
21 23 239 7 24 49
21 24 173 1 20 47
21 25 238 17 23 55
21 26 212 17 23 53
22 1 321 174 36 81
22 11 652 -5 9 39
22 12 640 -5 9 36
22 13 630 0 12 35
22 14 629 15 20 32
22 15 374 -10 18 31
22 16 343 -8 18 24
22 17 495 38 20 50
22 18 566 41 22 58
22 19 448 39 29 58
22 20 469 50 25 59
22 21 247 -6 22 47
22 22 269 1 21 49
22 23 240 7 24 49
22 24 173 1 20 47
22 25 238 17 23 55
22 26 212 17 23 53
23 1 321 173 36 82
23 11 652 -5 9 39
23 12 640 -5 9 36
23 13 630 0 12 35
23 14 629 17 19 31
23 15 375 -8 18 29
23 16 343 -8 18 24
23 17 495 38 20 50
23 18 565 41 20 58
23 19 448 39 29 58
23 20 468 49 25 59
23 21 246 -6 22 46
23 22 269 1 21 49
23 23 239 7 24 49
23 24 174 1 20 47
23 25 238 17 23 55
23 26 213 17 23 53
24 1 321 172 36 82
24 11 653 -5 9 39
24 12 642 -5 8 36
24 13 631 0 13 34
24 14 629 15 20 32
24 15 377 -8 17 29
24 16 343 -8 18 24
24 17 495 38 20 50
24 18 565 41 21 58
24 19 447 38 29 59
24 20 468 47 26 62
24 21 246 -6 22 46
24 22 269 1 21 49
24 23 239 7 24 49
24 24 174 1 20 48
24 25 238 17 23 55
24 26 214 16 23 53
25 1 322 172 36 81
25 11 653 -5 9 39
25 12 642 -5 8 36
25 13 631 0 13 35
25 14 629 15 20 32
25 15 377 -8 17 29
25 16 343 -8 18 23
25 17 495 38 20 50
25 18 565 41 20 58
25 19 447 38 29 58
25 20 467 46 26 62
25 21 246 -6 22 47
25 22 269 1 21 49
25 23 241 6 22 49
25 24 174 1 22 47
25 25 238 17 23 55
25 26 214 16 23 53
26 1 321 172 36 82
26 11 655 -5 9 39
26 12 642 -5 8 36
26 13 631 0 13 34
26 14 629 15 20 32
26 15 378 -8 17 29
26 16 343 -8 18 23
26 17 495 38 20 50
26 18 565 41 20 58
26 19 446 38 29 58
26 20 467 43 26 62
26 21 245 -6 22 47
26 22 270 1 20 48
26 23 241 6 22 49
26 24 174 1 22 47
26 25 238 17 23 55
26 26 214 16 23 54
27 1 321 172 36 82
27 11 655 -5 9 39
27 12 642 -5 8 36
27 13 631 0 13 34
27 14 629 15 20 32
27 15 378 -8 17 29
27 16 343 -8 18 23
27 17 495 38 20 50
27 18 565 41 20 58
27 19 446 38 29 58
27 20 470 42 23 69
27 21 246 -6 22 47
27 22 272 1 18 50
27 23 241 6 22 49
27 24 174 1 22 47
27 25 238 17 23 55
27 26 216 16 22 52
28 1 321 173 36 81
28 11 656 -5 9 40
28 12 642 -5 8 36
28 13 632 0 13 34
28 14 628 16 19 31
28 15 379 -8 17 29
28 16 343 -8 18 23
28 17 495 35 20 53
28 18 564 41 21 58
28 19 445 38 29 58
28 20 470 40 23 70
28 21 242 -7 24 47
28 22 272 1 18 50
28 23 241 6 22 49
28 24 175 1 22 47
28 25 238 17 23 55
28 26 216 16 22 52
29 1 321 174 36 81
29 11 656 -5 9 40
29 12 643 -5 8 36
29 13 632 0 13 34
29 14 628 17 19 30
29 15 380 -8 17 29
29 16 343 -8 18 23
29 17 495 35 20 53
29 18 564 41 21 58
29 19 445 38 29 58
29 20 469 40 24 71
29 21 242 -7 24 47
29 22 273 1 18 49
29 23 241 5 26 53
29 24 175 1 22 47
29 25 237 16 23 55
29 26 217 16 22 52
30 1 321 175 36 80
30 11 657 -5 9 40
30 12 647 -4 10 34
30 13 637 -4 14 37
30 14 628 17 19 30
30 15 381 -7 17 29
30 16 343 -8 18 23
30 17 495 35 20 53
30 18 564 41 21 58
30 19 445 38 29 58
30 20 469 39 24 71
30 21 242 -7 24 47
30 22 273 1 18 49
30 23 241 5 26 53
30 24 175 1 24 47
30 25 237 16 23 55
30 26 217 16 22 52
31 1 321 175 36 80
31 11 659 -6 9 41
31 12 647 -4 10 34
31 13 637 -4 14 37
31 14 629 15 20 32
31 15 381 -8 17 29
31 16 343 -8 18 23
31 17 495 35 20 53
31 18 561 40 22 59
31 19 445 37 27 59
31 20 469 38 23 72
31 21 240 -8 22 45
31 22 273 1 18 49
31 23 241 5 26 53
31 24 175 1 24 47
31 25 238 16 23 55
31 26 217 15 22 52
32 1 321 174 36 80
32 11 659 -6 9 41
32 12 648 -4 10 34
32 13 638 -4 14 37
32 14 629 15 20 32
32 15 381 -8 17 29
32 16 343 -8 18 23
32 17 495 35 20 53
32 18 561 40 22 59
32 19 444 37 27 59
32 20 469 38 23 72
32 21 240 -8 22 46
32 22 274 1 18 49
32 23 242 5 26 53
32 24 175 1 24 47
32 25 238 17 23 54
32 26 217 15 22 52
33 1 321 174 36 80
33 11 659 -6 9 41
33 12 648 -4 10 34
33 13 638 -4 14 37
33 14 629 15 20 32
33 15 382 -14 14 36
33 16 343 -8 18 23
33 17 495 35 20 53
33 18 561 41 22 58
33 19 444 37 27 59
33 20 469 38 23 72
33 21 240 -8 22 45
33 22 274 1 18 49
33 23 242 5 29 53
33 24 175 1 24 47
33 25 238 17 23 54
33 26 217 15 22 52
34 1 320 173 36 82
34 11 659 -6 9 41
34 12 648 -4 10 34
34 13 638 -4 14 37
34 14 629 15 20 31
34 15 383 -8 14 30
34 16 343 -8 18 24
34 17 495 35 20 53
34 18 561 41 22 58
34 19 444 37 27 60
34 20 469 39 23 71
34 21 240 -8 22 46
34 22 274 2 18 49
34 23 242 7 30 51
34 24 176 1 25 47
34 25 238 17 23 54
34 26 218 15 22 51
35 1 320 173 37 78
35 11 660 -6 9 41
35 12 649 -4 10 35
35 13 642 -4 10 37
35 14 628 16 19 31
35 15 383 -8 14 30
35 16 343 -8 18 23
35 17 495 35 20 53
35 18 561 41 21 57
35 19 442 37 29 59
35 20 469 39 22 70
35 21 236 -8 21 45
35 22 274 2 18 49
35 23 247 9 25 49
35 24 176 1 24 46
35 25 238 16 23 54
35 26 218 15 21 51
36 1 319 173 37 78
36 11 661 -6 9 42
36 12 649 -4 10 34
36 13 642 -4 10 37
36 14 628 16 19 31
36 15 384 -8 14 30
36 16 343 -8 18 23
36 17 495 35 20 53
36 18 560 42 22 58
36 19 442 37 29 59
36 20 469 41 22 69
36 21 236 -8 21 45
36 22 274 2 18 49
36 23 247 9 25 49
36 24 176 1 24 46
36 25 238 17 22 53
36 26 218 15 21 50
37 1 319 174 37 77
37 11 661 -6 10 44
37 12 651 -5 9 36
37 13 643 -4 11 37
37 14 628 16 19 31
37 15 385 -8 15 28
37 16 343 -9 18 23
37 17 495 35 20 53
37 18 560 42 22 58
37 19 441 37 29 59
37 20 469 41 22 69
37 21 235 -9 21 46
37 22 275 2 18 50
37 23 248 9 25 49
37 24 176 2 23 46
37 25 238 16 22 52
37 26 221 15 19 53
38 1 315 174 40 76
38 11 664 -6 9 41
38 12 651 -5 9 36
38 13 643 -4 11 37
38 14 628 16 19 31
38 15 386 -8 15 28
38 16 343 -9 18 23
38 17 495 35 20 53
38 18 560 42 22 58
38 19 441 37 29 59
38 20 469 41 22 69
38 21 235 -9 21 46
38 22 275 2 18 49
38 23 252 15 24 43
38 24 177 2 24 46
38 25 238 16 22 52
38 26 221 15 19 53
39 1 315 174 40 76
39 11 664 -6 9 41
39 12 652 -5 10 36
39 13 643 -4 11 37
39 14 628 16 19 31
39 15 386 -8 15 28
39 16 343 -9 18 23
39 17 495 35 20 53
39 18 560 42 22 58
39 19 440 38 28 55
39 20 469 41 22 69
39 21 235 -9 21 46
39 22 275 2 18 49
39 23 252 15 24 43
39 24 177 1 25 46
39 25 238 16 22 52
39 26 221 15 19 53
40 1 314 175 40 76
40 11 665 -6 9 40
40 12 653 -5 10 36
40 13 644 -4 11 37
40 14 628 16 19 31
40 15 386 -8 15 28
40 16 343 -9 18 23
40 17 495 35 20 53
40 18 560 42 22 58
40 19 440 38 28 55
40 20 469 41 22 68
40 21 235 -9 21 46
40 22 275 2 19 48
40 23 253 12 24 46
40 24 177 1 23 46
40 25 238 16 22 52
40 26 221 15 19 53
41 1 313 175 40 76
41 11 667 -7 8 41
41 12 653 -5 11 37
41 13 644 -4 11 37
41 14 628 16 19 31
41 15 387 -8 15 28
41 16 343 -9 18 23
41 17 495 35 20 53
41 18 559 42 22 57
41 19 439 38 28 55
41 20 466 41 25 69
41 21 235 -9 21 46
41 22 276 1 18 49
41 23 254 12 24 46
41 24 178 1 25 47
41 25 238 16 22 52
41 26 222 14 19 53
42 1 312 176 40 76
42 11 666 -5 9 40
42 12 655 -5 10 37
42 13 644 -3 11 37
42 14 628 16 19 31
42 15 388 -8 15 28
42 16 343 -9 18 23
42 17 495 35 20 53
42 18 559 42 22 57
42 19 439 36 28 56
42 20 466 41 25 69
42 21 235 -10 21 46
42 22 277 1 18 50
42 23 256 12 24 46
42 24 178 2 24 46
42 25 238 16 22 54
42 26 222 14 19 53
43 1 310 176 45 76
43 11 667 -7 8 42
43 12 651 -5 8 37
43 13 647 -3 10 38
43 14 628 16 19 31
43 15 389 -8 15 28
43 16 343 -9 18 23
43 17 495 35 20 53
43 18 559 42 22 58
43 19 439 36 28 56
43 20 466 40 25 69
43 21 235 -10 21 46
43 22 276 1 19 50
43 23 253 11 26 49
43 24 178 2 25 46
43 25 238 16 22 52
43 26 223 14 19 53
44 1 308 176 45 76
44 11 667 -7 8 42
44 12 652 -5 8 37
44 13 648 -3 11 36
44 14 628 16 19 31
44 15 389 -8 15 28
44 16 343 -9 18 23
44 17 495 35 20 53
44 18 559 42 22 57
44 19 441 35 26 56
44 20 466 40 25 69
44 21 236 -10 21 44
44 22 276 1 19 50
44 23 254 10 26 50
44 24 179 2 24 45
44 25 239 16 22 52
44 26 223 14 19 53
45 1 308 176 45 76
45 11 666 -5 9 40
45 12 652 -5 8 37
45 13 648 -3 11 36
45 14 628 16 19 31
45 15 389 -8 15 28
45 16 343 -9 18 23
45 17 495 35 20 53
45 18 558 43 22 57
45 19 441 35 26 56
45 20 466 40 25 69
45 21 236 -10 21 46
45 22 277 1 20 50
45 23 254 10 26 50
45 24 179 2 24 45
45 25 239 16 22 52
45 26 223 14 19 53
46 1 307 175 45 77
46 11 666 -5 9 40
46 12 652 -5 8 37
46 13 648 -3 11 36
46 14 628 16 19 31
46 15 390 -8 15 28
46 16 343 -9 18 23
46 17 495 35 20 53
46 18 559 42 22 57
46 19 441 35 26 56
46 20 465 40 25 69
46 21 236 -10 21 46
46 22 277 1 19 50
46 23 255 10 27 50
46 24 180 2 24 45
46 25 239 16 22 52
46 26 223 14 19 53
47 1 305 176 45 76
47 11 666 -4 9 39
47 12 653 -5 8 37
47 13 649 -3 11 36
47 14 628 16 19 31
47 15 390 -8 15 28
47 16 343 -9 18 23
47 17 495 35 20 53
47 18 558 42 22 57
47 19 441 35 26 56
47 20 465 39 25 68
47 21 236 -10 20 50
47 22 277 1 19 50
47 23 255 8 30 51
47 24 181 2 23 48
47 25 239 16 22 52
47 26 224 14 19 52
48 1 299 175 51 76
48 11 668 -4 9 38
48 12 653 -5 8 37
48 13 649 -3 11 36
48 14 628 16 19 31
48 15 391 -8 15 28
48 16 343 -9 17 23
48 17 496 35 20 53
48 18 558 42 22 58
48 19 441 34 26 56
48 20 465 39 25 68
48 21 236 -8 20 48
48 22 277 1 19 50
48 23 256 8 30 51
48 24 182 2 23 48
48 25 239 16 22 52
48 26 223 14 19 53
49 1 296 174 49 76
49 11 667 -3 8 38
49 12 655 -5 8 37
49 13 649 -3 11 36
49 14 628 16 19 31
49 15 392 -8 15 28
49 16 343 -9 17 23
49 17 496 35 20 53
49 18 558 42 22 57
49 19 441 34 26 56
49 20 465 39 25 68
49 21 236 -8 20 48
49 22 278 1 22 51
49 23 259 9 29 52
49 24 182 2 25 48
49 25 240 16 22 52
49 26 224 14 19 52
50 1 297 174 51 76
50 12 649 -4 15 36
50 13 651 -3 10 36
50 14 628 16 19 31
50 15 392 -8 15 28
50 16 343 -9 18 23
50 17 496 34 20 52
50 18 557 43 20 56
50 19 441 34 26 56
50 20 465 38 25 68
50 21 233 -9 23 48
50 22 279 1 20 52
50 23 262 9 27 53
50 24 182 2 26 49
50 25 240 16 22 52
50 26 225 14 18 51
51 1 293 174 45 76
51 12 649 -4 15 36
51 13 651 -3 10 36
51 14 628 16 19 31
51 15 392 -8 15 28
51 16 343 -9 18 23
51 17 496 34 20 52
51 18 555 41 21 59
51 19 441 34 26 56
51 20 465 40 24 66
51 21 233 -9 23 48
51 22 279 1 20 51
51 23 262 9 27 52
51 24 182 2 26 49
51 25 240 16 25 53
51 26 224 14 19 53
52 1 289 171 47 81
52 12 651 -5 14 37
52 13 652 -4 11 37
52 14 628 16 19 31
52 15 392 -8 15 29
52 16 343 -9 18 23
52 17 496 34 20 52
52 18 555 41 25 59
52 19 441 34 26 56
52 20 465 40 24 66
52 21 233 -9 23 48
52 22 279 1 20 52
52 23 266 11 24 50
52 24 184 2 25 49
52 25 240 16 25 53
52 26 225 14 19 53
53 1 285 168 49 85
53 12 651 -5 14 37
53 13 653 -4 11 37
53 14 628 16 19 31
53 15 394 -7 15 28
53 16 343 -9 18 23
53 17 497 35 20 51
53 18 555 41 25 59
53 19 441 34 26 56
53 20 465 40 24 66
53 21 233 -9 23 48
53 22 279 1 20 52
53 23 267 11 24 49
53 24 182 2 27 49
53 25 241 16 25 53
53 26 225 14 19 53
54 1 285 163 44 94
54 12 652 -5 15 36
54 13 653 -2 11 36
54 14 628 16 19 31
54 15 394 -8 15 29
54 16 343 -9 17 23
54 17 497 34 20 52
54 18 555 41 25 59
54 19 441 33 26 57
54 20 465 40 24 66
54 21 233 -9 23 48
54 22 280 1 21 50
54 23 272 11 19 51
54 24 184 2 26 49
54 25 241 16 25 53
54 26 225 14 19 53
55 1 284 160 46 99
55 12 652 -5 15 36
55 13 654 -3 11 37
55 14 628 16 19 30
55 15 396 -7 15 28
55 16 343 -9 17 23
55 17 498 33 20 53
55 18 554 41 25 59
55 19 441 33 26 57
55 20 464 40 24 66
55 21 233 -9 23 48
55 22 280 2 19 51
55 23 273 11 19 51
55 24 184 2 26 49
55 25 241 16 25 53
55 26 227 14 18 51
56 1 282 160 49 97
56 12 653 -4 15 36
56 13 656 -3 10 37
56 14 628 16 19 30
56 15 396 -7 15 28
56 16 343 -9 18 23
56 17 498 33 20 52
56 18 554 41 25 59
56 19 444 33 24 57
56 20 464 40 24 65
56 21 234 -9 23 48
56 22 281 1 19 50
56 23 274 11 24 49
56 24 185 2 26 49
56 25 241 16 25 53
56 26 227 14 18 50
57 1 282 160 49 97
57 12 653 -4 15 36
57 13 656 -3 10 37
57 14 628 16 19 30
57 15 396 -7 15 28
57 16 343 -9 18 23
57 17 498 33 20 53
57 18 554 41 25 59
57 19 444 33 24 57
57 20 464 40 24 66
57 21 234 -9 23 48
57 22 281 1 19 50
57 23 274 11 24 49
57 24 182 2 29 49
57 25 241 16 25 53
57 26 227 14 18 50
58 1 280 161 49 96
58 12 653 -4 15 36
58 13 656 -3 10 37
58 14 628 18 19 28
58 15 397 -7 15 29
58 16 343 -9 18 23
58 17 495 34 24 53
58 18 554 41 25 59
58 19 444 33 24 57
58 20 464 40 22 65
58 21 234 -9 23 48
58 22 282 1 19 49
58 23 275 11 24 49
58 24 184 2 28 49
58 25 242 16 25 53
58 26 228 15 18 49
59 1 278 162 52 95
59 12 654 -4 15 36
59 13 657 -3 11 35
59 14 628 18 19 28
59 15 398 -7 15 29
59 16 343 -9 17 23
59 17 495 34 24 53
59 18 552 41 25 59
59 19 445 33 24 57
59 20 463 40 23 65
59 21 234 -9 21 46
59 22 282 1 18 47
59 23 275 11 29 49
59 24 184 2 28 49
59 25 242 16 25 53
59 26 228 16 18 49
60 1 279 166 49 91
60 12 656 -4 15 35
60 13 658 -2 11 36
60 14 628 18 19 28
60 15 398 -7 15 29
60 16 343 -9 18 23
60 17 496 34 24 53
60 18 552 41 25 59
60 19 444 33 25 59
60 20 463 40 22 65
60 21 234 -9 21 46
60 22 281 1 20 49
60 23 276 11 29 49
60 24 185 2 28 49
60 25 243 16 25 53
60 26 229 16 18 49
61 1 278 169 47 87
61 12 657 -3 15 35
61 13 658 -2 11 36
61 14 628 18 19 28
61 15 399 -7 16 29
61 16 343 -9 18 23
61 17 496 34 24 53
61 18 552 41 25 59
61 19 444 33 25 59
61 20 462 39 27 67
61 21 234 -9 21 46
61 22 282 1 20 49
61 23 275 10 31 50
61 24 187 1 28 49
61 25 243 16 26 54
61 26 230 16 17 48
62 1 276 170 46 86
62 12 657 -3 15 35
62 13 659 -2 11 35
62 14 628 18 19 28
62 15 399 -7 16 29
62 16 343 -9 18 23
62 17 499 33 21 54
62 18 551 41 24 59
62 19 444 33 25 59
62 20 462 39 27 67
62 21 234 -9 21 45
62 22 283 1 20 50
62 23 278 10 29 51
62 24 190 1 24 50
62 25 243 16 26 51
62 26 230 15 18 49
63 1 276 173 47 83
63 12 657 -3 15 35
63 13 659 -2 11 35
63 14 628 18 19 28
63 15 399 -7 16 29
63 16 343 -9 18 23
63 17 499 33 21 54
63 18 551 41 24 59
63 19 444 33 26 55
63 20 462 39 27 67
63 21 231 -9 21 44
63 22 282 1 18 49
63 23 278 10 29 51
63 24 190 1 24 50
63 25 243 16 26 51
63 26 231 16 17 47
64 1 275 175 43 81
64 12 658 -3 15 35
64 13 659 -2 11 35
64 14 628 18 19 28
64 15 400 -7 16 29
64 16 343 -9 18 23
64 17 499 33 21 54
64 18 551 41 24 59
64 19 444 33 26 55
64 20 462 39 27 67
64 21 231 -9 21 44
64 22 283 1 18 49
64 23 279 11 29 50
64 24 191 1 24 51
64 25 243 16 26 51
64 26 230 15 18 49
65 1 273 176 43 80
65 12 658 -3 15 35
65 13 661 -2 11 35
65 14 628 18 19 28
65 15 400 -7 15 29
65 16 343 -9 18 23
65 17 500 33 21 54
65 18 550 41 24 59
65 19 449 33 21 56
65 20 462 39 27 67
65 21 231 -9 21 44
65 22 282 1 19 46
65 23 282 10 27 51
65 24 191 0 24 51
65 25 243 16 26 51
65 26 231 15 18 49
66 1 270 177 40 79
66 12 660 -3 14 35
66 13 662 -2 11 35
66 14 628 18 19 28
66 15 401 -7 16 29
66 16 343 -9 18 23
66 17 500 33 21 55
66 18 550 41 24 59
66 19 449 33 21 56
66 20 461 38 27 67
66 21 231 -9 21 44
66 22 282 1 19 46
66 23 285 10 27 50
66 24 192 2 27 50
66 25 243 16 26 51
66 26 232 15 18 51
67 1 271 178 35 78
67 12 660 -3 14 35
67 13 662 -1 11 35
67 14 628 18 19 28
67 15 403 -6 16 29
67 16 343 -9 18 23
67 17 505 33 16 57
67 18 550 40 24 60
67 19 449 33 21 56
67 20 461 38 27 68
67 21 233 -9 20 44
67 22 283 0 17 48
67 23 289 9 24 50
67 24 193 2 27 51
67 25 243 16 26 51
67 26 232 15 18 50
68 1 269 178 35 78
68 12 661 -3 15 35
68 13 662 -1 11 35
68 14 628 18 19 28
68 15 404 -6 16 29
68 16 343 -9 18 23
68 17 506 33 16 56
68 18 549 40 24 60
68 19 450 33 21 56
68 20 461 38 27 68
68 21 233 -9 20 43
68 22 283 0 17 48
68 23 290 9 23 52
68 24 194 2 27 51
68 25 243 16 26 51
68 26 233 15 19 51
69 1 268 178 35 78
69 12 661 -3 15 35
69 13 662 -1 11 35
69 14 628 18 19 28
69 15 404 -6 16 29
69 16 343 -9 18 23
69 17 503 33 19 55
69 18 549 40 24 60
69 19 450 33 23 55
69 20 462 39 27 67
69 21 233 -9 20 43
69 22 283 0 17 48
69 23 290 9 23 52
69 24 194 2 27 51
69 25 243 16 26 51
69 26 233 15 19 51
70 1 264 178 38 79
70 12 661 -3 15 35
70 13 663 -1 11 35
70 14 628 18 19 28
70 15 405 -14 16 37
70 16 343 -9 18 23
70 17 503 33 19 55
70 18 549 40 24 60
70 19 450 33 23 55
70 20 461 40 31 66
70 21 233 -9 20 43
70 22 283 0 17 48
70 23 291 8 24 51
70 24 194 2 27 51
70 25 243 16 26 51
70 26 233 15 18 50
71 1 258 178 46 78
71 12 662 -2 14 35
71 13 663 -1 11 35
71 14 628 18 19 28
71 15 406 -9 16 32
71 16 343 -9 18 23
71 17 504 33 19 55
71 18 549 40 24 60
71 19 450 33 22 53
71 20 461 40 31 66
71 21 233 -7 20 42
71 22 283 0 17 48
71 23 292 7 24 52
71 24 195 3 28 51
71 25 243 16 26 51
71 26 233 15 18 50
72 1 256 178 46 79
72 12 662 -2 14 35
72 13 665 -2 9 36
72 14 628 18 19 28
72 15 406 -9 16 32
72 16 343 -9 18 23
72 17 504 33 19 55
72 18 548 40 25 61
72 19 450 33 22 53
72 20 461 40 31 66
72 21 235 -7 20 44
72 22 282 0 18 51
72 23 293 7 25 52
72 24 196 3 28 49
72 25 243 16 26 51
72 26 233 14 20 50
73 1 253 177 47 79
73 12 663 -1 14 34
73 13 664 0 10 33
73 14 628 18 19 28
73 15 407 -8 16 31
73 16 343 -9 18 24
73 17 504 33 22 55
73 18 548 40 25 59
73 19 451 33 22 53
73 20 461 40 31 66
73 21 235 -7 20 44
73 22 282 0 18 51
73 23 297 7 22 52
73 24 197 3 28 49
73 25 243 16 26 51
73 26 233 14 20 50
74 1 252 177 48 79
74 13 666 0 10 33
74 14 628 18 19 28
74 15 408 -9 17 32
74 16 343 -9 18 24
74 17 504 33 22 55
74 18 548 40 25 59
74 19 451 33 22 52
74 20 461 40 31 66
74 21 236 -7 20 43
74 22 279 0 20 51
74 23 298 7 22 52
74 24 198 4 28 49
74 25 243 16 26 51
74 26 234 14 20 50
75 1 252 177 48 79
75 13 666 0 10 33
75 14 628 18 19 28
75 15 408 -9 17 32
75 16 343 -9 18 24
75 17 504 33 22 55
75 18 548 40 25 59
75 19 451 33 22 52
75 20 461 40 31 66
75 21 236 -7 20 43
75 22 279 0 20 51
75 23 298 7 22 52
75 24 198 4 28 48
75 25 243 16 25 50
75 26 234 14 20 50
76 1 250 177 48 79
76 13 666 0 10 33
76 14 628 18 19 28
76 15 409 -9 17 32
76 16 343 -9 18 24
76 17 505 33 22 55
76 18 547 40 25 59
76 19 452 33 21 52
76 20 461 40 31 66
76 21 236 -6 19 43
76 22 279 0 20 51
76 23 300 8 22 51
76 24 200 6 26 46
76 25 243 16 25 50
76 26 234 14 20 50
77 1 251 175 43 80
77 13 667 0 10 33
77 14 628 18 19 28
77 15 409 -9 17 32
77 16 343 -9 18 24
77 17 506 33 23 55
77 18 547 40 25 59
77 19 451 32 22 53
77 20 461 40 31 66
77 21 236 -6 19 42
77 22 278 0 22 51
77 23 301 7 22 52
77 24 204 3 23 49
77 25 243 16 25 50
77 26 234 14 20 50
78 1 249 175 43 80
78 14 628 18 19 28
78 15 410 -9 17 31
78 16 343 -9 18 24
78 17 504 33 25 54
78 18 547 40 25 59
78 19 452 32 22 53
78 20 461 40 31 66
78 21 237 -6 19 42
78 22 278 0 22 51
78 23 303 7 22 52
78 24 205 3 24 49
78 25 243 16 25 50
78 26 234 12 20 51
79 1 249 174 36 78
79 14 628 18 19 28
79 15 411 -9 16 31
79 16 343 -9 18 24
79 17 505 33 25 54
79 18 546 40 25 59
79 19 455 32 25 52
79 20 461 40 31 66
79 21 237 -6 19 42
79 22 277 0 22 51
79 23 304 7 22 51
79 24 208 3 24 48
79 25 243 16 25 50
79 26 235 12 23 52
80 1 247 173 36 79
80 14 628 18 19 28
80 15 412 -9 16 30
80 16 343 -9 18 24
80 17 505 33 25 54
80 18 546 39 25 59
80 19 455 32 25 52
80 20 461 40 31 66
80 21 238 -7 19 41
80 22 277 0 22 51
80 23 304 6 22 52
80 24 208 3 22 50
80 25 242 16 25 50
80 26 235 12 23 52
81 1 246 174 33 80
81 14 628 18 19 28
81 15 412 -9 16 30
81 16 343 -9 18 24
81 17 505 33 25 54
81 18 548 39 23 59
81 19 455 32 25 52
81 20 461 39 31 67
81 21 238 -7 19 41
81 22 277 0 22 51
81 23 304 6 22 52
81 24 208 3 22 50
81 25 245 17 22 49
81 26 235 12 23 52
82 1 244 174 33 80
82 14 628 18 19 28
82 15 412 -8 17 30
82 16 343 -9 18 24
82 17 506 33 25 54
82 18 548 39 23 59
82 19 456 32 23 51
82 20 461 39 31 64
82 21 238 -6 19 42
82 22 277 0 22 50
82 23 305 3 22 54
82 24 209 3 22 51
82 25 245 17 22 49
82 26 235 12 23 52
83 1 239 173 33 84
83 14 628 18 19 28
83 15 413 -8 17 30
83 16 343 -9 18 24
83 17 507 33 25 54
83 18 547 39 23 60
83 19 456 32 23 51
83 20 461 39 31 64
83 21 239 -6 19 42
83 22 277 -1 21 51
83 23 306 3 22 53
83 24 209 3 22 50
83 25 245 17 22 49
83 26 236 13 22 50
84 1 237 173 33 84
84 14 628 18 19 28
84 15 413 -8 17 28
84 16 342 -9 18 24
84 17 507 33 25 52
84 18 547 39 23 59
84 19 457 32 23 51
84 20 461 39 31 64
84 21 239 -6 19 43
84 22 277 -1 21 51
84 23 307 3 22 53
84 24 210 3 25 50
84 25 245 17 22 49
84 26 238 13 20 51
85 1 226 174 45 86
85 14 628 18 19 28
85 15 414 -7 16 29
85 16 342 -9 18 23
85 17 508 33 25 52
85 18 547 39 23 59
85 19 457 32 23 51
85 20 462 39 31 64
85 21 239 -6 19 43
85 22 277 -1 20 51
85 23 308 3 22 52
85 24 211 3 25 50
85 25 242 17 24 50
85 26 238 13 20 51
86 1 223 174 48 84
86 14 628 18 19 28
86 15 416 -7 17 30
86 16 342 -9 18 23
86 17 508 33 25 52
86 18 547 39 23 59
86 19 458 32 23 51
86 20 462 39 31 64
86 21 240 -6 19 42
86 22 277 -1 20 51
86 23 309 5 24 50
86 24 209 3 31 50
86 25 242 17 24 50
86 26 238 13 20 51
87 1 223 174 48 84
87 14 628 18 19 28
87 15 416 -7 17 30
87 16 342 -9 18 23
87 17 508 33 25 52
87 18 544 39 26 59
87 19 456 32 25 51
87 20 462 39 31 64
87 21 240 -6 19 42
87 22 277 -1 20 51
87 23 309 5 24 50
87 24 209 3 31 50
87 25 242 17 24 50
87 26 238 13 20 51
88 1 221 174 48 84
88 14 628 18 19 28
88 15 417 -7 17 30
88 16 342 -9 18 23
88 17 509 33 25 51
88 18 544 39 26 59
88 19 456 32 25 51
88 20 462 40 31 64
88 21 240 -7 19 43
88 22 275 -1 21 51
88 23 310 5 24 49
88 24 210 3 31 50
88 25 242 17 24 49
88 26 238 14 20 50
89 1 218 174 53 80
89 14 628 18 19 28
89 15 418 -7 17 30
89 16 342 -9 18 24
89 17 509 33 25 52
89 18 543 39 26 59
89 19 457 32 25 51
89 20 462 40 31 63
89 21 240 -7 19 41
89 22 275 -1 21 51
89 23 310 5 24 50
89 24 211 3 31 50
89 25 242 17 24 49
89 26 239 14 20 50
90 1 216 174 53 79
90 14 628 18 19 28
90 15 419 -7 17 29
90 16 342 -9 18 24
90 17 516 33 19 51
90 18 543 39 26 59
90 19 458 32 27 50
90 20 463 40 31 63
90 21 241 -6 19 42
90 22 273 -1 22 51
90 23 311 3 24 51
90 24 215 3 27 48
90 25 242 18 24 49
90 26 239 15 19 48
91 1 215 174 49 79
91 14 628 18 19 28
91 15 420 -7 17 29
91 16 342 -9 18 23
91 17 516 33 19 51
91 18 543 39 24 56
91 19 458 32 27 50
91 20 463 40 30 63
91 21 241 -6 19 42
91 22 272 -1 23 49
91 23 313 2 22 51
91 24 216 3 27 48
91 25 242 17 23 50
91 26 239 14 20 50
92 1 217 174 44 77
92 14 628 18 19 28
92 15 420 -7 17 29
92 16 342 -9 18 23
92 17 517 33 19 51
92 18 543 39 24 56
92 19 459 32 27 50
92 20 463 40 31 63
92 21 241 -6 19 42
92 22 272 -1 23 49
92 23 313 1 22 51
92 24 216 2 27 48
92 25 242 17 23 50
92 26 239 14 20 50
93 1 217 174 44 77
93 14 628 18 19 28
93 15 420 -14 18 36
93 16 342 -9 18 23
93 17 517 33 19 51
93 18 543 39 24 56
93 19 459 32 27 50
93 20 464 40 31 63
93 21 241 -6 19 42
93 22 272 -1 23 49
93 23 313 1 22 51
93 24 219 2 24 50
93 25 242 17 23 50
93 26 239 14 20 50
94 1 216 173 38 78
94 14 628 18 19 28
94 15 421 -9 18 31
94 16 342 -9 18 23
94 17 517 33 19 51
94 18 542 39 23 56
94 19 462 31 27 51
94 20 463 41 34 63
94 21 241 -6 19 42
94 22 271 -1 23 49
94 23 314 1 22 50
94 24 219 2 24 50
94 25 242 17 23 50
94 26 238 16 19 48
95 1 214 173 38 78
95 14 628 18 19 28
95 15 421 -9 18 31
95 16 342 -9 18 23
95 17 518 33 19 50
95 18 542 39 23 56
95 19 463 31 26 50
95 20 463 41 34 63
95 21 241 -6 19 42
95 22 273 -1 24 49
95 23 315 1 21 49
95 24 223 2 21 51
95 25 242 17 23 50
95 26 239 17 18 47
96 1 213 172 38 78
96 14 628 18 19 28
96 15 422 -9 18 31
96 16 342 -9 18 23
96 17 518 33 19 51
96 18 542 39 23 56
96 19 463 31 26 50
96 20 464 42 34 62
96 21 241 -6 19 42
96 22 273 -1 24 49
96 23 316 1 21 49
96 24 224 2 21 51
96 25 242 17 23 50
96 26 239 17 25 45
97 1 209 172 37 85
97 14 627 18 19 28
97 15 424 -9 18 30
97 16 342 -9 18 23
97 17 519 33 19 51
97 18 542 39 23 56
97 19 469 31 20 52
97 20 464 43 33 61
97 21 241 -6 19 42
97 22 272 -1 24 49
97 23 318 1 19 47
97 24 224 2 24 53
97 25 242 17 23 50
97 26 239 17 25 45
98 1 207 172 37 86
98 14 627 18 19 28
98 15 425 -8 17 29
98 16 342 -9 18 23
98 17 519 33 19 51
98 18 540 39 24 56
98 19 470 31 20 52
98 20 465 42 34 62
98 21 241 -6 19 42
98 22 272 -1 24 48
98 23 316 1 22 49
98 24 225 2 24 52
98 25 242 17 23 50
98 26 239 17 25 45
99 1 207 172 37 86
99 14 627 18 19 28
99 15 425 -8 17 29
99 16 342 -9 18 23
99 17 519 33 20 50
99 18 540 39 24 56
99 19 470 31 20 52
99 20 465 43 33 60
99 21 239 -6 21 42
99 22 272 -1 24 48
99 23 316 1 22 49
99 24 225 2 24 52
99 25 242 18 23 51
99 26 239 17 25 45
100 1 200 172 44 84
100 14 627 18 19 28
100 15 426 -8 17 29
100 16 342 -9 18 23
100 17 521 34 19 47
100 18 542 39 23 57
100 19 471 31 20 49
100 20 465 42 33 62
100 21 239 -6 21 42
100 22 272 -1 24 48
100 23 316 1 22 49
100 24 227 4 22 47
100 25 243 17 23 50
100 26 247 17 17 46
101 1 197 172 44 84
101 14 627 18 19 28
101 15 427 -8 17 29
101 16 342 -9 18 23
101 17 520 33 20 51
101 18 542 39 23 57
101 19 471 31 20 49
101 20 465 42 33 62
101 21 240 -6 21 42
101 22 271 -1 24 48
101 23 318 1 21 49
101 24 228 4 22 46
101 25 243 17 22 53
101 26 247 17 17 46
102 1 195 172 44 84
102 14 627 18 19 28
102 15 428 -7 17 28
102 16 342 -9 18 23
102 17 521 34 19 48
102 18 542 39 23 57
102 19 473 31 19 48
102 20 466 48 31 57
102 21 241 -5 21 42
102 22 271 -1 23 46
102 23 318 1 21 49
102 24 229 5 21 46
102 25 243 17 22 53
102 26 248 17 17 46
103 1 192 172 49 85
103 14 627 18 19 28
103 15 429 -12 17 33
103 16 342 -9 18 23
103 17 519 33 22 52
103 18 540 39 24 57
103 19 473 31 19 48
103 20 466 48 31 57
103 21 240 -5 21 42
103 22 271 -1 24 48
103 23 318 0 21 50
103 24 230 5 21 46
103 25 243 17 22 53
103 26 248 17 17 46
104 1 192 172 47 85
104 14 627 18 19 28
104 15 430 -9 17 30
104 16 342 -9 18 23
104 17 520 33 22 52
104 18 540 39 24 57
104 19 474 31 20 48
104 20 467 48 31 57
104 21 241 -5 21 42
104 22 271 -1 23 46
104 23 321 0 19 50
104 24 232 5 22 46
104 25 242 17 24 53
104 26 248 17 17 46
105 1 192 172 47 85
105 14 627 18 19 28
105 15 430 -9 17 30
105 16 342 -9 18 23
105 17 520 33 22 52
105 18 540 39 24 57
105 19 474 31 20 48
105 20 467 48 31 57
105 21 241 -5 21 42
105 22 271 -1 23 46
105 23 321 0 19 50
105 24 232 6 21 45
105 25 242 17 24 53
105 26 248 17 17 46
106 1 192 173 45 83
106 14 627 18 19 28
106 15 431 -9 17 30
106 16 342 -9 18 23
106 17 520 33 22 52
106 18 544 40 20 56
106 19 474 31 22 49
106 20 467 48 31 57
106 21 242 -5 18 41
106 22 271 -1 23 46
106 23 321 0 19 50
106 24 234 5 22 47
106 25 242 17 23 50
106 26 248 18 17 46
107 1 191 174 42 82
107 14 627 18 19 28
107 15 431 -9 17 30
107 16 342 -9 18 23
107 17 520 33 22 52
107 18 544 40 20 56
107 19 474 31 22 49
107 20 472 48 26 56
107 21 242 -5 18 41
107 22 270 -1 23 46
107 23 321 0 19 49
107 24 236 4 22 48
107 25 242 17 23 50
107 26 248 18 17 46
108 1 185 174 40 80
108 14 627 18 19 28
108 15 432 -9 17 37
108 16 342 -9 18 23
108 17 520 33 22 52
108 18 544 40 20 56
108 19 475 31 22 49
108 20 472 48 26 56
108 21 243 -5 18 40
108 22 270 -1 23 46
108 23 322 -2 18 47
108 24 237 4 22 46
108 25 243 17 23 50
108 26 248 17 17 47
109 1 182 174 42 76
109 14 627 18 19 28
109 15 433 -9 17 37
109 16 342 -9 18 23
109 17 524 31 19 51
109 18 544 40 20 56
109 19 476 31 22 49
109 20 473 48 26 57
109 21 243 -5 17 39
109 22 270 -1 21 48
109 23 322 -2 18 46
109 24 242 5 19 48
109 25 243 17 23 52
109 26 248 17 17 47
110 1 180 173 39 81
110 14 627 18 19 28
110 15 433 -9 17 37
110 16 342 -9 18 23
110 17 524 31 19 51
110 18 544 40 20 56
110 19 476 30 22 49
110 20 473 48 26 57
110 21 243 -5 18 41
110 22 270 -1 21 48
110 23 323 -1 18 46
110 24 242 5 19 48
110 25 243 17 23 52
110 26 249 17 17 47
111 1 180 173 39 81
111 14 627 18 19 28
111 15 433 -9 17 38
111 16 342 -9 18 23
111 17 524 31 19 51
111 18 544 40 20 56
111 19 479 30 22 47
111 20 474 48 26 57
111 21 243 -5 18 41
111 22 270 -1 21 48
111 23 323 -1 18 46
111 24 242 5 19 48
111 25 243 17 23 52
111 26 249 17 17 47
112 1 170 172 47 82
112 14 627 18 19 28
112 15 434 -9 17 38
112 16 342 -9 18 23
112 17 525 31 19 52
112 18 544 40 20 56
112 19 480 30 22 47
112 20 472 48 27 58
112 21 243 -5 18 41
112 22 270 -1 21 48
112 23 323 -1 18 46
112 24 243 5 19 48
112 25 243 17 23 52
112 26 249 17 17 47
113 1 168 171 48 79
113 14 627 18 19 28
113 15 435 -9 17 38
113 16 342 -9 18 23
113 17 525 31 19 52
113 18 544 40 20 56
113 19 480 30 22 48
113 20 473 48 27 58
113 21 243 -5 18 41
113 22 270 -1 21 48
113 23 323 -1 18 46
113 24 245 5 19 50
113 25 244 17 23 52
113 26 249 17 17 47
114 1 165 171 49 80
114 14 627 18 19 28
114 15 436 -10 17 37
114 16 342 -9 18 23
114 17 527 31 18 51
114 18 544 40 20 56
114 19 481 30 23 48
114 20 473 48 27 58
114 21 242 -5 18 41
114 22 270 -1 21 48
114 23 324 -2 18 45
114 24 245 5 19 50
114 25 244 18 23 51
114 26 249 17 17 47
115 1 161 177 52 74
115 14 627 18 19 28
115 15 437 -8 17 35
115 16 342 -9 18 23
115 17 528 31 18 51
115 18 544 39 20 56
115 19 481 30 21 48
115 20 473 48 27 58
115 21 243 -5 18 41
115 22 269 -1 21 47
115 23 324 -2 18 45
115 24 246 5 19 50
115 25 244 17 23 50
115 26 250 18 17 46
116 1 159 176 52 75
116 14 627 18 19 28
116 15 438 -7 16 34
116 16 342 -9 18 23
116 17 527 31 21 52
116 18 544 39 20 56
116 19 482 30 21 48
116 20 474 48 28 59
116 21 243 -5 18 41
116 22 269 -1 21 47
116 23 324 -2 17 44
116 24 246 5 23 48
116 25 244 18 23 51
116 26 250 18 17 46
117 1 159 176 52 75
117 14 627 18 19 28
117 15 438 -7 16 34
117 16 342 -9 18 23
117 17 527 31 21 52
117 18 544 39 20 56
117 19 482 30 21 48
117 20 471 48 31 57
117 21 245 -5 18 41
117 22 269 -1 21 47
117 23 323 -1 18 45
117 24 246 5 23 48
117 25 244 18 23 51
117 26 249 17 17 47
118 1 157 179 51 73
118 14 627 18 19 28
118 15 439 -7 16 34
118 16 342 -9 18 23
118 17 528 31 21 52
118 18 545 39 20 56
118 19 482 30 21 48
118 20 472 48 31 57
118 21 245 -5 18 41
118 22 269 -1 21 47
118 23 323 -7 18 47
118 24 246 5 23 48
118 25 244 18 23 51
118 26 250 17 17 47
119 1 155 180 54 69
119 14 627 18 19 28
119 15 440 -7 17 35
119 16 342 -9 18 23
119 17 528 31 21 51
119 18 545 39 20 57
119 19 484 30 20 48
119 20 472 48 31 57
119 21 246 -5 18 41
119 22 268 -1 21 47
119 23 323 -7 18 47
119 24 251 5 19 47
119 25 245 18 23 51
119 26 250 18 17 46
120 1 153 180 53 69
120 14 627 18 19 28
120 15 441 -7 17 35
120 16 342 -9 18 23
120 17 529 32 20 50
120 18 545 39 20 57
120 19 485 27 20 51
120 20 475 48 29 57
120 21 246 -5 21 41
120 22 268 -1 21 47
120 23 323 -7 18 46
120 24 251 5 19 47
120 25 245 18 23 51
120 26 250 18 17 45
121 1 151 181 50 67
121 14 627 18 19 28
121 15 442 -9 17 37
121 16 342 -9 18 24
121 17 527 32 23 51
121 18 545 39 20 57
121 19 480 28 26 51
121 20 477 48 29 57
121 21 246 -5 21 41
121 22 268 -2 21 48
121 23 323 -7 18 46
121 24 253 5 18 47
121 25 245 18 22 51
121 26 251 18 17 45
122 1 149 181 50 67
122 14 627 18 19 28
122 15 442 -9 17 37
122 16 342 -9 18 24
122 17 528 32 24 51
122 18 545 39 20 57
122 19 481 28 26 51
122 20 478 48 29 56
122 21 247 -5 21 41
122 22 267 -2 21 47
122 23 323 -7 18 46
122 24 253 5 18 47
122 25 243 18 24 52
122 26 248 19 19 44
123 1 149 181 50 67
123 14 627 18 19 28
123 15 442 -9 17 37
123 16 342 -9 18 24
123 17 528 32 24 51
123 18 545 39 20 57
123 19 481 28 26 51
123 20 478 48 29 56
123 21 247 -5 21 41
123 22 267 -2 21 48
123 23 323 -7 18 46
123 24 255 5 19 49
123 25 245 18 22 51
123 26 248 19 19 44
124 1 149 177 46 70
124 14 627 17 19 28
124 15 443 -8 17 36
124 16 342 -9 18 24
124 17 528 32 24 51
124 18 545 38 20 57
124 19 481 28 26 49
124 20 481 49 26 57
124 21 247 -5 21 41
124 22 267 -2 21 47
124 23 323 -7 18 46
124 24 255 5 19 49
124 25 245 18 22 51
124 26 248 19 19 44
125 1 147 177 46 69
125 14 627 17 19 28
125 15 445 -8 15 35
125 16 342 -9 18 24
125 17 529 32 24 50
125 18 546 38 21 57
125 19 485 27 22 53
125 20 482 48 26 58
125 21 248 -5 21 41
125 22 267 -1 20 45
125 23 323 -7 18 46
125 24 259 5 16 49
125 25 245 18 22 49
125 26 248 19 19 44
126 1 145 176 40 73
126 14 627 17 19 28
126 15 445 -6 15 34
126 16 342 -9 18 24
126 17 530 32 23 49
126 18 546 38 22 57
126 19 486 27 22 53
126 20 483 48 26 58
126 21 248 -4 21 40
126 22 266 -2 21 48
126 23 323 -7 20 48
126 24 259 5 16 49
126 25 245 18 23 51
126 26 248 19 19 44
127 1 143 175 40 73
127 14 627 17 19 28
127 15 448 -4 14 31
127 16 342 -9 18 24
127 17 532 32 22 48
127 18 546 38 21 57
127 19 488 27 20 57
127 20 483 48 26 58
127 21 249 -4 20 40
127 22 266 -1 20 45
127 23 323 -7 20 48
127 24 259 5 16 49
127 25 247 17 20 50
127 26 248 19 19 44
128 1 140 175 41 72
128 14 627 17 19 28
128 15 449 -4 14 31
128 16 342 -9 18 24
128 17 532 32 22 48
128 18 546 38 22 57
128 19 489 27 19 53
128 20 485 49 27 60
128 21 248 -4 21 40
128 22 265 -1 20 45
128 23 323 -8 20 49
128 24 260 6 21 47
128 25 244 18 23 51
128 26 248 19 19 44
129 1 139 175 41 73
129 14 627 17 19 28
129 15 449 -4 14 31
129 16 342 -9 18 24
129 17 533 33 21 47
129 18 546 38 22 57
129 19 489 27 19 53
129 20 485 49 27 60
129 21 248 -4 21 40
129 22 265 -1 20 45
129 23 323 -8 20 49
129 24 260 6 21 47
129 25 244 18 23 51
129 26 248 19 19 44
130 1 136 174 44 74
130 14 627 17 19 28
130 15 450 -4 15 31
130 16 342 -9 18 24
130 17 533 33 21 47
130 18 547 38 21 56
130 19 490 27 19 53
130 20 486 49 27 60
130 21 250 -4 20 41
130 22 265 -1 20 45
130 23 323 -8 20 49
130 24 260 6 21 47
130 25 244 18 23 51
130 26 248 19 19 44
131 1 135 174 44 74
131 14 627 17 19 28
131 15 450 -4 15 31
131 16 342 -9 18 24
131 17 536 31 21 47
131 18 547 38 21 57
131 19 490 27 19 54
131 20 486 49 27 60
131 21 250 -4 20 41
131 22 265 -1 20 45
131 23 323 -8 18 47
131 24 264 3 22 48
131 25 244 18 23 51
131 26 248 19 19 44
132 1 132 174 48 75
132 14 627 17 19 28
132 15 451 -3 18 31
132 16 342 -9 18 24
132 17 536 31 21 47
132 18 547 38 21 57
132 19 491 27 21 54
132 20 486 49 28 60
132 21 250 -4 20 42
132 22 264 -1 20 45
132 23 323 -8 18 47
132 24 264 3 22 48
132 25 244 18 23 51
132 26 248 19 19 44
133 1 131 174 48 75
133 14 627 17 19 28
133 15 451 -3 18 31
133 16 342 -9 18 24
133 17 538 31 20 46
133 18 547 38 21 56
133 19 492 27 21 55
133 20 486 49 29 59
133 21 250 -4 20 42
133 22 263 -1 21 45
133 23 323 -8 18 47
133 24 265 3 22 48
133 25 244 18 23 51
133 26 248 19 19 44
134 1 133 174 44 75
134 14 627 17 19 28
134 15 452 -3 18 32
134 16 342 -9 18 24
134 17 538 31 20 46
134 18 547 38 21 56
134 19 492 27 21 55
134 20 487 52 28 56
134 21 250 -4 20 42
134 22 263 -1 21 45
134 23 323 -8 18 46
134 24 265 3 22 48
134 25 244 18 23 51
134 26 248 19 19 44
135 1 133 174 44 75
135 14 627 17 19 28
135 15 452 -3 18 32
135 16 342 -9 18 24
135 17 538 31 18 48
135 18 547 38 21 56
135 19 493 27 21 56
135 20 487 52 28 56
135 21 250 -4 20 42
135 22 263 -1 21 45
135 23 322 -8 19 46
135 24 265 3 22 48
135 25 244 18 23 51
135 26 248 19 19 44
136 1 131 174 44 75
136 14 627 17 19 28
136 15 452 -4 19 33
136 16 342 -9 18 24
136 17 538 31 18 48
136 18 547 38 21 56
136 19 491 27 24 55
136 20 488 52 28 56
136 21 251 -3 20 42
136 22 264 -1 21 45
136 23 322 -8 19 46
136 24 265 3 23 49
136 25 244 18 23 51
136 26 248 20 19 44
137 1 129 173 40 80
137 14 627 17 19 28
137 15 453 -3 18 32
137 16 342 -9 18 24
137 17 539 31 18 48
137 18 547 38 21 57
137 19 492 27 24 55
137 20 488 52 28 56
137 21 251 -3 20 40
137 22 264 -1 21 45
137 23 322 -8 19 46
137 24 265 3 23 49
137 25 243 18 23 51
137 26 247 19 19 44
138 1 124 173 37 82
138 14 627 17 19 28
138 15 451 -3 22 35
138 16 342 -9 18 24
138 17 539 31 18 48
138 18 548 38 21 57
138 19 493 28 24 54
138 20 489 52 28 56
138 21 251 -3 20 42
138 22 263 -1 21 45
138 23 321 -9 19 46
138 24 270 3 20 50
138 25 243 18 23 51
138 26 247 20 19 44
139 1 121 172 43 81
139 14 627 17 19 28
139 15 452 -3 22 35
139 16 342 -10 18 24
139 17 539 31 18 48
139 18 548 38 22 55
139 19 492 28 26 54
139 20 492 52 25 57
139 21 251 -3 21 45
139 22 263 -1 17 44
139 23 321 -9 20 47
139 24 270 3 20 50
139 25 243 18 23 51
139 26 247 17 20 46
140 1 120 172 43 83
140 14 627 17 19 28
140 15 452 -3 22 35
140 16 342 -10 18 24
140 17 539 31 18 48
140 18 548 38 22 55
140 19 493 28 26 54
140 20 493 52 25 57
140 21 251 -3 21 45
140 22 263 -1 17 44
140 23 320 -10 20 48
140 24 272 2 18 51
140 25 243 18 23 52
140 26 247 17 20 46
141 1 120 172 43 83
141 14 627 17 19 28
141 15 452 -3 22 35
141 16 342 -10 18 24
141 17 539 31 18 48
141 18 548 38 22 55
141 19 493 28 24 53
141 20 493 52 25 57
141 21 251 -3 21 45
141 22 263 -1 17 44
141 23 320 -10 20 48
141 24 272 2 18 51
141 25 243 18 23 52
141 26 247 17 20 46
142 1 118 172 44 81
142 14 627 17 19 28
142 15 454 -3 21 34
142 16 342 -10 18 24
142 17 540 31 18 46
142 18 548 38 22 55
142 19 494 28 24 53
142 20 493 51 28 56
142 21 251 -3 21 45
142 22 263 -1 17 44
142 23 320 -10 20 44
142 24 272 2 18 51
142 25 243 18 23 52
142 26 247 17 20 46
143 1 110 172 51 83
143 14 627 17 19 28
143 15 456 -5 21 35
143 16 342 -10 18 24
143 17 542 30 17 51
143 18 548 38 22 55
143 19 494 28 24 53
143 20 494 51 29 56
143 21 253 -3 19 45
143 22 261 0 19 43
143 23 320 -8 20 42
143 24 273 2 18 51
143 25 241 18 23 50
143 26 247 17 20 46
144 1 109 172 51 83
144 14 627 17 19 28
144 15 456 -5 21 35
144 16 342 -10 18 24
144 17 542 30 17 51
144 18 548 38 22 55
144 19 495 27 21 54
144 20 494 51 29 57
144 21 253 -3 19 45
144 22 261 0 19 43
144 23 319 -8 20 42
144 24 274 1 18 51
144 25 241 18 23 50
144 26 248 17 19 46
145 1 106 176 52 79
145 14 627 17 19 28
145 15 461 -5 17 36
145 16 342 -10 18 24
145 17 543 30 18 50
145 18 548 38 22 55
145 19 495 27 20 50
145 20 500 50 25 59
145 21 253 -3 19 45
145 22 261 0 19 42
145 23 316 -9 23 45
145 24 275 2 19 50
145 25 241 18 23 50
145 26 248 17 19 46
146 1 105 177 52 78
146 14 627 17 19 28
146 15 462 -5 17 36
146 16 342 -10 18 24
146 17 543 30 18 50
146 18 548 37 22 54
146 19 495 27 22 51
146 20 501 50 25 59
146 21 254 -3 19 44
146 22 261 0 19 43
146 23 316 -8 23 44
146 24 276 2 19 50
146 25 241 18 23 50
146 26 248 17 19 46
147 1 105 177 52 78
147 14 627 17 19 28
147 15 462 -5 17 36
147 16 342 -10 18 24
147 17 543 30 17 48
147 18 548 37 22 55
147 19 495 27 22 52
147 20 501 50 25 59
147 21 254 -3 19 44
147 22 259 0 19 42
147 23 316 -8 23 44
147 24 276 2 19 50
147 25 241 18 23 50
147 26 248 17 19 46
148 1 103 177 52 76
148 14 627 17 19 28
148 15 462 -5 17 36
148 16 342 -10 18 24
148 17 543 30 18 50
148 18 548 37 22 55
148 19 496 27 21 51
148 20 500 50 27 60
148 21 253 -2 19 44
148 22 259 0 19 42
148 23 315 -8 23 45
148 24 276 2 19 50
148 25 241 18 23 50
148 26 248 17 19 46
149 1 102 176 47 77
149 14 627 17 19 28
149 15 464 -5 16 36
149 16 342 -10 18 24
149 17 545 28 18 46
149 18 548 37 23 55
149 19 496 27 23 52
149 20 501 50 30 60
149 21 253 -3 19 45
149 22 259 0 19 42
149 23 315 -9 24 42
149 24 277 2 19 50
149 25 241 18 23 52
149 26 248 17 19 47
150 1 98 176 46 77
150 14 627 17 19 28
150 15 465 -5 16 36
150 16 342 -10 18 24
150 17 545 28 18 46
150 18 548 37 23 55
150 19 496 27 23 52
150 20 502 50 30 60
150 21 253 -3 19 45
150 22 257 -1 20 43
150 23 315 -8 24 41
150 24 277 2 19 50
150 25 241 18 23 52
150 26 248 17 19 47
151 1 97 176 46 77
151 14 627 17 19 28
151 15 466 -5 16 37
151 16 342 -10 18 24
151 17 545 28 18 46
151 18 548 37 23 55
151 19 498 27 22 52
151 20 501 53 37 57
151 21 253 -2 22 43
151 22 257 -1 20 43
151 23 314 -9 22 42
151 24 278 2 19 49
151 25 241 17 26 53
151 26 249 17 19 47
152 1 96 176 46 77
152 14 627 17 19 28
152 15 464 -6 19 37
152 16 341 -10 18 24
152 17 547 28 17 46
152 18 548 37 23 55
152 19 498 27 22 52
152 20 502 53 37 57
152 21 253 -2 22 43
152 22 257 -1 20 43
152 23 313 -9 21 43
152 24 278 1 19 50
152 25 241 17 26 53
152 26 249 17 19 47
153 1 96 176 46 77
153 14 627 17 19 28
153 15 464 -6 19 37
153 16 341 -10 18 24
153 17 547 28 17 46
153 18 548 37 23 55
153 19 498 27 22 52
153 20 502 53 34 58
153 21 253 -2 22 43
153 22 257 -1 20 43
153 23 313 -8 21 42
153 24 279 2 18 48
153 25 241 17 26 53
153 26 249 17 19 47
154 1 93 176 45 76
154 14 627 17 19 28
154 15 465 -6 20 37
154 16 341 -10 18 24
154 17 547 28 17 46
154 18 549 37 23 55
154 19 496 27 24 54
154 20 503 53 31 56
154 21 253 -2 22 43
154 22 258 -1 20 43
154 23 312 -9 21 42
154 24 280 2 18 46
154 25 241 17 26 53
154 26 249 17 19 47
155 1 91 177 45 75
155 14 627 17 19 28
155 15 468 -6 17 37
155 16 342 -10 18 24
155 17 549 27 16 46
155 18 547 37 21 54
155 19 496 27 24 54
155 20 504 53 31 56
155 21 254 -2 24 44
155 22 251 -4 21 46
155 23 312 -9 22 43
155 24 280 2 19 49
155 25 241 17 26 53
155 26 249 16 20 47
156 1 90 178 45 76
156 14 627 17 19 28
156 15 469 -6 17 37
156 16 342 -10 18 24
156 17 549 27 16 46
156 18 547 37 21 54
156 19 498 27 23 54
156 20 507 53 29 57
156 21 254 -2 24 44
156 22 251 -4 21 46
156 23 311 -10 19 43
156 24 281 2 19 49
156 25 242 17 26 53
156 26 249 16 19 47
157 1 87 179 46 76
157 14 627 17 19 28
157 15 469 -6 17 37
157 16 342 -10 18 24
157 17 550 27 16 46
157 18 548 37 21 54
157 19 498 27 23 54
157 20 508 53 30 56
157 21 254 -2 24 44
157 22 251 -4 21 46
157 23 310 -9 19 42
157 24 281 1 19 50
157 25 242 17 26 53
157 26 250 17 19 47
158 1 86 180 51 81
158 14 627 17 19 28
158 15 471 -6 16 38
158 16 342 -10 18 24
158 17 550 27 16 46
158 18 548 37 21 54
158 19 498 27 23 54
158 20 513 52 26 58
158 21 254 -2 24 44
158 22 251 -4 21 46
158 23 310 -9 20 42
158 24 281 1 19 50
158 25 242 17 26 53
158 26 250 17 19 46
159 1 86 180 51 81
159 14 627 17 19 28
159 15 471 -6 16 38
159 16 342 -10 18 24
159 17 550 27 16 46
159 18 548 37 21 54
159 19 499 27 23 52
159 20 513 52 26 58
159 21 257 -1 18 44
159 22 251 -4 21 46
159 23 310 -9 20 42
159 24 281 1 19 50
159 25 242 17 26 53
159 26 250 17 19 47
160 1 85 181 51 81
160 14 627 17 19 28
160 15 472 -6 16 38
160 16 342 -10 18 24
160 17 551 27 17 45
160 18 548 37 21 54
160 19 499 27 23 52
160 20 514 52 26 58
160 21 257 -1 18 44
160 22 251 -4 21 46
160 23 309 -10 20 43
160 24 282 1 19 49
160 25 243 17 26 53
160 26 250 16 20 48
161 1 82 181 52 82
161 14 627 17 19 28
161 15 472 -6 20 38
161 16 342 -10 18 24
161 17 551 27 17 45
161 18 549 37 21 54
161 19 500 27 23 52
161 20 515 52 26 59
161 21 257 -1 18 44
161 22 251 -4 21 46
161 23 306 -10 23 44
161 24 282 1 24 50
161 25 243 17 26 53
161 26 250 17 19 47
162 1 83 182 50 79
162 14 627 17 19 28
162 15 472 -6 20 38
162 16 341 -10 18 24
162 17 552 28 17 45
162 18 549 37 21 53
162 19 500 27 23 52
162 20 516 52 26 59
162 21 257 -1 18 44
162 22 247 -2 22 44
162 23 305 -8 23 42
162 24 282 1 24 50
162 25 243 17 25 54
162 26 251 17 19 47
163 1 80 182 51 78
163 14 627 17 19 28
163 15 472 -6 23 37
163 16 341 -10 18 24
163 17 553 28 17 45
163 18 549 38 21 53
163 19 500 27 23 52
163 20 517 52 26 59
163 21 257 -1 18 44
163 22 247 -2 22 44
163 23 304 -8 24 43
163 24 283 1 24 50
163 25 243 17 25 54
163 26 251 17 19 46
164 1 79 182 50 78
164 14 627 17 19 28
164 15 472 -6 23 37
164 16 341 -10 18 24
164 17 553 26 17 46
164 18 550 37 21 53
164 19 502 27 25 53
164 20 516 53 31 60
164 21 257 -1 18 44
164 22 246 -2 22 45
164 23 300 -9 27 42
164 24 285 1 23 50
164 25 243 17 25 54
164 26 252 18 19 45
165 1 79 182 50 78
165 14 627 17 19 28
165 15 472 -6 23 37
165 16 341 -10 18 24
165 17 553 28 17 45
165 18 547 37 23 54
165 19 501 27 24 52
165 20 516 53 31 60
165 21 257 -1 18 44
165 22 246 -2 22 45
165 23 300 -8 27 41
165 24 285 1 23 50
165 25 243 17 25 54
165 26 251 17 19 46
166 1 78 182 46 78
166 14 627 17 19 28
166 15 472 -6 23 37
166 16 341 -10 18 24
166 17 554 28 16 45
166 18 547 37 23 54
166 19 501 27 24 52
166 20 517 53 31 60
166 21 257 0 18 43
166 22 247 -1 22 43
166 23 299 -8 27 41
166 24 286 2 22 49
166 25 245 17 23 56
166 26 251 17 19 46
167 1 77 182 46 78
167 14 627 17 19 28
167 15 472 -6 23 37
167 16 341 -10 18 24
167 17 554 28 19 43
167 18 547 37 23 54
167 19 502 27 24 52
167 20 518 53 31 60
167 21 257 0 18 43
167 22 247 -1 22 43
167 23 298 -8 27 41
167 24 286 2 23 50
167 25 245 17 23 56
167 26 252 17 19 46
168 1 76 183 45 77
168 14 627 17 19 28
168 15 472 -6 20 36
168 16 341 -10 18 24
168 17 554 28 19 43
168 18 547 37 23 54
168 19 502 28 24 51
168 20 519 53 31 60
168 21 257 0 17 43
168 22 248 -1 21 43
168 23 298 -8 27 41
168 24 285 2 24 49
168 25 245 17 23 56
168 26 252 17 19 46
169 1 72 181 50 87
169 14 627 17 19 28
169 15 472 -6 20 36
169 16 341 -10 18 24
169 17 554 28 19 43
169 18 547 37 23 54
169 19 503 28 24 51
169 20 520 54 32 58
169 21 259 2 16 40
169 22 245 0 24 41
169 23 298 -8 27 41
169 24 285 2 24 49
169 25 247 17 23 54
169 26 252 18 19 45
170 1 71 182 50 86
170 14 627 17 19 28
170 15 471 -6 19 37
170 16 341 -10 18 24
170 17 554 28 19 45
170 18 547 37 23 54
170 19 503 28 24 52
170 20 521 54 32 58
170 21 257 0 18 41
170 22 245 0 24 41
170 23 297 -9 24 42
170 24 285 2 24 49
170 25 247 17 23 54
170 26 253 18 19 46
171 1 71 181 50 86
171 14 627 17 19 28
171 15 471 -6 19 37
171 16 341 -10 18 24
171 17 557 27 18 43
171 18 547 37 23 54
171 19 503 28 24 51
171 20 521 54 32 56
171 21 257 0 18 41
171 22 245 0 24 41
171 23 297 -8 24 41
171 24 285 2 24 49
171 25 247 17 23 54
171 26 253 18 18 45
172 1 65 182 53 86
172 14 627 17 19 28
172 15 471 -6 19 37
172 16 341 -10 18 24
172 17 557 27 18 43
172 18 547 37 23 54
172 19 501 28 28 54
172 20 522 54 32 56
172 21 257 0 18 41
172 22 245 0 24 40
172 23 297 -8 24 41
172 24 285 2 24 49
172 25 247 17 23 54
172 26 253 17 19 46
173 1 64 183 53 85
173 14 627 17 19 28
173 15 471 -6 19 37
173 16 341 -10 18 24
173 17 557 27 18 43
173 18 547 37 23 54
173 19 502 28 28 54
173 20 527 54 27 57
173 21 257 0 18 40
173 22 247 0 22 41
173 23 297 -8 24 41
173 24 285 1 24 49
173 25 248 17 23 53
173 26 253 17 19 46
174 1 62 184 56 86
174 14 627 17 19 28
174 15 471 -6 19 37
174 16 341 -10 18 24
174 17 557 27 18 44
174 18 547 37 23 54
174 19 502 28 28 54
174 20 528 54 27 57
174 21 257 0 18 40
174 22 247 0 22 41
174 23 295 -9 18 38
174 24 285 1 24 49
174 25 248 17 22 54
174 26 253 17 19 46
175 1 61 185 56 85
175 14 627 17 19 28
175 15 471 -5 19 36
175 16 341 -10 18 24
175 17 557 27 18 43
175 18 547 38 23 53
175 19 505 28 24 55
175 20 532 54 25 55
175 21 257 0 18 40
175 22 247 0 22 41
175 23 294 -8 18 37
175 24 283 0 26 49
175 25 248 17 22 54
175 26 253 17 19 46
176 1 60 186 55 84
176 14 627 17 19 28
176 15 472 -5 18 34
176 16 341 -10 18 24
176 17 557 26 20 44
176 18 547 38 23 53
176 19 506 28 24 55
176 20 533 54 25 55
176 21 255 0 18 39
176 22 247 0 19 41
176 23 294 -8 18 37
176 24 283 0 26 49
176 25 248 17 22 54
176 26 254 16 19 47
177 1 60 186 55 84
177 14 626 17 19 28
177 15 472 -5 18 34
177 16 341 -10 18 24
177 17 557 26 20 44
177 18 547 38 23 53
177 19 506 28 24 55
177 20 533 54 25 55
177 21 255 0 18 39
177 22 247 0 19 41
177 23 294 -8 18 37
177 24 283 0 26 49
177 25 248 17 22 54
177 26 252 16 21 47
178 1 59 186 54 83
178 14 626 16 19 28
178 15 470 -7 19 36
178 16 341 -10 18 24
178 17 557 26 20 44
178 18 547 38 23 53
178 19 508 28 22 54
178 20 533 54 25 54
178 21 255 0 18 39
178 22 247 0 19 41
178 23 293 -8 18 37
178 24 283 0 26 49
178 25 248 17 22 54
178 26 251 16 22 49
179 1 55 186 52 85
179 14 626 16 19 28
179 15 472 -4 20 34
179 16 341 -10 18 24
179 17 557 27 20 44
179 18 547 38 23 53
179 19 509 28 24 54
179 20 534 55 30 54
179 21 255 0 18 39
179 22 247 0 19 41
179 23 292 -8 18 36
179 24 277 1 31 47
179 25 248 17 22 53
179 26 251 16 22 49
180 1 54 186 52 85
180 14 626 16 19 28
180 15 472 -4 20 34
180 16 341 -10 18 24
180 17 557 26 20 46
180 18 547 38 23 53
180 19 509 28 24 54
180 20 535 55 30 54
180 21 253 0 18 39
180 22 247 0 19 41
180 23 292 -7 17 36
180 24 276 1 31 47
180 25 251 17 19 55
180 26 251 16 22 49
181 1 46 188 51 83
181 14 626 16 19 28
181 15 472 -4 20 34
181 16 341 -10 18 24
181 17 558 26 21 47
181 18 547 37 23 53
181 19 510 27 24 56
181 20 535 55 30 53
181 21 245 -1 27 46
181 22 247 0 19 40
181 23 291 -8 17 36
181 24 276 2 31 46
181 25 251 17 19 55
181 26 251 16 22 49
182 1 45 188 51 82
182 14 626 16 19 28
182 15 472 -4 20 34
182 16 341 -10 18 24
182 17 558 26 21 47
182 18 547 37 23 53
182 19 512 27 23 55
182 20 535 53 31 56
182 21 245 -1 27 46
182 22 247 0 19 40
182 23 290 -7 17 35
182 24 275 1 31 47
182 25 251 17 19 55
182 26 251 16 22 49
183 1 45 188 51 83
183 14 626 16 19 28
183 15 472 -4 20 34
183 16 341 -10 18 24
183 17 560 26 19 44
183 18 547 37 23 53
183 19 515 27 20 56
183 20 535 53 31 56
183 21 245 -1 27 46
183 22 246 -3 21 50
183 23 290 -7 17 35
183 24 275 1 31 47
183 25 251 17 21 56
183 26 251 16 22 48
184 1 45 189 49 81
184 14 626 16 19 28
184 15 472 -4 20 34
184 16 341 -10 18 24
184 17 560 26 19 43
184 18 547 37 23 54
184 19 516 27 20 56
184 20 536 53 31 56
184 21 245 -1 27 46
184 22 246 -3 21 50
184 23 289 -7 17 35
184 24 274 1 31 48
184 25 251 17 21 56
184 26 250 16 20 48
185 1 44 189 49 81
185 14 626 16 19 28
185 15 473 -3 19 33
185 16 341 -10 18 24
185 17 560 26 18 42
185 18 547 37 23 53
185 19 516 27 20 56
185 20 536 54 30 55
185 21 245 0 27 45
185 22 246 -3 21 49
185 23 287 -8 18 36
185 24 273 2 36 45
185 25 251 17 21 56
185 26 250 16 20 48
186 1 44 190 48 79
186 14 626 16 19 28
186 15 473 -3 19 33
186 16 341 -10 18 24
186 17 561 26 18 42
186 18 547 37 23 53
186 19 516 27 20 56
186 20 538 54 29 55
186 21 244 0 25 45
186 22 244 -2 22 48
186 23 285 -8 19 36
186 24 272 2 36 45
186 25 251 17 21 56
186 26 250 16 20 48
187 1 42 191 49 81
187 14 626 16 19 28
187 15 474 -2 19 33
187 16 341 -10 18 24
187 17 562 26 18 41
187 18 548 37 23 53
187 19 515 27 25 55
187 20 540 52 29 56
187 21 244 0 25 45
187 22 244 -2 22 48
187 23 281 -7 18 35
187 24 271 2 36 45
187 25 251 17 21 56
187 26 250 16 20 47
188 1 42 191 48 80
188 14 626 16 19 28
188 15 474 -1 20 32
188 16 341 -10 18 24
188 17 562 23 19 48
188 18 548 37 22 53
188 19 516 27 25 55
188 20 540 52 29 59
188 21 244 0 25 45
188 22 244 -2 22 48
188 23 284 -9 19 36
188 24 274 1 32 46
188 25 251 17 21 55
188 26 250 16 20 47
189 1 42 191 48 80
189 14 626 16 19 28
189 15 474 -1 20 32
189 16 341 -10 18 24
189 17 562 23 19 48
189 18 548 37 22 53
189 19 516 27 25 55
189 20 540 52 29 59
189 21 244 0 25 45
189 22 244 -2 22 48
189 23 284 -9 18 36
189 24 274 1 32 46
189 25 251 17 21 55
189 26 250 16 20 47
190 1 40 192 53 82
190 14 626 16 19 28
190 15 474 0 20 31
190 16 341 -10 18 23
190 17 562 23 19 48
190 18 548 37 22 53
190 19 516 27 25 55
190 20 541 52 29 59
190 21 243 0 26 45
190 22 244 -1 22 47
190 23 283 -9 18 36
190 24 273 1 32 46
190 25 251 17 21 56
190 26 250 16 20 48
191 1 39 192 53 82
191 14 626 16 19 28
191 15 474 0 19 31
191 16 341 -10 18 23
191 17 564 23 18 48
191 18 549 37 22 53
191 19 517 27 25 55
191 20 541 52 29 59
191 21 243 1 25 45
191 22 244 -2 22 48
191 23 280 -9 18 35
191 24 274 1 26 47
191 25 251 17 19 53
191 26 250 16 20 48
192 1 38 193 52 81
192 14 626 16 19 28
192 15 475 0 19 33
192 16 341 -10 18 23
192 17 564 21 18 50
192 18 549 37 22 53
192 19 518 28 25 55
192 20 541 52 29 59
192 21 243 -1 28 47
192 22 243 -1 21 47
192 23 280 -8 18 33
192 24 273 1 26 47
192 25 250 18 20 52
192 26 250 16 20 48
193 1 37 193 52 80
193 14 626 16 19 28
193 15 475 0 19 31
193 16 341 -10 17 23
193 17 564 21 19 50
193 18 549 37 22 53
193 19 517 28 25 54
193 20 542 52 29 60
193 21 244 1 28 46
193 22 243 -1 22 47
193 23 280 -8 16 33
193 24 273 1 26 46
193 25 250 18 20 52
193 26 249 16 20 48
194 1 37 191 46 82
194 14 626 16 19 28
194 15 475 0 19 31
194 16 341 -10 17 23
194 17 564 21 19 51
194 18 550 37 22 53
194 19 518 28 25 54
194 20 545 52 27 61
194 21 243 -1 26 46
194 22 243 -1 22 47
194 23 280 -8 16 32
194 24 272 1 26 47
194 25 250 18 20 52
194 26 249 16 20 48
195 1 37 188 45 85
195 14 626 16 19 28
195 15 475 0 19 31
195 16 341 -10 17 23
195 17 564 21 19 51
195 18 550 37 22 53
195 19 518 28 25 54
195 20 545 52 27 61
195 21 243 -1 26 46
195 22 243 -2 23 47
195 23 280 -8 16 32
195 24 272 1 26 47
195 25 252 18 20 52
195 26 249 16 20 48
196 1 36 188 44 85
196 14 626 16 19 28
196 15 476 0 19 31
196 16 341 -10 17 23
196 17 565 21 19 50
196 18 551 35 21 54
196 19 518 28 25 54
196 20 545 52 29 58
196 21 244 1 26 45
196 22 243 -2 23 47
196 23 279 -7 15 32
196 24 271 1 24 43
196 25 252 18 20 52
196 26 249 16 21 49
197 1 32 188 42 86
197 14 626 16 19 28
197 15 474 -1 21 33
197 16 341 -10 17 23
197 17 564 21 19 51
197 18 549 36 21 51
197 19 519 28 25 54
197 20 545 52 29 58
197 21 244 1 26 45
197 22 248 -2 18 47
197 23 275 -11 20 36
197 24 271 1 24 43
197 25 252 18 20 52
197 26 249 15 21 49
198 1 31 188 42 86
198 14 626 16 19 28
198 15 474 -1 21 33
198 16 341 -10 17 23
198 17 566 22 18 49
198 18 549 36 21 51
198 19 520 28 23 53
198 20 547 53 29 57
198 21 244 1 26 45
198 22 248 -2 18 47
198 23 274 -8 20 33
198 24 271 2 24 42
198 25 252 18 20 52
198 26 249 15 21 50
199 1 30 188 42 86
199 14 626 16 19 28
199 15 474 -1 21 33
199 16 341 -10 17 23
199 17 566 22 18 49
199 18 551 35 20 53
199 19 521 28 23 53
199 20 546 52 29 58
199 21 244 1 26 45
199 22 248 -2 20 43
199 23 274 -8 20 33
199 24 270 2 24 42
199 25 254 16 18 54
199 26 249 15 21 51
200 1 29 188 42 86
200 14 626 16 19 28
200 15 474 -2 21 34
200 16 341 -10 17 23
200 17 567 22 19 49
200 18 552 35 20 53
200 19 521 28 23 53
200 20 546 52 29 58
200 21 244 1 26 45
200 22 248 -2 20 43
200 23 273 -8 21 34
200 24 270 3 23 42
200 25 254 16 18 54
200 26 246 15 24 48
201 1 25 188 42 88
201 14 626 16 19 28
201 15 474 -2 21 34
201 16 341 -10 17 23
201 17 567 22 19 49
201 18 552 35 20 53
201 19 523 28 21 54
201 20 546 52 29 58
201 21 244 1 26 45
201 22 248 -2 20 43
201 23 273 -8 21 34
201 24 270 3 23 42
201 25 254 16 18 54
201 26 246 15 20 47
202 1 28 188 42 87
202 14 626 16 19 28
202 15 474 -2 21 33
202 16 341 -10 17 23
202 17 568 22 19 49
202 18 551 34 21 54
202 19 525 28 20 54
202 20 547 52 29 58
202 21 244 1 26 45
202 22 248 -2 20 43
202 23 272 -8 21 35
202 24 270 3 23 41
202 25 254 16 18 54
202 26 246 15 20 47
203 1 27 188 43 87
203 14 626 16 19 28
203 15 474 -3 22 35
203 16 341 -10 17 23
203 17 569 22 19 50
203 18 552 34 17 55
203 19 525 28 20 55
203 20 551 53 28 57
203 21 244 1 26 45
203 22 251 -2 22 43
203 23 271 -7 21 34
203 24 269 3 23 41
203 25 254 16 18 54
203 26 246 15 20 47
204 1 25 189 42 88
204 14 626 16 19 28
204 15 474 -4 23 36
204 16 341 -10 17 23
204 17 567 22 22 51
204 18 552 34 17 55
204 19 529 28 19 56
204 20 549 52 25 59
204 21 244 1 26 45
204 22 251 -2 22 43
204 23 270 -8 21 35
204 24 268 4 24 39
204 25 254 16 20 54
204 26 246 15 20 47
205 1 25 189 45 85
205 14 626 16 19 28
205 15 477 -2 19 34
205 16 341 -11 18 24
205 17 568 22 22 51
205 18 549 34 21 56
205 19 530 28 19 56
205 20 549 52 25 59
205 21 244 1 26 45
205 22 251 -2 22 43
205 23 270 -7 19 33
205 24 268 4 24 39
205 25 254 16 20 54
205 26 246 15 20 47
206 1 23 189 45 85
206 14 626 16 19 28
206 15 477 -2 19 36
206 16 341 -11 18 24
206 17 568 22 22 51
206 18 549 34 21 56
206 19 530 28 19 56
206 20 550 52 25 60
206 21 244 1 26 45
206 22 256 -1 21 42
206 23 270 -7 19 33
206 24 267 4 24 38
206 25 254 16 20 54
206 26 246 15 20 47
207 1 23 189 45 85
207 14 626 16 19 28
207 15 477 -2 19 36
207 16 341 -11 18 24
207 17 568 22 22 51
207 18 549 34 21 56
207 19 530 28 19 56
207 20 550 52 25 60
207 21 244 1 26 45
207 22 256 -1 21 42
207 23 270 -7 19 33
207 24 267 4 24 38
207 25 254 16 20 54
207 26 246 15 20 47
208 1 22 189 45 85
208 14 626 16 19 28
208 15 478 -3 19 35
208 16 341 -11 17 23
208 17 568 22 22 49
208 18 551 34 20 57
208 19 531 29 19 56
208 20 550 52 25 60
208 21 244 1 23 45
208 22 256 -1 21 42
208 23 269 -7 19 33
208 24 267 4 24 38
208 25 253 16 24 53
208 26 246 15 20 47
209 1 21 189 45 85
209 14 626 16 19 28
209 15 480 -3 18 35
209 16 341 -11 18 24
209 17 568 22 22 49
209 18 549 34 21 57
209 19 531 29 19 55
209 20 555 52 22 61
209 21 244 0 22 46
209 22 256 -1 21 42
209 23 269 -6 18 32
209 24 265 4 24 40
209 25 253 16 24 53
209 26 246 15 20 47
210 1 23 188 41 85
210 14 626 16 19 28
210 15 480 -4 19 36
210 16 341 -11 17 23
210 17 572 22 19 46
210 18 548 33 21 60
210 19 531 29 18 54
210 20 556 52 22 61
210 21 245 0 21 46
210 22 257 -1 21 42
210 23 269 -6 18 31
210 24 265 4 24 39
210 25 253 16 24 53
210 26 246 14 20 48
211 1 22 188 41 85
211 14 626 16 19 28
211 15 480 -4 19 37
211 16 341 -11 17 23
211 17 572 22 19 46
211 18 548 33 21 60
211 19 532 30 18 54
211 20 556 52 22 62
211 21 245 1 26 45
211 22 257 -1 21 42
211 23 269 -2 18 31
211 24 264 5 23 38
211 25 253 16 24 53
211 26 246 14 20 48
212 1 21 187 41 86
212 14 626 16 19 28
212 15 481 -4 20 36
212 16 341 -11 17 23
212 17 573 22 20 46
212 18 548 33 21 60
212 19 533 30 20 55
212 20 557 52 24 60
212 21 245 1 26 45
212 22 257 -1 21 42
212 23 267 -8 21 35
212 24 264 5 23 37
212 25 254 16 24 53
212 26 248 15 19 48
213 1 18 187 41 86
213 14 626 16 19 28
213 15 479 -8 22 40
213 16 341 -11 17 23
213 17 573 22 20 46
213 18 548 33 21 60
213 19 533 29 20 56
213 20 557 52 24 60
213 21 245 1 26 45
213 22 257 -1 21 42
213 23 267 -8 21 35
213 24 264 5 23 37
213 25 254 16 23 53
213 26 247 14 20 48
214 1 17 187 41 86
214 14 626 16 19 28
214 15 479 -8 22 40
214 16 341 -11 18 24
214 17 573 22 20 46
214 18 550 33 17 56
214 19 532 29 22 57
214 20 559 51 24 61
214 21 245 1 26 45
214 22 257 -1 21 42
214 23 267 -8 21 35
214 24 264 6 22 37
214 25 254 16 23 53
214 26 247 14 20 48
215 1 17 186 41 87
215 14 626 16 19 28
215 15 480 -8 22 40
215 16 341 -11 17 23
215 17 573 22 20 46
215 18 548 33 19 56
215 19 533 30 20 54
215 20 559 51 24 62
215 21 240 1 23 45
215 22 258 -1 19 48
215 23 267 -8 21 35
215 24 264 6 22 36
215 25 254 16 23 53
215 26 247 14 20 48
216 1 7 185 44 87
216 14 626 16 19 28
216 15 480 -8 22 40
216 16 341 -11 18 24
216 17 576 22 18 46
216 18 548 33 19 57
216 19 533 30 20 54
216 20 559 51 26 61
216 21 239 1 25 45
216 22 258 -1 19 48
216 23 267 -7 21 35
216 24 264 6 22 37
216 25 254 16 23 53
216 26 247 14 20 48
217 1 7 185 44 87
217 14 626 16 19 28
217 15 481 -8 22 41
217 16 341 -11 18 23
217 17 576 22 18 46
217 18 548 33 20 58
217 19 534 30 20 54
217 20 559 51 26 61
217 21 239 1 25 45
217 22 258 -1 19 48
217 23 267 -8 21 35
217 24 264 6 22 36
217 25 255 16 23 53
217 26 249 14 19 48
218 1 6 184 44 87
218 14 626 16 19 28
218 15 482 -9 23 41
218 16 341 -11 18 23
218 17 577 22 18 46
218 18 548 33 20 58
218 19 535 30 20 55
218 20 560 51 27 60
218 21 239 1 25 45
218 22 258 -1 19 48
218 23 267 -8 21 35
218 24 264 6 22 37
218 25 255 16 23 53
218 26 249 14 19 48
219 1 6 185 44 87
219 14 626 16 19 28
219 15 482 -9 23 41
219 16 341 -11 18 24
219 17 577 22 18 46
219 18 548 33 19 58
219 19 535 30 20 55
219 20 560 51 27 60
219 21 239 1 25 45
219 22 258 -1 19 48
219 23 267 -8 26 38
219 24 264 6 22 37
219 25 253 16 25 53
219 26 249 14 19 48
220 1 1 184 49 88
220 14 626 16 19 28
220 15 482 -9 23 41
220 16 341 -11 18 23
220 17 577 22 18 46
220 18 548 33 21 60
220 19 535 30 20 53
220 20 560 51 27 60
220 21 239 1 25 45
220 22 258 -1 19 48
220 23 267 -8 26 38
220 24 264 6 22 36
220 25 253 16 24 54
220 26 249 14 20 48
221 1 1 184 49 88
221 2 -21 208 18 68
221 14 626 16 19 28
221 15 484 -9 22 40
221 16 341 -11 18 23
221 17 577 22 18 46
221 18 548 33 19 57
221 19 539 29 19 56
221 20 561 51 27 61
221 21 239 1 25 45
221 22 258 -1 19 48
221 23 267 -9 26 39
221 24 264 6 22 36
221 25 253 16 24 54
221 26 249 14 20 48
222 1 0 184 49 88
222 2 -22 205 21 68
222 14 626 16 19 28
222 15 485 -9 19 41
222 16 341 -11 18 24
222 17 578 22 17 46
222 18 548 33 19 57
222 19 539 29 19 56
222 20 561 51 27 61
222 21 238 0 24 44
222 22 258 -1 19 48
222 23 267 -8 26 38
222 24 263 6 22 36
222 25 255 16 22 52
222 26 249 13 20 49
223 1 0 183 49 88
223 2 -21 206 21 70
223 14 626 16 19 28
223 15 486 -9 19 41
223 16 341 -11 18 23
223 17 578 22 17 46
223 18 548 33 19 57
223 19 540 29 19 54
223 20 561 51 27 61
223 21 238 0 24 44
223 22 258 -1 19 48
223 23 267 -8 26 38
223 24 263 6 22 36
223 25 255 16 22 52
223 26 249 13 20 49
224 1 0 182 49 89
224 2 -23 203 23 71
224 14 626 16 19 28
224 15 486 -9 19 42
224 16 341 -11 18 24
224 17 577 19 19 49
224 18 548 33 19 58
224 19 540 29 21 55
224 20 561 51 27 61
224 21 238 0 24 44
224 22 258 -1 21 48
224 23 267 -8 26 38
224 24 263 6 22 36
224 25 255 16 22 52
224 26 250 13 20 49
225 1 0 182 49 89
225 2 -22 199 22 75
225 14 626 16 19 28
225 15 486 -9 19 42
225 16 341 -11 18 24
225 17 577 19 19 49
225 18 548 33 21 60
225 19 540 29 21 55
225 20 561 51 27 61
225 21 238 0 24 44
225 22 258 -1 21 48
225 23 267 -8 26 38
225 24 263 6 22 36
225 25 255 16 22 52
225 26 250 13 20 49
226 1 0 182 48 88
226 2 -21 193 22 81
226 14 626 15 19 28
226 15 487 -9 19 42
226 16 341 -11 18 24
226 17 577 19 19 49
226 18 548 33 19 57
226 19 540 29 21 55
226 20 561 51 27 61
226 21 238 0 24 44
226 22 258 -1 21 48
226 23 267 -8 26 38
226 24 263 6 22 36
226 25 255 16 22 52
226 26 250 13 20 49
227 1 0 182 46 86
227 2 -23 192 25 81
227 14 626 15 19 28
227 15 487 -9 19 42
227 16 341 -11 18 24
227 17 579 19 18 49
227 18 548 33 20 57
227 19 541 30 22 54
227 20 562 51 27 61
227 21 238 0 24 44
227 22 258 -1 21 48
227 23 266 -8 26 38
227 24 263 6 22 36
227 25 255 16 22 52
227 26 250 13 20 49
228 1 1 179 47 89
228 2 -20 189 22 84
228 14 626 15 19 28
228 15 488 -9 21 41
228 16 341 -11 18 23
228 17 579 19 18 49
228 18 548 33 20 59
228 19 541 30 22 54
228 20 563 51 27 60
228 21 238 0 24 44
228 22 258 -1 21 48
228 23 267 -8 26 38
228 24 260 6 25 37
228 25 255 16 22 52
228 26 250 13 20 49
229 1 1 179 47 89
229 2 -21 194 23 79
229 14 626 16 19 28
229 15 489 -9 21 41
229 16 341 -11 18 24
229 17 579 18 18 50
229 18 548 33 21 61
229 19 542 32 21 52
229 20 562 50 28 60
229 21 238 0 24 44
229 22 258 -1 21 48
229 23 266 -8 24 41
229 24 260 6 25 37
229 25 256 16 22 52
229 26 250 13 20 49
230 1 0 178 46 90
230 2 -23 194 25 79
230 14 626 15 19 28
230 15 489 -9 21 41
230 16 341 -11 18 24
230 17 580 18 18 50
230 18 548 33 18 58
230 19 540 29 21 55
230 20 561 51 28 61
230 21 238 0 24 44
230 22 258 -1 21 48
230 23 266 -8 25 41
230 24 260 6 25 37
230 25 256 16 22 52
230 26 250 13 20 49
231 1 0 178 46 90
231 2 -22 189 24 84
231 14 626 16 19 28
231 15 489 -9 21 41
231 16 341 -11 18 24
231 17 580 18 18 50
231 18 548 33 19 56
231 19 540 29 25 52
231 20 564 51 25 62
231 21 238 0 24 44
231 22 258 -1 21 48
231 23 266 -8 25 41
231 24 260 6 24 38
231 25 256 16 22 52
231 26 250 13 20 49
232 1 0 177 48 91
232 2 -21 187 24 86
232 14 626 15 19 28
232 15 491 -9 20 41
232 16 341 -11 18 24
232 17 580 18 19 50
232 18 548 33 20 60
232 19 540 29 25 52
232 20 564 51 25 62
232 21 238 0 24 44
232 22 258 -1 21 50
232 23 264 -8 22 42
232 24 260 6 24 38
232 25 256 16 22 52
232 26 250 13 20 50
233 1 0 177 48 85
233 2 -20 184 23 89
233 14 626 16 19 28
233 15 492 -8 20 41
233 16 341 -11 18 24
233 17 581 18 18 50
233 18 548 33 21 61
233 19 543 29 26 56
233 20 564 52 25 61
233 21 238 0 24 44
233 22 258 -3 21 50
233 23 264 -8 22 42
233 24 257 4 22 37
233 25 256 16 22 52
233 26 250 13 20 50
234 1 0 177 48 85
234 2 -22 185 25 88
234 14 626 16 19 28
234 15 493 -8 20 41
234 16 341 -11 18 24
234 17 581 18 18 50
234 18 548 33 21 61
234 19 543 29 26 56
234 20 564 52 25 61
234 21 238 0 22 44
234 22 258 -1 21 48
234 23 263 -8 22 42
234 24 257 4 22 37
234 25 256 16 22 52
234 26 250 13 20 50
235 1 0 176 47 86
235 2 -21 180 24 93
235 14 626 16 19 28
235 15 493 -8 20 41
235 16 341 -11 18 24
235 17 581 19 18 50
235 18 548 33 21 60
235 19 543 29 26 56
235 20 564 52 25 61
235 21 238 0 24 44
235 22 258 -3 22 50
235 23 263 -8 22 42
235 24 257 4 22 37
235 25 256 16 22 52
235 26 250 13 20 50
236 1 0 176 47 86
236 2 -21 180 23 87
236 14 626 16 19 28
236 15 494 -8 21 41
236 16 341 -11 18 24
236 17 579 19 24 45
236 18 548 33 21 60
236 19 546 29 23 56
236 20 567 52 22 62
236 21 238 0 23 44
236 22 258 -3 22 50
236 23 261 -9 22 40
236 24 257 4 22 37
236 25 256 16 22 52
236 26 250 13 20 50
237 1 0 176 47 86
237 2 -18 180 20 87
237 14 626 16 19 28
237 15 494 -10 22 43
237 16 341 -11 18 24
237 17 579 19 24 45
237 18 548 33 20 55
237 19 546 29 23 56
237 20 567 52 22 62
237 21 238 3 22 41
237 22 258 -3 22 50
237 23 261 -8 19 39
237 24 254 6 25 35
237 25 256 16 22 52
237 26 250 13 20 50
238 1 0 179 47 83
238 2 -21 180 23 87
238 14 626 16 19 28
238 15 495 -10 20 43
238 16 341 -11 18 24
238 17 579 19 24 45
238 18 548 33 21 57
238 19 546 29 23 56
238 20 567 52 22 62
238 21 238 3 22 41
238 22 258 -3 20 52
238 23 261 -8 19 39
238 24 254 6 25 35
238 25 256 16 22 52
238 26 250 13 20 49
239 1 0 179 47 83
239 2 -21 181 23 86
239 14 626 16 19 28
239 15 495 -10 20 43
239 16 341 -11 18 24
239 17 580 19 24 45
239 18 548 33 24 55
239 19 550 29 19 57
239 20 567 52 22 62
239 21 238 3 22 41
239 22 258 -3 20 52
239 23 257 -9 20 39
239 24 254 6 25 35
239 25 256 16 22 52
239 26 250 13 20 50
240 1 0 178 47 83
240 2 -20 181 25 81
240 14 626 16 19 28
240 15 499 -10 17 43
240 16 341 -11 18 24
240 17 581 19 24 45
240 18 551 33 17 56
240 19 546 29 23 57
240 20 567 52 25 61
240 21 238 3 22 41
240 22 258 -3 20 52
240 23 258 -8 19 38
240 24 254 6 25 35
240 25 256 16 22 52
240 26 250 13 20 49
241 1 0 178 47 84
241 2 -18 180 23 81
241 14 626 16 19 28
241 15 499 -10 17 43
241 16 341 -11 18 23
241 17 585 19 21 42
241 18 548 33 21 57
241 19 551 29 25 57
241 20 567 52 25 61
241 21 239 4 22 41
241 22 259 -3 20 53
241 23 258 -8 19 38
241 24 255 6 25 35
241 25 256 16 22 53
241 26 250 13 20 49
242 1 -1 177 48 84
242 2 -21 180 27 82
242 14 626 16 19 28
242 15 500 -10 17 43
242 16 341 -11 18 23
242 17 585 19 21 42
242 18 548 33 21 59
242 19 551 29 25 57
242 20 567 52 25 61
242 21 239 4 22 41
242 22 258 -4 20 53
242 23 254 -9 19 38
242 24 255 5 26 36
242 25 256 16 22 52
242 26 250 13 20 49
243 1 2 177 46 89
243 2 -21 177 27 85
243 14 626 16 19 28
243 15 500 -10 17 43
243 16 341 -11 18 23
243 17 585 19 21 42
243 18 548 33 21 59
243 19 551 29 25 57
243 20 571 52 21 61
243 21 239 4 22 41
243 22 258 -4 20 53
243 23 254 -8 19 37
243 24 255 5 26 36
243 25 256 16 22 52
243 26 250 13 20 49
244 1 2 176 46 89
244 2 -21 177 27 84
244 14 626 16 19 28
244 15 500 -10 17 43
244 16 341 -11 18 23
244 17 587 19 20 42
244 18 548 33 21 59
244 19 551 29 25 58
244 20 571 52 21 61
244 21 240 4 25 41
244 22 259 -1 23 50
244 23 254 -8 19 38
244 24 255 7 25 34
244 25 256 16 22 52
244 26 250 13 20 49
245 1 2 176 45 83
245 2 -21 177 27 84
245 14 626 16 19 28
245 15 500 -10 17 43
245 16 341 -11 18 23
245 17 587 19 20 42
245 18 548 33 21 59
245 19 555 29 21 60
245 20 571 52 21 61
245 21 240 4 24 41
245 22 259 -1 23 50
245 23 254 -9 19 38
245 24 256 7 24 34
245 25 256 16 22 52
245 26 251 13 19 51
246 1 2 175 47 82
246 2 -21 176 28 84
246 14 626 16 19 28
246 15 501 -9 17 42
246 16 341 -11 18 23
246 17 588 19 19 44
246 18 548 33 21 59
246 19 555 29 21 60
246 20 571 52 21 61
246 21 240 4 24 41
246 22 259 -1 23 50
246 23 253 -8 23 37
246 24 254 6 26 36
246 25 256 16 22 53
246 26 251 13 19 51
247 1 2 174 47 82
247 2 -18 175 25 84
247 14 626 16 19 28
247 15 501 -9 17 42
247 16 341 -11 18 23
247 17 588 19 19 44
247 18 548 33 21 59
247 19 558 28 20 60
247 20 571 52 21 61
247 21 241 4 24 42
247 22 260 -3 23 52
247 23 253 -8 23 37
247 24 254 5 26 36
247 25 256 16 22 53
247 26 251 13 19 51
248 1 2 174 47 82
248 2 -17 174 25 84
248 14 626 16 19 28
248 15 502 -9 17 42
248 16 341 -11 18 23
248 6 -36 -24 23 38
248 17 588 19 19 44
248 18 548 33 21 59
248 19 558 28 20 60
248 20 571 52 21 61
248 21 243 3 24 42
248 22 260 -1 27 43
248 23 254 -9 24 38
248 24 254 5 26 36
248 25 256 16 22 52
248 26 251 13 19 51
249 1 2 174 47 82
249 2 -23 174 31 84
249 14 626 16 19 28
249 15 502 -9 16 42
249 16 341 -11 18 23
249 6 -36 -24 23 38
249 17 589 19 17 47
249 18 548 33 21 59
249 19 558 28 20 60
249 20 571 52 21 61
249 21 243 3 24 42
249 22 260 -1 27 43
249 23 254 -9 24 38
249 24 251 -4 23 35
249 25 256 16 22 52
249 26 251 13 19 51
250 1 2 174 47 82
250 2 -24 173 32 84
250 14 626 16 19 28
250 15 502 -9 16 42
250 16 341 -11 18 23
250 6 -36 -24 23 38
250 17 589 19 17 47
250 18 548 33 21 59
250 19 559 28 19 58
250 20 571 51 21 62
250 21 245 3 22 44
250 22 267 0 21 42
250 23 253 -8 23 37
250 24 251 -4 23 35
250 25 256 16 22 52
250 26 251 13 19 51
251 1 3 173 47 82
251 2 -20 172 29 84
251 14 626 16 19 28
251 15 504 -9 15 42
251 16 341 -11 18 23
251 6 -34 -24 22 38
251 17 589 19 17 47
251 18 548 33 21 59
251 19 559 28 19 58
251 20 571 51 21 62
251 21 247 2 24 45
251 22 268 0 21 42
251 23 253 -7 23 36
251 24 252 -5 25 36
251 25 256 16 22 53
251 26 251 13 19 51
252 1 3 173 46 79
252 2 -20 171 30 83
252 14 626 16 19 28
252 15 505 -9 16 42
252 16 341 -11 18 23
252 6 -34 -24 22 38
252 17 589 15 20 51
252 18 547 33 21 59
252 19 558 35 22 54
252 20 571 51 21 62
252 21 247 2 24 45
252 22 268 0 21 42
252 23 253 -7 21 36
252 24 252 -5 25 36
252 25 256 16 22 52
252 26 251 13 19 51
253 1 5 173 44 78
253 2 -23 170 35 82
253 14 626 16 19 28
253 15 505 -9 16 42
253 16 340 -11 18 24
253 6 -41 -30 29 45
253 17 589 15 20 51
253 18 547 33 21 59
253 19 558 35 22 54
253 20 571 51 21 62
253 21 250 2 21 45
253 22 269 -1 21 43
253 23 253 -6 21 35
253 24 252 -5 25 36
253 25 256 16 22 52
253 26 251 13 19 51
254 1 5 172 46 80
254 2 -23 170 35 82
254 14 626 16 19 28
254 15 506 -9 16 43
254 16 340 -11 18 24
254 6 -40 -30 28 45
254 17 589 15 20 51
254 18 547 33 21 59
254 19 558 35 22 54
254 20 571 51 21 62
254 21 250 0 22 47
254 22 269 -2 23 45
254 23 254 -6 22 35
254 24 251 -4 23 35
254 25 256 16 22 52
254 26 251 12 19 52
255 1 5 172 46 82
255 2 -23 170 35 82
255 14 626 16 19 28
255 15 506 -9 16 43
255 16 340 -11 18 24
255 6 -38 -31 26 46
255 17 589 15 20 51
255 18 547 33 21 59
255 19 558 35 22 54
255 20 571 51 21 62
255 21 250 0 22 47
255 22 269 -1 22 45
255 23 254 -6 22 35
255 24 251 -4 23 35
255 25 256 16 22 52
255 26 251 13 19 52
256 1 7 172 44 78
256 2 -22 169 35 82
256 14 626 16 19 28
256 15 505 -10 16 44
256 16 340 -11 18 24
256 6 -42 -31 29 46
256 17 589 15 20 51
256 18 547 33 21 59
256 19 562 35 18 54
256 20 571 51 21 62
256 21 250 0 22 47
256 22 270 -1 22 45
256 23 254 -5 22 35
256 24 251 -4 23 35
256 25 256 17 22 52
256 26 251 13 19 51
257 1 7 171 45 79
257 2 -22 168 36 83
257 14 626 16 19 28
257 15 507 -9 16 41
257 16 340 -11 18 24
257 6 -36 -28 23 43
257 17 592 15 17 51
257 18 547 33 21 59
257 19 562 35 18 54
257 20 571 51 22 61
257 21 249 1 23 46
257 22 271 -2 23 46
257 23 253 -5 21 35
257 24 251 -4 23 35
257 25 256 16 22 52
257 26 251 13 19 51
258 1 8 170 45 82
258 2 -21 167 36 84
258 14 626 16 19 28
258 15 507 -10 16 42
258 16 340 -11 18 24
258 6 -38 -31 25 46
258 17 592 15 17 51
258 18 546 33 21 59
258 19 563 35 18 54
258 20 571 51 21 62
258 21 249 3 25 44
258 22 273 -2 22 45
258 23 252 -7 22 36
258 24 251 -4 23 35
258 25 256 16 22 52
258 26 251 13 19 51
259 1 8 169 45 82
259 2 -19 168 35 83
259 14 626 16 19 28
259 15 508 -9 16 42
259 16 340 -11 18 24
259 6 -36 -28 23 43
259 17 592 15 17 51
259 18 547 33 21 59
259 19 562 35 23 54
259 20 571 51 21 62
259 21 251 3 23 44
259 22 274 -1 22 45
259 23 251 -7 22 37
259 24 251 -5 25 36
259 25 256 16 22 52
259 26 251 13 19 51
260 1 13 168 41 81
260 2 -17 167 38 84
260 14 626 16 19 28
260 15 509 -9 16 42
260 16 340 -11 18 24
260 6 -36 -28 23 43
260 17 592 14 17 51
260 18 546 33 21 59
260 19 562 35 24 54
260 20 571 52 20 62
260 21 251 3 33 45
260 22 276 -1 21 45
260 23 250 -8 22 39
260 24 251 -5 25 38
260 25 256 17 22 52
260 26 251 13 19 51
261 1 11 168 43 83
261 2 -17 167 38 84
261 14 626 16 19 28
261 15 509 -9 16 42
261 16 340 -11 18 24
261 6 -36 -28 23 43
261 17 592 14 17 51
261 18 547 33 21 59
261 19 564 35 22 55
261 20 571 52 20 62
261 21 251 3 33 45
261 22 275 -1 22 45
261 23 250 -8 22 39
261 24 252 -4 24 35
261 25 256 17 22 52
261 26 251 13 19 51
262 1 11 167 43 84
262 2 -16 167 38 84
262 14 626 16 19 28
262 15 507 -8 19 41
262 16 341 -11 18 24
262 6 -36 -28 23 44
262 17 593 14 17 52
262 18 546 33 21 59
262 19 564 35 22 55
262 20 567 52 25 61
262 21 257 3 27 46
262 22 275 -1 28 45
262 23 246 -8 25 39
262 24 247 -4 22 36
262 25 256 16 22 52
262 26 251 13 19 51
263 1 13 166 43 84
263 2 -15 166 38 84
263 14 626 16 19 28
263 15 507 -7 19 41
263 16 341 -11 18 24
263 6 -38 -30 23 45
263 17 593 14 17 49
263 18 547 33 21 59
263 19 564 35 22 55
263 20 567 52 25 61
263 21 260 3 26 45
263 22 276 -1 31 46
263 23 242 -8 25 35
263 24 247 -4 22 36
263 25 256 16 22 52
263 26 251 13 19 51
264 1 13 165 43 85
264 2 -13 165 37 84
264 14 626 16 19 28
264 15 508 -7 20 40
264 16 340 -11 18 24
264 6 -36 -28 21 43
264 17 593 14 17 49
264 18 547 33 21 59
264 19 565 35 25 54
264 20 567 52 25 61
264 21 263 3 23 46
264 22 277 -1 31 47
264 23 241 -8 21 36
264 24 245 -3 22 37
264 25 256 16 22 52
264 26 251 13 19 51
265 1 13 165 46 81
265 2 -12 165 37 84
265 14 626 16 19 28
265 15 509 -6 19 40
265 16 340 -11 18 24
265 6 -38 -29 24 43
265 17 593 14 17 49
265 18 547 33 21 59
265 19 565 35 25 54
265 20 567 52 25 61
265 21 263 3 26 47
265 22 279 -1 31 47
265 23 240 -8 20 36
265 24 247 -3 22 35
265 25 256 17 22 52
265 26 251 13 19 51
266 1 13 165 46 81
266 2 -9 164 36 82
266 14 626 16 19 28
266 15 509 -6 19 40
266 16 340 -11 18 24
266 6 -36 -28 22 42
266 17 593 14 17 49
266 18 547 33 21 59
266 19 570 34 20 55
266 20 567 52 25 59
266 21 264 3 25 45
266 22 280 0 31 47
266 23 239 -8 20 36
266 24 247 -1 21 37
266 25 256 17 22 52
266 26 251 13 19 51
267 1 13 165 46 81
267 2 -10 164 37 83
267 14 626 16 19 28
267 15 509 -6 19 40
267 16 340 -11 18 24
267 6 -36 -28 22 42
267 17 593 14 17 49
267 18 547 33 21 59
267 19 570 34 20 55
267 20 567 52 25 61
267 21 264 3 25 45
267 22 280 -1 31 47
267 23 239 -8 20 37
267 24 247 -1 21 37
267 25 256 17 22 52
267 26 251 13 19 51
268 1 14 164 46 81
268 2 -8 163 37 83
268 14 626 16 19 28
268 15 510 -6 19 40
268 16 340 -11 18 24
268 6 -36 -27 22 41
268 17 594 14 17 49
268 18 547 33 21 59
268 19 570 34 20 55
268 20 567 53 25 58
268 21 264 3 25 46
268 22 283 0 28 47
268 23 238 -8 20 37
268 24 246 -1 21 37
268 25 256 17 22 52
268 26 251 13 19 51
269 1 18 164 45 79
269 2 -8 162 37 83
269 14 626 16 19 28
269 15 510 -7 19 39
269 16 340 -11 18 24
269 6 -38 -29 24 43
269 17 594 14 17 49
269 18 547 33 21 59
269 19 570 34 20 55
269 20 567 53 25 58
269 21 265 2 26 46
269 22 285 0 27 47
269 23 233 -3 23 32
269 24 240 -1 27 37
269 25 256 17 22 52
269 26 251 13 19 51
270 1 18 164 45 79
270 2 -6 161 36 83
270 14 626 16 19 28
270 15 513 -7 19 40
270 16 340 -10 18 24
270 6 -36 -28 22 42
270 17 594 14 17 49
270 18 547 33 21 59
270 19 571 34 23 55
270 20 567 53 25 58
270 21 269 2 22 46
270 22 289 0 24 44
270 23 232 -3 22 31
270 24 238 -1 26 39
270 25 256 17 22 52
270 26 251 14 19 51
271 1 19 163 45 79
271 2 -6 160 36 84
271 14 626 16 19 28
271 15 513 -7 19 40
271 16 340 -11 18 24
271 6 -36 -28 22 42
271 17 594 14 17 49
271 18 547 33 21 59
271 19 571 34 23 55
271 20 567 53 25 58
271 21 270 2 22 46
271 22 290 0 24 44
271 23 231 -2 24 32
271 24 237 -1 26 39
271 25 256 17 22 52
271 26 251 13 19 51
272 1 18 162 47 80
272 2 -5 160 36 84
272 14 626 16 19 28
272 15 514 -7 16 39
272 16 340 -10 18 24
272 6 -36 -28 22 42
272 17 595 14 18 49
272 18 547 33 21 59
272 19 571 34 23 55
272 20 567 53 25 58
272 21 271 2 22 46
272 22 290 0 22 46
272 23 230 -2 23 32
272 24 236 -1 26 40
272 25 256 17 22 52
272 26 251 14 19 51
273 1 18 162 47 80
273 2 -5 160 36 84
273 14 626 16 19 28
273 15 514 -7 16 39
273 16 340 -10 18 24
273 6 -39 -29 28 43
273 17 595 14 18 49
273 18 547 33 21 59
273 19 571 34 23 55
273 20 567 53 25 58
273 21 271 2 22 46
273 22 290 0 22 46
273 23 230 -2 21 32
273 24 236 -1 26 40
273 25 256 17 22 52
273 26 251 14 19 51
274 1 18 162 47 80
274 2 -3 159 35 82
274 14 626 16 19 28
274 15 515 -7 16 39
274 16 340 -10 18 24
274 6 -36 -28 25 42
274 17 595 14 18 49
274 18 547 33 21 59
274 19 571 34 23 55
274 20 567 53 25 58
274 21 270 2 26 43
274 22 291 0 22 46
274 23 228 -2 22 32
274 24 236 -1 24 40
274 25 256 17 22 52
274 26 251 14 19 51
275 1 19 160 47 81
275 2 -1 159 36 82
275 14 626 16 19 28
275 15 515 -7 16 39
275 16 340 -10 18 24
275 6 -36 -28 25 42
275 17 596 14 18 49
275 18 547 33 21 59
275 19 572 34 23 55
275 20 567 53 25 58
275 21 271 2 26 45
275 22 292 0 22 46
275 23 227 -2 20 32
275 24 235 -1 23 40
275 25 256 17 22 52
275 26 251 14 19 51
276 1 22 161 43 75
276 2 0 158 36 84
276 14 625 16 19 28
276 15 517 -6 15 38
276 16 340 -10 18 24
276 6 -36 -28 25 42
276 17 596 14 18 49
276 18 547 33 21 59
276 19 572 34 23 55
276 20 567 53 25 58
276 21 271 2 26 43
276 22 293 0 22 47
276 23 226 -1 20 36
276 24 234 -1 23 40
276 25 256 17 22 52
276 26 251 14 19 51
277 1 22 161 43 75
277 2 0 158 36 84
277 14 625 16 19 28
277 15 514 -6 19 38
277 16 340 -10 18 24
277 6 -35 -28 26 42
277 17 596 14 18 48
277 18 547 33 21 59
277 19 572 34 23 55
277 20 566 52 24 59
277 21 272 0 27 48
277 22 297 0 22 46
277 23 225 -1 20 36
277 24 233 -1 22 42
277 25 256 17 22 52
277 26 251 14 19 51
278 1 22 161 43 75
278 2 0 158 36 84
278 14 625 16 19 28
278 15 514 -6 19 38
278 16 340 -10 18 24
278 6 -35 -28 26 42
278 17 596 14 18 48
278 18 547 33 21 59
278 19 572 34 23 55
278 20 566 52 24 58
278 21 272 0 27 48
278 22 297 0 22 46
278 23 225 -1 20 36
278 24 233 -1 22 42
278 25 256 17 22 52
278 26 251 14 19 51
279 1 22 160 45 77
279 2 1 158 34 78
279 14 625 16 19 28
279 15 515 -6 19 38
279 16 340 -10 18 24
279 6 -35 -28 26 43
279 17 597 13 18 50
279 18 547 33 21 59
279 19 572 34 23 55
279 20 567 53 25 58
279 21 273 0 27 48
279 22 298 0 22 46
279 23 224 -1 21 39
279 24 232 -1 22 42
279 25 256 17 22 52
279 26 251 14 19 51
280 1 23 158 45 78
280 2 2 156 37 84
280 14 625 16 19 28
280 15 515 -6 19 38
280 16 340 -10 18 24
280 6 -35 -28 26 42
280 17 597 13 18 49
280 18 547 33 21 59
280 19 578 34 19 55
280 20 566 52 24 58
280 21 273 0 27 48
280 22 299 0 22 46
280 23 223 0 21 39
280 24 232 0 21 41
280 25 256 17 22 52
280 26 251 14 19 51
281 1 23 158 53 76
281 2 0 157 38 81
281 14 625 16 19 28
281 15 519 -8 15 40
281 16 340 -10 18 24
281 6 -35 -28 26 42
281 17 599 13 17 48
281 18 547 33 21 59
281 19 578 34 19 55
281 20 566 52 24 59
281 21 274 0 27 49
281 22 299 0 22 46
281 23 222 0 21 39
281 24 231 0 21 41
281 25 256 17 22 52
281 26 251 14 19 51
282 1 24 159 53 75
282 2 1 156 38 82
282 14 625 16 19 28
282 15 519 -8 15 40
282 16 340 -10 18 24
282 6 -36 -27 24 41
282 17 597 13 18 50
282 18 547 33 21 59
282 19 578 34 19 55
282 20 566 52 24 58
282 21 274 0 28 49
282 22 300 0 22 46
282 23 219 0 24 40
282 24 231 0 18 42
282 25 256 17 22 52
282 26 251 14 19 51
283 1 24 157 53 76
283 2 1 155 39 83
283 14 623 16 23 32
283 15 520 -8 15 40
283 16 340 -10 18 24
283 6 -36 -27 24 41
283 17 597 13 18 49
283 18 548 33 21 58
283 19 579 34 19 56
283 20 566 52 24 58
283 21 275 0 28 49
283 22 301 0 22 46
283 23 218 0 24 40
283 24 230 0 18 42
283 25 256 17 22 52
283 26 251 14 19 51
284 1 24 157 53 76
284 2 2 155 38 83
284 14 625 16 19 28
284 15 520 -8 15 40
284 16 340 -10 18 24
284 6 -36 -27 24 41
284 17 597 13 18 49
284 18 547 33 21 59
284 19 579 34 19 55
284 20 566 52 24 58
284 21 275 0 28 49
284 22 301 0 22 46
284 23 218 0 24 40
284 24 230 0 18 42
284 25 256 17 22 52
284 26 251 14 19 51
285 1 26 159 50 71
285 2 2 154 39 78
285 14 625 16 19 28
285 15 520 -8 15 39
285 16 340 -10 18 24
285 6 -36 -27 24 41
285 17 597 13 18 49
285 18 547 33 21 58
285 19 578 34 20 60
285 20 566 53 24 58
285 21 275 -1 26 48
285 22 301 0 22 46
285 23 217 0 25 44
285 24 228 0 19 44
285 25 256 17 22 52
285 26 251 14 19 51
286 1 25 157 52 77
286 2 4 153 38 80
286 14 625 16 19 28
286 15 522 -9 16 39
286 16 340 -10 18 24
286 6 -36 -27 24 41
286 17 597 13 18 49
286 18 547 33 21 58
286 19 578 34 20 60
286 20 566 53 24 58
286 21 279 -1 23 49
286 22 302 0 22 46
286 23 216 0 25 44
286 24 226 0 20 44
286 25 255 17 22 52
286 26 251 14 19 51
287 1 26 158 52 76
287 2 5 152 38 81
287 14 625 16 19 28
287 15 522 -9 16 39
287 16 340 -10 18 24
287 6 -35 -27 24 41
287 17 599 13 17 48
287 18 547 33 21 58
287 19 579 34 20 60
287 20 566 53 24 58
287 21 280 -1 23 49
287 22 303 0 22 46
287 23 216 0 25 44
287 24 226 0 20 44
287 25 255 17 22 52
287 26 251 14 19 51
288 1 31 157 47 76
288 2 5 151 39 82
288 14 625 16 19 28
288 15 523 -9 16 40
288 16 340 -10 18 24
288 6 -35 -27 24 41
288 17 599 13 19 44
288 18 547 33 21 58
288 19 579 34 20 60
288 20 566 53 24 58
288 21 281 -1 22 51
288 22 304 0 19 47
288 23 214 0 25 45
288 24 225 0 20 45
288 25 255 17 22 52
288 26 251 14 19 51
289 1 32 157 47 75
289 2 6 151 39 82
289 14 625 16 19 28
289 15 524 -9 16 40
289 16 340 -10 18 24
289 6 -35 -27 24 41
289 17 599 13 19 44
289 18 547 33 20 58
289 19 582 38 18 55
289 20 565 53 24 59
289 21 282 -1 22 51
289 22 305 0 19 47
289 23 213 1 25 45
289 24 224 0 21 45
289 25 255 17 22 52
289 26 251 14 19 51
290 1 32 157 44 78
290 2 6 151 39 82
290 14 625 16 19 28
290 15 524 -9 17 39
290 16 340 -10 18 24
290 6 -35 -27 24 41
290 17 599 13 19 44
290 18 547 33 20 58
290 19 582 38 18 55
290 20 565 53 24 59
290 21 282 -1 22 51
290 22 305 0 19 47
290 23 213 1 27 46
290 24 224 0 21 45
290 25 255 17 22 52
290 26 251 14 19 51
291 1 33 157 44 77
291 2 7 150 39 82
291 14 625 16 19 28
291 15 524 -9 19 39
291 16 340 -10 18 24
291 6 -35 -27 24 41
291 17 602 13 16 44
291 18 547 33 20 57
291 19 582 38 18 55
291 20 565 53 24 59
291 21 282 -1 22 51
291 22 305 0 19 47
291 23 212 1 27 46
291 24 223 0 21 45
291 25 256 17 22 53
291 26 251 14 19 51
292 1 33 157 44 77
292 2 7 150 39 82
292 14 625 16 19 28
292 15 524 -9 19 39
292 16 340 -10 18 24
292 6 -35 -27 24 41
292 17 602 13 16 44
292 18 547 33 20 57
292 19 582 38 18 55
292 20 565 53 24 59
292 21 282 -1 22 51
292 22 305 0 19 47
292 23 212 1 27 46
292 24 223 0 21 45
292 25 258 17 22 53
292 26 251 14 18 51
293 1 33 157 44 77
293 2 7 150 39 82
293 14 625 16 19 28
293 15 524 -9 19 39
293 16 340 -10 18 24
293 6 -35 -27 24 41
293 17 602 13 16 44
293 18 547 33 21 58
293 19 582 38 18 55
293 20 565 53 24 59
293 21 282 -1 22 51
293 22 305 0 19 47
293 23 212 1 27 46
293 24 223 0 21 45
293 25 258 17 22 53
293 26 251 14 18 51
294 1 33 157 44 77
294 2 7 150 39 82
294 14 625 16 19 28
294 15 524 -9 19 39
294 16 340 -10 18 24
294 6 -35 -27 24 41
294 17 602 13 16 44
294 18 547 33 21 58
294 19 582 38 18 55
294 20 565 53 24 59
294 21 282 -1 22 51
294 22 305 0 19 47
294 23 212 1 27 46
294 24 223 0 21 45
294 25 258 17 22 53
294 26 251 14 18 51
295 1 33 157 44 77
295 2 7 150 39 82
295 14 625 16 19 28
295 15 524 -9 19 39
295 16 340 -10 18 24
295 6 -35 -27 24 41
295 17 602 13 16 44
295 18 547 33 21 58
295 19 582 38 18 55
295 20 565 53 23 60
295 21 282 -1 22 51
295 22 305 0 19 47
295 23 212 1 27 46
295 24 223 0 21 45
295 25 258 17 22 53
295 26 251 14 18 51
296 1 33 157 44 77
296 2 7 150 39 82
296 14 625 16 19 28
296 15 524 -9 19 39
296 16 340 -10 18 24
296 6 -35 -27 24 41
296 17 602 13 16 44
296 18 547 33 21 58
296 19 582 38 18 55
296 20 565 53 23 60
296 21 282 -1 22 51
296 22 305 0 19 47
296 23 212 1 27 46
296 24 223 0 21 45
296 25 258 17 22 53
296 26 251 14 18 51
297 1 36 157 41 77
297 2 7 150 39 82
297 14 625 16 19 28
297 15 524 -9 19 39
297 16 340 -10 18 24
297 6 -35 -27 24 41
297 17 602 13 16 44
297 18 547 33 21 58
297 19 582 38 18 55
297 20 565 53 23 60
297 21 282 -1 22 51
297 22 305 0 19 47
297 23 212 1 27 46
297 24 223 0 21 45
297 25 258 17 22 53
297 26 249 14 20 51
298 1 36 157 41 77
298 2 7 150 39 82
298 14 625 16 19 28
298 15 524 -9 19 39
298 16 340 -10 18 24
298 6 -35 -27 24 41
298 17 602 13 16 44
298 18 547 33 21 58
298 19 582 38 18 55
298 20 565 53 23 60
298 21 282 -1 22 51
298 22 305 0 19 47
298 23 212 1 27 46
298 24 223 0 21 45
298 25 258 17 22 53
298 26 249 14 20 51
299 1 36 157 41 77
299 2 7 150 39 82
299 14 625 16 19 28
299 15 524 -9 19 39
299 16 340 -10 18 24
299 6 -35 -27 24 41
299 17 602 13 16 44
299 18 547 33 21 58
299 19 582 38 18 55
299 20 565 53 23 60
299 21 282 -1 22 51
299 22 305 0 19 47
299 23 212 1 27 46
299 24 223 0 21 45
299 25 258 17 22 53
299 26 249 14 20 51
300 1 36 157 41 77
300 2 7 150 39 82
300 14 625 16 19 28
300 15 524 -9 19 39
300 16 340 -10 18 24
300 6 -35 -27 24 41
300 17 602 13 16 44
300 18 547 33 21 58
300 19 582 38 18 55
300 20 565 53 23 60
300 21 282 -1 22 51
300 22 305 0 19 47
300 23 212 1 27 46
300 24 223 0 21 45
300 25 258 17 22 53
300 26 249 14 20 51
301 1 36 157 41 77
301 2 7 151 38 81
301 14 625 16 19 28
301 15 524 -9 19 39
301 16 340 -10 18 24
301 6 -35 -27 24 41
301 17 602 13 16 44
301 18 547 33 21 58
301 19 582 38 18 55
301 20 565 53 23 60
301 21 283 -1 22 51
301 22 306 0 19 47
301 23 212 1 27 46
301 24 223 0 21 45
301 25 258 17 22 53
301 26 249 14 20 51
302 1 36 157 41 77
302 2 7 151 38 81
302 14 625 16 19 28
302 15 524 -9 19 39
302 16 340 -10 18 24
302 6 -35 -27 24 41
302 17 602 13 16 44
302 18 547 33 21 58
302 19 582 38 18 55
302 20 565 53 23 60
302 21 283 -1 22 51
302 22 306 0 19 47
302 23 212 1 27 46
302 24 223 0 21 45
302 25 258 17 22 53
302 26 249 14 20 51
303 1 36 157 41 77
303 2 7 151 38 81
303 14 625 16 19 28
303 15 524 -9 19 39
303 16 340 -10 18 24
303 6 -35 -27 24 41
303 17 602 13 16 44
303 18 547 33 21 58
303 19 582 38 18 55
303 20 565 53 23 60
303 21 283 -1 22 51
303 22 306 0 19 47
303 23 212 1 27 46
303 24 223 0 21 45
303 25 258 17 22 53
303 26 249 14 20 51
304 1 36 157 41 77
304 2 7 151 41 81
304 14 625 16 19 28
304 15 524 -9 19 39
304 16 340 -10 18 24
304 6 -35 -27 24 41
304 17 602 13 16 44
304 18 547 33 21 58
304 19 582 38 18 55
304 20 565 53 23 60
304 21 283 -1 22 51
304 22 306 0 19 47
304 23 212 1 27 46
304 24 223 0 21 45
304 25 258 17 22 53
304 26 249 14 20 51
305 1 36 157 41 77
305 2 7 151 41 81
305 14 625 16 19 28
305 15 524 -9 19 39
305 16 340 -10 18 24
305 6 -35 -27 24 41
305 17 602 13 16 44
305 18 547 33 21 58
305 19 582 38 18 55
305 20 565 53 23 60
305 21 283 -1 22 51
305 22 306 0 19 47
305 23 212 1 27 46
305 24 223 0 21 45
305 25 258 17 22 53
305 26 249 14 20 51
306 1 36 157 41 77
306 2 7 151 41 81
306 14 625 16 19 28
306 15 524 -9 19 39
306 16 340 -10 18 24
306 6 -35 -27 24 41
306 17 602 13 16 44
306 18 547 33 21 58
306 19 582 38 18 55
306 20 565 53 23 60
306 21 283 -1 22 51
306 22 306 0 19 47
306 23 212 1 27 46
306 24 223 0 21 45
306 25 258 17 22 53
306 26 249 14 20 51
307 1 36 157 41 77
307 2 7 151 41 81
307 14 625 16 19 28
307 15 524 -9 19 39
307 16 340 -10 18 24
307 6 -35 -27 24 41
307 17 602 13 16 44
307 18 547 33 21 58
307 19 582 38 18 55
307 20 565 53 23 60
307 21 283 -1 22 51
307 22 306 0 19 47
307 23 212 1 27 46
307 24 223 0 21 45
307 25 258 17 22 53
307 26 249 14 20 51
308 1 36 157 41 77
308 2 7 151 41 81
308 14 625 16 19 28
308 15 524 -9 19 39
308 16 340 -10 18 24
308 6 -35 -27 24 41
308 17 602 13 16 44
308 18 547 33 21 58
308 19 582 38 18 55
308 20 565 53 23 60
308 21 283 -1 21 52
308 22 306 0 19 47
308 23 212 1 27 46
308 24 223 0 21 45
308 25 258 17 22 53
308 26 249 14 20 51
309 1 36 157 41 77
309 2 7 151 41 81
309 14 625 16 19 28
309 15 524 -9 19 39
309 16 340 -10 18 24
309 6 -35 -27 24 41
309 17 602 13 16 44
309 18 547 33 21 58
309 19 582 38 18 55
309 20 565 53 23 60
309 21 283 -1 21 52
309 22 306 0 19 47
309 23 212 1 27 46
309 24 223 0 21 45
309 25 258 17 22 53
309 26 249 14 20 51
310 1 35 156 42 78
310 2 6 152 40 80
310 14 625 16 19 28
310 15 523 -9 19 39
310 16 340 -10 18 24
310 6 -35 -27 24 41
310 17 602 13 16 44
310 18 547 33 21 58
310 19 582 38 18 55
310 20 565 53 23 60
310 21 282 -1 21 52
310 22 304 0 19 47
310 23 214 1 24 44
310 24 225 0 20 45
310 25 258 17 22 53
310 26 249 14 20 51
311 1 35 157 41 78
311 2 6 151 40 81
311 14 625 16 19 28
311 15 524 -9 19 39
311 16 340 -10 18 24
311 6 -35 -27 24 41
311 17 602 13 16 44
311 18 547 33 21 58
311 19 582 38 18 55
311 20 565 53 23 60
311 21 282 -1 21 52
311 22 305 0 19 47
311 23 213 1 24 44
311 24 224 0 21 45
311 25 258 17 22 53
311 26 249 14 20 51
312 1 35 157 41 78
312 2 6 151 40 81
312 14 625 16 19 28
312 15 524 -9 19 39
312 16 340 -10 18 24
312 6 -35 -27 24 41
312 17 602 13 16 44
312 18 547 33 21 58
312 19 582 38 18 55
312 20 565 53 23 60
312 21 282 -1 21 52
312 22 305 0 19 47
312 23 213 1 24 44
312 24 224 0 21 45
312 25 258 17 22 53
312 26 249 14 20 51
313 1 35 157 41 78
313 2 6 151 40 81
313 14 625 16 19 28
313 15 524 -9 19 39
313 16 340 -10 18 24
313 6 -35 -27 24 41
313 17 602 13 16 44
313 18 547 33 21 58
313 19 582 38 18 55
313 20 565 53 23 60
313 21 282 -1 21 52
313 22 305 0 19 47
313 23 213 1 24 44
313 24 224 0 21 45
313 25 258 17 22 53
313 26 249 14 20 51
314 1 35 157 41 78
314 2 6 151 40 81
314 14 625 16 19 28
314 15 524 -9 19 39
314 16 340 -10 18 24
314 6 -35 -27 24 41
314 17 602 13 16 44
314 18 547 33 21 58
314 19 582 38 18 55
314 20 565 53 23 60
314 21 282 -1 21 52
314 22 305 0 19 47
314 23 213 1 24 44
314 24 223 0 21 46
314 25 258 17 22 53
314 26 249 14 20 51
315 1 35 157 41 78
315 2 6 151 40 81
315 14 625 16 19 28
315 15 524 -9 19 39
315 16 340 -10 18 24
315 6 -35 -27 24 41
315 17 602 13 16 44
315 18 547 33 21 58
315 19 582 38 18 55
315 20 565 53 23 60
315 21 282 -1 21 52
315 22 305 0 19 47
315 23 213 1 24 44
315 24 223 0 21 46
315 25 258 17 22 53
315 26 249 14 20 51
316 1 35 157 41 78
316 2 6 151 40 81
316 14 625 16 19 28
316 15 524 -9 19 39
316 16 340 -10 18 24
316 6 -35 -27 24 41
316 17 602 13 16 44
316 18 547 33 21 58
316 19 582 38 18 55
316 20 565 53 23 60
316 21 282 -1 21 52
316 22 305 0 19 47
316 23 213 1 24 44
316 24 223 0 21 46
316 25 258 17 22 53
316 26 249 14 20 51
317 1 35 157 41 78
317 2 6 151 40 81
317 14 625 16 19 28
317 15 524 -9 19 39
317 16 340 -10 18 24
317 6 -35 -27 24 41
317 17 602 13 16 44
317 18 547 33 21 58
317 19 582 38 18 55
317 20 565 53 23 60
317 21 282 -1 21 52
317 22 305 0 19 47
317 23 213 1 24 44
317 24 223 0 21 46
317 25 258 17 22 53
317 26 249 14 20 51
318 1 35 157 41 78
318 2 6 151 40 81
318 14 625 16 19 28
318 15 524 -9 19 39
318 16 340 -10 18 24
318 6 -35 -27 24 41
318 17 602 13 16 44
318 18 547 33 21 58
318 19 582 38 18 55
318 20 565 53 23 60
318 21 282 -1 21 52
318 22 305 0 19 47
318 23 213 1 24 44
318 24 223 0 21 46
318 25 258 17 22 53
318 26 249 14 20 51
319 1 60 144 39 76
319 2 36 137 33 75
319 14 619 16 19 28
319 15 538 -11 20 41
319 16 335 -9 17 24
319 6 -40 -24 25 41
319 17 605 9 14 43
319 18 542 32 22 56
319 19 588 37 22 52
319 20 560 50 21 65
319 21 278 1 21 54
319 22 300 1 20 50
319 23 201 4 26 48
319 24 212 9 28 39
319 25 253 18 22 53
319 26 243 15 21 52
320 1 60 144 39 76
320 2 36 137 33 75
320 14 619 16 19 28
320 15 538 -11 20 41
320 16 335 -9 17 24
320 6 -40 -24 25 41
320 17 605 9 15 46
320 18 542 32 19 56
320 19 588 37 22 52
320 20 560 50 21 65
320 21 278 2 21 53
320 22 301 1 20 50
320 23 206 4 21 47
320 24 212 9 28 39
320 25 253 18 22 53
320 26 243 15 21 52
321 1 62 144 38 76
321 2 36 137 33 75
321 14 619 16 19 28
321 15 541 -10 16 41
321 16 335 -9 17 24
321 6 -40 -24 25 41
321 17 605 8 15 44
321 18 542 32 19 55
321 19 588 37 22 52
321 20 560 49 21 66
321 21 278 0 21 54
321 22 300 1 21 50
321 23 206 3 20 49
321 24 212 9 28 39
321 25 253 18 22 53
321 26 243 15 21 52
322 1 63 143 38 77
322 2 37 137 34 75
322 14 619 16 19 28
322 15 542 -10 17 41
322 16 335 -9 17 24
322 6 -40 -25 25 41
322 17 605 8 15 44
322 18 543 31 20 55
322 19 589 37 22 52
322 20 560 48 22 67
322 21 278 1 21 54
322 22 300 1 21 50
322 23 206 3 20 49
322 24 212 9 28 39
322 25 253 18 22 53
322 26 243 15 21 52
323 1 64 143 38 77
323 2 38 136 34 75
323 14 619 16 19 28
323 15 542 -10 17 41
323 16 335 -9 17 24
323 6 -40 -24 25 41
323 17 606 8 15 44
323 18 543 31 18 55
323 19 590 37 22 52
323 20 559 43 22 68
323 21 278 2 21 53
323 22 299 1 21 50
323 23 206 3 20 49
323 24 213 12 27 36
323 25 253 18 22 53
323 26 243 15 21 52
324 1 66 141 40 73
324 2 38 134 34 76
324 14 619 16 19 28
324 15 542 -10 17 41
324 16 335 -9 17 24
324 6 -40 -24 25 41
324 17 606 8 16 43
324 18 543 33 18 52
324 19 592 36 22 53
324 20 559 43 22 68
324 21 278 1 22 55
324 22 299 1 21 50
324 23 206 3 20 49
324 24 213 12 27 36
324 25 253 18 22 53
324 26 243 15 21 52
325 1 67 141 40 73
325 2 39 134 34 76
325 14 619 16 19 28
325 15 546 -10 14 41
325 16 335 -9 17 23
325 6 -40 -24 25 40
325 17 606 8 16 43
325 18 544 31 20 56
325 19 592 36 22 52
325 20 559 42 23 68
325 21 278 2 21 52
325 22 299 1 20 49
325 23 208 2 19 50
325 24 213 12 27 36
325 25 253 18 22 53
325 26 243 15 21 52
326 1 67 141 40 73
326 2 39 134 34 76
326 14 619 16 19 28
326 15 546 -10 14 41
326 16 335 -9 17 23
326 6 -40 -24 25 40
326 17 606 8 16 43
326 18 544 30 20 57
326 19 592 36 22 52
326 20 559 42 23 68
326 21 278 2 21 52
326 22 299 1 20 49
326 23 208 2 19 50
326 24 213 12 27 36
326 25 253 18 22 53
326 26 243 15 21 52
327 1 67 141 40 73
327 2 39 134 34 76
327 14 619 16 19 28
327 15 546 -10 14 41
327 16 335 -9 17 23
327 6 -40 -24 25 40
327 17 606 8 16 43
327 18 544 30 20 57
327 19 591 36 22 52
327 20 559 42 23 68
327 21 278 2 21 52
327 22 299 1 20 49
327 23 208 2 19 50
327 24 213 12 27 36
327 25 253 18 22 53
327 26 243 15 21 52
328 1 67 140 40 73
328 2 39 133 34 76
328 14 619 16 19 28
328 15 547 -10 15 39
328 16 335 -9 17 23
328 6 -40 -24 25 40
328 17 606 8 16 43
328 18 544 30 20 57
328 19 593 36 22 51
328 20 559 42 23 68
328 21 278 3 21 51
328 22 298 1 20 49
328 23 208 1 19 51
328 24 213 12 27 36
328 25 253 18 22 53
328 26 243 15 21 52
329 1 68 139 40 74
329 2 42 133 37 77
329 14 619 16 19 28
329 15 547 -10 16 43
329 16 335 -9 17 23
329 6 -40 -24 25 40
329 17 607 8 16 43
329 18 544 30 20 57
329 19 591 36 22 52
329 20 559 43 22 68
329 21 278 3 21 51
329 22 298 1 20 49
329 23 209 1 20 51
329 24 214 12 27 36
329 25 253 18 22 53
329 26 243 15 21 52
330 1 68 139 40 74
330 2 42 132 37 78
330 14 619 16 19 28
330 15 548 -10 15 39
330 16 335 -9 17 23
330 6 -40 -24 25 40
330 17 607 8 15 43
330 18 544 30 20 57
330 19 597 37 20 54
330 20 560 48 25 63
330 21 278 3 21 51
330 22 298 1 20 49
330 23 209 1 20 51
330 24 214 12 27 36
330 25 253 18 22 53
330 26 243 15 21 52
331 1 69 139 41 74
331 2 42 132 38 78
331 14 619 16 19 28
331 15 549 -11 15 40
331 16 335 -9 17 23
331 6 -40 -24 25 40
331 17 607 8 15 43
331 18 544 30 20 57
331 19 598 37 20 54
331 20 560 49 25 62
331 21 280 2 19 52
331 22 298 1 18 49
331 23 209 0 21 51
331 24 214 11 29 37
331 25 253 18 22 53
331 26 243 15 21 52
332 1 69 142 41 71
332 2 48 132 32 70
332 14 619 16 19 28
332 15 549 -11 15 41
332 16 335 -9 17 23
332 6 -40 -24 25 40
332 17 607 8 15 43
332 18 545 30 20 57
332 19 598 37 20 54
332 20 560 49 25 62
332 21 280 2 19 52
332 22 298 1 18 49
332 23 210 0 20 51
332 24 214 11 29 37
332 25 253 18 22 53
332 26 243 15 21 52
333 1 70 142 41 71
333 2 48 131 32 71
333 14 619 16 19 28
333 15 549 -11 15 40
333 16 335 -9 17 23
333 6 -40 -24 25 40
333 17 607 7 15 44
333 18 545 30 20 57
333 19 598 37 20 54
333 20 560 50 24 61
333 21 280 2 19 52
333 22 298 1 18 49
333 23 210 0 20 51
333 24 214 11 29 37
333 25 253 18 22 53
333 26 243 15 21 52
334 1 70 142 41 71
334 2 49 131 33 71
334 14 619 16 19 28
334 15 550 -11 15 40
334 16 335 -9 17 23
334 6 -40 -24 25 41
334 17 607 7 16 44
334 18 545 30 20 57
334 19 599 37 20 54
334 20 557 53 28 59
334 21 280 2 19 52
334 22 298 1 18 49
334 23 210 0 21 52
334 24 215 10 29 37
334 25 253 18 22 53
334 26 243 15 21 52
335 1 71 141 41 72
335 2 49 130 33 72
335 14 619 16 19 28
335 15 551 -10 16 39
335 16 335 -9 17 23
335 6 -40 -24 25 41
335 17 607 7 16 44
335 18 545 30 20 57
335 19 599 37 20 54
335 20 557 53 28 59
335 21 280 2 19 51
335 22 298 1 18 49
335 23 210 0 21 52
335 24 215 10 30 38
335 25 253 18 22 53
335 26 243 15 21 52
336 1 76 138 36 75
336 2 51 130 31 72
336 14 619 16 19 28
336 15 551 -10 14 38
336 16 335 -9 17 23
336 6 -40 -24 25 41
336 17 607 7 16 44
336 18 545 30 20 57
336 19 600 37 20 54
336 20 555 53 30 59
336 21 280 2 19 51
336 22 298 1 18 49
336 23 211 0 21 52
336 24 215 10 30 38
336 25 253 18 22 53
336 26 243 15 21 51
337 1 77 138 37 75
337 2 51 130 31 73
337 14 619 16 19 28
337 15 552 -8 15 36
337 16 335 -9 17 23
337 6 -39 -25 25 41
337 17 609 6 15 44
337 18 545 30 20 57
337 19 599 38 21 54
337 20 555 53 30 59
337 21 281 2 19 51
337 22 298 1 18 49
337 23 211 0 21 52
337 24 216 9 28 38
337 25 253 18 22 53
337 26 243 15 21 51
338 1 77 138 37 75
338 2 51 129 31 73
338 14 619 16 19 28
338 15 552 -8 15 36
338 16 335 -9 17 23
338 6 -39 -25 25 41
338 17 609 6 15 44
338 18 545 30 20 57
338 19 599 38 21 54
338 20 555 53 30 59
338 21 281 2 19 51
338 22 298 1 18 49
338 23 211 -1 21 52
338 24 216 9 28 38
338 25 253 18 22 53
338 26 243 15 21 51
339 1 78 138 37 74
339 2 52 129 31 73
339 14 619 16 19 28
339 15 551 -10 16 39
339 16 335 -9 17 23
339 6 -40 -25 25 41
339 17 609 6 15 45
339 18 545 30 20 57
339 19 599 38 21 54
339 20 555 53 30 59
339 21 281 3 19 51
339 22 298 1 18 49
339 23 211 -1 21 52
339 24 216 9 28 38
339 25 253 18 22 53
339 26 243 15 21 51
340 1 77 138 37 75
340 2 52 129 33 73
340 14 619 16 19 28
340 15 552 -8 18 37
340 16 335 -9 17 23
340 6 -38 -24 24 41
340 17 609 6 15 45
340 18 545 30 20 57
340 19 599 38 21 54
340 20 555 53 30 59
340 21 281 3 19 51
340 22 298 2 18 48
340 23 212 -1 21 52
340 24 217 8 28 38
340 25 253 18 22 53
340 26 243 15 21 51
341 1 80 136 34 76
341 2 57 129 32 74
341 14 619 16 19 28
341 15 552 -8 18 37
341 16 335 -9 17 23
341 6 -38 -24 24 40
341 17 609 7 15 44
341 18 545 30 20 57
341 19 600 38 21 54
341 20 556 53 29 60
341 21 281 2 19 52
341 22 298 2 18 49
341 23 212 0 18 46
341 24 217 8 28 38
341 25 253 18 22 53
341 26 243 15 21 51
342 1 81 136 36 76
342 2 58 128 32 75
342 14 619 16 19 28
342 15 553 -9 18 38
342 16 335 -9 17 23
342 6 -38 -24 23 39
342 17 610 7 15 44
342 18 545 30 20 57
342 19 600 38 21 54
342 20 560 53 25 62
342 21 281 2 19 53
342 22 297 2 18 48
342 23 212 -1 18 47
342 24 217 7 29 39
342 25 253 18 22 53
342 26 243 15 21 51
343 1 82 136 37 73
343 2 58 128 33 75
343 14 619 16 19 28
343 15 553 -9 18 38
343 16 335 -9 17 23
343 6 -38 -24 24 40
343 17 610 6 16 46
343 18 545 30 20 57
343 19 600 38 21 55
343 20 562 57 21 55
343 21 282 2 20 54
343 22 297 1 18 49
343 23 212 -1 18 47
343 24 220 7 26 42
343 25 253 18 22 53
343 26 243 15 21 52
344 1 82 136 37 73
344 2 59 128 33 76
344 14 619 16 19 28
344 15 556 -8 15 37
344 16 335 -9 17 23
344 6 -38 -24 24 40
344 17 610 6 16 46
344 18 545 30 20 57
344 19 600 38 21 55
344 20 562 57 21 55
344 21 282 2 20 54
344 22 297 1 18 49
344 23 212 -1 18 47
344 24 220 7 26 42
344 25 253 18 22 53
344 26 243 15 21 52
345 1 85 136 39 69
345 2 60 127 32 74
345 14 619 16 19 28
345 15 556 -8 15 37
345 16 335 -9 17 23
345 6 -38 -24 24 41
345 17 611 5 16 47
345 18 544 29 20 57
345 19 600 38 21 54
345 20 562 57 21 55
345 21 282 2 19 53
345 22 297 1 18 49
345 23 211 -2 19 48
345 24 220 6 26 43
345 25 253 18 22 53
345 26 243 15 21 52
346 1 86 136 39 69
346 2 62 126 32 74
346 14 619 16 19 28
346 15 557 -8 15 37
346 16 335 -9 17 23
346 6 -38 -24 24 41
346 17 611 8 14 44
346 18 544 29 20 57
346 19 601 39 21 54
346 20 562 57 27 55
346 21 282 2 20 54
346 22 297 1 18 49
346 23 212 -2 19 46
346 24 220 6 26 42
346 25 253 18 22 53
346 26 243 15 21 52
347 1 86 134 40 71
347 2 62 125 33 76
347 14 619 16 19 28
347 15 559 -9 15 38
347 16 335 -9 17 23
347 6 -39 -25 25 41
347 17 611 8 14 44
347 18 544 29 20 57
347 19 601 39 21 55
347 20 562 57 30 54
347 21 282 2 21 53
347 22 297 1 18 49
347 23 212 -4 19 48
347 24 222 7 24 44
347 25 253 18 22 53
347 26 243 15 21 52
348 1 91 134 38 71
348 2 64 125 32 69
348 14 619 16 19 28
348 15 560 -9 16 38
348 16 335 -9 17 23
348 6 -40 -25 25 42
348 17 612 8 14 44
348 18 544 29 20 57
348 19 600 39 22 53
348 20 562 57 30 54
348 21 282 2 21 53
348 22 297 1 18 49
348 23 212 -5 20 49
348 24 222 7 24 44
348 25 253 18 22 53
348 26 243 15 21 51
349 1 92 133 38 71
349 2 65 124 32 70
349 14 619 16 19 28
349 15 560 -9 16 38
349 16 335 -9 17 23
349 6 -40 -25 26 43
349 17 612 8 14 45
349 18 544 29 20 58
349 19 600 39 22 53
349 20 562 57 33 55
349 21 282 2 21 53
349 22 296 1 18 49
349 23 210 -6 19 46
349 24 222 7 24 42
349 25 253 18 22 53
349 26 243 15 21 52
350 1 92 133 38 71
350 2 65 124 32 70
350 14 619 16 19 28
350 15 560 -9 16 38
350 16 335 -9 17 23
350 6 -40 -25 26 42
350 17 613 11 14 42
350 18 545 29 20 57
350 19 600 39 22 53
350 20 562 57 33 55
350 21 282 2 21 53
350 22 296 1 18 49
350 23 210 -6 19 46
350 24 222 7 24 42
350 25 253 18 22 53
350 26 243 15 21 52
351 1 92 133 43 71
351 2 65 124 33 71
351 14 620 16 19 28
351 15 560 -9 19 37
351 16 335 -9 17 23
351 6 -40 -25 26 42
351 17 613 11 14 42
351 18 544 29 20 57
351 19 600 39 22 53
351 20 562 57 33 55
351 21 284 2 20 53
351 22 296 1 18 49
351 23 210 -7 19 46
351 24 222 7 24 42
351 25 253 18 22 53
351 26 243 15 21 52
352 1 92 133 43 71
352 2 67 123 32 69
352 14 620 16 19 28
352 15 561 -9 19 37
352 16 335 -9 17 23
352 6 -40 -25 26 43
352 17 613 11 14 42
352 18 544 29 20 58
352 19 600 39 22 53
352 20 562 57 30 56
352 21 284 2 20 53
352 22 296 1 18 49
352 23 208 -7 20 46
352 24 222 7 24 42
352 25 253 18 22 53
352 26 243 15 21 52
353 1 94 133 43 70
353 2 67 123 34 71
353 14 620 16 19 28
353 15 561 -9 19 37
353 16 335 -9 17 23
353 6 -40 -25 26 43
353 17 614 11 15 42
353 18 544 29 20 58
353 19 600 39 22 53
353 20 562 57 27 56
353 21 284 2 20 53
353 22 296 1 18 49
353 23 208 -7 20 47
353 24 222 7 24 42
353 25 253 18 22 53
353 26 243 15 21 52
354 1 95 133 37 70
354 2 70 123 31 72
354 14 620 16 19 28
354 15 561 -9 19 37
354 16 335 -9 17 23
354 6 -39 -25 25 42
354 17 614 11 15 43
354 18 544 29 20 58
354 19 600 39 22 53
354 20 562 57 23 56
354 21 284 2 20 52
354 22 296 1 18 49
354 23 208 -7 20 45
354 24 222 5 25 44
354 25 253 18 22 53
354 26 243 15 21 52
355 1 96 133 37 69
355 2 71 123 31 72
355 14 620 16 19 28
355 15 562 -9 19 37
355 16 335 -9 17 23
355 6 -39 -25 25 42
355 17 612 11 15 42
355 18 544 29 20 58
355 19 600 39 22 53
355 20 562 57 21 56
355 21 284 3 20 52
355 22 296 1 18 49
355 23 209 -6 18 45
355 24 222 5 25 44
355 25 253 18 22 53
355 26 243 15 21 52
356 1 96 133 37 69
356 2 73 123 29 72
356 14 620 16 19 28
356 15 562 -9 19 37
356 16 335 -9 17 23
356 6 -39 -25 25 42
356 17 612 11 15 42
356 18 544 29 20 58
356 19 600 39 22 53
356 20 562 57 21 56
356 21 284 2 20 52
356 22 296 1 18 49
356 23 208 -7 22 46
356 24 222 5 25 44
356 25 253 18 22 53
356 26 243 15 21 52
357 1 96 130 35 72
357 2 74 123 29 72
357 14 620 16 19 28
357 15 564 -9 18 37
357 16 335 -9 17 23
357 6 -40 -25 26 44
357 17 612 11 15 42
357 18 544 29 20 57
357 19 600 39 22 54
357 20 562 57 21 56
357 21 284 2 20 52
357 22 296 1 18 49
357 23 209 -6 21 45
357 24 222 5 25 44
357 25 253 18 22 53
357 26 243 15 21 52
358 1 97 130 35 72
358 2 75 122 29 72
358 14 620 16 19 28
358 15 562 -8 22 37
358 16 335 -9 17 23
358 6 -39 -25 26 42
358 17 612 11 15 42
358 18 544 29 20 57
358 19 600 40 22 53
358 20 559 57 24 55
358 21 284 3 20 52
358 22 297 1 18 49
358 23 210 -6 22 45
358 24 222 5 25 44
358 25 253 18 22 53
358 26 243 15 21 52
359 1 103 130 28 68
359 2 76 122 29 71
359 14 620 16 19 28
359 15 562 -8 22 37
359 16 335 -9 17 23
359 6 -40 -25 26 43
359 17 614 11 13 42
359 18 544 29 20 57
359 19 597 41 25 52
359 20 559 57 24 55
359 21 284 3 19 52
359 22 297 1 18 49
359 23 210 -5 22 44
359 24 222 3 25 45
359 25 253 18 22 53
359 26 243 15 21 52
360 1 103 130 28 68
360 2 78 122 28 69
360 14 620 17 19 28
360 15 563 -8 22 37
360 16 335 -9 17 23
360 6 -39 -25 26 43
360 17 614 11 13 42
360 18 544 29 20 56
360 19 594 41 28 52
360 20 557 57 26 55
360 21 284 3 20 49
360 22 297 1 18 49
360 23 211 -4 21 43
360 24 222 3 25 46
360 25 253 18 22 53
360 26 243 15 21 52
361 1 107 127 23 72
361 2 81 122 26 66
361 14 619 16 19 28
361 15 565 -8 21 38
361 16 335 -9 17 24
361 6 -38 -24 24 41
361 17 614 11 13 42
361 18 544 29 20 56
361 19 594 41 28 52
361 20 555 57 25 55
361 21 284 3 20 49
361 22 297 1 18 49
361 23 211 -4 21 43
361 24 222 3 27 46
361 25 254 18 22 53
361 26 243 15 21 52
362 1 107 127 23 72
362 2 81 122 26 66
362 14 618 14 21 31
362 15 567 -8 17 36
362 16 335 -9 17 24
362 6 -38 -24 24 41
362 17 614 11 13 42
362 18 544 29 20 56
362 19 594 41 28 52
362 20 555 57 25 55
362 21 284 3 20 49
362 22 297 1 18 49
362 23 211 -4 21 43
362 24 222 3 27 46
362 25 254 18 22 53
362 26 243 15 21 52
363 1 107 127 23 72
363 2 82 122 26 66
363 14 620 17 19 27
363 15 567 -8 17 36
363 16 335 -9 17 24
363 6 -39 -25 26 43
363 17 614 11 13 42
363 18 544 29 20 57
363 19 594 41 28 52
363 20 554 57 25 55
363 21 285 3 20 49
363 22 297 1 18 49
363 23 211 -4 21 45
363 24 222 3 27 46
363 25 254 18 22 53
363 26 243 15 21 52
364 1 108 127 23 72
364 2 83 118 25 67
364 14 618 14 20 30
364 15 568 -8 17 36
364 16 335 -9 17 24
364 6 -39 -25 25 41
364 17 614 11 13 42
364 18 544 29 20 56
364 19 594 41 28 52
364 20 553 57 26 54
364 21 285 3 20 49
364 22 297 1 18 49
364 23 211 -5 22 43
364 24 222 3 27 46
364 25 254 18 22 53
364 26 243 15 21 52
365 1 109 125 29 73
365 2 83 118 25 67
365 14 617 15 21 29
365 15 568 -8 17 36
365 16 335 -9 17 24
365 6 -36 -24 22 41
365 17 614 11 13 42
365 18 544 29 20 56
365 19 593 41 28 52
365 20 553 57 26 54
365 21 285 4 23 47
365 22 297 1 18 49
365 23 211 -5 22 43
365 24 225 6 25 42
365 25 254 18 22 53
365 26 243 15 21 52
366 1 110 125 29 73
366 2 83 118 25 67
366 14 619 15 20 29
366 15 572 -9 14 39
366 16 335 -9 17 24
366 6 -36 -24 22 41
366 17 615 11 14 42
366 18 543 28 20 56
366 19 593 41 28 52
366 20 548 57 30 53
366 21 285 4 23 47
366 22 298 1 18 49
366 23 211 -5 22 43
366 24 225 6 25 42
366 25 254 18 22 53
366 26 243 15 21 52
367 1 111 124 29 74
367 2 84 118 25 66
367 14 619 16 19 29
367 15 573 -9 14 39
367 16 335 -9 17 24
367 6 -36 -24 22 41
367 17 614 11 13 43
367 18 543 28 20 57
367 19 593 41 29 53
367 20 548 57 30 53
367 21 286 4 23 47
367 22 298 1 18 49
367 23 211 -1 21 39
367 24 226 7 25 41
367 25 254 18 22 53
367 26 243 15 21 52
368 1 111 125 32 72
368 2 84 118 29 69
368 14 619 16 19 29
368 15 573 -9 14 39
368 16 335 -9 17 24
368 6 -36 -24 22 41
368 17 614 11 13 43
368 18 543 28 20 57
368 19 593 41 28 52
368 20 548 57 30 53
368 21 288 4 20 48
368 22 298 1 18 49
368 23 211 -1 21 39
368 24 226 7 24 40
368 25 254 18 22 53
368 26 243 15 21 52
369 1 112 125 32 72
369 2 84 118 29 69
369 14 619 16 19 28
369 15 573 -9 14 39
369 16 335 -9 17 24
369 6 -40 -28 25 43
369 17 614 11 13 43
369 18 543 29 20 56
369 19 593 41 28 52
369 20 548 57 29 54
369 21 288 4 20 48
369 22 299 1 19 49
369 23 211 -1 21 39
369 24 227 7 24 39
369 25 254 18 22 53
369 26 243 15 21 52
370 1 113 125 32 72
370 2 88 116 31 72
370 14 620 17 19 27
370 15 573 -9 17 39
370 16 335 -9 17 24
370 6 -36 -24 22 41
370 5 -33 -24 21 38
370 17 614 11 14 44
370 18 543 28 20 56
370 19 593 42 28 52
370 20 547 57 29 54
370 21 289 4 20 48
370 22 300 1 19 50
370 23 211 -1 21 39
370 24 227 8 24 39
370 25 254 19 22 53
370 26 243 15 21 52
371 1 115 124 32 72
371 2 88 116 31 72
371 14 618 18 20 27
371 15 573 -9 17 39
371 16 335 -9 17 24
371 6 -41 -25 24 41
371 5 -33 -24 21 38
371 17 613 12 15 38
371 18 543 28 20 57
371 19 593 42 28 52
371 20 547 57 29 54
371 21 289 4 20 48
371 22 301 1 19 49
371 23 211 0 21 38
371 24 227 6 24 41
371 25 254 19 22 53
371 26 243 15 21 52
372 1 115 122 33 73
372 2 89 116 31 72
372 14 618 18 20 27
372 15 574 -9 18 39
372 16 335 -9 17 24
372 6 -36 -24 19 40
372 5 -33 -24 21 38
372 17 613 12 15 38
372 18 543 29 18 55
372 19 593 42 28 52
372 20 546 58 28 52
372 21 289 4 20 48
372 22 302 1 19 48
372 23 211 0 20 38
372 24 227 6 24 41
372 25 254 19 22 53
372 26 243 15 21 52
373 1 116 122 36 71
373 2 90 112 33 75
373 14 619 16 20 29
373 15 575 -9 18 39
373 16 335 -9 17 24
373 6 -36 -24 19 40
373 5 -34 -24 20 38
373 17 613 12 15 39
373 18 543 29 20 56
373 19 593 43 27 51
373 20 545 58 29 53
373 21 289 4 22 48
373 22 301 1 20 52
373 23 210 0 20 37
373 24 227 6 24 41
373 25 254 19 22 53
373 26 243 15 21 52
374 1 116 122 36 71
374 2 90 112 33 75
374 14 619 16 20 29
374 15 575 -9 18 39
374 16 335 -9 17 24
374 6 -36 -24 19 40
374 5 -34 -24 20 38
374 17 613 12 15 39
374 18 543 29 20 56
374 19 593 43 27 51
374 20 545 58 29 53
374 21 289 4 22 48
374 22 301 1 20 52
374 23 210 0 20 37
374 24 227 6 24 41
374 25 254 19 22 53
374 26 243 15 21 52
375 1 117 122 36 71
375 2 90 112 33 75
375 14 619 16 20 29
375 15 575 -9 18 39
375 16 335 -9 17 24
375 6 -36 -24 19 40
375 5 -34 -24 20 38
375 17 613 12 15 39
375 18 543 28 20 58
375 19 591 42 29 54
375 20 544 59 27 52
375 21 289 4 22 48
375 22 301 1 20 52
375 23 210 0 20 37
375 24 228 6 24 41
375 25 254 19 22 53
375 26 243 15 21 52
376 1 117 119 39 71
376 2 93 110 28 75
376 14 619 16 20 29
376 15 576 -9 18 39
376 16 335 -9 17 24
376 6 -41 -24 23 39
376 5 -34 -24 20 38
376 17 613 12 15 39
376 18 544 28 20 56
376 19 594 44 26 49
376 20 545 59 28 53
376 21 290 4 22 48
376 22 302 1 21 48
376 23 210 0 20 38
376 24 228 6 24 41
376 25 254 19 22 53
376 26 243 15 21 52
377 1 117 119 39 71
377 2 93 110 28 75
377 14 619 16 20 29
377 15 578 -9 18 37
377 16 335 -9 17 24
377 6 -41 -24 23 39
377 5 -34 -24 20 38
377 17 614 12 15 38
377 18 544 28 20 56
377 19 593 44 28 51
377 20 545 59 28 53
377 21 290 4 22 48
377 22 303 1 21 48
377 23 209 0 21 38
377 24 228 6 24 41
377 25 254 19 22 53
377 26 243 15 21 52
378 1 118 120 39 70
378 2 93 110 28 75
378 14 619 16 20 29
378 15 578 -9 16 37
378 16 335 -9 17 24
378 6 -41 -24 23 39
378 5 -34 -24 20 38
378 17 614 12 15 38
378 18 544 29 19 54
378 19 594 45 27 52
378 20 543 59 26 51
378 21 290 3 22 49
378 22 303 1 21 48
378 23 208 -1 21 38
378 24 228 6 24 41
378 25 254 19 22 53
378 26 243 15 21 52
379 1 119 119 37 72
379 2 97 109 30 72
379 14 619 16 20 29
379 15 580 -9 15 37
379 16 335 -9 17 24
379 6 -40 -23 21 38
379 5 -34 -24 20 38
379 17 619 12 13 37
379 18 544 28 19 55
379 19 597 45 24 52
379 20 544 55 22 55
379 21 291 3 22 49
379 22 304 1 21 48
379 23 206 -3 22 40
379 24 228 7 24 40
379 25 254 19 22 54
379 26 243 15 21 52
380 1 118 119 38 70
380 2 97 109 30 72
380 14 619 16 20 29
380 15 580 -9 15 37
380 16 335 -9 17 24
380 6 -40 -23 21 38
380 5 -34 -24 20 38
380 17 619 12 13 37
380 18 544 28 19 56
380 19 597 45 24 52
380 20 544 55 22 55
380 21 291 3 22 49
380 22 304 1 21 48
380 23 206 -3 22 40
380 24 228 7 24 41
380 25 254 19 22 54
380 26 243 15 21 52
381 1 118 119 38 70
381 2 97 109 30 72
381 14 619 16 20 29
381 15 580 -9 15 37
381 16 335 -9 17 24
381 6 -40 -23 21 38
381 5 -34 -24 20 36
381 17 619 12 13 37
381 18 544 29 21 54
381 19 597 45 24 52
381 20 543 55 22 55
381 21 291 3 22 49
381 22 304 1 21 47
381 23 204 -4 24 42
381 24 228 7 24 40
381 25 254 19 22 53
381 26 243 15 21 52
382 1 118 120 38 70
382 2 97 109 30 72
382 14 619 16 20 29
382 15 580 -9 15 37
382 16 335 -9 17 24
382 6 -40 -23 21 38
382 5 -33 -24 20 36
382 17 620 12 14 37
382 18 544 29 21 52
382 19 597 45 24 52
382 20 541 54 21 57
382 21 291 3 22 49
382 22 305 1 21 48
382 23 203 -5 25 43
382 24 228 7 24 40
382 25 254 19 22 53
382 26 243 15 21 52
383 1 118 120 38 70
383 2 101 108 30 72
383 14 619 16 19 29
383 15 581 -8 15 36
383 16 335 -9 17 24
383 5 -33 -24 20 36
383 17 620 12 14 37
383 18 544 29 21 52
383 19 597 45 24 52
383 20 539 55 21 58
383 21 292 3 22 49
383 22 305 1 21 47
383 23 202 -6 25 44
383 24 228 7 24 40
383 25 254 19 22 53
383 26 243 15 21 52
384 1 119 114 37 76
384 2 101 108 30 72
384 14 618 18 20 27
384 15 581 -8 20 36
384 16 335 -9 17 24
384 5 -34 -24 20 38
384 17 620 12 14 37
384 18 544 29 21 54
384 19 597 45 24 52
384 20 535 55 24 57
384 21 293 3 20 48
384 22 306 1 21 48
384 23 201 -7 24 43
384 24 228 7 24 40
384 25 254 19 22 54
384 26 243 16 21 52
385 1 120 115 36 75
385 2 104 105 30 72
385 14 620 17 19 28
385 15 581 -7 20 35
385 16 335 -9 17 24
385 5 -34 -24 20 38
385 17 620 12 14 37
385 18 545 29 21 54
385 19 596 45 24 53
385 20 534 55 24 57
385 21 293 3 20 48
385 22 307 0 21 49
385 23 200 -7 24 42
385 24 228 7 24 40
385 25 254 19 22 54
385 26 243 16 21 52
386 1 120 115 36 75
386 2 104 105 30 72
386 14 620 17 19 28
386 15 581 -7 22 36
386 16 335 -9 17 24
386 5 -34 -24 20 38
386 17 620 12 14 37
386 18 545 29 21 54
386 19 597 45 24 52
386 20 531 55 27 57
386 21 293 3 20 48
386 22 307 0 21 49
386 23 200 -7 24 42
386 24 228 7 22 39
386 25 254 19 22 54
386 26 243 16 21 52
387 1 121 115 36 74
387 2 104 105 30 72
387 14 620 17 19 28
387 15 581 -7 22 36
387 16 335 -9 17 24
387 5 -35 -28 21 42
387 17 620 9 15 38
387 18 545 29 21 54
387 19 598 43 22 55
387 20 528 55 31 58
387 21 294 3 20 48
387 22 308 0 21 49
387 23 200 -8 26 45
387 24 228 7 22 39
387 25 254 19 22 54
387 26 243 16 21 52
388 1 122 116 35 72
388 2 104 105 30 72
388 14 620 16 19 28
388 15 581 -7 22 36
388 16 335 -9 17 24
388 5 -35 -28 21 42
388 17 620 9 15 38
388 18 543 29 21 54
388 19 598 43 22 55
388 20 526 54 32 59
388 21 294 3 20 48
388 22 308 0 21 49
388 23 199 -8 25 47
388 24 228 7 22 39
388 25 254 19 22 54
388 26 243 16 21 52
389 1 127 112 32 71
389 2 104 105 30 72
389 14 620 16 19 28
389 15 582 -6 21 35
389 16 335 -9 17 24
389 5 -35 -28 21 42
389 17 620 9 15 38
389 18 545 29 21 52
389 19 598 43 22 55
389 20 524 54 33 59
389 21 295 3 20 48
389 22 309 0 21 49
389 23 198 -7 25 47
389 24 228 7 22 39
389 25 254 19 22 54
389 26 243 16 21 52
390 1 127 113 34 71
390 2 105 105 30 71
390 14 620 16 19 28
390 15 581 -7 22 36
390 16 335 -9 17 24
390 5 -35 -28 21 42
390 17 620 9 15 38
390 18 545 29 21 52
390 19 598 43 22 55
390 20 523 54 33 59
390 21 295 3 20 48
390 22 309 0 21 48
390 23 198 -6 24 46
390 24 227 7 23 42
390 25 254 19 22 53
390 26 243 16 21 52
391 1 127 113 34 70
391 2 105 105 30 71
391 14 620 16 19 28
391 15 583 -6 21 35
391 16 335 -9 17 24
391 5 -35 -28 21 42
391 17 620 9 15 38
391 18 544 29 21 52
391 19 598 43 22 55
391 20 522 54 33 58
391 21 295 3 20 49
391 22 309 1 21 48
391 23 196 -6 24 48
391 24 227 7 23 42
391 25 254 19 22 53
391 26 243 16 21 52
392 1 127 113 34 70
392 2 105 105 30 71
392 14 620 16 19 28
392 15 583 -6 21 35
392 16 335 -9 17 24
392 5 -35 -28 21 42
392 17 620 9 15 38
392 18 545 29 21 52
392 19 598 40 22 58
392 20 522 54 33 58
392 21 293 3 22 48
392 22 309 1 21 48
392 23 196 -6 24 48
392 24 227 7 23 42
392 25 254 19 22 53
392 26 243 16 21 52
393 1 127 113 34 70
393 2 105 105 30 71
393 14 620 16 19 28
393 15 583 -6 21 35
393 16 335 -9 17 24
393 5 -35 -28 21 42
393 17 620 9 15 38
393 18 544 29 21 52
393 19 598 40 22 58
393 20 528 54 26 58
393 21 293 3 22 48
393 22 310 1 21 48
393 23 195 -5 24 48
393 24 226 7 23 42
393 25 254 19 22 53
393 26 243 16 21 52
394 1 132 113 29 71
394 2 109 106 25 70
394 14 620 17 19 28
394 15 588 -7 16 36
394 16 335 -9 17 24
394 5 -35 -28 21 42
394 17 620 9 15 38
394 18 545 29 20 51
394 19 599 38 21 60
394 20 527 54 26 58
394 21 294 3 22 48
394 22 310 1 21 48
394 23 194 -4 24 49
394 24 226 7 23 42
394 25 254 19 22 53
394 26 243 16 21 52
395 1 132 102 36 82
395 2 110 108 24 67
395 14 620 17 19 28
395 15 588 -7 16 36
395 16 335 -9 17 24
395 5 -35 -28 21 42
395 17 622 9 14 38
395 18 544 28 20 52
395 19 599 38 21 60
395 20 524 53 24 58
395 21 294 3 22 48
395 22 314 1 18 44
395 23 193 -4 24 47
395 24 226 7 23 42
395 25 254 19 22 53
395 26 243 16 21 52
396 1 132 102 39 82
396 2 109 106 25 70
396 14 620 17 19 28
396 15 591 -6 13 35
396 16 335 -9 17 24
396 5 -35 -28 21 42
396 17 620 9 15 38
396 18 544 28 20 52
396 19 599 38 21 60
396 20 526 53 20 57
396 21 295 1 23 50
396 22 315 1 18 44
396 23 190 -3 26 46
396 24 225 7 23 43
396 25 254 19 22 53
396 26 243 16 21 52
397 1 132 102 39 82
397 2 115 109 20 65
397 14 620 16 19 28
397 15 591 -6 13 35
397 16 335 -9 17 24
397 5 -35 -28 21 42
397 17 622 9 14 38
397 18 544 28 20 51
397 19 598 38 21 60
397 20 524 53 21 57
397 21 295 1 23 50
397 22 315 1 18 43
397 23 189 -3 26 46
397 24 225 7 24 43
397 25 254 19 22 54
397 26 243 16 21 52
398 1 132 102 39 82
398 2 115 109 20 65
398 14 620 16 19 28
398 15 591 -6 13 35
398 16 335 -9 17 24
398 5 -35 -28 21 42
398 17 622 9 14 38
398 18 544 28 20 52
398 19 598 38 21 60
398 20 524 53 21 57
398 21 295 1 23 50
398 22 315 1 18 43
398 23 189 -3 26 46
398 24 225 7 24 43
398 25 254 19 22 54
398 26 243 16 21 52
399 1 132 102 41 80
399 2 117 109 21 65
399 14 620 17 19 28
399 15 591 -8 17 37
399 16 335 -9 17 24
399 5 -35 -28 21 42
399 17 622 9 14 38
399 18 543 28 22 53
399 19 598 38 21 60
399 20 522 53 21 58
399 21 297 1 19 52
399 22 315 1 18 43
399 23 188 -3 29 45
399 24 225 6 22 43
399 25 254 19 22 54
399 26 243 16 21 52
400 1 132 102 41 80
400 2 117 109 21 65
400 14 620 17 19 28
400 15 591 -8 17 37
400 16 335 -9 17 24
400 5 -35 -28 21 42
400 17 620 9 15 38
400 18 543 28 22 53
400 19 598 38 21 60
400 20 521 53 21 58
400 21 297 1 19 52
400 22 316 2 17 42
400 23 186 -3 30 45
400 24 225 6 22 43
400 25 254 19 22 54
400 26 243 16 21 52
401 1 132 102 41 79
401 2 117 109 21 65
401 14 620 17 19 28
401 15 592 -8 17 36
401 16 336 -9 18 24
401 5 -35 -28 21 42
401 17 622 9 14 38
401 18 543 28 22 53
401 19 598 38 21 60
401 20 514 53 27 57
401 21 298 1 20 52
401 22 318 2 19 45
401 23 188 -3 27 45
401 24 225 6 22 43
401 25 254 19 22 54
401 26 243 16 21 52
402 1 132 102 41 80
402 2 117 109 21 65
402 14 620 17 19 28
402 15 592 -8 17 36
402 16 336 -9 18 24
402 5 -35 -28 21 42
402 17 620 9 15 38
402 18 543 28 22 53
402 19 598 38 21 60
402 20 513 53 27 57
402 21 298 1 20 51
402 22 318 2 19 45
402 23 186 -3 28 45
402 24 224 5 19 43
402 25 254 19 22 54
402 26 243 16 21 52
403 1 137 102 36 80
403 2 117 109 21 65
403 14 620 16 19 28
403 15 593 -7 17 38
403 16 336 -9 18 24
403 5 -35 -28 21 42
403 17 620 9 15 38
403 18 543 28 22 53
403 19 598 38 21 60
403 20 510 54 29 55
403 21 298 1 20 51
403 22 319 2 19 43
403 23 187 -2 26 44
403 24 224 5 19 43
403 25 254 19 22 54
403 26 244 16 21 53
404 1 137 102 36 80
404 2 117 109 21 65
404 14 620 16 19 28
404 15 593 -7 17 38
404 16 336 -9 18 24
404 5 -35 -28 21 42
404 17 620 9 18 36
404 18 543 28 22 53
404 19 597 38 20 59
404 20 510 54 29 55
404 21 298 1 20 51
404 22 319 2 19 43
404 23 185 -2 27 44
404 24 224 5 19 43
404 25 254 19 22 53
404 26 244 16 21 53
405 1 137 102 36 80
405 2 117 109 21 65
405 14 620 17 19 28
405 15 593 -7 17 37
405 16 336 -9 18 24
405 5 -35 -28 21 42
405 17 620 9 18 36
405 18 543 28 22 53
405 19 597 39 19 58
405 20 509 54 29 55
405 21 299 1 20 51
405 22 319 2 18 43
405 23 184 -1 27 43
405 24 223 5 19 43
405 25 254 19 22 54
405 26 244 16 21 53
406 1 137 102 36 80
406 2 117 109 21 65
406 14 620 16 19 29
406 15 596 -6 17 35
406 16 336 -9 18 24
406 5 -35 -28 21 42
406 17 620 9 18 36
406 18 543 28 22 53
406 19 596 38 20 59
406 20 508 54 28 55
406 21 297 1 22 51
406 22 319 2 20 45
406 23 184 -1 26 43
406 24 223 6 19 43
406 25 254 19 22 54
406 26 244 16 21 53
407 1 137 102 36 80
407 2 121 109 23 63
407 14 620 17 19 28
407 15 597 -6 17 36
407 16 336 -9 18 24
407 5 -35 -28 21 42
407 17 620 9 18 36
407 18 543 28 22 53
407 19 594 38 24 63
407 20 510 54 25 55
407 21 297 1 22 51
407 22 319 2 20 45
407 23 185 -1 22 43
407 24 223 6 19 42
407 25 254 19 22 54
407 26 244 16 21 53
408 1 137 102 36 80
408 2 121 109 23 63
408 14 620 17 19 28
408 15 598 -6 16 35
408 16 336 -9 18 24
408 5 -35 -28 21 42
408 17 620 9 18 36
408 18 543 28 22 53
408 19 594 38 24 63
408 20 509 54 25 55
408 21 297 1 22 51
408 22 319 2 20 43
408 23 184 -1 22 43
408 24 223 7 19 42
408 25 254 19 22 54
408 26 244 16 21 53
409 1 138 105 34 76
409 2 123 113 21 57
409 14 620 17 19 28
409 15 597 -6 17 36
409 16 336 -9 18 24
409 5 -35 -28 21 42
409 17 620 9 18 36
409 18 543 28 22 53
409 19 594 38 24 63
409 20 508 54 25 55
409 21 297 1 22 51
409 22 320 2 19 43
409 23 183 0 20 42
409 24 222 7 19 42
409 25 254 19 22 54
409 26 244 15 21 52
410 1 137 102 36 80
410 2 121 103 23 67
410 14 620 17 19 28
410 15 597 -6 17 36
410 16 336 -9 18 24
410 5 -35 -28 21 42
410 17 620 9 18 36
410 18 543 28 22 53
410 19 594 38 24 63
410 20 508 54 25 54
410 21 297 1 22 51
410 22 320 2 19 43
410 23 183 0 24 45
410 24 222 7 19 43
410 25 254 19 22 54
410 26 244 15 21 52
411 1 137 102 36 80
411 2 121 103 23 67
411 14 620 17 19 28
411 15 598 -6 17 36
411 16 336 -9 18 24
411 5 -35 -28 21 42
411 17 620 9 18 36
411 18 543 28 22 53
411 19 594 38 24 63
411 20 507 54 25 54
411 21 297 1 22 51
411 22 320 3 19 44
411 23 182 0 24 45
411 24 222 7 19 43
411 25 254 19 22 54
411 26 244 15 21 52
412 1 137 102 38 74
412 2 121 103 23 67
412 14 620 16 19 29
412 15 598 -6 17 37
412 16 336 -9 18 24
412 5 -35 -28 21 42
412 17 620 9 18 36
412 18 543 28 22 53
412 19 594 38 24 63
412 20 506 54 22 52
412 21 297 1 22 51
412 22 320 0 19 45
412 23 181 0 24 46
412 24 221 8 19 43
412 25 254 19 22 54
412 26 244 15 21 52
413 1 137 102 38 74
413 2 126 104 25 63
413 14 620 16 19 28
413 15 599 -6 17 37
413 16 336 -9 18 24
413 5 -35 -28 21 42
413 17 620 9 18 36
413 18 543 28 22 53
413 19 594 42 28 58
413 20 505 54 22 53
413 21 297 2 22 51
413 22 320 0 19 45
413 23 180 0 24 47
413 24 221 8 19 43
413 25 254 19 22 54
413 26 244 15 21 52
414 1 137 102 38 74
414 2 126 104 25 63
414 14 620 16 19 29
414 15 600 -6 17 37
414 16 336 -9 18 24
414 5 -35 -28 21 42
414 17 620 9 18 36
414 18 543 28 22 53
414 19 594 42 28 58
414 20 503 54 22 53
414 21 297 2 22 51
414 22 320 0 19 45
414 23 180 0 24 47
414 24 220 8 19 43
414 25 254 19 22 53
414 26 244 15 21 52
415 1 141 102 37 74
415 2 126 104 25 63
415 14 620 16 19 29
415 15 600 -6 20 37
415 16 336 -9 18 24
415 5 -35 -28 21 42
415 17 620 9 18 36
415 18 543 28 22 53
415 19 594 42 28 58
415 20 498 54 27 54
415 21 297 2 23 50
415 22 320 0 19 45
415 23 179 1 25 47
415 24 220 8 19 43
415 25 254 19 22 53
415 26 244 15 21 52
416 1 141 102 37 74
416 2 126 104 25 63
416 14 620 16 19 29
416 15 600 -6 20 37
416 16 336 -9 18 24
416 5 -35 -28 21 42
416 17 620 9 18 36
416 18 543 28 22 53
416 19 594 42 28 58
416 20 498 54 27 54
416 21 297 2 23 50
416 22 320 0 19 45
416 23 179 1 25 47
416 24 220 8 19 43
416 25 254 19 22 53
416 26 244 15 21 52
417 1 141 102 37 74
417 2 130 104 27 62
417 14 620 16 19 29
417 15 602 -7 19 38
417 16 336 -9 18 24
417 5 -35 -28 21 42
417 17 620 9 18 36
417 18 543 28 22 53
417 19 594 42 28 58
417 20 496 54 28 53
417 21 297 2 23 50
417 22 320 0 19 45
417 23 179 1 25 47
417 24 220 8 19 43
417 25 254 19 22 53
417 26 244 15 21 52
418 1 141 102 37 74
418 2 130 104 27 62
418 14 620 17 19 28
418 15 603 -7 18 38
418 16 336 -9 18 24
418 5 -35 -28 21 42
418 17 620 9 18 36
418 18 543 28 22 53
418 19 594 42 28 58
418 20 493 54 30 53
418 21 297 2 23 50
418 22 320 0 19 45
418 23 179 1 25 49
418 24 219 8 19 44
418 25 254 19 22 53
418 26 244 15 21 52
419 1 141 102 41 71
419 2 130 104 27 62
419 14 620 17 19 28
419 15 604 -7 18 38
419 16 336 -9 18 24
419 5 -35 -28 21 42
419 17 620 9 18 36
419 18 543 28 22 53
419 19 594 42 28 58
419 20 492 54 29 53
419 21 297 2 23 50
419 22 320 0 19 44
419 23 178 0 25 48
419 24 219 7 20 45
419 25 254 19 22 53
419 26 244 15 21 52
420 1 143 101 40 73
420 2 130 104 27 62
420 14 620 16 19 29
420 15 604 -7 18 38
420 16 336 -9 18 24
420 5 -35 -28 21 42
420 17 620 9 18 36
420 18 543 28 22 53
420 19 594 42 28 58
420 20 491 54 32 54
420 21 296 2 23 51
420 22 320 0 19 44
420 23 178 0 25 48
420 24 218 7 20 45
420 25 254 19 22 54
420 26 244 15 21 52
421 1 143 100 40 74
421 2 130 104 30 60
421 14 620 16 19 29
421 15 605 -7 18 38
421 16 336 -9 18 24
421 5 -35 -28 21 42
421 17 620 9 18 36
421 18 543 28 22 53
421 19 594 42 28 60
421 20 490 54 31 53
421 21 296 2 23 50
421 22 320 0 19 44
421 23 178 0 25 47
421 24 218 6 20 46
421 25 254 18 22 54
421 26 244 15 21 52
422 1 145 100 38 70
422 2 130 104 30 60
422 14 620 16 19 28
422 15 605 -7 18 38
422 16 336 -9 18 24
422 5 -35 -28 21 42
422 17 620 9 18 36
422 18 543 28 22 53
422 19 594 42 28 60
422 20 490 53 33 54
422 21 296 2 23 50
422 22 320 0 19 44
422 23 178 0 25 47
422 24 218 6 20 46
422 25 254 18 22 54
422 26 244 15 21 52
423 1 145 100 38 70
423 2 130 104 30 60
423 14 620 16 19 28
423 15 606 -7 18 38
423 16 336 -9 18 24
423 5 -35 -28 21 42
423 17 620 9 18 36
423 18 543 28 22 53
423 19 594 42 28 60
423 20 491 53 28 53
423 21 295 2 23 50
423 22 320 0 19 44
423 23 177 0 25 47
423 24 218 6 20 45
423 25 254 18 22 54
423 26 244 15 21 52
424 1 147 98 37 72
424 2 133 105 27 59
424 14 620 16 19 29
424 15 606 -7 18 38
424 16 336 -9 18 24
424 5 -35 -28 21 42
424 17 620 9 18 36
424 18 543 28 22 53
424 19 594 42 29 59
424 20 490 51 27 54
424 21 296 3 23 49
424 22 320 0 19 44
424 23 177 -1 26 48
424 24 218 6 19 44
424 25 254 18 22 54
424 26 244 15 21 52
425 1 147 98 37 72
425 2 133 105 27 59
425 14 620 16 19 28
425 15 609 -6 18 38
425 16 335 -10 17 25
425 5 -35 -28 21 42
425 17 620 9 18 36
425 18 543 28 22 53
425 19 594 42 28 60
425 20 489 51 27 54
425 21 292 2 26 51
425 22 316 0 23 44
425 23 179 0 24 45
425 24 217 7 19 44
425 25 254 18 22 54
425 26 244 15 22 52
426 1 147 97 37 73
426 2 137 105 23 59
426 14 620 16 19 29
426 15 610 -6 18 38
426 16 335 -10 19 25
426 5 -35 -28 21 42
426 17 620 9 18 36
426 18 543 28 22 53
426 19 594 42 29 57
426 20 488 50 23 55
426 21 292 2 26 51
426 22 316 0 23 44
426 23 178 0 23 45
426 24 217 8 19 44
426 25 254 18 22 54
426 26 248 15 16 55
427 1 150 101 36 69
427 2 137 105 23 59
427 14 620 16 19 28
427 15 611 -6 18 37
427 16 335 -10 19 25
427 5 -35 -28 21 42
427 17 620 8 18 37
427 18 543 28 22 53
427 19 594 42 29 57
427 20 487 50 23 55
427 21 291 2 25 51
427 22 316 0 23 44
427 23 178 2 22 44
427 24 217 8 20 45
427 25 254 18 22 54
427 26 248 15 16 55
428 1 150 101 36 69
428 2 137 105 23 59
428 14 620 16 19 28
428 15 610 -6 18 38
428 16 335 -10 19 25
428 5 -35 -28 21 42
428 17 620 8 18 37
428 18 543 28 22 53
428 19 594 42 29 57
428 20 487 50 23 55
428 21 291 2 25 51
428 22 316 0 23 44
428 23 178 1 23 45
428 24 217 8 17 46
428 25 254 18 22 54
428 26 248 15 16 55
429 1 150 101 36 69
429 2 139 98 26 63
429 14 620 16 19 29
429 15 611 -6 18 37
429 16 335 -10 19 25
429 5 -35 -28 21 42
429 17 620 8 18 37
429 18 543 28 22 53
429 19 594 42 29 57
429 20 486 50 23 55
429 21 291 2 25 52
429 22 316 0 23 45
429 23 177 3 24 49
429 24 217 9 17 45
429 25 254 18 22 54
429 26 248 15 16 55
430 1 150 100 36 70
430 2 139 98 26 63
430 14 620 16 19 29
430 15 612 -6 18 38
430 16 335 -10 19 25
430 5 -35 -28 21 42
430 17 620 8 18 37
430 18 543 28 22 53
430 19 594 42 29 57
430 20 482 49 26 57
430 21 291 2 25 51
430 22 316 0 23 45
430 23 177 4 23 48
430 24 217 10 17 45
430 25 254 18 22 54
430 26 248 15 16 55
431 1 153 101 34 69
431 2 139 98 26 63
431 14 620 17 19 28
431 15 614 -7 18 39
431 16 335 -10 19 25
431 5 -35 -28 21 42
431 17 620 9 18 36
431 18 543 28 22 53
431 19 595 42 29 57
431 20 481 49 26 57
431 21 290 2 25 52
431 22 316 0 23 45
431 23 178 7 23 46
431 24 216 11 16 44
431 25 254 18 22 54
431 26 248 15 16 55
432 1 153 101 34 69
432 2 139 97 26 63
432 14 620 16 19 29
432 15 614 -7 18 38
432 16 335 -10 17 25
432 5 -35 -28 21 42
432 17 620 9 18 36
432 18 543 28 22 53
432 19 595 42 29 57
432 20 480 49 26 57
432 21 289 2 26 52
432 22 315 0 24 45
432 23 178 7 23 45
432 24 216 11 17 45
432 25 254 18 22 54
432 26 248 16 16 54
433 1 153 100 34 70
433 2 139 97 26 64
433 14 620 17 19 28
433 15 615 -7 18 38
433 16 335 -10 17 25
433 5 -35 -28 21 42
433 17 620 9 18 36
433 18 543 28 22 53
433 19 595 42 30 58
433 20 473 49 32 58
433 21 292 1 23 53
433 22 315 -1 24 45
433 23 178 8 22 45
433 24 216 12 16 43
433 25 255 18 22 54
433 26 248 16 18 53
434 1 153 100 35 68
434 2 146 98 23 63
434 14 620 17 19 28
434 15 615 -7 18 38
434 16 336 -10 18 25
434 5 -35 -28 21 42
434 17 620 9 18 36
434 18 543 28 22 53
434 19 595 42 30 58
434 20 473 49 32 58
434 21 292 1 23 53
434 22 315 -1 24 45
434 23 175 8 28 46
434 24 216 12 16 43
434 25 255 18 22 54
434 26 248 16 18 53
435 1 153 100 35 68
435 2 146 98 23 63
435 14 620 16 19 28
435 15 615 -7 18 38
435 16 335 -10 19 25
435 5 -35 -29 21 41
435 17 620 9 18 36
435 18 543 28 22 53
435 19 599 42 26 58
435 20 473 51 31 56
435 21 292 1 23 53
435 22 314 -2 25 47
435 23 175 9 28 46
435 24 215 12 16 44
435 25 255 18 22 53
435 26 248 16 18 53
436 1 153 99 35 69
436 2 146 97 23 64
436 14 620 17 19 28
436 15 616 -7 18 38
436 16 336 -10 18 25
436 5 -35 -29 21 41
436 17 620 9 18 36
436 18 543 28 22 53
436 19 599 42 26 58
436 20 472 51 31 56
436 21 291 1 23 53
436 22 315 -1 24 46
436 23 177 10 26 43
436 24 214 11 19 48
436 25 254 18 22 54
436 26 248 16 18 53
437 1 159 98 30 69
437 2 146 97 23 64
437 14 620 17 19 28
437 15 617 -7 18 38
437 16 336 -10 19 25
437 5 -35 -29 21 41
437 17 620 9 18 36
437 18 543 28 22 53
437 19 600 41 27 59
437 20 471 51 31 56
437 21 291 1 23 53
437 22 314 -2 24 46
437 23 181 11 23 45
437 24 214 11 19 48
437 25 255 18 22 53
437 26 244 16 22 53
438 1 159 97 30 69
438 2 147 96 26 64
438 14 620 17 19 28
438 15 619 -7 18 38
438 16 335 -10 19 25
438 5 -35 -29 21 41
438 17 620 9 18 36
438 18 543 28 22 53
438 19 599 42 28 58
438 20 473 51 28 53
438 21 291 1 23 53
438 22 315 -1 24 45
438 23 182 12 23 44
438 24 213 11 19 48
438 25 255 19 22 53
438 26 244 16 22 53
439 1 160 97 30 70
439 2 147 96 26 64
439 14 620 16 19 28
439 15 620 -7 18 38
439 16 336 -10 18 25
439 5 -35 -29 21 41
439 17 620 9 18 36
439 18 543 28 22 53
439 19 599 42 28 58
439 20 472 51 28 53
439 21 291 1 20 51
439 22 315 -1 23 45
439 23 183 13 22 44
439 24 213 12 19 48
439 25 255 19 22 53
439 26 244 16 22 53
440 1 160 96 31 71
440 2 147 96 26 64
440 14 620 16 19 28
440 15 620 -7 18 38
440 16 335 -10 19 25
440 5 -35 -29 21 41
440 17 620 9 18 36
440 18 543 28 22 53
440 19 599 42 30 58
440 20 472 51 26 54
440 21 291 1 20 51
440 22 315 -1 23 45
440 23 183 13 22 43
440 24 213 12 19 48
440 25 255 19 22 53
440 26 244 16 22 53
441 1 160 96 33 68
441 2 147 95 26 64
441 14 620 17 19 28
441 15 621 -7 18 38
441 16 335 -10 19 25
441 5 -36 -28 20 41
441 17 620 9 18 36
441 18 543 28 22 53
441 19 599 42 30 58
441 20 471 51 26 54
441 21 291 1 20 51
441 22 315 -1 23 45
441 23 182 14 27 46
441 24 213 13 19 47
441 25 255 19 22 53
441 26 244 16 22 53
442 1 160 95 33 68
442 2 147 95 26 64
442 14 620 17 19 28
442 15 621 -7 18 38
442 16 336 -11 19 25
442 5 -36 -28 20 41
442 17 620 9 18 36
442 18 543 28 22 53
442 19 600 41 30 59
442 20 470 51 23 53
442 21 290 1 20 51
442 22 315 -1 21 46
442 23 183 14 27 46
442 24 212 13 20 46
442 25 255 19 22 53
442 26 244 16 22 53
443 1 161 95 33 68
443 2 147 96 27 62
443 14 621 17 18 27
443 15 622 -7 17 36
443 16 335 -10 19 25
443 5 -36 -28 20 41
443 17 620 9 17 35
443 18 543 28 22 53
443 19 600 41 30 59
443 20 469 51 23 53
443 21 290 1 20 51
443 22 315 -1 21 46
443 23 184 16 27 44
443 24 212 14 20 45
443 25 256 19 22 53
443 26 244 16 22 53
444 1 161 95 33 69
444 2 149 94 25 63
444 14 620 17 19 28
444 15 622 -6 16 33
444 16 336 -10 19 25
444 5 -36 -28 20 40
444 17 620 9 18 35
444 18 543 28 22 52
444 19 600 41 30 58
444 20 467 50 24 54
444 21 286 1 24 52
444 22 314 -1 20 46
444 23 184 16 27 45
444 24 212 15 19 45
444 25 256 19 22 53
444 26 244 16 22 53
445 1 161 95 37 67
445 2 149 94 25 63
445 14 621 17 19 28
445 15 623 -5 15 32
445 16 336 -10 19 25
445 5 -38 -29 21 43
445 17 620 9 18 36
445 18 543 28 22 52
445 19 601 41 30 58
445 20 462 51 28 54
445 21 286 1 24 52
445 22 314 -1 20 46
445 23 185 14 29 50
445 24 211 16 20 45
445 25 257 18 21 53
445 26 245 16 22 53
446 1 161 95 37 67
446 2 149 94 25 63
446 14 621 17 19 28
446 15 623 -6 20 33
446 16 336 -10 19 25
446 6 -35 -22 18 36
446 5 -36 -28 20 40
446 17 620 9 18 36
446 18 543 28 22 52
446 19 601 42 29 58
446 20 462 51 28 54
446 21 286 1 24 52
446 22 314 -1 20 46
446 23 185 14 29 46
446 24 211 16 20 45
446 25 257 18 20 54
446 26 247 18 19 51
447 1 164 95 37 66
447 2 149 93 25 63
447 14 621 17 19 28
447 15 623 -6 20 33
447 16 335 -10 19 25
447 6 -35 -22 18 36
447 5 -38 -30 21 42
447 17 620 9 16 40
447 18 543 28 22 52
447 19 601 45 33 54
447 20 457 51 32 55
447 21 286 1 24 52
447 22 314 -1 20 48
447 23 185 14 29 47
447 24 211 16 20 46
447 25 257 18 21 54
447 26 247 18 19 51
448 1 165 95 37 66
448 2 154 92 24 63
448 14 620 16 19 28
448 15 623 -6 20 33
448 16 336 -10 19 25
448 6 -35 -22 18 36
448 5 -38 -30 21 42
448 17 620 9 18 36
448 18 543 28 22 52
448 19 601 45 33 54
448 20 456 50 33 55
448 21 285 1 24 52
448 22 312 -1 21 49
448 23 185 13 30 47
448 24 211 17 20 46
448 25 257 18 21 54
448 26 247 18 19 51
449 1 165 94 37 66
449 2 154 92 24 63
449 14 620 16 19 29
449 15 623 -6 21 34
449 16 336 -10 19 25
449 6 -35 -22 18 36
449 5 -40 -30 23 46
449 17 620 9 18 36
449 18 543 28 22 52
449 19 601 45 33 54
449 20 455 50 33 55
449 21 285 1 23 53
449 22 312 -1 21 49
449 23 184 13 30 47
449 24 211 18 20 46
449 25 258 18 21 54
449 26 248 18 19 51
450 1 166 94 38 67
450 2 155 91 24 64
450 14 620 16 19 29
450 15 628 -7 16 35
450 16 336 -10 19 25
450 6 -40 -25 22 39
450 5 -38 -30 21 42
450 17 620 8 15 39
450 18 543 28 21 52
450 19 601 45 33 54
450 20 454 50 33 54
450 21 285 1 23 53
450 22 312 -1 21 49
450 23 184 16 29 45
450 24 211 18 20 46
450 25 258 18 21 54
450 26 248 18 19 51
451 1 167 93 38 68
451 2 155 90 24 64
451 14 619 16 21 30
451 15 628 -7 16 35
451 16 336 -10 19 25
451 6 -40 -25 22 39
451 5 -41 -30 22 43
451 17 620 8 15 39
451 18 543 28 22 52
451 19 601 42 34 57
451 20 456 49 28 56
451 21 285 1 23 53
451 22 311 -1 21 50
451 23 185 17 29 46
451 24 211 18 20 47
451 25 259 18 21 54
451 26 248 18 19 51
452 1 167 93 38 67
452 2 154 88 26 67
452 14 619 15 21 31
452 15 628 -7 16 35
452 16 336 -10 19 25
452 6 -40 -25 22 39
452 5 -41 -30 22 43
452 17 620 8 15 39
452 18 543 28 21 52
452 19 601 46 35 53
452 20 456 49 28 56
452 21 285 1 23 53
452 22 311 -1 21 50
452 23 185 17 29 46
452 24 211 18 20 47
452 25 258 18 22 52
452 26 248 18 19 51
453 1 167 93 39 63
453 2 154 84 27 72
453 14 619 15 20 29
453 15 630 -7 15 35
453 16 336 -10 19 25
453 6 -40 -25 22 39
453 17 619 8 15 39
453 18 543 28 22 52
453 19 601 45 33 54
453 20 455 49 28 55
453 21 283 1 24 53
453 22 311 -1 21 50
453 23 186 18 29 45
453 24 211 18 22 44
453 25 258 18 22 52
453 26 249 18 19 51
454 1 168 94 41 61
454 2 153 88 25 66
454 14 619 15 20 29
454 15 630 -7 15 35
454 16 336 -10 18 25
454 6 -40 -25 22 39
454 17 619 8 15 40
454 18 543 28 22 52
454 19 600 47 31 52
454 20 454 49 26 55
454 21 284 2 23 52
454 22 311 -1 23 48
454 23 184 19 31 44
454 24 211 18 22 44
454 25 259 18 22 52
454 26 248 18 19 51
455 1 170 94 39 61
455 2 158 87 20 63
455 14 619 16 19 28
455 15 631 -7 18 36
455 16 336 -10 18 25
455 6 -40 -25 22 39
455 17 618 7 16 40
455 18 543 27 22 52
455 19 598 47 33 52
455 20 455 49 22 55
455 21 284 2 23 52
455 22 311 -1 23 48
455 23 185 20 31 44
455 24 211 18 22 44
455 25 259 18 22 52
455 26 249 18 19 51
456 1 171 94 39 61
456 2 158 86 20 66
456 14 619 16 19 28
456 15 631 -7 18 36
456 16 336 -10 18 25
456 6 -40 -25 22 39
456 17 617 8 17 40
456 18 543 27 22 52
456 19 598 47 31 52
456 20 454 49 22 55
456 21 281 2 24 53
456 22 311 -1 23 48
456 23 185 20 31 44
456 24 211 18 22 44
456 25 260 18 22 52
456 26 249 18 21 53
457 1 171 93 37 62
457 2 158 84 20 68
457 14 619 16 19 29
457 15 632 -7 20 36
457 16 336 -10 18 24
457 6 -40 -25 22 39
457 17 617 8 17 40
457 18 543 27 22 52
457 19 598 47 31 52
457 20 450 48 23 56
457 21 282 2 24 53
457 22 310 -1 23 49
457 23 186 20 31 44
457 24 211 18 22 44
457 25 260 18 22 52
457 26 249 18 21 53
458 1 171 93 37 62
458 2 159 84 24 61
458 14 619 16 19 29
458 15 632 -7 20 36
458 16 336 -10 18 24
458 6 -40 -25 22 39
458 17 617 8 17 40
458 18 543 27 22 52
458 19 598 47 31 52
458 20 450 48 23 56
458 21 285 1 21 54
458 22 310 -1 23 49
458 23 186 20 31 44
458 24 211 18 22 44
458 25 260 18 22 53
458 26 249 18 21 53
459 1 171 93 37 62
459 2 159 83 24 61
459 14 619 16 20 29
459 15 632 -7 20 36
459 16 336 -10 18 24
459 6 -40 -25 22 39
459 17 617 8 17 40
459 18 543 27 22 52
459 19 595 47 33 52
459 20 449 48 23 58
459 21 285 1 21 54
459 22 310 -1 23 49
459 23 187 21 30 43
459 24 209 18 24 44
459 25 260 18 22 52
459 26 250 18 21 53
460 1 172 92 37 62
460 2 160 83 24 62
460 14 619 16 20 29
460 15 633 -7 17 38
460 16 336 -10 18 24
460 6 -40 -25 22 39
460 17 617 8 17 40
460 18 543 27 22 52
460 19 595 47 33 51
460 20 445 48 25 57
460 21 284 3 19 51
460 22 310 -1 23 49
460 23 189 18 31 45
460 24 209 17 24 45
460 25 261 18 22 53
460 26 250 18 21 53
461 1 173 92 37 62
461 2 160 83 24 62
461 14 619 16 20 29
461 15 633 -7 17 38
461 16 336 -10 18 24
461 6 -40 -25 22 39
461 17 617 8 17 40
461 18 543 27 22 52
461 19 595 47 32 51
461 20 444 48 25 57
461 21 282 3 20 51
461 22 309 -1 24 50
461 23 190 17 31 45
461 24 209 17 25 45
461 25 261 18 22 52
461 26 250 19 21 53
462 1 172 92 42 62
462 2 161 82 25 63
462 14 619 16 20 29
462 15 635 -8 16 40
462 16 336 -10 18 24
462 6 -40 -25 25 40
462 17 617 8 17 40
462 18 543 27 22 52
462 19 594 44 33 54
462 20 440 48 28 57
462 21 282 3 20 51
462 22 309 -1 24 50
462 23 194 17 28 45
462 24 212 16 22 46
462 25 262 18 23 55
462 26 250 19 21 53
463 1 172 92 42 62
463 2 161 82 25 63
463 14 619 16 19 29
463 15 640 -8 15 39
463 16 336 -10 18 24
463 6 -36 -24 21 39
463 17 617 8 17 40
463 18 543 28 22 52
463 19 594 44 33 54
463 20 439 48 28 57
463 21 282 3 20 51
463 22 309 -1 19 50
463 23 199 17 26 45
463 24 213 15 22 47
463 25 264 18 21 55
463 26 250 19 21 53
464 1 172 92 42 62
464 2 161 82 25 63
464 14 619 16 20 29
464 15 640 -8 15 39
464 16 336 -10 18 24
464 6 -36 -24 21 39
464 17 617 8 17 40
464 18 543 28 21 52
464 19 592 46 35 52
464 20 439 48 32 56
464 21 281 3 21 52
464 22 309 -1 19 50
464 23 199 17 26 45
464 24 213 15 22 47
464 25 264 18 21 55
464 26 250 19 21 53
465 1 173 91 42 62
465 2 162 81 25 63
465 14 619 16 17 30
465 15 640 -8 15 39
465 16 336 -10 18 24
465 6 -34 -24 20 38
465 17 617 6 18 42
465 18 543 27 22 52
465 19 592 46 35 52
465 20 438 48 32 57
465 21 281 3 21 52
465 22 309 -1 19 50
465 23 200 16 26 45
465 24 213 15 23 47
465 25 265 18 21 55
465 26 251 19 21 53
466 1 174 91 41 61
466 2 162 81 25 64
466 14 619 16 20 29
466 15 641 -8 15 39
466 16 336 -10 18 24
466 6 -36 -24 22 41
466 17 617 6 18 42
466 18 543 27 22 53
466 19 590 48 36 51
466 20 437 48 32 57
466 21 280 3 21 52
466 22 309 -1 19 50
466 23 201 16 26 45
466 24 215 15 21 44
466 25 265 18 21 55
466 26 251 19 21 53
467 1 175 90 41 60
467 2 163 80 25 64
467 14 619 16 19 28
467 15 642 -8 16 39
467 16 336 -10 18 24
467 6 -36 -24 22 41
467 17 618 6 18 42
467 18 542 27 21 52
467 19 593 49 30 50
467 20 438 48 30 58
467 21 278 3 23 52
467 22 308 -1 19 50
467 23 205 16 23 46
467 24 215 15 23 50
467 25 266 18 21 56
467 26 251 19 21 53
468 1 178 89 39 60
468 2 164 80 25 62
468 14 619 16 19 28
468 15 643 -7 16 39
468 16 336 -10 18 24
468 6 -36 -24 22 41
468 17 618 7 18 41
468 18 543 27 22 53
468 19 591 49 31 50
468 20 437 46 28 55
468 21 278 3 23 52
468 22 308 -1 19 50
468 23 206 16 23 46
468 24 216 15 23 50
468 25 266 18 21 54
468 26 252 19 21 53
469 1 179 89 40 61
469 2 165 80 24 61
469 14 620 17 19 28
469 15 641 -7 19 38
469 16 336 -10 18 24
469 6 -35 -25 22 42
469 17 618 7 18 41
469 18 542 27 22 53
469 19 590 50 30 49
469 20 436 46 28 56
469 21 277 3 23 52
469 22 307 -1 19 51
469 23 206 16 24 48
469 24 218 16 23 50
469 25 266 18 21 54
469 26 252 19 21 53
470 1 179 89 40 61
470 2 165 80 24 61
470 14 620 17 19 28
470 15 641 -7 19 38
470 16 336 -10 18 24
470 6 -35 -25 22 42
470 17 618 7 18 41
470 18 542 27 22 53
470 19 590 50 33 50
470 20 439 46 22 55
470 21 277 3 23 52
470 22 307 -1 19 51
470 23 210 16 22 48
470 24 218 16 23 50
470 25 266 18 21 55
470 26 252 19 21 53
471 1 180 89 40 61
471 2 165 79 25 63
471 14 621 17 18 27
471 15 641 -7 19 38
471 16 336 -10 18 24
471 6 -35 -25 22 41
471 17 619 7 17 41
471 18 541 27 22 52
471 19 589 50 33 50
471 20 438 46 22 55
471 21 279 3 21 52
471 22 308 -1 20 50
471 23 211 17 22 48
471 24 220 17 24 49
471 25 267 18 21 55
471 26 252 19 21 53
472 1 180 88 40 61
472 2 166 79 24 62
472 14 621 18 18 27
472 15 642 -7 19 39
472 16 336 -10 18 24
472 6 -35 -25 22 41
472 17 619 8 20 39
472 18 541 27 22 52
472 19 588 51 32 50
472 20 437 46 22 55
472 21 279 3 21 52
472 22 308 -1 20 50
472 23 212 17 22 51
472 24 221 17 24 49
472 25 267 18 21 55
472 26 252 19 21 53
473 1 182 88 39 60
473 2 167 79 24 61
473 14 621 18 18 26
473 15 643 -7 17 38
473 16 336 -10 18 24
473 6 -33 -25 21 41
473 17 619 7 17 40
473 18 543 27 22 53
473 19 587 51 31 49
473 20 436 45 22 56
473 21 279 3 21 52
473 22 308 -1 20 50
473 23 213 17 22 51
473 24 223 17 24 49
473 25 268 18 21 55
473 26 254 19 21 53
474 1 181 84 39 63
474 2 167 78 24 61
474 14 621 18 18 26
474 15 647 -8 16 40
474 16 336 -10 18 24
474 6 -33 -25 21 41
474 17 623 10 17 36
474 18 543 27 22 53
474 19 586 52 30 47
474 20 430 45 23 55
474 21 279 3 21 51
474 22 308 -1 20 50
474 23 213 17 23 52
474 24 221 17 28 46
474 25 269 18 21 55
474 26 253 19 21 53
475 1 182 84 39 63
475 2 168 77 25 63
475 14 622 18 17 26
475 15 649 -8 15 40
475 16 336 -10 18 24
475 6 -33 -25 21 41
475 17 623 10 17 36
475 18 543 25 20 56
475 19 586 48 27 51
475 20 429 45 23 55
475 21 278 3 21 52
475 22 307 -1 20 51
475 23 213 16 23 53
475 24 222 17 28 47
475 25 270 18 21 55
475 26 256 19 21 53
476 1 182 84 39 63
476 2 168 77 25 63
476 14 622 18 17 26
476 15 649 -8 12 40
476 16 336 -10 18 24
476 6 -32 -25 22 41
476 17 623 10 17 36
476 18 543 26 18 55
476 19 586 48 27 51
476 20 427 45 25 57
476 21 278 3 21 52
476 22 307 -1 20 51
476 23 213 16 23 53
476 24 222 17 28 47
476 25 270 18 21 55
476 26 253 19 22 55
477 1 182 84 39 63
477 2 168 76 25 63
477 14 621 18 18 26
477 15 650 -8 13 40
477 16 336 -10 18 24
477 6 -32 -25 22 41
477 17 623 10 17 36
477 18 543 26 18 55
477 19 585 48 27 51
477 20 426 45 25 57
477 21 277 3 21 52
477 22 307 -1 21 52
477 23 214 16 23 53
477 24 223 15 29 48
477 25 270 18 21 54
477 26 253 19 22 55
478 1 183 83 37 64
478 2 169 76 25 64
478 14 622 18 18 26
478 15 650 -8 13 41
478 16 336 -10 18 24
478 6 -30 -25 21 41
478 17 624 10 17 36
478 18 543 26 18 55
478 19 581 49 26 50
478 20 423 45 29 56
478 21 277 3 21 52
478 22 306 -1 21 53
478 23 213 12 25 57
478 24 224 16 26 51
478 25 270 18 21 54
478 26 254 19 22 55
479 1 184 83 37 64
479 2 169 75 26 64
479 14 622 18 18 26
479 15 651 -8 13 40
479 16 336 -10 18 24
479 6 -30 -25 21 41
479 17 624 10 17 35
479 18 543 26 18 55
479 19 578 48 28 51
479 20 422 45 29 56
479 21 276 3 21 52
479 22 306 2 20 48
479 23 213 10 24 59
479 24 225 14 26 53
479 25 271 18 21 54
479 26 254 19 22 55
480 1 186 83 35 63
480 2 172 75 29 63
480 14 622 18 17 25
480 15 651 -8 13 40
480 16 336 -10 18 24
480 6 -29 -25 21 42
480 17 623 8 21 37
480 18 542 26 17 55
480 19 576 47 29 52
480 20 421 45 29 55
480 21 275 3 21 52
480 22 306 2 20 48
480 23 213 8 25 61
480 24 229 15 22 51
480 25 271 18 21 54
480 26 254 19 22 55
481 1 187 83 35 63
481 2 173 74 29 63
481 14 622 18 18 26
481 15 650 -8 19 38
481 16 336 -10 18 24
481 6 -30 -25 23 44
481 17 623 8 21 37
481 18 542 26 17 55
481 19 575 46 28 54
481 20 422 45 26 56
481 21 275 3 21 52
481 22 306 2 20 48
481 23 213 7 23 66
481 24 230 13 22 53
481 25 271 18 21 55
481 26 255 19 22 56
482 1 187 83 35 63
482 2 173 75 29 63
482 14 622 18 18 26
482 15 650 -8 19 38
482 16 336 -10 18 24
482 6 -30 -25 23 44
482 17 624 10 19 40
482 18 542 26 17 55
482 19 575 46 28 54
482 20 422 45 26 56
482 21 275 3 21 52
482 22 306 2 20 48
482 23 213 7 23 66
482 24 230 13 22 53
482 25 271 18 21 55
482 26 255 19 22 53
483 1 187 82 35 64
483 2 173 74 29 64
483 14 621 18 18 26
483 15 651 -8 20 38
483 16 336 -10 18 24
483 6 -30 -25 23 44
483 17 624 10 19 40
483 18 542 26 17 55
483 19 572 44 30 55
483 20 421 45 26 56
483 21 276 3 21 52
483 22 305 2 21 50
483 23 213 5 23 68
483 24 230 13 22 53
483 25 271 18 21 54
483 26 255 19 22 53
484 1 188 82 36 64
484 2 174 74 29 64
484 14 621 18 18 26
484 15 651 -8 20 38
484 16 336 -10 18 24
484 6 -29 -25 23 44
484 17 625 10 20 39
484 18 542 26 17 55
484 19 572 45 29 54
484 20 421 45 23 55
484 21 276 3 21 52
484 22 305 2 21 50
484 23 213 5 23 61
484 24 231 13 22 53
484 25 272 18 21 55
484 26 255 19 22 53
485 1 188 81 36 65
485 2 175 73 24 64
485 14 622 17 18 27
485 15 652 -8 20 38
485 16 336 -10 18 24
485 6 -29 -25 23 44
485 17 623 10 22 41
485 18 541 26 17 54
485 19 570 44 29 54
485 20 420 45 23 55
485 21 276 3 21 52
485 22 305 2 21 50
485 23 213 4 23 62
485 24 233 15 22 51
485 25 272 18 22 55
485 26 256 19 22 53
486 1 194 81 31 64
486 2 176 73 24 64
486 14 622 18 18 26
486 15 654 -7 19 38
486 16 336 -10 18 24
486 6 -29 -25 23 44
486 17 623 10 22 41
486 18 542 26 17 56
486 19 568 44 29 55
486 20 418 44 22 54
486 21 276 4 21 52
486 22 305 2 21 50
486 23 213 4 23 62
486 24 234 16 22 51
486 25 272 18 21 55
486 26 256 19 22 53
487 1 194 81 31 64
487 2 177 72 24 64
487 14 622 18 18 26
487 15 655 -9 21 39
487 16 336 -10 18 24
487 6 -28 -24 23 43
487 17 623 10 22 41
487 18 542 26 17 56
487 19 566 46 29 55
487 20 417 44 22 54
487 21 271 4 26 52
487 22 305 2 21 50
487 23 213 5 23 62
487 24 235 16 24 51
487 25 273 17 22 56
487 26 256 20 22 52
488 1 195 81 31 64
488 2 177 72 24 64
488 14 622 18 18 26
488 15 655 -9 21 39
488 16 336 -10 18 24
488 6 -28 -24 23 43
488 17 625 11 23 40
488 18 542 26 17 56
488 19 566 46 28 55
488 20 417 44 22 54
488 21 271 4 26 52
488 22 305 2 21 50
488 23 213 0 23 66
488 24 235 16 24 51
488 25 273 17 22 56
488 26 256 20 20 54
489 1 195 81 34 64
489 2 177 71 24 64
489 14 622 18 18 27
489 15 656 -9 21 39
489 16 336 -10 18 24
489 6 -28 -24 23 43
489 17 625 11 23 40
489 18 542 26 17 56
489 19 563 46 32 55
489 20 416 45 22 53
489 21 271 4 26 52
489 22 305 2 21 50
489 23 213 0 23 66
489 24 236 17 25 50
489 25 273 17 25 54
489 26 256 20 20 54
490 1 195 81 34 64
490 2 178 71 24 64
490 14 622 17 18 26
490 15 659 -9 21 39
490 16 336 -10 18 24
490 6 -26 -24 22 43
490 17 626 11 23 40
490 18 542 26 17 56
490 19 561 46 31 54
490 20 415 45 22 53
490 21 271 4 26 52
490 22 305 2 21 50
490 23 212 1 26 66
490 24 237 19 24 51
490 25 273 17 25 54
490 26 256 22 20 52
491 1 197 80 33 62
491 2 179 70 24 64
491 14 622 17 18 27
491 15 659 -9 21 39
491 16 336 -10 18 24
491 6 -25 -24 23 43
491 17 627 11 24 40
491 18 542 26 17 56
491 19 558 45 27 54
491 20 411 45 24 55
491 21 272 4 26 53
491 22 305 2 21 50
491 23 212 2 26 65
491 24 238 20 24 48
491 25 274 17 25 55
491 26 256 22 20 52
492 1 196 80 37 60
492 2 179 70 24 64
492 14 622 17 18 26
492 15 660 -9 20 39
492 16 336 -10 18 24
492 6 -29 -27 28 45
492 17 629 12 22 39
492 18 542 26 17 55
492 19 557 44 23 57
492 20 410 45 24 55
492 21 272 4 23 49
492 22 305 2 21 50
492 23 212 5 26 65
492 24 238 20 24 48
492 25 274 17 25 54
492 26 256 22 20 52
493 1 197 80 35 60
493 2 179 69 24 64
493 14 622 18 18 26
493 15 660 -9 20 39
493 16 336 -10 18 23
493 6 -29 -27 28 45
493 17 629 11 23 40
493 18 542 26 17 55
493 19 555 43 22 58
493 20 409 45 23 55
493 21 272 4 23 49
493 22 304 2 21 50
493 23 214 10 22 61
493 24 239 19 24 49
493 25 275 17 27 55
493 26 256 22 20 52
494 1 197 80 35 60
494 2 180 69 24 64
494 14 622 18 18 26
494 15 665 -10 15 40
494 16 336 -10 18 23
494 6 -29 -27 28 45
494 17 627 11 24 41
494 18 542 26 17 55
494 19 555 43 22 58
494 20 407 45 28 53
494 21 272 4 23 49
494 22 305 2 21 50
494 23 214 10 22 61
494 24 237 19 24 49
494 25 275 17 27 55
494 26 258 22 18 52
495 1 198 80 35 60
495 2 181 69 24 63
495 14 622 18 18 26
495 15 665 -10 15 40
495 16 336 -10 18 23
495 6 -29 -27 28 45
495 17 631 11 22 40
495 18 541 26 17 56
495 19 552 42 25 57
495 20 406 45 28 53
495 21 273 4 23 49
495 22 303 2 24 51
495 23 214 14 22 62
495 24 237 18 24 50
495 25 275 17 27 55
495 26 258 22 18 52
496 1 198 79 33 60
496 2 182 69 24 63
496 14 622 18 18 26
496 15 665 -10 15 40
496 16 336 -10 18 23
496 6 -28 -28 28 45
496 17 631 11 25 39
496 18 541 26 21 56
496 19 551 41 25 57
496 20 405 45 28 52
496 21 273 4 22 49
496 22 303 2 24 51
496 23 213 19 22 61
496 24 237 18 24 50
496 25 276 17 27 55
496 26 258 22 18 52
497 1 199 79 33 60
497 2 183 69 24 65
497 14 622 18 18 26
497 16 336 -10 18 23
497 6 -28 -27 28 45
497 17 631 11 25 39
497 18 541 26 21 55
497 19 545 40 29 59
497 20 404 45 27 53
497 21 273 4 22 49
497 22 303 2 24 51
497 23 213 20 21 60
497 24 238 17 25 51
497 25 280 17 22 53
497 26 258 22 18 52
498 1 199 79 33 59
498 2 184 68 24 65
498 14 622 18 18 26
498 16 336 -10 18 23
498 6 -28 -28 28 45
498 17 636 10 21 41
498 18 541 26 21 53
498 19 544 40 29 59
498 20 407 44 21 53
498 21 272 4 23 52
498 22 303 2 24 51
498 23 213 21 23 59
498 24 238 17 25 51
498 25 280 17 22 53
498 26 258 22 18 52
499 1 200 78 33 60
499 2 185 68 24 65
499 14 618 19 22 25
499 16 336 -10 18 23
499 6 -25 -28 25 46
499 17 637 10 21 41
499 18 541 26 21 53
499 19 539 42 29 57
499 20 406 44 21 53
499 21 272 4 23 52
499 22 303 2 24 51
499 23 213 21 23 59
499 24 238 17 25 51
499 25 281 17 22 53
499 26 258 22 18 52
500 1 199 78 33 61
500 2 185 68 25 65
500 14 618 19 22 25
500 16 336 -10 18 23
500 6 -25 -27 25 45
500 17 637 10 21 41
500 18 541 26 21 53
500 19 539 42 29 57
500 20 406 44 21 53
500 21 272 4 23 52
500 22 303 2 23 51
500 23 213 21 23 59
500 24 238 17 25 51
500 25 281 17 22 53
500 26 258 22 18 52
501 1 202 77 35 59
501 2 185 67 25 66
501 14 618 19 22 25
501 16 336 -10 18 23
501 6 -25 -27 25 45
501 17 637 10 21 41
501 18 542 26 20 52
501 19 538 43 28 53
501 20 405 44 21 53
501 21 272 4 23 53
501 22 303 2 23 51
501 23 213 21 23 59
501 24 240 17 22 51
501 25 281 17 22 53
501 26 258 22 18 52
502 1 203 77 35 59
502 2 186 68 23 61
502 14 618 19 22 25
502 16 336 -10 18 23
502 6 -24 -26 24 45
502 17 640 11 21 41
502 18 541 26 20 52
502 19 537 43 29 54
502 20 402 41 23 55
502 21 273 4 22 53
502 22 303 2 23 51
502 23 214 21 23 59
502 24 240 17 22 51
502 25 283 17 20 52
502 26 258 22 18 52
503 1 203 77 31 57
503 2 187 66 25 66
503 14 618 19 22 25
503 16 336 -10 18 23
503 6 -24 -26 24 45
503 17 641 11 21 40
503 18 542 26 20 52
503 19 537 43 21 51
503 20 401 42 23 54
503 21 273 4 22 53
503 22 303 2 23 51
503 23 214 20 23 59
503 24 240 17 22 51
503 25 283 17 20 52
503 26 258 22 18 52
504 1 204 77 31 57
504 2 188 66 24 64
504 14 618 19 22 25
504 16 336 -11 18 23
504 6 -23 -26 24 45
504 17 642 11 21 40
504 18 542 26 20 52
504 19 532 42 20 54
504 20 400 42 23 54
504 21 273 4 22 53
504 22 302 2 23 51
504 23 214 20 23 60
504 24 240 17 22 51
504 25 283 17 20 52
504 26 258 22 18 52
505 1 204 76 31 58
505 2 188 66 25 65
505 14 618 19 22 25
505 16 336 -11 18 23
505 6 -23 -26 24 43
505 17 644 11 19 39
505 18 542 26 20 52
505 19 529 41 22 55
505 20 400 42 23 54
505 21 273 4 22 53
505 22 302 2 23 51
505 23 214 20 23 60
505 24 241 17 22 51
505 25 283 17 20 52
505 26 258 22 18 52
506 1 204 76 31 58
506 2 188 66 26 61
506 14 618 19 22 25
506 16 336 -11 18 23
506 6 -23 -26 24 43
506 17 644 11 19 39
506 18 542 26 20 52
506 19 529 41 22 55
506 20 395 42 25 55
506 21 273 4 22 53
506 22 302 2 23 51
506 23 214 20 23 60
506 24 241 17 22 51
506 25 283 17 20 52
506 26 258 22 18 52
507 1 205 76 31 57
507 2 189 65 26 62
507 14 618 19 22 25
507 16 336 -11 18 23
507 6 -23 -26 24 43
507 17 645 12 21 39
507 18 542 26 20 52
507 19 524 39 25 57
507 20 394 42 25 55
507 21 273 4 22 53
507 22 303 2 23 51
507 23 217 21 22 58
507 24 241 17 22 51
507 25 283 17 20 52
507 26 258 22 18 52
508 1 206 76 31 58
508 2 189 65 26 62
508 14 618 19 22 25
508 16 336 -11 18 23
508 6 -23 -26 24 43
508 17 646 13 20 38
508 18 542 26 20 52
508 19 519 38 30 58
508 20 391 42 30 54
508 21 272 4 22 53
508 22 300 2 23 52
508 23 215 21 23 59
508 24 241 17 22 51
508 25 283 17 20 52
508 26 258 22 18 52
509 1 206 76 32 59
509 2 190 65 26 62
509 14 618 19 22 25
509 16 336 -11 18 23
509 6 -21 -25 22 44
509 17 646 13 20 38
509 18 543 26 20 51
509 19 514 38 33 56
509 20 390 42 30 54
509 21 272 4 22 53
509 22 300 2 23 52
509 23 215 21 26 55
509 24 241 17 22 50
509 25 283 16 18 51
509 26 258 22 18 52
510 1 208 76 32 60
510 2 192 65 25 62
510 14 618 19 22 25
510 16 336 -11 18 23
510 6 -21 -25 24 44
510 17 647 13 20 38
510 18 541 26 22 53
510 19 512 38 33 56
510 20 391 42 29 53
510 21 272 4 22 53
510 22 300 2 23 52
510 23 215 22 26 55
510 24 241 17 22 50
510 25 283 16 18 51
510 26 258 22 18 52
511 1 209 75 31 58
511 2 193 64 25 61
511 14 618 19 22 25
511 16 336 -11 18 23
511 6 -21 -25 24 45
511 17 648 14 19 37
511 18 541 26 22 53
511 19 509 40 31 54
511 20 390 42 29 53
511 21 272 4 22 53
511 22 299 2 23 52
511 23 217 22 25 54
511 24 241 17 22 50
511 25 283 16 18 51
511 26 259 22 18 52
512 1 209 75 31 57
512 2 195 64 25 62
512 14 618 19 22 25
512 16 336 -11 18 23
512 6 -21 -25 24 44
512 17 648 14 19 37
512 18 541 26 22 53
512 19 509 40 31 54
512 20 390 42 29 53
512 21 272 4 22 53
512 22 299 2 23 52
512 23 217 22 25 54
512 24 241 17 21 50
512 25 283 16 18 51
512 26 259 22 18 52
513 1 211 75 30 55
513 2 196 64 25 62
513 14 618 19 22 25
513 16 336 -11 18 23
513 6 -21 -25 24 45
513 17 648 15 19 37
513 18 541 26 22 53
513 19 509 38 27 55
513 20 389 42 28 51
513 21 272 4 22 53
513 22 299 3 23 52
513 23 217 22 25 54
513 24 241 17 21 50
513 25 283 16 18 51
513 26 259 22 18 52
514 1 211 75 30 56
514 2 197 64 25 61
514 14 618 19 22 25
514 16 336 -11 18 23
514 6 -21 -25 24 45
514 17 649 15 19 36
514 18 541 26 22 53
514 19 507 39 26 52
514 20 390 42 24 54
514 21 272 4 22 53
514 22 299 3 23 52
514 23 217 22 25 56
514 24 241 17 21 50
514 25 283 16 22 52
514 26 259 22 18 52
515 1 212 75 30 55
515 2 198 64 25 62
515 14 618 19 22 25
515 16 336 -11 18 23
515 6 -20 -24 24 44
515 17 649 18 21 33
515 18 542 26 22 53
515 19 502 34 29 56
515 20 389 42 24 53
515 21 272 4 22 53
515 22 298 3 23 52
515 23 217 22 25 55
515 24 241 17 21 50
515 25 283 16 22 52
515 26 259 22 18 52
516 1 213 74 30 55
516 2 199 64 25 62
516 14 618 19 22 25
516 16 336 -11 18 23
516 6 -20 -24 24 44
516 17 650 19 18 33
516 18 542 25 22 53
516 19 500 31 30 58
516 20 388 42 20 54
516 21 272 4 22 53
516 22 298 3 23 52
516 23 217 21 25 56
516 24 241 17 21 50
516 25 283 16 22 52
516 26 259 22 18 52
517 1 213 74 30 56
517 2 197 63 28 64
517 14 618 19 22 25
517 16 336 -11 16 23
517 6 -18 -24 23 43
517 17 650 20 17 31
517 18 542 25 22 53
517 19 494 27 31 66
517 20 387 42 20 54
517 21 271 4 21 52
517 22 297 3 23 52
517 23 218 21 26 56
517 24 241 17 21 50
517 25 283 16 22 52
517 26 259 20 18 54
518 1 213 74 30 56
518 2 197 63 28 64
518 14 618 19 22 25
518 16 336 -11 16 23
518 6 -18 -24 23 43
518 17 650 20 17 31
518 18 542 25 22 53
518 19 494 27 31 66
518 20 387 42 20 54
518 21 271 4 21 52
518 22 297 3 23 52
518 23 217 21 25 55
518 24 241 18 23 49
518 25 283 16 22 52
518 26 259 20 18 54
519 1 213 73 31 56
519 2 198 63 29 64
519 14 618 19 22 25
519 16 336 -11 16 23
519 6 -20 -26 24 45
519 17 651 21 17 31
519 18 542 25 22 54
519 19 492 25 32 67
519 20 385 42 20 53
519 21 271 4 21 52
519 22 297 3 23 52
519 23 217 21 25 56
519 24 241 18 23 49
519 25 283 16 22 52
519 26 259 20 18 54
520 1 214 73 31 56
520 2 199 63 27 63
520 14 618 19 22 25
520 16 336 -11 16 23
520 6 -18 -26 23 46
520 17 651 23 16 29
520 18 542 24 23 55
520 19 489 23 32 68
520 20 382 42 23 54
520 21 271 4 21 52
520 22 296 3 23 52
520 23 217 21 25 55
520 24 241 18 23 49
520 25 285 16 20 53
520 26 259 20 18 54
521 1 214 72 31 57
521 2 201 63 28 61
521 14 618 19 22 25
521 16 336 -11 18 23
521 6 -18 -26 23 45
521 17 654 22 17 31
521 18 542 25 22 53
521 19 488 23 31 66
521 20 381 42 23 54
521 21 271 4 21 52
521 22 296 3 23 52
521 23 217 21 25 55
521 24 241 18 23 49
521 25 285 16 20 53
521 26 259 20 18 54
522 1 215 71 33 59
522 2 204 62 24 61
522 14 618 19 22 25
522 16 336 -11 16 23
522 6 -17 -25 23 44
522 17 654 22 13 31
522 18 542 26 22 53
522 19 486 22 31 64
522 20 377 42 26 53
522 21 271 4 21 52
522 22 296 3 23 52
522 23 217 21 25 55
522 24 244 17 22 50
522 25 285 16 20 53
522 26 259 20 18 54
523 1 215 71 33 59
523 2 205 62 25 61
523 14 618 18 22 25
523 16 336 -11 18 23
523 6 -17 -25 23 44
523 17 654 22 13 31
523 18 543 26 22 53
523 19 484 22 31 65
523 20 376 42 26 53
523 21 271 4 21 52
523 22 296 3 23 52
523 23 216 20 27 56
523 24 244 17 22 50
523 25 285 16 20 53
523 26 259 19 19 54
524 1 215 71 33 59
524 2 205 62 25 61
524 14 618 18 22 25
524 16 336 -11 18 23
524 6 -17 -25 24 44
524 17 654 22 13 31
524 18 543 26 22 53
524 19 484 22 31 65
524 20 376 42 26 53
524 21 271 4 21 52
524 22 296 3 23 52
524 23 216 20 27 56
524 24 244 17 22 50
524 25 285 16 20 53
524 26 259 19 19 54
525 1 216 71 33 60
525 2 205 61 25 61
525 14 618 18 22 25
525 16 336 -11 18 23
525 6 -17 -25 24 44
525 17 654 22 17 31
525 18 543 26 22 53
525 19 483 22 30 64
525 20 375 42 26 53
525 21 271 4 21 51
525 22 294 3 22 52
525 23 216 20 27 57
525 24 244 17 22 50
525 25 285 16 20 53
525 26 259 19 19 55
526 1 218 71 32 60
526 2 206 61 25 61
526 14 618 18 22 25
526 16 336 -11 18 23
526 6 -17 -25 24 44
526 17 654 22 13 30
526 18 543 26 22 53
526 19 480 21 29 64
526 20 373 42 26 53
526 21 271 4 21 51
526 22 295 3 23 51
526 23 215 20 27 57
526 24 244 17 22 50
526 25 286 16 21 50
526 26 259 19 18 54
527 1 219 70 32 60
527 2 207 61 25 61
527 14 618 18 22 25
527 16 336 -11 16 23
527 6 -16 -25 25 44
527 17 652 22 12 29
527 18 543 25 22 55
527 19 483 22 23 64
527 20 373 41 27 54
527 21 271 4 21 51
527 22 295 3 23 51
527 23 216 20 26 56
527 24 244 17 22 50
527 25 286 16 21 50
527 26 259 19 19 55
528 1 219 70 32 58
528 2 208 61 25 60
528 14 618 18 22 25
528 16 336 -11 16 23
528 6 -16 -25 25 44
528 17 652 21 16 31
528 18 543 25 22 55
528 19 482 23 23 64
528 20 371 41 26 52
528 21 271 4 21 51
528 22 295 3 23 51
528 23 215 20 27 57
528 24 244 17 22 50
528 25 286 16 21 50
528 26 259 19 18 54
529 1 221 69 32 59
529 2 209 61 25 60
529 14 618 18 22 25
529 16 336 -11 16 23
529 6 -16 -25 25 44
529 17 651 20 15 32
529 18 543 25 22 55
529 19 478 26 24 62
529 20 374 41 20 51
529 21 271 5 21 51
529 22 295 3 19 53
529 23 215 20 27 58
529 24 244 17 22 50
529 25 286 16 21 50
529 26 259 19 18 54
530 1 221 69 31 59
530 2 209 60 25 62
530 14 618 18 22 25
530 16 336 -11 16 23
530 6 -16 -25 25 44
530 17 651 20 15 32
530 18 543 25 22 55
530 19 478 27 26 63
530 20 374 41 20 51
530 21 271 5 21 51
530 22 295 3 19 53
530 23 215 20 27 58
530 24 244 17 22 50
530 25 286 16 21 50
530 26 259 19 18 54
531 1 222 69 31 59
531 2 210 60 25 62
531 14 618 18 22 25
531 16 336 -11 16 23
531 6 -16 -25 25 44
531 17 651 19 16 32
531 18 543 25 22 55
531 19 477 28 26 62
531 20 373 41 20 51
531 21 271 5 21 51
531 22 295 3 19 53
531 23 216 20 27 57
531 24 241 16 23 50
531 25 286 17 21 49
531 26 259 19 18 54
532 1 222 69 31 59
532 2 211 59 26 63
532 14 618 18 22 25
532 16 336 -11 16 23
532 6 -16 -25 25 44
532 17 650 18 16 34
532 18 543 25 22 55
532 19 476 26 25 63
532 20 372 38 22 57
532 21 271 5 21 51
532 22 294 3 19 53
532 23 215 20 26 56
532 24 241 16 23 50
532 25 286 17 21 49
532 26 259 19 18 54
533 1 224 69 30 57
533 2 212 60 22 60
533 14 618 18 22 25
533 16 336 -11 16 23
533 6 -16 -25 25 44
533 17 650 17 17 34
533 18 543 25 22 55
533 19 475 26 25 62
533 20 371 38 22 57
533 21 271 5 21 51
533 22 294 4 19 52
533 23 216 20 26 55
533 24 241 16 23 50
533 25 285 17 20 49
533 26 259 19 18 54
534 1 223 67 33 63
534 2 213 59 22 60
534 14 618 18 22 25
534 16 336 -11 16 23
534 6 -14 -25 24 44
534 17 649 17 17 35
534 18 543 25 22 55
534 19 474 26 25 62
534 20 370 38 22 58
534 21 271 5 20 51
534 22 294 4 19 52
534 23 216 20 26 55
534 24 241 16 23 50
534 25 285 17 20 49
534 26 259 20 18 54
535 1 224 67 33 63
535 2 213 59 22 61
535 14 618 18 22 25
535 16 336 -11 16 23
535 6 -21 -26 31 45
535 17 649 16 17 35
535 18 543 25 22 55
535 19 472 26 23 62
535 20 362 38 29 58
535 21 271 5 20 51
535 22 294 4 19 52
535 23 218 21 24 54
535 24 241 16 23 50
535 25 285 17 20 48
535 26 258 19 18 54
536 1 224 66 34 60
536 2 213 59 22 61
536 14 618 18 22 25
536 16 336 -11 16 23
536 6 -20 -26 30 45
536 17 649 16 17 35
536 18 543 25 22 55
536 19 472 25 24 62
536 20 362 38 29 58
536 21 271 5 20 51
536 22 294 4 19 52
536 23 218 20 25 55
536 24 241 16 21 50
536 25 285 17 20 49
536 26 259 20 18 54
537 1 225 66 34 60
537 2 214 59 22 59
537 14 618 18 22 25
537 16 336 -11 16 23
537 6 -20 -26 30 45
537 17 648 15 18 36
537 18 543 25 22 55
537 19 470 24 24 64
537 20 360 39 31 52
537 21 271 5 20 51
537 22 294 4 19 52
537 23 218 21 25 55
537 24 241 16 21 50
537 25 285 17 20 48
537 26 259 20 18 53
538 1 225 66 34 60
538 2 215 59 22 60
538 14 618 18 22 25
538 16 336 -11 16 23
538 6 -24 -26 34 45
538 17 648 15 16 36
538 18 543 25 22 55
538 19 468 22 25 65
538 20 358 39 32 55
538 21 271 5 20 51
538 22 293 4 19 52
538 23 218 21 25 55
538 24 241 16 21 50
538 25 285 19 20 47
538 26 259 20 18 53
539 1 226 65 34 60
539 2 215 58 22 60
539 14 618 18 22 25
539 16 336 -11 16 23
539 6 -24 -26 34 45
539 17 647 15 16 36
539 18 543 25 22 55
539 19 466 27 26 62
539 20 357 39 32 55
539 21 272 5 20 51
539 22 293 4 19 52
539 23 218 21 25 54
539 24 241 16 21 50
539 25 284 19 20 47
539 26 259 19 18 54
540 1 228 66 32 57
540 2 216 58 22 59
540 14 618 18 22 25
540 16 336 -11 16 23
540 6 -24 -26 34 45
540 17 646 15 17 36
540 18 543 25 22 55
540 19 465 27 26 62
540 20 355 39 31 55
540 21 272 5 20 51
540 22 293 6 18 50
540 23 218 21 22 54
540 24 241 16 21 50
540 25 284 17 20 48
540 26 259 20 18 53
541 1 227 65 34 60
541 2 217 58 25 59
541 14 618 18 22 25
541 16 336 -11 16 23
541 6 -24 -26 34 45
541 17 644 14 18 39
541 18 543 25 22 55
541 19 462 28 27 62
541 20 357 41 28 52
541 21 272 5 21 51
541 22 292 4 19 52
541 23 218 21 22 54
541 24 241 16 21 50
541 25 284 19 19 48
541 26 259 20 18 54
542 1 228 66 32 58
542 2 217 58 25 59
542 14 618 18 22 25
542 16 336 -11 16 23
542 6 -25 -27 35 46
542 17 644 14 18 39
542 18 543 25 22 55
542 19 460 28 29 62
542 20 357 41 28 52
542 21 272 5 21 51
542 22 292 4 19 52
542 23 218 21 22 54
542 24 241 16 21 50
542 25 284 19 19 48
542 26 259 20 18 54
543 1 229 66 32 58
543 2 218 58 25 59
543 14 618 18 22 25
543 16 336 -11 16 23
543 6 -25 -27 35 46
543 17 643 15 19 39
543 18 543 25 22 55
543 19 459 29 29 61
543 20 356 41 28 52
543 21 272 4 21 51
543 22 291 4 19 52
543 23 218 21 22 52
543 24 241 16 21 50
543 25 284 19 19 48
543 26 258 19 18 54
544 1 229 66 32 58
544 2 218 58 25 58
544 14 618 18 22 25
544 16 336 -11 16 23
544 6 -28 -27 38 46
544 17 642 14 16 39
544 18 543 25 22 55
544 19 458 31 28 60
544 20 355 41 28 52
544 21 272 4 21 51
544 22 291 4 19 52
544 23 217 22 22 53
544 24 241 16 21 50
544 25 284 19 19 48
544 26 258 19 19 55
545 1 230 66 32 58
545 2 219 57 25 60
545 14 618 18 22 25
545 16 336 -11 16 23
545 6 -28 -27 38 46
545 17 641 14 16 39
545 18 542 25 22 55
545 19 459 34 26 57
545 20 355 40 26 54
545 21 272 4 21 51
545 22 290 6 18 51
545 23 215 22 22 51
545 24 241 16 21 50
545 25 284 19 19 48
545 26 258 19 18 54
546 1 233 67 30 57
546 2 220 57 25 60
546 14 618 18 22 25
546 16 336 -11 16 23
546 6 -28 -27 38 46
546 17 638 13 16 39
546 18 542 25 22 55
546 19 458 34 26 57
546 20 354 40 26 54
546 21 272 3 21 52
546 22 291 6 18 50
546 23 215 22 22 51
546 24 241 16 21 50
546 25 282 19 16 46
546 26 258 20 18 54
547 1 234 67 30 57
547 2 221 56 25 60
547 14 618 18 22 25
547 16 336 -11 16 23
547 6 -29 -27 38 46
547 17 637 14 17 39
547 18 542 25 22 55
547 19 459 35 23 54
547 20 353 40 26 55
547 21 272 4 21 51
547 22 290 4 19 52
547 23 214 22 22 51
547 24 241 16 21 50
547 25 282 19 16 46
547 26 258 18 19 56
548 1 234 67 30 57
548 2 221 57 25 59
548 14 618 18 22 25
548 16 336 -11 16 23
548 6 -29 -27 38 46
548 17 636 14 16 38
548 18 542 25 22 55
548 19 459 35 23 54
548 20 353 40 21 55
548 21 272 4 21 51
548 22 289 4 19 53
548 23 214 22 22 51
548 24 241 16 21 50
548 25 282 19 16 46
548 26 258 20 18 53
549 1 234 66 31 57
549 2 223 56 25 59
549 14 618 18 22 25
549 16 336 -11 16 23
549 6 -29 -27 38 46
549 17 635 13 16 38
549 18 542 25 22 55
549 19 458 34 23 54
549 20 352 40 21 55
549 21 272 4 21 51
549 22 291 4 17 51
549 23 215 21 21 55
549 24 241 16 21 50
549 25 281 19 16 44
549 26 258 19 18 54
550 1 235 66 31 57
550 2 223 56 25 60
550 14 618 18 22 25
550 16 336 -11 16 23
550 6 -29 -27 38 46
550 17 633 13 16 38
550 18 541 25 22 58
550 19 457 34 23 54
550 20 351 40 21 55
550 21 272 3 21 53
550 22 291 4 17 51
550 23 214 21 21 56
550 24 240 17 19 49
550 25 281 19 16 46
550 26 257 20 18 54
551 1 235 66 31 57
551 2 224 55 25 60
551 14 618 18 22 25
551 16 336 -11 16 23
551 6 -25 -25 34 44
551 17 631 13 17 41
551 18 541 25 22 58
551 19 456 33 23 55
551 20 342 40 29 55
551 21 272 3 21 53
551 22 291 4 17 51
551 23 214 20 21 54
551 24 240 17 19 48
551 25 281 19 16 46
551 26 257 18 20 57
552 1 239 66 32 56
552 2 225 55 25 59
552 14 618 18 22 25
552 16 336 -11 16 23
552 6 -24 -25 33 44
552 17 628 13 17 41
552 18 541 25 22 58
552 19 455 32 24 55
552 20 341 40 29 55
552 21 272 3 21 53
552 22 290 4 17 51
552 23 214 20 22 57
552 24 240 16 21 50
552 25 277 17 18 48
552 26 257 20 18 54
553 1 240 66 32 56
553 2 229 56 23 57
553 14 618 18 22 26
553 16 336 -11 16 23
553 6 -24 -25 33 44
553 17 628 13 17 42
553 18 541 25 22 58
553 19 455 33 23 54
553 20 340 40 29 55
553 21 272 3 21 52
553 22 290 4 17 51
553 23 211 18 22 59
553 24 240 16 23 50
553 25 277 17 18 48
553 26 257 18 19 56
554 1 240 66 32 56
554 2 224 56 26 58
554 14 618 18 22 26
554 16 336 -11 16 23
554 6 -24 -25 33 44
554 17 628 13 17 42
554 18 541 25 22 58
554 19 455 33 23 54
554 20 340 40 29 55
554 21 272 3 21 52
554 22 290 4 17 51
554 23 211 18 22 59
554 24 240 16 23 50
554 25 277 17 18 48
554 26 257 19 19 56
555 1 240 66 32 56
555 2 224 56 26 58
555 14 619 15 23 28
555 16 336 -11 16 23
555 6 -24 -25 33 44
555 17 627 13 17 42
555 18 540 25 22 58
555 19 454 33 23 55
555 20 338 40 33 53
555 21 272 3 21 52
555 22 290 4 17 51
555 23 212 19 22 56
555 24 240 16 23 50
555 25 277 17 18 48
555 26 257 19 19 56
556 1 240 62 33 60
556 2 225 56 26 58
556 14 618 18 22 25
556 16 336 -11 16 23
556 6 -25 -24 33 44
556 17 626 13 17 41
556 18 540 25 22 58
556 19 447 33 28 53
556 20 337 40 33 53
556 21 272 3 21 52
556 22 290 4 17 51
556 23 208 18 26 59
556 24 240 16 23 50
556 25 276 17 18 47
556 26 256 19 19 56
557 1 241 62 33 60
557 2 227 55 25 59
557 14 618 18 22 25
557 16 336 -11 16 23
557 6 -25 -24 35 46
557 17 625 14 17 40
557 18 540 25 22 58
557 19 446 33 28 53
557 20 336 40 32 51
557 21 272 3 21 52
557 22 290 4 17 51
557 23 207 18 26 59
557 24 240 16 23 50
557 25 276 17 18 47
557 26 256 19 19 56
558 1 239 63 33 59
558 2 228 55 25 59
558 14 619 15 23 28
558 16 336 -11 16 23
558 6 -25 -24 35 46
558 17 625 14 17 40
558 18 540 25 22 58
558 19 446 34 28 52
558 20 336 40 28 52
558 21 271 3 21 52
558 22 290 4 17 51
558 23 206 18 26 59
558 24 240 16 23 50
558 25 272 17 21 45
558 26 256 19 19 56
559 1 240 63 33 59
559 2 229 55 25 59
559 14 617 16 22 26
559 16 336 -11 16 23
559 6 -25 -24 35 46
559 17 621 16 17 40
559 18 540 25 22 58
559 19 445 34 28 52
559 20 337 40 24 53
559 21 271 3 21 52
559 22 290 4 17 51
559 23 206 18 26 60
559 24 240 16 23 50
559 25 272 17 21 45
559 26 256 19 19 56
560 1 240 63 33 59
560 2 226 54 28 61
560 14 621 16 20 28
560 16 336 -11 16 23
560 6 -22 -24 32 46
560 17 621 16 17 40
560 18 540 25 22 58
560 19 446 34 28 52
560 20 337 40 22 51
560 21 271 3 21 52
560 22 290 4 17 51
560 23 206 18 26 60
560 24 240 16 23 50
560 25 272 17 21 45
560 26 256 19 19 56
561 1 240 63 33 59
561 2 228 54 27 61
561 14 620 16 20 29
561 16 336 -11 16 23
561 6 -22 -24 32 46
561 17 620 16 17 40
561 18 540 25 22 57
561 19 448 32 24 54
561 20 336 40 22 51
561 21 271 3 21 52
561 22 290 4 17 51
561 23 204 18 26 58
561 24 240 16 23 50
561 25 272 17 21 45
561 26 256 19 19 55
562 1 243 62 31 59
562 2 228 54 27 61
562 14 620 16 21 30
562 16 336 -11 16 23
562 6 -22 -24 32 46
562 17 616 17 17 41
562 18 540 25 22 57
562 19 448 32 24 54
562 20 335 40 22 51
562 21 271 3 21 52
562 22 290 4 17 51
562 23 204 19 26 57
562 24 240 16 23 50
562 25 272 17 21 45
562 26 256 19 19 55
563 1 244 62 31 59
563 2 229 53 27 62
563 14 621 16 21 27
563 16 336 -11 16 23
563 6 -22 -24 31 42
563 17 615 17 17 42
563 18 540 25 22 57
563 19 446 32 25 54
563 20 334 40 22 51
563 21 271 3 21 52
563 22 290 4 17 51
563 23 203 19 25 56
563 24 240 16 23 50
563 25 272 17 21 45
563 26 256 19 19 55
564 1 244 61 31 59
564 2 230 53 27 62
564 14 620 16 21 28
564 16 336 -11 16 23
564 6 -22 -24 31 42
564 17 614 16 18 42
564 18 539 25 21 57
564 19 446 32 25 54
564 20 333 40 22 51
564 21 271 3 21 53
564 22 290 4 17 51
564 23 202 19 31 54
564 24 240 16 23 50
564 25 271 17 21 44
564 26 256 19 19 55
565 1 247 59 31 56
565 2 234 53 24 59
565 14 621 16 21 27
565 16 336 -11 16 23
565 6 -22 -24 31 42
565 17 610 16 16 39
565 18 539 25 21 57
565 19 442 32 29 53
565 20 328 38 26 54
565 21 271 3 21 53
565 22 291 4 19 51
565 23 201 19 31 54
565 24 240 16 23 50
565 25 271 17 21 45
565 26 256 19 19 55
566 1 247 59 31 56
566 2 235 53 23 59
566 14 621 16 21 27
566 16 336 -11 16 23
566 6 -22 -24 31 42
566 17 610 16 16 39
566 18 539 25 21 57
566 19 442 32 29 53
566 20 328 38 26 54
566 21 271 3 21 53
566 22 291 4 19 51
566 23 201 19 31 54
566 24 240 16 23 50
566 25 271 17 21 45
566 26 256 19 19 55
567 1 248 59 31 56
567 2 236 53 23 59
567 14 621 16 21 27
567 16 336 -11 16 23
567 6 -22 -24 28 43
567 17 609 16 16 39
567 18 539 26 21 57
567 19 442 32 29 53
567 20 324 38 31 53
567 21 270 3 21 53
567 22 291 4 19 51
567 23 201 19 31 53
567 24 240 16 23 50
567 25 270 17 21 44
567 26 256 19 19 55
568 1 248 59 31 56
568 2 237 53 23 59
568 14 621 16 21 27
568 16 336 -11 16 23
568 6 -22 -24 28 43
568 17 607 15 16 39
568 18 539 26 20 57
568 19 442 32 29 53
568 20 323 38 31 53
568 21 270 3 21 53
568 22 291 4 19 51
568 23 200 19 31 53
568 24 240 16 23 50
568 25 271 16 21 46
568 26 257 19 19 55
569 1 250 59 29 52
569 2 237 53 23 59
569 14 621 16 21 27
569 16 336 -11 16 23
569 6 -27 -28 33 47
569 17 606 15 15 39
569 18 539 26 21 57
569 19 442 32 29 53
569 20 322 38 31 53
569 21 270 3 23 53
569 22 291 4 19 51
569 23 201 20 27 53
569 24 240 16 23 50
569 25 271 16 18 45
569 26 257 20 18 54
570 1 250 59 29 53
570 2 238 53 23 59
570 14 621 16 19 32
570 16 336 -11 16 23
570 6 -27 -27 33 46
570 17 602 17 20 39
570 18 539 27 21 57
570 19 442 33 28 52
570 20 320 38 31 53
570 21 272 3 21 53
570 22 291 4 19 51
570 23 200 20 27 53
570 24 240 16 23 50
570 25 271 16 18 45
570 26 257 20 18 54
571 1 251 58 30 58
571 2 239 53 23 59
571 14 619 16 21 29
571 16 336 -11 16 23
571 6 -27 -27 33 46
571 17 600 17 20 39
571 18 539 27 20 56
571 19 443 33 31 55
571 20 322 39 28 52
571 21 271 3 21 53
571 22 292 4 19 51
571 23 199 20 27 53
571 24 240 16 23 50
571 25 270 16 18 45
571 26 257 20 18 54
572 1 251 58 30 58
572 2 242 53 20 57
572 14 619 16 21 29
572 16 336 -11 16 23
572 6 -27 -27 33 46
572 17 600 17 20 39
572 18 539 27 20 57
572 19 445 33 29 55
572 20 322 39 28 52
572 21 271 3 21 53
572 22 292 4 19 51
572 23 200 20 27 52
572 24 240 16 23 50
572 25 270 16 18 45
572 26 257 20 18 54
573 1 252 58 30 58
573 2 243 53 20 57
573 14 619 16 21 29
573 16 336 -11 16 23
573 6 -27 -27 33 46
573 17 597 18 21 39
573 18 538 26 21 59
573 19 445 33 29 55
573 20 321 39 28 52
573 21 271 3 21 53
573 22 292 4 19 52
573 23 200 20 26 52
573 24 240 16 23 50
573 25 270 16 18 45
573 26 257 24 21 51
574 1 252 58 30 58
574 2 243 53 20 56
574 14 619 16 21 29
574 16 336 -11 16 23
574 6 -28 -27 34 46
574 17 596 19 20 39
574 18 538 27 21 59
574 19 445 33 29 55
574 20 320 39 28 52
574 21 271 3 21 53
574 22 292 3 19 52
574 23 199 20 27 52
574 24 240 16 23 50
574 25 270 16 18 45
574 26 257 20 18 53
575 1 253 58 30 58
575 2 245 53 20 56
575 14 619 16 21 29
575 16 336 -11 16 23
575 6 -28 -27 34 46
575 17 595 21 20 37
575 18 539 27 21 57
575 19 445 33 29 55
575 20 320 37 21 55
575 21 271 3 21 54
575 22 292 3 19 52
575 23 198 20 24 53
575 24 240 16 23 50
575 25 270 16 18 45
575 26 258 20 18 53
576 1 254 58 30 57
576 2 245 52 20 58
576 14 619 16 21 29
576 16 336 -11 16 23
576 6 -28 -27 34 46
576 17 593 21 21 37
576 18 539 31 19 53
576 19 446 34 29 55
576 20 319 37 21 55
576 21 270 3 21 54
576 22 292 3 19 52
576 23 197 20 24 53
576 24 240 16 23 50
576 25 268 16 20 45
576 26 257 20 18 53
577 1 255 57 30 58
577 2 244 52 23 58
577 14 619 16 21 29
577 16 336 -11 16 23
577 6 -28 -27 34 46
577 17 592 21 21 37
577 18 538 27 21 59
577 19 446 34 29 55
577 20 316 37 22 54
577 21 270 3 21 54
577 22 292 3 19 51
577 23 197 20 24 53
577 24 240 16 23 50
577 25 268 16 20 45
577 26 257 20 18 53
578 1 255 57 30 58
578 2 244 52 23 58
578 14 619 16 21 29
578 16 336 -11 16 23
578 6 -28 -27 34 46
578 17 592 21 15 39
578 18 539 26 21 59
578 19 446 34 29 55
578 20 318 37 21 54
578 21 270 3 21 54
578 22 292 3 19 51
578 23 197 20 24 53
578 24 240 16 20 49
578 25 268 16 20 45
578 26 257 20 18 53
579 1 256 57 30 58
579 2 245 52 23 58
579 14 619 16 21 29
579 16 336 -11 16 23
579 6 -24 -25 30 44
579 17 591 21 15 39
579 18 538 28 21 58
579 19 447 34 29 55
579 20 314 37 21 54
579 21 270 3 21 54
579 22 293 3 19 51
579 23 196 20 25 54
579 24 240 16 20 49
579 25 268 16 20 45
579 26 257 20 18 53
580 1 256 57 30 57
580 2 246 52 23 58
580 14 619 16 21 29
580 16 336 -11 16 23
580 6 -23 -29 29 48
580 17 590 21 15 39
580 18 539 29 20 55
580 19 447 34 29 55
580 20 311 37 26 54
580 21 270 3 21 54
580 22 293 3 19 51
580 23 196 20 24 54
580 24 240 16 20 49
580 25 268 16 20 45
580 26 257 20 18 53
581 1 260 56 27 57
581 2 248 51 23 57
581 14 619 16 21 29
581 16 336 -11 16 23
581 6 -23 -26 29 45
581 17 589 20 14 39
581 18 538 27 21 57
581 19 447 34 29 55
581 20 310 37 26 54
581 21 270 3 21 54
581 22 294 3 19 51
581 23 191 20 29 55
581 24 240 16 20 49
581 25 267 16 20 45
581 26 258 20 18 53
582 1 260 56 27 57
582 2 249 52 22 55
582 14 619 16 21 29
582 16 336 -11 16 23
582 6 -23 -26 29 45
582 17 588 20 14 40
582 18 538 26 21 59
582 19 449 34 28 55
582 20 308 37 26 54
582 21 268 3 22 56
582 22 294 3 19 51
582 23 190 20 29 55
582 24 240 16 20 49
582 25 267 16 20 45
582 26 258 20 18 52
583 1 261 56 27 57
583 2 250 53 21 53
583 14 619 16 21 29
583 16 336 -11 16 23
583 6 -23 -26 29 45
583 17 587 20 14 40
583 18 538 27 21 58
583 19 451 34 26 57
583 20 306 37 26 55
583 21 268 3 22 57
583 22 294 3 19 51
583 23 190 20 29 55
583 24 240 16 20 49
583 25 267 16 20 45
583 26 258 20 18 52
584 1 264 55 24 58
584 2 250 53 21 53
584 14 619 16 21 29
584 16 336 -11 16 23
584 6 -21 -26 27 45
584 17 587 20 14 40
584 18 538 28 21 57
584 19 451 34 26 57
584 20 306 37 26 55
584 21 270 2 22 53
584 22 294 3 19 51
584 23 190 20 29 55
584 24 240 16 20 49
584 25 267 16 20 45
584 26 258 20 18 52
585 1 264 55 24 58
585 2 252 50 23 57
585 14 619 16 21 29
585 16 336 -11 16 23
585 6 -21 -26 27 45
585 17 586 21 15 39
585 18 537 28 23 57
585 19 451 34 26 57
585 20 305 37 26 55
585 21 270 2 22 53
585 22 294 3 19 51
585 23 189 20 29 55
585 24 240 16 20 48
585 25 266 16 20 45
585 26 258 20 18 52
586 1 265 55 24 58
586 2 253 50 22 57
586 14 619 16 21 29
586 16 336 -11 16 23
586 6 -21 -26 27 45
586 17 583 20 19 45
586 18 535 30 25 54
586 19 452 34 26 57
586 20 304 37 26 54
586 21 270 2 22 53
586 22 295 3 19 51
586 23 190 20 27 55
586 24 240 16 20 48
586 25 264 16 21 46
586 26 258 19 18 52
587 1 265 55 24 58
587 2 254 50 23 57
587 14 619 16 21 29
587 16 336 -11 16 23
587 6 -21 -26 27 45
587 17 582 20 19 46
587 18 535 30 25 54
587 19 452 34 26 57
587 20 303 37 26 54
587 21 270 2 22 53
587 22 296 3 20 53
587 23 189 20 27 55
587 24 237 17 24 50
587 25 264 16 20 46
587 26 258 19 18 52
588 1 267 55 23 58
588 2 254 50 22 57
588 14 619 16 21 29
588 16 336 -11 16 23
588 6 -22 -28 28 47
588 17 580 19 19 44
588 18 535 30 24 55
588 19 455 35 23 58
588 20 302 37 26 53
588 21 270 2 22 53
588 22 296 2 20 53
588 23 188 20 26 54
588 24 237 17 24 50
588 25 266 16 19 44
588 26 259 19 18 52
589 1 268 55 23 58
589 2 254 50 23 57
589 14 619 16 21 29
589 16 336 -11 16 23
589 6 -21 -26 27 45
589 17 576 17 19 47
589 18 535 30 24 55
589 19 456 35 23 58
589 20 301 37 26 53
589 21 270 2 22 53
589 22 295 2 19 52
589 23 189 20 27 55
589 24 237 17 24 50
589 25 265 14 19 45
589 26 259 19 18 52
590 1 268 55 23 58
590 2 254 50 23 57
590 14 619 16 21 29
590 16 336 -11 16 23
590 6 -21 -26 27 45
590 17 576 17 19 47
590 18 535 30 24 55
590 19 456 35 23 58
590 20 301 37 23 52
590 21 269 2 23 53
590 22 295 2 19 52
590 23 189 20 23 53
590 24 237 17 22 50
590 25 265 14 19 45
590 26 259 19 18 52
591 1 268 54 23 58
591 2 255 50 23 57
591 14 619 16 21 29
591 16 336 -11 16 23
591 6 -21 -26 30 45
591 17 575 15 20 48
591 18 535 30 24 55
591 19 456 36 23 57
591 20 300 37 23 52
591 21 269 2 23 53
591 22 295 3 19 51
591 23 188 20 23 53
591 24 237 17 24 50
591 25 265 14 19 45
591 26 259 19 18 52
592 1 271 55 21 53
592 2 256 50 23 57
592 14 619 16 21 29
592 16 336 -11 16 23
592 6 -21 -26 30 45
592 17 573 12 21 51
592 18 535 30 24 55
592 19 456 36 23 58
592 20 299 36 23 53
592 21 269 2 23 53
592 22 296 3 19 51
592 23 187 20 23 53
592 24 237 17 24 50
592 25 265 14 19 45
592 26 259 19 18 52
593 1 270 54 22 56
593 2 257 49 23 58
593 14 619 16 21 29
593 16 336 -11 16 23
593 6 -21 -26 30 45
593 17 574 5 20 60
593 18 534 30 24 55
593 19 457 36 23 57
593 20 296 36 24 54
593 21 269 2 23 53
593 22 298 3 20 50
593 23 186 20 23 53
593 24 237 17 24 50
593 25 263 14 20 45
593 26 259 19 18 52
594 1 271 54 22 54
594 2 258 50 22 57
594 14 619 16 21 29
594 16 336 -11 16 23
594 6 -21 -26 33 46
594 17 573 4 20 60
594 18 534 30 24 55
594 19 457 37 22 57
594 20 297 36 23 53
594 21 269 2 23 53
594 22 296 2 19 52
594 23 185 20 22 51
594 24 237 17 24 50
594 25 265 14 19 45
594 26 259 19 18 52
595 1 272 53 22 55
595 2 259 50 22 57
595 14 619 16 21 29
595 16 336 -11 16 23
595 6 -21 -26 33 46
595 17 572 4 20 60
595 18 534 30 24 55
595 19 458 37 22 57
595 20 296 36 23 53
595 21 269 2 23 53
595 22 299 3 20 51
595 23 183 20 23 54
595 24 237 17 24 50
595 25 263 15 20 44
595 26 259 19 18 52
596 1 272 53 22 55
596 2 259 50 22 57
596 14 619 16 21 29
596 16 336 -11 16 23
596 6 -21 -26 33 46
596 17 569 3 23 61
596 18 534 30 24 55
596 19 459 38 23 56
596 20 296 36 23 53
596 21 269 2 23 53
596 22 297 7 21 47
596 23 183 20 23 54
596 24 237 17 24 50
596 25 263 15 20 44
596 26 258 19 18 52
597 1 272 53 23 55
597 2 259 49 22 58
597 14 619 16 21 29
597 16 336 -11 16 23
597 6 -21 -26 33 46
597 17 568 3 23 61
597 18 535 30 21 55
597 19 459 38 24 57
597 20 295 36 23 54
597 21 269 2 23 53
597 22 297 7 21 47
597 23 182 20 23 54
597 24 237 17 24 50
597 25 263 15 20 44
597 26 258 19 18 52
598 1 273 53 23 55
598 2 260 49 22 57
598 14 619 16 21 29
598 16 336 -11 16 23
598 6 -21 -26 31 48
598 17 567 3 22 60
598 18 535 30 21 55
598 19 459 38 24 58
598 20 293 36 22 53
598 21 271 2 21 53
598 22 298 7 21 47
598 23 182 20 26 55
598 24 237 17 24 50
598 25 263 15 20 44
598 26 258 19 18 52
599 1 273 53 23 55
599 2 261 51 21 54
599 14 619 16 21 29
599 16 336 -11 16 23
599 6 -21 -26 31 48
599 17 566 7 23 58
599 18 535 30 21 55
599 19 460 37 24 58
599 20 292 37 22 53
599 21 271 2 21 53
599 22 298 7 21 46
599 23 182 20 26 55
599 24 237 17 24 50
599 25 263 15 20 44
599 26 259 19 18 51
600 1 274 53 23 55
600 2 260 49 22 58
600 14 619 16 21 29
600 16 336 -11 16 23
600 6 -21 -26 31 48
600 17 565 8 23 57
600 18 535 30 21 55
600 19 460 37 24 58
600 20 290 37 21 51
600 21 271 2 21 53
600 22 298 7 21 47
600 23 181 20 26 55
600 24 237 17 25 49
600 25 263 15 20 44
600 26 258 19 18 52
601 1 274 53 23 56
601 2 263 48 21 53
601 14 619 16 21 29
601 16 336 -11 16 23
601 6 -18 -26 25 45
601 17 563 11 23 57
601 18 534 30 21 55
601 19 461 37 24 58
601 20 289 37 21 51
601 21 271 2 21 53
601 22 298 7 21 47
601 23 181 20 26 55
601 24 237 17 25 49
601 25 259 15 21 44
601 26 257 19 18 52
602 1 274 53 28 56
602 2 263 48 21 53
602 14 619 16 21 29
602 16 336 -11 16 23
602 6 -18 -26 25 45
602 17 561 12 24 56
602 18 534 30 21 55
602 19 461 38 24 58
602 20 289 37 21 51
602 21 271 2 21 53
602 22 298 7 21 47
602 23 179 20 28 55
602 24 237 17 25 49
602 25 259 15 21 44
602 26 257 19 18 52
603 1 275 53 28 56
603 2 263 48 21 53
603 14 619 16 21 29
603 16 336 -11 16 23
603 6 -18 -26 25 45
603 17 560 14 22 55
603 18 534 30 21 55
603 19 461 38 24 57
603 20 288 37 21 49
603 21 271 2 21 53
603 22 298 7 21 47
603 23 179 20 28 55
603 24 237 17 25 49
603 25 259 15 21 44
603 26 257 19 18 52
604 1 273 53 30 54
604 2 264 48 21 53
604 14 619 16 21 29
604 16 336 -11 16 23
604 6 -18 -26 25 45
604 17 558 17 23 54
604 18 534 30 21 55
604 19 463 38 24 58
604 20 286 37 20 48
604 21 271 2 21 53
604 22 298 7 21 47
604 23 178 20 28 55
604 24 237 17 25 49
604 25 259 15 21 44
604 26 259 19 18 51
605 1 274 53 30 54
605 2 265 48 21 53
605 14 619 16 21 29
605 16 336 -11 16 23
605 6 -18 -26 25 45
605 17 557 20 22 51
605 18 534 30 21 55
605 19 462 38 24 57
605 20 285 36 20 48
605 21 271 2 22 53
605 22 299 6 21 47
605 23 178 20 28 55
605 24 237 17 25 49
605 25 259 15 21 44
605 26 257 18 18 52
606 1 275 53 28 53
606 2 266 47 22 54
606 14 619 16 21 29
606 16 336 -11 16 23
606 6 -18 -26 25 45
606 17 558 22 21 49
606 18 534 30 21 55
606 19 463 38 24 58
606 20 284 36 20 48
606 21 271 2 22 53
606 22 299 6 21 48
606 23 178 20 28 55
606 24 238 19 24 47
606 25 259 15 21 44
606 26 257 18 18 53
607 1 276 53 28 53
607 2 267 47 21 54
607 14 619 16 21 29
607 16 336 -11 16 23
607 6 -18 -26 25 45
607 17 557 22 21 49
607 18 534 30 21 55
607 19 463 39 24 57
607 20 284 36 20 48
607 21 271 2 22 53
607 22 298 6 21 47
607 23 177 18 25 57
607 24 237 17 25 49
607 25 259 15 21 44
607 26 257 18 18 53
608 1 276 53 28 52
608 2 267 46 22 56
608 14 619 16 21 29
608 16 336 -11 16 23
608 6 -18 -26 25 45
608 17 557 22 21 49
608 18 534 30 21 55
608 19 463 39 24 57
608 20 284 36 20 48
608 21 271 2 22 53
608 22 298 6 21 47
608 23 177 18 25 57
608 24 237 17 25 49
608 25 259 15 21 44
608 26 257 18 18 53
609 1 277 53 28 53
609 2 268 47 21 53
609 14 619 16 21 29
609 16 336 -11 16 23
609 6 -18 -26 25 45
609 17 556 22 22 50
609 18 534 30 21 55
609 19 464 39 26 59
609 20 284 36 20 48
609 21 271 2 22 53
609 22 298 6 21 47
609 23 177 18 25 57
609 24 237 17 25 49
609 25 259 14 21 44
609 26 257 18 18 53
610 1 277 53 28 53
610 2 270 47 20 53
610 14 619 16 21 29
610 16 336 -11 16 23
610 6 -18 -26 25 45
610 17 555 22 22 49
610 18 534 30 21 55
610 19 465 39 26 59
610 20 285 36 20 48
610 21 271 2 22 53
610 22 298 6 21 47
610 23 173 17 28 58
610 24 240 17 22 49
610 25 259 14 21 44
610 26 257 18 18 53
611 1 281 52 27 53
611 2 271 46 21 55
611 14 619 16 21 29
611 16 336 -11 16 23
611 6 -18 -26 25 45
611 17 554 22 19 49
611 18 534 30 21 55
611 19 465 39 26 60
611 20 276 37 20 47
611 21 271 2 22 53
611 22 298 6 21 47
611 23 173 17 28 58
611 24 240 17 22 49
611 25 259 14 21 44
611 26 257 18 18 53
612 1 282 52 27 53
612 2 271 44 22 58
612 14 619 16 21 29
612 16 336 -11 16 23
612 6 -17 -25 26 44
612 17 552 22 20 49
612 18 534 30 21 55
612 19 465 40 27 57
612 20 276 37 20 47
612 21 271 2 22 53
612 22 298 6 21 47
612 23 172 17 28 58
612 24 240 17 22 49
612 25 259 15 21 44
612 26 257 18 18 53
613 1 282 51 27 53
613 2 272 44 21 52
613 14 619 16 21 29
613 16 336 -11 16 23
613 6 -21 -27 26 45
613 17 551 22 16 49
613 18 534 30 21 55
613 19 466 40 27 57
613 20 277 36 20 47
613 21 271 2 22 53
613 22 298 6 21 47
613 23 172 17 28 58
613 24 241 17 22 49
613 25 258 14 21 44
613 26 257 18 18 53
614 1 282 51 27 53
614 2 272 44 21 52
614 14 619 16 21 29
614 16 336 -11 16 23
614 6 -21 -26 26 44
614 17 551 22 16 49
614 18 534 30 21 55
614 19 466 40 27 57
614 20 277 36 20 47
614 21 271 2 22 53
614 22 298 6 21 47
614 23 172 17 28 58
614 24 241 17 22 49
614 25 258 14 21 44
614 26 257 18 18 53
615 1 283 51 28 54
615 2 272 44 21 52
615 14 619 16 21 29
615 16 336 -11 16 23
615 6 -21 -26 26 44
615 17 550 22 18 49
615 18 534 30 21 55
615 19 466 40 27 58
615 20 278 35 21 48
615 21 273 2 22 53
615 22 298 6 21 47
615 23 172 18 28 57
615 24 241 17 22 48
615 25 259 15 21 44
615 26 257 18 18 53
616 1 286 51 25 54
616 2 273 44 21 52
616 14 619 16 21 29
616 16 336 -11 16 23
616 6 -21 -26 26 44
616 17 549 22 18 49
616 18 534 30 21 55
616 19 467 40 27 56
616 20 279 36 20 47
616 21 273 2 22 53
616 22 298 6 21 47
616 23 172 17 28 57
616 24 241 18 22 48
616 25 259 15 21 44
616 26 256 18 18 53
617 1 287 51 25 54
617 2 273 43 21 53
617 14 619 16 21 29
617 16 336 -11 16 23
617 6 -21 -26 26 44
617 17 548 22 17 49
617 18 534 30 21 55
617 19 468 40 27 56
617 20 280 35 20 48
617 21 273 2 22 53
617 22 298 6 21 47
617 23 171 17 28 57
617 24 241 18 22 48
617 25 259 15 21 44
617 26 257 18 18 53
618 1 287 50 25 55
618 2 273 43 21 53
618 14 619 16 21 29
618 16 336 -11 16 23
618 6 -22 -28 29 46
618 17 547 24 16 47
618 18 534 30 21 55
618 19 471 40 25 56
618 20 270 36 22 47
618 21 273 2 22 53
618 22 297 2 22 51
618 23 174 17 25 57
618 24 242 18 22 48
618 25 259 15 21 44
618 26 257 18 18 53
619 1 288 50 30 54
619 2 275 42 21 53
619 14 619 16 21 29
619 16 336 -11 16 23
619 6 -21 -26 28 44
619 17 546 25 16 46
619 18 534 30 21 55
619 19 473 40 23 57
619 20 270 36 22 47
619 21 273 2 22 53
619 22 297 2 22 51
619 23 174 17 25 57
619 24 242 17 22 48
619 25 259 15 21 44
619 26 257 19 18 51
620 1 288 50 30 54
620 2 275 42 21 53
620 14 619 16 21 29
620 16 336 -11 16 23
620 6 -21 -26 28 44
620 17 546 25 16 46
620 18 534 30 21 55
620 19 473 40 23 57
620 20 270 36 22 47
620 21 273 2 22 53
620 22 297 2 19 49
620 23 174 17 25 57
620 24 242 17 22 48
620 25 259 15 21 44
620 26 257 19 18 51
621 1 289 50 30 54
621 2 275 42 21 53
621 14 619 16 21 29
621 16 336 -11 16 23
621 6 -21 -26 28 44
621 17 544 26 17 45
621 18 534 30 21 55
621 19 474 40 23 57
621 20 270 35 22 48
621 21 273 2 22 53
621 22 297 2 19 49
621 23 174 17 25 57
621 24 240 17 24 49
621 25 258 15 21 44
621 26 257 19 18 51
622 1 289 50 30 54
622 2 276 42 21 53
622 14 619 16 21 29
622 16 336 -11 16 23
622 6 -21 -26 28 44
622 17 543 25 16 45
622 18 534 30 21 55
622 19 478 40 20 59
622 20 271 36 22 47
622 21 274 2 22 52
622 22 296 2 19 49
622 23 173 17 25 57
622 24 240 17 24 49
622 25 259 15 21 44
622 26 257 19 18 52
623 1 290 50 29 53
623 2 276 42 21 53
623 14 619 16 21 29
623 16 336 -11 16 23
623 6 -21 -26 28 44
623 17 542 28 16 45
623 18 534 30 21 55
623 19 479 40 20 59
623 20 271 36 22 47
623 21 271 2 22 53
623 22 296 2 19 49
623 23 173 17 25 57
623 24 240 16 24 49
623 25 259 15 21 44
623 26 257 19 18 52
624 1 291 49 30 53
624 2 277 42 21 53
624 14 619 16 21 29
624 16 336 -11 16 23
624 6 -21 -26 28 44
624 17 540 27 15 45
624 18 534 30 21 55
624 19 480 41 20 58
624 20 263 37 23 46
624 21 271 2 22 53
624 22 296 2 19 49
624 23 173 17 24 55
624 24 240 16 24 50
624 25 259 15 21 44
624 26 257 19 18 52
625 1 291 49 30 53
625 2 278 40 21 53
625 14 619 16 21 29
625 16 336 -11 16 23
625 6 -21 -26 28 44
625 17 536 27 15 45
625 18 534 30 21 55
625 19 478 41 22 56
625 20 263 37 23 46
625 21 272 2 21 53
625 22 296 2 19 49
625 23 173 17 24 55
625 24 238 16 26 49
625 25 259 15 21 44
625 26 257 19 18 52
626 1 295 49 24 55
626 2 278 40 21 54
626 14 619 16 21 29
626 16 336 -11 16 23
626 6 -21 -26 28 44
626 17 536 27 15 45
626 18 534 30 21 55
626 19 478 41 22 56
626 20 263 37 23 46
626 21 272 2 21 53
626 22 296 2 19 49
626 23 173 17 24 55
626 24 238 16 26 49
626 25 259 15 21 44
626 26 257 19 18 52
627 1 296 49 24 55
627 2 278 40 21 53
627 14 619 16 21 29
627 16 336 -11 16 23
627 6 -21 -26 28 43
627 17 532 28 16 45
627 18 534 30 21 55
627 19 479 41 22 56
627 20 262 37 23 47
627 21 272 2 21 53
627 22 295 1 19 49
627 23 173 17 24 56
627 24 238 16 26 49
627 25 259 15 21 44
627 26 257 19 18 52
628 1 296 48 24 56
628 2 280 41 20 51
628 14 619 16 21 29
628 16 336 -11 16 23
628 6 -21 -26 28 43
628 17 531 28 16 46
628 18 534 30 21 55
628 19 477 41 27 60
628 20 261 37 23 46
628 21 272 2 21 53
628 22 295 2 18 47
628 23 170 16 27 56
628 24 238 16 26 49
628 25 259 15 21 44
628 26 257 19 18 52
629 1 297 48 24 56
629 2 280 41 20 51
629 14 619 16 21 29
629 16 336 -11 16 23
629 6 -21 -26 27 43
629 5 -40 -33 23 43
629 17 530 28 15 46
629 18 535 30 21 55
629 19 478 41 27 60
629 20 259 38 22 45
629 21 272 2 21 53
629 22 295 2 18 47
629 23 170 16 27 56
629 24 238 16 25 48
629 25 259 15 21 44
629 26 256 19 18 52
630 1 298 48 27 54
630 2 281 41 19 49
630 14 619 16 21 29
630 16 336 -11 16 23
630 6 -21 -26 27 43
630 5 -39 -27 22 37
630 17 529 28 15 47
630 18 535 30 21 55
630 19 479 42 27 60
630 20 257 38 22 45
630 21 272 2 21 53
630 22 294 1 18 47
630 23 169 16 27 57
630 24 238 16 25 48
630 25 259 15 21 44
630 26 256 19 18 52
631 1 299 48 27 54
631 2 282 40 20 50
631 14 619 16 21 29
631 16 336 -11 16 23
631 6 -21 -26 27 43
631 5 -36 -27 19 37
631 17 525 28 19 47
631 18 535 30 21 55
631 19 478 42 29 61
631 20 256 38 22 44
631 21 272 2 21 53
631 22 294 1 18 47
631 23 169 15 27 57
631 24 238 16 25 48
631 25 259 15 21 44
631 26 256 19 18 52
632 1 299 48 27 54
632 2 280 40 22 51
632 14 619 16 21 29
632 16 336 -11 16 23
632 6 -21 -26 28 43
632 5 -36 -27 19 37
632 17 525 28 19 47
632 18 535 30 21 55
632 19 478 42 29 61
632 20 256 38 24 46
632 21 272 2 21 53
632 22 294 1 18 47
632 23 169 15 27 57
632 24 238 16 25 48
632 25 259 15 21 44
632 26 256 19 18 52
633 1 299 48 27 54
633 2 280 40 22 51
633 14 619 16 21 29
633 16 336 -11 16 23
633 6 -21 -26 28 43
633 5 -39 -27 23 37
633 17 523 28 20 48
633 18 535 30 21 55
633 19 479 42 29 61
633 20 255 38 24 45
633 21 272 2 21 53
633 22 294 1 18 47
633 23 169 15 27 57
633 24 238 16 25 48
633 25 259 15 21 44
633 26 255 19 18 51
634 1 300 47 27 54
634 2 281 40 22 51
634 14 619 16 21 29
634 16 336 -11 16 23
634 6 -21 -26 28 44
634 5 -36 -27 20 37
634 17 522 27 21 48
634 18 535 30 21 55
634 19 480 42 29 61
634 20 255 38 24 46
634 21 272 2 21 53
634 22 294 1 18 47
634 23 168 15 28 57
634 24 237 16 25 48
634 25 258 15 21 45
634 26 256 19 18 52
635 1 295 48 34 51
635 2 281 40 22 51
635 14 619 16 21 29
635 16 336 -11 16 23
635 6 -21 -26 28 44
635 5 -41 -30 26 41
635 17 520 26 20 48
635 18 535 30 21 55
635 19 480 42 29 62
635 20 253 34 22 52
635 21 272 2 21 53
635 22 293 1 18 47
635 23 168 15 28 57
635 24 237 16 25 48
635 25 259 15 21 44
635 26 256 19 18 51
636 1 296 48 34 51
636 2 285 40 18 55
636 14 619 16 21 29
636 16 336 -11 16 23
636 6 -23 -26 29 44
636 5 -36 -28 21 39
636 17 519 26 20 48
636 18 535 30 21 55
636 19 481 42 33 58
636 20 252 34 22 52
636 21 272 2 21 53
636 22 294 1 18 47
636 23 167 15 28 57
636 24 237 15 24 48
636 25 258 15 21 44
636 26 255 19 18 51
637 1 297 48 34 51
637 2 285 40 18 55
637 14 619 16 21 29
637 16 336 -11 16 23
637 6 -23 -26 29 44
637 5 -42 -29 28 41
637 17 518 26 20 49
637 18 535 30 21 55
637 19 482 42 33 59
637 20 252 34 22 52
637 21 272 2 21 53
637 22 294 1 18 47
637 23 167 15 28 57
637 24 237 15 24 48
637 25 258 15 21 45
637 26 256 19 18 51
638 1 297 48 34 51
638 2 285 40 18 55
638 14 619 16 21 29
638 16 336 -11 16 23
638 6 -23 -26 29 44
638 5 -41 -30 27 42
638 17 518 26 20 49
638 18 535 30 21 55
638 19 486 42 29 59
638 20 252 34 22 52
638 21 272 2 21 53
638 22 293 1 18 47
638 23 167 15 28 58
638 24 237 15 24 48
638 25 258 15 21 45
638 26 256 19 18 51
639 1 297 47 34 51
639 2 286 40 18 55
639 14 619 16 21 29
639 16 336 -11 16 23
639 6 -23 -26 29 44
639 5 -39 -27 25 39
639 17 515 26 20 50
639 18 535 30 21 55
639 19 487 41 29 60
639 20 248 33 25 52
639 21 272 2 21 53
639 22 292 2 18 46
639 23 167 15 28 58
639 24 237 15 24 48
639 25 262 15 17 47
639 26 254 19 18 51
640 1 298 47 35 52
640 2 286 40 18 55
640 14 619 16 21 29
640 16 336 -11 16 23
640 6 -23 -26 29 44
640 5 -42 -29 28 41
640 17 512 31 21 49
640 18 535 30 21 55
640 19 488 41 30 61
640 20 247 33 25 52
640 21 272 2 21 53
640 22 292 1 18 46
640 23 166 15 28 58
640 24 237 15 22 48
640 25 262 15 17 47
640 26 257 19 18 53
641 1 299 47 35 52
641 2 287 40 18 55
641 14 619 16 21 29
641 16 336 -11 16 23
641 6 -23 -26 29 44
641 5 -39 -27 25 39
641 17 511 32 20 48
641 18 535 31 21 54
641 19 490 40 29 62
641 20 247 33 25 52
641 21 272 2 21 53
641 22 293 1 18 48
641 23 166 15 28 58
641 24 236 15 22 48
641 25 262 15 17 47
641 26 257 19 18 53
642 1 301 47 35 52
642 2 287 40 19 55
642 14 619 16 21 29
642 16 336 -11 16 23
642 6 -23 -26 29 44
642 5 -36 -27 22 39
642 17 511 34 18 46
642 18 535 30 21 54
642 19 489 41 30 62
642 20 243 33 25 52
642 21 272 2 21 53
642 22 291 1 18 46
642 23 166 15 27 56
642 24 235 15 22 48
642 25 262 15 17 47
642 26 257 19 18 53
643 1 302 45 35 53
643 2 287 40 19 55
643 14 619 16 21 29
643 16 336 -11 16 23
643 6 -20 -26 25 44
643 5 -39 -26 25 38
643 17 510 34 18 46
643 18 534 31 21 54
643 19 491 41 28 61
643 20 242 33 25 52
643 21 272 2 21 53
643 22 291 2 18 46
643 23 165 14 27 55
643 24 235 15 22 48
643 25 262 15 17 47
643 26 257 19 18 53
644 1 304 45 33 53
644 2 287 40 19 55
644 14 619 16 21 29
644 16 336 -11 16 23
644 6 -20 -26 25 44
644 5 -36 -26 22 38
644 17 510 34 18 46
644 18 534 30 21 54
644 19 492 41 30 61
644 20 239 33 30 53
644 21 272 2 21 53
644 22 291 2 18 47
644 23 165 14 27 55
644 24 235 15 24 49
644 25 261 15 17 48
644 26 257 19 18 53
645 1 305 45 33 53
645 2 288 40 19 55
645 14 619 16 21 29
645 16 336 -11 16 23
645 6 -20 -26 25 44
645 5 -39 -27 25 39
645 17 510 34 18 46
645 18 534 30 21 54
645 19 492 42 31 59
645 20 237 33 31 53
645 21 272 2 21 53
645 22 291 2 18 47
645 23 164 15 27 55
645 24 234 15 24 49
645 25 261 15 17 48
645 26 257 19 18 53
646 1 305 45 29 53
646 2 288 40 19 52
646 14 619 16 21 29
646 16 336 -11 16 23
646 6 -20 -26 25 44
646 5 -39 -26 25 38
646 17 505 34 21 46
646 18 534 30 21 54
646 19 493 42 31 59
646 20 236 33 31 53
646 21 272 2 21 53
646 22 290 2 18 47
646 23 164 15 26 54
646 24 234 15 24 48
646 25 261 15 17 48
646 26 257 19 18 53
647 1 306 45 29 53
647 2 288 40 19 52
647 14 619 16 21 29
647 16 336 -11 16 23
647 6 -21 -25 25 44
647 5 -39 -29 22 41
647 17 505 34 21 46
647 18 534 30 21 54
647 19 493 42 31 59
647 20 236 32 29 55
647 21 272 2 21 53
647 22 290 2 18 47
647 23 163 15 25 53
647 24 233 15 23 48
647 25 261 15 17 48
647 26 257 19 18 53
648 1 306 45 29 53
648 2 289 40 19 51
648 14 619 16 21 29
648 16 336 -11 16 23
648 6 -21 -25 25 43
648 5 -36 -28 19 40
648 17 502 34 19 45
648 18 534 31 21 54
648 19 494 43 31 58
648 20 235 32 29 55
648 21 272 2 21 53
648 22 290 2 18 47
648 23 162 14 27 55
648 24 232 15 23 48
648 25 261 15 17 48
648 26 257 19 18 53
649 1 309 44 30 54
649 2 289 39 19 52
649 14 619 16 21 29
649 16 336 -11 16 23
649 6 -21 -25 25 43
649 5 -41 -29 24 41
649 17 502 34 19 45
649 18 533 31 21 54
649 19 496 42 31 61
649 20 238 31 23 53
649 21 272 2 21 53
649 22 290 2 18 47
649 23 162 14 27 55
649 24 231 15 23 47
649 25 261 15 17 48
649 26 257 20 18 53
650 1 309 44 30 54
650 2 289 39 19 52
650 14 619 16 21 29
650 16 336 -11 16 23
650 6 -21 -25 25 43
650 5 -39 -29 22 41
650 17 498 35 23 44
650 18 533 31 21 54
650 19 496 42 31 61
650 20 238 31 23 53
650 21 272 2 21 53
650 22 290 1 19 48
650 23 162 14 27 55
650 24 231 15 23 47
650 25 261 15 17 48
650 26 257 20 18 53
651 1 309 44 30 54
651 2 289 39 19 52
651 14 619 16 21 29
651 16 336 -11 16 23
651 6 -21 -25 25 43
651 5 -42 -29 25 41
651 17 495 35 27 45
651 18 533 31 21 55
651 19 496 42 31 61
651 20 237 31 23 53
651 21 272 2 21 53
651 22 290 1 19 48
651 23 161 14 26 55
651 24 231 15 23 47
651 25 261 15 17 48
651 26 257 20 18 53
652 1 310 44 30 54
652 2 291 39 19 51
652 14 619 16 21 29
652 16 336 -11 16 23
652 6 -24 -25 29 43
652 5 -38 -29 21 41
652 17 495 35 28 46
652 18 533 31 21 55
652 19 501 42 27 58
652 20 237 31 23 54
652 21 272 2 21 53
652 22 290 1 19 48
652 23 160 15 26 55
652 24 231 15 23 47
652 25 261 15 17 48
652 26 257 20 18 53
653 1 310 44 30 54
653 2 285 39 25 51
653 14 619 16 21 29
653 16 336 -11 16 23
653 6 -24 -25 29 43
653 5 -39 -29 22 41
653 17 496 35 22 46
653 18 532 31 21 54
653 19 504 43 26 58
653 20 233 30 23 54
653 21 272 2 21 53
653 22 290 1 19 48
653 23 158 15 27 56
653 24 230 15 23 47
653 25 261 15 17 48
653 26 257 20 18 53
654 1 311 44 29 53
654 2 285 39 25 51
654 14 619 16 21 29
654 16 336 -11 16 23
654 6 -25 -25 29 43
654 5 -36 -28 19 40
654 17 496 36 22 46
654 18 532 31 21 55
654 19 504 43 26 58
654 20 232 30 23 54
654 21 272 2 21 53
654 22 289 1 19 48
654 23 157 15 27 55
654 24 229 15 23 47
654 25 261 15 17 47
654 26 257 20 18 53
655 1 311 43 31 56
655 2 286 39 25 51
655 14 619 16 21 29
655 16 336 -11 16 23
655 6 -25 -25 29 42
655 5 -42 -29 25 41
655 17 494 38 21 45
655 18 532 31 21 55
655 19 507 44 25 59
655 20 231 30 23 55
655 21 272 2 21 53
655 22 288 1 18 48
655 23 156 15 27 55
655 24 229 15 23 47
655 25 261 15 17 47
655 26 257 20 18 53
656 1 312 43 31 55
656 2 289 39 22 51
656 14 619 16 21 29
656 16 336 -11 16 23
656 6 -25 -25 29 42
656 5 -36 -28 19 40
656 17 494 38 21 45
656 18 531 30 20 56
656 19 507 43 25 59
656 20 229 30 26 55
656 21 272 2 21 53
656 22 288 1 18 48
656 23 156 15 27 55
656 24 228 15 23 47
656 25 261 15 17 47
656 26 257 20 18 53
657 1 312 43 31 55
657 2 289 39 22 51
657 14 619 16 21 29
657 16 336 -11 16 23
657 6 -26 -25 27 41
657 5 -36 -28 19 40
657 17 493 38 21 45
657 18 531 31 20 55
657 19 507 44 25 57
657 20 228 30 26 55
657 21 272 2 21 53
657 22 288 1 18 48
657 23 154 15 26 53
657 24 228 15 23 47
657 25 261 15 17 47
657 26 257 20 18 53
658 1 315 43 26 54
658 2 290 39 22 51
658 14 619 16 21 29
658 16 336 -11 16 23
658 6 -26 -25 28 41
658 5 -36 -28 19 40
658 17 492 39 20 44
658 18 530 31 20 56
658 19 506 45 26 57
658 20 227 30 26 55
658 21 272 2 21 53
658 22 288 1 18 48
658 23 153 14 26 54
658 24 227 14 23 48
658 25 261 15 17 47
658 26 257 20 18 53
659 1 315 43 26 54
659 2 290 39 28 51
659 14 619 16 21 29
659 16 336 -11 16 23
659 6 -28 -26 28 42
659 5 -36 -28 19 40
659 17 490 40 19 44
659 18 529 31 21 56
659 19 504 45 29 57
659 20 226 30 26 55
659 21 272 2 21 53
659 22 288 1 18 48
659 23 152 14 26 54
659 24 227 14 24 49
659 25 261 15 17 48
659 26 257 20 18 53
660 1 316 43 26 54
660 2 291 39 28 51
660 14 619 16 21 29
660 16 336 -11 16 23
660 6 -28 -24 28 40
660 5 -36 -28 19 40
660 17 488 43 20 43
660 18 529 31 21 56
660 19 505 45 30 57
660 20 224 30 25 55
660 21 272 2 21 53
660 22 288 1 18 48
660 23 151 14 26 54
660 24 226 14 23 48
660 25 261 15 17 47
660 26 257 20 18 53
661 1 316 43 26 53
661 2 295 39 24 50
661 14 618 18 22 28
661 16 336 -11 16 23
661 6 -29 -26 29 41
661 5 -38 -29 21 41
661 17 486 44 20 43
661 18 529 31 20 56
661 19 506 46 30 56
661 20 223 31 30 54
661 21 272 2 21 53
661 22 287 1 18 48
661 23 146 15 32 53
661 24 225 14 23 48
661 25 261 15 17 47
661 26 257 20 18 53
662 1 316 43 26 53
662 2 295 39 24 50
662 14 618 18 22 28
662 16 336 -11 16 23
662 6 -29 -26 29 41
662 5 -36 -28 19 40
662 17 486 44 20 43
662 18 529 31 21 56
662 19 506 46 30 56
662 20 223 31 30 54
662 21 272 2 21 53
662 22 287 1 18 48
662 23 146 15 32 53
662 24 225 14 26 49
662 25 261 15 17 47
662 26 257 20 18 53
663 1 318 43 25 54
663 2 296 39 24 50
663 14 618 18 22 28
663 16 336 -11 16 23
663 6 -30 -25 26 40
663 5 -36 -28 19 40
663 17 485 45 21 44
663 18 529 31 21 56
663 19 507 47 29 56
663 20 222 31 30 54
663 21 272 2 21 53
663 22 287 1 18 48
663 23 145 15 32 53
663 24 224 14 26 49
663 25 261 15 17 47
663 26 257 20 18 53
664 1 318 43 25 54
664 2 296 39 24 51
664 14 618 18 22 28
664 16 336 -11 16 23
664 6 -30 -25 26 40
664 5 -36 -28 19 40
664 17 484 46 21 44
664 18 530 28 19 58
664 19 510 47 28 55
664 20 222 33 28 51
664 21 272 2 21 53
664 22 287 1 18 48
664 23 140 16 37 51
664 24 223 14 26 49
664 25 261 16 17 47
664 26 257 20 18 53
665 1 320 43 25 53
665 2 296 38 24 51
665 14 618 18 22 28
665 16 336 -11 16 23
665 6 -30 -25 26 38
665 5 -36 -28 19 40
665 17 484 46 20 43
665 18 530 28 19 58
665 19 510 49 27 55
665 20 221 33 28 51
665 21 272 2 21 53
665 22 287 1 18 48
665 23 139 16 37 51
665 24 222 14 26 48
665 25 263 17 16 46
665 26 257 20 18 53
666 1 321 43 25 54
666 2 300 38 21 51
666 14 618 18 22 28
666 16 336 -11 16 23
666 6 -30 -25 24 38
666 5 -36 -28 19 40
666 17 480 47 23 48
666 18 530 28 19 58
666 19 513 49 28 54
666 20 221 33 28 51
666 21 272 2 21 53
666 22 287 1 18 48
666 23 137 19 40 47
666 24 221 14 27 50
666 25 263 17 16 46
666 26 257 20 18 53
667 1 323 43 24 52
667 2 301 38 21 51
667 14 618 18 22 28
667 16 336 -11 16 23
667 6 -31 -26 27 39
667 5 -36 -28 19 40
667 17 479 48 23 48
667 18 530 30 19 56
667 19 513 49 28 54
667 20 219 33 24 51
667 21 272 2 21 53
667 22 287 1 18 48
667 23 136 21 40 45
667 24 219 14 28 50
667 25 263 17 16 46
667 26 257 20 18 53
668 1 322 43 25 54
668 2 301 38 21 51
668 14 618 18 22 28
668 16 336 -11 16 23
668 6 -32 -26 26 39
668 5 -36 -28 19 40
668 17 479 48 23 48
668 18 530 30 19 56
668 19 515 49 26 55
668 20 219 33 24 51
668 21 272 2 21 53
668 22 287 1 18 48
668 23 136 23 40 43
668 24 219 14 28 50
668 25 263 17 16 46
668 26 257 20 18 53
669 1 322 42 25 55
669 2 301 38 21 51
669 14 618 18 22 28
669 16 336 -11 16 23
669 6 -28 -26 22 39
669 5 -36 -28 19 40
669 17 478 49 22 48
669 18 530 30 19 56
669 19 518 49 24 55
669 20 218 33 24 51
669 21 272 2 21 53
669 22 287 1 18 48
669 23 134 25 41 42
669 24 218 14 28 49
669 25 263 17 16 46
669 26 257 20 18 53
670 1 319 42 30 55
670 2 302 38 21 51
670 14 618 18 22 28
670 16 336 -11 16 23
670 6 -28 -26 22 39
670 5 -36 -28 19 40
670 17 476 50 24 46
670 18 530 30 19 56
670 19 519 49 24 55
670 20 217 33 24 51
670 21 272 2 21 53
670 22 287 1 18 49
670 23 133 25 41 42
670 24 217 14 31 53
670 25 263 17 16 46
670 26 257 20 18 53
671 1 320 42 30 55
671 2 303 38 21 50
671 14 618 18 22 28
671 16 336 -11 16 23
671 6 -28 -26 22 39
671 5 -36 -28 19 40
671 17 475 52 22 47
671 18 530 30 19 56
671 19 519 49 24 55
671 20 213 33 28 51
671 21 272 2 21 53
671 22 287 1 18 48
671 23 133 26 39 40
671 24 216 14 31 53
671 25 263 17 16 46
671 26 257 20 18 53
672 1 321 41 30 55
672 2 301 38 23 50
672 14 618 18 22 28
672 16 336 -11 16 23
672 6 -31 -26 25 39
672 5 -36 -28 19 40
672 17 474 52 23 49
672 18 530 30 19 56
672 19 521 49 24 53
672 20 212 33 28 51
672 21 272 3 21 53
672 22 287 1 18 48
672 23 133 26 40 41
672 24 215 14 31 53
672 25 263 17 16 46
672 26 257 20 18 53
673 1 320 41 30 56
673 2 302 38 23 50
673 14 618 18 22 28
673 16 335 -11 16 23
673 6 -30 -25 24 38
673 5 -35 -28 19 40
673 17 475 53 23 43
673 18 530 30 19 56
673 19 522 50 22 50
673 20 211 33 28 51
673 21 272 3 21 53
673 22 287 1 18 48
673 23 132 26 44 39
673 24 214 14 32 54
673 25 262 17 16 46
673 26 256 20 18 53
674 1 321 40 32 53
674 2 302 38 23 50
674 14 618 18 22 28
674 16 335 -11 16 23
674 6 -32 -28 26 41
674 5 -35 -28 19 40
674 17 473 53 23 49
674 18 530 30 19 55
674 19 522 50 22 50
674 20 211 33 28 51
674 21 272 3 21 53
674 22 287 1 18 48
674 23 132 26 44 39
674 24 214 14 28 52
674 25 262 17 16 46
674 26 256 20 18 53
675 1 321 40 32 53
675 2 302 37 23 49
675 14 618 18 22 28
675 16 335 -11 16 23
675 6 -32 -28 26 41
675 5 -34 -29 21 43
675 17 473 52 23 44
675 18 530 30 19 56
675 19 521 50 24 55
675 20 209 33 29 51
675 21 272 3 21 53
675 22 287 1 18 48
675 23 131 26 44 39
675 24 213 14 28 52
675 25 262 17 16 46
675 26 256 20 18 53
676 1 322 40 32 53
676 2 304 37 23 49
676 14 617 18 22 29
676 16 335 -11 16 23
676 6 -32 -28 26 40
676 5 -34 -29 21 43
676 17 473 52 23 44
676 18 531 28 19 56
676 19 522 50 25 50
676 20 208 33 29 51
676 21 272 3 21 53
676 22 287 1 18 48
676 23 131 25 44 39
676 24 212 14 28 52
676 25 262 17 16 46
676 26 256 20 18 53
677 1 322 39 32 54
677 2 305 37 23 49
677 14 617 18 22 29
677 16 335 -10 16 23
677 6 -31 -27 27 40
677 5 -34 -28 20 42
677 17 472 53 23 44
677 18 531 28 19 56
677 19 524 50 24 50
677 20 207 32 29 52
677 21 272 3 21 53
677 22 287 0 18 48
677 23 131 25 45 40
677 24 211 14 28 52
677 25 262 17 16 46
677 26 256 20 18 53
678 1 326 40 29 52
678 2 304 36 24 52
678 14 617 18 22 29
678 16 335 -10 16 23
678 6 -31 -27 27 40
678 5 -34 -28 20 42
678 17 472 54 24 53
678 18 531 28 19 56
678 19 522 50 26 53
678 20 206 32 29 52
678 21 272 3 21 53
678 22 287 0 18 49
678 23 131 26 44 39
678 24 210 14 28 52
678 25 262 17 16 46
678 26 256 20 18 53
679 1 326 40 29 52
679 2 306 36 25 49
679 14 617 18 22 29
679 16 335 -10 16 23
679 6 -31 -29 27 41
679 5 -34 -28 20 42
679 17 472 55 24 53
679 18 532 28 20 56
679 19 522 50 26 53
679 20 207 32 27 52
679 21 272 3 21 53
679 22 287 0 18 49
679 23 128 23 47 42
679 24 209 14 28 52
679 25 262 17 16 46
679 26 256 20 18 53
680 1 326 40 29 52
680 2 306 36 25 49
680 14 617 18 22 29
680 16 335 -10 16 23
680 6 -32 -29 26 42
680 5 -37 -34 23 46
680 17 472 55 24 53
680 18 530 29 19 56
680 19 522 50 26 53
680 20 207 32 27 52
680 21 272 3 21 53
680 22 287 0 18 49
680 23 128 23 47 42
680 24 209 14 28 52
680 25 262 17 16 46
680 26 256 20 18 53
681 1 327 40 29 52
681 2 306 36 25 49
681 14 617 18 22 29
681 16 335 -10 16 23
681 6 -33 -30 29 42
681 5 -36 -28 22 40
681 17 472 56 24 52
681 18 530 29 19 56
681 19 525 45 25 57
681 20 206 32 27 52
681 21 272 3 21 53
681 22 287 0 18 48
681 23 128 23 47 42
681 24 208 14 28 53
681 25 262 17 16 46
681 26 256 20 18 53
682 1 327 40 29 52
682 2 307 36 25 49
682 14 617 18 22 29
682 16 335 -10 16 23
682 6 -33 -30 29 43
682 5 -36 -28 22 40
682 17 472 57 23 51
682 18 531 29 19 56
682 19 526 45 25 57
682 20 205 32 27 53
682 21 272 3 21 53
682 22 287 0 20 49
682 23 127 22 47 42
682 24 207 14 29 52
682 25 262 17 16 46
682 26 256 20 18 53
683 1 328 40 29 52
683 2 308 36 25 49
683 14 617 18 22 29
683 16 335 -10 16 23
683 6 -34 -32 30 47
683 5 -36 -28 22 42
683 17 469 56 27 57
683 18 524 29 25 61
683 19 530 45 23 57
683 20 205 31 24 53
683 21 272 3 21 53
683 22 287 0 20 49
683 23 128 19 46 45
683 24 206 14 29 52
683 25 262 17 16 46
683 26 256 20 18 53
684 1 331 40 24 55
684 2 308 36 25 49
684 14 617 18 22 29
684 16 335 -10 16 23
684 6 -29 -31 26 47
684 5 -36 -28 22 42
684 17 469 56 27 57
684 18 524 29 25 61
684 19 531 45 23 57
684 20 204 31 24 53
684 21 272 3 21 53
684 22 287 0 20 49
684 23 128 19 41 45
684 24 205 14 29 52
684 25 260 17 19 50
684 26 256 20 18 52
685 1 332 40 24 55
685 2 307 36 27 50
685 14 617 18 22 29
685 16 335 -10 16 23
685 6 -28 -27 25 43
685 5 -35 -28 22 40
685 17 469 56 27 58
685 18 522 29 27 62
685 19 531 45 24 58
685 20 203 31 24 53
685 21 272 3 21 53
685 22 287 0 20 49
685 23 128 19 40 46
685 24 204 14 29 53
685 25 260 17 19 50
685 26 256 22 18 51
686 1 332 40 24 54
686 2 307 36 27 50
686 14 617 18 22 29
686 16 335 -10 16 23
686 6 -26 -24 23 40
686 5 -39 -29 26 41
686 17 470 58 28 55
686 18 522 29 27 62
686 19 531 45 24 58
686 20 203 31 24 53
686 21 272 3 21 53
686 22 287 0 20 49
686 23 128 19 40 46
686 24 209 14 24 52
686 25 260 17 19 50
686 26 256 22 18 51
687 1 332 40 24 55
687 2 308 36 27 50
687 14 617 18 22 29
687 16 335 -10 16 23
687 6 -26 -24 23 40
687 5 -36 -28 23 40
687 17 470 59 28 55
687 18 522 29 27 62
687 19 531 44 24 59
687 20 201 31 26 54
687 21 272 3 21 53
687 22 287 0 20 49
687 23 128 19 40 46
687 24 208 14 24 52
687 25 260 17 19 50
687 26 256 22 18 51
688 1 332 39 25 56
688 2 308 36 27 50
688 14 617 18 22 29
688 16 335 -10 16 23
688 6 -26 -24 23 41
688 5 -36 -28 23 40
688 17 471 60 27 54
688 18 522 29 27 63
688 19 532 45 24 59
688 20 200 31 26 54
688 21 272 3 21 53
688 22 288 0 22 51
688 23 126 14 39 53
688 24 207 14 25 53
688 25 260 17 19 50
688 26 257 22 18 51
689 1 333 39 24 56
689 2 312 36 24 50
689 14 617 18 22 29
689 16 335 -10 16 23
689 6 -26 -24 23 40
689 5 -36 -28 23 40
689 17 471 62 27 52
689 18 522 34 28 57
689 19 532 45 24 59
689 20 200 32 26 53
689 21 272 3 21 53
689 22 288 0 22 51
689 23 132 15 30 52
689 24 209 14 22 48
689 25 260 17 19 50
689 26 257 22 18 51
690 1 335 39 22 53
690 2 314 36 20 48
690 14 617 18 22 29
690 16 335 -10 16 23
690 6 -26 -25 25 36
690 5 -36 -28 23 39
690 17 470 65 29 57
690 18 522 34 28 57
690 19 533 47 29 57
690 20 199 32 25 53
690 21 272 3 21 54
690 22 288 0 22 51
690 23 132 15 30 52
690 24 208 14 22 48
690 25 260 17 19 50
690 26 257 22 18 51
691 1 336 39 22 53
691 2 315 36 20 48
691 14 617 18 22 29
691 16 335 -10 16 23
691 6 -27 -27 26 37
691 5 -36 -28 23 39
691 17 471 66 26 51
691 18 522 34 28 58
691 19 533 47 29 57
691 20 198 32 25 52
691 21 272 3 21 53
691 22 289 0 22 51
691 23 130 10 31 57
691 24 208 14 22 48
691 25 260 17 19 50
691 26 257 22 18 50
692 1 336 39 22 53
692 2 315 36 20 48
692 14 617 18 22 29
692 16 335 -10 16 23
692 6 -27 -27 26 37
692 5 -36 -28 23 39
692 17 471 66 26 51
692 18 522 34 28 58
692 19 533 47 29 57
692 20 198 32 25 52
692 21 272 3 21 54
692 22 289 0 22 51
692 23 130 10 31 57
692 24 208 14 22 48
692 25 260 17 19 50
692 26 257 22 18 50
693 1 336 39 22 53
693 2 316 36 20 48
693 14 617 18 22 29
693 16 335 -10 16 23
693 6 -27 -27 26 38
693 5 -38 -29 24 41
693 17 471 67 26 51
693 18 522 34 28 57
693 19 535 47 29 58
693 20 198 32 25 53
693 21 272 3 21 54
693 22 289 0 22 51
693 23 130 10 31 57
693 24 208 14 22 48
693 25 260 18 19 50
693 26 257 22 18 50
694 1 335 39 26 52
694 2 318 35 19 48
694 14 617 18 22 29
694 16 335 -10 16 23
694 6 -28 -28 26 38
694 5 -38 -30 23 41
694 17 472 67 26 51
694 18 522 34 24 57
694 19 533 47 29 57
694 20 198 32 25 53
694 21 272 3 21 54
694 22 289 0 22 51
694 23 130 10 31 57
694 24 207 14 22 48
694 25 260 18 19 50
694 26 257 22 18 50
695 1 335 39 26 52
695 2 319 36 18 46
695 14 617 19 22 29
695 16 335 -10 16 23
695 6 -28 -28 26 37
695 5 -38 -30 23 40
695 17 474 68 25 49
695 18 522 34 24 57
695 19 535 47 29 58
695 20 198 32 26 53
695 21 272 3 21 53
695 22 290 0 22 51
695 23 132 10 26 57
695 24 207 14 21 47
695 25 260 18 19 50
695 26 257 22 18 50
696 1 336 39 26 51
696 2 320 35 18 46
696 14 617 19 22 29
696 16 335 -10 16 23
696 6 -28 -27 24 35
696 5 -39 -29 22 39
696 4 -21 106 19 72
696 17 473 69 25 51
696 18 522 34 24 57
696 19 533 47 30 56
696 20 199 32 25 52
696 21 272 3 21 54
696 22 290 0 22 51
696 23 132 10 26 57
696 24 206 14 22 47
696 25 260 18 19 50
696 26 257 22 18 50
697 1 336 38 26 52
697 2 320 35 18 46
697 14 617 19 22 29
697 16 335 -10 17 23
697 6 -28 -30 26 39
697 5 -42 -36 25 47
697 4 -21 107 19 71
697 17 474 70 25 48
697 18 522 34 24 57
697 19 533 47 30 56
697 20 199 34 24 51
697 21 272 3 21 53
697 22 290 1 22 51
697 23 133 10 26 57
697 24 206 14 22 48
697 25 260 18 19 49
697 26 258 22 18 50
698 1 336 38 26 52
698 2 320 35 18 46
698 14 617 19 22 29
698 16 335 -10 17 23
698 6 -29 -31 29 41
698 5 -36 -28 19 39
698 4 -21 107 19 71
698 17 473 68 29 61
698 18 522 34 24 57
698 19 536 47 27 57
698 20 199 33 25 52
698 21 272 3 21 53
698 22 290 1 22 51
698 23 133 10 26 57
698 24 206 14 22 48
698 25 260 18 19 49
698 26 258 22 18 50
699 1 337 38 27 52
699 2 321 35 18 46
699 14 617 19 22 29
699 16 335 -10 16 23
699 6 -28 -30 24 36
699 5 -36 -28 19 39
699 4 -23 102 22 75
699 17 473 69 30 62
699 18 522 34 24 57
699 19 536 47 27 57
699 20 199 34 24 50
699 21 272 3 21 53
699 22 290 1 22 51
699 23 133 10 26 57
699 24 205 14 22 48
699 25 260 18 19 49
699 26 258 23 17 50
700 1 337 37 27 53
700 2 321 35 18 46
700 14 617 19 22 29
700 16 335 -10 17 23
700 6 -28 -30 28 36
700 5 -39 -29 19 36
700 4 -20 103 20 73
700 17 475 71 29 60
700 18 522 34 24 57
700 19 536 47 27 57
700 20 198 35 27 50
700 21 272 3 21 53
700 22 290 1 22 51
700 23 134 9 26 56
700 24 205 15 21 45
700 25 261 18 19 49
700 26 258 23 17 49
701 1 340 38 26 52
701 2 321 36 21 47
701 14 617 19 22 29
701 16 335 -10 16 23
701 6 -28 -28 28 33
701 5 -39 -29 19 36
701 4 -25 100 25 69
701 17 475 73 29 61
701 18 522 34 24 57
701 19 537 47 27 58
701 20 197 34 26 51
701 21 272 4 21 53
701 22 291 1 22 51
701 23 135 9 26 55
701 24 198 14 27 48
701 25 261 18 19 49
701 26 258 23 17 49
702 1 341 37 26 52
702 2 322 36 22 47
702 14 617 19 22 29
702 16 335 -10 17 23
702 6 -28 -28 28 33
702 5 -39 -29 19 36
702 4 -22 99 22 70
702 17 476 75 28 60
702 18 521 34 24 57
702 19 540 47 25 59
702 20 197 34 26 51
702 21 272 4 21 53
702 22 291 1 22 51
702 23 134 9 26 58
702 24 198 14 27 48
702 25 261 18 19 49
702 26 258 23 17 49
703 1 342 37 26 51
703 2 323 36 22 47
703 14 617 19 22 29
703 16 335 -10 17 23
703 6 -29 -31 29 36
703 5 -39 -29 19 36
703 4 -25 97 25 71
703 17 476 76 28 59
703 18 523 35 22 56
703 19 540 47 25 59
703 20 197 35 25 50
703 21 272 4 21 53
703 22 291 1 22 51
703 23 136 9 25 55
703 24 196 14 28 47
703 25 261 18 19 49
703 26 258 23 17 49
704 1 342 37 26 51
704 2 323 36 22 47
704 14 617 19 22 29
704 16 335 -10 17 23
704 6 -28 -27 28 32
704 5 -39 -29 19 36
704 4 -22 98 22 70
704 17 476 76 28 58
704 18 523 35 22 56
704 19 540 47 25 59
704 20 197 35 25 50
704 21 272 4 21 53
704 22 291 1 22 51
704 23 136 9 25 55
704 24 196 14 28 47
704 25 261 18 19 49
704 26 258 23 17 49
705 1 343 37 26 50
705 2 324 36 22 47
705 14 617 19 22 29
705 16 335 -10 16 23
705 6 -28 -27 28 32
705 5 -39 -29 19 36
705 4 -28 99 28 69
705 17 476 77 28 58
705 18 523 35 22 56
705 19 540 47 25 59
705 20 197 37 28 48
705 21 272 8 23 49
705 22 291 1 22 51
705 23 135 8 26 58
705 24 196 14 28 47
705 25 261 18 19 49
705 26 258 23 17 49
706 1 338 37 27 53
706 2 324 36 22 47
706 14 617 19 22 29
706 16 335 -10 16 23
706 6 -28 -27 28 32
706 5 -39 -29 19 36
706 4 -22 99 22 68
706 17 477 77 28 59
706 18 523 35 22 56
706 19 540 47 25 59
706 20 197 37 28 48
706 21 272 4 23 53
706 22 291 1 22 51
706 23 139 7 26 58
706 24 193 14 26 47
706 25 261 19 18 49
706 26 258 23 17 50
707 1 344 37 26 51
707 2 323 36 22 45
707 14 617 19 22 29
707 16 335 -10 16 23
707 6 -28 -27 28 32
707 5 -39 -29 19 36
707 4 -28 97 28 69
707 17 477 77 28 59
707 18 523 35 22 56
707 19 541 47 25 59
707 20 197 37 28 48
707 21 272 4 23 53
707 22 292 1 22 51
707 23 140 7 26 58
707 24 195 14 26 47
707 25 261 19 18 48
707 26 260 23 18 51
708 1 344 37 26 51
708 2 324 36 22 45
708 14 617 19 22 29
708 16 335 -10 16 23
708 6 -28 -27 28 32
708 5 -39 -29 19 36
708 4 -20 98 21 68
708 17 479 78 28 59
708 18 523 35 22 56
708 19 543 47 22 58
708 20 197 37 28 48
708 21 272 4 23 53
708 22 292 2 22 51
708 23 140 7 26 58
708 24 195 14 26 47
708 25 261 19 19 49
708 26 260 23 18 51
709 1 345 37 26 51
709 2 324 36 22 46
709 14 617 19 22 29
709 16 335 -10 17 23
709 6 -28 -27 26 31
709 5 -39 -29 19 36
709 4 -28 96 29 69
709 17 479 79 28 60
709 18 523 35 22 56
709 19 543 47 22 58
709 20 197 38 28 48
709 21 272 4 23 53
709 22 292 2 22 51
709 23 140 6 31 59
709 24 195 14 22 48
709 25 261 19 19 50
709 26 260 23 18 51
710 1 345 37 26 51
710 2 327 36 19 45
710 14 617 19 22 29
710 16 335 -10 17 23
710 6 -28 -27 26 31
710 5 -39 -29 19 36
710 4 -22 96 23 69
710 17 479 79 28 60
710 18 523 35 22 56
710 19 543 47 22 58
710 20 197 40 30 45
710 21 272 4 23 53
710 22 292 2 22 51
710 23 140 6 31 59
710 24 195 14 22 48
710 25 261 19 19 50
710 26 260 23 18 51
711 1 345 37 25 51
711 2 328 36 19 45
711 14 617 19 22 29
711 16 335 -10 17 23
711 6 -28 -27 26 31
711 5 -39 -29 19 36
711 4 -22 95 23 69
711 17 480 80 28 59
711 18 523 35 22 56
711 19 543 47 22 58
711 20 197 41 27 44
711 21 273 7 22 50
711 22 292 2 22 51
711 23 140 6 31 59
711 24 194 14 22 48
711 25 262 19 18 48
711 26 260 23 18 51
712 1 345 37 25 51
712 2 328 36 19 45
712 14 617 19 22 29
712 16 335 -10 17 23
712 6 -28 -28 26 31
712 5 -39 -29 19 36
712 4 -22 94 23 70
712 17 480 81 28 58
712 18 523 35 22 56
712 19 543 47 22 58
712 20 197 41 27 44
712 21 272 4 23 53
712 22 292 2 22 52
712 23 141 6 31 57
712 24 194 14 22 48
712 25 261 19 19 50
712 26 260 23 18 51
713 1 346 37 25 51
713 2 331 31 19 50
713 14 617 19 22 29
713 16 335 -10 17 23
713 6 -24 -29 24 32
713 5 -39 -29 19 36
713 4 -26 92 27 71
713 17 480 82 28 58
713 18 522 35 22 56
713 19 543 47 22 59
713 20 197 41 27 44
713 21 272 4 23 53
713 22 292 2 23 52
713 23 141 6 31 57
713 24 193 14 22 49
713 25 261 19 19 49
713 26 260 23 18 51
714 1 346 36 25 51
714 2 331 31 19 50
714 14 617 19 22 29
714 16 335 -10 17 23
714 6 -23 -26 23 29
714 5 -39 -29 19 36
714 4 -22 91 23 71
714 17 480 82 28 57
714 18 522 35 22 56
714 19 543 47 22 59
714 20 197 42 27 43
714 21 275 4 20 53
714 22 292 2 23 52
714 23 141 6 31 57
714 24 193 14 23 49
714 25 261 19 19 50
714 26 260 23 18 51
715 1 346 36 27 54
715 2 332 31 19 50
715 14 617 19 22 29
715 16 335 -9 16 23
715 6 -23 -31 23 34
715 5 -39 -29 19 36
715 4 -26 95 27 67
715 17 484 83 24 58
715 18 522 35 22 56
715 19 543 47 22 59
715 20 197 41 27 44
715 21 271 4 23 54
715 22 292 2 22 52
715 23 142 6 31 56
715 24 191 12 23 49
715 25 261 19 19 50
715 26 260 23 18 51
716 1 346 36 25 52
716 2 332 31 19 50
716 14 617 19 22 29
716 16 335 -9 16 23
716 6 -23 -26 23 29
716 5 -39 -29 19 36
716 4 -22 95 23 67
716 17 484 83 24 58
716 18 522 35 22 56
716 19 543 47 22 59
716 20 197 41 27 44
716 21 275 4 20 54
716 22 292 2 22 52
716 23 142 6 28 57
716 24 191 12 23 49
716 25 261 19 19 50
716 26 260 23 18 52
717 1 346 36 25 52
717 2 332 31 19 50
717 14 617 19 22 29
717 16 335 -9 16 23
717 6 -21 -26 22 30
717 5 -39 -29 19 36
717 4 -22 95 23 67
717 17 484 83 24 58
717 18 522 35 22 56
717 19 543 47 22 59
717 20 197 41 27 44
717 21 275 4 20 54
717 22 292 2 22 52
717 23 143 6 28 57
717 24 190 12 23 49
717 25 261 19 19 50
717 26 259 22 19 53
718 1 347 36 25 52
718 2 333 31 19 51
718 14 617 19 22 29
718 16 335 -9 16 23
718 6 -22 -30 22 33
718 5 -39 -29 19 36
718 4 -22 95 23 67
718 17 485 84 24 59
718 18 522 35 22 56
718 19 543 46 24 60
718 20 198 41 27 43
718 21 275 4 20 54
718 22 292 2 22 52
718 23 143 6 28 57
718 24 190 12 23 51
718 25 261 19 19 50
718 26 259 22 18 51
719 1 347 36 25 52
719 2 334 31 19 49
719 14 617 19 22 29
719 16 335 -9 16 23
719 6 -21 -26 21 29
719 5 -39 -29 19 36
719 4 -22 95 23 66
719 17 485 84 24 58
719 18 522 35 22 56
719 19 543 46 24 60
719 20 198 41 27 44
719 21 275 4 20 54
719 22 292 2 22 52
719 23 145 6 26 58
719 24 189 12 23 50
719 25 260 19 19 50
719 26 259 22 18 51
720 1 347 36 25 52
720 2 334 29 19 51
720 14 617 19 22 29
720 16 335 -9 16 23
720 6 -20 -26 23 29
720 5 -39 -29 19 36
720 4 -22 95 23 66
720 17 485 85 24 58
720 18 522 35 22 56
720 19 543 46 24 61
720 20 198 42 26 43
720 21 274 4 20 54
720 22 292 2 22 52
720 23 146 6 26 58
720 24 189 12 24 52
720 25 261 19 19 50
720 26 259 22 18 51
721 1 349 35 24 51
721 2 335 29 19 51
721 14 617 19 22 29
721 16 335 -9 17 23
721 6 -20 -27 23 30
721 5 -39 -29 19 36
721 4 -22 95 22 65
721 17 485 86 25 61
721 18 521 36 22 56
721 19 544 46 24 60
721 20 198 42 26 42
721 21 274 4 20 55
721 22 292 3 22 52
721 23 146 6 26 58
721 24 188 14 23 48
721 25 260 20 19 50
721 26 259 22 18 51
722 1 348 35 25 51
722 2 335 29 19 51
722 14 617 19 22 29
722 16 335 -9 17 23
722 6 -20 -27 23 30
722 5 -39 -29 19 36
722 4 -22 95 22 65
722 17 486 87 23 56
722 18 521 34 23 58
722 19 544 46 24 60
722 20 198 42 26 42
722 21 273 4 20 54
722 22 292 3 22 52
722 23 146 6 28 58
722 24 188 14 23 48
722 25 260 20 19 50
722 26 259 22 18 51
723 1 349 35 24 50
723 2 336 28 19 52
723 14 617 19 22 29
723 16 335 -9 17 23
723 6 -19 -27 25 30
723 5 -39 -29 19 36
723 4 -22 95 23 65
723 17 485 87 26 62
723 18 521 34 23 58
723 19 544 46 24 60
723 20 198 45 29 39
723 21 273 4 20 54
723 22 292 3 22 52
723 23 146 6 28 58
723 24 187 13 23 51
723 25 260 19 19 50
723 26 259 22 18 51
724 1 350 35 24 49
724 2 336 28 20 53
724 14 617 19 22 29
724 16 335 -9 17 23
724 6 -19 -28 25 31
724 5 -39 -29 19 36
724 4 -22 94 22 64
724 17 485 88 26 62
724 18 521 34 23 58
724 19 546 46 23 60
724 20 198 45 29 39
724 21 273 4 20 54
724 22 292 3 22 52
724 23 147 7 27 54
724 24 186 13 23 50
724 25 260 20 19 50
724 26 259 22 18 51
725 1 349 35 24 49
725 2 336 28 20 53
725 14 617 19 22 29
725 16 335 -9 17 23
725 6 -17 -27 24 30
725 5 -39 -29 19 30
725 4 -22 93 22 65
725 17 486 88 26 62
725 18 520 34 23 58
725 19 546 46 23 60
725 20 199 45 29 39
725 21 273 4 20 54
725 22 292 3 22 52
725 23 149 7 26 54
725 24 186 12 23 49
725 25 260 20 19 50
725 26 259 22 18 51
726 1 350 35 24 50
726 2 337 29 19 48
726 14 617 19 22 29
726 16 335 -9 16 23
726 6 -17 -27 26 27
726 5 -39 -29 19 30
726 4 -22 92 23 65
726 17 486 88 26 62
726 18 522 36 20 57
726 19 543 46 28 55
726 20 199 46 29 39
726 21 272 4 20 54
726 22 292 3 22 52
726 23 149 7 26 54
726 24 186 12 23 48
726 25 260 20 19 50
726 26 259 22 18 51
727 1 350 35 24 51
727 2 337 29 19 48
727 14 617 19 22 29
727 16 335 -9 17 23
727 6 -16 -25 26 25
727 5 -39 -29 19 30
727 4 -22 91 23 68
727 17 486 87 27 63
727 18 522 36 20 57
727 19 543 46 28 55
727 20 199 46 29 39
727 21 272 4 20 54
727 22 292 3 22 52
727 23 150 7 29 52
727 24 185 12 22 50
727 25 260 19 19 50
727 26 259 22 18 51
728 1 349 35 25 51
728 2 337 29 19 48
728 14 617 19 22 29
728 16 335 -9 17 23
728 6 -16 -25 26 25
728 5 -39 -29 19 30
728 4 -22 91 23 67
728 17 486 87 27 63
728 18 522 36 20 57
728 19 543 46 28 55
728 20 199 46 29 40
728 21 272 4 20 54
728 22 295 3 19 53
728 23 150 7 29 52
728 24 185 12 22 50
728 25 260 20 19 50
728 26 259 22 18 51
729 1 350 35 25 52
729 2 338 29 19 49
729 14 617 19 22 29
729 16 335 -9 17 23
729 6 -15 -28 25 28
729 5 -39 -29 19 30
729 4 -22 90 23 68
729 17 487 86 27 65
729 18 522 36 20 57
729 19 544 46 28 54
729 20 199 46 29 40
729 21 272 4 20 54
729 22 295 3 19 53
729 23 151 7 29 52
729 24 184 12 22 50
729 25 260 20 19 50
729 26 258 22 18 51
730 1 351 35 25 51
730 2 338 29 19 49
730 14 617 19 22 29
730 16 335 -9 17 23
730 6 -13 -25 23 25
730 5 -39 -29 23 29
730 4 -22 90 23 66
730 17 488 86 27 64
730 18 521 37 20 57
730 19 546 46 27 54
730 20 199 46 29 39
730 21 272 4 19 53
730 22 295 3 18 52
730 23 151 7 29 52
730 24 184 12 22 50
730 25 260 19 19 50
730 26 258 22 18 51
731 1 353 35 24 51
731 2 339 29 19 49
731 14 617 19 22 29
731 16 335 -9 17 23
731 6 -13 -25 23 25
731 5 -36 -28 20 28
731 4 -22 90 23 68
731 17 486 87 26 63
731 18 522 36 19 56
731 19 546 46 26 58
731 20 204 48 24 37
731 21 272 4 19 53
731 22 295 3 18 52
731 23 152 7 29 51
731 24 183 12 22 50
731 25 259 19 19 50
731 26 258 22 18 51
732 1 354 34 24 50
732 2 340 29 19 51
732 14 617 19 22 29
732 16 335 -9 17 23
732 6 -12 -28 24 28
732 5 -42 -31 26 31
732 4 -22 90 23 68
732 17 491 85 27 64
732 18 522 36 19 56
732 19 546 46 26 58
732 20 205 47 24 37
732 21 271 4 19 53
732 22 295 3 18 52
732 23 154 7 28 51
732 24 180 12 27 49
732 25 259 19 19 50
732 26 258 22 18 51
733 1 354 34 25 50
733 2 341 29 19 51
733 14 617 19 22 29
733 16 335 -9 17 24
733 6 -12 -25 24 25
733 5 -36 -28 20 28
733 4 -23 90 23 68
733 17 491 86 27 63
733 18 522 36 19 56
733 19 548 45 25 60
733 20 206 47 24 37
733 21 271 3 19 54
733 22 295 3 18 52
733 23 154 6 25 55
733 24 179 12 27 49
733 25 259 19 19 51
733 26 257 22 18 52
734 1 354 34 25 50
734 2 341 29 19 51
734 14 617 19 22 29
734 16 335 -9 17 24
734 6 -12 -25 24 25
734 5 -36 -28 20 28
734 4 -23 90 22 62
734 17 491 86 27 63
734 18 522 36 19 56
734 19 548 45 25 60
734 20 206 47 24 37
734 21 271 3 19 54
734 22 295 3 18 52
734 23 154 6 25 55
734 24 179 12 27 49
734 25 259 19 19 51
734 26 257 22 18 52
735 1 354 34 25 50
735 2 341 29 19 51
735 14 617 19 22 29
735 16 335 -9 17 24
735 6 -11 -26 24 26
735 5 -35 -29 20 28
735 4 -22 90 21 62
735 17 491 86 27 63
735 18 522 36 19 56
735 19 548 45 25 60
735 20 206 47 24 37
735 21 271 3 19 53
735 22 295 3 18 52
735 23 155 6 25 55
735 24 177 12 28 49
735 25 259 19 19 51
735 26 257 22 18 52
736 1 355 34 25 50
736 2 342 29 19 52
736 14 617 19 22 29
736 16 335 -9 17 24
736 6 -10 -24 23 24
736 5 -34 -29 20 27
736 4 -27 91 26 60
736 17 492 86 32 64
736 18 522 37 19 56
736 19 551 45 23 61
736 20 207 41 25 44
736 21 271 4 19 53
736 22 295 3 18 52
736 23 155 6 25 55
736 24 177 12 28 49
736 25 258 19 18 50
736 26 257 22 18 52
737 1 355 34 25 50
737 2 342 28 19 52
737 14 617 19 22 29
737 16 335 -9 17 24
737 6 -9 -26 24 26
737 5 -37 -30 23 29
737 4 -22 91 21 59
737 17 493 86 32 64
737 18 521 37 20 56
737 19 552 45 23 61
737 20 208 41 25 45
737 21 268 4 22 52
737 22 295 3 20 53
737 23 158 6 24 55
737 24 176 13 28 48
737 25 258 19 18 50
737 26 257 22 18 52
738 1 360 34 27 49
738 2 343 28 22 50
738 14 617 19 22 29
738 16 335 -9 17 24
738 6 -9 -26 24 26
738 5 -35 -28 23 27
738 4 -25 84 23 66
738 17 493 86 32 64
738 18 521 37 20 56
738 19 552 45 23 61
738 20 208 39 26 46
738 21 268 4 22 52
738 22 295 3 20 53
738 23 158 6 24 55
738 24 175 13 27 48
738 25 258 19 18 50
738 26 256 22 18 51
739 1 360 34 27 49
739 2 343 28 22 50
739 14 617 19 22 29
739 16 335 -9 17 24
739 6 -10 -27 25 26
739 5 -35 -28 22 26
739 4 -23 84 21 65
739 17 494 86 32 65
739 18 521 38 20 55
739 19 552 45 23 61
739 20 210 38 23 48
739 21 268 4 22 52
739 22 295 3 20 53
739 23 159 6 24 55
739 24 174 13 27 48
739 25 257 19 18 50
739 26 256 22 18 52
740 1 360 34 27 49
740 2 343 28 22 50
740 14 617 19 22 29
740 16 335 -9 17 24
740 6 -10 -27 25 26
740 5 -35 -28 22 26
740 4 -27 94 25 55
740 17 494 86 32 64
740 18 521 37 20 56
740 19 552 45 23 61
740 20 210 38 23 48
740 21 268 4 22 52
740 22 295 3 20 53
740 23 159 6 24 55
740 24 174 13 30 50
740 25 257 19 18 50
740 26 256 22 17 49
741 1 361 34 27 49
741 2 344 27 22 51
741 14 617 19 22 29
741 16 335 -9 17 24
741 6 -10 -27 25 26
741 5 -39 -32 28 33
741 4 -22 94 20 54
741 17 494 86 32 65
741 18 521 38 20 56
741 19 553 45 24 60
741 20 211 37 23 49
741 21 267 4 22 52
741 22 295 3 20 53
741 23 159 6 24 56
741 24 173 13 30 49
741 25 257 19 18 50
741 26 256 22 17 49
742 1 355 33 33 50
742 2 344 27 22 51
742 14 617 19 22 29
742 16 335 -9 17 24
742 6 -8 -27 23 25
742 5 -35 -28 25 29
742 4 -23 94 18 52
742 17 491 87 37 67
742 18 521 38 20 54
742 19 553 45 24 60
742 20 211 37 23 49
742 21 267 4 22 51
742 22 295 3 20 53
742 23 160 6 25 54
742 24 173 13 30 50
742 25 257 19 18 50
742 26 256 22 17 49
743 1 355 33 33 50
743 2 345 27 23 51
743 14 617 19 22 29
743 16 335 -9 17 24
743 6 -8 -27 24 27
743 5 -35 -28 25 29
743 4 -23 94 18 51
743 17 491 87 37 67
743 18 521 38 20 54
743 19 554 45 24 59
743 20 212 36 24 50
743 21 267 4 22 51
743 22 295 4 20 53
743 23 160 6 25 54
743 24 170 13 30 49
743 25 257 19 18 50
743 26 256 22 17 49
744 1 356 31 33 51
744 2 345 26 22 51
744 14 617 19 22 29
744 16 335 -9 17 24
744 6 -4 -27 24 26
744 5 -34 -28 24 25
744 4 -23 94 17 51
744 17 491 87 37 67
744 18 521 38 20 54
744 19 554 45 24 59
744 20 212 36 24 50
744 21 267 4 22 51
744 22 295 4 20 53
744 23 161 6 25 54
744 24 172 13 27 49
744 25 257 19 18 50
744 26 255 22 17 49
745 1 356 31 33 51
745 2 346 26 23 51
745 14 617 20 22 29
745 16 335 -9 17 24
745 6 -5 -29 22 26
745 5 -34 -28 24 25
745 4 -23 95 17 50
745 17 491 87 37 66
745 18 521 38 20 54
745 19 556 45 24 59
745 20 213 35 24 51
745 21 266 4 22 52
745 22 295 4 20 53
745 23 162 6 25 54
745 24 171 13 27 49
745 25 256 19 18 50
745 26 255 22 17 49
746 1 356 31 33 51
746 2 347 27 22 50
746 14 617 20 22 29
746 16 335 -9 17 24
746 6 -4 -24 21 21
746 5 -34 -28 24 25
746 4 -27 94 18 51
746 17 491 87 37 66
746 18 520 38 21 53
746 19 556 45 24 59
746 20 213 35 24 51
746 21 266 4 22 52
746 22 295 4 20 53
746 23 162 6 25 54
746 24 172 13 24 49
746 25 256 19 18 50
746 26 255 22 17 49
747 1 356 31 33 51
747 2 348 26 22 50
747 14 617 20 22 29
747 16 335 -9 17 24
747 6 -3 -23 20 19
747 5 -32 -28 23 25
747 4 -27 94 18 51
747 17 491 87 36 65
747 18 520 38 21 53
747 19 556 45 23 61
747 20 214 35 25 51
747 21 266 4 22 52
747 22 295 4 20 53
747 23 163 5 25 54
747 24 172 13 24 49
747 25 256 19 18 50
747 26 255 22 17 49
748 1 360 29 32 53
748 2 347 26 22 51
748 14 617 20 22 29
748 16 335 -9 17 24
748 6 -1 -22 19 19
748 5 -32 -28 23 25
748 17 491 87 37 66
748 18 520 38 21 53
748 19 556 45 23 61
748 20 215 35 25 51
748 21 266 4 22 52
748 22 293 4 22 53
748 23 163 5 25 54
748 24 171 13 24 49
748 25 256 19 18 50
748 26 255 22 17 49
749 1 361 29 32 53
749 2 348 26 22 51
749 14 617 20 22 29
749 16 335 -9 17 24
749 6 -1 -27 21 24
749 5 -32 -28 23 25
749 17 490 87 38 62
749 18 520 38 21 53
749 19 557 45 24 59
749 20 216 35 25 52
749 21 266 4 22 52
749 22 293 4 22 53
749 23 167 5 19 54
749 24 171 13 24 49
749 25 256 19 18 49
749 26 255 22 17 49
750 1 361 29 32 53
750 2 348 26 22 51
750 14 617 20 22 29
750 16 335 -9 17 24
750 6 0 -23 20 20
750 5 -32 -28 23 25
750 17 489 87 38 62
750 18 518 38 23 53
750 19 557 45 24 60
750 20 216 35 25 52
750 21 266 4 22 51
750 22 293 4 22 53
750 23 167 5 19 54
750 24 167 12 26 50
750 25 259 19 17 52
750 26 255 22 17 49
751 1 362 29 32 53
751 2 349 26 22 51
751 14 617 20 22 29
751 16 335 -9 17 23
751 6 0 -23 20 20
751 5 -31 -27 23 25
751 17 489 87 38 62
751 18 518 38 23 53
751 19 558 46 24 59
751 20 216 35 30 54
751 21 266 4 22 52
751 22 293 4 22 54
751 23 167 5 19 53
751 24 167 12 26 50
751 25 259 19 17 52
751 26 255 22 17 49
752 1 361 29 32 53
752 2 349 26 22 51
752 14 617 20 22 29
752 16 335 -9 17 24
752 6 0 -23 23 20
752 5 -31 -27 23 25
752 17 489 87 38 62
752 18 518 38 23 53
752 19 556 46 24 56
752 20 216 35 30 54
752 21 266 4 22 52
752 22 293 4 22 54
752 23 167 5 19 53
752 24 167 12 26 50
752 25 259 19 17 52
752 26 255 22 17 48
753 1 365 30 28 52
753 2 349 26 22 51
753 14 617 20 22 29
753 16 335 -9 17 24
753 6 0 -24 25 21
753 5 -31 -27 23 25
753 17 489 86 35 59
753 18 515 38 26 53
753 19 556 46 24 56
753 20 217 35 31 52
753 21 265 5 22 51
753 22 293 4 22 54
753 23 167 6 19 53
753 24 167 12 25 49
753 25 259 19 17 52
753 26 255 22 17 49
754 1 366 30 28 52
754 2 350 26 22 50
754 14 617 20 22 29
754 16 335 -9 17 24
754 6 0 -23 23 20
754 5 -31 -27 23 25
754 17 489 85 35 59
754 18 515 38 26 53
754 19 557 46 24 56
754 20 218 35 31 52
754 21 265 5 22 51
754 22 293 4 22 54
754 23 167 6 22 53
754 24 166 12 22 49
754 25 259 19 17 52
754 26 255 22 17 49
755 1 366 30 28 52
755 2 350 25 23 50
755 14 617 20 22 29
755 16 335 -9 17 24
755 6 0 -24 27 23
755 5 -31 -29 23 25
755 17 489 84 35 60
755 18 515 38 26 53
755 19 558 47 24 56
755 20 218 35 31 52
755 21 265 5 22 51
755 22 292 4 22 54
755 23 167 6 22 53
755 24 166 12 22 49
755 25 259 19 17 52
755 26 254 21 17 49
756 1 366 30 28 52
756 2 351 25 23 50
756 14 617 20 22 29
756 16 335 -9 17 24
756 6 3 -24 24 23
756 5 -31 -29 23 25
756 17 489 82 36 61
756 18 514 39 24 52
756 19 558 47 24 56
756 20 219 36 32 52
756 21 264 5 21 51
756 22 292 4 22 54
756 23 166 6 27 54
756 24 165 12 22 49
756 25 259 19 17 52
756 26 254 21 17 49
757 1 367 31 28 52
757 2 351 25 23 50
757 14 617 20 22 29
757 16 335 -9 17 24
757 6 4 -22 24 21
757 5 -31 -29 23 25
757 17 490 81 36 60
757 18 514 39 24 52
757 19 558 47 24 55
757 20 220 36 32 52
757 21 264 5 21 50
757 22 292 4 22 54
757 23 166 6 27 54
757 24 164 12 22 49
757 25 258 20 16 50
757 26 254 21 16 46
758 1 367 30 28 52
758 2 354 25 20 50
758 14 617 20 22 29
758 16 335 -9 17 24
758 6 4 -22 24 22
758 5 -31 -29 23 25
758 17 490 81 36 60
758 18 514 39 24 52
758 19 558 47 24 55
758 20 220 36 32 52
758 21 264 5 21 50
758 22 292 4 22 54
758 23 166 6 27 54
758 24 164 12 22 49
758 25 259 20 16 50
758 26 254 21 16 46
759 1 368 31 28 52
759 2 354 25 20 50
759 14 617 20 22 29
759 16 335 -9 17 24
759 6 5 -22 23 20
759 5 -31 -29 23 25
759 17 491 80 35 60
759 18 514 39 24 52
759 19 559 48 24 56
759 20 222 36 28 54
759 21 264 5 21 50
759 22 290 8 22 50
759 23 166 6 28 55
759 24 164 12 22 49
759 25 258 19 17 52
759 26 253 21 16 46
760 1 371 31 27 50
760 2 355 25 20 50
760 14 617 20 22 29
760 16 335 -9 17 24
760 6 7 -22 21 19
760 5 -31 -29 23 25
760 17 491 80 35 59
760 18 513 39 24 52
760 19 555 47 28 58
760 20 223 36 28 54
760 21 264 5 21 50
760 22 290 8 22 50
760 23 166 6 30 54
760 24 163 10 21 51
760 25 259 20 16 49
760 26 253 21 16 45
761 1 371 31 26 49
761 2 355 25 20 50
761 14 617 20 22 29
761 16 335 -9 17 24
761 6 8 -22 20 17
761 5 -31 -29 23 25
761 17 493 81 33 56
761 18 516 39 21 52
761 19 555 47 28 58
761 20 223 35 28 53
761 21 263 5 21 50
761 22 289 9 22 50
761 23 166 6 30 54
761 24 163 10 21 52
761 25 257 19 16 49
761 26 253 21 17 50
762 1 370 31 29 51
762 2 357 25 19 51
762 14 617 20 22 29
762 16 335 -9 17 24
762 6 8 -21 20 18
762 5 -31 -29 23 25
762 17 496 80 31 55
762 18 516 39 21 52
762 19 555 47 28 58
762 20 224 35 28 53
762 21 263 5 21 51
762 22 289 9 22 49
762 23 165 6 31 55
762 24 158 9 25 52
762 25 258 20 16 49
762 26 253 21 17 50
763 1 370 31 29 51
763 2 357 25 19 47
763 14 617 20 22 29
763 16 335 -9 17 24
763 6 9 -21 20 18
763 5 -31 -29 23 25
763 17 499 80 28 53
763 18 516 39 21 52
763 19 557 47 27 58
763 20 224 35 28 53
763 21 263 5 21 51
763 22 289 9 22 49
763 23 169 5 26 55
763 24 157 9 25 53
763 25 258 20 16 49
763 26 252 21 17 50
764 1 370 31 29 51
764 2 357 25 19 47
764 14 617 20 22 29
764 16 335 -9 17 24
764 6 9 -21 20 18
764 5 -31 -29 23 25
764 17 499 80 30 54
764 18 514 39 23 52
764 19 557 47 27 58
764 20 228 35 24 52
764 21 265 5 19 52
764 22 289 9 22 49
764 23 169 5 26 55
764 24 157 9 25 53
764 25 257 20 16 49
764 26 252 21 17 50
765 1 371 31 29 51
765 2 357 25 19 47
765 14 617 20 22 29
765 16 335 -9 17 24
765 6 8 -22 21 19
765 5 -31 -29 23 25
765 17 499 80 30 53
765 18 514 39 23 52
765 19 557 47 27 58
765 20 229 35 24 52
765 21 265 5 19 52
765 22 288 9 22 49
765 23 169 5 26 55
765 24 156 8 25 53
765 25 258 20 16 50
765 26 252 21 17 50
766 1 371 30 29 51
766 2 358 25 19 47
766 14 617 20 22 29
766 16 335 -9 17 24
766 6 13 -24 20 21
766 5 -31 -29 23 25
766 17 499 79 30 53
766 18 513 39 23 52
766 19 557 47 27 58
766 20 229 35 24 52
766 21 265 5 19 52
766 22 288 9 22 49
766 23 169 5 26 55
766 24 154 9 27 53
766 25 257 19 17 52
766 26 252 21 17 50
767 1 371 30 30 52
767 2 359 25 19 47
767 14 617 20 22 29
767 16 335 -9 17 24
767 6 13 -21 21 19
767 5 -31 -29 23 25
767 17 499 77 30 55
767 18 513 39 23 52
767 19 557 47 27 58
767 20 230 36 24 52
767 21 265 5 19 52
767 22 287 9 22 50
767 23 169 5 26 56
767 24 153 9 27 53
767 25 257 19 17 52
767 26 252 21 17 50
768 1 372 31 29 51
768 2 359 25 19 47
768 14 617 20 22 29
768 16 335 -9 17 24
768 6 14 -21 21 19
768 5 -31 -30 25 27
768 17 501 72 24 59
768 18 513 39 23 52
768 19 559 48 25 58
768 20 231 36 27 53
768 21 264 5 19 52
768 22 287 9 22 50
768 23 169 5 26 55
768 24 153 9 27 54
768 25 256 20 16 50
768 26 251 21 17 51
769 1 372 29 31 54
769 2 360 25 19 46
769 14 617 20 22 29
769 16 335 -9 17 24
769 6 14 -21 21 19
769 5 -31 -29 23 25
769 17 501 71 24 59
769 18 512 39 23 52
769 19 559 48 25 58
769 20 231 36 27 53
769 21 264 5 19 53
769 22 287 9 22 49
769 23 170 6 26 55
769 24 152 9 27 54
769 25 253 20 18 50
769 26 251 23 17 49
770 1 374 29 31 47
770 2 360 25 19 46
770 14 617 20 22 29
770 16 335 -9 17 24
770 6 14 -23 21 17
770 5 -33 -30 25 26
770 17 501 70 24 60
770 18 512 39 23 52
770 19 559 48 25 58
770 20 231 36 27 53
770 21 264 5 19 53
770 22 287 9 22 49
770 23 169 6 26 54
770 24 152 8 28 54
770 25 253 20 18 50
770 26 251 23 17 49
771 1 374 29 31 47
771 2 360 24 19 47
771 14 617 20 22 29
771 16 335 -9 17 24
771 6 15 -21 20 15
771 5 -31 -29 23 27
771 17 502 70 24 59
771 18 512 39 23 52
771 19 559 48 25 58
771 20 232 37 29 52
771 21 264 5 19 53
771 22 287 9 21 51
771 23 170 6 26 55
771 24 151 8 28 55
771 25 253 20 18 50
771 26 251 23 17 49
772 1 375 29 31 47
772 2 362 24 19 45
772 14 617 20 22 29
772 16 335 -9 17 24
772 6 17 -20 19 14
772 5 -33 -30 25 26
772 17 502 67 25 63
772 18 512 39 23 52
772 19 559 49 25 58
772 20 233 37 29 52
772 21 264 5 19 53
772 22 286 9 21 51
772 23 170 6 26 55
772 24 150 9 27 53
772 25 252 20 18 50
772 26 250 23 17 49
773 1 375 29 31 47
773 2 362 24 19 46
773 14 617 20 22 29
773 16 335 -9 17 24
773 6 18 -23 21 18
773 5 -30 -28 23 28
773 17 502 67 25 63
773 18 514 39 20 52
773 19 559 49 25 58
773 20 233 38 29 51
773 21 264 5 19 53
773 22 286 9 21 51
773 23 170 6 26 55
773 24 150 9 27 53
773 25 252 20 18 50
773 26 249 22 17 49
774 1 376 29 30 46
774 2 363 23 19 47
774 14 617 20 22 29
774 16 335 -9 17 24
774 6 19 -24 20 20
774 5 -29 -27 22 27
774 17 504 67 24 62
774 18 514 39 20 52
774 19 559 49 25 58
774 20 234 38 29 52
774 21 264 4 19 53
774 22 286 9 19 51
774 23 169 7 26 54
774 24 149 9 27 52
774 25 252 20 18 50
774 26 248 22 17 51
775 1 375 29 31 47
775 2 364 23 19 46
775 14 617 20 22 29
775 16 335 -9 17 24
775 6 20 -23 19 21
775 5 -29 -27 22 27
775 17 504 67 24 63
775 18 514 39 20 52
775 19 559 49 25 58
775 20 236 38 28 52
775 21 264 4 19 53
775 22 285 9 19 51
775 23 169 7 26 54
775 24 149 9 24 49
775 25 251 20 18 50
775 26 248 22 17 50
776 1 378 29 27 47
776 2 364 23 19 45
776 14 617 20 22 29
776 16 335 -9 17 24
776 6 20 -21 19 19
776 5 -29 -27 22 27
776 17 504 67 24 63
776 18 514 39 20 52
776 19 559 49 24 59
776 20 237 38 27 52
776 21 264 4 19 53
776 22 285 9 19 51
776 23 169 7 26 54
776 24 149 9 24 49
776 25 251 20 18 50
776 26 247 21 21 50
777 1 378 29 27 47
777 2 363 23 19 46
777 14 617 20 22 29
777 16 335 -8 17 24
777 6 20 -21 19 19
777 5 -29 -27 22 27
777 17 504 67 23 62
777 18 513 39 20 53
777 19 559 49 24 59
777 20 238 38 27 52
777 21 263 4 19 53
777 22 285 9 19 52
777 23 169 7 26 54
777 24 148 9 24 49
777 25 252 20 18 50
777 26 247 21 21 50
778 1 382 26 23 50
778 2 364 23 19 46
778 14 617 20 22 29
778 16 335 -8 17 24
778 6 24 -24 17 19
778 5 -29 -27 22 27
778 17 503 68 25 62
778 18 513 39 20 53
778 19 559 49 24 59
778 20 239 38 27 52
778 21 264 4 19 53
778 22 284 9 19 50
778 23 169 7 26 54
778 24 148 9 24 49
778 25 251 20 18 51
778 26 246 21 21 50
779 1 382 26 23 50
779 2 364 23 19 46
779 14 617 20 22 29
779 16 335 -8 17 24
779 6 24 -21 18 17
779 5 -28 -27 22 27
779 17 505 67 23 60
779 18 513 39 20 52
779 19 559 49 24 59
779 20 239 40 27 50
779 21 263 4 19 53
779 22 284 9 19 50
779 23 169 7 26 54
779 24 148 8 23 49
779 25 250 20 19 52
779 26 246 21 21 50
780 1 382 26 23 50
780 2 365 23 19 46
780 14 617 20 22 29
780 16 335 -8 17 24
780 6 25 -20 18 17
780 5 -28 -27 22 27
780 17 504 67 23 61
780 18 513 39 20 52
780 19 559 50 24 59
780 20 240 41 26 49
780 21 263 3 19 52
780 22 283 9 19 50
780 23 170 7 24 55
780 24 146 8 25 51
780 25 251 20 17 46
780 26 246 21 21 49
781 1 384 26 21 46
781 2 365 23 19 46
781 14 617 20 22 29
781 16 335 -8 17 24
781 6 23 -28 21 27
781 5 -28 -27 22 27
781 17 504 66 23 62
781 18 514 40 19 50
781 19 559 50 24 59
781 20 241 41 26 48
781 21 262 3 19 52
781 22 278 9 24 49
781 23 169 7 25 54
781 24 146 8 25 51
781 25 251 20 17 46
781 26 246 21 17 50
782 1 382 26 23 50
782 2 365 23 19 46
782 14 617 20 22 29
782 16 335 -8 17 24
782 6 24 -20 20 19
782 5 -28 -27 22 27
782 17 504 67 22 59
782 18 513 35 20 55
782 19 559 50 24 59
782 20 244 39 23 50
782 21 263 3 19 52
782 22 278 9 24 49
782 23 169 7 25 54
782 24 146 8 25 51
782 25 251 20 17 46
782 26 246 21 17 50
783 1 382 26 23 50
783 2 366 22 19 46
783 14 617 20 22 29
783 16 335 -8 17 24
783 6 24 -20 20 19
783 5 -28 -26 22 26
783 17 505 63 23 62
783 18 513 35 19 54
783 19 559 50 24 59
783 20 244 39 23 50
783 21 264 4 17 51
783 22 278 9 24 49
783 23 168 7 24 54
783 24 145 8 24 51
783 25 254 20 16 51
783 26 246 21 17 50
784 1 385 25 23 49
784 2 366 22 19 46
784 14 617 20 22 29
784 16 335 -8 17 24
784 6 25 -25 19 24
784 5 -28 -27 22 27
784 17 505 62 24 62
784 18 514 36 19 52
784 19 559 50 24 58
784 20 245 39 23 50
784 21 264 4 17 51
784 22 277 9 24 49
784 23 168 7 25 55
784 24 145 8 24 51
784 25 251 21 17 51
784 26 246 21 17 50
785 1 385 25 23 49
785 2 367 21 19 47
785 14 617 20 22 29
785 16 335 -8 17 24
785 6 25 -25 20 22
785 5 -24 -26 18 26
785 17 505 62 24 61
785 18 514 36 18 51
785 19 560 51 23 58
785 20 245 38 26 54
785 21 264 4 17 51
785 22 277 9 24 49
785 23 168 7 24 54
785 24 144 8 24 51
785 25 251 21 17 51
785 26 243 21 19 53
786 1 385 24 23 49
786 2 367 21 19 46
786 14 617 20 22 29
786 16 335 -8 17 24
786 6 25 -20 20 17
786 5 -24 -26 18 26
786 17 505 62 22 60
786 18 514 36 18 50
786 19 560 51 23 58
786 20 245 38 26 54
786 21 264 4 17 49
786 22 276 10 24 48
786 23 167 7 24 54
786 24 143 7 24 52
786 25 250 21 17 49
786 26 240 21 21 49
787 1 386 25 23 48
787 2 367 21 19 46
787 14 617 20 22 29
787 16 335 -8 17 24
787 6 26 -20 20 17
787 5 -24 -26 18 26
787 17 505 62 22 60
787 18 514 36 18 50
787 19 560 53 23 56
787 20 246 38 26 55
787 21 262 2 20 52
787 22 276 10 23 48
787 23 167 8 24 54
787 24 143 7 24 52
787 25 250 21 17 49
787 26 240 21 21 49
788 1 386 26 22 48
788 2 367 21 19 46
788 14 617 20 22 29
788 16 335 -8 17 24
788 6 26 -20 20 17
788 5 -24 -26 18 26
788 17 505 62 22 60
788 18 514 36 18 50
788 19 560 53 23 56
788 20 246 38 26 54
788 21 262 2 20 52
788 22 276 10 23 48
788 23 167 8 24 54
788 24 143 7 24 52
788 25 250 21 17 49
788 26 240 21 21 49
789 1 386 21 26 52
789 2 368 21 19 46
789 14 617 20 22 29
789 16 335 -8 17 24
789 6 28 -19 18 16
789 5 -23 -26 18 26
789 17 505 63 21 58
789 18 514 36 18 50
789 19 560 53 23 56
789 20 247 38 26 54
789 21 262 2 20 52
789 22 275 10 24 48
789 23 167 8 24 54
789 24 142 7 24 51
789 25 251 21 17 49
789 26 238 21 22 50
790 1 386 21 26 52
790 2 368 21 19 45
790 14 617 20 22 29
790 16 335 -8 17 24
790 6 28 -17 17 15
790 5 -23 -26 18 26
790 17 506 64 22 56
790 18 514 37 18 50
790 19 560 53 23 56
790 20 247 38 26 54
790 21 261 2 20 52
790 22 275 10 24 48
790 23 166 8 24 55
790 24 142 7 26 51
790 25 251 21 18 51
790 26 239 20 19 53
791 1 386 21 26 52
791 2 369 21 19 45
791 14 617 20 22 29
791 16 335 -8 17 24
791 6 27 -22 19 19
791 5 -23 -26 18 26
791 17 505 63 22 56
791 18 514 37 18 50
791 19 560 54 23 56
791 20 250 39 26 55
791 21 261 2 20 52
791 22 275 10 24 48
791 23 164 8 28 53
791 24 141 7 26 51
791 25 249 21 16 48
791 26 239 20 19 53
792 1 391 21 21 52
792 2 369 21 19 45
792 14 617 20 22 29
792 16 335 -8 17 24
792 6 29 -20 17 16
792 5 -23 -26 22 25
792 17 505 63 22 56
792 18 514 37 18 50
792 19 559 53 25 59
792 20 251 39 26 55
792 21 262 2 19 51
792 22 275 10 24 48
792 23 163 8 28 53
792 24 141 7 26 52
792 25 249 21 16 48
792 26 238 20 18 53
793 1 392 21 20 52
793 2 369 21 19 45
793 14 617 20 22 29
793 16 335 -8 17 24
793 6 30 -21 15 18
793 5 -23 -26 22 25
793 17 505 63 20 56
793 18 515 37 18 50
793 19 560 54 23 56
793 20 251 39 26 55
793 21 262 2 19 51
793 22 274 10 24 48
793 23 166 8 25 54
793 24 141 6 27 52
793 25 250 21 16 49
793 26 235 20 18 54
794 1 391 21 21 52
794 2 369 21 19 45
794 14 617 20 22 29
794 16 335 -8 17 24
794 6 30 -20 15 17
794 5 -23 -26 22 25
794 17 505 63 20 56
794 18 515 37 19 60
794 19 560 54 23 56
794 20 251 39 26 55
794 21 262 2 19 51
794 22 277 10 21 49
794 23 166 8 25 54
794 24 141 6 25 51
794 25 250 21 16 49
794 26 235 20 18 54
795 1 392 21 20 52
795 2 370 21 19 45
795 14 617 20 22 29
795 16 335 -8 17 24
795 6 30 -20 15 17
795 5 -21 -26 21 26
795 17 504 59 23 60
795 18 515 37 19 60
795 19 559 53 25 59
795 20 252 39 26 55
795 21 262 2 19 51
795 22 276 10 21 49
795 23 165 8 25 54
795 24 141 6 25 51
795 25 248 21 16 47
795 26 234 20 18 54
796 1 390 21 22 52
796 2 370 21 19 45
796 14 617 20 22 29
796 16 335 -8 17 24
796 6 30 -20 15 17
796 5 -21 -26 21 26
796 17 504 58 23 60
796 18 515 37 19 58
796 19 560 54 23 56
796 20 254 39 26 54
796 21 261 2 19 51
796 22 276 10 21 49
796 23 165 8 25 54
796 24 140 6 25 52
796 25 247 21 19 49
796 26 234 20 18 54
797 1 390 21 22 52
797 2 371 21 19 45
797 14 617 20 22 29
797 16 335 -8 17 24
797 6 30 -24 16 22
797 5 -21 -26 21 26
797 17 503 58 24 60
797 18 515 37 18 57
797 19 560 54 23 57
797 20 254 38 25 59
797 21 261 2 19 50
797 22 275 10 21 50
797 23 163 8 24 54
797 24 140 6 25 52
797 25 247 21 17 51
797 26 233 20 18 54
798 1 390 21 22 52
798 2 371 21 19 45
798 14 617 20 22 29
798 16 335 -8 17 24
798 6 30 -20 16 18
798 5 -20 -26 20 26
798 17 503 58 24 60
798 18 513 37 21 60
798 19 560 54 24 57
798 20 258 38 21 59
798 21 261 1 19 50
798 22 275 10 21 50
798 23 161 8 25 54
798 24 138 5 27 53
798 25 247 21 17 50
798 26 233 20 20 56
799 1 389 22 25 52
799 2 371 21 19 45
799 14 617 20 22 29
799 16 335 -8 17 24
799 6 31 -20 16 18
799 5 -20 -26 20 26
799 17 502 58 23 61
799 18 513 37 21 60
799 19 558 54 25 58
799 20 259 38 21 59
799 21 260 1 20 50
799 22 275 10 18 48
799 23 161 8 25 54
799 24 138 5 27 53
799 25 248 21 17 51
799 26 233 20 20 56
800 1 393 22 21 49
800 2 371 21 19 45
800 14 617 20 22 29
800 16 335 -8 17 24
800 6 31 -20 16 18
800 5 -20 -26 20 26
800 17 497 58 28 59
800 18 513 37 21 60
800 19 558 54 25 58
800 20 259 38 23 60
800 21 260 1 20 50
800 22 275 10 18 48
800 23 161 8 24 55
800 24 138 5 27 53
800 25 248 21 17 51
800 26 233 20 20 56
801 1 393 22 21 50
801 2 372 21 18 45
801 14 617 20 22 29
801 16 335 -8 17 24
801 6 31 -22 20 20
801 5 -20 -26 20 26
801 17 497 58 28 59
801 18 513 37 21 60
801 19 558 54 25 58
801 20 260 38 23 60
801 21 260 1 20 50
801 22 274 10 19 48
801 23 160 8 24 56
801 24 137 5 27 53
801 25 247 21 17 51
801 26 232 20 20 56
802 1 393 22 21 51
802 2 372 21 18 45
802 14 617 21 21 29
802 16 335 -8 17 24
802 6 31 -20 20 18
802 5 -20 -26 20 26
802 17 496 58 26 61
802 18 513 37 21 60
802 19 558 54 25 58
802 20 260 38 26 60
802 21 260 1 20 50
802 22 274 10 19 48
802 23 160 8 24 55
802 24 137 5 27 52
802 25 247 21 17 51
802 26 232 20 20 56
803 1 394 22 20 51
803 2 372 21 18 45
803 14 617 21 21 29
803 16 335 -8 17 24
803 6 33 -18 19 18
803 5 -20 -26 20 26
803 17 496 58 26 61
803 18 513 37 21 60
803 19 558 54 25 58
803 20 261 38 26 60
803 21 260 1 20 49
803 22 273 10 19 48
803 23 158 8 26 56
803 24 137 5 26 52
803 25 247 21 17 51
803 26 231 20 20 56
804 1 395 22 19 50
804 2 372 19 19 46
804 14 617 21 21 29
804 16 335 -8 17 24
804 6 32 -24 21 24
804 5 -20 -26 20 26
804 17 495 57 26 56
804 18 513 37 21 60
804 19 558 55 25 58
804 20 261 38 26 60
804 21 259 1 19 49
804 22 272 10 20 50
804 23 158 8 26 56
804 24 137 5 26 52
804 25 243 19 21 53
804 26 231 20 20 57
805 1 395 21 19 50
805 2 375 17 18 46
805 14 617 21 21 29
805 16 335 -8 17 24
805 6 32 -19 21 19
805 5 -20 -26 20 26
805 17 496 58 25 55
805 18 513 37 21 60
805 19 558 55 25 58
805 20 262 38 29 57
805 21 259 1 19 49
805 22 272 10 20 50
805 23 157 8 26 56
805 24 136 5 26 52
805 25 243 19 21 53
805 26 228 23 22 54
806 1 395 21 19 50
806 2 375 17 18 46
806 14 617 21 21 29
806 16 335 -8 17 24
806 6 32 -19 21 19
806 5 -20 -26 20 26
806 17 496 58 25 55
806 18 513 37 21 60
806 19 558 55 25 58
806 20 262 38 29 57
806 21 259 1 19 49
806 22 272 10 20 50
806 23 157 10 26 54
806 24 136 5 26 52
806 25 243 19 21 53
806 26 228 23 22 54
807 1 395 21 19 50
807 2 375 17 18 46
807 14 617 21 21 29
807 16 335 -8 17 24
807 6 32 -19 21 19
807 5 -20 -26 20 26
807 17 496 58 25 55
807 18 513 37 21 60
807 19 558 55 25 58
807 20 263 38 29 57
807 21 259 1 19 49
807 22 271 10 20 50
807 23 157 10 26 54
807 24 136 5 26 52
807 25 242 19 21 53
807 26 227 23 22 54
808 1 395 20 19 51
808 2 376 17 18 46
808 14 617 21 21 29
808 16 335 -8 17 24
808 6 32 -19 21 19
808 5 -20 -26 24 26
808 17 496 57 25 56
808 18 513 37 21 60
808 19 558 55 25 58
808 20 263 38 29 58
808 21 259 1 19 49
808 22 271 10 20 50
808 23 156 10 26 54
808 24 134 5 27 52
808 25 242 19 21 53
808 26 227 23 22 54
809 1 395 20 19 51
809 2 376 17 18 45
809 14 617 21 21 29
809 16 335 -8 17 24
809 6 34 -19 20 19
809 5 -20 -26 24 26
809 17 496 57 25 56
809 18 512 37 20 57
809 19 557 54 24 58
809 20 266 38 30 58
809 21 259 1 19 49
809 22 270 9 20 50
809 23 156 10 27 51
809 24 134 5 28 53
809 25 242 19 21 53
809 26 224 23 25 54
810 1 395 20 19 51
810 2 376 17 18 45
810 14 617 21 21 29
810 16 335 -8 17 24
810 6 34 -19 20 19
810 5 -20 -26 24 26
810 17 496 57 25 54
810 18 513 38 21 60
810 19 558 55 25 57
810 20 267 38 28 58
810 21 258 1 19 50
810 22 271 9 20 49
810 23 156 10 27 51
810 24 133 5 27 53
810 25 242 19 21 53
810 26 223 23 25 54
811 1 395 20 19 51
811 2 377 17 18 45
811 14 617 21 21 29
811 16 335 -8 17 24
811 6 32 -22 20 21
811 5 -21 -32 25 32
811 17 496 57 25 56
811 18 513 37 21 60
811 19 558 55 25 57
811 20 268 38 28 58
811 21 258 0 19 49
811 22 271 10 20 49
811 23 155 10 27 51
811 24 133 5 25 52
811 25 242 19 21 52
811 26 223 23 25 54
812 1 395 20 19 51
812 2 375 17 20 45
812 14 617 21 21 29
812 16 335 -8 17 24
812 6 32 -19 20 18
812 5 -20 -26 24 26
812 17 496 57 25 56
812 18 512 37 22 58
812 19 558 55 25 57
812 20 268 38 28 58
812 21 258 0 19 49
812 22 270 9 20 49
812 23 155 10 27 51
812 24 133 5 25 52
812 25 242 19 21 52
812 26 220 23 28 53
813 1 395 20 24 53
813 2 375 17 20 45
813 14 617 21 21 29
813 16 335 -8 17 24
813 6 32 -19 20 18
813 5 -20 -26 24 26
813 17 496 57 25 56
813 18 512 37 22 58
813 19 558 55 25 57
813 20 270 38 28 58
813 21 258 0 19 49
813 22 270 9 20 49
813 23 155 10 27 51
813 24 133 5 25 52
813 25 241 19 21 52
813 26 219 23 28 53
814 1 395 20 24 53
814 2 376 17 20 45
814 14 617 21 21 29
814 16 335 -8 17 24
814 6 32 -19 20 18
814 5 -20 -26 24 26
814 17 496 57 25 56
814 18 512 37 22 58
814 19 557 55 24 57
814 20 271 37 28 58
814 21 258 0 19 49
814 22 271 9 20 50
814 23 154 10 27 51
814 24 132 5 25 52
814 25 241 18 21 53
814 26 219 23 28 53
815 1 395 20 24 53
815 2 376 17 20 45
815 14 617 21 21 29
815 16 335 -8 17 24
815 6 32 -19 20 18
815 5 -20 -26 24 26
815 17 499 57 22 56
815 18 512 37 22 58
815 19 557 55 24 57
815 20 271 37 28 59
815 21 257 0 19 47
815 22 269 9 20 50
815 23 154 10 29 52
815 24 132 5 25 52
815 25 241 18 21 53
815 26 218 23 28 54
816 1 396 20 24 53
816 2 377 17 19 44
816 14 617 21 21 29
816 16 335 -8 17 24
816 6 32 -19 20 18
816 5 -18 -26 23 26
816 17 499 57 22 56
816 18 512 37 22 58
816 19 557 55 24 57
816 20 275 38 25 58
816 21 257 0 19 49
816 22 269 9 20 50
816 23 154 10 29 52
816 24 132 5 25 50
816 25 241 18 21 53
816 26 217 23 28 53
817 1 396 19 24 53
817 2 380 17 16 48
817 14 616 21 21 29
817 16 335 -8 17 24
817 6 33 -18 19 18
817 5 -18 -26 23 26
817 17 499 57 22 55
817 18 512 37 22 58
817 19 557 55 24 57
817 20 276 38 25 59
817 21 256 0 18 46
817 22 268 8 20 50
817 23 154 10 29 52
817 24 132 5 25 50
817 25 241 19 20 51
817 26 219 23 26 53
818 1 397 19 24 51
818 2 380 17 16 48
818 14 616 21 21 29
818 16 335 -8 17 24
818 6 35 -22 17 22
818 5 -18 -26 23 26
818 17 499 57 24 55
818 18 512 38 20 58
818 19 557 55 24 57
818 20 276 38 25 59
818 21 256 0 21 47
818 22 268 8 20 51
818 23 154 10 28 52
818 24 132 5 25 50
818 25 239 19 22 54
818 26 219 23 26 53
819 1 397 19 24 51
819 2 380 17 16 48
819 14 616 21 21 29
819 16 335 -8 17 24
819 6 35 -19 17 19
819 5 -18 -26 23 26
819 17 499 57 24 55
819 18 512 38 20 58
819 19 556 55 24 57
819 20 276 38 25 59
819 21 256 0 21 47
819 22 268 8 20 50
819 23 154 10 28 52
819 24 132 5 25 50
819 25 239 19 22 54
819 26 218 23 26 53
820 1 397 19 24 51
820 2 380 17 16 48
820 14 616 21 21 29
820 16 335 -8 17 24
820 6 35 -19 17 19
820 5 -18 -26 23 26
820 17 499 57 24 55
820 18 512 38 20 58
820 19 556 55 24 57
820 20 278 38 25 59
820 21 255 0 21 46
820 22 269 9 19 48
820 23 154 10 28 52
820 24 132 5 25 49
820 25 238 19 22 54
820 26 218 23 26 53
821 1 398 19 24 51
821 2 381 17 16 44
821 14 616 21 21 29
821 16 335 -8 17 24
821 6 35 -22 17 22
821 5 -18 -26 25 27
821 17 500 57 25 53
821 18 512 38 20 58
821 19 556 55 24 57
821 20 278 38 25 59
821 21 255 0 21 46
821 22 265 5 22 52
821 23 154 10 28 52
821 24 132 5 25 49
821 25 238 19 22 54
821 26 217 23 26 53
822 1 398 18 24 51
822 2 381 17 16 44
822 14 616 21 21 29
822 16 335 -8 17 24
822 6 35 -22 16 22
822 5 -18 -26 23 26
822 17 500 57 26 50
822 18 512 38 20 58
822 19 556 55 24 57
822 20 280 38 26 59
822 21 253 0 22 47
822 22 265 5 22 52
822 23 153 10 28 52
822 24 131 5 25 49
822 25 238 19 22 54
822 26 219 23 21 52
823 1 400 17 22 52
823 2 381 17 16 44
823 14 616 21 21 30
823 16 335 -8 17 24
823 6 35 -19 16 19
823 5 -18 -24 24 24
823 17 500 57 26 50
823 18 512 38 20 58
823 19 555 55 23 56
823 20 282 39 26 59
823 21 253 0 22 47
823 22 264 5 22 52
823 23 153 10 28 52
823 24 131 5 25 50
823 25 238 19 22 55
823 26 218 23 21 52
824 1 400 17 22 52
824 2 381 17 16 44
824 14 616 21 21 30
824 16 335 -8 17 24
824 6 35 -18 16 18
824 5 -18 -26 23 26
824 17 500 57 26 50
824 18 512 38 20 58
824 19 555 55 23 56
824 20 282 39 26 60
824 21 254 -2 22 47
824 22 264 5 22 52
824 23 155 10 26 52
824 24 131 5 25 50
824 25 236 19 24 54
824 26 218 23 21 52
825 1 400 17 22 52
825 2 382 17 16 43
825 14 616 21 21 30
825 16 335 -8 17 24
825 6 35 -18 16 18
825 5 -18 -24 24 24
825 17 500 57 26 50
825 18 512 38 20 58
825 19 556 55 24 57
825 20 283 38 26 59
825 21 253 -2 22 47
825 22 265 5 21 52
825 23 155 10 26 52
825 24 131 4 25 50
825 25 236 19 24 54
825 26 218 23 21 52
826 1 400 17 22 52
826 2 382 17 15 42
826 14 616 21 21 30
826 16 335 -8 17 24
826 6 34 -18 15 18
826 5 -18 -24 22 24
826 17 504 56 22 51
826 18 512 38 20 58
826 19 554 55 24 56
826 20 284 39 25 59
826 21 253 -3 22 48
826 22 265 5 21 52
826 23 155 10 26 52
826 24 131 4 25 50
826 25 235 19 24 54
826 26 218 23 21 52
827 1 401 18 21 51
827 2 383 17 15 42
827 14 616 21 21 30
827 16 335 -8 17 24
827 6 34 -20 18 20
827 5 -14 -24 18 24
827 17 505 57 21 50
827 18 512 38 20 56
827 19 554 55 24 56
827 20 285 40 25 58
827 21 251 -3 23 48
827 22 264 5 21 52
827 23 155 10 26 52
827 24 131 4 25 49
827 25 236 19 23 56
827 26 213 23 23 51
828 1 401 18 21 51
828 2 383 17 15 42
828 14 616 21 21 29
828 16 335 -8 17 24
828 6 34 -19 18 19
828 5 -14 -24 18 24
828 17 505 57 21 50
828 18 512 38 20 58
828 19 554 55 24 56
828 20 286 40 25 58
828 21 250 -3 23 48
828 22 264 5 21 53
828 23 155 11 24 51
828 24 131 4 26 50
828 25 235 19 24 54
828 26 213 23 23 51
829 1 402 18 20 48
829 2 384 18 14 40
829 14 616 21 21 30
829 16 335 -8 17 24
829 6 32 -19 19 19
829 5 -14 -22 18 22
829 17 506 57 21 50
829 18 511 38 19 58
829 19 553 55 24 56
829 20 288 40 25 58
829 21 250 -4 23 48
829 22 264 5 22 50
829 23 155 11 24 51
829 24 131 4 26 50
829 25 234 19 24 54
829 26 212 23 23 51
830 1 402 18 20 48
830 2 383 18 18 43
830 14 616 21 21 30
830 16 335 -8 17 24
830 6 32 -19 20 21
830 5 -14 -22 18 22
830 17 506 55 21 52
830 18 511 38 19 58
830 19 553 56 23 56
830 20 287 40 25 58
830 21 250 -4 23 48
830 22 264 5 22 50
830 23 155 11 24 51
830 24 131 4 26 50
830 25 234 19 24 54
830 26 212 23 23 51
831 1 402 18 20 48
831 2 383 18 18 43
831 14 616 21 21 29
831 16 335 -8 17 24
831 6 32 -19 20 21
831 5 -15 -26 19 26
831 17 506 55 21 52
831 18 512 38 20 56
831 19 552 55 24 56
831 20 288 39 25 59
831 21 249 -4 23 48
831 22 264 5 22 50
831 23 155 11 24 51
831 24 130 4 26 51
831 25 234 19 24 55
831 26 211 23 23 51
832 1 403 18 22 48
832 2 383 18 18 43
832 14 616 21 21 30
832 16 335 -8 17 24
832 6 32 -19 20 21
832 5 -14 -25 18 25
832 17 507 55 21 52
832 18 511 38 19 58
832 19 553 55 25 58
832 20 291 39 23 59
832 21 248 -4 21 48
832 22 263 5 22 50
832 23 155 11 24 51
832 24 130 2 26 51
832 25 233 19 25 55
832 26 210 23 24 51
833 1 404 18 21 48
833 2 385 18 16 43
833 14 616 21 21 30
833 16 335 -8 17 24
833 6 32 -19 20 21
833 5 -14 -25 18 25
833 17 507 55 21 52
833 18 511 38 19 58
833 19 552 55 24 58
833 20 292 39 23 59
833 21 248 -4 21 48
833 22 263 5 22 50
833 23 155 11 24 51
833 24 130 2 26 51
833 25 233 18 25 55
833 26 210 23 24 51
834 1 404 18 22 49
834 2 385 18 16 43
834 14 616 21 21 30
834 16 335 -8 17 24
834 6 34 -20 18 22
834 5 -14 -25 18 25
834 17 508 54 21 52
834 18 511 38 19 58
834 19 551 55 25 58
834 20 293 39 23 59
834 21 247 -4 21 48
834 22 262 4 22 51
834 23 155 11 24 51
834 24 130 2 26 51
834 25 232 18 24 56
834 26 209 23 24 51
835 1 404 17 22 48
835 2 385 18 16 43
835 14 616 21 21 30
835 16 335 -8 17 24
835 6 34 -19 18 21
835 5 -14 -25 18 25
835 17 508 53 22 54
835 18 512 38 20 58
835 19 551 56 24 57
835 20 294 40 28 59
835 21 246 -4 21 48
835 22 262 4 22 51
835 23 156 10 24 52
835 24 129 2 26 51
835 25 233 18 23 53
835 26 209 23 24 51
836 1 404 18 22 48
836 2 385 18 16 43
836 14 616 21 21 30
836 16 335 -8 17 24
836 6 34 -19 18 21
836 5 -14 -25 18 25
836 17 508 53 22 54
836 18 512 38 20 58
836 19 551 56 24 57
836 20 294 40 28 59
836 21 246 -4 21 48
836 22 260 4 23 51
836 23 156 8 24 54
836 24 129 2 26 51
836 25 233 18 23 53
836 26 209 23 24 51
837 1 404 18 22 48
837 2 385 18 16 43
837 14 616 21 21 29
837 16 335 -8 17 24
837 6 32 -25 20 27
837 5 -14 -25 18 25
837 17 508 53 23 56
837 18 512 38 20 58
837 19 551 56 24 57
837 20 295 40 28 59
837 21 246 -4 21 48
837 22 260 4 23 51
837 23 156 8 24 54
837 24 129 1 25 50
837 25 233 18 23 53
837 26 209 23 24 51
838 1 404 17 22 49
838 2 386 18 16 42
838 14 616 21 21 30
838 16 335 -8 17 24
838 6 32 -19 20 21
838 5 -14 -25 18 25
838 17 512 51 21 55
838 18 513 38 20 56
838 19 549 56 26 59
838 20 296 40 28 59
838 21 245 -4 21 48
838 22 259 4 23 51
838 23 156 8 24 54
838 24 129 1 26 52
838 25 232 18 23 53
838 26 208 23 24 51
839 1 407 17 21 49
839 2 386 16 17 43
839 14 616 21 21 30
839 16 335 -8 17 24
839 6 32 -19 20 21
839 5 -14 -25 18 27
839 17 512 51 21 55
839 18 513 38 20 56
839 19 549 56 26 58
839 20 295 44 30 56
839 21 245 -4 21 48
839 22 259 4 23 51
839 23 156 8 24 54
839 24 128 1 25 51
839 25 232 18 23 53
839 26 210 23 22 51
840 1 407 17 21 49
840 2 386 16 17 42
840 14 616 21 21 29
840 16 335 -8 17 24
840 6 31 -20 20 23
840 5 -14 -25 18 27
840 17 513 51 21 56
840 18 511 38 19 58
840 19 547 56 24 58
840 20 296 44 30 56
840 21 244 -4 21 48
840 22 259 4 23 51
840 23 157 8 24 54
840 24 130 1 24 49
840 25 232 18 23 53
840 26 210 23 22 51
841 1 407 17 21 49
841 2 386 16 17 42
841 14 616 21 21 29
841 16 334 -8 17 24
841 6 30 -27 20 30
841 5 -16 -25 20 27
841 17 514 51 21 56
841 18 514 38 20 56
841 19 546 56 24 58
841 20 298 45 30 55
841 21 242 -4 21 49
841 22 261 4 19 51
841 23 157 7 24 54
841 24 130 1 24 50
841 25 232 19 23 52
841 26 209 23 22 51
842 1 407 17 21 49
842 2 386 16 17 42
842 14 616 21 21 29
842 16 334 -8 17 24
842 6 31 -20 19 23
842 5 -16 -25 20 27
842 17 514 51 21 56
842 18 514 38 20 56
842 19 548 56 26 58
842 20 298 45 30 55
842 21 242 -4 21 49
842 22 261 4 19 51
842 23 157 7 24 54
842 24 130 1 22 49
842 25 232 19 23 52
842 26 209 23 22 50
843 1 407 17 21 49
843 2 388 16 15 40
843 14 616 21 21 29
843 16 334 -8 17 24
843 6 31 -20 19 23
843 5 -16 -25 23 28
843 17 515 51 23 56
843 18 510 42 25 56
843 19 548 56 24 57
843 20 298 44 29 54
843 21 243 -5 21 49
843 22 261 4 19 51
843 23 157 7 24 54
843 24 129 0 22 50
843 25 231 19 23 52
843 26 209 23 22 50
844 1 407 17 21 49
844 2 386 16 16 42
844 14 616 21 21 29
844 16 334 -8 17 24
844 6 31 -20 19 23
844 5 -16 -25 23 28
844 17 516 51 23 56
844 18 510 42 25 56
844 19 548 57 24 58
844 20 299 44 29 54
844 21 242 -5 19 47
844 22 260 4 19 51
844 23 157 7 24 54
844 24 129 0 22 50
844 25 231 19 23 52
844 26 208 23 21 51
845 1 408 17 21 49
845 2 388 16 20 39
845 14 616 21 21 29
845 16 334 -8 17 24
845 6 31 -18 19 22
845 5 -16 -25 23 28
845 17 514 51 21 56
845 18 511 42 22 57
845 19 547 57 24 57
845 20 303 45 27 54
845 21 241 -5 19 47
845 22 260 4 19 51
845 23 155 7 27 54
845 24 129 0 22 49
845 25 230 18 23 51
845 26 207 23 21 51
846 1 408 17 21 49
846 2 388 16 20 39
846 14 616 21 21 29
846 16 334 -8 17 24
846 6 30 -23 20 27
846 5 -16 -25 23 28
846 17 517 51 23 56
846 18 511 42 22 57
846 19 547 57 24 57
846 20 304 45 27 54
846 21 241 -5 19 47
846 22 260 4 19 51
846 23 155 7 27 54
846 24 129 0 22 49
846 25 230 19 22 51
846 26 207 23 21 51
847 1 408 17 21 49
847 2 388 16 21 40
847 14 616 21 21 29
847 16 334 -8 17 24
847 6 30 -20 20 24
847 5 -16 -24 23 28
847 17 517 51 23 57
847 18 512 42 22 58
847 19 545 56 24 58
847 20 308 43 25 57
847 21 239 -5 21 47
847 22 260 4 19 51
847 23 155 7 27 54
847 24 128 0 20 50
847 25 230 18 23 52
847 26 207 23 21 52
848 1 408 17 21 49
848 2 388 16 21 40
848 14 616 21 21 29
848 16 334 -8 17 24
848 6 26 -21 24 25
848 5 -16 -24 23 28
848 17 515 52 25 55
848 18 512 42 22 58
848 19 547 57 24 57
848 20 308 43 25 57
848 21 239 -5 21 47
848 22 259 4 20 52
848 23 155 7 27 54
848 24 128 0 20 50
848 25 229 18 23 51
848 26 207 23 21 52
849 1 409 17 21 48
849 2 388 16 21 40
849 14 616 21 21 29
849 16 334 -8 17 24
849 6 26 -20 24 24
849 5 -21 -31 28 34
849 17 516 52 25 55
849 18 510 42 24 58
849 19 546 58 24 56
849 20 309 43 25 57
849 21 238 -5 21 47
849 22 259 4 20 52
849 23 152 7 30 54
849 24 127 0 20 49
849 25 229 18 23 52
849 26 204 23 23 51
850 1 409 17 21 48
850 2 388 16 23 39
850 14 616 21 21 29
850 16 335 -7 17 24
850 6 26 -24 23 28
850 5 -20 -26 27 29
850 17 516 53 27 55
850 18 511 42 24 58
850 19 546 58 24 55
850 20 310 44 28 57
850 21 236 -5 23 47
850 22 258 4 20 52
850 23 152 7 30 54
850 24 127 0 20 50
850 25 231 19 20 53
850 26 204 23 23 51
851 1 410 17 21 48
851 2 388 16 23 39
851 14 616 21 21 29
851 16 335 -7 17 24
851 6 26 -20 23 24
851 5 -20 -26 27 29
851 17 517 53 27 55
851 18 511 42 24 59
851 19 545 58 24 55
851 20 311 44 28 57
851 21 235 -5 23 47
851 22 258 4 20 52
851 23 152 7 30 54
851 24 125 -4 22 54
851 25 231 19 20 53
851 26 203 23 23 51
852 1 409 16 21 46
852 2 388 16 23 39
852 14 616 21 21 29
852 16 335 -7 17 24
852 6 26 -22 19 26
852 5 -20 -26 27 29
852 17 518 53 26 51
852 18 511 42 24 60
852 19 545 58 24 55
852 20 312 46 29 54
852 21 235 -5 23 47
852 22 257 4 19 50
852 23 154 7 28 54
852 24 124 -4 22 54
852 25 231 19 20 53
852 26 203 23 23 51
853 1 410 16 21 46
853 2 388 16 23 39
853 14 616 21 21 29
853 16 334 -7 17 24
853 6 26 -20 19 24
853 5 -21 -26 27 29
853 17 518 53 26 51
853 18 511 42 24 60
853 19 544 58 24 56
853 20 313 46 29 54
853 21 234 -5 23 47
853 22 257 3 20 53
853 23 154 7 28 54
853 24 124 -4 22 54
853 25 230 19 20 53
853 26 202 23 23 51
854 1 410 16 21 46
854 2 388 14 24 42
854 14 616 21 21 29
854 16 334 -7 17 24
854 6 26 -21 18 25
854 5 -21 -26 27 29
854 17 520 53 24 51
854 18 511 42 24 60
854 19 544 58 24 56
854 20 312 46 30 54
854 21 233 -5 24 47
854 22 257 3 20 52
854 23 154 7 28 54
854 24 124 -4 22 54
854 25 228 19 22 53
854 26 202 22 24 52
855 1 410 17 22 44
855 2 388 15 22 41
855 14 616 21 21 29
855 16 334 -7 17 24
855 6 26 -20 18 24
855 5 -21 -26 27 29
855 17 520 53 24 51
855 18 509 42 27 58
855 19 544 58 24 56
855 20 313 46 30 54
855 21 232 -5 24 47
855 22 256 3 20 53
855 23 154 7 28 54
855 24 124 -5 22 55
855 25 228 19 22 53
855 26 202 22 24 52
856 1 410 17 22 44
856 2 388 14 24 42
856 14 616 21 21 29
856 16 334 -7 17 24
856 6 25 -24 23 28
856 5 -18 -29 24 33
856 17 524 53 21 53
856 18 509 42 27 58
856 19 543 58 24 56
856 20 314 47 30 53
856 21 232 -5 24 47
856 22 255 3 19 52
856 23 154 7 28 54
856 24 120 0 25 49
856 25 228 19 22 53
856 26 201 21 24 53
857 1 411 17 22 44
857 2 388 15 23 40
857 14 616 21 21 29
857 16 335 -7 17 24
857 6 25 -20 23 24
857 5 -17 -25 23 29
857 17 529 54 20 52
857 18 509 42 27 58
857 19 545 59 23 55
857 20 316 47 30 53
857 21 230 -5 25 47
857 22 255 3 19 52
857 23 157 7 25 54
857 24 120 0 25 49
857 25 227 19 22 52
857 26 201 21 24 53
858 1 411 17 22 44
858 2 390 15 20 40
858 14 616 21 21 29
858 16 334 -7 17 24
858 6 25 -20 23 24
858 5 -17 -25 23 29
858 17 530 54 20 51
858 18 510 44 29 56
858 19 544 59 23 54
858 20 319 47 28 53
858 21 230 -5 22 47
858 22 254 3 19 53
858 23 157 7 25 54
858 24 119 -1 25 50
858 25 227 18 22 53
858 26 200 21 24 53
859 1 411 17 22 44
859 2 390 14 23 41
859 14 616 21 21 29
859 16 334 -7 17 24
859 6 25 -20 23 24
859 5 -19 -29 22 33
859 17 530 54 20 51
859 18 510 44 29 56
859 19 542 58 24 56
859 20 319 47 28 53
859 21 227 -5 24 47
859 22 254 3 19 52
859 23 157 7 25 54
859 24 119 -2 26 51
859 25 227 18 22 53
859 26 200 21 24 53
860 1 411 17 22 44
860 2 390 15 21 40
860 14 616 21 21 29
860 16 335 -7 17 24
860 6 25 -23 23 27
860 5 -18 -26 21 30
860 17 530 54 20 51
860 18 510 44 29 56
860 19 542 58 24 56
860 20 319 47 28 53
860 21 227 -5 24 47
860 22 251 3 22 52
860 23 157 7 25 54
860 24 121 0 24 49
860 25 227 18 22 53
860 26 203 22 21 53
861 1 412 15 23 46
861 2 390 15 21 40
861 14 616 22 21 29
861 16 334 -7 17 24
861 6 25 -20 23 24
861 5 -18 -26 21 30
861 17 531 55 20 52
861 18 510 44 29 56
861 19 542 58 24 56
861 20 322 44 28 56
861 21 226 -5 24 47
861 22 251 3 22 52
861 23 157 7 25 54
861 24 121 0 24 49
861 25 227 18 23 54
861 26 203 22 21 53
862 1 411 17 22 44
862 2 390 15 21 40
862 14 616 22 21 29
862 16 334 -7 17 24
862 6 25 -19 23 23
862 5 -18 -26 21 30
862 17 530 54 22 52
862 18 511 44 29 55
862 19 542 58 24 56
862 20 323 46 27 54
862 21 226 -5 24 47
862 22 248 3 26 51
862 23 157 7 25 54
862 24 120 0 24 50
862 25 226 18 23 53
862 26 203 22 21 53
863 1 411 17 22 44
863 2 390 14 20 41
863 14 616 22 21 29
863 16 334 -7 17 24
863 6 25 -20 23 25
863 5 -18 -24 22 29
863 17 530 54 22 52
863 18 511 44 27 56
863 19 541 58 24 57
863 20 324 46 27 54
863 21 225 -5 21 47
863 22 248 3 26 51
863 23 157 7 25 56
863 24 119 -1 26 51
863 25 226 18 22 53
863 26 202 22 21 53
864 1 411 17 25 44
864 2 390 15 20 39
864 14 616 22 21 29
864 16 334 -7 17 24
864 6 25 -19 23 25
864 5 -21 -31 25 36
864 17 531 55 22 51
864 18 511 44 26 56
864 19 541 58 24 57
864 20 328 45 24 56
864 21 224 -5 21 47
864 22 247 3 26 51
864 23 157 7 26 51
864 24 119 0 26 50
864 25 226 18 23 53
864 26 202 22 23 52
865 1 411 17 25 44
865 2 390 14 20 40
865 14 616 22 21 30
865 16 334 -7 17 24
865 6 23 -25 23 30
865 5 -20 -26 24 31
865 17 532 54 22 52
865 18 511 44 24 56
865 19 541 58 24 57
865 20 329 45 24 56
865 21 224 -5 21 47
865 22 246 3 26 51
865 23 157 7 26 51
865 24 118 -1 26 51
865 25 225 18 22 53
865 26 202 22 23 52
866 1 411 17 25 44
866 2 390 14 20 40
866 14 616 22 21 29
866 16 334 -7 17 24
866 6 24 -20 22 25
866 5 -20 -26 24 31
866 17 532 54 22 52
866 18 511 44 24 56
866 19 543 58 22 57
866 20 329 45 27 56
866 21 223 -5 22 46
866 22 246 3 26 51
866 23 157 7 26 51
866 24 119 2 25 48
866 25 224 17 23 56
866 26 202 22 23 52
867 1 411 17 25 44
867 2 390 14 20 40
867 14 616 22 21 29
867 16 334 -7 17 24
867 6 24 -20 21 25
867 5 -20 -26 24 31
867 17 534 54 22 53
867 18 511 44 24 56
867 19 543 58 22 57
867 20 330 45 27 56
867 21 222 -5 22 46
867 22 248 3 24 50
867 23 157 7 26 51
867 24 118 -1 26 51
867 25 225 19 22 54
867 26 202 22 23 52
868 1 412 17 25 44
868 2 390 12 20 42
868 14 616 22 21 29
868 16 334 -7 17 24
868 6 24 -20 21 25
868 5 -20 -26 24 31
868 17 533 54 24 52
868 18 514 44 20 56
868 19 543 58 20 56
868 20 331 47 27 54
868 21 221 -8 23 49
868 22 247 3 24 50
868 23 157 7 26 51
868 24 117 3 28 47
868 25 225 18 23 53
868 26 202 22 23 52
869 1 414 18 22 42
869 2 390 12 20 42
869 14 616 19 22 32
869 16 334 -7 17 24
869 6 24 -20 21 25
869 5 -20 -26 24 32
869 17 533 54 24 52
869 18 514 44 20 56
869 19 543 58 20 56
869 20 329 47 31 55
869 21 221 -6 22 47
869 22 247 3 24 50
869 23 157 7 26 51
869 24 117 5 27 45
869 25 226 18 21 56
869 26 202 22 23 52
870 1 414 18 22 42
870 2 390 12 20 42
870 14 617 20 21 30
870 16 334 -7 17 24
870 6 24 -20 21 25
870 5 -21 -26 25 32
870 17 538 54 19 53
870 18 514 44 20 56
870 19 543 58 20 56
870 20 330 47 28 57
870 21 219 -6 22 47
870 22 246 3 24 50
870 23 157 7 26 51
870 24 116 4 25 45
870 25 226 18 21 56
870 26 202 22 23 52
871 1 414 18 22 42
871 2 390 12 20 42
871 14 617 20 21 30
871 16 334 -7 17 24
871 6 18 -27 27 33
871 5 -21 -26 25 32
871 17 538 54 19 53
871 18 514 44 20 56
871 19 542 58 19 56
871 20 331 47 28 55
871 21 215 -6 24 47
871 22 246 3 22 49
871 23 157 7 26 51
871 24 115 4 25 45
871 25 225 18 21 56
871 26 200 21 23 51
872 1 414 18 22 42
872 2 390 12 20 42
872 14 617 20 21 30
872 16 334 -7 17 24
872 6 19 -21 26 27
872 5 -21 -26 25 32
872 17 540 53 24 54
872 18 514 44 20 56
872 19 542 58 19 56
872 20 331 47 28 55
872 21 215 -6 24 47
872 22 246 3 22 49
872 23 157 7 26 51
872 24 115 4 25 45
872 25 225 18 21 56
872 26 200 21 23 51
873 1 414 18 22 41
873 2 390 12 20 42
873 14 616 20 22 31
873 16 334 -7 17 24
873 6 19 -21 26 27
873 5 -21 -26 23 31
873 17 540 53 24 54
873 18 514 45 20 55
873 19 543 58 21 58
873 20 332 47 28 55
873 21 215 -6 24 47
873 22 246 3 22 49
873 23 158 7 26 51
873 24 115 4 20 45
873 25 225 18 22 56
873 26 200 21 23 51
874 1 414 18 22 42
874 2 390 12 20 42
874 14 616 20 22 31
874 16 334 -7 17 24
874 6 21 -25 24 31
874 5 -21 -26 24 32
874 17 543 53 21 55
874 18 514 45 20 56
874 19 543 58 21 58
874 20 333 47 28 55
874 21 213 -8 25 49
874 22 245 3 21 49
874 23 158 7 26 52
874 24 114 4 20 45
874 25 225 18 22 56
874 26 200 21 23 51
875 1 414 18 22 42
875 2 390 12 20 42
875 14 616 20 22 31
875 16 334 -7 17 24
875 6 21 -21 24 27
875 5 -21 -26 24 32
875 17 543 53 21 55
875 18 514 45 20 56
875 19 543 58 21 58
875 20 336 48 25 53
875 21 214 -6 24 47
875 22 245 3 21 49
875 23 158 7 26 51
875 24 113 4 20 46
875 25 224 18 22 56
875 26 200 21 23 51
876 1 416 18 21 42
876 2 390 12 20 42
876 14 616 21 22 30
876 16 334 -7 17 24
876 6 21 -21 24 27
876 5 -21 -25 24 31
876 17 546 53 18 56
876 18 514 45 20 56
876 19 543 58 21 58
876 20 337 48 25 53
876 21 213 -7 24 48
876 22 244 3 20 49
876 23 158 7 26 51
876 24 112 4 22 46
876 25 224 18 22 57
876 26 200 21 23 51
877 1 416 18 19 39
877 2 390 12 20 42
877 14 617 21 21 30
877 16 334 -7 17 24
877 6 22 -19 24 26
877 5 -21 -25 24 31
877 17 546 53 18 56
877 18 514 45 20 55
877 19 544 59 21 58
877 20 338 48 27 54
877 21 212 -7 25 49
877 22 244 3 20 49
877 23 158 7 26 51
877 24 110 4 23 46
877 25 224 18 22 57
877 26 200 21 23 51
878 1 416 14 19 44
878 2 390 12 20 42
878 14 617 21 21 30
878 16 334 -7 17 24
878 6 22 -19 24 26
878 5 -23 -26 26 32
878 17 546 53 18 56
878 18 514 45 19 59
878 19 542 59 23 56
878 20 338 48 27 54
878 21 212 -7 25 49
878 22 244 3 20 49
878 23 158 7 26 51
878 24 110 4 23 46
878 25 224 18 22 57
878 26 200 21 23 51
879 1 416 14 19 44
879 2 390 12 18 42
879 14 617 21 21 30
879 16 334 -7 17 24
879 6 18 -26 28 33
879 5 -23 -26 26 32
879 17 546 53 20 59
879 18 514 45 19 59
879 19 542 59 23 56
879 20 342 48 24 54
879 21 213 -6 24 48
879 22 243 3 20 49
879 23 158 7 26 50
879 24 110 4 23 46
879 25 224 18 22 57
879 26 200 21 23 51
880 1 416 14 19 44
880 2 390 12 18 42
880 14 617 21 21 30
880 16 334 -7 17 24
880 6 19 -21 27 28
880 5 -23 -26 26 32
880 17 546 53 20 59
880 18 514 45 19 59
880 19 542 59 23 56
880 20 343 48 24 54
880 21 212 -7 25 48
880 22 243 3 20 49
880 23 158 7 26 50
880 24 109 4 23 47
880 25 224 18 22 56
880 26 201 21 23 51
881 1 416 14 19 43
881 2 390 12 18 42
881 14 616 21 21 30
881 16 334 -7 17 24
881 6 19 -21 27 28
881 5 -23 -26 26 32
881 17 547 53 20 60
881 18 514 45 19 59
881 19 542 59 23 57
881 20 344 48 24 54
881 21 209 -8 27 51
881 22 243 3 20 49
881 23 158 7 26 50
881 24 106 3 29 50
881 25 224 18 22 56
881 26 201 21 23 51
882 1 416 14 19 44
882 2 390 12 18 42
882 14 616 21 21 30
882 16 334 -7 17 24
882 6 18 -21 26 28
882 5 -22 -25 25 32
882 17 549 53 19 59
882 18 514 45 22 58
882 19 542 59 23 57
882 20 344 49 24 54
882 21 209 -8 27 51
882 22 242 4 20 48
882 23 158 7 26 50
882 24 106 3 29 50
882 25 224 19 22 54
882 26 201 21 23 51
883 1 417 14 19 43
883 2 390 12 18 42
883 14 616 21 21 30
883 16 334 -7 17 24
883 6 20 -21 28 29
883 5 -23 -26 26 32
883 17 549 53 19 59
883 18 514 45 19 59
883 19 542 59 24 57
883 20 346 50 24 54
883 21 213 -7 23 49
883 22 242 4 20 49
883 23 158 6 26 51
883 24 105 3 29 50
883 25 224 19 22 54
883 26 201 21 23 51
884 1 417 14 19 43
884 2 390 12 18 42
884 14 616 21 21 30
884 16 334 -7 17 24
884 6 20 -21 27 28
884 5 -23 -26 26 32
884 17 549 53 19 57
884 18 514 46 19 59
884 19 542 59 22 58
884 20 346 50 24 54
884 21 213 -7 23 49
884 22 242 4 20 49
884 23 158 7 26 50
884 24 105 3 29 50
884 25 224 19 22 54
884 26 201 21 23 51
885 1 417 14 19 43
885 2 390 12 18 42
885 14 616 21 21 30
885 16 334 -7 17 24
885 6 20 -22 23 29
885 5 -24 -25 25 32
885 17 548 54 26 56
885 18 514 46 19 58
885 19 542 59 22 58
885 20 345 50 28 56
885 21 213 -7 23 49
885 22 242 4 20 49
885 23 158 7 26 50
885 24 105 3 29 50
885 25 224 19 22 54
885 26 201 21 23 51
886 1 417 14 19 44
886 2 390 12 18 42
886 14 616 21 21 30
886 16 334 -7 17 24
886 6 20 -21 23 28
886 5 -24 -25 25 31
886 17 552 54 22 57
886 18 514 46 19 59
886 19 542 59 21 59
886 20 346 50 28 56
886 21 213 -6 20 48
886 22 242 4 20 49
886 23 158 7 26 50
886 24 104 3 29 50
886 25 224 19 22 54
886 26 201 21 23 50
887 1 417 14 19 44
887 2 390 9 18 45
887 14 616 20 22 31
887 16 334 -5 17 24
887 6 20 -21 23 28
887 5 -24 -25 25 32
887 17 555 54 19 57
887 18 514 46 22 57
887 19 542 60 21 58
887 20 347 51 28 56
887 21 213 -5 20 47
887 22 241 4 20 48
887 23 158 7 26 50
887 24 104 3 27 49
887 25 224 19 22 54
887 26 202 22 23 49
888 1 417 14 19 44
888 2 390 9 18 45
888 14 615 20 22 32
888 16 334 -5 17 24
888 6 20 -21 23 28
888 5 -24 -25 25 32
888 17 556 54 19 57
888 18 514 46 21 56
888 19 542 60 21 58
888 20 348 51 28 55
888 21 213 -5 20 47
888 22 241 4 20 49
888 23 158 7 26 50
888 24 104 3 27 49
888 25 223 19 22 53
888 26 202 22 23 50
889 1 417 14 19 44
889 2 390 9 18 45
889 14 612 19 25 32
889 16 333 -5 17 25
889 6 20 -21 23 28
889 5 -24 -25 25 32
889 17 556 54 19 57
889 18 514 46 21 56
889 19 542 60 21 58
889 20 349 51 28 55
889 21 213 -5 19 47
889 22 238 4 23 51
889 23 158 7 26 50
889 24 107 3 24 50
889 25 223 19 22 53
889 26 202 22 23 49
890 1 417 14 19 44
890 2 390 9 18 45
890 14 612 19 25 32
890 16 333 -7 17 26
890 6 20 -21 23 28
890 5 -24 -25 25 32
890 17 556 54 19 58
890 18 514 46 21 56
890 19 542 60 21 58
890 20 349 51 28 55
890 21 213 -5 19 47
890 22 238 4 23 51
890 23 158 7 26 50
890 24 107 3 24 50
890 25 223 19 22 53
890 26 202 22 23 49
891 1 416 14 19 44
891 2 390 9 18 45
891 14 612 19 25 32
891 16 333 -7 17 26
891 6 20 -21 23 28
891 5 -24 -25 25 32
891 17 557 54 22 59
891 18 514 46 21 56
891 19 544 59 23 60
891 20 351 51 26 54
891 21 213 -4 19 46
891 22 238 4 23 51
891 23 158 7 26 51
891 24 107 3 24 50
891 25 223 19 22 53
891 26 202 22 23 50
892 1 416 13 19 44
892 2 390 9 18 45
892 14 612 18 25 33
892 16 333 -5 17 24
892 6 20 -21 23 29
892 5 -25 -25 25 33
892 17 558 54 22 59
892 18 514 47 21 55
892 19 542 60 20 59
892 20 354 51 24 54
892 21 209 -5 24 47
892 22 238 4 22 51
892 23 158 7 26 50
892 24 106 3 24 50
892 25 223 19 22 53
892 26 202 22 23 50
893 1 416 14 19 43
893 2 390 9 18 45
893 14 611 18 26 33
893 16 333 -5 17 25
893 6 20 -21 23 29
893 5 -25 -25 25 33
893 17 560 54 21 59
893 18 514 47 21 56
893 19 542 60 20 59
893 20 355 51 26 56
893 21 209 -5 24 47
893 22 238 4 22 51
893 23 158 7 26 51
893 24 106 3 27 49
893 25 223 19 22 53
893 26 203 22 23 49
894 1 416 14 19 43
894 2 390 9 18 45
894 14 611 18 26 33
894 16 333 -5 17 25
894 6 20 -21 24 29
894 5 -24 -25 24 34
894 17 556 55 25 58
894 18 515 47 21 55
894 19 543 60 20 59
894 20 356 51 26 56
894 21 209 -6 24 47
894 22 237 4 22 51
894 23 157 6 27 52
894 24 106 3 27 49
894 25 223 19 22 53
894 26 203 22 23 49
895 1 416 14 18 43
895 2 390 9 18 44
895 14 611 18 26 33
895 16 334 -5 17 24
895 6 23 -22 19 31
895 5 -24 -25 24 34
895 17 557 55 26 58
895 18 515 47 21 56
895 19 543 60 20 59
895 20 360 51 23 56
895 21 209 -5 24 47
895 22 237 5 22 51
895 23 157 7 26 52
895 24 106 3 27 49
895 25 223 19 22 53
895 26 203 22 23 49
896 1 416 14 19 44
896 2 390 9 18 44
896 14 611 18 26 34
896 16 334 -5 17 24
896 6 23 -20 19 29
896 5 -24 -25 24 34
896 17 557 55 26 58
896 18 515 47 21 56
896 19 543 60 20 60
896 20 360 51 23 56
896 21 209 -5 24 47
896 22 237 5 22 51
896 23 157 7 26 52
896 24 106 3 27 49
896 25 223 19 22 53
896 26 203 22 23 49
897 1 415 14 19 44
897 2 390 9 18 44
897 14 611 19 25 32
897 16 334 -5 17 24
897 6 23 -20 19 29
897 5 -24 -25 24 34
897 17 557 55 26 58
897 18 515 47 21 55
897 19 543 60 20 59
897 20 361 51 25 54
897 21 209 -5 24 47
897 22 237 5 22 50
897 23 157 7 26 51
897 24 106 3 27 49
897 25 223 19 22 55
897 26 203 22 22 49
898 1 415 14 19 43
898 2 390 9 18 45
898 14 610 18 26 34
898 16 333 -5 17 24
898 6 23 -20 19 29
898 5 -24 -25 24 34
898 17 558 56 26 55
898 18 515 48 21 55
898 19 543 61 23 56
898 20 362 51 25 54
898 21 209 -5 24 47
898 22 237 5 22 50
898 23 157 7 26 52
898 24 105 3 27 49
898 25 223 19 22 53
898 26 203 22 22 48
899 1 415 14 19 43
899 2 390 9 18 46
899 14 610 18 27 34
899 16 334 -5 17 24
899 6 23 -19 19 30
899 5 -24 -25 24 34
899 17 559 56 26 55
899 18 515 48 21 55
899 19 544 61 23 56
899 20 361 52 27 54
899 21 209 -4 23 46
899 22 237 5 22 50
899 23 157 7 26 52
899 24 105 3 27 49
899 25 223 19 22 55
899 26 204 22 22 48
900 1 414 12 21 48
900 2 389 9 18 47
900 14 610 19 24 32
900 16 334 -5 17 24
900 6 23 -20 19 29
900 5 -22 -25 22 34
900 17 559 56 26 56
900 18 515 48 20 55
900 19 544 61 23 56
900 20 361 52 28 55
900 21 211 -4 21 46
900 22 236 5 22 50
900 23 157 7 26 52
900 24 105 3 27 49
900 25 223 19 22 55
900 26 204 22 22 48
901 1 414 13 20 43
901 2 389 8 17 48
901 14 610 19 24 32
901 16 334 -5 17 24
901 6 23 -20 19 29
901 5 -22 -25 22 34
901 17 564 57 22 54
901 18 516 48 22 58
901 19 544 62 23 56
901 20 362 53 28 55
901 21 211 -2 21 44
901 22 236 5 22 50
901 23 157 7 26 52
901 24 105 4 27 50
901 25 223 19 22 55
901 26 204 22 22 48
