1 1 302 261 32 79
1 2 278 279 25 70
1 3 265 256 22 78
1 4 116 117 21 45
1 5 319 117 23 35
1 6 243 96 19 38
1 7 243 94 19 42
1 8 322 93 14 37
1 9 309 94 16 40
1 10 296 95 14 40
1 33 385 92 11 36
1 12 388 93 15 40
1 29 640 96 17 37
1 32 378 100 12 31
1 33 377 104 20 38
1 34 248 49 12 31
1 35 26 107 24 48
1 36 42 105 19 48
1 37 64 32 13 30
1 38 108 67 17 30
1 50 343 55 12 31
1 51 206 49 11 27
1 52 199 49 11 29
2 1 302 261 32 79
2 2 280 280 25 70
2 3 265 256 22 78
2 4 116 117 21 45
2 5 318 117 23 35
2 6 245 96 18 38
2 7 244 94 19 42
2 8 321 93 14 37
2 9 309 94 16 40
2 10 296 95 14 39
2 11 385 92 11 36
2 12 388 93 15 40
2 29 640 96 17 37
2 32 377 100 12 31
2 33 376 104 20 39
2 34 248 49 13 31
2 35 25 106 24 49
2 36 41 105 19 48
2 37 64 32 13 30
2 38 108 67 17 30
2 50 343 55 12 31
2 51 206 49 11 27
2 52 199 49 11 29
3 1 302 262 32 78
3 2 279 280 25 70
3 3 265 256 22 78
3 4 115 116 21 45
3 5 316 114 24 39
3 6 247 97 17 37
3 7 246 96 16 38
3 8 321 93 14 37
3 9 308 94 16 39
3 10 295 95 14 40
3 11 385 91 12 39
3 12 389 93 15 40
3 29 639 96 17 37
3 32 376 100 12 32
3 33 375 104 21 39
3 34 248 49 13 31
3 35 24 106 23 50
3 36 41 105 19 48
3 37 64 32 13 30
3 38 107 67 17 30
3 50 343 55 12 31
3 51 205 49 11 27
3 52 198 49 11 29
4 1 302 262 32 78
4 2 279 280 25 70
4 3 265 256 22 78
4 4 115 115 21 46
4 5 315 114 24 39
4 6 246 96 18 38
4 7 247 97 16 37
4 8 320 93 14 37
4 9 308 94 16 39
4 10 295 95 14 40
4 11 388 92 10 37
4 12 390 93 15 40
4 29 638 96 17 38
4 32 375 100 12 30
4 33 374 104 21 39
4 34 249 50 13 31
4 35 23 106 23 50
4 36 40 105 18 47
4 37 64 32 13 30
4 38 107 67 17 31
4 50 343 55 12 31
4 51 205 49 11 27
4 52 198 49 11 29
5 1 302 262 32 78
5 2 279 280 25 70
5 3 265 256 22 79
5 4 115 115 20 42
5 5 315 114 24 39
5 6 249 97 16 39
5 7 248 97 17 39
5 8 320 93 14 37
5 9 308 94 16 39
5 10 294 95 16 40
5 11 386 90 13 37
5 12 391 93 15 40
5 29 636 98 17 37
5 32 374 101 12 31
5 33 373 105 18 35
5 34 249 50 13 31
5 35 22 106 23 50
5 36 39 105 18 49
5 37 64 32 13 30
5 38 107 66 17 31
5 50 343 55 12 31
5 51 205 49 11 27
5 52 198 49 11 29
6 1 304 263 30 76
6 2 279 280 25 70
6 3 265 256 22 78
6 4 114 114 21 46
6 5 315 114 21 39
6 6 250 97 16 39
6 7 249 97 17 39
6 8 319 93 14 37
6 9 307 94 16 39
6 10 294 95 16 40
6 11 386 90 13 38
6 12 392 93 15 40
6 29 635 97 18 38
6 32 373 101 14 37
6 33 372 105 18 35
6 34 250 50 13 31
6 35 23 106 21 48
6 36 38 105 18 48
6 37 64 32 13 30
6 38 107 66 18 31
6 50 344 55 12 31
6 51 205 49 11 27
6 52 198 49 11 29
7 1 304 263 30 76
7 2 279 280 25 70
7 3 266 256 21 80
7 4 114 114 20 46
7 5 315 114 21 39
7 6 250 97 16 39
7 7 249 97 17 39
7 8 319 93 14 37
7 9 307 94 16 39
7 10 293 95 17 40
7 11 386 90 13 38
7 12 392 93 15 40
7 29 638 96 18 39
7 32 373 101 14 37
7 33 372 105 18 35
7 34 249 50 14 30
7 35 23 106 21 48
7 36 38 105 18 49
7 37 64 32 13 30
7 38 107 66 18 31
7 50 344 55 12 31
7 51 205 49 11 27
7 52 196 49 13 28
8 1 304 263 30 76
8 2 279 280 25 70
8 3 266 256 21 80
8 4 114 114 20 46
8 5 314 114 19 39
8 6 250 97 16 39
8 7 249 97 18 39
8 8 318 92 14 36
8 9 307 94 16 40
8 10 292 95 17 40
8 11 386 92 15 37
8 12 392 93 15 39
8 29 638 96 18 39
8 32 369 101 17 37
8 33 377 105 13 38
8 34 249 50 14 30
8 35 22 106 21 48
8 36 37 106 18 49
8 37 64 32 13 30
8 38 106 66 18 31
8 50 344 55 12 31
8 51 204 48 11 28
8 52 196 49 13 28
9 1 304 264 30 76
9 2 279 280 25 70
9 3 266 256 21 80
9 4 114 114 20 46
9 5 313 114 18 38
9 6 251 98 18 38
9 7 250 97 18 39
9 8 318 92 14 36
9 9 306 94 16 40
9 10 292 95 17 40
9 11 388 92 14 37
9 12 394 93 15 39
9 29 636 96 19 39
9 32 368 101 17 37
9 33 376 105 13 38
9 34 250 50 14 30
9 35 22 106 21 48
9 36 38 106 18 48
9 37 64 32 13 32
9 38 106 66 17 31
9 50 344 55 12 31
9 51 204 48 11 28
9 52 196 49 13 28
10 1 309 264 25 76
10 2 279 280 25 70
10 3 266 257 21 80
10 4 113 114 20 46
10 5 312 114 16 38
10 6 251 98 20 38
10 7 251 97 18 38
10 8 316 92 15 36
10 9 306 93 16 40
10 10 291 94 17 40
10 11 390 92 12 39
10 12 395 93 16 39
10 29 636 98 17 37
10 32 367 101 17 37
10 33 372 104 17 39
10 34 250 50 14 30
10 35 21 106 21 48
10 36 36 106 18 48
10 37 64 32 13 32
10 38 106 66 17 31
10 50 344 55 12 31
10 51 203 48 10 28
10 52 195 49 12 28
11 1 309 264 25 76
11 2 278 280 25 70
11 3 266 257 21 80
11 4 113 114 20 45
11 5 311 114 17 39
11 6 251 98 19 38
11 7 251 97 18 39
11 8 316 92 15 36
11 9 305 93 16 41
11 10 291 94 18 41
11 11 391 92 12 39
11 12 395 93 15 40
11 29 636 96 19 38
11 32 366 101 17 38
11 33 371 104 17 39
11 34 251 50 14 30
11 35 19 106 22 48
11 36 33 106 20 51
11 37 64 32 13 32
11 38 106 67 17 30
11 50 344 55 12 31
11 51 203 48 10 28
11 52 195 49 12 28
12 1 309 264 25 76
12 2 278 278 26 72
12 3 266 257 21 79
12 4 113 115 20 45
12 5 310 114 17 39
12 6 252 98 21 38
12 7 252 97 18 39
12 8 315 91 15 36
12 9 305 93 16 39
12 10 291 93 15 39
12 11 391 92 12 39
12 12 396 93 16 40
12 29 634 97 17 37
12 32 365 101 17 38
12 33 369 104 18 39
12 34 251 50 15 31
12 35 18 106 22 49
12 36 33 106 19 49
12 37 66 32 12 32
12 38 106 67 17 30
12 50 345 55 12 31
12 51 202 48 10 28
12 52 194 49 12 28
13 1 309 264 25 76
13 2 278 278 26 72
13 3 266 257 21 79
13 4 113 115 20 45
13 5 310 114 17 39
13 6 252 98 19 38
13 7 252 97 18 39
13 8 315 91 15 36
13 9 305 93 16 39
13 10 291 93 15 39
13 11 390 92 15 39
13 12 394 93 18 41
13 29 635 97 18 38
13 32 365 101 17 38
13 33 369 104 18 39
13 34 251 50 14 30
13 35 18 106 22 49
13 36 32 106 20 51
13 37 66 32 12 32
13 38 106 67 17 30
13 50 345 55 12 31
13 51 202 48 10 28
13 52 194 49 12 28
14 1 309 264 25 76
14 2 278 278 26 72
14 3 266 258 21 79
14 4 112 114 20 46
14 5 305 111 22 42
14 6 252 98 20 38
14 7 252 97 19 40
14 8 314 91 15 37
14 9 304 92 16 40
14 10 291 93 15 38
14 11 391 92 15 39
14 12 395 93 18 41
14 29 633 96 18 38
14 32 368 100 16 40
14 33 369 103 17 40
14 34 251 50 15 32
14 35 17 106 21 49
14 36 32 106 19 48
14 37 66 32 12 32
14 38 105 67 17 30
14 50 345 56 12 31
14 51 202 48 10 28
14 52 194 49 12 29
15 1 309 264 25 76
15 2 278 278 26 72
15 3 266 258 21 78
15 4 113 114 20 46
15 5 304 112 22 41
15 6 252 96 21 40
15 7 252 97 21 40
15 8 314 91 15 36
15 9 305 92 16 39
15 10 290 93 15 39
15 11 391 92 15 39
15 12 395 93 18 41
15 21 -24 426 22 108
15 29 633 96 18 38
15 32 367 100 16 40
15 33 368 103 17 40
15 34 251 50 15 32
15 35 17 106 21 49
15 36 31 106 20 50
15 37 66 33 12 31
15 38 105 66 17 32
15 50 345 56 12 30
15 51 202 48 10 28
15 52 194 49 11 27
16 1 309 265 25 76
16 2 277 278 26 72
16 3 266 259 21 78
16 4 112 115 18 41
16 5 303 112 22 42
16 6 253 97 21 38
16 7 253 97 21 40
16 8 313 91 15 37
16 9 304 92 16 39
16 10 290 93 15 38
16 11 392 92 15 39
16 12 396 93 20 41
16 21 -23 426 31 109
16 29 632 96 18 38
16 32 366 100 16 40
16 33 367 103 17 40
16 34 252 50 15 32
16 35 16 106 21 49
16 36 30 106 18 48
16 37 66 33 12 31
16 38 105 66 17 32
16 50 345 56 12 31
16 51 201 48 10 28
16 52 194 49 12 28
17 1 309 265 25 76
17 2 277 278 26 71
17 3 264 259 22 77
17 4 112 114 18 41
17 5 302 114 23 39
17 6 252 97 21 38
17 7 253 97 21 39
17 8 312 92 15 36
17 9 304 93 16 39
17 10 290 93 15 39
17 11 393 92 15 39
17 12 397 93 20 41
17 21 -24 426 36 107
17 29 632 96 18 38
17 32 361 100 17 41
17 33 366 103 19 41
17 34 252 51 15 32
17 35 15 107 25 47
17 36 29 106 18 49
17 37 66 33 12 31
17 38 104 66 17 32
17 50 345 55 12 32
17 51 201 48 10 28
17 52 194 49 11 26
18 1 309 265 25 76
18 2 277 278 26 72
18 3 264 260 22 76
18 4 112 114 18 41
18 5 301 114 23 39
18 6 254 97 19 38
18 7 254 97 20 39
18 8 312 92 15 36
18 9 303 93 16 39
18 10 290 93 13 40
18 11 393 92 15 39
18 12 397 93 20 41
18 21 -24 426 43 105
18 29 630 97 19 38
18 32 360 100 17 41
18 33 365 103 19 41
18 34 252 51 15 31
18 35 14 107 24 47
18 36 29 106 18 48
18 37 66 33 12 31
18 38 104 66 17 32
18 50 345 56 12 30
18 51 201 48 10 28
18 52 194 49 12 28
19 1 309 265 25 76
19 2 277 278 26 73
19 3 264 260 22 76
19 4 112 114 18 41
19 5 301 114 23 39
19 6 254 97 19 38
19 7 254 97 20 39
19 8 312 92 15 36
19 9 303 93 16 39
19 10 290 93 13 40
19 11 393 92 15 39
19 12 397 93 20 41
19 21 -24 426 42 110
19 29 630 97 19 38
19 32 360 100 17 41
19 33 365 103 19 41
19 34 252 51 15 31
19 35 14 107 24 47
19 36 29 106 18 48
19 37 66 33 12 31
19 38 104 66 18 33
19 50 346 56 12 30
19 51 201 48 10 28
19 52 193 49 11 28
20 1 309 265 25 76
20 2 277 278 26 73
20 3 264 260 22 76
20 4 112 114 18 40
20 5 300 114 23 40
20 6 255 97 19 38
20 7 255 97 21 40
20 8 311 91 15 37
20 9 303 93 16 39
20 10 290 93 13 40
20 11 395 92 16 39
20 12 399 93 20 41
20 21 -23 426 42 110
20 29 630 97 19 38
20 32 359 100 17 41
20 33 364 103 19 41
20 34 253 51 15 31
20 35 14 107 24 47
20 36 27 106 20 50
20 37 66 33 12 32
20 38 104 66 18 33
20 50 346 56 12 30
20 51 200 47 11 28
20 52 193 49 11 28
21 1 308 265 25 77
21 2 277 278 26 73
21 3 264 261 22 75
21 4 112 114 17 38
21 5 299 114 24 41
21 6 256 97 19 38
21 7 256 97 19 37
21 8 311 91 15 36
21 9 302 93 16 39
21 10 289 93 13 40
21 11 396 92 16 39
21 12 399 93 20 40
21 13 632 226 26 64
21 21 -24 426 45 107
21 29 629 97 18 38
21 32 358 101 17 41
21 33 363 104 19 40
21 34 253 53 14 31
21 35 13 107 24 47
21 36 26 105 20 52
21 37 67 33 12 31
21 38 103 66 18 33
21 50 346 56 12 30
21 51 200 47 11 28
21 52 192 49 11 28
22 1 310 265 23 77
22 2 276 278 26 73
22 3 264 261 21 75
22 4 111 115 17 39
22 5 300 114 20 40
22 6 256 97 19 39
22 7 257 97 19 37
22 8 310 91 15 36
22 9 302 93 16 38
22 10 289 93 13 38
22 11 397 92 16 38
22 12 403 93 17 40
22 13 631 227 26 63
22 21 -23 426 47 105
22 29 629 97 18 38
22 32 357 101 17 40
22 33 362 104 19 40
22 34 253 53 14 31
22 35 11 107 26 47
22 36 25 105 20 52
22 37 67 33 12 31
22 38 103 66 18 34
22 50 346 56 12 30
22 51 199 48 11 28
22 52 192 49 11 28
23 1 310 265 23 77
23 2 276 278 26 73
23 3 264 262 21 74
23 4 110 114 18 40
23 5 299 112 20 40
23 6 259 97 17 38
23 7 258 97 19 38
23 8 310 91 14 35
23 9 301 93 15 38
23 10 288 93 13 38
23 11 399 92 14 36
23 12 404 93 17 40
23 13 629 227 29 63
23 21 -24 426 49 104
23 29 628 97 18 38
23 32 356 101 16 38
23 33 361 104 17 40
23 34 254 53 14 31
23 35 10 107 26 47
23 36 24 105 20 51
23 37 67 33 14 33
23 38 102 65 20 34
23 50 346 56 12 30
23 51 199 48 11 28
23 52 192 49 11 28
24 1 310 265 23 77
24 2 276 277 26 74
24 3 264 263 21 74
24 4 110 115 16 38
24 5 298 112 16 40
24 6 260 97 17 38
24 7 260 97 17 38
24 8 309 90 14 36
24 9 300 92 15 38
24 10 288 92 13 39
24 11 401 93 13 35
24 12 405 93 17 40
24 13 627 227 30 63
24 21 -22 426 46 103
24 22 -23 417 42 88
24 29 627 97 18 38
24 32 355 101 15 37
24 33 360 104 17 39
24 34 254 53 14 31
24 35 10 107 26 47
24 36 23 105 20 51
24 37 67 33 14 33
24 38 101 65 20 35
24 50 346 56 12 30
24 51 199 48 11 28
24 52 191 49 11 28
25 1 310 265 23 78
25 2 276 277 26 74
25 3 264 263 21 74
25 4 111 115 17 39
25 5 298 112 16 40
25 6 260 97 17 38
25 7 260 97 17 38
25 8 310 90 14 35
25 9 300 93 15 38
25 10 288 92 13 39
25 11 401 93 13 35
25 12 405 93 17 40
25 13 627 227 30 63
25 21 -22 426 46 103
25 22 -23 417 42 88
25 29 627 97 18 38
25 32 354 101 16 40
25 33 360 104 17 39
25 34 254 53 14 31
25 35 10 107 23 46
25 36 23 105 20 51
25 37 67 33 14 33
25 38 101 65 20 35
25 50 346 56 12 30
25 51 199 48 11 28
25 52 191 49 11 28
26 1 310 265 23 78
26 2 276 277 26 74
26 3 264 263 21 73
26 4 108 114 18 41
26 5 297 112 16 41
26 6 261 97 18 39
26 7 261 97 17 38
26 8 309 90 14 35
26 9 301 90 14 39
26 10 288 92 13 39
26 11 402 93 13 35
26 12 405 93 17 40
26 13 629 226 33 63
26 21 -18 425 45 99
26 22 -21 417 41 87
26 29 626 97 19 39
26 32 353 101 16 40
26 33 360 104 17 39
26 34 254 53 14 31
26 35 9 107 23 46
26 36 23 105 20 51
26 37 67 33 14 33
26 38 102 65 20 34
26 50 346 56 12 30
26 51 196 48 13 28
26 52 191 49 11 28
27 1 310 264 23 78
27 2 276 277 26 74
27 3 264 264 21 73
27 4 108 114 18 41
27 5 296 112 13 41
27 6 262 97 17 39
27 7 262 98 17 38
27 8 308 90 14 35
27 9 300 90 14 39
27 10 287 91 13 39
27 11 402 93 13 35
27 12 406 93 17 40
27 13 627 226 31 62
27 21 -12 422 36 104
27 22 -21 416 46 88
27 29 626 98 17 36
27 32 355 101 19 35
27 33 359 102 13 42
27 34 255 53 14 32
27 35 8 107 22 46
27 36 22 106 20 50
27 37 67 33 14 33
27 38 101 65 18 34
27 50 346 56 12 30
27 51 196 48 13 28
27 52 191 49 11 28
28 1 309 264 23 78
28 2 276 277 26 74
28 3 264 264 21 72
28 4 109 115 18 41
28 5 294 112 17 41
28 6 262 97 20 40
28 7 262 98 20 38
28 8 308 90 15 38
28 9 300 89 14 40
28 10 287 91 13 38
28 11 403 93 13 35
28 12 407 94 17 40
28 13 629 225 33 62
28 21 -11 422 37 103
28 22 -18 415 44 87
28 29 623 97 20 39
28 32 354 101 19 35
28 33 358 102 13 42
28 34 255 53 14 31
28 35 8 107 20 46
28 36 21 106 21 50
28 37 67 33 14 33
28 38 101 65 18 34
28 50 346 56 12 30
28 51 195 48 13 28
28 52 190 49 11 28
29 1 309 264 23 78
29 2 276 277 26 74
29 3 263 264 22 75
29 4 109 115 17 40
29 5 290 112 20 41
29 6 263 97 21 40
29 7 263 98 20 38
29 8 308 90 15 38
29 9 299 89 14 39
29 10 287 91 13 38
29 11 402 94 15 35
29 12 407 94 17 41
29 13 627 224 30 62
29 21 -5 420 34 103
29 22 -16 414 45 84
29 29 625 95 15 40
29 32 353 101 20 36
29 33 356 102 15 42
29 34 255 53 14 32
29 35 7 107 20 46
29 36 19 106 22 50
29 37 68 36 13 30
29 38 101 65 18 34
29 50 346 56 12 30
29 51 195 48 13 28
29 52 190 49 11 28
30 1 309 264 23 79
30 2 276 277 26 74
30 3 263 264 22 75
30 4 109 115 17 40
30 5 289 112 20 41
30 6 263 97 21 40
30 7 263 98 20 38
30 8 307 90 15 40
30 9 300 89 14 42
30 10 287 91 13 38
30 11 403 94 15 35
30 12 405 94 20 42
30 13 629 223 30 64
30 21 -3 420 34 101
30 22 -13 414 45 82
30 29 623 95 16 40
30 32 351 101 20 37
30 33 355 102 15 42
30 34 256 53 14 32
30 35 7 107 20 46
30 36 19 106 22 50
30 37 69 36 13 30
30 38 101 65 18 34
30 50 346 56 12 30
30 51 194 48 14 30
30 52 190 49 11 28
31 1 309 264 23 79
31 2 276 277 26 74
31 3 263 264 22 75
31 4 109 115 17 40
31 5 288 112 21 41
31 6 262 97 22 40
31 7 263 98 20 38
31 8 307 90 15 40
31 9 300 89 14 42
31 10 287 91 13 38
31 11 403 94 15 35
31 12 405 94 20 42
31 13 629 223 29 64
31 21 -3 420 34 101
31 22 -13 414 45 82
31 29 623 95 16 40
31 32 352 101 19 36
31 33 355 102 15 42
31 34 256 53 14 32
31 35 7 107 20 46
31 36 19 106 22 50
31 37 69 36 13 30
31 38 101 65 18 34
31 50 346 56 12 30
31 51 194 48 14 30
31 52 190 49 11 28
32 1 309 263 24 79
32 2 276 277 26 73
32 3 263 264 22 75
32 4 106 109 19 42
32 5 287 112 23 41
32 6 263 97 22 40
32 7 264 98 20 38
32 8 307 90 15 40
32 9 299 89 14 42
32 10 286 92 13 38
32 11 402 94 16 36
32 12 406 94 20 42
32 13 627 223 30 64
32 21 -2 419 42 100
32 22 -11 413 40 95
32 29 623 95 16 40
32 32 350 101 21 38
32 33 354 102 15 41
32 34 256 54 14 32
32 35 4 107 24 47
32 36 18 106 22 50
32 37 69 36 13 30
32 38 101 65 18 34
32 50 346 56 12 30
32 51 194 48 12 27
32 52 190 48 11 28
33 1 308 264 22 75
33 2 276 277 26 73
33 3 263 265 22 75
33 4 106 109 19 42
33 5 285 112 24 41
33 6 263 97 21 40
33 7 262 98 23 38
33 8 306 90 15 40
33 9 299 89 14 37
33 10 286 92 13 37
33 11 403 94 16 36
33 12 406 94 20 42
33 13 626 222 31 64
33 21 0 419 47 98
33 22 -9 413 39 95
33 29 623 95 16 40
33 32 349 101 21 39
33 33 353 102 15 42
33 34 256 54 15 32
33 35 3 107 24 47
33 36 18 106 22 50
33 37 68 36 15 31
33 38 100 66 18 33
33 50 346 56 12 30
33 51 194 48 12 27
33 52 189 48 11 28
34 1 309 262 24 80
34 2 277 278 26 72
34 3 263 265 22 75
34 4 105 109 19 42
34 5 284 112 24 41
34 6 262 97 23 40
34 7 263 96 21 40
34 8 303 90 17 39
34 9 299 89 14 37
34 10 286 91 13 38
34 11 404 94 16 36
34 12 407 94 20 42
34 13 625 222 31 64
34 21 0 419 57 98
34 22 -6 411 36 97
34 29 619 95 19 39
34 32 348 101 21 39
34 33 351 102 18 42
34 34 256 54 15 32
34 35 2 107 24 47
34 36 17 106 21 50
34 37 68 36 15 31
34 38 100 65 18 34
34 50 346 56 12 30
34 51 193 48 12 27
34 52 188 48 11 28
35 1 308 264 25 78
35 2 276 277 26 73
35 3 263 265 22 75
35 4 105 109 19 42
35 5 284 113 24 40
35 6 263 97 22 40
35 7 264 96 21 40
35 8 302 90 17 39
35 9 298 89 14 37
35 10 285 91 13 38
35 11 405 93 17 37
35 12 409 94 20 41
35 13 622 221 35 65
35 21 1 418 62 98
35 22 -3 411 44 96
35 29 619 95 19 39
35 32 347 101 21 39
35 33 350 102 18 42
35 34 257 54 15 32
35 35 1 106 27 49
35 36 15 106 21 51
35 37 68 36 15 31
35 38 100 65 18 34
35 50 346 56 12 30
35 51 193 48 12 27
35 52 187 48 11 28
36 1 308 264 25 78
36 2 276 277 26 74
36 3 263 265 22 75
36 4 104 109 19 43
36 5 283 113 24 40
36 6 264 97 22 40
36 7 265 96 21 40
36 8 302 90 17 39
36 9 298 89 14 37
36 10 285 91 13 38
36 11 406 93 17 37
36 12 408 94 20 42
36 13 620 221 36 65
36 21 4 418 61 96
36 22 -1 411 45 96
36 29 618 95 19 39
36 32 346 101 17 39
36 33 351 104 16 40
36 34 257 54 15 32
36 35 0 106 27 49
36 36 14 106 21 51
36 37 69 36 15 32
36 38 100 65 18 34
36 50 346 56 12 31
36 51 192 48 12 27
36 52 187 48 11 28
37 1 308 264 25 78
37 2 277 275 28 74
37 3 263 265 22 74
37 4 103 107 19 43
37 5 283 113 24 40
37 6 264 97 21 40
37 7 263 96 23 40
37 8 302 90 17 39
37 9 297 89 14 37
37 10 285 91 13 38
37 11 406 93 17 37
37 12 408 94 20 42
37 13 620 221 36 65
37 21 4 418 60 96
37 22 -1 411 45 95
37 29 618 95 19 39
37 32 346 101 17 39
37 33 351 104 16 40
37 34 258 54 14 33
37 35 0 106 27 49
37 36 14 106 21 51
37 37 69 36 15 31
37 38 100 65 18 34
37 50 346 56 12 31
37 51 192 48 12 27
37 52 187 48 11 28
38 1 308 264 25 78
38 2 277 275 28 74
38 3 263 265 22 75
38 4 103 107 19 43
38 5 282 113 22 40
38 6 267 97 20 40
38 7 267 96 20 40
38 8 301 89 17 40
38 9 297 89 14 37
38 10 284 91 13 38
38 11 408 93 16 35
38 12 414 94 17 41
38 13 619 219 37 66
38 21 10 418 59 98
38 22 1 411 50 94
38 29 615 95 20 41
38 32 345 101 17 39
38 33 350 104 16 40
38 34 258 54 14 33
38 35 0 106 27 49
38 36 14 106 21 51
38 37 69 36 15 32
38 38 99 64 18 35
38 50 345 56 12 32
38 51 192 48 12 27
38 52 186 48 11 28
39 1 308 263 25 79
39 2 278 275 28 74
39 3 264 265 22 75
39 4 102 107 19 42
39 5 283 113 18 39
39 6 268 97 19 40
39 7 268 96 20 40
39 8 301 89 17 40
39 9 297 88 14 37
39 10 284 90 13 38
39 11 409 93 16 35
39 12 415 94 17 41
39 13 618 219 35 67
39 21 11 418 58 98
39 22 3 411 50 94
39 29 614 95 20 41
39 32 344 101 17 39
39 33 349 104 16 40
39 34 259 54 14 33
39 35 -1 107 27 49
39 36 12 106 22 51
39 37 69 36 15 32
39 38 99 63 18 36
39 50 345 56 12 31
39 51 192 48 12 27
39 52 186 48 11 28
40 1 307 263 25 79
40 2 276 275 30 74
40 3 264 265 22 74
40 4 100 105 19 43
40 5 282 113 17 39
40 6 268 97 19 40
40 7 268 96 20 40
40 8 303 89 12 39
40 9 297 88 13 37
40 10 284 88 11 37
40 11 412 93 13 35
40 12 416 94 17 41
40 13 617 218 35 67
40 21 12 416 55 99
40 22 7 409 50 95
40 29 615 95 19 40
40 32 342 101 17 39
40 33 348 104 12 38
40 34 259 54 14 33
40 35 -1 107 26 48
40 36 12 106 22 51
40 37 69 36 15 31
40 38 99 63 19 36
40 50 346 56 12 31
40 51 191 48 12 28
40 52 186 48 11 28
41 1 307 263 25 79
41 2 276 275 30 74
41 3 264 265 22 74
41 4 100 105 19 43
41 5 281 113 14 39
41 6 271 97 17 40
41 7 271 96 18 41
41 8 303 89 12 39
41 9 296 88 14 38
41 10 284 88 11 37
41 11 413 93 13 35
41 12 417 94 17 41
41 13 616 218 35 67
41 21 12 416 57 97
41 22 10 409 49 93
41 29 614 95 19 40
41 32 342 101 17 39
41 33 347 104 12 38
41 34 260 54 14 34
41 35 -1 107 26 48
41 36 11 107 22 46
41 37 70 36 15 31
41 38 99 63 19 36
41 50 345 56 12 31
41 51 191 48 12 26
41 52 185 48 11 29
42 1 307 263 25 79
42 2 277 275 30 74
42 3 264 266 22 74
42 4 100 105 19 42
42 5 278 113 17 41
42 6 270 97 19 39
42 7 272 96 18 40
42 8 302 89 12 39
42 9 296 88 14 36
42 10 283 88 11 37
42 11 412 93 15 36
42 12 417 94 17 41
42 13 614 217 33 66
42 21 15 415 54 97
42 22 13 407 47 96
42 29 614 95 19 40
42 32 341 101 18 40
42 33 346 104 12 38
42 34 260 54 14 33
42 35 -2 107 26 48
42 36 10 107 22 46
42 37 70 36 15 31
42 38 99 63 19 36
42 50 345 57 12 30
42 51 191 48 12 27
42 52 185 48 11 28
43 1 307 263 25 79
43 2 277 275 30 74
43 3 264 266 22 74
43 4 99 105 19 42
43 5 278 113 17 41
43 6 270 97 19 39
43 7 272 96 18 40
43 8 303 89 11 40
43 9 296 88 13 37
43 10 283 88 11 37
43 11 412 93 15 36
43 12 417 94 17 41
43 13 616 217 33 67
43 21 15 415 54 97
43 22 13 407 47 96
43 29 614 95 19 40
43 32 342 102 15 36
43 33 346 104 12 39
43 34 260 54 14 33
43 35 -2 107 22 48
43 36 10 107 22 46
43 37 70 36 15 31
43 38 99 61 18 38
43 50 345 57 12 30
43 51 191 48 12 27
43 52 185 48 11 28
44 1 308 263 25 79
44 2 277 275 30 74
44 3 264 266 22 74
44 4 99 105 19 42
44 5 278 113 15 39
44 6 270 97 21 39
44 7 272 96 17 40
44 8 302 89 12 39
44 9 296 88 13 37
44 10 283 88 11 36
44 11 412 93 16 36
44 12 417 94 17 42
44 13 615 216 32 65
44 21 19 415 51 94
44 22 12 407 47 95
44 29 613 95 19 41
44 32 341 102 19 37
44 33 344 104 12 39
44 34 260 54 14 33
44 35 -3 107 22 48
44 36 9 107 21 46
44 37 70 36 15 31
44 38 99 61 18 38
44 50 345 57 12 30
44 51 191 48 12 27
44 52 185 48 11 28
45 1 308 263 25 79
45 2 278 275 30 74
45 3 264 266 22 74
45 4 97 105 18 42
45 5 274 113 21 40
45 6 270 97 21 38
45 7 272 97 17 39
45 8 301 89 12 38
45 9 295 88 13 37
45 10 283 88 11 36
45 11 412 93 17 36
45 12 416 95 19 41
45 13 614 215 30 65
45 21 21 415 48 93
45 22 18 405 43 96
45 29 612 96 19 40
45 32 340 102 19 38
45 33 343 104 12 39
45 34 260 54 14 33
45 35 -3 107 22 48
45 36 8 107 21 46
45 37 70 36 15 31
45 38 99 61 18 38
45 50 345 57 12 30
45 51 190 48 12 27
45 52 184 48 11 28
46 1 308 263 26 80
46 2 278 275 30 74
46 3 264 266 22 74
46 4 97 105 18 42
46 5 271 113 23 40
46 6 271 98 20 38
46 7 273 97 17 40
46 8 301 89 12 36
46 9 295 88 13 37
46 10 282 88 11 36
46 11 413 93 17 36
46 12 417 95 19 41
46 13 613 214 30 66
46 21 28 415 43 92
46 22 21 405 38 94
46 29 613 95 19 41
46 32 339 102 18 43
46 33 339 102 18 42
46 34 261 55 14 33
46 35 -4 107 22 49
46 36 7 107 21 46
46 37 71 36 15 32
46 38 98 61 18 38
46 50 345 57 12 30
46 51 190 48 12 26
46 52 184 47 11 28
47 1 307 263 25 79
47 2 279 275 30 75
47 3 264 265 22 75
47 4 96 104 19 44
47 5 269 113 25 40
47 6 272 97 21 39
47 7 274 96 18 41
47 8 301 89 12 36
47 9 294 88 13 37
47 10 282 88 11 36
47 11 414 93 17 36
47 12 417 95 19 41
47 13 608 214 33 64
47 21 30 415 42 92
47 22 24 404 37 94
47 29 611 95 19 40
47 32 338 102 18 43
47 33 338 102 18 42
47 34 262 55 14 33
47 35 -4 107 22 48
47 36 7 107 21 47
47 37 71 36 15 32
47 38 98 61 18 38
47 50 344 57 12 30
47 51 190 48 12 26
47 52 184 47 11 28
48 1 307 263 25 78
48 2 277 275 30 74
48 3 264 265 22 75
48 4 96 103 19 44
48 5 269 113 25 40
48 6 272 98 21 38
48 7 274 97 18 41
48 8 300 89 12 36
48 9 294 88 13 37
48 10 281 88 11 36
48 11 413 93 19 35
48 12 418 95 19 41
48 13 607 214 33 64
48 21 35 411 41 98
48 22 25 404 38 94
48 29 609 95 20 40
48 32 337 102 18 43
48 33 337 102 18 42
48 34 262 55 15 32
48 35 -8 107 24 49
48 36 6 107 21 46
48 37 71 36 15 32
48 38 97 61 17 38
48 50 344 56 12 31
48 51 190 47 12 27
48 52 184 47 11 28
49 1 307 263 26 81
49 2 279 275 30 74
49 3 264 265 22 75
49 4 96 103 19 44
49 5 269 113 25 40
49 6 272 98 21 38
49 7 274 97 18 41
49 8 300 89 12 36
49 9 294 88 13 37
49 10 281 88 11 36
49 11 413 93 19 35
49 12 418 95 19 41
49 13 607 214 33 64
49 21 35 411 41 98
49 22 28 404 38 93
49 29 609 95 20 39
49 32 337 102 18 43
49 33 337 102 18 42
49 34 262 55 15 32
49 35 -8 107 24 49
49 36 6 107 21 46
49 37 71 36 16 32
49 38 97 61 17 38
49 50 344 56 12 31
49 51 190 47 12 27
49 52 183 47 11 28
50 1 307 263 25 79
50 2 277 275 30 74
50 3 264 265 22 75
50 4 96 102 19 44
50 5 268 115 24 39
50 6 272 98 21 38
50 7 274 97 18 41
50 8 300 89 12 36
50 9 293 87 13 38
50 10 281 88 11 36
50 11 414 93 19 37
50 12 419 95 19 41
50 13 599 214 37 64
50 21 37 411 41 96
50 22 27 403 37 94
50 29 609 95 20 40
50 32 336 102 18 43
50 33 336 102 18 42
50 34 262 55 15 32
50 35 -9 107 24 49
50 36 6 107 22 50
50 37 71 36 16 32
50 38 97 61 17 38
50 50 344 56 12 31
50 51 189 47 12 27
50 52 184 47 11 28
51 1 307 263 25 79
51 2 280 275 30 74
51 3 264 265 22 75
51 4 95 102 19 44
51 5 267 115 24 40
51 6 274 98 21 39
51 7 274 97 21 41
51 8 299 89 12 37
51 9 293 86 13 38
51 10 281 88 11 36
51 11 414 94 20 34
51 12 420 95 19 42
51 13 598 214 38 63
51 21 39 410 43 98
51 22 29 403 37 88
51 29 611 95 16 40
51 32 335 102 18 44
51 33 335 102 18 43
51 34 263 55 15 32
51 35 -9 107 24 49
51 36 4 107 21 47
51 37 72 36 15 32
51 38 97 61 17 38
51 50 344 57 12 31
51 51 189 47 12 27
51 52 184 47 11 28
52 1 307 263 25 79
52 2 280 275 30 74
52 3 264 265 22 76
52 4 95 102 19 44
52 5 267 114 22 39
52 6 274 98 21 40
52 7 274 97 21 42
52 8 299 88 12 37
52 9 292 86 13 39
52 10 280 87 11 36
52 11 415 94 20 34
52 12 421 95 19 40
52 13 596 212 38 67
52 14 633 275 27 79
52 21 43 410 44 96
52 22 31 402 36 89
52 29 611 95 16 40
52 32 334 102 21 44
52 33 334 102 21 44
52 34 263 55 15 32
52 35 -10 107 23 49
52 36 4 107 21 47
52 37 72 36 15 32
52 38 96 61 17 38
52 50 344 57 12 30
52 51 189 47 12 27
52 52 183 47 11 28
53 1 311 264 21 79
53 2 279 275 30 75
53 3 264 264 22 76
53 4 92 100 22 47
53 5 266 114 23 39
53 6 277 98 18 39
53 7 276 96 20 41
53 8 299 88 12 36
53 9 292 86 13 39
53 10 280 87 11 37
53 11 418 94 18 35
53 12 422 95 19 40
53 13 595 212 38 67
53 14 632 277 27 77
53 21 44 410 47 96
53 22 34 401 50 88
53 29 609 95 17 40
53 32 333 102 21 44
53 33 333 102 21 44
53 34 264 55 15 32
53 35 -10 107 23 49
53 36 3 107 21 47
53 37 72 36 15 32
53 38 96 60 17 39
53 50 344 57 12 30
53 51 189 47 12 28
53 52 183 47 11 28
54 1 311 264 21 79
54 2 279 275 30 75
54 3 264 264 22 76
54 4 92 100 22 43
54 5 265 113 20 41
54 6 277 98 18 40
54 7 276 96 20 41
54 8 298 88 12 37
54 9 291 86 13 39
54 10 280 86 11 37
54 11 420 94 17 33
54 12 422 95 19 40
54 13 593 211 39 67
54 14 631 276 32 77
54 21 45 410 47 95
54 22 36 401 54 87
54 29 609 95 17 40
54 32 331 102 21 43
54 33 331 102 20 41
54 34 264 55 15 32
54 35 -13 107 28 47
54 36 2 107 22 46
54 37 74 36 14 33
54 38 95 60 18 39
54 50 344 57 12 30
54 51 187 48 14 27
54 52 183 47 11 28
55 1 311 264 21 79
55 2 279 275 30 75
55 3 264 264 22 76
55 4 92 100 22 43
55 5 265 113 20 41
55 6 277 98 18 40
55 7 276 96 20 41
55 8 298 88 13 38
55 9 291 86 14 39
55 10 280 86 11 37
55 11 420 94 17 33
55 12 424 95 17 39
55 13 593 212 38 65
55 14 627 276 33 77
55 21 45 410 52 95
55 22 36 401 54 87
55 29 609 95 17 40
55 32 331 102 21 43
55 33 331 102 20 41
55 34 264 55 15 32
55 35 -13 107 28 47
55 36 2 107 22 46
55 37 74 36 14 33
55 38 95 60 18 39
55 50 344 57 12 30
55 51 187 48 14 27
55 52 183 47 11 28
56 1 311 264 21 79
56 2 279 275 30 75
56 3 264 264 22 77
56 4 91 100 21 43
56 5 264 113 18 39
56 6 277 98 18 41
56 7 276 96 20 41
56 8 300 88 10 34
56 9 292 85 13 38
56 10 280 86 11 37
56 11 423 94 15 33
56 12 425 95 17 39
56 13 591 211 39 67
56 14 626 274 36 79
56 21 47 409 53 98
56 22 39 401 53 86
56 29 606 95 19 41
56 32 330 102 21 43
56 33 330 102 20 41
56 34 265 55 15 32
56 35 -14 107 27 47
56 36 1 106 22 47
56 37 74 36 14 32
56 38 95 60 18 40
56 50 344 57 12 30
56 51 187 48 14 27
56 52 182 47 11 28
57 1 311 265 21 79
57 2 279 275 30 75
57 3 264 264 23 77
57 4 91 100 21 43
57 5 263 114 19 39
57 6 278 96 19 41
57 7 278 95 18 42
57 8 297 86 12 38
57 9 291 85 13 38
57 10 279 86 11 37
57 11 424 94 15 33
57 12 426 95 17 40
57 13 593 210 36 66
57 14 625 273 37 80
57 21 48 409 53 98
57 22 42 400 54 87
57 29 605 95 19 41
57 32 329 102 21 43
57 33 329 102 20 41
57 34 265 55 15 32
57 35 -14 107 27 47
57 36 1 106 21 46
57 37 74 36 14 32
57 38 96 60 17 39
57 50 343 57 12 30
57 51 187 48 14 27
57 52 182 47 11 28
58 1 311 265 21 79
58 2 279 275 30 75
58 3 264 263 23 77
58 4 90 100 18 43
58 5 261 113 17 40
58 6 281 96 16 42
58 7 280 95 16 43
58 8 298 88 11 34
58 9 291 85 13 39
58 10 279 86 11 37
58 11 424 94 17 35
58 12 427 95 17 40
58 13 592 210 34 63
58 14 624 272 35 78
58 21 51 408 53 99
58 22 44 401 54 87
58 29 605 95 19 41
58 32 328 102 21 44
58 33 332 102 13 42
58 34 265 55 15 33
58 35 -15 107 27 47
58 36 0 106 21 47
58 37 74 36 14 31
58 38 94 60 18 40
58 50 343 57 12 30
58 51 186 48 14 27
58 52 181 47 11 28
59 1 311 265 21 79
59 2 280 275 30 75
59 3 264 263 26 78
59 4 89 99 18 43
59 5 259 113 19 40
59 6 282 96 16 41
59 7 280 95 19 43
59 8 297 86 12 38
59 9 294 86 11 38
59 10 279 86 11 38
59 11 424 94 18 35
59 12 428 95 17 40
59 13 593 209 32 62
59 14 623 269 37 76
59 21 51 406 50 101
59 22 44 400 53 86
59 29 604 95 19 41
59 32 328 102 20 40
59 33 331 102 13 42
59 34 267 55 14 33
59 35 -16 107 27 47
59 36 -1 107 21 47
59 37 75 36 15 32
59 38 96 60 17 39
59 50 343 57 12 30
59 51 186 48 14 27
59 52 181 47 11 28
60 1 309 264 23 79
60 2 279 275 30 76
60 3 264 263 26 78
60 4 89 99 18 42
60 5 259 113 19 41
60 6 282 95 19 41
60 7 280 95 21 42
60 8 296 86 12 38
60 9 294 86 11 38
60 10 278 86 11 38
60 11 423 94 17 34
60 12 427 96 19 40
60 13 592 208 32 63
60 14 624 268 35 77
60 21 53 406 50 100
60 22 47 400 51 84
60 29 604 95 19 41
60 32 327 102 18 41
60 33 329 102 14 43
60 34 267 56 14 32
60 35 -17 107 27 47
60 36 -2 107 21 47
60 37 75 36 15 32
60 38 94 60 18 38
60 50 343 57 12 30
60 51 185 48 14 27
60 52 180 47 11 28
61 1 309 264 23 79
61 2 279 275 30 76
61 3 264 263 26 78
61 4 89 99 18 42
61 5 259 113 19 41
61 6 282 95 17 41
61 7 282 95 19 42
61 8 296 86 12 38
61 9 294 86 11 38
61 10 278 86 11 38
61 11 423 94 20 35
61 12 427 96 19 40
61 13 592 208 32 61
61 14 624 268 35 74
61 21 53 406 50 100
61 22 47 400 52 84
61 29 604 95 19 41
61 32 327 102 18 41
61 33 329 102 14 43
61 34 267 56 14 32
61 35 -17 107 27 47
61 36 -2 107 21 47
61 37 75 36 15 32
61 38 94 60 18 38
61 50 343 57 11 30
61 51 185 48 14 27
61 52 180 47 11 28
62 1 309 264 23 79
62 2 279 275 30 76
62 3 264 263 26 79
62 4 87 98 18 41
62 5 255 113 23 40
62 6 282 95 17 41
62 7 282 95 18 42
62 8 296 86 12 37
62 9 293 86 11 38
62 10 278 86 11 38
62 11 424 94 18 35
62 12 428 96 19 40
62 13 592 207 32 63
62 14 623 267 34 74
62 19 639 381 35 104
62 21 55 406 48 100
62 22 50 399 50 85
62 29 603 95 18 41
62 32 326 102 18 41
62 33 328 102 14 43
62 34 269 56 14 31
62 35 -19 106 28 48
62 36 -2 107 21 47
62 37 75 37 16 33
62 38 94 60 18 38
62 50 343 57 11 30
62 51 185 48 14 26
62 52 180 47 11 28
63 1 309 264 23 78
63 2 283 276 26 74
63 3 264 262 26 79
63 4 86 98 18 41
63 5 254 113 23 40
63 6 284 95 17 41
63 7 284 95 19 42
63 8 295 86 12 37
63 9 293 86 11 38
63 10 277 86 11 38
63 11 424 94 19 36
63 12 429 96 19 40
63 13 590 207 33 63
63 14 619 267 35 73
63 19 636 379 37 101
63 20 640 263 19 70
63 21 61 406 42 98
63 22 53 398 48 86
63 29 601 95 19 41
63 32 325 102 18 41
63 33 327 102 14 43
63 34 270 56 14 31
63 35 -19 106 24 48
63 36 -3 107 21 48
63 37 75 37 16 33
63 38 94 60 18 38
63 50 343 58 11 29
63 51 185 49 13 25
63 52 180 47 11 29
64 1 309 265 23 78
64 2 283 276 26 74
64 3 264 262 26 79
64 4 86 98 18 40
64 5 253 113 23 40
64 6 284 95 21 41
64 7 284 95 19 42
64 8 295 86 12 37
64 9 292 85 11 38
64 10 277 86 11 38
64 11 425 94 19 36
64 12 428 96 20 40
64 13 589 206 31 62
64 14 618 266 34 72
64 19 635 378 43 102
64 20 639 262 22 70
64 21 64 403 39 101
64 22 58 394 41 90
64 29 600 95 18 39
64 32 324 102 18 41
64 33 326 102 14 42
64 34 269 56 14 31
64 35 -20 106 24 48
64 36 -4 106 21 48
64 37 75 37 16 33
64 38 94 60 18 38
64 50 343 57 11 30
64 51 184 49 13 26
64 52 179 47 12 30
65 1 309 265 23 78
65 2 283 276 26 74
65 3 264 262 26 79
65 4 85 98 18 39
65 5 251 114 26 40
65 6 284 95 22 41
65 7 284 95 22 42
65 8 295 86 12 36
65 9 292 85 11 38
65 10 276 85 11 38
65 11 426 94 19 36
65 12 429 96 20 40
65 13 588 206 31 62
65 14 612 266 40 71
65 19 634 372 38 104
65 20 638 262 24 70
65 21 68 400 37 102
65 22 61 394 40 89
65 29 604 95 14 43
65 32 325 102 13 43
65 33 322 103 20 42
65 34 270 56 14 31
65 35 -20 106 24 49
65 36 -5 106 21 48
65 37 76 37 16 33
65 38 92 60 19 38
65 50 343 57 11 30
65 51 185 46 12 27
65 52 179 47 12 30
66 1 309 265 23 78
66 2 283 276 26 74
66 3 264 262 26 79
66 4 85 98 18 41
66 5 250 114 26 40
66 6 284 95 23 41
66 7 284 95 22 42
66 8 294 85 12 36
66 9 292 85 11 38
66 10 275 85 11 38
66 11 427 94 19 36
66 12 430 96 20 40
66 13 587 205 33 63
66 14 611 266 40 70
66 19 627 366 44 104
66 20 637 261 22 70
66 21 70 401 37 100
66 22 65 392 39 88
66 29 603 95 14 43
66 32 324 102 13 43
66 33 321 103 20 42
66 34 270 56 14 31
66 35 -21 106 24 48
66 36 -5 106 21 47
66 37 76 37 16 33
66 38 92 60 19 38
66 50 343 57 11 30
66 51 185 46 12 27
66 52 179 46 12 31
67 1 308 265 24 78
67 2 283 276 26 74
67 3 264 262 26 79
67 4 85 98 18 41
67 5 250 114 26 40
67 6 284 95 23 41
67 7 284 95 22 42
67 8 294 85 12 36
67 9 292 85 11 38
67 10 275 87 12 36
67 11 427 94 19 36
67 12 430 96 20 40
67 13 587 205 33 63
67 14 611 266 40 70
67 19 627 366 44 104
67 20 637 261 26 70
67 21 70 401 37 100
67 22 65 392 39 88
67 29 603 95 14 43
67 32 324 102 13 43
67 33 321 103 20 42
67 34 270 56 14 31
67 35 -21 106 24 48
67 36 -5 106 21 47
67 37 76 37 16 33
67 38 92 60 18 37
67 50 343 57 11 30
67 51 185 46 12 27
67 52 176 46 13 31
68 1 308 265 24 78
68 2 283 276 26 74
68 3 264 262 26 79
68 4 84 98 18 42
68 5 251 113 23 40
68 6 284 95 23 41
68 7 284 95 22 42
68 8 294 85 12 38
68 9 289 85 12 39
68 10 275 87 12 37
68 11 428 94 19 36
68 12 432 96 19 40
68 13 586 205 33 63
68 14 603 266 47 70
68 19 618 365 57 104
68 20 635 260 28 70
68 21 72 401 36 101
68 22 67 392 39 88
68 29 603 95 14 43
68 32 323 102 13 43
68 33 320 103 20 42
68 34 270 56 14 32
68 35 -21 106 24 48
68 36 -8 106 21 49
68 37 76 37 16 34
68 38 92 60 18 37
68 50 343 58 11 30
68 51 185 46 12 27
68 52 176 46 13 31
69 1 308 266 24 77
69 2 283 276 26 74
69 3 264 262 26 79
69 4 83 98 18 42
69 5 250 113 23 40
69 6 284 95 23 41
69 7 285 95 23 42
69 8 293 85 12 37
69 9 289 85 12 40
69 10 274 86 12 37
69 11 431 94 15 36
69 12 432 96 19 40
69 13 585 204 33 63
69 14 602 266 47 70
69 19 610 365 61 103
69 20 634 259 28 71
69 21 74 401 39 99
69 22 69 390 39 88
69 29 603 95 14 42
69 32 318 103 19 39
69 33 319 103 20 41
69 34 271 56 14 31
69 35 -25 106 25 48
69 36 -9 106 21 49
69 37 77 37 16 32
69 38 92 60 18 37
69 50 343 58 11 29
69 51 183 47 12 27
69 52 175 46 13 31
70 1 308 266 24 77
70 2 283 276 26 74
70 3 264 262 26 79
70 4 83 97 18 43
70 5 248 113 20 39
70 6 284 95 23 41
70 7 285 95 23 42
70 8 293 85 11 35
70 9 289 85 12 40
70 10 273 86 13 38
70 11 435 94 15 35
70 12 437 96 16 41
70 13 582 204 34 62
70 14 601 266 45 72
70 19 605 364 66 104
70 20 632 258 27 71
70 21 76 401 45 99
70 22 72 390 38 88
70 29 601 95 15 43
70 32 316 103 20 39
70 33 318 104 18 39
70 34 272 56 14 31
70 35 -25 106 25 48
70 36 -9 106 21 49
70 37 76 37 16 33
70 38 91 59 18 38
70 50 343 58 11 29
70 51 183 47 12 27
70 52 175 46 13 31
71 1 308 266 24 77
71 2 283 276 26 74
71 3 264 262 26 79
71 4 82 97 18 42
71 5 247 113 19 39
71 6 284 95 23 41
71 7 285 95 23 42
71 8 292 85 12 36
71 9 288 85 12 39
71 10 273 86 12 37
71 11 435 94 16 36
71 12 438 96 16 41
71 13 581 203 34 64
71 14 600 263 43 74
71 19 604 364 70 104
71 20 631 257 31 72
71 21 77 401 53 97
71 22 74 389 38 94
71 29 595 95 21 40
71 32 315 103 20 40
71 33 316 104 20 40
71 34 272 56 14 31
71 35 -26 107 28 48
71 36 -9 106 22 48
71 37 76 37 16 31
71 38 91 59 18 38
71 50 343 58 11 29
71 51 182 47 12 27
71 52 174 46 14 31
72 1 307 267 27 77
72 2 282 276 26 74
72 3 264 262 26 79
72 4 82 96 16 39
72 5 246 113 17 39
72 6 287 95 20 42
72 7 288 95 20 42
72 8 291 85 12 38
72 9 287 85 12 40
72 10 272 86 12 37
72 11 436 94 16 36
72 12 438 96 16 41
72 13 579 202 33 62
72 14 599 262 43 74
72 19 603 364 68 102
72 20 628 253 29 74
72 21 78 401 59 96
72 22 76 389 44 93
72 29 595 95 21 40
72 32 314 103 20 40
72 33 315 103 20 39
72 34 273 56 14 31
72 35 -22 107 23 48
72 36 -10 106 22 48
72 37 76 38 16 32
72 38 91 59 19 38
72 50 343 58 11 29
72 51 182 47 12 27
72 52 174 46 14 31
73 1 307 267 27 77
73 2 282 276 26 74
73 3 264 262 26 79
73 4 81 96 17 41
73 5 246 113 17 39
73 6 287 95 20 42
73 7 288 95 20 42
73 8 291 85 12 38
73 9 287 85 12 40
73 10 272 86 13 38
73 11 434 94 18 37
73 12 438 96 16 41
73 13 579 202 33 62
73 14 599 262 43 74
73 19 603 364 68 102
73 20 628 253 29 74
73 21 78 401 59 96
73 22 76 389 44 93
73 29 593 95 22 40
73 32 314 103 20 40
73 33 315 103 20 39
73 34 273 56 14 31
73 35 -22 107 23 48
73 36 -10 106 22 48
73 37 76 38 16 32
73 38 91 59 19 38
73 50 343 58 11 29
73 51 182 47 12 27
73 52 174 46 14 31
74 1 307 267 27 77
74 2 282 276 26 74
74 3 264 262 26 79
74 4 80 96 18 42
74 5 245 113 18 39
74 6 289 94 20 42
74 7 288 95 20 42
74 8 291 85 13 39
74 9 287 84 12 40
74 10 272 86 12 37
74 11 435 94 18 37
74 12 439 96 16 41
74 13 578 202 32 62
74 14 597 261 42 75
74 19 602 364 67 102
74 20 626 251 32 71
74 21 80 401 59 95
74 22 78 389 46 93
74 29 593 95 22 40
74 32 313 103 20 40
74 33 318 103 16 41
74 34 273 56 14 31
74 35 -22 107 23 47
74 36 -10 106 22 48
74 37 77 38 16 33
74 38 91 60 18 37
74 50 343 58 11 29
74 51 182 47 12 27
74 52 173 46 14 31
75 1 306 267 28 77
75 2 281 276 26 74
75 3 264 262 26 79
75 4 79 96 18 42
75 5 244 113 18 39
75 6 289 94 20 42
75 7 289 94 20 43
75 8 290 85 12 37
75 9 287 84 13 41
75 10 271 86 14 37
75 11 435 94 20 38
75 12 441 96 16 41
75 13 577 201 30 62
75 14 600 260 39 70
75 19 598 363 68 99
75 20 624 250 31 72
75 21 82 400 57 97
75 22 80 389 47 93
75 29 592 95 21 41
75 32 311 103 20 39
75 33 316 103 17 41
75 34 274 57 14 33
75 35 -23 108 22 47
75 36 -11 107 22 47
75 37 77 38 16 32
75 38 91 60 18 37
75 50 344 58 11 29
75 51 182 47 12 27
75 52 173 46 14 31
76 1 305 267 29 77
76 2 281 276 26 74
76 3 264 262 26 79
76 4 79 96 18 42
76 5 241 113 20 39
76 6 289 94 20 42
76 7 289 94 20 43
76 8 290 85 12 37
76 9 287 84 13 41
76 10 271 86 14 38
76 11 435 94 19 37
76 12 442 96 16 41
76 13 576 200 30 62
76 14 599 259 39 71
76 19 597 363 66 98
76 20 623 249 31 73
76 21 83 399 57 97
76 22 84 388 46 94
76 29 592 95 21 40
76 32 312 103 18 39
76 33 314 103 15 41
76 34 274 57 14 33
76 35 -25 108 25 46
76 36 -13 107 25 46
76 37 78 40 15 31
76 38 91 60 18 37
76 50 344 58 11 29
76 51 181 47 12 27
76 52 173 46 14 31
77 1 303 267 31 77
77 2 281 276 26 74
77 3 264 262 26 79
77 4 78 96 18 42
77 5 240 113 21 39
77 6 290 94 20 42
77 7 290 93 20 43
77 8 289 84 12 37
77 9 285 84 12 39
77 10 271 86 14 38
77 11 436 95 19 35
77 12 439 97 20 40
77 13 574 200 29 63
77 14 601 256 31 69
77 19 601 361 61 97
77 20 620 249 32 74
77 21 86 399 54 98
77 22 83 389 48 92
77 29 591 95 21 41
77 32 311 103 18 40
77 33 313 103 15 41
77 34 275 57 14 32
77 35 -22 108 21 46
77 36 -14 107 25 46
77 37 78 39 16 31
77 38 90 60 18 37
77 50 344 58 11 29
77 51 181 47 12 26
77 52 172 46 14 32
78 1 303 267 31 77
78 2 282 276 22 74
78 3 264 262 26 79
78 4 76 96 20 44
78 5 237 113 24 39
78 6 296 96 17 40
78 7 296 96 18 41
78 8 289 84 12 37
78 9 285 84 12 40
78 10 270 86 14 39
78 11 437 95 19 35
78 12 440 97 20 40
78 13 570 199 30 62
78 14 600 255 31 69
78 19 599 360 61 96
78 20 617 248 32 74
78 21 88 399 53 97
78 22 85 389 48 91
78 29 590 95 21 41
78 32 309 103 19 41
78 33 310 103 19 42
78 34 275 57 14 32
78 35 -23 108 21 45
78 36 -15 107 25 46
78 37 78 39 16 32
78 38 90 60 18 37
78 50 344 58 11 29
78 51 181 47 12 26
78 52 172 46 14 31
79 1 303 267 31 77
79 2 282 276 22 74
79 3 264 262 26 79
79 4 76 96 19 42
79 5 237 113 24 39
79 6 296 96 17 40
79 7 296 96 18 41
79 8 289 84 12 37
79 9 285 84 12 40
79 10 270 86 14 39
79 11 436 95 20 35
79 12 440 97 20 40
79 13 574 200 28 61
79 14 600 255 31 69
79 19 599 360 61 96
79 20 617 248 32 74
79 21 88 399 52 97
79 22 85 389 48 91
79 29 590 95 21 41
79 32 310 103 18 40
79 33 310 103 19 42
79 34 275 57 14 32
79 35 -23 108 21 47
79 36 -15 107 25 46
79 37 78 39 15 34
79 38 90 60 18 37
79 50 344 58 11 29
79 51 181 47 12 26
79 52 172 46 14 31
80 1 303 267 31 77
80 2 282 276 22 74
80 3 264 263 26 79
80 4 75 96 19 42
80 5 236 113 24 39
80 6 296 96 17 40
80 7 296 96 18 40
80 8 289 84 12 37
80 9 284 84 12 40
80 10 269 85 15 39
80 11 437 95 20 35
80 12 440 97 20 40
80 13 566 200 36 61
80 14 599 254 32 70
80 19 597 358 62 98
80 20 616 248 32 74
80 21 88 397 51 95
80 22 88 388 45 91
80 29 593 95 18 41
80 32 309 103 18 39
80 33 309 103 19 42
80 34 275 57 14 32
80 35 -25 108 22 45
80 36 -15 107 25 46
80 37 78 39 15 34
80 38 90 60 18 37
80 50 344 58 11 29
80 51 180 47 12 26
80 52 172 46 14 31
81 1 303 267 31 77
81 2 282 276 22 74
81 3 264 263 26 79
81 4 75 95 19 42
81 5 234 113 25 40
81 6 296 96 18 40
81 7 297 96 18 41
81 8 288 84 12 37
81 9 284 83 12 40
81 10 268 85 15 35
81 11 437 95 21 36
81 12 441 97 20 40
81 13 565 200 35 60
81 14 595 254 32 73
81 19 599 357 56 98
81 20 613 247 33 74
81 21 91 397 49 94
81 22 90 385 43 92
81 29 592 95 18 41
81 32 308 103 18 40
81 33 308 103 19 42
81 34 276 58 14 32
81 35 -22 108 18 45
81 36 -16 107 25 46
81 37 79 39 16 34
81 38 90 61 18 37
81 50 344 58 11 29
81 51 180 47 12 26
81 52 171 46 14 31
82 1 303 267 31 77
82 2 281 276 22 74
82 3 264 263 26 78
82 4 75 95 19 42
82 5 234 113 25 40
82 6 296 96 22 41
82 7 297 97 17 40
82 8 288 83 12 38
82 9 284 83 12 40
82 10 268 85 15 35
82 11 437 95 22 36
82 12 442 97 20 40
82 13 560 200 35 60
82 14 591 254 35 73
82 19 598 356 55 98
82 20 612 247 33 73
82 21 93 397 48 93
82 22 94 384 42 92
82 29 592 95 18 41
82 32 307 103 18 40
82 33 308 104 19 38
82 34 277 57 14 32
82 36 -17 107 23 46
82 37 79 39 16 34
82 38 89 61 18 37
82 50 344 58 11 29
82 51 180 47 12 27
82 52 171 46 14 32
83 1 303 266 31 78
83 2 281 276 22 74
83 3 264 263 26 78
83 4 73 93 18 40
83 5 233 113 25 40
83 6 296 96 20 40
83 7 297 97 18 40
83 8 288 83 12 38
83 9 283 83 12 40
83 10 267 84 15 36
83 11 440 95 20 36
83 12 443 97 20 40
83 13 559 200 35 60
83 14 586 254 39 73
83 19 595 353 56 100
83 20 610 246 32 73
83 21 98 396 42 91
83 22 96 383 41 94
83 29 591 95 18 41
83 32 306 103 18 39
83 33 307 104 19 38
83 34 277 58 14 32
83 36 -19 106 24 48
83 37 79 39 16 34
83 38 89 60 18 37
83 50 345 58 11 29
83 51 179 47 12 27
83 52 170 45 13 32
84 1 303 266 31 78
84 2 281 275 22 75
84 3 264 264 26 78
84 4 72 93 18 41
84 5 233 113 21 39
84 6 297 96 22 41
84 7 298 97 17 40
84 8 287 83 12 38
84 9 283 83 13 41
84 10 266 84 15 36
84 11 441 95 20 36
84 12 443 97 20 41
84 13 558 200 35 60
84 14 585 254 39 73
84 19 598 353 49 98
84 20 608 246 32 73
84 21 101 396 42 88
84 22 102 383 37 93
84 29 590 94 18 42
84 32 304 104 19 40
84 33 306 104 19 38
84 34 278 57 14 32
84 36 -19 106 21 48
84 37 80 39 16 33
84 38 89 60 18 38
84 50 345 58 11 29
84 51 179 47 12 27
84 52 170 45 13 32
85 1 303 266 31 78
85 2 281 275 22 75
85 3 264 264 26 78
85 4 72 92 20 45
85 5 233 113 21 39
85 6 297 96 22 41
85 7 298 97 17 40
85 8 287 83 12 38
85 9 282 83 12 38
85 10 266 84 15 36
85 11 441 95 20 36
85 12 443 97 21 41
85 13 558 200 36 59
85 14 585 254 39 73
85 19 598 353 49 98
85 20 608 246 32 73
85 21 101 396 42 88
85 22 102 383 37 93
85 29 590 95 18 41
85 32 304 104 19 40
85 33 306 104 19 38
85 34 278 57 14 32
85 36 -19 106 21 48
85 37 80 39 16 33
85 38 89 60 18 38
85 50 345 58 11 29
85 51 179 47 12 27
85 52 171 46 14 31
86 1 303 266 31 78
86 2 281 275 22 75
86 3 264 264 26 78
86 4 73 92 18 42
86 5 232 113 19 40
86 6 297 96 22 41
86 7 298 97 17 39
86 8 287 83 12 37
86 9 282 83 13 41
86 10 266 84 15 35
86 11 442 95 19 34
86 12 445 97 17 41
86 13 557 200 36 59
86 14 583 252 38 75
86 19 597 351 48 99
86 20 607 245 30 72
86 21 106 394 41 94
86 22 104 382 37 93
86 29 590 95 18 41
86 32 304 104 19 39
86 33 305 104 19 38
86 34 279 57 14 32
86 36 -20 106 21 48
86 37 80 39 16 35
86 38 88 60 18 35
86 50 345 59 11 29
86 51 179 47 12 27
86 52 169 45 13 32
87 1 302 266 32 79
87 2 281 275 22 75
87 3 264 264 26 77
87 4 72 92 19 42
87 5 231 113 17 41
87 6 297 96 22 41
87 7 298 98 17 39
87 8 286 83 12 37
87 9 277 82 13 39
87 10 265 84 15 37
87 11 445 95 17 36
87 12 446 97 17 41
87 13 559 198 33 61
87 14 582 251 36 74
87 19 595 350 49 100
87 20 606 244 31 69
87 21 111 393 37 94
87 22 107 382 36 94
87 29 589 96 17 40
87 32 302 104 19 40
87 33 305 105 18 37
87 34 279 57 14 32
87 36 -20 106 21 48
87 37 80 39 16 34
87 38 88 60 18 35
87 50 345 58 11 29
87 51 179 47 12 27
87 52 169 45 13 32
88 1 302 266 32 78
88 2 281 275 22 75
88 3 264 264 26 77
88 4 70 92 19 42
88 5 230 113 17 42
88 6 297 97 22 40
88 7 298 98 17 38
88 8 286 82 12 36
88 9 277 82 13 39
88 10 265 84 15 37
88 11 446 95 18 36
88 12 449 97 14 40
88 13 558 198 33 61
88 14 581 250 36 75
88 19 591 349 52 102
88 20 604 243 32 70
88 21 112 392 41 94
88 22 109 382 36 92
88 29 589 96 17 40
88 32 302 105 18 39
88 33 304 105 19 37
88 34 279 58 14 32
88 36 -21 106 21 48
88 37 80 40 16 34
88 38 88 60 18 35
88 50 345 58 11 29
88 51 177 47 13 27
88 52 169 45 13 32
89 1 300 266 34 78
89 2 281 275 22 75
89 3 264 265 26 77
89 4 70 93 18 42
89 5 228 113 17 41
89 6 298 97 24 40
89 7 298 98 25 40
89 8 286 82 12 36
89 9 276 82 13 39
89 10 264 84 15 37
89 11 446 95 19 36
89 12 450 97 14 40
89 13 557 195 29 59
89 14 582 249 33 75
89 19 590 348 52 103
89 20 602 242 32 69
89 21 113 392 41 94
89 22 111 381 38 93
89 29 588 94 17 42
89 32 301 104 18 38
89 33 303 105 18 37
89 34 280 58 14 33
89 36 -22 106 21 48
89 37 83 41 15 31
89 38 88 60 18 35
89 50 345 59 11 29
89 51 177 47 13 27
89 52 169 45 13 32
90 1 300 266 34 78
90 2 280 275 22 75
90 3 264 265 25 76
90 4 69 93 19 43
90 5 226 113 19 41
90 6 298 97 24 40
90 7 298 98 25 40
90 8 285 82 12 36
90 9 276 81 13 40
90 10 264 84 15 37
90 11 446 95 20 36
90 12 451 97 14 40
90 13 556 194 29 60
90 14 581 248 33 70
90 19 591 346 48 102
90 20 603 241 28 69
90 21 118 391 44 97
90 22 113 381 44 92
90 29 587 96 17 42
90 32 301 104 18 38
90 33 303 104 18 37
90 34 283 58 12 32
90 36 -22 106 21 48
90 37 83 41 15 31
90 38 87 59 18 36
90 50 345 59 11 28
90 51 176 47 15 27
90 52 168 45 13 32
91 1 300 266 34 78
91 2 280 275 22 75
91 3 264 265 25 76
91 4 69 93 19 44
91 5 226 113 19 41
91 6 298 97 24 40
91 7 298 98 25 40
91 8 285 82 12 36
91 9 276 81 13 40
91 10 264 84 15 37
91 11 446 95 19 36
91 12 451 97 16 40
91 13 556 194 29 60
91 14 581 248 33 70
91 19 591 346 48 102
91 20 603 241 28 69
91 21 118 391 44 97
91 22 113 381 44 92
91 29 584 96 19 42
91 32 301 104 18 38
91 33 303 104 18 37
91 34 283 58 12 32
91 36 -22 106 21 48
91 37 83 41 15 31
91 38 87 59 18 34
91 50 345 59 11 29
91 51 176 47 15 27
91 52 169 45 13 32
92 1 300 266 34 78
92 2 280 275 22 75
92 3 264 265 25 76
92 4 67 93 19 43
92 5 223 113 23 40
92 6 299 97 24 39
92 7 299 98 25 40
92 8 285 82 12 36
92 9 275 81 13 40
92 10 263 84 15 37
92 11 446 95 20 36
92 12 452 97 16 40
92 13 555 193 28 59
92 14 580 247 33 71
92 19 590 344 48 103
92 20 602 240 28 69
92 21 119 389 44 99
92 22 113 378 47 95
92 29 584 96 19 42
92 32 299 104 19 40
92 33 300 104 19 41
92 34 284 58 12 31
92 36 -22 106 21 48
92 37 84 41 16 31
92 38 87 59 18 34
92 50 345 58 11 29
92 51 176 47 15 27
92 52 168 45 13 33
93 1 300 266 34 78
93 2 280 275 22 75
93 3 264 266 25 76
93 4 67 92 19 43
93 5 221 113 25 40
93 6 301 97 23 38
93 7 299 97 25 40
93 8 284 82 12 36
93 9 274 80 13 39
93 10 262 84 15 37
93 11 446 95 21 37
93 12 452 97 16 40
93 13 554 193 28 59
93 14 579 245 34 69
93 18 641 353 27 91
93 19 589 343 47 101
93 20 595 239 35 72
93 21 121 389 43 97
93 22 115 378 46 94
93 29 583 96 19 42
93 32 299 104 19 40
93 33 300 103 19 42
93 34 284 58 12 32
93 36 -24 106 22 47
93 37 84 41 16 31
93 38 87 59 18 34
93 50 345 59 11 29
93 51 175 47 15 27
93 52 168 44 13 33
94 1 300 266 34 78
94 2 280 275 22 74
94 3 264 266 25 76
94 4 66 92 18 41
94 5 220 113 25 40
94 6 302 97 22 37
94 7 302 98 23 36
94 8 283 81 14 37
94 9 274 81 13 37
94 10 262 84 15 37
94 11 447 95 21 36
94 12 451 97 19 41
94 13 553 192 30 59
94 14 578 244 34 69
94 18 640 353 31 89
94 19 588 342 45 98
94 20 594 238 35 73
94 21 120 388 48 99
94 22 115 379 52 89
94 29 583 96 19 42
94 32 298 103 15 42
94 33 297 103 16 43
94 34 285 58 12 32
94 36 -25 106 22 47
94 37 84 41 16 31
94 38 87 59 18 34
94 50 345 59 11 29
94 51 175 47 15 28
94 52 168 45 13 32
95 1 299 266 35 78
95 2 280 275 22 75
95 3 264 266 25 75
95 4 65 91 18 42
95 5 218 113 27 40
95 6 303 97 23 40
95 7 303 96 23 41
95 8 283 81 14 36
95 9 275 80 13 38
95 10 262 83 15 37
95 11 447 95 21 36
95 12 452 97 19 41
95 13 552 192 30 59
95 14 574 243 36 71
95 18 631 351 38 91
95 19 586 340 47 96
95 20 593 238 36 73
95 21 121 388 48 99
95 22 117 379 52 89
95 29 582 96 19 42
95 32 297 103 15 42
95 33 296 103 16 43
95 34 285 58 12 33
95 36 -26 106 22 48
95 37 85 41 16 32
95 38 87 60 17 33
95 50 345 59 11 29
95 51 175 46 14 27
95 52 167 44 12 30
96 1 299 266 35 78
96 2 280 275 22 75
96 3 264 266 25 75
96 4 65 90 18 41
96 5 217 113 27 40
96 6 304 97 21 40
96 7 304 96 23 41
96 8 283 81 14 36
96 9 275 80 13 38
96 10 261 83 15 37
96 11 448 95 21 36
96 12 453 97 19 41
96 13 551 191 30 60
96 14 568 242 36 71
96 18 624 351 45 91
96 19 585 339 46 93
96 20 591 237 35 72
96 21 124 387 48 100
96 22 120 377 51 90
96 29 581 96 19 42
96 32 296 104 14 40
96 33 295 103 16 43
96 34 286 58 13 35
96 36 -27 107 21 46
96 37 84 41 16 31
96 38 87 60 18 33
96 50 345 59 11 29
96 51 175 46 14 27
96 52 167 44 12 30
97 1 299 266 35 78
97 2 280 275 22 75
97 3 264 266 25 75
97 4 65 90 18 42
97 5 217 113 27 40
97 6 306 97 19 40
97 7 306 96 17 41
97 8 283 81 14 36
97 9 275 80 13 38
97 10 261 83 15 38
97 11 448 95 20 36
97 12 452 97 19 41
97 13 551 191 30 60
97 14 568 242 36 71
97 18 624 351 43 91
97 19 585 339 46 93
97 20 591 237 35 72
97 21 121 387 49 99
97 22 120 377 47 90
97 29 581 96 19 42
97 32 296 103 15 42
97 33 295 103 16 43
97 34 286 58 13 35
97 36 -27 107 21 46
97 37 85 41 16 32
97 38 87 60 15 32
97 50 345 59 11 29
97 51 175 46 14 27
97 52 167 44 12 30
98 1 299 266 35 78
98 2 280 275 22 75
98 3 264 266 25 75
98 4 64 90 18 41
98 5 215 113 28 41
98 6 307 97 18 41
98 7 307 96 17 41
98 8 282 81 14 35
98 9 275 80 13 38
98 10 260 82 15 37
98 11 449 95 20 36
98 12 453 97 19 41
98 13 548 191 33 61
98 14 563 242 39 72
98 18 623 350 43 90
98 19 581 337 47 94
98 20 590 237 36 73
98 21 123 387 48 97
98 22 122 377 47 90
98 29 581 96 19 42
98 32 296 103 15 43
98 33 293 104 15 41
98 34 287 58 12 32
98 36 -27 107 21 46
98 37 84 41 16 31
98 38 87 60 15 32
98 50 345 59 11 29
98 51 174 46 14 27
98 52 166 44 12 30
99 1 299 266 35 78
99 2 280 275 22 75
99 3 264 266 25 75
99 4 64 91 18 41
99 5 214 113 27 40
99 6 305 96 23 42
99 7 307 96 21 42
99 8 282 81 14 36
99 9 274 80 13 38
99 10 260 82 15 38
99 11 450 94 20 37
99 12 454 96 19 42
99 13 546 191 34 61
99 14 560 242 40 71
99 18 620 347 47 95
99 19 574 336 52 93
99 20 587 236 34 73
99 21 127 385 44 97
99 22 122 375 46 90
99 29 580 96 18 42
99 32 292 103 18 42
99 33 292 104 18 42
99 34 287 58 12 32
99 37 86 41 17 32
99 38 87 60 15 32
99 50 345 59 11 29
99 51 174 46 14 27
99 52 166 44 12 30
100 1 299 266 35 78
100 2 280 275 22 75
100 3 263 266 25 75
100 4 63 91 19 43
100 5 215 113 23 41
100 6 307 96 21 39
100 7 308 96 21 40
100 8 281 81 14 36
100 9 274 80 13 37
100 10 260 82 15 38
100 11 450 94 20 37
100 12 455 96 19 42
100 13 545 190 34 61
100 14 557 242 42 71
100 18 618 345 53 95
100 19 566 335 59 93
100 20 585 235 36 73
100 21 129 385 44 96
100 22 124 375 45 89
100 29 579 96 18 42
100 32 291 103 18 42
100 33 291 104 18 42
100 34 287 59 11 31
100 37 86 41 15 30
100 38 87 60 15 32
100 50 345 59 11 29
100 51 174 46 14 27
100 52 166 44 12 30
101 1 299 266 35 78
101 2 280 275 22 75
101 3 264 266 25 75
101 4 62 91 19 44
101 5 214 113 22 41
101 6 307 96 23 39
101 7 307 96 23 40
101 8 281 81 14 36
101 9 273 80 13 38
101 10 259 82 15 37
101 11 453 94 18 36
101 12 455 96 19 43
101 13 543 189 34 61
101 14 558 242 40 71
101 18 617 344 51 94
101 19 563 335 60 92
101 20 583 234 35 68
101 21 132 382 40 97
101 22 132 373 37 90
101 29 582 95 14 43
101 32 290 103 18 42
101 33 290 104 18 42
101 34 288 58 12 32
101 37 86 41 15 29
101 38 86 60 15 32
101 50 345 59 11 29
101 51 174 46 14 27
101 52 165 44 12 30
102 1 299 266 35 78
102 2 280 275 22 75
102 3 263 266 25 75
102 4 61 91 19 41
102 5 213 113 19 41
102 6 309 96 22 39
102 7 308 96 23 40
102 8 281 81 14 35
102 9 273 80 13 38
102 10 259 82 15 37
102 11 454 94 18 36
102 12 456 96 20 42
102 13 542 189 33 60
102 14 557 241 40 71
102 18 616 342 52 95
102 19 562 335 58 94
102 20 588 233 29 64
102 21 140 379 33 99
102 22 133 377 37 86
102 29 582 95 14 43
102 32 289 103 18 43
102 33 289 104 18 43
102 34 288 59 11 29
102 37 87 42 14 29
102 38 86 59 15 32
102 50 345 59 11 29
102 51 173 45 14 29
102 52 165 44 12 30
103 1 299 266 35 78
103 2 280 275 22 75
103 3 263 266 25 75
103 4 61 91 19 41
103 5 213 113 19 41
103 6 309 96 21 39
103 7 308 96 21 40
103 8 281 81 14 35
103 9 273 80 13 38
103 10 259 82 15 37
103 11 454 94 16 36
103 12 456 96 20 42
103 13 542 189 33 60
103 14 557 241 40 70
103 18 616 342 51 95
103 19 562 335 58 94
103 20 588 233 29 64
103 21 140 379 33 99
103 22 133 377 37 86
103 29 582 95 14 43
103 32 289 103 18 43
103 33 289 104 18 43
103 34 289 59 12 32
103 37 87 42 14 29
103 38 86 59 15 32
103 50 345 59 11 29
103 51 173 45 14 29
103 52 165 44 12 30
104 1 299 266 35 78
104 2 280 275 22 75
104 3 263 266 25 76
104 4 60 90 19 41
104 5 212 113 17 41
104 6 307 96 24 39
104 7 307 96 23 40
104 8 281 81 14 35
104 9 273 79 13 39
104 10 259 82 15 37
104 11 455 94 16 36
104 12 456 96 20 42
104 13 544 188 29 60
104 14 556 240 40 70
104 18 615 341 50 95
104 19 561 335 58 93
104 20 587 232 29 68
104 21 143 379 33 98
104 22 135 376 37 86
104 29 581 95 14 43
104 32 288 103 18 43
104 33 288 103 18 43
104 34 289 59 12 32
104 37 87 42 15 30
104 38 84 58 17 34
104 50 345 58 11 29
104 51 173 45 14 29
104 52 165 44 12 30
105 1 299 266 35 78
105 2 280 275 22 75
105 3 263 266 25 76
105 4 60 90 19 41
105 5 211 113 17 41
105 6 308 98 22 38
105 7 308 96 23 40
105 8 280 81 14 35
105 9 273 79 14 39
105 10 258 82 15 37
105 11 455 94 16 36
105 12 457 96 20 42
105 13 543 187 26 60
105 14 557 239 37 69
105 17 642 318 22 89
105 18 616 340 49 95
105 19 559 334 58 93
105 20 582 231 33 69
105 21 144 378 33 99
105 22 138 376 36 86
105 29 580 95 14 43
105 32 288 102 19 43
105 33 288 103 18 43
105 34 290 59 12 33
105 37 87 42 15 30
105 38 84 58 17 35
105 50 345 58 11 29
105 51 172 44 13 30
105 52 165 44 12 29
106 1 299 266 35 78
106 2 280 275 22 75
106 3 263 265 25 76
106 4 60 89 19 40
106 5 210 113 18 41
106 6 307 98 24 38
106 7 308 96 23 40
106 8 280 81 14 36
106 9 272 79 14 40
106 10 258 82 15 37
106 11 456 94 16 36
106 12 463 96 16 43
106 13 542 186 26 60
106 14 556 238 36 67
106 17 640 317 25 88
106 18 615 339 47 92
106 19 559 333 55 93
106 20 578 230 34 69
106 21 146 377 33 98
106 22 140 375 36 85
106 29 577 95 17 42
106 32 287 102 16 42
106 33 287 103 18 43
106 34 291 59 12 32
106 37 88 42 15 30
106 38 84 57 17 35
106 50 345 58 11 29
106 51 172 44 13 30
106 52 165 44 12 30
107 1 299 266 35 78
107 2 280 275 22 75
107 3 263 265 25 76
107 4 58 89 18 38
107 5 209 113 18 41
107 6 309 98 22 38
107 7 309 96 23 40
107 8 280 79 13 37
107 9 272 78 14 40
107 10 257 82 15 37
107 11 457 94 16 36
107 12 464 96 17 42
107 13 542 186 26 59
107 14 555 237 35 67
107 17 637 316 29 87
107 18 612 336 50 89
107 19 558 332 55 93
107 20 573 229 37 70
107 21 149 375 35 98
107 22 141 374 37 87
107 29 575 95 18 42
107 32 286 102 16 42
107 33 286 103 18 43
107 34 291 60 12 32
107 37 88 42 15 31
107 38 82 57 19 35
107 50 345 58 11 29
107 51 172 44 13 30
107 52 164 44 12 31
108 1 299 266 35 78
108 2 280 275 22 75
108 3 263 265 25 76
108 4 58 89 18 39
108 5 204 113 25 41
108 6 310 98 20 38
108 7 309 96 21 40
108 8 279 78 13 36
108 9 272 78 14 40
108 10 257 82 15 37
108 11 457 94 16 36
108 12 464 96 17 42
108 13 537 185 26 57
108 14 554 237 34 65
108 17 635 314 28 87
108 18 613 335 46 87
108 19 559 331 50 92
108 20 572 228 37 71
108 21 150 375 43 99
108 22 144 374 37 85
108 29 575 95 18 42
108 30 650 108 10 36
108 32 285 102 16 42
108 33 285 103 16 42
108 34 292 60 12 32
108 37 88 45 16 28
108 38 82 57 19 35
108 50 345 58 11 29
108 51 172 44 13 30
108 52 163 43 12 31
109 1 299 266 35 77
109 2 280 275 22 75
109 3 263 265 25 76
109 4 58 89 18 39
109 5 204 113 25 41
109 6 310 98 22 38
109 7 309 96 21 40
109 8 279 78 13 36
109 9 272 78 14 40
109 10 257 82 15 38
109 11 457 94 17 36
109 12 464 96 17 42
109 13 537 185 26 57
109 14 554 236 35 67
109 17 635 314 28 87
109 18 613 335 46 87
109 19 559 331 50 92
109 20 572 228 37 70
109 21 150 375 43 99
109 22 144 374 37 85
109 29 572 95 21 42
109 30 650 108 10 36
109 32 285 102 16 42
109 33 285 103 16 42
109 34 292 60 12 32
109 37 88 45 16 28
109 38 82 57 19 35
109 50 345 58 11 29
109 51 172 44 13 30
109 52 163 43 12 31
110 1 299 266 35 77
110 2 280 275 22 75
110 3 263 265 26 77
110 4 57 89 19 39
110 5 203 113 25 41
110 6 310 98 22 38
110 7 310 96 21 40
110 8 279 78 13 36
110 9 272 78 13 40
110 10 257 81 14 37
110 11 458 94 17 36
110 12 465 96 17 42
110 13 533 185 29 61
110 14 556 236 31 65
110 17 633 313 32 87
110 18 611 334 45 85
110 19 560 330 48 88
110 20 570 228 37 71
110 21 152 375 48 98
110 22 146 374 40 86
110 29 571 95 21 42
110 30 649 108 10 36
110 32 284 102 16 42
110 33 284 103 16 42
110 34 292 60 12 32
110 37 88 45 16 29
110 38 82 57 18 35
110 50 345 58 11 29
110 51 171 44 13 30
110 52 163 43 13 31
111 1 299 266 35 78
111 2 280 275 22 75
111 3 263 265 26 77
111 4 57 89 19 39
111 5 202 112 25 42
111 6 312 96 20 40
111 7 310 96 21 40
111 8 278 77 13 37
111 9 271 77 14 40
111 10 257 81 14 37
111 11 457 94 20 36
111 12 466 96 17 42
111 13 529 185 32 57
111 14 555 235 31 65
111 15 642 290 19 70
111 17 630 312 33 86
111 18 611 332 45 87
111 19 559 326 48 90
111 20 569 227 35 72
111 21 151 375 54 96
111 22 148 373 40 87
111 29 571 95 21 42
111 30 649 106 10 39
111 32 282 102 17 45
111 33 281 103 18 40
111 34 293 60 12 32
111 37 88 43 16 30
111 38 82 57 18 35
111 50 345 58 11 29
111 51 171 44 13 30
111 52 162 43 12 31
112 1 299 266 35 77
112 2 281 275 22 75
112 3 263 264 26 77
112 4 56 88 19 40
112 5 200 112 25 43
112 6 313 96 20 40
112 7 312 96 21 39
112 8 278 77 13 37
112 9 271 77 14 39
112 10 256 80 14 37
112 11 458 94 20 36
112 12 464 96 19 42
112 13 526 185 34 59
112 14 553 235 30 66
112 15 639 289 19 70
112 17 628 311 33 86
112 18 609 332 45 88
112 19 557 325 48 91
112 20 568 227 34 72
112 21 153 375 54 95
112 22 149 373 41 87
112 29 570 95 21 42
112 30 648 106 10 40
112 32 281 102 17 44
112 33 280 103 18 39
112 34 293 60 12 32
112 37 89 43 16 30
112 38 81 57 18 35
112 50 345 58 11 29
112 51 170 44 13 30
112 52 162 43 12 30
113 1 299 266 35 78
113 2 281 275 22 75
113 3 263 264 26 77
113 4 56 88 19 40
113 5 201 111 23 42
113 6 313 96 20 40
113 7 312 95 21 40
113 8 278 77 13 36
113 9 271 78 13 39
113 10 256 80 14 37
113 11 457 94 22 36
113 12 465 96 19 42
113 13 525 185 34 59
113 14 550 233 32 68
113 15 638 288 24 71
113 17 627 310 32 85
113 18 608 331 44 89
113 19 557 322 45 91
113 20 566 226 36 70
113 21 153 374 58 98
113 22 153 373 40 83
113 29 569 95 21 42
113 30 647 106 10 39
113 32 278 102 20 42
113 33 279 103 19 42
113 34 293 60 12 32
113 37 91 45 15 28
113 38 81 57 19 35
113 50 345 58 11 29
113 51 170 44 13 28
113 52 162 43 12 30
114 1 299 266 35 77
114 2 281 275 22 76
114 3 263 264 26 77
114 4 55 88 19 40
114 5 200 111 23 42
114 6 314 95 20 40
114 7 313 95 22 42
114 8 278 77 13 36
114 9 271 78 13 39
114 10 256 80 14 38
114 11 458 94 22 36
114 12 465 96 19 42
114 13 526 185 32 59
114 14 547 233 32 68
114 15 636 287 25 71
114 17 624 310 33 85
114 18 606 330 45 89
114 19 556 321 45 91
114 20 565 226 36 70
114 21 154 374 58 95
114 22 156 372 39 83
114 29 568 95 20 42
114 30 642 104 16 41
114 32 277 102 20 42
114 33 278 103 19 42
114 34 294 60 12 32
114 37 91 45 15 28
114 38 81 57 18 34
114 50 344 58 11 29
114 51 170 44 13 28
114 52 162 43 12 29
115 1 299 266 35 78
115 2 281 275 22 76
115 3 263 264 26 77
115 4 55 88 19 40
115 5 200 111 23 42
115 6 314 96 20 39
115 7 313 95 22 42
115 8 276 78 13 36
115 9 270 78 13 38
115 10 256 80 14 37
115 11 458 94 22 36
115 12 465 96 21 41
115 13 526 185 32 59
115 14 547 233 32 68
115 15 636 287 25 71
115 17 624 310 33 85
115 18 607 331 43 90
115 19 555 321 44 91
115 20 565 226 36 70
115 21 154 374 54 95
115 22 156 372 39 84
115 29 568 95 20 42
115 30 642 104 16 41
115 32 277 102 20 42
115 33 278 103 19 42
115 34 294 60 12 32
115 37 91 45 15 28
115 38 81 57 18 34
115 50 344 58 11 29
115 51 170 44 13 28
115 52 162 43 12 29
116 1 299 266 35 78
116 2 281 275 22 75
116 3 263 264 26 77
116 4 55 87 18 40
116 5 199 110 21 42
116 6 315 96 20 39
116 7 314 95 22 42
116 8 277 78 13 36
116 9 270 78 13 38
116 10 255 80 14 37
116 11 460 94 21 35
116 12 466 96 21 41
116 13 525 185 32 59
116 14 544 232 34 68
116 15 633 286 29 71
116 17 623 309 32 83
116 18 601 329 48 91
116 19 554 320 44 91
116 20 562 226 36 68
116 21 157 374 53 94
116 22 159 370 41 84
116 29 568 95 20 42
116 30 638 108 23 38
116 32 277 102 20 42
116 33 277 103 19 42
116 34 295 60 12 32
116 37 91 45 15 28
116 38 81 57 18 34
116 50 344 58 11 29
116 51 169 44 13 29
116 52 161 43 12 30
117 1 299 266 35 78
117 2 282 276 22 75
117 3 263 264 26 78
117 4 54 87 18 39
117 5 198 110 19 42
117 6 315 96 20 39
117 7 314 95 22 42
117 8 277 78 13 36
117 9 269 78 13 38
117 10 255 80 14 37
117 11 461 94 21 35
117 12 466 96 21 41
117 13 524 184 32 57
117 14 543 231 34 70
117 15 631 285 27 71
117 17 621 309 31 89
117 18 600 328 47 92
117 19 553 320 44 92
117 20 567 224 27 66
117 21 155 373 54 95
117 22 160 365 42 89
117 29 567 95 20 42
117 30 638 108 22 38
117 32 275 102 20 42
117 33 276 103 19 42
117 34 294 60 13 32
117 37 92 45 15 28
117 38 80 57 18 34
117 50 344 58 11 29
117 51 169 44 13 28
117 52 161 43 11 28
118 1 299 266 35 78
118 2 282 276 22 75
118 3 263 264 25 78
118 4 54 86 19 40
118 5 197 110 19 42
118 6 318 96 21 38
118 7 315 95 24 42
118 8 276 78 13 36
118 9 269 78 13 38
118 10 252 80 16 37
118 11 464 94 19 35
118 12 467 96 21 41
118 13 523 184 32 56
118 14 542 230 34 71
118 15 630 285 27 70
118 17 620 308 31 89
118 18 597 327 49 92
118 19 550 319 45 92
118 20 566 223 27 66
118 21 158 373 52 94
118 22 156 364 48 91
118 29 567 95 20 41
118 30 637 108 22 38
118 32 274 103 19 40
118 33 275 103 19 42
118 34 294 60 13 32
118 37 92 45 17 31
118 38 79 56 19 36
118 50 344 58 11 29
118 51 168 44 13 29
118 52 161 43 12 29
119 1 299 266 35 78
119 2 281 274 22 77
119 3 263 264 25 78
119 4 53 86 18 40
119 5 194 109 18 43
119 6 319 96 21 38
119 7 319 95 21 39
119 8 276 78 13 36
119 9 268 78 14 35
119 10 252 80 16 37
119 11 465 94 19 35
119 12 467 96 21 41
119 13 522 184 31 55
119 14 540 229 35 72
119 15 627 285 27 68
119 16 644 286 17 76
119 17 617 307 31 91
119 18 596 326 48 91
119 19 549 318 43 91
119 20 565 222 27 66
119 21 160 370 49 94
119 22 163 364 40 84
119 29 568 95 18 41
119 30 636 107 22 39
119 32 273 102 20 41
119 33 274 103 19 42
119 34 295 60 15 32
119 37 92 45 17 31
119 38 79 56 19 36
119 50 344 58 11 29
119 51 169 44 12 28
119 52 159 43 13 29
120 1 299 266 35 78
120 2 282 276 22 74
120 3 263 264 25 78
120 4 53 86 18 38
120 5 194 109 17 43
120 6 319 96 21 39
120 7 320 95 21 39
120 8 275 77 13 36
120 9 268 78 14 35
120 10 251 80 16 37
120 11 465 94 19 35
120 12 471 96 15 40
120 13 525 180 24 60
120 14 541 228 30 69
120 15 626 285 27 67
120 16 643 285 19 76
120 17 616 306 31 90
120 18 597 324 44 91
120 19 549 317 44 95
120 20 562 222 29 68
120 21 162 370 48 93
120 22 165 363 40 84
120 29 567 95 18 41
120 30 635 107 22 39
120 32 272 102 20 41
120 33 273 103 19 41
120 34 295 60 15 32
120 37 93 45 17 31
120 38 79 56 19 36
120 50 344 58 11 29
120 51 169 44 12 28
120 52 159 43 12 29
121 1 299 266 35 78
121 2 282 276 22 74
121 3 263 264 25 78
121 4 53 85 19 40
121 5 194 109 17 43
121 6 319 96 21 39
121 7 320 95 21 39
121 8 275 77 13 36
121 9 268 78 14 35
121 10 251 80 16 37
121 11 466 94 19 35
121 12 471 96 15 40
121 13 525 180 24 60
121 14 541 228 30 69
121 15 626 285 27 67
121 16 643 285 18 76
121 17 616 306 31 90
121 18 597 324 44 91
121 19 549 317 44 95
121 20 562 222 29 68
121 21 168 369 42 94
121 22 165 363 40 84
121 29 567 95 18 41
121 30 635 107 22 39
121 32 272 102 20 41
121 33 273 103 19 41
121 34 295 60 15 32
121 37 93 45 17 31
121 38 79 56 19 36
121 50 344 58 11 29
121 51 169 44 12 28
121 52 159 43 12 29
122 1 299 266 35 78
122 2 283 276 22 74
122 3 263 264 25 78
122 4 52 86 18 40
122 5 191 109 20 43
122 6 320 96 21 39
122 7 320 95 21 39
122 8 275 77 13 36
122 9 267 77 14 35
122 10 251 79 16 37
122 11 466 94 19 37
122 12 472 96 15 40
122 13 524 179 24 60
122 14 540 227 30 70
122 15 624 284 28 69
122 16 641 284 24 77
122 17 614 305 30 88
122 18 596 323 44 90
122 19 548 316 43 96
122 20 561 221 29 69
122 21 172 368 41 94
122 22 166 362 41 86
122 29 567 95 18 41
122 30 635 107 22 39
122 32 273 102 16 40
122 33 272 103 17 40
122 34 296 60 15 32
122 37 93 45 17 31
122 38 79 56 19 36
122 50 344 58 11 29
122 51 167 44 14 29
122 52 159 43 13 29
123 1 299 266 34 78
123 2 283 277 21 73
123 3 263 264 25 78
123 4 52 86 19 40
123 5 187 109 25 43
123 6 320 96 21 39
123 7 320 95 22 39
123 8 275 77 13 36
123 9 268 77 13 37
123 10 250 79 16 38
123 11 467 94 19 37
123 12 472 96 15 40
123 13 524 178 24 61
123 14 539 225 30 68
123 15 622 283 27 69
123 16 639 283 23 77
123 17 613 303 30 89
123 18 594 320 42 87
123 19 546 314 45 96
123 20 557 221 31 68
123 21 174 368 41 92
123 22 168 361 41 86
123 29 565 95 19 42
123 30 633 106 22 39
123 32 272 102 16 40
123 33 271 103 17 40
123 34 296 60 15 32
123 37 94 45 18 31
123 38 79 55 19 36
123 50 344 58 11 29
123 51 167 44 14 29
123 52 159 43 13 29
124 1 299 266 34 78
124 2 283 277 21 73
124 3 263 263 25 78
124 4 52 86 18 40
124 5 187 110 26 43
124 6 321 96 21 39
124 7 321 95 22 39
124 8 274 76 13 36
124 9 267 76 13 37
124 10 250 79 16 36
124 11 467 94 19 37
124 12 473 96 15 41
124 13 523 178 24 60
124 14 538 225 30 67
124 15 620 282 26 81
124 16 638 282 25 77
124 17 612 301 28 87
124 18 593 319 41 85
124 19 545 312 45 97
124 20 556 220 31 68
124 21 178 367 41 94
124 22 169 360 41 87
124 29 564 95 19 41
124 30 632 106 23 40
124 31 650 108 10 39
124 32 271 102 16 40
124 33 270 103 18 43
124 34 297 60 16 33
124 37 94 45 18 31
124 38 79 55 19 36
124 50 344 58 11 29
124 51 167 44 14 29
124 52 158 43 12 29
125 1 299 266 34 78
125 2 283 277 21 73
125 3 263 263 25 78
125 4 50 85 20 40
125 5 184 110 27 43
125 6 321 96 21 39
125 7 321 95 22 39
125 8 274 76 13 36
125 9 266 76 14 37
125 10 250 79 16 36
125 11 467 94 19 37
125 12 474 96 15 40
125 13 520 178 27 59
125 14 535 224 31 68
125 15 617 281 27 81
125 16 637 281 23 72
125 17 610 300 29 87
125 18 590 317 42 86
125 19 544 312 42 91
125 20 554 220 30 68
125 21 179 367 41 94
125 22 171 360 42 87
125 29 563 95 18 41
125 30 636 105 17 42
125 31 649 108 10 39
125 32 270 101 16 44
125 33 269 102 16 42
125 34 297 60 15 34
125 37 94 45 18 31
125 38 78 55 19 37
125 50 344 58 11 29
125 51 166 44 14 29
125 52 158 43 12 28
126 1 299 266 34 78
126 2 281 275 22 76
126 3 263 263 25 78
126 4 50 84 20 40
126 5 183 110 27 43
126 6 322 96 21 39
126 7 322 95 22 39
126 8 274 76 13 36
126 9 266 76 14 37
126 10 249 78 16 36
126 11 468 94 19 37
126 12 474 96 18 41
126 13 519 178 27 59
126 14 533 223 31 68
126 15 616 280 25 78
126 16 636 279 26 74
126 17 608 299 30 87
126 18 589 316 41 86
126 19 543 311 41 89
126 20 552 219 30 68
126 21 183 366 40 95
126 22 173 360 42 88
126 29 562 96 17 40
126 30 635 105 17 42
126 31 649 108 12 39
126 32 269 101 16 44
126 33 268 102 16 42
126 34 297 60 15 34
126 37 95 45 18 30
126 38 78 55 19 37
126 50 344 58 11 29
126 51 166 44 14 29
126 52 158 43 12 28
127 1 299 266 34 78
127 2 282 275 22 76
127 3 263 263 25 78
127 4 50 84 20 40
127 5 183 110 27 43
127 6 322 95 19 40
127 7 322 95 19 39
127 8 274 76 13 36
127 9 266 76 14 37
127 10 249 78 16 36
127 11 468 94 19 37
127 12 474 96 18 41
127 13 519 178 27 59
127 14 533 223 32 68
127 15 615 280 26 78
127 16 633 279 27 74
127 17 608 299 30 87
127 18 589 316 40 86
127 19 543 310 42 91
127 20 553 219 30 68
127 21 184 366 40 94
127 22 173 359 42 88
127 29 562 96 17 40
127 30 635 105 17 42
127 31 649 108 11 39
127 32 269 101 16 44
127 33 268 102 16 42
127 34 297 60 15 34
127 37 95 45 18 30
127 38 78 55 19 37
127 50 344 58 11 29
127 51 166 44 14 28
127 52 158 43 12 28
128 1 299 266 34 78
128 2 284 278 21 72
128 3 263 263 25 78
128 4 50 84 19 40
128 5 182 110 27 43
128 6 323 95 19 40
128 7 323 95 19 39
128 8 273 76 13 35
128 9 265 76 14 37
128 10 249 78 16 36
128 11 469 94 19 37
128 12 475 96 18 41
128 13 515 177 30 59
128 14 530 222 34 69
128 15 611 279 30 76
128 16 632 278 30 73
128 17 606 298 29 87
128 18 588 315 40 86
128 19 540 309 42 91
128 20 552 219 30 68
128 21 185 366 39 93
128 22 176 359 41 87
128 29 562 96 17 40
128 31 645 108 14 39
128 30 635 104 16 42
128 32 266 101 18 44
128 33 266 103 18 41
128 34 298 60 15 35
128 37 94 45 18 31
128 38 78 55 19 36
128 50 344 58 11 29
128 51 166 44 14 28
128 52 157 43 12 29
129 1 299 266 34 78
129 2 284 278 21 72
129 3 263 263 25 78
129 4 49 83 18 38
129 5 183 110 26 43
129 6 324 95 19 40
129 7 324 95 19 39
129 8 273 76 13 35
129 9 265 76 14 37
129 10 249 78 16 36
129 11 468 94 18 35
129 12 474 96 22 41
129 13 514 177 30 59
129 14 526 222 36 69
129 15 609 277 30 77
129 16 631 277 28 74
129 17 605 297 29 88
129 18 578 313 48 88
129 19 539 308 41 86
129 20 548 218 30 66
129 21 187 366 43 95
129 22 175 359 45 89
129 29 561 96 17 39
129 31 644 108 14 39
129 30 634 104 15 42
129 32 265 101 18 44
129 33 265 103 18 41
129 34 298 60 15 34
129 37 97 44 16 31
129 38 78 55 19 36
129 50 344 58 11 29
129 51 165 44 14 28
129 52 157 43 13 29
130 1 299 266 34 78
130 2 284 278 24 72
130 3 263 263 25 78
130 4 49 83 18 38
130 5 182 110 25 43
130 6 324 95 18 40
130 7 324 95 19 39
130 8 273 76 13 35
130 9 265 76 14 36
130 10 248 78 16 36
130 11 469 94 20 36
130 12 475 96 22 41
130 13 512 176 31 59
130 14 525 224 36 67
130 15 608 276 29 78
130 16 629 276 28 73
130 17 604 296 29 81
130 18 577 312 47 87
130 19 533 307 46 86
130 20 547 217 30 66
130 21 188 366 46 95
130 22 178 359 44 89
130 29 560 96 18 41
130 31 644 108 17 41
130 30 632 104 16 44
130 32 264 101 20 44
130 33 264 103 21 41
130 34 299 60 15 34
130 37 98 45 16 30
130 38 78 56 19 36
130 50 344 58 11 29
130 51 165 44 14 28
130 52 156 43 13 29
131 1 299 266 34 78
131 2 284 278 24 72
131 3 263 264 25 78
131 4 49 83 18 39
131 5 182 110 22 43
131 6 325 95 18 40
131 7 325 95 19 39
131 8 273 76 13 35
131 9 265 76 14 36
131 10 248 78 16 36
131 11 470 94 20 36
131 12 475 96 22 41
131 13 511 176 31 59
131 14 524 224 36 67
131 15 606 275 29 78
131 16 627 276 28 73
131 17 596 295 34 81
131 18 573 312 49 88
131 19 527 307 50 86
131 20 551 216 25 67
131 21 188 366 48 94
131 22 175 358 50 88
131 29 559 96 18 41
131 31 643 108 16 42
131 30 631 104 16 44
131 32 263 101 20 44
131 33 263 103 21 41
131 34 299 60 16 35
131 37 98 45 15 30
131 38 78 56 18 36
131 50 344 58 11 29
131 51 165 44 14 28
131 52 156 43 13 29
132 1 299 266 34 78
132 2 284 278 24 72
132 3 263 264 25 78
132 4 48 83 18 39
132 5 181 110 20 44
132 6 327 95 16 40
132 7 327 95 17 39
132 8 272 76 13 35
132 9 265 76 14 36
132 10 248 79 16 35
132 11 470 94 20 36
132 12 476 96 20 41
132 13 509 176 31 58
132 14 523 223 34 66
132 15 603 275 30 78
132 16 625 275 28 73
132 17 593 294 35 81
132 18 572 312 49 88
132 19 524 307 52 86
132 20 549 215 24 64
132 21 190 366 48 94
132 22 178 357 50 89
132 29 559 96 18 41
132 31 642 108 16 42
132 30 631 104 16 43
132 32 262 101 20 45
132 33 262 103 21 41
132 34 300 61 15 34
132 37 99 45 15 29
132 38 78 56 18 36
132 50 344 58 11 29
132 51 164 44 14 29
132 52 156 43 13 29
133 1 299 266 34 77
133 2 284 278 24 72
133 3 263 264 25 78
133 4 48 83 18 39
133 5 181 110 20 44
133 6 327 95 16 40
133 7 327 95 17 39
133 8 272 76 13 35
133 9 265 76 14 36
133 10 248 79 16 36
133 11 470 94 20 36
133 12 476 96 20 41
133 13 511 175 29 59
133 14 523 223 34 66
133 15 603 275 30 78
133 16 624 275 29 73
133 17 593 295 35 81
133 18 572 312 49 88
133 19 524 307 52 86
133 20 549 215 24 64
133 21 190 366 48 94
133 22 178 357 49 89
133 29 559 96 18 41
133 31 642 108 16 42
133 30 631 104 16 43
133 32 262 101 20 45
133 33 262 103 21 41
133 34 300 61 15 34
133 37 99 45 15 29
133 38 78 56 18 36
133 50 344 58 11 29
133 51 164 44 13 28
133 52 156 42 13 29
134 1 299 266 34 77
134 2 284 278 24 72
134 3 263 264 25 78
134 4 48 83 18 39
134 5 180 110 18 43
134 6 328 95 16 40
134 7 328 95 17 39
134 8 272 76 13 35
134 9 265 76 13 36
134 10 247 79 16 36
134 11 471 94 20 36
134 12 477 96 20 41
134 13 510 175 29 59
134 14 522 222 34 67
134 15 602 274 31 79
134 16 623 275 29 73
134 17 591 294 34 81
134 18 569 311 49 88
134 19 523 307 52 85
134 20 548 214 24 65
134 21 189 365 49 94
134 22 181 357 45 88
134 29 558 96 18 41
134 31 642 108 16 42
134 30 630 105 15 42
134 32 261 101 20 44
134 33 261 102 22 43
134 34 301 62 14 33
134 37 99 46 15 29
134 38 77 55 19 36
134 50 344 58 11 29
134 51 164 44 13 28
134 52 155 42 13 29
135 1 299 266 34 77
135 2 284 278 24 72
135 3 263 264 25 78
135 4 48 83 18 39
135 5 179 110 16 43
135 6 329 95 18 40
135 7 328 95 19 41
135 8 272 76 13 35
135 9 265 76 14 36
135 10 247 78 16 36
135 11 475 94 17 36
135 12 478 96 19 42
135 13 509 174 27 58
135 14 519 221 35 65
135 15 600 274 29 77
135 16 618 272 31 76
135 17 589 294 35 86
135 18 571 310 45 88
135 19 521 306 52 86
135 20 543 213 28 65
135 21 191 365 49 94
135 22 181 356 47 87
135 29 557 96 18 41
135 31 639 107 17 44
135 30 629 104 15 44
135 32 260 101 21 45
135 33 260 103 22 42
135 34 302 62 16 33
135 37 101 45 14 30
135 38 77 55 19 36
135 50 344 58 11 29
135 51 164 44 13 28
135 52 155 42 13 30
136 1 299 266 34 77
136 2 284 278 24 72
136 3 263 264 25 78
136 4 48 83 18 38
136 5 177 110 18 42
136 6 329 95 20 40
136 7 328 95 22 41
136 8 272 76 13 36
136 9 264 75 14 36
136 10 247 78 16 36
136 11 476 94 17 36
136 12 479 96 19 42
136 13 508 173 26 58
136 14 518 220 35 65
136 15 598 273 30 82
136 16 616 272 32 75
136 17 587 293 35 86
136 18 570 309 45 88
136 19 520 306 49 81
136 20 542 212 28 65
136 21 194 364 43 95
136 22 183 355 47 87
136 29 556 95 19 44
136 31 638 107 16 43
136 30 628 105 15 43
136 32 260 102 19 44
136 33 259 102 19 44
136 34 302 62 14 33
136 37 101 45 14 30
136 38 77 55 19 36
136 50 344 58 11 29
136 51 163 44 13 28
136 52 156 42 12 28
137 1 299 266 34 77
137 2 284 278 24 72
137 3 263 264 25 77
137 4 47 83 18 38
137 5 174 110 20 42
137 6 330 95 20 40
137 7 329 95 22 41
137 8 271 75 13 36
137 9 264 75 14 36
137 10 246 78 16 36
137 11 476 94 16 36
137 12 479 96 18 42
137 13 507 173 26 58
137 14 517 220 33 64
137 15 597 272 30 80
137 16 614 271 31 75
137 17 586 292 35 85
137 18 571 308 40 85
137 19 517 304 51 84
137 20 541 212 28 66
137 21 195 364 43 95
137 22 185 355 47 87
137 29 554 96 19 40
137 31 638 107 15 43
137 30 626 105 16 43
137 32 259 102 19 44
137 33 258 102 19 44
137 34 303 63 15 32
137 37 101 45 15 30
137 38 77 54 19 36
137 50 344 58 11 29
137 51 163 44 13 27
137 52 155 42 12 29
138 1 299 266 34 77
138 2 283 278 25 72
138 3 263 264 25 77
138 4 47 83 18 38
138 5 173 110 22 41
138 6 331 95 20 40
138 7 329 95 22 41
138 8 271 75 13 36
138 9 264 75 14 36
138 10 246 77 16 36
138 11 477 94 16 36
138 12 483 96 15 42
138 13 506 172 26 57
138 14 521 218 31 62
138 15 594 272 30 80
138 16 611 271 33 73
138 17 583 291 34 83
138 18 570 307 40 85
138 19 520 303 46 84
138 20 537 211 30 65
138 21 202 362 38 93
138 22 187 354 47 87
138 29 555 96 17 41
138 31 637 107 15 43
138 30 625 105 16 43
138 32 258 101 20 45
138 33 258 101 19 45
138 34 304 63 15 32
138 37 102 45 15 31
138 38 78 54 17 37
138 50 344 58 11 29
138 51 163 44 13 27
138 52 155 42 13 29
139 1 299 266 34 77
139 2 283 278 25 72
139 3 263 264 25 77
139 4 47 83 18 38
139 5 172 110 23 41
139 6 331 95 20 40
139 7 329 95 22 41
139 8 271 75 13 36
139 9 264 75 14 36
139 10 246 77 16 36
139 11 477 94 16 36
139 12 483 96 15 42
139 13 506 173 24 56
139 14 521 218 31 62
139 15 594 272 29 79
139 16 611 271 33 73
139 17 583 291 34 83
139 18 570 307 40 85
139 19 520 303 46 84
139 20 537 211 30 65
139 21 202 362 38 93
139 22 188 354 38 83
139 29 555 96 17 41
139 31 637 107 15 43
139 30 625 105 16 43
139 32 259 102 17 45
139 33 259 101 14 46
139 34 304 63 15 32
139 37 102 45 15 31
139 38 78 54 17 37
139 50 344 58 11 29
139 51 163 44 13 27
139 52 155 42 13 29
140 1 299 266 34 77
140 2 283 278 25 72
140 3 263 265 25 77
140 4 47 82 17 37
140 5 171 110 24 44
140 6 331 95 20 40
140 7 330 95 22 41
140 8 271 74 13 36
140 9 264 74 14 36
140 10 246 77 16 36
140 11 477 94 16 36
140 12 484 96 15 42
140 13 505 173 24 56
140 14 519 217 31 62
140 15 595 271 26 79
140 16 609 270 33 73
140 17 582 290 34 82
140 18 568 305 39 84
140 19 519 302 46 84
140 20 536 210 30 65
140 21 208 361 33 93
140 22 190 353 38 83
140 29 554 96 17 42
140 31 636 107 14 44
140 30 625 105 16 43
140 32 258 102 17 45
140 33 258 101 14 46
140 34 304 63 15 32
140 37 102 45 15 32
140 38 78 54 17 37
140 50 344 58 11 29
140 51 163 44 13 27
140 52 155 42 12 28
141 1 299 267 34 77
141 2 283 278 25 72
141 3 263 265 25 77
141 4 46 82 17 37
141 5 168 110 26 42
141 6 332 95 20 40
141 7 331 95 22 41
141 8 271 74 13 36
141 9 264 74 14 36
141 10 246 77 16 35
141 11 477 94 18 36
141 12 486 96 14 43
141 13 495 173 33 56
141 14 518 216 28 64
141 15 593 270 26 79
141 16 608 269 30 72
141 17 580 289 34 81
141 18 567 304 38 83
141 19 520 300 41 83
141 20 533 210 30 65
141 21 209 360 33 93
141 22 195 352 35 83
141 29 554 96 17 42
141 31 636 107 14 43
141 30 623 105 16 43
141 32 257 102 13 42
141 33 257 100 14 45
141 34 304 62 16 34
141 37 102 45 16 33
141 38 78 54 17 37
141 50 344 58 11 29
141 51 162 44 13 27
141 52 154 42 13 29
142 1 299 267 34 77
142 2 283 278 25 72
142 3 263 265 24 76
142 4 46 82 17 37
142 5 167 110 26 42
142 6 333 95 20 40
142 7 332 95 22 41
142 8 271 74 13 36
142 9 263 74 14 36
142 10 245 77 16 36
142 11 477 94 21 35
142 12 487 96 15 43
142 13 494 173 32 55
142 14 517 216 28 64
142 15 592 268 25 79
142 16 606 268 30 72
142 17 578 288 33 82
142 18 565 303 38 84
142 19 517 299 42 82
142 20 532 209 31 69
142 21 212 359 33 94
142 22 197 352 35 83
142 29 554 96 17 42
142 31 633 106 15 44
142 30 622 104 16 45
142 32 254 102 18 42
142 33 254 100 17 45
142 34 306 62 15 33
142 37 103 45 15 31
142 38 77 54 17 37
142 50 344 58 11 29
142 51 162 44 13 28
142 52 154 42 13 29
143 1 299 267 34 77
143 2 282 278 25 72
143 3 263 265 24 76
143 4 46 80 17 37
143 5 167 110 24 42
143 6 332 95 20 40
143 7 332 96 22 41
143 8 271 74 13 35
143 9 263 74 14 36
143 10 245 77 16 36
143 11 478 94 21 35
143 12 487 96 15 43
143 13 494 173 32 58
143 14 516 215 28 65
143 15 590 267 25 78
143 16 604 267 31 72
143 17 577 287 34 79
143 18 564 302 40 87
143 19 521 297 36 82
143 20 531 208 31 69
143 21 213 358 37 93
143 22 199 350 35 84
143 29 553 96 16 42
143 31 633 107 15 43
143 30 622 104 15 44
143 32 253 102 18 42
143 33 253 100 17 45
143 34 306 63 15 32
143 37 103 45 15 32
143 38 77 54 17 37
143 50 344 58 11 29
143 51 161 44 13 28
143 52 153 42 13 30
144 1 299 266 34 77
144 2 282 278 25 72
144 3 263 266 24 76
144 4 46 82 17 37
144 5 165 110 25 42
144 6 333 95 20 40
144 7 333 96 22 41
144 8 269 74 16 37
144 9 263 74 14 36
144 10 245 77 16 35
144 11 479 94 21 35
144 12 488 96 17 42
144 13 493 173 32 56
144 14 515 215 28 66
144 15 589 266 25 75
144 16 602 266 30 72
144 17 574 285 35 79
144 18 561 301 39 83
144 19 518 296 36 82
144 20 532 211 30 64
144 21 215 358 40 92
144 22 202 349 30 88
144 29 549 96 19 43
144 31 632 108 16 40
144 30 621 104 15 42
144 32 248 102 23 43
144 33 250 100 20 45
144 34 307 62 15 32
144 37 103 46 15 30
144 38 77 54 17 36
144 50 344 58 11 29
144 51 161 44 13 28
144 52 153 42 13 30
145 1 299 267 34 77
145 2 282 278 25 72
145 3 263 266 24 76
145 4 46 82 17 37
145 5 165 110 25 42
145 6 333 95 20 40
145 7 332 96 22 39
145 8 269 74 16 37
145 9 263 74 14 36
145 10 245 77 16 35
145 11 478 96 22 33
145 12 488 96 17 42
145 13 493 173 32 56
145 14 515 215 28 66
145 15 589 266 25 75
145 16 603 266 30 72
145 17 574 285 35 79
145 18 561 301 39 83
145 19 520 296 36 83
145 20 532 211 30 64
145 21 215 358 40 92
145 22 202 349 30 88
145 29 549 96 19 43
145 31 632 108 16 40
145 30 621 104 15 42
145 32 248 102 23 43
145 33 250 100 20 45
145 34 307 62 15 32
145 37 103 46 18 33
145 38 77 54 17 37
145 50 344 58 11 29
145 51 161 44 13 28
145 52 152 42 13 30
146 1 299 266 34 77
146 2 282 278 25 72
146 3 263 266 24 76
146 4 46 82 17 37
146 5 164 110 25 43
146 6 333 95 20 40
146 7 333 95 20 40
146 8 269 74 16 37
146 9 262 74 14 36
146 10 244 77 16 35
146 11 479 96 22 33
146 12 488 96 18 43
146 13 491 173 33 56
146 14 514 215 28 66
146 15 587 265 27 75
146 16 601 265 30 72
146 17 573 284 35 80
146 18 559 300 39 84
146 19 517 295 36 82
146 20 531 210 30 64
146 21 217 358 45 92
146 22 203 348 30 89
146 29 548 96 19 43
146 31 631 108 16 40
146 30 619 104 16 42
146 32 247 102 23 43
146 33 249 100 20 45
146 34 308 63 14 30
146 37 104 46 18 33
146 38 77 54 17 37
146 50 344 58 11 29
146 51 161 44 13 28
146 52 152 42 13 30
147 1 299 267 34 77
147 2 281 278 25 72
147 3 263 266 24 75
147 4 45 82 17 37
147 5 163 109 25 43
147 6 334 95 20 40
147 7 334 95 20 40
147 8 269 74 15 37
147 9 262 74 14 36
147 10 244 77 16 35
147 11 480 96 22 33
147 12 489 96 18 43
147 13 491 173 33 56
147 14 513 214 28 67
147 15 584 264 27 75
147 16 599 264 31 76
147 17 571 283 34 85
147 18 556 299 40 86
147 19 516 294 38 82
147 20 529 210 29 63
147 21 218 358 50 92
147 22 206 349 35 88
147 29 548 96 19 43
147 31 630 108 15 39
147 30 619 104 16 41
147 32 246 102 23 44
147 33 248 100 21 45
147 34 309 65 14 29
147 37 104 47 18 33
147 38 76 54 18 36
147 50 344 58 11 29
147 51 160 44 13 28
147 52 152 42 13 30
148 1 299 267 34 77
148 2 281 277 25 73
148 3 263 266 24 75
148 4 45 82 17 35
148 5 161 109 23 43
148 6 334 95 20 40
148 7 334 95 20 40
148 8 269 74 15 37
148 9 262 74 14 36
148 10 244 77 16 35
148 11 480 96 22 33
148 12 489 96 18 43
148 13 490 173 33 56
148 14 512 213 28 67
148 15 583 264 27 75
148 16 598 263 31 76
148 17 570 282 34 84
148 18 557 299 37 84
148 19 515 293 38 83
148 20 531 208 26 62
148 21 219 358 53 92
148 22 205 348 38 90
148 29 547 96 19 44
148 31 629 108 14 39
148 30 612 108 22 38
148 32 246 102 23 43
148 33 247 100 21 45
148 34 309 65 14 29
148 37 104 47 18 32
148 38 76 54 18 36
148 50 344 58 11 29
148 51 159 43 14 28
148 52 151 42 11 28
149 1 299 266 34 77
149 2 281 278 25 72
149 3 263 266 24 75
149 4 44 80 18 35
149 5 160 109 21 43
149 6 336 95 20 41
149 7 335 95 20 41
149 8 268 74 15 37
149 9 261 74 14 36
149 10 244 77 15 35
149 11 484 96 19 33
149 12 489 96 18 43
149 13 490 169 28 56
149 14 510 212 29 68
149 15 582 264 27 75
149 16 597 263 31 77
149 17 568 282 34 84
149 18 556 298 36 84
149 19 514 293 37 83
149 20 530 207 26 62
149 21 221 358 53 91
149 22 206 347 38 91
149 29 546 96 19 44
149 31 629 108 14 39
149 30 611 109 22 37
149 32 244 102 25 43
149 33 246 100 23 45
149 34 310 65 14 29
149 37 105 47 19 33
149 38 76 54 18 36
149 50 344 58 11 29
149 51 159 43 14 28
149 52 151 42 11 28
150 1 299 266 34 77
150 2 280 277 26 73
150 3 263 267 24 75
150 4 43 79 18 36
150 5 159 109 21 43
150 6 338 95 18 40
150 7 338 95 19 41
150 8 268 73 15 37
150 9 261 74 14 36
150 10 243 76 15 35
150 11 485 96 19 33
150 12 489 96 19 43
150 13 489 169 28 55
150 14 509 212 29 65
150 15 580 263 27 74
150 16 592 262 32 76
150 17 567 281 34 83
150 18 554 297 36 85
150 19 513 292 37 83
150 20 529 207 26 62
150 21 220 358 52 91
150 22 209 347 38 90
150 29 546 96 20 42
150 31 626 108 15 40
150 30 610 109 22 37
150 32 246 102 22 43
150 33 245 100 23 45
150 34 311 65 14 29
150 37 105 47 18 32
150 38 75 54 18 36
150 50 344 58 11 29
150 51 158 43 14 28
150 52 151 42 12 29
151 1 299 267 34 77
151 2 280 277 26 73
151 3 263 267 24 75
151 4 43 79 18 35
151 5 159 109 21 43
151 6 338 95 18 40
151 7 338 95 19 41
151 8 268 73 15 37
151 9 261 74 14 36
151 10 243 76 15 35
151 11 485 96 19 33
151 12 489 96 19 43
151 13 489 169 28 55
151 14 509 212 29 65
151 15 580 263 27 75
151 16 592 262 32 76
151 17 567 281 34 84
151 18 554 297 36 84
151 19 512 292 38 85
151 20 529 206 26 62
151 21 220 358 52 91
151 22 205 347 43 88
151 29 546 96 20 42
151 31 626 108 15 40
151 30 610 109 22 37
151 32 246 102 22 43
151 33 245 100 23 45
151 34 311 65 14 29
151 37 105 47 18 32
151 38 75 54 18 36
151 50 344 58 11 29
151 51 158 43 14 28
151 52 151 42 12 29
152 1 299 267 34 77
152 2 279 277 26 74
152 3 263 267 24 75
152 4 43 79 18 37
152 5 158 109 21 43
152 6 339 95 18 40
152 7 339 95 19 41
152 8 268 73 15 37
152 9 260 73 14 36
152 10 243 76 16 35
152 11 485 96 19 33
152 12 490 96 19 43
152 13 492 168 23 56
152 14 508 211 28 63
152 15 579 263 27 75
152 16 591 262 32 76
152 17 565 281 33 84
152 18 553 296 37 87
152 19 511 291 38 86
152 20 528 206 27 64
152 21 222 358 50 91
152 22 207 346 43 89
152 29 545 96 20 42
152 31 625 107 16 40
152 30 609 109 21 38
152 32 245 102 19 44
152 33 244 100 21 44
152 34 311 65 14 29
152 37 105 47 18 32
152 38 75 54 18 36
152 50 344 58 11 29
152 51 158 43 14 28
152 52 151 41 11 28
153 1 299 267 34 77
153 2 281 279 25 71
153 3 263 267 24 75
153 4 43 78 18 35
153 5 157 109 23 42
153 6 339 95 20 41
153 7 340 95 19 41
153 8 267 73 15 37
153 9 260 73 14 37
153 10 243 75 16 35
153 11 489 96 16 33
153 12 490 96 19 43
153 13 491 168 23 56
153 14 507 210 28 63
153 15 577 262 25 76
153 16 589 261 31 76
153 17 563 280 34 84
153 18 551 295 34 81
153 19 510 290 37 86
153 20 527 205 27 64
153 21 224 358 50 89
153 22 210 345 42 88
153 29 545 96 20 42
153 31 624 107 16 41
153 30 609 109 21 38
153 32 244 102 19 44
153 33 242 100 22 44
153 34 312 65 14 29
153 37 106 47 20 33
153 38 74 53 19 36
153 50 345 58 11 29
153 51 158 43 14 28
153 52 150 42 11 28
154 1 299 267 34 77
154 2 277 276 28 74
154 3 263 267 24 75
154 4 41 76 21 41
154 5 154 108 25 43
154 6 340 95 20 41
154 7 339 95 20 43
154 8 266 73 16 35
154 9 260 73 14 37
154 10 242 75 16 35
154 11 490 96 16 33
154 12 491 96 19 41
154 13 488 167 25 55
154 14 509 209 25 64
154 15 575 261 26 78
154 16 586 260 32 76
154 17 561 279 34 84
154 18 549 294 35 81
154 19 509 289 37 87
154 20 526 205 27 63
154 21 226 355 45 91
154 22 212 344 38 91
154 29 543 96 20 41
154 31 623 107 14 40
154 30 608 109 21 38
154 32 244 101 17 45
154 33 242 100 19 45
154 34 312 65 15 31
154 37 106 47 19 32
154 38 74 53 19 37
154 50 345 58 11 29
154 51 157 43 14 28
154 52 150 42 11 27
155 1 299 267 34 77
155 2 277 276 28 74
155 3 263 267 22 75
155 4 41 76 21 41
155 5 152 108 28 43
155 6 340 95 21 40
155 7 340 95 23 41
155 8 266 73 16 35
155 9 259 72 14 36
155 10 242 75 16 35
155 11 490 96 16 33
155 12 494 96 16 40
155 13 487 167 25 55
155 14 508 208 25 65
155 15 574 260 26 78
155 16 584 259 32 76
155 17 560 277 34 85
155 18 547 292 34 78
155 19 508 287 35 86
155 20 522 205 29 65
155 21 227 354 45 92
155 22 217 343 35 86
155 29 543 96 21 42
155 31 623 107 14 40
155 30 610 107 18 39
155 32 243 101 17 45
155 33 241 100 19 45
155 34 313 65 14 32
155 37 106 47 19 32
155 38 73 51 18 37
155 50 345 58 11 29
155 51 157 43 14 27
155 52 150 42 11 27
156 1 299 267 34 77
156 2 277 276 28 74
156 3 263 267 22 75
156 4 41 76 21 41
156 5 151 108 28 43
156 6 341 95 21 40
156 7 341 95 22 41
156 8 266 73 16 35
156 9 259 72 14 36
156 10 242 75 16 35
156 11 489 94 18 35
156 12 495 96 16 40
156 13 486 167 25 54
156 14 504 207 29 63
156 15 572 259 27 78
156 16 583 258 33 71
156 17 559 277 32 81
156 18 546 290 35 82
156 19 507 285 36 83
156 20 521 204 29 65
156 21 233 353 41 92
156 22 219 342 35 86
156 29 542 96 21 42
156 31 622 107 14 40
156 30 609 108 18 38
156 32 241 100 18 46
156 33 240 100 19 46
156 34 313 65 14 32
156 37 106 47 19 32
156 38 73 51 18 38
156 50 345 58 11 29
156 51 157 43 14 27
156 52 150 42 11 27
157 1 299 267 34 77
157 2 277 276 28 74
157 3 263 267 22 75
157 4 40 76 21 42
157 5 151 108 28 43
157 6 341 95 21 40
157 7 341 95 22 41
157 8 266 73 16 35
157 9 259 72 14 36
157 10 242 75 16 35
157 11 489 94 18 35
157 12 495 96 16 40
157 13 486 167 28 55
157 14 504 207 29 63
157 15 572 259 27 78
157 16 583 258 33 71
157 17 559 277 32 81
157 18 546 290 35 83
157 19 507 285 36 83
157 20 521 204 29 66
157 21 233 353 41 92
157 22 219 342 30 86
157 29 542 96 19 42
157 31 622 107 15 41
157 30 609 108 18 38
157 32 241 100 18 46
157 33 240 99 20 46
157 34 313 65 14 32
157 37 107 48 19 30
157 38 73 51 18 38
157 50 345 58 11 29
157 51 157 43 14 27
157 52 150 42 11 27
158 1 299 266 34 77
158 2 276 276 28 74
158 3 263 267 22 75
158 4 40 76 21 41
158 5 150 108 28 43
158 6 341 95 21 40
158 7 342 95 22 41
158 8 265 73 16 34
158 9 259 72 14 36
158 10 242 75 16 35
158 11 490 94 18 35
158 12 495 96 16 40
158 13 485 167 28 55
158 14 503 207 29 63
158 15 571 258 27 78
158 16 582 257 32 71
158 17 558 276 32 80
158 18 545 289 35 82
158 19 504 284 36 82
158 20 520 204 26 63
158 21 234 352 41 92
158 22 220 341 30 87
158 29 541 96 19 42
158 31 620 107 15 40
158 30 609 108 18 39
158 32 240 100 18 47
158 33 239 99 18 46
158 34 314 65 14 32
158 37 107 48 19 31
158 38 73 51 17 38
158 50 345 58 11 29
158 51 157 43 14 27
158 52 149 42 11 27
159 1 299 266 34 77
159 2 277 276 27 74
159 3 263 264 22 78
159 4 40 76 21 41
159 5 149 108 28 43
159 6 342 95 22 41
159 7 342 95 22 42
159 8 265 73 15 34
159 9 259 72 14 36
159 10 241 75 16 35
159 11 489 97 18 33
159 12 496 96 16 40
159 13 483 167 29 58
159 14 495 206 36 64
159 15 569 257 26 78
159 16 580 256 32 72
159 17 556 275 32 81
159 18 544 289 34 81
159 19 503 283 36 82
159 20 519 203 26 63
159 21 243 352 35 90
159 22 225 340 25 83
159 29 541 96 19 42
159 31 620 108 14 38
159 30 609 106 16 40
159 32 239 100 18 47
159 33 238 98 18 47
159 34 314 65 14 32
159 37 108 48 18 31
159 38 73 51 17 38
159 50 345 58 11 29
159 51 156 43 14 27
159 52 149 42 11 27
160 1 299 266 34 77
160 2 276 276 28 74
160 3 263 264 22 78
160 4 40 76 21 41
160 5 149 109 26 43
160 6 342 95 21 40
160 7 342 95 23 41
160 8 265 73 16 34
160 9 259 72 13 36
160 10 241 75 16 35
160 11 490 97 18 33
160 12 496 96 16 40
160 13 482 167 29 58
160 14 494 206 36 64
160 15 568 256 25 74
160 16 581 254 29 71
160 17 555 274 31 81
160 18 537 288 39 79
160 19 501 282 37 80
160 20 517 203 27 64
160 21 245 351 37 92
160 22 226 339 25 84
160 29 540 96 18 42
160 31 619 107 15 40
160 30 608 107 15 39
160 32 236 100 21 47
160 33 236 98 20 47
160 34 315 65 14 32
160 37 108 48 18 31
160 38 73 51 17 38
160 50 345 58 11 29
160 51 156 43 14 27
160 52 149 42 11 27
161 1 299 266 34 78
161 2 276 276 28 74
161 3 263 264 22 78
161 4 40 75 21 41
161 5 148 109 25 43
161 6 343 95 21 41
161 7 343 95 23 41
161 8 265 73 16 34
161 9 257 72 14 36
161 10 241 75 16 35
161 11 490 97 18 33
161 12 495 96 20 40
161 13 481 166 29 55
161 14 493 206 36 64
161 15 567 255 25 74
161 16 580 252 29 73
161 17 553 273 30 77
161 18 535 287 40 79
161 19 495 281 42 79
161 20 516 202 26 60
161 21 246 351 41 92
161 22 228 338 27 86
161 29 539 96 18 43
161 31 618 107 15 40
161 30 607 107 15 40
161 32 235 99 21 48
161 33 235 98 20 47
161 34 316 66 15 32
161 37 109 49 17 30
161 38 73 51 17 37
161 50 345 58 11 29
161 51 156 43 14 27
161 52 149 42 11 27
162 1 299 266 34 77
162 2 276 276 28 75
162 3 263 264 22 78
162 4 40 75 21 41
162 5 148 108 21 42
162 6 342 95 22 40
162 7 343 95 23 41
162 8 264 73 16 34
162 9 257 72 14 35
162 10 241 75 16 35
162 11 491 97 18 33
162 12 496 96 20 40
162 13 480 166 29 55
162 14 492 206 35 64
162 15 564 254 24 70
162 16 579 251 30 73
162 17 550 272 31 77
162 18 533 287 40 80
162 19 494 281 41 79
162 20 515 201 26 61
162 21 248 351 41 92
162 22 230 339 35 83
162 29 540 96 17 43
162 31 617 107 15 40
162 30 607 107 15 40
162 32 234 99 21 48
162 33 234 98 22 47
162 34 318 66 14 32
162 37 109 49 17 30
162 38 73 51 17 37
162 50 345 58 11 29
162 51 155 43 14 27
162 52 148 42 11 28
163 1 299 266 34 77
163 2 276 276 28 75
163 3 263 264 22 78
163 4 41 75 19 42
163 5 148 108 21 42
163 6 342 95 22 40
163 7 343 95 23 41
163 8 264 73 16 35
163 9 257 72 14 35
163 10 241 75 16 35
163 11 491 97 18 33
163 12 496 96 20 40
163 13 480 166 29 55
163 14 492 206 35 64
163 15 564 254 24 70
163 16 579 251 30 73
163 17 550 272 31 77
163 18 533 289 39 74
163 19 491 281 42 81
163 20 515 201 26 61
163 21 248 351 41 92
163 22 230 339 35 83
163 29 540 96 17 43
163 31 617 107 15 39
163 30 603 107 19 40
163 32 234 99 21 49
163 33 234 98 22 47
163 34 318 66 14 32
163 37 109 49 17 30
163 38 73 51 17 37
163 50 345 58 11 29
163 51 155 43 14 27
163 52 148 42 11 28
164 1 299 266 34 78
164 2 276 276 28 75
164 3 263 263 22 79
164 4 41 75 19 42
164 5 147 108 21 42
164 6 343 95 22 40
164 7 343 95 24 41
164 8 265 73 15 34
164 9 257 72 14 35
164 10 241 75 16 35
164 11 492 97 18 33
164 12 497 95 21 41
164 13 479 165 29 55
164 14 491 205 35 64
164 15 562 252 24 71
164 16 573 252 32 71
164 17 549 271 32 79
164 18 531 287 37 75
164 19 487 281 45 81
164 20 514 200 27 61
164 21 250 350 41 92
164 22 231 339 35 84
164 29 539 96 17 43
164 31 616 107 14 39
164 30 602 107 19 40
164 32 232 99 24 44
164 33 232 98 24 45
164 34 318 66 14 32
164 37 110 49 17 30
164 38 73 53 17 36
164 50 345 58 11 29
164 51 155 43 14 27
164 52 148 42 11 28
165 1 299 266 34 78
165 2 276 276 28 75
165 3 263 263 22 79
165 4 41 74 19 42
165 5 146 107 19 45
165 6 343 95 22 40
165 7 344 95 20 41
165 8 264 72 16 34
165 9 257 72 14 36
165 10 240 73 16 36
165 11 494 95 17 35
165 12 497 95 19 42
165 13 477 164 27 55
165 14 492 205 33 62
165 15 561 251 24 72
165 16 572 252 32 72
165 17 547 271 31 78
165 18 530 286 39 79
165 19 486 281 44 80
165 20 511 199 28 63
165 21 250 350 46 94
165 22 233 338 39 84
165 29 539 96 17 43
165 31 615 106 15 41
165 30 601 107 19 40
165 32 231 99 24 44
165 33 231 98 24 45
165 34 319 66 14 32
165 37 110 49 18 31
165 38 73 53 16 36
165 50 345 58 11 29
165 51 154 43 14 28
165 52 148 40 11 29
166 1 299 266 34 78
166 2 275 275 28 75
166 3 263 263 22 79
166 4 40 74 18 42
166 5 144 107 18 45
166 6 343 95 22 40
166 7 345 95 20 41
166 8 264 72 16 34
166 9 257 71 15 36
166 10 240 73 15 36
166 11 495 94 17 36
166 12 498 95 19 42
166 13 476 164 27 55
166 14 491 204 33 62
166 15 559 251 24 72
166 16 570 251 32 72
166 17 545 270 33 81
166 18 528 286 39 78
166 19 485 280 43 81
166 20 510 198 27 63
166 21 253 350 45 93
166 22 232 338 42 85
166 29 538 96 17 43
166 31 613 107 15 40
166 30 600 107 19 40
166 32 232 99 22 45
166 33 232 98 22 46
166 34 319 66 14 32
166 37 112 49 17 31
166 38 72 52 16 37
166 50 345 58 11 29
166 51 154 42 14 27
166 52 147 40 12 30
167 1 299 266 34 78
167 2 275 276 28 74
167 3 262 263 22 79
167 4 40 75 18 41
167 5 142 107 18 45
167 6 345 94 20 41
167 7 345 95 20 41
167 8 265 70 13 36
167 9 256 71 15 36
167 10 240 73 15 36
167 11 495 94 17 36
167 12 498 95 19 42
167 13 476 163 24 55
167 14 493 203 27 63
167 15 558 251 24 72
167 16 569 251 33 72
167 17 543 270 34 82
167 18 529 285 39 78
167 19 484 280 43 81
167 20 509 198 27 64
167 21 253 349 46 95
167 22 234 337 42 86
167 29 538 96 17 43
167 31 612 106 16 41
167 30 600 107 19 40
167 32 231 99 21 46
167 33 231 98 20 46
167 34 320 67 14 32
167 37 112 49 17 31
167 38 72 51 16 37
167 50 345 58 11 29
167 51 153 43 14 27
167 52 147 40 11 29
168 1 299 266 34 78
168 2 275 276 28 74
168 3 262 263 22 80
168 4 40 75 18 42
168 5 142 107 19 42
168 6 346 94 20 41
168 7 346 95 20 42
168 8 265 70 13 36
168 9 256 71 15 36
168 10 240 72 15 36
168 11 496 94 17 36
168 12 499 95 20 42
168 13 475 163 24 55
168 14 492 202 27 62
168 15 557 250 26 77
168 16 568 251 32 71
168 17 542 269 34 82
168 18 528 284 39 78
168 19 485 279 40 81
168 20 503 198 32 63
168 21 252 349 48 95
168 22 235 337 43 86
168 29 537 96 17 43
168 31 611 106 16 42
168 30 599 107 19 40
168 32 230 99 21 46
168 33 230 98 20 46
168 34 320 67 15 32
168 37 112 49 17 31
168 38 72 51 17 37
168 50 345 58 11 29
168 51 154 41 13 29
168 52 147 40 11 29
169 1 299 266 34 78
169 2 275 276 28 75
169 3 262 262 22 80
169 4 40 75 18 42
169 5 142 107 19 42
169 6 348 94 18 41
169 7 347 95 19 39
169 8 265 70 13 36
169 9 256 71 15 36
169 10 240 72 15 36
169 11 496 94 17 36
169 12 497 95 22 41
169 13 475 163 24 55
169 14 492 202 27 62
169 15 557 250 26 77
169 16 568 251 32 71
169 17 542 270 34 81
169 18 528 284 39 79
169 19 485 279 40 81
169 20 503 198 32 63
169 21 252 349 48 95
169 22 236 337 42 85
169 29 537 96 17 43
169 31 611 106 16 42
169 30 599 107 19 40
169 32 230 99 21 46
169 33 230 98 20 46
169 34 320 67 15 32
169 37 112 49 17 33
169 38 72 51 17 37
169 50 345 58 11 29
169 51 154 41 13 29
169 52 147 40 11 29
170 1 299 266 34 78
170 2 275 276 28 74
170 3 262 262 23 80
170 4 40 75 18 42
170 5 137 107 23 42
170 6 349 94 18 41
170 7 348 95 19 39
170 8 265 70 13 36
170 9 256 71 15 36
170 10 240 72 15 36
170 11 498 94 16 36
170 12 498 95 22 41
170 13 473 161 24 55
170 14 491 201 27 62
170 15 556 250 26 76
170 16 567 251 31 70
170 17 544 269 30 81
170 18 527 282 40 76
170 19 484 278 40 78
170 20 502 197 32 63
170 21 254 349 48 95
170 22 234 337 44 82
170 29 537 96 17 43
170 31 611 106 15 40
170 30 597 107 19 40
170 32 230 98 18 47
170 33 230 97 17 48
170 34 321 67 15 32
170 37 113 48 17 31
170 38 72 51 17 37
170 50 345 58 11 29
170 51 154 41 13 29
170 52 147 40 11 29
171 1 299 266 34 78
171 2 275 275 28 75
171 3 262 262 23 80
171 4 40 74 18 42
171 5 136 109 26 40
171 6 350 94 18 41
171 7 348 95 19 39
171 8 264 70 13 36
171 9 256 69 15 37
171 10 240 72 15 36
171 11 499 94 17 36
171 12 498 95 22 41
171 13 468 161 28 55
171 14 492 201 22 61
171 15 554 249 25 76
171 16 564 250 32 70
171 17 543 268 30 81
171 18 526 281 37 77
171 19 483 277 40 78
171 20 501 197 32 63
171 21 255 348 48 94
171 22 236 336 44 83
171 29 536 96 17 43
171 31 609 106 14 40
171 30 596 106 20 42
171 32 229 98 18 47
171 33 229 97 17 48
171 34 321 67 15 32
171 37 113 48 18 34
171 38 72 51 17 37
171 50 345 58 11 29
171 51 154 41 13 29
171 52 146 40 11 29
172 1 300 266 33 78
172 2 276 276 28 74
172 3 262 262 23 80
172 4 38 74 19 42
172 5 135 109 26 40
172 6 350 94 18 41
172 7 351 95 17 40
172 8 264 68 13 37
172 9 255 69 14 36
172 10 239 72 15 36
172 11 498 94 18 36
172 12 499 95 22 41
172 13 467 161 28 54
172 14 491 200 22 61
172 15 553 248 24 77
172 16 563 250 27 67
172 17 541 267 30 80
172 18 525 280 36 77
172 19 484 275 37 77
172 20 499 197 32 63
172 21 256 348 46 94
172 22 236 336 43 83
172 29 535 96 17 44
172 31 609 106 14 40
172 30 596 107 19 40
172 32 228 98 18 47
172 33 228 97 17 49
172 34 322 67 15 32
172 37 113 48 17 31
172 38 71 50 17 38
172 50 345 58 11 29
172 51 153 41 13 29
172 52 146 40 11 29
173 1 303 266 30 78
173 2 275 276 28 74
173 3 262 262 23 80
173 4 38 73 19 42
173 5 134 109 26 41
173 6 351 94 18 41
173 7 352 95 17 40
173 8 262 70 14 36
173 9 255 69 14 36
173 10 239 72 15 35
173 11 499 94 18 35
173 12 505 95 17 41
173 13 464 161 30 55
173 14 490 200 22 62
173 15 551 247 25 77
173 16 561 249 27 66
173 17 540 266 30 80
173 18 523 279 36 77
173 19 483 274 36 76
173 20 501 196 29 63
173 21 262 348 41 94
173 22 241 335 37 83
173 29 534 97 17 43
173 31 608 107 15 42
173 30 594 106 19 41
173 32 227 98 18 46
173 33 226 97 18 46
173 34 322 67 15 32
173 37 113 49 18 33
173 38 71 50 17 38
173 50 345 58 11 29
173 51 153 41 13 29
173 52 146 40 11 28
174 1 302 266 30 78
174 2 275 276 28 74
174 3 262 261 23 81
174 4 38 73 19 42
174 5 133 110 26 41
174 6 351 94 18 41
174 7 351 95 19 41
174 8 262 70 14 36
174 9 255 69 14 37
174 10 239 72 15 35
174 11 499 94 18 35
174 12 506 95 17 41
174 13 465 161 29 57
174 14 489 200 22 61
174 15 549 246 25 77
174 16 560 247 29 68
174 17 537 265 31 76
174 18 522 278 36 78
174 19 482 273 36 75
174 20 500 196 29 63
174 21 266 347 38 91
174 22 244 334 35 80
174 29 534 97 17 43
174 31 607 107 15 41
174 30 595 106 18 41
174 32 224 98 20 46
174 33 223 97 20 46
174 34 322 67 15 32
174 37 114 49 18 34
174 38 71 50 17 38
174 50 345 58 11 29
174 51 153 41 13 29
174 52 146 40 11 28
175 1 301 266 31 78
175 2 275 276 28 75
175 3 262 261 23 81
175 4 38 73 19 41
175 5 133 110 26 40
175 6 351 94 21 41
175 7 351 95 19 41
175 8 262 70 14 36
175 9 255 69 14 37
175 10 239 72 15 35
175 11 498 94 22 35
175 12 506 95 17 41
175 13 465 161 29 57
175 14 489 200 22 60
175 15 549 246 25 77
175 16 560 247 29 68
175 17 537 265 31 76
175 18 522 278 36 78
175 19 482 273 36 76
175 20 500 196 30 61
175 21 266 347 38 91
175 22 244 334 35 80
175 29 534 97 18 42
175 31 607 107 15 41
175 30 595 106 18 41
175 32 224 98 20 46
175 33 223 97 20 46
175 34 322 67 15 32
175 37 114 49 18 33
175 38 71 50 17 38
175 50 345 58 11 29
175 51 153 41 13 29
175 52 146 40 11 28
176 1 302 266 30 78
176 2 276 276 28 74
176 3 262 261 23 81
176 4 38 73 19 42
176 5 132 110 27 41
176 6 352 94 20 41
176 7 352 95 21 41
176 8 262 70 14 36
176 9 255 69 14 37
176 10 239 72 15 35
176 11 499 94 22 35
176 12 506 95 17 41
176 13 464 161 29 57
176 14 484 200 26 61
176 15 548 245 25 76
176 16 559 246 29 68
176 17 536 264 31 76
176 18 519 277 37 77
176 19 481 272 36 77
176 20 499 196 30 61
176 21 271 346 34 89
176 22 245 334 35 80
176 29 533 97 18 42
176 31 605 107 16 40
176 30 594 106 18 41
176 32 223 98 20 46
176 33 222 97 20 46
176 34 323 67 16 32
176 37 114 49 18 34
176 38 71 50 17 38
176 50 345 58 11 29
176 51 153 41 13 29
176 52 146 40 11 29
177 1 302 266 30 78
177 2 275 275 28 75
177 3 262 261 23 81
177 4 37 72 19 42
177 5 130 109 24 41
177 6 353 94 20 41
177 7 353 95 21 41
177 8 261 70 14 36
177 9 255 69 14 36
177 10 238 72 15 36
177 11 499 94 22 35
177 12 507 95 17 41
177 13 464 160 27 55
177 14 483 200 26 61
177 15 547 244 25 73
177 16 558 245 28 68
177 17 537 264 27 75
177 18 518 277 37 76
177 19 480 272 36 77
177 20 498 195 27 57
177 21 274 345 35 90
177 22 254 333 27 82
177 29 533 97 18 42
177 31 605 107 16 40
177 30 594 106 18 41
177 32 221 98 21 46
177 33 220 97 23 46
177 34 324 67 16 32
177 37 115 49 18 33
177 38 70 50 17 39
177 50 345 58 11 29
177 51 152 41 12 29
177 52 145 40 11 29
178 1 303 266 29 78
178 2 275 275 29 76
178 3 262 264 23 78
178 4 37 72 19 42
178 5 131 109 21 41
178 6 353 94 20 41
178 7 353 95 21 41
178 8 261 70 14 36
178 9 254 69 14 36
178 10 238 72 15 36
178 11 499 94 23 34
178 12 508 95 17 39
178 13 463 160 27 55
178 14 481 199 27 62
178 15 546 243 24 73
178 16 557 244 28 69
178 17 536 263 27 75
178 18 517 276 37 76
178 19 478 271 37 77
178 20 496 195 28 56
178 21 278 345 33 90
178 22 256 333 27 81
178 29 531 97 19 42
178 31 604 108 16 40
178 30 592 106 18 41
178 32 220 98 23 46
178 33 219 97 23 46
178 34 324 67 16 32
178 37 116 49 18 34
178 38 70 50 17 38
178 50 345 58 11 29
178 51 152 41 12 28
178 52 145 40 11 29
179 1 304 266 28 78
179 2 276 277 28 73
179 3 262 264 23 78
179 4 37 72 18 40
179 5 130 109 21 42
179 6 354 94 20 41
179 7 354 95 21 41
179 8 260 68 14 37
179 9 254 69 14 36
179 10 238 71 15 36
179 11 501 94 22 34
179 12 508 95 17 41
179 13 461 160 28 54
179 14 480 198 27 63
179 15 544 242 25 75
179 16 556 244 28 67
179 17 534 262 27 76
179 18 515 275 37 77
179 19 476 271 37 75
179 20 499 193 24 58
179 21 281 345 33 90
179 22 258 333 27 81
179 29 531 97 19 42
179 31 603 108 16 41
179 30 588 106 22 40
179 32 219 98 23 46
179 33 218 97 23 46
179 34 325 67 16 32
179 37 116 49 18 34
179 38 69 50 17 38
179 50 345 58 11 29
179 51 152 41 12 28
179 52 145 40 11 29
180 1 303 266 29 78
180 2 276 275 29 76
180 3 262 264 23 78
180 4 37 72 18 41
180 5 129 109 17 41
180 6 353 94 23 41
180 7 353 95 22 41
180 8 260 68 14 37
180 9 253 69 14 36
180 10 237 71 16 36
180 11 504 94 17 34
180 12 509 95 17 41
180 13 464 158 23 55
180 14 479 197 27 63
180 15 543 241 25 75
180 16 555 243 29 71
180 17 533 262 27 76
180 18 514 276 33 76
180 19 474 270 37 77
180 20 498 192 23 58
180 21 282 344 37 91
180 22 259 332 28 81
180 29 530 97 19 42
180 31 602 108 16 41
180 30 587 106 21 40
180 32 218 98 23 46
180 33 217 97 23 46
180 34 326 67 16 32
180 37 117 49 18 33
180 38 70 50 18 37
180 50 345 58 11 29
180 51 152 41 12 28
180 52 143 40 12 29
181 1 303 266 29 78
181 2 276 275 29 76
181 3 262 264 23 78
181 4 37 72 18 40
181 5 129 109 17 41
181 6 353 94 22 41
181 7 353 95 22 41
181 8 260 68 14 37
181 9 253 70 14 35
181 10 237 71 15 36
181 11 504 94 17 34
181 12 509 95 17 41
181 13 464 158 23 55
181 14 479 197 27 63
181 15 543 241 25 75
181 16 555 243 29 71
181 17 533 262 27 76
181 18 514 276 33 76
181 19 475 270 37 77
181 20 498 192 23 58
181 21 282 344 37 91
181 22 259 332 28 81
181 29 526 97 22 42
181 31 602 107 16 42
181 30 587 106 21 40
181 32 218 98 23 46
181 33 217 97 23 46
181 34 326 67 16 32
181 37 117 49 17 34
181 38 70 50 18 37
181 50 345 58 11 29
181 51 152 41 12 28
181 52 143 40 12 29
182 1 303 266 29 78
182 2 275 276 29 76
182 3 262 264 23 79
182 4 37 72 18 41
182 5 128 109 17 41
182 6 354 94 21 41
182 7 354 95 21 41
182 8 260 68 14 38
182 9 252 69 14 36
182 10 237 71 15 36
182 11 505 94 17 34
182 12 509 96 19 38
182 13 463 157 23 55
182 14 478 196 27 64
182 15 543 241 23 74
182 16 554 242 29 70
182 17 531 261 27 76
182 18 513 275 33 76
182 19 473 269 37 77
182 20 496 192 24 58
182 21 282 344 44 92
182 22 260 332 28 81
182 29 525 97 21 42
182 31 601 107 15 40
182 30 586 106 21 40
182 32 217 98 23 47
182 33 216 97 23 47
182 34 326 68 16 32
182 37 117 49 17 34
182 38 70 50 18 37
182 50 345 58 11 29
182 51 151 41 12 28
182 52 143 39 12 28
183 1 303 266 29 77
183 2 275 276 29 76
183 3 262 264 23 78
183 4 37 71 18 41
183 5 127 109 19 41
183 6 354 94 21 40
183 7 355 95 21 41
183 8 261 68 13 35
183 9 252 69 14 37
183 10 237 70 16 36
183 11 507 94 16 34
183 12 510 96 19 38
183 13 462 157 23 55
183 14 477 195 28 65
183 15 539 241 25 73
183 16 553 242 28 70
183 17 530 261 28 78
183 18 515 270 31 81
183 19 472 269 37 76
183 20 495 192 25 60
183 21 282 344 51 90
183 22 260 332 37 82
183 29 525 97 21 42
183 31 600 107 15 41
183 30 585 106 21 40
183 32 215 98 23 46
183 33 215 97 23 46
183 34 327 68 16 32
183 37 118 49 17 34
183 38 69 50 18 37
183 50 345 58 11 29
183 51 151 41 12 29
183 52 143 39 12 28
184 1 302 265 30 79
184 2 278 276 26 76
184 3 262 264 23 78
184 4 36 70 19 42
184 5 121 109 24 41
184 6 355 94 21 40
184 7 355 95 21 41
184 8 261 68 13 35
184 9 252 68 14 37
184 10 237 70 15 36
184 11 508 94 16 34
184 12 510 96 19 38
184 13 462 156 23 56
184 14 479 194 22 61
184 15 537 241 26 73
184 16 551 241 29 70
184 17 529 260 28 78
184 18 514 269 31 82
184 19 471 268 36 78
184 20 492 192 27 60
184 21 283 344 52 89
184 22 261 332 37 82
184 29 524 97 21 42
184 31 599 107 15 40
184 30 584 106 21 40
184 32 217 97 21 46
184 33 216 96 21 46
184 34 327 68 16 32
184 37 118 49 17 34
184 38 69 50 18 37
184 50 344 58 11 29
184 51 151 39 12 30
184 52 142 39 12 28
185 1 304 267 27 76
185 2 278 276 26 76
185 3 262 264 23 78
185 4 36 70 19 42
185 5 120 109 26 41
185 6 358 94 18 40
185 7 356 95 21 41
185 8 261 68 13 34
185 9 252 68 14 36
185 10 236 70 15 36
185 11 508 94 16 34
185 12 511 96 19 38
185 13 455 155 28 56
185 14 478 193 22 61
185 15 536 240 26 72
185 16 550 241 29 70
185 17 528 259 28 78
185 18 513 267 30 79
185 19 472 265 34 79
185 20 491 192 27 60
185 21 285 344 52 88
185 22 263 330 38 84
185 29 525 97 19 42
185 31 597 108 17 40
185 30 584 106 21 41
185 32 216 97 19 46
185 33 215 96 19 46
185 34 328 68 16 32
185 37 118 49 17 33
185 38 69 49 18 36
185 50 344 58 11 29
185 51 150 39 12 30
185 52 142 39 12 28
186 1 304 267 27 76
186 2 278 276 26 76
186 3 262 264 23 78
186 4 36 70 18 41
186 5 119 109 26 41
186 6 360 95 16 39
186 7 359 95 17 39
186 8 260 68 13 35
186 9 252 68 14 36
186 10 236 70 15 35
186 11 509 94 16 35
186 12 511 96 19 38
186 13 454 155 28 55
186 14 477 192 23 63
186 15 535 240 24 71
186 16 545 240 30 73
186 17 527 258 29 79
186 18 512 266 30 79
186 19 471 264 34 79
186 20 490 189 25 61
186 21 286 344 52 89
186 22 261 331 42 83
186 29 525 97 19 42
186 31 596 108 17 40
186 30 582 106 22 41
186 32 215 97 19 46
186 33 214 96 19 46
186 34 330 67 16 32
186 37 119 49 17 33
186 38 69 50 15 34
186 50 344 58 11 29
186 51 150 39 12 31
186 52 142 39 12 28
187 1 304 267 27 76
187 2 278 276 26 76
187 3 262 263 23 78
187 4 36 70 18 41
187 5 119 109 26 41
187 6 360 94 15 40
187 7 359 95 17 39
187 8 260 68 13 34
187 9 252 68 14 36
187 10 236 70 15 35
187 11 509 94 16 36
187 12 514 96 15 39
187 13 454 155 28 56
187 14 477 192 23 63
187 15 534 240 25 72
187 16 545 240 30 73
187 17 527 258 29 79
187 18 512 266 30 79
187 19 471 264 34 79
187 20 490 189 25 61
187 21 283 344 53 89
187 22 261 331 42 83
187 29 525 97 19 42
187 31 596 108 17 40
187 30 582 106 22 41
187 32 215 97 19 46
187 33 214 96 19 46
187 34 331 67 14 32
187 37 119 49 17 33
187 38 69 50 15 34
187 50 344 58 11 29
187 51 150 39 12 31
187 52 142 39 12 28
188 1 304 267 27 76
188 2 278 279 26 73
188 3 262 264 23 78
188 4 36 70 18 41
188 5 117 109 26 41
188 6 361 94 15 40
188 7 360 95 17 39
188 8 260 68 13 34
188 9 252 68 14 36
188 10 236 70 15 36
188 11 509 94 16 35
188 12 514 96 15 39
188 13 453 155 27 54
188 14 475 191 23 63
188 15 533 240 26 73
188 16 544 239 30 73
188 17 526 257 28 79
188 18 510 265 29 79
188 19 470 263 34 78
188 20 489 189 25 61
188 21 285 344 53 89
188 22 262 330 42 84
188 29 524 97 19 41
188 31 595 108 17 40
188 30 583 106 20 40
188 32 215 97 18 46
188 33 213 96 19 46
188 34 332 67 14 32
188 37 119 49 17 34
188 38 69 50 15 34
188 50 344 58 11 29
188 51 150 39 12 29
188 52 142 39 12 28
189 1 302 267 29 76
189 2 278 279 26 73
189 3 262 264 23 78
189 4 36 70 18 41
189 5 116 110 28 41
189 6 361 94 17 40
189 7 360 95 17 39
189 8 260 68 13 34
189 9 251 67 14 36
189 10 236 70 15 36
189 11 510 94 16 35
189 12 515 96 15 39
189 13 452 154 27 57
189 14 470 191 27 61
189 15 532 239 26 73
189 16 543 239 30 72
189 17 525 256 28 79
189 18 509 264 29 80
189 19 469 262 32 75
189 20 488 188 25 61
189 21 286 343 49 86
189 22 264 329 45 83
189 29 525 97 17 42
189 31 595 108 17 41
189 30 582 106 20 40
189 32 214 97 18 46
189 33 212 96 19 46
189 34 332 67 14 32
189 37 119 50 17 33
189 38 69 50 15 34
189 50 344 58 11 29
189 51 150 39 12 29
189 52 142 39 12 28
190 1 299 267 32 76
190 2 278 279 30 73
190 3 262 263 23 78
190 4 36 70 18 41
190 5 115 110 28 41
190 6 362 94 17 40
190 7 361 95 17 39
190 8 260 68 13 34
190 9 251 67 14 36
190 10 236 70 15 35
190 11 511 94 16 35
190 12 515 96 15 39
190 13 451 154 30 57
190 14 467 191 29 61
190 15 531 238 26 73
190 16 542 237 29 73
190 17 524 255 28 80
190 18 505 263 32 77
190 19 469 260 33 77
190 20 487 188 25 60
190 21 288 343 49 86
190 22 267 328 39 84
190 29 525 97 17 42
190 31 594 108 17 40
190 30 582 106 18 40
190 32 212 97 20 46
190 33 211 96 19 46
190 34 333 67 14 32
190 37 120 50 16 33
190 38 69 50 15 34
190 50 344 58 11 29
190 51 150 39 12 29
190 52 141 39 12 28
191 1 299 267 32 76
191 2 278 279 30 73
191 3 262 263 23 78
191 4 35 70 18 41
191 5 115 111 27 40
191 6 362 94 17 40
191 7 362 95 17 39
191 8 258 68 14 34
191 9 251 67 14 36
191 10 235 70 15 35
191 11 510 94 18 35
191 12 516 96 15 39
191 13 450 154 30 57
191 14 464 191 30 61
191 15 529 237 26 73
191 16 541 236 30 75
191 17 521 252 29 75
191 18 498 265 38 74
191 19 466 260 33 76
191 20 485 187 25 59
191 21 293 341 44 87
191 22 268 327 39 85
191 29 525 97 17 41
191 31 592 108 16 40
191 30 581 107 18 39
191 32 209 99 20 44
191 33 209 100 20 43
191 34 333 68 14 32
191 37 121 50 18 34
191 38 69 50 15 34
191 50 344 57 11 29
191 51 149 39 12 30
191 52 141 40 12 28
192 1 299 267 32 76
192 2 278 279 30 73
192 3 262 264 23 78
192 4 35 70 18 41
192 5 114 111 25 41
192 6 363 94 17 40
192 7 362 95 17 39
192 8 258 67 14 34
192 9 251 67 14 36
192 10 235 70 15 36
192 11 510 94 18 35
192 12 518 96 15 39
192 13 449 154 30 57
192 14 461 191 32 61
192 15 528 236 25 72
192 16 539 236 31 68
192 17 520 251 29 75
192 18 497 264 38 74
192 19 465 259 33 76
192 20 484 186 25 60
192 21 298 340 40 88
192 22 274 327 34 82
192 29 523 97 17 42
192 31 591 108 16 40
192 30 583 105 16 41
192 32 208 99 20 44
192 33 208 100 20 43
192 34 334 68 14 32
192 37 121 50 18 34
192 38 67 50 14 34
192 50 344 57 11 29
192 51 149 39 12 29
192 52 141 39 12 28
193 1 299 267 32 76
193 2 278 279 30 73
193 3 262 264 23 78
193 4 35 70 18 41
193 5 114 111 25 41
193 6 363 94 17 40
193 7 362 95 19 39
193 8 258 67 14 34
193 9 251 67 14 36
193 10 235 70 15 36
193 11 511 94 18 35
193 12 518 96 15 39
193 13 449 154 30 57
193 14 461 191 32 61
193 15 528 236 25 72
193 16 539 236 31 68
193 17 520 251 29 75
193 18 497 264 38 74
193 19 462 259 36 76
193 20 486 186 23 58
193 21 298 340 40 88
193 22 274 327 34 82
193 29 523 97 17 42
193 31 591 108 16 40
193 30 583 105 16 41
193 32 208 99 20 43
193 33 208 100 20 43
193 34 334 68 14 32
193 37 122 50 18 34
193 38 67 50 14 34
193 50 344 57 11 29
193 51 149 39 12 29
193 52 141 39 12 29
194 1 299 267 32 76
194 2 278 279 30 73
194 3 262 264 23 78
194 4 35 69 18 41
194 5 116 110 19 41
194 6 363 94 20 40
194 7 363 95 19 39
194 8 260 68 12 32
194 9 251 67 14 36
194 10 235 70 15 36
194 11 511 94 18 35
194 12 517 97 15 39
194 13 448 153 27 56
194 14 460 191 32 61
194 15 527 235 25 70
194 16 537 235 32 68
194 17 518 250 29 76
194 18 495 264 39 76
194 19 461 259 36 76
194 20 485 185 23 59
194 21 303 339 36 88
194 22 278 327 29 80
194 29 523 97 17 41
194 31 591 108 16 40
194 30 582 105 16 41
194 32 206 99 21 43
194 33 205 100 22 43
194 34 334 68 14 32
194 37 122 50 18 34
194 38 67 50 14 33
194 50 344 57 11 30
194 51 149 39 12 29
194 52 141 39 12 28
195 1 299 267 32 76
195 2 278 279 31 73
195 3 262 264 23 78
195 4 35 69 18 42
195 5 113 108 19 41
195 6 364 94 20 40
195 7 363 95 19 39
195 8 259 67 13 32
195 9 250 67 14 36
195 10 235 70 15 35
195 11 512 94 19 35
195 12 517 97 16 38
195 13 447 153 27 56
195 14 461 190 30 62
195 15 526 234 25 70
195 16 536 234 33 70
195 17 517 249 29 76
195 18 494 264 39 76
195 19 454 258 42 76
195 20 484 184 23 59
195 21 308 339 36 88
195 22 280 327 29 80
195 29 522 97 17 42
195 31 589 108 17 40
195 30 581 105 16 41
195 32 205 99 24 43
195 33 204 100 24 43
195 34 335 68 15 34
195 37 122 50 18 34
195 38 67 50 14 33
195 50 344 57 11 30
195 51 149 39 12 29
195 52 140 39 12 27
196 1 299 267 32 76
196 2 278 279 31 73
196 3 262 264 23 78
196 4 34 68 19 42
196 5 112 108 19 41
196 6 364 94 20 40
196 7 364 95 19 39
196 8 258 67 13 33
196 9 250 67 14 36
196 10 234 69 15 35
196 11 513 94 19 35
196 12 517 97 19 38
196 13 449 152 22 55
196 14 460 189 30 62
196 15 524 233 24 71
196 16 534 234 30 68
196 17 516 249 30 77
196 18 492 263 39 76
196 19 453 258 41 77
196 20 483 184 23 59
196 21 310 338 36 88
196 22 286 326 24 81
196 29 521 96 17 43
196 31 588 108 17 40
196 30 579 106 18 41
196 32 204 99 24 43
196 33 203 100 24 43
196 34 335 68 15 34
196 37 122 50 18 34
196 38 67 50 14 33
196 50 344 57 11 30
196 51 147 39 12 30
196 52 140 39 12 27
197 1 299 267 32 76
197 2 278 279 31 73
197 3 262 264 23 78
197 4 34 68 17 41
197 5 110 108 20 40
197 6 365 94 20 40
197 7 365 95 19 40
197 8 258 67 13 33
197 9 250 67 15 37
197 10 234 69 15 35
197 11 515 94 17 34
197 12 517 97 19 38
197 13 448 152 22 55
197 14 461 189 28 59
197 15 519 233 28 71
197 16 533 234 30 68
197 17 514 248 29 77
197 18 491 263 39 77
197 19 452 258 41 76
197 20 482 183 24 60
197 21 313 338 36 89
197 22 288 326 24 81
197 29 520 97 17 42
197 31 587 108 17 40
197 30 574 106 22 39
197 32 203 99 24 43
197 33 202 100 24 43
197 34 336 68 15 34
197 37 124 50 17 35
197 38 67 51 13 33
197 50 344 57 12 30
197 51 147 39 12 30
197 52 140 39 12 27
198 1 299 267 32 76
198 2 278 279 31 73
198 3 263 264 23 78
198 4 34 68 17 41
198 5 109 108 19 40
198 6 366 94 20 41
198 7 366 95 19 39
198 8 257 66 14 34
198 9 250 66 15 37
198 10 234 69 15 35
198 11 515 94 17 34
198 12 517 97 19 38
198 13 447 151 22 55
198 14 460 188 28 59
198 15 518 233 28 71
198 16 532 233 29 69
198 17 512 248 29 78
198 18 492 262 37 75
198 19 451 258 41 77
198 20 478 183 26 59
198 21 314 338 39 88
198 22 288 325 33 81
198 29 520 97 17 42
198 31 587 108 17 39
198 30 573 106 21 39
198 32 200 99 25 43
198 33 201 100 24 44
198 34 336 68 15 34
198 37 123 49 17 36
198 38 67 51 13 33
198 50 344 57 11 30
198 51 147 39 12 29
198 52 140 39 12 27
199 1 299 267 32 76
199 2 278 279 31 73
199 3 263 264 23 78
199 4 34 68 17 41
199 5 109 108 19 40
199 6 365 94 21 40
199 7 365 95 19 40
199 8 257 66 14 34
199 9 250 66 13 36
199 10 234 69 15 35
199 11 515 94 17 33
199 12 524 96 18 35
199 13 447 151 22 54
199 14 460 188 28 59
199 15 518 233 28 71
199 16 532 233 29 69
199 17 512 248 29 78
199 18 492 262 37 75
199 19 451 258 41 77
199 20 478 183 26 59
199 21 314 338 39 88
199 22 288 325 33 81
199 29 520 97 17 42
199 31 587 108 16 39
199 30 573 106 21 39
199 32 200 99 25 43
199 33 201 100 24 44
199 34 336 68 15 34
199 37 123 49 17 36
199 38 67 51 13 33
199 50 344 57 11 30
199 51 147 39 12 29
199 52 140 39 12 27
200 1 299 267 32 76
200 2 278 279 31 73
200 3 263 264 23 77
200 4 34 68 17 40
200 5 108 109 21 40
200 6 367 94 20 40
200 7 366 95 19 40
200 8 257 66 14 34
200 9 250 66 13 36
200 10 234 69 15 35
200 11 515 94 17 33
200 12 524 96 18 35
200 13 446 151 21 53
200 14 460 188 27 58
200 15 517 232 28 70
200 16 530 233 29 68
200 17 510 247 29 76
200 18 491 261 37 76
200 19 450 257 40 77
200 20 477 183 25 59
200 21 315 338 39 88
200 22 289 325 37 80
200 29 520 96 17 43
200 31 585 108 15 39
200 30 572 106 21 39
200 32 203 98 19 43
200 33 202 99 20 44
200 34 338 68 15 34
200 37 123 49 17 36
200 38 67 51 13 32
200 50 344 57 11 30
200 51 147 39 12 29
200 52 139 39 12 27
201 1 302 267 29 76
201 2 278 279 31 73
201 3 263 264 23 77
201 4 34 68 17 41
201 5 103 109 24 40
201 6 366 94 21 41
201 7 367 95 19 40
201 8 257 66 14 34
201 9 249 66 13 35
201 10 234 69 15 35
201 11 519 94 16 34
201 12 524 95 17 36
201 13 445 151 21 53
201 14 459 187 27 58
201 15 515 232 28 70
201 16 529 233 29 68
201 17 509 247 28 75
201 18 490 260 35 72
201 19 451 256 36 76
201 20 476 182 25 59
201 21 315 337 45 89
201 22 290 325 42 81
201 29 521 96 17 43
201 31 584 109 15 37
201 30 571 106 20 39
201 32 202 98 19 45
201 33 200 99 21 45
201 34 339 67 14 35
201 37 125 49 16 36
201 38 67 51 13 32
201 50 344 57 11 30
201 51 146 39 12 30
201 52 139 39 12 28
202 1 302 267 29 76
202 2 278 279 31 73
202 3 263 264 23 77
202 4 34 68 17 40
202 5 102 109 24 40
202 6 367 94 21 40
202 7 367 95 19 40
202 8 256 66 13 33
202 9 249 66 13 35
202 10 234 69 15 35
202 11 519 94 16 34
202 12 524 95 17 37
202 13 437 152 28 53
202 14 458 186 27 58
202 15 514 232 28 70
202 16 527 232 29 67
202 17 508 246 30 76
202 18 493 258 30 73
202 19 450 255 36 75
202 20 475 182 25 58
202 21 318 337 43 88
202 22 289 325 45 79
202 29 515 99 18 40
202 31 584 109 16 38
202 30 571 106 20 40
202 32 200 98 17 43
202 33 199 99 18 43
202 34 339 67 14 35
202 37 125 49 16 35
202 38 67 50 13 32
202 50 344 57 11 30
202 51 147 40 11 27
202 52 139 39 12 28
203 1 299 267 32 76
203 2 278 280 31 73
203 3 263 265 23 77
203 4 34 68 17 41
203 5 102 109 24 41
203 6 369 94 19 40
203 7 369 94 19 39
203 8 256 66 13 33
203 9 249 66 12 35
203 10 233 69 15 35
203 11 519 94 16 35
203 12 525 95 17 36
203 13 436 152 28 52
203 14 459 186 24 59
203 15 512 231 28 74
203 16 526 231 29 67
203 17 507 245 30 76
203 18 492 257 30 74
203 19 448 253 35 74
203 20 474 182 25 59
203 21 319 336 44 89
203 22 290 325 45 79
203 29 515 99 18 40
203 31 583 109 16 39
203 30 569 106 21 40
203 32 199 98 17 43
203 33 198 99 18 43
203 34 340 69 14 33
203 37 127 50 16 35
203 38 65 50 14 32
203 50 344 57 11 30
203 51 147 40 11 27
203 52 138 39 12 28
204 1 299 267 32 76
204 2 278 280 31 72
204 3 263 265 23 77
204 4 33 67 18 41
204 5 101 109 25 42
204 6 368 94 21 42
204 7 370 94 19 39
204 8 255 66 15 35
204 9 249 66 13 35
204 10 233 69 15 35
204 11 519 94 17 35
204 12 527 95 18 36
204 13 437 152 25 52
204 14 458 186 24 59
204 15 511 230 28 73
204 16 525 231 29 63
204 17 506 244 30 75
204 18 491 256 30 73
204 19 452 250 31 75
204 20 472 181 25 58
204 21 317 336 48 90
204 22 292 324 46 80
204 29 514 99 18 41
204 31 582 109 16 39
204 30 571 106 17 40
204 32 198 98 17 42
204 33 197 99 18 43
204 34 340 69 14 33
204 37 127 50 16 35
204 38 65 50 15 33
204 50 344 57 11 30
204 51 147 40 11 27
204 52 138 39 12 28
205 1 299 267 32 76
205 2 278 280 31 72
205 3 263 265 23 77
205 4 34 68 17 41
205 5 101 108 25 42
205 6 370 94 17 41
205 7 369 94 20 37
205 8 255 66 15 35
205 9 249 66 13 35
205 10 233 69 15 35
205 11 519 94 17 35
205 12 527 95 18 36
205 13 437 152 26 52
205 14 458 185 24 59
205 15 511 230 28 73
205 16 525 231 29 63
205 17 506 244 30 75
205 18 491 256 30 74
205 19 452 250 31 75
205 20 472 181 24 58
205 21 317 336 48 90
205 22 292 324 46 80
205 29 514 99 18 41
205 31 582 109 16 39
205 30 571 106 17 40
205 32 197 98 15 42
205 33 197 99 18 43
205 34 340 69 14 33
205 37 127 52 16 33
205 38 65 50 15 33
205 50 344 57 11 30
205 51 147 40 11 27
205 52 138 39 12 28
206 1 299 267 32 76
206 2 278 280 31 72
206 3 263 265 23 77
206 4 32 67 19 42
206 5 101 108 26 43
206 6 371 94 16 41
206 7 370 94 19 40
206 8 255 66 15 35
206 9 248 66 13 35
206 10 233 69 15 35
206 11 522 94 15 33
206 12 528 95 17 34
206 13 436 152 26 52
206 14 457 185 24 60
206 15 510 229 28 74
206 16 524 230 29 63
206 17 504 244 29 74
206 18 490 255 30 74
206 19 451 249 31 74
206 20 471 181 25 58
206 21 318 336 48 90
206 22 290 324 46 81
206 29 514 99 18 41
206 31 580 109 17 39
206 30 569 106 18 40
206 32 196 98 15 42
206 33 195 99 18 44
206 34 341 69 14 32
206 37 128 52 16 33
206 38 65 49 15 33
206 50 344 57 11 30
206 51 146 40 11 26
206 52 138 39 12 28
207 1 299 267 32 76
207 2 278 280 31 72
207 3 263 265 23 76
207 4 32 66 18 40
207 5 101 108 21 43
207 6 372 94 16 41
207 7 371 94 19 40
207 8 254 66 15 35
207 9 248 66 13 35
207 10 233 68 15 35
207 11 522 94 15 34
207 12 532 94 15 38
207 13 435 152 26 52
207 14 454 185 25 59
207 15 508 228 28 73
207 16 525 229 27 62
207 17 502 243 29 74
207 18 489 254 30 75
207 19 450 248 31 75
207 20 470 179 25 60
207 21 322 332 42 94
207 22 292 324 46 81
207 29 513 99 18 41
207 31 580 109 17 38
207 30 568 106 18 42
207 32 193 98 18 44
207 33 192 99 21 45
207 34 341 70 16 31
207 37 128 52 16 33
207 38 65 49 15 33
207 50 344 57 11 30
207 51 146 40 11 26
207 52 138 39 12 28
208 1 299 267 32 76
208 2 278 279 29 73
208 3 263 265 22 76
208 4 32 66 18 40
208 5 99 108 20 43
208 6 372 94 18 41
208 7 371 94 18 42
208 8 254 66 15 35
208 9 248 66 13 35
208 10 233 68 15 35
208 11 523 94 15 33
208 12 533 94 15 38
208 13 433 151 29 52
208 14 453 185 25 59
208 15 507 227 26 74
208 16 524 228 27 63
208 17 500 241 30 76
208 18 488 252 30 76
208 19 449 247 32 76
208 20 471 179 22 56
208 21 326 332 39 92
208 22 293 323 42 80
208 29 513 99 16 42
208 31 579 109 17 39
208 30 568 106 18 42
208 32 192 98 18 44
208 33 191 99 21 45
208 34 341 70 16 31
208 37 129 52 16 33
208 38 65 49 14 32
208 50 344 57 11 30
208 51 146 40 11 26
208 52 138 39 12 27
209 1 302 267 29 76
209 2 278 279 29 73
209 3 263 265 22 76
209 4 32 66 18 40
209 5 99 108 18 41
209 6 373 94 18 41
209 7 372 94 18 42
209 8 253 65 15 36
209 9 247 65 13 35
209 10 232 68 15 35
209 11 524 94 15 33
209 12 533 94 15 38
209 13 432 151 29 52
209 14 451 184 25 60
209 15 506 226 26 73
209 16 524 227 24 64
209 17 499 240 27 73
209 18 484 252 31 77
209 19 448 247 32 75
209 20 470 178 22 56
209 21 327 331 39 93
209 22 294 323 42 80
209 29 513 99 16 42
209 31 578 109 17 40
209 30 566 105 19 43
209 32 195 98 21 40
209 33 189 101 24 41
209 34 342 70 16 31
209 37 129 52 16 34
209 38 65 50 14 31
209 50 344 57 11 30
209 51 146 40 11 28
209 52 137 39 12 28
210 1 304 267 27 76
210 2 278 279 29 73
210 3 263 265 22 76
210 4 31 64 18 41
210 5 98 107 16 43
210 6 374 94 18 41
210 7 372 94 22 42
210 8 253 65 16 36
210 9 247 65 13 35
210 10 232 68 15 35
210 11 524 94 15 33
210 12 534 94 15 38
210 13 437 148 21 55
210 14 450 184 25 60
210 15 505 225 26 70
210 16 525 226 23 64
210 17 498 239 27 73
210 18 483 251 31 77
210 19 445 247 32 73
210 20 469 178 22 56
210 21 332 330 35 89
210 22 302 322 35 78
210 29 512 99 16 42
210 31 577 109 17 39
210 30 565 105 19 43
210 32 194 98 21 40
210 33 188 101 24 41
210 34 342 70 17 32
210 37 130 53 16 33
210 38 67 50 13 31
210 50 344 57 11 30
210 51 145 40 11 26
210 52 137 39 12 28
211 1 304 267 27 76
211 2 278 279 29 73
211 3 263 265 22 76
211 4 31 64 18 41
211 5 98 107 16 43
211 6 374 94 20 41
211 7 372 94 22 42
211 8 253 65 15 36
211 9 247 65 13 35
211 10 232 68 15 35
211 11 524 94 15 33
211 12 534 94 15 38
211 13 437 148 21 55
211 14 450 184 25 60
211 15 505 225 26 70
211 16 525 226 23 64
211 17 500 239 25 73
211 18 483 251 31 77
211 19 444 246 32 75
211 20 469 177 22 57
211 21 332 330 35 89
211 22 302 322 35 78
211 29 512 99 16 42
211 31 576 109 17 39
211 30 565 106 17 41
211 32 194 98 21 40
211 33 188 101 24 41
211 34 342 70 17 32
211 37 130 53 16 33
211 38 67 50 13 31
211 50 344 57 11 30
211 51 145 40 11 26
211 52 137 39 12 28
212 1 304 267 27 76
212 2 278 279 29 73
212 3 263 265 22 76
212 4 31 66 18 40
212 5 96 107 17 42
212 6 375 94 20 41
212 7 373 94 22 42
212 8 253 65 16 37
212 9 246 65 13 36
212 10 232 67 15 35
212 11 522 95 17 35
212 12 535 94 18 41
212 13 436 147 21 55
212 14 449 183 25 61
212 15 504 224 26 70
212 16 524 225 23 65
212 17 499 238 25 73
212 18 482 251 30 77
212 19 443 246 34 76
212 20 467 177 23 56
212 21 333 329 35 89
212 22 303 321 35 79
212 29 510 99 16 41
212 31 576 109 15 37
212 30 563 106 18 41
212 32 193 98 21 40
212 33 187 101 24 41
212 34 342 70 17 33
212 37 130 53 16 33
212 38 67 50 13 31
212 50 344 57 11 30
212 51 145 40 11 26
212 52 137 39 12 28
213 1 304 267 27 76
213 2 278 279 29 73
213 3 263 265 22 76
213 4 31 66 18 40
213 5 94 107 18 42
213 6 375 94 20 41
213 7 373 94 22 42
213 8 252 64 16 37
213 9 246 65 12 35
213 10 231 67 15 35
213 11 522 95 17 35
213 12 536 94 18 42
213 13 435 146 22 54
213 14 448 182 24 62
213 15 501 223 27 71
213 16 519 225 27 65
213 17 497 237 25 74
213 18 481 250 30 78
213 19 442 246 34 76
213 20 466 177 23 56
213 21 339 328 30 90
213 22 309 321 30 79
213 29 511 99 16 43
213 31 574 109 16 40
213 30 562 106 18 41
213 32 192 98 21 41
213 33 186 101 24 41
213 34 344 69 16 35
213 37 130 53 15 33
213 38 67 50 13 31
213 50 344 57 11 30
213 51 145 40 11 26
213 52 137 39 12 28
214 1 304 267 27 76
214 2 278 279 29 72
214 3 263 265 22 76
214 4 31 66 18 40
214 5 90 107 23 42
214 6 374 94 22 40
214 7 374 94 22 42
214 8 252 64 16 36
214 9 245 64 13 35
214 10 231 67 15 35
214 11 522 95 16 35
214 12 536 94 18 42
214 13 434 146 22 54
214 14 447 181 24 62
214 15 500 223 27 70
214 16 518 225 27 65
214 17 497 237 25 73
214 18 479 249 31 76
214 19 441 245 34 77
214 20 465 177 23 56
214 21 340 327 30 90
214 22 311 321 30 79
214 29 508 99 17 43
214 31 574 109 16 41
214 30 562 106 18 41
214 32 190 98 21 41
214 33 186 101 22 41
214 34 344 69 16 35
214 37 131 51 15 33
214 38 67 50 13 31
214 50 344 57 12 27
214 51 145 40 11 26
214 52 136 38 12 28
215 1 304 267 27 76
215 2 278 279 29 72
215 3 263 265 22 76
215 4 31 64 18 41
215 5 86 107 26 43
215 6 375 94 22 40
215 7 375 94 22 42
215 8 251 64 15 35
215 9 245 64 13 35
215 10 231 67 15 35
215 11 522 95 16 36
215 12 537 94 17 42
215 13 430 145 25 53
215 14 446 181 23 58
215 15 499 223 27 70
215 16 517 224 27 66
215 17 493 236 29 75
215 18 478 248 30 76
215 19 441 244 34 77
215 20 463 176 24 59
215 21 342 327 30 90
215 22 317 320 25 79
215 29 507 99 17 43
215 31 573 109 15 40
215 30 561 106 18 40
215 32 189 98 20 39
215 33 186 101 21 39
215 34 347 69 15 34
215 37 131 51 15 32
215 38 67 50 13 31
215 50 344 57 12 27
215 51 145 40 11 26
215 52 136 38 12 28
216 1 304 267 27 76
216 2 278 279 29 72
216 3 263 265 22 76
216 4 30 64 18 42
216 5 84 107 29 43
216 6 375 94 22 40
216 7 374 94 22 42
216 8 251 64 15 35
216 9 246 64 12 37
216 10 231 67 15 35
216 11 525 95 14 36
216 12 538 94 17 42
216 13 429 145 25 53
216 14 445 180 23 58
216 15 498 223 27 70
216 16 514 224 29 64
216 17 492 235 29 75
216 18 477 247 30 76
216 19 440 243 35 78
216 20 462 176 24 58
216 21 343 326 34 91
216 22 318 320 25 79
216 29 507 99 17 43
216 31 572 109 15 40
216 30 559 106 19 40
216 32 188 98 18 41
216 33 188 101 18 39
216 34 348 69 15 34
216 37 132 52 16 31
216 38 67 50 13 30
216 50 344 57 12 27
216 51 143 39 12 26
216 52 136 38 12 28
217 1 304 267 27 76
217 2 277 279 29 72
217 3 263 266 22 76
217 4 30 64 19 42
217 5 84 107 29 43
217 6 375 94 22 40
217 7 374 94 22 42
217 8 251 64 15 35
217 9 246 64 12 37
217 10 231 67 15 35
217 11 525 95 14 36
217 12 538 94 17 42
217 13 429 148 25 51
217 14 445 180 23 59
217 15 498 223 27 70
217 16 514 224 29 64
217 17 492 235 29 75
217 18 477 247 30 76
217 19 439 243 34 76
217 20 462 176 24 58
217 21 343 326 34 91
217 22 318 320 25 79
217 29 504 100 20 42
217 31 572 109 15 41
217 30 559 106 19 41
217 32 188 98 18 41
217 33 188 101 18 39
217 34 348 69 15 34
217 37 132 52 16 31
217 38 67 50 13 30
217 50 344 57 12 27
217 51 143 39 12 26
217 52 137 38 12 27
218 1 309 265 25 78
218 2 278 279 27 72
218 3 263 266 22 76
218 4 30 63 18 41
218 5 83 107 29 43
218 6 376 93 22 41
218 7 375 94 22 42
218 8 251 64 15 35
218 9 246 64 12 37
218 10 231 67 15 35
218 11 525 95 14 36
218 12 538 94 17 42
218 13 428 148 25 51
218 14 446 179 22 60
218 15 497 222 26 69
218 16 513 224 28 66
218 17 491 235 27 77
218 18 476 246 30 77
218 19 439 242 34 75
218 20 462 177 22 52
218 21 344 326 39 91
218 22 320 319 29 80
218 29 502 100 21 42
218 31 570 109 16 41
218 30 558 106 19 41
218 32 187 98 15 41
218 33 186 99 17 42
218 34 348 69 15 34
218 37 133 53 16 30
218 38 67 50 12 30
218 50 343 54 13 30
218 51 143 39 12 26
218 52 136 38 12 28
219 1 307 265 27 78
219 2 278 279 27 72
219 3 263 266 22 76
219 4 30 63 18 40
219 5 81 106 28 44
219 6 377 93 22 41
219 7 375 94 22 42
219 8 251 64 15 36
219 9 246 64 12 37
219 10 230 67 15 35
219 11 525 95 14 36
219 12 540 94 17 41
219 13 428 148 24 50
219 14 445 178 22 61
219 15 496 222 26 67
219 16 512 224 28 66
219 17 490 234 26 77
219 18 474 244 31 75
219 19 438 241 32 74
219 20 460 175 23 57
219 21 342 326 46 91
219 22 318 319 32 80
219 29 502 100 23 44
219 31 570 109 16 41
219 30 557 106 19 41
219 32 186 98 15 41
219 33 185 99 17 42
219 34 349 69 15 34
219 37 133 53 15 29
219 38 67 50 12 29
219 50 343 54 13 30
219 51 143 39 12 27
219 52 136 38 11 27
220 1 307 265 27 78
220 2 277 279 27 72
220 3 263 266 22 76
220 4 30 63 18 41
220 5 80 107 30 44
220 6 377 93 20 41
220 7 376 93 22 41
220 8 250 64 15 35
220 9 245 64 12 37
220 10 230 67 15 35
220 11 525 95 14 36
220 12 539 94 17 42
220 13 426 147 27 53
220 14 438 178 28 58
220 15 495 222 27 69
220 16 511 223 27 66
220 17 489 234 26 76
220 18 473 243 30 75
220 19 438 240 32 73
220 20 459 175 23 57
220 21 343 326 46 90
220 22 319 319 32 80
220 29 501 100 23 41
220 31 569 109 16 41
220 30 556 106 19 41
220 32 183 98 20 41
220 33 184 99 20 42
220 34 349 69 15 34
220 37 133 53 17 32
220 38 67 50 12 29
220 50 343 54 13 30
220 51 143 39 12 27
220 52 137 38 12 28
221 1 307 265 27 78
221 2 277 279 27 72
221 3 263 266 22 76
221 4 30 63 18 41
221 5 79 107 30 44
221 6 378 93 20 41
221 7 376 93 22 43
221 8 250 64 15 35
221 9 245 64 12 37
221 10 230 67 15 35
221 11 525 95 14 36
221 12 542 94 18 41
221 13 425 147 27 53
221 14 437 178 28 58
221 15 494 221 27 70
221 16 510 223 27 65
221 17 488 232 26 77
221 18 472 242 30 76
221 19 437 239 32 73
221 20 458 174 23 57
221 21 345 325 46 91
221 22 321 318 35 81
221 29 500 100 23 41
221 31 567 109 15 41
221 30 558 106 14 42
221 32 182 98 20 41
221 33 183 99 20 42
221 34 350 70 15 34
221 37 133 53 17 32
221 38 65 50 13 28
221 50 343 54 13 30
221 51 143 39 12 26
221 52 135 38 11 27
222 1 307 265 27 78
222 2 277 279 27 72
222 3 263 266 22 76
222 4 29 63 18 41
222 5 80 107 27 44
222 6 378 93 20 41
222 7 380 93 17 41
222 8 251 64 15 36
222 9 245 64 12 37
222 10 229 67 15 35
222 11 525 95 15 34
222 12 542 94 18 42
222 13 424 148 27 52
222 14 436 178 28 58
222 15 491 220 28 70
222 16 509 221 26 62
222 17 487 232 24 71
222 18 468 242 33 74
222 19 436 238 32 73
222 20 457 173 21 57
222 21 344 325 45 88
222 22 322 317 35 82
222 29 499 100 23 41
222 31 566 109 15 41
222 30 557 106 14 42
222 32 182 98 20 41
222 33 183 99 20 42
222 34 351 69 16 34
222 37 134 53 17 32
222 38 65 50 13 28
222 50 343 54 13 30
222 51 142 39 12 27
222 52 135 38 11 27
223 1 307 265 27 79
223 2 277 279 27 72
223 3 263 266 22 76
223 4 29 63 18 41
223 5 80 107 27 44
223 6 378 93 20 41
223 7 380 93 17 41
223 8 250 64 15 36
223 9 245 64 12 37
223 10 229 67 15 35
223 11 525 95 15 34
223 12 542 94 18 43
223 13 424 148 27 52
223 14 434 178 30 58
223 15 491 220 28 70
223 16 509 221 26 62
223 17 487 232 24 71
223 18 468 242 33 74
223 19 436 238 31 72
223 20 457 173 21 57
223 21 344 325 45 88
223 22 322 317 35 82
223 29 499 100 23 41
223 31 567 109 14 38
223 30 557 106 14 42
223 32 180 98 21 41
223 33 181 99 22 42
223 34 351 69 16 34
223 37 134 53 17 32
223 38 65 50 13 28
223 50 343 54 13 30
223 51 143 39 12 26
223 52 135 38 11 27
224 1 309 265 27 79
224 2 277 278 27 73
224 3 263 265 22 76
224 4 29 63 18 41
224 5 79 107 27 44
224 6 381 93 17 41
224 7 381 93 17 41
224 8 250 63 15 36
224 9 244 63 13 37
224 10 229 66 15 36
224 11 525 95 15 34
224 12 544 94 17 42
224 13 423 148 27 50
224 14 433 178 30 58
224 15 490 219 28 71
224 16 508 220 24 62
224 17 486 231 24 71
224 18 467 242 33 74
224 19 436 238 31 72
224 20 456 172 21 58
224 21 345 325 45 88
224 22 323 316 37 83
224 29 501 100 20 40
224 31 565 109 15 40
224 30 557 106 14 42
224 32 179 98 21 41
224 33 180 99 22 42
224 34 351 69 16 34
224 37 134 54 17 32
224 38 65 50 13 28
224 50 344 54 12 30
224 51 142 39 12 24
224 52 134 38 11 28
225 1 307 265 27 78
225 2 275 278 27 73
225 3 263 265 22 76
225 4 29 63 18 41
225 5 78 106 24 45
225 6 382 93 17 41
225 7 382 93 17 41
225 8 250 63 15 36
225 9 244 63 13 37
225 10 229 66 15 35
225 11 525 95 15 34
225 12 545 94 17 42
225 13 422 148 27 50
225 14 431 177 31 58
225 15 488 220 28 70
225 16 507 219 24 63
225 17 485 230 23 70
225 18 466 241 33 75
225 19 435 238 31 72
225 20 455 172 21 58
225 21 347 323 46 90
225 22 324 315 37 83
225 29 500 100 20 40
225 31 564 109 15 41
225 30 556 106 14 42
225 32 178 98 21 41
225 33 179 99 22 42
225 34 352 69 16 34
225 37 135 53 17 33
225 38 65 49 13 28
225 50 344 54 12 30
225 51 142 39 12 24
225 52 134 38 11 28
226 1 307 265 27 78
226 2 275 278 27 73
226 3 263 265 22 76
226 4 29 63 18 39
226 5 77 105 22 45
226 6 383 93 17 40
226 7 383 93 17 40
226 8 250 63 15 36
226 9 243 63 13 37
226 10 229 66 15 35
226 11 525 95 15 34
226 12 545 94 17 42
226 13 421 145 24 50
226 14 430 177 31 58
226 15 487 219 28 70
226 16 505 218 24 63
226 17 484 229 23 70
226 18 465 240 33 74
226 19 429 237 37 72
226 20 454 171 21 58
226 21 350 322 40 90
226 22 327 314 32 82
226 29 500 100 20 40
226 31 563 109 15 40
226 30 557 108 12 40
226 32 177 99 21 40
226 33 178 99 22 42
226 34 353 69 16 34
226 37 136 54 17 32
226 38 65 49 13 28
226 50 344 54 12 30
226 51 142 39 12 24
226 52 134 38 11 28
227 1 307 265 27 78
227 2 274 278 27 73
227 3 263 265 22 76
227 4 29 63 18 39
227 5 76 105 18 46
227 6 383 93 18 41
227 7 384 93 16 41
227 8 249 63 15 36
227 9 243 63 13 38
227 10 229 65 15 35
227 11 525 95 15 35
227 12 544 94 19 42
227 13 420 146 24 49
227 14 429 177 31 58
227 15 485 218 28 66
227 16 504 218 27 64
227 17 483 229 23 71
227 18 464 240 33 74
227 19 428 237 36 71
227 20 454 170 21 58
227 21 351 321 40 88
227 22 328 313 33 83
227 29 499 100 16 40
227 31 562 109 15 40
227 30 553 109 16 39
227 32 176 97 21 42
227 33 177 99 22 42
227 34 353 69 17 36
227 37 135 52 18 34
227 38 65 49 13 29
227 50 344 54 12 30
227 51 141 39 12 24
227 52 134 38 11 28
228 1 306 265 27 78
228 2 277 277 28 74
228 3 263 265 22 76
228 4 29 62 18 40
228 5 75 105 18 46
228 6 384 93 20 39
228 7 385 93 19 41
228 8 249 63 15 36
228 9 243 62 13 38
228 10 228 65 14 34
228 11 525 95 15 34
228 12 544 94 19 42
228 13 419 144 24 50
228 14 432 176 27 58
228 15 484 217 27 66
228 16 503 218 27 64
228 17 478 228 26 72
228 18 462 240 32 73
228 19 428 237 36 69
228 20 452 171 21 57
228 21 353 320 39 89
228 22 332 312 30 82
228 29 498 100 16 40
228 31 562 109 15 40
228 30 553 109 16 38
228 32 175 97 21 43
228 33 176 99 22 42
228 34 355 70 15 35
228 37 136 52 18 36
228 38 65 49 13 29
228 50 344 54 12 30
228 51 141 39 12 24
228 52 134 38 11 28
229 1 306 265 27 78
229 2 275 277 29 74
229 3 263 265 22 76
229 4 27 62 19 40
229 5 75 105 18 46
229 6 384 93 20 39
229 7 385 93 19 41
229 8 249 63 15 36
229 9 243 62 13 37
229 10 228 65 14 34
229 11 525 95 15 34
229 12 544 94 19 41
229 13 419 144 24 50
229 14 432 176 27 58
229 15 484 217 27 66
229 16 502 217 26 64
229 17 478 228 26 72
229 18 463 241 31 70
229 19 428 237 36 73
229 20 452 170 21 57
229 21 353 320 39 89
229 22 332 312 30 82
229 29 495 100 19 40
229 31 562 109 15 39
229 30 553 109 16 38
229 32 175 97 22 43
229 33 176 99 22 43
229 34 355 70 15 35
229 37 136 52 18 36
229 38 65 49 13 29
229 50 345 56 12 30
229 51 141 39 12 24
229 52 134 38 11 28
230 1 305 265 28 78
230 2 275 277 29 74
230 3 263 265 22 76
230 4 27 62 17 39
230 5 73 105 21 46
230 6 385 93 20 39
230 7 386 93 19 41
230 8 249 63 15 35
230 9 243 62 13 37
230 10 228 65 14 34
230 11 525 95 15 34
230 12 545 94 20 42
230 13 419 144 23 49
230 14 430 176 28 58
230 15 483 216 27 66
230 16 500 217 27 64
230 17 477 227 26 73
230 18 461 240 31 72
230 19 427 237 36 73
230 20 451 171 21 56
230 21 358 319 39 89
230 22 334 312 30 79
230 29 494 100 19 40
230 31 560 109 16 40
230 30 552 109 16 38
230 32 172 97 23 44
230 33 174 98 23 44
230 34 356 70 15 35
230 37 136 51 20 37
230 38 65 46 14 31
230 50 345 56 12 30
230 51 140 39 12 24
230 52 133 38 11 25
231 1 305 265 28 78
231 2 275 277 29 74
231 3 263 265 23 77
231 4 27 62 17 37
231 5 73 105 20 44
231 6 385 93 20 39
231 7 388 93 18 41
231 8 249 63 15 35
231 9 242 62 13 37
231 10 228 65 14 34
231 11 525 95 15 34
231 12 545 94 20 41
231 13 418 145 23 46
231 14 432 175 24 55
231 15 481 216 27 66
231 16 499 217 27 64
231 17 476 227 26 73
231 18 463 238 29 74
231 19 429 236 32 73
231 20 450 170 20 56
231 21 359 319 39 89
231 22 335 312 30 79
231 29 494 100 19 40
231 31 559 109 16 40
231 30 551 109 16 38
231 32 172 97 22 42
231 33 174 98 22 43
231 34 356 70 15 35
231 37 139 52 17 36
231 38 65 46 14 29
231 50 345 56 12 30
231 51 140 39 12 25
231 52 133 38 11 25
232 1 305 265 28 78
232 2 274 277 27 74
232 3 263 265 22 76
232 4 27 62 17 38
232 5 68 105 24 44
232 6 386 93 21 39
232 7 388 93 18 41
232 8 248 63 15 35
232 9 242 62 13 36
232 10 227 65 14 34
232 11 525 95 15 34
232 12 548 94 20 40
232 13 413 145 26 48
232 14 430 174 25 55
232 15 480 216 26 64
232 16 495 216 30 65
232 17 474 226 24 70
232 18 462 237 29 74
232 19 428 235 32 73
232 20 448 170 23 57
232 21 362 318 41 88
232 22 341 311 26 80
232 29 493 100 19 41
232 31 558 109 16 40
232 30 550 109 16 38
232 32 171 97 22 43
232 33 173 98 20 43
232 34 357 70 15 36
232 37 139 52 17 36
232 38 65 46 14 29
232 50 345 56 12 30
232 51 140 39 12 25
232 52 133 38 12 26
233 1 305 265 28 78
233 2 274 277 27 74
233 3 263 265 22 76
233 4 26 62 17 38
233 5 67 105 24 44
233 6 388 93 20 39
233 7 388 93 18 39
233 8 248 63 15 35
233 9 241 62 13 36
233 10 227 65 14 34
233 11 525 95 15 34
233 12 548 94 20 40
233 13 412 145 26 47
233 14 429 174 24 55
233 15 479 216 27 65
233 16 494 216 30 65
233 17 473 226 28 71
233 18 461 236 29 73
233 19 427 235 32 73
233 20 447 170 23 57
233 21 363 318 41 88
233 22 342 311 26 80
233 29 492 100 19 40
233 31 557 109 15 40
233 30 548 109 17 38
233 32 170 97 22 43
233 33 171 98 21 43
233 34 357 70 15 35
233 37 140 52 17 36
233 38 65 46 14 29
233 50 345 56 12 30
233 51 140 38 13 25
233 52 132 38 12 27
234 1 305 265 28 78
234 2 274 277 27 74
234 3 263 265 22 76
234 4 26 62 18 40
234 5 66 105 27 44
234 6 388 93 20 39
234 7 389 93 18 39
234 8 248 62 15 35
234 9 242 62 12 36
234 10 227 65 14 34
234 11 526 95 15 34
234 12 547 94 20 41
234 13 411 145 25 49
234 14 428 174 24 55
234 15 478 215 26 63
234 16 492 215 31 64
234 17 472 225 27 71
234 18 460 235 28 71
234 19 426 234 31 70
234 20 446 169 23 57
234 21 364 317 44 91
234 22 343 310 29 82
234 29 492 100 19 41
234 31 556 110 15 39
234 30 547 109 17 39
234 32 169 97 23 43
234 33 169 98 21 43
234 34 358 70 17 35
234 37 140 52 17 37
234 38 65 46 14 29
234 50 345 56 12 30
234 51 139 38 12 24
234 52 132 38 12 27
235 1 305 265 28 78
235 2 274 277 27 74
235 3 263 265 22 76
235 4 26 62 18 39
235 5 66 105 27 44
235 6 388 93 20 39
235 7 389 93 18 39
235 8 248 62 15 35
235 9 242 62 12 36
235 10 227 65 14 34
235 11 526 95 15 34
235 12 552 94 20 41
235 13 411 145 25 49
235 14 428 174 24 55
235 15 478 215 26 63
235 16 492 215 31 64
235 17 472 225 27 71
235 18 460 235 28 71
235 19 427 234 31 70
235 20 446 169 23 57
235 21 364 317 44 91
235 22 343 310 29 82
235 29 492 100 19 41
235 31 556 110 15 39
235 30 547 109 17 39
235 32 169 97 23 43
235 33 169 98 21 43
235 34 358 70 17 35
235 37 140 53 16 35
235 38 65 46 14 29
235 50 345 56 12 30
235 51 139 38 12 24
235 52 132 38 12 27
236 1 305 265 28 78
236 2 273 277 27 74
236 3 263 265 22 76
236 4 26 62 17 37
236 5 65 105 27 45
236 6 389 93 20 39
236 7 389 93 18 39
236 8 247 62 15 36
236 9 242 62 12 36
236 10 226 65 14 34
236 11 526 95 15 34
236 12 551 94 20 41
236 13 410 145 25 49
236 14 427 173 24 55
236 15 475 215 26 64
236 16 491 215 31 64
236 17 471 225 27 70
236 18 459 234 28 71
236 19 425 233 31 70
236 20 445 169 23 57
236 21 365 317 44 91
236 22 344 310 33 81
236 29 491 100 20 41
236 31 555 111 14 38
236 30 546 109 17 39
236 32 168 97 23 43
236 33 168 98 21 43
236 34 359 70 17 35
236 37 140 52 19 38
236 38 65 46 14 29
236 50 345 56 12 30
236 51 138 39 12 23
236 52 132 37 11 25
237 1 305 265 28 78
237 2 273 277 27 74
237 3 263 265 22 76
237 4 26 62 17 37
237 5 64 105 27 44
237 6 390 94 18 38
237 7 390 93 18 39
237 8 247 62 15 35
237 9 241 62 12 36
237 10 226 65 14 34
237 11 526 95 15 34
237 12 550 94 19 42
237 13 409 145 25 49
237 14 427 173 24 55
237 15 475 215 26 69
237 16 490 214 30 63
237 17 470 224 26 69
237 18 458 233 28 72
237 19 425 231 30 72
237 20 443 168 23 57
237 21 366 316 44 91
237 22 344 310 35 82
237 29 489 100 19 40
237 31 554 110 15 38
237 30 545 109 16 39
237 32 168 97 22 43
237 33 168 98 16 43
237 34 359 70 17 35
237 37 140 52 19 38
237 38 65 46 14 29
237 50 345 56 12 30
237 51 138 39 12 23
237 52 132 38 11 26
238 1 305 265 28 78
238 2 273 277 26 74
238 3 263 265 22 76
238 4 26 62 17 37
238 5 61 105 29 45
238 6 389 93 20 40
238 7 390 93 18 40
238 8 246 62 16 37
238 9 241 62 12 35
238 10 225 64 14 35
238 11 526 95 15 34
238 12 554 94 20 38
238 13 408 144 25 50
238 14 426 173 24 56
238 15 474 214 26 69
238 16 488 214 30 64
238 17 469 223 27 68
238 18 457 233 28 72
238 19 424 230 30 72
238 20 442 167 23 57
238 21 369 316 43 90
238 22 343 310 38 82
238 29 488 100 22 39
238 31 554 110 15 38
238 30 545 109 16 39
238 32 167 97 22 43
238 33 167 98 16 43
238 34 360 70 17 35
238 37 141 52 19 38
238 38 65 46 13 28
238 50 345 56 12 30
238 51 138 39 12 24
238 52 132 38 11 25
239 1 305 265 28 78
239 2 273 277 26 74
239 3 263 265 22 76
239 4 25 61 17 37
239 5 61 105 28 44
239 6 392 92 17 41
239 7 390 92 18 40
239 8 246 62 15 36
239 9 241 62 12 36
239 10 225 64 14 35
239 11 526 95 15 34
239 12 554 94 20 38
239 13 407 144 25 50
239 14 425 173 24 56
239 15 473 214 26 69
239 16 489 213 27 62
239 17 468 222 27 67
239 18 456 232 28 72
239 19 424 230 30 71
239 20 441 166 22 58
239 21 370 316 43 89
239 22 344 310 38 82
239 29 487 100 22 39
239 31 553 110 15 38
239 30 544 110 15 38
239 32 166 97 22 43
239 33 167 98 16 43
239 34 361 70 17 35
239 37 141 53 19 38
239 38 65 46 14 29
239 50 345 56 12 30
239 51 137 39 11 24
239 52 132 37 11 25
240 1 305 265 28 78
240 2 273 277 26 74
240 3 263 265 22 76
240 4 25 61 16 34
240 5 61 106 25 44
240 6 393 92 17 41
240 7 393 92 19 39
240 8 245 62 16 36
240 9 240 62 12 36
240 10 225 64 14 35
240 11 526 95 15 34
240 12 553 94 21 41
240 13 409 143 22 48
240 14 423 173 24 56
240 15 472 213 26 70
240 16 488 212 27 62
240 17 467 221 27 68
240 18 456 232 28 72
240 19 423 229 30 71
240 20 440 165 22 58
240 21 371 316 43 89
240 22 344 309 41 83
240 29 487 100 22 39
240 31 552 110 15 38
240 30 544 109 14 39
240 32 165 97 22 44
240 33 165 98 19 44
240 34 362 71 17 35
240 37 142 53 19 38
240 38 65 46 13 28
240 50 345 56 12 30
240 51 137 39 11 23
240 52 132 37 11 25
241 1 305 265 28 78
241 2 273 277 26 74
241 3 263 265 22 76
241 4 25 61 16 34
241 5 61 106 25 44
241 6 393 92 15 41
241 7 393 92 16 41
241 8 246 62 15 34
241 9 240 62 12 36
241 10 225 64 14 35
241 11 526 95 15 34
241 12 553 94 21 41
241 13 409 143 22 48
241 14 423 173 24 56
241 15 471 212 27 73
241 16 488 212 27 62
241 17 467 221 27 68
241 18 456 232 28 72
241 19 423 229 30 71
241 20 440 165 22 58
241 21 371 316 43 89
241 22 344 309 41 83
241 29 487 100 22 39
241 31 552 110 15 39
241 30 544 109 14 39
241 32 165 98 22 43
241 33 165 98 19 44
241 34 362 71 17 35
241 37 142 53 17 37
241 38 65 46 13 28
241 50 345 56 12 30
241 51 137 39 13 25
241 52 132 37 11 25
242 1 305 265 28 78
242 2 273 277 26 74
242 3 263 265 22 76
242 4 25 61 17 35
242 5 60 106 25 45
242 6 394 92 15 41
242 7 394 92 16 41
242 8 246 62 15 34
242 9 240 62 12 35
242 10 224 64 14 34
242 11 526 95 15 34
242 12 553 94 21 42
242 13 408 142 22 48
242 14 422 172 24 56
242 15 471 212 26 70
242 16 489 211 25 62
242 17 465 220 28 67
242 18 455 231 28 72
242 19 423 229 30 72
242 20 439 165 22 58
242 21 373 315 43 89
242 22 345 308 39 81
242 29 488 100 20 39
242 31 551 110 15 39
242 30 543 109 14 39
242 32 164 98 22 44
242 33 164 98 19 44
242 34 363 71 17 35
242 37 142 53 17 37
242 38 65 46 13 28
242 50 345 56 12 30
242 51 137 39 11 23
242 52 132 37 11 25
243 1 305 265 28 78
243 2 273 277 26 74
243 3 263 265 22 76
243 4 25 61 16 34
243 5 59 105 20 44
243 6 394 92 15 41
243 7 394 92 16 41
243 8 246 62 15 33
243 9 239 62 12 36
243 10 224 64 14 34
243 11 526 95 15 34
243 12 556 94 23 42
243 13 407 142 22 49
243 14 421 172 23 56
243 15 470 211 26 70
243 16 488 210 25 62
243 17 464 219 28 67
243 18 454 231 28 72
243 19 422 229 30 72
243 20 438 165 22 57
243 21 373 314 41 90
243 22 346 307 39 81
243 29 487 100 20 39
243 31 550 110 13 38
243 30 542 109 15 38
243 32 162 98 23 44
243 33 163 98 19 44
243 34 365 71 14 35
243 37 142 53 18 39
243 38 65 46 13 28
243 50 345 56 12 30
243 51 137 39 11 23
243 52 132 37 11 25
244 1 305 265 28 78
244 2 273 277 26 74
244 3 263 265 22 76
244 4 25 61 16 34
244 5 58 105 20 45
244 6 395 92 15 41
244 7 395 92 17 41
244 8 245 62 15 34
244 9 238 62 13 36
244 10 224 64 14 34
244 11 526 95 15 34
244 12 556 94 23 43
244 13 407 141 23 49
244 14 420 172 22 55
244 15 468 210 27 66
244 16 487 209 23 64
244 17 463 218 28 68
244 18 452 231 26 66
244 19 420 228 30 72
244 20 437 165 22 58
244 21 374 314 41 90
244 22 349 307 38 79
244 29 486 100 18 40
244 31 548 110 13 38
244 30 541 109 15 38
244 32 162 98 22 43
244 33 162 98 19 45
244 34 365 71 14 35
244 37 143 53 17 37
244 38 65 46 14 29
244 50 345 56 12 30
244 51 137 39 12 26
244 52 130 37 12 25
245 1 307 266 26 78
245 2 273 277 26 74
245 3 263 265 22 76
245 4 24 61 17 35
245 5 57 105 20 44
245 6 396 92 16 41
245 7 395 92 17 40
245 8 245 62 15 34
245 9 238 62 13 36
245 10 223 64 14 34
245 11 526 95 15 34
245 12 557 94 25 43
245 13 406 141 23 49
245 14 420 171 24 58
245 15 467 209 27 66
245 16 486 208 23 65
245 17 462 218 29 68
245 18 452 230 28 71
245 19 420 228 31 72
245 20 436 165 21 56
245 21 375 313 41 91
245 22 351 307 36 78
245 29 485 100 18 40
245 31 548 110 13 38
245 30 536 109 20 38
245 32 161 97 23 44
245 33 160 98 18 44
245 34 366 71 14 34
245 37 143 53 17 37
245 38 64 43 14 28
245 50 345 56 12 30
245 51 137 39 12 26
245 52 130 37 12 25
246 1 307 266 26 78
246 2 273 277 26 74
246 3 263 265 22 76
246 4 24 61 17 35
246 5 52 108 25 39
246 6 396 92 20 41
246 7 396 92 20 41
246 8 244 62 15 34
246 9 238 62 13 36
246 10 223 64 14 34
246 11 526 95 15 34
246 12 558 94 25 43
246 13 406 140 24 50
246 14 418 170 22 52
246 15 466 209 27 66
246 16 485 208 23 65
246 17 461 217 28 67
246 18 451 229 28 71
246 19 419 227 30 71
246 20 435 164 22 57
246 21 381 312 36 88
246 22 353 307 36 77
246 29 483 100 19 40
246 31 547 110 13 38
246 30 535 109 20 38
246 32 159 97 22 44
246 33 160 97 18 45
246 34 367 71 14 35
246 37 145 53 17 36
246 38 235 15 20 11
246 38 64 43 14 27
246 50 345 56 12 30
246 51 137 39 12 27
246 52 130 37 12 25
247 1 307 266 26 78
247 2 273 277 26 74
247 3 263 265 22 76
247 4 24 61 17 35
247 5 52 108 25 39
247 6 396 92 20 41
247 7 396 92 20 41
247 8 244 62 15 35
247 9 238 62 13 36
247 10 223 64 14 34
247 11 526 95 15 34
247 12 558 96 24 41
247 13 406 140 24 50
247 14 418 170 23 56
247 15 466 209 27 66
247 16 485 208 23 65
247 17 461 217 28 67
247 18 451 229 28 71
247 19 419 227 30 71
247 20 433 164 24 57
247 21 381 312 36 88
247 22 353 307 36 77
247 29 483 100 19 40
247 31 547 110 13 38
247 30 535 109 20 38
247 32 160 97 22 44
247 33 158 97 19 46
247 34 367 71 14 35
247 37 145 53 17 36
247 38 235 15 20 11
247 38 64 43 14 27
247 50 345 56 12 30
247 51 137 39 12 27
247 52 130 37 12 25
248 1 307 266 26 78
248 2 273 277 24 74
248 3 263 265 22 76
248 4 24 61 17 35
248 5 51 108 26 42
248 6 397 92 20 41
248 7 397 92 20 41
248 8 244 62 15 34
248 9 237 62 13 36
248 10 223 64 14 34
248 11 526 95 15 34
248 12 558 94 25 44
248 13 405 140 24 50
248 14 417 169 23 56
248 15 465 209 27 65
248 16 482 207 25 66
248 17 460 217 28 71
248 18 449 229 27 70
248 19 418 227 30 71
248 20 432 164 24 57
248 21 382 311 36 88
248 22 357 306 32 76
248 29 483 100 21 40
248 31 546 110 13 38
248 30 534 109 20 38
248 32 159 97 19 43
248 33 160 97 18 44
248 34 368 71 14 35
248 37 146 53 17 36
248 38 235 15 20 11
248 38 64 43 14 27
248 50 345 56 12 30
248 51 136 38 13 28
248 52 130 37 12 25
249 1 307 266 26 78
249 2 273 277 24 74
249 3 263 265 22 76
249 4 23 61 17 36
249 5 50 108 26 42
249 6 397 92 20 41
249 7 397 92 20 41
249 8 243 62 15 34
249 9 237 61 13 36
249 10 223 64 14 34
249 11 526 95 15 34
249 12 562 96 21 41
249 13 405 140 25 49
249 14 416 168 23 56
249 15 464 208 26 67
249 16 481 207 25 66
249 17 459 216 25 71
249 18 449 228 26 68
249 19 417 226 30 70
249 20 431 163 24 57
249 21 385 311 33 85
249 22 361 305 29 77
249 29 482 100 21 40
249 31 545 110 13 38
249 30 533 109 20 38
249 32 158 97 19 43
249 33 159 97 18 44
249 34 369 72 14 35
249 37 146 54 17 35
249 38 235 15 20 11
249 38 64 43 12 26
249 50 345 56 12 30
249 51 136 39 12 27
249 52 129 37 13 26
250 1 307 266 26 78
250 2 273 277 24 74
250 3 263 265 22 76
250 4 23 60 17 35
250 5 49 109 26 42
250 6 398 92 20 41
250 7 398 92 20 41
250 8 243 62 15 34
250 9 237 62 13 35
250 10 222 64 14 33
250 11 526 95 15 34
250 12 562 96 21 41
250 13 404 140 25 49
250 14 415 168 22 54
250 15 463 208 26 67
250 16 480 206 25 66
250 17 458 215 25 73
250 18 448 227 26 68
250 19 417 225 29 70
250 20 430 163 25 58
250 21 386 310 33 86
250 22 362 305 29 77
250 29 479 100 23 40
250 31 544 110 13 38
250 30 532 109 20 38
250 32 157 97 19 43
250 33 158 97 18 44
250 34 369 73 16 32
250 37 147 54 16 35
250 38 235 15 20 11
250 38 64 43 12 26
250 50 345 56 12 30
250 51 136 37 12 29
250 52 129 37 13 26
251 1 307 266 26 78
251 2 273 277 24 74
251 3 263 265 22 76
251 4 23 60 17 35
251 5 46 108 30 42
251 6 399 92 20 41
251 7 399 92 20 41
251 8 243 61 15 35
251 9 236 61 14 34
251 10 222 64 14 34
251 11 526 95 15 34
251 12 567 95 17 41
251 13 404 140 25 49
251 14 412 168 25 55
251 15 462 208 25 65
251 16 479 206 25 65
251 17 457 214 25 73
251 18 447 226 26 69
251 19 416 224 29 70
251 20 428 162 24 56
251 21 387 310 33 85
251 22 366 304 26 77
251 29 478 100 22 40
251 31 542 110 16 39
251 30 531 109 20 38
251 32 157 97 19 45
251 33 156 97 19 44
251 34 370 73 16 32
251 37 147 54 16 35
251 38 235 15 20 11
251 38 64 43 14 28
251 50 345 56 12 30
251 51 136 37 12 29
251 52 129 37 13 26
252 1 307 266 26 78
252 2 273 278 24 73
252 3 263 265 22 76
252 4 21 58 17 36
252 5 45 108 30 42
252 6 399 92 20 41
252 7 399 92 20 41
252 8 243 61 15 34
252 9 236 61 14 34
252 10 220 63 15 33
252 11 526 95 15 34
252 12 568 95 17 41
252 13 403 140 25 49
252 14 409 168 27 55
252 15 463 207 24 69
252 16 478 206 24 65
252 17 456 214 25 72
252 18 446 225 26 69
252 19 415 222 29 70
252 20 427 162 24 57
252 21 388 310 33 84
252 22 367 304 26 77
252 29 477 100 22 40
252 31 541 110 16 39
252 30 530 109 19 38
252 32 156 97 19 45
252 33 155 97 19 44
252 34 370 73 16 32
252 37 148 54 16 35
252 38 235 15 20 11
252 38 64 43 14 28
252 50 345 56 12 30
252 51 136 37 12 29
252 52 128 36 13 27
253 1 307 266 26 78
253 2 273 278 24 73
253 3 263 265 23 76
253 4 21 58 17 36
253 5 45 108 30 43
253 6 399 92 20 41
253 7 399 92 20 41
253 8 242 61 15 34
253 9 236 61 14 34
253 10 220 63 15 33
253 11 526 95 15 34
253 12 568 95 17 41
253 13 403 140 25 49
253 14 409 168 27 55
253 15 463 207 24 69
253 16 478 206 24 65
253 17 456 214 25 72
253 18 446 225 26 69
253 19 416 223 29 69
253 20 428 162 24 57
253 21 388 309 33 85
253 22 367 304 26 77
253 29 477 100 22 40
253 31 541 110 16 39
253 30 532 109 17 39
253 32 156 97 19 45
253 33 155 97 19 44
253 34 370 73 16 32
253 37 148 54 16 35
253 38 235 15 20 11
253 38 62 43 14 26
253 50 345 56 12 30
253 51 136 37 12 29
253 52 128 36 13 27
254 1 307 266 26 78
254 2 273 278 24 73
254 3 263 265 23 76
254 4 21 58 17 36
254 5 42 108 31 42
254 6 398 93 20 39
254 7 398 92 21 41
254 8 242 61 15 34
254 9 235 61 14 34
254 10 220 63 15 33
254 11 526 95 15 34
254 12 568 95 17 42
254 13 402 139 25 49
254 14 408 168 27 55
254 15 462 207 24 69
254 16 477 206 24 65
254 17 453 213 27 70
254 18 442 224 27 68
254 19 415 222 29 69
254 20 427 161 24 56
254 21 390 309 33 85
254 22 368 303 26 78
254 29 477 100 22 40
254 31 540 110 16 39
254 30 531 109 17 40
254 32 156 97 19 45
254 33 155 97 19 44
254 34 371 73 16 32
254 37 148 54 16 36
254 38 235 15 20 11
254 38 62 43 14 26
254 50 345 56 12 30
254 51 135 37 11 29
254 52 128 36 13 27
255 1 307 266 26 78
255 2 274 278 24 73
255 3 263 265 23 76
255 4 21 58 17 36
255 5 40 108 32 43
255 6 399 93 20 39
255 7 399 92 21 41
255 8 241 61 15 34
255 9 235 61 14 34
255 10 220 63 15 33
255 11 526 95 15 34
255 12 569 95 17 42
255 13 401 139 25 49
255 14 407 168 26 54
255 15 461 206 24 69
255 16 474 205 24 64
255 17 452 212 27 70
255 18 444 224 27 69
255 19 413 221 30 70
255 20 426 161 24 56
255 21 390 309 37 88
255 22 370 303 26 77
255 29 476 100 22 41
255 31 539 110 16 40
255 30 531 109 17 40
255 32 152 97 21 45
255 33 152 98 20 43
255 34 372 73 16 32
255 37 149 54 17 36
255 38 235 15 20 11
255 38 62 43 14 26
255 50 345 56 12 30
255 51 135 37 11 29
255 52 128 36 13 26
256 1 307 266 26 78
256 2 274 279 24 75
256 3 263 265 23 76
256 4 20 58 17 36
256 5 39 108 27 42
256 6 399 93 20 39
256 7 399 92 21 41
256 8 241 61 15 35
256 9 235 61 14 34
256 10 220 63 15 33
256 11 526 95 15 34
256 12 569 95 19 43
256 13 400 138 26 51
256 14 406 168 27 54
256 15 460 205 24 69
256 16 473 203 25 67
256 17 451 212 26 63
256 18 437 223 33 69
256 19 414 221 28 69
256 20 427 160 21 56
256 21 391 309 37 87
256 22 369 303 32 79
256 29 475 100 22 41
256 31 538 110 16 39
256 30 532 109 15 40
256 32 151 97 21 45
256 33 151 98 20 43
256 34 373 74 16 33
256 37 150 55 16 35
256 38 235 15 20 11
256 38 62 43 14 26
256 50 345 56 12 30
256 51 135 37 11 29
256 52 128 36 13 26
257 1 307 266 26 78
257 2 274 279 24 75
257 3 263 265 23 76
257 4 20 59 17 36
257 5 38 108 27 42
257 6 400 93 18 38
257 7 400 92 21 41
257 8 241 61 15 34
257 9 234 61 14 34
257 10 219 63 15 33
257 11 526 95 15 34
257 12 570 95 19 43
257 13 398 137 23 49
257 14 407 167 25 54
257 15 458 205 24 69
257 16 472 203 26 64
257 17 450 211 26 63
257 18 436 223 33 69
257 19 407 221 33 69
257 20 426 159 21 56
257 21 391 309 41 87
257 22 370 303 32 79
257 29 473 100 22 40
257 31 536 110 17 38
257 30 531 109 15 40
257 32 149 97 26 45
257 33 149 98 24 43
257 34 374 73 16 33
257 37 150 53 17 37
257 38 235 15 20 11
257 38 62 43 14 26
257 50 345 56 12 31
257 51 134 37 12 29
257 52 128 36 13 26
258 1 306 266 27 78
258 2 274 280 24 75
258 3 263 265 23 76
258 4 20 58 17 36
258 5 37 108 20 42
258 6 401 93 18 38
258 7 402 92 18 41
258 8 241 61 15 34
258 9 234 61 14 34
258 10 219 63 15 33
258 11 526 95 15 34
258 12 570 95 19 43
258 13 397 137 23 49
258 14 406 167 25 54
258 15 457 204 25 71
258 16 471 202 26 65
258 17 448 211 27 64
258 18 435 222 33 68
258 19 406 221 33 69
258 20 423 159 23 57
258 21 392 309 41 87
258 22 372 302 33 79
258 29 477 100 19 41
258 31 535 109 17 38
258 30 531 109 15 40
258 32 148 97 26 45
258 33 148 98 24 43
258 34 375 74 16 32
258 37 151 53 16 36
258 38 235 15 20 11
258 38 62 43 14 26
258 50 345 56 12 31
258 51 134 37 11 27
258 52 128 36 12 26
259 1 306 266 27 78
259 2 274 280 24 75
259 3 263 265 23 76
259 4 20 58 17 36
259 5 37 108 20 42
259 6 403 93 17 40
259 7 402 92 18 41
259 8 241 61 15 34
259 9 234 61 14 34
259 10 219 63 15 33
259 11 526 95 15 34
259 12 570 95 23 42
259 13 397 137 23 49
259 14 406 167 25 54
259 15 457 204 25 71
259 16 471 202 26 65
259 17 449 211 26 66
259 18 435 223 33 68
259 19 406 221 33 69
259 20 423 159 23 57
259 21 392 309 40 87
259 22 369 302 36 80
259 29 477 100 19 41
259 31 535 109 17 38
259 30 531 109 15 40
259 32 148 97 26 45
259 33 148 98 24 43
259 34 376 71 14 35
259 37 151 53 16 36
259 38 235 15 20 11
259 38 62 43 14 26
259 50 345 56 12 31
259 51 134 37 11 27
259 52 128 36 12 26
260 1 304 266 29 78
260 2 275 280 24 74
260 3 263 265 22 76
260 4 20 58 17 36
260 5 36 108 20 43
260 6 404 93 17 40
260 7 403 92 18 41
260 8 241 61 15 32
260 9 234 61 14 34
260 10 219 63 14 32
260 11 526 95 15 34
260 12 571 95 23 42
260 13 397 137 23 48
260 14 405 166 25 54
260 15 456 205 25 67
260 16 470 201 26 65
260 17 448 210 26 66
260 18 434 222 33 69
260 19 405 221 33 69
260 20 422 159 23 57
260 21 393 309 40 87
260 22 370 301 36 80
260 29 476 100 19 41
260 31 535 109 13 42
260 30 529 109 15 40
260 32 147 97 26 46
260 33 147 98 24 43
260 34 377 71 14 35
260 37 152 55 15 32
260 38 235 15 20 11
260 38 62 43 14 25
260 50 345 56 12 31
260 51 134 37 11 27
260 52 128 36 12 26
261 1 304 266 29 78
261 2 275 280 24 74
261 3 263 265 23 76
261 4 19 58 16 35
261 5 33 108 24 43
261 6 404 93 17 40
261 7 403 92 18 41
261 8 240 61 15 32
261 9 234 60 13 35
261 10 218 63 14 32
261 11 526 95 15 34
261 12 571 95 23 42
261 13 396 137 21 47
261 14 405 166 23 51
261 15 455 204 25 67
261 16 469 200 27 65
261 17 446 210 25 68
261 18 432 222 33 68
261 19 404 221 32 68
261 20 421 159 23 57
261 21 392 308 43 85
261 22 372 304 36 78
261 29 476 100 19 41
261 31 534 109 13 42
261 30 529 109 15 39
261 32 146 97 24 46
261 33 145 98 25 46
261 34 378 71 14 35
261 37 155 56 12 27
261 38 235 15 20 11
261 38 62 43 14 26
261 50 345 56 12 31
261 51 134 37 11 27
261 52 127 36 12 26
262 1 304 265 29 79
262 2 275 280 24 74
262 3 263 265 22 76
262 4 19 57 16 34
262 5 32 108 24 43
262 6 405 93 18 39
262 7 404 92 18 41
262 8 240 61 15 32
262 9 234 60 13 35
262 10 218 63 14 32
262 11 526 95 15 34
262 12 573 96 23 42
262 13 396 137 21 46
262 14 406 165 21 52
262 15 454 204 24 68
262 16 468 200 26 65
262 17 445 209 25 68
262 18 434 225 30 69
262 19 403 221 32 66
262 20 420 158 22 57
262 21 393 307 40 86
262 22 373 303 34 78
262 29 475 100 16 41
262 31 532 109 15 42
262 30 525 109 19 40
262 32 145 97 24 46
262 33 144 98 25 46
262 34 378 71 14 35
262 37 155 56 12 27
262 38 235 15 20 11
262 38 62 43 14 26
262 50 345 56 12 31
262 51 133 37 11 27
262 52 127 36 12 26
263 1 303 265 29 79
263 2 275 280 24 74
263 3 263 265 22 76
263 4 19 57 16 35
263 5 31 108 24 43
263 6 406 93 20 39
263 7 405 92 18 41
263 8 240 60 15 32
263 9 234 60 11 34
263 10 218 63 15 33
263 11 526 95 15 34
263 12 573 96 23 42
263 13 392 137 24 45
263 14 405 164 21 52
263 15 452 203 24 64
263 16 467 200 26 64
263 17 443 209 25 68
263 18 433 224 30 69
263 19 402 220 32 66
263 20 419 158 22 56
263 21 394 306 40 87
263 22 374 302 35 76
263 29 474 100 16 41
263 31 532 109 15 41
263 30 525 109 19 39
263 32 144 97 22 48
263 33 143 98 24 47
263 34 378 73 16 35
263 37 154 56 15 31
263 38 235 15 20 11
263 38 59 43 14 27
263 50 345 56 12 31
263 51 133 37 11 27
263 52 126 36 13 26
264 1 303 265 30 79
264 2 275 281 24 74
264 3 264 265 23 76
264 4 19 57 16 35
264 5 29 109 26 41
264 6 407 93 20 39
264 7 405 92 22 41
264 8 239 60 15 32
264 9 234 60 11 34
264 10 217 63 15 33
264 11 526 95 15 34
264 12 574 95 23 42
264 13 391 137 24 44
264 14 405 163 19 54
264 15 451 203 24 63
264 16 461 199 31 65
264 17 441 209 26 67
264 18 432 223 29 65
264 19 401 219 32 68
264 20 418 158 22 56
264 21 397 302 40 86
264 22 380 301 30 77
264 29 473 100 16 41
264 31 531 109 15 41
264 30 524 109 17 40
264 32 143 97 22 45
264 33 142 98 24 46
264 34 379 73 16 35
264 37 155 56 15 31
264 38 235 15 20 11
264 38 59 43 14 27
264 50 345 56 12 31
264 51 133 37 11 28
264 52 126 36 13 27
265 1 303 265 27 79
265 2 275 281 24 74
265 3 264 265 22 76
265 4 19 57 16 35
265 5 29 109 26 41
265 6 407 93 20 39
265 7 408 92 19 41
265 8 239 60 14 32
265 9 233 60 12 33
265 10 217 62 15 33
265 11 526 95 15 34
265 12 574 95 23 43
265 13 391 137 24 45
265 14 405 163 19 54
265 15 451 203 24 63
265 16 461 199 31 65
265 17 441 209 26 67
265 18 432 223 29 65
265 19 401 219 32 68
265 20 418 158 22 56
265 21 397 302 40 86
265 22 380 301 30 77
265 29 471 100 18 41
265 31 530 110 15 40
265 30 520 110 21 39
265 32 143 97 22 45
265 33 142 98 24 46
265 34 379 73 16 35
265 37 155 56 15 31
265 38 235 15 20 11
265 38 59 43 14 26
265 50 345 56 12 31
265 51 133 37 11 28
265 52 126 36 13 27
266 1 303 265 27 79
266 2 275 281 24 74
266 3 264 265 22 76
266 4 19 57 16 35
266 5 28 109 26 41
266 6 408 93 20 38
266 7 408 92 20 41
266 8 239 60 15 32
266 9 233 60 12 33
266 10 217 62 15 33
266 11 526 95 15 34
266 12 574 95 23 43
266 13 391 137 24 44
266 14 404 163 19 53
266 15 450 202 25 66
266 16 460 199 31 65
266 17 440 208 25 66
266 18 431 222 29 65
266 19 400 218 32 68
266 20 416 156 22 58
266 21 398 301 40 87
266 22 381 300 29 75
266 29 470 100 18 41
266 31 529 110 15 40
266 30 520 110 21 39
266 32 142 97 22 45
266 33 141 98 24 46
266 34 379 73 16 35
266 37 155 56 15 31
266 38 235 15 20 11
266 38 59 43 14 27
266 50 345 56 12 31
266 51 132 37 11 28
266 52 126 36 13 27
267 1 303 265 27 79
267 2 275 281 24 74
267 3 264 265 22 76
267 4 18 57 16 35
267 5 27 110 26 40
267 6 407 93 20 39
267 7 407 92 20 41
267 8 238 60 15 32
267 9 232 60 12 33
267 10 216 62 15 33
267 11 526 95 15 34
267 12 579 95 23 42
267 13 390 137 24 45
267 14 403 162 19 54
267 15 449 202 25 66
267 16 459 198 31 65
267 17 443 208 23 67
267 18 430 221 29 66
267 19 399 217 33 66
267 20 417 157 20 56
267 21 404 304 36 83
267 22 385 298 29 77
267 29 470 100 18 41
267 31 529 110 15 40
267 30 519 110 21 39
267 32 142 97 22 45
267 33 140 98 24 46
267 34 380 73 17 35
267 37 156 57 15 31
267 38 235 15 20 11
267 38 59 43 14 26
267 50 345 56 12 31
267 51 132 37 11 28
267 52 125 36 13 27
268 1 302 264 27 79
268 2 275 281 24 74
268 3 264 265 22 76
268 4 18 57 16 35
268 5 24 110 27 41
268 6 408 95 21 37
268 7 408 92 20 41
268 8 238 60 15 32
268 9 232 60 12 33
268 10 216 62 15 33
268 11 526 95 15 34
268 12 580 95 23 43
268 13 388 136 24 45
268 14 403 162 19 54
268 15 448 201 24 67
268 16 458 198 31 65
268 17 441 208 24 67
268 18 429 221 29 64
268 19 401 216 30 66
268 20 416 157 20 55
268 21 405 300 41 87
268 22 386 297 28 78
268 29 468 100 20 40
268 31 528 111 15 39
268 30 518 111 21 39
268 32 140 97 22 45
268 33 139 98 19 46
268 34 381 73 17 36
268 37 156 57 16 35
268 38 235 15 20 11
268 38 59 43 14 26
268 50 345 56 12 31
268 51 132 36 12 28
268 52 125 36 12 27
269 1 302 264 27 80
269 2 276 281 23 73
269 3 264 265 22 76
269 4 18 57 16 35
269 5 22 110 26 42
269 6 409 93 21 40
269 7 408 92 20 41
269 8 237 60 15 33
269 9 232 60 12 33
269 10 216 62 15 33
269 11 526 95 15 34
269 12 581 96 22 41
269 13 390 133 21 48
269 14 400 162 21 54
269 15 447 201 24 67
269 16 456 198 31 64
269 17 440 207 24 67
269 18 428 220 29 64
269 19 400 215 30 66
269 20 415 156 20 56
269 21 406 299 41 87
269 22 387 296 28 78
269 29 467 100 20 40
269 31 527 110 15 40
269 30 519 107 20 42
269 32 139 97 22 44
269 33 138 98 19 46
269 34 381 74 18 36
269 37 157 57 16 35
269 38 235 15 20 11
269 38 59 43 14 26
269 50 345 56 12 31
269 51 130 37 12 27
269 52 125 36 12 27
270 1 302 264 27 80
270 2 276 281 23 73
270 3 264 265 22 76
270 4 17 57 17 36
270 5 21 110 31 43
270 6 409 94 20 37
270 7 409 92 20 41
270 8 237 59 14 34
270 9 231 60 12 33
270 10 216 62 15 33
270 11 526 95 15 34
270 12 583 96 21 40
270 13 389 133 21 48
270 14 399 162 21 54
270 15 446 200 24 67
270 16 458 198 28 64
270 17 439 206 24 67
270 18 427 220 29 64
270 19 399 215 28 67
270 20 414 155 20 56
270 21 407 299 44 88
270 22 388 296 28 79
270 29 466 100 20 40
270 31 526 110 15 39
270 30 518 108 20 41
270 32 138 98 22 44
270 33 137 98 19 46
270 34 382 74 18 36
270 37 157 57 16 35
270 38 235 15 20 11
270 38 59 42 14 26
270 50 345 56 12 31
270 51 130 35 12 28
270 52 125 36 12 27
271 1 302 264 27 80
271 2 276 281 23 73
271 3 264 265 22 76
271 4 18 57 17 36
271 5 21 110 31 43
271 6 410 92 19 40
271 7 409 92 20 41
271 8 237 59 14 34
271 9 231 60 12 32
271 10 216 62 15 33
271 11 526 95 15 34
271 12 583 96 21 40
271 13 389 133 21 48
271 14 399 162 21 54
271 15 446 200 24 67
271 16 458 198 28 64
271 17 438 206 23 64
271 18 427 220 29 64
271 19 399 215 28 67
271 20 414 155 20 56
271 21 407 299 44 88
271 22 388 296 28 79
271 29 466 100 20 40
271 31 526 110 15 39
271 30 518 108 20 41
271 32 138 98 21 43
271 33 137 98 20 46
271 34 382 74 18 36
271 37 157 57 16 35
271 38 235 15 20 11
271 38 59 42 14 26
271 50 345 56 12 31
271 51 130 35 12 28
271 52 125 36 12 27
272 1 302 264 27 80
272 2 275 281 23 73
272 3 264 265 22 76
272 4 16 56 18 36
272 5 20 109 31 44
272 6 410 94 20 38
272 7 409 92 20 41
272 8 237 59 14 34
272 9 231 60 12 32
272 10 215 60 15 34
272 11 526 95 15 34
272 12 584 96 21 40
272 13 388 132 21 49
272 14 398 161 21 54
272 15 445 200 24 67
272 16 457 198 28 64
272 17 437 205 23 64
272 18 426 219 29 64
272 19 398 215 28 67
272 20 414 155 20 56
272 21 408 299 44 88
272 22 389 296 28 78
272 29 466 100 20 40
272 31 525 110 15 40
272 30 517 108 21 42
272 32 137 98 21 43
272 33 136 98 20 46
272 34 385 74 15 37
272 37 157 57 16 35
272 38 235 15 20 11
272 38 59 42 14 26
272 50 345 56 12 31
272 51 130 37 12 27
272 52 125 36 12 27
273 1 302 264 27 79
273 2 277 280 23 73
273 3 264 265 22 76
273 4 16 56 18 36
273 5 22 108 29 45
273 6 411 94 20 38
273 7 410 92 20 41
273 8 236 59 14 34
273 9 230 60 12 32
273 10 215 61 15 34
273 11 526 95 15 34
273 12 584 96 21 40
273 13 388 133 21 47
273 14 397 161 21 55
273 15 444 199 24 66
273 16 458 197 25 62
273 17 436 205 22 64
273 18 425 219 29 64
273 19 397 214 28 67
273 20 413 155 20 56
273 21 409 298 44 88
273 22 391 295 32 78
273 29 465 100 20 40
273 31 524 111 15 39
273 30 518 106 18 43
273 32 136 98 26 43
273 33 135 98 22 46
273 34 386 74 15 37
273 37 158 57 16 36
273 38 235 15 20 11
273 38 59 42 14 26
273 50 345 56 12 31
273 51 130 37 12 27
273 52 124 36 12 27
274 1 302 263 27 80
274 2 277 280 23 73
274 3 264 265 22 76
274 4 16 55 16 36
274 5 21 108 29 46
274 6 411 93 18 38
274 7 411 92 20 41
274 8 236 59 14 34
274 9 230 60 12 33
274 10 215 61 15 34
274 11 526 95 15 34
274 12 585 97 21 40
274 13 387 132 21 47
274 14 396 160 21 55
274 15 443 199 24 66
274 16 457 196 25 63
274 17 435 204 22 64
274 18 424 218 29 64
274 19 396 214 28 68
274 20 412 155 20 56
274 21 412 298 43 89
274 22 392 295 32 78
274 29 464 100 20 41
274 31 521 110 15 40
274 30 517 106 18 43
274 32 135 98 26 43
274 33 134 98 22 46
274 34 386 74 15 37
274 37 159 56 17 36
274 38 235 15 20 11
274 38 59 42 14 27
274 50 345 56 12 31
274 51 130 37 12 27
274 52 124 36 12 27
275 1 301 263 28 81
275 2 277 280 23 73
275 3 264 265 22 76
275 4 16 56 16 35
275 5 20 108 23 43
275 6 410 93 21 38
275 7 411 92 20 41
275 8 237 59 14 31
275 9 230 60 12 33
275 10 215 61 15 34
275 11 526 95 15 34
275 12 584 97 25 41
275 13 387 132 21 47
275 14 396 160 20 54
275 15 442 198 24 67
275 16 456 195 25 62
275 17 432 204 24 64
275 18 421 218 30 66
275 19 394 214 28 68
275 20 411 155 20 55
275 21 413 298 43 89
275 22 392 294 35 80
275 29 463 100 20 39
275 31 520 110 15 40
275 30 516 107 18 42
275 32 134 98 26 44
275 33 133 97 22 47
275 34 387 74 16 35
275 37 160 56 17 36
275 38 235 15 20 11
275 38 59 42 14 27
275 50 345 56 12 31
275 51 130 35 12 28
275 52 124 36 12 27
276 1 301 263 28 81
276 2 277 280 23 73
276 3 264 265 22 76
276 4 15 55 16 35
276 5 18 108 24 43
276 6 412 93 18 38
276 7 412 92 20 41
276 8 237 59 14 31
276 9 229 59 14 33
276 10 214 61 15 34
276 11 526 95 15 34
276 12 585 97 25 41
276 13 385 132 23 49
276 14 395 159 20 55
276 15 441 197 24 67
276 16 455 195 24 62
276 17 431 203 24 65
276 18 422 218 29 64
276 19 393 213 28 68
276 20 410 155 20 56
276 21 414 297 43 89
276 22 393 294 35 80
276 29 460 101 21 39
276 31 520 111 15 40
276 30 513 107 18 41
276 32 133 97 24 45
276 33 132 97 22 48
276 34 388 74 16 35
276 37 160 57 17 35
276 38 235 15 20 11
276 38 59 42 14 27
276 50 345 56 12 31
276 51 130 35 12 28
276 52 123 36 12 27
277 1 301 263 28 81
277 2 277 280 23 73
277 3 264 265 22 76
277 4 15 55 16 35
277 5 18 108 24 43
277 6 412 93 18 38
277 7 412 92 20 41
277 8 237 59 14 31
277 9 229 59 14 33
277 10 214 61 15 34
277 11 526 95 15 34
277 12 585 97 25 41
277 13 385 132 23 49
277 14 395 159 20 53
277 15 441 197 24 65
277 16 457 195 22 62
277 17 431 203 24 65
277 18 421 218 27 62
277 19 393 213 28 68
277 20 410 155 20 56
277 21 414 297 43 89
277 22 391 294 35 81
277 29 464 100 17 40
277 31 520 111 15 40
277 30 513 107 18 41
277 32 133 97 24 45
277 33 132 97 22 48
277 34 388 74 16 35
277 37 160 57 17 35
277 38 235 15 20 11
277 38 59 42 14 28
277 50 345 56 12 31
277 51 130 35 12 28
277 52 123 36 12 27
278 1 301 263 28 81
278 2 275 280 25 73
278 3 264 265 23 76
278 4 15 55 16 35
278 5 15 108 26 43
278 6 413 93 18 38
278 7 412 92 20 41
278 8 236 59 14 31
278 9 229 59 14 33
278 10 214 61 14 33
278 11 526 95 15 34
278 12 587 97 24 41
278 13 384 132 23 48
278 14 395 158 19 52
278 15 440 196 24 65
278 16 456 194 22 62
278 17 430 203 24 64
278 18 421 217 28 63
278 19 392 213 28 68
278 20 409 154 20 56
278 21 414 297 43 90
278 22 392 293 35 82
278 29 463 100 16 40
278 31 519 111 15 40
278 30 512 107 18 41
278 32 132 97 23 45
278 33 130 96 27 46
278 34 388 74 16 35
278 37 161 57 16 35
278 38 235 15 20 11
278 38 58 42 14 28
278 50 345 56 12 31
278 51 130 37 12 27
278 52 123 36 12 27
279 1 301 262 28 82
279 2 275 280 25 73
279 3 264 265 22 76
279 4 15 55 16 36
279 5 14 108 25 43
279 6 413 93 18 38
279 7 413 92 20 41
279 8 236 59 14 31
279 9 228 59 14 33
279 10 214 61 14 33
279 11 526 95 15 34
279 12 588 98 24 41
279 13 384 132 22 48
279 14 394 157 19 53
279 15 439 195 24 66
279 16 455 194 24 64
279 17 429 202 24 65
279 18 419 217 28 62
279 19 391 213 28 67
279 20 407 154 19 54
279 21 415 297 43 90
279 22 393 292 36 82
279 29 461 101 17 39
279 31 519 111 15 39
279 30 509 107 20 41
279 32 130 97 24 45
279 33 129 96 27 46
279 34 388 74 16 35
279 37 161 57 17 37
279 38 235 15 20 11
279 38 56 41 13 26
279 50 345 56 12 31
279 51 130 37 12 27
279 52 123 36 12 27
280 1 301 262 28 81
280 2 275 280 25 73
280 3 264 265 22 76
280 4 15 56 16 35
280 5 9 109 29 43
280 6 417 93 15 38
280 7 414 92 20 40
280 8 236 58 14 31
280 9 228 57 14 34
280 10 213 60 14 33
280 11 526 95 15 34
280 12 589 98 23 40
280 13 384 132 23 47
280 14 393 157 20 53
280 15 437 195 26 66
280 16 454 194 23 64
280 17 428 202 23 67
280 18 419 215 28 64
280 19 390 212 28 67
280 20 406 154 19 53
280 21 416 296 43 91
280 22 394 292 34 79
280 29 460 101 17 39
280 31 518 111 14 37
280 30 508 107 20 41
280 32 129 97 22 45
280 33 129 96 22 46
280 34 390 75 17 35
280 37 161 58 17 35
280 38 235 15 20 11
280 38 56 41 13 26
280 50 345 56 12 31
280 51 130 37 12 27
280 52 122 36 12 27
281 1 300 263 28 81
281 2 275 280 27 73
281 3 264 265 22 76
281 4 15 55 16 36
281 5 8 109 29 43
281 6 418 93 15 38
281 7 417 92 17 41
281 8 235 58 14 32
281 9 227 57 14 35
281 10 213 60 15 34
281 11 526 95 15 34
281 12 592 98 22 41
281 13 383 132 23 47
281 14 392 157 20 53
281 15 437 195 25 66
281 16 453 194 23 64
281 17 427 201 23 67
281 18 417 215 27 63
281 19 389 211 28 67
281 20 406 153 19 54
281 21 419 295 40 88
281 22 395 291 34 79
281 29 460 101 17 39
281 31 517 111 14 37
281 30 507 107 20 41
281 32 130 97 20 45
281 33 130 96 20 46
281 34 391 75 17 35
281 37 163 57 17 37
281 38 235 15 20 11
281 38 56 41 13 26
281 50 345 56 12 31
281 51 128 35 13 28
281 52 122 36 12 28
282 1 301 263 28 81
282 2 275 280 27 73
282 3 264 265 22 76
282 4 14 55 17 36
282 5 7 110 29 41
282 6 418 93 17 38
282 7 418 92 17 41
282 8 235 58 14 32
282 9 228 57 13 35
282 10 213 60 14 31
282 11 526 95 15 34
282 12 593 97 23 42
282 13 382 132 23 47
282 14 389 156 22 53
282 15 436 195 25 66
282 16 451 193 25 64
282 17 426 201 23 67
282 18 416 214 27 63
282 19 389 210 27 65
282 20 405 153 19 53
282 21 420 294 40 89
282 22 398 291 33 77
282 29 456 101 20 40
282 31 516 111 14 37
282 30 505 107 21 41
282 32 129 97 20 45
282 33 129 96 20 46
282 34 391 75 17 35
282 37 163 57 17 37
282 38 235 15 20 11
282 38 56 41 13 26
282 50 345 56 12 30
282 51 128 35 13 28
282 52 122 36 12 28
283 1 301 263 28 81
283 2 275 280 27 73
283 3 264 265 22 76
283 4 14 55 17 36
283 5 7 110 32 42
283 6 418 93 17 38
283 7 418 92 17 41
283 8 235 58 14 32
283 9 227 57 14 35
283 10 213 60 14 31
283 11 526 95 15 34
283 12 593 97 23 42
283 13 382 132 23 47
283 14 389 156 22 53
283 15 436 195 25 66
283 16 451 193 25 64
283 17 426 201 24 68
283 18 417 214 27 63
283 19 389 210 27 66
283 20 405 153 19 53
283 21 420 294 40 89
283 22 398 291 33 77
283 29 456 101 20 40
283 31 516 111 15 38
283 30 505 107 21 41
283 32 129 97 20 45
283 33 129 96 17 45
283 34 391 75 17 35
283 37 163 57 17 37
283 38 235 15 20 11
283 38 56 41 13 26
283 50 345 56 12 30
283 51 128 35 13 28
283 52 122 36 12 28
284 1 300 263 28 81
284 2 275 280 27 73
284 3 264 265 22 76
284 4 14 54 17 36
284 5 8 110 30 42
284 6 419 93 17 38
284 7 418 92 17 41
284 8 235 58 14 31
284 9 227 57 14 35
284 10 213 60 14 31
284 11 526 95 15 34
284 12 597 95 19 44
284 13 381 131 23 47
284 14 388 156 22 53
284 15 435 194 26 65
284 16 450 193 25 64
284 17 425 200 24 68
284 18 416 213 28 66
284 19 388 209 27 66
284 20 404 152 19 54
284 21 423 294 35 86
284 22 400 291 33 75
284 29 455 101 20 40
284 31 515 111 18 39
284 30 505 107 21 41
284 32 129 97 20 45
284 33 128 96 17 45
284 34 392 75 17 35
284 37 165 58 17 36
284 38 235 15 20 11
284 38 56 41 13 26
284 50 345 56 12 30
284 51 128 35 13 28
284 52 121 36 13 28
285 1 300 263 28 81
285 2 274 280 27 73
285 3 264 265 22 76
285 4 14 54 17 37
285 5 7 110 30 42
285 6 418 93 20 38
285 7 418 92 20 41
285 8 235 58 14 31
285 9 226 57 14 35
285 10 212 60 14 31
285 11 527 95 15 34
285 12 598 95 19 44
285 13 380 131 23 47
285 14 385 156 24 53
285 15 432 194 27 65
285 16 450 192 25 64
285 17 424 200 24 68
285 18 415 212 28 66
285 19 387 208 28 66
285 20 403 151 19 53
285 21 424 293 35 85
285 22 400 289 34 78
285 29 453 101 21 40
285 31 514 111 18 39
285 30 504 107 21 41
285 32 127 97 20 44
285 33 127 96 17 45
285 34 394 76 17 34
285 37 165 58 17 36
285 38 235 15 20 11
285 38 56 41 13 28
285 50 345 56 12 30
285 51 128 35 13 28
285 52 121 36 13 28
286 1 299 263 28 81
286 2 274 279 25 74
286 3 264 265 22 76
286 4 14 52 17 38
286 5 4 110 31 41
286 6 419 93 20 38
286 7 419 92 20 41
286 8 234 58 12 30
286 9 226 57 14 35
286 10 212 60 14 31
286 11 527 95 15 34
286 12 598 95 20 44
286 13 379 131 23 47
286 14 384 156 24 53
286 15 431 194 27 65
286 16 448 192 23 64
286 17 423 199 25 65
286 18 414 212 27 65
286 19 385 208 27 65
286 20 403 151 19 53
286 21 427 293 33 82
286 22 407 288 28 78
286 29 452 101 21 40
286 31 513 111 18 39
286 30 503 107 21 41
286 32 126 97 20 44
286 33 126 96 17 45
286 34 395 76 16 34
286 37 166 57 17 36
286 38 235 15 20 11
286 38 56 41 13 26
286 50 345 56 12 30
286 51 127 35 13 28
286 52 120 36 13 28
287 1 299 263 28 81
287 2 274 279 25 74
287 3 264 265 22 76
287 4 14 52 17 38
287 5 7 108 25 42
287 6 419 93 20 38
287 7 419 92 20 41
287 8 234 58 12 30
287 9 226 57 14 35
287 10 212 60 14 30
287 11 527 95 15 34
287 12 599 95 20 44
287 13 378 130 23 48
287 14 384 156 24 53
287 15 430 193 27 65
287 16 447 192 23 64
287 17 422 199 25 65
287 18 413 212 27 65
287 19 383 208 29 64
287 20 402 151 19 52
287 21 428 292 33 82
287 22 408 287 28 78
287 29 451 101 21 41
287 31 512 111 18 39
287 30 503 107 21 41
287 32 125 98 20 44
287 33 124 96 17 45
287 34 396 74 17 36
287 37 166 57 17 37
287 38 235 15 20 11
287 38 56 39 12 27
287 50 346 56 12 30
287 51 127 35 13 28
287 52 120 36 13 28
288 1 299 263 28 81
288 2 274 278 25 75
288 3 264 265 23 76
288 4 14 52 17 38
288 5 6 108 22 42
288 6 418 93 21 38
288 7 418 92 22 41
288 8 232 58 14 32
288 9 226 57 14 35
288 10 212 60 14 31
288 11 528 93 15 37
288 12 599 95 21 44
288 13 378 129 20 45
288 14 383 156 24 53
288 15 429 193 27 66
288 16 446 191 23 64
288 17 421 198 24 65
288 18 409 211 30 63
288 19 382 208 29 64
288 20 398 151 22 53
288 21 429 292 33 83
288 22 409 287 28 78
288 29 450 101 21 40
288 31 511 111 18 38
288 30 502 107 21 41
288 32 125 98 23 45
288 33 123 96 19 45
288 34 396 74 16 38
288 37 167 57 17 36
288 38 235 15 20 11
288 38 56 39 12 27
288 50 346 56 12 30
288 51 127 35 13 28
288 52 120 36 13 28
289 1 300 263 27 80
289 2 274 278 25 75
289 3 264 265 22 76
289 4 14 52 17 36
289 5 6 108 22 42
289 6 418 93 21 38
289 7 418 92 22 41
289 8 232 58 14 32
289 9 225 56 15 36
289 10 212 60 14 31
289 11 528 93 15 37
289 12 599 95 21 44
289 13 378 129 20 45
289 14 383 156 24 53
289 15 429 193 27 65
289 16 446 191 23 65
289 17 421 198 24 66
289 18 409 211 30 63
289 19 378 208 33 64
289 20 398 151 22 53
289 21 429 292 33 83
289 22 409 287 28 78
289 29 450 101 21 40
289 31 511 111 18 38
289 30 502 107 21 41
289 32 125 98 23 45
289 33 123 96 19 45
289 34 396 74 16 38
289 37 167 57 17 40
289 38 235 15 20 11
289 38 56 39 12 27
289 50 346 56 12 30
289 51 127 35 13 28
289 52 120 36 13 28
290 1 300 263 28 81
290 2 273 278 25 75
290 3 264 265 22 76
290 4 14 52 17 38
290 5 4 108 23 43
290 6 419 93 21 38
290 7 419 92 22 41
290 8 232 58 14 32
290 9 225 56 15 36
290 10 212 60 14 31
290 11 528 93 15 37
290 12 600 95 21 44
290 13 377 129 20 45
290 14 384 155 22 53
290 15 428 192 27 65
290 16 445 190 23 61
290 17 422 197 22 64
290 18 408 211 30 63
290 19 375 208 35 64
290 20 397 151 22 53
290 21 430 292 33 83
290 22 410 286 28 78
290 29 449 101 21 40
290 31 509 111 17 37
290 30 507 107 16 41
290 32 124 98 23 45
290 33 122 96 19 45
290 34 397 74 16 38
290 37 168 57 17 40
290 38 235 15 20 11
290 38 56 39 12 27
290 50 346 56 12 30
290 51 126 36 13 26
290 52 120 36 13 28
291 1 300 263 27 80
291 2 273 278 25 75
291 3 264 265 23 76
291 4 14 54 17 36
291 5 3 108 19 43
291 6 419 93 21 38
291 7 419 92 22 41
291 8 231 58 14 32
291 9 224 56 14 36
291 10 211 60 14 31
291 11 529 93 16 37
291 12 598 95 23 44
291 13 377 129 20 44
291 14 383 155 22 53
291 15 427 191 27 65
291 16 444 192 24 58
291 17 421 196 22 64
291 18 407 210 30 63
291 19 374 208 35 63
291 20 396 151 22 53
291 21 430 291 33 84
291 22 411 286 28 79
291 29 448 100 21 40
291 31 507 111 18 37
291 30 505 107 16 42
291 32 123 98 23 45
291 33 121 96 19 45
291 34 397 74 16 38
291 37 168 57 17 40
291 38 235 15 20 11
291 38 56 39 12 27
291 50 346 56 12 30
291 51 126 36 13 26
291 52 120 36 13 28
292 1 300 264 27 80
292 2 273 278 25 75
292 3 264 265 23 76
292 4 14 54 17 36
292 5 1 108 19 43
292 6 420 93 21 38
292 7 420 93 21 40
292 8 231 58 14 32
292 9 224 56 14 36
292 10 211 60 14 31
292 11 529 93 16 37
292 12 599 95 23 44
292 13 376 129 19 45
292 14 382 154 22 53
292 15 426 191 27 66
292 16 443 191 24 59
292 17 420 196 22 65
292 18 406 210 30 64
292 19 373 208 34 63
292 20 395 151 22 52
292 21 431 291 39 85
292 22 412 286 28 78
292 29 447 101 21 40
292 31 511 111 13 39
292 30 503 107 14 41
292 32 122 98 22 43
292 33 120 96 21 47
292 34 398 76 17 35
292 37 169 58 17 40
292 38 235 15 20 11
292 38 56 39 12 27
292 50 346 56 12 30
292 51 126 36 13 26
292 52 120 36 13 28
293 1 299 264 27 78
293 2 273 278 25 75
293 3 264 265 23 76
293 4 13 52 17 36
293 5 1 108 24 41
293 6 421 93 21 38
293 7 420 92 22 40
293 8 230 58 14 32
293 9 223 56 14 36
293 10 211 59 14 31
293 11 528 93 17 37
293 12 600 96 24 44
293 13 372 129 22 44
293 14 383 154 19 50
293 15 428 190 24 66
293 16 442 190 24 59
293 17 419 195 23 66
293 18 406 210 29 64
293 19 374 208 33 64
293 20 394 150 22 54
293 21 432 291 39 85
293 22 414 286 28 77
293 29 448 100 19 41
293 31 510 111 13 39
293 30 502 107 14 41
293 32 121 98 22 43
293 33 119 96 21 47
293 34 399 75 17 36
293 37 170 58 17 40
293 38 235 15 20 11
293 38 56 39 12 27
293 50 346 56 12 30
293 51 126 36 13 26
293 52 119 36 12 28
294 1 298 264 27 80
294 2 272 276 26 77
294 3 264 265 23 76
294 4 13 52 17 37
294 5 -2 107 26 42
294 6 422 93 19 38
294 7 422 92 20 41
294 8 231 56 13 31
294 9 223 55 14 36
294 10 210 59 14 30
294 11 528 93 17 37
294 12 601 95 24 44
294 13 371 129 22 43
294 14 382 153 19 50
294 15 427 189 24 66
294 16 441 190 24 58
294 17 417 195 23 66
294 18 403 209 31 65
294 19 373 208 33 64
294 20 393 150 22 53
294 21 431 290 41 86
294 22 410 285 33 80
294 29 447 100 19 41
294 31 509 111 12 39
294 30 501 107 14 41
294 32 120 98 22 43
294 33 118 96 21 47
294 34 400 75 17 36
294 37 172 58 16 40
294 38 235 15 20 11
294 38 56 39 12 27
294 50 346 56 12 30
294 51 126 36 13 26
294 52 119 36 12 28
295 1 300 264 27 79
295 2 273 278 25 75
295 3 264 265 23 76
295 4 13 52 17 37
295 5 -2 107 26 42
295 6 422 93 19 38
295 7 422 92 20 41
295 8 231 56 13 31
295 9 224 55 13 36
295 10 210 59 14 30
295 11 528 93 17 37
295 12 601 96 24 43
295 13 371 129 22 43
295 14 382 153 19 50
295 15 427 189 24 66
295 16 441 190 24 58
295 17 417 195 23 66
295 18 405 209 29 65
295 19 373 208 33 64
295 20 393 149 22 54
295 21 431 290 41 86
295 22 410 285 33 80
295 29 447 100 19 41
295 31 509 111 12 39
295 30 499 107 16 41
295 32 118 98 21 44
295 33 118 96 21 47
295 34 400 75 17 36
295 37 172 58 16 40
295 38 235 15 20 11
295 38 56 39 13 28
295 50 346 56 12 30
295 51 126 36 12 27
295 52 119 36 12 28
296 1 300 264 27 80
296 2 273 278 25 75
296 3 264 265 23 76
296 4 13 51 17 37
296 5 -3 107 25 42
296 6 423 93 19 38
296 7 423 92 20 41
296 8 231 56 13 31
296 9 224 55 13 36
296 10 210 59 14 30
296 11 529 93 17 37
296 12 603 96 22 43
296 13 371 129 21 43
296 14 381 153 19 51
296 15 426 189 23 63
296 16 441 190 24 58
296 17 416 194 22 65
296 18 404 208 29 66
296 19 371 207 33 64
296 20 391 149 22 54
296 21 432 290 41 86
296 22 411 284 33 80
296 29 446 100 19 41
296 31 510 111 13 39
296 30 498 107 16 41
296 32 117 98 21 44
296 33 117 96 21 48
296 34 400 75 18 36
296 37 174 59 15 37
296 38 235 15 20 11
296 38 56 39 12 27
296 50 346 56 12 30
296 51 126 36 12 27
296 52 119 36 12 28
297 1 300 264 27 79
297 2 273 278 25 77
297 3 264 265 23 76
297 4 13 51 17 36
297 5 -4 107 25 42
297 6 427 93 16 39
297 7 429 92 14 41
297 8 230 56 13 32
297 9 223 55 13 36
297 10 210 59 14 30
297 11 529 93 17 37
297 12 605 96 23 43
297 13 370 129 21 43
297 14 380 153 19 51
297 15 425 189 23 63
297 16 438 190 25 57
297 17 415 194 24 66
297 18 403 207 30 66
297 19 370 206 33 63
297 20 390 148 23 56
297 21 433 289 39 87
297 22 412 284 33 81
297 29 445 100 19 41
297 31 506 112 15 38
297 30 495 107 19 40
297 32 117 98 21 44
297 33 115 96 22 45
297 34 401 75 18 36
297 37 173 59 16 40
297 38 235 15 20 11
297 38 56 39 13 28
297 50 346 56 12 30
297 51 126 36 12 27
297 52 119 36 12 28
298 1 300 264 27 79
298 2 273 278 25 77
298 3 264 265 23 76
298 4 13 51 17 36
298 5 -5 107 25 42
298 6 428 93 16 39
298 7 430 92 14 41
298 8 230 56 13 32
298 9 223 55 13 36
298 10 210 59 14 30
298 11 529 93 17 37
298 12 611 96 17 43
298 13 369 129 21 43
298 14 380 153 19 51
298 15 424 188 22 63
298 16 436 190 26 57
298 17 414 193 24 66
298 18 402 206 27 64
298 19 372 204 28 63
298 20 390 148 22 53
298 21 434 288 39 87
298 22 415 283 31 78
298 29 444 100 19 41
298 31 505 112 15 38
298 30 494 107 19 40
298 32 114 98 22 44
298 33 114 96 22 45
298 34 401 75 18 37
298 37 174 58 16 40
298 38 235 15 20 11
298 38 56 39 13 28
298 50 346 56 12 30
298 51 126 36 12 27
298 52 118 36 12 28
299 1 298 264 27 80
299 2 273 278 25 77
299 3 264 265 23 77
299 4 11 51 18 36
299 5 -7 107 26 43
299 6 428 93 16 39
299 7 430 92 14 41
299 8 230 56 13 32
299 9 223 55 13 36
299 10 210 59 14 30
299 11 531 93 16 37
299 12 612 96 17 43
299 13 368 128 21 43
299 14 380 152 18 53
299 15 423 188 22 63
299 16 433 190 28 57
299 17 413 193 24 66
299 18 401 205 27 64
299 19 371 203 28 63
299 20 389 149 22 50
299 21 435 288 39 88
299 22 416 282 31 78
299 29 442 100 19 42
299 31 502 112 18 39
299 30 493 107 19 41
299 32 111 98 21 44
299 33 114 96 22 45
299 34 402 75 18 36
299 37 175 58 16 40
299 38 235 15 20 11
299 38 56 39 13 28
299 50 346 56 12 30
299 51 124 36 13 27
299 52 118 36 12 28
300 1 301 265 27 79
300 2 273 278 25 77
300 3 264 265 23 77
300 4 11 51 18 37
300 5 -8 107 27 43
300 6 430 93 15 39
300 7 431 92 14 41
300 8 229 56 13 32
300 9 222 55 13 36
300 10 210 59 13 28
300 11 528 96 21 34
300 12 613 95 18 44
300 13 367 128 22 44
300 14 377 151 18 53
300 15 422 188 22 63
300 16 432 190 28 57
300 17 412 192 24 66
300 18 400 204 27 65
300 19 370 203 28 64
300 20 388 149 22 50
300 21 436 287 38 85
300 22 420 282 28 74
300 29 443 100 19 42
300 31 501 112 18 39
300 30 492 107 20 41
300 32 110 98 20 44
300 33 112 96 23 48
300 34 404 75 17 36
300 37 176 58 16 41
300 38 235 15 20 11
300 38 55 39 12 27
300 50 346 56 12 30
300 51 124 36 13 27
300 52 118 36 12 28
301 1 299 264 27 79
301 2 273 278 25 77
301 3 264 265 23 77
301 4 11 51 18 37
301 5 -8 107 27 43
301 6 430 93 15 39
301 7 431 92 14 41
301 8 230 59 12 29
301 9 222 57 13 34
301 10 209 59 15 30
301 11 528 96 21 34
301 12 613 95 18 43
301 13 369 128 20 44
301 14 377 151 18 53
301 15 421 188 22 63
301 16 432 190 28 57
301 17 412 192 25 69
301 18 400 204 27 65
301 19 370 203 28 63
301 20 388 149 22 50
301 21 436 287 38 85
301 22 420 282 28 74
301 29 443 100 19 42
301 31 501 112 18 39
301 30 492 107 19 41
301 32 110 98 20 44
301 33 112 96 23 48
301 34 404 75 17 36
301 37 176 58 16 41
301 38 235 15 20 11
301 38 56 39 13 28
301 50 346 56 12 30
301 51 124 36 13 27
301 52 118 36 12 28
302 1 299 264 27 79
302 2 273 278 25 77
302 3 264 265 23 77
302 4 11 51 18 37
302 5 -8 107 24 44
302 6 430 93 15 39
302 7 431 92 14 41
302 8 229 56 13 32
302 9 222 57 13 34
302 10 209 59 15 30
302 11 528 96 21 34
302 12 613 95 18 44
302 13 368 128 20 44
302 14 376 151 19 53
302 15 421 188 22 63
302 16 433 190 26 57
302 17 411 192 25 69
302 18 400 204 27 64
302 19 369 202 29 64
302 20 388 148 22 49
302 21 437 286 38 86
302 22 421 281 28 75
302 29 442 100 19 42
302 31 500 112 18 39
302 30 492 107 20 42
302 32 117 99 21 38
302 33 112 97 20 46
302 34 405 75 17 36
302 37 176 58 16 40
302 38 235 15 20 11
302 38 55 39 14 30
302 50 346 56 12 30
302 51 124 36 13 27
302 52 118 36 12 28
303 1 298 264 27 80
303 2 273 278 25 77
303 3 264 265 23 77
303 4 11 51 18 36
303 5 -9 107 23 44
303 6 430 93 17 39
303 7 429 92 19 41
303 8 228 56 13 32
303 9 221 57 13 34
303 10 209 59 15 29
303 11 529 96 21 34
303 12 614 97 18 45
303 13 367 127 20 45
303 14 376 151 19 53
303 15 420 188 22 63
303 16 432 190 26 57
303 17 410 191 25 69
303 18 399 204 25 64
303 19 369 202 28 64
303 20 389 148 20 49
303 21 440 286 37 81
303 22 421 280 28 75
303 29 441 100 19 42
303 31 499 112 18 39
303 30 493 106 18 41
303 32 117 99 21 38
303 33 111 97 19 46
303 34 408 75 15 36
303 37 177 59 16 39
303 38 235 15 20 11
303 38 56 39 14 30
303 50 346 56 12 30
303 51 124 36 13 27
303 52 116 36 13 27
304 1 300 265 26 76
304 2 273 278 25 77
304 3 264 265 23 76
304 4 11 51 18 36
304 5 -10 106 21 46
304 6 430 93 21 39
304 7 429 92 24 41
304 8 228 56 13 32
304 9 221 57 13 34
304 10 208 59 15 31
304 11 530 96 21 34
304 12 615 96 18 46
304 13 366 126 21 45
304 14 375 151 19 53
304 15 419 187 22 63
304 16 431 189 26 56
304 17 409 191 25 62
304 18 398 204 25 64
304 19 366 201 28 63
304 20 388 148 20 48
304 21 442 284 37 82
304 22 423 280 28 74
304 29 440 100 19 42
304 31 497 111 19 41
304 30 492 106 18 41
304 32 116 100 21 37
304 33 112 99 18 44
304 34 409 75 15 36
304 37 178 59 16 39
304 38 235 15 20 11
304 38 56 39 14 30
304 50 346 56 12 30
304 51 124 36 13 27
304 52 116 36 13 27
305 1 300 265 26 76
305 2 273 278 25 77
305 3 264 265 23 77
305 4 11 51 18 37
305 5 -11 106 21 46
305 6 430 93 21 39
305 7 429 92 24 41
305 8 228 55 13 32
305 9 220 56 14 36
305 10 208 59 15 31
305 11 529 96 21 34
305 12 616 96 18 46
305 13 366 126 21 45
305 14 374 150 19 53
305 15 418 187 22 63
305 16 430 189 26 57
305 17 408 190 25 63
305 18 397 204 25 65
305 19 365 201 28 63
305 20 385 148 22 48
305 21 445 284 37 81
305 22 424 279 28 75
305 29 438 100 19 43
305 31 497 111 18 39
305 30 493 106 17 42
305 32 111 100 21 36
305 33 112 100 18 42
305 34 409 75 15 36
305 37 178 59 16 39
305 38 235 15 20 11
305 38 56 39 14 30
305 50 346 56 12 30
305 51 124 36 13 26
305 52 116 36 13 26
306 1 299 265 27 78
306 2 273 278 25 77
306 3 264 265 23 77
306 4 11 50 17 36
306 5 -14 106 23 43
306 6 431 93 21 39
306 7 430 92 24 41
306 8 227 55 13 32
306 9 219 56 14 33
306 10 207 59 15 31
306 11 532 96 20 34
306 12 613 99 22 42
306 13 365 125 21 46
306 14 374 150 19 52
306 15 417 186 22 62
306 16 429 188 26 57
306 17 407 190 23 63
306 18 396 204 25 64
306 19 362 201 30 65
306 20 384 148 22 48
306 21 450 283 35 85
306 22 425 279 28 74
306 29 438 100 19 42
306 31 495 111 18 39
306 30 492 106 17 42
306 32 109 101 23 35
306 33 106 101 23 40
306 34 410 76 15 36
306 37 179 60 16 39
306 38 235 15 20 11
306 38 56 39 14 30
306 50 346 56 12 30
306 51 124 36 13 26
306 52 116 36 13 26
307 1 298 265 27 80
307 2 273 278 25 77
307 3 264 265 23 78
307 4 11 50 17 36
307 5 -14 106 23 43
307 6 431 93 21 39
307 7 430 92 24 41
307 8 227 55 13 32
307 9 220 56 13 33
307 10 207 59 15 31
307 11 532 96 20 34
307 12 613 99 22 42
307 13 365 125 21 46
307 14 374 150 18 51
307 15 417 186 22 62
307 16 429 188 26 53
307 17 407 190 23 63
307 18 396 204 25 64
307 19 362 201 30 65
307 20 384 148 22 48
307 21 450 283 35 85
307 22 425 280 28 73
307 23 640 185 18 57
307 29 438 100 19 42
307 31 495 111 18 39
307 30 492 106 17 42
307 32 109 101 23 35
307 33 106 101 23 40
307 34 409 76 16 36
307 37 179 60 17 36
307 38 235 15 20 11
307 38 56 39 14 30
307 50 346 56 12 30
307 51 124 36 13 26
307 52 116 36 13 26
308 1 299 265 27 78
308 2 274 278 24 77
308 3 264 265 23 77
308 4 11 50 17 35
308 5 -15 106 22 43
308 6 432 93 21 39
308 7 431 92 23 41
308 8 228 55 14 33
308 9 220 56 13 33
308 10 208 58 14 32
308 11 534 95 18 35
308 12 614 99 22 42
308 13 364 125 21 46
308 14 372 149 19 53
308 15 419 186 19 62
308 16 428 187 26 53
308 17 406 189 23 63
308 18 395 204 25 64
308 19 361 200 30 66
308 20 383 147 22 48
308 21 451 283 35 85
308 22 423 279 31 74
308 23 639 185 21 57
308 29 437 101 17 42
308 31 495 111 17 37
308 30 492 106 17 42
308 32 109 102 23 34
308 33 106 102 23 39
308 34 410 76 16 36
308 37 180 60 17 35
308 38 235 15 20 11
308 38 56 39 14 30
308 50 346 56 12 30
308 51 123 36 13 26
308 52 116 36 12 25
309 1 299 266 27 79
309 2 274 278 24 77
309 3 264 265 23 77
309 4 11 50 17 35
309 5 -16 106 22 42
309 6 432 93 21 39
309 7 431 92 23 41
309 8 228 55 14 33
309 9 219 55 13 34
309 10 208 58 14 32
309 11 535 95 18 35
309 12 614 99 22 42
309 13 363 125 22 45
309 14 371 149 18 50
309 15 418 185 19 63
309 16 429 187 24 53
309 17 405 189 23 64
309 18 394 203 25 64
309 19 363 200 26 65
309 20 383 147 22 49
309 21 453 282 35 84
309 22 424 279 31 74
309 23 637 184 22 57
309 29 437 101 17 42
309 31 494 111 18 40
309 30 491 106 17 42
309 32 107 101 23 35
309 33 105 101 23 40
309 34 411 76 16 36
309 37 181 61 17 35
309 38 235 15 20 11
309 38 57 41 14 29
309 50 346 56 12 30
309 51 122 36 12 27
309 52 116 36 12 25
310 1 299 266 27 78
310 2 274 278 24 77
310 3 264 265 23 77
310 4 11 50 17 34
310 5 -21 106 28 45
310 6 434 93 21 39
310 7 434 92 20 41
310 8 227 55 13 30
310 9 219 55 13 33
310 10 207 57 14 33
310 11 535 95 18 35
310 12 616 100 23 42
310 13 362 125 22 44
310 14 370 148 18 51
310 15 417 184 20 64
310 16 428 186 24 53
310 17 406 188 21 64
310 18 392 202 25 64
310 19 362 200 26 65
310 20 382 147 22 49
310 21 452 282 39 85
310 22 425 278 36 74
310 23 640 183 23 57
310 29 436 101 17 41
310 31 493 111 18 39
310 30 489 106 17 42
310 32 104 101 23 40
310 33 104 101 23 39
310 34 411 76 16 36
310 37 181 61 17 36
310 38 235 15 20 11
310 38 56 39 14 31
310 50 346 56 12 30
310 51 122 36 12 27
310 52 115 36 12 25
311 1 301 266 27 78
311 2 274 278 24 77
311 3 264 265 23 77
311 4 11 50 17 35
311 5 -22 106 28 45
311 6 434 93 19 39
311 7 434 92 20 41
311 8 226 54 14 30
311 9 218 55 13 33
311 10 207 57 14 33
311 11 536 95 18 36
311 12 618 100 22 41
311 13 362 125 22 44
311 14 369 148 18 51
311 15 417 183 19 61
311 16 427 186 24 53
311 17 405 187 21 64
311 18 391 201 26 65
311 19 361 199 26 64
311 20 380 146 22 49
311 21 453 282 39 85
311 22 426 278 36 74
311 23 639 182 20 58
311 29 436 101 17 41
311 31 492 111 19 40
311 30 483 105 23 42
311 32 104 101 23 40
311 33 103 104 21 37
311 34 412 76 17 37
311 37 182 61 17 36
311 38 235 15 20 11
311 38 55 39 15 29
311 50 346 56 12 30
311 51 122 36 12 27
311 52 115 36 12 25
312 1 301 266 26 77
312 2 275 278 24 77
312 3 264 265 23 77
312 4 10 50 16 35
312 5 -23 107 28 45
312 6 434 93 19 39
312 7 434 92 20 40
312 8 226 54 14 30
312 9 218 55 13 34
312 10 207 57 14 33
312 11 536 95 19 36
312 12 619 98 22 43
312 13 361 125 22 44
312 14 368 148 19 50
312 15 416 182 19 61
312 16 428 185 21 56
312 17 405 187 21 64
312 18 390 201 25 65
312 19 361 198 25 63
312 20 379 145 23 49
312 21 454 281 39 86
312 22 427 277 36 74
312 23 640 181 18 59
312 29 436 102 17 40
312 31 491 111 19 40
312 30 482 105 23 42
312 32 104 101 23 40
312 33 103 104 21 37
312 34 413 76 17 37
312 37 183 61 17 36
312 38 235 15 20 11
312 38 55 39 15 29
312 50 346 56 12 30
312 51 122 36 12 27
312 52 115 36 12 25
313 1 300 267 26 77
313 2 275 278 24 77
313 3 264 265 23 77
313 4 10 50 16 35
313 5 -23 107 28 45
313 6 434 93 19 39
313 7 436 92 19 41
313 8 225 54 15 35
313 9 218 55 13 34
313 10 208 57 13 32
313 11 536 95 19 37
313 12 620 98 22 42
313 13 361 125 22 47
313 14 368 148 19 50
313 15 416 182 19 61
313 16 428 185 21 56
313 17 404 187 21 64
313 18 390 201 25 64
313 19 361 198 26 66
313 20 379 146 22 49
313 21 454 281 39 86
313 22 426 277 37 76
313 23 640 181 22 59
313 29 436 102 17 41
313 31 491 111 19 40
313 30 482 105 23 42
313 32 104 101 23 40
313 33 103 104 21 37
313 34 413 76 17 37
313 37 183 61 17 36
313 38 236 15 20 11
313 38 55 39 15 29
313 50 346 56 12 30
313 51 122 36 12 27
313 52 115 36 12 25
314 1 299 267 26 77
314 2 275 280 24 75
314 3 264 265 23 77
314 4 10 50 16 35
314 5 -25 107 29 45
314 6 434 93 19 39
314 7 434 92 20 40
314 8 225 54 14 32
314 9 218 55 13 33
314 10 207 57 13 32
314 11 537 95 19 36
314 12 623 97 21 44
314 13 360 125 22 47
314 14 367 148 19 50
314 15 415 182 19 62
314 16 427 185 21 56
314 17 403 187 21 63
314 18 389 201 25 63
314 19 360 197 26 64
314 20 379 145 22 48
314 21 454 280 40 86
314 22 427 276 37 77
314 23 639 180 20 59
314 29 436 101 17 41
314 31 489 111 20 40
314 30 481 108 24 39
314 32 104 101 19 40
314 33 103 101 20 38
314 34 413 76 16 37
314 37 183 61 17 36
314 38 236 15 20 11
314 38 55 39 15 29
314 50 346 56 12 30
314 51 121 36 12 27
314 52 113 36 14 25
315 1 301 267 26 77
315 2 275 280 24 75
315 3 264 265 23 77
315 4 10 50 16 35
315 5 -27 107 29 45
315 6 439 93 15 40
315 7 438 92 17 41
315 8 224 54 14 32
315 9 217 55 13 33
315 10 207 57 13 32
315 11 537 95 19 36
315 12 623 97 21 44
315 13 359 122 24 46
315 14 363 148 23 50
315 15 414 181 20 62
315 16 427 184 21 56
315 17 403 186 21 64
315 18 389 200 25 63
315 19 360 196 25 64
315 20 378 145 22 50
315 21 456 281 38 83
315 22 429 276 37 75
315 23 637 180 20 61
315 29 431 99 21 44
315 31 488 111 20 40
315 30 480 108 23 39
315 32 104 101 19 40
315 33 103 101 20 38
315 34 414 76 16 37
315 37 184 60 19 38
315 38 236 15 20 11
315 38 55 39 15 30
315 50 346 56 12 30
315 51 121 36 12 27
315 52 113 36 14 25
316 1 299 267 27 79
316 2 273 280 27 75
316 3 264 265 23 77
316 4 10 50 16 35
316 5 -28 107 28 44
316 6 439 93 15 41
316 7 438 92 17 42
316 8 224 54 14 32
316 9 217 55 13 32
316 10 206 57 14 31
316 11 538 95 20 37
316 12 624 97 21 46
316 13 358 122 24 46
316 14 362 148 23 50
316 15 413 181 20 62
316 16 423 184 24 57
316 17 402 186 21 67
316 18 388 199 25 65
316 19 357 196 24 61
316 20 377 144 22 51
316 21 457 280 39 85
316 22 430 275 34 73
316 23 636 179 21 62
316 29 430 99 21 44
316 31 487 111 20 40
316 30 479 108 23 40
316 32 104 101 19 40
316 33 102 101 20 39
316 34 415 76 16 38
316 37 186 60 15 37
316 38 236 15 20 11
316 38 55 39 15 30
316 50 346 56 12 30
316 51 121 36 12 28
316 52 113 36 14 25
317 1 301 267 26 76
317 2 273 280 27 75
317 3 264 265 23 77
317 4 10 49 16 35
317 5 -28 108 28 43
317 6 439 93 18 38
317 7 438 92 20 39
317 8 224 54 14 32
317 9 217 55 13 33
317 10 206 57 14 31
317 11 538 95 20 37
317 12 628 97 17 42
317 13 357 121 24 46
317 14 361 148 23 49
317 15 411 180 22 61
317 16 422 184 23 57
317 17 401 185 21 65
317 18 386 198 27 63
317 19 357 195 27 63
317 20 377 144 22 51
317 21 458 279 38 83
317 22 432 275 34 72
317 23 632 179 24 62
317 29 430 99 22 45
317 31 486 111 20 40
317 30 478 109 23 39
317 32 98 101 24 40
317 33 99 98 23 41
317 34 420 76 13 36
317 37 187 60 16 37
317 38 236 15 20 11
317 38 55 39 15 29
317 50 346 56 12 30
317 51 120 36 11 28
317 52 112 36 14 25
318 1 299 267 26 77
318 2 273 280 25 75
318 3 264 265 23 77
318 4 10 49 16 35
318 5 -30 108 29 43
318 6 439 93 18 38
318 7 438 92 20 40
318 8 223 54 14 31
318 9 216 55 13 33
318 10 206 57 14 31
318 11 539 95 20 38
318 12 629 97 17 42
318 13 358 121 20 45
318 14 361 147 23 50
318 15 407 180 25 61
318 16 422 184 23 57
318 17 400 185 21 65
318 18 385 197 27 63
318 19 356 195 27 63
318 20 376 144 22 50
318 21 458 278 39 84
318 22 434 274 33 71
318 23 630 179 28 62
318 29 429 99 20 42
318 31 486 111 17 39
318 30 479 107 21 39
318 32 98 101 24 40
318 33 99 98 23 41
318 34 421 76 13 36
318 37 188 60 16 37
318 38 236 15 20 11
318 38 55 38 15 30
318 50 346 56 12 30
318 51 120 36 11 26
318 52 112 36 14 25
319 1 301 267 26 76
319 2 273 280 25 75
319 3 264 265 23 77
319 4 10 49 16 35
319 5 -30 108 28 43
319 6 439 93 18 38
319 7 440 92 18 40
319 8 223 54 14 31
319 9 216 55 13 33
319 10 206 57 14 31
319 11 538 95 21 37
319 12 629 97 17 42
319 13 358 121 20 45
319 14 361 148 23 49
319 15 407 180 25 61
319 16 422 184 23 57
319 17 400 185 21 65
319 18 385 197 27 63
319 19 356 195 27 63
319 20 376 144 22 54
319 21 459 278 36 83
319 22 434 274 33 71
319 23 630 179 28 62
319 29 429 99 20 42
319 31 486 111 17 39
319 30 479 107 21 39
319 32 96 101 26 40
319 33 96 97 26 42
319 34 421 76 13 36
319 37 188 60 16 37
319 38 236 15 20 11
319 38 55 38 15 30
319 50 346 56 12 30
319 51 120 36 11 26
319 52 112 36 14 26
320 1 301 267 26 76
320 2 273 280 25 75
320 3 264 265 23 77
320 4 10 49 16 33
320 5 -22 107 20 44
320 6 441 93 18 38
320 7 440 92 18 40
320 8 223 56 15 30
320 9 216 55 13 33
320 10 205 57 14 31
320 11 539 95 21 37
320 12 629 97 17 42
320 13 357 121 20 45
320 14 360 147 23 49
320 15 406 180 25 61
320 16 421 183 23 56
320 17 399 184 21 64
320 18 380 197 28 64
320 19 352 194 30 63
320 20 375 144 22 54
320 21 460 277 36 83
320 22 437 273 31 72
320 23 628 178 28 63
320 29 428 99 20 42
320 31 485 111 17 39
320 30 478 107 21 39
320 32 96 101 26 40
320 33 96 97 20 42
320 34 421 76 13 36
320 37 189 60 16 37
320 38 236 15 20 11
320 38 55 38 15 30
320 50 346 56 12 30
320 51 120 36 11 26
320 52 112 36 14 25
321 1 299 267 27 78
321 2 274 280 25 75
321 3 264 265 23 77
321 4 9 49 16 34
321 5 -23 107 14 45
321 6 442 93 18 38
321 7 440 92 19 41
321 8 223 56 13 30
321 9 216 55 13 33
321 10 205 57 14 31
321 11 540 95 21 36
321 12 630 97 17 42
321 13 356 120 20 45
321 14 361 147 22 50
321 15 405 179 25 61
321 16 420 183 22 56
321 17 398 184 21 64
321 18 379 197 28 64
321 19 351 194 30 63
321 20 375 144 22 54
321 21 460 277 36 83
321 22 438 272 31 72
321 23 627 180 27 60
321 24 647 175 11 59
321 29 426 99 22 44
321 31 487 110 14 40
321 30 478 107 21 39
321 32 95 100 25 41
321 33 95 96 18 43
321 34 422 76 13 36
321 37 189 61 16 36
321 38 236 15 20 11
321 38 55 38 15 30
321 50 346 56 12 30
321 51 120 36 11 26
321 52 112 36 14 25
322 1 299 267 26 77
322 2 274 280 25 75
322 3 264 265 23 77
322 4 9 49 16 34
322 5 -23 107 14 45
322 6 441 94 19 38
322 7 441 92 19 40
322 8 222 56 14 30
322 9 215 55 13 34
322 10 205 57 14 31
322 11 539 95 21 38
322 12 633 98 17 42
322 13 356 120 19 44
322 14 360 147 22 50
322 15 405 179 25 60
322 16 419 183 22 56
322 17 397 183 21 65
322 18 378 196 28 64
322 19 350 194 29 61
322 20 374 143 22 54
322 21 462 277 35 78
322 22 442 272 28 72
322 23 626 179 27 60
322 24 646 174 11 58
322 29 426 99 22 44
322 31 486 110 14 41
322 30 477 107 21 39
322 32 95 100 22 41
322 33 94 96 19 45
322 34 423 77 13 36
322 37 190 61 18 36
322 38 236 15 20 11
322 38 52 38 16 28
322 50 346 56 12 30
322 51 119 36 11 26
322 52 112 36 14 25
323 1 299 267 26 77
323 2 274 281 25 75
323 3 264 265 23 77
323 4 9 49 16 34
323 5 -23 107 14 45
323 6 441 94 21 38
323 7 441 94 22 38
323 8 222 56 14 30
323 9 215 55 13 34
323 10 205 56 13 32
323 11 541 95 21 36
323 12 634 98 17 42
323 13 353 120 21 46
323 14 359 146 22 49
323 15 404 179 26 61
323 16 418 182 22 56
323 17 397 182 21 62
323 18 377 196 29 66
323 19 349 194 30 63
323 20 373 143 21 51
323 21 462 276 35 80
323 22 443 272 28 72
323 23 625 179 26 57
323 24 645 174 11 60
323 29 425 99 20 43
323 31 486 110 14 41
323 30 478 109 17 37
323 32 95 100 22 41
323 33 94 96 19 45
323 34 424 77 13 36
323 37 191 61 18 36
323 38 235 15 20 11
323 38 52 38 16 28
323 50 346 56 12 30
323 51 119 36 11 26
323 52 111 36 14 24
324 1 299 267 27 78
324 2 274 280 25 75
324 3 264 265 23 77
324 4 9 49 16 33
324 6 441 94 21 38
324 7 442 94 20 38
324 8 221 56 14 31
324 9 215 54 13 34
324 10 205 56 13 32
324 11 542 95 21 36
324 12 635 98 17 42
324 13 352 120 21 45
324 14 360 145 19 49
324 15 403 178 26 63
324 16 417 181 22 53
324 17 396 182 21 62
324 18 375 197 28 62
324 19 348 194 29 61
324 20 372 142 21 51
324 21 463 275 35 79
324 22 444 271 31 74
324 23 624 178 26 57
324 24 644 175 14 59
324 29 425 99 20 43
324 31 485 110 14 41
324 30 477 109 17 38
324 32 94 99 22 43
324 33 93 95 19 46
324 34 425 77 13 36
324 37 190 62 19 35
324 38 235 15 20 11
324 38 52 38 16 28
324 50 346 56 12 30
324 51 119 36 12 24
324 52 111 36 14 24
325 1 299 267 26 77
325 2 274 281 25 75
325 3 264 265 23 77
325 4 9 49 16 33
325 6 441 94 21 38
325 7 442 94 20 38
325 8 221 56 14 31
325 9 215 54 13 33
325 10 205 56 13 32
325 11 546 95 17 36
325 12 630 96 18 45
325 13 352 120 20 45
325 14 360 145 19 49
325 15 403 178 26 61
325 16 417 181 22 53
325 17 396 182 21 62
325 18 375 197 31 63
325 19 348 193 30 63
325 20 372 143 21 51
325 21 463 275 35 79
325 22 444 271 31 74
325 23 624 178 26 57
325 24 644 175 14 59
325 29 425 99 19 42
325 31 485 110 14 41
325 30 477 109 17 38
325 32 94 99 22 42
325 33 93 95 19 46
325 34 426 77 13 36
325 37 190 62 19 35
325 38 236 15 20 11
325 38 52 38 16 28
325 50 346 56 12 30
325 51 119 36 12 24
325 52 111 36 14 24
326 1 302 267 24 77
326 2 274 281 27 73
326 3 264 265 23 77
326 4 9 49 16 34
326 6 442 94 21 38
326 7 442 94 20 38
326 8 221 55 14 30
326 9 214 54 13 32
326 10 204 56 13 32
326 11 547 95 17 36
326 12 631 99 21 40
326 13 352 120 20 44
326 14 359 144 19 49
326 15 404 178 24 61
326 16 416 180 22 53
326 17 395 181 21 63
326 18 374 197 31 63
326 19 347 193 29 61
326 20 371 142 21 51
326 21 464 275 35 79
326 22 445 271 31 74
326 23 622 178 26 58
326 24 634 175 23 59
326 29 425 99 19 42
326 31 485 110 14 40
326 30 476 109 17 38
326 32 93 98 22 43
326 33 92 95 19 46
326 34 427 77 14 36
326 37 191 62 19 35
326 38 236 15 20 11
326 38 52 38 16 28
326 50 346 56 12 30
326 51 119 36 12 24
326 52 111 36 14 24
327 1 299 267 27 78
327 2 274 281 27 73
327 3 264 265 23 77
327 4 9 49 16 34
327 6 443 94 19 38
327 7 443 94 20 38
327 8 221 55 14 31
327 9 214 54 13 32
327 10 204 56 13 32
327 11 547 95 17 36
327 12 635 99 22 40
327 13 349 120 22 44
327 14 359 144 19 49
327 15 403 177 24 61
327 16 415 179 22 54
327 17 392 181 24 63
327 18 373 196 31 63
327 19 346 193 29 61
327 20 370 142 21 50
327 21 465 275 35 79
327 22 445 270 31 75
327 23 620 177 26 58
327 24 633 174 23 58
327 29 424 99 19 43
327 31 481 111 16 39
327 30 473 109 19 38
327 32 92 98 23 43
327 33 92 95 20 46
327 34 427 77 13 37
327 37 191 62 19 35
327 38 236 15 20 11
327 38 52 38 16 28
327 50 346 56 12 30
327 51 119 36 12 24
327 52 111 36 14 24
328 1 298 267 27 78
328 2 274 281 27 73
328 3 264 265 23 77
328 4 9 48 16 34
328 6 444 94 19 38
328 7 444 93 20 39
328 8 220 55 14 30
328 9 213 54 14 32
328 10 204 56 13 31
328 11 548 95 17 36
328 12 636 99 22 40
328 13 348 120 22 44
328 14 358 144 19 48
328 15 402 177 24 62
328 16 416 179 20 56
328 17 391 181 24 63
328 18 373 196 29 62
328 19 348 192 26 62
328 20 369 141 22 54
328 21 466 274 35 79
328 22 448 270 30 74
328 23 618 176 26 58
328 24 632 174 22 58
328 29 423 99 17 43
328 31 480 111 16 39
328 30 470 109 21 38
328 32 92 98 21 43
328 33 91 95 20 47
328 34 428 77 14 36
328 37 193 63 18 36
328 38 236 15 20 11
328 38 52 38 16 28
328 50 346 56 12 30
328 51 119 36 12 24
328 52 111 36 14 24
329 1 298 267 27 78
329 2 274 281 27 73
329 3 264 265 23 77
329 4 8 47 16 35
329 6 444 94 19 38
329 7 444 93 19 39
329 8 220 55 14 30
329 9 213 54 14 31
329 10 204 56 13 31
329 11 548 95 17 36
329 12 636 99 22 40
329 13 347 120 22 44
329 14 357 144 18 48
329 15 401 176 24 62
329 16 415 178 20 56
329 17 387 180 27 64
329 18 372 195 29 62
329 19 347 191 26 62
329 20 368 140 21 51
329 21 467 274 35 79
329 22 447 270 33 75
329 23 614 176 30 58
329 24 631 174 22 58
329 29 422 99 17 43
329 31 479 111 16 39
329 30 469 109 21 38
329 32 88 96 24 45
329 33 88 95 23 47
329 34 429 77 14 36
329 37 194 62 17 36
329 38 236 15 20 11
329 38 52 38 16 28
329 50 346 56 12 30
329 51 118 36 12 24
329 52 111 36 13 24
330 1 298 266 27 78
330 2 274 281 27 73
330 3 264 265 23 78
330 4 8 47 16 33
330 6 444 94 19 38
330 7 445 93 19 39
330 8 220 55 13 28
330 9 211 54 15 31
330 10 203 56 13 31
330 11 550 95 17 36
330 12 642 98 16 41
330 13 348 119 20 45
330 14 357 144 19 48
330 15 402 176 20 60
330 16 415 178 20 57
330 17 386 179 27 64
330 18 371 195 29 62
330 19 346 190 26 62
330 20 367 140 21 51
330 21 468 274 35 79
330 22 448 270 33 75
330 23 613 176 29 58
330 24 628 173 23 58
330 29 421 99 17 44
330 31 478 111 16 39
330 30 469 109 20 38
330 32 87 96 24 45
330 33 87 95 23 47
330 34 430 77 14 36
330 37 195 62 17 36
330 38 236 15 20 11
330 38 52 38 16 28
330 50 346 56 12 30
330 51 118 36 12 24
330 52 110 36 14 24
331 1 301 267 24 78
331 2 274 281 27 73
331 3 264 265 23 78
331 4 8 47 16 33
331 6 446 94 17 38
331 7 445 93 19 39
331 8 220 55 13 28
331 9 211 54 15 31
331 10 203 56 13 31
331 11 548 95 19 36
331 12 642 98 16 41
331 13 348 119 20 45
331 14 357 144 19 48
331 15 402 176 20 60
331 16 415 178 20 57
331 17 386 179 27 64
331 18 371 194 27 63
331 19 346 190 26 63
331 20 367 140 21 51
331 21 466 274 37 79
331 22 448 270 33 75
331 23 610 176 30 58
331 24 629 173 23 59
331 29 420 99 18 45
331 31 478 111 16 39
331 30 469 109 20 38
331 32 87 96 24 45
331 33 87 95 23 47
331 34 430 77 14 36
331 37 195 62 17 36
331 38 236 15 20 11
331 38 52 38 16 28
331 50 346 56 12 30
331 51 118 36 12 24
331 52 110 36 14 24
332 1 301 267 24 78
332 2 275 281 27 73
332 3 264 265 23 78
332 4 8 47 15 33
332 6 447 94 17 38
332 7 445 93 19 39
332 8 219 55 14 30
332 9 211 54 15 31
332 10 203 56 13 31
332 11 548 95 19 36
332 12 643 98 16 41
332 13 347 119 20 45
332 14 355 144 18 48
332 15 401 176 20 60
332 16 413 178 20 55
332 17 388 179 24 65
332 18 370 193 27 63
332 19 345 190 26 62
332 20 367 139 21 51
332 21 467 274 37 80
332 22 449 269 33 75
332 23 609 176 30 57
332 24 628 173 23 59
332 29 419 99 18 45
332 31 477 111 16 39
332 30 468 109 20 38
332 32 86 96 26 42
332 33 87 95 23 48
332 34 430 77 14 37
332 37 195 62 17 35
332 38 236 15 20 11
332 38 52 38 16 28
332 50 346 56 12 30
332 51 118 36 12 24
332 52 110 36 14 24
333 1 301 267 24 78
333 2 274 281 27 73
333 3 264 265 23 78
333 4 8 47 15 32
333 6 447 94 17 38
333 7 446 92 19 40
333 8 219 55 14 30
333 9 210 54 15 31
333 10 203 56 13 31
333 11 549 95 20 36
333 12 643 98 16 42
333 13 346 118 19 46
333 14 354 144 18 48
333 15 400 175 20 60
333 16 410 178 23 57
333 17 387 179 24 65
333 18 369 193 27 64
333 19 344 189 26 62
333 20 366 139 21 51
333 21 468 273 38 81
333 22 450 268 33 75
333 23 608 176 30 57
333 24 625 172 25 61
333 29 419 99 18 45
333 31 476 111 16 38
333 30 467 109 20 38
333 32 85 96 26 43
333 33 86 95 18 47
333 34 432 77 14 36
333 37 198 62 14 35
333 38 236 15 20 11
333 38 52 38 16 28
333 50 346 56 12 30
333 51 116 36 13 24
333 52 109 35 14 24
334 1 300 267 24 79
334 2 274 281 27 73
334 3 264 265 23 78
334 4 8 47 15 33
334 6 448 92 19 40
334 7 447 92 19 40
334 8 218 55 14 30
334 9 210 54 15 31
334 10 203 56 13 31
334 11 550 95 20 36
334 12 645 98 16 41
334 13 345 117 19 46
334 14 354 144 18 48
334 15 399 175 20 61
334 16 409 178 23 57
334 17 388 178 22 65
334 18 368 192 27 63
334 19 343 189 26 62
334 20 365 139 21 51
334 21 469 272 39 81
334 22 451 267 32 76
334 23 606 175 31 58
334 24 624 171 24 62
334 29 416 99 20 41
334 31 474 110 16 40
334 30 468 108 18 40
334 32 85 97 25 41
334 33 84 96 18 44
334 34 433 77 14 37
334 37 198 62 14 35
334 38 236 15 20 11
334 38 52 38 16 28
334 50 346 56 12 30
334 51 116 35 13 25
334 52 110 35 14 25
335 1 300 266 24 79
335 2 274 281 27 73
335 3 264 265 23 78
335 4 8 47 16 33
335 6 450 92 17 40
335 7 450 92 18 41
335 8 218 54 14 29
335 9 209 54 15 32
335 10 203 56 12 32
335 11 551 96 20 36
335 12 646 98 16 41
335 13 345 117 19 47
335 14 353 143 18 48
335 15 398 175 20 61
335 16 408 177 24 55
335 17 387 178 22 65
335 18 367 192 27 64
335 19 342 188 26 62
335 20 365 139 21 51
335 21 469 272 39 80
335 22 455 266 29 75
335 23 609 175 25 59
335 24 623 170 24 61
335 29 415 99 20 41
335 31 473 110 16 41
335 30 467 108 18 40
335 32 84 97 25 42
335 33 83 96 19 45
335 34 433 77 14 37
335 37 199 63 14 34
335 38 236 15 20 11
335 38 52 38 16 28
335 50 346 56 12 30
335 51 116 35 14 26
335 52 109 35 13 24
336 1 300 266 24 79
336 2 274 281 27 73
336 3 264 265 23 77
336 4 8 47 16 33
336 6 451 92 17 39
336 7 451 92 18 41
336 8 218 54 14 29
336 9 209 53 15 32
336 10 203 56 12 32
336 11 552 96 20 36
336 12 647 98 16 41
336 13 344 117 20 45
336 14 352 143 18 48
336 15 397 175 20 60
336 16 407 177 24 55
336 17 386 177 22 65
336 18 366 192 27 64
336 19 341 188 26 62
336 20 364 138 21 51
336 21 470 271 39 79
336 22 456 265 28 73
336 23 608 174 26 59
336 24 621 170 26 61
336 29 415 99 20 41
336 31 472 110 16 41
336 30 465 108 19 40
336 32 83 97 26 42
336 33 82 96 20 47
336 34 434 77 15 38
336 37 200 63 17 37
336 38 236 15 20 11
336 38 52 38 16 28
336 50 346 56 12 30
336 51 116 35 13 24
336 52 109 35 14 25
337 1 300 266 26 79
337 2 274 281 27 73
337 3 264 265 23 78
337 4 8 47 16 33
337 6 451 92 17 39
337 7 450 92 18 41
337 8 218 54 14 29
337 9 209 53 15 32
337 10 203 56 12 32
337 11 552 96 20 36
337 12 646 98 16 41
337 13 344 117 20 45
337 14 352 143 18 48
337 15 397 174 20 61
337 16 407 177 24 55
337 17 388 177 20 65
337 18 365 192 26 60
337 19 342 188 27 63
337 20 364 138 21 51
337 21 470 271 39 79
337 22 456 265 28 73
337 23 608 174 26 59
337 24 621 170 24 60
337 29 415 99 20 41
337 31 472 110 16 41
337 30 465 108 19 40
337 32 83 97 25 41
337 33 82 96 21 46
337 34 434 77 15 38
337 37 200 63 17 37
337 38 236 15 20 11
337 38 52 38 16 28
337 50 346 56 12 30
337 51 116 35 13 24
337 52 109 35 14 25
338 1 300 266 26 79
338 2 274 281 27 73
338 3 264 265 23 77
338 4 8 47 15 33
338 6 452 92 17 39
338 7 451 92 18 41
338 8 217 54 14 30
338 9 208 53 16 32
338 10 202 56 13 31
338 11 552 96 20 36
338 12 647 99 16 41
338 13 343 117 20 45
338 14 351 143 19 46
338 15 396 174 21 60
338 16 406 177 24 54
338 17 387 176 20 63
338 18 365 191 26 64
338 19 341 188 27 63
338 20 363 139 21 51
338 21 471 271 39 81
338 22 457 264 28 73
338 23 606 174 27 59
338 24 620 169 24 60
338 29 414 99 20 41
338 31 472 110 16 41
338 30 467 108 15 40
338 32 82 97 25 40
338 33 81 96 21 47
338 34 435 78 14 37
338 37 200 63 17 37
338 38 236 15 20 11
338 38 52 37 16 28
338 50 346 56 12 30
338 51 116 35 13 24
338 52 109 35 13 24
339 1 300 266 26 79
339 2 274 281 27 73
339 3 264 265 23 77
339 4 6 47 16 33
339 6 452 92 17 39
339 7 451 92 19 40
339 8 217 53 13 32
339 9 209 53 15 33
339 10 202 56 13 31
339 11 553 96 20 37
339 12 646 99 20 39
339 13 343 117 20 44
339 14 350 142 19 47
339 15 395 173 21 60
339 16 405 176 24 55
339 17 386 175 20 63
339 18 364 191 26 64
339 19 341 188 27 63
339 20 362 138 21 50
339 21 471 270 40 77
339 22 458 264 28 74
339 23 605 173 25 58
339 24 619 169 24 60
339 29 413 99 20 41
339 31 470 110 15 40
339 30 465 108 16 40
339 32 80 97 23 43
339 33 81 96 20 47
339 34 436 78 14 37
339 37 201 63 18 35
339 38 236 15 20 11
339 38 52 37 16 28
339 50 346 56 12 30
339 51 115 35 12 25
339 52 109 35 14 26
340 1 300 265 26 79
340 2 274 281 27 73
340 3 264 265 23 76
340 4 6 46 17 33
340 6 451 92 19 39
340 7 451 92 20 40
340 8 217 53 13 32
340 9 209 53 15 33
340 10 201 55 13 31
340 11 557 96 16 36
340 12 647 99 15 40
340 13 342 117 19 44
340 14 349 142 20 48
340 15 394 173 21 61
340 16 404 176 23 52
340 17 386 177 19 62
340 18 363 190 26 65
340 19 340 188 26 63
340 20 361 138 21 51
340 21 472 269 40 77
340 22 459 263 28 74
340 23 604 173 22 55
340 24 617 169 23 59
340 29 413 98 19 42
340 31 469 110 14 40
340 30 464 108 16 40
340 32 79 97 23 44
340 33 80 96 21 47
340 34 434 78 17 37
340 37 201 63 18 35
340 38 236 15 20 11
340 38 52 38 16 28
340 50 346 56 12 30
340 51 115 35 12 25
340 52 108 34 14 27
341 1 299 265 26 80
341 2 274 281 27 73
341 3 264 265 23 76
341 4 6 46 15 32
341 6 453 92 18 39
341 7 452 92 20 40
341 8 216 53 13 32
341 9 208 53 14 33
341 10 201 55 13 32
341 11 558 96 16 36
341 12 648 99 15 40
341 13 341 117 22 45
341 14 348 141 20 47
341 15 395 172 19 60
341 16 403 175 23 52
341 17 385 176 19 63
341 18 362 190 26 65
341 19 339 187 26 63
341 20 360 137 21 51
341 21 480 269 34 77
341 22 461 263 28 74
341 23 603 173 22 55
341 24 617 168 24 58
341 29 412 99 20 41
341 31 469 110 14 40
341 30 464 108 16 40
341 32 78 97 23 46
341 33 79 96 20 47
341 34 435 78 17 37
341 37 201 63 18 36
341 38 236 15 20 11
341 38 52 38 16 28
341 50 346 56 12 30
341 51 115 35 12 25
341 52 108 34 14 27
342 1 299 265 26 80
342 2 274 281 27 73
342 3 264 265 23 76
342 4 6 46 15 32
342 6 452 92 19 39
342 7 452 92 20 39
342 8 216 53 13 31
342 9 208 53 14 33
342 10 200 55 13 31
342 11 560 96 16 36
342 12 651 98 12 41
342 13 340 117 22 45
342 14 347 141 20 47
342 15 394 173 20 59
342 16 403 174 24 53
342 17 384 176 19 63
342 18 360 189 27 65
342 19 339 186 26 62
342 20 360 137 21 51
342 21 482 269 34 76
342 22 461 262 32 74
342 23 605 172 19 55
342 24 616 168 24 58
342 29 411 99 20 41
342 31 468 110 14 40
342 30 463 108 16 39
342 32 78 97 22 45
342 33 78 96 19 46
342 34 435 78 17 37
342 37 201 63 18 36
342 38 236 15 20 11
342 38 52 38 16 28
342 50 346 56 12 30
342 51 114 35 12 25
342 52 108 34 14 27
343 1 299 265 26 80
343 2 274 281 27 76
343 3 265 265 22 73
343 4 6 46 15 32
343 6 452 92 19 39
343 7 452 92 20 39
343 8 216 53 13 31
343 9 208 53 14 33
343 10 200 55 13 31
343 11 560 96 16 36
343 12 651 98 10 41
343 13 340 117 22 45
343 14 347 139 20 49
343 15 394 173 20 59
343 16 403 174 24 53
343 17 384 176 19 63
343 18 360 189 26 65
343 19 339 186 26 63
343 20 360 137 21 51
343 21 482 269 34 76
343 22 461 262 32 74
343 23 605 172 19 55
343 24 616 168 24 58
343 29 411 99 20 41
343 31 468 110 14 37
343 30 460 108 19 40
343 32 78 97 22 45
343 33 78 96 19 46
343 34 435 78 17 37
343 37 204 63 17 38
343 38 236 15 20 11
343 38 52 38 16 28
343 50 346 56 12 30
343 51 114 35 12 25
343 52 108 34 14 27
344 1 299 265 26 80
344 2 274 281 27 76
344 3 265 265 22 73
344 4 5 46 15 32
344 6 453 92 19 39
344 7 453 92 20 40
344 8 216 53 13 31
344 9 208 53 14 32
344 10 200 55 13 31
344 11 561 96 16 36
344 12 651 98 10 41
344 13 340 117 22 45
344 14 346 139 20 49
344 15 393 172 20 59
344 16 402 174 23 52
344 17 384 176 19 63
344 18 359 188 27 67
344 19 338 185 25 64
344 20 360 136 20 49
344 21 483 268 35 79
344 22 462 262 32 74
344 23 604 172 19 55
344 24 615 167 24 58
344 29 411 100 21 40
344 31 466 110 15 37
344 30 459 108 19 40
344 32 76 97 22 45
344 33 76 96 20 45
344 34 438 78 15 37
344 37 204 63 17 38
344 38 236 15 20 11
344 38 52 38 16 28
344 50 346 56 12 30
344 51 114 35 12 25
344 52 108 34 14 27
345 1 299 265 26 80
345 2 274 281 27 76
345 3 265 265 22 73
345 4 5 46 15 32
345 6 453 92 19 39
345 7 452 92 22 40
345 8 215 53 13 30
345 9 207 53 14 32
345 10 199 55 14 32
345 11 559 96 18 36
345 13 339 117 22 45
345 14 344 139 21 47
345 15 393 171 18 61
345 16 404 173 20 52
345 17 381 175 21 63
345 18 357 188 26 64
345 19 337 184 25 60
345 20 359 136 20 49
345 21 484 268 35 78
345 22 464 261 31 75
345 23 603 171 22 55
345 24 612 167 25 58
345 29 410 99 19 39
345 31 465 110 15 37
345 30 459 109 18 39
345 32 75 97 22 45
345 33 76 96 20 45
345 34 439 78 15 37
345 37 207 63 14 38
345 38 236 15 20 11
345 38 52 38 16 28
345 50 346 56 12 30
345 51 114 35 12 25
345 52 108 34 14 27
346 1 299 265 26 80
346 2 274 281 27 76
346 3 265 265 22 73
346 4 5 46 15 32
346 6 454 92 19 39
346 7 453 92 22 40
346 8 215 53 13 30
346 9 207 53 14 32
346 10 199 55 14 32
346 11 560 96 18 36
346 13 338 116 22 45
346 14 343 139 21 46
346 15 392 170 18 58
346 16 403 173 20 52
346 17 380 175 21 63
346 18 356 187 26 63
346 19 336 183 25 60
346 20 357 135 21 50
346 21 485 267 35 79
346 22 465 261 31 75
346 23 600 171 24 56
346 24 612 167 25 57
346 29 409 99 19 39
346 31 464 110 15 37
346 30 456 108 20 40
346 32 75 97 22 45
346 33 75 96 20 45
346 34 439 78 15 38
346 37 207 63 14 38
346 38 236 15 20 11
346 38 52 38 16 28
346 50 346 56 12 30
346 51 114 35 12 25
346 52 107 34 14 26
347 1 299 264 26 80
347 2 274 281 27 76
347 3 265 265 22 73
347 4 5 46 15 32
347 6 456 92 19 38
347 7 454 92 22 39
347 8 215 53 13 30
347 9 207 53 14 32
347 10 199 55 14 32
347 11 560 96 21 36
347 13 337 116 22 46
347 14 343 139 21 47
347 15 391 169 18 58
347 16 403 172 20 52
347 17 379 174 21 64
347 18 355 187 25 62
347 19 336 182 25 60
347 20 357 135 21 50
347 21 486 267 38 79
347 22 464 261 35 76
347 23 599 171 24 56
347 24 610 166 23 57
347 29 408 99 19 40
347 31 462 110 15 38
347 30 456 108 20 40
347 32 73 98 24 41
347 33 73 96 24 46
347 34 441 77 16 38
347 37 210 64 14 37
347 38 236 15 20 11
347 38 52 38 16 28
347 50 346 56 12 30
347 51 114 35 12 25
347 52 107 34 14 26
348 1 299 264 26 80
348 2 274 281 27 76
348 3 265 265 22 73
348 4 5 46 15 32
348 6 456 92 18 38
348 7 455 92 21 39
348 8 214 53 13 31
348 9 206 53 14 33
348 10 198 55 14 27
348 11 560 96 21 36
348 13 336 115 23 46
348 14 342 139 21 46
348 15 390 169 18 58
348 16 402 172 20 52
348 17 378 174 21 61
348 18 354 186 26 64
348 19 335 182 25 61
348 20 356 135 21 51
348 21 487 267 39 79
348 22 465 261 35 76
348 23 598 170 24 57
348 24 609 166 23 56
348 29 407 99 20 40
348 31 461 109 16 38
348 30 454 108 20 40
348 32 72 98 24 41
348 33 72 96 24 45
348 34 442 77 16 38
348 37 210 64 14 36
348 38 236 15 20 11
348 38 51 37 16 28
348 50 346 56 12 30
348 51 113 35 12 25
348 52 107 34 14 26
349 1 297 264 27 80
349 2 274 281 27 76
349 3 265 265 22 73
349 4 5 46 15 33
349 6 456 92 22 38
349 7 455 92 23 39
349 8 214 53 13 31
349 9 206 53 14 33
349 10 198 55 14 27
349 11 561 96 21 36
349 13 336 115 21 44
349 14 341 140 21 47
349 15 390 169 19 60
349 16 402 172 20 51
349 17 378 174 21 61
349 18 354 186 26 64
349 19 335 182 25 61
349 20 356 135 21 51
349 21 487 267 39 79
349 22 465 261 35 76
349 23 598 170 24 56
349 24 609 165 24 58
349 29 410 99 15 42
349 31 461 109 16 39
349 30 456 109 20 40
349 32 72 98 24 41
349 33 72 96 24 45
349 34 442 77 16 38
349 37 210 64 14 36
349 38 236 15 20 11
349 38 51 37 16 28
349 50 346 56 12 30
349 51 113 35 12 25
349 52 107 34 14 26
350 1 297 264 27 80
350 2 274 281 27 76
350 3 265 265 22 73
350 4 4 46 15 33
350 6 456 92 22 37
350 7 455 92 21 39
350 8 214 53 13 31
350 9 206 53 14 34
350 10 198 55 14 27
350 11 561 96 21 36
350 13 335 115 21 44
350 14 342 139 21 46
350 15 389 169 19 60
350 16 401 172 20 51
350 17 377 173 21 61
350 18 353 186 25 63
350 19 335 181 25 62
350 20 355 135 21 50
350 21 487 266 39 79
350 22 466 260 35 76
350 23 596 169 23 56
350 24 608 165 23 54
350 29 409 99 15 42
350 31 460 109 16 39
350 30 454 108 20 40
350 32 71 98 24 42
350 33 71 95 24 48
350 34 442 77 16 38
350 37 210 64 14 36
350 38 236 15 20 11
350 38 51 38 18 32
350 50 346 56 12 30
350 51 113 35 12 25
350 52 107 34 14 26
351 1 297 264 27 80
351 2 274 281 27 76
351 3 265 265 22 73
351 4 4 45 15 31
351 6 456 92 22 37
351 7 456 92 22 39
351 8 213 53 13 32
351 9 206 53 14 34
351 10 196 55 15 27
351 11 562 96 21 36
351 13 334 114 21 44
351 14 341 139 21 46
351 15 388 169 20 60
351 16 401 172 20 51
351 17 376 173 21 61
351 18 352 186 25 62
351 19 334 181 25 62
351 20 354 135 21 50
351 21 488 266 39 79
351 22 467 260 33 76
351 23 595 168 23 57
351 24 606 165 23 55
351 29 407 99 16 39
351 31 459 109 16 38
351 30 454 109 20 39
351 32 70 98 18 42
351 33 71 95 26 48
351 34 443 77 16 38
351 37 210 65 18 35
351 38 236 15 20 11
351 38 51 38 18 32
351 50 346 56 12 30
351 51 113 35 12 25
351 52 107 34 14 26
352 1 297 264 27 80
352 2 274 281 25 76
352 3 265 265 22 73
352 4 4 45 15 31
352 6 456 92 21 37
352 7 457 92 22 39
352 8 212 52 14 33
352 9 206 53 14 33
352 10 196 54 15 28
352 11 563 95 21 37
352 13 333 114 21 43
352 14 340 138 21 46
352 15 387 169 20 60
352 16 400 171 20 51
352 17 375 172 21 61
352 18 351 186 25 62
352 19 334 181 24 62
352 20 354 135 20 50
352 21 489 265 39 79
352 22 468 260 33 72
352 23 594 168 22 55
352 24 606 164 24 57
352 29 404 99 18 39
352 31 459 109 15 39
352 30 453 108 20 39
352 32 69 98 18 42
352 33 70 95 26 48
352 34 444 78 16 38
352 37 210 65 18 35
352 38 236 15 20 11
352 38 51 38 18 32
352 50 346 56 12 30
352 51 113 35 12 25
352 52 105 34 15 27
353 1 297 264 27 80
353 2 274 281 25 76
353 3 265 265 22 73
353 4 4 45 15 31
353 6 456 92 22 38
353 7 456 92 23 39
353 8 213 52 13 32
353 9 207 53 12 28
353 10 196 54 16 28
353 11 567 95 18 37
353 13 332 114 20 42
353 14 342 138 19 47
353 15 386 169 21 57
353 16 399 171 20 52
353 17 374 172 20 59
353 18 345 185 31 63
353 19 333 181 24 61
353 20 353 134 20 50
353 21 490 265 39 79
353 22 469 259 33 72
353 23 593 167 22 55
353 24 604 163 23 57
353 29 403 99 20 39
353 31 458 109 15 39
353 30 452 108 20 40
353 32 68 98 18 43
353 33 70 95 23 45
353 34 445 78 18 38
353 37 211 65 18 36
353 38 236 15 20 11
353 38 51 38 18 32
353 50 346 56 12 30
353 51 113 35 12 25
353 52 105 34 15 27
354 1 296 264 27 80
354 2 274 281 25 76
354 3 265 265 22 73
354 4 4 45 15 31
354 6 460 93 20 36
354 7 457 92 23 39
354 8 212 52 15 30
354 9 207 53 11 27
354 10 195 54 14 27
354 11 568 95 18 37
354 13 331 114 20 42
354 14 341 137 19 47
354 15 383 169 23 59
354 16 398 171 20 52
354 17 374 171 21 60
354 18 344 185 31 63
354 19 333 181 24 61
354 20 352 134 20 49
354 21 491 264 40 81
354 22 475 259 28 71
354 23 591 167 21 55
354 24 603 163 24 58
354 29 402 99 20 39
354 31 458 109 11 41
354 30 453 108 20 42
354 32 68 98 20 43
354 33 65 95 27 45
354 34 446 78 18 38
354 37 211 65 20 37
354 38 236 15 20 11
354 38 51 38 18 32
354 50 346 56 12 30
354 51 112 35 12 25
354 52 105 34 15 27
355 1 296 264 27 80
355 2 274 281 25 76
355 3 265 265 22 73
355 4 4 45 15 31
355 6 460 92 20 37
355 7 457 92 23 39
355 8 212 52 16 30
355 9 207 53 11 27
355 10 195 54 14 27
355 11 570 95 16 37
355 13 332 115 20 42
355 14 341 137 19 47
355 15 383 169 23 59
355 16 398 171 20 52
355 17 374 171 20 59
355 18 344 185 31 63
355 19 332 181 24 61
355 20 352 134 20 49
355 21 491 264 37 81
355 22 475 259 28 71
355 23 591 167 21 55
355 24 603 163 24 58
355 29 402 99 21 41
355 31 458 109 11 41
355 30 453 108 20 42
355 32 68 98 20 43
355 33 65 95 27 45
355 34 446 78 18 38
355 37 211 65 20 37
355 38 236 15 20 11
355 38 51 38 18 32
355 50 346 56 12 30
355 51 112 35 12 25
355 52 105 34 15 27
356 1 296 264 27 80
356 2 274 281 25 76
356 3 265 265 22 73
356 4 4 45 15 31
356 6 461 93 20 37
356 7 459 92 22 39
356 8 213 52 13 31
356 9 207 53 11 27
356 10 195 54 14 27
356 11 571 95 16 37
356 13 332 115 19 41
356 14 340 137 20 49
356 15 382 169 23 59
356 16 397 170 20 52
356 17 373 170 21 60
356 18 343 185 31 63
356 19 332 181 24 61
356 20 351 133 20 49
356 21 492 264 37 81
356 22 476 258 28 71
356 23 588 167 24 55
356 24 602 163 24 58
356 29 401 99 21 41
356 31 457 109 11 41
356 30 452 108 20 43
356 32 67 97 20 44
356 33 64 95 27 45
356 34 447 78 18 39
356 37 211 65 20 37
356 38 236 15 20 11
356 38 51 38 18 32
356 50 346 56 12 30
356 51 113 35 12 25
356 52 105 34 15 27
357 1 296 264 27 80
357 2 274 281 25 76
357 3 265 265 22 73
357 4 4 45 15 31
357 6 462 93 20 37
357 7 463 93 19 37
357 8 212 52 13 31
357 9 206 53 11 27
357 10 195 54 14 27
357 11 571 95 16 37
357 13 328 115 22 42
357 14 340 136 17 46
357 15 381 168 23 59
357 16 396 169 20 52
357 17 373 170 21 60
357 18 341 185 31 63
357 19 331 180 25 60
357 20 350 133 20 49
357 21 495 263 35 77
357 22 478 258 28 70
357 23 586 167 25 55
357 24 601 162 24 58
357 29 401 99 21 41
357 31 457 109 11 41
357 30 451 108 20 43
357 32 64 97 24 44
357 33 63 95 27 45
357 34 448 78 18 38
357 37 212 65 21 38
357 38 236 15 20 11
357 38 51 38 18 33
357 50 346 56 12 30
357 51 112 35 12 25
357 52 105 34 15 27
358 1 296 264 27 80
358 2 274 282 25 75
358 3 265 265 22 73
358 4 3 45 15 31
358 6 463 93 20 37
358 7 464 93 19 37
358 8 212 52 13 31
358 9 206 53 11 27
358 10 194 54 14 27
358 11 572 95 17 37
358 13 327 115 22 42
358 14 339 136 17 46
358 15 380 167 24 60
358 16 396 169 19 51
358 17 370 170 22 60
358 18 340 184 33 64
358 19 330 179 25 61
358 20 349 132 20 49
358 21 496 262 35 77
358 22 478 258 28 71
358 23 583 168 27 54
358 24 600 162 24 59
358 29 400 99 21 41
358 31 455 109 11 41
358 30 449 108 16 41
358 32 63 97 24 44
358 33 62 95 27 45
358 34 449 79 18 37
358 37 213 65 20 37
358 38 236 15 20 11
358 38 51 38 19 32
358 50 346 56 12 30
358 51 112 34 12 25
358 52 105 34 15 27
359 1 295 264 27 80
359 2 274 282 25 75
359 3 265 265 22 73
359 4 3 45 15 31
359 6 463 93 20 37
359 7 464 93 19 37
359 8 211 52 13 31
359 9 206 53 11 27
359 10 194 54 14 28
359 11 573 95 17 37
359 13 326 115 22 42
359 14 338 135 18 46
359 15 379 169 24 60
359 16 394 168 20 52
359 17 369 170 22 60
359 18 339 184 33 64
359 19 329 179 25 61
359 20 348 132 20 49
359 21 500 262 31 77
359 22 481 257 26 70
359 23 582 168 27 54
359 24 600 162 24 58
359 29 399 99 23 42
359 31 455 110 14 39
359 30 448 108 16 41
359 32 62 97 24 44
359 33 61 95 28 46
359 34 451 79 17 37
359 37 218 72 15 29
359 38 236 15 20 11
359 38 51 38 19 32
359 50 346 56 12 31
359 51 112 34 12 25
359 52 105 34 15 27
360 1 295 264 27 80
360 2 274 282 25 75
360 3 265 265 22 73
360 4 3 45 15 32
360 6 464 93 20 37
360 7 465 93 19 37
360 8 211 52 13 31
360 9 206 53 11 27
360 10 194 54 14 27
360 11 572 95 20 37
360 13 328 115 19 42
360 14 337 135 18 46
360 15 378 169 24 60
360 16 394 167 20 53
360 17 363 170 27 61
360 18 338 183 32 63
360 19 328 178 26 62
360 20 347 131 20 50
360 21 501 262 31 77
360 22 482 257 25 73
360 23 581 168 27 54
360 24 599 162 24 58
360 29 398 99 23 42
360 31 454 110 14 39
360 30 447 108 16 41
360 32 61 97 23 45
360 33 60 95 25 45
360 34 452 79 16 36
360 37 217 66 17 36
360 38 236 15 20 11
360 38 51 38 19 32
360 50 346 56 12 31
360 51 112 34 12 25
360 52 104 34 15 27
361 1 295 264 27 80
361 2 274 282 25 75
361 3 265 265 22 73
361 4 3 45 15 32
361 6 464 94 20 37
361 7 465 94 19 37
361 8 211 52 15 32
361 9 206 53 11 27
361 10 194 54 14 27
361 11 572 95 20 37
361 13 328 115 19 42
361 14 337 135 18 48
361 15 378 168 24 60
361 16 394 167 20 53
361 17 363 170 27 61
361 18 338 183 32 62
361 19 328 178 25 60
361 20 348 131 20 49
361 21 501 262 31 77
361 22 482 257 25 73
361 23 581 168 27 54
361 24 598 162 23 57
361 29 398 99 23 42
361 31 454 110 14 39
361 30 447 108 16 41
361 32 61 97 23 45
361 33 60 95 25 45
361 34 452 79 16 36
361 37 217 66 17 36
361 38 236 15 20 11
361 38 51 38 19 32
361 50 346 56 12 31
361 51 112 34 12 25
361 52 104 34 15 27
362 1 295 264 27 80
362 2 274 281 25 75
362 3 265 265 22 73
362 4 3 45 15 32
362 6 465 94 20 37
362 7 466 94 19 37
362 8 211 52 15 32
362 9 205 53 11 27
362 10 194 54 14 27
362 11 573 95 20 37
362 13 327 115 19 42
362 14 337 135 18 47
362 15 378 168 24 61
362 16 393 167 20 52
362 17 362 170 27 61
362 18 336 183 32 61
362 19 327 178 24 58
362 20 347 131 20 49
362 21 502 261 31 77
362 22 483 257 25 73
362 23 580 167 27 54
362 24 597 161 22 57
362 29 397 100 24 42
362 31 453 110 14 40
362 30 447 108 16 41
362 32 61 97 23 44
362 33 59 95 25 45
362 34 456 77 17 37
362 37 217 66 17 36
362 38 236 15 20 11
362 38 51 38 19 32
362 50 346 56 12 31
362 51 112 34 12 25
362 52 104 34 15 27
363 1 295 264 27 80
363 2 274 281 25 75
363 3 265 265 22 73
363 4 1 44 16 31
363 6 466 94 20 37
363 7 467 94 19 36
363 8 210 52 15 33
363 9 205 53 11 27
363 10 193 54 14 27
363 11 573 95 20 38
363 13 326 114 19 43
363 14 336 135 18 47
363 15 377 167 25 62
363 16 392 167 20 52
363 17 361 169 27 61
363 18 335 183 28 61
363 19 326 177 25 59
363 20 346 131 20 49
363 21 501 261 32 78
363 22 483 257 25 73
363 23 583 165 24 56
363 24 596 161 22 58
363 29 400 99 17 41
363 31 452 110 14 39
363 30 445 108 16 40
363 32 59 97 23 45
363 33 62 95 22 45
363 34 457 77 17 37
363 37 222 66 13 37
363 38 236 15 20 11
363 38 51 38 19 32
363 50 346 56 12 31
363 51 112 34 12 25
363 52 104 33 16 27
364 1 295 264 27 80
364 2 274 281 25 75
364 3 265 265 22 73
364 4 1 44 16 31
364 6 465 94 21 37
364 7 468 94 18 35
364 8 210 52 15 33
364 9 204 53 11 27
364 10 193 54 14 27
364 11 574 95 20 38
364 13 326 114 20 40
364 14 335 135 19 47
364 15 376 167 23 62
364 16 391 167 20 53
364 17 361 169 27 62
364 18 338 183 24 61
364 19 328 175 22 60
364 20 346 131 20 49
364 21 502 261 32 78
364 22 484 258 28 71
364 23 582 164 24 56
364 24 594 160 23 57
364 29 399 99 17 41
364 31 451 109 15 43
364 30 444 108 16 40
364 32 58 97 23 45
364 33 61 95 22 45
364 34 457 77 17 37
364 37 223 66 13 37
364 38 236 15 20 11
364 38 51 38 17 32
364 50 346 56 12 31
364 51 111 34 12 25
364 52 104 34 14 26
365 1 294 264 27 80
365 2 274 281 25 77
365 3 265 265 22 73
365 4 0 44 15 31
365 6 466 94 21 37
365 7 469 94 18 36
365 8 209 51 15 34
365 9 204 52 11 27
365 10 192 54 14 27
365 11 573 95 21 38
365 13 325 114 20 40
365 14 334 135 19 47
365 15 375 167 23 62
365 16 390 167 20 53
365 17 362 169 26 62
365 18 338 182 22 61
365 19 327 175 22 60
365 20 345 131 20 49
365 21 502 260 34 79
365 22 485 258 29 71
365 23 581 164 22 56
365 24 593 160 22 55
365 29 399 99 17 41
365 31 451 109 15 43
365 30 444 108 16 40
365 32 61 98 22 38
365 33 59 95 17 42
365 34 458 78 17 37
365 37 223 67 13 36
365 38 236 15 20 11
365 38 51 38 17 32
365 50 345 55 12 31
365 51 110 33 12 26
365 52 103 33 14 26
366 1 296 264 25 80
366 2 274 281 25 77
366 3 265 265 22 73
366 4 0 44 15 31
366 6 466 94 21 37
366 7 469 94 18 36
366 8 209 51 15 35
366 9 204 52 11 27
366 10 193 53 13 29
366 11 574 95 21 38
366 13 325 111 20 43
366 14 334 135 16 47
366 15 376 166 21 57
366 16 389 167 20 54
366 17 361 169 26 62
366 18 337 185 22 58
366 19 327 175 22 60
366 20 344 131 20 49
366 21 501 260 36 79
366 22 486 257 29 71
366 23 580 163 22 56
366 24 592 159 23 56
366 29 398 99 16 41
366 31 450 110 13 42
366 30 443 108 16 40
366 32 60 98 22 38
366 33 58 95 17 42
366 34 459 78 17 36
366 37 223 67 16 35
366 38 236 15 20 11
366 38 51 38 17 32
366 50 345 55 12 31
366 51 110 33 12 26
366 52 103 33 14 26
367 1 296 264 25 80
367 2 274 281 25 77
367 3 265 265 22 73
367 4 0 44 15 31
367 6 466 94 21 37
367 7 469 94 18 36
367 8 209 51 13 32
367 9 204 52 11 27
367 10 193 53 13 29
367 11 577 95 17 38
367 13 325 111 20 43
367 14 334 135 16 47
367 15 376 166 21 57
367 16 390 167 20 53
367 17 361 169 26 59
367 18 334 182 26 61
367 19 327 175 22 60
367 20 344 131 20 49
367 21 501 260 36 79
367 22 486 257 29 71
367 23 580 163 22 54
367 24 592 159 23 56
367 29 398 99 16 41
367 31 450 110 13 42
367 30 443 108 16 40
367 32 60 98 22 38
367 33 58 95 17 42
367 34 459 78 17 36
367 37 223 67 16 35
367 38 236 15 20 11
367 38 51 38 17 32
367 50 345 55 12 31
367 51 110 33 12 26
367 52 103 33 14 26
368 1 296 264 25 80
368 2 274 281 25 77
368 3 265 265 22 73
368 4 0 44 14 30
368 6 470 94 18 36
368 7 470 94 18 36
368 8 209 51 14 30
368 9 203 52 11 27
368 10 193 53 13 30
368 11 577 95 17 38
368 13 322 111 21 43
368 14 333 135 16 46
368 15 375 166 21 57
368 16 389 166 20 53
368 17 360 169 26 59
368 18 336 185 24 58
368 19 326 174 22 60
368 20 343 131 20 49
368 21 502 260 36 79
368 22 487 256 29 72
368 23 579 162 22 54
368 24 591 158 23 56
368 29 397 100 16 40
368 31 449 110 13 42
368 30 443 108 16 40
368 32 59 98 22 39
368 33 56 95 17 43
368 34 461 79 16 35
368 37 224 67 16 35
368 38 236 15 20 11
368 38 51 38 17 32
368 50 345 55 12 31
368 51 110 33 12 27
368 52 103 33 14 25
369 1 296 264 25 80
369 2 274 281 25 77
369 3 265 265 22 73
369 4 0 44 15 32
369 6 470 94 18 38
369 7 470 94 18 35
369 8 209 51 13 32
369 9 203 52 11 27
369 10 192 52 13 31
369 11 581 95 14 39
369 13 321 111 21 42
369 14 332 134 16 47
369 15 374 165 21 57
369 16 388 166 20 53
369 17 361 168 24 60
369 18 332 181 26 60
369 19 325 174 22 59
369 20 343 130 20 49
369 21 504 259 35 80
369 22 487 256 29 72
369 23 578 162 22 54
369 24 589 158 25 55
369 29 396 98 15 41
369 31 448 110 13 42
369 30 442 107 16 41
369 32 58 98 23 39
369 33 55 95 18 44
369 34 462 78 16 36
369 37 225 67 17 35
369 38 236 15 20 11
369 38 51 37 16 32
369 43 129 33 12 21
369 50 345 55 12 31
369 51 110 33 12 27
369 52 103 33 14 26
370 1 296 264 25 80
370 2 274 281 25 77
370 3 265 265 22 73
370 4 0 44 15 32
370 6 471 94 18 38
370 7 471 94 19 38
370 8 208 51 13 32
370 9 202 52 12 31
370 10 192 52 13 31
370 11 583 95 16 38
370 13 321 111 20 42
370 14 333 132 15 46
370 15 374 165 21 58
370 16 387 166 20 53
370 17 360 168 24 58
370 18 334 181 24 62
370 19 324 175 21 58
370 20 342 130 20 49
370 21 505 259 35 80
370 22 489 255 29 72
370 23 577 162 22 54
370 24 588 158 25 55
370 29 395 98 15 41
370 31 448 110 13 42
370 30 441 107 15 41
370 32 57 98 23 40
370 33 54 95 18 44
370 34 463 80 16 34
370 37 225 67 17 35
370 38 236 15 20 11
370 38 51 37 16 32
370 43 129 33 12 21
370 50 345 55 12 31
370 51 109 33 12 27
370 52 102 33 14 26
371 1 296 264 25 80
371 2 274 281 25 77
371 3 265 264 22 73
371 4 0 43 14 31
371 6 471 94 18 38
371 7 472 94 19 38
371 8 208 51 13 31
371 9 202 52 12 31
371 10 192 52 13 30
371 11 583 95 16 38
371 13 320 111 22 41
371 14 330 131 17 47
371 15 373 165 21 56
371 16 386 166 21 50
371 17 361 168 20 58
371 18 330 181 26 62
371 19 323 174 21 57
371 20 341 129 20 50
371 21 505 258 37 76
371 22 491 254 28 68
371 23 575 162 23 56
371 24 584 158 27 55
371 29 394 99 15 40
371 31 444 107 14 45
371 30 439 107 15 41
371 32 55 98 24 40
371 33 53 95 20 44
371 34 461 76 18 39
371 37 226 67 17 35
371 38 236 15 20 11
371 38 50 37 16 31
371 43 129 33 12 21
371 50 345 55 12 31
371 51 109 33 12 27
371 52 102 33 14 26
372 1 296 264 25 80
372 2 274 280 25 77
372 3 265 264 22 74
372 4 0 42 14 31
372 6 474 94 16 38
372 7 472 94 19 38
372 8 207 51 14 33
372 9 202 52 12 31
372 10 191 52 14 30
372 11 584 95 19 38
372 13 319 111 22 41
372 14 329 130 17 48
372 15 372 165 21 56
372 16 385 166 21 50
372 17 361 168 19 58
372 18 329 181 25 60
372 19 323 173 22 59
372 20 340 129 19 47
372 21 506 257 38 76
372 22 492 252 28 69
372 23 574 163 23 55
372 24 583 158 25 55
372 29 389 99 20 40
372 31 443 107 14 45
372 30 438 107 15 41
372 32 54 98 24 41
372 33 52 95 20 44
372 34 461 76 18 39
372 37 227 67 17 36
372 38 236 15 20 11
372 38 50 37 16 31
372 43 129 33 12 21
372 50 345 55 12 31
372 51 109 33 12 27
372 52 102 33 14 26
373 1 296 264 25 80
373 2 274 280 25 77
373 3 265 264 22 73
373 4 0 42 14 31
373 6 474 94 16 38
373 7 472 94 19 38
373 8 207 51 14 33
373 9 202 52 12 31
373 10 191 52 14 30
373 11 584 95 19 38
373 13 319 111 22 41
373 14 329 130 17 48
373 15 372 165 20 56
373 16 385 166 21 50
373 17 360 168 20 58
373 18 330 181 25 60
373 19 323 173 21 58
373 20 340 129 19 47
373 21 506 257 38 76
373 22 492 252 28 69
373 23 574 163 23 55
373 24 583 158 25 55
373 29 389 99 20 40
373 31 443 107 14 45
373 30 438 107 15 41
373 32 54 98 18 41
373 33 52 95 20 44
373 34 461 76 18 39
373 37 226 65 17 38
373 38 236 15 20 11
373 38 50 37 16 31
373 43 129 33 12 21
373 50 345 55 12 31
373 51 109 33 12 27
373 52 102 33 14 26
374 1 296 264 25 80
374 2 274 280 25 78
374 3 265 264 22 74
374 4 0 42 14 31
374 6 475 94 16 38
374 7 473 94 19 38
374 8 207 51 14 33
374 9 201 52 12 30
374 10 191 52 13 30
374 11 584 95 19 38
374 13 319 111 22 41
374 14 329 130 17 48
374 15 371 165 20 56
374 16 384 165 21 51
374 17 360 167 20 58
374 18 328 180 25 61
374 19 322 173 21 57
374 20 339 128 19 48
374 21 507 257 38 76
374 22 492 252 28 70
374 23 573 161 23 56
374 24 582 158 25 55
374 29 388 99 20 40
374 31 443 107 14 45
374 30 436 107 16 42
374 32 52 97 19 42
374 33 51 95 20 44
374 34 465 74 20 42
374 37 227 65 17 38
374 38 236 15 20 11
374 38 50 37 16 31
374 43 129 33 12 21
374 50 345 55 12 31
374 51 109 33 12 27
374 52 102 33 14 26
375 1 296 264 25 80
375 2 274 280 25 78
375 3 265 264 22 74
375 4 0 42 13 30
375 6 474 94 18 38
375 7 473 94 19 38
375 8 206 51 14 33
375 9 201 52 12 30
375 10 190 52 14 30
375 11 586 95 18 38
375 13 318 110 22 41
375 14 326 130 19 47
375 15 370 164 21 56
375 16 385 164 20 50
375 17 359 167 20 59
375 18 330 179 22 60
375 19 321 172 21 56
375 20 339 128 19 48
375 21 509 256 38 75
375 22 494 251 28 69
375 23 572 162 22 55
375 24 581 157 25 55
375 29 387 99 20 41
375 31 440 107 18 44
375 30 435 107 17 42
375 32 51 97 19 42
375 33 50 95 20 45
375 34 466 74 20 42
375 37 227 65 17 38
375 38 236 15 20 11
375 38 50 37 16 31
375 43 130 32 12 21
375 50 345 55 13 31
375 51 109 33 12 27
375 52 101 33 14 26
376 1 296 264 25 80
376 2 274 280 25 78
376 3 265 264 22 74
376 4 0 41 13 30
376 6 474 94 19 38
376 7 473 94 21 38
376 8 206 51 14 33
376 9 200 52 12 30
376 10 190 52 12 30
376 11 586 95 18 39
376 13 316 110 23 41
376 14 326 130 19 46
376 15 370 164 21 56
376 16 384 164 20 50
376 17 357 167 20 59
376 18 328 179 23 60
376 19 320 171 21 57
376 20 338 128 19 48
376 21 511 255 38 77
376 22 494 251 28 69
376 23 571 162 22 55
376 24 580 157 25 55
376 29 387 99 22 42
376 31 439 107 18 44
376 30 434 107 17 42
376 32 50 97 19 43
376 33 49 95 20 45
376 34 468 74 22 42
376 37 228 65 17 38
376 38 236 15 20 11
376 38 50 37 16 31
376 43 130 32 12 23
376 50 345 55 13 31
376 51 108 33 13 26
376 52 101 33 14 26
377 1 296 264 25 80
377 2 274 281 25 78
377 3 265 264 22 74
377 4 0 41 13 30
377 6 473 94 22 38
377 7 474 94 21 38
377 8 206 51 14 33
377 9 200 52 12 30
377 10 190 52 12 30
377 11 586 95 18 38
377 13 315 110 23 43
377 14 323 130 21 46
377 15 368 163 21 58
377 16 383 164 20 50
377 17 355 166 22 59
377 18 328 178 21 60
377 19 319 171 21 57
377 20 337 127 19 48
377 21 512 254 38 77
377 22 495 250 28 70
377 23 570 161 20 51
377 24 581 156 21 54
377 29 386 99 22 42
377 31 438 107 18 44
377 30 433 107 16 42
377 32 50 97 20 43
377 33 49 95 21 45
377 34 469 74 23 41
377 37 229 65 17 38
377 38 236 15 20 11
377 38 49 37 16 31
377 43 130 32 12 23
377 50 345 55 13 31
377 51 108 33 13 26
377 52 101 33 14 26
378 1 296 265 25 80
378 2 274 281 25 78
378 3 265 264 22 74
378 4 -2 41 14 31
378 6 474 94 22 38
378 7 474 94 21 38
378 8 206 50 13 29
378 9 200 52 12 30
378 10 189 52 12 30
378 11 584 95 23 37
378 13 314 110 23 43
378 14 322 130 21 47
378 15 369 163 21 56
378 16 383 163 20 49
378 17 354 166 22 59
378 18 326 180 24 57
378 19 320 170 21 56
378 20 337 127 19 48
378 21 514 254 37 75
378 22 495 250 29 70
378 23 569 160 20 52
378 24 580 156 21 53
378 29 386 99 22 42
378 31 436 107 19 42
378 30 432 107 18 42
378 32 49 97 20 44
378 33 47 95 21 45
378 34 469 74 23 41
378 37 230 65 17 39
378 38 236 15 20 11
378 38 49 37 17 30
378 43 130 32 12 23
378 44 139 31 12 26
378 50 345 55 13 31
378 51 108 33 13 26
378 52 101 33 14 26
379 1 296 265 25 80
379 2 274 281 25 78
379 3 265 264 22 74
379 4 -2 41 15 31
379 6 474 92 22 40
379 7 474 94 21 38
379 8 206 50 13 29
379 9 200 52 12 30
379 10 189 52 12 30
379 11 584 95 23 37
379 13 316 107 21 43
379 14 322 130 21 47
379 15 369 163 21 56
379 16 383 163 21 52
379 17 354 166 22 59
379 18 326 177 24 60
379 19 320 170 21 56
379 20 337 127 19 48
379 21 512 254 38 78
379 22 495 250 29 73
379 23 569 160 20 52
379 24 580 156 21 53
379 29 386 99 22 42
379 31 436 107 19 42
379 30 432 107 18 42
379 32 49 97 20 44
379 33 47 95 21 45
379 34 474 74 18 41
379 37 230 65 17 39
379 38 236 15 20 11
379 38 49 37 17 30
379 43 130 32 12 23
379 44 139 31 12 26
379 50 345 55 13 31
379 51 108 33 13 26
379 52 101 33 14 26
380 1 296 265 25 79
380 2 274 281 25 78
380 3 265 263 22 74
380 4 -2 41 15 31
380 6 475 92 22 40
380 7 475 94 21 38
380 8 206 50 13 29
380 9 198 52 13 30
380 10 189 51 12 31
380 11 588 94 19 38
380 13 315 107 21 43
380 14 321 130 21 47
380 15 368 162 21 56
380 16 382 163 21 52
380 17 354 165 22 60
380 18 324 177 25 60
380 19 319 170 20 56
380 20 336 127 19 48
380 21 518 254 37 76
380 22 496 250 29 73
380 23 568 158 20 53
380 24 579 155 21 54
380 29 385 99 22 42
380 31 435 107 19 42
380 30 431 107 18 42
380 32 48 97 20 44
380 33 46 95 21 44
380 34 475 74 18 41
380 37 231 65 17 39
380 38 236 15 20 11
380 38 49 37 17 30
380 43 131 32 12 23
380 44 139 31 12 26
380 50 345 55 13 31
380 51 108 33 13 26
380 52 101 33 14 26
381 1 296 265 26 82
381 2 274 280 25 79
381 3 265 263 22 75
381 4 -2 42 15 31
381 6 475 92 22 40
381 7 475 94 21 38
381 8 205 50 13 29
381 9 198 52 12 29
381 10 189 51 12 31
381 11 588 94 19 38
381 13 314 106 21 43
381 14 323 129 20 47
381 15 367 161 21 57
381 16 382 162 21 53
381 17 353 164 23 60
381 18 323 177 25 59
381 19 318 170 20 55
381 20 335 127 19 48
381 21 519 254 37 76
381 22 496 250 33 73
381 23 566 157 21 54
381 24 578 154 21 54
381 29 386 99 18 41
381 31 434 107 19 43
381 30 430 107 18 43
381 32 48 97 22 39
381 33 45 94 21 44
381 34 469 74 25 41
381 37 231 66 21 38
381 38 236 15 20 11
381 38 49 37 17 30
381 43 131 32 12 23
381 44 139 31 12 25
381 50 345 55 13 31
381 51 108 33 13 26
381 52 101 33 14 26
382 1 296 265 25 80
382 2 274 280 25 79
382 3 265 263 23 75
382 4 -2 42 15 31
382 6 476 92 19 39
382 7 476 94 21 38
382 8 205 50 13 29
382 9 198 51 12 30
382 10 188 51 14 31
382 11 591 94 20 39
382 13 314 106 21 46
382 14 322 129 20 47
382 15 367 161 21 54
382 16 382 162 21 53
382 17 352 164 23 61
382 18 319 177 26 59
382 19 318 170 20 55
382 20 334 127 19 47
382 21 520 254 38 76
382 22 497 250 33 73
382 23 565 158 22 52
382 24 577 154 21 53
382 29 385 99 18 41
382 31 433 107 19 41
382 30 429 107 18 42
382 32 46 97 23 39
382 33 44 94 21 44
382 34 470 74 25 41
382 37 232 66 21 38
382 38 236 15 20 11
382 38 49 37 17 30
382 43 131 32 12 24
382 44 139 31 12 25
382 50 345 55 13 31
382 51 108 33 13 26
382 52 100 33 14 26
383 1 296 266 25 80
383 2 274 282 25 77
383 3 265 263 23 75
383 4 -3 41 15 31
383 6 477 92 19 39
383 7 477 94 19 38
383 8 205 50 13 28
383 9 197 50 12 32
383 10 188 51 14 31
383 11 592 94 20 39
383 13 313 106 21 45
383 14 322 128 20 48
383 15 366 161 21 54
383 16 381 162 21 53
383 17 351 163 23 61
383 18 320 177 26 59
383 19 316 170 21 54
383 20 334 127 19 47
383 21 520 252 38 77
383 22 497 249 35 72
383 23 563 158 23 52
383 24 576 153 21 53
383 29 385 99 18 42
383 31 432 106 19 43
383 30 428 106 18 43
383 32 45 97 23 40
383 33 43 94 21 45
383 34 470 74 25 41
383 37 233 66 21 38
383 38 236 15 20 11
383 38 48 37 17 30
383 43 131 32 12 24
383 44 139 31 12 25
383 50 345 55 13 31
383 51 107 33 13 26
383 52 100 32 14 26
384 1 296 266 24 78
384 2 274 282 25 77
384 3 265 262 23 75
384 4 -3 41 15 31
384 6 478 92 20 38
384 7 478 94 19 38
384 8 205 50 13 28
384 9 197 50 12 31
384 10 188 51 14 30
384 11 592 94 20 39
384 13 313 106 20 45
384 14 321 128 20 48
384 15 366 160 21 55
384 16 380 162 21 51
384 17 349 163 22 60
384 18 319 177 26 61
384 19 315 170 21 54
384 20 333 126 19 47
384 21 523 252 37 77
384 22 498 249 35 72
384 23 559 158 26 52
384 24 575 153 21 53
384 29 383 99 19 42
384 31 431 106 17 43
384 30 427 106 18 43
384 32 44 97 23 39
384 33 42 94 18 44
384 34 473 75 23 40
384 37 233 67 21 38
384 38 236 15 20 11
384 38 48 36 17 31
384 43 132 32 12 24
384 44 139 31 12 25
384 50 345 55 13 31
384 51 107 33 13 26
384 52 100 32 14 26
385 1 296 266 25 81
385 2 274 282 25 77
385 3 265 262 23 75
385 4 -3 41 15 31
385 6 478 92 18 38
385 7 478 94 19 38
385 8 205 50 13 28
385 9 198 51 11 28
385 10 188 51 14 30
385 11 594 97 19 36
385 13 311 106 22 45
385 14 321 128 21 49
385 15 365 160 21 55
385 16 380 162 20 52
385 17 351 162 22 59
385 18 319 177 26 59
385 19 315 170 21 54
385 20 333 126 19 47
385 21 523 252 37 79
385 22 498 249 35 72
385 23 559 158 26 52
385 24 575 153 21 53
385 29 383 99 18 43
385 31 431 106 17 43
385 30 427 106 18 43
385 32 44 97 25 40
385 33 42 94 18 44
385 34 473 75 23 40
385 37 233 67 21 38
385 38 236 15 20 11
385 38 48 36 17 31
385 43 132 32 12 24
385 44 139 31 12 25
385 50 345 55 13 31
385 51 107 33 13 26
385 52 100 32 14 26
386 1 296 266 25 79
386 2 274 282 25 77
386 3 265 262 23 75
386 4 -3 41 15 31
386 6 479 93 19 37
386 7 479 94 20 38
386 8 204 50 14 32
386 9 198 51 11 28
386 10 187 51 13 30
386 11 596 97 19 36
386 13 310 106 22 44
386 14 321 127 19 47
386 15 364 160 21 55
386 16 379 162 20 52
386 17 350 161 22 59
386 18 318 177 26 59
386 19 314 170 21 54
386 20 332 126 20 46
386 21 524 252 37 79
386 22 499 248 35 73
386 23 558 158 25 52
386 24 575 153 21 54
386 29 382 99 18 43
386 31 430 106 17 43
386 30 426 106 19 44
386 32 43 97 25 40
386 33 41 94 18 44
386 34 474 75 23 39
386 37 234 67 21 38
386 38 236 15 20 11
386 38 48 36 17 31
386 43 132 32 12 24
386 44 139 31 12 25
386 50 345 55 13 31
386 51 107 33 12 25
386 52 100 32 14 26
387 1 296 267 25 80
387 2 274 281 25 78
387 3 265 262 23 76
387 4 -3 41 15 31
387 6 479 93 18 38
387 7 480 94 20 37
387 8 204 50 14 32
387 9 197 50 11 30
387 10 187 51 13 30
387 11 596 97 19 36
387 13 308 106 24 45
387 14 320 126 19 47
387 15 364 160 21 56
387 16 379 161 20 52
387 17 350 161 22 59
387 18 319 176 25 60
387 19 312 169 21 55
387 20 331 126 20 46
387 21 524 251 37 79
387 22 500 247 36 74
387 23 557 158 25 52
387 24 572 152 21 54
387 29 382 99 18 43
387 31 429 106 17 44
387 30 425 106 19 44
387 32 42 96 22 42
387 33 40 94 18 44
387 34 475 76 23 39
387 37 235 67 19 38
387 38 236 15 20 11
387 38 48 36 18 31
387 43 132 32 12 24
387 44 139 31 12 25
387 50 345 55 13 31
387 51 107 33 12 25
387 52 99 32 14 27
388 1 296 267 24 77
388 2 274 281 25 78
388 3 265 261 23 76
388 4 -4 40 14 31
388 6 484 92 17 40
388 7 483 91 18 42
388 8 204 50 14 32
388 9 197 50 11 29
388 10 187 51 13 30
388 11 597 97 19 36
388 13 307 106 24 45
388 14 320 126 19 47
388 15 359 159 25 56
388 16 378 158 20 54
388 17 349 161 22 59
388 18 318 176 23 57
388 19 311 169 21 54
388 20 330 125 20 46
388 21 525 251 37 80
388 22 501 247 36 74
388 23 557 158 24 51
388 24 571 154 24 54
388 29 379 99 20 43
388 31 428 106 19 43
388 30 427 106 16 41
388 32 40 96 22 43
388 33 38 94 22 47
388 34 481 76 17 38
388 37 236 67 19 38
388 38 236 15 20 11
388 38 48 36 18 31
388 43 132 32 12 24
388 44 139 31 12 25
388 50 345 55 13 31
388 51 107 33 12 25
388 52 99 32 14 26
389 1 297 268 24 76
389 2 274 281 25 78
389 3 265 261 23 77
389 4 -4 40 14 31
389 6 485 92 17 40
389 7 484 91 18 42
389 8 203 50 14 32
389 9 196 50 12 29
389 10 186 51 13 30
389 11 598 97 19 35
389 13 307 106 24 45
389 14 320 126 17 47
389 15 358 159 25 56
389 16 377 158 20 54
389 17 348 160 22 59
389 18 316 175 23 58
389 19 309 167 21 55
389 20 330 125 20 46
389 21 526 250 37 80
389 22 502 246 36 71
389 23 556 158 24 51
389 24 570 153 23 54
389 29 378 99 20 43
389 31 427 106 19 43
389 30 426 106 16 41
389 32 38 96 23 43
389 33 37 94 22 47
389 34 482 76 17 38
389 37 236 67 19 38
389 38 236 15 20 11
389 38 48 36 18 31
389 43 132 32 12 24
389 44 139 33 12 24
389 50 345 55 13 31
389 51 105 33 13 25
389 52 99 32 14 26
390 1 295 267 24 79
390 2 274 281 25 78
390 3 265 261 23 77
390 4 -4 41 15 31
390 6 485 92 17 40
390 7 484 91 18 42
390 8 203 50 14 32
390 9 196 50 12 29
390 10 187 51 12 30
390 11 598 97 19 36
390 13 306 106 24 45
390 14 319 126 17 47
390 15 358 159 25 56
390 16 377 157 20 55
390 17 347 160 22 60
390 18 315 175 22 57
390 19 309 167 21 55
390 20 329 124 20 46
390 21 527 249 35 79
390 22 504 246 35 71
390 23 555 157 24 52
390 24 569 153 23 55
390 29 377 99 21 42
390 31 426 106 19 43
390 30 425 106 16 41
390 32 37 96 23 42
390 33 36 94 22 47
390 34 483 76 17 38
390 37 236 67 19 38
390 38 236 15 20 11
390 38 48 36 16 30
390 43 134 32 11 25
390 44 139 31 12 25
390 50 345 55 13 31
390 51 105 33 13 25
390 52 99 33 13 23
391 1 295 267 24 79
391 2 274 281 25 78
391 3 265 261 23 77
391 4 -4 41 13 31
391 6 485 92 17 40
391 7 484 91 18 42
391 8 203 50 14 32
391 9 196 50 12 29
391 10 187 51 12 30
391 11 597 97 20 37
391 13 307 106 22 45
391 14 319 126 17 47
391 15 358 159 25 56
391 16 377 157 19 53
391 17 347 160 22 59
391 18 313 174 25 58
391 19 309 167 21 55
391 20 329 124 20 46
391 21 527 249 35 79
391 22 504 246 33 71
391 23 555 157 24 52
391 24 569 153 23 55
391 29 377 99 21 42
391 31 426 106 18 43
391 30 425 106 16 41
391 32 37 96 24 44
391 33 36 94 22 47
391 34 482 76 17 38
391 37 238 67 17 38
391 38 236 15 20 11
391 38 48 36 16 30
391 43 132 32 12 24
391 44 139 33 12 24
391 50 345 55 13 31
391 51 105 33 13 25
391 52 99 33 13 23
392 1 295 267 24 79
392 2 274 281 25 78
392 3 265 260 23 77
392 4 -4 41 13 30
392 6 486 92 17 41
392 7 485 91 18 43
392 8 203 50 14 30
392 9 195 50 12 29
392 10 187 51 12 30
392 11 598 97 20 37
392 13 306 106 22 45
392 14 319 126 17 47
392 15 357 159 25 55
392 16 376 157 19 53
392 17 346 160 22 58
392 18 313 174 22 58
392 19 308 166 21 55
392 20 329 124 20 46
392 21 528 249 35 79
392 22 505 246 33 71
392 23 558 156 21 51
392 24 568 152 23 55
392 29 376 98 21 43
392 31 425 106 18 43
392 30 424 106 16 41
392 32 36 96 23 42
392 33 35 94 22 48
392 34 484 76 17 38
392 37 238 67 17 38
392 38 236 15 20 11
392 38 48 36 16 30
392 43 132 32 12 24
392 44 139 33 12 23
392 50 345 55 13 31
392 51 105 33 13 25
392 52 99 33 13 23
393 1 295 267 24 79
393 2 274 280 25 78
393 3 265 259 24 79
393 4 -4 41 15 31
393 6 486 92 17 40
393 7 485 91 18 42
393 8 203 50 14 32
393 9 195 48 12 31
393 10 186 51 12 30
393 11 598 97 20 37
393 13 305 106 22 46
393 14 318 126 17 47
393 15 357 158 25 56
393 16 376 156 19 54
393 17 345 160 22 58
393 18 312 174 22 58
393 19 307 165 21 55
393 20 328 124 20 46
393 21 531 248 32 75
393 22 510 245 29 71
393 23 557 155 21 52
393 24 567 152 23 55
393 29 375 98 21 43
393 31 424 106 18 43
393 30 423 106 16 42
393 32 36 96 23 42
393 33 35 94 25 47
393 34 484 77 17 38
393 37 239 67 17 38
393 38 236 15 20 11
393 38 48 36 16 30
393 43 132 32 12 24
393 44 139 33 11 23
393 50 345 55 13 31
393 51 105 33 13 25
393 52 99 33 13 23
394 1 295 268 24 78
394 2 274 280 25 78
394 3 265 259 24 78
394 4 -5 41 13 30
394 6 486 92 19 41
394 7 486 91 18 42
394 8 202 48 14 32
394 9 195 48 12 31
394 10 186 51 12 30
394 11 599 97 20 37
394 13 309 105 18 44
394 14 316 127 18 43
394 15 356 158 25 56
394 16 375 156 19 53
394 17 342 160 23 56
394 18 312 173 22 58
394 19 305 165 21 55
394 20 328 124 20 46
394 21 532 248 32 75
394 22 511 245 29 71
394 23 556 155 21 50
394 24 567 151 21 53
394 29 374 98 21 43
394 31 423 106 18 43
394 30 422 106 16 41
394 32 35 96 23 42
394 33 34 94 25 47
394 34 485 77 17 37
394 37 240 68 17 38
394 38 236 15 20 11
394 38 48 36 16 30
394 43 132 32 12 24
394 44 139 33 12 23
394 50 345 55 13 31
394 51 105 33 13 25
394 52 98 33 13 23
395 1 295 268 24 78
395 2 274 280 25 78
395 3 265 259 24 80
395 4 -5 40 13 31
395 6 487 92 19 41
395 7 486 92 21 42
395 8 202 48 14 32
395 9 194 48 12 31
395 10 186 50 12 31
395 11 600 98 20 36
395 13 308 105 18 44
395 14 315 127 19 45
395 15 355 157 25 56
395 16 374 155 19 54
395 17 341 160 23 56
395 18 309 172 24 59
395 19 305 164 21 55
395 20 327 124 20 45
395 21 533 247 32 75
395 22 512 244 29 70
395 23 556 154 21 52
395 24 566 150 21 54
395 29 373 98 23 44
395 31 422 106 16 40
395 30 421 107 15 38
395 32 34 97 23 42
395 33 33 94 25 47
395 34 486 77 17 37
395 37 241 68 17 37
395 38 236 15 20 11
395 38 48 36 16 30
395 43 132 32 12 24
395 44 138 31 12 25
395 50 345 55 13 31
395 51 104 33 13 25
395 52 98 33 13 23
396 1 295 268 24 78
396 2 274 280 25 79
396 3 265 259 24 80
396 4 -5 40 13 30
396 6 487 92 19 41
396 7 487 92 21 42
396 8 202 48 14 32
396 9 194 48 12 31
396 10 185 50 12 31
396 11 601 98 21 36
396 13 308 104 18 45
396 14 314 127 19 45
396 15 354 157 25 57
396 16 374 155 19 54
396 17 341 160 23 56
396 18 309 172 23 60
396 19 304 164 21 55
396 20 326 124 20 45
396 21 533 247 32 75
396 22 512 244 29 71
396 23 555 154 19 50
396 24 565 150 21 54
396 29 372 98 23 44
396 31 421 106 16 40
396 30 420 107 15 39
396 32 32 97 23 42
396 33 32 94 26 49
396 34 482 77 21 39
396 37 242 69 17 38
396 38 236 15 20 11
396 38 48 36 16 29
396 43 132 32 12 24
396 44 138 31 12 26
396 50 345 55 13 31
396 51 104 33 13 25
396 52 98 33 13 23
397 1 295 268 24 78
397 2 274 280 25 78
397 3 265 259 24 80
397 4 -5 40 13 30
397 6 487 92 19 41
397 7 487 92 21 42
397 8 202 48 14 32
397 9 194 48 12 31
397 10 185 50 12 30
397 11 601 98 19 36
397 13 308 104 18 45
397 14 314 127 19 45
397 15 356 157 23 55
397 16 374 155 19 53
397 17 341 160 23 56
397 18 309 172 23 60
397 19 304 164 21 55
397 20 326 124 20 45
397 21 534 247 32 75
397 22 512 244 29 71
397 23 555 154 19 50
397 24 565 150 21 54
397 29 372 98 23 44
397 31 421 106 16 40
397 30 420 106 16 41
397 32 33 97 23 42
397 33 32 94 25 48
397 34 482 77 21 39
397 37 242 69 16 37
397 38 236 15 20 11
397 38 48 36 16 29
397 43 132 32 12 24
397 44 139 31 11 25
397 50 345 55 13 31
397 51 104 33 13 25
397 52 98 33 13 23
398 1 295 268 24 78
398 2 274 280 26 79
398 3 265 259 24 80
398 4 -6 39 14 30
398 6 488 93 19 41
398 7 487 92 21 42
398 8 201 46 14 33
398 9 194 48 12 32
398 10 185 50 12 31
398 11 602 98 20 36
398 13 305 104 21 44
398 14 314 127 19 45
398 15 355 156 23 55
398 16 374 155 19 52
398 17 340 159 23 56
398 18 308 172 23 60
398 19 303 164 21 54
398 20 326 124 20 45
398 21 534 247 32 74
398 22 513 244 29 70
398 23 554 154 18 50
398 24 564 149 21 53
398 29 373 98 20 42
398 31 420 106 16 41
398 30 419 106 16 40
398 32 31 97 25 41
398 33 30 95 22 43
398 34 483 77 21 39
398 37 242 69 16 36
398 38 236 15 20 11
398 38 48 36 16 29
398 43 132 32 12 24
398 44 139 31 11 25
398 50 345 55 12 31
398 51 104 33 13 25
398 52 98 33 13 23
399 1 295 268 24 78
399 2 273 280 26 79
399 3 265 259 24 80
399 4 -6 39 14 30
399 6 489 93 19 41
399 7 488 93 21 42
399 8 201 46 14 33
399 9 193 47 12 32
399 10 185 50 12 30
399 11 604 97 21 37
399 13 304 104 21 44
399 14 313 126 19 46
399 15 354 156 22 55
399 16 372 155 19 53
399 17 339 159 23 57
399 18 308 172 23 60
399 19 303 164 21 54
399 20 325 124 19 45
399 21 535 246 32 77
399 22 514 244 29 71
399 23 553 154 18 50
399 24 563 149 21 53
399 29 372 98 20 42
399 31 419 106 16 41
399 30 418 106 16 42
399 32 29 97 26 41
399 33 29 95 22 43
399 34 484 77 21 39
399 37 243 69 18 38
399 38 236 15 20 11
399 38 48 36 16 29
399 43 132 32 12 24
399 44 139 31 11 25
399 50 345 55 12 31
399 51 104 33 13 25
399 52 98 33 13 23
400 1 295 268 24 78
400 2 273 280 25 78
400 3 265 259 24 80
400 4 -6 39 14 30
400 6 488 93 21 41
400 7 487 93 23 42
400 8 203 48 12 31
400 9 194 49 11 29
400 10 185 50 12 29
400 11 607 97 18 37
400 13 304 104 21 43
400 14 313 125 18 45
400 15 353 156 22 55
400 16 367 155 24 53
400 17 341 158 21 57
400 18 307 172 22 59
400 19 302 164 21 54
400 20 324 123 19 45
400 21 536 246 32 77
400 22 515 244 29 71
400 23 549 153 22 52
400 24 563 148 21 53
400 29 371 98 20 42
400 31 418 106 16 41
400 30 417 106 16 42
400 32 28 97 26 42
400 33 28 95 22 43
400 34 485 78 21 39
400 37 244 69 18 38
400 38 236 15 20 11
400 38 46 36 17 29
400 43 134 32 11 25
400 44 139 31 11 25
400 50 345 55 12 31
400 51 104 33 13 25
400 52 97 33 13 23
401 1 295 268 24 78
401 2 273 280 26 79
401 3 265 259 24 80
401 4 -5 40 13 30
401 6 489 93 19 41
401 7 488 93 21 42
401 8 201 48 14 31
401 9 194 49 11 29
401 10 185 50 12 29
401 11 608 97 18 37
401 13 302 104 22 42
401 14 312 125 18 45
401 15 352 155 22 55
401 16 366 155 24 53
401 17 340 157 21 58
401 18 306 172 22 59
401 19 301 164 20 53
401 20 324 123 20 45
401 21 536 246 32 78
401 22 515 244 30 71
401 23 548 153 22 52
401 24 561 148 21 54
401 29 371 98 17 42
401 31 418 105 16 41
401 30 416 107 16 41
401 32 27 97 26 42
401 33 27 95 22 43
401 34 491 78 16 38
401 37 244 69 18 38
401 38 236 15 20 11
401 38 46 36 17 29
401 43 134 32 11 25
401 44 139 31 11 25
401 50 346 55 12 31
401 51 104 33 13 25
401 52 97 32 13 24
402 1 295 268 24 78
402 2 273 280 25 79
402 3 265 259 27 73
402 4 -7 40 14 30
402 6 489 93 21 41
402 7 489 93 21 42
402 8 201 48 14 31
402 9 193 49 11 29
402 10 183 50 13 29
402 11 612 97 14 36
402 13 301 104 22 42
402 14 310 124 20 46
402 15 351 155 22 54
402 16 367 155 22 53
402 17 340 157 21 58
402 18 304 171 22 58
402 19 301 163 21 54
402 20 323 122 20 46
402 21 535 245 34 73
402 22 516 244 30 71
402 23 547 153 22 52
402 24 557 148 24 54
402 29 370 98 17 42
402 31 416 105 16 41
402 30 415 107 16 40
402 32 26 97 27 43
402 33 26 95 23 45
402 34 493 78 15 38
402 37 245 69 18 38
402 38 236 15 20 11
402 38 46 36 17 29
402 43 134 32 11 25
402 44 141 32 11 24
402 50 346 55 12 31
402 51 103 32 13 25
402 52 97 32 13 24
403 1 295 268 24 78
403 2 273 280 25 78
403 3 265 259 27 73
403 4 -7 40 14 30
403 6 489 93 21 41
403 7 489 93 21 42
403 8 201 48 14 31
403 9 194 49 11 29
403 10 183 50 13 29
403 11 611 97 15 37
403 13 301 104 22 42
403 14 310 124 20 46
403 15 351 155 22 54
403 16 367 155 22 53
403 17 339 157 21 57
403 18 305 173 22 56
403 19 301 163 20 53
403 20 323 122 20 46
403 21 535 245 34 73
403 22 516 244 30 71
403 23 547 153 22 52
403 24 557 148 24 54
403 29 370 98 17 42
403 31 416 105 16 41
403 30 415 107 16 40
403 32 26 97 27 43
403 33 26 95 22 45
403 34 493 78 15 38
403 37 245 69 18 38
403 38 236 15 20 11
403 38 46 36 17 29
403 43 134 32 11 25
403 44 141 32 11 24
403 50 346 55 12 31
403 51 103 32 13 25
403 52 97 32 13 24
404 1 295 268 24 78
404 2 273 279 25 77
404 3 265 259 27 73
404 4 -7 40 15 31
404 6 490 94 20 40
404 7 489 93 21 41
404 8 199 48 15 31
404 9 191 48 13 30
404 10 183 50 13 29
404 11 612 97 15 37
404 13 301 104 22 42
404 14 309 124 20 46
404 15 351 155 21 54
404 16 366 155 23 53
404 17 339 157 21 57
404 18 304 171 22 57
404 19 300 163 20 53
404 20 322 122 20 46
404 21 536 245 35 74
404 22 516 244 30 71
404 23 546 153 22 52
404 24 556 148 24 54
404 29 369 98 17 42
404 31 417 105 17 42
404 30 414 107 16 40
404 32 25 97 26 43
404 33 25 95 22 45
404 34 494 78 15 38
404 37 246 69 18 39
404 38 236 15 20 11
404 38 46 36 17 30
404 43 134 32 11 25
404 44 141 32 11 24
404 50 346 55 12 31
404 51 103 32 13 25
404 52 97 32 13 24
405 1 295 268 24 78
405 2 273 279 25 77
405 3 265 259 27 73
405 4 -7 38 15 32
405 6 490 93 21 41
405 7 491 92 21 43
405 8 199 48 15 31
405 9 191 48 13 30
405 10 182 50 13 29
405 11 612 97 15 37
405 13 300 103 22 43
405 14 309 122 18 47
405 15 350 155 21 55
405 16 365 155 23 53
405 17 338 156 21 56
405 18 302 169 23 57
405 19 299 162 20 52
405 20 322 121 20 46
405 21 537 244 35 75
405 22 517 244 31 71
405 23 545 152 22 53
405 24 555 147 24 55
405 29 369 98 17 42
405 31 414 105 16 41
405 30 413 106 16 41
405 32 24 96 23 43
405 33 25 95 22 46
405 34 495 78 16 38
405 37 246 69 17 38
405 38 236 15 20 11
405 38 46 36 17 30
405 43 134 33 11 25
405 44 141 32 11 24
405 50 346 55 12 31
405 51 103 32 13 25
405 52 96 32 14 25
406 1 295 268 24 78
406 2 273 279 25 77
406 3 265 259 27 72
406 4 -8 38 15 32
406 6 491 92 21 41
406 7 492 92 21 43
406 8 198 47 13 32
406 9 190 48 13 30
406 10 182 50 13 29
406 11 612 97 15 37
406 13 300 103 22 41
406 14 308 122 18 47
406 15 349 155 21 55
406 16 367 155 20 52
406 17 337 156 21 56
406 18 301 168 23 58
406 19 299 161 21 54
406 20 321 121 20 46
406 21 539 243 35 76
406 22 518 243 31 70
406 23 544 151 22 52
406 24 554 147 24 55
406 29 366 98 19 43
406 31 413 106 16 40
406 30 412 107 16 40
406 32 22 96 24 43
406 33 24 95 22 45
406 34 495 78 16 37
406 37 247 69 17 38
406 38 236 15 20 11
406 38 45 36 17 30
406 43 134 33 11 25
406 44 141 32 11 24
406 50 346 55 12 31
406 51 103 32 13 25
406 52 96 32 14 25
407 1 295 268 24 78
407 2 273 279 25 76
407 3 266 259 27 73
407 4 -8 38 15 32
407 6 491 92 20 41
407 7 493 92 21 43
407 8 198 47 13 32
407 9 190 48 13 31
407 10 182 49 13 30
407 11 615 96 16 37
407 13 299 103 23 43
407 14 308 122 18 46
407 15 349 155 21 55
407 16 366 155 20 52
407 17 338 155 22 58
407 18 301 169 22 57
407 19 298 160 20 53
407 20 320 121 21 44
407 21 537 243 38 76
407 22 520 243 29 68
407 23 543 148 21 54
407 24 553 146 25 56
407 29 365 98 19 43
407 31 413 107 16 38
407 30 412 107 16 41
407 32 21 96 24 43
407 33 21 94 24 47
407 34 496 79 16 37
407 37 247 69 17 37
407 38 236 15 20 11
407 38 45 36 17 30
407 43 134 33 11 25
407 44 141 32 11 24
407 50 346 55 12 31
407 51 103 32 13 25
407 52 96 32 14 25
408 1 295 267 24 78
408 2 272 280 25 76
408 3 266 260 27 72
408 4 -8 38 15 32
408 6 495 92 17 41
408 7 493 92 21 43
408 8 197 47 13 32
408 9 190 48 13 31
408 10 182 49 13 30
408 11 609 98 23 35
408 13 298 103 22 42
408 14 304 123 22 45
408 15 348 155 21 54
408 16 366 154 20 53
408 17 336 156 21 56
408 18 300 167 23 61
408 19 297 159 19 53
408 20 319 121 21 44
408 21 539 243 37 76
408 22 523 240 24 70
408 23 542 148 21 54
408 24 552 146 25 56
408 29 362 98 23 45
408 31 411 107 16 39
408 30 410 107 16 41
408 32 20 95 24 45
408 33 20 94 24 47
408 34 497 79 15 37
408 37 248 69 18 39
408 38 236 15 20 11
408 38 45 36 17 30
408 43 134 33 11 25
408 44 141 32 11 24
408 50 346 55 12 31
408 51 103 32 13 25
408 52 96 32 14 25
409 1 295 267 24 79
409 2 273 280 25 76
409 3 266 260 27 72
409 4 -9 37 15 33
409 6 495 92 17 41
409 7 496 92 18 42
409 8 197 47 13 32
409 9 190 48 13 31
409 10 182 49 13 30
409 11 609 98 23 35
409 13 298 103 22 42
409 14 304 123 22 45
409 15 348 155 21 54
409 16 366 154 20 50
409 17 336 156 21 56
409 18 300 167 21 59
409 19 298 159 21 54
409 20 319 121 21 44
409 21 539 242 37 76
409 22 523 240 24 70
409 23 542 148 21 54
409 24 552 146 25 56
409 29 362 98 23 45
409 31 411 107 16 40
409 30 410 107 16 41
409 32 20 95 24 44
409 33 20 94 24 47
409 34 497 79 15 37
409 37 248 69 18 39
409 38 236 15 20 11
409 38 45 34 17 31
409 43 134 33 11 25
409 44 141 32 11 24
409 50 346 55 12 31
409 51 103 32 13 25
409 52 96 32 14 25
410 1 295 267 24 79
410 2 271 278 25 78
410 3 267 260 27 73
410 4 -9 37 13 31
410 6 496 92 17 41
410 7 497 92 18 42
410 8 197 47 13 32
410 9 190 48 12 31
410 10 182 49 13 30
410 11 610 98 23 35
410 13 298 103 22 41
410 14 303 123 22 45
410 15 347 154 21 54
410 16 365 154 20 50
410 17 335 156 21 56
410 18 297 167 23 57
410 19 298 159 21 53
410 20 319 121 21 44
410 21 540 242 37 77
410 22 524 240 25 70
410 23 542 147 21 54
410 24 553 145 22 55
410 29 361 98 23 45
410 31 410 107 16 39
410 30 410 107 16 41
410 32 20 95 24 45
410 33 19 94 24 47
410 34 498 79 15 36
410 37 249 69 18 39
410 38 236 15 20 11
410 38 45 36 17 30
410 43 134 33 11 25
410 44 142 32 12 24
410 50 346 55 12 31
410 51 103 32 13 25
410 52 96 32 14 25
411 1 295 267 24 79
411 2 273 280 25 76
411 3 267 260 27 72
411 4 -9 37 15 31
411 6 497 92 17 41
411 7 497 92 18 42
411 8 197 47 13 32
411 9 190 48 12 31
411 10 182 49 13 30
411 11 610 98 23 35
411 13 297 102 19 42
411 14 303 123 22 45
411 15 348 154 20 55
411 16 364 153 20 50
411 17 334 155 21 56
411 18 294 168 26 56
411 19 297 159 21 53
411 20 318 121 21 44
411 21 542 241 36 75
411 22 525 239 25 69
411 23 537 147 25 53
411 24 552 145 22 55
411 29 361 98 23 45
411 31 409 107 16 39
411 30 409 107 16 42
411 32 19 95 26 44
411 33 19 94 27 47
411 34 499 79 15 36
411 37 249 70 20 39
411 38 236 15 20 11
411 38 45 36 17 29
411 43 134 33 11 25
411 44 142 32 12 24
411 50 346 55 12 31
411 51 102 32 13 25
411 52 94 32 15 25
412 1 295 267 24 79
412 2 272 280 24 75
412 3 267 260 27 73
412 4 -9 37 13 31
412 6 497 92 17 41
412 7 498 92 18 42
412 8 197 47 13 32
412 9 190 48 12 31
412 10 181 49 13 30
412 11 614 98 20 34
412 13 296 102 19 42
412 14 305 123 19 43
412 15 347 153 20 55
412 16 364 153 20 50
412 17 334 155 21 56
412 18 293 167 26 58
412 19 297 159 19 53
412 20 318 121 20 43
412 21 543 241 36 75
412 22 525 239 25 70
412 23 535 147 25 53
412 24 552 144 22 55
412 29 360 98 23 44
412 31 408 106 16 39
412 30 408 107 16 41
412 32 18 95 26 44
412 33 18 94 27 47
412 34 500 79 15 36
412 37 250 70 20 39
412 38 236 15 20 11
412 38 45 36 17 30
412 43 134 33 11 25
412 44 142 32 12 24
412 50 346 55 12 31
412 51 102 32 13 25
412 52 94 32 15 25
413 1 295 267 24 79
413 2 270 280 24 75
413 3 269 260 28 76
413 4 -9 38 15 32
413 6 497 92 17 42
413 7 498 92 18 42
413 8 197 47 13 32
413 9 189 48 12 31
413 10 181 49 13 30
413 11 615 98 21 34
413 13 296 102 19 41
413 14 303 123 20 44
413 15 347 153 20 56
413 16 363 152 20 52
413 17 333 155 21 56
413 18 292 167 26 58
413 19 296 159 19 53
413 20 316 120 20 43
413 21 547 240 36 74
413 22 525 238 25 71
413 23 535 147 25 53
413 24 551 144 19 52
413 29 363 98 18 44
413 31 407 106 16 40
413 30 407 106 16 42
413 32 18 95 26 44
413 33 18 94 27 47
413 34 501 80 15 36
413 37 250 70 20 39
413 38 236 15 20 11
413 38 44 35 15 30
413 43 135 32 11 25
413 44 142 32 12 24
413 50 346 55 12 31
413 51 102 32 13 25
413 52 94 32 15 25
414 1 294 265 25 81
414 2 270 280 24 75
414 3 269 260 29 78
414 4 -10 38 14 32
414 6 497 91 21 43
414 7 498 92 20 43
414 8 196 47 13 32
414 9 189 48 12 31
414 10 181 49 13 29
414 11 616 97 18 36
414 13 296 102 18 40
414 14 303 122 20 45
414 15 346 152 20 54
414 16 362 152 20 52
414 17 332 154 21 56
414 18 292 167 26 59
414 19 295 159 19 53
414 20 315 120 20 43
414 21 548 240 36 74
414 22 526 238 25 71
414 23 534 146 25 52
414 24 550 144 19 52
414 29 362 98 18 45
414 31 406 106 16 41
414 30 405 107 15 39
414 32 17 95 25 44
414 33 15 94 22 47
414 34 502 80 15 36
414 37 251 72 20 38
414 38 236 15 20 11
414 38 44 35 15 30
414 43 135 32 11 26
414 44 143 32 12 24
414 50 346 55 12 31
414 51 102 32 13 25
414 52 94 32 15 25
415 1 295 266 24 80
415 2 270 281 25 75
415 3 268 260 27 72
415 4 -10 38 14 32
415 6 497 91 21 43
415 7 498 92 20 43
415 8 196 47 13 32
415 9 189 48 12 30
415 10 181 49 13 30
415 11 616 97 18 36
415 13 295 102 19 43
415 14 303 122 20 45
415 15 346 152 20 54
415 16 362 152 20 52
415 17 332 154 21 56
415 18 292 167 26 59
415 19 295 159 19 53
415 20 315 120 20 43
415 21 548 240 36 74
415 22 525 237 26 72
415 23 534 146 25 52
415 24 550 144 19 52
415 29 362 98 18 45
415 31 406 106 16 41
415 30 404 107 15 39
415 32 17 95 25 44
415 33 15 94 22 47
415 34 502 80 15 36
415 37 251 72 20 38
415 38 236 15 20 11
415 38 44 35 17 29
415 43 136 32 11 27
415 44 143 32 12 24
415 50 346 55 12 31
415 51 102 32 13 25
415 52 94 32 15 25
416 1 295 266 24 80
416 2 270 281 25 75
416 3 268 261 27 72
416 4 -10 38 14 32
416 6 498 91 21 43
416 7 500 92 19 43
416 8 196 47 12 31
416 9 189 48 12 31
416 10 181 49 13 29
416 11 617 97 19 36
416 13 295 102 19 42
416 14 302 122 21 45
416 15 345 151 20 54
416 16 362 152 20 52
416 17 332 153 21 56
416 18 291 167 26 57
416 19 294 159 19 53
416 20 314 119 20 44
416 21 550 239 37 77
416 22 526 237 26 72
416 23 533 146 25 53
416 24 549 143 19 52
416 29 362 98 18 44
416 31 405 106 17 41
416 30 404 106 16 41
416 32 14 95 27 45
416 33 14 94 22 47
416 34 503 79 15 37
416 37 252 72 20 39
416 38 236 15 20 11
416 38 44 35 17 29
416 43 136 32 11 27
416 44 143 32 12 24
416 50 346 55 12 31
416 51 102 32 13 25
416 52 94 32 15 25
417 1 295 266 24 80
417 2 270 281 25 75
417 3 268 261 27 72
417 4 -10 38 13 30
417 6 498 91 21 43
417 7 500 92 19 43
417 8 196 46 13 31
417 9 188 47 12 31
417 10 180 49 13 29
417 11 621 97 15 36
417 13 294 102 18 41
417 14 303 121 18 44
417 15 345 151 20 54
417 16 361 151 20 52
417 17 332 153 20 58
417 18 292 168 25 55
417 19 293 158 19 53
417 20 314 119 20 43
417 21 551 239 37 77
417 22 526 237 27 70
417 23 532 146 25 53
417 24 547 143 21 54
417 29 360 98 18 45
417 31 404 106 17 42
417 30 403 106 16 42
417 32 13 95 26 44
417 33 13 94 22 48
417 34 504 79 15 37
417 37 252 72 18 38
417 38 236 15 20 11
417 38 44 35 17 29
417 43 136 32 11 27
417 44 143 32 12 24
417 50 346 55 12 31
417 51 102 32 13 25
417 52 94 32 15 25
418 1 294 266 24 80
418 2 270 281 25 75
418 3 268 261 27 72
418 4 -11 37 14 29
418 6 500 89 20 42
418 7 501 92 19 43
418 8 195 46 13 33
418 9 188 47 12 31
418 10 180 49 13 30
418 11 622 97 15 36
418 13 292 102 20 41
418 14 302 121 18 44
418 15 344 150 20 54
418 16 360 152 20 51
418 17 331 152 20 58
418 18 291 166 25 57
418 19 292 158 19 52
418 20 313 117 20 44
418 21 551 239 37 77
418 22 527 237 27 70
418 23 536 145 20 53
418 24 546 143 20 52
418 29 360 98 17 44
418 31 403 106 17 42
418 30 402 106 15 41
418 32 13 94 26 45
418 33 12 93 21 48
418 34 505 79 15 37
418 37 252 72 18 38
418 38 236 15 20 11
418 38 44 35 17 29
418 43 136 32 11 27
418 44 143 32 12 24
418 50 346 55 12 31
418 51 101 31 13 25
418 52 93 32 15 25
419 1 294 266 24 80
419 2 270 281 25 75
419 3 268 261 27 72
419 4 -11 37 14 29
419 6 501 89 20 42
419 7 502 91 19 43
419 8 194 46 13 33
419 9 188 47 12 31
419 10 180 49 13 29
419 11 622 97 15 36
419 13 291 102 20 41
419 14 302 120 18 44
419 15 343 150 20 54
419 16 359 151 20 51
419 17 331 152 20 59
419 18 292 165 24 56
419 19 292 158 19 52
419 20 312 117 20 44
419 21 553 238 36 77
419 22 527 237 27 70
419 23 534 145 21 53
419 24 545 142 20 52
419 29 359 98 17 44
419 31 403 106 17 42
419 30 401 106 15 41
419 32 11 94 25 45
419 33 11 93 21 48
419 34 505 79 15 37
419 37 253 72 18 38
419 38 236 15 20 11
419 38 44 35 17 29
419 43 136 32 11 27
419 44 143 32 12 24
419 50 346 55 12 31
419 51 101 31 13 25
419 52 93 32 15 25
420 1 294 265 24 81
420 2 269 282 25 74
420 3 268 261 27 72
420 4 -11 37 14 29
420 6 501 89 20 42
420 7 503 91 19 43
420 8 194 46 14 33
420 9 187 47 12 31
420 10 179 49 12 29
420 11 620 97 21 39
420 13 291 102 20 41
420 14 302 120 18 44
420 15 342 150 21 55
420 16 358 151 20 51
420 17 330 151 20 58
420 18 290 164 25 58
420 19 291 157 19 51
420 20 312 116 20 43
420 21 553 238 36 78
420 22 528 237 27 70
420 23 533 144 21 53
420 24 545 143 20 52
420 29 356 98 19 44
420 31 401 106 16 42
420 30 400 106 15 41
420 32 9 94 26 45
420 33 9 93 22 48
420 34 508 78 17 42
420 37 255 68 17 43
420 38 236 15 20 11
420 38 43 35 16 29
420 43 136 32 11 27
420 44 143 32 12 24
420 50 346 55 12 31
420 51 101 31 14 26
420 52 93 32 15 25
421 1 294 265 25 81
421 2 269 282 25 74
421 3 268 261 27 72
421 4 -11 37 14 29
421 6 502 89 20 42
421 7 503 91 19 43
421 8 194 46 14 34
421 9 187 47 12 31
421 10 179 49 12 29
421 11 620 97 22 37
421 13 291 102 20 41
421 14 302 120 18 43
421 15 342 150 21 55
421 16 358 151 20 51
421 17 329 151 21 57
421 18 290 164 25 57
421 19 291 157 19 51
421 20 312 116 20 43
421 21 554 238 36 76
421 22 528 237 27 70
421 23 533 144 20 52
421 24 545 143 20 51
421 29 356 98 19 44
421 31 401 106 16 42
421 30 400 106 15 42
421 32 9 94 26 45
421 33 11 93 21 48
421 34 507 79 15 37
421 37 255 71 18 40
421 38 236 15 20 11
421 38 43 34 16 29
421 43 136 32 11 27
421 44 143 32 12 24
421 50 346 55 12 31
421 51 101 31 14 26
421 52 93 32 15 25
422 1 294 265 25 81
422 2 269 282 24 73
422 3 268 261 27 72
422 4 -12 37 14 29
422 6 502 89 20 41
422 7 503 91 19 43
422 8 194 46 13 30
422 9 188 47 12 30
422 10 179 49 12 29
422 11 620 97 22 37
422 13 293 101 17 42
422 14 301 120 18 43
422 15 341 150 21 55
422 16 357 151 20 51
422 17 328 151 21 57
422 18 289 163 25 57
422 19 291 157 19 51
422 20 312 116 20 43
422 21 555 238 36 76
422 22 529 236 27 70
422 23 532 144 20 52
422 24 544 142 20 53
422 29 355 98 19 44
422 31 400 106 16 42
422 30 399 106 15 42
422 32 8 94 25 45
422 33 9 93 22 49
422 34 508 78 17 42
422 37 255 71 18 40
422 38 236 15 20 11
422 38 43 34 16 29
422 43 136 32 11 28
422 44 143 32 12 24
422 50 346 55 12 31
422 51 100 31 13 25
422 52 93 32 15 24
423 1 294 265 25 81
423 2 270 282 25 74
423 3 268 261 27 72
423 4 -12 37 14 30
423 6 504 89 20 41
423 7 504 91 19 42
423 8 194 46 13 30
423 9 188 47 12 30
423 10 179 48 13 30
423 11 621 97 22 37
423 13 292 101 17 43
423 14 301 120 18 43
423 15 338 150 24 55
423 16 357 151 18 50
423 17 328 150 21 57
423 18 289 165 22 55
423 19 290 156 18 50
423 20 311 116 20 43
423 21 555 237 36 77
423 22 528 236 29 69
423 23 532 143 20 52
423 24 543 142 20 52
423 29 352 98 23 46
423 31 400 107 14 37
423 30 398 106 15 42
423 32 7 94 25 45
423 33 8 93 22 48
423 34 510 78 16 42
423 37 256 71 18 40
423 38 236 15 20 11
423 38 43 34 16 29
423 43 137 32 11 26
423 44 143 32 12 24
423 50 346 55 12 31
423 51 100 31 13 25
423 52 93 32 13 24
424 1 294 265 25 81
424 2 270 282 25 74
424 3 268 261 27 72
424 4 -12 37 14 30
424 6 503 89 20 41
424 7 504 91 19 42
424 8 194 46 13 30
424 9 187 47 12 30
424 10 178 48 13 29
424 11 621 97 22 37
424 13 292 100 17 43
424 14 300 120 16 44
424 15 337 150 24 55
424 16 356 151 18 50
424 17 326 151 20 55
424 18 288 165 21 55
424 19 289 156 18 50
424 20 310 116 20 43
424 21 556 237 37 77
424 22 529 236 29 69
424 23 531 143 20 52
424 24 542 141 20 52
424 29 351 98 23 46
424 31 398 107 15 39
424 30 397 107 14 38
424 32 6 94 25 45
424 33 7 94 22 49
424 34 511 78 18 43
424 37 257 72 18 40
424 38 236 15 20 11
424 38 43 34 16 29
424 43 137 32 11 26
424 44 143 32 12 24
424 50 346 55 12 31
424 51 100 31 13 24
424 52 93 32 13 23
425 1 294 265 25 81
425 2 270 282 22 74
425 3 268 261 27 72
425 4 -13 37 14 30
425 6 504 89 20 43
425 7 505 91 19 42
425 8 193 46 13 29
425 9 186 47 13 29
425 10 178 48 13 30
425 11 621 97 22 37
425 13 291 100 18 44
425 14 300 120 16 44
425 15 337 150 24 55
425 16 355 150 18 48
425 17 327 150 21 57
425 18 288 164 21 56
425 19 289 156 18 50
425 20 310 116 20 42
425 21 557 237 37 77
425 22 529 235 29 70
425 23 530 143 20 52
425 24 541 141 20 52
425 29 350 98 23 46
425 31 397 107 15 39
425 30 394 107 15 38
425 32 5 95 25 45
425 33 5 94 25 48
425 34 514 81 16 40
425 37 257 72 18 39
425 38 236 15 20 11
425 38 43 34 16 29
425 43 137 32 11 26
425 44 144 32 12 24
425 50 346 55 12 31
425 51 100 31 13 24
425 52 92 32 14 24
426 1 294 265 25 82
426 2 270 282 22 74
426 3 268 261 27 72
426 4 -13 37 15 31
426 6 505 89 20 43
426 7 506 91 19 42
426 8 193 46 13 29
426 9 186 47 13 29
426 10 178 48 13 29
426 11 621 97 23 38
426 13 290 99 18 43
426 14 299 120 16 44
426 15 336 150 24 55
426 16 354 149 18 48
426 17 326 150 21 56
426 18 287 164 21 56
426 19 288 156 18 50
426 20 309 116 20 42
426 21 558 236 32 76
426 22 531 235 30 66
426 23 529 142 20 52
426 24 540 140 19 53
426 29 349 98 23 46
426 31 396 106 15 40
426 30 396 107 15 42
426 32 4 95 25 45
426 33 4 94 25 48
426 34 515 81 16 40
426 37 259 73 16 38
426 38 236 15 20 11
426 38 43 34 16 29
426 43 137 32 11 26
426 44 144 33 12 24
426 50 346 55 12 31
426 51 100 31 13 24
426 52 92 32 13 24
427 1 294 265 25 82
427 2 266 282 26 74
427 3 268 261 27 72
427 4 -13 37 15 31
427 6 505 89 23 44
427 7 506 91 19 42
427 8 193 46 13 29
427 9 186 47 13 29
427 10 178 48 13 29
427 11 621 97 23 38
427 13 290 99 18 43
427 14 299 120 16 43
427 15 336 150 24 55
427 16 354 149 19 49
427 17 326 150 21 56
427 18 287 164 21 55
427 19 288 156 18 50
427 20 309 116 20 42
427 21 558 236 32 76
427 22 531 235 30 66
427 23 529 142 20 52
427 24 540 140 19 52
427 29 349 98 23 46
427 31 396 106 15 40
427 30 396 107 15 42
427 32 4 95 25 45
427 33 4 94 25 48
427 34 515 81 16 40
427 37 258 73 17 38
427 38 236 15 20 11
427 38 43 34 16 29
427 43 137 32 11 26
427 44 144 33 12 24
427 50 346 55 12 31
427 51 100 31 13 25
427 52 92 32 15 25
428 1 294 264 25 82
428 2 266 282 26 74
428 3 268 261 30 72
428 4 -13 37 15 31
428 6 506 89 24 44
428 7 507 91 19 42
428 8 193 46 12 29
428 9 185 47 13 29
428 10 176 48 14 29
428 11 621 97 23 38
428 13 290 99 18 43
428 14 298 120 16 44
428 15 335 149 24 55
428 16 353 149 19 49
428 17 326 150 21 56
428 18 286 164 21 55
428 19 288 156 18 50
428 20 308 116 20 43
428 21 559 236 32 76
428 22 532 234 31 66
428 23 528 142 20 52
428 24 542 140 16 52
428 29 350 98 23 46
428 31 395 106 15 40
428 30 394 107 16 42
428 32 4 95 25 45
428 33 4 94 25 48
428 34 516 81 16 40
428 37 259 73 17 38
428 38 236 15 20 11
428 38 43 34 16 29
428 43 137 32 11 26
428 44 144 33 12 24
428 50 346 55 12 31
428 51 100 31 13 25
428 52 92 32 13 23
429 1 294 264 25 82
429 2 266 282 26 74
429 3 268 261 30 72
429 4 -13 37 14 30
429 6 506 89 23 44
429 7 508 91 19 42
429 8 193 46 12 28
429 9 185 47 13 29
429 10 176 48 13 29
429 11 626 97 19 38
429 13 289 99 18 43
429 14 298 118 16 43
429 15 337 149 21 55
429 16 353 148 19 50
429 17 325 150 21 56
429 18 286 164 21 55
429 19 287 156 18 50
429 20 308 115 20 43
429 21 559 235 34 78
429 22 532 234 31 67
429 23 527 142 19 52
429 24 541 139 16 52
429 29 349 98 23 46
429 31 393 106 16 41
429 30 393 106 17 43
429 32 1 95 26 45
429 33 2 94 26 48
429 34 516 81 16 40
429 37 259 73 17 38
429 38 236 15 20 11
429 38 43 34 16 29
429 43 137 32 11 26
429 44 144 33 12 24
429 50 346 55 12 31
429 51 99 31 13 25
429 52 92 32 14 24
430 1 294 264 25 81
430 2 266 282 26 74
430 3 268 261 30 72
430 4 -14 35 14 31
430 6 508 92 19 41
430 7 509 92 19 42
430 8 192 46 13 30
430 9 185 47 13 29
430 10 176 48 13 28
430 11 626 97 19 38
430 13 288 99 21 42
430 14 297 117 16 44
430 15 336 149 21 55
430 16 352 148 19 51
430 17 324 149 21 56
430 18 285 164 21 55
430 19 287 156 18 50
430 20 307 115 21 42
430 21 565 235 27 72
430 22 533 233 31 67
430 23 526 142 18 50
430 24 540 139 16 52
430 29 348 98 23 47
430 31 392 106 16 41
430 30 392 106 16 42
430 32 2 95 26 45
430 33 2 94 22 48
430 34 517 81 16 40
430 37 260 73 17 38
430 38 236 15 20 11
430 38 43 34 16 29
430 43 137 32 11 26
430 44 144 33 12 24
430 50 346 55 12 31
430 51 99 31 13 25
430 52 92 32 13 24
431 1 294 264 25 81
431 2 266 282 26 74
431 3 268 261 30 72
431 4 -14 35 14 31
431 6 509 92 19 41
431 7 510 91 19 42
431 8 192 46 13 30
431 9 184 47 13 29
431 10 176 48 13 28
431 11 629 98 16 37
431 13 288 99 21 41
431 14 297 117 16 44
431 15 336 148 21 55
431 16 351 148 19 51
431 17 324 149 21 56
431 18 284 163 21 55
431 19 286 156 18 49
431 20 306 115 21 42
431 21 566 235 28 72
431 22 540 233 25 66
431 23 526 141 18 50
431 24 537 139 19 49
431 29 349 98 19 46
431 31 392 106 16 40
431 30 391 106 16 42
431 32 1 95 26 45
431 33 1 93 22 49
431 34 518 81 16 41
431 37 260 73 17 38
431 38 236 15 20 11
431 38 43 34 16 29
431 43 137 32 11 26
431 44 144 33 12 24
431 50 346 55 12 31
431 51 99 31 13 24
431 52 91 31 13 25
432 1 294 264 25 82
432 2 266 282 26 74
432 3 268 261 30 72
432 4 -14 35 14 31
432 6 509 92 19 41
432 7 510 91 19 42
432 8 191 46 13 31
432 9 184 47 13 29
432 10 175 48 13 28
432 11 629 98 16 37
432 13 287 99 20 41
432 14 296 116 16 44
432 15 335 147 21 55
432 16 348 148 22 51
432 17 323 148 21 56
432 18 283 163 21 55
432 19 286 155 18 49
432 20 306 114 21 42
432 21 565 234 29 73
432 22 541 233 25 66
432 23 524 141 19 51
432 24 536 139 19 49
432 29 348 98 19 46
432 31 391 106 17 42
432 30 390 106 16 42
432 32 0 94 25 46
432 33 1 93 20 49
432 34 519 81 16 41
432 37 261 73 18 39
432 38 236 15 20 11
432 38 43 34 16 29
432 43 138 32 11 26
432 44 144 33 12 24
432 50 346 55 12 31
432 51 98 31 14 24
432 52 91 31 13 25
433 1 294 264 25 82
433 2 266 282 26 74
433 3 268 261 30 72
433 4 -14 35 14 31
433 6 509 92 21 41
433 7 510 91 19 42
433 8 191 46 13 31
433 9 184 47 13 29
433 10 175 48 13 28
433 11 633 98 14 37
433 13 287 99 21 41
433 14 296 116 16 44
433 15 335 147 22 53
433 16 348 148 22 51
433 17 323 148 21 57
433 18 283 163 21 55
433 19 286 155 18 49
433 20 306 114 21 42
433 21 565 234 29 73
433 22 541 233 25 66
433 23 525 141 18 50
433 24 536 139 19 49
433 29 348 98 18 46
433 31 390 106 16 41
433 30 389 106 16 42
433 32 0 94 25 46
433 33 1 93 20 49
433 34 519 81 16 41
433 37 261 73 16 39
433 38 236 15 20 11
433 38 43 34 16 28
433 43 138 32 11 26
433 44 144 33 12 24
433 50 346 55 12 31
433 51 98 31 14 24
433 52 91 31 14 25
434 1 294 264 25 82
434 2 266 282 25 74
434 3 268 261 30 72
434 4 -16 34 16 32
434 6 510 92 21 41
434 7 511 91 19 42
434 8 191 46 13 31
434 9 184 46 13 29
434 10 175 48 13 29
434 11 633 98 14 37
434 13 287 99 20 41
434 14 294 116 17 44
434 15 334 147 22 53
434 16 347 148 22 51
434 17 322 148 21 56
434 18 283 162 21 55
434 19 285 155 18 49
434 20 305 114 21 43
434 21 566 234 29 73
434 22 541 233 25 66
434 23 524 140 18 51
434 24 536 138 19 50
434 29 347 98 18 46
434 31 389 106 17 42
434 30 389 106 17 44
434 32 0 93 25 45
434 33 0 93 21 51
434 34 520 81 16 41
434 37 261 73 16 39
434 38 236 15 20 11
434 38 43 34 16 28
434 43 138 32 11 26
434 44 144 33 12 24
434 50 346 55 12 31
434 51 98 31 14 24
434 52 91 31 14 25
435 1 294 264 25 82
435 2 266 282 25 74
435 3 268 261 30 72
435 4 -16 35 15 31
435 6 510 92 21 42
435 7 511 92 19 42
435 8 190 45 13 31
435 9 184 46 13 28
435 10 175 48 14 29
435 11 634 101 17 34
435 13 286 99 20 40
435 14 294 116 17 44
435 15 334 146 22 54
435 16 346 147 24 52
435 17 321 147 20 55
435 18 282 161 21 56
435 19 284 154 18 48
435 20 305 113 21 42
435 21 563 234 34 73
435 22 542 232 25 66
435 23 522 139 19 51
435 24 535 138 19 49
435 29 346 98 17 45
435 31 388 106 17 42
435 30 387 106 18 42
435 32 0 93 24 45
435 33 0 93 20 48
435 34 521 81 15 35
435 37 262 73 16 40
435 38 236 15 20 11
435 38 43 34 16 28
435 43 138 32 11 26
435 44 144 33 12 24
435 50 346 55 12 31
435 51 98 31 14 25
435 52 91 31 14 25
436 1 294 264 25 82
436 2 266 282 25 74
436 3 268 261 30 72
436 4 -16 35 15 31
436 6 511 92 22 42
436 7 512 92 19 42
436 8 190 45 13 31
436 9 184 46 13 28
436 10 174 47 14 29
436 11 635 101 17 34
436 13 286 99 20 40
436 14 293 116 17 44
436 15 333 146 21 52
436 16 345 147 24 52
436 17 322 147 19 56
436 18 282 161 20 54
436 19 284 154 18 48
436 20 304 113 21 42
436 21 565 234 33 74
436 22 542 232 25 67
436 23 521 139 19 51
436 24 534 138 19 49
436 29 345 98 17 45
436 31 387 106 17 43
436 30 386 106 18 42
436 32 -1 93 24 45
436 33 -1 93 20 48
436 34 522 81 15 35
436 37 263 73 16 40
436 38 236 15 20 11
436 38 43 34 16 28
436 43 138 32 11 26
436 44 144 33 12 24
436 50 346 55 12 31
436 51 97 31 14 24
436 52 91 30 14 26
437 1 294 264 25 82
437 2 266 282 25 74
437 3 268 261 30 72
437 4 -16 35 15 31
437 6 512 92 22 41
437 7 514 92 20 42
437 8 189 45 13 31
437 9 183 46 13 28
437 10 174 47 14 29
437 11 635 101 17 34
437 13 286 98 20 40
437 14 292 116 18 44
437 15 332 146 21 52
437 16 344 146 24 52
437 17 322 147 19 56
437 18 281 160 21 56
437 19 283 153 18 49
437 20 304 113 21 42
437 21 565 234 33 74
437 22 543 232 25 67
437 23 521 139 18 50
437 24 531 138 19 48
437 29 345 98 17 45
437 31 386 106 17 43
437 30 385 106 18 43
437 32 -4 93 24 45
437 33 -3 93 23 48
437 34 523 81 15 35
437 37 263 73 16 39
437 38 236 15 20 11
437 38 43 34 16 28
437 43 138 32 11 26
437 44 144 33 12 24
437 50 346 55 12 31
437 51 97 31 14 24
437 52 90 30 14 26
438 1 294 264 25 82
438 2 266 282 25 74
438 3 268 261 30 72
438 4 -17 34 16 33
438 6 512 92 21 40
438 7 513 92 20 42
438 8 189 45 13 31
438 9 183 46 12 28
438 10 173 47 14 29
438 11 635 101 17 34
438 13 285 98 20 41
438 14 290 116 20 43
438 15 333 146 20 52
438 16 345 146 22 49
438 17 321 146 19 56
438 18 280 158 22 54
438 19 283 152 18 49
438 20 303 113 21 42
438 21 566 234 33 71
438 22 544 232 25 66
438 23 516 139 23 51
438 24 530 137 20 49
438 29 344 98 17 45
438 31 385 106 17 43
438 30 384 106 18 43
438 32 -5 93 24 45
438 33 -4 93 23 48
438 34 524 81 16 35
438 37 263 73 16 39
438 38 236 15 20 11
438 38 43 34 16 28
438 43 138 32 11 26
438 44 144 33 12 24
438 50 346 55 12 31
438 51 97 31 14 24
438 52 90 31 14 26
439 1 294 264 25 82
439 2 266 282 24 74
439 3 268 261 30 72
439 4 -16 35 15 31
439 6 511 92 22 40
439 7 513 92 20 42
439 8 188 45 13 29
439 9 183 46 12 28
439 10 173 47 14 29
439 11 635 101 17 34
439 13 285 98 20 41
439 14 290 116 20 43
439 15 333 146 20 52
439 16 345 146 22 49
439 17 321 146 19 56
439 18 280 158 22 55
439 19 283 152 18 49
439 20 303 113 21 42
439 21 566 234 33 71
439 22 541 232 28 69
439 23 516 139 23 51
439 24 530 139 20 47
439 29 343 98 17 45
439 31 385 106 17 42
439 30 384 106 18 43
439 32 -5 93 24 45
439 33 -4 93 23 48
439 34 524 81 16 35
439 37 265 73 16 39
439 38 236 15 20 11
439 38 43 34 16 28
439 43 138 32 11 26
439 44 144 33 12 24
439 50 346 55 12 31
439 51 97 31 14 24
439 52 90 31 14 26
440 1 294 264 25 82
440 2 266 282 24 74
440 3 268 261 30 72
440 4 -17 34 16 32
440 6 512 92 22 40
440 7 514 93 20 41
440 8 188 45 13 29
440 9 183 46 13 28
440 10 173 47 14 28
440 11 636 101 18 33
440 13 284 98 21 41
440 14 290 116 19 42
440 15 333 146 20 52
440 16 344 146 22 49
440 17 321 146 19 57
440 18 279 158 22 55
440 19 282 152 18 49
440 20 303 113 21 42
440 21 567 234 33 71
440 22 542 232 28 69
440 23 515 139 23 51
440 24 529 138 20 48
440 29 344 99 17 45
440 31 385 106 16 41
440 30 382 106 18 43
440 32 -6 93 23 45
440 33 -4 93 23 48
440 34 526 81 15 35
440 37 266 74 16 38
440 38 236 15 20 11
440 38 43 34 16 28
440 43 138 32 11 26
440 44 144 33 12 25
440 50 346 55 12 31
440 51 97 31 14 24
440 52 90 31 14 25
441 1 294 264 25 82
441 2 266 282 24 74
441 3 268 261 30 72
441 4 -16 35 15 30
441 6 513 92 22 40
441 7 515 93 20 41
441 8 188 45 13 29
441 9 182 46 12 28
441 10 173 47 13 29
441 11 636 101 18 33
441 13 283 97 21 41
441 14 290 116 19 43
441 15 332 146 20 52
441 16 344 145 19 49
441 17 321 146 19 56
441 18 279 157 22 55
441 19 282 152 18 49
441 20 302 113 21 42
441 21 568 233 33 72
441 22 542 231 28 69
441 23 515 139 23 50
441 24 528 138 20 48
441 29 339 99 20 45
441 31 384 106 16 40
441 30 382 106 17 41
441 32 -6 93 23 45
441 33 -5 93 23 48
441 34 527 81 15 35
441 37 266 74 15 38
441 38 236 15 20 11
441 38 43 34 16 28
441 43 138 32 11 27
441 44 144 33 12 25
441 50 346 55 13 31
441 51 97 31 14 24
441 52 90 28 13 28
442 1 294 264 25 82
442 2 266 282 24 74
442 3 268 261 30 72
442 4 -17 33 15 30
442 6 513 92 22 40
442 7 515 94 19 40
442 8 187 45 15 28
442 9 182 46 12 27
442 10 173 47 13 29
442 11 635 101 22 32
442 13 285 97 18 41
442 14 289 116 19 43
442 15 332 146 20 52
442 16 343 145 19 49
442 17 320 146 19 55
442 18 278 157 22 56
442 19 281 152 18 48
442 20 302 113 21 42
442 21 566 233 37 72
442 22 543 231 28 69
442 23 514 139 22 50
442 24 527 137 20 48
442 29 338 99 20 45
442 31 383 106 16 40
442 30 381 106 17 40
442 32 -7 94 23 46
442 33 -6 94 21 45
442 34 528 81 15 35
442 37 267 75 15 38
442 38 236 15 20 11
442 38 43 34 16 28
442 43 138 32 11 27
442 44 144 33 12 25
442 50 346 55 13 31
442 51 97 31 14 24
442 52 90 28 13 28
443 1 294 264 25 82
443 2 266 282 24 74
443 3 269 261 29 68
443 4 -17 33 15 30
443 6 514 92 22 41
443 7 517 93 19 41
443 8 187 45 15 28
443 9 182 46 12 27
443 10 172 47 12 29
443 11 636 101 22 32
443 13 284 97 18 41
443 14 289 116 19 44
443 15 331 146 20 52
443 16 343 144 19 49
443 17 319 146 19 55
443 18 278 157 22 55
443 19 281 152 18 48
443 20 301 112 21 41
443 21 567 233 37 73
443 22 545 231 27 66
443 23 513 138 23 50
443 24 526 137 19 48
443 29 338 99 20 45
443 31 381 106 17 43
443 30 381 106 18 43
443 32 -9 94 24 46
443 33 -7 94 21 45
443 34 529 81 15 36
443 37 266 75 18 38
443 38 236 15 20 11
443 38 43 34 16 28
443 43 138 32 11 27
443 44 144 33 12 25
443 50 345 55 13 31
443 51 97 31 14 24
443 52 90 28 13 28
444 1 294 264 25 82
444 2 266 282 24 75
444 3 269 261 29 68
444 4 -17 33 15 30
444 6 519 92 17 40
444 7 520 93 16 39
444 8 186 45 15 28
444 9 182 46 12 28
444 10 172 47 12 29
444 11 636 101 22 32
444 13 284 97 18 40
444 14 288 115 19 43
444 15 331 145 20 52
444 16 342 144 19 49
444 17 319 146 19 56
444 18 277 158 21 55
444 19 280 152 18 48
444 20 300 112 21 41
444 21 568 232 37 72
444 22 546 230 26 64
444 23 512 138 23 50
444 24 525 136 19 47
444 29 336 99 20 45
444 31 380 106 17 43
444 30 380 106 18 43
444 32 -9 94 24 46
444 33 -9 94 22 45
444 34 530 81 15 36
444 37 267 75 18 38
444 38 236 15 20 11
444 38 43 34 16 28
444 43 138 32 11 27
444 44 144 33 12 25
444 50 345 55 13 31
444 51 95 31 15 24
444 52 89 28 13 28
445 1 294 264 25 82
445 2 266 282 24 75
445 3 269 261 29 68
445 4 -17 33 15 30
445 6 519 92 17 40
445 7 520 93 16 39
445 8 186 45 15 28
445 9 182 46 12 28
445 10 172 47 12 29
445 11 636 101 22 32
445 13 282 97 19 40
445 14 288 115 19 44
445 15 331 145 20 52
445 16 342 144 19 49
445 17 319 146 19 56
445 18 277 157 22 56
445 19 280 152 18 48
445 20 300 112 21 41
445 21 570 232 37 68
445 22 546 230 26 64
445 23 512 138 23 50
445 24 525 136 19 47
445 29 337 99 20 45
445 31 380 106 17 43
445 30 380 106 18 43
445 32 -10 93 25 46
445 33 -7 94 21 45
445 34 530 81 16 38
445 37 267 75 18 38
445 38 236 15 20 11
445 38 43 34 15 28
445 43 138 32 11 27
445 44 144 33 12 25
445 50 345 55 13 31
445 51 95 31 15 24
445 52 89 28 13 28
446 1 294 264 25 81
446 2 266 281 24 75
446 3 269 261 29 68
446 4 -17 33 15 30
446 6 520 92 17 40
446 7 521 93 16 39
446 8 186 45 15 28
446 9 180 46 12 27
446 10 172 47 12 29
446 11 635 101 22 32
446 13 282 97 18 39
446 14 289 115 18 42
446 15 330 145 20 52
446 16 342 144 19 51
446 17 318 145 19 56
446 18 276 157 21 54
446 19 279 152 18 48
446 20 300 112 21 41
446 21 571 232 37 68
446 22 547 230 26 64
446 23 511 137 24 53
446 24 528 135 15 48
446 29 335 99 20 46
446 31 379 106 17 43
446 30 379 106 18 43
446 32 -12 93 24 46
446 33 -10 94 22 46
446 34 531 81 16 38
446 37 267 75 18 38
446 38 236 15 20 11
446 38 43 34 15 28
446 43 138 32 11 27
446 44 144 33 12 25
446 50 345 55 13 31
446 51 95 31 15 24
446 52 89 28 13 28
447 1 294 264 25 81
447 2 266 281 24 75
447 3 269 261 29 68
447 4 -17 34 15 32
447 6 520 92 17 40
447 7 521 93 16 39
447 8 186 45 15 29
447 9 181 46 13 28
447 10 172 47 12 29
447 11 642 99 18 34
447 13 281 97 18 40
447 14 288 115 18 42
447 15 329 144 20 52
447 16 341 144 19 51
447 17 318 145 19 55
447 18 275 157 24 55
447 19 278 152 18 48
447 20 299 111 21 42
447 21 571 231 37 69
447 22 547 229 26 65
447 23 513 137 18 50
447 24 527 135 15 48
447 29 335 99 19 45
447 31 378 106 17 44
447 30 379 106 18 43
447 32 -12 93 26 46
447 33 -9 94 19 45
447 34 532 81 16 38
447 37 267 75 19 40
447 38 236 15 20 11
447 38 43 34 15 28
447 43 138 32 11 27
447 44 144 33 12 25
447 50 345 55 13 31
447 51 95 31 15 24
447 52 89 28 13 28
448 1 294 265 25 81
448 2 266 281 24 75
448 3 269 261 29 68
448 4 -18 34 16 32
448 6 521 92 17 40
448 7 522 93 16 39
448 8 185 45 15 28
448 9 180 46 13 28
448 10 171 47 12 29
448 11 642 99 18 34
448 13 281 97 18 40
448 14 288 114 18 43
448 15 329 144 20 51
448 16 341 144 19 51
448 17 316 144 20 56
448 18 274 157 22 53
448 19 278 151 18 48
448 20 298 111 21 41
448 21 574 231 38 69
448 22 550 228 25 65
448 23 512 137 18 50
448 24 527 134 15 48
448 29 334 99 19 45
448 31 375 106 22 44
448 30 375 106 21 45
448 32 -13 93 26 46
448 33 -10 94 19 46
448 34 533 85 15 34
448 37 268 75 18 38
448 38 236 15 20 11
448 38 43 34 15 28
448 43 138 32 11 27
448 44 144 33 12 25
448 50 345 55 13 31
448 51 95 31 15 24
448 52 89 28 13 28
449 1 294 265 25 81
449 2 266 281 25 76
449 3 269 261 29 68
449 4 -18 34 16 32
449 6 521 92 17 40
449 7 523 93 16 39
449 8 185 44 16 29
449 9 180 45 13 28
449 10 171 47 12 29
449 11 647 99 14 36
449 13 280 97 18 39
449 14 288 112 16 43
449 15 329 144 19 52
449 16 341 143 19 51
449 17 316 143 20 56
449 18 274 156 22 54
449 19 277 151 17 47
449 20 298 110 21 42
449 21 575 231 38 69
449 22 552 228 24 65
449 23 511 136 18 50
449 24 526 134 15 48
449 29 334 99 19 45
449 31 374 106 22 44
449 30 374 106 21 45
449 32 -15 92 26 48
449 33 -15 94 23 46
449 34 534 85 15 34
449 37 268 75 18 39
449 38 236 15 20 11
449 38 43 34 15 28
449 43 138 32 11 27
449 44 145 33 12 25
449 50 345 55 13 31
449 51 95 31 15 24
449 52 89 28 13 28
450 1 294 265 25 81
450 2 266 280 25 76
450 3 269 261 29 67
450 4 -19 33 17 32
450 6 522 92 17 40
450 7 523 93 16 39
450 8 186 44 14 29
450 9 180 45 13 29
450 10 171 47 12 29
450 11 647 99 14 36
450 13 280 97 17 39
450 14 288 112 16 43
450 15 328 144 19 52
450 16 340 143 19 51
450 17 315 143 20 56
450 18 275 155 21 55
450 19 277 150 17 47
450 20 297 110 21 41
450 21 575 231 38 69
450 22 552 227 24 66
450 23 511 136 18 50
450 24 525 134 15 47
450 29 332 99 20 48
450 31 373 106 22 44
450 30 373 106 21 45
450 32 -16 92 25 48
450 33 -16 94 23 46
450 34 535 85 15 34
450 37 271 75 16 37
450 38 236 15 20 11
450 38 43 34 15 28
450 43 138 32 11 27
450 44 145 33 13 25
450 50 345 55 13 32
450 51 94 31 15 24
450 52 88 28 13 28
451 1 294 265 25 80
451 2 266 280 25 76
451 3 269 261 29 67
451 4 -19 33 17 32
451 6 520 92 21 41
451 7 523 93 16 39
451 8 186 44 14 29
451 9 180 45 13 28
451 10 171 47 12 29
451 11 647 99 14 36
451 13 280 97 19 39
451 14 288 112 16 43
451 15 328 144 19 52
451 16 340 143 19 51
451 17 315 143 20 56
451 18 273 155 23 55
451 19 277 150 17 47
451 20 297 110 21 41
451 21 577 231 37 68
451 22 552 227 24 66
451 23 511 136 18 50
451 24 525 134 15 48
451 26 640 318 24 84
451 29 333 99 19 46
451 31 373 106 22 44
451 30 373 106 21 45
451 32 -16 92 25 48
451 33 -16 94 23 46
451 34 535 85 15 34
451 37 271 75 16 37
451 38 236 15 20 11
451 38 43 34 15 28
451 43 138 32 11 27
451 44 145 33 12 24
451 50 345 55 13 32
451 51 94 31 15 24
451 52 88 28 13 28
452 1 294 266 24 79
452 2 266 280 25 76
452 3 269 261 28 67
452 4 -19 33 16 32
452 6 521 92 21 41
452 7 524 93 16 39
452 8 186 44 12 29
452 9 178 45 14 28
452 10 170 45 12 30
452 11 648 99 14 36
452 13 279 97 19 39
452 14 287 112 16 42
452 15 328 143 19 53
452 16 339 143 19 52
452 17 315 142 20 56
452 18 276 154 20 54
452 19 276 150 17 46
452 20 297 110 19 41
452 21 577 230 38 72
452 22 549 227 28 65
452 23 510 136 18 50
452 24 524 135 15 50
452 26 639 317 26 84
452 29 331 99 21 49
452 31 372 106 22 44
452 30 372 106 21 45
452 32 -17 92 25 48
452 33 -16 94 23 46
452 34 536 85 15 34
452 37 272 75 16 36
452 38 236 15 20 11
452 38 43 34 15 28
452 43 138 32 11 27
452 44 145 33 12 24
452 50 345 55 13 32
452 51 94 31 15 25
452 52 88 28 13 28
453 1 288 264 32 80
453 2 266 280 25 77
453 3 269 261 28 67
453 4 -20 33 15 30
453 6 521 92 21 41
453 7 522 93 19 40
453 8 186 44 12 28
453 9 178 45 14 28
453 10 170 45 12 31
453 11 649 99 14 37
453 13 280 96 18 40
453 14 287 112 15 44
453 15 327 141 19 53
453 16 338 143 20 49
453 17 315 142 20 55
453 18 275 153 20 55
453 19 276 149 17 46
453 20 297 110 19 41
453 21 580 230 35 72
453 22 550 227 28 65
453 23 508 135 18 50
453 24 523 135 15 50
453 26 637 317 28 84
453 29 330 99 20 47
453 31 373 106 21 45
453 30 373 106 20 46
453 32 -17 92 25 48
453 33 -17 93 23 47
453 34 536 86 15 34
453 37 273 75 13 39
453 38 236 15 20 11
453 38 42 33 15 29
453 43 139 33 11 26
453 44 145 33 12 24
453 50 345 55 13 32
453 51 97 31 11 21
453 52 88 28 13 28
454 1 288 264 32 80
454 2 266 279 25 77
454 3 269 261 28 67
454 4 -20 33 15 30
454 6 522 92 21 42
454 7 523 93 19 40
454 8 184 44 14 30
454 9 178 45 14 28
454 10 170 45 12 30
454 11 649 100 16 34
454 13 280 96 18 40
454 14 287 112 15 43
454 15 326 141 19 54
454 16 337 143 20 49
454 17 315 142 20 55
454 18 274 152 20 55
454 19 275 149 17 46
454 20 296 110 19 41
454 21 580 230 38 72
454 22 552 227 29 65
454 23 508 135 18 50
454 24 523 133 15 51
454 26 636 316 29 84
454 29 330 100 19 44
454 31 372 106 21 45
454 30 372 106 20 46
454 32 -17 93 23 45
454 33 -18 93 22 48
454 34 537 86 15 34
454 37 274 76 13 38
454 38 236 15 20 11
454 38 42 33 15 29
454 43 139 33 11 26
454 44 145 33 12 24
454 50 345 55 13 32
454 51 97 31 11 21
454 52 88 28 13 28
455 1 288 264 32 80
455 2 266 280 25 76
455 3 269 260 29 68
455 4 -20 33 15 30
455 6 523 94 21 39
455 7 523 93 19 40
455 8 184 44 14 30
455 9 178 45 14 28
455 10 169 45 12 30
455 11 649 100 12 34
455 13 279 95 18 41
455 14 286 112 14 42
455 15 326 141 19 53
455 16 337 143 20 49
455 17 314 142 19 54
455 18 274 152 20 56
455 19 275 149 17 46
455 20 295 110 19 41
455 21 580 230 38 72
455 22 553 227 29 65
455 23 507 135 18 50
455 24 522 134 15 50
455 26 629 315 37 85
455 29 329 99 19 49
455 31 371 106 21 46
455 30 371 106 20 47
455 32 -17 93 23 45
455 33 -19 93 21 48
455 34 539 86 16 34
455 37 274 76 12 37
455 38 236 15 20 11
455 38 42 33 15 29
455 43 138 32 11 27
455 44 145 33 12 24
455 50 345 55 13 32
455 51 97 31 11 21
455 52 86 28 14 28
456 1 288 264 32 80
456 2 265 279 25 78
456 3 269 261 28 65
456 4 -20 33 15 30
456 6 524 94 22 39
456 7 524 93 19 40
456 8 183 44 14 30
456 9 177 45 14 28
456 10 169 45 12 30
456 11 651 100 11 34
456 13 279 94 17 42
456 14 285 112 15 43
456 15 326 141 19 53
456 16 336 142 18 48
456 17 314 141 19 54
456 18 272 152 20 56
456 19 274 148 17 46
456 20 295 110 19 41
456 21 581 230 39 72
456 22 550 227 32 66
456 23 506 134 18 50
456 24 520 133 15 51
456 26 622 315 43 85
456 29 328 99 19 49
456 31 369 110 20 41
456 30 369 107 20 45
456 32 -18 93 23 44
456 33 -21 93 22 48
456 34 539 86 16 34
456 37 274 77 12 36
456 38 236 15 20 11
456 38 42 33 15 29
456 43 138 32 11 27
456 44 145 33 12 24
456 50 345 55 13 32
456 51 95 31 12 21
456 52 88 28 13 28
457 1 288 264 32 80
457 2 265 279 25 77
457 3 269 261 28 67
457 4 -20 33 15 30
457 6 522 94 21 39
457 7 524 93 19 40
457 8 183 44 14 30
457 9 177 45 14 28
457 10 169 45 12 30
457 11 651 100 11 33
457 13 279 94 17 42
457 14 286 112 14 42
457 15 325 140 20 55
457 16 336 142 18 48
457 17 314 141 19 55
457 18 272 152 20 56
457 19 274 148 17 46
457 20 295 110 19 41
457 21 581 230 39 72
457 22 550 227 32 66
457 23 506 134 18 50
457 24 519 133 17 49
457 26 622 315 41 85
457 29 328 99 19 49
457 31 369 110 20 41
457 30 369 107 20 45
457 32 -16 94 21 43
457 33 -21 93 22 48
457 34 544 86 12 34
457 37 274 77 12 37
457 38 236 15 20 11
457 38 42 33 15 29
457 43 138 32 11 27
457 44 145 33 12 24
457 50 345 55 13 32
457 51 95 31 12 21
457 52 88 28 13 28
458 1 288 264 35 80
458 2 265 279 25 78
458 3 269 261 28 65
458 4 -20 33 15 30
458 6 522 94 21 39
458 7 525 93 19 41
458 8 183 44 14 30
458 9 177 46 14 28
458 10 169 47 12 28
458 11 651 100 11 33
458 13 279 94 17 42
458 14 284 112 16 44
458 15 325 140 19 53
458 16 336 142 18 48
458 17 314 142 19 54
458 18 272 152 20 56
458 19 274 148 17 46
458 20 294 110 19 41
458 21 581 230 39 72
458 22 552 227 31 66
458 23 505 134 18 50
458 24 518 132 17 49
458 26 621 315 45 84
458 29 327 99 19 49
458 31 368 110 20 41
458 30 368 107 20 45
458 32 -17 93 20 44
458 33 -21 93 22 48
458 34 545 85 12 35
458 37 275 77 12 37
458 38 236 15 20 11
458 38 42 33 15 29
458 43 138 32 11 27
458 44 145 33 12 24
458 50 345 55 13 32
458 51 95 31 12 21
458 52 88 28 13 28
459 1 288 264 35 80
459 2 265 279 25 77
459 3 269 261 28 66
459 4 -21 34 15 30
459 6 523 94 22 40
459 7 525 93 20 42
459 8 183 44 14 30
459 9 176 45 13 28
459 10 169 47 12 29
459 11 652 100 11 35
459 13 279 94 17 41
459 14 283 112 16 44
459 15 325 140 19 53
459 16 335 141 18 48
459 17 313 142 19 54
459 18 271 152 20 56
459 19 273 148 17 46
459 20 294 110 19 41
459 21 582 230 39 72
459 22 552 227 31 66
459 23 505 134 18 49
459 24 517 132 18 51
459 26 616 315 50 84
459 29 326 100 19 49
459 31 367 110 20 41
459 30 367 107 20 45
459 32 -18 93 20 44
459 33 -23 94 23 48
459 34 546 85 12 35
459 37 275 77 12 37
459 38 236 15 20 11
459 38 42 33 15 29
459 43 138 32 11 27
459 44 145 33 12 24
459 50 345 55 13 32
459 51 95 31 12 21
459 52 86 28 14 28
460 1 288 264 35 80
460 2 264 279 25 78
460 3 269 261 28 67
460 4 -21 34 15 30
460 6 523 94 21 39
460 7 526 93 19 41
460 8 182 44 14 30
460 9 176 45 14 28
460 10 168 45 12 29
460 13 277 94 18 41
460 14 283 111 16 45
460 15 325 140 19 53
460 16 335 141 18 49
460 17 314 142 18 51
460 18 271 152 20 56
460 19 273 148 17 46
460 20 294 110 18 38
460 21 582 229 39 70
460 22 553 226 31 67
460 23 504 133 18 50
460 24 517 131 18 47
460 26 615 315 50 84
460 29 325 100 19 49
460 31 370 110 13 42
460 30 362 107 21 45
460 32 -19 93 21 46
460 33 -23 94 23 48
460 34 546 85 12 35
460 37 276 77 12 37
460 38 236 15 20 11
460 38 42 33 15 29
460 43 138 32 11 27
460 44 145 33 12 24
460 50 345 55 13 32
460 51 95 31 12 21
460 52 86 28 14 27
461 1 288 264 35 80
461 2 264 279 25 78
461 3 268 259 30 69
461 4 -21 33 15 30
461 6 528 93 18 40
461 7 527 92 20 41
461 8 182 44 14 30
461 9 176 45 13 28
461 10 168 45 12 29
461 13 277 94 18 40
461 14 282 111 16 45
461 15 324 140 19 52
461 16 334 141 18 49
461 17 314 142 18 51
461 18 270 152 20 56
461 19 273 148 17 45
461 20 293 109 19 41
461 21 585 229 37 67
461 22 555 226 32 63
461 23 503 133 18 50
461 24 516 130 18 48
461 26 614 315 52 84
461 29 325 100 19 48
461 31 369 110 13 42
461 30 361 107 21 45
461 32 -21 93 21 44
461 34 548 85 12 35
461 37 276 77 13 38
461 38 236 15 20 11
461 38 42 33 15 29
461 43 138 32 11 27
461 44 145 33 12 24
461 50 345 55 13 32
461 51 94 31 12 21
461 52 85 28 14 27
462 1 288 264 35 80
462 2 263 280 25 77
462 3 269 261 29 68
462 4 -21 33 15 29
462 6 529 93 18 40
462 7 528 92 20 41
462 8 181 44 14 31
462 9 175 45 12 28
462 10 168 45 12 29
462 13 277 94 17 39
462 14 281 111 17 43
462 15 325 140 18 50
462 16 334 140 18 48
462 17 313 141 18 52
462 18 270 151 20 57
462 19 272 148 17 45
462 20 292 108 19 41
462 21 585 228 37 67
462 22 556 226 32 63
462 23 502 132 18 49
462 24 516 130 18 48
462 26 613 315 49 83
462 29 324 100 16 48
462 31 364 110 18 42
462 30 360 107 21 45
462 32 -22 93 25 45
462 34 548 85 12 35
462 37 278 77 14 38
462 38 236 15 20 11
462 38 42 33 15 27
462 43 138 34 11 26
462 44 145 33 12 24
462 50 345 55 13 32
462 51 94 31 12 21
462 52 86 28 13 27
463 1 288 264 35 80
463 2 263 279 25 77
463 3 269 261 29 68
463 4 -21 33 15 29
463 6 529 93 18 40
463 7 527 92 17 42
463 8 181 44 15 32
463 9 175 45 12 28
463 10 168 45 12 29
463 13 277 94 18 39
463 14 281 111 17 43
463 15 325 140 18 49
463 16 334 140 18 48
463 17 313 141 18 52
463 18 270 151 20 56
463 19 272 148 17 45
463 20 292 108 19 42
463 21 582 227 40 74
463 22 556 226 32 63
463 23 502 132 18 49
463 24 515 133 18 45
463 26 613 315 49 83
463 29 324 100 16 48
463 31 364 110 18 42
463 30 360 107 21 45
463 32 -22 93 25 45
463 34 548 85 12 35
463 37 278 77 14 38
463 38 236 15 20 11
463 38 42 33 15 27
463 43 138 34 11 26
463 44 145 33 12 24
463 50 345 55 13 32
463 51 94 31 12 21
463 52 86 28 13 27
464 1 288 264 35 80
464 2 263 279 25 78
464 3 269 261 29 68
464 4 -21 33 15 30
464 6 529 93 18 40
464 7 527 92 17 42
464 8 181 44 13 31
464 9 175 45 12 28
464 10 167 45 12 29
464 13 277 94 18 38
464 14 280 111 17 43
464 15 323 139 18 52
464 16 332 140 19 50
464 17 313 141 18 52
464 18 269 151 20 56
464 19 272 148 17 45
464 20 291 108 19 41
464 21 584 227 34 74
464 22 556 225 32 64
464 23 501 132 18 49
464 24 514 133 18 45
464 26 615 310 47 86
464 29 323 100 16 48
464 31 363 110 18 42
464 30 360 107 21 45
464 32 -23 94 25 44
464 34 550 85 12 35
464 37 278 77 14 38
464 38 236 15 20 11
464 38 42 33 15 27
464 43 138 34 11 26
464 44 145 33 12 24
464 50 345 55 13 32
464 51 94 31 12 21
464 52 86 28 13 27
465 1 288 264 35 80
465 2 262 280 25 76
465 3 269 261 29 68
465 4 -22 32 15 30
465 6 531 93 17 40
465 7 531 92 18 43
465 8 181 44 13 31
465 9 174 45 11 27
465 10 167 45 12 29
465 13 276 94 19 38
465 14 280 110 16 45
465 15 322 139 18 51
465 16 332 140 18 49
465 17 312 140 18 52
465 18 270 150 19 54
465 19 272 147 16 45
465 20 291 108 20 40
465 21 589 227 31 69
465 22 558 224 33 64
465 23 500 132 17 47
465 24 514 133 18 45
465 26 614 310 47 86
465 29 321 100 17 47
465 31 362 110 19 39
465 30 361 107 20 43
465 32 -24 93 26 46
465 34 552 85 11 35
465 37 278 77 14 38
465 38 236 15 20 11
465 38 42 33 15 27
465 43 138 34 11 26
465 44 145 33 12 24
465 50 345 55 13 32
465 51 94 31 12 21
465 52 86 28 13 27
466 1 290 264 34 80
466 2 262 280 25 76
466 3 268 261 29 67
466 4 -22 31 15 30
466 6 531 93 19 41
466 7 532 92 18 43
466 8 181 44 13 30
466 9 174 45 11 27
466 10 167 45 12 29
466 13 276 94 19 38
466 14 280 110 16 45
466 15 322 138 18 51
466 16 333 140 17 50
466 17 312 140 18 51
466 18 269 150 19 54
466 19 271 146 17 45
466 20 290 108 20 40
466 21 589 227 31 69
466 22 563 224 27 64
466 23 495 132 22 49
466 24 513 133 18 45
466 25 639 304 23 74
466 26 613 308 46 87
466 29 320 100 17 47
466 31 361 110 19 39
466 30 360 107 20 43
466 32 -26 92 26 46
466 34 553 86 11 35
466 37 278 77 14 37
466 38 236 15 20 11
466 38 42 33 15 27
466 43 138 34 11 25
466 44 145 33 12 24
466 50 345 55 13 32
466 51 94 31 12 21
466 52 85 28 13 27
467 1 290 264 34 81
467 2 261 281 24 75
467 3 267 261 29 68
467 4 -22 31 15 30
467 6 531 93 19 41
467 7 532 92 18 43
467 8 180 44 13 30
467 9 174 43 11 28
467 10 166 45 12 29
467 13 275 94 19 38
467 14 278 110 17 44
467 15 321 138 18 52
467 16 332 140 17 50
467 17 311 139 18 51
467 18 268 149 19 54
467 19 279 146 16 48
467 20 290 108 20 40
467 21 590 226 31 70
467 22 565 224 26 64
467 23 494 132 22 49
467 24 512 132 17 46
467 25 638 303 25 73
467 26 613 309 42 79
467 29 319 100 17 47
467 31 360 110 19 39
467 30 359 107 20 43
467 32 -23 92 22 47
467 34 554 86 12 35
467 37 279 77 14 37
467 38 236 15 20 11
467 38 42 33 14 27
467 43 138 34 11 25
467 44 145 34 12 24
467 50 345 55 13 32
467 51 93 31 12 21
467 52 85 28 13 27
468 1 290 264 34 81
468 2 261 281 27 75
468 3 269 261 29 68
468 4 -22 32 15 30
468 6 532 93 19 41
468 7 532 92 20 43
468 8 180 44 13 30
468 9 174 43 11 28
468 10 166 45 12 28
468 13 275 94 19 38
468 14 276 110 18 44
468 15 323 137 16 52
468 16 332 140 17 50
468 17 311 138 19 54
468 18 267 148 20 56
468 19 279 145 16 48
468 20 290 108 21 45
468 21 590 226 31 70
468 22 565 224 26 64
468 23 492 132 24 49
468 24 511 132 17 46
468 25 637 302 26 81
468 26 614 308 40 79
468 29 318 100 17 48
468 31 358 110 19 39
468 30 358 107 20 44
468 34 555 86 12 36
468 37 279 78 13 37
468 38 236 15 20 11
468 38 42 33 14 27
468 43 138 34 11 25
468 44 145 34 12 24
468 50 345 55 13 32
468 51 93 31 12 21
468 52 85 28 13 27
469 1 290 264 34 81
469 2 261 281 27 75
469 3 267 261 29 68
469 4 -22 32 15 30
469 6 532 93 21 41
469 7 532 92 20 43
469 8 180 44 12 30
469 9 174 43 11 28
469 10 166 45 12 29
469 13 275 94 19 38
469 14 276 110 18 44
469 15 323 137 16 52
469 16 332 140 17 49
469 17 311 138 19 55
469 18 268 148 20 55
469 19 279 145 16 48
469 20 290 108 21 45
469 21 590 226 31 70
469 22 565 224 26 64
469 23 492 132 24 49
469 24 511 132 17 46
469 25 637 302 25 81
469 26 614 308 40 79
469 29 318 100 17 48
469 31 358 110 21 41
469 30 358 108 21 43
469 34 553 86 14 37
469 37 279 78 13 36
469 38 236 15 20 11
469 38 42 33 14 27
469 43 138 34 11 26
469 44 145 34 12 24
469 50 345 55 13 32
469 51 93 31 12 21
469 52 85 28 13 27
470 1 290 263 35 82
470 2 261 281 27 75
470 3 266 261 29 68
470 4 -22 32 15 30
470 6 533 93 21 41
470 7 533 92 20 43
470 8 178 44 15 28
470 9 174 43 11 28
470 10 166 45 12 29
470 13 275 93 19 39
470 14 275 110 19 45
470 15 323 137 16 52
470 16 331 139 17 50
470 17 311 139 18 50
470 18 267 148 20 55
470 19 278 145 16 48
470 20 290 108 18 44
470 21 591 226 30 68
470 22 566 224 26 64
470 23 491 132 24 49
470 24 510 132 17 45
470 25 636 301 27 81
470 26 613 308 39 79
470 29 318 101 16 45
470 31 357 110 21 41
470 30 357 108 21 43
470 34 554 86 14 37
470 37 281 78 13 37
470 38 236 15 20 11
470 38 42 33 14 27
470 43 138 34 11 25
470 44 146 34 12 24
470 50 345 55 13 32
470 51 93 31 12 21
470 52 85 28 13 27
471 1 290 263 35 82
471 2 260 281 27 75
471 3 272 261 29 76
471 4 -22 32 15 30
471 6 533 93 21 41
471 7 533 92 20 43
471 8 178 44 15 28
471 9 173 43 11 28
471 10 166 45 12 28
471 13 274 92 20 40
471 14 275 110 19 45
471 15 322 137 16 52
471 16 331 139 17 50
471 17 310 139 18 51
471 18 267 148 20 55
471 19 277 144 17 51
471 20 290 108 18 44
471 21 591 226 32 71
471 22 567 224 26 64
471 23 490 132 23 49
471 24 507 131 21 46
471 25 635 300 29 81
471 26 613 307 37 77
471 29 314 101 19 45
471 31 359 110 18 41
471 30 359 108 18 43
471 34 555 86 14 38
471 37 281 79 13 36
471 38 236 15 20 11
471 38 42 33 14 27
471 43 138 34 11 25
471 44 146 34 12 24
471 50 345 55 13 31
471 51 93 29 12 22
471 52 85 28 13 27
472 1 290 263 35 82
472 2 260 281 27 75
472 3 272 261 29 76
472 4 -24 32 16 30
472 6 534 93 21 41
472 7 534 92 20 43
472 8 177 44 15 28
472 9 173 43 11 28
472 10 165 45 12 28
472 13 275 93 17 39
472 14 274 110 19 45
472 15 321 136 16 52
472 16 330 139 17 50
472 17 310 138 18 52
472 18 266 151 19 50
472 19 278 144 17 49
472 20 289 108 18 44
472 21 591 226 32 70
472 22 568 224 26 64
472 23 492 131 20 50
472 24 506 131 21 46
472 25 628 299 35 83
472 26 612 306 37 77
472 29 313 101 19 45
472 31 358 110 18 41
472 30 358 108 18 43
472 34 556 86 14 38
472 37 282 79 13 36
472 38 236 15 20 11
472 38 42 33 14 27
472 43 138 34 11 25
472 44 146 34 12 24
472 50 345 55 13 31
472 51 93 29 12 22
472 52 85 28 13 27
473 1 291 263 33 82
473 2 260 282 27 75
473 3 272 261 29 76
473 4 -24 32 16 30
473 6 533 92 21 42
473 7 534 92 21 43
473 8 177 44 15 28
473 9 173 43 11 28
473 10 165 45 12 28
473 13 275 93 17 39
473 14 274 110 19 45
473 15 321 136 16 52
473 16 330 138 17 47
473 17 310 139 18 50
473 18 264 147 22 54
473 19 278 144 17 49
473 20 288 108 18 44
473 21 591 226 32 70
473 22 569 224 27 64
473 23 491 130 20 50
473 24 505 130 21 47
473 25 626 297 38 84
473 26 607 306 39 80
473 29 312 101 19 44
473 31 357 110 15 42
473 30 357 108 17 43
473 34 557 86 14 38
473 37 282 79 13 37
473 38 236 15 20 11
473 38 40 33 15 27
473 43 138 34 11 25
473 44 146 34 12 24
473 50 345 55 13 31
473 51 92 29 12 22
473 52 85 28 13 27
474 1 291 263 33 82
474 2 260 282 27 75
474 3 272 261 29 76
474 4 -24 31 16 31
474 6 533 92 21 42
474 7 533 92 21 43
474 8 177 44 15 28
474 9 172 43 11 28
474 10 165 45 11 28
474 13 274 93 16 39
474 14 273 110 19 42
474 15 321 136 16 53
474 16 330 138 17 47
474 17 309 138 18 51
474 18 263 147 22 54
474 19 277 144 17 49
474 20 288 108 18 44
474 21 592 226 32 70
474 22 569 224 27 64
474 23 490 130 20 50
474 24 504 130 21 45
474 25 625 297 41 87
474 26 605 306 40 80
474 29 311 102 19 44
474 31 356 110 15 42
474 30 356 108 17 43
474 34 559 86 14 38
474 37 282 79 13 36
474 38 236 15 20 11
474 38 40 33 16 27
474 43 139 34 11 25
474 44 146 34 12 24
474 50 345 55 13 31
474 51 92 30 12 22
474 52 84 28 13 27
475 1 291 263 33 82
475 2 260 282 27 75
475 3 272 261 29 76
475 4 -24 31 16 31
475 6 534 92 21 42
475 7 533 92 21 43
475 8 177 44 15 28
475 9 172 43 11 28
475 10 165 45 11 28
475 13 274 93 16 39
475 14 273 110 19 42
475 15 321 136 16 53
475 16 330 138 17 47
475 17 310 139 17 49
475 18 264 147 22 54
475 19 277 144 17 49
475 20 288 108 18 44
475 21 591 226 33 69
475 22 569 224 27 64
475 23 490 130 20 50
475 24 506 130 18 45
475 25 625 297 37 87
475 26 605 306 40 80
475 29 311 102 19 44
475 31 353 110 18 39
475 30 353 108 20 41
475 34 558 86 14 37
475 37 282 79 13 36
475 38 236 15 20 11
475 38 40 33 16 27
475 43 139 34 11 25
475 44 146 34 12 24
475 50 345 55 13 31
475 51 92 29 12 22
475 52 84 28 13 27
476 1 291 263 33 82
476 2 259 282 27 75
476 3 271 261 29 77
476 4 -24 31 16 30
476 6 534 92 21 42
476 7 534 92 21 43
476 8 176 44 15 28
476 9 172 43 11 28
476 10 165 45 11 27
476 13 274 93 16 38
476 14 272 110 19 42
476 15 320 136 16 53
476 16 329 138 17 46
476 17 309 138 18 51
476 18 263 147 22 54
476 19 277 144 17 49
476 20 287 107 18 45
476 21 592 226 33 69
476 22 570 224 27 65
476 23 490 129 20 48
476 24 505 130 18 45
476 25 624 296 41 87
476 26 604 306 40 80
476 29 310 102 19 44
476 31 352 110 18 39
476 30 352 108 20 41
476 34 560 86 14 38
476 37 283 79 13 37
476 38 236 15 20 11
476 38 40 33 15 27
476 43 139 34 11 25
476 44 146 34 12 24
476 50 346 55 12 31
476 51 92 30 12 22
476 52 84 28 13 27
477 1 291 263 33 82
477 2 260 282 27 74
477 3 271 261 30 77
477 4 -25 31 15 30
477 6 535 92 21 42
477 7 534 92 21 43
477 8 176 44 15 28
477 9 172 43 11 28
477 10 165 45 11 27
477 13 274 93 16 39
477 14 272 109 19 43
477 15 320 136 16 53
477 16 329 138 16 46
477 17 309 138 18 50
477 18 262 147 22 54
477 19 276 144 17 49
477 20 286 106 19 48
477 21 592 225 33 70
477 22 571 223 27 65
477 23 489 129 20 48
477 24 504 129 18 45
477 25 623 295 40 88
477 26 601 304 40 81
477 29 309 102 19 44
477 31 355 110 15 42
477 30 351 108 21 41
477 34 559 86 16 40
477 37 284 79 13 37
477 38 236 15 20 11
477 38 40 33 15 27
477 43 139 34 12 26
477 44 146 34 12 24
477 50 346 55 12 31
477 51 92 30 12 22
477 52 84 28 13 27
478 1 291 263 33 82
478 2 260 282 28 74
478 3 272 261 29 76
478 4 -25 31 15 31
478 6 536 93 21 41
478 7 535 92 21 43
478 8 176 44 15 28
478 9 171 43 11 28
478 10 164 45 11 27
478 13 273 93 15 37
478 14 273 108 17 42
478 15 320 136 16 52
478 16 328 137 19 49
478 17 308 138 18 50
478 18 262 149 21 52
478 19 276 143 17 50
478 20 284 105 20 43
478 21 593 220 35 75
478 22 569 223 29 63
478 23 489 128 20 49
478 24 504 129 18 44
478 25 622 294 39 88
478 26 600 303 41 83
478 29 309 102 19 44
478 31 354 110 15 42
478 30 350 108 21 41
478 34 560 86 16 40
478 37 284 79 13 37
478 38 236 15 20 11
478 38 40 33 15 27
478 43 139 34 12 26
478 44 146 34 12 24
478 50 346 55 12 31
478 51 92 30 12 22
478 52 84 28 13 27
479 1 291 263 33 83
479 2 260 282 28 74
479 3 272 262 29 76
479 4 -25 31 15 30
479 6 537 92 22 42
479 7 535 92 21 43
479 8 176 44 15 28
479 9 171 43 11 28
479 10 164 45 11 28
479 13 273 93 15 37
479 14 273 108 17 42
479 15 319 135 16 53
479 16 328 137 19 49
479 17 307 137 18 50
479 18 261 149 21 52
479 19 274 143 18 52
479 20 284 105 20 43
479 21 594 219 35 75
479 22 570 223 29 63
479 23 488 128 20 48
479 24 503 129 18 44
479 25 619 293 40 88
479 26 599 302 41 83
479 29 305 102 21 45
479 31 353 110 15 42
479 30 349 108 21 41
479 34 560 86 16 40
479 37 285 79 13 38
479 38 236 15 20 11
479 38 40 33 15 27
479 43 139 34 12 26
479 44 146 34 12 25
479 50 346 55 12 31
479 51 91 30 12 22
479 52 83 28 13 27
480 1 291 263 33 83
480 2 260 282 28 74
480 3 272 262 29 76
480 4 -25 31 15 31
480 6 540 92 16 43
480 7 540 92 17 42
480 8 175 42 15 28
480 9 171 42 11 28
480 10 164 44 13 28
480 13 272 93 15 36
480 14 272 107 17 42
480 15 318 134 17 54
480 16 327 137 19 49
480 17 309 139 16 44
480 18 261 148 21 53
480 19 274 143 18 52
480 20 283 105 20 43
480 21 594 219 35 76
480 22 570 222 30 64
480 23 488 128 20 48
480 24 503 129 18 44
480 25 621 292 37 86
480 26 598 301 41 84
480 29 304 102 21 45
480 31 350 110 17 41
480 30 348 108 21 41
480 34 561 86 17 40
480 37 285 79 13 38
480 38 236 15 20 11
480 38 40 33 15 27
480 43 139 34 12 26
480 44 146 34 12 24
480 50 346 56 12 31
480 51 91 29 12 22
480 52 83 28 13 27
481 1 292 262 34 83
481 2 258 282 30 74
481 3 272 262 29 76
481 4 -25 31 15 30
481 6 540 92 16 43
481 7 540 92 17 42
481 8 175 42 15 30
481 9 171 42 11 28
481 10 164 44 13 28
481 13 272 93 15 36
481 14 272 107 17 42
481 15 318 134 17 54
481 16 327 137 19 49
481 17 309 139 16 44
481 18 261 148 21 53
481 19 274 143 18 52
481 20 283 105 20 43
481 21 593 219 36 72
481 22 570 222 30 65
481 23 488 128 20 48
481 24 503 129 18 44
481 25 621 292 37 86
481 26 598 301 41 84
481 29 304 102 21 45
481 31 350 110 17 41
481 30 348 108 21 41
481 34 561 86 17 40
481 37 285 79 13 38
481 38 236 15 20 11
481 38 40 33 15 27
481 43 139 34 12 26
481 44 146 34 12 25
481 50 346 56 12 31
481 51 91 29 12 22
481 52 83 28 13 27
482 1 295 262 31 83
482 2 258 282 30 74
482 3 272 262 29 76
482 4 -25 31 15 30
482 6 541 92 16 43
482 7 541 92 18 42
482 8 175 42 15 30
482 9 170 42 11 28
482 10 164 44 13 28
482 13 272 93 15 37
482 14 271 107 17 43
482 15 316 134 18 52
482 16 327 137 19 49
482 17 305 136 20 51
482 18 260 147 22 52
482 19 273 142 18 52
482 20 283 104 20 43
482 21 594 219 36 72
482 22 577 221 23 62
482 23 487 128 20 48
482 24 502 129 18 44
482 25 619 291 38 85
482 26 597 301 41 82
482 29 304 102 21 44
482 31 349 110 17 41
482 30 347 108 21 42
482 34 564 87 15 39
482 37 285 79 13 37
482 38 236 15 20 11
482 38 40 33 15 27
482 43 139 34 12 26
482 44 146 34 12 25
482 50 346 56 12 31
482 51 91 29 12 22
482 52 83 28 13 27
483 1 295 262 31 83
483 2 258 282 30 74
483 3 271 262 29 77
483 4 -25 31 15 30
483 6 542 94 15 41
483 7 544 94 15 41
483 8 174 42 15 30
483 9 170 42 11 28
483 10 163 44 13 28
483 13 271 93 15 37
483 14 271 107 17 42
483 15 316 134 18 52
483 16 327 136 19 49
483 17 306 136 19 50
483 18 260 147 21 51
483 19 273 142 18 51
483 20 282 105 20 43
483 21 594 218 36 72
483 22 578 219 23 63
483 23 486 128 19 49
483 24 501 129 18 44
483 25 618 291 36 82
483 26 596 300 38 78
483 29 302 102 21 46
483 31 348 110 17 41
483 30 346 108 22 43
483 34 565 87 15 39
483 37 286 80 13 37
483 38 236 15 20 11
483 38 40 32 15 27
483 43 139 34 12 26
483 44 146 34 12 25
483 50 346 56 12 31
483 51 91 29 12 22
483 52 83 28 13 27
484 1 295 262 31 83
484 2 258 282 30 74
484 3 272 262 29 76
484 4 -25 30 15 30
484 6 543 92 16 43
484 7 545 94 15 41
484 8 174 42 15 30
484 9 170 42 11 28
484 10 164 44 13 28
484 13 271 92 15 38
484 14 270 107 16 42
484 15 315 133 18 52
484 16 327 136 19 49
484 17 304 135 20 52
484 18 259 146 21 51
484 19 271 141 18 53
484 20 282 105 20 43
484 21 598 220 34 71
484 22 578 219 23 64
484 23 485 128 19 49
484 24 499 128 19 46
484 25 617 290 36 82
484 26 595 299 38 79
484 29 302 102 20 43
484 31 348 110 17 41
484 30 345 108 22 43
484 34 566 87 15 39
484 37 286 80 13 37
484 38 236 15 20 11
484 38 40 33 15 27
484 43 139 34 12 26
484 44 146 34 12 25
484 50 346 56 12 30
484 51 91 29 12 22
484 52 83 27 12 27
485 1 295 262 31 83
485 2 258 282 30 74
485 3 272 262 29 76
485 4 -26 30 15 29
485 6 544 92 20 43
485 7 545 94 17 42
485 8 174 42 15 28
485 9 170 42 11 28
485 10 164 44 13 29
485 13 270 92 16 38
485 14 270 107 16 42
485 15 315 133 18 52
485 16 326 135 20 51
485 17 303 134 20 52
485 18 259 146 21 51
485 19 271 140 18 52
485 20 281 105 20 43
485 21 598 220 34 71
485 22 579 218 24 65
485 23 485 128 19 49
485 24 499 128 19 46
485 25 616 289 35 81
485 26 593 298 38 79
485 29 302 103 20 43
485 31 347 110 18 41
485 30 346 108 18 42
485 34 567 87 15 39
485 37 286 81 13 37
485 38 236 15 20 11
485 38 39 32 16 27
485 43 139 35 12 26
485 44 146 34 12 25
485 50 346 56 12 30
485 51 90 29 12 22
485 52 82 27 12 26
486 1 295 262 31 83
486 2 258 282 30 74
486 3 272 262 29 76
486 4 -26 30 15 29
486 6 545 92 19 41
486 7 546 94 17 42
486 8 175 42 11 28
486 9 169 42 11 28
486 10 164 44 11 26
486 13 270 90 16 40
486 14 269 107 16 42
486 15 315 133 18 52
486 16 327 136 18 47
486 17 303 134 21 53
486 18 259 146 21 52
486 19 270 140 18 52
486 20 281 104 20 43
486 21 599 219 37 71
486 22 580 218 23 64
486 23 484 128 19 49
486 24 498 128 18 45
486 25 610 289 40 81
486 26 593 298 38 76
486 29 298 102 23 50
486 31 346 110 18 41
486 30 345 108 18 42
486 34 568 87 16 40
486 37 287 81 13 36
486 38 236 15 20 11
486 38 39 32 16 27
486 43 139 35 12 26
486 44 146 34 12 25
486 50 346 56 12 30
486 51 90 29 12 22
486 52 82 27 12 26
487 1 295 262 31 83
487 2 258 282 30 74
487 3 272 262 29 76
487 4 -26 30 15 29
487 6 544 92 20 41
487 7 545 94 18 42
487 8 174 42 15 28
487 9 169 42 11 28
487 10 164 44 11 26
487 13 270 90 16 40
487 14 268 107 17 42
487 15 314 132 19 53
487 16 327 136 18 47
487 17 303 134 21 53
487 18 259 146 21 52
487 19 270 140 18 52
487 20 281 105 19 41
487 21 599 219 37 71
487 22 579 218 23 64
487 23 484 128 19 49
487 24 498 128 18 45
487 25 610 289 40 81
487 26 593 298 38 76
487 29 301 102 19 46
487 31 346 110 18 41
487 30 345 108 18 42
487 34 568 87 15 39
487 37 287 81 13 36
487 38 236 15 20 11
487 38 39 32 16 27
487 43 139 35 12 26
487 44 146 34 12 25
487 50 346 56 12 30
487 51 90 29 12 22
487 52 82 27 12 26
488 1 295 262 31 84
488 2 258 282 30 74
488 3 272 262 29 76
488 4 -26 30 15 29
488 6 546 92 19 41
488 7 546 94 18 42
488 8 173 42 14 28
488 9 170 42 11 28
488 10 164 44 11 26
488 13 270 93 15 36
488 14 268 107 17 42
488 15 314 132 19 53
488 16 325 135 19 48
488 17 302 134 21 53
488 18 258 146 20 51
488 19 270 140 18 53
488 20 281 106 18 39
488 21 599 219 37 69
488 22 579 218 26 65
488 23 483 127 19 49
488 24 498 128 18 46
488 25 599 288 50 82
488 26 592 298 38 76
488 29 300 102 19 46
488 31 345 110 18 42
488 30 344 108 18 42
488 34 568 87 15 40
488 37 287 82 13 36
488 38 236 15 20 11
488 38 39 32 16 27
488 43 139 35 12 26
488 44 146 34 12 25
488 50 347 56 12 30
488 51 90 29 12 22
488 52 82 27 12 26
489 1 296 262 31 84
489 2 258 283 30 74
489 3 272 262 29 76
489 4 -26 30 15 29
489 6 546 92 19 41
489 7 546 94 18 42
489 8 172 42 14 28
489 9 169 42 11 28
489 10 164 44 11 26
489 13 268 87 18 44
489 14 267 107 17 40
489 15 313 132 19 53
489 16 325 135 19 48
489 17 302 134 21 53
489 18 258 146 20 51
489 19 269 140 18 52
489 20 281 106 18 39
489 21 599 219 37 69
489 22 580 218 26 65
489 23 482 127 19 49
489 24 497 127 18 45
489 25 598 287 50 82
489 26 587 297 42 76
489 29 299 102 19 46
489 31 344 106 16 46
489 30 343 108 16 42
489 34 570 87 15 38
489 37 289 82 13 38
489 38 236 15 20 11
489 38 39 32 16 27
489 43 139 35 12 25
489 44 146 34 12 25
489 50 347 56 12 30
489 51 90 29 12 22
489 52 82 27 12 26
490 1 296 262 31 84
490 2 258 283 30 74
490 3 272 262 29 76
490 4 -26 30 15 29
490 6 547 92 19 41
490 7 547 94 18 42
490 8 172 42 14 28
490 9 168 42 11 28
490 10 163 44 12 26
490 13 268 87 18 44
490 14 266 106 17 41
490 15 311 131 20 54
490 16 324 134 20 49
490 17 301 134 21 53
490 18 257 146 20 51
490 19 269 139 18 52
490 20 280 106 19 40
490 21 600 220 38 68
490 22 580 218 26 65
490 23 481 126 19 47
490 24 495 127 19 44
490 25 597 287 50 82
490 26 586 297 42 76
490 29 298 102 18 46
490 31 343 106 16 46
490 30 342 108 16 42
490 34 571 87 16 38
490 37 288 82 13 38
490 38 236 15 20 11
490 38 39 32 16 27
490 43 139 35 12 26
490 44 146 34 12 25
490 50 347 56 12 30
490 51 90 30 12 22
490 52 82 27 12 26
491 1 296 262 31 84
491 2 259 283 30 74
491 3 272 262 29 76
491 4 -26 30 15 29
491 6 546 93 19 42
491 7 547 94 18 43
491 8 171 42 14 29
491 9 167 42 11 28
491 10 163 44 12 26
491 13 267 87 18 43
491 14 266 106 18 41
491 15 311 131 20 54
491 16 324 133 19 49
491 17 301 134 21 54
491 18 257 146 20 51
491 19 268 139 18 52
491 20 279 105 19 41
491 21 600 220 38 68
491 22 579 218 28 65
491 23 480 125 19 47
491 24 495 126 19 44
491 25 594 287 50 82
491 26 578 296 48 77
491 29 297 103 18 46
491 31 341 106 15 44
491 30 341 106 16 44
491 34 571 87 16 38
491 37 288 82 13 38
491 38 236 15 20 11
491 38 39 32 16 27
491 43 140 35 12 26
491 44 146 34 12 25
491 50 347 56 12 30
491 51 89 29 12 22
491 52 82 27 12 26
492 1 298 262 28 88
492 2 259 282 30 74
492 3 272 262 29 76
492 4 -26 30 15 29
492 6 546 93 19 42
492 7 548 94 18 42
492 8 171 42 14 28
492 9 167 42 11 28
492 10 163 44 12 26
492 13 267 87 17 42
492 14 265 105 18 42
492 15 310 133 20 53
492 16 324 133 20 50
492 17 301 134 21 53
492 18 257 146 20 51
492 19 268 139 18 53
492 20 279 104 19 42
492 21 601 220 38 68
492 22 580 218 28 65
492 23 480 125 20 49
492 24 494 126 19 44
492 25 593 287 50 82
492 26 577 296 48 77
492 29 296 103 18 46
492 31 340 106 15 44
492 30 340 106 16 44
492 34 572 87 16 38
492 37 289 82 13 38
492 38 236 15 20 11
492 38 39 32 16 27
492 43 140 35 12 25
492 44 146 34 12 25
492 50 347 56 12 30
492 51 89 29 12 22
492 52 81 27 12 26
493 1 298 262 28 88
493 2 259 282 30 74
493 3 272 262 29 76
493 4 -26 30 15 29
493 6 547 93 19 41
493 7 548 94 18 42
493 8 171 42 14 28
493 9 167 42 11 28
493 10 163 44 12 26
493 13 267 87 17 42
493 14 265 105 18 42
493 15 310 133 20 53
493 16 324 133 18 50
493 17 301 134 21 53
493 18 257 146 20 50
493 19 268 139 18 53
493 20 278 105 19 42
493 21 601 220 38 68
493 22 580 218 28 65
493 23 480 125 20 49
493 24 494 126 19 44
493 25 593 286 50 82
493 26 577 296 48 77
493 29 296 103 18 46
493 31 340 106 15 44
493 30 340 106 16 44
493 34 571 87 16 38
493 37 289 82 13 38
493 38 236 15 20 11
493 38 39 32 16 27
493 43 140 35 12 26
493 44 146 34 12 25
493 50 347 56 12 30
493 51 89 29 12 22
493 52 81 27 12 26
494 1 298 262 28 88
494 2 259 282 30 74
494 3 272 262 29 76
494 4 -28 30 16 29
494 6 547 93 19 41
494 7 549 95 18 42
494 8 170 42 14 28
494 9 166 42 11 28
494 10 162 44 12 26
494 13 267 87 17 42
494 14 265 105 18 42
494 15 309 133 20 53
494 16 324 133 18 50
494 17 300 134 20 52
494 18 256 145 20 51
494 19 268 139 18 53
494 20 278 104 20 42
494 21 601 220 38 68
494 22 580 218 28 65
494 23 479 125 20 49
494 24 493 126 17 44
494 25 591 286 49 82
494 26 576 295 43 76
494 29 295 103 18 45
494 31 339 106 15 44
494 30 339 106 16 44
494 34 572 87 16 38
494 37 289 82 13 38
494 38 236 15 20 11
494 38 39 32 16 27
494 43 140 35 12 26
494 44 146 34 12 25
494 50 347 56 12 30
494 51 89 29 12 22
494 52 81 27 12 26
495 1 298 262 28 88
495 2 258 283 30 74
495 3 272 262 29 76
495 4 -28 30 16 29
495 6 548 93 19 41
495 7 548 94 18 42
495 8 171 42 14 27
495 9 166 42 11 28
495 10 162 43 12 26
495 13 267 87 17 41
495 14 264 104 18 42
495 15 309 132 20 53
495 16 323 133 18 50
495 17 299 134 20 52
495 18 256 145 20 50
495 19 267 139 18 53
495 20 278 104 20 42
495 21 601 219 38 68
495 22 581 217 30 66
495 23 479 125 20 49
495 24 493 126 17 44
495 25 594 285 45 82
495 26 575 295 43 76
495 29 293 103 18 46
495 31 338 107 17 44
495 30 338 107 18 44
495 34 572 87 16 38
495 37 290 82 13 38
495 38 236 15 20 11
495 38 39 32 16 27
495 43 140 35 12 26
495 44 146 34 13 26
495 50 347 56 12 30
495 51 89 29 12 22
495 52 81 27 12 26
496 1 298 263 28 88
496 2 260 283 30 74
496 3 272 262 29 76
496 4 -28 30 16 29
496 6 548 93 20 44
496 7 548 94 18 42
496 8 170 42 14 28
496 9 166 42 11 28
496 10 162 43 12 26
496 13 267 89 17 41
496 14 264 106 17 39
496 15 308 132 20 53
496 16 323 133 18 50
496 17 299 134 21 53
496 18 255 144 21 51
496 19 267 139 18 50
496 20 279 103 18 43
496 21 605 219 32 69
496 22 582 217 30 66
496 23 476 125 19 48
496 24 492 126 17 44
496 25 593 284 45 82
496 26 575 294 43 77
496 29 293 103 18 45
496 31 335 106 19 45
496 30 335 105 20 46
496 34 573 89 20 36
496 37 290 82 13 38
496 38 236 15 20 11
496 38 39 32 15 27
496 43 140 35 12 26
496 44 146 34 13 26
496 50 347 56 12 30
496 51 89 29 12 22
496 52 81 27 12 26
497 1 298 263 28 88
497 2 260 283 30 74
497 3 272 263 29 76
497 4 -28 30 16 29
497 6 549 93 19 40
497 7 549 94 18 41
497 8 169 42 14 28
497 9 166 42 11 28
497 10 162 43 12 26
497 13 267 89 17 41
497 14 264 106 17 40
497 15 308 132 20 52
497 16 323 133 18 50
497 17 298 133 21 53
497 18 255 143 20 51
497 19 267 138 18 50
497 20 279 103 18 43
497 21 605 219 32 69
497 22 582 216 30 66
497 23 475 125 19 48
497 24 491 126 17 42
497 25 594 283 41 78
497 26 573 294 44 77
497 29 292 103 18 45
497 31 334 106 19 45
497 30 334 105 20 46
497 34 575 89 19 36
497 37 291 82 13 38
497 38 236 15 20 11
497 38 39 32 15 27
497 43 140 35 12 26
497 44 146 34 13 26
497 50 347 56 12 30
497 51 88 29 12 21
497 52 81 27 12 26
498 1 299 263 28 88
498 2 260 283 30 74
498 3 272 263 29 76
498 4 -28 28 16 30
498 6 551 93 19 41
498 7 551 94 19 41
498 8 169 42 14 29
498 9 165 42 11 28
498 10 162 43 12 26
498 13 266 88 17 42
498 14 264 106 17 39
498 15 307 131 20 52
498 16 322 132 18 50
498 17 298 133 21 53
498 18 255 143 20 51
498 19 266 138 18 50
498 20 278 103 18 43
498 21 606 218 32 69
498 22 584 216 31 65
498 23 475 125 19 48
498 24 490 125 18 45
498 25 592 281 41 79
498 26 575 292 40 77
498 29 291 104 17 45
498 31 333 106 22 45
498 30 333 105 22 46
498 34 576 89 20 36
498 37 291 83 13 38
498 38 238 16 20 11
498 38 39 32 15 27
498 43 140 35 12 26
498 44 146 34 13 26
498 50 347 56 12 30
498 51 88 29 12 21
498 52 81 27 12 26
499 1 298 263 28 88
499 2 260 283 30 74
499 3 272 263 29 76
499 4 -28 28 16 31
499 6 550 93 20 41
499 7 551 94 19 41
499 8 169 42 14 28
499 9 165 42 11 28
499 10 162 43 12 26
499 13 266 88 17 42
499 14 262 106 19 40
499 15 307 131 20 52
499 16 322 133 18 50
499 17 297 133 19 52
499 18 255 143 20 51
499 19 266 138 18 50
499 20 278 103 18 43
499 21 606 218 32 69
499 22 584 216 31 61
499 23 475 125 19 48
499 24 490 125 18 45
499 25 592 281 41 79
499 26 575 292 40 77
499 29 291 104 17 45
499 31 333 106 22 45
499 30 333 105 22 46
499 34 576 89 20 36
499 37 291 83 13 38
499 38 238 16 20 11
499 38 39 32 15 27
499 43 140 35 12 26
499 44 146 34 13 26
499 50 347 56 12 30
499 51 88 29 12 21
499 52 81 27 12 26
500 1 299 264 28 88
500 2 260 283 30 74
500 3 272 263 29 76
500 4 -28 28 16 31
500 6 551 93 20 41
500 7 552 94 19 41
500 8 169 42 14 29
500 9 165 41 11 28
500 10 162 44 12 25
500 13 266 88 18 42
500 14 262 106 19 39
500 15 306 130 21 55
500 16 322 132 18 50
500 17 297 132 21 53
500 18 255 142 20 51
500 19 266 137 18 51
500 20 278 103 17 41
500 21 607 218 31 67
500 22 586 216 30 62
500 23 473 125 20 48
500 24 489 125 18 46
500 25 591 280 42 77
500 26 573 292 40 76
500 29 289 106 17 42
500 31 332 106 22 45
500 30 332 105 22 46
500 34 577 90 20 35
500 37 292 83 13 38
500 38 240 16 20 11
500 38 39 32 14 26
500 43 140 35 12 25
500 44 146 34 13 26
500 50 347 56 12 30
500 51 88 29 12 21
500 52 81 27 12 26
501 1 299 264 28 87
501 2 260 283 30 74
501 3 272 263 29 76
501 4 -29 28 15 31
501 6 552 93 20 41
501 7 552 94 19 41
501 8 170 42 12 27
501 9 165 41 11 28
501 10 161 42 12 27
501 13 265 88 18 43
501 14 262 106 19 39
501 15 306 130 19 51
501 16 321 132 18 50
501 17 296 131 20 53
501 18 254 142 20 51
501 19 266 136 19 52
501 20 277 103 18 42
501 21 606 217 33 70
501 22 587 216 29 60
501 23 472 124 19 49
501 24 488 125 18 44
501 25 596 279 34 78
501 26 575 290 35 72
501 29 288 105 17 43
501 31 331 106 22 44
501 30 331 105 22 46
501 34 578 90 19 34
501 37 293 84 13 38
501 38 241 16 20 11
501 38 39 32 14 26
501 43 140 35 12 25
501 44 146 35 12 26
501 50 347 56 12 30
501 51 88 29 12 21
501 52 80 26 12 27
502 1 298 265 28 87
502 2 261 283 30 74
502 3 272 263 29 76
502 4 -29 29 15 30
502 6 553 94 20 41
502 7 553 94 19 42
502 8 170 42 12 27
502 9 165 41 11 28
502 10 161 42 12 27
502 13 265 87 18 43
502 14 261 106 19 40
502 15 305 130 19 51
502 16 321 132 18 50
502 17 295 131 20 54
502 18 253 140 19 51
502 19 265 136 19 53
502 20 277 103 18 43
502 21 609 215 30 69
502 22 587 215 29 60
502 23 470 123 20 50
502 24 487 125 18 44
502 25 594 278 35 78
502 26 573 289 36 72
502 29 287 105 17 43
502 31 333 106 18 44
502 30 334 105 17 46
502 34 579 89 20 36
502 37 293 84 13 38
502 38 242 17 20 11
502 38 39 32 14 26
502 43 140 35 12 26
502 44 146 35 12 26
502 50 347 56 12 30
502 51 88 29 12 21
502 52 80 26 12 27
503 1 299 269 27 83
503 2 261 283 30 74
503 3 272 263 29 76
503 4 -29 29 15 30
503 6 553 94 20 41
503 7 554 94 19 42
503 8 169 42 12 27
503 9 165 41 11 28
503 10 161 42 12 27
503 13 264 87 19 43
503 14 260 105 20 40
503 15 306 130 18 51
503 16 320 131 18 50
503 17 294 131 20 53
503 18 253 140 19 51
503 19 265 136 19 52
503 20 277 103 17 40
503 21 609 215 30 69
503 22 592 215 25 63
503 23 472 123 18 48
503 24 486 124 17 43
503 25 593 277 36 83
503 26 572 289 36 73
503 29 284 105 20 43
503 31 332 106 18 44
503 30 333 105 17 46
503 34 581 89 20 37
503 37 294 85 13 38
503 38 236 15 20 11
503 38 39 32 14 26
503 43 140 35 12 25
503 44 146 35 12 26
503 50 347 56 12 30
503 51 88 29 12 21
503 52 80 26 12 27
504 1 299 269 27 83
504 2 261 283 30 74
504 3 272 263 29 76
504 4 -29 29 15 30
504 6 553 94 20 41
504 7 554 94 19 41
504 8 169 42 12 27
504 9 165 41 11 28
504 10 161 42 12 27
504 13 264 87 19 43
504 14 260 105 20 40
504 15 306 130 18 51
504 16 320 133 19 45
504 17 295 131 19 53
504 18 253 140 19 51
504 19 265 136 18 51
504 20 277 103 17 40
504 21 609 215 30 69
504 22 592 215 25 63
504 23 472 123 18 48
504 24 486 124 17 43
504 25 593 277 36 83
504 26 572 289 36 73
504 29 284 105 20 43
504 31 332 106 18 44
504 30 333 105 17 46
504 34 584 89 15 37
504 37 294 85 13 38
504 38 236 15 20 11
504 38 39 32 14 26
504 43 140 35 12 25
504 44 146 35 12 26
504 50 347 56 12 30
504 51 88 29 12 21
504 52 80 26 12 27
505 1 299 269 27 83
505 2 261 283 30 74
505 3 272 263 29 76
505 4 -29 28 15 30
505 6 554 94 20 41
505 7 554 94 19 42
505 8 169 42 12 28
505 9 164 41 11 28
505 10 159 42 13 28
505 13 264 87 17 43
505 14 260 105 20 41
505 15 306 130 18 51
505 16 320 133 19 45
505 17 295 131 19 53
505 18 252 140 18 49
505 19 265 136 18 50
505 20 276 103 17 40
505 21 609 214 30 67
505 22 592 215 25 61
505 23 471 122 18 49
505 24 485 124 18 44
505 25 592 280 35 78
505 26 571 288 36 73
505 29 283 105 20 43
505 31 331 106 15 44
505 30 332 105 14 47
505 34 585 89 15 37
505 37 294 85 13 38
505 38 237 15 22 12
505 38 39 32 14 26
505 43 140 35 12 25
505 44 146 35 12 26
505 50 347 56 12 30
505 51 88 29 12 21
505 52 80 26 12 27
506 1 299 270 27 82
506 2 261 283 30 74
506 3 272 263 29 76
506 4 -29 28 15 31
506 6 556 94 19 41
506 7 556 95 18 41
506 8 169 42 12 28
506 9 164 41 11 28
506 10 159 42 13 28
506 13 264 87 17 43
506 14 259 104 20 42
506 15 305 130 18 51
506 16 319 133 19 44
506 17 294 131 19 53
506 18 251 140 19 51
506 19 265 136 18 50
506 20 275 103 17 40
506 21 609 214 30 69
506 22 593 215 25 63
506 23 471 122 18 49
506 24 484 123 18 44
506 25 591 279 35 78
506 26 569 286 35 78
506 29 282 105 20 44
506 31 330 106 15 44
506 30 331 105 14 47
506 34 585 89 15 37
506 37 295 85 13 38
506 38 239 15 21 11
506 38 39 32 14 26
506 43 140 35 12 25
506 44 146 35 12 26
506 50 347 56 12 30
506 51 88 29 12 21
506 52 80 26 12 27
507 1 299 271 27 82
507 2 261 283 30 74
507 3 272 263 29 76
507 4 -29 27 15 31
507 6 556 94 19 41
507 7 556 95 19 41
507 8 168 42 12 28
507 9 164 41 11 28
507 10 159 41 14 28
507 13 263 87 17 42
507 14 259 104 19 40
507 15 305 130 18 50
507 16 319 132 19 45
507 17 294 131 19 53
507 18 251 140 18 49
507 19 264 136 18 50
507 20 275 103 17 41
507 21 610 214 30 69
507 22 593 215 25 63
507 23 470 122 18 49
507 24 483 123 18 44
507 25 590 280 33 76
507 26 568 285 35 78
507 29 281 105 20 44
507 31 329 106 15 44
507 30 330 105 14 47
507 34 586 89 15 37
507 37 295 85 13 38
507 38 241 15 21 11
507 38 39 31 16 27
507 43 140 35 12 25
507 44 147 36 11 26
507 50 347 56 12 30
507 51 87 29 12 21
507 52 80 26 12 27
508 1 299 271 26 81
508 2 261 283 30 74
508 3 272 263 29 76
508 4 -29 27 15 31
508 6 557 94 21 41
508 7 557 95 19 41
508 8 168 42 12 28
508 9 163 41 11 28
508 10 158 41 13 28
508 13 263 87 16 41
508 14 258 104 19 40
508 15 305 131 17 47
508 16 318 132 19 45
508 17 293 131 19 53
508 18 250 140 18 49
508 19 264 136 18 50
508 20 274 103 17 41
508 21 610 214 30 69
508 22 592 214 27 66
508 23 470 122 18 48
508 24 483 123 17 43
508 25 585 278 40 79
508 26 567 285 35 79
508 29 280 107 19 41
508 31 327 106 17 44
508 30 326 105 18 47
508 34 586 89 15 37
508 37 296 84 14 37
508 38 243 15 20 11
508 38 38 31 15 27
508 43 140 35 12 25
508 44 145 36 12 26
508 50 347 56 12 30
508 51 87 29 12 21
508 52 80 26 12 27
509 1 299 272 26 80
509 2 261 283 30 74
509 3 272 263 29 76
509 4 -31 26 16 31
509 6 558 94 22 41
509 7 557 95 19 41
509 8 168 42 12 27
509 9 163 41 11 28
509 10 158 41 13 28
509 13 263 87 16 40
509 14 259 103 17 40
509 15 304 130 18 51
509 16 318 132 18 44
509 17 292 131 19 53
509 18 250 140 20 52
509 19 263 136 18 50
509 20 273 103 17 41
509 21 609 213 35 69
509 22 592 214 27 66
509 23 469 122 18 48
509 24 483 122 17 43
509 25 584 277 39 79
509 26 561 284 39 79
509 29 279 107 19 41
509 31 326 106 17 44
509 30 325 105 18 47
509 34 587 89 19 35
509 37 296 84 14 38
509 38 246 15 20 11
509 38 38 31 14 27
509 43 140 35 12 25
509 44 145 36 12 26
509 50 347 56 12 30
509 51 87 29 12 21
509 52 80 26 12 27
510 1 299 272 26 80
510 2 263 285 30 72
510 3 272 263 29 76
510 4 -31 26 16 31
510 6 557 94 23 41
510 7 557 95 19 41
510 8 168 42 12 27
510 9 163 41 11 28
510 10 158 41 13 28
510 13 263 87 16 41
510 14 259 103 17 40
510 15 304 130 18 50
510 16 318 132 18 44
510 17 292 131 19 53
510 18 250 140 20 52
510 19 263 136 18 49
510 20 273 100 15 43
510 21 609 213 35 69
510 22 592 214 27 66
510 23 469 122 18 48
510 24 483 122 17 43
510 25 584 277 38 81
510 26 561 284 39 79
510 29 281 107 17 41
510 31 326 106 17 44
510 30 325 105 18 47
510 34 587 89 19 35
510 37 296 84 14 38
510 38 246 15 20 11
510 38 38 31 15 27
510 43 140 35 12 25
510 44 145 36 12 26
510 50 347 56 12 30
510 51 87 29 12 21
510 52 80 26 12 27
511 1 299 273 26 80
511 2 263 285 30 72
511 3 272 263 29 77
511 4 -31 26 16 31
511 6 557 94 23 41
511 7 558 95 19 41
511 8 168 42 12 27
511 9 163 41 11 28
511 10 158 41 13 28
511 13 262 87 16 40
511 14 259 103 17 40
511 15 303 130 18 50
511 16 318 132 19 44
511 17 293 132 17 48
511 18 250 140 20 52
511 19 263 136 19 50
511 20 273 100 15 43
511 21 609 213 35 69
511 22 593 214 27 66
511 23 468 122 18 47
511 24 482 122 17 43
511 25 583 277 38 80
511 26 560 284 38 79
511 29 280 107 17 41
511 31 324 108 19 42
511 30 323 107 20 44
511 34 588 89 19 35
511 37 297 84 14 37
511 38 236 16 20 11
511 38 38 31 15 27
511 43 140 36 12 25
511 44 145 36 12 26
511 50 347 56 12 30
511 51 87 29 12 21
511 52 79 26 12 27
512 1 299 274 26 79
512 2 263 285 30 72
512 3 272 263 29 77
512 4 -31 26 16 31
512 6 557 94 21 41
512 7 559 95 19 41
512 8 166 42 13 27
512 9 163 41 11 29
512 10 157 41 13 28
512 13 262 86 16 42
512 14 258 103 16 40
512 15 303 129 18 51
512 16 316 132 20 44
512 17 291 130 19 53
512 18 249 139 20 53
512 19 262 136 19 50
512 20 272 100 15 43
512 21 610 213 35 69
512 22 593 214 27 66
512 23 467 121 18 48
512 24 481 122 17 43
512 25 582 276 35 81
512 26 559 283 38 79
512 29 280 107 17 41
512 31 323 108 19 42
512 30 322 107 20 44
512 34 588 89 19 35
512 37 297 84 14 37
512 38 236 15 21 11
512 38 38 31 15 27
512 43 139 36 12 25
512 44 145 36 12 26
512 50 347 56 12 30
512 51 87 29 12 21
512 52 79 26 12 27
513 1 299 274 26 79
513 2 263 285 30 72
513 3 272 263 29 76
513 4 -31 26 16 32
513 6 558 95 22 40
513 7 560 95 19 41
513 8 166 42 13 27
513 9 162 41 11 29
513 10 156 41 13 28
513 13 261 87 16 40
513 14 258 103 16 40
513 15 302 129 18 50
513 16 316 132 20 44
513 17 291 129 19 53
513 18 249 138 18 49
513 19 262 136 19 50
513 20 272 100 15 43
513 21 611 212 33 69
513 22 594 214 28 65
513 23 466 121 18 48
513 24 480 122 17 43
513 25 581 275 34 81
513 26 557 282 39 81
513 29 276 106 16 41
513 31 322 108 19 42
513 30 321 107 20 44
513 34 590 90 18 34
513 37 298 85 14 37
513 38 236 16 20 11
513 38 38 32 14 26
513 43 140 38 12 25
513 44 147 36 11 26
513 50 347 56 12 30
513 51 87 29 12 21
513 52 79 26 12 27
514 1 299 274 25 78
514 2 263 285 30 72
514 3 272 263 29 77
514 4 -31 26 17 32
514 6 561 93 19 42
514 7 560 95 19 42
514 8 166 42 13 27
514 9 162 41 11 28
514 10 156 41 13 28
514 13 261 86 16 41
514 14 257 103 16 40
514 15 302 129 18 50
514 16 315 132 20 44
514 17 290 129 19 54
514 18 248 138 18 50
514 19 261 135 19 49
514 20 271 100 15 43
514 21 613 212 32 69
514 22 596 213 27 65
514 23 465 121 19 49
514 24 479 121 18 45
514 25 580 274 34 81
514 26 556 281 39 81
514 29 275 106 16 41
514 31 321 108 19 41
514 30 320 107 20 44
514 34 593 89 16 33
514 37 299 85 14 37
514 38 236 16 20 11
514 38 38 32 14 26
514 43 140 38 12 25
514 44 147 36 11 26
514 50 347 56 12 30
514 51 87 29 12 21
514 52 79 26 12 27
515 1 299 275 25 78
515 2 262 285 30 72
515 3 272 264 29 76
515 4 -31 27 17 32
515 6 558 94 22 41
515 7 561 96 20 40
515 8 165 42 13 27
515 9 160 41 12 28
515 10 156 42 13 27
515 13 260 86 17 42
515 14 257 103 16 39
515 15 301 129 17 48
515 16 315 131 20 44
515 17 290 128 19 51
515 18 248 138 18 50
515 19 261 135 19 49
515 20 271 99 15 43
515 21 613 211 32 70
515 22 596 213 26 64
515 23 465 121 18 47
515 24 479 122 17 43
515 25 579 273 35 78
515 26 555 281 38 79
515 29 275 106 16 40
515 31 321 109 20 40
515 30 320 108 22 43
515 34 594 89 16 33
515 37 299 86 14 37
515 38 236 16 20 11
515 38 38 32 14 26
515 43 140 38 12 25
515 44 147 36 11 26
515 50 347 56 12 30
515 51 87 29 12 21
515 52 77 25 13 27
516 1 299 275 25 78
516 2 262 285 30 72
516 3 272 264 29 76
516 4 -31 27 17 32
516 6 561 93 19 42
516 7 561 94 21 43
516 8 165 42 13 27
516 9 160 41 12 28
516 10 156 42 13 28
516 13 260 86 17 42
516 14 257 103 16 39
516 15 301 129 17 48
516 16 315 131 20 44
516 17 290 128 19 51
516 18 248 138 18 50
516 19 260 134 19 50
516 20 271 99 15 44
516 21 613 211 32 70
516 22 596 213 26 64
516 23 465 121 18 47
516 24 479 122 17 43
516 25 579 273 35 78
516 26 555 281 38 79
516 29 275 107 15 39
516 31 321 109 20 40
516 30 320 108 22 43
516 34 594 92 18 30
516 37 299 86 14 37
516 38 236 16 20 11
516 38 38 32 14 26
516 43 140 38 12 25
516 44 147 36 11 26
516 50 347 56 12 30
516 51 87 29 12 21
516 52 77 25 13 27
517 1 299 275 25 78
517 2 262 285 30 73
517 3 272 264 29 76
517 4 -32 27 16 31
517 6 561 93 19 42
517 7 562 94 19 43
517 8 165 42 13 26
517 9 160 41 12 28
517 10 155 42 13 28
517 13 260 86 16 41
517 14 257 104 15 38
517 15 301 127 18 51
517 16 314 131 19 44
517 17 289 128 19 51
517 18 247 137 18 50
517 19 260 134 18 48
517 20 271 99 15 43
517 21 614 210 32 70
517 22 597 213 25 61
517 23 465 120 18 48
517 24 477 121 18 45
517 25 578 272 35 78
517 26 554 281 38 79
517 29 274 107 16 40
517 31 320 109 20 40
517 30 319 108 22 43
517 34 595 92 18 30
517 37 300 86 14 38
517 38 236 16 20 11
517 38 38 32 14 25
517 43 140 38 12 25
517 44 147 36 11 26
517 50 347 56 12 30
517 51 85 28 12 21
517 52 77 25 13 27
518 1 296 275 29 77
518 2 262 284 30 73
518 3 272 264 29 77
518 4 -32 26 17 32
518 6 562 93 19 42
518 7 563 94 19 43
518 8 164 42 13 27
518 9 159 41 12 28
518 10 155 42 13 28
518 13 259 85 17 43
518 14 257 104 15 38
518 15 300 127 18 50
518 16 314 132 19 42
518 17 288 128 19 51
518 18 247 137 18 50
518 19 259 133 20 51
518 20 270 99 15 43
518 21 614 210 33 71
518 22 597 211 27 66
518 23 464 120 17 46
518 24 477 121 17 43
518 25 577 271 36 77
518 26 556 280 34 74
518 29 273 107 16 40
518 31 319 109 20 39
518 30 318 108 22 43
518 34 595 92 18 30
518 37 300 88 14 37
518 38 236 16 20 11
518 38 38 32 14 26
518 43 140 38 12 25
518 44 147 36 11 26
518 50 347 56 12 30
518 51 85 28 12 21
518 52 77 25 13 27
519 1 296 275 29 77
519 2 261 284 28 73
519 3 272 264 29 76
519 4 -32 27 16 31
519 6 563 93 19 42
519 7 563 94 19 43
519 8 164 42 13 27
519 9 159 41 12 28
519 10 154 43 13 27
519 13 258 85 17 41
519 14 256 104 15 38
519 15 300 127 18 51
519 16 314 129 20 44
519 17 288 127 19 52
519 18 244 137 20 50
519 19 258 133 19 51
519 20 269 99 14 41
519 21 615 210 34 68
519 22 598 211 27 66
519 23 463 120 17 46
519 24 476 121 17 43
519 25 571 270 41 76
519 26 555 279 34 74
519 29 274 106 16 41
519 31 316 109 20 43
519 30 318 108 19 44
519 34 596 92 18 31
519 37 300 88 14 37
519 38 236 16 20 11
519 38 38 32 14 26
519 43 140 38 12 25
519 44 147 36 11 26
519 50 347 56 12 30
519 51 85 28 12 21
519 52 77 25 13 27
520 1 296 275 29 77
520 2 261 284 28 73
520 3 272 264 29 77
520 4 -33 26 17 33
520 6 563 93 19 43
520 7 564 94 19 43
520 8 165 43 12 26
520 9 158 41 12 28
520 10 155 41 12 28
520 13 258 85 17 41
520 14 256 104 15 38
520 15 300 126 18 50
520 16 313 131 19 41
520 17 287 128 19 50
520 18 244 137 20 50
520 19 258 133 19 51
520 20 269 99 14 41
520 21 615 210 34 68
520 22 598 210 25 62
520 23 463 119 17 46
520 24 476 121 17 43
520 25 570 269 38 76
520 26 554 278 34 75
520 29 268 106 21 41
520 31 315 109 20 42
520 30 316 108 20 43
520 34 597 92 18 31
520 37 301 88 14 37
520 38 236 16 20 11
520 38 38 32 14 26
520 43 140 37 12 25
520 44 147 36 11 26
520 50 347 56 12 30
520 51 85 28 12 21
520 52 77 25 13 27
521 1 296 275 29 77
521 2 261 284 28 73
521 3 272 264 29 76
521 4 -32 26 16 31
521 6 568 93 16 44
521 7 565 94 19 43
521 8 163 42 13 27
521 9 158 41 12 28
521 10 155 44 12 25
521 13 257 85 17 40
521 14 255 103 15 38
521 15 298 127 18 49
521 16 313 130 19 42
521 17 286 128 19 50
521 18 243 137 20 50
521 19 257 133 19 51
521 20 267 99 15 44
521 21 617 212 34 64
521 22 598 210 25 62
521 23 461 119 18 48
521 24 475 120 17 43
521 25 566 269 41 76
521 26 553 278 34 74
521 29 267 106 21 41
521 31 315 109 19 42
521 30 316 108 19 43
521 34 600 94 17 28
521 37 301 88 14 37
521 38 236 16 20 11
521 38 38 32 14 26
521 43 140 37 12 25
521 44 147 36 11 26
521 50 347 56 12 30
521 51 85 28 12 21
521 52 77 25 13 27
522 1 296 275 29 77
522 2 261 284 28 73
522 3 272 264 29 76
522 4 -33 26 17 32
522 6 568 93 16 44
522 7 569 94 15 43
522 8 163 42 13 27
522 9 158 41 12 28
522 10 155 44 12 25
522 13 257 85 17 40
522 14 255 103 15 38
522 15 298 127 18 49
522 16 313 130 19 42
522 17 286 128 19 50
522 18 243 137 20 50
522 19 257 133 19 51
522 20 267 99 15 44
522 21 617 212 34 64
522 22 598 210 25 62
522 23 461 119 18 48
522 24 475 120 17 43
522 25 566 271 41 74
522 26 553 278 34 73
522 29 267 106 21 41
522 31 315 109 19 42
522 30 316 108 20 43
522 34 600 94 17 28
522 37 300 88 18 37
522 38 236 16 20 11
522 38 38 32 14 26
522 43 140 37 12 25
522 44 147 37 11 26
522 50 347 57 12 30
522 51 85 28 12 21
522 52 77 25 13 27
523 1 296 276 29 77
523 2 261 284 28 73
523 3 272 264 29 76
523 4 -35 25 18 34
523 6 569 93 16 44
523 7 570 94 15 43
523 8 163 42 13 28
523 9 158 41 12 29
523 10 155 44 12 25
523 13 257 85 17 40
523 14 255 103 15 38
523 15 298 127 18 49
523 16 313 130 19 42
523 17 286 128 19 50
523 18 243 137 20 50
523 19 257 133 19 51
523 20 268 98 16 44
523 21 618 212 34 64
523 22 599 209 25 63
523 23 460 119 18 48
523 24 475 120 17 43
523 25 565 271 39 74
523 26 550 277 36 77
523 29 267 105 21 42
523 31 314 109 19 41
523 30 314 108 20 44
523 34 601 94 18 28
523 37 300 88 18 37
523 38 236 16 20 11
523 38 38 32 14 25
523 43 140 37 12 25
523 44 147 37 11 26
523 50 347 57 12 30
523 51 85 28 12 21
523 52 77 25 13 27
524 1 296 276 29 77
524 2 261 284 28 73
524 3 272 264 29 76
524 4 -33 26 17 32
524 6 569 93 16 44
524 7 570 94 15 43
524 8 163 42 13 27
524 9 158 41 12 28
524 10 154 44 12 26
524 13 257 85 16 39
524 14 254 102 15 38
524 15 297 127 18 49
524 16 312 130 19 42
524 17 283 128 20 48
524 18 242 136 20 50
524 19 257 133 19 50
524 20 267 98 16 45
524 21 618 212 34 64
524 22 599 209 25 63
524 23 460 119 18 48
524 24 474 119 17 43
524 25 559 271 43 74
524 26 547 277 34 73
524 29 266 105 22 42
524 31 313 110 19 40
524 30 314 109 19 41
524 34 600 94 20 30
524 37 301 88 19 39
524 38 236 16 20 11
524 38 38 32 14 25
524 43 140 37 12 25
524 44 147 37 11 26
524 50 347 57 12 30
524 51 85 28 12 21
524 52 76 25 13 27
525 1 296 276 29 77
525 2 261 284 28 73
525 3 272 264 29 76
525 6 570 93 16 44
525 7 569 94 17 43
525 8 163 42 13 28
525 9 157 41 13 29
525 10 154 44 13 27
525 13 256 85 16 39
525 14 254 102 15 38
525 15 295 128 21 50
525 16 311 127 20 46
525 17 283 128 20 48
525 18 242 136 20 49
525 19 257 133 19 50
525 20 266 97 17 46
525 21 618 211 34 64
525 22 599 209 25 63
525 23 459 119 18 48
525 24 473 119 17 43
525 25 558 271 43 74
525 26 546 277 34 73
525 29 264 105 20 43
525 31 311 109 20 44
525 30 311 109 21 41
525 34 601 94 20 30
525 37 302 88 18 37
525 38 236 16 20 11
525 38 38 32 14 25
525 43 140 37 12 25
525 44 147 37 11 26
525 50 347 57 12 30
525 51 84 28 12 21
525 52 76 25 13 27
526 1 296 276 29 77
526 2 261 284 28 73
526 3 272 264 29 76
526 6 569 93 19 44
526 7 570 94 17 43
526 8 163 42 13 27
526 9 157 41 12 28
526 10 154 44 12 26
526 13 256 85 16 37
526 14 254 102 13 39
526 15 294 127 20 51
526 16 311 127 20 46
526 17 282 128 20 48
526 18 242 135 20 49
526 19 256 133 19 50
526 20 266 97 16 44
526 21 618 211 34 64
526 22 599 209 25 63
526 23 457 118 19 47
526 24 473 119 17 42
526 25 556 270 43 74
526 26 539 277 40 73
526 29 263 105 20 43
526 31 312 110 18 39
526 30 310 109 21 41
526 34 603 94 19 30
526 37 302 88 18 37
526 38 236 16 20 11
526 38 38 31 14 27
526 43 140 37 12 25
526 44 147 37 11 26
526 50 347 57 12 30
526 51 84 28 12 21
526 52 76 25 13 27
527 1 295 276 29 77
527 2 261 284 28 73
527 3 272 264 29 76
527 6 569 93 19 44
527 7 570 94 17 43
527 8 163 42 13 27
527 9 157 41 12 28
527 10 154 44 12 25
527 13 256 85 16 37
527 14 253 102 14 38
527 15 294 127 20 51
527 16 308 127 22 46
527 17 281 128 20 48
527 18 241 135 19 48
527 19 256 132 19 50
527 20 266 97 16 43
527 21 621 211 32 67
527 22 600 209 25 63
527 23 456 118 19 47
527 24 472 119 17 42
527 25 558 270 40 74
527 26 538 277 40 72
527 29 262 105 15 43
527 31 311 110 18 39
527 30 309 109 21 41
527 34 604 95 18 30
527 37 303 88 18 37
527 38 236 16 20 11
527 38 38 31 14 27
527 43 140 37 12 25
527 44 147 37 11 26
527 50 347 57 12 30
527 51 84 28 12 21
527 52 76 25 13 27
528 1 295 276 29 77
528 2 261 284 28 73
528 3 272 264 29 76
528 6 569 93 19 44
528 7 570 94 17 43
528 8 163 42 13 27
528 9 157 41 12 28
528 10 154 44 12 25
528 13 256 85 16 37
528 14 253 102 14 38
528 15 294 127 20 51
528 16 308 127 22 46
528 17 283 128 18 48
528 18 241 135 20 49
528 19 256 132 19 50
528 20 266 97 16 43
528 21 621 211 32 67
528 22 600 209 25 63
528 23 456 118 19 47
528 24 472 119 17 42
528 25 558 270 40 74
528 26 538 277 40 72
528 29 262 105 15 43
528 31 311 110 18 39
528 30 309 109 21 41
528 34 604 95 18 30
528 37 303 88 18 37
528 38 236 16 20 11
528 38 38 31 14 27
528 43 140 37 12 25
528 44 147 37 11 26
528 50 347 57 12 30
528 51 84 28 12 21
528 52 76 25 13 27
529 1 293 276 31 77
529 2 261 284 28 73
529 3 271 264 29 76
529 6 570 93 20 44
529 7 571 94 17 43
529 8 164 42 12 27
529 9 159 41 12 28
529 10 152 44 12 26
529 13 258 84 14 38
529 14 253 102 14 37
529 15 294 126 19 51
529 16 308 127 22 46
529 17 282 128 18 48
529 18 241 134 20 49
529 19 255 131 20 51
529 20 266 97 16 41
529 21 621 211 32 67
529 22 600 209 25 63
529 23 456 117 19 47
529 24 470 119 17 42
529 25 557 270 40 74
529 26 536 277 41 73
529 29 261 105 15 43
529 31 310 110 18 38
529 30 309 109 21 40
529 34 605 95 18 30
529 37 303 89 18 36
529 38 236 16 20 11
529 38 38 31 14 27
529 43 140 37 12 25
529 44 147 37 11 26
529 50 347 57 12 30
529 51 84 28 12 21
529 52 76 25 13 27
530 1 293 276 31 77
530 2 261 284 28 73
530 3 271 264 29 76
530 6 571 96 20 41
530 7 571 94 17 44
530 8 163 41 13 27
530 9 159 41 12 28
530 10 152 44 11 26
530 13 257 84 14 39
530 14 252 102 14 37
530 15 293 126 19 51
530 16 307 127 22 46
530 17 282 127 18 49
530 18 239 132 21 53
530 19 255 131 19 50
530 20 266 97 16 41
530 21 622 211 35 67
530 22 601 209 25 63
530 23 455 117 19 48
530 24 470 119 17 43
530 25 558 269 36 74
530 26 535 277 39 71
530 29 261 105 15 42
530 31 309 111 18 38
530 30 308 109 21 40
530 34 606 95 18 30
530 37 304 89 18 36
530 38 236 16 20 11
530 38 38 31 14 27
530 43 140 37 12 24
530 44 145 37 12 24
530 50 347 57 12 30
530 51 84 28 12 21
530 52 76 25 13 27
531 1 293 276 31 77
531 2 261 284 28 73
531 3 271 264 29 76
531 6 571 96 20 41
531 7 572 94 17 44
531 8 163 41 13 27
531 9 159 41 12 28
531 10 152 44 11 26
531 13 257 83 14 39
531 14 252 102 14 39
531 15 293 125 19 52
531 16 306 127 22 45
531 17 281 126 19 50
531 18 240 132 20 50
531 19 254 130 20 52
531 20 265 97 16 40
531 21 622 211 35 67
531 22 602 209 25 63
531 23 454 118 20 45
531 24 468 118 18 44
531 25 556 268 36 72
531 26 535 273 38 75
531 29 261 105 14 41
531 31 309 112 17 37
531 30 307 110 20 39
531 34 607 95 18 30
531 37 305 90 18 36
531 38 236 16 20 11
531 38 38 31 14 27
531 43 140 37 12 25
531 44 145 37 12 24
531 50 347 57 12 30
531 51 83 28 12 21
531 52 75 25 13 27
532 1 292 276 31 77
532 2 261 284 28 73
532 3 271 264 29 76
532 6 570 96 22 41
532 7 571 94 17 44
532 8 162 41 13 27
532 9 159 41 12 28
532 10 151 44 12 26
532 13 256 83 15 40
532 14 251 102 14 35
532 15 292 125 19 52
532 16 306 127 21 45
532 17 281 126 19 50
532 18 239 132 20 50
532 19 254 130 19 50
532 20 265 97 16 41
532 21 623 210 35 67
532 22 600 208 27 63
532 23 453 118 20 45
532 24 467 119 16 41
532 25 559 267 31 72
532 26 534 272 38 75
532 29 261 105 14 40
532 31 308 112 16 35
532 30 307 111 19 37
532 34 613 94 14 31
532 37 306 90 17 36
532 38 236 16 20 11
532 38 38 31 14 27
532 43 140 37 12 26
532 44 145 37 12 24
532 50 347 57 12 30
532 51 83 28 12 21
532 52 75 25 13 27
533 1 292 276 31 77
533 2 262 284 28 73
533 3 271 264 29 77
533 6 573 96 19 41
533 7 573 94 18 44
533 8 164 39 11 30
533 9 159 40 12 29
533 10 151 44 11 26
533 13 256 83 15 39
533 14 250 102 14 36
533 15 291 124 19 49
533 16 305 127 21 44
533 17 282 126 16 48
533 18 239 132 20 50
533 19 253 127 20 51
533 20 264 97 16 41
533 21 623 210 33 68
533 22 601 208 27 63
533 23 453 117 18 47
533 24 467 118 17 41
533 25 558 266 31 71
533 26 533 272 38 75
533 29 257 105 17 40
533 31 308 113 16 34
533 30 306 111 19 37
533 34 614 94 14 30
533 37 306 90 17 36
533 38 236 16 20 11
533 38 38 31 14 26
533 43 139 37 12 26
533 44 144 37 12 24
533 50 347 57 12 30
533 51 84 27 12 21
533 52 75 25 13 27
534 1 292 276 31 77
534 2 262 284 28 73
534 3 271 264 29 77
534 6 570 96 22 41
534 7 573 94 18 43
534 8 164 39 11 30
534 9 159 40 12 29
534 10 151 44 11 26
534 13 256 83 15 39
534 14 250 102 14 36
534 15 291 124 19 49
534 16 305 127 21 44
534 17 282 126 16 48
534 18 239 132 20 50
534 19 253 127 20 51
534 20 264 97 16 41
534 21 623 210 33 68
534 22 601 208 31 63
534 23 453 117 18 47
534 24 467 118 18 44
534 25 558 266 31 71
534 26 533 272 38 75
534 29 257 105 17 40
534 31 308 113 16 34
534 30 306 111 19 38
534 34 614 94 14 30
534 37 306 90 17 36
534 38 236 16 20 11
534 38 38 31 14 26
534 43 139 37 12 26
534 44 144 37 12 24
534 50 347 57 12 30
534 51 84 27 12 21
534 52 75 25 13 27
535 1 292 276 31 77
535 2 262 284 28 73
535 3 270 264 29 77
535 6 574 96 19 42
535 7 574 94 18 44
535 8 164 39 11 30
535 9 159 40 12 29
535 10 151 44 11 26
535 13 256 83 15 39
535 14 250 102 14 35
535 15 291 124 19 49
535 16 304 126 21 44
535 17 282 126 16 48
535 18 239 133 18 47
535 19 253 127 20 51
535 20 264 97 16 40
535 21 624 210 33 68
535 22 602 208 31 63
535 23 452 117 18 47
535 24 466 118 17 43
535 25 557 265 31 74
535 26 535 271 34 73
535 29 256 105 17 40
535 31 307 112 16 35
535 30 306 110 20 38
535 34 615 95 13 30
535 37 307 91 17 36
535 38 236 16 20 11
535 38 38 31 14 26
535 43 139 37 12 26
535 44 144 37 12 24
535 50 347 57 12 30
535 51 83 28 12 21
535 52 75 25 13 27
536 1 289 275 31 78
536 2 262 285 28 73
536 3 270 264 29 77
536 6 574 96 20 42
536 7 575 94 18 44
536 8 164 39 11 30
536 9 159 40 12 29
536 10 150 44 12 26
536 13 255 83 15 39
536 14 250 101 14 35
536 15 290 123 19 49
536 16 303 126 21 44
536 17 281 125 16 49
536 18 238 132 20 50
536 19 252 127 20 50
536 20 263 96 16 40
536 21 624 209 33 68
536 22 602 207 31 62
536 23 452 117 18 47
536 24 465 117 18 44
536 25 556 264 30 74
536 26 534 270 34 73
536 29 256 104 17 40
536 31 306 111 17 36
536 30 305 109 20 39
536 34 615 92 15 33
536 37 308 91 17 36
536 38 236 16 20 11
536 38 38 31 14 27
536 43 139 37 12 25
536 44 144 37 12 24
536 50 347 57 12 30
536 51 83 28 12 21
536 52 75 24 13 27
537 1 289 275 31 78
537 2 263 285 28 73
537 3 268 263 31 82
537 6 578 95 16 43
537 7 577 94 17 43
537 8 164 39 11 30
537 9 159 40 12 29
537 10 148 43 11 26
537 13 255 83 15 38
537 14 249 101 14 35
537 15 290 123 19 49
537 16 303 125 22 45
537 17 281 125 16 48
537 18 238 132 20 50
537 19 252 127 19 50
537 20 262 96 16 41
537 21 624 209 33 65
537 22 602 207 31 64
537 23 451 116 18 48
537 24 464 117 18 44
537 25 555 263 31 75
537 26 533 270 34 74
537 29 255 104 17 41
537 31 305 110 17 36
537 30 303 108 21 40
537 34 617 92 14 33
537 37 308 91 17 36
537 38 236 16 20 11
537 38 38 31 14 26
537 43 139 37 13 26
537 44 144 37 12 24
537 50 347 57 12 30
537 51 83 27 12 21
537 52 74 24 14 26
538 1 288 275 31 77
538 2 263 285 28 72
538 3 270 264 29 77
538 6 578 95 16 43
538 7 578 94 17 43
538 8 164 39 11 30
538 9 158 40 12 29
538 10 148 43 11 26
538 13 255 83 14 37
538 14 248 101 14 35
538 15 290 123 19 49
538 16 302 125 22 45
538 17 280 125 16 48
538 18 237 132 19 49
538 19 254 129 17 48
538 20 261 96 16 41
538 21 629 209 28 65
538 22 604 206 30 61
538 23 451 116 18 48
538 24 464 116 18 44
538 25 554 263 30 74
538 26 533 269 31 73
538 29 252 104 14 41
538 31 305 110 17 36
538 30 302 106 21 41
538 34 617 92 14 33
538 37 309 91 18 36
538 38 236 16 20 11
538 38 38 26 14 31
538 43 139 37 13 27
538 44 143 37 12 24
538 50 347 57 12 30
538 51 83 27 12 21
538 52 74 24 14 26
539 1 288 275 31 77
539 2 264 285 28 73
539 3 269 264 30 78
539 6 579 95 16 43
539 7 578 94 17 43
539 8 164 39 11 30
539 9 158 40 12 29
539 10 147 43 11 26
539 13 254 83 14 36
539 14 246 100 15 37
539 15 289 123 19 49
539 16 301 124 22 47
539 17 280 125 16 49
539 18 237 132 19 49
539 19 252 128 18 46
539 20 261 95 16 41
539 21 629 209 28 65
539 22 604 206 30 61
539 23 450 116 18 48
539 24 463 116 16 43
539 25 553 262 31 77
539 26 532 269 31 73
539 29 251 104 14 41
539 31 303 108 18 38
539 30 302 106 21 41
539 34 618 93 14 33
539 37 309 91 18 36
539 38 236 16 20 11
539 38 38 26 14 31
539 43 139 38 12 25
539 44 143 37 12 25
539 50 347 57 12 30
539 51 82 28 12 21
539 52 74 24 14 26
540 1 288 275 31 77
540 2 264 285 28 73
540 3 269 264 30 78
540 6 579 95 16 43
540 7 578 94 17 43
540 8 164 39 11 30
540 9 158 40 12 29
540 10 147 43 11 26
540 13 254 83 14 36
540 14 247 100 16 38
540 15 289 123 19 49
540 16 301 124 22 47
540 17 280 125 16 49
540 18 237 132 19 49
540 19 252 128 18 46
540 20 261 95 16 41
540 21 629 209 28 65
540 22 606 206 28 61
540 23 450 116 18 47
540 24 463 116 16 43
540 25 553 262 31 77
540 26 532 269 31 73
540 29 251 104 14 41
540 31 303 108 18 38
540 30 302 106 20 41
540 34 618 93 14 33
540 37 309 91 18 36
540 38 236 16 20 11
540 38 38 26 14 31
540 43 139 38 12 26
540 44 143 37 12 25
540 50 347 57 12 30
540 51 83 28 12 21
540 52 74 25 14 25
541 1 287 275 31 77
541 2 264 285 28 72
541 3 269 264 30 78
541 6 579 95 16 43
541 7 579 95 17 43
541 8 163 39 11 30
541 9 158 39 12 29
541 10 147 43 11 26
541 13 254 83 14 36
541 14 247 100 16 38
541 15 288 123 19 49
541 16 300 124 22 47
541 17 279 125 16 49
541 18 236 131 19 49
541 19 251 128 18 46
541 20 261 95 16 41
541 21 630 207 28 66
541 22 606 206 28 61
541 23 449 116 18 47
541 24 462 116 16 43
541 25 550 262 33 77
541 26 531 268 31 72
541 29 251 103 14 42
541 31 303 108 18 38
541 30 302 106 20 41
541 34 620 94 15 32
541 37 310 91 18 36
541 38 236 16 20 11
541 38 38 26 14 31
541 43 139 38 12 26
541 44 143 38 12 25
541 50 347 57 12 30
541 51 82 27 12 21
541 52 73 25 15 25
542 1 287 275 31 77
542 2 265 286 27 71
542 3 269 263 30 78
542 6 580 96 16 43
542 7 580 94 17 44
542 8 162 38 12 31
542 9 158 39 12 30
542 10 147 43 11 26
542 13 253 83 14 38
542 14 246 99 16 38
542 15 291 123 16 50
542 16 301 123 21 47
542 17 279 125 15 48
542 18 236 131 19 50
542 19 250 128 19 50
542 20 260 95 16 41
542 21 630 207 28 67
542 22 607 205 28 61
542 23 449 116 17 45
542 24 462 116 16 42
542 25 549 261 33 76
542 26 530 268 30 71
542 29 250 103 14 42
542 31 302 107 18 38
542 30 301 106 20 41
542 34 619 94 16 32
542 37 310 91 18 36
542 38 236 16 20 11
542 38 38 26 14 31
542 43 139 38 12 26
542 44 143 37 13 26
542 50 347 57 12 30
542 51 82 27 12 21
542 52 73 25 15 25
543 1 287 275 31 77
543 2 265 285 28 72
543 3 269 263 30 78
543 6 580 96 20 43
543 7 580 95 18 43
543 8 162 38 12 31
543 9 158 39 12 30
543 10 144 41 14 30
543 13 251 83 15 38
543 14 245 99 16 38
543 15 288 123 19 49
543 16 301 123 21 47
543 17 279 125 15 48
543 18 235 130 20 50
543 19 249 127 19 50
543 20 260 95 16 40
543 21 630 207 28 65
543 22 607 205 28 62
543 23 448 116 17 45
543 24 461 116 16 42
543 25 548 261 33 77
543 26 525 267 35 72
543 29 250 103 14 41
543 31 300 105 15 40
543 30 300 104 16 42
543 34 620 94 16 32
543 37 311 91 18 36
543 38 236 16 20 11
543 38 38 26 14 31
543 43 138 38 12 26
543 44 143 37 13 26
543 50 347 57 12 30
543 51 82 27 12 21
543 52 73 25 14 25
544 1 287 275 31 77
544 2 265 287 26 69
544 3 271 263 28 78
544 6 580 96 21 41
544 7 581 95 19 43
544 8 162 38 12 31
544 9 157 39 12 30
544 10 144 41 14 30
544 13 251 83 15 38
544 14 245 99 16 37
544 15 287 123 19 49
544 16 300 123 21 47
544 17 278 124 15 48
544 18 235 129 20 51
544 19 249 127 19 50
544 20 260 95 16 41
544 21 630 207 28 67
544 22 608 205 29 61
544 23 448 115 17 45
544 24 460 115 16 43
544 25 546 260 31 74
544 26 524 267 35 72
544 29 249 103 14 41
544 31 299 105 15 40
544 30 300 104 16 42
544 34 621 94 16 32
544 37 311 92 17 36
544 38 236 16 20 11
544 38 38 26 14 31
544 43 138 38 12 25
544 44 142 38 13 25
544 50 347 57 12 30
544 51 82 27 12 21
544 52 74 24 13 26
545 1 286 275 31 77
545 2 266 286 27 72
545 3 271 263 28 78
545 6 580 96 21 41
545 7 581 95 19 43
545 8 162 38 12 31
545 9 157 39 12 29
545 10 142 41 16 28
545 13 250 82 15 39
545 14 245 99 16 37
545 15 287 124 19 48
545 16 300 125 23 44
545 17 278 124 15 48
545 18 234 129 20 50
545 19 248 127 19 49
545 20 259 95 16 44
545 21 631 207 28 66
545 22 610 205 27 61
545 23 446 114 18 48
545 24 460 115 16 43
545 25 545 259 31 74
545 26 523 266 35 73
545 29 249 103 14 40
545 31 299 105 15 40
545 30 300 105 15 40
545 34 622 94 17 33
545 37 312 92 17 36
545 38 236 16 20 11
545 38 38 26 14 31
545 43 138 38 12 26
545 44 143 37 13 27
545 50 347 57 12 30
545 51 82 27 12 21
545 52 73 26 14 24
546 1 286 275 34 77
546 2 266 287 27 70
546 3 271 263 28 78
546 6 580 96 21 41
546 7 581 95 19 43
546 8 162 38 12 31
546 9 157 39 12 29
546 10 142 41 16 28
546 13 250 82 15 39
546 14 245 99 16 37
546 15 287 123 19 49
546 16 300 125 23 44
546 17 278 124 15 48
546 18 234 129 20 50
546 19 248 127 19 49
546 20 259 95 16 44
546 21 630 204 29 69
546 22 610 205 27 61
546 23 447 115 17 46
546 24 460 115 16 42
546 25 545 259 31 74
546 26 523 266 35 73
546 29 245 103 18 40
546 31 299 105 15 40
546 30 300 105 15 40
546 34 622 94 17 33
546 37 312 92 17 36
546 38 236 16 20 11
546 38 38 26 14 31
546 43 138 38 12 26
546 44 143 37 13 27
546 50 347 57 12 30
546 51 82 27 12 21
546 52 73 25 14 25
547 1 286 275 34 77
547 2 266 287 27 70
547 3 271 263 28 78
547 6 581 96 21 42
547 7 582 95 19 43
547 8 163 40 11 27
547 9 157 39 12 30
547 10 142 41 16 28
547 13 250 82 15 37
547 14 244 99 16 37
547 15 287 122 19 48
547 16 300 125 23 44
547 17 277 123 15 48
547 18 233 129 20 50
547 19 247 126 20 52
547 20 259 95 16 44
547 21 630 204 28 69
547 22 610 205 27 61
547 23 446 114 18 46
547 24 459 115 16 42
547 25 546 259 30 72
547 26 520 265 37 73
547 29 244 103 18 40
547 31 298 105 15 39
547 30 300 105 15 40
547 34 623 94 18 34
547 37 313 93 17 36
547 38 236 16 20 11
547 38 38 26 14 31
547 43 138 38 12 26
547 44 142 37 13 26
547 50 347 57 12 30
547 51 82 27 12 21
547 52 73 25 14 25
548 1 286 275 32 77
548 2 266 287 27 70
548 3 271 263 28 78
548 6 581 96 21 41
548 7 582 95 20 43
548 8 163 40 11 27
548 9 158 39 12 30
548 10 141 41 15 28
548 13 249 82 16 38
548 14 244 99 16 37
548 15 287 122 19 48
548 16 299 125 23 44
548 17 277 123 14 46
548 18 232 128 21 53
548 19 247 126 19 51
548 20 258 95 16 44
548 21 631 204 28 69
548 22 612 205 26 61
548 23 446 114 18 46
548 24 459 116 15 43
548 25 545 258 30 73
548 26 519 265 37 74
548 29 243 103 18 41
548 31 297 105 14 39
548 30 297 104 15 41
548 34 623 94 16 33
548 37 313 93 17 36
548 38 236 16 20 11
548 38 38 26 14 31
548 43 138 38 12 26
548 44 142 37 13 26
548 50 347 57 12 30
548 51 82 27 12 21
548 52 73 25 14 25
549 1 286 275 32 77
549 2 266 287 27 70
549 3 270 263 28 78
549 6 582 96 21 42
549 7 582 95 20 43
549 8 163 40 11 27
549 9 157 39 12 30
549 10 141 41 15 28
549 13 249 82 16 38
549 14 241 99 16 37
549 15 286 120 19 49
549 16 298 124 23 44
549 17 276 121 15 49
549 18 234 128 20 50
549 19 246 125 21 50
549 20 258 95 16 44
549 21 631 204 28 69
549 22 612 205 26 61
549 23 445 114 18 46
549 24 458 116 15 43
549 25 544 260 31 68
549 26 518 264 33 75
549 29 240 106 17 39
549 31 293 103 18 40
549 30 294 102 18 42
549 34 626 94 17 32
549 37 314 93 17 43
549 38 236 16 20 11
549 38 38 26 14 31
549 43 138 38 12 26
549 44 142 37 12 26
549 50 347 57 12 30
549 51 81 27 12 21
549 52 73 25 14 25
550 1 286 275 29 77
550 2 266 287 27 70
550 3 270 263 28 78
550 6 583 97 21 41
550 7 583 95 20 43
550 8 163 40 11 27
550 9 157 39 12 30
550 10 141 41 15 28
550 13 248 82 16 38
550 14 240 99 16 37
550 15 286 120 18 49
550 16 297 123 23 42
550 17 276 121 15 48
550 18 233 128 20 51
550 19 246 125 21 50
550 20 257 95 16 44
550 21 632 203 28 69
550 22 612 205 26 60
550 23 444 114 17 46
550 24 458 116 15 43
550 25 543 259 31 69
550 26 517 264 33 75
550 29 238 106 18 39
550 31 292 103 18 40
550 30 293 102 18 42
550 34 627 94 17 34
550 37 314 93 17 43
550 38 236 16 20 11
550 38 38 26 14 31
550 43 138 38 12 26
550 44 142 37 12 26
550 50 347 57 12 30
550 51 81 27 12 21
550 52 73 25 14 25
551 1 286 275 29 77
551 2 266 287 27 70
551 3 270 263 28 78
551 6 584 96 20 42
551 7 583 95 21 43
551 8 163 40 11 27
551 9 155 39 14 28
551 10 141 40 14 30
551 13 247 82 18 38
551 14 239 99 16 38
551 15 286 120 18 49
551 16 297 123 23 42
551 17 276 121 15 48
551 18 233 128 19 51
551 19 245 125 21 50
551 20 256 93 16 46
551 21 632 203 28 69
551 22 613 204 26 62
551 23 444 114 17 46
551 24 457 115 15 43
551 25 541 259 32 69
551 26 520 263 29 70
551 29 238 106 18 39
551 31 292 103 18 39
551 30 293 102 18 41
551 34 628 94 17 32
551 37 315 93 17 43
551 38 236 16 20 11
551 38 38 26 14 31
551 43 138 38 12 26
551 44 142 37 12 26
551 50 347 57 12 30
551 51 81 27 12 21
551 52 72 25 13 25
552 1 286 275 29 77
552 2 266 287 27 70
552 3 270 263 28 78
552 6 584 96 21 42
552 7 583 95 21 43
552 8 163 40 11 27
552 9 155 39 14 28
552 10 141 40 14 30
552 13 247 82 18 38
552 14 240 97 16 38
552 15 286 120 18 49
552 16 299 123 21 42
552 17 276 121 15 48
552 18 233 128 19 51
552 19 245 125 21 50
552 20 256 93 16 46
552 21 632 203 28 69
552 22 613 204 25 62
552 23 440 114 21 46
552 24 457 115 15 43
552 25 541 259 32 69
552 26 520 263 29 70
552 29 238 106 18 39
552 31 292 103 18 39
552 30 293 102 18 41
552 34 628 94 17 32
552 37 315 93 17 43
552 38 236 16 20 11
552 38 37 27 14 30
552 43 138 38 12 26
552 44 142 37 12 26
552 50 347 57 12 30
552 51 81 27 12 21
552 52 72 25 13 25
553 1 286 275 29 77
553 2 266 287 27 70
553 3 270 263 28 78
553 6 584 96 21 40
553 7 584 95 21 43
553 8 161 40 12 27
553 9 155 39 14 28
553 10 141 40 14 30
553 13 247 82 17 35
553 14 240 97 16 38
553 15 287 118 18 50
553 16 299 123 19 42
553 17 275 120 16 52
553 18 233 128 19 51
553 19 245 125 21 50
553 20 256 93 16 46
553 21 630 203 30 69
553 22 614 204 25 61
553 23 439 114 21 46
553 24 456 115 15 44
553 25 535 258 37 69
553 26 519 262 29 70
553 29 238 105 18 39
553 31 291 103 17 39
553 30 292 102 18 41
553 34 629 94 18 32
553 37 316 93 17 44
553 38 236 16 20 11
553 38 37 27 14 30
553 43 138 38 12 26
553 44 142 37 12 26
553 50 347 57 12 30
553 51 81 27 12 21
553 52 72 25 13 25
554 1 286 275 29 77
554 2 266 287 27 70
554 3 270 262 28 79
554 6 587 96 17 42
554 7 584 95 21 43
554 8 161 40 12 27
554 9 155 39 12 28
554 10 141 40 14 30
554 13 247 82 17 35
554 14 245 96 14 34
554 15 287 118 18 50
554 16 299 123 19 43
554 17 275 121 15 48
554 18 232 128 19 50
554 19 245 125 20 50
554 20 256 92 17 46
554 21 630 203 28 69
554 22 614 202 25 62
554 23 439 114 21 46
554 24 455 112 16 43
554 25 531 257 40 70
554 26 518 262 30 71
554 29 233 105 18 41
554 31 290 103 17 39
554 30 291 101 18 41
554 34 629 95 18 32
554 37 316 93 17 44
554 38 236 16 20 11
554 38 37 27 14 30
554 43 138 38 12 26
554 44 142 37 12 26
554 50 347 57 12 30
554 51 81 27 12 21
554 52 72 25 13 25
555 1 285 275 29 77
555 2 266 287 27 70
555 3 269 262 28 79
555 6 587 96 17 42
555 7 584 95 21 44
555 8 161 40 12 27
555 9 155 39 12 28
555 10 140 40 15 29
555 13 246 82 18 34
555 14 243 96 15 34
555 15 286 118 18 51
555 16 298 122 18 43
555 17 275 121 15 48
555 18 232 127 19 52
555 19 245 125 20 50
555 20 255 92 17 47
555 21 633 202 26 67
555 22 614 202 25 64
555 23 438 114 21 46
555 24 454 112 16 43
555 25 528 257 40 70
555 26 513 261 33 72
555 29 232 105 18 41
555 31 290 102 18 39
555 30 291 101 18 41
555 34 632 95 17 32
555 37 318 93 16 43
555 38 236 16 20 11
555 38 37 27 14 30
555 43 138 38 12 25
555 44 142 37 12 26
555 50 347 57 12 30
555 51 81 27 12 21
555 52 72 25 13 25
556 1 285 275 29 77
556 2 266 287 27 70
556 3 270 262 28 79
556 6 588 96 17 42
556 7 590 94 16 43
556 8 161 40 12 27
556 9 155 39 12 28
556 10 140 40 15 29
556 13 246 82 18 34
556 14 243 95 15 35
556 15 286 118 18 50
556 16 298 122 18 43
556 17 272 121 17 48
556 18 232 127 18 49
556 19 244 125 20 50
556 20 255 92 17 46
556 21 633 202 25 67
556 22 615 202 24 60
556 23 437 113 21 47
556 24 454 111 16 43
556 25 527 257 40 70
556 26 512 261 33 72
556 29 231 105 18 41
556 31 289 102 18 39
556 30 290 101 18 41
556 34 633 94 16 33
556 37 318 93 16 43
556 38 236 16 20 11
556 38 37 27 14 30
556 43 138 39 12 25
556 44 142 37 12 26
556 50 347 57 12 30
556 51 81 27 12 21
556 52 72 25 13 25
557 1 285 275 29 77
557 2 266 284 27 73
557 3 269 262 28 79
557 6 589 96 17 41
557 7 591 94 17 43
557 8 161 40 12 27
557 9 154 39 11 28
557 10 140 40 13 28
557 13 245 82 18 34
557 14 243 95 15 35
557 15 286 118 18 50
557 16 297 122 19 43
557 17 272 121 17 48
557 18 231 125 19 51
557 19 244 124 20 50
557 20 254 92 16 41
557 21 635 201 24 67
557 22 614 200 25 63
557 23 439 113 19 44
557 24 453 111 15 45
557 25 526 256 40 70
557 26 511 260 32 69
557 29 231 105 18 40
557 31 288 102 18 39
557 30 289 101 18 41
557 34 634 94 16 33
557 37 319 95 16 43
557 38 236 16 20 11
557 38 37 27 14 30
557 43 138 38 13 26
557 44 142 37 12 26
557 50 347 57 12 30
557 51 81 27 12 21
557 52 72 26 13 25
558 1 285 275 29 77
558 2 268 284 25 73
558 3 269 262 29 80
558 6 589 96 17 41
558 7 591 94 17 43
558 8 161 40 12 27
558 9 155 39 12 28
558 10 140 40 13 28
558 13 245 82 18 34
558 14 243 95 15 35
558 15 286 118 18 50
558 16 297 122 19 43
558 17 272 121 17 48
558 18 231 125 20 53
558 19 244 124 20 50
558 20 254 92 16 41
558 21 635 201 24 67
558 22 614 200 25 63
558 23 439 113 19 44
558 24 453 111 15 45
558 25 526 256 40 70
558 26 511 260 32 69
558 29 231 105 18 40
558 31 288 102 18 39
558 30 289 101 18 41
558 34 634 94 16 33
558 37 319 95 16 43
558 38 236 16 20 11
558 38 37 27 14 30
558 43 138 38 13 26
558 44 142 37 12 26
558 50 347 57 12 30
558 51 81 27 12 21
558 52 72 26 13 24
559 1 285 275 29 77
559 2 268 284 25 73
559 3 269 262 28 79
559 6 590 97 18 40
559 7 592 94 17 43
559 8 161 39 12 27
559 9 154 37 11 30
559 10 140 40 13 28
559 13 245 82 18 34
559 14 243 95 15 34
559 15 285 118 18 50
559 16 297 122 17 45
559 17 271 121 17 48
559 18 231 128 18 48
559 19 244 124 20 50
559 20 254 92 16 41
559 21 636 201 23 63
559 22 615 200 24 62
559 23 438 113 19 44
559 24 452 111 15 45
559 25 525 256 40 69
559 26 506 260 36 69
559 29 228 106 18 40
559 31 287 102 18 39
559 30 288 101 18 42
559 34 635 94 16 32
559 37 320 96 16 43
559 38 236 16 20 11
559 38 37 27 14 30
559 43 138 39 12 26
559 44 144 38 12 26
559 50 347 57 12 30
559 51 81 27 12 21
559 52 72 25 13 25
560 1 285 276 29 77
560 2 268 284 25 73
560 3 268 262 29 80
560 6 590 97 18 40
560 7 592 94 17 44
560 8 161 40 12 27
560 9 154 37 11 29
560 10 140 40 13 28
560 13 245 81 16 34
560 14 242 95 15 34
560 15 285 118 18 50
560 16 297 122 17 45
560 17 271 120 17 49
560 18 230 128 18 48
560 19 244 124 20 50
560 20 253 92 16 40
560 21 636 201 22 63
560 22 615 200 25 64
560 23 438 113 19 44
560 24 452 111 15 45
560 25 523 256 39 69
560 26 505 260 36 69
560 29 227 106 18 40
560 31 286 102 18 39
560 30 287 101 18 42
560 34 639 95 15 32
560 37 320 96 16 42
560 38 236 16 20 11
560 38 37 27 14 30
560 43 138 39 12 25
560 44 144 38 12 26
560 50 347 57 12 30
560 51 80 26 12 22
560 52 72 26 13 24
561 1 285 276 29 76
561 2 268 284 25 73
561 3 269 262 28 79
561 6 591 96 21 41
561 7 593 95 17 42
561 8 161 40 12 27
561 9 154 37 11 29
561 10 140 40 13 28
561 13 244 81 16 34
561 14 241 95 16 36
561 15 284 118 18 50
561 16 296 122 17 44
561 17 272 120 16 49
561 18 230 127 19 49
561 19 244 123 20 50
561 20 253 92 17 42
561 21 637 201 22 63
561 22 615 200 25 63
561 23 438 112 19 44
561 24 451 111 15 45
561 25 526 255 37 70
561 26 499 260 41 69
561 29 226 106 18 40
561 31 284 103 18 39
561 30 287 101 18 41
561 34 640 95 15 32
561 37 319 95 18 45
561 38 236 16 20 11
561 38 37 27 14 30
561 43 137 39 13 26
561 44 144 38 12 26
561 50 347 57 12 30
561 51 80 26 12 22
561 52 72 26 13 24
562 1 284 275 30 80
562 2 267 284 25 73
562 3 268 262 29 79
562 6 591 96 21 42
562 7 592 95 18 43
562 8 161 39 12 27
562 9 154 37 11 29
562 10 140 40 13 28
562 13 244 80 16 35
562 14 241 95 16 36
562 15 284 118 18 50
562 16 296 122 17 44
562 17 272 120 16 49
562 18 230 127 18 49
562 19 243 123 20 50
562 20 253 92 17 42
562 21 637 200 22 63
562 22 616 199 25 63
562 23 436 112 19 43
562 24 448 111 19 44
562 25 525 254 37 70
562 26 498 260 41 69
562 29 221 106 23 43
562 31 285 102 18 39
562 30 284 102 18 41
562 34 640 95 15 32
562 37 319 95 18 45
562 38 236 16 20 11
562 38 37 27 14 30
562 43 137 38 13 27
562 44 144 38 12 26
562 50 347 57 12 30
562 51 80 26 12 22
562 52 72 26 13 24
563 1 284 275 30 80
563 2 267 283 25 74
563 3 268 262 29 80
563 6 592 96 21 42
563 7 593 95 18 43
563 8 161 39 12 27
563 9 154 37 11 29
563 10 136 40 13 28
563 13 244 80 16 35
563 14 240 95 16 36
563 15 283 118 18 49
563 16 295 122 17 44
563 17 271 119 16 49
563 18 229 126 19 49
563 19 243 122 20 50
563 20 252 92 17 42
563 21 639 200 20 67
563 22 616 199 25 62
563 23 435 112 19 43
563 24 447 111 19 44
563 25 525 254 36 70
563 26 497 260 41 69
563 29 220 106 23 43
563 31 282 103 18 39
563 30 283 102 17 41
563 34 641 95 15 32
563 37 320 96 18 45
563 38 236 16 20 11
563 38 37 27 14 30
563 43 139 38 12 26
563 44 144 38 12 26
563 50 347 57 12 30
563 51 80 26 12 22
563 52 72 26 12 24
564 1 284 275 30 80
564 2 267 283 25 74
564 3 268 262 29 80
564 6 592 96 21 42
564 7 593 95 18 43
564 8 161 39 12 27
564 9 154 37 11 29
564 10 136 40 13 28
564 13 244 80 16 35
564 14 241 95 15 38
564 15 283 118 18 49
564 16 295 122 17 44
564 17 271 119 16 49
564 18 229 126 19 49
564 19 243 122 21 51
564 20 252 92 17 42
564 21 639 200 19 67
564 22 616 199 25 62
564 23 435 112 19 43
564 24 447 111 19 44
564 25 525 254 36 70
564 26 499 260 39 68
564 29 220 106 22 42
564 31 284 102 17 39
564 30 283 102 17 41
564 34 641 95 15 32
564 37 320 96 18 45
564 38 236 16 20 11
564 38 37 27 14 30
564 43 139 38 12 26
564 44 144 38 12 26
564 50 347 57 12 30
564 51 80 26 12 22
564 52 72 26 12 24
565 1 284 275 30 80
565 2 267 283 25 74
565 3 268 262 29 80
565 6 593 96 21 41
565 7 593 95 18 43
565 8 161 39 12 27
565 9 154 37 11 29
565 10 136 40 13 28
565 13 243 80 16 35
565 14 241 95 15 38
565 15 282 117 18 51
565 16 294 121 17 46
565 17 271 119 16 50
565 18 229 126 19 49
565 19 242 121 21 54
565 20 252 92 17 41
565 21 639 200 19 67
565 22 618 199 27 65
565 23 435 112 19 43
565 24 447 111 19 44
565 25 524 252 33 71
565 26 498 260 39 68
565 29 219 105 22 43
565 31 283 102 18 39
565 30 285 101 17 41
565 34 644 95 15 31
565 37 321 96 18 45
565 38 236 16 20 11
565 38 37 27 14 30
565 43 139 38 12 26
565 44 144 38 12 26
565 50 347 57 12 30
565 51 79 26 12 22
565 52 72 26 12 23
566 1 284 275 30 80
566 2 267 283 25 74
566 3 268 262 29 80
566 6 594 97 22 41
566 7 595 95 19 43
566 8 161 39 12 27
566 9 154 37 11 29
566 10 135 40 13 29
566 13 243 80 16 35
566 14 240 95 15 38
566 15 285 116 16 48
566 16 294 121 17 45
566 17 270 118 17 51
566 18 228 126 19 50
566 19 242 121 21 49
566 20 252 92 17 41
566 21 641 200 18 67
566 22 617 199 25 63
566 23 434 111 19 44
566 24 446 110 20 43
566 25 523 251 33 71
566 26 497 259 39 69
566 29 218 105 22 43
566 31 280 103 17 39
566 30 280 101 19 41
566 34 644 96 15 32
566 37 321 96 18 46
566 38 236 16 20 11
566 38 37 27 14 29
566 43 139 38 12 26
566 44 144 38 12 26
566 50 347 57 12 30
566 51 79 26 12 22
566 52 72 27 12 23
567 1 284 276 30 80
567 2 267 283 25 74
567 3 268 262 29 80
567 6 594 97 22 41
567 7 596 95 20 43
567 8 161 39 12 27
567 9 154 37 11 29
567 10 135 40 13 29
567 13 242 80 16 34
567 14 240 94 15 38
567 15 284 115 16 48
567 16 294 119 18 44
567 17 270 118 17 51
567 18 228 126 19 50
567 19 242 121 21 49
567 20 252 92 17 41
567 21 641 200 18 67
567 22 618 199 26 61
567 23 434 111 19 44
567 24 445 110 20 43
567 25 524 250 30 69
567 26 497 256 36 70
567 29 216 105 22 44
567 31 279 103 18 39
567 30 279 101 19 41
567 34 645 96 15 31
567 37 321 96 18 46
567 38 236 16 20 11
567 38 37 27 14 29
567 43 138 38 12 27
567 44 144 38 12 26
567 50 347 57 12 30
567 51 79 26 12 22
567 52 72 27 12 23
568 1 284 276 30 80
568 2 267 283 25 74
568 3 268 262 29 80
568 6 596 97 21 41
568 7 596 95 20 43
568 8 161 40 12 26
568 9 153 40 11 26
568 10 134 41 13 26
568 13 242 80 16 34
568 14 239 94 15 39
568 15 285 117 15 47
568 16 294 119 18 44
568 17 269 117 17 51
568 18 228 126 19 50
568 19 242 121 21 49
568 20 251 92 17 41
568 21 641 200 18 66
568 22 618 199 26 61
568 23 433 111 19 43
568 24 445 110 18 42
568 25 523 249 30 69
568 26 496 255 36 70
568 29 215 105 22 44
568 31 279 103 17 39
568 30 279 100 19 41
568 34 647 95 15 32
568 37 323 96 18 46
568 38 236 16 20 11
568 38 37 27 14 29
568 43 138 38 12 27
568 44 144 38 12 26
568 50 347 57 12 30
568 51 79 26 12 22
568 52 72 27 12 23
569 1 284 276 30 80
569 2 267 283 25 74
569 3 268 262 29 80
569 6 597 97 21 41
569 7 596 95 20 43
569 8 161 39 12 27
569 9 153 40 11 26
569 10 134 41 13 26
569 13 241 80 15 33
569 14 239 93 15 39
569 15 283 117 16 47
569 16 293 118 17 44
569 17 269 117 17 51
569 18 228 126 19 50
569 19 241 121 21 48
569 20 251 91 16 41
569 21 642 200 17 65
569 22 620 198 25 61
569 23 432 111 19 43
569 24 444 110 18 42
569 25 520 248 32 70
569 26 497 255 32 70
569 29 214 105 22 44
569 31 278 103 18 39
569 30 278 100 19 41
569 34 648 95 14 32
569 37 323 96 18 46
569 38 236 16 20 11
569 38 37 27 14 29
569 43 139 38 12 26
569 44 144 38 12 26
569 50 347 57 12 30
569 51 79 26 12 22
569 52 71 27 12 23
570 1 284 276 30 80
570 2 267 283 25 74
570 3 268 262 29 80
570 6 597 97 21 40
570 7 596 95 20 43
570 8 161 39 12 27
570 9 153 40 11 26
570 10 133 41 12 26
570 13 243 80 15 33
570 14 239 93 15 39
570 15 283 117 16 47
570 16 293 118 17 44
570 17 268 117 18 50
570 18 228 126 17 47
570 19 241 121 21 49
570 20 251 91 16 41
570 21 642 199 18 66
570 22 620 198 25 61
570 23 432 111 19 43
570 24 444 110 18 42
570 25 521 249 30 67
570 26 497 255 32 68
570 29 214 105 22 44
570 31 278 103 18 39
570 30 278 100 19 41
570 34 648 95 14 32
570 37 323 96 18 46
570 38 236 16 20 11
570 38 37 27 14 29
570 43 139 38 12 26
570 44 144 38 12 26
570 50 347 57 12 30
570 51 79 26 12 22
570 52 71 26 13 24
571 1 284 276 30 80
571 2 267 284 25 73
571 3 267 262 29 80
571 6 597 97 20 40
571 7 598 95 20 42
571 8 161 39 12 27
571 9 153 40 11 26
571 10 133 41 12 26
571 13 243 80 15 33
571 14 238 93 14 35
571 15 283 117 16 47
571 16 293 118 17 44
571 17 268 117 18 50
571 18 228 126 17 47
571 19 241 121 20 47
571 20 251 91 16 41
571 21 642 199 18 65
571 22 620 198 25 61
571 23 432 111 18 42
571 24 444 109 18 42
571 25 518 248 33 71
571 26 496 255 32 67
571 29 212 105 22 44
571 31 278 103 18 39
571 30 277 100 19 41
571 34 650 95 14 32
571 37 324 96 18 46
571 38 236 16 20 11
571 38 37 27 14 29
571 43 139 38 12 26
571 44 144 38 12 26
571 50 347 57 12 30
571 51 79 26 12 22
571 52 71 26 13 24
572 1 284 276 30 80
572 2 267 283 25 74
572 3 267 262 29 80
572 6 598 97 20 40
572 7 598 95 20 43
572 8 161 38 12 27
572 9 153 40 11 26
572 10 131 41 14 25
572 13 242 80 15 32
572 14 238 93 15 39
572 15 282 117 16 47
572 16 293 118 17 44
572 17 267 117 18 50
572 18 226 125 18 48
572 19 241 121 21 49
572 20 250 91 16 41
572 21 642 198 18 66
572 22 621 198 24 60
572 23 432 110 18 42
572 24 443 109 18 42
572 25 517 247 33 72
572 26 496 254 30 68
572 29 215 105 17 44
572 31 277 102 18 39
572 30 277 100 19 41
572 34 652 96 14 31
572 37 324 96 18 46
572 38 236 16 20 11
572 38 37 27 14 29
572 43 140 38 12 26
572 44 146 38 11 26
572 50 347 57 12 30
572 51 79 26 12 20
572 52 71 26 13 24
573 1 284 276 30 79
573 2 267 283 25 74
573 3 267 262 29 80
573 6 598 97 20 40
573 7 599 95 20 43
573 8 161 38 12 27
573 9 152 40 11 26
573 10 131 41 14 25
573 13 241 80 15 32
573 14 238 93 14 35
573 15 282 117 16 47
573 16 292 118 17 43
573 17 267 117 18 50
573 18 226 125 19 48
573 19 241 120 21 49
573 20 250 91 16 40
573 21 643 198 17 64
573 22 621 197 25 59
573 23 431 110 19 42
573 24 443 109 18 41
573 25 516 247 33 72
573 26 495 254 30 68
573 29 214 105 17 44
573 31 277 102 18 40
573 30 276 100 19 42
573 34 653 96 14 30
573 37 324 96 19 47
573 38 236 16 20 11
573 38 37 27 14 29
573 43 140 38 12 26
573 44 146 38 11 26
573 50 347 57 12 30
573 51 77 26 13 22
573 52 71 26 13 24
574 1 284 276 30 79
574 2 267 282 25 74
574 3 267 262 28 79
574 6 599 97 20 40
574 7 600 96 20 42
574 8 160 38 12 27
574 9 152 38 11 28
574 10 131 41 12 25
574 13 240 80 15 32
574 14 237 92 15 39
574 15 282 117 16 47
574 16 292 117 17 43
574 17 267 117 18 50
574 18 226 124 19 49
574 19 241 120 21 50
574 20 249 91 16 40
574 21 643 198 17 62
574 22 621 196 25 59
574 23 430 110 19 42
574 24 442 109 15 41
574 25 515 246 34 72
574 26 494 252 30 69
574 29 211 105 17 44
574 31 276 102 18 40
574 30 276 100 19 41
574 34 655 95 14 31
574 37 325 97 19 46
574 38 236 16 20 11
574 38 37 27 13 29
574 43 139 38 12 26
574 44 146 39 11 26
574 50 347 57 12 30
574 51 77 26 13 22
574 52 71 26 13 24
575 1 284 276 30 80
575 2 267 282 25 74
575 3 267 262 28 78
575 6 599 97 20 40
575 7 600 96 20 42
575 8 160 38 12 28
575 9 152 37 11 29
575 10 131 41 12 25
575 13 240 79 15 33
575 14 237 92 15 39
575 15 281 117 16 47
575 16 292 117 18 46
575 17 267 117 18 50
575 18 225 124 19 49
575 19 241 119 21 50
575 20 249 91 16 40
575 21 644 198 18 62
575 22 622 196 25 59
575 23 430 109 18 42
575 24 442 109 15 41
575 25 514 246 33 71
575 26 491 250 32 71
575 29 210 105 17 44
575 31 276 102 18 40
575 30 278 100 19 40
575 37 326 98 19 47
575 38 236 16 20 11
575 38 37 27 14 29
575 43 139 38 12 26
575 44 146 39 11 26
575 50 347 57 12 30
575 51 77 26 13 22
575 52 71 26 13 24
576 1 284 276 30 80
576 2 266 281 26 76
576 3 267 262 29 79
576 6 602 97 16 40
576 7 601 96 20 42
576 8 160 38 12 28
576 9 152 37 11 29
576 10 131 41 12 25
576 13 240 79 15 33
576 14 237 92 15 39
576 15 281 117 16 47
576 16 292 117 18 46
576 17 267 117 17 49
576 18 225 124 19 49
576 19 241 119 21 50
576 20 249 91 16 40
576 21 642 196 20 70
576 22 622 196 25 60
576 23 429 109 19 43
576 24 442 109 15 41
576 25 514 246 33 71
576 26 491 250 32 71
576 29 210 105 17 44
576 31 276 102 18 40
576 30 278 100 19 40
576 37 326 98 19 47
576 38 236 16 20 11
576 38 37 27 13 29
576 43 139 38 12 26
576 44 146 39 11 26
576 50 347 57 12 30
576 51 77 26 13 22
576 52 71 26 13 24
577 1 286 276 29 80
577 2 266 284 24 69
577 3 267 263 28 78
577 6 602 97 17 40
577 7 601 96 19 42
577 8 160 38 12 28
577 9 152 37 11 29
577 10 130 41 12 25
577 13 239 79 16 33
577 14 236 92 14 37
577 15 281 116 16 47
577 16 292 117 18 46
577 17 267 117 17 49
577 18 225 124 19 49
577 19 240 119 21 51
577 20 249 91 15 40
577 21 647 195 15 65
577 22 622 196 25 60
577 23 430 109 18 41
577 24 441 109 15 41
577 25 513 246 32 71
577 26 490 250 32 71
577 29 209 105 19 45
577 31 275 102 18 41
577 30 273 99 20 43
577 37 326 98 19 47
577 38 236 16 20 11
577 38 37 26 14 29
577 43 139 38 12 26
577 44 146 39 11 26
577 50 347 57 12 30
577 51 77 26 13 22
577 52 70 26 13 24
578 1 286 276 29 80
578 2 266 281 26 76
578 3 267 262 28 79
578 6 604 97 15 40
578 7 603 96 18 42
578 8 160 38 12 28
578 9 152 37 11 29
578 10 130 41 12 26
578 13 239 78 16 34
578 14 236 92 14 37
578 15 280 116 16 46
578 16 292 117 18 46
578 17 266 116 17 49
578 18 225 123 19 49
578 19 240 119 21 50
578 20 248 91 15 39
578 21 647 195 11 65
578 22 622 195 26 60
578 23 428 109 19 44
578 24 441 109 15 41
578 25 512 245 32 71
578 26 488 250 34 71
578 29 208 105 19 45
578 31 273 100 20 43
578 30 272 100 21 42
578 37 326 99 19 47
578 38 236 16 20 11
578 38 37 27 14 29
578 43 139 38 12 26
578 44 146 39 11 26
578 50 347 57 12 30
578 51 77 26 13 22
578 52 70 26 13 24
579 1 286 276 29 80
579 2 266 282 25 74
579 3 267 263 28 79
579 6 605 97 15 40
579 7 603 96 18 42
579 8 160 38 12 28
579 9 151 37 12 29
579 10 130 41 12 26
579 13 238 78 16 35
579 14 235 92 14 37
579 15 280 116 16 46
579 16 291 117 18 46
579 17 266 116 17 49
579 18 225 123 19 49
579 19 240 118 20 47
579 20 248 91 15 39
579 22 623 195 25 59
579 23 428 109 19 44
579 24 440 109 15 41
579 25 511 245 32 71
579 26 487 250 34 71
579 29 201 105 25 45
579 31 272 100 20 43
579 30 271 100 21 42
579 37 327 99 19 47
579 38 236 16 20 11
579 38 37 27 14 29
579 43 139 38 12 26
579 44 146 39 11 26
579 50 347 57 12 30
579 51 77 26 13 22
579 52 70 26 13 24
580 1 286 276 29 80
580 2 267 283 25 72
580 3 267 263 23 82
580 6 606 98 15 40
580 7 604 96 19 42
580 8 160 38 12 28
580 9 151 37 12 29
580 10 130 40 13 27
580 13 238 77 15 36
580 14 235 92 14 37
580 15 280 116 16 47
580 16 291 117 18 45
580 17 266 117 16 47
580 18 225 123 19 49
580 19 240 118 20 47
580 20 248 91 15 39
580 22 624 195 26 58
580 23 427 109 19 44
580 24 439 109 16 43
580 25 510 244 32 70
580 26 486 249 34 71
580 29 200 105 25 45
580 31 272 100 20 43
580 30 271 100 21 42
580 37 328 99 19 47
580 38 236 16 20 11
580 38 37 27 14 29
580 43 139 38 12 26
580 44 146 39 11 26
580 50 347 57 12 30
580 51 77 26 13 22
580 52 70 26 13 24
581 1 286 276 29 80
581 2 266 281 26 76
581 3 267 263 23 82
581 6 605 98 20 40
581 7 604 97 18 42
581 8 160 38 12 28
581 9 151 37 12 29
581 10 130 40 13 26
581 13 238 77 15 36
581 14 234 92 14 37
581 15 280 116 15 43
581 16 291 117 17 44
581 17 265 115 17 48
581 18 223 123 20 49
581 19 240 118 20 47
581 20 246 90 16 39
581 22 624 195 26 58
581 23 426 109 19 45
581 24 437 109 17 43
581 25 510 244 31 69
581 26 485 249 34 72
581 29 199 105 25 46
581 31 272 100 20 42
581 30 271 100 20 41
581 37 328 99 19 47
581 38 236 16 20 11
581 38 37 26 14 29
581 43 139 38 12 26
581 44 146 39 11 26
581 50 347 57 12 30
581 51 77 26 13 22
581 52 70 26 13 24
582 1 286 276 29 80
582 2 266 281 26 76
582 3 267 263 23 82
582 6 606 98 19 40
582 7 604 97 18 42
582 8 160 38 12 28
582 9 151 37 12 29
582 10 130 40 13 26
582 13 238 77 15 36
582 14 234 92 14 37
582 15 278 116 18 44
582 16 291 117 17 43
582 17 265 115 17 48
582 18 223 123 20 49
582 19 240 118 20 47
582 20 246 90 16 40
582 22 623 194 27 60
582 23 426 109 19 45
582 24 437 109 17 43
582 25 510 244 31 68
582 26 485 249 34 72
582 29 200 105 26 46
582 31 272 100 20 42
582 30 271 100 20 41
582 37 328 99 19 47
582 38 236 16 20 11
582 38 37 26 14 29
582 43 139 38 12 26
582 44 146 39 11 26
582 50 347 57 12 30
582 51 77 26 13 22
582 52 70 26 13 24
583 1 287 276 30 80
583 2 266 281 26 76
583 3 267 263 23 82
583 6 605 98 20 40
583 7 606 97 19 42
583 8 159 37 12 28
583 9 150 37 13 28
583 10 128 40 13 26
583 13 237 77 15 35
583 14 234 91 14 38
583 15 277 116 18 44
583 16 290 116 18 43
583 17 265 115 16 47
583 18 223 123 20 49
583 19 240 119 20 47
583 20 245 90 17 40
583 22 624 195 26 62
583 23 425 109 19 42
583 24 437 108 18 44
583 25 510 243 31 69
583 26 484 248 35 73
583 29 199 105 26 46
583 31 271 100 19 42
583 30 270 100 20 39
583 37 329 99 19 47
583 38 236 16 20 11
583 38 37 27 13 29
583 43 139 38 12 26
583 44 146 39 11 26
583 50 347 57 12 30
583 51 77 26 13 22
583 52 70 26 13 24
584 1 287 276 30 80
584 2 266 281 26 76
584 3 267 264 23 81
584 6 606 98 20 40
584 7 606 97 19 42
584 8 159 37 12 28
584 9 150 37 13 28
584 10 128 40 13 25
584 13 237 77 15 35
584 14 234 91 14 37
584 15 277 115 18 45
584 16 290 116 18 43
584 17 263 113 18 51
584 18 223 123 20 49
584 19 240 119 20 47
584 20 245 89 16 39
584 22 624 195 26 62
584 23 424 109 19 42
584 24 436 108 18 39
584 25 508 241 31 72
584 26 484 247 30 74
584 29 198 105 26 46
584 31 270 99 20 42
584 30 269 99 20 41
584 37 329 99 18 47
584 38 236 16 20 11
584 38 37 26 14 29
584 43 139 38 12 26
584 44 146 39 11 26
584 50 347 57 12 30
584 51 77 26 13 22
584 52 70 26 13 24
585 1 287 276 30 80
585 2 266 281 26 76
585 3 267 264 23 81
585 6 606 98 20 40
585 7 607 97 19 42
585 8 159 37 12 28
585 9 150 37 13 28
585 10 128 40 13 25
585 13 237 77 14 34
585 14 233 91 15 37
585 15 276 115 18 45
585 16 289 115 17 44
585 17 263 113 18 51
585 18 222 122 20 49
585 19 240 119 20 46
585 20 244 89 17 40
585 22 625 195 26 62
585 23 424 108 19 43
585 24 435 108 18 39
585 25 507 240 31 73
585 26 483 247 30 71
585 29 195 105 27 47
585 31 269 99 20 43
585 30 268 99 21 42
585 37 330 99 18 47
585 38 236 16 20 11
585 38 37 27 13 28
585 43 139 38 12 26
585 44 146 39 11 27
585 50 347 57 12 30
585 51 76 26 13 22
585 52 70 26 13 24
586 1 287 276 30 81
586 2 266 281 26 76
586 3 267 264 23 81
586 6 607 98 20 40
586 7 608 97 19 42
586 8 159 37 12 28
586 9 149 37 13 27
586 10 128 40 13 25
586 13 235 77 15 34
586 14 232 91 16 37
586 15 276 114 20 48
586 16 290 115 16 44
586 17 260 115 20 49
586 18 222 122 20 50
586 19 240 119 20 47
586 20 244 89 16 40
586 22 625 195 26 62
586 23 423 108 20 44
586 24 438 107 15 39
586 25 506 240 30 73
586 26 482 247 30 70
586 29 195 105 25 46
586 31 267 99 18 42
586 30 267 98 18 42
586 37 330 99 18 47
586 38 236 16 20 11
586 38 37 27 13 28
586 43 139 38 12 27
586 44 144 37 12 28
586 50 347 57 12 30
586 51 76 26 13 22
586 52 68 26 14 24
587 1 287 275 30 81
587 2 266 281 26 77
587 3 267 265 23 81
587 6 607 99 19 41
587 7 609 97 19 42
587 8 159 37 12 28
587 9 149 37 13 27
587 10 128 40 13 25
587 13 235 77 15 34
587 14 232 91 16 37
587 15 276 114 17 46
587 16 288 114 17 44
587 17 259 115 20 49
587 18 222 121 21 51
587 19 240 119 20 47
587 20 244 89 16 40
587 22 627 195 25 61
587 23 424 107 16 43
587 24 438 107 15 39
587 25 501 240 34 70
587 26 482 244 29 70
587 29 193 105 25 47
587 31 266 99 18 42
587 30 266 98 18 42
587 37 330 100 18 47
587 38 236 16 20 11
587 38 37 27 13 28
587 43 139 38 12 27
587 44 144 37 12 28
587 50 347 57 12 30
587 51 76 26 13 22
587 52 68 26 14 24
588 1 287 275 30 81
588 2 266 281 26 77
588 3 267 265 23 81
588 6 607 99 19 41
588 7 609 97 19 42
588 8 159 37 12 28
588 9 149 37 13 27
588 10 128 40 13 25
588 13 235 77 15 34
588 14 232 91 16 37
588 15 276 114 17 46
588 16 288 114 17 44
588 17 259 115 20 49
588 18 222 121 21 51
588 19 240 119 20 47
588 20 244 87 15 41
588 22 627 195 24 61
588 23 424 107 16 43
588 24 438 107 15 39
588 25 501 240 34 70
588 26 482 244 29 70
588 29 194 105 25 46
588 31 266 99 18 42
588 30 266 98 18 42
588 37 330 100 18 47
588 38 236 16 20 11
588 38 37 27 13 28
588 43 139 38 12 27
588 44 144 37 12 28
588 50 347 57 12 30
588 51 76 26 13 22
588 52 68 26 14 24
589 1 287 275 30 81
589 2 267 281 26 77
589 3 267 265 22 80
589 6 607 99 21 41
589 7 608 97 19 42
589 8 158 36 12 29
589 9 149 36 13 28
589 10 128 40 13 25
589 13 234 77 16 34
589 14 230 91 17 37
589 15 276 114 17 45
589 16 288 114 17 43
589 17 259 115 20 46
589 18 221 120 21 51
589 19 240 119 20 47
589 20 244 87 15 41
589 22 627 194 25 61
589 23 423 107 16 43
589 24 437 106 15 40
589 25 497 240 37 70
589 26 481 244 29 69
589 29 192 105 23 47
589 31 266 99 18 43
589 30 266 98 18 43
589 37 331 100 18 47
589 38 236 16 20 11
589 38 37 27 13 28
589 43 140 39 12 26
589 44 144 37 12 28
589 50 347 57 12 30
589 51 76 26 13 23
589 52 68 26 14 24
590 1 288 275 30 81
590 2 266 283 25 74
590 3 267 266 22 80
590 6 608 99 19 41
590 7 608 97 19 42
590 8 158 36 12 29
590 9 148 36 14 28
590 10 127 40 14 26
590 13 233 77 16 34
590 14 230 91 17 37
590 15 274 115 17 44
590 16 288 115 17 43
590 17 258 115 20 46
590 18 221 120 21 51
590 19 240 119 20 46
590 20 243 87 15 41
590 22 628 194 24 59
590 23 423 107 16 43
590 24 437 106 12 42
590 25 494 240 38 70
590 26 479 243 30 70
590 29 191 105 23 47
590 31 255 103 21 46
590 30 257 103 18 47
590 37 331 101 19 47
590 38 236 16 20 11
590 38 37 26 13 29
590 43 140 39 12 26
590 44 144 37 12 28
590 50 347 57 12 30
590 51 76 26 13 23
590 52 68 26 14 24
591 1 288 275 30 81
591 2 266 283 25 74
591 3 267 268 22 77
591 6 613 99 15 40
591 7 614 97 14 42
591 8 158 36 12 29
591 9 149 36 11 28
591 10 127 40 14 26
591 13 233 77 16 35
591 14 229 91 17 38
591 15 274 115 17 44
591 16 288 115 17 43
591 17 258 115 20 46
591 18 221 119 21 52
591 19 240 116 20 48
591 20 243 87 15 39
591 22 628 193 24 58
591 23 422 107 16 42
591 24 437 106 12 42
591 25 493 240 38 70
591 26 478 242 30 71
591 29 192 105 19 46
591 31 254 103 21 46
591 30 256 103 18 47
591 37 332 102 19 47
591 38 236 16 20 11
591 38 37 26 14 29
591 43 140 39 12 26
591 44 144 39 12 26
591 50 347 57 12 30
591 51 76 26 13 23
591 52 68 26 14 24
592 1 288 275 31 81
592 2 266 283 25 74
592 3 267 268 22 77
592 6 614 99 16 39
592 7 615 96 15 42
592 8 158 36 12 29
592 9 149 36 11 28
592 10 127 40 14 26
592 13 233 74 17 36
592 14 229 91 17 38
592 15 273 115 17 44
592 16 287 115 17 43
592 17 258 115 20 46
592 18 221 119 18 48
592 19 240 116 20 48
592 20 242 87 15 39
592 22 629 193 24 58
592 23 422 106 16 42
592 24 435 106 13 42
592 25 492 239 38 70
592 26 478 242 30 70
592 29 191 105 19 46
592 31 254 103 21 46
592 30 256 103 18 47
592 37 332 102 19 47
592 38 236 16 20 11
592 38 37 27 13 28
592 43 140 38 12 26
592 44 144 39 12 26
592 50 347 57 12 30
592 51 76 26 13 22
592 52 69 27 13 23
593 1 288 275 31 82
593 2 266 283 25 74
593 3 267 268 22 77
593 6 614 99 16 39
593 7 615 96 15 42
593 8 158 36 12 29
593 9 149 36 11 28
593 10 127 40 14 26
593 13 232 74 17 36
593 14 228 91 17 38
593 15 272 113 19 46
593 16 287 115 17 43
593 17 263 115 14 45
593 18 221 119 18 48
593 19 240 116 20 47
593 20 242 87 15 39
593 22 629 192 25 63
593 23 421 106 16 42
593 24 430 106 17 42
593 25 491 239 37 69
593 26 473 242 32 68
593 29 190 105 19 46
593 31 253 103 21 46
593 30 255 103 18 47
593 37 333 102 19 47
593 38 236 16 20 11
593 38 37 27 13 28
593 43 140 39 12 26
593 44 144 39 12 26
593 50 347 57 12 30
593 51 76 26 13 22
593 52 69 27 13 23
594 1 288 275 31 82
594 2 270 284 25 74
594 3 267 268 22 77
594 6 614 99 16 39
594 7 615 96 15 42
594 8 158 36 12 29
594 9 149 36 11 28
594 10 127 40 14 26
594 13 232 74 17 36
594 14 228 91 17 38
594 15 272 113 19 46
594 16 287 115 17 43
594 17 263 115 14 45
594 18 221 119 18 48
594 19 240 116 20 47
594 20 242 87 15 39
594 22 629 192 24 58
594 23 421 106 16 43
594 24 430 106 17 42
594 25 491 239 37 69
594 26 473 242 32 68
594 29 185 105 24 46
594 31 253 103 21 46
594 30 255 103 18 47
594 37 333 102 19 47
594 38 236 16 20 11
594 38 37 27 13 28
594 43 140 39 12 26
594 44 144 39 12 26
594 50 347 57 12 30
594 51 76 26 13 22
594 52 69 27 13 23
595 1 288 274 31 82
595 2 270 284 25 74
595 3 267 269 22 76
595 6 615 99 16 39
595 7 616 96 15 42
595 8 157 36 12 29
595 9 147 36 13 28
595 10 127 40 14 27
595 13 232 74 17 36
595 14 228 91 17 38
595 15 271 113 19 46
595 16 286 114 17 43
595 17 263 115 14 45
595 18 221 119 18 48
595 19 240 115 19 46
595 20 241 87 15 39
595 22 629 192 24 58
595 23 420 106 16 43
595 24 429 106 17 42
595 25 494 237 34 70
595 26 470 242 34 67
595 29 184 105 25 46
595 31 253 103 21 46
595 30 254 103 18 47
595 37 333 102 19 47
595 38 236 16 20 11
595 38 37 27 13 28
595 43 140 38 12 26
595 44 144 39 12 26
595 50 347 57 12 30
595 51 76 26 13 22
595 52 70 26 12 24
596 1 288 274 31 82
596 2 270 284 25 74
596 3 268 269 22 76
596 6 615 99 16 40
596 7 616 96 15 43
596 8 157 36 12 29
596 9 147 36 13 28
596 10 127 39 14 27
596 13 232 73 17 36
596 14 228 91 17 38
596 15 271 112 19 46
596 16 286 115 16 42
596 17 262 114 14 45
596 18 221 119 18 48
596 19 240 114 20 48
596 20 241 86 15 40
596 22 630 191 24 58
596 23 419 106 16 43
596 24 429 106 18 42
596 25 493 236 34 70
596 26 469 242 34 66
596 29 183 105 25 46
596 31 252 103 21 46
596 30 253 102 18 47
596 37 334 102 19 48
596 38 236 16 20 11
596 38 35 26 14 29
596 43 140 38 12 26
596 44 144 39 12 26
596 50 347 57 12 30
596 51 75 26 13 22
596 52 70 26 12 24
597 1 288 274 31 82
597 2 270 284 25 74
597 3 267 269 22 76
597 6 616 99 19 40
597 7 617 97 15 42
597 8 157 36 12 29
597 9 147 36 13 28
597 10 126 39 15 27
597 13 231 74 17 36
597 14 227 90 18 39
597 15 271 112 19 46
597 16 285 114 17 44
597 17 262 114 14 46
597 18 220 119 18 48
597 19 240 115 19 47
597 20 241 86 15 39
597 22 630 191 24 59
597 23 419 106 15 42
597 24 428 106 18 42
597 25 492 236 31 68
597 26 468 242 34 67
597 29 182 105 25 46
597 31 251 103 21 45
597 30 253 102 18 47
597 37 334 101 21 52
597 38 236 16 20 11
597 38 37 27 13 28
597 43 140 38 12 26
597 44 144 39 12 26
597 50 347 57 12 30
597 51 75 26 13 23
597 52 70 26 12 24
598 1 288 274 31 82
598 2 273 284 22 74
598 3 267 269 22 76
598 6 617 99 20 40
598 7 619 97 16 42
598 8 156 35 11 29
598 9 147 36 13 28
598 10 126 39 15 28
598 13 231 74 17 35
598 14 226 90 17 38
598 15 270 111 19 47
598 16 284 114 17 44
598 17 261 113 15 47
598 18 220 119 18 48
598 19 240 115 20 46
598 20 239 86 15 39
598 22 631 191 25 58
598 23 418 106 16 42
598 24 428 105 18 42
598 25 491 235 31 67
598 26 468 241 34 67
598 29 182 106 26 46
598 31 251 102 21 45
598 30 252 102 17 45
598 37 336 101 19 49
598 38 236 16 20 11
598 38 37 27 13 28
598 43 140 38 12 26
598 44 145 40 11 26
598 50 347 57 12 30
598 51 75 26 13 23
598 52 70 26 12 24
599 1 288 274 31 83
599 2 273 284 25 74
599 3 267 270 22 76
599 6 617 99 20 40
599 7 620 97 17 42
599 8 156 35 11 29
599 9 147 36 13 28
599 10 126 39 15 28
599 13 230 74 18 38
599 14 226 89 17 39
599 15 270 111 20 47
599 16 284 113 18 44
599 17 261 113 15 47
599 18 220 119 18 48
599 19 240 115 20 46
599 20 239 85 15 39
599 22 630 191 26 59
599 23 418 105 16 42
599 24 427 105 17 41
599 25 490 235 31 68
599 26 469 240 31 70
599 29 181 106 26 46
599 31 250 102 21 46
599 30 251 103 17 45
599 37 336 101 19 49
599 38 236 16 20 11
599 38 35 27 14 28
599 43 140 38 12 26
599 44 144 39 12 26
599 50 347 57 12 30
599 51 75 26 13 23
599 52 70 26 12 24
600 1 290 274 29 83
600 2 273 284 25 74
600 3 267 270 22 76
600 6 616 99 19 40
600 7 620 97 17 42
600 8 156 35 11 29
600 9 147 36 13 28
600 10 126 40 14 27
600 13 230 74 18 38
600 14 226 89 17 38
600 15 269 111 19 47
600 16 284 113 18 44
600 17 261 113 15 47
600 18 220 119 18 48
600 19 240 115 20 46
600 20 239 85 15 39
600 22 630 191 24 59
600 23 418 105 16 42
600 24 429 105 16 41
600 25 490 235 31 68
600 26 469 240 31 70
600 29 181 106 26 46
600 31 250 102 21 46
600 30 251 103 17 45
600 37 336 101 19 49
600 38 236 16 20 11
600 38 35 27 14 28
600 43 140 38 12 26
600 44 144 39 12 26
600 50 347 57 12 30
600 51 75 26 13 23
600 52 68 26 13 24
601 1 290 274 29 83
601 2 273 284 25 74
601 3 264 267 27 76
601 6 616 99 19 40
601 7 620 97 17 42
601 8 156 35 11 29
601 9 147 36 13 28
601 10 126 39 14 27
601 13 230 74 18 37
601 14 226 89 17 38
601 15 269 111 19 47
601 16 284 113 17 44
601 17 260 112 15 47
601 18 220 118 18 48
601 19 240 115 20 46
601 20 239 85 15 39
601 22 630 190 24 59
601 23 417 105 16 42
601 24 428 105 16 41
601 25 492 234 29 67
601 26 468 239 31 70
601 29 180 106 25 43
601 31 249 102 21 46
601 30 250 103 17 45
601 37 337 103 19 47
601 38 236 16 20 11
601 38 35 27 14 28
601 43 141 38 12 27
601 44 143 39 12 26
601 50 347 57 12 30
601 51 75 26 13 23
601 52 68 26 13 24
602 1 290 274 29 83
602 2 273 284 25 74
602 3 264 267 27 76
602 6 617 99 20 40
602 7 620 97 18 42
602 8 156 35 11 29
602 9 145 36 14 28
602 10 126 39 14 26
602 13 231 74 16 37
602 14 225 89 16 37
602 15 269 110 19 47
602 16 283 113 17 43
602 17 260 112 15 47
602 18 220 118 18 49
602 19 240 115 20 46
602 20 238 85 15 39
602 22 631 190 26 60
602 23 417 104 16 42
602 24 428 104 15 41
602 25 491 233 29 68
602 26 467 239 31 71
602 29 179 106 25 43
602 31 249 102 21 46
602 30 250 102 17 46
602 37 338 104 19 47
602 38 236 16 20 11
602 38 35 27 14 28
602 43 141 38 12 27
602 44 148 39 11 28
602 50 347 57 12 30
602 51 75 26 13 23
602 52 68 26 13 24
603 1 290 274 29 83
603 2 273 284 25 74
603 3 264 267 27 76
603 6 619 98 19 41
603 7 620 97 18 42
603 8 155 35 11 29
603 9 145 36 14 28
603 10 126 39 14 26
603 13 231 74 16 37
603 14 225 89 16 37
603 15 268 110 19 47
603 16 283 112 17 43
603 17 260 112 15 47
603 18 220 117 19 50
603 19 239 115 20 46
603 20 238 85 15 39
603 22 633 191 24 58
603 23 416 104 16 42
603 24 428 104 15 41
603 25 490 233 30 68
603 26 469 238 27 69
603 29 177 105 21 44
603 31 248 102 21 47
603 30 249 102 18 46
603 37 337 104 20 46
603 38 236 16 20 11
603 38 35 27 14 28
603 43 141 38 12 27
603 44 148 39 11 28
603 50 347 57 12 30
603 51 74 26 12 23
603 52 67 25 14 26
604 1 293 274 26 83
604 2 273 284 25 74
604 3 264 267 22 76
604 6 620 98 19 39
604 7 621 97 18 41
604 8 155 35 11 29
604 9 145 36 14 28
604 10 127 39 14 26
604 13 230 74 16 37
604 14 225 89 16 36
604 15 270 110 17 47
604 16 282 112 17 43
604 17 259 112 15 47
604 18 220 117 18 48
604 19 239 115 20 46
604 20 238 85 15 40
604 22 633 190 25 60
604 23 415 103 16 43
604 24 427 103 15 41
604 25 489 232 27 69
604 26 468 237 27 69
604 29 176 105 21 44
604 31 248 102 21 47
604 30 248 102 18 48
604 37 338 105 20 46
604 38 236 16 20 11
604 38 36 28 13 28
604 43 141 37 13 27
604 44 148 39 11 28
604 50 347 57 12 30
604 51 74 26 12 23
604 52 67 25 14 26
605 1 290 274 29 83
605 2 273 284 25 74
605 3 264 267 22 76
605 6 620 99 19 39
605 7 621 97 18 41
605 8 154 35 11 30
605 9 145 36 14 28
605 10 127 39 14 26
605 13 228 73 17 38
605 14 224 89 16 37
605 15 268 110 19 46
605 16 282 112 17 42
605 17 259 112 15 47
605 18 219 116 18 49
605 19 239 114 20 46
605 20 237 85 15 40
605 22 634 190 24 59
605 23 415 104 15 41
605 24 427 103 15 41
605 25 488 232 27 69
605 26 467 237 28 70
605 29 174 105 20 45
605 31 248 102 21 46
605 30 247 102 18 48
605 37 338 105 20 45
605 38 236 16 20 11
605 38 35 27 14 28
605 43 142 39 12 26
605 44 148 39 11 28
605 50 347 57 12 30
605 51 74 26 12 23
605 52 67 25 14 26
606 1 290 273 29 84
606 2 273 284 25 74
606 3 264 267 22 76
606 6 620 99 19 41
606 7 621 97 18 40
606 8 154 35 11 30
606 9 145 36 14 28
606 10 127 39 14 26
606 13 228 73 17 38
606 14 224 89 16 37
606 15 268 110 19 46
606 16 282 112 17 42
606 17 260 112 14 46
606 18 219 116 18 49
606 19 239 114 20 47
606 20 237 85 15 40
606 22 634 190 24 59
606 23 414 103 16 42
606 24 425 103 15 42
606 25 487 232 28 69
606 26 467 237 28 70
606 29 174 105 20 45
606 31 248 102 21 46
606 30 247 102 18 48
606 37 338 105 20 45
606 38 236 16 20 11
606 38 35 27 14 28
606 43 142 39 12 26
606 44 148 39 11 28
606 50 347 57 12 30
606 52 67 25 14 26
607 1 290 273 29 84
607 2 273 284 25 74
607 3 264 267 22 76
607 6 620 99 19 41
607 7 621 97 18 41
607 8 153 35 11 28
607 9 145 37 12 27
607 10 127 39 14 26
607 13 228 73 17 38
607 14 224 89 15 36
607 15 267 110 19 46
607 16 281 112 17 42
607 17 260 112 14 46
607 18 219 115 19 51
607 19 239 115 19 44
607 20 236 85 15 40
607 22 635 190 24 58
607 23 413 103 16 42
607 24 425 103 15 42
607 25 486 232 28 69
607 26 466 236 28 67
607 29 173 105 20 45
607 31 248 101 21 46
607 30 247 102 18 48
607 37 339 106 20 45
607 38 236 16 20 11
607 38 36 28 13 28
607 43 142 39 12 26
607 44 148 39 11 28
607 50 347 57 12 30
608 1 290 273 29 84
608 2 273 284 25 74
608 3 264 267 22 76
608 6 622 99 18 39
608 7 623 98 18 40
608 8 153 35 11 30
608 9 145 37 12 27
608 10 127 39 14 26
608 13 227 72 17 39
608 14 223 90 16 35
608 15 267 110 19 46
608 16 281 113 16 41
608 17 259 112 14 46
608 18 219 115 19 51
608 19 239 115 19 44
608 20 236 84 15 40
608 22 634 190 25 57
608 23 414 103 15 41
608 24 424 103 15 42
608 25 485 231 28 69
608 26 465 236 28 67
608 29 171 105 23 43
608 31 244 100 19 48
608 30 242 99 20 51
608 37 339 106 20 46
608 38 236 16 20 11
608 38 35 26 14 27
608 43 142 39 12 26
608 44 148 39 11 28
608 50 347 57 12 30
609 1 290 273 29 84
609 2 273 284 25 74
609 3 264 267 22 76
609 6 623 99 18 37
609 7 623 98 17 40
609 8 153 35 11 28
609 9 145 37 12 27
609 10 127 39 14 27
609 13 227 72 18 39
609 14 223 90 16 35
609 15 267 110 19 46
609 16 281 112 17 42
609 17 259 112 14 46
609 18 219 115 19 52
609 19 239 115 19 44
609 20 236 84 15 39
609 22 634 190 24 57
609 23 411 105 16 40
609 24 424 103 15 42
609 25 485 231 28 70
609 26 462 235 31 67
609 29 170 105 23 43
609 31 244 100 19 48
609 30 241 99 20 51
609 37 340 106 20 46
609 38 236 16 20 11
609 38 35 27 14 28
609 43 142 39 12 26
609 44 148 39 11 28
609 50 347 57 12 30
610 1 290 273 29 84
610 2 273 284 25 74
610 3 264 267 22 76
610 6 623 99 18 38
610 7 624 97 19 40
610 8 153 35 11 28
610 9 144 35 13 29
610 10 127 39 14 27
610 13 226 72 18 40
610 14 222 90 16 35
610 15 266 110 18 46
610 16 280 112 17 42
610 17 259 112 14 46
610 18 220 116 18 47
610 19 238 114 19 44
610 20 235 84 15 40
610 22 635 188 24 59
610 23 410 105 16 40
610 24 423 103 15 42
610 25 483 230 28 70
610 26 461 235 31 67
610 29 167 105 27 45
610 31 242 100 20 48
610 30 241 99 20 51
610 37 340 106 20 47
610 38 236 16 20 11
610 38 35 27 14 28
610 43 142 39 12 26
610 44 148 39 11 28
610 50 347 57 12 30
611 1 290 273 29 84
611 2 273 284 25 74
611 3 264 267 22 76
611 6 624 99 19 38
611 7 626 98 17 40
611 8 152 35 11 30
611 9 144 35 13 29
611 10 127 38 14 27
611 13 225 72 21 39
611 14 222 89 17 36
611 15 266 110 18 46
611 16 280 112 16 40
611 17 258 111 14 45
611 18 220 116 18 47
611 19 238 112 21 47
611 20 235 84 15 40
611 22 635 188 24 59
611 23 410 105 16 40
611 24 425 103 13 42
611 25 483 230 28 70
611 26 461 234 31 67
611 29 166 105 27 45
611 31 241 100 19 47
611 30 241 99 19 50
611 37 341 106 20 47
611 38 236 16 20 11
611 38 35 27 14 28
611 43 142 39 12 27
611 44 148 39 11 28
611 50 347 57 12 30
612 1 290 273 29 84
612 2 273 284 25 74
612 3 264 267 22 76
612 6 624 99 19 38
612 7 626 98 18 40
612 8 152 35 11 30
612 9 144 35 13 29
612 10 127 39 14 27
612 13 225 72 21 39
612 14 222 89 16 36
612 15 266 110 18 46
612 16 280 112 17 42
612 17 258 111 14 45
612 18 220 116 18 47
612 19 238 112 20 47
612 20 235 84 15 40
612 22 635 188 24 56
612 23 410 105 16 40
612 24 425 103 13 42
612 25 482 230 28 69
612 26 461 234 31 67
612 29 166 105 27 45
612 31 242 100 20 47
612 30 241 99 19 50
612 37 341 106 20 47
612 38 236 16 20 11
612 38 35 25 14 27
612 43 142 39 12 27
612 44 148 39 11 28
612 50 347 57 12 30
613 1 290 273 29 84
613 2 273 284 25 74
613 3 264 266 22 76
613 6 624 99 19 38
613 7 627 98 18 40
613 8 152 35 11 30
613 9 142 35 14 29
613 10 127 38 14 27
613 13 225 72 21 39
613 14 221 89 16 35
613 15 265 109 18 46
613 16 279 112 17 42
613 17 258 111 14 46
613 18 219 115 19 52
613 19 238 112 18 46
613 20 235 83 15 40
613 22 635 188 23 56
613 23 409 103 17 43
613 24 424 103 13 42
613 25 482 229 28 69
613 26 458 234 32 68
613 29 164 105 27 46
613 31 242 99 20 47
613 30 240 99 20 50
613 37 341 106 20 47
613 38 236 16 20 11
613 38 35 25 14 27
613 43 143 39 12 27
613 44 148 39 11 28
613 50 347 57 12 30
614 1 290 273 29 84
614 2 273 283 25 74
614 3 264 266 22 77
614 6 626 99 19 38
614 7 628 98 17 39
614 8 151 35 11 29
614 9 142 35 14 29
614 10 127 38 14 27
614 13 224 72 21 38
614 14 221 89 16 35
614 15 265 109 19 48
614 16 279 111 17 43
614 17 257 111 14 47
614 18 219 117 19 49
614 19 238 112 18 46
614 20 234 83 15 39
614 22 640 187 19 57
614 23 408 104 17 43
614 24 422 101 16 42
614 25 482 229 27 67
614 26 457 234 32 68
614 29 163 106 27 45
614 31 241 99 20 47
614 30 241 96 20 53
614 37 342 107 20 47
614 38 236 16 20 11
614 38 35 25 14 27
614 43 142 39 12 27
614 44 148 39 11 28
614 50 347 57 12 30
615 1 290 273 29 84
615 2 273 283 25 75
615 3 264 266 22 77
615 6 626 99 19 38
615 7 628 98 17 40
615 8 151 35 11 29
615 9 142 35 14 29
615 10 127 38 14 27
615 13 224 72 20 38
615 14 221 88 16 35
615 15 265 108 18 45
615 16 279 111 17 43
615 17 257 110 15 49
615 18 219 117 19 49
615 19 237 112 18 46
615 20 234 83 15 40
615 22 640 187 18 57
615 23 407 104 19 39
615 24 421 101 16 42
615 25 481 228 26 64
615 26 457 233 32 68
615 29 161 104 28 47
615 31 241 99 20 47
615 30 240 96 20 53
615 37 343 107 20 47
615 38 236 16 20 11
615 38 35 25 14 27
615 43 142 39 12 27
615 44 148 39 11 28
615 50 347 57 12 30
616 1 290 273 29 84
616 2 273 283 25 75
616 3 264 266 22 77
616 6 627 99 19 38
616 7 629 98 17 40
616 8 151 35 12 30
616 9 142 35 14 29
616 10 127 38 14 27
616 13 224 72 20 38
616 14 220 88 16 35
616 15 265 108 18 45
616 16 278 110 17 43
616 17 257 110 14 47
616 18 219 116 19 50
616 19 237 112 18 45
616 20 233 83 15 40
616 22 641 187 18 57
616 23 406 104 19 39
616 24 421 100 16 42
616 25 481 227 25 67
616 26 456 233 31 69
616 29 163 105 24 46
616 31 240 99 20 48
616 30 239 96 18 49
616 37 344 108 20 46
616 38 236 16 20 11
616 38 35 25 14 27
616 43 141 39 12 27
616 44 147 39 11 28
616 50 347 57 12 31
617 1 290 273 29 84
617 2 273 283 25 75
617 3 264 265 22 77
617 6 627 99 19 37
617 7 628 98 18 40
617 8 150 34 12 30
617 9 142 35 14 30
617 10 127 38 14 27
617 13 224 72 20 37
617 14 220 88 16 34
617 15 264 107 18 46
617 16 279 110 16 41
617 17 257 110 14 46
617 18 219 116 20 50
617 19 237 112 18 45
617 20 233 83 15 40
617 22 641 186 18 57
617 23 408 102 17 40
617 24 420 100 16 43
617 25 480 226 25 67
617 26 455 233 31 69
617 29 161 104 24 47
617 31 240 97 17 48
617 30 239 96 19 48
617 37 344 108 20 46
617 38 236 16 20 11
617 38 35 25 14 27
617 43 144 41 11 24
617 44 148 40 13 27
617 50 347 57 12 31
618 1 290 273 29 84
618 2 273 283 26 75
618 3 264 265 22 77
618 6 627 99 19 37
618 7 628 98 18 40
618 8 150 34 12 32
618 9 142 35 14 30
618 10 127 38 14 27
618 13 224 72 20 37
618 14 220 88 16 35
618 15 264 107 18 46
618 16 279 110 16 41
618 17 257 110 14 46
618 18 219 116 20 50
618 19 237 112 18 45
618 20 233 83 15 40
618 22 641 186 18 57
618 23 408 102 17 40
618 24 420 100 16 43
618 25 480 226 25 67
618 26 455 233 31 69
618 29 162 104 24 47
618 31 240 97 18 44
618 30 239 96 19 47
618 37 344 108 20 46
618 38 236 16 20 11
618 38 35 25 14 27
618 43 144 41 11 24
618 44 148 40 13 27
618 50 347 57 12 31
619 1 290 273 29 84
619 2 273 282 26 76
619 3 264 265 22 78
619 6 628 99 19 37
619 7 628 98 18 40
619 8 150 34 12 30
619 9 141 35 14 30
619 10 127 38 14 27
619 13 223 72 20 37
619 14 219 88 16 34
619 15 264 107 18 46
619 16 279 110 16 41
619 17 257 109 14 45
619 18 219 115 20 51
619 19 237 113 16 41
619 20 233 83 15 39
619 22 642 186 18 57
619 23 407 102 17 40
619 24 420 100 16 42
619 25 476 226 29 66
619 26 455 232 31 69
619 29 160 104 21 48
619 31 239 97 19 48
619 30 238 96 19 47
619 37 345 109 20 46
619 38 236 16 20 11
619 38 35 25 14 27
619 43 144 41 11 24
619 44 148 40 13 27
619 50 347 57 12 31
620 1 290 274 29 84
620 2 273 282 26 76
620 3 264 265 23 78
620 6 629 99 20 38
620 7 629 98 18 40
620 8 150 37 12 32
620 9 141 34 15 30
620 10 127 38 14 27
620 13 223 72 20 37
620 14 219 88 16 34
620 15 264 107 18 46
620 16 278 110 16 41
620 17 256 109 14 46
620 18 219 114 20 52
620 19 238 112 17 45
620 20 233 83 15 39
620 22 642 186 18 57
620 23 407 102 17 40
620 24 420 100 16 41
620 25 475 226 29 66
620 26 454 231 32 70
620 29 158 104 21 49
620 31 240 102 17 43
620 30 239 100 18 47
620 37 346 110 19 46
620 38 236 16 20 11
620 38 35 25 14 27
620 43 144 41 11 25
620 44 148 40 13 27
620 50 347 57 12 31
621 1 290 274 29 84
621 2 272 281 26 77
621 3 264 264 23 78
621 6 630 99 20 38
621 7 629 98 18 40
621 8 150 35 11 25
621 9 141 35 13 28
621 10 127 39 14 27
621 13 222 72 20 38
621 14 219 88 16 34
621 15 263 107 18 45
621 16 278 110 16 41
621 17 256 109 14 45
621 18 219 114 20 52
621 19 238 112 17 45
621 20 232 83 15 39
621 22 642 186 18 57
621 23 407 102 17 40
621 24 420 100 16 41
621 25 470 225 34 67
621 26 454 230 30 65
621 29 158 104 20 46
621 31 242 106 16 39
621 30 241 106 16 39
621 37 346 110 20 46
621 38 236 16 20 11
621 38 35 25 14 27
621 43 144 41 11 25
621 44 148 40 13 28
621 50 347 57 12 31
622 1 290 274 29 83
622 2 272 281 26 77
622 3 264 264 23 78
622 6 631 99 20 38
622 7 630 99 18 39
622 8 150 35 11 25
622 9 141 35 13 28
622 10 127 38 14 27
622 13 222 71 20 38
622 14 219 88 16 35
622 15 263 107 18 45
622 16 278 110 15 40
622 17 257 109 14 46
622 18 220 114 19 47
622 19 237 112 17 45
622 20 232 82 15 39
622 22 643 186 19 57
622 23 406 103 17 38
622 24 419 100 16 41
622 25 469 225 34 67
622 26 453 230 30 65
622 29 155 104 22 48
622 31 242 107 16 38
622 30 242 106 15 39
622 37 347 111 20 46
622 38 236 16 20 11
622 38 35 25 14 27
622 43 143 40 13 25
622 44 148 40 13 28
622 50 347 57 12 31
623 1 290 274 29 83
623 2 272 280 26 78
623 3 264 263 23 79
623 6 632 98 20 40
623 7 633 99 18 39
623 8 149 35 11 25
623 9 141 35 13 28
623 10 127 38 14 27
623 13 222 71 21 38
623 14 218 88 16 33
623 15 263 107 17 45
623 16 277 110 16 41
623 17 254 109 15 44
623 18 220 114 19 47
623 19 237 111 17 45
623 20 231 82 15 39
623 22 643 186 19 57
623 23 405 103 17 38
623 24 416 99 20 43
623 25 468 224 34 67
623 26 453 229 30 65
623 29 152 104 24 48
623 31 240 108 17 37
623 30 240 107 16 38
623 37 348 111 20 46
623 38 236 16 20 11
623 38 35 25 14 27
623 43 143 40 13 25
623 44 148 39 14 28
623 50 347 57 12 31
624 1 290 274 29 83
624 2 272 280 26 78
624 3 264 263 23 79
624 6 631 99 21 39
624 7 633 99 18 39
624 8 149 35 11 25
624 9 141 35 13 28
624 10 127 38 15 27
624 13 222 71 19 38
624 14 218 88 16 33
624 15 263 107 17 45
624 16 277 110 16 41
624 17 254 109 15 44
624 18 220 114 19 47
624 19 237 112 17 45
624 20 231 82 15 39
624 22 643 186 19 57
624 23 406 103 16 38
624 24 416 99 20 43
624 25 468 224 34 67
624 26 453 229 30 65
624 29 152 104 24 48
624 31 239 107 13 38
624 30 236 106 15 39
624 37 348 111 20 46
624 38 236 16 20 11
624 38 35 25 14 27
624 43 143 40 13 25
624 44 148 39 14 28
624 50 347 57 12 31
625 1 290 274 29 83
625 2 272 280 26 78
625 3 264 264 23 79
625 6 633 99 20 39
625 7 633 98 18 40
625 8 149 35 11 25
625 9 141 35 13 28
625 10 127 38 14 27
625 13 222 71 19 37
625 14 218 88 16 33
625 15 263 107 17 45
625 16 277 110 16 40
625 17 254 109 15 44
625 18 220 114 19 47
625 19 237 111 17 45
625 20 231 82 15 40
625 22 644 186 19 57
625 23 405 101 17 39
625 24 415 99 20 43
625 25 467 224 33 67
625 26 452 229 30 64
625 29 151 107 27 44
625 31 238 105 14 40
625 30 237 107 14 38
625 37 348 111 20 47
625 38 236 16 20 11
625 38 34 25 13 27
625 43 146 45 12 24
625 44 151 44 15 26
625 50 347 57 12 31
626 1 290 274 29 83
626 2 272 280 26 78
626 3 265 263 23 80
626 6 633 98 20 40
626 7 633 98 18 41
626 8 149 35 11 25
626 9 140 35 14 28
626 10 127 38 15 27
626 13 222 71 19 37
626 14 217 88 16 33
626 15 262 107 17 45
626 16 276 109 16 42
626 17 253 109 15 45
626 18 220 114 19 47
626 19 235 111 19 47
626 20 230 82 15 40
626 22 646 185 18 58
626 23 404 101 16 39
626 24 415 99 20 43
626 25 467 224 32 66
626 26 451 228 30 64
626 29 150 107 27 44
626 31 237 104 15 41
626 30 234 106 17 39
626 37 349 111 20 47
626 38 236 16 20 11
626 38 34 25 13 27
626 43 146 45 12 24
626 44 151 44 15 26
626 50 347 57 12 31
627 1 290 274 29 83
627 2 273 280 24 77
627 3 265 263 23 80
627 6 633 98 20 40
627 7 635 98 18 40
627 8 145 35 13 25
627 9 140 35 14 28
627 10 127 38 13 28
627 13 221 71 19 37
627 14 217 87 15 34
627 15 262 106 17 45
627 16 276 109 16 42
627 17 253 108 15 45
627 18 220 114 19 47
627 19 235 110 19 47
627 20 229 81 15 40
627 22 646 184 18 58
627 23 404 101 16 38
627 24 415 98 19 43
627 25 468 223 29 69
627 26 450 228 30 65
627 27 636 354 32 96
627 29 149 107 27 44
627 31 237 104 14 40
627 30 235 105 15 39
627 37 350 111 20 47
627 38 236 16 20 11
627 38 34 25 13 27
627 43 146 45 12 24
627 44 151 44 15 26
627 50 347 57 12 31
628 1 290 274 29 83
628 2 273 280 24 77
628 3 264 263 23 79
628 6 634 98 21 40
628 7 638 96 18 42
628 8 145 35 13 25
628 9 140 35 15 28
628 10 127 38 13 28
628 13 221 71 19 36
628 14 216 87 17 34
628 15 261 106 17 46
628 16 275 108 16 42
628 17 252 108 15 45
628 18 220 114 19 45
628 19 235 110 19 45
628 20 229 81 15 40
628 22 646 184 18 57
628 23 403 102 17 40
628 24 414 98 19 43
628 25 467 223 29 69
628 26 448 227 32 65
628 27 635 353 36 96
628 29 147 108 26 44
628 31 235 103 16 41
628 30 233 104 17 40
628 37 350 111 20 47
628 38 236 16 20 11
628 38 34 25 13 27
628 43 146 45 12 24
628 44 153 43 11 26
628 50 347 57 12 31
629 1 290 274 29 83
629 2 273 280 24 77
629 3 264 263 23 79
629 6 636 99 20 39
629 7 638 96 18 42
629 8 145 35 13 25
629 9 140 35 12 26
629 10 127 38 13 28
629 13 222 71 16 35
629 14 216 85 16 36
629 15 261 106 17 45
629 16 274 108 16 43
629 17 252 107 16 47
629 18 220 114 19 45
629 19 235 110 19 45
629 20 229 81 15 39
629 22 647 184 18 56
629 23 402 102 17 40
629 24 414 97 18 43
629 25 466 222 29 66
629 26 447 227 32 65
629 27 633 350 37 99
629 29 146 108 26 44
629 31 234 106 17 38
629 30 234 104 16 40
629 37 351 111 20 47
629 38 236 16 20 11
629 38 34 25 13 27
629 43 146 45 12 24
629 44 153 43 11 26
629 50 347 57 12 31
630 1 290 274 29 83
630 2 273 280 24 77
630 3 265 263 23 79
630 6 639 100 16 38
630 7 638 96 19 42
630 8 145 35 13 25
630 9 140 35 12 26
630 10 127 38 13 28
630 13 222 71 16 35
630 14 216 85 16 36
630 15 261 106 17 46
630 16 274 108 17 41
630 17 252 107 16 47
630 18 220 114 19 45
630 19 235 110 19 45
630 20 229 81 15 40
630 22 647 184 18 56
630 23 402 102 17 40
630 24 414 97 18 43
630 25 466 222 29 66
630 26 447 227 30 67
630 17 633 349 35 100
630 29 147 108 24 44
630 31 237 106 14 37
630 30 232 107 18 36
630 37 351 111 20 47
630 38 236 16 20 11
630 38 34 25 13 27
630 43 146 45 12 24
630 44 153 43 11 26
630 50 347 57 12 31
631 1 290 274 29 83
631 2 273 280 24 77
631 3 265 263 23 81
631 6 639 100 16 38
631 7 638 96 19 43
631 8 145 35 13 26
631 9 140 35 12 26
631 10 127 38 13 28
631 13 223 71 15 34
631 14 216 85 16 36
631 15 260 105 16 45
631 16 274 108 17 41
631 17 252 107 15 43
631 18 220 114 19 45
631 19 234 109 19 45
631 20 229 81 14 38
631 22 647 184 18 55
631 23 402 100 17 42
631 24 413 97 18 43
631 25 465 222 29 66
631 26 446 227 29 67
631 27 631 348 38 94
631 29 146 108 24 44
631 31 232 109 19 34
631 30 232 107 18 37
631 37 351 111 20 47
631 38 236 16 20 11
631 38 34 24 13 27
631 43 146 44 12 25
631 44 153 43 11 26
631 50 347 57 12 31
632 1 290 274 29 83
632 2 273 280 24 77
632 3 265 264 23 78
632 6 640 100 16 38
632 7 639 97 18 42
632 8 145 34 14 26
632 9 140 35 12 26
632 10 127 38 13 28
632 13 222 71 16 34
632 14 215 84 16 36
632 15 260 105 16 45
632 16 273 107 17 41
632 17 252 107 15 43
632 18 220 113 19 45
632 19 237 110 17 44
632 20 229 81 15 39
632 22 647 184 18 55
632 23 402 100 15 39
632 24 413 96 18 43
632 25 464 221 29 67
632 26 444 226 30 67
632 27 630 347 36 93
632 29 144 107 22 45
632 31 232 107 15 35
632 30 227 107 17 36
632 37 352 112 20 47
632 38 236 16 20 11
632 38 34 24 13 27
632 43 147 45 12 24
632 44 154 43 12 26
632 50 347 57 12 31
633 1 290 274 29 83
633 2 273 280 24 77
633 3 265 264 23 78
633 6 640 100 16 38
633 7 640 97 18 42
633 8 144 35 13 24
633 9 139 35 12 26
633 10 127 38 13 28
633 13 221 70 17 33
633 14 215 84 16 36
633 15 259 104 16 45
633 16 273 107 17 41
633 17 251 107 15 44
633 18 220 113 19 46
633 19 236 109 17 45
633 20 228 81 14 38
633 22 648 184 17 55
633 23 402 100 15 39
633 24 412 96 16 43
633 25 467 220 25 66
633 26 443 226 30 68
633 27 627 345 42 94
633 29 143 107 22 45
633 31 225 106 15 42
633 30 222 107 17 42
633 37 353 112 20 47
633 38 236 16 20 11
633 38 34 24 13 27
633 43 148 45 12 24
633 44 154 43 12 26
633 50 347 57 12 31
634 1 290 274 29 83
634 2 273 280 24 77
634 3 265 264 23 78
634 6 641 100 16 39
634 7 640 100 17 39
634 8 144 35 12 24
634 9 139 35 12 26
634 10 127 38 13 27
634 13 221 70 17 33
634 14 215 84 16 36
634 15 259 104 16 44
634 16 272 106 17 41
634 17 251 107 15 44
634 18 222 112 18 44
634 19 236 109 17 45
634 20 228 81 14 38
634 22 648 184 17 55
634 23 401 100 15 39
634 24 412 96 16 43
634 25 466 219 25 66
634 26 442 225 30 68
634 27 621 345 50 92
634 29 142 107 20 46
634 31 226 107 14 41
634 30 222 107 17 42
634 37 353 113 20 48
634 38 236 16 20 11
634 38 34 24 13 27
634 43 148 45 12 23
634 44 154 43 12 26
634 50 347 57 12 31
635 1 290 274 29 83
635 2 273 280 24 77
635 3 265 264 23 78
635 6 642 99 16 39
635 7 640 98 18 41
635 8 143 35 12 24
635 9 139 35 12 26
635 10 127 38 13 27
635 13 221 70 16 38
635 14 214 84 15 36
635 15 260 104 15 45
635 16 272 106 17 41
635 17 251 106 14 45
635 18 222 112 18 44
635 19 235 109 17 45
635 20 228 81 14 38
635 22 648 184 17 55
635 23 401 100 15 39
635 24 411 96 16 43
635 25 465 219 25 67
635 26 444 224 28 68
635 27 614 345 53 90
635 29 141 107 20 46
635 31 227 107 13 40
635 30 222 107 17 41
635 37 353 114 21 48
635 38 236 16 20 11
635 38 34 24 13 27
635 43 149 46 11 23
635 44 154 43 12 26
635 50 347 57 12 31
636 1 290 274 29 83
636 2 273 280 24 77
636 3 265 264 23 78
636 6 642 99 15 40
636 7 640 100 17 39
636 8 143 35 12 24
636 9 139 35 12 25
636 10 127 38 13 27
636 13 220 70 17 33
636 14 214 84 15 36
636 15 259 104 16 45
636 16 272 106 17 41
636 17 251 106 14 45
636 18 222 112 18 44
636 19 235 109 17 44
636 20 228 81 14 38
636 23 399 101 17 38
636 24 411 96 16 43
636 25 465 219 25 67
636 26 444 224 28 68
636 27 614 345 53 90
636 29 141 107 20 46
636 31 221 109 19 38
636 30 225 108 14 40
636 37 353 114 21 48
636 38 236 16 20 11
636 38 34 24 13 27
636 43 149 46 11 23
636 44 154 43 12 26
636 50 347 57 12 31
637 1 290 274 29 83
637 2 273 280 24 77
637 3 265 264 23 78
637 6 643 99 16 39
637 7 641 98 18 41
637 8 143 35 12 24
637 9 139 35 12 25
637 10 127 38 12 24
637 13 220 70 17 34
637 14 214 84 15 35
637 15 258 104 16 44
637 16 273 106 17 41
637 17 251 106 14 45
637 18 221 111 18 44
637 19 235 109 17 44
637 20 227 81 14 38
637 23 399 101 17 38
637 24 410 96 16 43
637 25 464 219 25 66
637 26 443 223 28 68
637 27 610 344 55 89
637 29 141 107 20 46
637 31 223 106 16 41
637 30 217 107 21 41
637 37 354 114 21 48
637 38 236 16 20 11
637 38 34 24 13 27
637 43 149 44 11 26
637 44 154 43 12 26
637 50 347 57 12 31
638 1 290 274 29 83
638 2 273 280 24 77
638 3 265 264 23 78
638 6 642 99 16 40
638 7 643 98 16 41
638 8 143 35 12 24
638 9 138 35 13 25
638 10 126 37 13 29
638 13 219 69 18 34
638 14 213 84 15 34
638 15 258 104 16 44
638 16 273 106 17 41
638 17 249 105 15 46
638 18 221 111 18 44
638 19 235 109 17 44
638 20 227 81 14 38
638 23 398 101 17 38
638 24 410 96 16 43
638 25 461 218 29 66
638 26 442 222 28 69
638 27 609 344 55 88
638 29 136 107 24 45
638 31 224 105 14 41
638 30 219 107 18 40
638 37 355 114 21 48
638 38 236 16 20 11
638 38 34 24 13 27
638 43 149 44 11 26
638 44 155 43 12 25
638 50 348 57 12 31
639 1 290 274 29 83
639 2 273 280 24 77
639 3 265 264 23 78
639 6 645 99 16 40
639 7 643 98 16 41
639 8 143 35 12 24
639 9 138 35 13 25
639 10 126 36 13 28
639 13 219 69 18 34
639 14 213 84 14 34
639 15 258 104 15 44
639 16 272 106 18 41
639 17 249 105 15 46
639 18 221 111 18 45
639 19 235 109 16 44
639 20 227 81 14 38
639 23 398 101 17 38
639 24 409 96 16 42
639 25 460 218 29 66
639 26 442 222 26 66
639 27 608 343 54 88
639 29 135 107 24 45
639 31 222 108 16 38
639 30 218 108 14 40
639 37 355 115 21 48
639 38 236 16 20 11
639 38 34 24 13 27
639 43 149 44 11 26
639 44 155 43 12 25
639 50 347 57 12 31
640 1 290 274 29 83
640 2 273 280 24 76
640 3 265 264 23 78
640 6 646 99 16 39
640 7 645 98 16 41
640 8 142 35 13 24
640 9 138 35 11 25
640 10 126 36 13 28
640 13 219 69 18 35
640 14 213 84 14 34
640 15 257 104 16 44
640 16 272 106 18 41
640 17 248 105 15 46
640 18 220 111 18 45
640 19 234 109 16 43
640 20 226 80 15 39
640 23 397 100 16 39
640 24 409 95 16 43
640 25 460 217 29 67
640 26 441 222 26 66
640 27 605 341 53 88
640 29 132 107 28 47
640 31 219 108 19 39
640 30 217 108 16 39
640 37 356 115 20 48
640 38 236 16 20 11
640 38 34 24 13 27
640 43 150 44 11 26
640 44 155 43 12 25
640 50 348 57 12 31
641 1 290 274 29 83
641 2 274 280 24 76
641 3 265 264 23 78
641 6 647 100 16 39
641 7 646 98 16 41
641 8 142 35 13 24
641 9 138 35 11 25
641 10 126 36 13 28
641 13 217 69 19 34
641 14 212 84 14 34
641 15 257 104 16 44
641 16 271 106 18 41
641 17 248 105 15 46
641 18 220 110 19 45
641 19 234 108 16 43
641 20 226 80 13 37
641 23 396 100 16 39
641 24 408 95 16 42
641 25 459 217 29 67
641 26 440 221 26 66
641 27 606 340 50 88
641 29 131 107 28 47
641 31 215 103 20 45
641 30 216 105 18 44
641 37 356 115 20 48
641 38 236 16 20 11
641 38 34 24 13 27
641 43 150 44 11 26
641 44 156 43 12 25
641 50 348 57 12 30
642 1 290 274 29 83
642 2 274 280 24 76
642 3 265 264 23 78
642 6 647 100 16 39
642 7 646 98 16 41
642 8 142 35 13 24
642 9 138 35 11 25
642 10 126 36 13 28
642 13 217 69 19 34
642 14 212 84 14 34
642 15 257 104 16 44
642 16 271 106 18 41
642 17 248 105 15 46
642 18 220 111 18 45
642 19 234 108 17 44
642 20 226 80 13 37
642 23 396 100 16 39
642 24 408 95 16 42
642 25 459 217 29 67
642 26 440 221 26 66
642 27 606 340 50 88
642 29 131 107 28 47
642 31 215 105 20 42
642 30 216 106 20 42
642 37 356 115 20 48
642 38 236 16 20 11
642 38 34 24 13 27
642 43 150 44 11 26
642 44 156 43 12 25
642 50 348 57 12 30
643 1 290 274 29 83
643 2 273 282 24 76
643 3 265 264 23 79
643 6 647 100 16 39
643 7 647 99 16 41
643 8 142 35 13 24
643 9 137 35 11 25
643 10 126 36 13 28
643 13 217 69 19 34
643 14 211 82 15 37
643 15 257 104 16 44
643 16 271 106 18 41
643 17 248 105 15 46
643 18 220 111 19 46
643 19 234 108 17 44
643 20 226 80 13 37
643 23 396 100 17 39
643 24 408 95 17 42
643 25 458 217 29 66
643 26 440 221 25 65
643 27 604 339 50 89
643 29 130 107 29 45
643 31 217 107 17 41
643 30 217 108 16 40
643 37 357 115 21 48
643 38 236 16 20 11
643 38 34 24 13 27
643 43 150 44 11 26
643 44 156 43 12 25
643 50 348 57 12 30
644 1 290 274 29 83
644 2 273 282 24 76
644 3 265 264 23 79
644 6 647 100 14 39
644 7 647 98 16 42
644 8 141 35 13 24
644 9 137 35 11 25
644 10 126 36 13 28
644 13 217 69 18 34
644 14 211 82 15 37
644 15 256 103 16 44
644 16 271 106 18 41
644 17 247 104 15 47
644 18 223 110 16 43
644 19 233 107 17 44
644 20 225 80 13 37
644 23 394 99 17 39
644 24 407 95 17 42
644 25 457 216 29 66
644 26 438 220 26 66
644 27 606 338 47 86
644 28 634 328 33 98
644 29 129 107 29 45
644 31 214 103 17 44
644 30 215 105 15 42
644 37 358 115 21 48
644 38 236 16 20 11
644 38 34 24 13 27
644 43 150 44 11 26
644 44 156 43 12 25
644 50 348 57 12 30
645 1 290 274 29 83
645 2 273 282 24 76
645 3 265 264 23 78
645 6 648 100 14 38
645 7 648 98 16 42
645 8 141 35 12 24
645 9 137 35 11 25
645 10 126 36 13 28
645 13 216 68 19 34
645 14 209 81 16 38
645 15 256 103 16 44
645 16 271 106 15 39
645 17 247 104 15 46
645 18 223 110 16 43
645 19 232 107 18 45
645 20 225 79 13 37
645 23 396 98 14 40
645 24 407 94 17 43
645 25 456 215 29 67
645 26 437 220 26 66
645 27 606 336 46 91
645 28 632 331 36 91
645 29 131 107 25 46
645 31 214 106 16 42
645 30 214 106 14 42
645 37 359 115 20 47
645 38 236 16 20 11
645 38 34 24 13 27
645 43 150 44 11 26
645 44 156 43 12 25
645 50 348 57 12 30
646 1 290 274 29 83
646 2 273 283 24 76
646 3 266 264 23 79
646 6 648 100 14 39
646 7 648 98 16 41
646 8 141 35 13 24
646 9 137 35 11 25
646 10 126 36 12 27
646 13 216 69 18 30
646 14 208 81 16 38
646 15 255 102 16 45
646 16 270 106 15 39
646 17 246 103 15 45
646 18 223 110 16 43
646 19 233 107 17 44
646 20 225 79 13 37
646 23 396 98 14 40
646 24 406 94 17 43
646 25 455 214 30 69
646 26 436 219 26 66
646 27 604 335 46 87
646 28 630 330 35 91
646 29 130 107 25 46
646 31 211 108 18 39
646 30 211 106 18 42
646 37 359 115 20 48
646 38 236 16 20 11
646 38 34 24 13 27
646 43 150 44 11 26
646 44 156 43 12 25
646 50 348 57 12 30
647 1 291 274 29 83
647 2 274 283 24 75
647 3 266 264 23 79
647 6 648 100 14 38
647 7 651 98 15 39
647 8 141 34 14 28
647 9 136 35 11 25
647 10 126 36 12 27
647 13 216 69 18 30
647 14 210 81 15 37
647 15 255 102 16 46
647 16 270 105 15 39
647 17 246 103 15 45
647 18 223 110 16 43
647 19 233 107 17 45
647 20 225 79 13 36
647 23 395 98 14 40
647 24 406 94 17 43
647 25 457 214 28 65
647 26 436 219 26 65
647 27 604 334 43 89
647 28 627 329 41 91
647 29 129 107 22 47
647 31 210 105 19 42
647 30 210 107 19 41
647 37 360 116 20 47
647 38 236 16 20 11
647 38 34 24 13 27
647 43 151 44 11 26
647 44 157 43 12 25
647 50 348 57 12 30
648 1 291 274 29 83
648 2 274 283 24 75
648 3 266 264 23 79
648 8 141 34 14 28
648 9 136 35 11 25
648 10 126 36 12 27
648 13 216 69 17 30
648 14 210 81 15 37
648 15 255 102 16 46
648 16 270 105 15 39
648 17 246 103 15 45
648 18 223 110 16 43
648 19 233 107 17 45
648 20 225 79 13 36
648 23 395 98 14 40
648 24 406 94 15 42
648 25 457 214 28 65
648 26 436 219 26 65
648 27 602 334 44 88
648 28 627 329 43 91
648 29 129 107 22 47
648 31 210 106 20 41
648 30 210 108 19 40
648 37 360 116 20 47
648 38 236 16 20 11
648 38 34 24 13 27
648 43 151 44 11 26
648 44 157 43 12 25
648 50 348 57 12 30
649 1 290 274 29 83
649 2 274 283 24 75
649 3 265 264 23 79
649 8 141 34 14 28
649 9 136 35 11 25
649 10 126 36 12 27
649 13 216 69 17 30
649 14 209 81 15 37
649 15 255 102 15 43
649 16 270 105 16 41
649 17 245 102 15 47
649 18 223 109 16 43
649 19 233 107 17 45
649 20 225 79 13 36
649 23 395 98 14 40
649 24 405 94 15 42
649 25 456 213 28 65
649 26 435 219 25 65
649 27 603 332 41 88
649 28 625 328 44 92
649 29 128 107 20 47
649 31 210 106 19 41
649 30 210 107 17 41
649 37 361 117 20 47
649 38 236 16 20 11
649 38 34 24 13 27
649 43 151 44 11 26
649 44 157 43 12 25
649 50 348 57 12 30
650 1 291 274 29 83
650 2 274 283 24 75
650 3 265 264 23 78
650 8 141 34 14 28
650 9 136 35 11 25
650 10 126 36 12 27
650 13 216 69 17 30
650 14 209 81 15 37
650 15 254 101 16 46
650 16 269 104 15 40
650 17 245 102 16 49
650 18 223 108 16 44
650 19 231 107 17 45
650 20 224 78 13 37
650 23 394 99 14 39
650 24 405 94 15 42
650 25 456 213 28 66
650 26 434 219 25 67
650 27 602 332 39 88
650 28 621 327 50 97
650 29 126 107 20 47
650 31 209 107 18 39
650 30 209 109 18 39
650 37 361 118 20 47
650 38 236 16 20 11
650 38 34 24 13 27
650 43 151 44 11 26
650 44 157 43 12 25
650 50 348 57 12 30
651 1 291 274 29 83
651 2 274 283 24 75
651 3 265 266 21 77
651 8 141 34 14 28
651 9 136 35 11 25
651 10 126 36 12 27
651 13 215 68 17 31
651 14 209 81 15 37
651 15 254 101 16 45
651 16 269 104 15 40
651 17 245 102 15 47
651 18 222 108 16 44
651 19 231 107 17 45
651 20 224 78 13 37
651 23 394 99 14 38
651 24 405 94 15 42
651 25 455 212 29 67
651 26 433 218 25 67
651 27 596 330 44 88
651 28 620 326 47 97
651 29 124 107 21 47
651 31 211 103 17 44
651 30 210 105 17 44
651 37 362 118 20 47
651 38 236 16 20 11
651 38 33 22 13 28
651 43 151 44 11 26
651 44 157 43 12 25
651 50 348 57 12 30
652 1 291 274 29 83
652 2 274 283 24 75
652 3 265 266 21 77
652 8 141 34 14 29
652 9 136 35 11 25
652 10 126 36 12 27
652 13 215 68 18 31
652 14 208 81 15 37
652 15 253 101 16 44
652 16 268 104 15 39
652 17 245 102 15 47
652 18 222 108 16 44
652 19 231 107 17 45
652 20 224 78 12 36
652 23 393 97 14 40
652 24 404 93 15 42
652 25 452 212 28 65
652 26 433 218 25 68
652 27 595 329 44 91
652 28 614 325 50 98
652 29 123 107 21 47
652 31 209 104 17 44
652 30 208 106 18 43
652 37 363 119 20 47
652 38 236 16 20 11
652 38 33 22 13 28
652 43 151 44 11 26
652 44 158 44 12 25
652 50 348 57 12 30
653 1 291 274 29 83
653 2 275 283 24 75
653 3 265 267 21 77
653 8 141 34 14 29
653 9 136 33 11 26
653 10 126 36 12 27
653 13 216 68 18 31
653 14 208 81 15 37
653 15 253 101 16 44
653 16 268 104 15 39
653 17 244 102 15 47
653 18 222 108 16 44
653 19 230 107 17 45
653 20 224 78 13 37
653 23 393 99 13 37
653 24 403 94 15 42
653 25 451 211 27 65
653 26 427 217 29 67
653 27 593 328 42 91
653 28 613 323 50 99
653 29 119 107 24 48
653 31 208 105 17 43
653 30 207 105 18 44
653 37 364 119 20 47
653 38 236 16 20 11
653 38 33 22 13 28
653 43 152 44 11 26
653 44 158 44 12 25
653 50 348 57 12 30
654 1 291 274 29 83
654 2 274 284 23 74
654 3 265 267 21 77
654 8 141 34 12 25
654 9 136 33 11 26
654 10 126 36 12 27
654 13 216 68 18 31
654 14 208 81 15 37
654 15 253 101 16 44
654 16 268 104 15 39
654 17 244 102 15 47
654 18 222 108 16 44
654 19 230 107 17 45
654 20 224 78 13 37
654 23 393 99 13 37
654 24 404 94 15 42
654 25 451 211 27 65
654 26 427 217 29 67
654 27 593 328 42 91
654 28 613 323 50 99
654 29 119 107 24 48
654 31 208 104 17 44
654 30 207 106 18 43
654 37 364 119 20 47
654 38 236 16 20 11
654 38 33 22 13 28
654 43 152 44 11 26
654 44 158 44 12 25
654 50 348 57 12 30
655 1 291 274 29 83
655 2 274 284 23 74
655 3 265 267 21 76
655 8 141 34 12 25
655 9 136 33 11 26
655 10 126 36 12 27
655 13 216 68 18 31
655 14 208 81 15 37
655 15 252 101 17 44
655 16 268 104 15 39
655 17 244 102 15 47
655 18 222 108 16 44
655 19 230 107 17 43
655 20 223 77 13 37
655 23 392 97 14 39
655 24 403 94 15 41
655 25 450 211 27 64
655 26 426 216 29 67
655 27 591 327 42 92
655 28 611 322 49 98
655 29 118 107 24 48
655 31 208 105 17 43
655 30 207 106 18 43
655 37 365 119 20 47
655 38 236 16 20 11
655 38 33 22 13 28
655 43 152 44 11 26
655 44 158 44 12 25
655 50 348 57 12 30
656 1 291 274 29 83
656 2 274 285 23 73
656 3 265 267 21 76
656 8 141 34 12 25
656 9 136 33 11 26
656 10 126 36 12 27
656 13 215 67 18 31
656 14 207 81 15 37
656 15 252 101 17 43
656 16 265 104 18 41
656 17 243 104 15 41
656 18 222 107 16 44
656 19 230 107 17 43
656 20 223 77 13 38
656 23 391 98 14 38
656 24 401 94 17 42
656 25 447 211 29 67
656 26 426 216 29 67
656 27 589 325 44 94
656 28 609 321 48 98
656 29 117 107 26 47
656 31 207 104 17 44
656 30 205 106 19 42
656 37 365 119 20 48
656 38 236 16 20 11
656 38 33 22 13 28
656 43 152 44 11 27
656 44 160 44 11 25
656 50 348 57 12 30
657 1 291 274 29 83
657 2 275 283 24 75
657 3 265 268 21 75
657 8 140 34 12 25
657 9 135 33 11 26
657 10 126 36 12 27
657 13 215 67 18 31
657 14 207 81 15 37
657 15 251 101 17 43
657 16 265 104 18 41
657 17 243 104 15 41
657 18 222 107 16 44
657 19 230 107 17 43
657 20 222 77 13 38
657 23 391 96 14 39
657 24 400 94 17 42
657 25 446 211 29 67
657 26 426 216 27 62
657 27 591 324 40 91
657 28 607 319 49 98
657 29 116 106 26 48
657 31 206 105 17 43
657 30 204 106 19 45
657 37 366 119 20 48
657 38 236 16 20 11
657 38 33 22 13 28
657 43 152 44 11 26
657 44 160 44 11 25
657 50 348 57 12 30
658 1 291 274 29 83
658 2 275 283 24 75
658 3 265 268 21 76
658 8 140 34 12 25
658 9 135 33 11 26
658 10 125 35 12 28
658 13 215 67 18 31
658 14 206 80 15 37
658 15 251 101 17 43
658 16 264 104 18 41
658 17 242 104 15 41
658 18 221 107 17 45
658 19 229 106 17 44
658 20 222 76 13 38
658 23 390 96 14 39
658 24 400 94 17 42
658 25 445 210 29 68
658 26 425 215 27 63
658 27 589 323 41 89
658 28 611 318 44 96
658 29 115 106 26 48
658 31 205 104 18 44
658 30 202 105 20 45
658 37 366 119 20 48
658 38 236 16 20 11
658 38 33 22 13 28
658 43 152 44 12 26
658 44 160 44 11 25
658 45 650 110 10 43
658 50 348 57 12 30
659 1 291 274 29 83
659 2 275 283 24 75
659 3 265 269 20 75
659 8 140 34 12 25
659 9 135 33 11 26
659 10 125 35 12 28
659 13 216 67 15 30
659 14 205 79 15 38
659 15 250 101 18 45
659 16 263 104 18 42
659 17 242 104 15 41
659 18 221 107 17 45
659 19 229 106 17 44
659 20 222 76 13 38
659 23 390 96 13 38
659 24 399 93 18 41
659 25 445 210 29 68
659 26 424 214 30 63
659 27 588 322 42 84
659 28 608 317 42 94
659 29 114 109 25 45
659 31 203 103 19 45
659 30 201 105 21 45
659 37 367 119 21 48
659 38 236 16 20 11
659 38 33 22 13 28
659 43 152 44 12 26
659 44 161 44 11 25
659 45 648 110 14 43
659 50 348 57 12 30
660 1 291 274 29 83
660 2 274 286 23 72
660 3 265 269 20 75
660 8 140 34 12 25
660 9 135 33 11 26
660 10 125 35 12 28
660 13 215 67 16 31
660 14 206 79 14 39
660 15 250 101 18 45
660 16 263 104 19 41
660 17 242 103 15 41
660 18 221 107 17 45
660 19 229 106 17 43
660 20 222 76 13 38
660 23 390 96 13 38
660 24 399 93 18 41
660 25 445 210 29 68
660 26 424 214 30 63
660 27 588 322 42 84
660 28 608 317 42 94
660 29 114 112 23 41
660 31 205 109 18 39
660 30 201 109 18 41
660 37 367 119 20 46
660 38 236 16 20 11
660 38 33 22 13 28
660 43 152 44 12 26
660 44 161 44 11 25
660 45 648 110 16 43
660 50 348 57 12 30
661 1 293 274 27 83
661 2 275 283 24 76
661 3 265 269 20 75
661 8 140 34 12 25
661 9 135 33 11 26
661 10 125 36 12 27
661 13 215 67 16 30
661 14 205 79 15 38
661 15 250 101 18 45
661 16 263 104 19 41
661 17 240 103 16 42
661 18 221 107 16 46
661 19 230 105 17 42
661 20 219 76 14 38
661 23 390 96 13 38
661 24 398 93 18 41
661 25 444 209 29 66
661 26 423 213 30 63
661 27 587 321 41 84
661 28 607 316 43 89
661 29 113 105 23 48
661 31 204 109 18 39
661 30 200 109 18 41
661 37 367 119 21 50
661 38 237 16 20 11
661 38 33 22 13 28
661 43 153 44 13 26
661 44 161 44 11 25
661 45 645 110 19 43
661 50 348 57 12 30
662 1 293 274 27 83
662 2 276 283 24 75
662 3 264 269 20 74
662 8 139 34 11 25
662 9 135 33 11 26
662 10 125 36 12 27
662 13 215 67 16 30
662 14 204 79 16 39
662 15 249 100 18 45
662 16 262 104 19 41
662 17 240 103 16 41
662 18 221 107 17 45
662 19 230 105 17 42
662 20 219 76 14 38
662 23 388 96 14 38
662 24 398 93 18 40
662 25 443 209 29 66
662 26 423 213 30 64
662 27 586 319 41 84
662 28 606 315 43 89
662 29 111 106 24 47
662 31 203 109 18 39
662 30 200 109 18 41
662 37 368 121 20 48
662 38 237 16 20 11
662 38 33 22 13 28
662 43 153 44 13 25
662 44 161 44 11 25
662 45 645 110 19 43
662 50 348 57 12 30
663 1 293 274 27 83
663 2 276 283 24 75
663 3 265 269 20 75
663 8 139 34 11 25
663 9 134 33 11 26
663 10 125 36 12 27
663 13 214 67 16 30
663 14 205 78 15 38
663 15 249 100 18 46
663 16 262 103 19 41
663 17 239 102 16 42
663 18 221 106 17 45
663 19 229 105 17 42
663 20 219 76 14 37
663 23 385 97 17 37
663 24 398 92 18 41
663 25 441 208 30 66
663 26 422 213 31 64
663 27 585 319 37 82
663 28 604 314 42 89
663 29 111 105 24 48
663 31 203 109 18 40
663 30 199 109 18 42
663 37 369 122 20 47
663 38 237 16 20 11
663 38 33 22 13 28
663 43 153 44 13 25
663 44 161 44 11 25
663 45 644 110 20 43
663 50 348 57 12 30
664 1 293 274 27 83
664 2 275 283 24 75
664 3 264 269 20 74
664 8 139 34 11 25
664 9 134 33 11 26
664 10 125 36 12 27
664 13 214 67 16 30
664 14 205 78 15 38
664 15 249 99 16 44
664 16 261 103 19 39
664 17 238 101 17 44
664 18 221 106 15 45
664 19 228 104 16 43
664 20 218 76 14 37
664 23 385 97 17 37
664 24 397 92 18 41
664 25 444 207 26 67
664 26 421 213 29 62
664 27 584 319 37 81
664 28 602 313 43 86
664 29 110 105 20 49
664 31 200 110 18 39
664 30 197 109 18 42
664 37 369 123 20 47
664 38 237 16 20 11
664 38 33 22 13 28
664 43 153 44 14 27
664 44 162 43 11 25
664 45 644 110 18 43
664 50 348 57 12 30
665 1 293 274 27 83
665 2 276 283 24 75
665 3 264 269 20 74
665 8 139 34 11 25
665 9 134 32 11 26
665 10 125 36 12 27
665 13 214 67 16 31
665 14 204 78 15 38
665 15 249 99 16 44
665 16 260 103 19 39
665 17 238 102 16 41
665 18 221 106 15 45
665 19 228 104 16 43
665 20 218 76 14 37
665 23 384 94 17 41
665 24 397 92 18 41
665 25 443 206 26 67
665 26 420 213 30 62
665 27 577 318 37 82
665 28 600 312 43 86
665 29 109 105 20 50
665 31 200 109 18 40
665 30 196 109 18 42
665 37 370 123 19 46
665 38 237 16 20 11
665 38 33 22 13 28
665 43 153 44 14 27
665 44 162 44 11 25
665 45 639 110 23 43
665 50 348 57 12 30
666 1 293 274 27 83
666 2 276 283 24 75
666 3 264 269 20 74
666 8 139 33 11 25
666 9 134 32 11 26
666 10 125 36 12 27
666 13 214 67 16 31
666 14 204 78 15 38
666 15 249 99 16 44
666 16 260 103 19 39
666 17 238 102 16 41
666 18 221 106 15 45
666 19 228 104 16 43
666 20 218 76 14 37
666 23 384 94 17 41
666 24 397 92 18 41
666 25 443 206 26 67
666 26 420 213 30 62
666 27 577 318 37 82
666 28 600 312 43 86
666 29 108 105 21 50
666 31 200 109 18 40
666 30 196 109 18 42
666 37 370 123 19 46
666 38 237 16 20 11
666 38 33 22 13 28
666 43 153 44 14 27
666 44 162 44 11 25
666 45 639 110 21 43
666 50 348 57 12 30
667 1 293 274 27 83
667 2 276 283 24 75
667 3 264 269 20 74
667 8 138 32 11 26
667 9 134 32 11 26
667 10 125 35 12 27
667 13 213 67 16 31
667 14 204 78 15 38
667 15 248 98 16 44
667 16 260 102 19 39
667 17 238 101 16 41
667 18 220 104 15 46
667 19 227 104 16 43
667 20 218 76 14 37
667 23 383 94 17 41
667 24 396 92 18 41
667 25 443 208 26 63
667 26 418 213 31 63
667 27 569 317 46 82
667 28 598 311 44 88
667 29 107 105 21 50
667 31 199 109 18 40
667 30 194 109 18 42
667 37 371 124 20 48
667 38 237 16 20 11
667 38 33 22 13 28
667 43 153 44 14 27
667 44 162 44 11 25
667 45 639 110 21 43
667 50 348 57 12 30
668 1 293 274 27 83
668 2 274 285 23 73
668 3 264 270 20 74
668 8 138 32 11 26
668 9 134 32 11 26
668 10 125 35 12 27
668 13 213 66 16 31
668 14 203 78 15 38
668 15 248 98 16 44
668 16 260 102 19 39
668 17 237 101 16 42
668 18 220 104 15 46
668 19 227 104 16 42
668 20 217 76 14 37
668 23 386 94 15 38
668 24 395 92 18 41
668 25 441 208 27 63
668 26 417 213 31 63
668 27 568 317 46 82
668 28 585 310 56 90
668 29 103 105 25 51
668 31 197 109 15 41
668 30 192 109 18 42
668 37 372 124 20 48
668 38 237 16 20 11
668 38 33 21 13 28
668 43 154 44 14 27
668 44 163 44 11 25
668 45 638 111 21 42
668 50 348 57 12 30
669 1 293 274 27 83
669 2 276 284 23 74
669 3 264 270 20 74
669 8 138 32 11 26
669 9 132 32 12 26
669 10 125 35 12 27
669 13 213 66 16 31
669 14 204 78 15 38
669 15 248 98 16 44
669 16 261 100 18 40
669 17 237 101 16 41
669 18 220 104 15 46
669 19 227 104 16 42
669 20 217 76 13 36
669 23 385 94 15 38
669 24 395 91 18 42
669 25 442 207 26 64
669 26 417 213 31 63
669 27 567 316 44 81
669 28 584 309 56 90
669 29 100 105 28 51
669 31 196 109 15 41
669 30 192 109 19 42
669 37 372 124 20 48
669 38 237 16 20 11
669 38 31 21 14 28
669 43 154 44 14 27
669 44 163 44 11 25
669 45 637 111 22 43
669 50 348 57 12 30
670 1 293 274 27 83
670 2 276 283 24 75
670 3 264 270 20 74
670 8 138 32 11 26
670 9 132 32 12 26
670 10 125 35 12 27
670 13 212 66 16 32
670 14 202 78 15 37
670 15 248 98 16 43
670 16 261 100 18 40
670 17 237 101 16 41
670 18 220 104 14 44
670 19 226 104 15 42
670 20 217 76 13 36
670 23 385 93 15 38
670 24 394 91 18 41
670 25 440 207 27 64
670 26 416 212 31 64
670 27 564 315 45 80
670 28 581 308 56 90
670 29 99 105 28 51
670 31 194 109 17 42
670 30 191 109 19 42
670 37 373 124 21 49
670 38 237 16 20 11
670 38 33 21 13 28
670 43 154 44 14 28
670 44 162 44 11 26
670 45 637 111 22 43
670 50 348 57 12 30
671 1 293 274 27 83
671 2 276 283 24 75
671 3 264 270 20 74
671 8 138 32 11 26
671 9 132 32 12 26
671 10 125 33 12 26
671 13 212 65 18 32
671 14 202 78 15 37
671 15 247 98 16 43
671 16 260 100 18 40
671 17 237 101 16 41
671 18 219 104 15 44
671 19 226 102 15 42
671 20 218 78 13 36
671 23 384 93 15 38
671 24 394 91 18 41
671 25 438 207 28 65
671 26 415 212 31 63
671 27 563 314 45 81
671 28 579 308 55 89
671 29 97 104 30 53
671 31 198 108 16 39
671 30 190 109 18 41
671 37 374 124 21 51
671 38 237 16 20 11
671 38 31 21 14 28
671 43 155 44 14 27
671 44 163 44 11 25
671 45 636 111 21 43
671 50 348 57 12 30
672 1 293 274 27 83
672 2 275 285 23 73
672 3 264 270 20 74
672 8 138 32 11 26
672 9 132 32 12 26
672 10 125 33 12 26
672 13 212 65 18 32
672 14 202 78 15 37
672 15 247 98 16 43
672 16 260 100 18 40
672 17 237 101 16 41
672 18 219 104 15 45
672 19 226 102 16 43
672 20 218 78 13 36
672 23 384 93 15 38
672 24 394 91 18 41
672 25 438 207 28 65
672 26 415 212 31 63
672 27 563 314 45 81
672 28 579 308 55 89
672 29 97 104 30 53
672 31 198 108 16 39
672 30 191 109 19 42
672 37 374 124 20 48
672 38 237 16 20 11
672 38 31 21 14 28
672 43 154 44 14 28
672 44 163 44 11 25
672 45 638 111 22 43
672 50 348 57 12 30
673 1 294 274 27 83
673 2 276 284 23 74
673 3 264 270 20 74
673 8 137 34 11 25
673 9 131 32 12 26
673 10 125 33 12 26
673 13 212 65 18 32
673 14 201 77 17 38
673 15 249 98 14 42
673 16 260 100 18 40
673 17 238 101 14 41
673 18 219 104 14 44
673 19 225 102 16 43
673 20 218 78 13 36
673 23 384 93 15 38
673 24 394 91 18 41
673 25 437 207 28 65
673 26 414 211 32 65
673 27 565 312 40 81
673 28 578 306 52 88
673 29 97 104 30 53
673 31 197 108 16 39
673 30 189 109 18 41
673 37 375 124 20 48
673 38 237 16 20 11
673 38 31 21 14 28
673 43 156 44 13 27
673 44 163 44 11 25
673 45 638 111 22 43
673 50 348 57 12 31
674 1 294 274 27 83
674 2 276 283 24 75
674 3 264 269 20 74
674 8 137 34 11 25
674 9 131 32 12 26
674 10 125 33 12 26
674 13 212 65 18 31
674 14 201 78 16 37
674 15 247 98 16 43
674 16 259 100 18 40
674 17 238 101 14 41
674 18 219 103 15 45
674 19 225 102 15 43
674 20 217 77 13 36
674 23 383 93 15 38
674 24 393 91 17 42
674 25 437 206 28 66
674 26 413 210 30 63
674 27 564 311 40 81
674 28 576 305 52 88
674 29 98 108 25 45
674 31 197 108 16 39
674 30 188 109 18 41
674 37 375 124 20 48
674 38 237 16 20 11
674 38 31 21 14 28
674 43 156 44 12 27
674 44 163 44 11 25
674 45 637 111 22 43
674 50 348 57 12 31
675 1 294 274 27 83
675 2 276 283 24 75
675 3 265 269 20 75
675 8 137 34 11 25
675 9 131 32 12 26
675 10 125 33 12 26
675 13 212 65 17 31
675 14 201 78 16 38
675 15 246 98 15 43
675 16 259 100 18 40
675 17 238 101 14 41
675 18 219 103 15 45
675 19 224 101 16 43
675 20 217 77 13 36
675 23 383 93 15 39
675 24 393 91 17 42
675 25 436 206 28 64
675 26 412 210 30 63
675 27 566 310 36 80
675 28 579 304 46 87
675 29 96 108 26 44
675 31 195 108 14 38
675 30 187 109 18 40
675 37 376 124 20 48
675 38 237 16 20 11
675 38 31 21 14 28
675 43 156 44 12 27
675 44 163 44 11 25
675 45 636 111 20 42
675 50 347 57 12 31
676 1 294 274 27 83
676 2 276 282 24 76
676 3 261 267 23 76
676 8 137 32 11 26
676 9 131 32 12 26
676 10 125 33 12 26
676 13 212 65 17 31
676 14 200 77 17 38
676 15 246 98 16 43
676 16 259 100 18 40
676 17 237 100 14 41
676 18 218 107 16 41
676 19 224 101 16 43
676 20 217 76 13 37
676 23 382 92 15 38
676 24 392 90 18 39
676 25 435 206 28 64
676 26 412 209 30 63
676 27 565 308 37 81
676 28 577 302 47 88
676 29 93 108 24 46
676 31 195 108 14 38
676 30 186 109 18 42
676 37 377 124 20 48
676 38 237 16 20 11
676 38 31 21 14 28
676 43 156 44 12 27
676 44 164 44 11 25
676 45 634 111 22 42
676 50 347 57 12 31
677 1 294 274 27 83
677 2 275 282 24 76
677 3 261 267 23 76
677 8 137 32 11 26
677 9 130 32 12 25
677 10 124 33 12 26
677 13 212 65 17 30
677 14 200 76 17 39
677 15 246 96 16 44
677 16 258 99 17 42
677 17 237 100 14 40
677 18 217 107 16 41
677 19 224 101 16 43
677 20 216 76 13 37
677 23 381 92 15 38
677 24 391 90 18 39
677 25 435 205 28 65
677 26 412 209 30 63
677 27 564 307 34 77
677 28 580 301 41 86
677 29 92 108 24 46
677 31 194 108 14 38
677 30 185 109 18 40
677 37 377 125 21 50
677 38 237 16 20 11
677 38 31 21 14 28
677 43 157 44 12 27
677 44 164 44 11 25
677 45 633 110 23 45
677 50 347 57 12 31
678 1 294 274 27 83
678 2 275 282 24 76
678 3 261 267 23 76
678 8 137 32 11 26
678 9 130 32 12 25
678 10 124 33 12 26
678 13 212 65 17 30
678 14 200 77 16 38
678 15 246 96 16 44
678 16 258 99 17 42
678 17 237 100 14 40
678 18 217 107 16 41
678 19 224 101 16 43
678 20 216 76 13 37
678 23 381 92 15 38
678 24 391 90 18 39
678 25 435 205 28 65
678 26 412 209 30 63
678 27 564 307 34 77
678 28 580 301 41 86
678 29 92 108 24 46
678 31 194 108 14 38
678 30 185 109 17 38
678 37 377 125 21 50
678 38 237 16 20 11
678 38 31 21 14 28
678 43 157 44 12 27
678 44 164 44 11 25
678 45 637 107 17 47
678 50 347 57 12 31
679 1 294 274 27 83
679 2 276 284 23 74
679 3 261 267 23 76
679 8 137 32 11 26
679 9 130 32 12 25
679 10 124 33 12 26
679 13 212 65 17 30
679 14 200 77 16 37
679 15 245 96 16 44
679 16 258 99 17 42
679 17 237 98 14 42
679 18 217 107 16 41
679 19 224 101 16 43
679 20 217 77 13 36
679 23 380 92 16 38
679 24 393 89 16 39
679 25 434 205 28 65
679 26 412 209 30 63
679 27 563 306 34 76
679 28 579 300 41 86
679 29 90 108 24 46
679 31 193 108 14 38
679 30 184 109 17 38
679 37 378 125 21 50
679 38 237 16 20 11
679 38 31 21 14 28
679 43 157 44 12 27
679 44 164 44 11 25
679 45 636 107 17 47
679 50 347 57 12 31
680 1 294 274 27 83
680 2 276 283 24 75
680 3 261 267 23 76
680 8 136 32 11 26
680 9 130 32 12 25
680 10 124 33 12 26
680 13 211 65 17 31
680 14 198 76 17 39
680 15 244 95 17 44
680 16 257 98 17 42
680 17 236 98 14 43
680 18 217 105 16 42
680 19 223 101 15 42
680 20 216 77 13 36
680 23 379 92 16 38
680 24 393 89 16 39
680 25 434 204 28 64
680 26 411 208 30 63
680 27 560 305 33 76
680 28 577 299 41 86
680 29 89 108 24 46
680 31 191 108 14 38
680 30 184 109 17 38
680 37 380 128 20 47
680 38 237 16 20 11
680 38 31 21 14 28
680 43 157 44 12 27
680 44 164 44 11 25
680 45 636 107 17 47
680 50 347 57 12 31
681 1 294 274 27 83
681 2 276 284 23 74
681 3 261 267 23 76
681 8 136 32 11 26
681 9 130 32 12 25
681 10 124 32 12 26
681 13 211 64 17 31
681 14 199 76 16 38
681 15 244 95 17 44
681 16 257 98 17 43
681 17 236 97 14 42
681 18 216 105 16 42
681 19 223 101 15 41
681 20 214 75 13 37
681 23 379 91 16 39
681 24 392 88 15 40
681 25 434 204 27 62
681 26 410 208 29 62
681 27 559 305 33 75
681 28 580 298 40 86
681 29 88 108 25 47
681 31 190 108 14 38
681 30 182 109 17 38
681 37 381 128 20 47
681 38 237 16 20 11
681 38 31 21 14 28
681 43 157 44 12 27
681 44 164 44 11 25
681 45 635 107 16 47
681 50 347 57 12 31
682 1 294 274 27 83
682 2 276 285 23 73
682 3 261 266 23 77
682 8 136 32 11 26
682 9 130 32 12 25
682 10 124 32 12 26
682 13 210 64 17 31
682 14 199 77 16 37
682 15 243 95 17 44
682 16 256 97 17 43
682 17 236 97 14 43
682 18 216 105 16 42
682 19 222 101 15 41
682 20 214 75 13 37
682 23 378 91 17 40
682 24 392 88 15 40
682 25 434 203 28 62
682 26 409 208 28 60
682 27 556 304 34 80
682 28 579 297 40 87
682 29 87 108 22 45
682 31 189 109 13 35
682 30 181 109 17 38
682 37 381 130 20 46
682 38 237 16 20 11
682 38 31 21 15 28
682 43 157 44 12 27
682 44 164 44 11 25
682 45 630 108 21 46
682 50 347 57 12 31
683 1 294 274 27 83
683 2 276 283 24 75
683 3 261 266 23 77
683 8 136 32 11 26
683 9 129 31 12 25
683 10 124 32 12 26
683 13 210 64 17 31
683 14 198 77 16 37
683 15 243 94 17 44
683 16 256 97 15 42
683 17 235 97 14 43
683 18 214 104 16 43
683 19 221 101 15 41
683 20 213 75 13 37
683 23 378 91 16 38
683 24 391 88 15 39
683 25 434 202 28 62
683 26 405 207 31 65
683 27 555 304 33 78
683 28 577 297 39 86
683 29 86 108 26 46
683 31 188 108 19 39
683 30 180 109 17 38
683 37 382 130 20 47
683 38 237 16 20 11
683 38 31 21 15 28
683 43 157 44 12 27
683 44 164 44 11 25
683 45 630 108 21 46
683 50 347 57 12 31
684 1 294 274 27 83
684 2 276 284 23 74
684 3 261 266 23 77
684 8 136 32 11 26
684 9 129 31 12 28
684 10 124 32 12 26
684 13 210 64 17 31
684 14 198 77 16 37
684 15 243 94 17 44
684 16 256 97 15 42
684 17 235 97 14 43
684 18 214 104 16 43
684 19 221 100 16 45
684 20 213 75 13 37
684 23 378 91 16 38
684 24 391 88 15 40
684 25 434 202 27 62
684 26 411 207 25 65
684 27 555 304 33 78
684 28 578 296 40 87
684 29 86 108 26 46
684 31 188 108 19 39
684 30 180 109 17 38
684 37 382 130 21 47
684 38 237 16 20 11
684 38 31 21 15 28
684 43 157 44 12 27
684 44 164 44 11 25
684 45 630 108 21 46
684 50 347 57 12 31
685 1 294 274 27 83
685 2 276 283 24 75
685 3 260 266 23 77
685 8 135 32 11 26
685 9 129 31 12 28
685 10 123 32 12 26
685 13 210 62 17 33
685 14 196 76 17 40
685 15 243 94 16 44
685 16 256 97 15 42
685 17 235 97 14 43
685 18 215 104 16 41
685 19 220 100 16 45
685 20 213 74 13 37
685 23 378 91 16 38
685 24 391 88 15 40
685 25 433 202 27 62
685 26 410 207 25 65
685 27 553 301 36 81
685 28 572 295 46 88
685 29 85 108 26 46
685 31 187 108 19 39
685 30 179 109 17 38
685 37 383 129 22 51
685 38 237 16 20 11
685 38 31 21 15 28
685 43 158 44 12 27
685 44 165 45 11 25
685 45 629 108 21 46
685 50 347 57 12 31
686 1 294 274 27 83
686 2 276 283 24 75
686 3 260 265 23 77
686 8 135 32 11 26
686 9 129 31 12 28
686 10 123 32 12 26
686 13 209 62 17 33
686 14 198 77 16 37
686 15 243 94 16 43
686 16 255 97 15 42
686 17 235 97 14 43
686 18 214 104 16 41
686 19 220 100 15 42
686 20 213 74 13 37
686 23 377 90 16 38
686 24 390 88 15 39
686 25 433 201 27 62
686 26 410 206 25 65
686 27 552 300 36 81
686 28 571 294 40 88
686 29 83 108 26 46
686 31 186 108 19 39
686 30 178 109 17 38
686 37 384 128 20 49
686 38 237 16 20 11
686 38 31 21 15 28
686 43 158 44 12 27
686 44 165 45 11 25
686 45 627 108 22 46
686 50 347 57 12 31
687 1 294 274 27 83
687 2 276 283 24 75
687 3 260 265 23 78
687 8 135 31 11 26
687 9 128 31 12 27
687 10 123 32 12 26
687 13 209 62 17 32
687 14 197 77 16 37
687 15 242 94 16 43
687 16 255 97 15 41
687 17 235 97 14 42
687 18 214 104 16 42
687 19 219 99 16 44
687 20 212 74 13 37
687 23 377 90 16 37
687 24 390 88 15 38
687 25 433 201 27 61
687 26 409 206 25 66
687 27 550 299 36 82
687 28 570 293 39 89
687 29 82 108 26 46
687 31 185 108 18 38
687 30 177 109 17 38
687 37 385 128 20 49
687 38 237 16 20 11
687 38 31 21 15 28
687 43 158 44 12 27
687 44 165 45 11 25
687 45 627 108 22 46
687 50 347 57 12 31
688 1 294 274 27 83
688 2 276 283 24 75
688 3 260 265 24 78
688 8 135 31 11 26
688 9 128 31 12 27
688 10 123 32 12 26
688 13 209 62 17 32
688 14 197 76 16 37
688 15 242 95 16 43
688 16 254 97 15 41
688 17 235 97 14 43
688 18 210 104 20 40
688 19 219 99 16 40
688 20 212 74 13 37
688 23 376 90 16 37
688 24 389 88 14 41
688 25 429 200 28 63
688 26 408 205 25 66
688 27 548 297 38 84
688 28 568 291 40 89
688 29 80 109 26 45
688 31 184 108 18 37
688 30 176 109 16 36
688 37 385 128 20 50
688 38 237 16 20 11
688 38 30 21 15 28
688 43 158 44 12 27
688 44 165 45 11 25
688 45 629 108 21 45
688 50 347 57 12 31
689 1 294 274 27 83
689 2 276 283 24 75
689 3 260 265 24 81
689 8 135 32 11 26
689 9 128 31 12 27
689 10 123 32 12 26
689 13 208 62 17 32
689 14 197 76 16 38
689 15 242 95 16 43
689 16 254 97 15 41
689 17 235 97 14 43
689 18 209 104 20 40
689 19 219 99 16 41
689 20 211 74 13 36
689 23 376 90 16 37
689 24 388 88 14 41
689 25 428 200 28 63
689 26 408 205 25 61
689 27 549 296 33 81
689 28 567 290 39 88
689 29 79 109 27 45
689 31 183 107 16 38
689 30 176 106 16 40
689 37 386 128 20 50
689 38 237 16 20 11
689 38 30 21 15 28
689 43 158 44 12 27
689 44 165 45 11 25
689 45 625 107 22 45
689 50 347 57 12 31
690 1 294 274 27 83
690 2 276 282 24 76
690 3 260 265 24 81
690 8 135 32 11 26
690 9 128 31 12 27
690 10 123 32 12 26
690 13 208 62 17 32
690 14 197 76 16 38
690 15 242 95 16 43
690 16 253 97 16 42
690 17 234 97 14 41
690 18 209 104 20 40
690 19 219 99 16 41
690 20 211 74 13 36
690 23 374 90 18 38
690 24 388 88 14 41
690 25 428 200 28 63
690 26 408 205 25 61
690 27 549 296 33 81
690 28 567 290 39 88
690 29 79 109 27 45
690 31 183 107 16 38
690 30 176 106 16 40
690 37 386 128 20 50
690 38 237 16 20 11
690 38 30 21 15 28
690 43 158 44 12 27
690 44 165 45 11 25
690 45 625 107 22 45
690 50 347 57 12 31
691 1 294 274 27 83
691 2 276 283 24 76
691 3 260 265 24 81
691 8 133 31 12 26
691 9 128 31 12 27
691 10 123 32 12 26
691 13 208 62 17 32
691 14 196 76 16 37
691 15 242 95 16 43
691 16 253 97 16 42
691 17 234 97 14 43
691 18 209 104 21 41
691 19 218 98 17 41
691 20 211 74 13 36
691 23 374 90 18 38
691 24 388 88 14 41
691 25 428 200 28 62
691 26 407 204 25 61
691 27 548 295 34 77
691 28 565 288 40 91
691 29 78 108 27 46
691 31 182 107 16 38
691 30 175 106 16 40
691 37 386 128 20 49
691 38 237 16 20 11
691 38 30 21 15 28
691 43 158 44 12 28
691 44 166 45 11 25
691 45 625 107 21 45
691 50 347 57 12 31
692 1 294 274 27 83
692 2 276 286 23 72
692 3 260 265 24 81
692 8 133 31 12 26
692 9 128 31 12 27
692 10 123 32 12 26
692 13 208 62 17 31
692 14 196 75 16 37
692 15 241 95 16 43
692 16 252 97 16 42
692 17 233 97 14 42
692 18 208 103 21 42
692 19 218 98 17 41
692 20 210 74 13 36
692 23 373 90 18 38
692 24 387 87 14 42
692 25 427 199 28 63
692 26 407 204 26 63
692 27 547 292 35 79
692 28 564 287 38 87
692 29 77 107 24 48
692 31 181 107 17 40
692 30 174 106 16 40
692 37 387 129 22 51
692 38 237 16 20 11
692 38 30 21 15 28
692 43 158 44 12 28
692 44 166 45 11 25
692 45 626 107 20 45
692 50 347 56 12 31
693 1 294 274 27 83
693 2 276 283 24 75
693 3 260 265 24 81
693 8 133 31 12 26
693 9 128 31 12 25
693 10 122 32 11 26
693 13 207 62 16 31
693 14 196 75 16 38
693 15 241 94 17 42
693 16 251 96 16 43
693 17 233 96 14 42
693 18 207 103 20 40
693 19 217 97 17 43
693 20 210 74 13 36
693 23 373 90 18 38
693 24 386 87 15 39
693 25 426 199 28 63
693 26 406 203 26 63
693 27 546 291 32 79
693 28 562 286 39 87
693 29 76 107 24 48
693 31 180 107 16 40
693 30 174 106 16 40
693 37 388 130 22 51
693 38 237 16 20 11
693 38 30 21 15 28
693 43 158 44 13 28
693 44 166 45 11 25
693 45 626 107 20 45
693 50 347 56 12 31
694 1 294 274 27 83
694 2 276 286 23 72
694 3 260 264 24 81
694 8 133 31 12 26
694 9 128 31 12 25
694 10 122 32 11 26
694 13 207 62 16 31
694 14 196 75 16 37
694 15 241 94 17 42
694 16 251 96 17 39
694 17 233 96 14 42
694 18 207 103 20 40
694 19 216 97 18 44
694 20 210 74 12 35
694 23 372 90 18 38
694 24 386 87 15 39
694 25 425 198 28 63
694 26 405 202 26 64
694 27 545 290 32 78
694 28 560 285 38 85
694 29 75 106 25 50
694 31 179 107 16 40
694 30 172 106 17 41
694 37 388 130 22 50
694 38 237 16 20 11
694 38 30 21 15 29
694 43 158 44 13 28
694 44 166 45 11 25
694 45 625 107 19 45
694 50 347 56 12 31
695 1 294 274 27 83
695 2 276 283 24 75
695 3 260 264 24 82
695 8 133 31 12 26
695 9 128 31 12 25
695 10 122 32 11 26
695 13 207 62 16 31
695 14 196 75 15 37
695 15 240 93 17 43
695 16 251 96 17 39
695 17 232 96 14 42
695 18 206 102 21 41
695 19 216 97 18 44
695 20 210 74 13 36
695 23 372 90 18 38
695 24 385 86 15 39
695 25 427 198 25 63
695 26 405 203 24 59
695 27 540 289 36 79
695 28 563 283 35 82
695 29 74 107 23 48
695 31 179 107 16 40
695 30 172 107 16 40
695 37 389 131 22 50
695 38 237 16 20 11
695 38 30 21 15 29
695 43 158 44 13 28
695 44 166 45 12 26
695 45 625 107 19 45
695 50 347 56 12 31
696 1 294 274 27 83
696 2 276 283 24 75
696 3 260 264 24 82
696 8 133 31 12 26
696 9 128 31 12 25
696 10 122 32 11 26
696 13 207 62 16 31
696 14 196 75 15 37
696 15 240 93 17 43
696 16 251 96 17 39
696 17 232 96 14 42
696 18 206 102 20 41
696 19 216 97 18 44
696 20 210 74 13 36
696 23 372 90 18 37
696 24 385 86 15 39
696 25 427 198 25 63
696 26 403 202 26 63
696 27 540 289 36 79
696 28 563 283 35 82
696 29 74 107 23 48
696 31 179 107 16 40
696 30 172 107 16 40
696 37 389 131 22 51
696 38 237 16 20 11
696 38 30 21 15 29
696 43 158 44 13 28
696 44 166 45 12 26
696 45 625 107 19 45
696 50 346 56 12 31
697 1 294 274 27 83
697 2 276 283 24 75
697 3 260 264 24 82
697 8 132 31 12 25
697 9 127 31 12 25
697 10 122 32 11 26
697 13 206 62 17 31
697 14 196 75 15 36
697 15 240 93 17 43
697 16 250 94 17 40
697 17 232 95 14 42
697 18 205 102 20 41
697 19 217 99 16 42
697 20 209 73 13 34
697 23 372 90 18 37
697 24 385 86 15 38
697 25 426 198 25 63
697 26 403 202 26 63
697 27 537 289 38 78
697 28 562 282 35 82
697 29 72 107 24 48
697 31 177 108 16 39
697 30 170 107 16 40
697 37 391 132 22 51
697 38 237 16 20 11
697 38 30 21 14 28
697 43 160 44 12 28
697 44 166 45 11 26
697 45 624 107 19 45
697 50 346 56 12 31
698 1 294 274 27 83
698 2 276 283 24 75
698 3 260 264 24 82
698 8 132 31 12 25
698 9 127 31 12 25
698 10 121 32 11 24
698 13 206 62 17 32
698 14 196 75 15 36
698 15 239 92 17 43
698 16 250 94 17 40
698 17 232 95 14 42
698 18 205 101 20 41
698 19 217 99 16 42
698 20 209 73 13 34
698 23 371 89 18 37
698 24 384 86 15 38
698 25 425 197 24 62
698 26 402 202 26 60
698 27 532 289 41 78
698 28 558 281 37 83
698 29 72 107 24 48
698 31 177 107 16 40
698 30 169 107 16 41
698 37 391 132 21 51
698 38 237 16 20 11
698 38 30 21 14 28
698 43 160 45 12 28
698 44 166 45 12 26
698 45 623 106 19 45
698 50 346 56 12 31
699 1 294 274 27 83
699 2 277 283 24 75
699 3 260 264 24 82
699 8 131 31 13 25
699 9 127 31 12 25
699 10 121 32 11 24
699 13 205 61 17 32
699 14 196 76 14 35
699 15 239 92 16 42
699 16 249 94 17 40
699 17 231 95 14 42
699 18 204 101 18 40
699 19 216 99 16 42
699 20 208 73 13 34
699 23 371 87 16 39
699 24 384 86 14 38
699 25 425 196 26 64
699 26 401 202 26 60
699 27 529 289 43 76
699 28 557 280 37 83
699 29 71 107 23 48
699 31 176 107 17 38
699 30 167 107 17 40
699 37 392 132 21 51
699 38 237 16 20 11
699 38 30 21 14 28
699 43 160 45 12 27
699 44 166 45 11 26
699 45 623 107 19 45
699 50 346 56 12 31
700 1 294 274 27 83
700 2 277 283 24 75
700 3 260 263 24 82
700 8 131 31 13 25
700 9 127 31 12 25
700 10 121 32 11 24
700 13 205 61 17 32
700 14 195 76 14 35
700 15 239 92 16 42
700 16 249 94 17 39
700 17 231 95 14 41
700 18 204 101 18 40
700 19 216 98 16 42
700 20 208 73 13 34
700 23 371 87 16 39
700 24 382 86 15 38
700 25 422 195 27 62
700 26 401 202 26 60
700 27 528 288 42 76
700 28 549 279 44 85
700 29 68 107 26 46
700 31 175 107 17 38
700 30 166 107 15 36
700 37 393 132 21 51
700 38 237 16 20 11
700 38 30 21 14 28
700 43 160 45 12 27
700 44 167 45 11 26
700 45 619 107 21 44
700 50 346 56 12 31
701 1 294 274 27 83
701 2 277 283 24 75
701 3 260 263 24 83
701 8 130 31 13 25
701 9 127 31 12 25
701 10 119 32 12 24
701 13 205 61 17 33
701 14 195 76 14 35
701 15 238 92 16 42
701 16 248 94 18 42
701 17 231 95 12 36
701 18 203 101 18 40
701 19 216 98 16 41
701 20 207 72 13 34
701 23 370 87 16 39
701 24 381 86 16 38
701 25 421 195 27 62
701 26 400 201 26 60
701 27 526 288 42 76
701 28 548 278 44 85
701 29 67 107 26 46
701 31 174 107 18 40
701 30 165 107 15 36
701 37 394 132 22 53
701 38 237 16 20 11
701 38 30 21 14 28
701 43 160 45 12 27
701 44 167 45 11 26
701 45 619 107 21 44
701 50 346 56 12 31
702 1 294 273 27 83
702 2 277 283 24 72
702 3 260 263 24 82
702 8 130 31 13 25
702 9 126 31 12 25
702 10 119 32 12 24
702 13 205 61 17 33
702 14 195 76 14 35
702 15 238 92 16 42
702 16 248 94 18 42
702 17 231 95 12 36
702 18 203 101 18 40
702 19 216 98 16 41
702 20 207 72 13 34
702 23 370 87 16 39
702 24 381 86 16 38
702 25 421 195 27 62
702 26 400 201 26 60
702 27 526 288 42 76
702 28 548 278 44 85
702 29 67 107 26 46
702 31 174 107 18 40
702 30 165 107 18 39
702 37 394 132 21 51
702 38 237 16 20 11
702 38 30 21 14 28
702 43 160 45 12 27
702 44 167 45 11 26
702 45 619 107 21 44
702 50 346 56 12 31
703 1 294 273 27 83
703 2 277 283 24 75
703 3 260 263 24 83
703 8 130 31 13 25
703 9 126 31 12 25
703 10 119 32 12 24
703 13 205 61 17 32
703 14 195 75 14 33
703 15 238 92 16 42
703 16 248 94 18 42
703 17 231 95 12 36
703 18 203 101 18 40
703 19 215 98 16 42
703 20 207 72 13 34
703 23 369 86 16 39
703 24 381 86 16 38
703 25 421 194 27 62
703 26 399 200 26 60
703 27 529 286 37 76
703 28 546 277 43 86
703 29 66 107 26 47
703 31 173 107 17 38
703 30 164 107 18 39
703 37 395 132 21 51
703 38 237 16 20 11
703 38 30 21 14 28
703 43 161 45 12 27
703 44 167 45 11 26
703 45 618 107 20 44
703 50 346 56 12 31
704 1 294 273 27 83
704 2 277 283 24 75
704 3 260 263 24 82
704 8 130 31 13 25
704 9 126 30 12 25
704 10 119 32 12 24
704 13 204 61 17 31
704 14 195 75 14 36
704 15 238 92 16 42
704 16 247 94 18 42
704 17 231 95 12 36
704 18 202 100 18 41
704 19 214 97 16 43
704 20 207 72 13 34
704 23 369 86 16 39
704 24 380 86 16 38
704 25 420 194 27 63
704 26 398 200 26 61
704 27 528 285 37 75
704 28 544 276 41 86
704 29 64 107 26 47
704 31 171 107 17 37
704 30 163 107 18 39
704 37 396 132 21 51
704 38 237 16 20 11
704 38 30 21 14 28
704 43 161 45 12 28
704 44 167 45 11 26
704 45 618 107 20 44
704 50 346 56 12 31
705 1 294 273 27 83
705 2 277 283 24 75
705 3 260 263 24 83
705 8 130 31 13 25
705 9 126 30 12 25
705 10 119 32 12 24
705 13 206 61 15 31
705 14 195 75 14 36
705 15 237 92 17 44
705 16 247 94 18 42
705 17 230 95 12 37
705 18 202 101 18 40
705 19 214 97 16 42
705 20 207 72 13 32
705 23 369 86 16 39
705 24 380 86 16 38
705 25 419 194 26 63
705 26 397 199 26 61
705 27 526 283 38 77
705 28 543 275 41 86
705 29 62 107 27 47
705 31 171 106 17 37
705 30 162 107 18 39
705 37 397 133 21 50
705 38 237 16 20 11
705 38 30 21 14 28
705 43 161 45 12 28
705 44 168 45 11 26
705 45 618 107 20 44
705 50 346 56 12 31
706 1 294 273 27 83
706 2 277 283 24 75
706 3 260 263 24 82
706 8 130 31 13 25
706 9 125 31 12 25
706 10 119 32 12 24
706 13 206 61 15 31
706 14 194 74 14 37
706 15 237 92 17 44
706 16 247 94 18 41
706 17 230 95 12 37
706 18 201 101 18 40
706 19 214 97 16 40
706 20 206 72 13 32
706 23 368 86 16 39
706 24 379 85 16 39
706 25 417 193 27 64
706 26 396 199 26 60
706 27 527 282 33 77
706 28 541 274 40 85
706 29 60 107 27 47
706 31 170 106 15 39
706 30 161 107 18 39
706 37 397 133 21 50
706 38 237 16 20 11
706 38 30 21 14 28
706 43 161 45 12 28
706 44 168 45 11 25
706 45 618 107 20 44
706 50 346 56 12 31
707 1 294 273 27 83
707 2 277 283 24 75
707 3 260 263 24 82
707 8 130 31 13 24
707 9 125 31 12 25
707 10 119 32 12 24
707 13 206 61 15 30
707 14 194 74 14 37
707 15 236 92 17 44
707 16 245 94 19 41
707 17 229 95 12 37
707 18 199 100 20 42
707 19 214 97 16 42
707 20 206 72 13 32
707 23 368 86 16 39
707 24 379 85 16 39
707 25 418 194 26 63
707 26 396 198 25 60
707 27 526 281 32 74
707 28 544 277 37 82
707 29 59 107 27 48
707 31 169 106 15 39
707 30 161 107 18 39
707 37 397 134 20 49
707 38 237 16 20 11
707 38 30 21 14 28
707 43 161 45 12 27
707 44 168 44 11 28
707 45 617 107 20 43
707 50 346 56 12 31
708 1 294 273 27 83
708 2 277 283 24 75
708 3 260 263 24 82
708 8 130 31 13 24
708 9 125 30 12 25
708 10 119 32 12 24
708 13 206 61 15 30
708 14 194 74 14 37
708 15 236 92 17 44
708 16 245 94 19 41
708 17 229 95 12 37
708 18 199 100 20 42
708 19 214 97 16 42
708 20 206 72 13 32
708 23 368 86 16 39
708 24 379 85 16 39
708 25 418 194 26 63
708 26 396 198 25 60
708 27 526 281 33 74
708 28 544 277 37 82
708 29 59 107 27 48
708 31 169 106 15 39
708 30 161 107 18 39
708 37 398 134 22 50
708 38 237 16 20 11
708 38 30 21 14 28
708 43 161 45 12 27
708 44 168 44 11 28
708 45 615 106 20 43
708 50 346 56 12 31
709 1 294 273 27 83
709 2 277 283 24 75
709 3 260 263 24 82
709 8 129 31 13 24
709 9 125 30 12 25
709 10 118 32 12 24
709 13 205 61 15 30
709 14 194 74 14 35
709 15 236 92 17 44
709 16 245 94 18 40
709 17 229 94 12 37
709 18 199 100 20 41
709 19 214 97 16 42
709 20 206 72 12 31
709 23 368 86 16 38
709 24 378 85 16 38
709 25 417 194 26 63
709 26 395 198 25 60
709 27 525 280 33 73
709 28 542 276 37 82
709 29 58 107 27 48
709 31 169 106 14 37
709 30 160 107 18 39
709 37 399 135 22 50
709 38 237 16 20 11
709 38 30 22 14 26
709 43 161 45 12 27
709 44 168 44 11 28
709 45 617 107 20 43
709 50 346 56 12 31
710 1 294 273 27 83
710 2 277 283 24 75
710 3 260 264 24 82
710 8 129 31 13 24
710 9 125 30 12 25
710 10 118 32 12 24
710 13 205 61 15 30
710 14 194 73 14 35
710 15 236 92 16 42
710 16 244 93 19 43
710 17 229 94 12 37
710 18 199 100 18 40
710 19 214 97 16 42
710 20 206 72 13 32
710 23 367 86 15 38
710 24 378 84 16 38
710 25 417 193 26 64
710 26 394 197 26 61
710 27 522 279 35 75
710 28 541 275 37 80
710 29 57 107 23 47
710 31 166 106 16 39
710 30 158 106 16 38
710 37 400 137 22 48
710 38 237 16 20 11
710 38 30 22 14 26
710 43 161 45 12 28
710 44 168 44 11 28
710 45 616 106 19 42
710 50 346 56 12 31
711 1 294 273 27 83
711 2 276 282 24 75
711 3 260 264 24 82
711 8 129 31 13 24
711 9 125 30 12 25
711 10 118 31 12 24
711 13 205 61 15 31
711 14 194 73 14 34
711 15 236 92 16 42
711 16 244 93 19 42
711 17 228 93 13 39
711 18 198 98 19 43
711 19 213 97 16 40
711 20 206 72 13 32
711 23 366 86 16 38
711 24 377 84 16 38
711 25 416 193 26 64
711 26 393 196 25 59
711 27 520 278 36 76
711 28 540 274 37 76
711 29 56 107 23 47
711 31 166 106 16 39
711 30 158 106 17 40
711 37 400 137 23 49
711 38 237 16 20 11
711 38 30 22 14 26
711 43 162 45 12 28
711 44 168 44 11 28
711 45 614 106 21 43
711 50 346 56 12 31
712 1 294 273 27 83
712 2 276 282 24 75
712 3 259 264 24 82
712 8 129 31 13 24
712 9 125 30 12 25
712 10 118 31 12 24
712 13 204 61 15 31
712 14 193 74 14 34
712 15 235 91 16 43
712 16 243 92 20 43
712 17 228 93 12 37
712 18 197 98 20 42
712 19 213 97 16 40
712 20 205 71 13 32
712 23 366 85 15 38
712 24 377 84 16 38
712 25 415 193 26 63
712 26 392 196 25 60
712 27 519 278 37 76
712 28 539 273 37 77
712 29 55 107 23 47
712 31 165 106 16 39
712 30 157 106 17 40
712 37 401 136 23 50
712 38 237 16 20 11
712 38 30 22 14 26
712 43 162 45 12 28
712 44 168 44 11 28
712 45 614 106 21 43
712 50 346 56 12 31
713 1 294 273 27 83
713 2 276 282 24 75
713 3 259 264 24 81
713 8 128 31 13 24
713 9 124 30 11 25
713 10 118 31 12 24
713 13 204 60 15 31
713 14 193 74 13 34
713 15 235 91 17 44
713 16 243 92 19 41
713 17 228 92 13 42
713 18 197 98 20 42
713 19 213 96 16 41
713 20 205 71 13 32
713 23 366 85 16 38
713 24 377 84 15 37
713 25 414 192 26 61
713 26 391 196 25 60
713 27 518 277 34 76
713 28 540 272 34 77
713 29 55 107 23 47
713 31 163 106 16 39
713 30 155 106 17 39
713 37 401 136 23 51
713 38 237 16 20 11
713 38 30 22 14 26
713 43 162 45 12 27
713 44 168 44 11 28
713 45 610 106 24 43
713 50 346 56 12 31
714 1 294 273 27 83
714 2 276 282 24 75
714 3 259 264 24 81
714 8 128 31 13 24
714 9 124 30 11 25
714 10 118 31 12 24
714 13 204 60 15 31
714 14 193 74 14 34
714 15 235 91 15 43
714 16 243 92 17 41
714 17 228 92 13 42
714 18 197 98 20 42
714 19 213 96 16 40
714 20 204 71 13 33
714 23 366 85 16 38
714 24 377 84 15 37
714 25 414 192 26 61
714 26 391 196 25 60
714 27 518 277 34 76
714 28 540 272 34 77
714 29 54 108 23 46
714 31 165 107 15 37
714 30 155 106 17 39
714 37 401 136 23 51
714 38 237 16 20 11
714 38 30 22 14 26
714 43 162 45 12 27
714 44 168 44 11 28
714 45 610 106 24 43
714 50 346 56 12 31
715 1 294 273 27 83
715 2 276 282 24 75
715 3 259 264 24 81
715 8 128 31 13 24
715 9 124 30 11 25
715 10 117 31 12 24
715 13 204 60 15 31
715 14 193 74 14 33
715 15 235 91 15 43
715 16 243 92 17 41
715 17 227 92 13 41
715 18 196 97 20 42
715 19 213 96 16 40
715 20 203 71 13 33
715 23 365 84 16 38
715 24 376 84 15 37
715 25 413 192 26 61
715 26 390 196 25 60
715 27 517 276 33 77
715 28 539 271 34 78
715 29 51 108 27 48
715 31 162 107 16 39
715 30 154 106 17 39
715 37 402 138 24 51
715 38 237 16 20 11
715 38 30 22 14 26
715 43 162 45 12 27
715 44 168 44 11 28
715 45 610 106 24 43
715 50 346 56 12 31
716 1 294 273 27 83
716 2 276 282 24 76
716 3 259 265 24 80
716 8 128 30 13 25
716 9 124 30 11 25
716 10 117 31 12 24
716 13 203 60 15 31
716 14 193 74 14 33
716 15 234 91 15 43
716 16 242 92 17 41
716 17 227 92 13 41
716 18 196 97 20 42
716 19 213 96 16 40
716 20 203 71 13 33
716 23 364 84 16 38
716 24 374 84 18 39
716 25 413 191 26 62
716 26 390 196 25 60
716 27 516 275 33 77
716 28 536 268 35 82
716 29 50 108 27 48
716 31 161 107 15 39
716 30 153 106 17 39
716 37 404 136 21 51
716 38 237 16 20 11
716 38 29 22 13 23
716 43 162 45 12 27
716 44 169 44 11 28
716 45 612 106 21 43
716 50 346 56 12 31
717 1 294 273 27 83
717 2 275 282 24 76
717 3 259 265 24 80
717 8 127 30 13 25
717 9 124 30 11 25
717 10 117 31 12 24
717 13 203 59 15 31
717 14 192 74 14 33
717 15 234 90 15 43
717 16 242 92 17 41
717 17 227 92 13 40
717 18 196 97 20 42
717 19 213 95 15 39
717 20 204 71 12 32
717 23 364 85 15 37
717 24 374 84 18 39
717 25 412 191 25 58
717 26 389 195 25 59
717 27 514 274 34 77
717 28 535 267 35 83
717 29 49 107 27 49
717 31 160 105 15 40
717 30 152 106 17 40
717 37 405 136 21 52
717 38 237 16 20 11
717 38 29 22 13 23
717 43 162 45 12 27
717 44 169 44 11 28
717 45 612 106 21 43
717 50 346 57 12 30
718 1 294 273 27 83
718 2 275 282 24 76
718 3 258 265 24 80
718 8 127 30 13 25
718 9 124 30 11 25
718 10 117 31 12 24
718 13 203 59 15 31
718 14 192 74 14 32
718 15 233 90 15 43
718 16 241 92 17 41
718 17 227 92 13 40
718 18 196 97 20 42
718 19 213 95 15 39
718 20 203 70 13 32
718 23 364 85 15 37
718 24 373 84 18 39
718 25 411 191 25 58
718 26 388 195 25 59
718 27 513 273 34 77
718 28 534 266 35 83
718 29 48 108 29 49
718 31 159 105 19 41
718 30 152 105 17 40
718 37 405 136 21 52
718 38 237 16 20 11
718 38 29 22 14 24
718 43 162 45 12 27
718 44 169 44 11 28
718 45 611 106 20 43
718 50 346 56 12 31
719 1 294 273 27 83
719 2 275 282 24 76
719 3 258 266 24 80
719 8 127 30 13 25
719 9 123 29 11 25
719 10 116 30 12 25
719 13 202 60 15 31
719 14 192 74 14 32
719 15 234 90 15 43
719 16 241 92 17 41
719 17 226 92 13 40
719 18 195 98 19 39
719 19 212 94 16 40
719 20 203 70 12 32
719 23 363 85 15 37
719 24 373 84 18 39
719 25 411 190 25 59
719 26 387 195 25 59
719 27 512 272 32 73
719 28 533 266 35 82
719 29 47 108 29 49
719 31 158 105 17 40
719 30 150 105 17 40
719 37 406 136 21 51
719 38 237 16 20 11
719 38 29 22 14 24
719 43 162 45 12 27
719 44 169 44 11 28
719 45 611 105 20 44
719 50 346 56 13 31
720 1 294 273 27 83
720 2 275 282 24 76
720 3 258 266 24 80
720 8 127 30 13 25
720 9 123 30 11 25
720 10 116 30 12 25
720 13 202 60 15 31
720 14 192 74 14 32
720 15 234 90 15 43
720 16 241 92 17 41
720 17 226 92 13 40
720 18 195 98 19 39
720 19 212 95 15 39
720 20 203 70 12 32
720 23 364 85 15 37
720 24 373 84 18 39
720 25 411 190 25 59
720 26 387 195 25 59
720 27 512 272 32 73
720 28 531 266 37 82
720 29 47 108 29 49
720 31 158 105 17 40
720 30 151 105 17 39
720 37 406 136 21 51
720 38 237 16 20 11
720 38 27 20 14 25
720 43 162 45 12 27
720 44 169 44 11 28
720 45 611 105 20 44
720 50 346 56 13 31
721 1 294 273 27 83
721 2 275 281 24 76
721 3 258 266 23 79
721 8 127 30 13 24
721 9 123 29 11 25
721 10 116 30 12 25
721 13 202 60 15 31
721 14 191 73 14 33
721 15 233 90 15 43
721 16 241 92 17 40
721 17 225 92 14 40
721 18 195 98 19 39
721 19 212 94 16 40
721 20 203 70 12 32
721 23 363 84 15 37
721 24 372 84 18 39
721 25 407 190 28 59
721 26 387 195 24 58
721 27 511 271 32 74
721 28 530 265 37 81
721 29 46 108 26 49
721 31 157 105 17 41
721 30 149 105 19 45
721 37 407 137 21 51
721 38 237 16 20 11
721 38 27 20 14 25
721 43 162 45 12 27
721 44 169 44 11 28
721 45 611 105 20 44
721 50 346 56 13 31
722 1 296 273 26 83
722 2 274 281 24 76
722 3 258 267 23 78
722 8 126 30 13 24
722 9 123 29 11 25
722 10 116 30 12 25
722 13 202 60 15 30
722 14 190 72 16 34
722 15 232 90 15 43
722 16 240 92 17 41
722 17 225 92 14 40
722 18 194 98 19 39
722 19 212 94 15 39
722 20 203 70 13 32
722 23 363 84 15 38
722 24 371 83 18 40
722 25 406 190 28 59
722 26 386 194 24 59
722 27 510 271 32 69
722 28 526 264 37 84
722 29 45 108 26 49
722 31 156 105 17 40
722 30 148 105 19 45
722 37 407 137 21 51
722 38 237 16 20 11
722 38 27 20 14 25
722 43 162 45 12 27
722 44 169 44 11 28
722 45 610 105 20 44
722 50 346 56 13 31
723 1 296 273 26 83
723 2 274 281 24 76
723 3 255 267 24 80
723 8 126 30 13 24
723 9 123 29 11 25
723 10 116 30 12 25
723 13 202 60 15 30
723 14 190 72 16 34
723 15 232 90 15 43
723 16 240 91 17 41
723 17 224 92 14 40
723 18 194 98 19 39
723 19 212 94 15 39
723 20 201 70 11 32
723 23 362 84 16 38
723 24 371 83 17 38
723 25 404 189 28 59
723 26 384 193 25 61
723 27 509 270 31 70
723 28 525 263 37 84
723 29 44 108 23 51
723 31 156 105 14 42
723 30 147 105 17 42
723 37 408 138 22 52
723 38 237 16 20 11
723 38 27 20 14 25
723 43 162 45 12 27
723 44 169 45 11 28
723 45 610 105 20 44
723 50 346 56 13 31
724 1 296 273 26 83
724 2 274 281 24 77
724 3 258 267 23 77
724 8 126 30 12 24
724 9 123 29 11 25
724 10 115 30 12 25
724 13 201 60 15 30
724 14 189 70 16 35
724 15 232 90 15 43
724 16 239 91 17 41
724 17 224 92 14 40
724 18 194 97 19 40
724 19 212 94 15 39
724 20 201 70 11 32
724 23 361 84 15 38
724 24 372 83 15 38
724 25 403 189 28 59
724 26 386 192 24 58
724 27 506 267 33 72
724 28 524 262 37 84
724 29 42 108 24 50
724 31 155 105 14 42
724 30 145 105 18 42
724 37 409 139 21 52
724 38 237 16 20 11
724 38 27 20 14 26
724 43 162 45 12 27
724 44 169 45 11 28
724 45 610 105 21 44
724 50 346 56 13 31
725 1 296 273 26 83
725 2 274 281 24 77
725 3 254 268 24 80
725 8 126 30 12 24
725 9 122 29 11 25
725 10 115 30 12 25
725 13 201 60 15 31
725 14 189 70 16 35
725 15 231 90 15 43
725 16 239 91 17 42
725 17 224 91 14 40
725 18 193 97 20 40
725 19 210 94 17 39
725 20 200 70 11 32
725 23 361 83 15 37
725 24 371 83 15 38
725 25 402 188 28 59
725 26 385 191 24 59
725 27 505 266 33 72
725 28 523 262 36 82
725 29 41 108 23 51
725 31 155 105 14 42
725 30 144 105 18 42
725 37 410 140 21 52
725 38 237 16 20 11
725 38 27 20 14 26
725 43 162 45 12 27
725 44 169 45 11 28
725 45 610 105 20 44
725 50 346 56 13 31
726 1 296 273 26 83
726 2 274 280 25 78
726 3 258 268 23 77
726 8 126 30 13 24
726 9 122 29 11 25
726 10 115 30 12 25
726 13 201 60 14 30
726 14 189 70 16 35
726 15 230 90 16 43
726 16 239 91 17 42
726 17 224 91 14 40
726 18 193 97 19 40
726 19 210 94 17 39
726 20 200 70 11 32
726 23 361 83 15 37
726 24 371 83 15 38
726 25 402 188 28 59
726 26 385 191 24 59
726 27 505 266 33 72
726 28 521 262 38 83
726 29 41 108 23 51
726 31 155 105 14 42
726 30 144 105 18 42
726 37 410 140 21 52
726 38 237 16 20 11
726 38 27 20 14 26
726 43 162 45 12 27
726 44 169 45 11 28
726 45 610 105 20 44
726 50 346 56 13 31
727 1 296 273 26 83
727 2 274 280 22 76
727 3 258 268 23 77
727 8 126 30 13 24
727 9 122 29 11 25
727 10 115 30 12 25
727 13 200 59 15 31
727 14 189 70 15 35
727 15 230 90 16 43
727 16 238 90 19 40
727 17 223 91 14 40
727 18 193 97 19 39
727 19 210 94 17 39
727 20 200 69 11 32
727 23 360 83 15 37
727 24 371 83 15 38
727 25 402 188 28 59
727 26 385 191 24 59
727 27 498 266 38 74
727 28 520 261 37 81
727 29 40 108 23 51
727 31 154 105 15 44
727 30 143 105 18 42
727 37 411 140 21 52
727 38 237 16 20 11
727 38 27 20 14 26
727 43 163 45 12 28
727 44 169 45 11 28
727 45 609 105 20 44
727 50 346 56 13 31
728 1 296 273 26 84
728 2 274 280 22 76
728 3 257 268 23 77
728 8 126 30 13 24
728 9 122 29 11 25
728 10 115 29 12 25
728 13 200 59 15 30
728 14 189 70 15 35
728 15 229 89 16 42
728 16 238 90 19 40
728 17 223 91 14 41
728 18 192 96 19 39
728 19 209 94 17 39
728 20 200 69 11 32
728 23 360 83 15 37
728 24 371 82 15 37
728 25 401 187 28 59
728 26 384 190 24 58
728 27 497 266 38 74
728 28 524 260 32 80
728 29 39 108 23 51
728 31 153 106 14 40
728 30 142 105 18 42
728 37 412 140 21 52
728 38 237 16 20 11
728 38 27 20 16 26
728 43 163 45 12 28
728 44 169 45 11 28
728 45 609 104 20 44
728 50 346 56 13 31
729 1 296 273 26 84
729 2 274 280 22 76
729 3 255 268 23 78
729 8 126 30 13 24
729 9 122 29 11 25
729 10 115 29 12 25
729 13 200 59 15 30
729 14 189 70 15 34
729 15 229 89 16 42
729 16 238 90 19 40
729 17 222 90 14 41
729 18 192 96 19 39
729 19 209 93 17 40
729 20 199 69 11 32
729 23 360 83 15 37
729 24 370 82 15 37
729 25 402 187 26 58
729 26 383 190 25 60
729 27 496 265 38 75
729 28 523 259 31 79
729 29 33 109 29 47
729 31 152 106 14 40
729 30 141 106 18 42
729 37 413 141 21 52
729 38 237 16 20 11
729 38 27 20 14 26
729 43 163 45 12 28
729 44 169 45 11 28
729 45 609 104 21 44
729 50 347 56 13 31
730 1 296 273 26 84
730 2 274 280 22 76
730 3 257 268 23 76
730 8 125 30 13 24
730 9 122 29 11 25
730 10 115 29 12 25
730 13 199 58 15 31
730 14 187 70 16 36
730 15 229 89 16 42
730 16 237 89 19 40
730 17 222 90 14 41
730 18 192 96 19 39
730 19 209 93 17 39
730 20 199 69 11 32
730 23 359 83 15 37
730 24 370 82 15 37
730 25 401 187 26 58
730 26 383 190 24 58
730 27 494 264 38 73
730 28 521 258 32 81
730 29 32 109 29 47
730 31 151 106 17 42
730 30 141 106 18 42
730 37 414 141 22 52
730 38 237 16 20 11
730 38 27 20 13 25
730 43 163 45 12 28
730 44 170 45 11 30
730 45 609 104 20 44
730 50 347 56 13 31
731 1 296 273 26 84
731 2 273 280 22 76
731 3 257 268 23 76
731 8 125 30 13 25
731 9 120 28 12 26
731 10 114 29 12 25
731 13 199 58 15 31
731 14 187 70 16 36
731 15 228 89 16 42
731 16 237 89 19 38
731 17 222 90 14 39
731 18 192 96 19 39
731 19 208 93 17 40
731 20 199 69 11 32
731 23 359 83 15 37
731 24 369 82 15 39
731 25 401 186 26 57
731 26 383 190 24 58
731 27 495 263 36 73
731 28 519 257 31 77
731 29 31 110 29 46
731 31 148 106 19 40
731 30 138 105 18 43
731 37 414 141 22 52
731 38 237 16 20 11
731 38 27 20 13 25
731 43 163 45 12 28
731 44 170 45 11 30
731 45 609 104 21 44
731 50 347 56 13 31
732 1 296 273 26 84
732 2 273 280 22 76
732 3 257 270 23 76
732 8 125 30 13 25
732 9 120 28 12 26
732 10 114 29 12 25
732 13 199 58 15 31
732 14 187 70 16 36
732 15 228 89 17 40
732 16 237 89 19 38
732 17 222 90 14 39
732 18 192 96 19 39
732 19 208 93 17 40
732 20 199 69 11 32
732 23 359 83 15 37
732 24 369 82 15 39
732 25 401 186 26 57
732 26 382 189 25 59
732 27 495 263 36 73
732 28 519 257 31 77
732 29 31 110 29 46
732 31 148 106 19 40
732 30 140 105 16 43
732 37 414 141 22 52
732 38 237 16 20 11
732 38 27 20 13 25
732 43 163 45 12 28
732 44 170 45 11 30
732 45 609 104 19 46
732 50 347 56 13 31
733 1 296 273 26 84
733 2 273 280 22 76
733 3 257 270 23 76
733 8 125 29 13 25
733 9 120 28 12 26
733 10 114 29 12 25
733 13 199 58 15 31
733 14 186 70 16 36
733 15 228 89 17 40
733 16 236 89 19 38
733 17 221 90 14 40
733 18 192 96 19 39
733 19 208 92 17 40
733 20 198 69 11 32
733 23 358 83 15 37
733 24 368 82 15 39
733 25 400 186 26 58
733 26 382 189 24 59
733 27 494 263 36 72
733 28 518 256 31 77
733 29 30 110 29 47
733 31 147 106 19 40
733 30 139 105 16 43
733 37 416 141 21 53
733 38 237 16 20 11
733 38 27 20 13 25
733 43 163 46 12 28
733 44 170 45 11 30
733 45 609 104 19 46
733 46 651 120 10 39
733 50 347 56 13 31
734 1 296 273 26 84
734 2 273 280 22 76
734 3 257 270 23 76
734 8 125 29 13 25
734 9 120 28 12 26
734 10 114 29 12 25
734 13 199 58 15 31
734 14 186 70 16 36
734 15 227 89 17 40
734 16 236 89 20 42
734 17 221 90 14 40
734 18 191 96 19 38
734 19 207 92 16 39
734 20 198 69 11 32
734 23 358 83 15 37
734 24 368 82 15 38
734 25 399 186 26 58
734 26 379 189 26 59
734 27 496 261 30 73
734 28 515 255 33 78
734 29 28 110 28 47
734 31 145 106 20 40
734 30 138 105 16 44
734 37 418 141 22 52
734 38 237 16 20 11
734 38 27 20 13 25
734 43 163 46 12 28
734 44 170 45 11 28
734 45 609 104 19 46
734 46 651 120 10 39
734 50 347 56 13 31
735 1 296 273 26 84
735 2 273 280 22 77
735 3 257 270 23 76
735 8 125 29 13 25
735 9 120 28 12 26
735 10 114 29 12 25
735 13 198 58 15 30
735 14 186 69 16 37
735 15 227 89 17 40
735 16 236 89 20 42
735 17 221 90 14 40
735 18 191 96 19 38
735 19 207 92 16 39
735 20 198 69 11 32
735 23 357 82 15 37
735 24 368 82 15 39
735 25 399 185 26 58
735 26 378 189 26 59
735 27 495 260 30 73
735 28 509 254 36 80
735 29 27 110 28 48
735 31 144 106 19 39
735 30 138 105 16 43
735 37 419 141 21 52
735 38 237 16 20 11
735 38 27 20 13 26
735 43 163 46 12 28
735 44 170 45 11 28
735 45 608 104 21 45
735 46 649 120 12 39
735 50 347 56 13 31
736 1 296 273 26 84
736 2 273 280 22 76
736 3 257 270 23 76
736 8 124 29 12 25
736 9 120 28 12 26
736 10 114 29 12 25
736 13 198 58 14 30
736 14 185 69 16 37
736 15 227 89 17 40
736 16 235 89 20 42
736 17 220 90 14 40
736 18 191 96 19 38
736 19 206 92 16 39
736 20 197 67 11 33
736 23 357 83 15 36
736 24 367 82 15 39
736 25 398 185 26 59
736 26 378 188 26 60
736 27 493 259 30 71
736 28 508 252 36 82
736 29 29 110 25 47
736 31 143 106 19 38
736 30 136 105 16 43
736 37 420 142 21 52
736 38 237 16 20 11
736 38 27 20 13 26
736 43 163 46 12 28
736 44 170 45 11 28
736 45 608 104 21 45
736 46 648 120 13 39
736 50 347 56 12 31
737 1 292 273 30 84
737 2 273 280 22 76
737 3 257 270 20 75
737 8 124 30 12 24
737 9 120 28 12 26
737 10 113 29 12 25
737 13 198 58 14 30
737 14 185 69 16 37
737 15 227 89 17 39
737 16 235 89 20 41
737 17 220 90 14 40
737 18 191 96 19 38
737 19 206 92 16 39
737 20 197 67 11 33
737 23 356 82 15 36
737 24 367 82 15 37
737 25 397 185 26 58
737 26 379 188 24 60
737 27 492 258 30 71
737 28 507 251 35 82
737 29 28 110 25 47
737 31 142 106 19 39
737 30 135 105 14 41
737 37 421 143 22 54
737 38 237 16 20 11
737 38 27 20 14 26
737 43 163 46 12 28
737 44 171 46 11 27
737 45 608 104 21 45
737 46 647 120 15 39
737 50 347 56 12 31
738 1 292 273 30 84
738 2 273 280 22 76
738 3 257 270 20 75
738 8 124 30 12 24
738 9 120 28 12 26
738 10 113 29 12 25
738 13 198 58 14 30
738 14 185 69 16 37
738 15 227 89 17 40
738 16 237 89 18 41
738 17 220 90 14 40
738 18 191 96 19 38
738 19 206 92 16 39
738 20 197 67 11 33
738 23 356 82 15 36
738 24 367 82 15 37
738 25 397 185 26 58
738 26 379 188 24 60
738 27 492 258 30 71
738 28 506 252 35 79
738 29 28 110 21 46
738 31 142 106 17 38
738 30 135 105 14 41
738 37 421 143 22 54
738 38 237 16 20 11
738 38 27 20 14 26
738 43 163 46 12 28
738 44 171 46 11 27
738 45 608 104 21 45
738 46 647 120 13 39
738 50 347 56 12 31
739 1 292 273 30 84
739 2 273 280 22 76
739 3 257 270 20 75
739 8 124 29 12 25
739 9 119 28 12 26
739 10 113 29 12 25
739 13 198 58 14 30
739 14 185 69 16 37
739 15 226 89 17 40
739 16 237 89 18 41
739 17 220 90 14 40
739 18 190 95 19 38
739 19 206 92 16 39
739 20 197 67 11 34
739 23 355 81 16 39
739 24 366 81 15 39
739 25 395 185 28 59
739 26 378 188 24 60
739 27 489 258 32 71
739 28 505 252 34 78
739 29 27 110 20 46
739 31 141 106 17 39
739 30 135 105 16 43
739 37 421 144 24 54
739 38 237 16 20 11
739 38 27 20 13 26
739 43 163 46 12 28
739 44 171 46 11 27
739 45 607 104 21 46
739 46 646 120 16 39
739 50 347 56 12 31
740 1 292 273 30 84
740 2 271 280 24 76
740 3 257 270 20 75
740 8 124 29 12 24
740 9 119 28 12 26
740 10 113 29 12 25
740 13 198 58 14 29
740 14 185 68 16 36
740 15 226 89 17 40
740 16 236 89 18 41
740 17 219 89 14 40
740 18 190 95 19 39
740 19 204 92 17 39
740 20 196 67 11 33
740 23 354 81 16 40
740 24 366 81 16 36
740 25 395 185 28 59
740 26 378 187 24 60
740 27 488 257 32 71
740 28 504 251 35 81
740 29 25 110 21 46
740 31 140 106 17 38
740 30 134 105 15 42
740 37 422 145 24 54
740 38 237 16 20 11
740 38 27 20 14 27
740 43 164 46 12 28
740 44 171 46 11 27
740 45 607 104 21 46
740 46 640 120 20 39
740 50 347 56 12 31
741 1 292 273 30 84
741 2 271 280 24 76
741 3 257 270 20 75
741 8 124 29 12 24
741 9 119 28 12 26
741 10 113 29 12 25
741 13 197 58 14 30
741 14 184 68 16 36
741 15 226 88 17 40
741 16 236 88 18 41
741 17 219 89 14 40
741 18 190 94 19 39
741 19 204 92 17 39
741 20 196 67 11 34
741 23 355 81 15 37
741 24 366 81 16 36
741 25 394 184 28 59
741 26 377 186 24 61
741 27 487 257 32 71
741 28 502 251 36 81
741 29 23 110 21 47
741 31 139 106 17 37
741 30 133 105 15 43
741 37 423 145 24 54
741 38 237 16 20 11
741 38 27 20 14 26
741 43 164 46 12 28
741 44 171 46 11 27
741 45 607 104 21 46
741 46 640 120 20 39
741 50 347 56 12 31
742 1 292 273 30 84
742 2 271 280 24 76
742 3 257 270 20 75
742 8 124 29 12 24
742 9 119 28 12 26
742 10 113 29 12 25
742 13 197 58 15 30
742 14 184 68 16 36
742 15 225 88 17 40
742 16 236 88 16 40
742 17 219 89 14 39
742 18 189 94 19 39
742 19 204 92 17 39
742 20 195 67 11 34
742 23 354 81 15 37
742 24 365 81 16 36
742 25 393 184 31 60
742 26 376 186 24 60
742 27 485 257 32 70
742 28 501 250 35 78
742 29 21 110 24 46
742 31 139 106 16 41
742 30 132 105 15 43
742 37 422 147 25 54
742 38 237 16 20 11
742 38 27 20 13 25
742 43 164 46 12 28
742 44 171 46 11 27
742 45 607 104 21 46
742 46 639 120 19 39
742 50 347 56 12 31
743 1 292 273 30 84
743 2 271 280 24 76
743 3 257 270 20 75
743 8 124 29 12 24
743 9 119 28 12 26
743 10 112 29 12 25
743 13 197 57 15 31
743 14 184 68 16 36
743 15 225 88 17 39
743 16 236 88 16 40
743 17 219 89 14 40
743 18 189 94 19 40
743 19 203 92 17 39
743 20 195 67 12 35
743 23 354 81 15 37
743 24 365 80 16 36
743 25 392 184 31 60
743 26 376 185 23 58
743 27 484 256 32 70
743 28 500 249 35 78
743 29 20 109 24 47
743 31 138 106 16 41
743 30 131 105 15 43
743 37 423 146 25 55
743 38 237 16 20 11
743 38 27 18 14 29
743 43 164 46 12 28
743 44 171 46 11 27
743 45 607 104 21 46
743 46 637 120 23 39
743 50 347 56 12 31
744 1 292 273 30 84
744 2 271 280 24 76
744 3 256 270 20 77
744 8 124 29 12 24
744 9 119 28 12 26
744 10 112 29 12 25
744 13 197 57 15 31
744 14 184 68 16 36
744 15 225 88 17 39
744 16 236 88 16 40
744 17 219 89 14 40
744 18 189 94 19 40
744 19 203 92 17 39
744 20 195 67 11 34
744 23 354 81 15 37
744 24 365 80 16 36
744 25 392 184 31 60
744 26 376 185 23 58
744 27 485 256 33 72
744 28 500 249 35 78
744 29 20 109 24 47
744 31 138 106 16 41
744 30 131 105 15 43
744 37 423 146 25 55
744 38 237 16 20 11
744 38 27 18 14 29
744 43 164 46 12 28
744 44 171 46 11 27
744 45 607 104 21 46
744 46 637 120 23 39
744 50 348 56 12 31
745 1 292 273 30 84
745 2 271 280 24 76
745 3 256 270 20 77
745 8 123 29 12 24
745 9 119 27 12 26
745 10 112 28 12 26
745 13 197 57 15 31
745 14 183 68 16 35
745 15 225 88 17 40
745 16 235 88 16 40
745 17 218 88 14 41
745 18 189 94 19 40
745 19 204 91 16 39
745 20 195 66 12 35
745 23 354 81 15 36
745 24 365 80 16 36
745 25 392 183 31 61
745 26 376 185 23 57
745 27 484 255 32 72
745 28 499 248 34 74
745 29 17 110 26 47
745 31 138 106 16 41
745 30 130 105 15 43
745 37 423 146 26 56
745 38 236 16 20 11
745 38 27 18 14 29
745 43 164 46 12 28
745 44 171 46 11 29
745 45 604 105 24 43
745 46 636 120 22 39
745 50 347 55 13 32
746 1 292 273 30 84
746 2 271 280 24 76
746 3 256 270 20 77
746 8 123 29 12 24
746 9 118 27 12 26
746 10 112 30 12 24
746 13 195 57 16 31
746 14 183 68 16 36
746 15 224 87 17 40
746 16 233 88 18 40
746 17 218 88 14 41
746 18 188 94 19 41
746 19 204 91 16 39
746 20 195 67 11 33
746 23 353 81 15 37
746 24 364 81 14 36
746 25 392 183 31 58
746 26 375 185 23 57
746 27 483 254 32 73
746 28 498 247 34 75
746 29 16 110 26 47
746 31 137 106 16 40
746 30 130 105 15 43
746 37 427 146 23 56
746 38 236 16 20 11
746 38 27 18 14 29
746 43 164 46 12 28
746 44 171 46 11 27
746 45 604 105 24 43
746 46 636 120 22 39
746 50 348 56 12 30
747 1 292 273 30 85
747 2 271 280 24 76
747 3 256 270 20 77
747 8 123 29 12 24
747 9 118 27 12 26
747 10 112 30 12 24
747 13 195 56 16 31
747 14 183 68 16 36
747 15 225 87 16 39
747 16 233 88 18 40
747 17 217 88 14 41
747 18 188 92 19 41
747 19 203 90 16 38
747 20 194 67 11 33
747 23 353 81 15 37
747 24 364 81 14 36
747 25 391 183 29 58
747 26 374 184 22 57
747 27 482 252 32 74
747 28 499 246 31 75
747 29 15 111 26 47
747 31 135 106 16 41
747 30 129 105 15 43
747 37 428 146 24 57
747 38 236 16 20 11
747 38 27 18 14 29
747 43 164 46 12 28
747 44 171 46 11 29
747 45 604 105 24 43
747 46 635 120 22 39
747 50 348 56 12 31
748 1 292 273 30 85
748 2 271 280 24 76
748 3 255 270 20 78
748 8 123 29 12 24
748 9 118 27 12 26
748 10 112 30 12 24
748 13 195 56 16 31
748 14 182 68 15 36
748 15 225 87 16 39
748 16 232 88 18 40
748 17 217 88 14 39
748 18 188 94 19 39
748 19 203 90 17 40
748 20 194 67 11 33
748 23 352 81 15 37
748 24 363 81 14 36
748 25 395 182 26 58
748 26 374 184 22 55
748 27 481 251 31 74
748 28 498 245 31 75
748 29 13 111 26 47
748 31 134 107 19 38
748 30 126 105 16 42
748 37 431 146 21 55
748 38 236 16 20 11
748 38 28 19 15 29
748 43 164 46 12 28
748 44 171 46 11 29
748 45 603 105 24 43
748 46 635 120 22 39
748 50 348 56 12 31
749 1 292 273 30 85
749 2 271 280 24 76
749 3 255 269 20 78
749 8 123 29 12 24
749 9 118 27 12 26
749 10 112 30 12 24
749 13 195 56 16 31
749 14 182 68 15 36
749 15 224 87 16 39
749 16 232 88 18 40
749 17 217 87 14 41
749 18 188 94 19 39
749 19 203 90 16 40
749 20 194 67 11 34
749 23 352 81 15 37
749 24 363 81 14 36
749 25 395 181 26 58
749 26 374 184 24 58
749 27 481 250 28 70
749 28 497 245 32 78
749 29 12 111 25 47
749 31 133 107 19 38
749 30 125 105 16 42
749 37 432 146 21 55
749 38 236 16 20 11
749 38 25 18 15 29
749 43 164 46 12 28
749 44 172 46 11 29
749 45 603 105 24 43
749 46 636 119 21 40
749 50 348 56 12 30
750 1 292 273 30 85
750 2 271 280 24 76
750 3 255 269 20 78
750 8 123 29 12 24
750 9 118 27 12 26
750 10 112 30 12 24
750 13 195 56 16 31
750 14 182 68 16 37
750 15 224 87 16 39
750 16 232 88 17 40
750 17 217 88 14 39
750 18 188 94 19 39
750 19 202 90 16 40
750 20 192 66 14 34
750 23 352 81 15 37
750 24 363 81 14 36
750 25 395 182 25 58
750 26 374 184 24 58
750 27 481 250 28 70
750 28 497 245 32 78
750 29 12 111 25 47
750 31 133 107 19 38
750 30 125 105 16 43
750 37 432 146 21 55
750 38 236 16 20 11
750 38 25 18 15 29
750 43 164 46 12 28
750 44 172 46 11 29
750 45 603 105 21 44
750 46 636 119 21 40
750 50 348 56 12 30
751 1 292 273 30 85
751 2 271 280 24 76
751 3 255 269 20 78
751 8 123 29 12 23
751 9 118 27 12 26
751 10 111 30 12 24
751 13 195 56 16 31
751 14 182 68 15 34
751 15 224 87 16 40
751 16 232 88 17 40
751 17 217 87 14 40
751 18 187 94 19 39
751 19 202 89 17 40
751 20 192 66 12 34
751 23 351 81 15 37
751 24 362 81 14 36
751 25 395 182 25 58
751 26 374 184 24 58
751 27 479 249 29 70
751 28 496 244 32 78
751 29 10 111 26 47
751 31 132 107 20 40
751 30 124 105 16 43
751 37 433 147 21 55
751 38 236 16 20 11
751 38 25 18 15 29
751 43 165 46 12 28
751 44 172 46 11 29
751 45 603 105 21 44
751 46 636 119 21 40
751 47 649 136 11 22
751 50 348 56 12 31
752 1 292 273 30 85
752 2 271 280 24 76
752 3 255 269 21 79
752 8 123 29 12 23
752 9 118 27 12 26
752 10 111 29 12 25
752 13 195 57 16 31
752 14 182 68 15 34
752 15 224 86 16 40
752 16 231 88 17 40
752 17 217 88 14 40
752 18 187 94 19 39
752 19 202 89 17 40
752 20 192 66 12 34
752 23 351 80 15 37
752 24 361 80 17 37
752 25 393 181 24 57
752 26 373 184 24 58
752 27 478 248 29 70
752 28 495 244 30 78
752 29 9 110 27 47
752 31 131 107 18 37
752 30 123 105 16 44
752 37 434 148 21 55
752 38 236 16 20 11
752 38 25 18 15 29
752 43 165 46 12 28
752 44 172 47 11 28
752 45 602 105 21 44
752 46 635 119 20 40
752 47 649 136 12 22
752 50 348 56 12 30
753 1 292 273 30 82
753 2 271 280 24 76
753 3 255 268 21 79
753 8 123 29 12 23
753 9 117 27 12 26
753 10 111 29 12 25
753 13 194 57 16 30
753 14 181 67 15 34
753 15 224 86 16 40
753 16 231 88 17 40
753 17 217 87 14 40
753 18 187 94 19 39
753 19 201 89 17 41
753 20 192 66 12 34
753 23 350 80 15 37
753 24 361 80 17 37
753 25 390 180 27 58
753 26 372 183 24 58
753 27 477 248 29 70
753 28 494 244 30 78
753 29 8 110 27 47
753 31 130 107 17 37
753 30 122 105 16 43
753 37 435 149 21 56
753 38 236 16 20 11
753 38 25 18 15 31
753 43 165 46 12 28
753 44 172 47 11 28
753 45 602 105 21 44
753 46 635 119 20 40
753 47 647 136 12 22
753 50 348 56 12 31
754 1 292 273 30 82
754 2 271 280 24 76
754 3 254 268 21 80
754 8 122 29 12 23
754 9 117 27 12 26
754 10 111 29 12 25
754 13 194 57 16 30
754 14 181 67 15 34
754 15 224 86 16 40
754 16 230 87 18 42
754 17 217 87 14 41
754 18 186 92 19 40
754 19 201 89 16 40
754 20 191 66 12 33
754 23 350 80 15 37
754 24 360 80 17 37
754 25 389 180 27 58
754 26 372 183 24 58
754 27 476 247 30 73
754 28 490 243 33 79
754 29 7 110 27 47
754 31 129 107 16 39
754 30 122 105 16 44
754 37 435 150 21 56
754 38 236 16 20 11
754 38 25 18 15 31
754 43 165 47 12 28
754 44 172 47 11 28
754 45 602 105 21 44
754 46 634 119 20 40
754 47 647 136 15 22
754 50 348 56 12 30
755 1 292 273 30 82
755 2 271 281 24 76
755 3 254 268 21 80
755 8 122 29 12 23
755 9 117 27 12 26
755 10 110 29 11 25
755 13 194 57 16 31
755 14 181 67 15 34
755 15 223 86 16 40
755 16 230 87 17 41
755 17 216 87 14 40
755 18 186 91 17 41
755 19 201 89 16 39
755 20 191 66 12 33
755 23 349 80 15 36
755 24 359 79 17 37
755 25 389 180 27 58
755 26 371 182 24 58
755 27 473 247 31 70
755 28 489 242 33 79
755 29 6 110 22 45
755 31 128 107 16 39
755 30 120 104 17 45
755 37 436 151 22 55
755 38 236 16 20 11
755 38 24 14 15 29
755 43 165 47 12 28
755 44 172 47 11 28
755 45 602 105 21 44
755 46 636 119 16 39
755 47 646 136 13 22
755 50 348 56 12 30
756 1 292 273 30 82
756 2 271 281 24 76
756 3 253 269 23 78
756 8 122 29 12 23
756 9 117 27 12 26
756 10 110 29 11 25
756 13 194 57 16 31
756 14 181 67 15 34
756 15 223 86 16 40
756 16 230 87 17 35
756 17 216 87 14 40
756 18 186 91 17 41
756 19 200 89 16 40
756 20 191 66 12 33
756 23 349 79 15 36
756 24 359 79 17 37
756 25 389 180 27 58
756 26 371 182 25 61
756 27 473 247 31 70
756 28 489 242 33 79
756 29 6 110 22 45
756 31 128 107 16 39
756 30 120 104 17 45
756 37 436 151 22 55
756 38 236 16 20 11
756 38 24 14 15 29
756 43 165 47 12 28
756 44 172 47 11 28
756 45 602 105 19 44
756 46 636 119 18 39
756 47 646 134 15 24
756 50 348 56 12 30
757 1 292 273 30 82
757 2 272 281 24 76
757 3 253 269 23 78
757 8 122 29 12 23
757 9 117 27 12 26
757 10 110 29 11 23
757 13 194 56 16 31
757 14 180 67 16 35
757 15 223 86 16 40
757 16 230 87 17 35
757 17 216 87 14 41
757 18 186 91 17 41
757 19 200 89 16 40
757 20 191 66 12 33
757 23 349 79 15 37
757 24 359 79 16 37
757 25 388 180 27 58
757 26 370 181 24 58
757 27 472 247 31 70
757 28 488 242 33 79
757 29 3 110 23 45
757 31 126 107 17 39
757 30 117 104 19 45
757 37 437 151 22 56
757 38 236 16 20 11
757 38 24 14 15 29
757 43 165 47 12 28
757 44 172 47 11 28
757 45 602 105 19 44
757 46 636 119 16 39
757 47 645 134 14 24
757 50 348 57 12 30
758 1 296 273 28 82
758 2 272 281 24 75
758 3 253 268 23 79
758 8 122 29 12 23
758 9 117 27 12 26
758 10 110 29 11 23
758 13 194 56 16 31
758 14 180 67 16 35
758 15 222 85 16 41
758 16 229 87 17 35
758 17 216 87 14 40
758 18 185 90 17 41
758 19 199 89 16 40
758 20 191 66 12 33
758 23 349 79 15 37
758 24 359 79 16 37
758 25 388 179 27 58
758 26 369 180 24 58
758 27 471 246 31 71
758 28 491 241 29 79
758 29 2 110 26 44
758 31 126 107 17 40
758 30 116 104 19 44
758 37 438 152 22 56
758 38 236 16 20 11
758 38 24 14 15 29
758 43 165 47 12 28
758 44 172 47 11 28
758 45 602 105 19 44
758 46 635 119 16 39
758 47 645 134 14 24
758 50 348 57 12 30
759 1 296 273 28 82
759 2 272 281 24 75
759 3 252 268 23 79
759 8 122 29 12 23
759 9 117 27 12 26
759 10 110 29 11 23
759 13 194 56 16 31
759 14 180 67 16 35
759 15 222 85 16 40
759 16 229 86 17 35
759 17 215 86 14 41
759 18 185 90 17 41
759 19 199 89 16 40
759 20 189 65 13 33
759 23 348 79 15 37
759 24 358 79 16 37
759 25 387 179 27 58
759 26 369 180 24 59
759 27 469 245 31 69
759 28 490 240 29 79
759 29 1 110 26 44
759 31 125 107 15 40
759 30 117 104 17 44
759 37 439 152 22 56
759 38 236 16 20 11
759 38 24 14 15 29
759 43 165 47 12 28
759 44 172 47 11 28
759 45 601 105 19 44
759 46 633 117 19 42
759 47 644 134 13 24
759 50 348 57 12 30
760 1 296 273 28 82
760 2 271 280 24 77
760 3 252 268 23 79
760 8 121 27 13 25
760 9 116 27 12 26
760 10 110 29 11 23
760 13 193 55 16 32
760 14 179 67 16 34
760 15 222 85 16 40
760 16 229 86 17 35
760 17 215 86 14 40
760 18 185 90 17 41
760 19 199 87 16 42
760 20 189 65 13 33
760 23 348 79 15 37
760 24 358 79 16 36
760 25 386 179 27 58
760 26 368 179 24 58
760 27 468 244 32 72
760 28 489 239 29 79
760 29 0 110 26 44
760 31 124 107 15 39
760 30 116 104 17 44
760 37 441 152 23 57
760 38 236 16 20 11
760 38 24 14 15 30
760 43 165 47 12 28
760 44 172 47 11 28
760 45 601 105 19 44
760 46 632 117 19 42
760 47 644 134 13 24
760 50 348 56 12 30
761 1 296 273 28 82
761 2 273 282 24 75
761 3 252 267 24 80
761 8 120 27 13 25
761 9 116 27 12 26
761 10 110 29 11 23
761 13 194 55 16 31
761 14 179 67 16 34
761 15 222 85 16 40
761 16 229 86 17 35
761 17 215 85 14 39
761 18 185 90 17 41
761 19 198 87 16 41
761 20 189 65 13 33
761 23 348 79 15 37
761 24 357 79 16 37
761 25 385 178 27 58
761 26 368 179 24 58
761 27 467 243 32 71
761 28 487 238 29 79
761 29 0 110 25 44
761 31 124 108 15 38
761 30 116 104 17 43
761 37 442 152 21 56
761 38 236 16 20 11
761 38 24 14 15 30
761 43 165 47 12 28
761 44 172 47 11 28
761 45 601 105 19 44
761 46 632 117 19 42
761 47 644 134 13 24
761 50 348 57 12 30
762 1 296 273 28 82
762 2 273 282 24 75
762 3 252 267 22 80
762 8 120 27 13 25
762 9 116 27 12 26
762 10 110 29 11 23
762 13 194 55 16 31
762 14 179 67 16 34
762 15 222 83 14 40
762 16 229 86 17 35
762 17 215 85 14 39
762 18 185 90 17 41
762 19 198 87 16 41
762 20 189 65 13 33
762 23 348 79 15 37
762 24 357 79 16 37
762 25 385 178 27 58
762 26 368 179 24 58
762 27 467 243 32 71
762 28 487 238 29 79
762 29 0 110 25 44
762 31 124 108 15 38
762 30 116 104 16 42
762 37 442 152 21 56
762 38 236 16 20 11
762 38 24 14 15 30
762 43 165 47 12 28
762 44 172 47 11 28
762 45 601 105 19 44
762 46 632 117 19 42
762 47 642 134 15 26
762 50 348 57 12 30
763 1 296 273 28 82
763 2 270 279 25 79
763 3 252 267 22 80
763 8 120 27 13 26
763 9 116 26 12 26
763 10 109 29 11 23
763 13 193 55 16 32
763 14 179 67 16 34
763 15 222 83 14 40
763 16 228 86 17 35
763 17 215 85 14 39
763 18 185 90 17 41
763 19 197 87 16 41
763 20 189 65 13 33
763 23 347 79 15 37
763 24 357 79 15 36
763 25 385 178 27 57
763 26 368 179 23 56
763 27 465 242 31 71
763 28 486 237 29 77
763 29 -3 109 26 46
763 31 124 108 14 37
763 30 116 105 17 39
763 37 443 152 21 56
763 38 236 16 20 11
763 38 24 17 16 27
763 43 165 47 12 28
763 44 172 47 11 28
763 45 601 105 19 44
763 46 630 117 20 41
763 47 642 134 15 26
763 50 348 57 12 30
764 1 296 273 28 82
764 2 273 282 24 75
764 3 252 266 22 81
764 8 120 27 13 25
764 9 116 26 12 26
764 10 109 29 11 23
764 13 192 55 15 32
764 14 178 67 16 34
764 15 221 82 14 41
764 16 228 86 19 37
764 17 215 85 14 39
764 18 184 90 17 41
764 19 198 86 15 42
764 20 188 65 12 33
764 23 347 78 15 37
764 24 357 79 15 35
764 25 384 177 27 58
764 26 368 178 24 57
764 27 465 241 29 66
764 28 485 236 29 76
764 29 -3 109 26 45
764 31 123 108 14 37
764 30 116 105 17 39
764 37 445 152 21 56
764 38 236 16 20 11
764 38 24 17 16 27
764 43 165 47 12 28
764 44 173 47 11 29
764 45 601 105 19 44
764 46 630 117 20 41
764 47 640 134 16 26
764 50 348 57 12 30
765 1 296 273 28 82
765 2 273 282 24 75
765 3 252 266 26 81
765 8 120 27 13 25
765 9 115 26 12 26
765 10 109 29 11 23
765 13 193 55 16 32
765 14 178 67 16 34
765 15 221 82 14 41
765 16 228 86 19 37
765 17 214 84 13 39
765 18 184 90 17 40
765 19 198 86 15 42
765 20 188 65 12 33
765 23 346 78 15 37
765 24 357 79 15 35
765 25 383 177 27 58
765 26 366 178 25 59
765 27 464 240 29 66
765 28 484 235 29 76
765 29 -6 109 25 45
765 31 122 108 14 37
765 30 115 106 17 39
765 37 446 153 21 56
765 38 236 16 20 11
765 38 24 17 16 27
765 43 166 48 12 29
765 44 173 47 11 29
765 45 601 104 19 44
765 46 628 117 20 43
765 47 640 134 16 26
765 50 348 57 12 30
766 1 296 273 28 83
766 2 273 282 24 75
766 3 252 266 26 81
766 8 120 27 13 24
766 9 115 26 12 26
766 10 109 29 11 23
766 13 193 55 15 31
766 14 178 66 15 34
766 15 221 82 14 41
766 16 227 86 19 37
766 17 214 84 13 39
766 18 184 90 17 40
766 19 197 86 15 42
766 20 188 64 12 34
766 23 346 78 15 36
766 24 356 79 15 35
766 25 383 176 26 57
766 26 366 178 25 59
766 27 463 239 29 67
766 28 483 235 29 76
766 29 -8 109 27 46
766 31 121 109 14 37
766 30 114 106 17 39
766 37 447 153 21 56
766 38 236 16 20 11
766 38 24 17 14 27
766 43 166 48 12 29
766 44 173 47 11 29
766 45 600 104 19 44
766 46 628 117 20 43
766 47 639 134 16 26
766 50 348 57 12 30
767 1 296 272 28 83
767 2 273 282 23 74
767 3 252 266 26 81
767 8 120 27 13 24
767 9 115 26 12 26
767 10 109 29 11 23
767 13 194 55 16 31
767 14 178 66 15 34
767 15 220 82 14 41
767 16 227 86 19 37
767 17 214 84 13 40
767 18 183 90 17 40
767 19 197 86 15 42
767 20 187 64 12 34
767 23 346 78 15 36
767 24 356 79 15 35
767 25 382 176 26 56
767 26 365 177 25 59
767 27 462 239 29 65
767 28 480 234 31 76
767 29 -9 109 25 46
767 31 120 109 14 36
767 30 113 106 16 39
767 37 447 154 24 56
767 38 236 16 20 11
767 38 24 17 14 27
767 43 166 48 12 29
767 44 173 47 11 29
767 45 599 104 19 43
767 46 627 117 19 43
767 47 639 134 16 25
767 50 348 57 12 31
768 1 296 272 28 83
768 2 273 282 23 74
768 3 252 266 26 81
768 8 120 27 13 24
768 9 115 26 12 26
768 10 109 29 11 23
768 13 194 55 16 32
768 14 178 66 15 34
768 15 220 82 14 41
768 16 227 86 19 37
768 17 214 84 13 40
768 18 183 90 17 40
768 19 197 86 15 42
768 20 187 64 12 33
768 23 346 78 15 36
768 24 356 79 15 35
768 25 382 176 26 56
768 26 365 177 25 59
768 27 461 239 32 67
768 28 480 234 31 76
768 29 -9 109 25 46
768 31 121 109 14 36
768 30 113 106 17 40
768 37 447 154 24 56
768 38 236 16 20 11
768 38 24 17 14 27
768 43 166 48 12 29
768 44 173 47 11 29
768 45 599 104 19 43
768 46 627 117 19 43
768 47 639 134 16 25
768 50 348 56 12 31
769 1 296 272 28 83
769 2 270 278 25 80
769 3 252 266 26 81
769 8 119 27 13 24
769 9 115 26 12 26
769 10 108 28 12 23
769 13 195 55 15 32
769 14 177 66 16 33
769 15 220 82 14 40
769 16 227 86 19 36
769 17 214 84 13 39
769 18 183 90 17 40
769 19 197 86 15 42
769 20 187 64 12 33
769 23 345 78 15 35
769 24 355 78 16 36
769 25 382 175 26 56
769 26 365 177 25 60
769 27 460 239 32 67
769 28 474 233 36 75
769 29 -10 109 25 46
769 31 120 109 14 35
769 30 109 104 21 42
769 37 448 155 24 56
769 38 236 16 20 11
769 38 24 17 14 27
769 43 166 48 12 29
769 44 173 47 11 29
769 45 599 104 19 43
769 46 626 118 19 37
769 47 636 131 15 28
769 50 348 56 12 30
770 1 296 272 28 83
770 2 273 282 23 74
770 3 252 266 26 81
770 8 119 27 13 24
770 9 114 26 12 26
770 10 108 28 12 23
770 13 195 55 15 32
770 14 177 66 16 33
770 15 220 82 14 40
770 16 226 85 19 38
770 17 213 84 13 39
770 18 182 89 17 40
770 19 196 86 15 42
770 20 187 64 12 33
770 23 345 77 15 36
770 24 355 78 16 36
770 25 381 175 26 56
770 26 364 176 25 60
770 27 459 238 29 66
770 28 473 232 36 75
770 29 -11 109 24 46
770 31 120 111 12 31
770 30 108 104 20 42
770 37 449 155 24 56
770 38 236 16 20 11
770 38 24 17 14 27
770 43 166 48 12 29
770 44 173 47 11 29
770 45 598 104 18 43
770 46 626 118 19 37
770 47 636 131 15 28
770 50 348 56 12 30
771 1 296 272 28 83
771 2 273 282 23 74
771 3 252 266 26 81
771 8 119 27 13 24
771 9 114 26 12 26
771 10 107 28 12 23
771 13 195 55 15 32
771 14 177 66 16 33
771 15 220 82 14 40
771 16 226 85 19 38
771 17 213 84 13 39
771 18 182 89 17 40
771 19 196 86 15 42
771 20 187 64 11 32
771 23 345 77 15 36
771 24 355 78 15 35
771 25 381 174 26 56
771 26 364 178 24 56
771 27 458 238 28 65
771 28 472 232 36 76
771 29 -12 109 29 47
771 31 116 104 17 42
771 30 108 104 20 43
771 37 447 156 28 56
771 38 236 16 20 11
771 38 24 17 14 27
771 43 166 48 12 27
771 44 173 47 11 29
771 45 598 104 18 43
771 46 625 118 19 37
771 47 635 131 15 28
771 50 348 56 12 30
772 1 296 272 28 83
772 2 273 282 23 74
772 3 252 266 26 81
772 8 119 27 13 24
772 9 114 27 12 25
772 10 107 28 12 23
772 13 195 55 15 32
772 14 176 66 16 32
772 15 219 82 14 40
772 16 226 85 19 37
772 17 213 84 13 39
772 18 181 88 17 40
772 19 196 86 15 42
772 20 187 64 11 32
772 23 344 77 15 36
772 24 354 77 15 36
772 25 381 174 25 56
772 26 364 177 24 56
772 27 455 237 30 68
772 28 471 232 35 74
772 29 -14 109 30 47
772 31 115 105 17 41
772 30 106 103 21 44
772 37 448 156 29 56
772 38 236 16 20 11
772 38 24 17 14 27
772 43 166 48 12 27
772 44 174 48 12 28
772 45 598 104 18 43
772 46 625 117 19 37
772 47 635 130 15 28
772 50 348 56 12 30
773 1 296 272 28 83
773 2 273 282 23 74
773 3 252 266 26 81
773 8 119 28 12 23
773 9 114 27 12 25
773 10 107 28 12 23
773 13 195 54 15 32
773 14 176 66 16 35
773 15 219 82 14 39
773 16 226 85 19 38
773 17 212 84 13 39
773 18 181 88 17 41
773 19 195 86 15 42
773 20 186 64 11 32
773 23 344 77 15 36
773 24 353 77 16 37
773 25 381 174 25 56
773 26 363 177 24 57
773 27 454 236 30 68
773 28 470 234 35 70
773 29 -15 109 30 47
773 31 115 104 15 42
773 30 106 103 21 44
773 37 451 156 23 57
773 38 236 16 20 11
773 38 24 17 14 27
773 43 166 49 12 28
773 44 174 48 12 28
773 45 595 103 21 44
773 46 625 117 19 38
773 47 633 130 16 29
773 50 348 56 12 30
774 1 296 272 28 83
774 2 273 283 23 74
774 3 252 266 26 81
774 8 119 27 12 24
774 9 114 27 12 25
774 10 107 28 12 23
774 13 195 54 15 32
774 14 176 66 16 35
774 15 219 82 14 39
774 16 226 85 19 37
774 17 212 84 13 39
774 18 181 88 17 41
774 19 195 86 15 42
774 20 186 64 11 32
774 23 344 77 15 36
774 24 354 77 15 36
774 25 381 174 25 56
774 26 363 177 24 57
774 27 454 236 30 68
774 28 470 234 35 70
774 29 -15 109 30 47
774 31 115 104 15 42
774 30 106 103 21 44
774 37 451 156 23 57
774 38 236 16 20 11
774 43 166 48 12 29
774 44 174 48 12 28
774 45 595 103 21 44
774 46 625 117 19 38
774 47 633 130 16 29
774 50 348 56 12 30
775 1 296 272 28 83
775 2 273 283 23 74
775 3 252 266 26 81
775 8 119 27 12 24
775 9 114 27 12 25
775 10 107 28 12 23
775 13 195 54 15 32
775 14 176 66 16 35
775 15 219 82 14 39
775 16 226 84 20 38
775 17 212 84 13 38
775 18 180 88 17 41
775 19 195 85 15 42
775 20 186 65 11 31
775 23 344 77 15 36
775 24 353 77 16 37
775 25 380 174 25 56
775 26 363 177 24 55
775 27 453 236 30 69
775 28 469 233 35 70
775 29 -17 110 29 47
775 31 115 104 15 42
775 30 106 104 21 43
775 37 452 156 23 57
775 38 236 16 20 11
775 43 166 48 12 29
775 44 174 48 12 28
775 45 595 103 21 44
775 46 625 117 19 38
775 47 632 130 17 31
775 50 348 56 12 30
776 1 296 272 28 82
776 2 273 282 23 74
776 3 251 266 27 79
776 8 118 26 13 25
776 9 114 27 12 25
776 10 107 28 12 23
776 13 195 54 15 32
776 14 176 66 16 34
776 15 218 80 14 41
776 16 226 84 17 36
776 17 211 84 13 38
776 18 180 88 17 40
776 19 196 85 15 41
776 20 186 65 11 31
776 23 343 77 15 36
776 24 353 77 16 36
776 25 380 173 25 56
776 26 362 175 23 57
776 27 452 235 30 67
776 28 468 233 34 69
776 29 -17 110 29 47
776 31 114 104 14 42
776 30 105 104 20 42
776 37 455 156 23 59
776 38 236 16 20 11
776 43 166 48 12 29
776 44 174 48 12 28
776 45 594 103 21 44
776 46 623 117 20 38
776 47 633 130 16 28
776 50 348 56 12 30
777 1 296 272 28 82
777 2 272 282 24 74
777 3 251 266 27 79
777 8 119 27 12 23
777 9 113 27 12 24
777 10 107 29 12 22
777 13 195 54 15 32
777 14 175 66 16 34
777 15 218 80 14 41
777 16 226 84 17 36
777 17 211 82 13 39
777 18 180 88 16 39
777 19 195 84 15 43
777 20 185 65 11 31
777 23 343 77 15 36
777 24 352 77 16 36
777 25 380 173 25 56
777 26 362 175 23 57
777 27 455 234 27 66
777 28 467 232 34 69
777 29 -18 110 29 47
777 31 114 104 14 41
777 30 105 104 20 42
777 37 456 156 23 60
777 38 236 16 20 11
777 43 167 48 12 29
777 44 174 48 12 28
777 45 594 103 21 45
777 46 623 117 19 40
777 47 631 130 15 28
777 50 348 56 12 30
778 1 296 272 28 82
778 2 272 282 24 75
778 3 251 266 27 79
778 8 118 27 13 24
778 9 113 27 12 24
778 10 107 29 12 22
778 13 195 53 15 32
778 14 175 66 16 35
778 15 218 80 14 42
778 16 226 84 17 36
778 17 209 82 14 40
778 18 179 88 17 40
778 19 194 84 15 43
778 20 185 64 11 31
778 23 342 77 14 35
778 24 352 77 16 36
778 25 379 172 25 56
778 26 361 174 23 58
778 27 454 233 27 67
778 28 469 231 29 68
778 29 -21 109 29 49
778 31 106 104 19 42
778 30 105 104 20 42
778 37 459 156 20 57
778 38 236 16 20 11
778 43 167 48 12 29
778 44 174 48 12 28
778 45 594 104 20 43
778 46 622 117 19 40
778 47 631 130 15 28
778 50 348 56 12 30
779 1 296 272 28 81
779 2 272 282 24 75
779 3 251 266 27 79
779 8 118 27 12 23
779 9 113 27 12 24
779 10 107 29 12 22
779 13 195 53 15 32
779 14 175 66 16 35
779 15 217 79 15 43
779 16 225 84 17 36
779 17 208 82 14 39
779 18 179 88 17 41
779 19 195 84 15 42
779 20 185 64 11 32
779 23 342 77 14 35
779 24 352 77 16 36
779 25 379 172 25 56
779 26 361 174 23 58
779 27 453 232 28 68
779 28 468 230 29 69
779 29 -23 108 28 50
779 31 106 104 19 42
779 30 105 104 20 42
779 37 460 156 20 57
779 38 237 16 20 11
779 41 644 133 15 48
779 43 167 48 12 29
779 44 174 48 12 28
779 45 593 103 21 45
779 46 622 117 19 40
779 47 630 129 15 28
779 50 348 56 12 30
780 1 296 272 28 81
780 2 272 282 24 75
780 3 251 266 27 79
780 8 119 27 12 23
780 9 113 27 12 24
780 10 107 29 12 22
780 13 195 53 15 32
780 14 175 65 15 34
780 15 217 79 15 43
780 16 225 84 17 36
780 17 208 81 14 40
780 18 177 88 18 41
780 19 195 84 15 41
780 20 185 64 11 32
780 23 342 77 14 35
780 24 352 77 16 36
780 25 379 172 25 56
780 26 361 174 23 58
780 27 453 232 28 66
780 28 468 230 29 69
780 29 -22 108 26 49
780 31 106 104 19 42
780 30 105 104 20 42
780 37 460 156 20 57
780 38 236 16 20 11
780 41 644 133 15 48
780 43 167 48 12 29
780 44 174 48 12 28
780 45 593 103 21 45
780 46 622 117 19 40
780 47 630 130 16 31
780 50 348 56 12 30
781 1 296 271 28 83
781 2 271 282 24 75
781 3 251 266 27 79
781 8 118 27 12 23
781 9 113 27 12 24
781 10 107 29 12 22
781 13 195 53 15 32
781 14 175 65 15 34
781 15 217 79 14 42
781 16 225 84 17 36
781 17 209 82 13 38
781 18 177 88 19 38
781 19 194 84 15 41
781 20 184 63 11 32
781 23 341 76 14 35
781 24 351 77 15 35
781 25 379 171 25 55
781 26 360 174 23 57
781 27 452 231 28 66
781 28 467 229 29 69
781 29 -22 108 25 49
781 31 105 104 19 43
781 30 104 104 20 42
781 37 462 157 19 58
781 38 237 15 20 11
781 41 643 133 17 47
781 43 167 48 12 29
781 44 174 48 12 29
781 45 593 102 21 45
781 46 622 117 19 40
781 47 629 129 15 28
781 50 348 56 12 30
782 1 297 272 28 81
782 2 271 282 24 75
782 3 251 266 27 79
782 8 117 26 13 24
782 9 113 27 12 24
782 10 106 29 12 22
782 13 195 53 15 32
782 14 174 65 15 34
782 15 216 79 15 44
782 16 225 84 17 36
782 17 207 81 15 43
782 18 177 88 19 38
782 19 194 84 14 40
782 20 184 63 11 32
782 23 341 76 14 35
782 24 351 76 14 36
782 25 379 171 24 54
782 26 360 173 23 56
782 27 450 229 30 67
782 28 466 228 29 68
782 29 -23 108 25 49
782 31 105 103 19 43
782 30 104 104 20 42
782 37 463 158 21 58
782 38 237 15 20 11
782 41 639 133 21 47
782 43 167 48 12 29
782 44 175 48 12 28
782 45 593 102 21 45
782 46 621 117 18 40
782 47 628 129 15 30
782 50 348 56 12 31
783 1 296 271 28 83
783 2 271 282 24 75
783 3 252 266 27 79
783 8 118 27 12 23
783 9 113 26 12 24
783 10 106 29 12 22
783 13 195 53 15 32
783 14 174 64 15 34
783 15 216 79 13 42
783 16 224 84 17 36
783 17 207 81 15 43
783 18 176 88 19 38
783 19 194 84 14 40
783 20 184 62 12 33
783 23 340 76 15 36
783 24 351 76 14 36
783 25 379 170 24 54
783 26 360 173 23 56
783 27 449 229 30 67
783 28 465 228 29 69
783 29 -26 108 26 49
783 31 96 104 28 42
783 30 104 104 16 42
783 37 464 159 21 57
783 38 237 15 20 11
783 41 638 133 25 47
783 43 167 48 12 29
783 44 175 48 12 29
783 45 593 102 21 45
783 46 616 117 22 36
783 47 628 129 15 29
783 50 348 56 12 30
784 1 292 271 29 82
784 2 271 281 24 76
784 3 252 267 27 79
784 8 118 27 12 23
784 9 113 27 12 23
784 10 106 29 12 22
784 13 195 53 15 32
784 14 174 64 15 34
784 15 216 79 13 42
784 16 224 84 17 36
784 17 206 81 15 43
784 18 176 87 19 38
784 19 193 84 14 38
784 20 184 62 12 33
784 23 340 76 14 35
784 24 350 76 14 36
784 25 379 170 24 53
784 26 359 173 22 56
784 27 448 228 26 67
784 28 461 227 30 71
784 29 -26 108 26 49
784 31 95 104 28 42
784 30 104 104 16 42
784 37 463 160 24 57
784 38 237 15 20 11
784 41 637 133 23 47
784 43 167 48 12 29
784 44 175 48 12 29
784 45 592 102 21 45
784 46 615 117 22 36
784 47 626 129 16 29
784 50 348 56 12 30
785 1 295 270 29 85
785 2 270 281 24 76
785 3 252 267 27 79
785 8 118 27 12 23
785 9 113 27 12 23
785 10 106 29 12 22
785 13 195 53 15 32
785 14 174 64 15 33
785 15 216 79 13 41
785 16 224 83 17 36
785 17 206 81 15 43
785 18 175 87 19 39
785 19 191 84 18 41
785 20 184 62 11 32
785 23 339 76 14 35
785 24 349 75 15 38
785 25 378 170 23 52
785 26 359 173 23 56
785 27 443 228 30 66
785 28 463 227 29 68
785 29 -27 109 26 48
785 31 95 104 29 44
785 30 103 104 17 43
785 37 464 160 24 57
785 38 237 15 20 11
785 41 639 133 22 47
785 43 168 49 12 29
785 44 175 48 12 29
785 45 594 102 19 44
785 46 615 117 22 36
785 47 626 129 16 29
785 50 348 56 12 30
786 1 295 271 28 83
786 2 269 280 25 78
786 3 252 267 27 79
786 8 118 27 12 23
786 9 113 27 12 23
786 10 106 29 12 22
786 13 195 53 15 32
786 14 174 64 15 33
786 15 216 79 13 42
786 16 224 83 17 36
786 17 206 81 15 43
786 18 175 87 19 39
786 19 191 84 18 41
786 20 184 62 11 32
786 23 339 76 14 35
786 24 348 74 15 36
786 25 377 170 25 57
786 26 359 173 23 56
786 27 443 228 30 66
786 28 463 227 29 68
786 29 -27 109 26 49
786 31 95 104 28 42
786 30 103 104 17 43
786 37 464 160 24 57
786 38 237 15 20 11
786 41 639 133 24 47
786 43 168 49 12 29
786 44 175 48 12 29
786 45 594 102 19 44
786 46 615 117 22 36
786 47 626 129 16 29
786 50 348 56 12 30
787 1 289 271 34 80
787 2 269 281 24 76
787 3 252 267 27 78
787 8 118 27 12 23
787 9 113 27 12 23
787 10 106 29 12 22
787 13 195 53 15 32
787 14 173 64 16 31
787 15 216 79 13 41
787 16 223 83 17 36
787 17 204 81 16 41
787 18 174 86 19 39
787 19 191 84 18 41
787 20 183 62 11 32
787 23 339 75 14 35
787 24 348 74 15 36
787 25 376 170 24 53
787 26 358 172 23 56
787 27 442 228 30 66
787 28 462 226 30 72
787 29 -28 109 26 48
787 31 94 103 29 44
787 30 103 104 17 43
787 37 465 164 24 55
787 38 236 15 20 11
787 41 638 133 27 47
787 43 168 49 12 29
787 44 175 48 12 28
787 45 594 102 19 44
787 46 613 117 23 39
787 47 625 129 16 29
787 50 348 56 12 31
788 1 289 271 34 80
788 2 269 280 24 76
788 3 253 267 27 80
788 8 117 25 13 25
788 9 112 27 12 23
788 10 105 28 12 22
788 13 195 53 15 32
788 14 173 64 16 31
788 15 215 79 14 42
788 16 223 83 17 36
788 17 204 81 16 41
788 18 174 86 20 39
788 19 190 84 18 40
788 20 183 62 11 32
788 23 339 75 14 35
788 24 347 74 15 36
788 25 375 169 24 53
788 26 358 172 23 57
788 27 441 227 30 67
788 28 461 225 30 72
788 29 -28 110 25 48
788 31 93 103 26 44
788 30 100 104 20 43
788 37 466 164 24 55
788 38 237 15 20 11
788 41 637 133 23 47
788 43 168 49 12 29
788 44 176 48 12 29
788 45 593 102 19 44
788 46 612 117 23 39
788 47 625 129 16 29
788 50 348 56 12 31
789 1 288 271 34 80
789 2 269 279 25 78
789 3 253 267 27 80
789 8 116 25 13 24
789 9 112 27 12 23
789 10 105 28 12 22
789 13 195 53 15 32
789 14 173 64 14 31
789 15 215 79 14 42
789 16 223 82 17 36
789 17 203 81 16 41
789 18 174 86 19 38
789 19 190 84 18 40
789 20 183 62 11 32
789 23 338 75 14 35
789 24 347 74 15 35
789 25 375 169 24 53
789 26 358 171 23 56
789 27 443 226 28 67
789 28 460 225 30 72
789 29 -29 110 26 48
789 31 92 103 26 44
789 30 100 104 20 43
789 37 467 165 24 55
789 38 236 15 20 11
789 41 638 133 22 47
789 43 168 49 12 29
789 44 176 48 12 29
789 45 593 102 19 43
789 46 612 117 23 39
789 47 624 129 15 29
789 50 348 56 12 31
790 1 288 271 34 80
790 2 269 280 24 77
790 3 253 267 27 80
790 8 116 25 13 24
790 9 112 27 12 23
790 10 105 28 12 22
790 13 195 53 15 32
790 14 173 64 14 31
790 15 214 79 14 42
790 16 222 82 17 35
790 17 202 80 17 42
790 18 173 86 19 38
790 19 189 84 18 40
790 20 183 62 11 31
790 23 338 75 14 35
790 24 347 74 15 35
790 25 374 169 24 53
790 26 357 170 23 58
790 27 442 225 28 67
790 28 459 224 30 72
790 29 -31 110 26 48
790 31 92 102 22 45
790 30 98 104 17 43
790 37 469 165 24 56
790 38 236 15 20 11
790 41 637 133 21 48
790 43 168 49 12 29
790 44 176 48 12 29
790 45 593 102 19 44
790 46 611 117 23 39
790 47 623 129 15 29
790 50 348 56 12 30
791 1 287 271 34 80
791 2 269 280 24 77
791 3 253 268 27 79
791 8 116 24 13 25
791 9 112 27 12 23
791 10 105 28 12 22
791 13 195 52 14 31
791 14 173 64 14 31
791 15 214 78 14 42
791 16 222 82 17 37
791 17 202 80 16 41
791 18 173 86 19 38
791 19 189 83 18 41
791 20 183 62 11 31
791 23 338 75 14 35
791 24 347 74 15 35
791 25 374 169 24 53
791 26 356 170 24 58
791 27 441 224 26 68
791 28 457 223 30 73
791 29 -32 110 25 47
791 31 91 102 22 45
791 30 98 104 17 43
791 37 471 165 23 53
791 38 236 15 20 11
791 41 637 133 21 48
791 43 168 49 13 29
791 44 176 48 12 29
791 45 593 101 19 44
791 46 613 117 21 38
791 47 623 129 16 30
791 50 348 56 12 30
792 1 287 271 34 80
792 2 269 280 24 77
792 3 253 268 27 79
792 8 116 24 13 24
792 9 112 27 12 23
792 10 105 28 12 22
792 13 195 52 14 31
792 14 173 64 14 31
792 15 214 78 14 42
792 16 223 82 17 36
792 17 202 80 16 41
792 18 173 86 19 38
792 19 189 83 18 41
792 20 183 62 11 31
792 23 338 75 14 35
792 24 347 74 15 35
792 25 374 169 24 53
792 26 356 170 24 59
792 27 441 224 26 68
792 28 458 223 30 73
792 31 91 102 22 45
792 30 98 104 17 43
792 37 471 165 23 53
792 38 236 15 20 11
792 41 637 133 21 48
792 43 168 49 12 29
792 44 176 48 12 29
792 45 592 101 20 45
792 46 613 117 21 38
792 47 623 129 16 30
792 50 348 56 12 30
793 1 286 271 34 80
793 2 269 280 24 77
793 3 254 268 27 79
793 8 115 24 13 24
793 9 112 27 12 23
793 10 105 28 12 22
793 13 194 51 14 34
793 14 173 64 14 31
793 15 214 78 14 43
793 16 221 82 17 36
793 17 202 79 17 43
793 18 173 86 19 38
793 19 188 83 19 41
793 20 182 62 11 32
793 23 337 75 14 35
793 24 346 74 14 35
793 25 373 168 24 53
793 26 355 169 24 54
793 27 440 223 26 69
793 28 456 222 31 74
793 31 91 102 18 43
793 30 97 103 17 42
793 37 472 165 23 53
793 38 236 15 20 11
793 41 636 132 21 48
793 43 168 49 13 29
793 44 177 49 11 29
793 45 592 102 19 44
793 46 613 117 21 38
793 47 622 128 15 30
793 50 348 56 12 30
794 1 286 270 34 80
794 2 268 280 24 77
794 3 254 268 27 79
794 8 115 24 14 25
794 9 111 27 11 23
794 10 104 28 12 22
794 13 194 51 14 32
794 14 172 64 14 31
794 15 212 78 15 39
794 16 222 82 17 36
794 17 202 79 16 42
794 18 173 86 19 38
794 19 188 82 19 41
794 20 182 61 11 32
794 23 336 74 15 36
794 24 346 74 14 35
794 25 374 168 23 52
794 26 354 169 24 54
794 27 439 222 26 69
794 28 458 221 27 73
794 31 90 101 18 44
794 30 95 103 16 42
794 37 474 165 23 53
794 38 236 15 20 11
794 41 634 133 21 48
794 43 168 49 13 29
794 44 177 49 11 29
794 45 591 101 19 45
794 46 612 117 20 38
794 47 622 128 16 30
794 50 348 56 12 30
795 1 285 270 34 80
795 2 268 280 24 77
795 3 254 268 27 79
795 8 115 25 13 24
795 9 111 27 11 23
795 10 104 28 12 22
795 13 194 51 14 32
795 14 172 64 14 31
795 15 211 78 15 39
795 16 221 82 17 36
795 17 200 79 16 42
795 18 172 86 19 38
795 19 187 82 18 40
795 20 182 61 11 32
795 23 336 74 15 35
795 24 346 73 14 35
795 25 372 167 23 51
795 26 354 168 24 54
795 27 438 221 26 66
795 28 457 220 27 73
795 31 89 101 18 44
795 30 94 103 16 42
795 37 475 166 23 53
795 38 236 15 20 11
795 41 633 133 21 47
795 43 169 49 13 29
795 44 177 49 11 29
795 45 590 101 18 44
795 46 612 116 20 38
795 47 621 128 16 30
795 50 348 56 12 30
796 1 286 270 32 78
796 2 268 280 24 77
796 3 254 268 27 79
796 8 115 25 13 24
796 9 111 26 11 23
796 10 104 28 12 22
796 13 194 51 14 32
796 14 172 64 13 29
796 15 211 78 15 39
796 16 221 82 17 36
796 17 200 80 16 41
796 18 172 86 19 37
796 19 187 82 18 39
796 20 181 61 11 32
796 23 336 74 15 37
796 24 345 73 14 35
796 25 371 167 23 52
796 26 354 168 24 55
796 27 437 220 26 66
796 28 456 219 28 69
796 31 88 101 18 44
796 30 94 103 16 42
796 37 475 167 23 52
796 38 236 15 20 11
796 41 631 133 21 48
796 43 169 49 13 29
796 44 177 49 11 29
796 45 590 101 18 44
796 46 611 116 20 39
796 47 621 128 16 31
796 50 348 56 12 30
797 1 286 270 32 78
797 2 268 280 24 77
797 3 254 268 23 79
797 8 115 25 13 24
797 9 111 26 11 23
797 10 104 28 12 22
797 13 194 51 14 32
797 14 172 64 13 29
797 15 210 77 15 39
797 16 221 82 17 36
797 17 200 80 16 41
797 18 172 86 19 38
797 19 186 82 18 40
797 20 181 61 11 32
797 23 335 74 14 35
797 24 345 73 14 35
797 25 371 166 23 52
797 26 353 168 25 55
797 27 433 220 29 65
797 28 455 218 28 69
797 31 86 101 19 45
797 30 93 103 16 42
797 37 477 168 23 53
797 38 236 15 20 11
797 41 631 133 21 48
797 43 169 49 12 29
797 44 177 49 11 29
797 45 588 101 20 45
797 46 613 116 17 39
797 47 619 129 17 29
797 50 348 56 12 30
798 1 286 270 32 78
798 2 268 280 24 77
798 3 254 268 23 79
798 8 115 25 13 24
798 9 111 26 11 23
798 10 104 28 12 22
798 13 194 51 14 32
798 14 172 64 13 29
798 15 210 77 15 39
798 16 221 82 17 36
798 17 200 80 16 41
798 18 172 86 19 38
798 19 186 82 18 39
798 20 181 61 11 32
798 23 335 74 14 35
798 24 345 73 14 35
798 25 371 166 22 54
798 26 353 168 25 55
798 27 433 220 29 65
798 28 455 218 28 69
798 31 87 102 17 42
798 30 93 103 16 42
798 37 476 168 23 52
798 38 236 15 20 11
798 41 625 134 27 47
798 43 172 49 13 28
798 44 177 49 11 29
798 45 588 101 20 45
798 46 613 116 17 39
798 47 619 129 17 29
798 50 348 56 12 30
799 1 285 270 32 78
799 2 268 280 24 77
799 3 254 268 23 79
799 8 114 25 13 24
799 9 111 26 11 23
799 10 104 28 12 22
799 13 194 51 14 32
799 14 171 64 14 29
799 15 210 77 15 39
799 16 220 82 17 36
799 17 199 80 16 41
799 18 172 85 18 37
799 19 186 82 18 40
799 20 181 61 11 32
799 23 335 74 14 35
799 24 345 73 15 35
799 25 370 166 22 54
799 26 353 167 25 55
799 27 432 220 29 65
799 28 454 217 27 70
799 31 85 101 19 45
799 30 92 103 19 43
799 37 478 169 27 55
799 38 236 15 20 11
799 41 624 134 27 47
799 43 172 49 13 28
799 44 178 49 11 28
799 45 588 101 20 45
799 46 613 116 17 39
799 47 619 129 17 29
799 50 348 56 12 30
800 1 285 270 32 78
800 2 268 280 24 77
800 3 254 268 23 79
800 8 114 25 13 24
800 9 109 26 12 23
800 10 103 28 12 22
800 13 194 51 14 32
800 14 171 64 14 29
800 15 210 77 15 39
800 16 220 81 17 35
800 17 199 80 16 42
800 18 171 85 19 37
800 19 185 82 18 41
800 20 181 61 11 32
800 23 335 74 14 35
800 24 344 73 15 36
800 25 370 165 22 55
800 26 352 167 24 56
800 27 431 219 29 65
800 28 453 216 27 70
800 31 85 101 19 45
800 30 91 103 19 43
800 37 479 170 27 55
800 38 236 15 20 11
800 41 624 134 27 47
800 43 172 49 13 28
800 44 178 49 11 28
800 45 586 101 21 45
800 46 612 116 17 39
800 47 618 129 17 29
800 50 348 56 12 30
801 1 285 269 32 78
801 2 268 280 24 77
801 3 254 268 23 79
801 8 114 25 13 24
801 9 109 26 12 23
801 10 103 28 12 22
801 13 194 51 14 32
801 14 171 64 14 29
801 15 210 77 15 39
801 16 221 81 16 33
801 17 199 80 16 42
801 18 171 85 19 38
801 19 186 82 18 40
801 20 181 61 11 31
801 23 334 74 14 35
801 24 344 73 15 36
801 25 370 165 21 51
801 26 352 167 24 56
801 27 432 219 27 67
801 28 452 216 27 71
801 31 83 102 18 43
801 30 91 103 19 43
801 37 478 170 29 55
801 38 236 15 20 11
801 41 623 134 26 47
801 43 172 49 13 28
801 44 178 49 11 28
801 45 586 101 21 45
801 46 612 116 17 40
801 47 617 129 16 29
801 50 348 56 12 30
802 1 284 269 31 78
802 2 268 280 24 77
802 3 254 268 23 79
802 8 113 25 13 24
802 9 109 26 12 23
802 10 103 28 12 22
802 13 194 51 14 31
802 14 170 64 14 29
802 15 209 77 15 39
802 16 220 81 16 33
802 17 199 80 16 41
802 18 171 84 19 38
802 19 185 82 18 40
802 20 180 61 11 31
802 23 334 74 14 35
802 24 343 73 13 36
802 25 369 165 22 54
802 26 351 166 24 56
802 27 431 218 27 67
802 28 447 215 29 72
802 31 82 102 19 45
802 30 90 103 19 43
802 37 479 170 29 58
802 38 236 15 20 11
802 41 623 134 25 47
802 43 172 49 13 28
802 44 178 49 11 28
802 45 585 101 21 45
802 46 611 116 17 40
802 47 617 129 16 29
802 50 348 56 12 31
803 1 284 269 31 79
803 2 269 280 24 77
803 3 254 268 23 79
803 8 113 25 13 25
803 9 109 26 12 23
803 10 103 28 12 22
803 13 194 51 14 31
803 14 170 64 14 28
803 15 209 77 15 38
803 16 220 81 16 33
803 17 198 80 16 41
803 18 171 84 19 38
803 19 185 82 19 41
803 20 180 61 11 31
803 23 334 74 14 35
803 24 343 73 13 36
803 25 368 165 22 54
803 26 350 166 24 56
803 27 430 218 27 68
803 28 446 215 29 72
803 31 81 102 19 44
803 30 89 102 19 44
803 37 480 170 29 58
803 38 236 15 20 11
803 41 622 134 25 47
803 43 172 49 12 27
803 44 178 49 11 28
803 45 585 101 21 45
803 46 606 116 22 39
803 47 617 129 16 29
803 50 348 56 12 31
804 1 284 269 31 79
804 2 269 280 24 77
804 3 254 268 23 79
804 8 113 25 13 25
804 9 109 26 12 23
804 10 103 28 12 22
804 13 194 51 14 31
804 14 170 64 14 28
804 15 210 77 14 41
804 16 220 81 16 33
804 17 198 79 16 42
804 18 171 84 19 40
804 19 184 82 18 41
804 20 180 61 11 31
804 23 334 74 14 35
804 24 343 73 13 36
804 25 369 165 22 54
804 26 350 166 24 56
804 27 430 218 27 68
804 28 446 215 29 72
804 31 81 102 18 43
804 30 89 102 19 43
804 37 478 170 31 58
804 38 236 15 20 11
804 41 624 134 25 47
804 43 172 49 12 27
804 44 178 49 11 28
804 45 585 101 21 45
804 46 606 116 22 39
804 47 617 129 16 29
804 50 348 56 12 31
805 1 284 269 31 79
805 2 269 280 24 77
805 3 254 268 23 79
805 8 113 25 13 24
805 9 109 26 12 23
805 10 102 28 12 22
805 13 194 50 14 32
805 14 170 64 13 28
805 15 210 77 14 41
805 16 220 81 16 34
805 17 197 79 16 42
805 18 171 84 19 40
805 19 186 82 16 40
805 20 179 61 11 32
805 23 333 74 14 35
805 24 342 72 13 37
805 25 369 166 21 53
805 26 350 166 24 56
805 27 429 217 27 68
805 28 445 214 28 70
805 31 80 102 19 43
805 30 88 101 18 46
805 37 479 170 31 58
805 38 236 15 20 11
805 41 623 134 24 47
805 43 172 49 12 27
805 44 178 49 11 29
805 45 584 101 21 45
805 46 606 116 22 39
805 47 616 129 15 29
805 50 348 56 12 31
806 1 284 269 31 79
806 2 269 280 24 77
806 3 254 268 23 79
806 8 113 25 13 23
806 9 108 26 12 23
806 10 102 28 12 22
806 13 194 50 14 32
806 14 170 64 13 28
806 15 210 77 14 41
806 16 219 81 16 33
806 17 197 80 15 39
806 18 171 84 19 40
806 19 186 82 16 40
806 20 179 61 11 30
806 23 333 73 14 35
806 24 342 72 13 37
806 25 368 165 22 52
806 26 349 165 24 56
806 27 428 216 27 66
806 28 444 214 29 71
806 31 79 101 18 43
806 30 86 101 20 44
806 37 482 170 28 58
806 38 236 15 20 11
806 41 622 134 24 47
806 43 172 49 12 27
806 44 178 49 11 28
806 45 583 101 21 46
806 46 605 116 22 39
806 47 616 129 15 29
806 50 348 56 12 31
807 1 284 266 33 79
807 2 269 280 24 77
807 3 254 268 23 79
807 8 112 25 13 24
807 9 108 26 12 23
807 10 102 28 12 22
807 13 194 50 14 32
807 14 169 64 14 29
807 15 209 77 14 40
807 16 219 81 16 33
807 17 197 79 16 40
807 18 170 84 19 40
807 19 185 81 16 41
807 20 179 61 11 30
807 23 333 73 14 35
807 24 342 72 13 36
807 25 367 165 22 52
807 26 349 164 24 55
807 27 427 215 26 65
807 28 442 213 29 70
807 31 79 101 18 44
807 30 85 101 20 44
807 37 483 170 28 58
807 38 236 15 20 11
807 41 620 134 25 47
807 43 172 49 12 27
807 44 178 49 11 28
807 45 583 100 21 46
807 46 604 116 21 39
807 47 615 129 15 29
807 50 348 56 12 31
808 1 284 266 33 79
808 2 269 280 24 76
808 3 254 268 23 79
808 8 112 25 13 24
808 9 108 26 12 23
808 10 102 28 12 22
808 13 194 50 14 32
808 14 169 64 14 29
808 15 209 77 14 40
808 16 219 81 14 33
808 17 197 79 16 41
808 18 170 84 19 40
808 19 185 81 17 42
808 20 179 60 11 30
808 23 332 73 15 36
808 24 342 72 13 37
808 25 367 164 22 53
808 26 348 164 24 55
808 27 426 214 27 65
808 28 441 212 29 70
808 31 77 101 19 46
808 30 84 100 17 44
808 37 489 170 23 60
808 38 236 15 20 11
808 41 623 133 20 47
808 43 172 49 12 27
808 44 178 49 11 28
808 45 585 101 19 46
808 46 604 116 21 37
808 47 614 128 15 29
808 50 348 56 12 31
809 1 284 266 33 79
809 2 269 280 24 76
809 3 254 268 23 79
809 8 112 25 13 24
809 9 107 26 12 24
809 10 101 28 12 22
809 13 194 50 14 32
809 14 167 64 15 29
809 15 209 77 14 41
809 16 219 81 14 32
809 17 196 79 16 41
809 18 170 84 19 39
809 19 183 81 18 40
809 20 178 60 11 30
809 23 332 73 14 35
809 24 342 73 13 36
809 25 366 164 22 53
809 26 348 163 24 55
809 27 425 213 27 66
809 28 440 211 29 70
809 31 78 101 18 43
809 30 83 100 17 44
809 37 490 171 23 60
809 38 236 15 20 11
809 41 622 133 20 47
809 43 174 50 13 28
809 44 179 49 11 28
809 45 582 100 21 46
809 46 604 116 21 38
809 47 614 128 15 29
809 50 348 56 12 30
810 1 284 266 33 79
810 2 269 280 24 76
810 3 254 268 23 79
810 8 112 25 13 24
810 9 107 26 12 23
810 10 101 28 12 22
810 13 194 50 14 32
810 14 167 64 15 29
810 15 207 77 16 39
810 16 219 78 16 36
810 17 196 79 16 41
810 18 170 84 19 39
810 19 183 81 18 40
810 20 178 60 11 30
810 23 332 73 14 35
810 24 342 73 13 36
810 25 366 164 22 53
810 26 348 163 24 55
810 27 425 213 27 66
810 28 440 211 29 70
810 31 77 101 18 45
810 30 83 100 17 44
810 37 490 171 23 60
810 38 236 15 20 11
810 41 622 133 20 47
810 43 174 50 13 28
810 44 181 49 12 28
810 45 582 101 21 46
810 46 604 116 21 38
810 47 614 128 15 29
810 50 348 56 12 30
811 1 284 265 33 79
811 2 269 280 24 76
811 3 254 268 23 79
811 8 112 25 13 23
811 9 107 26 12 23
811 10 101 28 12 22
811 13 194 50 14 31
811 14 167 64 15 30
811 15 207 77 16 39
811 16 219 78 16 36
811 17 196 78 16 41
811 18 170 84 19 39
811 19 183 81 18 40
811 20 178 60 11 30
811 23 331 73 14 35
811 24 342 72 13 36
811 25 366 163 23 54
811 26 348 163 23 53
811 27 424 212 28 66
811 28 443 210 26 70
811 31 77 101 18 44
811 30 82 100 17 44
811 37 492 171 22 61
811 38 236 15 20 11
811 41 622 133 20 47
811 42 641 142 20 48
811 43 174 50 13 28
811 44 181 49 12 28
811 45 582 100 21 46
811 46 603 116 21 38
811 47 613 128 15 29
811 50 348 56 12 30
812 1 284 265 33 83
812 2 269 281 24 76
812 3 254 268 23 79
812 8 110 25 13 24
812 9 107 26 12 23
812 10 101 28 12 22
812 13 194 50 14 31
812 14 167 64 15 30
812 15 206 77 16 39
812 16 218 78 15 36
812 17 195 78 16 42
812 18 170 84 19 39
812 19 181 81 19 40
812 20 178 60 11 30
812 23 331 73 14 35
812 24 340 72 13 37
812 25 366 163 21 51
812 26 347 163 23 52
812 27 423 212 28 67
812 28 441 209 27 70
812 31 76 101 18 44
812 30 81 100 18 44
812 37 494 173 22 60
812 38 236 15 20 11
812 41 617 133 24 47
812 42 641 142 19 48
812 43 174 50 13 28
812 44 181 49 12 27
812 45 583 100 18 45
812 46 603 116 21 38
812 47 611 128 15 29
812 50 348 56 12 30
813 1 284 265 33 83
813 2 270 281 24 75
813 3 254 268 23 79
813 8 110 25 13 23
813 9 107 26 12 23
813 10 100 28 12 22
813 13 194 50 13 31
813 14 167 63 15 29
813 15 206 76 16 39
813 16 218 78 15 35
813 17 195 77 16 42
813 18 170 83 19 39
813 19 181 81 19 39
813 20 178 60 11 30
813 23 330 73 14 35
813 24 339 72 14 38
813 25 365 163 22 53
813 26 347 163 22 55
813 27 420 212 30 65
813 28 441 208 27 71
813 31 74 101 19 44
813 30 80 100 17 44
813 37 494 174 22 59
813 38 236 15 20 11
813 41 616 133 24 47
813 42 640 142 20 48
813 43 175 50 13 28
813 44 181 49 12 27
813 45 583 100 18 45
813 46 603 116 21 38
813 47 611 128 15 29
813 50 348 56 12 30
814 1 284 264 33 83
814 2 270 281 24 76
814 3 253 268 23 79
814 8 110 25 13 24
814 9 106 26 12 23
814 10 100 28 12 22
814 13 194 50 13 30
814 14 166 62 15 31
814 15 206 76 16 39
814 16 217 78 15 36
814 17 194 77 17 43
814 18 170 83 19 39
814 19 181 81 19 39
814 20 177 60 11 30
814 23 330 73 14 34
814 24 339 72 14 38
814 25 365 163 22 53
814 26 347 163 22 55
814 27 419 212 30 65
814 28 441 208 26 67
814 31 70 101 20 45
814 30 80 103 16 41
814 37 495 175 24 59
814 38 236 15 20 11
814 41 611 133 28 47
814 42 640 142 22 49
814 43 175 50 13 28
814 44 181 50 11 27
814 45 582 100 17 45
814 46 602 115 21 38
814 47 610 128 15 29
814 50 348 56 12 30
815 1 284 264 33 84
815 2 270 281 24 76
815 3 253 267 23 80
815 8 110 25 13 23
815 9 106 25 12 23
815 10 100 28 12 22
815 13 194 50 13 30
815 14 166 61 15 30
815 15 205 76 16 39
815 16 217 77 16 37
815 17 195 77 16 42
815 18 169 83 18 39
815 19 180 81 19 39
815 20 177 60 11 30
815 23 329 72 14 34
815 24 338 72 14 38
815 25 364 162 21 52
815 26 346 163 22 55
815 27 418 211 29 66
815 28 440 208 26 67
815 31 69 101 20 44
815 30 79 103 16 41
815 37 496 176 24 59
815 38 236 15 20 11
815 41 610 133 27 47
815 42 641 142 20 49
815 43 175 50 13 28
815 44 182 50 11 27
815 45 582 100 15 45
815 46 604 115 19 38
815 47 610 128 15 29
815 50 348 56 12 30
816 1 284 264 33 84
816 2 270 280 24 76
816 3 253 267 23 79
816 8 110 25 13 23
816 9 106 25 12 23
816 10 100 26 12 23
816 13 194 50 13 30
816 14 166 61 15 30
816 15 205 76 16 40
816 16 216 79 16 36
816 17 195 77 17 42
816 18 169 83 18 39
816 19 180 81 19 39
816 20 177 60 11 30
816 23 329 72 14 34
816 24 338 71 14 38
816 25 364 162 21 52
816 26 346 163 22 55
816 27 418 211 29 66
816 28 440 208 26 67
816 31 69 101 20 44
816 30 79 103 16 41
816 37 496 176 24 59
816 38 236 15 20 11
816 41 610 133 27 47
816 42 641 142 18 49
816 43 175 50 13 28
816 44 182 50 11 27
816 45 582 100 17 44
816 46 604 115 19 38
816 47 610 128 15 29
816 50 348 56 12 30
817 1 284 264 33 84
817 2 270 280 24 76
817 3 253 267 23 80
817 8 110 25 13 24
817 9 106 26 12 23
817 10 100 26 12 23
817 13 193 50 13 30
817 14 166 61 15 30
817 15 205 76 16 39
817 16 216 79 16 36
817 17 195 78 16 41
817 18 169 82 18 40
817 19 180 81 18 39
817 20 177 59 11 30
817 23 329 72 15 36
817 24 338 71 14 37
817 25 364 162 21 52
817 26 346 163 22 55
817 27 417 210 29 66
817 28 440 207 27 70
817 31 68 101 20 44
817 30 79 103 17 42
817 37 497 176 24 59
817 38 236 15 20 11
817 41 610 133 27 47
817 42 640 142 22 49
817 43 175 50 13 28
817 44 182 50 11 26
817 45 581 100 17 44
817 46 603 115 19 38
817 47 609 128 15 28
817 50 348 56 12 30
818 1 284 263 34 85
818 2 270 280 24 76
818 3 253 267 23 80
818 8 109 25 13 24
818 9 106 25 12 24
818 10 100 26 12 23
818 13 193 50 13 30
818 14 165 61 15 30
818 15 205 76 16 39
818 16 215 79 16 37
818 17 194 77 17 43
818 18 169 82 17 37
818 19 180 81 18 38
818 20 177 59 11 30
818 23 329 72 15 36
818 24 338 71 14 37
818 25 363 161 21 52
818 26 344 162 23 55
818 27 415 210 28 66
818 28 439 207 27 70
818 31 67 101 20 44
818 30 78 103 17 42
818 37 499 177 25 59
818 38 236 15 20 11
818 41 609 133 27 47
818 42 639 142 21 49
818 43 175 50 13 28
818 44 182 50 11 26
818 45 581 100 16 43
818 46 603 115 16 38
818 47 608 128 15 28
818 50 348 56 12 31
819 1 284 262 31 85
819 2 270 280 24 76
819 3 253 267 23 80
819 8 109 24 13 24
819 9 106 25 12 24
819 10 99 26 11 23
819 13 193 49 13 30
819 14 165 61 15 29
819 15 205 75 16 39
819 16 215 78 16 36
819 17 193 77 17 45
819 18 169 82 18 39
819 19 180 81 18 38
819 20 177 59 11 30
819 23 328 72 15 36
819 24 337 71 14 38
819 25 363 161 21 52
819 26 344 162 23 55
819 27 414 209 28 66
819 28 439 206 24 70
819 31 66 101 20 45
819 30 77 103 17 43
819 37 499 177 26 59
819 38 236 15 20 11
819 41 608 134 27 47
819 42 638 142 23 49
819 43 177 50 12 28
819 44 183 49 12 28
819 45 580 99 17 46
819 46 602 115 15 38
819 47 608 128 15 28
819 50 348 56 12 30
820 1 284 262 31 85
820 2 271 281 27 76
820 3 253 267 23 80
820 8 109 25 13 24
820 9 105 24 12 25
820 10 99 26 11 23
820 13 193 49 13 31
820 14 165 62 15 29
820 15 205 76 16 38
820 16 215 78 16 36
820 17 192 77 17 44
820 18 168 82 17 38
820 19 179 81 18 38
820 20 176 55 11 34
820 23 328 71 15 36
820 24 337 70 14 37
820 25 361 161 22 52
820 26 343 161 23 55
820 27 415 208 26 65
820 28 438 206 24 70
820 31 64 101 22 46
820 30 73 102 20 43
820 37 500 177 26 59
820 38 236 15 20 11
820 41 607 134 27 47
820 42 636 142 24 49
820 43 177 50 12 28
820 44 183 49 12 28
820 45 576 101 21 43
820 46 602 115 15 38
820 47 607 128 15 28
820 50 348 56 12 31
821 1 284 261 31 86
821 2 271 281 27 76
821 3 253 267 23 80
821 8 109 24 13 24
821 9 105 24 12 24
821 10 99 26 11 23
821 13 193 49 13 30
821 14 165 60 14 31
821 15 204 76 16 39
821 16 215 78 16 36
821 17 194 77 15 41
821 18 168 82 17 37
821 19 179 81 18 38
821 20 176 55 11 34
821 23 327 71 16 38
821 24 336 70 15 37
821 25 360 160 22 53
821 26 342 161 24 57
821 27 414 207 26 66
821 28 438 205 24 70
821 31 66 104 19 42
821 30 72 102 20 43
821 37 503 177 24 59
821 38 236 15 20 11
821 41 607 134 27 47
821 42 635 142 25 49
821 43 177 50 12 28
821 44 183 49 12 28
821 45 576 101 20 43
821 46 600 115 16 38
821 47 606 128 15 28
821 50 348 56 12 31
822 1 284 261 31 86
822 2 271 281 27 76
822 3 253 267 23 80
822 8 109 24 13 24
822 9 105 24 12 24
822 10 99 26 11 23
822 13 192 49 14 31
822 14 165 60 14 31
822 15 204 76 16 39
822 16 215 78 16 36
822 17 194 77 15 41
822 18 168 82 17 37
822 19 179 81 18 38
822 20 176 55 11 34
822 23 327 71 16 38
822 24 336 70 15 37
822 25 360 160 22 53
822 26 342 161 24 55
822 27 414 207 26 66
822 28 438 205 24 70
822 31 66 104 19 42
822 30 72 102 20 43
822 37 503 177 24 59
822 38 236 15 20 11
822 41 605 133 28 47
822 42 635 142 24 49
822 43 177 50 12 28
822 44 183 49 12 28
822 45 576 101 20 43
822 46 600 115 16 38
822 47 606 128 15 28
822 50 348 56 12 31
823 1 284 261 31 84
823 2 271 281 27 76
823 3 253 267 23 80
823 8 109 24 13 23
823 9 105 24 12 24
823 10 99 26 11 23
823 13 192 48 14 31
823 14 165 60 14 31
823 15 204 76 16 39
823 16 215 78 16 37
823 17 194 77 15 41
823 18 168 82 17 38
823 19 178 80 19 40
823 20 176 55 11 34
823 23 327 71 15 37
823 24 336 70 15 37
823 25 360 160 22 53
823 26 341 160 24 56
823 27 412 206 26 65
823 28 437 204 24 71
823 31 65 104 18 42
823 30 71 102 20 42
823 37 504 177 24 59
823 38 236 15 20 11
823 41 609 132 23 48
823 42 634 142 23 48
823 43 177 50 12 28
823 44 183 49 12 28
823 45 576 101 20 43
823 46 597 113 19 39
823 47 606 128 16 29
823 50 348 56 12 30
824 1 284 261 31 84
824 2 271 281 27 76
824 3 253 267 23 80
824 8 109 24 13 23
824 9 105 24 12 25
824 10 99 26 11 23
824 13 192 48 14 31
824 14 165 60 14 31
824 15 203 75 16 39
824 16 214 78 16 36
824 17 193 76 15 42
824 18 168 82 17 37
824 19 178 80 18 39
824 20 176 55 11 34
824 23 327 71 14 35
824 24 335 70 15 37
824 25 359 159 22 53
824 26 341 160 25 54
824 27 411 205 26 65
824 28 436 203 24 70
824 31 65 104 18 42
824 30 70 102 18 41
824 37 506 178 25 61
824 38 236 15 20 11
824 41 608 133 22 47
824 42 632 142 25 50
824 43 177 50 12 28
824 44 183 49 12 28
824 45 575 101 20 43
824 46 597 113 19 39
824 47 606 128 16 29
824 50 348 56 12 31
825 1 284 260 31 81
825 2 271 281 27 76
825 3 253 267 23 80
825 8 108 24 13 24
825 9 104 24 12 25
825 10 97 26 12 23
825 13 192 48 13 30
825 14 164 60 14 29
825 15 203 75 16 39
825 16 214 78 16 36
825 17 193 76 15 42
825 18 168 82 17 37
825 19 178 79 18 39
825 20 175 55 11 34
825 23 327 71 14 35
825 24 335 70 15 37
825 25 358 159 22 54
825 26 341 160 25 54
825 27 410 205 26 65
825 28 435 202 24 70
825 31 63 104 19 42
825 30 69 102 18 41
825 37 507 178 25 62
825 38 236 15 20 11
825 41 608 133 22 47
825 42 631 142 25 49
825 43 177 50 12 28
825 44 183 49 12 28
825 45 575 101 20 43
825 46 593 114 22 38
825 47 605 128 16 29
825 50 348 56 12 30
826 1 284 260 31 81
826 2 271 281 27 76
826 3 253 267 23 80
826 8 108 24 13 24
826 9 104 24 12 25
826 10 97 26 12 23
826 13 192 48 13 30
826 14 164 60 14 29
826 15 202 75 16 38
826 16 212 78 17 36
826 17 192 76 15 42
826 18 167 82 17 37
826 19 177 79 18 39
826 20 175 55 11 34
826 23 326 71 14 35
826 24 335 70 15 37
826 25 358 158 22 54
826 26 340 159 25 54
826 27 410 204 26 65
826 28 435 201 24 70
826 31 62 104 19 42
826 30 68 102 18 42
826 37 509 179 26 63
826 38 236 15 20 11
826 41 607 133 22 46
826 42 629 142 26 50
826 43 178 50 12 27
826 44 184 50 12 27
826 45 575 101 20 43
826 46 591 114 23 38
826 47 603 128 17 28
826 50 348 56 12 31
827 1 284 259 31 81
827 2 272 281 27 76
827 3 253 267 23 80
827 8 108 24 13 23
827 9 104 24 12 25
827 10 97 26 12 23
827 13 192 48 13 29
827 14 164 60 14 29
827 15 202 75 16 39
827 16 212 78 17 37
827 17 192 76 15 41
827 18 167 82 17 37
827 19 177 79 18 38
827 20 175 54 11 34
827 23 326 71 14 35
827 24 335 70 15 37
827 25 357 158 23 55
827 26 340 159 25 55
827 27 408 204 26 65
827 28 434 200 25 68
827 31 61 104 19 42
827 30 68 102 16 39
827 37 508 181 27 61
827 38 236 15 20 11
827 41 607 133 22 46
827 42 628 142 26 50
827 43 178 51 12 27
827 44 184 50 12 27
827 45 574 101 20 43
827 46 594 113 20 38
827 47 603 128 17 28
827 50 348 56 12 31
828 1 284 259 31 81
828 2 272 281 27 76
828 3 253 267 23 80
828 8 108 24 13 24
828 9 104 24 12 25
828 10 97 26 12 23
828 13 192 48 13 29
828 14 164 60 14 29
828 15 202 75 16 39
828 16 212 78 17 37
828 17 192 76 15 41
828 18 167 82 17 37
828 19 177 79 18 38
828 20 175 55 11 34
828 23 326 71 14 35
828 24 335 70 15 37
828 25 358 158 22 52
828 26 342 159 23 54
828 27 408 204 26 65
828 28 434 200 25 68
828 31 61 104 19 42
828 30 68 102 16 39
828 37 508 181 27 61
828 38 236 15 20 11
828 41 607 133 21 46
828 42 628 142 26 50
828 43 178 51 12 27
828 44 184 50 12 27
828 45 574 101 20 43
828 46 594 113 22 38
828 47 603 128 17 28
828 50 348 56 12 31
829 1 283 257 31 82
829 2 271 281 27 76
829 3 253 267 23 80
829 8 108 25 13 23
829 9 104 24 12 25
829 10 97 26 12 23
829 13 192 49 13 29
829 14 163 59 13 29
829 15 202 74 16 39
829 16 212 77 17 36
829 17 192 76 15 41
829 18 167 80 17 37
829 19 177 79 18 38
829 20 174 54 11 34
829 23 325 71 14 35
829 24 334 70 13 36
829 25 356 157 22 53
829 26 342 159 23 54
829 27 407 203 26 65
829 28 433 199 25 68
829 31 60 104 19 43
829 30 66 102 17 40
829 37 509 182 27 61
829 38 237 15 20 11
829 41 605 133 22 46
829 42 628 143 26 50
829 43 178 51 12 27
829 44 184 50 12 28
829 45 574 100 18 44
829 46 593 114 22 37
829 47 602 128 16 28
829 50 348 56 12 31
830 1 283 257 31 82
830 2 271 281 27 76
830 3 253 267 23 80
830 8 107 23 13 25
830 9 104 24 12 25
830 10 96 26 12 23
830 13 192 49 13 29
830 14 163 59 13 29
830 15 201 74 16 38
830 16 212 77 17 35
830 17 192 75 15 41
830 18 167 80 17 38
830 19 176 79 18 39
830 20 175 55 11 34
830 23 325 71 14 35
830 24 334 70 13 36
830 25 356 157 23 56
830 26 341 158 22 54
830 27 406 203 26 65
830 28 433 198 25 69
830 31 59 104 19 43
830 30 66 102 17 41
830 37 511 183 28 61
830 38 237 15 20 11
830 41 604 133 22 46
830 42 627 143 26 50
830 43 178 51 12 27
830 44 184 50 12 28
830 45 574 100 18 44
830 46 593 114 22 37
830 47 601 128 16 28
830 50 348 56 12 31
831 1 283 257 31 82
831 2 272 281 27 76
831 3 253 267 23 80
831 8 106 23 14 26
831 9 103 24 12 25
831 10 96 26 12 23
831 13 191 47 13 30
831 14 163 59 13 29
831 15 201 74 16 39
831 16 211 77 17 37
831 17 191 76 15 41
831 18 166 79 18 39
831 19 175 79 18 39
831 20 172 54 12 34
831 23 325 71 14 36
831 24 333 70 13 36
831 25 355 157 22 53
831 26 341 158 22 54
831 27 405 202 27 68
831 28 430 198 27 69
831 31 58 105 18 39
831 30 64 102 18 41
831 37 509 183 31 61
831 38 237 15 20 11
831 41 601 133 25 46
831 42 626 143 25 49
831 43 178 51 12 27
831 44 184 50 12 28
831 45 573 100 17 44
831 46 591 114 23 37
831 47 600 128 16 28
831 50 348 56 12 31
832 1 283 256 31 82
832 2 272 281 27 76
832 3 253 267 23 80
832 8 106 23 14 26
832 9 103 23 13 25
832 10 96 26 12 23
832 13 191 47 13 30
832 14 163 58 13 29
832 15 201 73 16 39
832 16 211 77 17 37
832 17 191 75 15 42
832 18 166 79 18 39
832 19 175 79 18 39
832 20 175 49 14 39
832 23 324 70 14 36
832 24 333 70 13 36
832 25 355 156 22 53
832 26 340 158 22 54
832 27 405 202 26 64
832 28 429 198 27 69
832 31 57 105 18 38
832 30 63 102 18 41
832 37 510 183 31 61
832 38 237 15 20 11
832 41 600 133 25 46
832 42 626 143 25 49
832 43 178 51 12 27
832 44 185 50 12 27
832 45 573 100 17 44
832 46 590 114 24 37
832 47 599 128 16 29
832 50 348 56 12 30
833 1 282 256 31 83
833 2 272 281 27 76
833 3 253 267 23 80
833 8 106 23 13 26
833 9 103 23 12 25
833 10 95 26 12 23
833 13 191 47 13 30
833 14 162 58 13 29
833 15 201 73 16 39
833 16 210 76 17 37
833 17 190 75 16 43
833 18 166 78 15 40
833 19 175 79 18 39
833 20 173 56 11 32
833 23 323 70 14 36
833 24 332 69 14 38
833 25 354 156 22 53
833 26 340 157 22 54
833 27 404 201 27 64
833 28 424 197 29 68
833 31 56 105 18 39
833 30 62 102 21 42
833 37 511 184 31 61
833 38 237 15 20 11
833 41 600 133 25 46
833 42 625 143 25 49
833 43 178 51 12 27
833 44 185 50 12 27
833 45 573 100 17 43
833 46 590 114 24 37
833 47 599 128 16 26
833 50 348 56 12 31
834 1 282 256 31 83
834 2 272 281 27 76
834 3 253 267 23 80
834 8 106 23 13 26
834 9 103 23 12 25
834 10 95 26 12 23
834 13 191 47 13 30
834 14 162 58 14 31
834 15 201 73 16 39
834 16 210 76 17 36
834 17 190 77 16 41
834 18 166 78 15 40
834 19 175 79 18 39
834 20 171 57 12 31
834 23 323 70 14 36
834 24 332 69 13 37
834 25 354 156 22 54
834 26 340 158 21 53
834 27 404 201 26 65
834 28 424 197 29 68
834 31 56 105 18 39
834 30 62 102 21 42
834 37 511 184 31 61
834 38 237 15 20 11
834 41 600 133 22 47
834 42 627 142 21 51
834 43 178 51 12 27
834 44 185 50 12 27
834 45 573 100 17 43
834 46 590 114 24 37
834 47 599 128 16 26
834 50 348 56 12 31
835 1 282 256 31 83
835 2 272 281 27 76
835 3 253 267 23 80
835 8 106 23 13 25
835 9 103 23 12 25
835 10 95 26 12 23
835 13 191 47 13 30
835 14 162 57 14 32
835 15 201 73 16 39
835 16 210 76 17 36
835 17 190 77 16 41
835 18 166 78 15 40
835 19 174 78 19 40
835 20 170 57 13 31
835 23 323 70 14 34
835 24 332 69 14 38
835 25 354 156 22 53
835 26 339 158 22 54
835 27 403 200 26 64
835 28 423 197 29 69
835 31 55 104 18 40
835 30 61 102 21 42
835 37 513 184 31 61
835 38 237 15 20 11
835 41 599 133 22 47
835 42 626 142 21 52
835 43 178 51 12 27
835 44 185 50 12 27
835 45 573 100 17 43
835 46 593 114 20 38
835 47 598 128 16 26
835 50 348 56 12 30
836 1 282 255 31 83
836 2 272 281 30 76
836 3 253 266 23 80
836 8 106 23 13 25
836 9 103 24 12 25
836 10 95 26 12 23
836 13 190 46 13 31
836 14 162 58 14 31
836 15 200 73 16 39
836 16 210 76 17 36
836 17 189 77 16 41
836 18 166 78 15 40
836 19 174 78 19 40
836 20 170 58 13 30
836 23 323 70 14 34
836 24 331 68 14 38
836 25 355 156 22 52
836 26 339 157 22 53
836 27 402 201 26 62
836 28 422 197 29 69
836 31 53 104 18 41
836 30 60 101 21 44
836 37 516 184 29 62
836 38 237 15 20 11
836 41 599 133 22 47
836 42 625 142 20 52
836 43 179 50 12 27
836 44 185 50 12 27
836 45 572 100 17 43
836 46 593 114 20 38
836 47 598 128 16 26
836 50 348 56 12 31
837 1 282 255 31 83
837 2 272 281 30 76
837 3 253 266 23 80
837 8 106 23 13 24
837 9 102 23 13 25
837 10 95 26 12 23
837 13 190 46 13 31
837 14 161 58 14 31
837 15 200 73 16 39
837 16 209 76 17 36
837 17 189 77 16 41
837 18 165 78 15 40
837 19 174 78 16 39
837 20 170 57 12 31
837 23 322 70 14 34
837 24 331 68 14 38
837 25 355 156 22 52
837 26 338 157 22 54
837 27 401 200 26 62
837 28 421 196 29 69
837 31 52 103 19 42
837 30 59 100 21 43
837 37 517 184 29 62
837 38 236 15 20 11
837 41 598 134 22 46
837 42 624 142 20 52
837 43 179 50 12 27
837 44 185 50 12 28
837 45 571 101 17 42
837 46 591 114 21 38
837 47 597 128 16 27
837 50 348 56 12 31
838 1 281 255 31 83
838 2 272 281 30 76
838 3 253 266 23 80
838 8 106 23 13 25
838 9 102 23 13 26
838 10 94 26 12 23
838 13 190 46 13 31
838 14 161 58 16 33
838 15 199 73 16 39
838 16 209 76 17 35
838 17 188 76 17 38
838 18 166 78 14 36
838 19 174 78 16 39
838 20 168 59 12 31
838 23 322 69 14 34
838 24 330 68 14 38
838 25 354 156 22 52
838 26 337 157 21 52
838 27 403 200 23 63
838 28 420 196 29 69
838 31 51 103 18 40
838 30 58 100 21 43
838 37 523 184 24 64
838 38 237 15 20 11
838 41 596 135 23 45
838 42 622 142 21 53
838 43 179 50 12 28
838 44 185 50 12 28
838 45 572 100 17 43
838 46 591 114 21 38
838 47 595 128 17 27
838 50 348 56 12 31
839 1 280 254 32 85
839 2 272 281 30 76
839 3 253 266 23 80
839 8 106 23 13 25
839 9 102 23 12 26
839 10 94 25 12 24
839 13 189 46 13 31
839 14 162 58 11 33
839 15 199 73 16 38
839 16 209 76 17 36
839 17 188 76 17 38
839 18 166 78 14 36
839 19 173 77 16 40
839 20 169 57 14 33
839 23 321 69 14 35
839 24 331 68 14 40
839 25 354 155 22 52
839 26 337 156 22 53
839 27 402 199 23 63
839 28 422 195 28 69
839 31 50 103 18 39
839 30 57 100 21 43
839 37 524 185 24 64
839 38 237 15 20 11
839 41 594 134 23 46
839 42 618 142 25 52
839 43 179 50 12 28
839 44 185 50 12 28
839 45 571 101 17 42
839 46 589 113 20 38
839 47 594 127 16 26
839 50 348 56 12 31
840 1 281 254 31 83
840 2 272 281 30 76
840 3 253 266 23 80
840 8 106 23 13 25
840 9 102 23 12 25
840 10 94 25 12 24
840 13 189 46 13 31
840 14 161 58 11 33
840 15 199 73 16 38
840 16 209 76 17 36
840 17 188 76 17 38
840 18 166 78 14 36
840 19 173 77 16 40
840 20 169 56 12 33
840 23 321 69 14 35
840 24 331 68 13 36
840 25 354 155 22 52
840 26 337 156 22 53
840 27 402 199 23 63
840 28 422 195 28 69
840 31 50 103 18 39
840 30 57 100 21 43
840 37 524 185 24 64
840 38 237 15 20 11
840 41 594 134 23 46
840 42 618 142 25 52
840 43 179 50 12 28
840 44 185 50 12 28
840 45 568 99 20 44
840 46 593 112 16 39
840 47 594 127 16 26
840 50 348 56 12 31
841 1 279 254 32 85
841 2 272 281 30 76
841 3 253 266 23 80
841 8 106 25 12 23
841 9 102 23 12 25
841 10 94 25 12 22
841 13 189 46 13 31
841 14 160 58 15 33
841 15 199 73 16 38
841 16 209 76 17 36
841 17 187 75 17 39
841 18 166 78 14 36
841 19 174 76 16 39
841 20 167 56 14 35
841 23 321 69 14 35
841 24 331 68 13 36
841 25 354 155 22 53
841 26 336 155 22 53
841 27 401 199 23 64
841 28 421 194 28 69
841 31 49 103 17 39
841 30 56 102 16 40
841 37 525 186 24 63
841 38 236 15 20 11
841 41 593 134 22 46
841 42 617 142 25 52
841 43 187 49 13 30
841 44 193 48 13 30
841 45 568 99 20 44
841 46 592 113 16 38
841 47 598 127 12 27
841 50 348 56 12 31
842 1 279 254 30 80
842 2 271 280 30 76
842 3 253 266 23 80
842 8 106 25 12 22
842 9 102 23 12 25
842 10 94 25 12 22
842 13 188 49 14 27
842 14 160 58 15 33
842 15 199 73 16 38
842 16 208 76 17 36
842 17 187 75 17 39
842 18 165 78 14 37
842 19 174 76 16 39
842 20 167 54 13 34
842 23 321 69 14 35
842 24 330 68 13 36
842 25 353 154 22 53
842 26 336 155 22 54
842 27 401 199 23 64
842 28 423 194 25 69
842 31 49 103 18 39
842 30 55 102 16 40
842 37 526 187 23 62
842 38 236 15 20 11
842 41 592 134 22 46
842 42 611 143 30 50
842 43 179 48 12 32
842 44 193 48 13 30
842 45 566 99 21 44
842 46 592 113 16 38
842 47 597 127 12 27
842 50 348 56 12 30
843 1 278 253 33 84
843 2 272 280 30 76
843 3 253 266 23 80
843 8 106 23 12 24
843 9 102 23 12 25
843 10 94 25 12 24
843 13 189 46 13 30
843 14 160 57 12 33
843 15 198 73 16 38
843 16 208 76 17 36
843 17 186 75 18 40
843 18 165 77 15 38
843 19 173 75 16 39
843 20 168 56 12 32
843 23 320 69 14 35
843 24 329 68 15 36
843 25 353 154 23 53
843 26 336 154 22 54
843 27 398 198 25 64
843 28 422 193 25 70
843 31 48 103 18 39
843 30 53 102 17 40
843 37 527 188 28 66
843 38 236 15 20 11
843 41 591 133 24 47
843 42 610 143 30 50
843 43 179 48 12 32
843 44 193 48 13 29
843 45 566 99 21 44
843 46 587 113 20 37
843 47 597 127 12 26
843 50 348 56 12 30
844 1 276 253 35 84
844 2 272 280 30 76
844 3 253 266 23 80
844 8 105 22 13 25
844 9 101 23 12 25
844 10 93 25 12 22
844 13 187 46 15 30
844 14 160 57 12 33
844 15 198 73 16 38
844 16 208 75 17 35
844 17 186 75 17 39
844 18 165 77 15 38
844 19 173 75 16 39
844 20 168 56 13 34
844 23 320 69 14 35
844 24 329 68 15 36
844 25 353 154 22 52
844 26 333 153 24 53
844 27 397 198 25 64
844 28 421 192 24 65
844 31 47 104 17 39
844 30 53 102 17 40
844 37 528 189 28 66
844 38 236 15 20 11
844 41 591 133 23 47
844 42 609 143 29 51
844 43 179 48 12 32
844 44 192 48 13 29
844 45 566 99 21 44
844 46 587 113 20 37
844 47 595 127 13 26
844 50 348 56 12 30
845 1 276 253 35 84
845 2 272 280 30 76
845 3 253 266 23 80
845 8 105 22 13 25
845 9 101 23 12 25
845 10 93 24 12 23
845 13 189 46 12 30
845 14 159 57 11 33
845 15 198 72 16 38
845 16 207 75 17 35
845 17 185 74 18 37
845 18 164 76 15 38
845 19 173 75 16 38
845 20 167 55 14 33
845 23 319 69 14 35
845 24 328 68 15 33
845 25 352 153 23 55
845 26 333 153 24 53
845 27 396 197 25 64
845 28 420 191 24 65
845 31 46 104 18 39
845 30 52 102 17 41
845 37 529 189 28 66
845 38 236 15 20 11
845 41 590 133 23 47
845 42 611 143 27 51
845 43 180 48 12 32
845 44 192 48 12 29
845 45 565 99 21 44
845 46 586 113 20 37
845 47 592 127 15 25
845 50 348 56 12 30
846 1 276 253 35 84
846 2 272 281 30 76
846 3 253 266 23 80
846 8 105 22 13 25
846 9 101 23 12 25
846 10 93 24 12 23
846 13 188 46 13 30
846 14 159 57 11 33
846 15 198 72 16 38
846 16 207 75 17 35
846 17 185 74 18 39
846 18 165 76 15 38
846 19 173 75 16 39
846 20 168 56 13 33
846 23 320 69 13 34
846 24 328 68 15 33
846 25 352 153 21 51
846 26 333 153 24 53
846 27 396 197 25 64
846 28 418 191 26 65
846 31 46 104 18 39
846 30 52 102 17 41
846 37 529 189 28 66
846 38 236 15 20 11
846 41 590 133 23 47
846 42 611 143 27 51
846 43 180 48 12 32
846 44 192 48 12 29
846 45 564 99 22 43
846 46 586 113 20 37
846 47 592 127 15 25
846 50 348 56 12 30
847 1 275 252 35 84
847 2 270 279 30 77
847 3 253 265 23 81
847 8 104 22 14 26
847 9 100 22 13 25
847 10 93 25 12 22
847 13 186 45 15 31
847 14 159 56 11 34
847 15 197 72 16 39
847 16 209 75 14 35
847 17 186 75 17 36
847 18 164 76 15 38
847 19 173 75 16 38
847 20 167 54 12 33
847 23 319 69 13 34
847 24 328 68 15 33
847 25 352 153 21 51
847 26 332 153 23 51
847 27 396 196 25 64
847 28 417 190 26 64
847 31 44 104 17 39
847 30 51 102 17 40
847 37 531 190 28 66
847 38 236 15 20 11
847 41 590 133 23 47
847 42 610 143 27 51
847 43 180 48 12 32
847 44 192 48 12 29
847 45 564 99 22 43
847 46 585 113 20 35
847 47 591 127 15 25
847 50 348 56 12 30
848 1 272 250 35 85
848 2 272 280 30 76
848 3 253 266 23 80
848 8 104 22 14 26
848 9 100 22 13 25
848 10 93 24 12 23
848 13 187 45 14 31
848 14 159 56 11 33
848 15 197 71 16 39
848 16 209 75 14 35
848 17 185 74 18 39
848 18 163 76 14 37
848 19 172 75 16 38
848 20 167 54 12 33
848 23 319 69 13 33
848 24 327 68 15 33
848 25 351 152 21 51
848 26 332 153 22 50
848 27 395 195 25 65
848 28 416 190 26 63
848 31 43 104 17 39
848 30 51 102 18 42
848 37 530 190 29 67
848 38 236 15 20 11
848 41 589 133 23 48
848 42 609 143 27 51
848 43 180 48 12 32
848 44 192 48 13 29
848 45 563 99 22 43
848 46 584 113 20 35
848 47 591 127 15 25
848 50 348 56 12 30
849 1 272 250 35 85
849 2 272 281 30 76
849 3 252 265 24 81
849 8 104 22 14 26
849 9 100 22 13 25
849 10 92 25 12 22
849 13 187 45 14 32
849 14 159 56 11 33
849 15 197 71 16 38
849 16 208 74 14 35
849 17 184 74 18 38
849 18 163 76 14 37
849 19 172 75 16 38
849 20 167 54 13 33
849 23 318 68 13 34
849 24 327 67 15 34
849 25 351 152 21 52
849 26 334 152 21 53
849 27 394 195 25 63
849 28 415 190 26 64
849 31 42 104 18 39
849 30 50 102 18 42
849 37 531 190 29 67
849 38 236 15 20 11
849 41 584 133 27 48
849 42 609 143 25 50
849 43 180 48 12 32
849 44 191 47 13 30
849 45 563 99 22 43
849 46 584 113 20 35
849 47 590 127 15 25
849 50 348 56 12 31
850 1 271 249 35 85
850 2 269 277 31 79
850 3 253 266 23 80
850 8 104 22 14 26
850 9 99 22 12 25
850 10 92 25 12 23
850 13 186 45 14 33
850 14 159 55 11 34
850 15 196 71 16 39
850 16 208 74 14 35
850 17 184 74 18 38
850 18 163 76 14 37
850 19 171 75 16 38
850 20 166 53 11 34
850 23 318 68 14 34
850 24 326 67 14 33
850 25 351 152 21 52
850 26 334 152 21 53
850 27 396 194 22 59
850 28 413 189 27 65
850 31 41 104 18 40
850 30 49 102 18 42
850 37 535 190 28 68
850 38 236 15 20 11
850 41 583 133 27 48
850 42 611 143 22 48
850 43 180 50 12 30
850 44 190 47 14 33
850 45 564 99 20 43
850 46 583 113 20 36
850 47 589 127 15 26
850 50 348 56 12 30
851 1 271 249 35 86
851 2 272 281 30 74
851 3 253 266 23 80
851 8 104 22 13 26
851 9 99 22 12 25
851 10 92 24 12 23
851 13 186 45 14 33
851 14 158 55 11 34
851 15 196 71 16 39
851 16 208 74 14 35
851 17 184 74 18 38
851 18 162 76 14 36
851 19 171 75 16 38
851 20 166 55 11 32
851 23 316 67 15 35
851 24 326 67 14 33
851 25 350 151 21 52
851 26 333 152 21 52
851 27 395 193 22 59
851 28 413 189 26 63
851 31 40 104 18 41
851 30 48 102 18 43
851 37 538 191 25 66
851 38 236 15 20 11
851 41 583 133 27 48
851 42 610 143 21 48
851 43 180 50 12 30
851 44 189 47 15 34
851 45 564 99 20 43
851 46 583 112 20 36
851 47 588 128 16 25
851 50 348 56 12 30
852 1 271 249 35 86
852 2 272 281 30 74
852 3 253 266 23 80
852 8 104 22 13 26
852 9 100 22 13 25
852 10 92 24 12 23
852 13 186 45 14 33
852 14 159 55 12 34
852 15 196 71 16 39
852 16 208 74 14 35
852 17 184 74 18 38
852 18 162 76 14 37
852 19 171 75 16 38
852 20 166 55 11 33
852 23 316 67 15 35
852 24 326 67 14 33
852 25 350 151 21 52
852 26 333 152 21 52
852 27 395 193 22 59
852 28 413 192 25 65
852 31 40 104 18 41
852 30 48 102 20 41
852 37 538 191 25 66
852 38 236 15 20 11
852 41 583 133 27 48
852 42 610 143 21 48
852 43 180 50 12 30
852 44 193 49 11 29
852 45 564 99 20 43
852 46 583 112 20 36
852 47 588 128 16 25
852 50 348 56 12 30
853 1 269 250 36 81
853 2 272 281 30 74
853 3 249 266 27 80
853 8 104 22 13 25
853 9 99 22 12 25
853 10 92 25 12 22
853 13 186 45 13 31
853 14 159 59 11 30
853 15 196 71 16 38
853 16 208 74 14 35
853 17 184 74 18 38
853 18 162 76 14 37
853 19 171 75 16 38
853 20 166 56 12 33
853 23 316 67 15 35
853 24 326 67 14 33
853 25 350 151 21 52
853 26 333 152 21 53
853 27 394 193 22 59
853 28 412 192 25 65
853 31 39 104 19 42
853 30 47 102 20 42
853 37 539 191 25 66
853 38 236 15 20 11
853 41 582 133 27 48
853 42 607 143 22 50
853 43 180 50 12 30
853 44 193 49 11 29
853 45 563 99 19 42
853 46 580 112 22 37
853 47 585 129 15 24
853 50 348 55 12 31
854 1 269 250 36 81
854 2 272 281 30 74
854 3 249 266 27 80
854 8 104 22 13 25
854 9 99 22 12 25
854 10 92 25 12 22
854 13 186 45 13 31
854 14 158 55 11 34
854 15 195 71 17 40
854 16 208 74 14 34
854 17 183 74 17 38
854 18 162 76 14 37
854 19 170 75 16 38
854 20 165 54 11 34
854 23 316 67 15 35
854 24 325 65 14 36
854 25 350 151 20 50
854 26 333 151 21 53
854 27 393 192 22 59
854 28 412 191 25 65
854 31 38 104 18 40
854 30 46 102 20 41
854 37 541 192 26 66
854 38 236 15 20 11
854 41 581 134 26 48
854 42 606 143 22 51
854 43 180 50 12 29
854 44 193 49 11 29
854 45 563 99 19 42
854 46 584 112 19 37
854 47 590 126 13 24
854 50 348 56 12 30
855 1 269 250 36 81
855 2 272 280 30 74
855 3 249 266 27 80
855 8 104 22 13 25
855 9 99 22 12 25
855 10 91 24 12 22
855 13 186 45 13 31
855 14 158 56 12 33
855 15 195 71 17 40
855 16 207 74 14 34
855 17 183 74 17 38
855 18 160 76 15 37
855 19 170 74 16 39
855 20 166 55 11 31
855 23 316 67 15 35
855 24 325 65 14 36
855 25 349 151 21 51
855 26 332 151 21 53
855 27 393 192 22 59
855 28 410 191 25 63
855 31 37 104 18 40
855 30 44 102 21 40
855 37 543 193 26 67
855 38 236 15 20 11
855 41 578 133 27 48
855 42 605 142 22 51
855 43 180 50 12 29
855 44 193 49 11 29
855 45 562 99 18 42
855 46 583 112 19 37
855 47 589 126 12 24
855 50 348 56 12 31
856 1 268 249 36 81
856 2 271 280 30 75
856 3 249 266 27 80
856 8 103 22 13 25
856 9 98 22 12 25
856 10 91 24 12 22
856 13 182 42 17 34
856 14 157 56 13 33
856 15 195 71 17 40
856 16 207 74 14 34
856 17 183 74 17 38
856 18 160 76 15 37
856 19 170 74 16 39
856 20 163 53 13 34
856 23 315 67 15 35
856 24 325 65 14 36
856 25 349 151 21 51
856 26 331 150 21 54
856 27 392 192 22 59
856 28 410 191 24 63
856 31 37 104 17 39
856 30 43 102 21 40
856 37 542 194 28 66
856 38 236 15 20 11
856 41 581 133 23 49
856 42 605 143 22 50
856 43 181 50 11 28
856 44 193 49 11 29
856 45 561 99 18 42
856 46 583 112 19 37
856 47 589 126 12 24
856 50 348 56 12 31
857 1 268 249 36 81
857 2 271 280 30 75
857 3 249 266 27 80
857 8 103 22 13 25
857 9 98 22 12 25
857 10 91 24 12 23
857 13 186 45 13 31
857 14 156 56 15 31
857 15 194 71 17 40
857 16 207 74 14 35
857 17 182 72 17 40
857 18 160 75 15 38
857 19 169 74 16 39
857 20 164 53 11 34
857 23 315 67 15 35
857 24 324 65 14 36
857 25 348 150 21 51
857 26 330 149 22 56
857 27 391 192 22 58
857 28 408 190 25 64
857 31 34 103 19 42
857 30 42 102 20 42
857 37 543 195 28 65
857 38 236 15 20 11
857 41 580 133 23 49
857 42 601 141 25 50
857 43 183 50 11 28
857 44 193 49 11 29
857 45 561 99 18 42
857 46 583 110 17 39
857 47 588 126 12 23
857 50 348 56 12 31
858 1 268 249 36 81
858 2 271 280 30 75
858 3 249 266 27 77
858 8 103 22 13 25
858 9 98 22 12 25
858 10 91 24 12 23
858 13 185 45 13 31
858 14 156 56 15 31
858 15 194 71 17 40
858 16 207 74 14 35
858 17 182 72 17 40
858 18 160 75 15 38
858 19 169 74 16 39
858 20 163 54 12 32
858 23 315 67 15 35
858 24 324 65 14 36
858 25 348 150 21 51
858 26 330 149 22 54
858 27 391 191 22 59
858 28 408 190 25 64
858 31 34 103 19 42
858 30 42 102 20 42
858 37 543 195 30 66
858 38 236 15 20 11
858 41 580 133 23 49
858 42 601 141 25 50
858 43 183 50 11 28
858 44 193 49 11 29
858 45 561 99 18 42
858 46 583 110 17 39
858 47 588 126 12 23
858 50 348 56 12 31
859 1 268 248 37 82
859 2 271 280 30 75
859 3 249 266 27 77
859 8 103 21 13 25
859 9 98 21 13 26
859 10 90 25 12 22
859 13 185 45 13 31
859 14 156 55 11 32
859 15 194 71 17 39
859 16 206 74 14 35
859 17 182 72 18 40
859 18 159 75 15 38
859 19 169 74 16 39
859 20 165 54 11 32
859 23 314 67 15 35
859 24 324 65 14 35
859 25 347 150 21 50
859 26 329 148 22 55
859 27 391 191 21 57
859 28 408 189 25 64
859 31 33 103 19 42
859 30 41 102 19 42
859 37 544 196 30 66
859 38 236 15 20 11
859 41 580 133 23 49
859 42 600 141 24 50
859 43 183 50 11 28
859 44 193 50 11 29
859 45 561 99 17 42
859 46 582 110 17 39
859 47 586 126 13 23
859 50 348 56 12 30
860 1 267 248 37 83
860 2 271 279 31 75
860 3 249 266 27 77
860 8 103 22 13 25
860 9 97 21 13 26
860 10 90 24 13 23
860 13 185 45 13 31
860 14 155 56 15 31
860 15 193 69 17 42
860 16 206 74 14 35
860 17 181 71 18 41
860 18 159 75 15 37
860 19 169 74 16 39
860 20 165 53 11 32
860 23 314 67 15 36
860 24 324 65 14 36
860 25 347 150 21 50
860 26 329 148 22 55
860 27 389 191 22 63
860 28 407 188 25 63
860 31 32 102 18 43
860 30 40 102 19 42
860 37 543 197 34 66
860 38 236 15 20 11
860 41 577 133 24 48
860 42 598 141 25 50
860 43 183 50 11 28
860 44 193 49 11 29
860 45 558 99 20 42
860 46 582 110 17 39
860 47 585 127 13 22
860 50 348 56 12 30
861 1 271 248 33 79
861 2 270 279 31 76
861 3 249 266 27 77
861 8 102 22 13 25
861 9 97 21 13 26
861 10 90 24 13 23
861 13 185 45 13 31
861 14 155 55 15 31
861 15 194 70 16 41
861 16 206 73 14 35
861 17 182 72 16 38
861 18 159 75 15 37
861 19 168 74 16 39
861 20 164 50 11 35
861 23 313 67 15 33
861 24 323 65 14 36
861 25 346 149 20 49
861 26 328 147 23 53
861 27 388 190 22 63
861 28 406 187 24 62
861 31 32 102 18 41
861 30 39 102 19 42
861 37 544 198 34 66
861 38 236 15 20 11
861 41 580 132 21 48
861 42 597 141 25 50
861 43 183 50 11 28
861 44 193 49 11 30
861 45 558 99 20 42
861 46 580 110 18 39
861 47 584 127 13 22
861 50 348 56 12 30
862 1 271 248 33 79
862 2 270 279 31 76
862 3 249 266 27 77
862 8 102 22 13 24
862 9 97 21 12 26
862 10 90 25 12 22
862 13 184 45 13 31
862 14 155 55 15 31
862 15 193 69 16 42
862 16 205 73 14 35
862 17 182 72 16 38
862 18 159 74 15 37
862 19 168 74 16 38
862 20 164 52 12 33
862 23 313 67 15 33
862 24 322 65 15 33
862 25 346 149 20 49
862 26 327 146 23 53
862 27 388 190 22 63
862 28 406 187 24 61
862 31 31 104 19 41
862 30 39 102 19 42
862 37 546 198 34 66
862 38 236 15 20 11
862 41 578 132 22 48
862 42 596 141 25 49
862 43 184 50 11 28
862 44 194 49 11 30
862 45 556 99 21 43
862 46 580 110 18 39
862 47 584 134 14 21
862 50 348 56 12 30
863 1 271 248 33 79
863 2 270 278 31 76
863 3 249 266 27 77
863 8 102 22 13 25
863 9 97 21 12 26
863 10 88 24 14 23
863 13 184 45 13 31
863 14 154 55 14 31
863 15 192 68 17 40
863 16 205 73 14 35
863 17 182 72 16 38
863 18 158 74 15 37
863 19 168 74 16 38
863 20 164 53 11 33
863 23 312 67 15 33
863 24 322 65 15 33
863 25 345 148 20 50
863 26 327 146 23 53
863 27 387 189 22 60
863 28 405 186 24 62
863 31 30 103 19 41
863 30 38 102 19 42
863 37 547 198 33 68
863 38 236 15 20 11
863 41 577 132 21 48
863 42 595 141 25 49
863 43 184 50 11 28
863 44 193 48 12 31
863 45 556 99 21 43
863 46 579 110 18 39
863 47 583 134 14 21
863 50 348 56 12 31
864 1 271 248 33 79
864 2 269 278 31 76
864 3 249 266 27 77
864 8 102 22 13 25
864 9 97 21 12 26
864 10 88 24 14 23
864 13 184 45 13 31
864 14 154 55 13 31
864 15 192 68 17 40
864 16 205 73 14 35
864 17 182 72 16 38
864 18 158 74 15 37
864 19 168 74 16 38
864 20 163 53 13 32
864 23 312 67 15 33
864 24 322 65 15 33
864 25 346 148 20 49
864 26 327 146 23 53
864 27 387 189 22 60
864 28 405 186 24 62
864 31 30 103 19 41
864 30 38 102 19 42
864 37 547 198 33 68
864 38 236 15 20 11
864 41 577 132 21 50
864 42 595 141 25 49
864 43 184 50 11 29
864 44 190 50 11 27
864 45 556 99 21 43
864 46 579 110 18 39
864 47 583 134 14 21
864 50 348 56 12 31
865 1 270 247 33 80
865 2 269 278 31 77
865 3 250 266 27 77
865 8 102 23 12 24
865 9 97 21 12 26
865 10 89 21 13 24
865 13 184 45 13 31
865 14 154 55 11 31
865 15 192 68 17 40
865 16 205 72 14 35
865 17 181 72 16 38
865 18 158 74 15 38
865 19 167 73 16 39
865 20 162 53 12 31
865 23 312 67 15 33
865 24 321 65 14 33
865 25 345 148 21 50
865 26 327 146 23 54
865 27 386 188 22 60
865 28 405 186 24 61
865 31 29 103 19 41
865 30 36 103 20 42
865 37 549 198 32 69
865 38 236 15 20 11
865 41 576 132 21 51
865 42 594 141 22 52
865 43 184 50 11 28
865 44 190 50 11 27
865 45 556 99 21 43
865 46 576 109 20 38
865 47 582 134 14 21
865 50 348 56 12 30
866 1 270 246 33 80
866 2 269 278 31 77
866 3 250 268 26 74
866 8 100 21 14 25
866 9 97 21 12 26
866 10 89 21 13 24
866 13 184 44 13 32
866 14 154 55 15 31
866 15 192 68 16 40
866 16 204 72 14 33
866 17 181 71 16 39
866 18 158 74 15 38
866 19 167 73 16 39
866 20 163 55 12 30
866 23 312 66 15 33
866 24 321 65 14 33
866 25 345 148 20 48
866 26 327 146 23 54
866 27 386 187 22 59
866 28 404 185 24 61
866 31 27 103 21 41
866 30 34 103 22 42
866 37 554 198 28 68
866 38 236 15 20 11
866 41 574 132 23 51
866 42 593 141 22 52
866 43 184 50 11 29
866 44 190 50 11 27
866 45 555 99 21 43
866 46 575 109 20 38
866 47 582 134 14 21
866 50 348 56 12 31
867 1 270 245 34 81
867 2 268 277 31 77
867 3 250 266 27 77
867 8 100 22 14 24
867 9 96 21 12 26
867 10 89 21 13 24
867 13 184 44 13 32
867 14 154 55 15 31
867 15 192 68 16 40
867 16 204 72 14 35
867 17 181 72 16 38
867 18 156 74 17 37
867 19 167 73 16 39
867 20 163 54 11 29
867 23 312 66 15 32
867 24 320 65 14 33
867 25 345 148 19 46
867 26 326 146 24 54
867 27 385 187 22 60
867 28 403 185 24 61
867 31 26 103 21 41
867 30 33 103 22 42
867 37 555 198 28 68
867 38 236 15 20 11
867 41 573 132 23 51
867 42 592 141 22 52
867 43 184 49 12 30
867 44 190 50 11 27
867 45 557 98 18 41
867 46 574 109 21 38
867 47 581 134 14 21
867 50 348 56 12 30
868 1 269 244 34 82
868 2 268 276 32 79
868 3 250 267 27 76
868 8 102 22 12 25
868 9 96 21 12 26
868 10 89 21 13 24
868 13 184 44 13 32
868 14 152 55 15 31
868 15 192 68 16 39
868 16 204 72 14 33
868 17 180 71 16 39
868 18 156 74 17 37
868 19 165 72 16 39
868 20 163 54 12 30
868 23 311 66 15 33
868 24 320 65 14 33
868 25 345 148 19 46
868 26 326 145 24 54
868 27 384 186 22 59
868 28 402 185 24 61
868 31 25 103 21 41
868 30 32 102 22 44
868 37 560 199 27 67
868 38 236 15 20 11
868 41 570 134 25 48
868 42 592 141 22 52
868 43 184 49 12 30
868 44 190 49 11 27
868 45 557 98 18 41
868 46 573 111 21 36
868 47 580 135 13 21
868 50 348 56 12 30
869 1 269 243 34 82
869 2 267 275 33 80
869 3 250 267 27 76
869 8 102 22 12 25
869 9 96 21 12 26
869 10 88 21 13 24
869 13 184 44 13 32
869 14 152 55 15 31
869 15 191 68 15 39
869 16 204 73 13 32
869 17 180 71 17 39
869 18 155 74 17 37
869 19 166 72 16 39
869 20 162 53 11 30
869 23 311 66 15 33
869 24 320 65 14 33
869 25 344 148 19 45
869 26 325 146 23 52
869 27 383 186 22 59
869 28 402 185 23 59
869 31 24 103 21 40
869 30 31 102 22 42
869 37 562 200 26 67
869 38 236 15 20 11
869 41 568 134 26 48
869 42 589 141 22 51
869 43 184 48 12 31
869 44 191 50 11 27
869 45 557 98 17 43
869 46 571 111 22 36
869 47 578 135 14 21
869 50 348 56 12 30
870 1 270 244 32 77
870 2 268 279 28 76
870 3 250 267 27 76
870 8 102 22 12 25
870 9 96 21 12 26
870 10 88 21 13 24
870 13 183 44 13 32
870 14 152 55 15 31
870 15 191 68 16 39
870 16 204 73 13 32
870 17 180 71 17 39
870 18 155 74 17 37
870 19 166 72 16 39
870 20 163 52 14 31
870 23 311 66 15 32
870 24 321 65 13 33
870 25 344 148 21 49
870 26 325 145 23 54
870 27 383 186 22 59
870 28 401 185 22 62
870 31 24 103 21 40
870 30 31 102 22 42
870 37 562 200 26 67
870 38 236 15 20 11
870 41 568 134 26 48
870 42 589 140 23 51
870 43 184 48 12 31
870 44 191 50 11 27
870 45 557 98 17 43
870 46 571 111 22 36
870 47 578 135 14 21
870 50 348 56 12 30
871 1 268 243 34 82
871 2 268 279 28 76
871 3 250 267 27 76
871 8 102 22 12 25
871 9 96 21 12 26
871 10 88 21 13 24
871 13 183 44 13 32
871 14 151 55 15 31
871 15 191 68 16 39
871 16 203 72 13 32
871 17 180 72 14 36
871 18 155 74 17 37
871 19 165 72 16 39
871 20 162 54 14 29
871 23 310 66 14 32
871 24 321 65 13 33
871 25 344 148 21 49
871 26 325 145 23 54
871 27 383 186 22 59
871 28 400 185 22 61
871 31 23 103 20 39
871 30 30 102 22 41
871 37 563 201 28 70
871 38 236 15 20 11
871 41 568 134 26 48
871 42 587 140 23 51
871 43 184 48 12 31
871 44 191 50 11 27
871 45 557 98 17 43
871 46 571 111 22 36
871 47 577 135 14 21
871 50 348 56 12 31
872 1 268 242 32 83
872 2 267 278 28 76
872 3 250 267 27 76
872 8 102 22 12 25
872 9 96 21 12 26
872 10 88 21 13 24
872 13 183 44 13 32
872 14 151 55 15 31
872 15 191 69 15 38
872 16 202 72 15 35
872 17 180 71 14 36
872 18 155 73 17 38
872 19 166 72 16 38
872 20 162 54 14 30
872 23 310 66 15 32
872 24 320 65 13 33
872 25 343 148 21 49
872 26 325 145 23 54
872 27 382 185 22 59
872 28 396 183 27 63
872 31 22 103 19 39
872 30 28 102 22 41
872 37 564 202 28 69
872 38 236 15 20 11
872 41 567 134 26 48
872 42 584 139 24 57
872 43 184 48 12 31
872 44 191 48 13 29
872 45 555 98 18 43
872 46 570 111 21 36
872 47 576 135 14 21
872 50 348 56 12 31
873 1 268 242 32 83
873 2 267 278 28 77
873 3 250 267 27 76
873 8 100 22 13 25
873 9 95 21 12 25
873 10 88 21 13 24
873 13 183 44 13 32
873 14 151 55 15 31
873 15 190 68 16 39
873 16 202 72 15 35
873 17 180 71 14 36
873 18 154 73 17 38
873 19 165 72 16 39
873 20 161 54 15 28
873 23 310 66 15 32
873 24 320 65 13 32
873 25 343 147 21 49
873 26 324 147 24 52
873 27 378 185 25 60
873 28 395 183 27 63
873 31 20 103 22 42
873 30 27 102 20 42
873 37 563 204 29 66
873 38 236 15 20 11
873 41 566 136 26 47
873 42 583 139 24 56
873 43 184 48 12 31
873 44 191 48 13 29
873 45 555 98 18 43
873 46 569 111 21 36
873 47 575 135 14 21
873 50 348 56 12 31
874 1 267 241 32 83
874 2 267 278 28 77
874 3 250 266 27 76
874 8 100 22 13 25
874 9 95 21 12 25
874 10 88 21 13 24
874 13 181 44 15 30
874 14 150 53 15 32
874 15 190 69 15 36
874 16 201 72 15 34
874 17 179 71 14 36
874 18 154 73 18 38
874 19 165 72 15 38
874 20 161 52 14 32
874 23 309 66 14 31
874 24 320 65 13 33
874 25 343 147 21 50
874 26 324 147 24 52
874 27 377 185 25 60
874 28 394 182 27 63
874 31 20 103 20 39
874 30 26 102 20 43
874 37 564 205 29 66
874 38 236 15 20 11
874 41 566 134 23 48
874 42 582 139 24 52
874 43 184 49 11 28
874 44 191 48 13 29
874 45 555 98 18 43
874 46 568 111 21 36
874 47 574 135 14 21
874 50 348 56 12 31
875 1 269 243 29 80
875 2 267 278 28 77
875 3 250 266 27 76
875 8 100 22 13 26
875 9 95 21 12 25
875 10 88 20 12 24
875 13 181 44 15 30
875 14 150 53 15 32
875 15 190 69 15 37
875 16 201 72 15 34
875 17 179 71 15 37
875 18 154 72 16 37
875 19 164 72 15 37
875 20 161 54 14 30
875 23 309 65 15 33
875 24 319 65 13 33
875 25 342 147 21 50
875 26 323 146 24 52
875 27 376 184 25 61
875 28 393 182 27 63
875 31 19 103 19 37
875 30 26 102 17 39
875 37 566 206 29 67
875 38 236 15 20 11
875 41 565 135 23 47
875 42 580 139 25 52
875 43 184 49 11 28
875 44 191 48 13 29
875 45 555 98 18 43
875 46 573 111 16 36
875 47 573 134 14 21
875 50 348 56 12 30
876 1 269 243 29 80
876 2 267 278 28 77
876 3 250 266 27 76
876 8 100 22 13 26
876 9 95 21 12 25
876 10 87 20 12 24
876 13 181 44 15 30
876 14 150 53 15 32
876 15 190 69 15 37
876 16 201 72 15 34
876 17 179 71 15 37
876 18 154 72 16 37
876 19 164 72 15 37
876 20 161 52 14 32
876 23 309 65 15 32
876 24 319 65 13 33
876 25 342 147 21 50
876 26 323 146 24 50
876 27 376 184 25 60
876 28 395 182 27 64
876 31 19 103 19 37
876 30 26 102 17 39
876 37 566 206 29 67
876 38 236 15 20 11
876 41 568 134 20 48
876 42 579 139 27 52
876 43 184 49 11 28
876 44 191 48 13 29
876 45 555 98 18 43
876 46 573 111 16 36
876 47 573 134 14 21
876 50 348 55 12 31
877 1 269 243 29 80
877 2 266 278 28 77
877 3 250 266 27 76
877 8 100 22 13 26
877 9 95 21 12 24
877 10 87 21 12 24
877 13 180 44 13 30
877 14 150 53 15 32
877 15 190 69 15 37
877 16 200 71 15 34
877 17 178 70 15 37
877 18 154 72 16 37
877 19 164 72 15 36
877 20 162 52 13 31
877 23 308 65 15 32
877 24 319 65 15 32
877 25 342 146 21 49
877 26 323 146 24 50
877 27 375 183 25 61
877 28 394 181 27 64
877 31 18 103 19 37
877 30 25 102 16 39
877 37 567 206 33 66
877 38 236 15 20 11
877 41 567 134 20 48
877 42 578 139 27 52
877 43 184 49 11 28
877 44 191 48 13 30
877 45 554 97 18 44
877 46 571 111 17 37
877 47 573 134 14 21
877 50 348 55 12 31
878 1 268 243 29 80
878 2 266 277 28 77
878 3 250 266 27 76
878 8 100 22 13 26
878 9 95 21 12 25
878 10 87 21 12 24
878 13 180 44 13 30
878 14 149 53 15 32
878 15 188 68 16 37
878 16 199 71 16 38
878 17 178 70 15 37
878 18 153 72 16 37
878 19 164 72 15 37
878 20 162 52 14 32
878 23 308 65 15 32
878 24 319 65 15 32
878 25 342 146 21 49
878 26 322 145 24 51
878 27 376 183 24 60
878 28 393 180 25 62
878 31 17 103 19 38
878 30 24 102 16 40
878 37 568 207 33 68
878 38 236 15 20 11
878 41 566 134 20 48
878 42 577 139 27 52
878 43 181 49 11 28
878 44 192 48 13 30
878 45 554 97 18 44
878 46 571 110 17 36
878 47 572 134 14 21
878 50 348 55 12 31
879 1 268 242 29 80
879 2 266 278 28 76
879 3 250 266 27 76
879 8 100 22 13 25
879 9 95 21 12 24
879 10 87 21 12 24
879 13 180 44 11 28
879 14 149 52 14 33
879 15 188 68 16 37
879 16 199 70 16 38
879 17 177 71 14 36
879 18 153 71 16 37
879 19 164 72 15 37
879 20 162 51 11 34
879 23 308 65 14 31
879 24 318 65 15 32
879 25 341 145 21 51
879 26 322 145 23 48
879 27 375 182 24 61
879 28 392 179 25 62
879 31 16 104 20 38
879 30 24 102 16 39
879 37 570 208 33 68
879 38 236 15 20 11
879 41 566 134 20 48
879 42 575 138 30 52
879 43 181 49 11 25
879 44 192 48 13 30
879 45 553 97 17 43
879 46 570 110 17 36
879 47 571 134 13 21
879 50 348 55 12 31
880 1 268 242 26 80
880 2 267 278 28 76
880 3 251 266 27 77
880 8 100 22 13 25
880 9 95 21 12 25
880 10 86 21 12 24
880 13 178 44 14 31
880 14 148 52 16 33
880 15 188 68 16 38
880 16 198 70 16 37
880 17 177 71 14 36
880 18 153 71 16 37
880 19 162 71 16 38
880 20 159 49 14 34
880 23 307 65 15 33
880 24 318 65 15 32
880 25 341 145 21 51
880 26 321 144 25 52
880 27 374 181 24 61
880 28 391 179 25 61
880 31 15 103 20 38
880 30 23 102 16 39
880 37 575 207 30 70
880 38 236 15 20 11
880 41 565 135 20 46
880 42 577 140 25 50
880 43 181 49 11 25
880 44 192 48 13 29
880 45 552 97 17 43
880 46 569 110 17 37
880 47 570 134 13 21
880 50 348 55 12 31
881 1 268 242 26 80
881 2 267 278 28 76
881 3 251 266 27 77
881 8 99 22 12 25
881 9 94 21 12 25
881 10 86 21 12 24
881 13 178 43 14 31
881 14 148 52 16 33
881 15 188 67 16 38
881 16 198 70 16 37
881 17 177 71 14 36
881 18 151 71 17 39
881 19 162 71 16 38
881 20 161 51 12 32
881 23 307 65 14 31
881 24 316 63 16 33
881 25 340 144 21 51
881 26 320 144 25 52
881 27 374 180 23 59
881 28 390 178 25 59
881 31 14 104 20 38
881 30 22 102 16 40
881 37 577 207 30 71
881 38 236 15 20 11
881 41 563 135 20 46
881 42 576 141 24 49
881 43 181 48 11 25
881 44 193 48 11 25
881 45 551 97 17 42
881 46 570 109 16 38
881 47 568 134 14 21
881 50 348 55 12 31
882 1 268 242 26 80
882 2 266 277 28 76
882 3 251 266 27 77
882 8 99 22 12 25
882 9 94 21 12 25
882 10 86 21 12 24
882 13 178 43 14 31
882 14 148 52 16 33
882 15 187 67 17 40
882 16 198 70 16 37
882 17 177 71 14 36
882 18 151 71 17 39
882 19 162 71 16 38
882 20 160 51 13 32
882 23 307 65 14 31
882 24 316 63 15 34
882 25 340 144 21 51
882 26 320 144 25 51
882 27 374 180 23 59
882 28 390 178 25 59
882 31 14 104 20 38
882 30 22 102 16 40
882 37 576 207 30 71
882 38 236 15 20 11
882 41 563 135 20 46
882 42 576 141 22 49
882 43 181 48 11 25
882 44 193 48 11 25
882 45 551 97 17 42
882 46 570 109 16 38
882 47 568 134 14 21
882 50 348 55 12 31
883 1 267 242 26 80
883 2 266 277 28 76
883 3 251 266 27 77
883 8 99 22 12 25
883 9 94 21 12 25
883 10 86 21 12 24
883 13 178 43 16 30
883 14 148 52 16 33
883 15 187 67 17 40
883 16 198 70 16 37
883 17 177 71 14 35
883 18 151 71 17 39
883 19 161 71 16 38
883 20 161 52 12 31
883 23 307 65 14 31
883 24 316 63 15 34
883 25 340 144 20 49
883 26 321 144 22 50
883 27 373 179 23 59
883 28 389 178 25 59
883 31 12 104 19 37
883 30 22 103 18 40
883 37 580 208 28 69
883 38 236 15 20 11
883 41 562 135 20 46
883 42 575 141 22 49
883 43 180 48 11 26
883 44 193 49 11 24
883 45 551 97 17 42
883 46 569 109 16 38
883 47 567 134 14 21
883 50 348 55 12 31
884 1 267 242 26 80
884 2 266 278 28 75
884 3 251 266 27 77
884 8 99 22 12 25
884 9 94 21 12 24
884 10 86 21 12 24
884 13 178 43 16 30
884 14 148 52 15 33
884 15 187 67 17 40
884 16 198 70 15 34
884 17 177 71 14 35
884 18 150 71 17 39
884 19 161 71 17 38
884 20 159 52 13 29
884 23 306 65 14 32
884 24 316 63 15 34
884 25 340 144 20 49
884 26 321 144 22 50
884 27 373 179 23 59
884 28 388 177 25 59
884 31 11 104 19 38
884 30 20 103 19 40
884 37 581 209 28 69
884 38 236 15 20 11
884 41 556 135 26 46
884 42 575 141 21 47
884 43 180 48 12 26
884 44 193 49 11 24
884 45 550 97 17 42
884 46 569 109 16 38
884 47 566 134 14 21
884 50 348 55 12 31
885 1 266 242 26 79
885 2 266 277 28 76
885 3 251 266 27 77
885 8 98 22 12 25
885 9 94 21 12 24
885 10 92 20 12 24
885 13 178 43 16 30
885 14 148 52 15 33
885 15 187 67 17 40
885 16 197 70 16 36
885 17 176 71 14 36
885 18 150 71 17 39
885 19 160 71 17 38
885 20 160 52 12 30
885 23 306 65 14 32
885 24 315 63 15 34
885 25 339 144 20 49
885 26 321 144 22 50
885 27 372 179 23 59
885 28 387 177 26 61
885 31 10 104 19 37
885 30 19 104 19 40
885 37 580 208 31 71
885 38 236 15 20 11
885 41 555 135 26 46
885 42 574 141 21 47
885 43 180 48 12 26
885 44 193 49 11 24
885 45 548 97 19 42
885 46 568 109 18 39
885 47 566 134 14 21
885 50 348 55 12 31
886 1 266 242 26 79
886 2 266 277 28 75
886 3 251 266 27 77
886 8 98 22 12 25
886 9 94 21 12 24
886 10 85 20 12 24
886 13 178 43 16 30
886 14 147 52 15 33
886 15 186 67 17 40
886 16 196 70 17 39
886 17 176 70 14 36
886 18 150 71 15 38
886 19 160 70 17 38
886 20 158 49 15 32
886 23 306 65 15 32
886 24 315 63 15 33
886 25 339 144 20 48
886 26 321 144 22 50
886 27 371 178 23 59
886 28 386 177 26 61
886 31 9 103 19 37
886 30 18 103 19 40
886 37 581 209 31 70
886 38 236 15 20 11
886 41 555 135 26 46
886 42 573 141 21 47
886 43 180 48 11 26
886 44 194 49 11 24
886 45 548 97 19 42
886 46 567 109 18 39
886 47 562 132 14 22
886 50 348 55 12 31
887 1 261 242 32 80
887 2 266 277 28 75
887 3 250 266 28 77
887 8 98 22 12 25
887 9 94 21 12 24
887 10 85 20 12 24
887 13 178 43 16 30
887 14 147 52 15 33
887 15 186 67 17 39
887 16 197 70 16 36
887 17 176 72 15 33
887 18 149 70 16 40
887 19 160 70 17 38
887 20 158 49 13 33
887 23 305 63 15 33
887 24 314 63 15 33
887 25 339 144 19 48
887 26 320 143 22 50
887 27 370 178 23 58
887 28 386 176 26 61
887 31 8 102 20 39
887 30 17 102 20 41
887 37 581 210 39 71
887 38 236 15 20 11
887 41 554 136 25 45
887 42 567 141 27 48
887 43 180 48 11 25
887 44 186 47 12 26
887 45 547 97 19 42
887 46 567 109 18 40
887 47 561 133 14 21
887 50 348 55 12 31
888 1 261 242 32 80
888 2 266 277 28 75
888 3 250 266 28 77
888 8 98 22 12 25
888 9 94 21 12 24
888 10 85 20 12 24
888 13 178 43 16 30
888 14 147 52 15 33
888 15 184 67 19 39
888 16 197 70 16 36
888 17 176 71 14 34
888 18 149 70 16 40
888 19 160 70 17 38
888 20 158 48 14 32
888 23 305 63 15 33
888 24 314 63 15 33
888 25 339 144 19 48
888 26 320 143 22 50
888 27 370 178 23 58
888 28 386 176 26 61
888 31 8 102 20 39
888 30 17 102 20 41
888 37 581 210 39 71
888 38 236 15 20 11
888 41 554 136 25 45
888 42 567 141 25 48
888 43 180 48 11 25
888 44 186 47 12 26
888 45 547 97 19 42
888 46 567 109 18 40
888 47 561 133 14 21
888 50 348 55 12 31
889 1 261 242 32 80
889 2 266 277 28 75
889 3 250 266 28 77
889 8 98 22 12 25
889 9 93 21 12 24
889 10 85 20 12 24
889 13 177 42 16 31
889 14 147 54 15 30
889 15 184 67 19 39
889 16 195 70 17 39
889 17 175 70 14 35
889 18 149 70 16 40
889 19 160 70 15 39
889 20 158 53 13 28
889 23 305 63 15 33
889 24 314 63 15 34
889 25 339 144 19 46
889 26 320 143 22 50
889 27 370 178 23 58
889 28 385 176 26 61
889 31 6 102 21 40
889 30 16 102 19 40
889 37 582 211 40 71
889 38 236 15 20 11
889 41 552 136 25 46
889 42 566 141 24 48
889 43 180 48 11 25
889 44 186 47 12 26
889 45 547 97 19 42
889 46 566 109 18 40
889 47 560 133 13 22
889 50 348 55 12 31
890 1 260 241 28 80
890 2 266 277 27 75
890 3 250 266 28 77
890 8 98 22 12 25
890 9 93 21 12 24
890 10 85 20 12 24
890 13 177 42 16 30
890 14 147 54 15 30
890 15 184 67 18 38
890 16 196 70 15 33
890 17 175 70 14 35
890 18 148 69 16 39
890 19 160 70 15 39
890 20 160 52 11 28
890 23 305 63 15 33
890 24 314 63 15 34
890 25 338 143 20 48
890 26 320 143 22 50
890 27 369 178 23 58
890 28 384 176 26 60
890 31 6 102 21 39
890 30 15 102 16 41
890 37 585 211 39 72
890 38 236 15 20 11
890 41 552 136 25 46
890 42 562 141 27 48
890 43 180 48 11 25
890 44 186 47 12 26
890 45 546 97 19 42
890 46 567 109 18 39
890 47 559 133 13 21
890 50 348 55 12 31
891 1 260 241 24 80
891 2 267 278 27 72
891 3 245 266 33 77
891 8 98 22 12 25
891 9 93 21 12 25
891 10 84 20 12 24
891 13 177 42 16 30
891 14 146 54 15 29
891 15 183 67 19 39
891 16 196 70 15 33
891 17 175 70 14 35
891 18 148 69 16 39
891 19 160 70 15 39
891 20 160 52 11 28
891 23 305 63 15 33
891 24 313 63 15 33
891 25 337 143 19 48
891 26 319 142 22 50
891 27 369 177 23 58
891 28 383 176 26 60
891 31 5 102 21 39
891 30 13 102 17 40
891 37 584 212 42 71
891 38 236 15 20 11
891 41 551 136 25 46
891 42 561 141 27 48
891 43 179 48 11 25
891 44 186 47 12 27
891 45 546 97 19 42
891 46 564 108 17 40
891 47 558 133 13 21
891 48 -21 107 18 41
891 50 348 55 12 31
892 1 260 241 24 80
892 2 266 276 28 76
892 3 245 266 33 77
892 8 98 22 12 25
892 9 93 21 12 24
892 10 84 20 12 24
892 13 177 42 16 30
892 14 146 53 15 29
892 15 182 66 19 39
892 16 195 70 15 33
892 17 175 69 14 36
892 18 147 69 16 39
892 19 159 70 15 39
892 20 160 52 11 28
892 23 304 63 14 33
892 24 313 63 15 33
892 25 337 142 19 47
892 26 319 142 22 49
892 27 368 177 23 59
892 28 382 175 25 60
892 31 4 102 20 39
892 30 12 102 16 40
892 37 586 212 39 71
892 38 236 15 20 11
892 41 550 135 25 47
892 42 559 141 28 48
892 43 179 48 11 25
892 44 186 47 12 27
892 45 544 97 20 42
892 46 564 108 18 40
892 47 556 133 14 21
892 48 -20 108 18 40
892 50 348 55 12 31
893 1 260 241 24 80
893 2 266 276 28 76
893 3 245 266 33 77
893 8 97 22 12 25
893 9 93 21 12 24
893 10 84 20 12 24
893 13 177 41 16 31
893 14 146 53 15 29
893 15 182 66 19 39
893 16 195 68 15 35
893 17 174 69 14 36
893 18 147 68 16 39
893 19 159 70 15 39
893 20 159 52 11 28
893 23 304 62 15 33
893 24 313 62 15 33
893 25 336 142 20 48
893 26 320 142 22 49
893 27 368 176 23 58
893 28 382 174 25 60
893 31 4 102 19 37
893 30 11 102 16 40
893 37 587 212 39 72
893 38 236 15 20 11
893 41 551 135 24 46
893 42 559 141 29 49
893 43 179 47 11 25
893 44 186 47 13 27
893 45 544 97 20 42
893 46 563 108 17 40
893 47 555 132 14 21
893 48 -22 107 21 41
893 50 348 55 12 31
894 1 258 239 24 80
894 2 266 276 28 76
894 3 244 266 34 77
894 8 97 22 12 25
894 9 92 20 12 25
894 10 84 20 12 24
894 13 177 41 16 31
894 14 146 53 15 29
894 15 182 66 18 39
894 16 195 68 15 34
894 17 174 69 14 35
894 18 147 68 16 39
894 19 159 70 15 39
894 20 159 52 11 28
894 23 304 62 15 33
894 24 313 62 15 34
894 25 336 142 19 48
894 26 319 142 23 49
894 27 368 176 22 58
894 28 382 174 25 60
894 31 4 102 19 37
894 30 11 102 16 40
894 37 587 212 40 73
894 38 236 15 20 11
894 41 551 135 24 46
894 42 559 141 29 49
894 43 179 47 11 25
894 44 186 47 13 27
894 45 543 97 20 43
894 46 563 108 21 40
894 47 555 133 14 21
894 48 -20 108 19 40
894 50 348 55 12 31
895 1 258 239 24 80
895 2 266 276 28 76
895 3 244 266 34 77
895 8 97 22 12 25
895 9 92 20 12 25
895 10 83 20 12 24
895 13 177 41 16 30
895 14 146 53 15 29
895 15 181 65 20 41
895 16 195 68 15 34
895 17 174 69 14 36
895 18 147 68 16 39
895 19 159 70 15 39
895 20 159 52 11 28
895 23 303 62 15 35
895 24 312 62 15 34
895 25 336 141 20 49
895 26 319 142 22 49
895 27 367 175 22 58
895 28 381 174 25 60
895 31 3 102 20 39
895 30 11 102 16 40
895 37 592 212 37 74
895 38 236 15 20 11
895 41 550 135 24 46
895 42 558 141 29 49
895 43 179 47 11 25
895 44 186 47 13 27
895 45 543 97 20 42
895 46 562 108 20 40
895 47 554 132 14 21
895 48 -22 107 22 41
895 50 348 55 12 31
896 1 257 240 24 80
896 2 266 276 28 76
896 3 240 266 38 77
896 8 97 22 12 25
896 9 91 22 12 24
896 10 83 20 12 24
896 13 176 41 16 30
896 14 145 53 15 29
896 15 182 65 15 38
896 16 193 67 16 35
896 17 174 69 14 36
896 18 145 68 17 39
896 19 158 70 15 38
896 20 159 52 11 28
896 23 303 62 15 34
896 24 312 62 15 34
896 25 336 141 18 48
896 26 319 142 22 49
896 27 367 175 22 57
896 28 381 173 25 58
896 31 2 102 20 38
896 30 10 101 16 41
896 37 598 212 34 75
896 38 236 15 20 11
896 41 551 135 23 46
896 42 557 141 28 47
896 43 177 47 12 25
896 44 186 47 13 27
896 45 545 96 17 41
896 46 562 108 20 40
896 47 553 131 14 22
896 48 -22 107 22 41
896 50 348 55 12 31
897 1 257 240 24 80
897 2 267 276 28 76
897 3 240 266 38 77
897 8 97 22 12 25
897 9 91 22 12 24
897 10 84 20 12 24
897 13 176 41 16 30
897 14 145 53 15 29
897 15 182 65 15 38
897 16 193 67 16 36
897 17 174 69 14 36
897 18 145 68 17 39
897 19 158 70 15 38
897 20 159 52 11 28
897 23 303 62 15 34
897 24 311 62 15 34
897 25 336 141 18 48
897 26 318 141 22 49
897 27 366 174 22 58
897 28 380 172 24 59
897 31 1 102 20 38
897 30 9 101 15 42
897 37 599 212 34 75
897 38 236 15 20 11
897 41 550 135 19 46
897 42 557 138 24 51
897 43 177 47 12 26
897 44 186 47 13 27
897 45 545 96 17 41
897 46 561 107 19 38
897 47 552 131 14 22
897 48 -25 105 27 45
897 50 348 55 12 31
898 1 257 239 24 80
898 2 267 275 28 76
898 3 240 266 38 77
898 8 96 22 12 25
898 9 91 22 12 24
898 10 83 20 12 25
898 13 176 41 16 31
898 14 145 53 15 29
898 15 181 65 15 38
898 16 192 66 17 38
898 17 173 69 13 34
898 18 144 68 17 39
898 19 158 69 15 38
898 20 158 52 11 27
898 23 303 61 15 34
898 24 311 61 15 34
898 25 335 140 20 48
898 26 318 141 22 50
898 27 366 174 22 56
898 28 379 171 24 59
898 31 0 103 19 37
898 30 8 101 15 41
898 37 607 213 27 75
898 38 236 15 20 11
898 41 549 135 19 46
898 42 556 138 24 51
898 43 177 47 12 25
898 44 186 46 13 28
898 45 543 96 18 40
898 46 559 107 20 38
898 47 552 131 15 22
898 48 -24 105 28 46
898 50 348 55 12 30
899 1 256 239 24 81
899 2 267 275 28 77
899 3 240 269 38 74
899 8 96 22 12 25
899 9 91 22 12 24
899 10 82 19 12 25
899 13 175 41 16 29
899 14 145 53 15 29
899 15 181 65 15 38
899 16 192 66 17 38
899 17 172 69 14 34
899 18 144 68 17 39
899 19 158 69 15 38
899 20 158 50 11 28
899 23 302 61 14 34
899 24 311 61 15 34
899 25 335 140 20 48
899 26 318 141 22 50
899 27 365 174 22 56
899 28 379 171 24 59
899 31 -1 102 18 37
899 30 6 101 21 42
899 37 608 214 28 74
899 38 236 15 20 11
899 41 548 135 19 46
899 42 557 138 20 53
899 43 176 47 12 24
899 44 186 46 11 27
899 45 543 96 18 40
899 46 559 107 20 38
899 47 551 131 14 22
899 48 -20 105 25 46
899 50 348 55 12 30
900 1 256 239 24 80
900 2 267 275 28 77
900 3 240 269 38 74
900 8 96 22 12 25
900 9 91 22 12 24
900 10 82 20 12 25
900 13 175 41 16 29
900 14 145 53 15 29
900 15 181 65 15 38
900 16 192 66 17 36
900 17 172 69 13 34
900 18 144 68 17 39
900 19 158 69 15 38
900 20 158 50 11 28
900 23 302 61 14 33
900 24 311 61 15 34
900 25 335 140 20 48
900 26 318 141 22 50
900 27 365 174 22 56
900 28 379 171 24 59
900 31 -1 102 18 37
900 30 6 101 21 42
900 37 608 214 29 74
900 38 236 15 20 11
900 41 548 135 19 46
900 42 557 138 20 53
900 43 176 47 12 24
900 44 186 46 11 27
900 45 543 96 18 40
900 46 559 107 20 38
900 47 551 131 14 22
900 48 -21 105 26 46
900 50 348 55 12 30
901 1 256 239 24 80
901 2 267 275 28 77
901 3 240 269 38 74
901 8 96 22 12 25
901 9 89 21 13 25
901 10 82 19 13 25
901 13 175 41 16 29
901 14 144 52 15 29
901 15 181 65 15 38
901 16 193 66 16 36
901 17 172 69 13 33
901 18 144 68 17 39
901 19 157 69 15 39
901 20 158 50 11 28
901 23 302 61 13 33
901 24 310 61 15 34
901 25 332 138 22 50
901 26 319 138 19 51
901 27 365 174 22 55
901 28 378 171 24 58
901 31 -2 102 18 37
901 30 5 101 21 42
901 37 609 215 29 74
901 38 237 15 20 11
901 41 544 135 22 47
901 42 556 138 20 52
901 43 176 47 12 24
901 44 186 46 11 27
901 45 542 96 18 41
901 46 558 106 20 39
901 47 550 132 13 22
901 48 -20 105 26 46
901 49 60 490 46 37
901 50 348 55 12 31
902 1 256 239 24 80
902 2 268 275 28 77
902 3 240 267 39 76
902 8 96 22 12 25
902 9 89 21 13 25
902 10 82 19 13 25
902 13 175 41 16 29
902 14 144 52 15 29
902 15 179 65 15 38
902 16 193 66 16 36
902 17 172 69 13 33
902 18 143 68 17 39
902 19 157 69 15 38
902 20 157 50 11 28
902 23 302 61 13 33
902 24 310 61 15 33
902 25 332 138 22 50
902 26 319 138 19 51
902 27 365 174 21 55
902 28 377 171 24 59
902 31 -3 102 18 37
902 30 4 101 20 43
902 37 608 217 36 75
902 38 237 15 20 11
902 41 543 135 22 47
902 42 556 138 20 53
902 43 179 47 11 25
902 44 186 46 11 27
902 45 542 96 18 40
902 46 557 106 20 38
902 47 552 129 13 25
902 48 -22 105 29 46
902 49 63 488 46 37
902 50 348 55 12 31
903 1 256 239 24 81
903 2 268 275 28 77
903 3 238 265 40 78
903 8 95 22 12 21
903 9 89 20 13 24
903 10 82 19 12 25
903 13 174 41 16 29
903 14 143 52 14 29
903 15 179 65 15 38
903 16 193 66 16 36
903 17 172 69 13 33
903 18 143 68 17 39
903 19 157 68 15 38
903 20 157 50 11 28
903 23 301 61 13 33
903 24 310 61 14 33
903 25 332 138 22 50
903 26 319 138 19 50
903 27 363 174 22 56
903 28 376 171 24 59
903 31 -4 103 18 37
903 30 3 101 20 42
903 37 609 218 36 76
903 38 237 15 20 11
903 41 542 135 22 46
903 42 550 138 25 49
903 43 179 47 11 25
903 44 186 46 11 27
903 45 541 96 18 40
903 46 556 106 21 40
903 47 551 129 12 25
903 48 -20 105 29 46
903 49 65 485 45 43
903 50 348 55 12 31
904 1 249 239 26 72
904 2 269 274 28 77
904 3 238 265 40 79
904 8 95 22 12 21
904 9 89 20 13 24
904 10 82 19 12 25
904 13 174 41 15 29
904 14 143 51 14 29
904 15 179 65 15 38
904 16 192 66 16 36
904 17 172 69 13 34
904 18 143 67 17 38
904 19 156 68 15 39
904 20 157 49 11 28
904 23 301 61 13 33
904 24 310 60 15 35
904 25 331 138 22 50
904 26 319 138 18 50
904 27 363 174 22 56
904 28 376 171 24 59
904 31 -4 103 18 36
904 30 3 101 20 41
904 37 613 219 36 76
904 38 237 15 20 11
904 41 540 135 22 47
904 42 549 138 25 49
904 43 179 47 11 25
904 44 186 46 11 27
904 45 541 96 16 40
904 46 556 106 21 39
904 47 550 129 12 26
904 48 -19 105 29 45
904 49 68 483 44 46
904 50 348 55 12 31
905 1 249 239 26 72
905 2 270 273 29 79
905 3 239 261 40 82
905 8 95 22 12 21
905 9 89 20 13 24
905 10 82 19 12 25
905 13 174 41 15 29
905 14 143 51 14 29
905 15 178 65 15 38
905 16 192 66 16 36
905 17 171 69 13 33
905 18 143 67 17 38
905 19 156 68 15 39
905 20 157 49 11 28
905 23 301 61 13 32
905 24 309 61 15 34
905 25 331 138 22 50
905 26 318 138 19 48
905 27 362 174 22 55
905 28 375 171 24 58
905 31 -6 102 19 37
905 30 0 101 21 42
905 37 612 220 37 76
905 38 237 15 20 11
905 41 539 135 26 47
905 42 546 138 27 52
905 43 177 47 12 25
905 44 186 46 11 28
905 45 540 96 16 39
905 46 554 105 21 41
905 47 555 128 14 23
905 48 -16 104 28 46
905 49 70 479 44 50
905 50 348 55 12 31
906 1 249 239 26 72
906 2 270 273 29 79
906 3 239 261 40 82
906 8 95 22 12 21
906 9 89 20 13 24
906 10 80 19 13 25
906 13 174 41 15 29
906 14 143 51 14 30
906 15 178 65 15 38
906 16 192 66 16 36
906 17 171 69 13 33
906 18 142 67 17 38
906 19 156 68 15 39
906 20 157 49 11 28
906 23 301 61 13 32
906 24 309 61 15 34
906 25 331 138 22 50
906 26 318 138 19 48
906 27 362 174 22 55
906 28 375 171 24 58
906 31 -6 102 19 37
906 30 0 101 21 41
906 37 612 220 37 76
906 38 237 15 20 11
906 41 539 135 26 47
906 42 546 138 27 52
906 43 191 48 11 30
906 44 197 47 11 30
906 45 540 96 16 39
906 46 554 105 21 41
906 47 555 128 14 23
906 48 -16 104 28 46
906 49 70 479 44 48
906 50 348 55 12 31
907 1 249 238 26 73
907 2 270 273 29 79
907 3 239 261 40 82
907 8 95 22 12 21
907 9 89 20 13 24
907 10 80 19 13 25
907 13 174 41 16 28
907 14 143 51 14 30
907 15 178 65 15 38
907 16 192 66 16 37
907 17 171 68 13 34
907 18 142 66 17 38
907 19 156 68 15 39
907 20 157 49 11 28
907 23 301 61 13 32
907 24 309 60 16 36
907 25 331 137 22 50
907 26 318 138 19 48
907 27 362 173 22 55
907 28 374 171 23 57
907 31 -8 102 20 38
907 30 0 101 21 41
907 37 615 221 36 76
907 38 237 15 20 11
907 41 538 135 26 47
907 42 545 138 27 52
907 43 192 47 12 29
907 44 197 47 11 29
907 45 539 96 16 39
907 46 553 105 22 41
907 47 554 129 14 22
907 48 -14 105 24 45
907 49 73 476 42 53
907 50 348 55 12 30
908 1 248 238 27 73
908 2 271 273 29 79
908 3 239 260 40 83
908 8 95 22 12 21
908 9 89 20 13 24
908 10 80 19 13 24
908 13 174 41 16 28
908 14 143 50 14 30
908 15 177 65 15 38
908 16 191 66 15 34
908 17 171 68 13 34
908 18 142 66 17 39
908 19 155 67 15 40
908 20 155 49 12 28
908 23 300 61 13 32
908 24 309 61 15 33
908 25 331 137 22 50
908 26 316 137 20 49
908 27 363 173 19 56
908 28 373 170 23 57
908 31 -11 100 22 41
908 30 -1 101 17 38
908 37 616 221 36 76
908 38 237 15 20 11
908 41 537 135 26 47
908 42 544 138 26 52
908 43 194 48 11 28
908 44 198 47 11 30
908 45 539 96 16 39
908 46 556 104 18 42
908 47 553 129 14 22
908 48 -13 105 23 44
908 49 74 472 45 59
908 50 348 55 12 31
909 1 248 237 27 74
909 2 271 272 29 79
909 3 239 260 40 82
909 8 94 22 12 21
909 9 88 20 12 24
909 10 80 19 13 25
909 13 173 41 16 28
909 14 142 51 14 30
909 15 177 64 15 39
909 16 191 66 15 34
909 17 170 67 14 35
909 18 142 66 17 38
909 19 155 67 15 40
909 20 155 49 12 28
909 23 300 61 13 32
909 24 308 60 16 35
909 25 331 136 22 50
909 26 316 137 20 49
909 27 362 172 19 56
909 28 373 169 23 56
909 31 -11 100 22 41
909 30 -1 101 17 38
909 37 620 222 34 74
909 38 237 15 20 11
909 41 536 136 26 46
909 42 543 138 26 52
909 43 193 49 11 31
909 44 198 49 11 30
909 45 538 96 16 38
909 46 555 104 18 42
909 47 551 128 14 22
909 48 -13 104 24 45
909 49 76 469 49 58
909 50 348 55 12 30
910 1 248 237 27 74
910 2 272 272 30 80
910 3 236 263 43 79
910 8 94 22 12 21
910 9 88 20 12 24
910 10 80 19 13 25
910 13 173 41 16 28
910 14 142 51 14 30
910 15 176 64 16 39
910 16 191 66 15 34
910 17 170 67 13 34
910 18 141 66 17 38
910 19 154 67 15 39
910 20 155 49 12 28
910 23 300 60 13 33
910 24 308 59 15 35
910 25 330 135 23 52
910 26 315 136 21 50
910 27 362 172 19 56
910 28 372 168 24 60
910 31 -13 100 23 45
910 30 -1 101 15 37
910 37 622 222 33 75
910 38 237 15 20 11
910 41 537 135 25 49
910 42 543 138 25 50
910 43 188 47 12 25
910 44 194 46 13 29
910 45 537 96 16 39
910 46 555 104 18 42
910 47 551 128 14 22
910 48 -6 104 20 46
910 49 77 466 50 61
910 50 348 55 12 30
911 1 247 237 27 74
911 2 272 271 30 80
911 3 236 263 43 79
911 8 94 22 12 21
911 9 88 20 12 24
911 10 79 19 14 25
911 13 173 40 15 28
911 14 142 51 14 30
911 15 176 64 15 38
911 16 189 66 16 34
911 17 169 67 13 34
911 18 141 66 17 38
911 19 154 67 13 37
911 20 155 49 12 28
911 23 299 60 13 33
911 24 308 59 15 35
911 25 330 136 21 48
911 26 315 136 20 49
911 27 361 171 19 56
911 28 371 168 24 60
911 31 -14 100 22 45
911 30 -3 101 17 43
911 37 631 222 27 74
911 38 237 15 20 11
911 41 536 135 25 49
911 42 542 138 25 49
911 43 192 50 12 28
911 44 198 48 11 31
911 45 537 95 16 40
911 46 554 106 19 39
911 47 550 128 14 22
911 48 -6 104 20 45
911 49 78 462 51 67
911 50 348 55 12 30
912 1 247 237 27 74
912 2 272 271 30 80
912 3 236 263 43 79
912 8 94 22 12 21
912 9 88 20 12 24
912 10 79 19 14 25
912 13 173 40 15 28
912 14 142 51 14 30
912 15 176 64 15 38
912 16 189 66 14 34
912 17 169 67 13 34
912 18 141 66 17 38
912 19 154 67 15 39
912 20 155 49 12 28
912 23 299 61 12 31
912 24 308 59 15 35
912 25 329 135 23 53
912 26 314 136 21 50
912 27 361 171 19 57
912 28 371 168 24 60
912 31 -14 100 22 45
912 30 -3 101 17 43
912 37 631 222 27 74
912 38 237 15 20 11
912 41 537 135 22 48
912 42 542 138 24 49
912 43 191 50 13 31
912 44 197 52 11 30
912 45 537 95 16 40
912 46 554 106 19 39
912 47 549 128 14 22
912 48 -6 104 20 45
912 49 78 462 52 64
912 50 348 55 12 30
913 1 243 237 31 74
913 2 273 271 30 81
913 3 233 263 46 79
913 8 93 22 12 21
913 9 88 21 12 23
913 10 79 20 13 21
913 13 173 40 15 28
913 14 142 51 14 29
913 15 176 64 15 38
913 16 189 66 14 34
913 17 169 67 13 34
913 18 140 66 17 38
913 19 154 67 13 38
913 20 155 49 12 28
913 23 299 60 13 34
913 24 307 59 15 35
913 25 331 134 22 49
913 26 314 135 21 50
913 27 360 170 20 55
913 28 370 167 24 61
913 31 -14 100 22 45
913 30 -3 101 17 43
913 37 633 222 28 74
913 38 237 15 20 11
913 41 536 135 21 48
913 42 541 138 24 49
913 43 194 54 11 29
913 44 198 52 11 31
913 45 536 95 17 40
913 46 553 106 18 39
913 47 549 129 12 21
913 48 -7 104 20 46
913 49 80 459 48 69
913 50 348 55 12 30
914 1 243 237 31 74
914 2 273 271 30 81
914 3 233 263 46 79
914 8 93 22 12 21
914 9 87 20 12 24
914 10 79 20 13 21
914 13 172 40 15 28
914 14 142 51 14 29
914 15 175 64 15 38
914 16 189 66 14 34
914 17 169 67 13 33
914 18 140 66 17 38
914 19 153 67 13 38
914 20 154 49 12 28
914 23 298 60 13 33
914 24 307 58 15 36
914 25 331 134 22 49
914 26 314 135 21 50
914 27 360 169 20 55
914 28 370 166 22 58
914 31 -15 100 22 45
914 30 -3 100 14 43
914 37 633 223 30 74
914 38 237 15 20 11
914 41 536 135 21 48
914 42 544 138 17 49
914 43 193 51 12 35
914 44 198 51 12 34
914 45 536 95 17 40
914 46 552 106 18 39
914 47 548 129 12 20
914 48 -7 104 20 46
914 49 82 458 48 72
914 50 348 55 12 31
915 1 241 236 33 75
915 2 273 270 30 81
915 3 233 263 46 79
915 8 93 22 12 21
915 9 87 20 12 24
915 10 78 20 12 21
915 13 172 40 15 28
915 14 142 51 14 29
915 15 176 64 15 37
915 16 188 66 14 34
915 17 168 67 13 33
915 18 140 66 17 38
915 19 153 67 14 39
915 20 154 49 12 28
915 23 298 59 14 35
915 24 306 58 14 34
915 25 331 134 22 49
915 26 314 135 21 51
915 27 359 169 20 55
915 28 369 166 22 58
915 31 -15 100 22 45
915 30 -3 100 14 43
915 37 634 224 26 73
915 38 237 15 20 11
915 41 535 135 19 46
915 42 543 138 17 49
915 43 192 51 12 32
915 44 197 50 14 34
915 45 536 95 17 40
915 46 552 106 18 39
915 47 548 129 12 20
915 48 -1 104 22 45
915 49 84 456 48 72
915 50 348 55 12 31
916 1 241 236 33 75
916 2 274 271 30 80
916 3 233 263 46 79
916 8 93 22 12 21
916 9 87 20 12 24
916 10 78 20 12 21
916 13 172 40 17 29
916 14 142 51 14 29
916 15 175 63 15 38
916 16 188 66 14 34
916 17 168 67 13 33
916 18 140 66 17 37
916 19 153 67 13 38
916 20 154 49 12 28
916 23 298 59 13 34
916 24 306 58 14 34
916 25 331 133 20 51
916 26 313 135 21 50
916 27 359 169 20 55
916 28 369 165 22 58
916 31 -15 100 20 47
916 30 -11 100 16 46
916 37 633 226 28 72
916 38 237 15 20 11
916 41 534 135 19 46
916 42 539 138 19 50
916 43 193 54 11 29
916 44 199 54 10 29
916 45 535 95 17 40
916 46 551 107 16 37
916 47 545 128 12 21
916 48 0 104 22 45
916 49 85 454 49 74
916 50 348 55 12 30
917 1 241 236 33 75
917 2 274 270 30 80
917 3 233 263 46 79
917 8 92 22 12 21
917 9 87 20 12 24
917 10 78 20 12 21
917 13 172 40 15 28
917 14 141 51 14 29
917 15 175 63 15 38
917 16 188 66 14 33
917 17 168 67 13 33
917 18 140 66 17 37
917 19 153 66 13 38
917 20 154 48 12 28
917 23 298 59 13 33
917 24 305 58 14 34
917 25 331 133 20 50
917 26 313 134 21 50
917 27 358 169 20 54
917 28 368 165 22 58
917 31 -17 100 21 47
917 30 -12 100 16 46
917 37 634 227 26 72
917 38 237 15 20 11
917 41 531 135 19 48
917 42 538 138 19 50
917 43 193 55 11 29
917 44 200 54 11 31
917 45 535 95 17 40
917 46 550 107 16 37
917 47 544 128 12 21
917 48 1 104 23 45
917 49 87 452 46 77
917 50 348 55 12 30
918 1 241 236 33 75
918 2 274 270 30 80
918 3 233 263 46 79
918 8 92 22 12 21
918 9 87 20 12 24
918 10 78 20 12 21
918 13 172 40 15 28
918 14 141 51 14 29
918 15 175 63 15 38
918 16 188 66 14 33
918 17 168 67 13 33
918 18 140 66 17 37
918 19 153 66 14 39
918 20 154 48 12 28
918 23 298 59 13 33
918 24 305 58 14 34
918 25 331 133 20 51
918 26 313 134 21 50
918 27 358 169 20 54
918 28 370 165 20 58
918 31 -17 100 21 47
918 30 -12 100 17 46
918 37 634 227 26 72
918 38 237 15 20 11
918 41 531 135 19 48
918 42 538 138 19 50
918 43 193 55 12 31
918 44 198 54 13 31
918 45 535 95 17 40
918 46 550 107 16 37
918 47 544 128 12 21
918 48 0 104 21 45
918 49 87 452 46 73
918 50 348 55 12 30
919 1 241 236 33 75
919 2 274 270 30 80
919 3 233 263 46 79
919 8 92 22 12 21
919 9 86 20 12 24
919 10 78 20 12 21
919 13 171 40 15 28
919 14 141 50 14 29
919 15 175 63 15 38
919 16 187 66 12 32
919 17 168 67 13 33
919 18 139 66 17 38
919 19 153 66 13 38
919 20 154 48 12 28
919 23 297 59 13 33
919 24 305 58 14 34
919 25 330 133 20 51
919 26 312 134 20 49
919 27 358 169 19 53
919 28 370 165 20 58
919 31 -17 100 21 47
919 30 -12 100 16 47
919 37 634 229 27 69
919 38 237 15 20 11
919 41 530 135 19 48
919 42 534 138 23 50
919 43 192 54 12 31
919 44 197 53 14 33
919 45 534 95 16 40
919 46 549 106 16 38
919 47 542 127 14 22
919 48 1 104 21 45
919 49 88 449 46 79
919 50 348 55 12 30
920 1 240 236 34 75
920 2 275 270 30 80
920 3 233 262 46 79
920 8 92 22 12 21
920 9 86 19 12 24
920 10 78 20 13 22
920 13 171 40 15 28
920 14 141 50 14 30
920 15 174 63 15 38
920 16 187 66 13 32
920 17 167 67 13 34
920 18 139 66 17 38
920 19 153 66 13 38
920 20 154 48 12 28
920 23 297 59 13 33
920 24 305 58 14 34
920 25 330 133 20 50
920 26 312 134 20 48
920 27 358 168 20 55
920 28 369 165 20 58
920 31 -18 100 29 49
920 30 -13 100 14 47
920 38 237 15 20 11
920 41 526 136 21 45
920 42 532 138 25 47
920 43 191 54 11 27
920 44 199 53 12 31
920 45 534 95 16 40
920 46 549 106 16 38
920 47 541 127 14 23
920 48 2 104 22 45
920 49 89 446 47 83
920 50 348 55 12 30
921 1 240 236 34 75
921 2 275 270 30 80
921 3 233 263 46 79
921 8 91 22 12 21
921 9 86 19 12 24
921 10 77 20 12 22
921 13 172 40 15 29
921 14 141 50 14 30
921 15 174 63 15 39
921 16 187 66 13 32
921 17 167 67 13 34
921 18 139 65 17 38
921 19 152 66 13 38
921 20 154 48 12 28
921 23 296 59 13 33
921 24 305 58 13 33
921 25 330 133 20 50
921 26 312 134 20 49
921 27 358 168 19 56
921 28 369 165 20 58
921 31 -19 100 29 49
921 30 -14 100 14 47
921 38 237 15 20 11
921 41 525 136 21 45
921 42 531 138 25 47
921 43 191 54 11 27
921 44 199 54 12 30
921 45 534 95 16 40
921 46 547 106 17 37
921 47 540 128 13 21
921 48 3 104 22 45
921 49 89 443 46 83
921 50 348 55 12 30
922 1 240 236 34 75
922 2 275 270 30 81
922 3 233 262 46 79
922 8 91 22 12 21
922 9 85 19 12 24
922 10 77 20 12 21
922 13 171 40 15 28
922 14 141 49 14 30
922 15 174 63 15 39
922 16 187 66 13 32
922 17 167 67 13 34
922 18 139 65 17 38
922 19 152 66 13 38
922 20 153 48 12 28
922 23 296 59 13 33
922 24 304 58 14 33
922 25 330 132 20 50
922 26 311 134 20 49
922 27 358 168 19 56
922 28 368 164 20 57
922 31 -19 100 29 50
922 30 -14 100 14 48
922 38 237 15 20 11
922 41 523 136 26 47
922 42 530 139 25 46
922 43 192 54 11 27
922 44 198 54 13 30
922 45 533 95 16 39
922 46 546 106 17 37
922 47 538 127 14 22
922 48 4 103 22 45
922 49 89 440 46 88
922 50 348 55 12 30
923 1 240 236 34 75
923 2 275 270 29 80
923 3 233 263 46 79
923 8 91 22 12 21
923 9 85 19 12 24
923 10 76 20 12 22
923 13 171 40 15 28
923 14 140 49 14 29
923 15 173 63 15 38
923 16 184 66 15 33
923 17 165 66 14 33
923 18 139 65 17 38
923 19 152 66 13 38
923 20 153 48 12 28
923 23 296 59 13 32
923 24 304 58 14 34
923 25 329 132 20 50
923 26 311 134 20 48
923 27 357 167 19 56
923 28 367 164 20 57
923 31 -20 100 25 46
923 30 -15 99 16 46
923 38 237 15 20 11
923 41 522 136 28 46
923 42 529 139 25 46
923 43 192 55 11 26
923 44 199 53 12 31
923 45 533 95 16 39
923 46 545 106 17 37
923 47 537 127 14 23
923 48 5 103 22 45
923 49 90 436 48 94
923 50 348 55 12 30
924 1 240 236 34 75
924 2 275 270 30 81
924 3 233 263 46 79
924 8 90 20 13 23
924 9 85 19 12 24
924 10 76 20 12 22
924 13 171 40 15 28
924 14 140 49 14 29
924 15 173 63 15 38
924 16 184 66 15 33
924 17 165 66 14 33
924 18 139 65 17 38
924 19 152 66 13 38
924 20 153 48 12 28
924 23 296 59 13 32
924 24 304 58 14 34
924 25 329 132 20 50
924 26 311 134 20 48
924 27 357 168 19 56
924 28 367 164 20 57
924 31 -20 100 25 45
924 30 -15 99 16 44
924 38 237 15 20 11
924 41 522 136 28 46
924 42 529 139 25 46
924 43 192 51 11 30
924 44 199 53 12 31
924 45 533 95 16 39
924 46 545 106 17 37
924 47 537 127 14 23
924 48 5 103 22 45
924 49 95 435 43 90
924 50 348 55 12 30
925 1 240 236 34 75
925 2 275 270 30 81
925 3 233 263 46 79
925 8 90 20 13 23
925 9 85 19 12 24
925 10 76 20 12 22
925 13 170 40 15 28
925 14 140 49 14 29
925 15 173 63 15 38
925 16 184 66 15 34
925 17 165 66 14 34
925 18 138 65 17 38
925 19 152 66 13 38
925 20 153 48 12 28
925 23 296 59 13 32
925 24 304 58 12 32
925 25 329 131 20 50
925 26 311 133 21 49
925 27 357 167 19 56
925 28 367 164 21 60
925 31 -22 100 26 44
925 30 -17 99 17 47
925 38 237 15 20 11
925 41 521 136 28 46
925 42 528 139 25 46
925 43 192 51 11 31
925 44 198 52 13 32
925 45 532 96 16 37
925 46 545 106 17 37
925 47 536 127 13 24
925 48 7 103 21 45
925 49 95 431 44 96
925 50 348 55 12 30
926 1 240 236 34 75
926 2 275 269 30 81
926 3 233 263 46 79
926 8 90 20 13 23
926 9 85 19 12 24
926 10 76 20 12 22
926 13 170 39 15 28
926 14 140 49 14 29
926 15 172 63 15 38
926 16 183 65 15 34
926 17 164 66 14 33
926 18 138 65 17 38
926 19 151 66 13 37
926 20 153 48 12 28
926 23 295 59 13 32
926 24 303 58 13 33
926 25 329 131 20 51
926 26 311 133 20 48
926 27 356 166 19 56
926 28 367 163 21 60
926 31 -22 100 26 46
926 30 -18 100 18 44
926 38 237 15 20 11
926 41 520 136 28 46
926 42 527 139 25 46
926 43 193 53 11 30
926 44 199 53 13 31
926 45 532 96 16 37
926 46 544 106 17 37
926 47 535 127 13 23
926 48 8 104 21 44
926 49 95 428 47 99
926 50 348 55 12 30
927 1 240 236 34 75
927 2 275 269 30 82
927 3 233 262 46 79
927 8 90 20 13 23
927 9 85 19 12 24
927 10 75 20 12 22
927 13 170 39 15 28
927 14 142 49 11 29
927 15 172 62 15 39
927 16 183 65 15 34
927 17 164 65 14 33
927 18 138 64 17 38
927 19 152 66 13 36
927 20 153 48 12 28
927 23 295 59 13 32
927 24 303 57 13 33
927 25 328 130 20 50
927 26 312 132 19 50
927 27 356 166 19 55
927 28 366 163 21 60
927 31 -23 100 26 46
927 30 -19 100 17 45
927 38 237 15 20 11
927 41 519 136 28 46
927 42 529 139 20 45
927 43 192 51 12 32
927 44 198 52 14 32
927 45 530 96 16 37
927 46 544 106 17 37
927 47 533 126 13 24
927 48 9 104 21 44
927 49 95 426 48 101
927 50 348 55 12 30
928 1 240 236 34 75
928 2 275 269 33 78
928 3 233 263 46 79
928 8 89 20 13 23
928 9 84 19 12 24
928 10 75 20 12 22
928 13 170 39 15 28
928 14 142 49 11 29
928 15 171 62 16 38
928 16 182 65 15 35
928 17 164 65 14 33
928 18 138 64 17 38
928 19 152 66 13 36
928 20 153 48 12 28
928 23 295 59 13 32
928 24 302 57 13 34
928 25 328 130 19 48
928 26 312 132 19 50
928 27 355 165 19 57
928 28 366 162 21 60
928 31 -24 100 25 44
928 30 -19 100 18 44
928 38 237 15 20 11
928 41 520 135 26 46
928 42 528 139 18 45
928 43 193 53 11 30
928 44 199 53 13 32
928 45 530 96 16 36
928 46 543 106 16 36
928 47 533 126 13 23
928 48 9 104 25 45
928 49 97 425 47 100
928 50 348 55 12 30
929 1 240 236 34 75
929 2 275 269 33 78
929 3 233 262 46 79
929 8 89 20 13 23
929 9 84 19 12 24
929 10 74 18 12 23
929 13 169 39 15 29
929 14 141 49 12 29
929 15 171 62 16 38
929 16 182 64 15 34
929 17 164 65 15 33
929 18 138 64 17 38
929 19 149 66 15 36
929 20 152 48 12 28
929 23 294 59 13 32
929 24 302 57 13 35
929 25 327 129 21 53
929 26 311 131 19 50
929 27 354 164 18 55
929 28 365 162 21 59
929 31 -25 100 25 41
929 38 237 15 20 11
929 41 521 135 22 46
929 42 527 139 17 45
929 43 193 53 11 30
929 44 199 53 13 31
929 45 529 96 15 36
929 46 542 106 16 36
929 47 532 126 13 23
929 48 10 104 25 45
929 49 98 421 50 106
929 50 348 55 12 30
930 1 240 236 34 75
930 2 275 269 33 78
930 3 233 262 46 79
930 8 89 20 13 23
930 9 84 19 12 24
930 10 74 18 12 23
930 13 169 39 15 29
930 14 141 49 12 29
930 15 171 62 16 38
930 16 182 64 15 34
930 17 164 65 15 33
930 18 138 64 17 38
930 19 149 66 15 36
930 20 152 48 12 28
930 23 294 59 13 32
930 24 302 57 13 35
930 25 327 129 21 51
930 26 311 131 19 50
930 27 354 164 18 55
930 28 365 162 21 59
930 31 -25 100 26 45
930 38 237 15 20 11
930 41 521 135 22 46
930 42 527 139 17 45
930 43 193 53 11 30
930 44 200 53 11 31
930 45 529 96 15 36
930 46 542 106 17 38
930 47 532 126 13 23
930 48 10 104 25 45
930 49 101 421 47 104
930 50 348 55 12 30
931 1 240 236 34 75
931 2 275 269 33 78
931 3 233 262 46 79
931 8 89 20 13 23
931 9 84 19 12 24
931 10 74 18 12 22
931 13 169 39 15 29
931 14 141 49 12 29
931 15 172 62 14 38
931 16 182 64 15 34
931 17 164 65 15 33
931 18 137 64 17 38
931 19 149 66 15 36
931 20 152 47 12 28
931 23 294 58 13 32
931 24 301 57 13 35
931 25 327 129 21 51
931 26 311 131 19 50
931 27 353 163 18 55
931 28 364 161 22 62
931 31 -25 100 25 43
931 38 237 15 20 11
931 41 520 134 21 48
931 42 527 139 17 45
931 43 193 53 11 30
931 44 199 55 13 29
931 45 529 96 15 36
931 46 541 106 17 38
931 47 532 127 12 22
931 48 10 104 28 46
931 49 102 420 47 103
931 50 348 55 12 30
932 1 242 236 32 75
932 2 275 269 33 78
932 3 233 263 46 79
932 8 89 20 13 23
932 9 83 19 12 25
932 10 74 18 12 22
932 13 169 39 15 28
932 14 140 49 12 29
932 15 172 62 14 38
932 16 181 64 15 35
932 17 163 65 15 33
932 18 137 64 17 37
932 19 148 66 15 37
932 20 152 47 12 28
932 23 294 58 13 32
932 24 301 57 13 35
932 25 327 129 21 51
932 26 311 131 19 51
932 27 353 163 18 55
932 28 364 160 21 57
932 31 -26 101 26 42
932 38 237 15 20 11
932 41 519 134 21 48
932 42 525 139 17 45
932 43 193 53 11 30
932 44 199 54 13 30
932 45 528 96 16 37
932 46 541 106 17 38
932 47 531 127 12 22
932 48 11 104 28 47
932 49 103 417 48 112
932 50 348 55 12 30
933 1 242 236 32 75
933 2 275 269 33 78
933 3 233 262 46 79
933 8 89 20 13 23
933 9 83 19 13 25
933 10 74 18 12 22
933 13 169 39 15 28
933 14 140 49 12 29
933 15 171 62 14 38
933 16 181 65 15 33
933 17 163 65 15 33
933 18 137 64 17 38
933 19 147 65 16 37
933 20 151 47 12 28
933 23 293 58 13 32
933 24 301 56 13 35
933 25 326 129 21 51
933 26 310 130 20 49
933 27 352 163 18 56
933 28 364 160 21 57
933 31 -23 101 23 42
933 38 237 15 20 11
933 41 521 134 18 46
933 42 524 138 17 45
933 43 193 53 11 30
933 44 200 54 12 30
933 45 528 96 15 36
933 46 540 105 17 37
933 47 530 126 12 22
933 48 12 104 29 47
933 49 105 415 50 113
933 50 348 55 12 30
934 1 242 236 32 75
934 2 275 269 33 78
934 3 233 262 46 79
934 8 88 19 12 24
934 9 83 19 12 25
934 10 74 18 12 22
934 13 169 39 15 28
934 14 139 48 13 29
934 15 171 62 14 38
934 16 180 65 15 33
934 17 163 65 15 33
934 18 136 64 17 38
934 19 147 65 16 37
934 20 151 47 12 28
934 23 293 58 12 32
934 24 301 57 13 34
934 25 326 129 20 48
934 26 310 130 20 49
934 27 352 162 18 55
934 28 363 159 21 57
934 31 -24 101 23 42
934 38 237 15 20 11
934 41 520 134 18 47
934 42 521 138 19 45
934 43 194 53 11 30
934 44 201 54 11 30
934 45 527 96 15 36
934 46 539 105 17 37
934 47 528 126 13 22
934 48 14 104 28 47
934 49 106 413 49 116
934 50 348 55 12 30
935 1 243 236 32 75
935 2 275 268 33 77
935 3 233 263 46 79
935 8 88 20 12 23
935 9 83 19 13 25
935 10 74 18 12 22
935 13 168 39 15 28
935 14 139 48 13 29
935 15 171 62 14 37
935 16 180 64 15 34
935 17 163 65 15 33
935 18 136 64 17 38
935 19 147 65 16 37
935 20 151 47 12 28
935 23 293 58 12 32
935 24 301 56 13 34
935 25 327 129 19 49
935 26 310 130 20 49
935 27 351 162 18 56
935 28 363 159 21 58
935 31 -24 101 23 42
935 38 237 14 20 11
935 41 518 134 18 47
935 42 520 138 19 45
935 43 194 55 11 28
935 44 200 56 12 29
935 45 527 96 15 36
935 46 539 105 17 37
935 47 528 126 14 22
935 48 15 104 28 48
935 49 107 410 49 112
935 50 348 55 12 30
936 1 243 236 32 75
936 2 275 268 33 78
936 3 233 263 46 79
936 8 88 20 12 23
936 9 83 19 13 25
936 10 74 18 12 22
936 13 168 39 15 28
936 14 139 48 13 29
936 15 171 62 14 37
936 16 179 64 15 34
936 17 163 65 15 33
936 18 136 64 17 38
936 19 147 65 16 36
936 20 151 47 12 28
936 23 293 58 12 32
936 24 301 56 13 34
936 25 327 129 19 49
936 26 310 130 20 49
936 27 351 162 18 56
936 28 362 159 22 60
936 31 -24 101 23 42
936 38 237 14 20 11
936 41 518 134 18 47
936 42 520 138 19 45
936 43 194 55 11 29
936 44 200 56 13 29
936 45 527 96 15 36
936 46 539 103 16 38
936 47 528 126 14 22
936 48 15 104 26 47
936 49 107 410 48 110
936 50 349 55 12 30
937 1 243 237 32 74
937 2 275 268 33 77
937 3 235 263 44 79
937 8 88 20 12 23
937 9 83 21 12 23
937 10 73 18 12 22
937 13 168 39 15 28
937 14 138 48 13 30
937 15 170 62 14 37
937 16 179 64 16 34
937 17 162 63 15 33
937 18 138 63 15 38
937 19 147 65 16 34
937 20 151 46 12 28
937 23 293 58 12 31
937 24 300 57 13 33
937 25 327 129 19 49
937 26 309 130 20 49
937 27 351 162 18 56
937 28 362 159 22 60
937 31 -25 101 23 42
937 38 237 14 20 11
937 41 518 134 18 46
937 42 513 138 25 45
937 43 194 55 11 29
937 44 200 54 13 31
937 45 526 96 15 35
937 46 538 103 16 38
937 47 527 126 14 23
937 48 16 104 26 47
937 49 113 407 44 108
937 50 349 55 12 30
938 1 243 237 32 74
938 2 275 268 33 78
938 3 235 263 44 79
938 8 88 20 12 23
938 9 83 21 12 23
938 10 73 18 12 22
938 13 168 39 15 27
938 14 138 48 13 30
938 15 170 62 14 37
938 16 179 64 16 34
938 17 162 63 15 33
938 18 138 63 15 38
938 19 147 65 16 34
938 20 151 46 12 28
938 23 292 58 12 31
938 24 300 57 13 33
938 25 327 129 19 49
938 26 309 130 20 49
938 27 347 162 22 56
938 28 361 159 21 60
938 31 -26 102 22 41
938 38 237 14 20 11
938 41 508 134 25 47
938 42 514 138 23 45
938 43 194 55 11 29
938 44 200 54 12 31
938 45 526 96 15 35
938 46 538 103 16 38
938 47 525 126 14 23
938 48 20 103 23 47
938 49 116 405 42 103
938 50 349 55 12 30
939 1 243 237 32 74
939 2 275 268 33 77
939 3 235 263 44 79
939 8 88 17 12 23
939 9 83 21 12 23
939 10 73 18 12 22
939 13 167 39 15 27
939 14 138 48 13 30
939 15 170 62 14 38
939 16 178 64 16 35
939 17 162 63 15 33
939 18 138 63 15 38
939 19 147 65 16 34
939 20 151 46 12 28
939 23 292 58 12 31
939 24 299 56 12 33
939 25 326 128 19 49
939 26 308 129 20 49
939 27 346 162 22 56
939 28 361 159 21 60
939 31 -28 101 23 41
939 41 507 134 25 47
939 42 513 138 23 45
939 43 194 53 11 31
939 44 200 55 12 29
939 45 526 96 15 35
939 46 537 102 16 38
939 47 525 126 14 23
939 48 22 103 22 47
939 49 115 402 46 99
939 50 349 55 12 30
940 1 244 237 31 74
940 2 275 267 32 76
940 3 235 263 44 79
940 8 88 17 12 23
940 9 83 21 12 23
940 10 73 18 12 22
940 13 167 38 15 28
940 14 138 48 13 29
940 15 170 62 13 36
940 16 178 63 16 35
940 17 161 63 15 33
940 18 137 62 15 38
940 19 146 65 16 35
940 20 150 46 11 28
940 23 292 58 11 31
940 24 300 56 13 31
940 25 326 128 19 49
940 26 308 129 20 49
940 27 347 162 22 56
940 28 360 159 21 58
940 41 508 134 25 47
940 42 512 138 23 45
940 43 194 56 11 28
940 44 200 54 13 32
940 45 525 96 15 34
940 46 536 103 16 38
940 47 523 126 13 23
940 48 23 103 22 48
940 49 116 400 46 100
940 50 349 55 12 30
941 1 246 237 32 74
941 2 276 267 32 76
941 3 235 263 44 79
941 8 88 17 12 23
941 9 83 21 12 23
941 10 71 18 13 22
941 13 167 38 15 29
941 14 138 48 13 29
941 15 168 61 15 38
941 16 178 63 16 34
941 17 161 63 15 33
941 18 137 62 15 38
941 19 146 64 16 35
941 20 150 46 11 28
941 23 291 57 13 32
941 24 300 56 13 31
941 25 326 128 20 51
941 26 307 129 20 49
941 27 346 162 22 56
941 28 359 159 21 58
941 41 507 134 25 47
941 42 511 138 23 45
941 43 194 56 11 28
941 44 200 57 13 28
941 45 525 96 14 34
941 46 535 103 16 38
941 47 522 125 13 23
941 48 24 102 22 48
941 49 116 397 47 103
941 50 349 55 12 30
942 1 246 237 32 74
942 2 275 267 33 77
942 3 235 263 44 79
942 8 88 17 12 23
942 9 83 21 12 23
942 10 71 18 13 22
942 13 167 38 15 27
942 14 138 48 13 29
942 15 170 62 13 36
942 16 178 63 16 35
942 17 161 63 15 33
942 18 137 62 15 38
942 19 146 64 16 35
942 20 150 46 11 28
942 23 291 58 13 32
942 24 300 56 13 31
942 25 326 128 19 49
942 26 307 129 20 49
942 27 346 162 22 56
942 28 359 159 21 58
942 41 507 134 25 47
942 42 511 138 23 45
942 43 194 57 11 27
942 44 200 56 12 29
942 45 525 96 14 34
942 46 535 103 16 38
942 47 522 125 13 23
942 48 25 103 22 46
942 49 116 397 47 103
942 50 349 55 12 30
943 1 246 237 32 74
943 2 275 266 33 78
943 3 235 263 44 79
943 8 88 17 12 23
943 9 84 21 12 23
943 10 71 18 13 22
943 13 166 38 15 27
943 14 137 48 13 29
943 15 168 60 14 37
943 16 178 63 16 34
943 17 161 63 15 33
943 18 137 62 15 38
943 19 146 64 16 35
943 20 150 46 11 28
943 23 291 58 12 32
943 24 299 56 13 32
943 25 326 128 19 49
943 26 307 130 20 47
943 27 346 161 22 56
943 28 359 158 21 58
943 41 506 134 23 46
943 42 513 138 19 44
943 43 194 56 11 28
943 44 200 56 13 28
943 45 524 96 14 34
943 46 530 103 21 37
943 47 522 125 13 22
943 48 25 103 22 47
943 49 120 395 42 103
943 50 348 55 12 30
944 1 247 237 32 74
944 2 276 266 30 76
944 3 235 263 44 79
944 8 89 17 12 23
944 9 82 21 12 23
944 10 71 17 13 22
944 13 166 38 15 27
944 14 137 48 13 29
944 15 168 60 15 38
944 16 177 63 15 34
944 17 161 62 15 33
944 18 137 62 15 38
944 19 145 64 17 35
944 20 150 46 11 28
944 23 291 57 13 32
944 24 299 55 13 32
944 25 326 127 19 49
944 26 307 130 20 47
944 27 345 161 21 52
944 28 358 158 21 58
944 41 506 134 25 47
944 42 512 138 18 44
944 43 194 55 11 29
944 44 200 55 13 30
944 45 524 96 14 34
944 46 530 103 21 37
944 47 521 125 13 22
944 48 26 103 26 47
944 49 121 394 42 104
944 50 348 55 12 30
945 1 247 237 32 74
945 2 276 266 30 76
945 3 235 263 44 79
945 8 89 17 12 23
945 9 82 21 12 23
945 10 71 17 13 22
945 13 166 37 16 30
945 14 137 48 13 29
945 15 168 60 15 38
945 16 177 63 15 34
945 17 161 62 15 33
945 18 136 62 15 38
945 19 145 64 17 36
945 20 150 46 11 28
945 23 291 57 12 32
945 24 299 55 13 32
945 25 325 127 19 49
945 26 306 129 20 46
945 27 344 160 21 53
945 28 358 157 21 58
945 41 506 135 23 46
945 42 511 138 18 44
945 43 195 55 12 29
945 44 201 55 12 29
945 45 523 96 14 34
945 46 529 103 21 37
945 47 526 116 12 27
945 48 27 103 26 47
945 49 121 391 44 106
945 50 349 55 12 30
946 1 247 238 32 73
946 2 276 266 30 76
946 3 235 263 44 79
946 8 87 17 12 23
946 9 82 21 12 23
946 10 71 18 13 22
946 13 166 37 16 29
946 14 137 48 13 29
946 15 167 60 14 37
946 16 176 63 15 34
946 17 160 62 15 33
946 18 136 62 15 38
946 19 145 63 17 35
946 20 150 46 11 28
946 23 291 57 12 31
946 24 298 55 13 32
946 25 325 127 19 49
946 26 305 129 21 46
946 27 344 160 21 52
946 28 357 156 21 58
946 41 505 135 23 46
946 42 510 138 18 44
946 43 195 56 11 28
946 44 201 55 14 30
946 45 523 96 14 34
946 46 529 103 21 37
946 47 526 116 12 27
946 48 29 103 25 47
946 49 125 390 42 101
946 50 349 55 12 30
947 1 248 238 32 73
947 2 277 266 30 76
947 3 235 263 44 79
947 8 87 17 12 24
947 9 81 21 12 23
947 10 71 18 13 22
947 13 166 37 16 29
947 14 137 48 13 29
947 15 167 60 15 38
947 16 176 63 15 34
947 17 160 62 15 33
947 18 136 62 15 38
947 19 144 63 17 36
947 20 150 46 11 28
947 23 290 56 12 32
947 24 298 55 13 32
947 25 324 127 19 47
947 26 305 129 21 46
947 27 343 159 19 52
947 28 356 156 21 58
947 41 506 135 19 47
947 42 509 137 18 44
947 43 195 55 11 29
947 44 200 54 13 31
947 45 522 96 15 34
947 46 528 103 21 36
947 47 524 116 13 27
947 48 30 103 25 47
947 49 127 388 41 105
947 50 349 55 12 31
948 1 248 238 34 73
948 2 277 266 30 76
948 3 235 263 44 79
948 8 87 17 12 24
948 9 81 21 12 23
948 10 71 18 13 22
948 13 166 37 14 29
948 14 137 48 13 29
948 15 167 60 14 38
948 16 176 63 15 34
948 17 160 62 15 33
948 18 136 62 15 38
948 19 144 63 17 35
948 20 150 46 11 28
948 23 290 57 12 31
948 24 298 55 13 32
948 25 324 127 19 47
948 26 305 129 21 46
948 27 343 159 19 52
948 28 356 156 21 54
948 41 506 135 19 47
948 42 509 137 18 44
948 43 195 55 11 29
948 44 200 55 13 30
948 45 522 96 14 34
948 46 529 103 22 38
948 47 524 116 13 27
948 48 29 103 27 47
948 49 125 388 41 105
948 50 349 55 12 30
949 1 248 238 34 73
949 2 277 265 30 76
949 3 235 263 44 79
949 8 86 17 12 24
949 9 81 21 12 23
949 10 71 18 13 22
949 13 166 37 14 29
949 14 136 47 13 29
949 15 167 60 15 38
949 16 176 63 15 34
949 17 160 62 15 33
949 18 136 62 15 37
949 19 144 63 17 36
949 20 150 45 11 28
949 23 290 56 12 30
949 24 297 55 13 32
949 25 324 127 19 47
949 26 304 129 21 45
949 27 343 159 19 52
949 28 355 156 21 54
949 41 505 135 19 47
949 42 506 137 20 47
949 43 195 54 11 32
949 44 203 55 12 32
949 45 521 96 14 34
949 46 529 103 22 38
949 47 524 116 13 27
949 48 30 103 27 47
949 49 125 386 42 106
949 50 349 55 12 30
950 1 249 238 34 73
950 2 277 265 30 76
950 3 235 263 44 79
950 8 86 17 12 24
950 9 81 21 12 23
950 10 71 18 13 22
950 13 166 37 14 29
950 14 136 47 13 29
950 15 167 59 14 38
950 16 175 63 15 33
950 17 160 62 15 33
950 18 136 62 15 38
950 19 144 63 17 36
950 20 149 45 11 28
950 23 290 57 12 31
950 24 297 55 13 32
950 25 323 127 19 47
950 26 305 129 19 42
950 27 342 158 19 52
950 28 355 155 21 54
950 41 504 135 19 47
950 42 505 137 20 47
950 43 195 57 11 27
950 44 203 55 12 32
950 45 521 95 15 37
950 46 528 103 22 38
950 47 523 116 13 28
950 48 31 104 27 46
950 49 125 383 43 105
950 50 349 55 12 30
951 1 247 238 38 73
951 2 277 265 30 77
951 3 235 263 44 79
951 8 86 17 12 24
951 9 79 21 13 23
951 10 70 18 13 22
951 13 166 37 14 29
951 14 136 47 13 29
951 15 166 59 15 38
951 16 175 63 15 34
951 17 159 62 14 33
951 18 135 62 15 37
951 19 144 63 17 35
951 20 150 45 11 28
951 23 290 56 12 29
951 24 297 55 13 32
951 25 323 127 19 47
951 26 304 129 19 41
951 27 342 158 19 52
951 28 354 155 21 54
951 41 502 135 19 48
951 42 504 137 20 48
951 43 195 54 11 32
951 44 203 55 12 32
951 45 520 95 15 37
951 46 529 103 19 37
951 47 520 115 13 28
951 48 32 104 28 47
951 49 127 380 42 103
951 50 349 55 12 30
952 1 247 238 38 73
952 2 278 264 31 77
952 3 235 263 44 79
952 8 85 18 12 23
952 9 79 21 13 23
952 10 70 18 13 22
952 13 165 37 14 29
952 14 136 47 13 29
952 15 166 59 14 36
952 16 175 63 15 33
952 17 159 62 14 33
952 18 135 60 14 38
952 19 143 63 16 35
952 20 150 45 11 28
952 23 289 56 12 30
952 24 297 55 13 30
952 25 322 127 19 47
952 26 304 129 19 45
952 27 342 158 20 53
952 28 354 155 21 54
952 41 497 135 22 46
952 42 501 137 22 46
952 43 196 55 11 31
952 44 203 55 12 32
952 45 520 94 15 37
952 46 528 103 18 37
952 47 519 115 13 28
952 48 33 103 28 47
952 49 129 378 42 100
952 50 349 55 12 30
953 1 247 238 40 73
953 2 278 264 31 77
953 3 235 263 44 79
953 8 85 18 12 23
953 9 79 20 13 24
953 10 70 18 13 22
953 13 165 37 14 29
953 14 135 46 13 30
953 15 166 59 14 36
953 16 174 62 15 34
953 17 159 62 14 33
953 18 135 60 15 39
953 19 143 63 16 35
953 20 149 45 11 28
953 23 289 56 12 30
953 24 296 55 13 30
953 25 322 127 19 46
953 26 304 129 19 45
953 27 342 158 18 53
953 28 353 155 21 54
953 41 496 134 22 46
953 42 499 137 23 46
953 43 195 54 12 32
953 44 203 54 11 34
953 45 519 94 15 38
953 46 529 101 14 38
953 47 518 115 13 28
953 48 39 103 22 47
953 49 130 374 42 96
953 50 349 55 12 30
954 1 247 238 40 73
954 2 278 264 31 78
954 3 235 263 44 79
954 8 85 18 12 23
954 9 79 20 13 24
954 10 70 18 13 22
954 13 165 37 14 29
954 14 135 46 13 30
954 15 166 59 14 36
954 16 174 62 15 34
954 17 159 62 14 33
954 18 135 60 15 39
954 19 143 63 16 34
954 20 149 45 11 28
954 23 289 56 12 30
954 24 296 55 13 30
954 25 322 126 19 47
954 26 304 129 19 45
954 27 342 158 18 53
954 28 353 155 21 54
954 41 496 134 22 46
954 42 499 137 23 46
954 43 195 54 12 32
954 44 203 54 11 34
954 45 519 94 15 38
954 46 529 101 14 38
954 47 518 115 13 29
954 48 39 103 22 47
954 49 130 374 42 96
954 50 349 55 12 30
955 1 247 238 40 73
955 2 280 265 30 75
955 3 236 263 47 78
955 8 85 18 12 23
955 9 78 21 13 23
955 10 70 18 13 23
955 13 165 37 14 29
955 14 135 45 13 30
955 15 165 59 14 36
955 16 174 62 15 34
955 17 158 62 14 32
955 18 132 60 16 40
955 19 143 63 16 34
955 20 149 45 11 28
955 23 289 56 12 30
955 24 296 54 13 30
955 25 321 126 19 47
955 26 303 129 19 45
955 27 342 158 18 53
955 28 353 155 20 56
955 41 491 134 27 48
955 42 498 137 23 46
955 43 195 54 12 32
955 44 203 54 11 34
955 45 519 94 15 37
955 46 528 101 14 38
955 47 518 114 13 29
955 48 40 103 22 47
955 49 130 372 41 98
955 50 349 55 12 30
956 1 247 238 40 73
956 2 279 263 31 78
956 3 236 263 47 78
956 8 85 18 12 23
956 9 78 21 13 23
956 10 69 18 13 23
956 13 165 37 14 29
956 14 135 45 13 30
956 15 165 59 14 36
956 16 173 62 15 35
956 17 158 62 14 32
956 18 132 60 16 40
956 19 143 63 16 34
956 20 149 45 11 28
956 23 288 56 12 30
956 24 296 54 14 31
956 25 321 126 20 48
956 26 303 129 19 45
956 27 341 158 18 53
956 28 353 155 20 56
956 41 490 134 27 48
956 42 497 137 23 46
956 43 195 54 12 32
956 44 203 54 11 34
956 45 518 94 15 37
956 46 528 101 14 38
956 47 517 113 14 30
956 48 41 103 22 47
956 49 130 371 41 99
956 50 349 55 12 30
957 1 247 238 40 73
957 2 279 263 31 78
957 3 236 263 47 78
957 8 85 18 12 23
957 9 78 17 12 23
957 10 69 17 14 23
957 13 165 37 14 29
957 14 135 45 13 30
957 15 164 59 16 39
957 16 173 62 15 35
957 17 158 62 14 32
957 18 132 60 16 40
957 19 143 63 16 34
957 20 149 45 11 28
957 23 288 56 12 30
957 24 296 54 14 31
957 25 321 126 20 48
957 26 302 128 19 46
957 27 341 157 18 53
957 28 352 155 20 56
957 41 490 133 27 48
957 42 496 137 23 46
957 43 195 54 12 32
957 44 203 54 11 34
957 45 518 94 15 37
957 46 527 101 14 38
957 47 517 113 13 30
957 48 42 103 22 47
957 49 131 368 43 102
957 50 349 55 12 30
958 1 248 238 40 73
958 2 280 264 30 76
958 3 236 263 47 78
958 8 85 18 12 23
958 9 78 17 12 24
958 10 69 17 13 23
958 13 163 36 15 29
958 14 135 45 13 30
958 15 164 59 16 39
958 16 173 62 15 35
958 17 157 62 14 32
958 18 132 60 16 40
958 19 142 63 16 35
958 20 149 45 11 28
958 23 288 56 12 30
958 24 295 54 13 30
958 25 320 125 18 46
958 26 302 128 20 46
958 27 340 157 18 53
958 28 351 154 20 56
958 41 489 133 27 48
958 42 494 137 23 46
958 43 195 54 12 32
958 44 203 54 11 34
958 45 517 94 15 37
958 46 527 101 14 38
958 47 515 112 12 28
958 48 42 103 22 48
958 49 134 368 43 101
958 50 349 55 12 30
959 1 248 238 40 73
959 2 280 264 30 75
959 3 236 263 47 78
959 8 84 18 12 24
959 9 77 16 12 26
959 10 69 17 13 23
959 13 163 36 15 29
959 14 135 46 13 29
959 15 163 59 16 39
959 16 173 62 15 35
959 17 157 62 14 32
959 18 131 60 16 40
959 19 142 62 16 35
959 20 149 45 11 28
959 23 287 55 13 31
959 24 295 53 14 31
959 25 319 124 18 46
959 26 302 127 19 44
959 27 340 157 18 53
959 28 351 154 20 56
959 41 489 133 27 49
959 42 497 137 20 45
959 43 196 54 12 32
959 44 204 54 11 34
959 45 517 94 15 37
959 46 526 100 14 38
959 47 515 112 12 28
959 48 43 103 29 48
959 49 135 367 43 101
959 50 349 55 12 30
960 1 248 238 40 73
960 2 280 264 30 75
960 3 236 263 47 78
960 8 84 18 12 24
960 9 78 17 12 24
960 10 69 17 13 23
960 13 163 36 15 29
960 14 135 46 13 29
960 15 163 59 16 39
960 16 173 62 15 35
960 17 157 62 14 32
960 18 131 60 16 40
960 19 142 62 16 35
960 20 149 45 11 28
960 23 287 55 13 31
960 24 295 54 13 31
960 25 319 124 18 46
960 26 301 127 20 48
960 27 340 157 18 52
960 28 351 154 20 56
960 41 489 133 27 49
960 42 497 137 20 45
960 43 196 54 12 32
960 44 204 54 11 34
960 45 517 94 15 37
960 46 526 101 14 38
960 47 515 112 12 28
960 48 43 103 29 48
960 49 135 367 43 101
960 50 349 55 12 30
961 1 248 239 40 72
961 2 279 263 31 78
961 3 236 264 47 77
961 8 84 18 12 24
961 9 78 17 12 24
961 10 69 17 13 22
961 13 165 37 14 28
961 14 135 46 13 29
961 15 163 59 16 39
961 16 173 62 15 35
961 17 157 61 13 32
961 18 131 64 16 36
961 19 142 62 17 35
961 20 148 45 11 28
961 23 287 55 12 31
961 24 295 53 13 31
961 25 319 124 17 45
961 26 301 126 21 49
961 27 339 156 18 53
961 28 350 154 20 56
961 40 637 275 23 69
961 41 488 133 27 49
961 42 496 137 20 45
961 43 196 54 12 32
961 44 204 54 11 34
961 45 515 94 15 37
961 46 526 100 14 38
961 47 514 112 12 28
961 48 44 103 29 48
961 49 136 365 41 102
961 50 349 55 12 30
962 1 248 239 40 72
962 2 281 263 30 78
962 3 236 263 47 77
962 8 84 18 12 24
962 9 78 17 12 24
962 10 69 17 13 22
962 13 164 37 14 29
962 14 134 46 13 29
962 15 163 59 16 39
962 16 172 62 15 35
962 17 157 61 13 32
962 18 131 64 16 36
962 19 142 62 16 35
962 20 148 44 11 28
962 23 286 55 12 30
962 24 295 53 13 31
962 25 319 124 18 46
962 26 301 126 19 43
962 27 339 155 18 53
962 28 350 153 20 56
962 40 637 275 23 70
962 41 490 133 23 49
962 42 495 137 20 45
962 43 196 54 12 32
962 44 204 54 11 34
962 45 515 94 15 37
962 46 525 101 14 38
962 47 514 113 12 27
962 48 46 103 28 48
962 49 136 363 42 103
962 50 349 55 12 30
963 1 250 239 34 72
963 2 281 263 30 78
963 3 236 263 47 77
963 8 84 18 12 23
963 9 77 17 12 24
963 10 69 17 13 22
963 13 164 37 14 28
963 14 134 46 13 29
963 15 163 59 15 34
963 16 172 62 15 35
963 17 156 61 14 32
963 18 131 64 16 36
963 19 142 62 16 35
963 20 148 44 11 28
963 23 286 55 12 30
963 24 294 53 13 31
963 25 315 124 21 48
963 26 301 126 19 43
963 27 338 155 18 53
963 28 349 153 20 56
963 40 634 276 25 73
963 41 489 133 23 49
963 42 494 137 19 45
963 43 196 54 12 32
963 44 204 54 11 34
963 45 514 93 15 37
963 46 524 100 14 39
963 47 514 113 12 28
963 48 46 103 29 46
963 49 140 359 43 103
963 50 349 55 12 30
964 1 250 239 34 72
964 2 281 263 30 78
964 3 236 263 47 78
964 8 83 19 12 21
964 9 77 17 12 24
964 10 68 17 12 23
964 13 162 36 15 28
964 14 134 46 12 29
964 15 163 59 15 34
964 16 172 60 15 35
964 17 156 61 14 33
964 18 130 64 16 36
964 19 142 62 16 35
964 20 148 44 11 28
964 23 286 55 12 29
964 24 294 53 13 30
964 25 315 124 21 48
964 26 301 124 18 46
964 27 338 154 18 53
964 28 348 152 21 55
964 40 634 276 25 73
964 41 488 133 22 47
964 42 493 137 19 45
964 43 196 54 12 32
964 44 204 54 11 34
964 45 514 94 15 37
964 46 526 100 14 39
964 47 513 113 12 27
964 48 47 103 29 46
964 49 141 357 43 103
964 50 349 55 12 30
965 1 250 239 34 72
965 2 281 263 30 78
965 3 237 265 46 76
965 8 83 19 12 21
965 9 77 17 12 24
965 10 68 17 14 23
965 13 162 37 14 28
965 14 133 46 13 29
965 15 162 59 15 34
965 16 171 60 15 36
965 17 156 61 14 33
965 18 130 64 16 36
965 19 142 62 16 34
965 20 148 44 11 28
965 23 286 55 12 29
965 24 294 54 13 29
965 25 314 124 21 48
965 26 301 124 18 46
965 27 338 154 18 52
965 28 348 152 21 55
965 40 633 277 25 74
965 41 487 133 22 47
965 42 491 136 20 47
965 43 196 54 12 32
965 44 204 55 11 34
965 45 513 93 15 37
965 46 526 100 14 39
965 47 513 113 12 27
965 48 48 104 29 45
965 49 142 353 42 102
965 50 349 55 12 30
966 1 250 239 34 72
966 2 281 263 29 78
966 3 237 264 46 77
966 8 83 19 12 21
966 9 77 17 12 24
966 10 68 17 12 23
966 13 162 37 14 27
966 14 133 46 13 29
966 15 162 59 15 34
966 16 171 60 15 35
966 17 156 61 14 33
966 18 130 64 16 36
966 19 142 62 16 34
966 20 148 44 11 28
966 23 286 55 12 29
966 24 294 53 13 30
966 25 314 124 21 48
966 26 301 124 18 46
966 27 338 154 18 52
966 28 348 152 21 55
966 40 633 277 25 74
966 41 487 133 22 47
966 42 491 136 20 47
966 43 196 54 12 32
966 44 204 55 11 34
966 45 513 93 15 37
966 46 526 100 14 39
966 47 510 112 16 27
966 48 48 103 29 46
966 49 142 353 42 102
966 50 349 55 12 30
967 1 250 240 34 71
967 2 281 263 29 78
967 3 237 264 46 77
967 8 83 19 12 21
967 9 76 17 12 24
967 10 68 17 12 23
967 13 162 37 14 27
967 14 133 45 13 29
967 15 162 59 15 34
967 16 171 60 15 34
967 17 155 60 14 33
967 18 130 64 16 34
967 19 141 62 15 35
967 20 148 44 11 28
967 23 286 54 12 31
967 24 294 53 13 30
967 25 314 124 21 48
967 26 300 124 18 46
967 27 337 153 18 52
967 28 347 151 21 55
967 40 632 277 28 76
967 41 485 133 23 49
967 42 491 136 19 46
967 43 196 55 13 32
967 44 204 54 11 34
967 45 513 93 15 37
967 46 525 100 14 39
967 47 510 112 16 27
967 48 48 103 28 46
967 49 143 353 42 100
967 50 349 55 12 30
968 1 250 240 34 71
968 2 281 263 29 78
968 3 238 265 46 76
968 8 82 19 12 21
968 9 76 17 12 24
968 10 68 17 12 23
968 13 161 36 15 28
968 14 133 45 13 29
968 15 162 59 15 34
968 16 169 60 16 35
968 17 155 60 14 33
968 18 130 64 16 34
968 19 141 62 15 35
968 20 148 44 11 28
968 23 286 54 12 31
968 24 293 53 12 29
968 25 313 124 21 48
968 26 297 124 21 46
968 27 337 153 18 52
968 28 347 151 21 55
968 40 631 277 32 76
968 41 484 133 23 49
968 42 485 136 24 48
968 43 196 55 13 32
968 44 204 55 11 34
968 45 512 93 15 37
968 46 524 100 14 39
968 47 509 112 16 27
968 48 49 103 28 46
968 49 143 351 42 91
968 50 349 55 12 30
969 1 250 240 33 71
969 2 281 263 29 78
969 3 238 265 46 76
969 8 82 19 12 21
969 9 76 17 12 24
969 10 68 17 12 23
969 13 164 37 11 28
969 14 132 45 13 29
969 15 162 58 15 34
969 16 169 60 16 36
969 17 155 60 14 33
969 18 130 64 16 34
969 19 141 62 15 35
969 20 148 44 11 28
969 23 286 54 12 31
969 24 293 53 13 29
969 25 313 124 21 47
969 26 297 124 21 46
969 27 336 153 18 52
969 28 347 150 21 55
969 40 629 277 35 78
969 41 484 133 22 47
969 42 484 136 24 49
969 43 198 55 12 32
969 44 204 55 11 34
969 45 512 93 17 37
969 46 524 100 14 39
969 47 509 112 16 27
969 48 55 102 22 46
969 49 143 350 42 92
969 50 349 55 12 30
970 1 250 240 33 71
970 2 281 263 29 78
970 3 237 265 46 76
970 8 82 19 12 21
970 9 75 17 12 25
970 10 68 17 12 23
970 13 164 37 11 28
970 14 132 45 13 29
970 15 162 58 15 34
970 16 169 60 16 36
970 17 155 60 14 33
970 18 129 63 16 35
970 19 140 62 15 36
970 20 148 44 11 28
970 23 285 54 12 31
970 24 292 53 13 29
970 25 313 123 21 48
970 26 296 124 20 46
970 27 336 153 18 52
970 28 346 150 20 55
970 40 629 277 34 78
970 41 483 133 22 47
970 42 483 136 24 49
970 43 198 55 12 32
970 44 205 55 11 34
970 45 511 93 17 37
970 46 523 99 14 39
970 47 507 112 17 27
970 48 56 102 22 46
970 49 144 349 43 92
970 50 349 55 12 30
971 1 251 241 34 71
971 2 281 264 29 78
971 3 245 263 38 78
971 8 82 19 12 21
971 9 76 21 12 19
971 10 68 17 12 23
971 13 163 36 12 28
971 14 132 44 13 28
971 15 162 58 14 35
971 16 168 59 16 36
971 17 155 60 14 33
971 18 129 63 16 35
971 19 140 62 15 35
971 20 147 44 12 28
971 23 285 54 12 32
971 24 292 53 13 30
971 25 312 123 21 48
971 26 296 124 20 46
971 27 335 153 19 52
971 28 346 150 20 55
971 40 629 277 34 78
971 41 477 133 27 47
971 42 484 136 21 49
971 43 198 55 12 32
971 44 205 55 11 34
971 45 511 93 17 37
971 46 522 100 13 37
971 47 507 112 17 27
971 48 57 102 22 47
971 49 148 346 38 93
971 50 349 55 12 30
972 1 251 241 33 70
972 2 281 264 29 78
972 3 245 263 38 78
972 8 82 19 12 21
972 9 76 20 12 20
972 10 68 17 12 23
972 13 163 36 12 28
972 14 132 44 13 28
972 15 162 58 14 35
972 16 168 59 16 36
972 17 155 60 14 33
972 18 129 63 16 35
972 19 140 62 15 35
972 20 147 44 12 28
972 23 285 54 12 32
972 24 292 53 13 30
972 25 312 123 21 47
972 26 296 124 20 46
972 27 335 153 19 52
972 28 346 150 20 55
972 40 629 277 31 78
972 41 477 133 27 47
972 42 484 136 21 49
972 43 198 55 12 31
972 44 205 55 11 34
972 45 511 93 17 37
972 46 522 99 14 39
972 47 507 112 17 27
972 48 57 102 22 47
972 49 148 346 38 98
972 50 349 55 12 30
973 1 251 242 33 70
973 2 281 264 29 77
973 3 245 263 38 78
973 8 79 19 13 21
973 9 76 20 12 20
973 10 67 17 12 23
973 13 162 36 12 29
973 14 132 45 13 29
973 15 162 58 14 35
973 16 168 59 16 34
973 17 154 60 14 33
973 18 129 63 16 35
973 19 140 61 15 35
973 20 147 44 12 28
973 23 284 53 13 32
973 24 291 52 13 30
973 25 312 123 20 47
973 26 295 124 20 46
973 27 335 153 19 52
973 28 345 150 20 55
973 40 629 277 31 78
973 41 476 133 27 47
973 42 483 136 21 49
973 43 198 55 12 31
973 44 205 55 11 34
973 45 510 93 17 37
973 46 521 99 14 38
973 47 506 112 17 27
973 48 59 101 22 47
973 49 148 345 38 99
973 50 349 55 12 30
974 1 251 242 33 70
974 2 281 264 29 77
974 3 254 263 29 78
974 8 79 19 13 21
974 9 76 20 12 20
974 10 67 17 12 23
974 13 162 36 12 29
974 14 132 45 13 29
974 15 162 58 14 35
974 16 168 59 15 32
974 17 154 60 14 32
974 18 129 63 16 35
974 19 139 61 15 35
974 20 147 44 12 27
974 23 283 53 13 33
974 24 291 52 13 31
974 25 311 122 21 49
974 26 295 123 20 46
974 27 334 153 19 52
974 28 345 149 20 55
974 40 629 278 32 78
974 41 475 133 27 47
974 42 482 136 22 48
974 43 198 55 12 31
974 44 205 55 11 34
974 45 510 93 15 40
974 46 520 99 12 38
974 47 510 110 14 28
974 48 58 102 28 47
974 49 150 344 37 96
974 50 349 55 12 30
975 1 251 242 33 70
975 2 281 265 28 77
975 3 254 263 29 78
975 8 79 19 13 21
975 9 76 20 12 20
975 10 67 17 12 24
975 13 162 36 12 29
975 14 131 45 11 28
975 15 161 58 13 34
975 16 168 59 16 34
975 17 154 60 14 32
975 18 129 63 16 35
975 19 139 61 16 37
975 20 147 44 12 27
975 23 283 53 13 35
975 24 291 52 13 31
975 25 311 122 20 46
975 26 294 123 20 46
975 27 333 152 19 52
975 28 344 149 20 56
975 40 627 278 32 78
975 41 474 133 26 46
975 42 481 136 22 48
975 43 198 56 12 31
975 44 205 55 11 34
975 45 509 93 15 40
975 46 517 99 13 38
975 47 510 110 14 28
975 48 59 103 28 46
975 49 150 344 37 96
975 50 349 55 12 30
976 1 252 241 34 73
976 2 283 265 26 76
976 3 254 263 29 78
976 8 78 19 12 21
976 9 75 20 12 20
976 10 67 17 12 24
976 13 162 36 12 29
976 14 131 45 11 28
976 15 161 58 13 35
976 16 168 59 16 34
976 17 153 60 14 33
976 18 128 63 16 35
976 19 138 61 16 37
976 20 147 44 12 27
976 23 283 53 13 35
976 24 290 52 13 31
976 25 310 122 21 49
976 26 294 122 20 46
976 27 332 152 19 52
976 28 343 149 20 55
976 40 627 279 36 78
976 41 473 133 26 46
976 42 480 136 22 48
976 43 198 56 12 31
976 44 205 55 11 34
976 45 509 93 15 40
976 46 516 99 13 39
976 47 509 110 14 28
976 48 60 103 28 46
976 49 150 342 38 98
976 50 349 55 12 30
977 1 251 243 32 68
977 2 283 265 26 76
977 3 254 263 29 78
977 8 78 19 12 21
977 9 75 20 12 20
977 10 67 17 12 24
977 13 162 36 12 29
977 14 131 45 14 29
977 15 161 58 13 35
977 16 168 59 15 33
977 17 152 59 15 34
977 18 128 63 16 35
977 19 138 59 16 38
977 20 147 44 12 27
977 23 283 52 13 34
977 24 290 52 13 31
977 25 311 122 20 47
977 26 293 122 20 46
977 27 332 151 19 52
977 28 343 149 20 54
977 40 626 279 35 78
977 41 474 133 27 47
977 42 478 136 21 49
977 43 198 56 12 31
977 44 205 55 11 35
977 45 508 93 15 40
977 46 516 99 13 39
977 47 509 109 14 29
977 48 61 103 28 46
977 49 150 339 39 100
977 50 349 55 12 31
978 1 251 243 36 68
978 2 283 265 26 76
978 3 254 263 29 78
978 8 78 19 12 21
978 9 75 20 12 20
978 10 67 17 12 24
978 13 162 36 12 29
978 14 131 45 14 29
978 15 161 58 13 35
978 16 168 59 15 33
978 17 152 59 15 34
978 18 128 63 16 35
978 19 138 59 16 38
978 20 147 44 12 27
978 23 283 52 13 33
978 24 290 52 13 31
978 25 311 122 20 47
978 26 292 122 21 49
978 27 332 151 19 52
978 28 343 149 19 56
978 40 626 279 35 78
978 41 474 133 27 47
978 42 478 136 21 49
978 43 198 56 12 31
978 44 205 55 11 35
978 45 508 93 15 40
978 46 516 99 13 39
978 47 509 109 14 29
978 48 61 103 28 46
978 49 151 340 39 98
978 50 349 55 12 30
979 1 251 243 36 68
979 2 283 265 26 76
979 3 254 263 29 78
979 8 78 19 12 22
979 9 75 20 12 20
979 10 66 17 12 24
979 13 162 36 12 29
979 14 131 45 14 29
979 15 160 58 13 35
979 16 167 59 15 33
979 17 152 59 15 34
979 18 128 63 15 34
979 19 137 59 16 38
979 20 147 44 12 27
979 23 283 52 13 33
979 24 290 52 13 31
979 25 310 121 20 47
979 26 292 122 20 46
979 27 331 150 19 53
979 28 342 149 19 56
979 40 624 284 40 73
979 41 473 133 27 47
979 42 481 136 17 49
979 43 198 56 12 31
979 44 205 55 11 35
979 45 508 93 15 40
979 46 516 99 13 39
979 47 509 109 14 29
979 48 63 103 28 46
979 49 151 338 39 94
979 50 349 55 12 30
980 1 251 243 36 68
980 2 283 266 24 76
980 3 254 264 29 77
980 8 78 19 12 22
980 9 75 20 12 20
980 10 66 17 12 24
980 13 160 35 14 29
980 14 131 45 14 29
980 15 160 57 13 35
980 16 167 59 16 33
980 17 152 59 14 33
980 18 128 63 15 34
980 19 137 59 16 37
980 20 146 43 12 27
980 23 283 52 13 32
980 24 290 52 13 30
980 25 310 121 20 47
980 26 294 121 18 46
980 27 330 150 19 52
980 28 342 148 19 56
980 40 624 284 40 74
980 41 472 133 26 46
980 42 480 136 17 49
980 43 198 56 12 31
980 44 205 56 12 34
980 45 508 93 15 40
980 46 515 99 13 39
980 47 508 109 14 29
980 48 65 104 27 46
980 49 152 337 40 89
980 50 349 55 12 30
981 1 251 244 36 67
981 2 283 266 24 76
981 3 254 264 29 77
981 8 78 19 12 22
981 9 75 20 12 20
981 10 66 17 12 24
981 13 160 35 14 29
981 14 130 45 14 29
981 15 160 57 13 35
981 16 167 59 16 34
981 17 152 59 14 33
981 18 128 63 15 34
981 19 137 59 16 39
981 20 146 43 12 28
981 23 282 52 13 32
981 24 289 52 13 30
981 25 309 121 20 47
981 26 294 121 18 46
981 27 330 150 19 51
981 28 341 148 20 53
981 40 624 285 37 74
981 41 474 133 22 47
981 42 476 137 17 48
981 43 198 56 12 31
981 44 205 56 12 34
981 45 507 92 15 39
981 46 515 99 13 39
981 47 508 108 15 30
981 48 66 104 27 46
981 49 152 335 39 87
981 50 349 55 12 30
982 1 251 244 36 67
982 2 283 266 24 76
982 3 254 263 34 78
982 8 77 19 12 22
982 9 74 19 12 21
982 10 66 17 12 24
982 13 160 35 14 29
982 14 130 44 13 28
982 15 160 57 13 35
982 16 166 59 16 34
982 17 152 59 14 33
982 18 127 63 15 34
982 19 137 59 16 38
982 20 146 43 12 28
982 23 282 52 13 32
982 24 289 52 13 30
982 25 309 121 20 47
982 26 293 121 18 45
982 27 330 150 19 52
982 28 341 148 20 53
982 40 623 285 40 74
982 41 473 133 22 47
982 42 475 137 17 48
982 43 198 56 12 31
982 44 205 56 12 34
982 45 506 89 16 42
982 46 513 99 13 39
982 47 507 108 15 30
982 48 66 103 26 48
982 49 152 334 40 88
982 50 349 55 12 30
983 1 251 244 36 67
983 2 283 267 24 75
983 3 254 263 34 78
983 8 77 19 12 22
983 9 74 19 12 21
983 10 66 17 12 23
983 13 160 35 14 29
983 14 130 44 14 30
983 15 160 57 12 36
983 16 166 59 16 34
983 17 149 59 17 34
983 18 127 62 15 34
983 19 137 59 16 38
983 20 146 43 12 28
983 23 282 52 13 32
983 24 289 52 13 30
983 25 308 121 20 47
983 26 293 121 17 43
983 27 329 150 19 52
983 28 340 147 20 53
983 40 623 286 38 74
983 41 472 133 20 47
983 42 472 137 22 50
983 43 198 56 12 31
983 44 205 56 12 34
983 45 505 89 16 42
983 46 512 99 13 39
983 47 504 109 14 26
983 48 67 103 26 48
983 49 152 331 41 91
983 50 349 55 12 30
984 1 251 244 36 67
984 2 283 267 24 75
984 3 254 263 34 78
984 8 77 19 12 22
984 9 74 19 12 21
984 10 66 17 12 23
984 13 160 35 14 29
984 14 130 44 14 30
984 15 159 57 14 37
984 16 166 59 16 34
984 17 149 59 17 34
984 18 127 63 15 34
984 19 137 59 15 37
984 20 146 43 12 28
984 23 282 52 13 32
984 24 289 52 13 30
984 25 308 121 19 46
984 26 293 121 17 45
984 27 329 150 19 52
984 28 340 147 20 53
984 40 623 286 42 75
984 41 472 133 20 47
984 42 472 137 22 50
984 43 198 56 12 32
984 44 205 56 12 34
984 45 506 89 16 42
984 46 513 99 15 36
984 47 504 109 14 26
984 48 67 103 26 48
984 49 152 331 41 91
984 50 349 55 12 30
985 1 251 244 36 68
985 2 283 267 24 75
985 3 254 263 34 78
985 8 77 19 13 22
985 9 74 19 12 21
985 10 66 16 12 24
985 13 159 35 14 29
985 14 129 44 13 29
985 15 159 57 13 35
985 16 166 58 16 34
985 17 149 59 17 34
985 18 127 62 15 35
985 19 137 59 15 37
985 20 146 43 12 28
985 23 282 52 13 32
985 24 288 52 13 30
985 25 308 121 19 46
985 26 293 121 17 44
985 27 329 149 19 52
985 28 340 147 20 53
985 40 623 287 38 75
985 41 471 134 20 46
985 42 471 137 22 50
985 43 198 56 12 31
985 44 205 56 12 34
985 45 505 89 16 42
985 46 512 99 15 36
985 47 503 108 14 30
985 48 67 103 26 48
985 49 153 330 41 92
985 50 349 55 12 30
986 1 251 244 36 68
986 2 282 267 24 75
986 3 254 263 34 78
986 8 77 17 13 23
986 9 74 19 12 21
986 10 66 16 12 24
986 13 159 35 14 29
986 14 129 44 13 29
986 15 158 57 14 35
986 16 165 58 16 34
986 17 149 59 17 34
986 18 127 62 15 35
986 19 137 59 15 37
986 20 146 43 12 28
986 23 281 52 13 32
986 24 288 52 13 30
986 25 307 121 20 46
986 26 290 121 19 44
986 27 329 149 19 52
986 28 339 147 20 54
986 40 621 287 41 76
986 41 468 133 22 46
986 42 468 137 24 49
986 43 198 56 12 32
986 44 205 56 12 35
986 45 504 89 16 42
986 46 512 99 15 36
986 47 502 108 14 30
986 48 72 102 22 48
986 49 153 329 41 92
986 50 349 55 12 30
987 1 252 244 36 67
987 2 282 267 24 75
987 3 254 263 34 78
987 8 76 17 13 23
987 9 73 19 12 21
987 10 65 17 12 23
987 13 159 35 14 29
987 14 129 44 13 29
987 15 158 57 14 35
987 16 165 58 16 35
987 17 148 59 17 34
987 18 126 62 15 35
987 19 137 59 15 37
987 20 146 43 12 28
987 23 281 52 13 32
987 24 288 52 13 31
987 25 306 120 20 47
987 26 290 121 19 44
987 27 328 149 18 53
987 28 338 144 21 56
987 40 621 287 40 76
987 41 467 133 22 46
987 42 467 137 24 49
987 43 198 57 12 32
987 44 205 56 12 35
987 45 504 89 16 42
987 46 511 99 15 37
987 47 502 108 14 30
987 48 73 102 22 48
987 49 154 328 42 93
987 50 349 55 12 30
988 1 252 245 35 66
988 2 282 267 24 75
988 3 254 263 34 78
988 8 76 17 13 23
988 9 73 19 12 21
988 10 65 17 12 24
988 13 159 35 14 29
988 14 126 44 16 29
988 15 158 57 14 35
988 16 165 58 16 35
988 17 148 59 17 34
988 18 126 60 15 34
988 19 136 59 14 37
988 20 146 43 12 28
988 23 281 52 12 32
988 24 287 52 13 30
988 25 305 120 22 47
988 26 289 121 19 44
988 27 328 149 18 53
988 28 338 144 21 56
988 40 619 288 41 76
988 41 464 133 22 47
988 42 466 137 24 50
988 43 199 57 12 32
988 44 206 56 12 35
988 45 503 89 17 42
988 46 510 99 14 36
988 47 502 108 14 30
988 48 73 102 22 48
988 49 155 326 42 94
988 50 349 55 12 30
989 1 252 245 35 67
989 2 282 268 24 75
989 3 254 263 34 78
989 8 76 17 13 23
989 9 73 19 12 21
989 10 65 17 12 23
989 13 158 34 14 29
989 14 126 44 16 29
989 15 157 57 14 35
989 16 165 58 16 34
989 17 148 59 17 34
989 18 126 60 15 34
989 19 136 58 14 37
989 20 146 43 12 27
989 23 280 52 13 32
989 24 287 52 13 30
989 25 304 120 22 47
989 26 289 121 19 44
989 27 327 148 18 53
989 28 337 144 21 56
989 40 618 289 40 75
989 41 463 133 22 47
989 42 465 137 24 50
989 43 199 57 12 31
989 44 206 57 12 35
989 45 502 89 17 43
989 46 510 99 15 35
989 47 501 108 14 30
989 48 74 103 29 46
989 49 157 326 39 87
989 50 349 55 12 30
990 1 252 245 35 66
990 2 282 268 24 75
990 3 254 263 34 78
990 8 76 17 13 23
990 9 73 19 12 21
990 10 65 17 12 23
990 13 158 34 14 29
990 14 126 44 16 29
990 15 157 57 14 35
990 16 165 58 16 35
990 17 148 59 17 34
990 18 126 60 15 34
990 19 136 58 14 37
990 20 146 43 12 27
990 23 280 52 13 32
990 24 287 52 13 30
990 25 304 120 22 47
990 26 289 121 19 44
990 27 327 148 18 53
990 28 337 144 21 56
990 40 618 289 40 75
990 41 461 133 24 45
990 42 465 137 24 48
990 43 199 57 12 31
990 44 206 57 12 32
990 45 502 89 17 43
990 46 510 99 15 35
990 47 502 108 14 30
990 48 74 103 29 46
990 49 157 326 38 86
990 50 349 55 12 30
991 1 252 246 35 73
991 2 282 268 24 75
991 3 254 263 34 78
991 8 76 17 13 23
991 9 72 17 13 23
991 10 65 17 12 23
991 13 158 34 14 30
991 14 126 44 16 29
991 15 157 57 14 36
991 16 165 58 16 34
991 17 148 59 17 34
991 18 126 60 15 34
991 19 136 58 16 39
991 20 146 43 12 28
991 23 280 51 13 32
991 24 287 51 13 29
991 25 304 118 22 49
991 26 288 119 20 46
991 27 327 148 18 53
991 28 337 144 21 56
991 40 618 288 41 77
991 41 460 133 24 45
991 42 466 138 21 50
991 43 199 57 12 31
991 44 206 57 12 32
991 45 502 89 17 43
991 46 509 98 15 35
991 47 501 108 14 30
991 48 76 103 28 45
991 49 160 324 37 92
991 50 349 55 12 30
992 1 254 246 33 73
992 2 282 268 24 75
992 3 254 263 34 78
992 8 76 17 13 23
992 9 73 19 12 21
992 10 65 19 12 22
992 13 158 34 14 30
992 14 125 44 16 29
992 15 157 57 14 35
992 16 165 58 16 33
992 17 147 59 16 32
992 18 126 60 15 34
992 19 136 58 16 39
992 20 145 43 12 27
992 23 280 51 13 32
992 24 287 51 13 30
992 25 304 118 19 49
992 26 288 119 19 44
992 27 326 147 18 54
992 28 336 143 21 56
992 40 617 291 42 75
992 41 459 133 24 46
992 42 465 138 21 50
992 43 199 57 12 31
992 44 206 57 12 32
992 45 501 89 17 43
992 46 509 98 15 35
992 47 500 108 14 30
992 48 78 103 28 45
992 49 161 323 36 90
992 50 349 55 12 30
993 1 254 246 33 73
993 2 282 268 24 75
993 3 254 264 34 77
993 8 79 18 12 21
993 9 77 19 12 20
993 10 65 19 12 22
993 13 158 35 14 29
993 14 125 44 16 29
993 15 157 57 14 35
993 16 164 58 16 34
993 17 147 59 16 32
993 18 125 60 15 33
993 19 135 58 16 39
993 20 145 43 12 27
993 23 279 51 13 33
993 24 287 51 13 30
993 25 304 118 19 49
993 26 287 118 21 50
993 27 326 147 17 49
993 28 336 144 21 55
993 40 617 292 42 76
993 41 458 133 26 46
993 42 464 138 21 50
993 43 199 58 12 31
993 44 207 58 12 32
993 45 501 89 17 41
993 46 508 98 15 35
993 47 499 107 14 30
993 48 77 104 28 46
993 49 163 322 35 87
993 50 349 55 12 30
994 1 255 246 33 73
994 2 282 268 24 75
994 3 255 265 33 76
994 8 76 17 12 22
994 9 71 18 13 21
994 10 65 19 12 22
994 13 157 34 14 29
994 14 124 44 16 29
994 15 156 57 14 35
994 16 164 58 16 33
994 17 147 59 16 32
994 18 125 60 15 33
994 19 135 58 14 36
994 20 145 43 12 28
994 23 279 51 13 33
994 24 286 51 13 30
994 25 301 118 21 46
994 26 287 118 21 46
994 27 325 146 17 49
994 28 336 143 21 56
994 40 616 292 42 77
994 41 457 133 26 46
994 42 463 138 21 48
994 43 199 58 12 31
994 44 207 58 12 31
994 45 500 89 17 42
994 46 508 98 15 35
994 47 498 107 14 30
994 48 78 104 28 46
994 49 163 317 39 87
994 50 349 55 12 30
995 1 255 246 35 76
995 2 283 267 24 76
995 3 255 265 33 76
995 8 74 18 12 21
995 9 71 18 13 21
995 10 65 19 12 22
995 13 157 35 14 29
995 14 124 44 16 29
995 15 156 57 12 34
995 16 162 58 17 34
995 17 147 59 16 31
995 18 125 60 15 33
995 19 135 58 14 36
995 20 145 43 12 27
995 23 279 51 13 32
995 24 286 51 13 30
995 25 301 118 21 46
995 26 287 118 21 46
995 27 325 146 18 51
995 28 335 143 21 55
995 40 616 293 42 77
995 41 456 133 26 46
995 42 461 138 20 50
995 43 200 58 12 32
995 44 207 58 12 31
995 45 500 89 17 42
995 46 505 98 15 37
995 47 498 107 14 29
995 48 79 105 28 46
995 49 163 316 39 87
995 50 349 55 12 30
996 1 255 246 35 76
996 2 283 267 24 76
996 3 255 265 33 76
996 8 74 18 12 21
996 9 70 18 13 21
996 10 65 19 12 22
996 13 157 34 14 29
996 14 124 44 16 29
996 15 156 57 12 34
996 16 162 58 17 34
996 17 147 59 16 31
996 18 125 60 15 33
996 19 135 58 14 36
996 20 145 43 12 28
996 23 279 51 13 32
996 24 286 51 13 29
996 25 301 118 21 46
996 26 287 118 21 46
996 27 325 146 17 50
996 28 335 143 20 54
996 40 616 293 42 77
996 41 456 133 26 46
996 42 461 138 20 50
996 43 200 58 12 32
996 44 207 58 12 31
996 45 500 89 17 42
996 46 508 98 13 36
996 47 498 107 14 29
996 48 79 105 28 46
996 49 163 316 39 84
996 50 349 55 12 30
997 1 255 246 35 76
997 2 283 268 24 76
997 3 255 265 31 76
997 8 74 18 12 21
997 9 71 18 13 21
997 10 65 18 12 23
997 13 157 35 13 28
997 14 124 42 13 31
997 15 156 57 12 34
997 16 162 58 17 34
997 17 147 59 16 33
997 18 125 60 15 33
997 19 135 58 14 35
997 20 146 40 14 33
997 23 279 51 13 32
997 24 286 51 13 30
997 25 300 118 21 46
997 26 286 117 21 47
997 27 324 145 19 55
997 28 335 142 21 56
997 40 615 294 41 77
997 41 458 133 23 46
997 42 460 138 20 50
997 43 200 58 12 32
997 44 207 58 12 31
997 45 499 89 16 43
997 46 508 98 13 36
997 47 496 107 14 30
997 48 80 105 28 46
997 49 164 315 39 85
997 50 349 55 12 30
998 1 256 246 35 76
998 2 283 267 24 76
998 3 255 265 27 76
998 8 74 18 12 21
998 9 70 18 13 21
998 10 65 18 12 23
998 13 157 35 13 28
998 14 123 44 16 29
998 15 156 57 12 34
998 16 162 58 17 34
998 17 147 59 16 33
998 18 124 60 15 33
998 19 133 58 15 35
998 20 146 40 14 33
998 23 278 51 13 32
998 24 286 51 13 30
998 25 300 118 21 46
998 26 286 117 21 47
998 27 323 145 19 55
998 28 334 142 21 55
998 40 615 294 41 77
998 41 457 133 23 46
998 42 457 138 22 49
998 43 200 58 12 32
998 44 207 58 12 32
998 45 499 89 16 43
998 46 507 98 13 36
998 47 496 107 14 30
998 48 82 104 25 44
998 49 165 314 39 85
998 50 349 55 12 30
999 1 256 246 35 76
999 2 283 268 24 76
999 3 255 265 27 76
999 8 73 18 12 21
999 9 70 18 13 21
999 10 65 18 12 23
999 13 156 35 12 26
999 14 123 44 16 29
999 15 155 56 12 34
999 16 161 58 17 34
999 17 147 58 16 32
999 18 124 60 15 33
999 19 133 58 15 36
999 20 146 40 14 33
999 23 278 51 13 32
999 24 285 51 13 30
999 25 300 118 20 44
999 26 286 117 21 46
999 27 323 145 19 52
999 28 334 142 21 55
999 40 615 295 40 81
999 41 458 133 20 45
999 42 456 138 22 49
999 43 200 58 12 32
999 44 207 58 12 32
999 45 500 89 15 43
999 46 507 98 13 36
999 47 496 108 14 30
999 48 83 104 25 43
999 49 165 313 39 86
999 50 349 55 12 30
1000 1 256 246 35 76
1000 2 284 268 24 76
1000 3 255 265 27 76
1000 8 73 18 12 21
1000 9 68 18 12 22
1000 10 65 18 12 22
1000 13 156 35 14 28
1000 14 122 44 16 29
1000 15 155 56 12 35
1000 16 160 57 17 35
1000 17 146 58 16 33
1000 18 124 60 15 34
1000 19 133 58 15 35
1000 20 146 40 14 33
1000 23 278 51 13 32
1000 24 285 51 13 30
1000 25 299 118 20 44
1000 26 286 117 21 47
1000 27 323 145 19 52
1000 28 333 141 21 57
1000 40 614 296 40 81
1000 41 457 132 20 47
1000 42 450 138 29 50
1000 43 200 58 12 32
1000 44 207 58 12 32
1000 45 500 89 15 43
1000 46 506 98 13 36
1000 47 496 108 14 29
1000 48 89 102 19 46
1000 49 168 313 35 86
1000 50 349 55 12 30
1001 1 257 246 35 76
1001 2 284 268 24 76
1001 3 255 265 25 76
1001 8 73 18 12 21
1001 9 68 18 12 22
1001 10 65 18 12 22
1001 13 156 35 14 29
1001 14 122 44 16 29
1001 15 155 56 12 34
1001 16 161 57 16 34
1001 17 145 58 16 32
1001 18 124 60 15 33
1001 19 133 58 15 36
1001 20 146 40 14 33
1001 23 278 51 13 32
1001 24 285 51 13 29
1001 25 299 118 21 46
1001 26 286 117 21 45
1001 27 322 145 19 52
1001 28 333 141 21 56
1001 40 614 296 40 81
1001 41 456 132 20 47
1001 42 449 138 29 50
1001 43 201 58 12 32
1001 44 208 58 12 32
1001 45 499 89 15 43
1001 46 506 98 13 36
1001 47 495 108 14 29
1001 48 90 103 19 45
1001 49 168 312 35 87
1001 50 349 55 12 30
1002 1 257 246 35 76
1002 2 284 268 24 76
1002 3 255 265 25 76
1002 8 72 17 13 21
1002 9 68 18 12 22
1002 10 65 18 12 22
1002 13 156 35 14 29
1002 14 122 44 16 29
1002 15 155 56 12 34
1002 16 160 57 17 34
1002 17 145 58 16 32
1002 18 124 60 15 33
1002 19 133 58 15 36
1002 20 146 40 14 33
1002 23 278 51 13 32
1002 24 286 51 12 31
1002 25 299 118 21 46
1002 26 286 117 21 46
1002 27 322 145 19 52
1002 28 333 141 21 56
1002 40 614 296 40 81
1002 41 456 132 20 47
1002 42 449 138 29 50
1002 43 201 58 12 32
1002 44 208 58 12 32
1002 45 499 89 15 43
1002 46 506 98 13 36
1002 47 495 108 14 29
1002 48 90 103 19 45
1002 49 168 312 35 87
1002 50 349 55 12 30
1003 1 257 246 35 77
1003 2 284 268 24 76
1003 3 255 265 25 76
1003 8 72 17 13 22
1003 9 68 18 12 22
1003 10 65 18 12 22
1003 13 156 35 12 28
1003 14 122 44 16 29
1003 15 155 56 12 34
1003 16 160 57 17 34
1003 17 145 58 16 32
1003 18 123 60 15 32
1003 19 132 58 15 35
1003 20 146 40 14 33
1003 23 277 50 13 33
1003 24 286 51 12 31
1003 25 299 118 21 46
1003 26 285 117 21 46
1003 27 322 144 19 52
1003 28 333 141 20 54
1003 40 613 297 40 81
1003 41 455 132 20 48
1003 42 448 138 29 50
1003 43 201 58 12 32
1003 44 208 58 12 32
1003 45 499 89 15 43
1003 46 505 98 13 36
1003 47 495 108 14 29
1003 48 91 103 19 46
1003 49 170 312 34 83
1003 50 349 55 12 30
1004 1 257 246 36 77
1004 2 285 268 24 76
1004 3 255 265 25 76
1004 8 72 17 13 22
1004 9 68 18 12 22
1004 10 65 18 12 22
1004 13 155 34 13 29
1004 14 122 44 16 29
1004 15 155 56 12 33
1004 16 160 57 17 34
1004 17 144 58 16 32
1004 18 123 60 16 34
1004 19 132 58 15 36
1004 20 145 40 14 33
1004 23 276 50 13 33
1004 24 285 51 12 32
1004 25 298 118 21 46
1004 26 285 117 21 46
1004 27 321 144 19 52
1004 28 332 140 21 57
1004 40 613 297 43 81
1004 41 453 132 20 47
1004 42 450 138 25 49
1004 43 201 58 12 32
1004 44 208 58 12 32
1004 45 497 89 16 43
1004 46 504 98 12 36
1004 47 494 107 14 29
1004 48 93 103 20 45
1004 49 171 307 35 90
1004 50 349 55 12 30
1005 1 257 246 35 77
1005 2 285 268 24 75
1005 3 255 265 25 76
1005 8 72 17 13 22
1005 9 68 18 12 22
1005 10 65 18 12 22
1005 13 155 34 13 27
1005 14 121 44 16 29
1005 15 154 56 12 34
1005 16 160 57 17 34
1005 17 144 58 16 33
1005 18 123 60 15 34
1005 19 132 58 15 36
1005 20 145 40 14 32
1005 23 276 50 13 32
1005 24 285 50 12 32
1005 25 298 117 21 46
1005 26 285 117 20 43
1005 27 320 146 20 49
1005 28 332 140 20 54
1005 40 613 297 43 81
1005 41 452 132 20 46
1005 42 449 138 25 49
1005 43 201 58 12 32
1005 44 208 58 12 32
1005 45 497 89 16 43
1005 46 504 98 12 36
1005 47 494 107 14 29
1005 48 91 103 25 45
1005 49 171 306 35 90
1005 50 349 55 12 30
1006 1 257 246 36 77
1006 2 286 268 24 75
1006 3 255 265 25 76
1006 8 72 17 14 22
1006 9 67 18 12 22
1006 10 63 18 13 22
1006 13 155 34 13 27
1006 14 121 44 16 28
1006 15 154 56 12 34
1006 16 159 57 16 34
1006 17 144 56 16 34
1006 18 122 60 16 34
1006 19 131 57 15 37
1006 20 146 40 14 32
1006 23 276 50 13 32
1006 24 284 50 13 33
1006 25 298 117 21 47
1006 26 285 117 20 43
1006 27 319 146 20 49
1006 28 330 139 21 56
1006 40 612 298 42 81
1006 41 445 132 25 49
1006 42 448 138 24 48
1006 43 201 58 12 32
1006 44 208 58 12 32
1006 45 496 89 16 42
1006 46 503 98 12 36
1006 47 493 107 14 30
1006 48 92 103 25 45
1006 49 173 305 33 85
1006 50 349 55 12 30
1007 1 258 246 35 77
1007 2 286 268 24 75
1007 3 256 265 25 76
1007 8 71 18 13 21
1007 9 67 18 12 22
1007 10 63 18 13 23
1007 13 155 34 13 27
1007 14 121 44 15 28
1007 15 154 56 12 34
1007 16 160 57 17 34
1007 17 143 56 16 34
1007 18 122 60 16 34
1007 19 131 57 15 37
1007 20 145 40 14 33
1007 23 276 50 13 32
1007 24 284 50 12 31
1007 25 297 116 21 46
1007 26 284 116 20 43
1007 27 319 143 20 49
1007 28 330 139 21 56
1007 40 612 298 42 81
1007 41 444 132 24 49
1007 42 449 138 20 48
1007 43 201 58 12 31
1007 44 208 58 12 32
1007 45 495 89 16 42
1007 46 501 97 13 36
1007 47 492 107 14 30
1007 48 93 104 27 45
1007 49 171 300 36 87
1007 50 349 55 12 30
1008 1 258 246 35 77
1008 2 286 268 24 75
1008 3 256 265 25 76
1008 8 71 18 13 21
1008 9 67 18 12 22
1008 10 63 18 13 23
1008 13 155 34 13 27
1008 14 121 44 15 28
1008 15 154 56 12 34
1008 16 158 57 16 35
1008 17 143 56 16 34
1008 18 122 60 16 34
1008 19 131 57 15 37
1008 20 145 40 14 33
1008 23 276 50 13 32
1008 24 284 50 12 31
1008 25 297 116 21 46
1008 26 284 116 20 43
1008 27 319 143 20 49
1008 28 332 139 19 56
1008 40 612 298 42 81
1008 41 444 132 26 48
1008 42 449 138 20 48
1008 43 201 58 12 31
1008 44 208 58 12 32
1008 45 495 89 16 42
1008 46 501 97 13 36
1008 47 492 107 14 30
1008 48 93 104 27 45
1008 49 171 300 36 87
1008 50 349 55 12 30
1009 1 258 247 35 77
1009 2 286 268 24 76
1009 3 256 265 25 76
1009 8 71 18 13 21
1009 9 67 18 12 23
1009 10 62 18 13 23
1009 13 155 34 13 27
1009 14 121 45 15 28
1009 15 154 56 12 34
1009 16 159 57 16 34
1009 17 143 56 16 34
1009 18 122 60 16 34
1009 19 131 57 15 36
1009 20 144 39 15 33
1009 23 276 50 13 32
1009 24 284 50 12 31
1009 25 297 116 21 46
1009 26 284 116 20 44
1009 27 319 143 20 49
1009 28 332 139 19 56
1009 40 612 299 43 81
1009 41 443 132 25 48
1009 42 448 138 20 48
1009 43 201 59 12 31
1009 44 208 59 12 31
1009 45 495 89 16 42
1009 46 500 97 13 36
1009 47 493 107 14 30
1009 48 94 104 27 45
1009 49 173 300 35 82
1009 50 349 55 12 30
1010 1 259 247 35 77
1010 2 286 268 24 76
1010 3 256 265 25 76
1010 8 71 18 13 21
1010 9 67 18 12 23
1010 10 62 18 13 23
1010 13 155 34 13 27
1010 14 121 45 15 28
1010 15 152 56 13 34
1010 16 159 57 16 34
1010 17 143 56 17 34
1010 18 122 60 16 34
1010 19 131 57 15 36
1010 20 146 39 14 32
1010 23 276 50 13 32
1010 24 283 50 12 32
1010 25 296 115 20 46
1010 26 283 116 20 43
1010 27 318 143 20 49
1010 28 331 139 19 56
1010 40 609 299 44 78
1010 41 442 132 25 48
1010 42 447 138 18 48
1010 43 201 59 12 31
1010 44 208 59 12 32
1010 45 494 89 16 42
1010 46 500 97 13 36
1010 47 493 107 14 30
1010 48 95 105 27 45
1010 49 173 299 35 83
1010 50 349 55 12 30
1011 1 259 247 35 77
1011 2 287 268 24 76
1011 3 256 265 25 76
1011 8 71 18 13 21
1011 9 67 18 12 22
1011 10 62 18 13 23
1011 13 155 34 12 27
1011 14 121 45 15 28
1011 15 152 56 13 34
1011 16 158 57 16 34
1011 17 142 56 17 35
1011 18 122 59 16 35
1011 19 131 57 15 36
1011 20 146 40 13 32
1011 23 275 50 13 32
1011 24 283 50 12 31
1011 25 296 115 20 47
1011 26 283 115 20 45
1011 27 318 143 20 49
1011 28 331 139 19 56
1011 40 608 299 44 78
1011 41 442 132 25 48
1011 42 446 138 18 48
1011 43 201 59 12 31
1011 44 208 59 12 31
1011 45 494 88 16 42
1011 46 499 98 13 35
1011 47 492 107 14 31
1011 48 96 105 25 44
1011 49 176 299 33 83
1011 50 349 55 12 30
1012 1 259 247 35 77
1012 2 287 268 24 76
1012 3 256 265 29 76
1012 8 71 18 13 21
1012 9 67 18 12 22
1012 10 62 18 13 23
1012 13 155 34 12 26
1012 14 120 44 15 28
1012 15 152 56 13 34
1012 16 158 57 16 34
1012 17 142 56 17 34
1012 18 121 59 16 35
1012 19 130 57 15 36
1012 20 144 39 15 33
1012 23 275 50 13 32
1012 24 283 50 12 32
1012 25 296 115 20 46
1012 26 283 115 20 45
1012 27 318 143 19 48
1012 28 330 139 19 55
1012 40 608 300 44 78
1012 41 441 132 25 48
1012 42 443 138 20 49
1012 43 201 59 12 31
1012 44 208 59 12 31
1012 45 493 88 16 43
1012 46 499 98 13 35
1012 47 492 107 14 31
1012 48 97 106 25 43
1012 49 176 298 33 83
1012 50 349 55 12 30
1013 1 260 247 35 77
1013 2 287 268 24 76
1013 3 256 265 29 76
1013 8 71 18 13 21
1013 9 67 18 12 22
1013 10 62 18 13 21
1013 13 154 34 12 26
1013 14 120 44 15 28
1013 15 152 55 13 34
1013 16 158 57 16 34
1013 17 141 56 14 34
1013 18 121 59 16 35
1013 19 131 57 15 36
1013 20 146 40 13 31
1013 23 275 50 13 32
1013 24 283 50 12 30
1013 25 296 115 19 47
1013 26 283 115 20 45
1013 27 316 142 21 49
1013 28 327 139 21 54
1013 40 607 301 44 78
1013 41 440 132 25 48
1013 42 442 138 20 48
1013 43 202 59 12 31
1013 44 208 59 12 31
1013 45 493 88 16 43
1013 46 499 98 13 35
1013 47 491 107 15 31
1013 48 101 108 22 39
1013 49 176 297 35 85
1013 50 348 54 13 32
1014 1 260 247 35 77
1014 2 288 268 24 77
1014 3 256 265 29 76
1014 8 71 18 13 21
1014 9 67 18 12 22
1014 10 62 18 13 21
1014 13 154 34 12 26
1014 14 120 44 15 28
1014 15 152 55 13 34
1014 16 158 57 16 34
1014 17 141 56 14 34
1014 18 121 59 16 35
1014 19 131 57 15 36
1014 20 146 39 13 31
1014 23 275 50 13 32
1014 24 282 50 11 30
1014 25 296 115 19 47
1014 26 283 115 20 45
1014 27 319 142 17 49
1014 28 327 139 21 54
1014 40 606 301 45 78
1014 41 442 132 23 48
1014 42 442 138 20 48
1014 43 202 59 12 31
1014 44 208 59 12 32
1014 45 493 88 16 43
1014 46 499 98 13 35
1014 47 491 107 15 31
1014 48 101 108 22 39
1014 49 176 297 35 85
1014 50 349 55 12 30
1015 1 259 247 36 77
1015 2 287 268 24 76
1015 3 256 265 29 76
1015 8 70 18 13 21
1015 9 67 18 12 22
1015 10 62 18 13 21
1015 13 154 34 12 26
1015 14 120 44 15 28
1015 15 152 55 12 32
1015 16 158 57 16 34
1015 17 141 56 14 34
1015 18 121 59 16 35
1015 19 130 57 15 36
1015 20 146 40 13 31
1015 23 274 50 13 32
1015 24 282 50 11 30
1015 25 296 115 19 47
1015 26 282 115 20 45
1015 27 319 142 17 49
1015 28 326 139 21 54
1015 40 606 302 45 78
1015 41 441 132 22 48
1015 42 443 138 19 46
1015 43 202 59 12 31
1015 44 209 59 12 31
1015 45 492 88 16 42
1015 46 498 98 13 35
1015 47 490 107 13 28
1015 48 102 109 21 38
1015 49 178 295 33 87
1015 50 349 55 12 30
1016 1 265 247 30 77
1016 2 287 268 27 76
1016 3 256 265 29 76
1016 8 70 18 13 21
1016 9 66 18 12 22
1016 10 62 18 13 21
1016 13 154 34 12 26
1016 14 119 43 14 29
1016 15 151 55 13 35
1016 16 158 56 16 34
1016 17 141 56 14 34
1016 18 120 59 16 35
1016 19 130 57 15 37
1016 20 146 40 13 31
1016 23 274 50 13 32
1016 24 281 50 11 30
1016 25 295 115 19 46
1016 26 282 115 20 44
1016 27 318 142 17 49
1016 28 326 138 23 54
1016 39 635 313 29 89
1016 40 605 302 45 78
1016 41 440 132 22 48
1016 42 442 138 19 46
1016 43 202 59 12 31
1016 44 209 59 12 31
1016 45 491 88 16 42
1016 46 498 98 13 35
1016 47 489 107 14 32
1016 48 106 106 19 42
1016 49 179 294 33 86
1016 50 348 54 13 32
1017 1 265 247 30 77
1017 2 287 268 27 76
1017 3 256 265 29 76
1017 8 70 18 13 22
1017 9 66 18 12 22
1017 10 62 18 13 21
1017 13 154 34 13 27
1017 14 119 43 14 29
1017 15 152 55 12 33
1017 16 157 56 16 34
1017 17 140 56 13 34
1017 18 119 58 17 36
1017 19 130 57 16 37
1017 20 146 40 13 30
1017 23 274 49 13 32
1017 24 281 50 11 30
1017 25 295 115 19 47
1017 26 281 115 20 44
1017 27 318 141 17 48
1017 28 326 138 23 54
1017 39 634 314 28 89
1017 40 605 303 45 78
1017 41 439 132 21 49
1017 42 436 138 26 49
1017 43 202 59 12 32
1017 44 209 59 12 32
1017 45 491 88 16 42
1017 46 497 98 13 35
1017 47 489 107 14 32
1017 48 107 106 19 42
1017 49 180 293 33 86
1017 50 349 55 12 30
1018 1 265 247 30 77
1018 2 287 268 27 76
1018 3 256 265 29 76
1018 8 70 18 13 22
1018 9 66 18 12 23
1018 10 62 18 13 21
1018 13 153 33 13 28
1018 14 119 43 14 27
1018 15 152 55 12 33
1018 16 157 56 16 34
1018 17 140 56 13 34
1018 18 119 58 17 36
1018 19 130 56 15 37
1018 20 146 40 13 30
1018 23 273 49 13 31
1018 24 281 50 11 30
1018 25 295 115 19 47
1018 26 281 114 20 44
1018 27 316 141 18 50
1018 28 325 137 23 54
1018 39 631 315 36 88
1018 40 604 304 44 77
1018 41 437 132 22 49
1018 42 435 138 26 49
1018 43 202 59 12 32
1018 44 209 59 12 31
1018 45 490 88 16 42
1018 46 497 98 13 35
1018 47 487 107 14 29
1018 48 108 106 19 42
1018 49 180 291 34 89
1018 50 349 55 12 30
1019 1 265 247 30 77
1019 2 287 268 27 76
1019 3 256 266 29 76
1019 8 70 18 13 21
1019 9 66 18 12 22
1019 10 62 18 13 21
1019 13 153 33 12 27
1019 14 119 43 14 27
1019 15 152 55 12 33
1019 16 157 56 16 34
1019 17 140 56 13 34
1019 18 119 58 17 36
1019 19 130 56 15 37
1019 20 146 40 13 31
1019 23 273 49 13 31
1019 24 281 50 11 30
1019 25 294 115 19 46
1019 26 281 114 19 46
1019 27 316 140 18 50
1019 28 325 137 21 52
1019 39 630 316 36 88
1019 40 603 305 44 78
1019 41 436 132 22 49
1019 42 434 138 26 50
1019 43 202 59 12 32
1019 44 209 59 12 32
1019 45 490 88 16 42
1019 46 496 98 13 35
1019 47 487 107 14 29
1019 48 108 106 23 41
1019 49 182 290 35 86
1019 50 348 54 13 32
1020 1 265 247 30 77
1020 2 287 268 27 76
1020 3 256 266 29 76
1020 8 70 18 13 21
1020 9 66 18 13 23
1020 10 62 18 13 21
1020 13 153 33 12 27
1020 14 119 43 14 27
1020 15 152 55 12 33
1020 16 157 56 16 34
1020 17 140 56 13 34
1020 18 119 58 17 36
1020 19 130 56 15 37
1020 20 146 40 13 31
1020 23 273 49 13 31
1020 24 281 50 11 30
1020 25 294 115 19 46
1020 26 281 114 19 46
1020 27 316 140 18 50
1020 28 325 137 21 52
1020 39 630 316 36 88
1020 40 604 306 43 78
1020 41 436 132 22 49
1020 42 434 138 27 47
1020 43 202 59 12 32
1020 44 209 59 12 32
1020 45 489 88 16 42
1020 46 496 98 13 35
1020 47 487 107 14 29
1020 48 108 106 23 41
1020 49 182 290 35 86
1020 50 348 55 12 31
1021 1 265 247 30 77
1021 2 287 268 27 76
1021 3 257 266 29 76
1021 8 70 18 13 21
1021 9 65 17 13 23
1021 10 61 18 13 21
1021 13 153 33 12 27
1021 14 118 43 15 27
1021 15 151 55 14 33
1021 16 157 56 16 34
1021 17 140 55 13 35
1021 18 119 58 18 37
1021 19 130 56 15 37
1021 20 146 40 13 31
1021 23 273 49 13 31
1021 24 280 50 11 30
1021 25 294 114 19 46
1021 26 281 114 19 46
1021 27 316 140 18 48
1021 28 325 137 21 52
1021 39 629 316 36 88
1021 40 603 305 43 79
1021 41 433 132 22 49
1021 42 433 138 27 47
1021 43 202 59 12 32
1021 44 209 59 12 32
1021 45 489 88 16 42
1021 46 496 98 13 35
1021 47 486 107 13 29
1021 48 109 106 23 41
1021 49 183 289 35 85
1021 50 349 56 12 30
1022 1 265 247 30 77
1022 2 287 268 27 76
1022 3 257 266 29 75
1022 8 69 18 14 22
1022 9 65 17 12 23
1022 10 60 17 13 22
1022 13 153 33 12 27
1022 14 118 43 15 27
1022 15 151 55 14 33
1022 16 157 56 16 34
1022 17 140 55 13 35
1022 18 118 58 18 37
1022 19 129 55 15 38
1022 20 146 40 13 31
1022 23 273 49 13 31
1022 24 280 49 11 31
1022 25 293 114 19 47
1022 26 280 114 19 47
1022 27 315 139 19 52
1022 28 324 136 21 52
1022 39 629 318 39 86
1022 40 603 307 43 78
1022 41 430 132 24 49
1022 42 433 138 24 48
1022 43 202 59 12 32
1022 44 209 59 12 32
1022 45 489 88 16 42
1022 46 495 98 13 34
1022 47 486 107 13 30
1022 48 109 105 26 43
1022 49 183 286 36 80
1022 50 349 56 12 30
1023 1 265 247 30 77
1023 2 287 268 27 76
1023 3 257 266 29 75
1023 8 69 18 14 22
1023 9 65 17 12 23
1023 10 60 17 13 22
1023 13 153 33 12 26
1023 14 118 43 15 27
1023 15 150 55 14 32
1023 16 157 56 16 33
1023 17 139 55 14 36
1023 18 118 58 18 34
1023 19 130 55 14 38
1023 20 146 40 13 31
1023 23 272 48 13 32
1023 24 280 49 11 31
1023 25 293 113 19 48
1023 26 280 113 19 47
1023 27 315 139 17 48
1023 28 324 136 21 52
1023 39 629 318 36 86
1023 40 601 307 44 78
1023 41 429 132 26 48
1023 42 432 138 24 48
1023 43 202 59 12 32
1023 44 210 59 12 33
1023 45 488 88 16 42
1023 46 494 98 13 34
1023 47 485 107 13 30
1023 48 110 105 26 45
1023 49 184 285 36 77
1023 50 349 56 12 30
1024 1 265 248 30 77
1024 2 287 268 27 76
1024 3 257 266 29 75
1024 8 69 18 13 22
1024 9 63 17 14 23
1024 10 60 17 13 22
1024 13 153 34 12 26
1024 14 118 43 15 27
1024 15 150 55 14 32
1024 16 156 56 16 33
1024 17 139 55 14 36
1024 18 118 58 18 34
1024 19 130 55 14 38
1024 20 145 40 13 31
1024 23 272 48 13 32
1024 24 280 49 11 31
1024 25 292 113 19 47
1024 26 280 113 19 47
1024 27 315 139 17 48
1024 28 323 136 21 52
1024 39 628 317 40 87
1024 40 601 308 44 78
1024 41 428 132 26 48
1024 42 431 138 24 48
1024 43 203 60 12 32
1024 44 210 59 12 33
1024 45 487 88 16 42
1024 46 493 97 13 35
1024 47 484 106 13 30
1024 48 110 105 27 45
1024 49 186 285 36 76
1024 50 349 56 12 30
1025 1 265 248 30 77
1025 2 287 268 27 76
1025 3 257 266 29 75
1025 8 68 18 14 22
1025 9 63 17 14 23
1025 10 60 17 13 22
1025 13 152 34 12 26
1025 14 118 43 15 27
1025 15 150 55 14 32
1025 16 156 56 16 33
1025 17 139 55 13 35
1025 18 118 58 18 34
1025 19 130 55 14 38
1025 20 145 40 13 31
1025 23 272 48 13 32
1025 24 279 49 11 31
1025 25 292 113 18 45
1025 26 280 113 19 46
1025 27 314 139 17 48
1025 28 323 136 21 52
1025 39 627 321 38 83
1025 40 600 308 44 78
1025 41 427 132 28 50
1025 42 434 138 20 48
1025 43 203 60 12 32
1025 44 210 60 12 32
1025 45 486 88 16 42
1025 46 492 97 13 35
1025 47 484 106 13 30
1025 48 109 104 29 46
1025 49 183 282 38 81
1025 50 349 55 12 30
1026 1 265 248 30 77
1026 2 287 268 27 76
1026 3 257 266 29 75
1026 8 68 17 13 20
1026 9 63 17 14 23
1026 10 60 17 13 22
1026 13 152 34 12 26
1026 14 118 43 14 25
1026 15 150 55 14 32
1026 16 156 56 16 34
1026 17 139 55 13 35
1026 18 118 58 18 34
1026 19 130 55 14 38
1026 20 145 40 13 31
1026 23 272 48 13 32
1026 24 279 49 11 31
1026 25 292 113 19 46
1026 26 280 113 19 44
1026 27 314 139 17 48
1026 28 323 136 21 52
1026 39 627 321 38 83
1026 40 600 308 44 79
1026 41 427 132 28 50
1026 42 434 138 20 48
1026 43 203 60 12 32
1026 44 210 60 12 32
1026 45 487 88 16 43
1026 46 492 97 13 35
1026 47 484 106 13 30
1026 48 109 104 29 46
1026 49 183 282 38 81
1026 50 349 56 12 30
1027 1 265 248 30 77
1027 2 287 268 27 76
1027 3 257 266 29 75
1027 8 68 17 13 20
1027 9 63 18 13 23
1027 10 59 17 13 22
1027 13 152 34 12 26
1027 14 118 43 14 25
1027 15 149 54 14 33
1027 16 156 56 16 34
1027 17 138 55 13 32
1027 18 117 58 18 33
1027 19 129 55 14 38
1027 20 145 40 13 31
1027 23 272 48 12 34
1027 24 279 49 11 31
1027 25 292 113 18 45
1027 26 280 113 19 44
1027 27 314 139 17 48
1027 28 322 136 21 53
1027 39 626 321 40 83
1027 40 599 308 45 79
1027 41 426 132 29 48
1027 42 433 138 20 48
1027 43 203 60 12 31
1027 44 210 60 12 32
1027 45 486 87 16 43
1027 46 492 97 13 35
1027 47 483 106 13 30
1027 48 110 104 29 46
1027 49 186 282 35 81
1027 50 349 56 12 30
1028 1 265 248 30 77
1028 2 287 269 27 76
1028 3 257 267 29 75
1028 8 68 17 13 20
1028 9 63 17 13 20
1028 10 59 17 13 22
1028 13 152 34 12 25
1028 14 117 40 15 27
1028 15 149 54 14 33
1028 16 156 56 16 34
1028 17 138 55 13 32
1028 18 117 58 18 33
1028 19 129 55 14 38
1028 20 145 40 13 30
1028 23 272 48 12 34
1028 24 279 49 11 31
1028 25 291 113 19 46
1028 26 279 113 19 44
1028 27 312 138 18 50
1028 28 322 136 21 52
1028 39 624 322 42 84
1028 40 602 309 41 79
1028 41 425 132 29 48
1028 42 432 138 20 48
1028 43 204 60 12 32
1028 44 211 60 12 32
1028 45 485 88 16 42
1028 46 491 97 13 34
1028 47 483 106 13 28
1028 48 110 104 30 47
1028 49 187 282 35 80
1028 50 349 55 12 30
1029 1 265 248 30 76
1029 2 287 269 27 76
1029 3 257 267 29 75
1029 8 68 17 13 20
1029 9 63 17 13 20
1029 10 59 17 13 22
1029 13 152 34 12 25
1029 14 117 40 15 27
1029 15 149 54 14 33
1029 16 155 56 15 33
1029 17 138 55 12 32
1029 18 117 58 18 33
1029 19 129 55 14 38
1029 20 145 40 13 30
1029 23 272 48 12 34
1029 24 279 49 11 31
1029 25 290 113 18 45
1029 26 279 112 19 44
1029 27 312 138 18 50
1029 28 323 136 20 53
1029 39 620 323 48 85
1029 40 600 309 42 79
1029 41 426 132 26 48
1029 42 428 138 23 48
1029 43 203 60 12 32
1029 44 211 60 12 32
1029 45 485 88 15 41
1029 46 490 97 13 34
1029 47 482 106 13 28
1029 48 115 103 25 46
1029 49 187 281 35 82
1029 50 349 56 12 30
1030 1 265 248 30 76
1030 2 286 269 27 76
1030 3 257 267 29 75
1030 8 68 17 13 20
1030 9 63 17 13 20
1030 10 59 17 13 22
1030 13 152 34 12 25
1030 14 117 40 15 27
1030 15 149 53 14 34
1030 16 155 55 16 35
1030 17 138 55 13 32
1030 18 117 58 18 33
1030 19 129 55 14 38
1030 20 145 40 13 30
1030 23 271 48 12 32
1030 24 279 49 11 31
1030 25 290 113 18 45
1030 26 279 112 19 44
1030 27 311 138 18 50
1030 28 323 136 20 53
1030 39 619 324 46 85
1030 40 600 310 42 79
1030 41 425 132 26 48
1030 42 425 138 23 48
1030 43 204 60 13 33
1030 44 211 60 12 32
1030 45 484 88 15 41
1030 46 489 97 13 35
1030 47 481 106 13 28
1030 48 116 103 25 46
1030 49 187 280 35 82
1030 50 349 56 12 30
1031 1 265 248 30 76
1031 2 286 269 27 75
1031 3 257 267 29 75
1031 8 69 18 12 19
1031 9 63 17 13 20
1031 10 59 17 12 21
1031 13 153 33 11 26
1031 14 117 40 15 26
1031 15 149 53 13 35
1031 16 154 55 17 35
1031 17 138 55 13 32
1031 18 116 58 17 33
1031 19 128 55 13 36
1031 20 145 40 13 30
1031 23 271 48 12 32
1031 24 278 49 11 31
1031 25 290 113 18 45
1031 26 278 112 19 45
1031 27 311 138 18 50
1031 28 322 136 20 53
1031 39 618 325 47 85
1031 40 599 311 42 80
1031 41 426 132 22 49
1031 42 422 138 25 48
1031 43 204 60 12 32
1031 44 211 60 12 32
1031 45 484 88 15 41
1031 46 489 97 13 35
1031 47 481 106 13 29
1031 48 118 103 21 45
1031 49 190 279 34 80
1031 50 349 56 12 30
1032 1 265 248 30 76
1032 2 286 269 27 75
1032 3 257 267 29 75
1032 8 68 16 12 20
1032 9 63 15 14 22
1032 10 59 17 12 21
1032 13 153 33 11 26
1032 14 117 40 11 25
1032 15 149 53 13 35
1032 16 155 55 16 35
1032 17 138 55 13 32
1032 18 116 57 17 34
1032 19 128 55 13 36
1032 20 145 40 13 30
1032 23 271 48 12 32
1032 24 278 49 11 31
1032 25 290 113 18 45
1032 26 280 112 17 43
1032 27 311 137 18 50
1032 28 322 136 20 53
1032 39 618 325 50 85
1032 40 600 311 41 82
1032 41 426 132 22 49
1032 42 422 138 25 48
1032 43 204 60 12 32
1032 44 211 60 12 32
1032 45 484 88 15 41
1032 46 489 97 13 35
1032 47 481 106 13 29
1032 48 118 103 21 45
1032 49 191 279 33 80
1032 50 349 56 12 30
1033 1 265 249 30 76
1033 2 286 269 27 75
1033 3 257 267 29 75
1033 8 68 16 12 20
1033 9 63 15 14 22
1033 10 59 17 12 21
1033 13 153 33 11 26
1033 14 117 40 11 25
1033 15 149 53 13 35
1033 16 154 55 16 34
1033 17 138 55 13 32
1033 18 116 58 17 33
1033 19 128 55 13 36
1033 20 145 40 12 30
1033 23 270 48 12 32
1033 24 278 49 11 31
1033 25 290 113 18 45
1033 26 280 112 17 43
1033 27 310 137 18 50
1033 28 322 135 20 53
1033 39 617 326 50 85
1033 40 599 312 41 82
1033 41 425 132 22 49
1033 42 421 138 25 48
1033 43 205 60 12 32
1033 44 212 60 12 32
1033 45 483 87 15 42
1033 46 488 97 13 35
1033 47 481 106 12 28
1033 48 119 103 21 45
1033 49 191 277 34 82
1033 50 349 56 12 30
1034 1 265 249 29 76
1034 2 285 269 27 75
1034 3 257 267 28 75
1034 8 68 16 12 20
1034 9 63 15 14 22
1034 10 59 17 12 21
1034 13 153 33 11 26
1034 14 117 40 11 25
1034 15 149 53 13 35
1034 16 154 55 16 34
1034 17 138 55 13 32
1034 18 116 58 17 33
1034 19 128 55 13 36
1034 20 145 40 12 30
1034 23 270 48 12 32
1034 24 278 49 11 31
1034 25 290 112 18 45
1034 26 279 112 17 43
1034 27 310 137 18 50
1034 28 322 135 20 53
1034 39 618 327 49 85
1034 40 599 312 41 83
1034 41 425 129 19 50
1034 42 420 138 27 50
1034 43 205 60 12 32
1034 44 212 60 12 32
1034 45 483 88 15 41
1034 46 488 97 13 35
1034 47 481 106 12 28
1034 48 123 104 19 45
1034 49 191 276 34 83
1034 50 349 56 12 30
1035 1 265 250 29 75
1035 2 285 270 27 75
1035 3 257 267 28 75
1035 8 68 16 12 20
1035 9 63 15 14 22
1035 10 59 17 12 21
1035 13 153 33 11 26
1035 14 117 40 11 25
1035 15 148 53 14 34
1035 16 152 55 17 33
1035 17 138 55 13 32
1035 18 116 57 17 34
1035 19 127 54 13 37
1035 23 270 48 12 32
1035 24 278 49 11 31
1035 25 290 112 18 45
1035 26 279 112 17 44
1035 27 267 0 10 13
1035 27 309 136 18 51
1035 28 321 134 20 54
1035 39 617 328 49 85
1035 40 596 313 42 82
1035 41 424 129 19 50
1035 42 419 138 27 51
1035 43 205 60 12 32
1035 44 212 60 12 32
1035 45 482 89 14 40
1035 46 488 97 13 35
1035 47 480 106 13 28
1035 48 124 104 19 45
1035 49 191 273 33 83
1035 50 349 56 12 30
1036 1 265 250 29 75
1036 2 285 270 27 75
1036 3 257 267 28 74
1036 8 68 16 12 20
1036 9 63 15 14 22
1036 10 59 17 12 21
1036 13 152 33 11 26
1036 14 113 40 12 27
1036 15 148 53 14 34
1036 16 154 55 16 34
1036 17 136 54 14 32
1036 18 116 57 17 34
1036 19 127 54 13 33
1036 23 270 47 12 32
1036 24 277 47 12 32
1036 25 289 112 18 46
1036 26 279 112 17 44
1036 27 267 0 10 13
1036 27 309 136 18 48
1036 28 321 134 20 52
1036 39 617 329 48 85
1036 40 595 314 42 82
1036 41 423 129 19 51
1036 42 418 138 28 49
1036 43 205 60 12 32
1036 44 212 60 12 32
1036 45 481 88 14 41
1036 46 487 97 13 35
1036 47 479 106 13 28
1036 48 125 104 25 45
1036 49 191 272 33 77
1036 50 349 56 12 30
1037 1 265 250 29 75
1037 2 284 270 27 75
1037 3 257 267 29 75
1037 8 68 16 12 20
1037 9 63 15 14 22
1037 10 58 16 12 22
1037 13 151 33 12 26
1037 14 113 40 12 27
1037 15 148 53 14 33
1037 16 152 55 17 34
1037 17 136 54 14 33
1037 18 115 57 15 34
1037 19 127 54 13 33
1037 23 268 47 13 33
1037 24 277 47 12 33
1037 25 291 111 17 47
1037 26 277 112 18 44
1037 27 267 0 10 13
1037 27 309 136 18 48
1037 28 320 133 21 56
1037 39 616 329 47 84
1037 40 595 314 42 82
1037 41 421 130 20 50
1037 42 417 138 28 49
1037 43 205 60 13 32
1037 44 212 60 12 33
1037 45 481 88 14 41
1037 46 487 97 13 34
1037 47 478 106 13 28
1037 48 126 104 25 44
1037 49 191 271 35 78
1037 50 349 56 12 30
1038 1 265 250 29 75
1038 2 284 270 27 75
1038 3 257 267 29 75
1038 8 68 16 12 20
1038 9 63 15 14 22
1038 10 58 16 12 22
1038 13 151 33 12 26
1038 14 113 40 12 27
1038 15 148 53 14 33
1038 16 152 55 17 34
1038 17 136 54 14 33
1038 18 115 57 15 34
1038 19 127 54 13 33
1038 23 268 47 13 33
1038 24 277 47 12 33
1038 25 291 111 17 47
1038 26 277 112 18 44
1038 27 267 0 10 13
1038 27 309 136 18 48
1038 28 320 133 20 53
1038 39 616 329 47 84
1038 40 595 314 42 82
1038 41 420 130 21 50
1038 42 417 138 28 49
1038 43 205 60 13 32
1038 44 212 61 12 32
1038 45 481 89 14 40
1038 46 487 97 13 34
1038 47 478 105 13 29
1038 48 125 105 25 44
1038 49 191 271 35 78
1038 50 349 56 12 30
1039 1 265 250 29 74
1039 2 284 270 26 74
1039 3 257 267 29 75
1039 8 67 15 12 21
1039 9 63 15 14 22
1039 10 58 17 12 21
1039 13 151 33 12 26
1039 14 113 40 12 27
1039 15 147 53 14 34
1039 16 152 55 17 34
1039 17 136 54 14 33
1039 18 115 57 15 34
1039 19 127 54 13 34
1039 23 268 47 13 32
1039 24 276 47 12 33
1039 25 291 111 17 47
1039 26 277 112 18 44
1039 27 267 0 10 13
1039 27 308 135 18 48
1039 28 320 133 20 53
1039 39 614 330 47 84
1039 40 594 315 42 82
1039 41 416 130 24 50
1039 42 416 138 28 48
1039 43 205 60 12 32
1039 44 212 60 12 33
1039 45 481 89 14 39
1039 46 486 97 13 34
1039 47 477 105 14 31
1039 48 126 105 25 44
1039 49 191 270 35 79
1039 50 349 56 12 30
1040 1 265 251 29 74
1040 2 284 270 26 74
1040 3 257 267 29 75
1040 8 67 15 12 21
1040 9 62 15 14 22
1040 10 58 17 12 21
1040 13 151 33 12 26
1040 14 111 42 14 27
1040 15 147 53 14 33
1040 16 152 55 17 34
1040 17 136 53 14 33
1040 18 115 57 15 34
1040 19 127 54 13 34
1040 23 268 47 13 32
1040 24 276 47 11 31
1040 25 291 111 17 47
1040 26 276 112 18 44
1040 27 267 0 10 13
1040 27 308 135 18 48
1040 28 319 132 20 53
1040 39 613 330 48 85
1040 40 594 315 42 82
1040 41 415 130 24 49
1040 42 419 138 19 48
1040 43 206 61 12 32
1040 44 212 60 12 33
1040 45 479 88 16 41
1040 46 486 97 13 34
1040 47 477 105 14 31
1040 48 127 105 25 44
1040 49 194 269 33 80
1040 50 349 56 12 30
1041 1 265 251 29 74
1041 2 284 270 26 74
1041 3 257 268 28 74
1041 8 67 15 12 21
1041 9 62 15 14 22
1041 10 58 17 12 21
1041 13 151 33 12 26
1041 14 111 42 14 27
1041 15 147 53 14 33
1041 16 152 55 17 34
1041 17 135 53 14 33
1041 18 115 57 15 34
1041 19 126 53 13 34
1041 23 268 47 13 32
1041 24 275 47 12 30
1041 25 290 110 17 47
1041 26 276 111 18 45
1041 27 267 0 10 13
1041 27 308 135 18 49
1041 28 319 132 20 54
1041 39 617 330 44 86
1041 40 593 316 42 81
1041 41 414 130 25 49
1041 42 418 137 19 49
1041 43 206 61 12 32
1041 44 213 61 12 33
1041 45 479 88 16 41
1041 46 485 97 12 34
1041 47 476 105 14 31
1041 48 127 106 26 43
1041 49 194 269 33 80
1041 50 349 56 12 30
1042 1 265 251 29 74
1042 2 284 270 26 74
1042 3 257 267 29 75
1042 8 67 15 12 21
1042 9 63 14 13 23
1042 10 58 17 12 21
1042 13 150 33 12 26
1042 14 111 42 14 27
1042 15 146 53 14 34
1042 16 152 55 17 34
1042 17 135 53 14 34
1042 18 114 56 15 36
1042 19 126 53 13 34
1042 23 267 47 13 32
1042 24 275 47 12 30
1042 25 290 110 17 45
1042 26 275 111 18 45
1042 27 267 0 10 13
1042 27 308 134 18 49
1042 28 319 132 19 52
1042 39 616 330 44 86
1042 40 592 316 43 83
1042 41 412 130 26 48
1042 42 417 137 19 49
1042 43 206 61 12 32
1042 44 213 61 12 32
1042 45 477 88 17 41
1042 46 485 96 13 34
1042 47 476 105 14 31
1042 48 129 106 25 43
1042 49 195 268 34 78
1042 50 349 56 12 30
1043 1 265 251 29 73
1043 2 284 271 26 74
1043 3 257 267 29 75
1043 8 67 15 12 21
1043 9 63 14 13 23
1043 10 57 17 12 21
1043 13 150 33 12 25
1043 14 112 42 14 26
1043 15 146 53 14 34
1043 16 151 55 17 34
1043 17 135 53 14 34
1043 18 114 55 15 36
1043 19 126 53 13 34
1043 23 267 47 13 32
1043 24 275 47 12 30
1043 25 290 110 17 45
1043 26 275 111 18 44
1043 27 267 0 10 13
1043 27 308 134 18 49
1043 28 319 132 20 53
1043 39 616 331 44 86
1043 40 590 317 43 83
1043 41 412 131 26 48
1043 42 416 137 18 49
1043 43 206 61 12 32
1043 44 213 61 12 32
1043 45 477 88 17 41
1043 46 484 96 12 34
1043 47 475 105 14 30
1043 48 130 106 25 43
1043 49 196 268 34 78
1043 50 349 56 12 30
1044 1 265 251 29 73
1044 2 285 273 25 71
1044 3 257 267 29 75
1044 8 67 15 12 21
1044 9 63 14 13 23
1044 10 58 17 12 21
1044 13 150 33 12 25
1044 14 109 42 14 26
1044 15 146 53 14 34
1044 16 151 55 17 34
1044 17 135 53 14 33
1044 18 114 56 15 36
1044 19 126 53 13 34
1044 23 267 47 13 32
1044 24 275 47 12 30
1044 25 290 110 17 45
1044 26 275 111 18 45
1044 27 267 0 10 13
1044 27 306 135 18 48
1044 28 319 131 21 54
1044 39 616 331 44 86
1044 40 590 317 43 81
1044 41 412 131 26 48
1044 42 416 137 18 49
1044 43 206 61 12 32
1044 44 213 61 12 32
1044 45 477 88 17 41
1044 46 481 96 14 34
1044 47 475 105 14 31
1044 48 130 106 25 43
1044 49 196 268 34 78
1044 50 349 56 12 30
1045 1 265 251 29 73
1045 2 284 271 26 74
1045 3 256 266 29 75
1045 8 65 14 13 22
1045 9 63 14 13 23
1045 10 57 17 12 21
1045 13 150 33 12 25
1045 14 109 42 14 26
1045 15 146 53 14 34
1045 16 151 55 17 34
1045 17 134 53 14 34
1045 18 113 55 15 36
1045 19 125 54 13 34
1045 23 267 47 13 32
1045 24 274 47 12 30
1045 25 290 110 17 45
1045 26 274 111 18 45
1045 27 267 0 10 13
1045 27 306 135 18 48
1045 28 319 131 19 54
1045 39 615 332 44 86
1045 40 589 317 42 81
1045 41 412 132 26 48
1045 42 414 138 18 49
1045 43 206 61 12 32
1045 44 213 61 12 32
1045 45 476 88 17 40
1045 46 480 96 14 34
1045 47 474 104 14 30
1045 48 131 106 25 43
1045 49 196 266 34 79
1045 50 349 56 12 30
1046 1 265 251 28 76
1046 2 284 271 26 74
1046 3 257 268 28 73
1046 8 65 14 13 22
1046 9 63 14 13 23
1046 10 57 17 12 21
1046 13 150 33 12 25
1046 14 109 42 14 26
1046 15 145 53 14 34
1046 16 151 53 17 36
1046 17 135 53 14 33
1046 18 113 55 15 34
1046 19 125 53 14 34
1046 23 266 47 13 32
1046 24 274 47 12 30
1046 25 289 110 17 45
1046 26 274 110 18 44
1046 27 267 0 10 13
1046 27 306 135 18 48
1046 28 319 131 19 54
1046 39 615 332 44 90
1046 40 589 318 44 79
1046 41 411 132 26 48
1046 42 409 138 24 48
1046 43 206 61 12 32
1046 44 214 61 12 32
1046 45 476 88 17 40
1046 46 480 96 14 34
1046 47 473 104 14 30
1046 48 133 106 23 43
1046 49 197 265 35 79
1046 50 349 56 12 30
1047 1 265 251 28 76
1047 2 283 271 26 74
1047 3 256 267 29 75
1047 8 65 14 13 22
1047 9 63 14 13 23
1047 10 58 17 12 21
1047 13 150 33 12 25
1047 14 109 42 14 26
1047 15 145 53 14 34
1047 16 151 53 17 36
1047 17 134 53 14 34
1047 18 113 55 15 34
1047 19 125 53 14 35
1047 23 266 47 13 32
1047 24 274 47 12 30
1047 25 289 110 17 45
1047 26 273 110 18 44
1047 27 267 0 10 13
1047 27 305 135 18 48
1047 28 318 131 19 53
1047 39 613 333 45 90
1047 40 588 319 43 79
1047 41 409 132 27 48
1047 42 408 138 24 48
1047 43 207 62 12 31
1047 44 214 63 12 31
1047 45 475 87 16 39
1047 46 480 96 14 35
1047 47 473 104 14 30
1047 48 134 106 23 43
1047 49 198 264 34 78
1047 50 349 56 12 30
1048 1 265 251 28 76
1048 2 283 271 26 73
1048 3 257 267 29 75
1048 8 64 11 13 25
1048 9 62 14 13 23
1048 10 62 16 13 22
1048 13 149 33 12 25
1048 14 109 42 14 26
1048 15 145 52 14 34
1048 16 151 53 16 33
1048 17 134 53 14 34
1048 18 113 55 15 35
1048 19 125 53 14 35
1048 23 266 47 13 32
1048 24 274 47 12 30
1048 25 289 110 17 45
1048 26 272 110 19 47
1048 27 267 0 10 13
1048 27 305 135 18 47
1048 28 318 131 19 53
1048 39 609 334 49 91
1048 40 587 320 43 79
1048 41 411 132 20 48
1048 42 403 139 29 47
1048 43 207 62 12 31
1048 44 214 63 12 31
1048 45 475 87 17 41
1048 46 479 95 14 35
1048 47 472 104 14 30
1048 48 135 103 24 47
1048 49 198 262 35 81
1048 50 349 56 12 30
1049 1 265 251 28 76
1049 2 283 271 26 74
1049 3 256 266 29 75
1049 8 64 11 13 25
1049 9 62 14 13 23
1049 10 57 16 12 22
1049 13 149 33 12 25
1049 14 109 41 14 25
1049 15 145 52 14 34
1049 16 151 53 16 33
1049 17 134 53 15 34
1049 18 112 54 15 35
1049 19 124 53 14 35
1049 23 266 47 13 32
1049 24 273 47 12 29
1049 25 289 110 17 45
1049 26 272 110 19 47
1049 27 267 0 10 13
1049 27 305 134 18 47
1049 28 318 131 19 53
1049 39 608 335 49 90
1049 40 583 320 47 80
1049 41 409 132 21 48
1049 42 402 139 29 47
1049 43 207 62 12 31
1049 44 214 63 12 30
1049 45 474 87 17 41
1049 46 478 95 14 34
1049 47 472 104 14 30
1049 48 138 103 22 47
1049 49 200 261 33 77
1049 50 349 56 12 30
1050 1 265 251 28 76
1050 2 282 270 27 77
1050 3 256 266 29 75
1050 8 64 14 13 24
1050 9 62 14 13 23
1050 10 57 16 12 22
1050 13 149 33 12 25
1050 14 109 41 12 26
1050 15 145 52 14 34
1050 16 151 53 16 33
1050 17 134 53 15 34
1050 18 112 54 15 35
1050 19 124 53 14 35
1050 23 266 47 13 32
1050 24 273 47 12 29
1050 25 289 110 17 45
1050 26 272 110 19 44
1050 27 267 0 10 13
1050 27 305 134 18 47
1050 28 318 131 19 53
1050 39 608 335 49 91
1050 40 583 320 47 80
1050 41 409 132 19 48
1050 42 402 139 29 47
1050 43 207 62 12 31
1050 44 214 63 12 30
1050 45 474 87 16 40
1050 46 477 95 14 39
1050 47 472 106 13 28
1050 48 138 103 22 47
1050 49 200 262 34 76
1050 50 349 56 12 30
1051 1 265 251 28 76
1051 2 283 271 27 75
1051 3 256 266 29 75
1051 8 64 14 13 24
1051 9 62 14 13 23
1051 10 57 16 12 22
1051 13 149 33 12 25
1051 14 109 41 12 26
1051 15 144 52 14 34
1051 16 151 53 16 33
1051 17 133 53 14 34
1051 18 112 54 15 35
1051 19 124 53 14 35
1051 23 265 47 14 31
1051 24 273 47 11 29
1051 25 288 109 17 44
1051 26 272 110 19 44
1051 27 267 0 10 13
1051 27 304 134 18 48
1051 28 318 131 18 52
1051 39 608 336 49 90
1051 40 582 321 47 80
1051 41 408 132 19 48
1051 42 401 139 29 47
1051 43 207 62 12 31
1051 44 214 63 12 31
1051 45 474 87 16 40
1051 46 477 95 14 39
1051 47 472 106 14 24
1051 48 139 103 22 47
1051 49 200 261 34 77
1051 50 349 56 12 30
1052 1 265 251 28 76
1052 2 282 271 27 75
1052 3 256 266 29 75
1052 8 64 14 13 24
1052 9 61 14 13 23
1052 10 57 16 12 22
1052 13 149 33 12 25
1052 14 109 41 12 26
1052 15 144 52 14 35
1052 16 151 53 16 33
1052 17 133 53 14 34
1052 18 112 54 16 35
1052 19 124 51 14 37
1052 23 265 47 14 31
1052 24 273 47 11 29
1052 25 287 109 17 45
1052 26 271 110 19 44
1052 27 267 0 10 13
1052 27 304 133 18 49
1052 28 316 130 19 52
1052 39 607 337 49 90
1052 40 582 321 47 80
1052 41 407 132 19 49
1052 42 400 139 29 47
1052 43 207 62 12 31
1052 44 215 63 12 31
1052 45 473 87 17 40
1052 46 476 95 14 39
1052 47 472 106 14 24
1052 48 139 103 26 46
1052 49 200 259 36 74
1052 50 349 56 12 30
1053 1 265 251 28 76
1053 2 283 271 26 74
1053 3 256 266 29 75
1053 8 64 14 13 24
1053 9 62 14 13 23
1053 10 55 16 13 22
1053 13 149 33 12 25
1053 14 108 41 12 26
1053 15 144 52 14 35
1053 16 150 53 16 32
1053 17 133 52 15 34
1053 18 111 54 16 35
1053 19 124 51 14 37
1053 23 264 47 14 31
1053 24 273 47 12 29
1053 25 287 109 17 45
1053 26 271 110 19 44
1053 27 267 0 10 13
1053 27 307 133 15 47
1053 28 316 130 19 52
1053 39 607 338 49 90
1053 40 581 322 48 81
1053 41 406 132 19 49
1053 42 399 139 29 47
1053 43 207 62 12 32
1053 44 215 63 12 31
1053 45 472 87 17 40
1053 46 476 95 14 39
1053 47 471 106 14 24
1053 48 140 103 26 46
1053 49 200 258 36 74
1053 50 349 56 12 30
1054 1 265 251 28 76
1054 2 283 271 26 74
1054 3 256 266 27 75
1054 8 63 14 13 24
1054 9 61 14 13 24
1054 10 55 16 13 22
1054 13 147 31 13 27
1054 14 108 41 12 26
1054 15 143 52 15 34
1054 16 150 53 16 32
1054 17 133 52 15 35
1054 18 111 54 16 35
1054 19 124 54 13 34
1054 23 264 47 14 31
1054 24 272 46 12 30
1054 25 287 108 17 46
1054 26 271 110 19 44
1054 27 267 0 10 13
1054 27 307 133 15 47
1054 28 315 130 19 52
1054 39 606 339 47 89
1054 40 579 323 47 80
1054 41 402 132 22 49
1054 42 399 139 29 48
1054 43 208 62 12 32
1054 44 215 63 12 31
1054 45 472 87 17 41
1054 46 476 95 14 39
1054 47 471 106 14 24
1054 48 140 103 28 47
1054 49 202 258 34 75
1054 50 349 56 12 30
1055 1 265 251 28 76
1055 2 283 271 26 74
1055 3 256 266 27 75
1055 8 63 14 13 24
1055 9 61 14 13 24
1055 10 55 16 13 22
1055 13 147 31 13 27
1055 14 107 41 12 26
1055 15 143 52 15 34
1055 16 150 53 16 32
1055 17 133 52 15 35
1055 18 111 54 16 35
1055 19 122 51 15 38
1055 23 264 47 14 31
1055 24 272 46 12 30
1055 25 286 108 17 46
1055 26 271 110 19 44
1055 27 267 0 10 13
1055 27 306 132 15 47
1055 28 315 129 19 52
1055 39 606 339 47 89
1055 40 578 323 47 80
1055 41 398 132 26 48
1055 42 401 138 24 49
1055 43 208 62 12 32
1055 44 215 63 12 31
1055 45 471 87 17 40
1055 46 474 95 15 38
1055 47 471 106 14 24
1055 48 141 103 28 47
1055 49 202 258 34 75
1055 50 349 56 12 30
1056 1 265 251 28 76
1056 2 283 271 26 74
1056 3 256 266 27 75
1056 8 63 14 13 24
1056 9 61 14 13 24
1056 10 55 16 13 22
1056 13 147 31 13 27
1056 14 107 41 13 27
1056 15 143 52 15 34
1056 16 150 53 16 32
1056 17 133 52 15 35
1056 18 111 54 16 35
1056 19 122 51 15 38
1056 23 264 47 14 31
1056 24 272 46 12 30
1056 25 287 109 16 43
1056 26 270 110 19 44
1056 27 267 0 10 13
1056 27 306 132 15 47
1056 28 315 129 19 52
1056 39 606 339 47 89
1056 40 578 323 47 83
1056 41 398 132 26 48
1056 42 401 138 24 49
1056 43 208 62 12 32
1056 44 215 63 12 31
1056 45 471 87 18 40
1056 46 474 95 15 38
1056 47 471 106 14 24
1056 48 141 105 28 45
1056 49 202 258 34 75
1056 50 349 56 12 30
1057 1 267 252 26 81
1057 2 282 272 26 74
1057 3 256 266 27 75
1057 8 63 14 13 24
1057 9 60 14 13 24
1057 10 55 16 13 22
1057 13 147 31 13 27
1057 14 107 41 13 27
1057 15 143 52 14 33
1057 16 150 53 16 32
1057 17 132 52 15 35
1057 18 111 54 15 35
1057 19 122 51 15 38
1057 23 264 47 14 31
1057 24 271 46 12 30
1057 25 286 108 17 45
1057 26 270 109 19 44
1057 27 267 0 10 13
1057 27 306 132 15 48
1057 28 315 129 19 52
1057 39 604 340 48 89
1057 40 577 323 47 83
1057 41 397 132 26 47
1057 42 400 138 24 49
1057 43 208 62 13 32
1057 44 215 63 12 31
1057 45 472 87 16 40
1057 46 474 95 15 38
1057 47 471 107 14 24
1057 48 142 105 28 45
1057 49 203 256 34 77
1057 50 349 56 12 30
1058 1 267 252 28 76
1058 2 284 272 26 73
1058 3 256 266 27 75
1058 8 63 14 13 24
1058 9 60 14 14 24
1058 10 55 16 13 22
1058 13 146 31 13 27
1058 14 107 41 13 27
1058 15 143 52 14 33
1058 16 149 53 16 33
1058 17 133 51 14 35
1058 18 110 54 15 35
1058 19 121 54 15 31
1058 23 263 47 14 32
1058 24 271 46 12 31
1058 25 286 108 17 44
1058 26 270 110 18 43
1058 27 267 0 10 13
1058 27 306 131 15 47
1058 28 314 128 20 53
1058 39 606 341 47 88
1058 40 577 324 47 83
1058 41 396 132 27 48
1058 42 399 138 19 47
1058 43 208 62 13 33
1058 44 216 63 12 32
1058 45 472 87 16 40
1058 46 473 95 15 38
1058 47 470 107 14 24
1058 48 143 105 28 46
1058 49 203 255 34 77
1058 50 349 56 12 30
1059 1 267 252 28 76
1059 2 284 272 26 73
1059 3 256 266 27 75
1059 8 62 14 13 24
1059 9 60 13 13 24
1059 10 54 16 13 22
1059 13 146 31 13 26
1059 14 107 41 13 26
1059 15 143 52 14 33
1059 16 149 53 16 33
1059 17 132 52 15 36
1059 18 110 54 16 33
1059 19 121 54 15 31
1059 23 263 47 12 30
1059 24 271 46 12 31
1059 25 286 108 17 44
1059 26 270 109 19 44
1059 27 267 0 10 13
1059 27 306 131 15 48
1059 28 314 128 20 53
1059 39 603 340 48 89
1059 40 576 325 47 83
1059 41 395 132 27 48
1059 42 398 138 19 47
1059 43 208 62 13 33
1059 44 216 63 12 31
1059 45 471 87 16 40
1059 46 473 95 15 38
1059 47 469 106 14 24
1059 48 144 103 26 47
1059 49 203 254 35 78
1059 50 349 56 12 30
1060 1 267 252 28 76
1060 2 283 272 26 74
1060 3 256 266 27 75
1060 8 62 14 13 24
1060 9 60 13 12 23
1060 10 54 16 13 22
1060 13 146 31 13 27
1060 14 106 40 13 27
1060 15 142 52 13 33
1060 16 148 53 16 33
1060 17 131 52 15 35
1060 18 110 54 16 33
1060 19 121 54 15 31
1060 23 263 47 12 30
1060 24 271 46 12 30
1060 25 285 107 17 45
1060 26 269 109 19 45
1060 27 267 0 10 13
1060 27 304 133 16 45
1060 28 313 128 20 50
1060 39 607 341 43 88
1060 40 577 327 43 82
1060 41 395 132 28 49
1060 42 397 138 19 48
1060 43 208 62 12 32
1060 44 217 63 12 31
1060 45 470 87 16 40
1060 46 472 95 15 38
1060 47 469 106 11 24
1060 48 145 103 26 46
1060 49 205 253 31 74
1060 50 349 56 12 30
1061 1 268 252 32 76
1061 2 284 273 26 73
1061 3 256 266 27 76
1061 8 62 14 13 24
1061 9 60 13 13 24
1061 10 54 16 13 22
1061 13 146 31 13 26
1061 14 106 40 13 27
1061 15 141 52 14 33
1061 16 148 53 16 32
1061 17 131 53 14 33
1061 18 110 54 16 33
1061 19 121 54 15 32
1061 23 263 47 12 30
1061 24 271 46 12 30
1061 25 285 107 17 44
1061 26 269 109 18 42
1061 27 267 0 10 13
1061 27 304 133 16 45
1061 28 313 128 20 50
1061 39 607 341 43 88
1061 40 576 328 43 82
1061 41 394 132 28 49
1061 42 396 138 19 48
1061 43 208 62 12 32
1061 44 216 63 12 31
1061 45 470 87 16 40
1061 46 472 95 15 38
1061 47 469 106 11 24
1061 48 151 103 21 47
1061 49 205 252 31 77
1061 50 348 56 12 30
1062 1 268 252 32 76
1062 2 283 272 26 74
1062 3 256 266 27 76
1062 8 62 14 13 24
1062 9 60 13 13 24
1062 10 54 16 13 22
1062 13 145 31 14 28
1062 14 106 40 13 27
1062 15 141 52 14 33
1062 16 148 53 16 32
1062 17 131 53 14 34
1062 18 110 54 16 33
1062 19 121 54 15 32
1062 23 261 47 14 30
1062 24 271 46 12 30
1062 25 285 107 17 44
1062 26 269 109 18 42
1062 27 267 0 10 13
1062 27 304 133 16 45
1062 28 313 128 20 50
1062 39 607 341 43 88
1062 40 576 328 43 82
1062 41 394 132 28 49
1062 42 395 138 19 48
1062 43 208 62 12 32
1062 44 216 63 12 31
1062 45 468 87 18 40
1062 46 472 95 15 38
1062 47 469 106 11 24
1062 48 151 103 21 47
1062 49 205 252 31 77
1062 50 348 56 12 30
1063 1 268 252 32 76
1063 2 285 274 26 72
1063 3 256 266 27 76
1063 8 62 14 13 24
1063 9 63 14 13 23
1063 10 56 14 13 24
1063 13 145 31 14 28
1063 14 106 40 13 27
1063 15 141 52 14 33
1063 16 148 52 16 33
1063 17 131 52 15 34
1063 18 110 53 16 33
1063 19 120 52 15 33
1063 23 261 47 14 30
1063 24 270 46 12 30
1063 25 285 108 18 46
1063 26 269 109 18 42
1063 27 267 0 10 13
1063 27 304 133 16 45
1063 28 313 128 20 49
1063 39 603 342 45 85
1063 40 576 329 43 81
1063 41 393 132 28 49
1063 42 396 138 19 47
1063 43 209 63 12 31
1063 44 217 64 12 31
1063 45 467 87 18 40
1063 46 471 95 15 37
1063 47 468 106 11 24
1063 48 152 103 19 47
1063 49 205 251 31 77
1063 50 348 56 12 30
1064 1 269 252 32 76
1064 2 284 272 26 74
1064 3 256 266 27 76
1064 8 62 14 13 24
1064 9 59 13 12 23
1064 10 56 14 13 24
1064 13 145 31 14 28
1064 14 106 40 13 27
1064 15 141 52 14 33
1064 16 147 52 16 32
1064 17 131 52 15 34
1064 18 109 53 16 34
1064 19 120 52 15 33
1064 23 261 47 14 30
1064 24 268 46 13 30
1064 25 285 108 18 46
1064 26 269 109 18 42
1064 27 267 0 10 13
1064 27 303 133 16 45
1064 28 312 128 20 50
1064 39 602 343 45 85
1064 40 575 329 43 82
1064 41 394 132 26 51
1064 42 388 138 26 50
1064 43 209 63 12 31
1064 44 217 64 12 31
1064 45 468 87 17 40
1064 46 470 95 15 37
1064 47 468 106 11 24
1064 48 153 103 19 48
1064 49 205 249 32 73
1064 50 348 56 12 30
1065 1 269 252 32 76
1065 2 284 273 26 73
1065 3 256 266 27 76
1065 8 61 14 13 24
1065 9 59 13 12 23
1065 10 54 14 13 24
1065 13 144 31 14 28
1065 14 106 40 13 26
1065 15 140 52 14 33
1065 16 147 52 16 33
1065 17 132 54 15 33
1065 18 109 53 16 34
1065 19 119 52 16 33
1065 23 260 47 14 30
1065 24 268 46 13 30
1065 25 285 108 18 46
1065 26 268 108 20 45
1065 27 267 0 10 13
1065 27 303 133 16 45
1065 28 312 128 20 50
1065 39 597 344 49 87
1065 40 574 330 45 84
1065 41 393 132 26 51
1065 42 387 138 26 50
1065 43 210 64 12 31
1065 44 217 64 12 31
1065 45 467 87 17 40
1065 46 470 95 15 37
1065 47 468 106 11 24
1065 48 155 103 19 48
1065 49 205 248 32 74
1065 50 348 56 12 30
1066 1 269 252 32 77
1066 2 286 275 25 71
1066 3 256 266 27 76
1066 8 61 14 13 24
1066 9 59 13 12 23
1066 10 54 14 13 24
1066 13 144 31 14 29
1066 14 106 40 13 26
1066 15 140 52 14 33
1066 16 147 52 15 32
1066 17 132 54 15 33
1066 18 109 53 16 34
1066 19 119 52 16 33
1066 23 260 47 14 30
1066 24 268 46 13 29
1066 25 285 108 18 46
1066 26 267 108 20 42
1066 27 267 0 10 13
1066 27 303 133 16 45
1066 28 312 128 20 49
1066 39 596 345 49 87
1066 40 573 331 45 84
1066 41 391 132 24 49
1066 42 386 138 26 51
1066 43 210 64 12 33
1066 44 217 64 12 31
1066 45 469 87 15 40
1066 46 469 94 14 37
1066 47 468 105 11 24
1066 48 156 103 23 46
1066 49 205 246 34 76
1066 50 348 56 12 30
1067 1 270 252 32 76
1067 2 285 273 26 74
1067 3 256 266 27 76
1067 8 61 14 13 24
1067 9 59 13 12 23
1067 10 54 14 13 24
1067 13 143 29 15 30
1067 14 105 40 14 25
1067 15 139 52 14 31
1067 16 147 52 16 32
1067 17 132 54 15 33
1067 18 109 53 16 33
1067 19 119 52 16 34
1067 23 260 47 14 29
1067 24 267 46 13 29
1067 25 284 108 18 44
1067 26 267 108 20 42
1067 27 267 0 10 13
1067 27 302 132 16 45
1067 28 311 128 20 49
1067 39 593 346 51 86
1067 40 574 331 43 84
1067 41 390 133 24 48
1067 42 385 138 28 49
1067 43 210 64 12 33
1067 44 218 64 12 31
1067 45 468 87 15 40
1067 46 468 94 15 37
1067 47 467 105 11 25
1067 48 157 103 23 46
1067 49 205 245 34 77
1067 50 348 56 12 30
1068 1 270 252 32 76
1068 2 285 273 26 74
1068 3 256 266 27 76
1068 8 62 14 13 23
1068 9 58 15 12 21
1068 10 54 14 13 24
1068 13 143 29 15 30
1068 14 105 40 14 25
1068 15 139 52 14 31
1068 16 147 52 16 32
1068 17 132 54 15 33
1068 18 109 53 16 33
1068 19 119 52 16 34
1068 23 260 47 14 29
1068 24 267 46 13 29
1068 25 284 108 18 44
1068 26 267 108 20 42
1068 27 267 0 10 13
1068 27 302 132 16 45
1068 28 311 128 20 49
1068 39 593 346 51 86
1068 40 574 331 43 84
1068 41 393 132 18 49
1068 42 385 138 28 49
1068 43 210 64 12 33
1068 44 218 64 12 31
1068 45 468 87 15 40
1068 46 468 94 15 37
1068 47 467 105 11 24
1068 48 157 103 23 46
1068 49 205 245 35 76
1068 50 348 56 12 30
1069 1 270 252 32 76
1069 2 286 275 25 71
1069 3 256 266 27 76
1069 8 62 14 13 24
1069 9 58 15 12 21
1069 10 54 14 13 24
1069 13 143 31 14 28
1069 14 105 40 14 25
1069 15 139 52 14 31
1069 16 146 52 16 32
1069 17 132 54 15 33
1069 18 109 53 16 33
1069 19 119 52 16 34
1069 23 259 47 14 29
1069 24 267 46 13 29
1069 25 284 108 18 44
1069 26 268 108 18 43
1069 27 267 0 10 13
1069 27 302 132 16 45
1069 28 311 127 20 50
1069 39 592 347 50 86
1069 40 573 332 43 84
1069 41 392 132 18 50
1069 42 384 138 28 49
1069 43 211 64 12 33
1069 44 218 64 12 31
1069 45 468 87 15 40
1069 46 468 94 15 37
1069 47 466 105 11 25
1069 48 156 103 28 46
1069 49 208 245 32 76
1069 50 348 56 12 31
1070 1 270 252 32 77
1070 2 287 277 24 69
1070 3 256 266 27 76
1070 8 62 13 13 24
1070 9 58 15 12 21
1070 10 54 14 13 24
1070 13 143 31 14 28
1070 14 105 40 14 25
1070 15 139 52 14 31
1070 16 146 52 16 32
1070 17 132 54 15 32
1070 18 109 53 16 33
1070 19 119 52 16 34
1070 23 259 47 14 30
1070 24 267 46 13 29
1070 25 283 108 20 44
1070 26 268 108 18 43
1070 27 267 0 10 13
1070 27 301 131 15 45
1070 28 311 127 20 49
1070 39 592 348 51 86
1070 40 573 333 43 84
1070 41 391 132 18 49
1070 42 383 138 28 50
1070 43 211 64 12 33
1070 44 218 64 12 31
1070 45 467 87 15 40
1070 46 467 94 15 37
1070 47 466 105 11 24
1070 48 157 103 28 46
1070 49 208 245 32 76
1070 50 348 56 12 31
1071 1 271 252 32 76
1071 2 287 277 24 68
1071 3 256 266 27 76
1071 8 62 14 13 25
1071 9 58 15 12 21
1071 10 54 14 13 24
1071 13 143 31 14 28
1071 14 105 40 14 25
1071 15 137 52 15 31
1071 16 146 52 16 32
1071 17 132 51 14 32
1071 18 109 53 16 33
1071 19 118 52 16 34
1071 23 259 47 14 30
1071 24 266 45 13 30
1071 25 283 108 20 44
1071 26 267 108 18 43
1071 27 267 0 10 13
1071 27 301 131 15 46
1071 28 310 127 20 49
1071 39 591 349 50 85
1071 40 572 334 43 83
1071 41 389 133 19 50
1071 42 385 138 25 49
1071 43 211 64 12 33
1071 44 218 64 12 32
1071 45 467 87 15 40
1071 46 468 94 15 37
1071 47 465 105 10 24
1071 48 158 103 28 46
1071 49 208 244 32 77
1071 50 347 56 12 31
1072 1 271 253 32 76
1072 2 287 277 24 68
1072 3 256 266 27 76
1072 8 62 14 13 24
1072 9 58 15 12 21
1072 10 53 14 13 24
1072 13 143 31 14 28
1072 14 105 40 14 25
1072 15 137 52 15 31
1072 16 146 52 15 31
1072 17 132 51 14 32
1072 18 109 53 16 33
1072 19 118 52 16 34
1072 23 259 46 14 30
1072 24 266 45 13 29
1072 25 283 108 20 44
1072 26 267 108 18 43
1072 27 267 0 10 13
1072 27 300 131 15 46
1072 28 310 126 20 50
1072 39 590 349 50 86
1072 40 571 334 43 83
1072 41 383 133 24 50
1072 42 384 138 25 49
1072 43 211 64 12 33
1072 44 218 64 13 32
1072 45 464 87 17 40
1072 46 466 94 15 38
1072 47 463 105 11 24
1072 48 159 105 27 44
1072 49 208 243 33 78
1072 50 347 56 12 31
1073 1 272 253 32 76
1073 2 288 278 24 68
1073 3 258 265 28 77
1073 8 64 14 13 24
1073 9 58 15 12 21
1073 10 53 14 13 24
1073 13 143 31 14 28
1073 14 105 40 14 25
1073 15 137 52 15 30
1073 16 145 52 15 31
1073 17 132 51 14 32
1073 18 107 53 17 34
1073 19 118 52 16 34
1073 23 258 46 14 30
1073 24 266 45 13 29
1073 25 282 107 19 42
1073 26 267 108 18 43
1073 27 267 0 10 13
1073 27 300 130 15 46
1073 28 310 126 20 50
1073 39 589 349 50 87
1073 40 571 335 43 83
1073 41 382 133 25 50
1073 42 383 138 19 50
1073 43 212 64 12 33
1073 44 218 64 12 32
1073 45 464 87 17 40
1073 46 465 94 15 38
1073 47 462 105 11 25
1073 48 160 105 27 44
1073 49 209 243 31 75
1073 50 347 56 12 31
1074 1 272 253 32 76
1074 2 288 278 24 68
1074 3 256 266 27 75
1074 8 62 14 13 24
1074 9 58 15 12 21
1074 10 53 14 13 24
1074 13 143 31 14 28
1074 14 105 40 14 25
1074 15 137 52 15 30
1074 16 145 52 15 31
1074 17 132 51 14 32
1074 18 107 53 17 34
1074 19 118 52 16 34
1074 23 258 46 14 30
1074 24 266 45 13 29
1074 25 282 107 19 42
1074 26 267 108 18 43
1074 27 267 0 10 13
1074 27 301 130 14 47
1074 28 310 126 20 50
1074 39 589 349 50 87
1074 40 571 335 43 83
1074 41 382 133 25 50
1074 42 383 138 19 50
1074 43 212 64 12 33
1074 44 218 64 13 32
1074 45 464 87 17 40
1074 46 465 94 15 38
1074 47 462 105 11 25
1074 48 160 105 27 44
1074 49 209 242 33 79
1074 50 347 56 12 31
1075 1 272 253 32 76
1075 2 288 278 24 68
1075 3 256 266 27 75
1075 8 62 14 13 25
1075 9 58 15 12 21
1075 10 53 14 13 24
1075 13 143 31 14 28
1075 14 105 39 14 25
1075 15 136 52 15 31
1075 16 145 52 15 31
1075 17 131 51 14 32
1075 18 107 52 17 34
1075 19 118 52 16 34
1075 23 258 46 14 30
1075 24 266 45 13 29
1075 25 282 107 19 42
1075 26 266 108 18 43
1075 27 267 0 10 13
1075 27 301 130 14 47
1075 28 309 125 20 50
1075 39 592 350 46 88
1075 40 570 336 45 84
1075 41 380 133 27 49
1075 42 382 138 19 50
1075 43 213 64 12 33
1075 44 219 64 12 32
1075 45 463 87 17 40
1075 46 465 94 15 38
1075 47 462 106 11 23
1075 48 161 106 25 43
1075 49 209 242 32 75
1075 50 347 56 12 31
1076 1 272 253 32 77
1076 2 288 278 24 68
1076 3 256 266 27 75
1076 8 61 14 12 18
1076 9 56 13 13 20
1076 10 53 14 13 24
1076 13 142 30 14 29
1076 14 105 39 14 25
1076 15 136 52 15 31
1076 16 145 52 15 31
1076 17 131 51 14 32
1076 18 110 52 14 33
1076 19 118 52 16 33
1076 23 257 46 14 30
1076 24 266 45 12 29
1076 25 282 107 19 42
1076 26 266 107 18 43
1076 27 267 0 10 13
1076 27 300 130 14 46
1076 28 309 125 20 49
1076 39 591 351 46 88
1076 40 569 336 45 84
1076 41 379 133 27 49
1076 42 380 138 19 50
1076 43 212 64 12 32
1076 44 219 64 12 32
1076 45 462 87 18 40
1076 46 465 94 15 38
1076 47 461 105 11 24
1076 48 162 106 25 43
1076 49 209 240 33 79
1076 50 347 56 12 31
1077 1 272 253 32 77
1077 2 284 274 29 73
1077 3 256 266 27 75
1077 8 61 12 12 21
1077 9 56 13 13 20
1077 10 53 11 13 22
1077 13 142 29 14 29
1077 14 105 39 14 25
1077 15 135 51 16 33
1077 16 145 52 16 31
1077 17 131 51 14 33
1077 18 110 52 14 33
1077 19 120 51 14 34
1077 23 257 46 14 29
1077 24 265 45 12 29
1077 25 281 107 19 42
1077 26 266 107 18 43
1077 27 267 0 10 13
1077 27 300 130 14 47
1077 28 310 125 19 48
1077 39 590 351 48 87
1077 40 569 337 44 81
1077 41 380 133 27 48
1077 42 380 138 19 50
1077 43 213 64 12 32
1077 44 220 64 12 32
1077 45 461 87 18 40
1077 46 464 94 15 38
1077 47 460 103 11 26
1077 48 166 105 21 44
1077 49 210 239 31 75
1077 50 347 56 12 31
1078 1 272 253 33 77
1078 2 284 274 29 73
1078 3 256 266 27 75
1078 8 58 12 13 22
1078 9 49 12 13 22
1078 10 48 11 13 22
1078 13 142 29 14 28
1078 14 105 39 14 25
1078 15 137 51 13 32
1078 16 144 51 16 32
1078 17 130 52 14 32
1078 18 110 52 14 33
1078 19 120 51 14 34
1078 23 257 46 14 30
1078 24 265 45 12 28
1078 25 281 107 19 41
1078 26 265 107 17 43
1078 27 267 0 10 13
1078 27 300 130 14 46
1078 28 309 125 20 49
1078 39 589 351 48 87
1078 40 568 337 43 82
1078 41 379 133 27 48
1078 42 373 139 24 48
1078 43 213 65 12 32
1078 44 220 65 12 31
1078 45 461 87 18 40
1078 46 464 94 15 38
1078 47 460 103 11 26
1078 48 167 105 21 44
1078 49 209 238 32 73
1078 50 347 56 12 31
1079 1 272 253 33 77
1079 2 284 274 29 73
1079 3 256 266 27 75
1079 8 58 12 13 26
1079 9 49 12 13 22
1079 10 48 11 13 22
1079 13 142 29 14 29
1079 14 105 39 14 25
1079 15 137 51 13 32
1079 16 144 51 16 32
1079 17 130 53 13 30
1079 18 110 52 14 33
1079 19 120 51 14 34
1079 23 257 46 14 30
1079 24 265 45 13 29
1079 25 281 107 19 42
1079 26 265 107 17 43
1079 27 267 0 10 13
1079 27 300 129 14 46
1079 28 308 124 20 50
1079 39 589 352 48 87
1079 40 562 338 49 81
1079 41 378 134 27 48
1079 42 372 139 24 48
1079 43 214 65 12 33
1079 44 222 65 11 31
1079 45 460 87 18 38
1079 46 464 94 15 38
1079 47 459 103 11 26
1079 48 170 105 20 44
1079 49 209 237 32 74
1079 50 347 56 12 31
1080 1 272 253 33 77
1080 2 284 274 29 73
1080 3 256 266 27 75
1080 8 58 12 13 26
1080 9 49 12 13 22
1080 10 46 11 13 23
1080 13 142 29 14 29
1080 14 105 39 14 25
1080 15 137 51 13 32
1080 16 144 51 16 32
1080 17 131 55 13 29
1080 18 110 52 14 33
1080 19 120 51 14 34
1080 23 257 46 14 30
1080 24 265 45 13 29
1080 25 281 106 19 42
1080 26 265 107 17 43
1080 27 267 0 10 13
1080 27 300 129 14 46
1080 28 308 124 20 50
1080 39 589 352 48 87
1080 40 562 338 49 81
1080 41 378 134 27 47
1080 42 371 139 27 49
1080 43 214 65 12 33
1080 44 222 65 11 31
1080 45 460 87 18 38
1080 46 464 94 15 38
1080 47 459 103 11 26
1080 48 170 105 20 44
1080 49 209 237 33 72
1080 50 347 56 12 31
1081 1 272 253 33 77
1081 2 285 274 29 73
1081 3 256 267 27 75
1081 8 58 12 13 26
1081 9 49 12 13 22
1081 10 46 11 13 23
1081 13 142 29 14 29
1081 14 105 39 14 25
1081 15 137 51 13 32
1081 16 143 50 16 33
1081 17 128 52 14 31
1081 18 110 52 14 33
1081 19 120 51 14 35
1081 23 256 46 14 30
1081 24 264 45 13 29
1081 25 281 107 19 42
1081 26 264 106 17 43
1081 27 267 0 10 13
1081 27 299 129 14 46
1081 28 308 124 20 50
1081 39 588 353 48 87
1081 40 561 339 49 83
1081 41 378 133 25 49
1081 42 370 139 27 49
1081 43 213 65 12 32
1081 44 222 65 11 31
1081 45 460 87 18 38
1081 46 463 93 15 38
1081 47 459 103 11 26
1081 48 170 105 20 45
1081 49 209 236 33 72
1081 50 347 56 12 31
1082 1 272 253 33 77
1082 2 285 274 29 73
1082 3 256 267 27 75
1082 8 58 12 13 26
1082 9 49 12 13 22
1082 10 46 11 13 23
1082 13 141 29 14 29
1082 14 105 39 14 25
1082 15 136 51 13 33
1082 16 143 51 16 32
1082 17 128 52 14 31
1082 18 108 52 15 33
1082 19 119 50 14 35
1082 23 256 46 14 30
1082 24 264 45 13 29
1082 25 280 106 19 42
1082 26 264 106 17 44
1082 27 267 0 10 13
1082 27 299 130 14 46
1082 28 308 124 20 50
1082 39 590 354 45 87
1082 40 560 339 49 82
1082 41 377 133 25 49
1082 42 369 139 27 49
1082 43 214 65 12 32
1082 44 222 65 11 30
1082 45 459 87 18 38
1082 46 462 93 15 37
1082 47 458 103 11 26
1082 48 173 105 21 44
1082 49 209 235 33 73
1082 50 347 56 12 31
1083 1 272 253 33 77
1083 2 285 275 29 73
1083 3 256 267 27 75
1083 8 57 12 13 26
1083 9 49 12 13 22
1083 10 46 11 13 23
1083 13 141 29 14 29
1083 14 105 39 14 25
1083 15 135 51 14 32
1083 16 143 51 16 31
1083 17 128 52 14 32
1083 18 108 52 15 33
1083 19 119 50 14 35
1083 23 255 46 13 29
1083 24 264 45 13 29
1083 25 280 106 18 42
1083 26 265 106 16 43
1083 27 267 0 10 13
1083 27 299 129 14 47
1083 28 308 124 20 51
1083 39 590 355 45 87
1083 40 557 340 52 84
1083 41 378 133 19 49
1083 42 368 139 28 48
1083 43 214 66 12 32
1083 44 222 66 11 30
1083 45 459 87 18 37
1083 46 462 93 14 38
1083 47 458 103 10 25
1083 48 174 105 21 44
1083 49 209 235 34 74
1083 50 347 56 12 31
1084 1 272 253 33 77
1084 2 285 275 29 73
1084 3 256 267 27 75
1084 8 57 12 13 26
1084 9 49 12 13 22
1084 10 46 11 13 23
1084 13 141 29 14 29
1084 14 105 39 14 25
1084 15 135 51 14 32
1084 16 143 51 16 31
1084 17 127 50 14 33
1084 18 108 52 15 33
1084 19 119 50 14 36
1084 23 255 46 14 29
1084 24 263 45 13 29
1084 25 280 106 18 42
1084 26 265 106 16 43
1084 27 267 0 10 13
1084 27 299 129 14 47
1084 28 307 124 20 51
1084 39 588 356 46 93
1084 40 556 341 52 84
1084 41 377 133 19 50
1084 42 367 139 28 48
1084 43 214 66 12 32
1084 44 222 66 11 31
1084 45 458 87 18 38
1084 46 461 93 14 38
1084 47 457 103 10 24
1084 48 173 105 25 44
1084 49 209 234 31 74
1084 50 346 56 12 31
1085 1 272 253 33 77
1085 2 285 275 29 73
1085 3 256 267 27 75
1085 8 57 12 13 26
1085 9 49 12 13 22
1085 10 46 11 13 23
1085 13 141 29 14 29
1085 14 105 39 14 25
1085 15 135 51 14 32
1085 16 143 52 16 31
1085 17 127 50 14 32
1085 18 108 52 15 33
1085 19 118 49 14 36
1085 23 254 46 14 30
1085 24 263 45 12 29
1085 25 279 106 18 42
1085 26 263 106 18 43
1085 27 267 0 10 13
1085 27 299 129 14 47
1085 28 306 124 20 51
1085 39 588 357 46 92
1085 40 555 341 52 85
1085 41 376 132 17 51
1085 42 368 139 26 48
1085 43 214 66 12 32
1085 44 222 66 11 31
1085 45 458 87 18 38
1085 46 460 93 14 38
1085 47 456 102 12 25
1085 48 174 105 25 44
1085 49 209 234 31 74
1085 50 346 56 12 31
1086 1 272 253 33 77
1086 2 285 275 29 73
1086 3 256 267 27 75
1086 8 57 12 13 26
1086 9 49 12 13 22
1086 10 46 11 13 23
1086 13 141 29 14 29
1086 14 105 39 14 25
1086 15 135 51 13 32
1086 16 143 52 16 31
1086 17 127 50 14 32
1086 18 108 52 15 34
1086 19 118 49 14 36
1086 23 254 46 14 30
1086 24 263 45 12 29
1086 25 279 106 18 42
1086 26 263 106 18 43
1086 27 267 0 10 13
1086 27 299 129 14 47
1086 28 308 124 19 46
1086 39 589 358 44 93
1086 40 555 342 52 84
1086 41 376 132 17 51
1086 42 368 139 26 48
1086 43 214 66 12 32
1086 44 222 66 11 31
1086 45 460 85 15 39
1086 46 460 92 14 38
1086 47 456 102 12 25
1086 48 174 105 25 44
1086 49 209 234 31 74
1086 50 346 56 12 31
1087 1 272 253 33 77
1087 2 285 275 29 72
1087 3 256 267 27 75
1087 8 56 12 13 26
1087 9 49 12 13 22
1087 10 46 11 13 23
1087 13 140 29 14 29
1087 14 105 39 14 25
1087 15 135 51 13 32
1087 16 143 52 16 31
1087 17 127 50 14 33
1087 18 108 52 15 34
1087 19 118 49 14 36
1087 23 254 46 14 29
1087 24 263 44 13 29
1087 25 279 105 18 42
1087 26 263 106 18 43
1087 27 267 0 10 13
1087 27 298 129 14 46
1087 28 307 124 20 51
1087 39 589 359 44 92
1087 40 553 342 54 85
1087 41 375 132 17 51
1087 42 369 139 19 48
1087 43 214 66 12 32
1087 44 223 66 11 31
1087 45 459 85 14 39
1087 46 460 92 14 39
1087 47 455 102 12 25
1087 48 175 105 25 44
1087 49 211 233 29 74
1087 50 346 56 12 31
1088 1 272 253 33 77
1088 2 285 275 29 73
1088 3 256 267 27 75
1088 8 56 12 13 26
1088 9 49 12 13 22
1088 10 46 11 13 23
1088 13 141 29 15 30
1088 14 105 39 14 25
1088 15 134 51 14 32
1088 16 143 52 15 31
1088 17 127 50 14 33
1088 18 108 52 15 34
1088 19 118 49 14 36
1088 23 254 45 14 30
1088 24 262 44 13 30
1088 25 278 105 18 43
1088 26 263 106 18 43
1088 27 267 0 10 13
1088 27 297 129 14 45
1088 28 306 124 20 50
1088 39 588 360 44 92
1088 40 552 342 54 86
1088 41 371 132 20 51
1088 42 368 139 19 48
1088 43 214 66 12 32
1088 44 223 66 11 31
1088 45 459 85 14 39
1088 46 459 92 14 38
1088 47 455 102 12 25
1088 48 175 105 27 44
1088 49 211 232 29 75
1088 50 346 56 12 31
1089 1 272 253 33 78
1089 2 285 275 29 73
1089 3 256 267 27 75
1089 8 56 12 13 26
1089 9 49 12 13 22
1089 10 46 11 13 23
1089 13 140 29 14 29
1089 14 105 39 14 25
1089 15 134 51 14 32
1089 16 143 52 14 30
1089 17 127 50 15 33
1089 18 108 52 15 34
1089 19 118 49 14 36
1089 23 253 45 14 30
1089 24 262 44 13 30
1089 25 278 105 18 43
1089 26 263 106 18 43
1089 27 267 0 10 13
1089 27 297 128 14 46
1089 28 305 124 20 50
1089 39 588 362 43 90
1089 40 550 343 52 87
1089 41 367 132 25 51
1089 42 365 139 19 48
1089 43 214 66 12 33
1089 44 223 66 11 31
1089 45 458 85 14 40
1089 46 458 94 17 36
1089 47 454 102 12 26
1089 48 176 105 27 44
1089 49 210 231 29 72
1089 50 346 56 12 31
1090 1 271 254 33 77
1090 2 285 275 29 73
1090 3 256 267 27 78
1090 8 60 12 12 23
1090 9 52 12 13 22
1090 10 46 11 13 23
1090 13 139 29 14 29
1090 14 105 38 14 25
1090 15 134 51 14 32
1090 16 143 52 14 30
1090 17 127 52 14 31
1090 18 107 51 15 34
1090 19 118 51 14 35
1090 23 253 45 14 30
1090 24 262 44 13 30
1090 25 277 104 19 43
1090 26 262 106 18 43
1090 27 267 0 10 13
1090 27 296 128 15 44
1090 28 305 123 20 50
1090 39 588 363 43 91
1090 40 549 344 52 87
1090 41 366 132 25 51
1090 42 364 139 19 48
1090 43 215 66 12 33
1090 44 223 66 11 32
1090 45 458 84 14 40
1090 46 457 94 17 36
1090 47 454 102 12 26
1090 48 177 105 24 44
1090 49 210 230 29 72
1090 50 346 56 12 31
1091 1 271 254 33 78
1091 2 285 275 29 73
1091 3 256 267 27 78
1091 8 56 12 13 26
1091 9 52 12 13 22
1091 10 46 11 13 23
1091 13 139 29 14 29
1091 14 103 38 15 25
1091 15 133 51 14 32
1091 16 143 52 14 30
1091 17 126 50 14 33
1091 18 107 51 15 34
1091 19 118 51 14 35
1091 23 253 45 14 30
1091 24 262 44 13 29
1091 25 276 104 19 43
1091 26 262 106 19 42
1091 27 267 0 10 13
1091 27 296 128 15 44
1091 28 304 123 19 48
1091 39 586 363 44 93
1091 40 548 344 51 87
1091 41 363 135 28 48
1091 42 363 139 19 48
1091 43 215 66 12 33
1091 44 223 66 11 32
1091 45 457 85 14 40
1091 46 457 94 17 36
1091 47 454 102 12 26
1091 48 178 105 24 45
1091 49 209 228 30 74
1091 50 346 56 12 31
1092 1 271 254 33 78
1092 2 285 276 30 72
1092 3 256 267 27 78
1092 8 56 12 13 26
1092 9 52 12 13 22
1092 10 46 11 13 23
1092 13 139 29 14 29
1092 14 105 38 14 25
1092 15 133 51 14 32
1092 16 143 52 14 30
1092 17 126 50 14 33
1092 18 107 51 15 34
1092 19 118 51 14 35
1092 23 253 45 14 30
1092 24 261 44 13 30
1092 25 276 104 19 43
1092 26 262 106 19 42
1092 27 267 0 10 13
1092 27 296 128 15 44
1092 28 304 123 20 48
1092 39 584 363 46 94
1092 40 551 344 50 87
1092 41 363 135 28 48
1092 42 363 139 19 48
1092 43 215 66 12 33
1092 44 223 66 11 32
1092 45 457 85 14 40
1092 46 457 94 17 36
1092 47 453 102 12 26
1092 48 178 105 24 44
1092 49 209 228 29 71
1092 50 346 56 12 31
1093 1 271 254 32 74
1093 2 285 276 30 72
1093 3 256 267 27 78
1093 8 56 12 13 26
1093 9 53 12 13 23
1093 10 48 11 13 24
1093 13 139 29 14 29
1093 14 105 38 14 25
1093 15 133 51 14 32
1093 16 143 52 15 31
1093 17 126 52 14 31
1093 18 107 51 15 34
1093 19 118 51 14 35
1093 23 253 45 14 30
1093 24 262 44 13 30
1093 25 276 104 19 43
1093 26 262 106 19 42
1093 27 267 0 10 13
1093 27 295 127 15 45
1093 28 304 123 20 48
1093 39 584 364 46 95
1093 40 550 344 49 87
1093 41 362 135 30 48
1093 42 359 139 22 48
1093 43 215 66 12 34
1093 44 223 66 11 32
1093 45 457 85 14 40
1093 46 456 94 17 34
1093 47 453 102 12 25
1093 48 182 105 21 42
1093 49 209 227 29 72
1093 50 346 56 12 31
1094 1 271 254 32 74
1094 2 285 276 30 72
1094 3 256 267 27 78
1094 8 56 12 13 26
1094 9 53 12 13 23
1094 10 48 11 13 24
1094 13 139 29 14 29
1094 14 105 38 14 25
1094 15 133 51 14 32
1094 16 140 52 14 30
1094 17 125 50 14 33
1094 18 107 51 15 34
1094 19 117 51 14 35
1094 23 253 45 14 30
1094 24 261 44 13 30
1094 25 275 104 19 43
1094 26 262 106 19 42
1094 27 267 0 10 13
1094 27 295 127 15 45
1094 28 303 123 20 48
1094 39 583 364 46 95
1094 40 549 345 49 87
1094 41 361 135 30 48
1094 42 358 139 22 48
1094 43 215 66 13 33
1094 44 224 66 11 32
1094 45 453 85 17 39
1094 46 456 94 17 34
1094 47 452 102 12 25
1094 48 183 105 21 42
1094 49 209 226 29 68
1094 50 346 56 12 31
1095 1 271 254 32 74
1095 2 285 276 30 72
1095 3 256 267 27 78
1095 8 56 12 13 26
1095 9 53 12 13 24
1095 10 48 11 13 24
1095 13 138 29 13 29
1095 14 105 38 14 25
1095 15 132 51 14 32
1095 16 140 52 13 30
1095 17 125 50 15 34
1095 18 107 51 15 34
1095 19 117 51 14 35
1095 23 252 45 14 30
1095 24 261 44 13 30
1095 25 275 104 19 42
1095 26 262 105 19 42
1095 27 267 0 10 13
1095 27 295 127 15 45
1095 28 303 122 20 49
1095 39 583 365 46 94
1095 40 548 346 49 87
1095 41 362 135 28 48
1095 42 356 139 22 48
1095 43 215 66 13 33
1095 44 224 66 11 32
1095 45 452 85 17 41
1095 46 455 94 17 34
1095 47 453 102 10 26
1095 48 184 105 21 41
1095 49 209 225 29 68
1095 50 346 56 12 31
1096 1 270 254 32 74
1096 2 284 276 30 72
1096 3 256 267 27 78
1096 8 55 11 14 25
1096 9 53 12 13 24
1096 10 49 11 13 24
1096 13 138 29 13 29
1096 14 105 38 14 25
1096 15 132 51 14 33
1096 16 140 52 13 30
1096 17 125 49 15 34
1096 18 107 51 14 32
1096 19 117 50 14 36
1096 23 252 45 14 30
1096 24 260 45 12 28
1096 25 275 104 19 43
1096 26 261 105 19 42
1096 27 267 0 10 13
1096 27 295 127 15 45
1096 28 302 122 20 48
1096 39 579 366 50 94
1096 40 548 347 49 87
1096 41 361 135 28 48
1096 42 354 139 26 49
1096 43 215 66 13 33
1096 44 224 66 11 32
1096 45 452 85 17 39
1096 46 454 94 17 34
1096 47 452 102 10 27
1096 48 185 105 21 42
1096 49 209 225 29 69
1096 50 346 56 12 31
1097 1 270 254 32 74
1097 2 284 276 30 73
1097 3 256 267 27 78
1097 8 55 11 14 25
1097 9 53 12 13 24
1097 10 49 11 13 24
1097 13 138 29 13 29
1097 14 105 38 14 25
1097 15 132 51 14 32
1097 16 140 52 13 30
1097 17 123 49 16 34
1097 18 107 51 14 32
1097 19 117 50 14 36
1097 23 252 45 14 29
1097 24 260 44 13 30
1097 25 275 104 18 41
1097 26 261 105 19 42
1097 27 267 0 10 13
1097 27 292 127 17 45
1097 28 303 122 20 48
1097 39 579 367 50 94
1097 40 546 348 47 88
1097 41 361 135 26 48
1097 42 353 139 26 49
1097 43 215 67 13 33
1097 44 224 66 12 34
1097 45 451 85 17 39
1097 46 454 94 17 33
1097 47 448 105 16 27
1097 48 188 105 22 43
1097 49 209 224 29 69
1097 50 346 56 12 31
1098 1 270 254 32 74
1098 2 284 276 30 73
1098 3 256 267 27 78
1098 8 55 11 14 25
1098 9 53 12 13 24
1098 10 49 11 13 24
1098 13 138 29 13 29
1098 14 105 38 14 25
1098 15 132 51 14 32
1098 16 140 52 13 30
1098 17 123 49 16 34
1098 18 107 51 14 32
1098 19 117 50 14 36
1098 23 252 45 14 29
1098 24 260 45 12 28
1098 25 275 104 18 41
1098 26 261 105 19 42
1098 27 267 0 10 13
1098 27 292 127 17 45
1098 28 301 122 21 49
1098 39 577 367 52 92
1098 40 546 348 47 88
1098 41 361 135 26 48
1098 42 353 139 26 49
1098 43 215 67 13 33
1098 44 224 66 12 34
1098 45 451 85 17 39
1098 46 454 94 17 33
1098 47 448 105 16 27
1098 48 188 105 22 43
1098 49 209 224 29 69
1098 50 346 56 12 31
1099 1 270 254 32 74
1099 2 284 276 30 72
1099 3 256 267 27 78
1099 8 55 11 14 25
1099 9 53 12 13 24
1099 10 48 10 14 24
1099 13 138 29 13 29
1099 14 105 38 14 25
1099 15 131 51 14 32
1099 16 139 52 13 30
1099 17 123 49 16 34
1099 18 106 51 14 33
1099 19 116 50 14 36
1099 23 251 45 14 30
1099 24 260 44 13 30
1099 25 275 103 19 43
1099 26 261 105 19 42
1099 27 267 0 10 13
1099 27 292 127 17 45
1099 28 303 122 19 50
1099 39 577 368 52 92
1099 40 545 349 47 88
1099 41 360 135 24 48
1099 42 352 139 26 49
1099 43 216 67 13 33
1099 44 225 66 11 32
1099 45 450 85 17 39
1099 46 453 94 17 34
1099 47 448 105 16 27
1099 48 189 105 22 43
1099 49 209 224 30 69
1099 50 346 56 12 31
1100 1 269 254 32 74
1100 2 284 276 30 73
1100 3 256 268 27 78
1100 8 55 11 14 25
1100 9 53 12 13 24
1100 10 47 10 14 25
1100 13 138 29 13 29
1100 14 105 38 14 25
1100 15 131 51 14 32
1100 16 139 52 13 30
1100 17 123 49 16 34
1100 18 107 51 14 32
1100 19 116 50 14 36
1100 23 251 45 14 30
1100 24 259 44 13 30
1100 25 274 103 19 43
1100 26 261 104 19 42
1100 27 267 0 10 13
1100 27 291 127 17 45
1100 28 303 122 19 50
1100 39 575 368 53 94
1100 40 542 349 49 89
1100 41 359 135 24 48
1100 42 354 139 23 49
1100 43 216 67 13 33
1100 44 225 67 11 33
1100 45 449 85 18 39
1100 46 452 94 17 34
1100 47 447 105 16 27
1100 48 190 104 25 45
1100 49 209 224 30 69
1100 50 346 56 12 31
1101 1 269 254 32 74
1101 2 283 276 30 73
1101 3 256 268 27 78
1101 8 55 11 14 25
1101 9 46 11 13 23
1101 10 45 10 13 25
1101 13 138 29 13 29
1101 14 106 38 15 26
1101 15 131 51 13 31
1101 16 139 52 13 30
1101 17 123 49 16 34
1101 18 106 51 14 32
1101 19 115 50 14 36
1101 23 251 45 14 30
1101 24 259 44 12 28
1101 25 274 103 19 43
1101 26 261 104 19 42
1101 27 267 0 10 13
1101 27 291 127 17 45
1101 28 302 122 19 50
1101 39 575 370 52 92
1101 40 541 350 49 89
1101 41 357 134 23 48
1101 42 353 139 23 49
1101 43 216 67 13 33
1101 44 226 67 11 31
1101 45 448 85 18 39
1101 46 452 94 17 34
1101 47 447 105 16 27
1101 48 191 104 25 45
1101 49 209 223 30 69
1101 50 346 56 12 31
1102 1 268 255 32 74
1102 2 283 277 30 72
1102 3 256 268 27 78
1102 8 55 11 14 25
1102 9 47 11 13 22
1102 10 45 10 13 25
1102 13 137 29 13 29
1102 14 106 38 15 26
1102 15 131 51 13 31
1102 16 137 52 14 30
1102 17 122 45 18 38
1102 18 106 51 14 33
1102 19 115 50 14 36
1102 23 250 45 14 30
1102 24 259 44 13 30
1102 25 273 103 19 43
1102 26 261 104 19 42
1102 27 267 0 10 13
1102 27 291 127 17 44
1102 28 302 122 19 50
1102 39 575 371 52 92
1102 40 540 350 48 90
1102 41 356 134 23 48
1102 42 352 138 19 49
1102 43 217 67 13 33
1102 44 226 67 11 31
1102 45 448 85 19 41
1102 46 451 94 17 34
1102 47 447 105 16 27
1102 48 190 104 27 45
1102 49 209 222 30 70
1102 50 346 56 12 31
1103 1 268 255 32 74
1103 2 283 277 30 73
1103 3 256 268 27 78
1103 8 55 11 14 25
1103 9 47 11 13 22
1103 10 45 10 13 25
1103 13 137 29 13 29
1103 14 106 38 15 26
1103 15 131 51 13 31
1103 16 137 52 14 31
1103 17 122 45 18 39
1103 18 106 51 13 32
1103 19 115 50 14 35
1103 23 250 44 14 30
1103 24 259 44 13 29
1103 25 273 103 18 42
1103 26 260 104 19 43
1103 27 267 0 10 13
1103 27 290 127 17 44
1103 28 302 122 19 50
1103 39 571 371 56 94
1103 40 539 356 48 84
1103 41 356 134 20 49
1103 42 351 138 19 49
1103 43 217 67 13 33
1103 44 226 67 11 31
1103 45 447 85 19 41
1103 46 451 94 17 33
1103 47 446 104 16 28
1103 48 191 104 27 45
1103 49 209 221 31 71
1103 50 347 56 12 31
1104 1 268 255 32 73
1104 2 283 277 30 73
1104 3 256 268 27 78
1104 8 55 11 14 25
1104 9 49 11 13 26
1104 10 45 10 13 25
1104 13 137 29 13 29
1104 14 106 38 15 26
1104 15 131 51 13 31
1104 16 139 52 12 31
1104 17 123 48 16 36
1104 18 106 51 13 31
1104 19 115 50 14 35
1104 23 250 44 14 30
1104 24 259 44 13 29
1104 25 275 103 18 42
1104 26 261 102 18 43
1104 27 267 0 10 13
1104 27 290 127 17 44
1104 28 302 122 19 50
1104 39 571 371 56 94
1104 40 539 356 48 84
1104 41 356 134 20 49
1104 42 351 138 19 49
1104 43 217 67 13 33
1104 44 226 67 11 31
1104 45 447 85 19 41
1104 46 451 94 16 33
1104 47 446 104 16 28
1104 48 189 104 28 45
1104 49 209 221 31 71
1104 50 347 56 12 31
1105 1 268 255 32 74
1105 2 282 277 30 73
1105 3 256 268 27 78
1105 8 56 12 14 23
1105 9 49 11 13 24
1105 10 45 10 13 25
1105 13 137 29 13 27
1105 14 106 38 15 26
1105 15 130 51 13 31
1105 16 137 52 14 31
1105 17 123 48 16 36
1105 18 106 50 14 33
1105 19 115 50 14 34
1105 23 250 44 14 30
1105 24 258 44 12 29
1105 25 275 103 18 42
1105 26 261 102 18 43
1105 27 267 0 10 13
1105 27 290 126 17 44
1105 28 301 122 19 50
1105 39 570 372 56 94
1105 40 538 357 48 84
1105 41 355 134 20 50
1105 42 350 138 17 50
1105 43 217 67 13 33
1105 44 226 67 11 33
1105 45 447 85 19 41
1105 46 450 94 17 33
1105 47 446 106 14 26
1105 48 190 104 28 45
1105 49 209 221 29 68
1105 50 347 56 12 31
1106 1 267 255 32 74
1106 2 282 277 30 72
1106 3 256 268 27 78
1106 8 56 12 14 23
1106 9 49 11 13 24
1106 10 45 10 13 25
1106 13 137 29 13 28
1106 14 106 37 15 26
1106 15 130 51 13 31
1106 16 137 52 14 31
1106 17 123 48 16 36
1106 18 105 51 14 32
1106 19 114 49 15 37
1106 23 250 44 14 30
1106 24 258 44 12 29
1106 25 274 103 17 42
1106 26 261 102 18 43
1106 27 267 0 10 13
1106 27 290 126 17 45
1106 28 301 122 19 50
1106 39 570 373 56 94
1106 40 537 357 48 84
1106 41 350 134 25 48
1106 42 348 138 17 50
1106 43 217 67 13 33
1106 44 226 67 11 33
1106 45 447 85 19 41
1106 46 449 95 15 35
1106 47 445 106 14 26
1106 48 191 104 28 45
1106 49 209 220 30 69
1106 50 347 56 12 31
1107 1 267 255 32 74
1107 2 282 277 30 72
1107 3 256 268 27 77
1107 8 56 12 14 23
1107 9 49 11 13 24
1107 10 45 10 13 25
1107 13 137 29 14 28
1107 14 106 37 15 26
1107 15 130 51 13 31
1107 16 136 52 14 31
1107 17 122 48 15 36
1107 18 105 51 14 33
1107 19 114 50 14 36
1107 23 249 44 14 30
1107 24 258 44 12 28
1107 25 274 103 17 42
1107 26 260 102 18 43
1107 27 267 0 10 13
1107 27 290 126 17 45
1107 28 300 121 19 50
1107 39 571 374 55 93
1107 40 535 359 49 84
1107 41 349 134 25 48
1107 42 344 138 22 49
1107 43 217 67 13 33
1107 44 227 67 11 33
1107 45 446 85 19 41
1107 46 448 95 15 35
1107 47 445 106 14 26
1107 48 191 104 28 45
1107 49 209 219 30 69
1107 50 347 56 12 31
1108 1 270 255 29 73
1108 2 281 277 30 73
1108 3 257 268 27 77
1108 8 56 12 14 23
1108 9 49 11 13 24
1108 10 45 10 13 25
1108 13 137 29 13 28
1108 14 106 37 15 26
1108 15 129 52 13 31
1108 16 136 52 14 30
1108 17 122 48 15 36
1108 18 105 50 14 33
1108 19 114 50 15 37
1108 23 249 44 14 31
1108 24 257 43 13 30
1108 25 273 103 17 43
1108 26 260 102 18 43
1108 27 267 0 10 13
1108 27 289 125 16 45
1108 28 300 121 19 50
1108 39 570 375 55 93
1108 40 535 360 48 82
1108 41 348 134 25 48
1108 42 343 138 22 49
1108 43 218 67 13 33
1108 44 227 67 11 33
1108 45 443 85 20 39
1108 46 448 95 15 35
1108 47 444 106 14 26
1108 48 197 103 23 45
1108 49 209 218 28 67
1108 50 347 56 12 31
1109 1 270 255 29 73
1109 2 281 277 30 73
1109 3 257 269 27 77
1109 8 56 12 13 23
1109 9 49 11 13 24
1109 10 45 10 13 25
1109 13 136 28 13 29
1109 14 106 37 15 26
1109 15 129 52 13 30
1109 16 136 52 13 31
1109 17 121 48 14 34
1109 18 105 50 14 33
1109 19 114 50 15 37
1109 23 249 45 14 30
1109 24 257 43 13 30
1109 25 273 103 17 42
1109 26 260 102 18 43
1109 27 267 0 10 13
1109 27 289 125 16 45
1109 28 299 120 19 51
1109 39 570 376 55 94
1109 40 530 359 53 81
1109 41 347 134 25 48
1109 42 338 139 26 49
1109 43 218 68 13 34
1109 44 227 67 11 33
1109 45 442 85 20 39
1109 46 447 95 15 35
1109 47 444 106 14 26
1109 48 199 103 22 45
1109 49 209 217 28 67
1109 50 347 56 12 31
1110 1 270 255 27 73
1110 2 281 277 30 73
1110 3 255 269 29 77
1110 8 56 12 13 23
1110 9 49 11 13 24
1110 10 45 10 13 25
1110 13 137 28 13 29
1110 14 106 37 15 26
1110 15 129 51 13 31
1110 16 135 52 14 30
1110 17 121 48 14 34
1110 18 105 50 14 33
1110 19 114 50 15 37
1110 23 249 45 14 30
1110 24 258 44 12 28
1110 25 273 103 17 42
1110 26 260 102 18 43
1110 27 267 0 10 13
1110 27 289 125 16 45
1110 28 299 120 19 48
1110 39 570 376 55 94
1110 40 533 359 50 81
1110 41 346 134 28 48
1110 42 338 139 26 49
1110 43 218 68 13 34
1110 44 227 67 11 33
1110 45 443 85 20 39
1110 46 447 95 15 35
1110 47 444 106 14 26
1110 48 199 103 19 45
1110 49 209 217 28 67
1110 50 347 56 12 31
1111 1 270 255 27 73
1111 2 281 277 30 73
1111 3 255 269 29 77
1111 8 56 12 13 23
1111 9 49 11 13 24
1111 10 43 10 14 25
1111 13 136 28 14 29
1111 14 106 37 15 26
1111 15 129 51 13 31
1111 16 135 51 15 32
1111 17 121 48 14 34
1111 18 104 50 14 33
1111 19 114 50 15 37
1111 23 248 44 14 31
1111 24 257 43 13 30
1111 25 273 103 16 41
1111 26 260 102 18 43
1111 27 267 0 10 13
1111 27 288 124 16 45
1111 28 299 120 19 48
1111 39 569 376 55 95
1111 40 532 360 50 81
1111 41 345 134 28 48
1111 42 337 139 26 49
1111 43 218 68 13 34
1111 44 227 67 11 33
1111 45 442 85 20 39
1111 46 447 95 15 36
1111 47 444 106 14 26
1111 48 200 103 19 45
1111 49 209 217 28 68
1111 50 347 56 12 31
1112 1 270 255 27 73
1112 2 280 277 30 73
1112 3 255 269 29 77
1112 8 56 12 13 23
1112 9 49 11 13 24
1112 10 46 10 13 25
1112 13 134 28 15 28
1112 14 106 37 15 26
1112 15 129 51 13 31
1112 16 135 51 15 31
1112 17 121 48 14 34
1112 18 104 50 14 33
1112 19 114 50 15 37
1112 23 248 44 14 31
1112 24 257 44 12 28
1112 25 273 103 17 41
1112 26 259 102 18 43
1112 27 267 0 10 13
1112 27 288 124 16 45
1112 28 298 118 18 50
1112 39 568 377 55 95
1112 40 531 360 50 81
1112 41 343 134 28 48
1112 42 336 139 29 49
1112 43 218 68 13 34
1112 44 227 67 11 33
1112 45 442 85 20 39
1112 46 447 95 15 35
1112 47 443 106 14 26
1112 48 202 103 18 44
1112 49 209 217 26 68
1112 50 347 56 12 31
1113 1 268 255 28 78
1113 2 280 277 30 73
1113 3 255 269 29 77
1113 8 56 12 13 23
1113 9 49 11 13 26
1113 10 47 10 13 25
1113 13 137 27 11 27
1113 14 106 37 15 26
1113 15 128 49 13 32
1113 16 135 51 15 31
1113 17 120 48 14 34
1113 18 104 50 14 33
1113 19 113 50 15 37
1113 23 247 44 14 31
1113 24 257 44 12 27
1113 25 272 103 16 41
1113 26 259 101 18 43
1113 27 267 0 10 13
1113 27 288 124 16 45
1113 28 298 118 18 49
1113 39 568 378 55 94
1113 40 530 361 50 82
1113 41 346 134 24 48
1113 42 335 139 29 49
1113 43 218 68 13 34
1113 44 227 68 11 33
1113 45 441 85 20 39
1113 46 444 95 17 34
1113 47 442 106 14 26
1113 48 204 103 21 45
1113 49 209 217 26 68
1113 50 347 56 12 31
1114 1 268 255 28 78
1114 2 280 278 30 72
1114 3 255 269 29 77
1114 8 56 12 13 23
1114 9 50 11 13 23
1114 10 47 10 13 25
1114 13 137 27 12 27
1114 14 106 37 15 25
1114 15 128 49 12 33
1114 16 134 51 15 31
1114 17 120 48 14 34
1114 18 104 50 14 33
1114 19 113 50 15 37
1114 23 247 44 14 31
1114 24 256 43 13 30
1114 25 272 103 16 41
1114 26 258 101 18 43
1114 27 267 0 10 13
1114 27 288 124 16 45
1114 28 297 118 18 50
1114 39 565 378 55 97
1114 40 529 363 49 81
1114 41 345 134 24 48
1114 42 337 139 26 48
1114 43 220 68 12 32
1114 44 227 68 11 33
1114 45 441 85 20 39
1114 46 444 95 17 34
1114 47 441 106 14 27
1114 48 205 103 21 45
1114 49 209 216 26 68
1114 50 348 56 12 31
1115 1 268 255 28 78
1115 2 280 277 30 73
1115 3 255 269 29 77
1115 8 56 12 13 23
1115 9 50 11 13 23
1115 10 47 10 13 25
1115 13 135 27 14 27
1115 14 107 37 15 25
1115 15 128 49 12 33
1115 16 134 50 15 30
1115 17 120 47 14 35
1115 18 103 50 14 33
1115 19 113 49 15 38
1115 23 247 44 14 30
1115 24 256 43 13 30
1115 25 271 103 16 41
1115 26 258 101 18 43
1115 27 267 0 10 13
1115 27 288 124 16 46
1115 28 297 118 18 50
1115 39 564 378 54 97
1115 40 528 364 49 81
1115 41 343 134 24 48
1115 42 336 139 26 48
1115 43 220 68 12 32
1115 44 227 68 11 32
1115 45 440 85 21 45
1115 46 443 95 17 34
1115 47 440 106 14 26
1115 48 205 103 25 45
1115 49 208 216 26 68
1115 50 348 56 12 31
1116 1 268 255 26 78
1116 2 280 277 30 73
1116 3 255 269 29 77
1116 9 50 11 13 23
1116 10 47 10 13 25
1116 13 135 27 14 29
1116 14 107 37 15 25
1116 15 128 49 12 33
1116 16 134 50 15 30
1116 17 120 47 14 35
1116 18 103 50 14 33
1116 19 113 49 13 34
1116 23 247 44 14 30
1116 24 256 43 13 30
1116 25 271 103 16 41
1116 26 258 101 18 43
1116 27 267 0 10 13
1116 27 288 124 15 46
1116 28 297 118 18 50
1116 39 564 378 54 91
1116 40 528 364 49 81
1116 41 343 134 25 49
1116 42 336 139 26 48
1116 43 220 68 12 32
1116 44 227 68 11 32
1116 45 440 85 20 40
1116 46 443 95 17 34
1116 47 440 106 14 26
1116 48 206 105 24 43
1116 49 208 216 26 68
1116 50 348 56 12 31
1117 1 268 255 26 78
1117 2 280 277 30 73
1117 3 255 270 29 77
1117 13 137 27 11 29
1117 14 107 37 13 26
1117 15 128 49 12 33
1117 16 134 50 15 30
1117 17 120 47 14 35
1117 18 103 50 14 33
1117 19 113 49 13 34
1117 23 247 44 14 30
1117 24 256 43 13 30
1117 25 271 103 16 41
1117 26 258 101 18 43
1117 27 267 0 10 13
1117 27 288 124 15 46
1117 28 298 118 17 49
1117 39 563 378 54 91
1117 40 527 365 49 79
1117 41 344 134 20 47
1117 42 336 139 22 48
1117 43 220 69 12 33
1117 44 228 68 11 32
1117 45 439 85 20 40
1117 46 443 95 19 35
1117 47 439 106 14 27
1117 48 207 105 24 43
1117 49 209 215 25 66
1117 50 348 56 12 30
1118 1 267 255 27 78
1118 2 280 277 30 73
1118 3 255 270 29 77
1118 13 135 27 13 29
1118 14 107 37 13 26
1118 15 127 49 11 33
1118 16 134 50 15 30
1118 17 119 47 14 35
1118 18 103 50 14 32
1118 19 113 49 13 34
1118 23 247 44 14 30
1118 24 256 43 13 30
1118 25 270 102 16 41
1118 26 258 100 18 43
1118 27 267 0 10 13
1118 27 287 124 15 46
1118 28 298 118 17 49
1118 39 562 379 53 91
1118 40 526 366 49 79
1118 41 343 134 20 47
1118 42 335 139 22 48
1118 43 220 69 12 33
1118 44 228 68 11 32
1118 45 439 85 20 40
1118 46 443 95 19 35
1118 47 438 105 15 28
1118 48 205 105 27 44
1118 49 208 214 26 67
1118 50 348 56 12 30
1119 1 267 255 27 78
1119 2 280 277 30 73
1119 3 256 270 29 77
1119 13 135 27 13 29
1119 14 107 37 13 26
1119 15 127 49 11 33
1119 16 134 50 15 30
1119 17 119 47 14 35
1119 18 103 50 14 32
1119 19 112 49 13 33
1119 23 246 44 14 30
1119 24 255 43 13 30
1119 25 270 102 16 42
1119 26 257 100 18 43
1119 27 267 0 10 13
1119 27 287 124 15 46
1119 28 297 118 17 49
1119 39 561 380 53 91
1119 40 525 367 49 78
1119 41 342 134 18 49
1119 42 335 139 18 48
1119 43 220 69 12 33
1119 44 228 69 11 32
1119 45 438 85 20 40
1119 46 442 95 19 35
1119 47 438 105 15 28
1119 48 206 105 27 44
1119 49 208 213 26 67
1119 50 348 57 12 30
1120 1 267 255 27 78
1120 2 280 278 30 73
1120 3 256 270 29 77
1120 13 135 27 13 30
1120 14 107 37 13 26
1120 15 127 49 11 33
1120 16 133 50 15 30
1120 17 119 47 15 35
1120 18 102 49 14 33
1120 19 112 49 13 33
1120 23 246 44 14 30
1120 24 255 43 13 30
1120 25 269 102 17 43
1120 26 257 100 18 43
1120 27 267 0 10 13
1120 27 287 124 15 45
1120 28 297 118 17 49
1120 39 563 381 52 96
1120 40 524 368 49 79
1120 41 341 134 18 49
1120 42 334 139 18 48
1120 43 220 69 12 33
1120 44 228 69 11 32
1120 45 438 85 20 40
1120 46 442 95 19 35
1120 47 438 106 15 27
1120 48 207 105 27 44
1120 49 207 212 27 65
1120 50 348 57 12 30
1121 1 267 255 24 78
1121 2 280 278 30 73
1121 3 256 270 29 76
1121 13 133 28 14 28
1121 14 107 36 13 26
1121 15 127 49 11 33
1121 16 132 51 13 29
1121 17 119 47 15 35
1121 18 102 49 14 33
1121 19 112 49 13 33
1121 23 246 44 14 30
1121 24 255 43 13 30
1121 25 268 101 17 44
1121 26 257 100 18 43
1121 27 267 0 10 13
1121 27 287 124 15 45
1121 28 295 118 19 49
1121 39 562 382 52 96
1121 40 524 368 49 78
1121 41 337 134 23 49
1121 42 331 139 20 48
1121 43 220 69 12 33
1121 44 228 69 11 32
1121 45 442 85 15 39
1121 46 445 95 15 35
1121 47 438 106 14 26
1121 48 208 106 27 44
1121 49 207 211 27 65
1121 50 348 57 12 30
1122 1 267 255 24 75
1122 2 280 278 30 73
1122 3 256 270 29 77
1122 13 133 28 14 28
1122 14 107 36 13 26
1122 15 127 49 11 33
1122 16 132 51 13 29
1122 17 119 47 15 35
1122 18 102 49 14 33
1122 19 112 49 13 33
1122 23 246 44 14 30
1122 24 255 43 13 30
1122 25 268 102 16 42
1122 26 257 100 18 43
1122 27 267 0 10 13
1122 27 287 124 15 45
1122 28 295 118 19 49
1122 39 562 382 52 96
1122 40 524 368 49 78
1122 41 337 134 23 49
1122 42 331 139 20 48
1122 43 220 69 12 33
1122 44 228 69 11 32
1122 45 442 85 17 38
1122 46 445 95 15 35
1122 47 435 105 17 27
1122 48 208 105 25 43
1122 49 207 211 27 65
1122 50 348 57 12 30
1123 1 267 255 24 75
1123 2 280 278 30 73
1123 3 256 270 29 76
1123 13 133 28 14 29
1123 14 107 36 13 26
1123 15 127 49 11 31
1123 16 132 51 13 29
1123 17 119 47 14 35
1123 18 102 48 14 34
1123 19 112 48 13 33
1123 23 246 44 14 30
1123 24 255 43 13 29
1123 25 268 101 17 44
1123 26 257 100 18 42
1123 27 267 0 10 13
1123 27 286 124 15 45
1123 28 295 118 19 49
1123 39 562 383 52 96
1123 40 523 369 49 78
1123 41 336 134 23 49
1123 42 329 139 20 48
1123 43 220 69 11 33
1123 44 228 69 11 32
1123 45 441 85 17 38
1123 46 444 95 15 35
1123 47 435 105 17 27
1123 48 212 105 22 43
1123 49 207 211 27 65
1123 50 348 57 12 31
1124 1 265 258 26 72
1124 2 280 278 30 73
1124 3 255 271 28 76
1124 13 134 28 13 29
1124 14 107 36 13 26
1124 15 127 49 11 31
1124 16 132 51 13 30
1124 17 119 47 14 35
1124 18 102 48 14 33
1124 19 112 48 13 33
1124 23 246 44 14 29
1124 24 255 43 13 29
1124 25 267 101 16 42
1124 26 257 100 17 41
1124 27 267 0 10 13
1124 27 286 124 15 45
1124 28 294 118 19 49
1124 39 561 384 52 98
1124 40 523 370 49 78
1124 41 333 134 25 49
1124 42 324 138 25 49
1124 43 221 69 12 33
1124 44 228 69 11 32
1124 45 441 85 17 38
1124 46 444 95 13 31
1124 47 434 105 15 27
1124 48 214 103 19 45
1124 49 207 211 26 64
1124 50 348 57 12 30
1125 1 263 258 28 72
1125 2 281 277 31 74
1125 3 255 271 29 76
1125 13 133 28 14 29
1125 14 107 36 13 26
1125 15 127 49 11 31
1125 16 132 51 13 30
1125 17 119 47 14 35
1125 18 102 49 14 33
1125 19 112 48 13 33
1125 23 245 44 14 29
1125 24 254 43 13 29
1125 25 267 101 16 42
1125 26 257 100 17 41
1125 27 267 0 10 13
1125 27 286 123 15 45
1125 28 294 118 19 49
1125 39 560 385 52 98
1125 40 522 371 49 78
1125 41 332 134 25 49
1125 42 323 138 25 49
1125 43 221 69 12 33
1125 44 228 69 11 33
1125 45 440 85 17 38
1125 46 444 95 13 31
1125 47 434 105 15 27
1125 48 215 103 19 45
1125 49 207 210 28 66
1125 50 348 57 12 30
1126 1 263 258 28 72
1126 2 281 277 31 74
1126 3 256 271 29 76
1126 13 132 28 15 29
1126 14 107 36 13 26
1126 15 126 49 11 31
1126 16 131 51 13 29
1126 17 118 47 14 35
1126 18 102 49 13 32
1126 19 112 48 13 33
1126 23 245 44 14 29
1126 24 254 43 12 29
1126 25 267 101 16 42
1126 26 256 100 17 40
1126 27 267 0 10 13
1126 27 286 123 15 45
1126 28 294 118 19 48
1126 39 560 386 52 99
1126 40 522 372 49 78
1126 41 331 134 27 48
1126 42 322 138 25 49
1126 43 221 69 12 33
1126 44 228 69 11 33
1126 45 440 85 17 38
1126 46 443 95 13 34
1126 47 433 105 15 26
1126 48 216 103 19 44
1126 49 206 209 28 68
1126 50 348 57 12 30
1127 1 263 258 25 72
1127 2 282 277 31 74
1127 3 255 271 29 76
1127 13 132 28 15 28
1127 14 107 36 13 26
1127 15 126 49 12 31
1127 16 131 51 13 29
1127 17 118 47 14 35
1127 18 102 49 13 32
1127 19 112 48 13 33
1127 23 245 44 12 28
1127 24 254 43 13 29
1127 25 267 101 16 42
1127 26 256 100 17 40
1127 27 267 0 10 13
1127 27 285 122 15 46
1127 28 293 117 19 49
1127 39 559 388 52 98
1127 40 522 371 49 78
1127 41 330 134 27 48
1127 42 322 138 25 51
1127 43 221 69 12 34
1127 44 229 69 11 33
1127 45 439 85 17 38
1127 46 442 95 13 34
1127 47 433 105 15 27
1127 48 217 102 20 44
1127 49 206 208 29 67
1127 50 348 57 12 31
1128 1 263 258 25 72
1128 2 282 277 29 74
1128 3 255 271 29 76
1128 13 132 28 15 29
1128 14 107 36 13 26
1128 15 126 49 12 31
1128 16 131 51 13 29
1128 17 118 47 14 35
1128 18 102 49 13 32
1128 19 112 48 13 33
1128 23 245 44 12 28
1128 24 254 43 13 29
1128 25 267 101 16 42
1128 26 256 100 17 40
1128 27 267 0 10 13
1128 27 285 122 15 46
1128 28 293 117 19 49
1128 39 559 387 52 97
1128 40 522 371 49 78
1128 41 330 134 27 48
1128 42 322 138 25 51
1128 43 221 69 12 34
1128 44 229 69 11 33
1128 45 439 85 17 38
1128 46 442 95 13 34
1128 47 433 105 15 27
1128 48 217 102 20 44
1128 49 206 208 29 67
1128 50 348 57 12 31
1129 1 263 258 25 72
1129 2 282 277 29 74
1129 3 255 271 29 76
1129 13 132 28 14 29
1129 14 107 37 13 26
1129 15 126 49 12 31
1129 16 131 51 13 29
1129 17 118 47 14 35
1129 18 101 49 14 33
1129 19 110 48 14 32
1129 23 245 44 14 29
1129 24 253 43 13 29
1129 25 267 101 16 42
1129 26 256 100 17 40
1129 27 267 1 10 13
1129 27 285 122 15 46
1129 28 293 117 19 48
1129 39 559 389 51 97
1129 40 522 372 49 78
1129 41 329 134 27 48
1129 42 321 138 27 50
1129 43 221 70 12 34
1129 44 229 69 11 33
1129 45 439 85 17 38
1129 46 442 95 13 34
1129 47 432 105 14 26
1129 48 218 102 20 44
1129 49 206 208 29 67
1129 50 348 57 12 31
1130 1 263 258 25 72
1130 2 282 277 29 74
1130 3 255 271 28 76
1130 13 132 28 14 27
1130 14 107 37 13 25
1130 15 125 49 12 31
1130 16 131 50 13 29
1130 17 117 47 14 34
1130 18 101 49 13 32
1130 19 110 48 14 33
1130 23 244 44 14 29
1130 24 253 43 13 29
1130 25 266 101 16 42
1130 26 256 100 17 40
1130 27 267 1 10 13
1130 27 285 122 13 43
1130 28 292 117 19 49
1130 39 558 390 51 97
1130 40 522 374 48 76
1130 41 327 134 27 48
1130 42 320 138 27 50
1130 43 221 70 12 34
1130 44 229 69 11 33
1130 45 438 84 17 39
1130 46 438 95 15 35
1130 47 433 104 15 28
1130 48 219 102 20 44
1130 49 206 207 29 67
1130 50 348 57 12 30
1131 1 263 259 25 71
1131 2 283 280 29 72
1131 3 255 272 28 75
1131 13 131 28 15 29
1131 14 107 37 13 25
1131 15 125 49 12 31
1131 16 131 50 13 29
1131 17 119 47 13 33
1131 18 102 51 13 30
1131 19 110 48 14 32
1131 23 244 43 14 30
1131 24 253 42 13 30
1131 25 267 101 16 41
1131 26 255 99 17 41
1131 27 267 1 10 13
1131 27 285 122 13 43
1131 28 292 117 19 49
1131 39 558 391 51 96
1131 40 522 375 48 75
1131 41 330 134 23 48
1131 42 321 138 22 50
1131 43 221 70 12 33
1131 44 230 69 13 33
1131 45 438 84 17 39
1131 46 438 95 15 35
1131 47 432 105 15 27
1131 48 221 102 25 46
1131 49 206 207 29 67
1131 50 348 57 12 30
1132 1 263 259 25 71
1132 2 283 280 29 72
1132 3 255 272 28 75
1132 13 131 28 16 28
1132 14 107 37 13 25
1132 15 123 49 13 31
1132 16 130 50 13 29
1132 17 119 47 13 33
1132 18 101 49 13 31
1132 19 109 48 13 32
1132 23 244 43 14 30
1132 24 252 42 13 30
1132 25 266 101 16 41
1132 26 255 99 17 41
1132 27 267 1 10 13
1132 27 284 122 13 43
1132 28 291 117 19 49
1132 39 557 391 49 95
1132 40 522 376 47 74
1132 41 329 134 23 48
1132 42 320 138 22 50
1132 43 222 70 12 34
1132 44 230 70 13 33
1132 45 437 84 17 39
1132 46 437 95 15 35
1132 47 431 105 14 26
1132 48 222 102 25 46
1132 49 205 206 29 67
1132 50 348 57 12 30
1133 1 263 259 25 71
1133 2 284 280 29 72
1133 3 254 273 28 74
1133 13 131 28 14 27
1133 14 107 37 13 25
1133 15 123 49 13 31
1133 16 130 50 13 29
1133 17 119 47 13 33
1133 18 101 49 13 31
1133 19 109 48 13 32
1133 23 243 43 13 29
1133 24 252 42 13 30
1133 25 266 101 16 41
1133 26 255 99 17 42
1133 27 267 1 10 13
1133 27 284 120 13 44
1133 28 291 116 19 49
1133 39 557 392 49 96
1133 40 522 374 48 76
1133 41 328 134 19 47
1133 42 319 138 22 50
1133 43 222 70 12 33
1133 44 230 70 12 33
1133 45 437 84 16 41
1133 46 436 95 19 35
1133 47 431 105 14 25
1133 48 221 102 25 46
1133 49 205 204 29 67
1133 50 348 57 12 31
1134 1 263 259 25 71
1134 2 284 280 29 72
1134 3 255 272 28 75
1134 13 131 28 15 29
1134 14 107 37 13 25
1134 15 123 49 13 31
1134 16 130 50 13 29
1134 17 119 47 13 33
1134 18 101 49 13 31
1134 19 109 48 13 32
1134 23 243 43 13 29
1134 24 252 42 13 30
1134 25 266 101 16 41
1134 26 255 99 17 42
1134 27 267 1 10 13
1134 27 284 120 13 44
1134 28 291 116 18 47
1134 39 557 392 49 96
1134 40 522 374 48 76
1134 41 328 134 19 47
1134 42 319 138 18 48
1134 43 222 70 12 33
1134 44 230 70 12 33
1134 45 437 84 17 39
1134 46 436 95 19 35
1134 47 431 105 14 25
1134 48 221 104 25 44
1134 49 205 204 29 67
1134 50 348 57 12 30
1135 1 263 259 25 71
1135 2 284 281 29 72
1135 3 255 272 28 75
1135 13 131 28 15 27
1135 14 106 35 13 26
1135 15 123 49 13 31
1135 16 130 50 13 29
1135 17 119 47 13 33
1135 18 101 49 13 31
1135 19 109 48 13 32
1135 23 243 43 13 29
1135 24 252 42 13 30
1135 25 265 100 19 41
1135 26 254 99 18 42
1135 27 267 1 10 13
1135 27 283 120 14 46
1135 28 291 116 18 47
1135 39 556 393 49 96
1135 40 522 378 46 72
1135 41 327 134 19 47
1135 42 318 135 18 52
1135 43 222 70 12 33
1135 44 230 70 13 33
1135 45 436 84 17 40
1135 46 436 95 19 35
1135 47 429 106 15 28
1135 48 222 105 25 43
1135 49 205 204 28 65
1135 50 348 57 12 31
1136 1 262 259 23 71
1136 2 285 281 29 71
1136 3 255 272 28 75
1136 13 131 28 15 27
1136 14 107 36 13 25
1136 15 123 49 13 31
1136 16 130 50 13 29
1136 17 118 47 13 32
1136 18 101 49 13 31
1136 19 109 48 13 32
1136 23 243 43 12 29
1136 24 252 42 13 29
1136 25 265 100 19 41
1136 26 254 98 18 42
1136 27 267 1 10 13
1136 27 283 120 14 46
1136 28 290 116 18 47
1136 39 555 393 50 96
1136 40 522 376 46 74
1136 41 326 132 19 49
1136 42 316 135 19 53
1136 43 222 71 11 32
1136 44 231 70 13 33
1136 45 436 84 17 41
1136 46 435 95 19 35
1136 47 429 106 15 28
1136 48 223 105 25 43
1136 49 204 202 27 63
1136 50 348 57 12 31
1137 1 262 259 23 71
1137 2 285 281 29 71
1137 3 253 272 30 75
1137 13 131 28 15 27
1137 14 106 35 13 27
1137 15 123 48 13 31
1137 16 129 49 13 30
1137 17 118 47 13 32
1137 18 101 49 13 32
1137 19 109 48 13 32
1137 23 243 43 13 29
1137 24 252 42 13 29
1137 25 264 100 19 41
1137 26 254 98 18 43
1137 27 267 1 10 13
1137 27 282 120 14 46
1137 28 290 116 18 47
1137 39 554 394 49 96
1137 40 522 376 46 74
1137 41 325 132 19 49
1137 42 313 135 19 51
1137 43 223 71 12 34
1137 44 231 70 12 35
1137 45 435 84 17 41
1137 46 435 95 19 35
1137 47 428 106 15 28
1137 48 224 105 26 44
1137 49 204 201 27 63
1137 50 348 57 12 30
1138 1 258 259 26 75
1138 2 285 282 29 71
1138 3 253 272 30 75
1138 13 131 28 14 25
1138 14 106 35 13 27
1138 15 122 48 13 32
1138 16 129 49 13 31
1138 17 118 47 13 32
1138 18 100 48 13 32
1138 19 109 48 12 31
1138 23 243 43 13 29
1138 24 251 42 13 29
1138 25 264 99 19 42
1138 26 253 98 18 42
1138 27 267 1 10 13
1138 27 281 120 16 46
1138 28 290 116 18 47
1138 39 554 395 49 95
1138 40 522 377 46 73
1138 41 320 132 23 50
1138 42 312 135 19 51
1138 43 223 71 12 34
1138 44 231 70 12 35
1138 45 435 84 17 41
1138 46 434 95 19 35
1138 47 428 106 15 28
1138 48 225 105 23 43
1138 49 204 201 27 64
1138 50 348 57 12 31
1139 1 258 259 26 75
1139 2 286 282 29 71
1139 3 253 272 30 75
1139 13 131 28 14 25
1139 14 107 36 13 25
1139 15 122 48 13 32
1139 16 129 49 13 31
1139 17 118 47 13 32
1139 18 100 48 13 32
1139 19 109 49 12 30
1139 23 243 43 13 29
1139 24 251 42 13 29
1139 25 264 99 18 39
1139 26 253 98 18 43
1139 27 267 1 10 13
1139 27 281 120 16 46
1139 28 290 116 16 49
1139 39 546 396 56 96
1139 40 522 377 46 73
1139 41 319 132 23 50
1139 42 308 135 25 53
1139 43 223 71 12 34
1139 44 231 70 12 35
1139 45 433 84 17 40
1139 46 433 95 19 35
1139 47 427 106 15 28
1139 48 226 105 23 43
1139 49 204 201 27 63
1139 50 348 57 12 30
1140 1 258 259 26 75
1140 2 286 282 29 71
1140 3 253 272 30 75
1140 13 131 28 14 25
1140 14 107 36 13 25
1140 15 122 49 13 32
1140 16 129 49 13 31
1140 17 118 47 13 32
1140 18 100 48 13 31
1140 19 109 49 12 30
1140 23 243 43 13 29
1140 24 251 42 13 29
1140 25 264 99 18 39
1140 26 253 98 18 40
1140 27 267 1 10 13
1140 27 281 120 16 46
1140 28 290 116 16 49
1140 39 546 396 56 96
1140 40 522 377 46 73
1140 41 319 132 23 50
1140 42 308 135 25 53
1140 43 223 71 12 34
1140 44 231 70 12 35
1140 45 434 84 19 38
1140 46 433 95 19 35
1140 47 427 106 16 26
1140 48 226 105 23 43
1140 49 204 201 27 64
1140 50 348 57 12 31
1141 1 257 259 26 75
1141 2 286 282 29 71
1141 3 253 273 30 75
1141 13 131 28 14 25
1141 14 107 36 13 25
1141 15 122 49 13 32
1141 16 129 49 13 31
1141 17 116 47 12 32
1141 18 100 48 13 31
1141 19 108 45 14 36
1141 23 242 43 13 29
1141 24 251 42 13 29
1141 25 264 99 18 39
1141 26 253 98 18 40
1141 27 267 1 10 13
1141 27 280 120 16 46
1141 28 290 116 16 49
1141 39 545 397 56 96
1141 40 522 378 44 72
1141 41 318 132 24 49
1141 42 307 135 25 53
1141 43 224 71 12 35
1141 44 232 70 12 35
1141 45 433 84 19 38
1141 46 433 95 19 35
1141 47 427 106 16 26
1141 48 231 104 20 44
1141 49 204 201 24 64
1141 50 348 57 12 30
1142 1 257 259 26 75
1142 2 286 282 29 71
1142 3 252 273 33 75
1142 13 131 28 14 25
1142 14 107 36 13 25
1142 15 122 49 13 31
1142 16 129 49 14 29
1142 17 116 47 12 32
1142 18 98 48 15 33
1142 19 110 47 14 33
1142 23 242 43 13 29
1142 24 251 42 13 29
1142 25 264 99 18 39
1142 26 253 98 18 40
1142 27 267 1 10 13
1142 27 280 120 16 46
1142 28 290 116 16 49
1142 39 544 398 57 98
1142 40 525 378 44 72
1142 41 312 132 31 50
1142 42 306 135 27 52
1142 43 224 71 11 33
1142 44 232 70 12 36
1142 45 433 84 19 38
1142 46 435 95 11 35
1142 47 426 106 16 26
1142 48 232 104 19 44
1142 49 204 201 24 64
1142 50 348 57 12 30
1143 1 257 260 26 75
1143 2 287 283 28 70
1143 3 252 273 33 75
1143 13 130 28 14 25
1143 14 107 36 13 25
1143 15 122 48 13 31
1143 16 129 49 14 29
1143 17 116 47 12 32
1143 18 98 48 15 33
1143 19 110 47 14 33
1143 23 242 43 13 29
1143 24 251 42 13 29
1143 25 265 99 16 40
1143 26 252 98 18 40
1143 27 267 1 10 13
1143 27 279 119 17 45
1143 28 289 116 16 49
1143 39 543 399 56 96
1143 40 525 378 44 72
1143 41 311 132 31 50
1143 42 305 135 27 52
1143 43 224 71 11 33
1143 44 232 70 12 36
1143 45 434 84 16 40
1143 46 434 95 11 35
1143 47 426 106 16 26
1143 48 233 104 19 43
1143 49 204 200 24 64
1143 50 348 57 12 30
1144 1 256 260 26 75
1144 2 287 283 28 70
1144 3 252 273 33 75
1144 13 130 28 14 25
1144 14 107 36 13 25
1144 15 121 48 13 32
1144 16 129 49 14 29
1144 17 115 47 12 32
1144 18 98 48 15 33
1144 19 107 48 14 33
1144 23 241 43 13 30
1144 24 250 42 13 29
1144 25 265 99 16 39
1144 26 252 98 18 40
1144 27 267 1 10 13
1144 27 279 119 17 45
1144 28 289 116 16 48
1144 39 541 400 57 98
1144 40 525 379 44 72
1144 41 309 132 31 51
1144 42 304 137 27 50
1144 43 224 71 11 34
1144 44 232 70 12 36
1144 45 433 84 16 40
1144 46 433 95 11 35
1144 47 425 106 16 26
1144 48 234 104 19 45
1144 49 206 200 21 64
1144 50 348 57 12 30
1145 1 254 260 30 75
1145 2 287 283 28 71
1145 3 251 273 33 75
1145 13 130 28 14 25
1145 14 107 36 13 25
1145 15 121 48 13 32
1145 16 128 49 14 29
1145 17 115 47 12 32
1145 18 97 48 15 33
1145 19 107 48 14 33
1145 23 241 43 13 30
1145 24 250 42 13 29
1145 25 264 99 17 40
1145 26 252 98 18 40
1145 27 267 1 10 13
1145 27 278 118 17 45
1145 28 288 115 16 49
1145 39 541 402 54 95
1145 40 525 379 44 71
1145 41 311 132 28 49
1145 42 303 137 27 50
1145 43 225 71 11 34
1145 44 232 70 12 36
1145 45 433 84 16 40
1145 46 434 95 11 35
1145 47 425 106 16 26
1145 48 235 104 19 45
1145 49 206 200 21 64
1145 50 348 57 12 30
1146 1 254 260 30 75
1146 2 287 283 28 71
1146 3 251 273 33 75
1146 13 130 28 14 25
1146 14 107 36 12 25
1146 15 121 48 13 32
1146 16 128 49 14 29
1146 17 115 47 12 32
1146 18 97 48 15 33
1146 19 107 48 14 33
1146 23 241 43 13 30
1146 24 250 42 12 29
1146 25 264 99 17 40
1146 26 252 98 17 40
1146 27 267 1 10 13
1146 27 278 118 17 45
1146 28 289 115 16 49
1146 39 541 402 54 95
1146 40 525 379 44 71
1146 41 311 132 28 49
1146 42 303 137 27 50
1146 43 225 71 11 34
1146 44 232 70 12 36
1146 45 431 84 17 40
1146 46 434 95 11 35
1146 47 425 106 16 26
1146 48 235 104 22 45
1146 49 206 200 21 64
1146 50 348 57 12 30
1147 1 252 260 32 75
1147 2 287 283 28 70
1147 3 251 273 33 75
1147 13 130 28 14 25
1147 14 107 36 12 25
1147 15 121 48 13 32
1147 16 128 49 14 29
1147 17 115 47 12 33
1147 18 97 48 15 33
1147 19 106 47 14 34
1147 23 241 42 13 30
1147 24 250 42 13 29
1147 25 264 99 17 40
1147 26 252 98 17 40
1147 27 267 1 10 13
1147 27 279 118 17 46
1147 28 288 115 16 49
1147 39 540 403 54 95
1147 40 525 380 43 71
1147 41 310 132 28 49
1147 42 302 137 27 50
1147 43 225 71 11 33
1147 44 233 70 12 35
1147 45 430 84 17 40
1147 46 429 95 15 35
1147 47 425 105 17 27
1147 48 236 104 22 45
1147 49 206 199 21 64
1147 50 348 57 12 30
1148 1 252 260 32 75
1148 2 287 283 28 70
1148 3 251 273 33 75
1148 13 130 28 14 25
1148 14 106 35 11 26
1148 15 120 48 13 32
1148 16 128 49 14 29
1148 17 115 47 12 33
1148 18 97 48 15 33
1148 19 106 47 14 34
1148 23 241 42 13 30
1148 24 250 42 13 29
1148 25 264 99 16 40
1148 26 251 98 17 40
1148 27 267 1 10 13
1148 27 279 118 17 46
1148 28 288 114 17 50
1148 39 539 404 54 94
1148 40 525 380 43 71
1148 41 308 131 29 52
1148 42 302 137 22 50
1148 43 225 71 11 33
1148 44 233 71 12 36
1148 45 430 84 17 40
1148 46 429 95 15 35
1148 47 424 105 17 27
1148 48 235 104 25 44
1148 49 205 199 22 60
1148 50 348 57 12 31
1149 1 251 260 32 75
1149 2 287 283 28 70
1149 3 251 274 33 74
1149 13 130 28 14 24
1149 14 106 35 13 27
1149 15 120 48 13 30
1149 16 128 49 14 29
1149 17 115 46 12 33
1149 18 97 48 15 34
1149 19 106 47 14 34
1149 23 241 42 13 30
1149 24 249 41 13 29
1149 25 264 99 16 40
1149 26 253 97 15 41
1149 27 267 1 10 13
1149 27 278 117 16 45
1149 28 288 114 17 50
1149 39 539 405 54 94
1149 40 525 380 45 73
1149 41 311 131 22 49
1149 42 301 137 22 50
1149 43 225 72 11 33
1149 44 233 71 12 36
1149 45 430 84 17 40
1149 46 428 95 15 35
1149 47 423 106 16 26
1149 48 236 104 25 44
1149 49 205 199 22 60
1149 50 348 56 13 32
1150 1 251 260 32 75
1150 2 288 283 29 70
1150 3 251 274 33 74
1150 13 129 28 14 25
1150 14 106 35 13 27
1150 15 120 48 13 30
1150 16 128 49 14 29
1150 17 115 46 12 32
1150 18 96 47 16 35
1150 19 106 47 14 35
1150 23 241 42 13 30
1150 24 249 41 13 29
1150 25 263 99 16 40
1150 26 253 97 15 41
1150 27 267 1 10 13
1150 27 278 117 16 45
1150 28 287 114 17 50
1150 39 541 407 50 92
1150 40 525 382 41 69
1150 41 310 131 22 49
1150 42 300 136 19 51
1150 43 226 72 11 33
1150 44 233 71 12 36
1150 45 428 84 17 41
1150 46 428 95 15 35
1150 47 423 106 16 25
1150 48 237 105 24 42
1150 49 204 196 22 61
1150 50 348 57 12 31
1151 1 251 260 32 75
1151 2 288 283 29 70
1151 3 251 274 33 74
1151 13 129 28 14 24
1151 14 106 35 13 27
1151 15 120 48 13 30
1151 16 127 49 13 29
1151 17 114 46 12 32
1151 18 96 47 16 34
1151 19 106 47 14 34
1151 23 240 43 13 29
1151 24 249 41 13 30
1151 25 263 98 16 40
1151 26 252 97 15 41
1151 27 267 1 10 13
1151 27 277 117 16 45
1151 28 287 113 17 50
1151 39 540 408 50 92
1151 40 525 382 41 69
1151 41 308 130 22 50
1151 42 299 136 19 51
1151 43 226 72 11 33
1151 44 234 71 12 36
1151 45 428 84 17 41
1151 46 427 95 15 35
1151 47 422 106 16 26
1151 48 238 104 25 44
1151 49 204 196 22 61
1151 50 348 57 12 31
1152 1 251 260 32 75
1152 2 288 283 29 70
1152 3 250 274 33 74
1152 13 129 28 14 24
1152 14 106 35 13 27
1152 15 119 48 13 32
1152 16 127 49 13 29
1152 17 114 46 12 32
1152 18 95 47 16 35
1152 19 106 47 14 34
1152 23 240 43 13 29
1152 24 249 41 13 30
1152 25 263 98 16 40
1152 26 252 97 15 41
1152 27 267 1 10 13
1152 27 277 117 16 45
1152 28 287 113 17 48
1152 39 540 408 50 92
1152 40 525 382 41 69
1152 41 309 131 18 50
1152 42 299 136 19 51
1152 43 226 72 11 33
1152 44 234 71 12 36
1152 45 428 84 17 41
1152 46 426 95 16 34
1152 47 422 106 16 26
1152 48 238 104 25 44
1152 49 204 196 22 61
1152 50 348 56 13 32
1153 1 250 260 32 75
1153 2 288 283 29 70
1153 3 250 274 33 74
1153 13 129 28 14 24
1153 14 104 35 14 27
1153 15 120 48 13 32
1153 16 127 48 13 29
1153 17 114 49 12 30
1153 18 95 47 16 34
1153 19 106 46 14 34
1153 23 240 43 13 29
1153 24 249 41 13 29
1153 25 262 98 16 41
1153 26 252 96 15 41
1153 27 267 1 10 13
1153 27 277 117 16 45
1153 28 287 113 17 48
1153 39 539 409 50 91
1153 40 525 383 43 68
1153 41 308 131 18 50
1153 42 298 136 18 51
1153 43 226 72 11 33
1153 44 233 71 12 35
1153 45 427 84 17 41
1153 46 426 95 16 34
1153 47 422 106 16 26
1153 48 239 105 22 43
1153 49 204 196 22 61
1153 50 348 57 12 31
1154 1 250 260 32 76
1154 2 288 283 29 70
1154 3 250 274 33 75
1154 13 129 28 14 24
1154 14 104 34 13 27
1154 15 119 48 13 32
1154 16 127 48 13 30
1154 17 114 49 12 30
1154 18 95 47 15 34
1154 19 105 46 14 34
1154 23 240 43 12 29
1154 24 249 41 12 29
1154 25 262 98 16 40
1154 26 252 96 15 42
1154 27 267 1 10 13
1154 27 277 117 16 45
1154 28 286 113 17 48
1154 39 538 409 49 89
1154 40 525 384 43 68
1154 41 307 131 18 50
1154 42 293 136 23 51
1154 43 226 72 11 34
1154 44 234 72 12 36
1154 45 427 84 17 41
1154 46 425 95 16 34
1154 47 421 105 16 26
1154 48 241 105 21 42
1154 49 204 196 22 61
1154 50 349 57 12 30
1155 1 249 259 33 77
1155 2 288 283 29 70
1155 3 250 274 33 74
1155 13 129 28 13 24
1155 14 104 34 13 27
1155 15 119 48 13 32
1155 16 127 48 13 29
1155 17 114 49 12 30
1155 18 95 47 15 34
1155 19 105 46 14 35
1155 23 240 43 12 29
1155 24 249 41 12 29
1155 25 262 98 16 41
1155 26 251 96 15 40
1155 27 267 1 10 13
1155 27 277 117 16 45
1155 28 286 113 17 48
1155 39 537 410 49 88
1155 40 525 384 43 68
1155 41 303 131 22 50
1155 42 292 136 23 50
1155 43 227 73 10 31
1155 44 234 72 12 35
1155 45 426 85 17 40
1155 46 425 95 16 34
1155 47 421 105 16 26
1155 48 245 105 17 42
1155 49 204 196 24 61
1155 50 349 57 12 30
1156 1 249 260 33 77
1156 2 288 283 29 70
1156 3 250 274 33 74
1156 13 129 28 14 24
1156 14 104 35 14 27
1156 15 119 47 13 31
1156 16 127 48 13 29
1156 17 113 49 12 30
1156 18 95 47 15 33
1156 19 105 46 14 34
1156 23 240 42 13 28
1156 24 249 41 12 27
1156 25 261 97 16 41
1156 26 251 96 15 39
1156 27 267 1 10 13
1156 27 276 117 16 45
1156 28 286 113 17 48
1156 39 536 411 49 93
1156 40 525 384 43 67
1156 41 302 131 22 50
1156 42 291 136 23 51
1156 43 227 73 11 33
1156 44 235 72 12 36
1156 45 426 85 17 39
1156 46 425 95 16 34
1156 47 421 105 16 26
1156 48 246 105 17 42
1156 49 204 196 24 61
1156 50 349 57 12 30
1157 1 247 260 35 75
1157 2 290 283 27 70
1157 3 250 274 33 75
1157 13 128 28 13 24
1157 14 104 35 14 27
1157 15 118 49 14 29
1157 16 127 48 13 28
1157 17 113 49 12 30
1157 18 95 47 15 33
1157 19 104 46 14 35
1157 23 240 42 13 28
1157 24 248 41 12 29
1157 25 261 97 17 41
1157 26 250 95 16 40
1157 27 267 1 10 13
1157 27 276 117 16 44
1157 28 285 113 17 48
1157 39 535 412 49 93
1157 40 525 385 42 67
1157 41 301 131 24 49
1157 42 289 137 24 49
1157 43 227 73 12 34
1157 44 235 72 12 36
1157 45 426 85 17 39
1157 46 424 95 16 34
1157 47 420 105 16 26
1157 48 250 105 13 41
1157 49 203 195 25 62
1157 50 349 57 12 30
1158 1 247 260 35 75
1158 2 290 283 27 70
1158 3 250 274 33 75
1158 13 128 28 14 24
1158 14 104 35 14 27
1158 15 118 49 14 29
1158 16 127 48 13 29
1158 17 113 49 12 30
1158 18 95 47 15 33
1158 19 104 46 14 35
1158 23 240 42 13 28
1158 24 248 41 12 29
1158 25 261 97 17 41
1158 26 250 95 16 40
1158 27 267 1 10 13
1158 27 276 117 16 44
1158 28 286 113 16 48
1158 39 535 412 50 97
1158 40 525 385 42 67
1158 41 301 131 24 49
1158 42 289 137 24 49
1158 43 227 73 12 34
1158 44 235 72 12 36
1158 45 426 85 17 39
1158 46 424 95 16 34
1158 47 420 105 16 26
1158 48 250 105 13 41
1158 49 203 195 25 62
1158 50 349 57 12 30
1159 1 247 260 35 75
1159 2 290 283 27 70
1159 3 249 273 33 76
1159 13 128 28 14 24
1159 14 104 35 14 27
1159 15 118 49 14 29
1159 16 127 49 12 28
1159 17 113 49 12 30
1159 18 95 47 15 33
1159 19 104 47 14 33
1159 23 239 42 13 28
1159 24 248 41 12 29
1159 25 261 97 17 41
1159 26 250 95 16 40
1159 27 267 1 10 13
1159 27 276 117 16 44
1159 28 286 113 16 48
1159 39 534 413 50 97
1159 40 525 385 41 66
1159 41 299 134 26 46
1159 42 288 137 24 49
1159 43 227 73 11 33
1159 44 233 72 14 36
1159 45 425 85 17 39
1159 46 427 95 13 33
1159 47 420 105 16 26
1159 48 250 105 13 41
1159 49 203 195 25 62
1159 50 349 57 12 30
1160 1 245 260 37 75
1160 2 290 283 27 70
1160 3 250 274 33 75
1160 13 128 28 14 24
1160 14 103 35 13 27
1160 15 118 49 14 29
1160 16 126 48 13 28
1160 17 113 49 12 30
1160 18 95 47 15 33
1160 19 104 46 14 34
1160 23 239 42 13 28
1160 24 248 41 12 29
1160 25 261 97 17 41
1160 26 249 95 18 39
1160 27 267 1 10 13
1160 27 276 117 16 44
1160 28 285 113 16 47
1160 39 533 414 50 102
1160 40 525 386 42 66
1160 41 298 134 26 46
1160 42 290 137 23 49
1160 43 227 73 12 34
1160 44 233 72 14 36
1160 45 425 85 16 38
1160 46 427 95 13 33
1160 47 420 105 16 26
1160 48 250 105 13 41
1160 49 203 194 25 62
1160 50 349 57 12 30
1161 1 245 260 37 75
1161 2 290 283 27 70
1161 3 250 274 33 75
1161 13 128 28 14 24
1161 14 103 35 13 27
1161 15 117 49 14 29
1161 16 126 49 12 28
1161 17 112 49 11 30
1161 18 95 47 15 33
1161 19 103 46 14 33
1161 23 239 42 13 30
1161 24 248 41 12 29
1161 25 261 97 17 41
1161 26 249 95 18 39
1161 27 267 1 10 13
1161 27 276 117 16 44
1161 28 285 113 16 47
1161 39 532 415 50 105
1161 40 525 386 42 66
1161 41 299 134 25 48
1161 42 289 137 23 48
1161 43 228 73 12 34
1161 44 234 72 14 36
1161 45 425 85 16 38
1161 46 426 95 13 33
1161 47 420 105 16 26
1161 48 250 104 22 42
1161 49 203 194 25 62
1161 50 349 57 12 30
1162 1 245 260 37 75
1162 2 290 282 27 71
1162 3 249 274 33 75
1162 13 128 28 14 24
1162 14 103 35 13 27
1162 15 117 49 14 29
1162 16 126 48 13 29
1162 17 112 49 12 31
1162 18 95 47 15 33
1162 19 103 46 14 34
1162 23 239 42 13 28
1162 24 247 41 13 29
1162 25 261 97 17 40
1162 26 249 95 18 39
1162 27 267 1 10 13
1162 27 275 117 15 43
1162 28 285 113 16 47
1162 39 531 416 50 106
1162 40 525 386 40 65
1162 41 298 134 25 48
1162 42 288 137 19 49
1162 43 228 73 12 34
1162 44 234 72 14 36
1162 45 423 85 17 38
1162 46 426 95 13 32
1162 47 419 105 16 26
1162 48 253 104 19 42
1162 49 203 194 23 59
1162 50 349 57 12 30
1163 1 245 260 37 75
1163 2 290 282 27 71
1163 3 249 274 33 75
1163 13 128 28 14 24
1163 14 103 34 13 26
1163 15 117 49 14 29
1163 16 125 48 13 30
1163 17 112 49 11 30
1163 18 94 47 14 33
1163 19 103 46 14 33
1163 23 239 42 13 28
1163 24 247 41 13 29
1163 25 261 97 15 41
1163 26 249 95 18 38
1163 27 267 1 10 13
1163 27 275 116 15 42
1163 28 284 113 16 44
1163 39 530 417 50 107
1163 40 523 386 43 69
1163 41 297 134 24 47
1163 42 287 137 19 49
1163 43 228 73 12 34
1163 44 234 72 14 37
1163 45 423 85 17 38
1163 46 426 95 13 32
1163 47 419 105 16 26
1163 48 253 104 19 42
1163 49 203 193 23 59
1163 50 349 57 12 30
1164 1 245 260 37 75
1164 2 290 282 27 71
1164 3 250 274 33 74
1164 13 128 28 14 24
1164 14 103 34 13 26
1164 15 117 49 12 29
1164 16 126 49 12 26
1164 17 113 49 12 30
1164 18 94 47 14 33
1164 19 103 46 14 33
1164 23 239 42 13 28
1164 24 247 41 13 29
1164 25 261 97 15 41
1164 26 248 95 17 40
1164 27 267 1 10 13
1164 27 275 116 15 42
1164 28 284 113 16 44
1164 39 531 417 50 105
1164 40 523 386 43 69
1164 41 297 134 23 47
1164 42 287 137 19 49
1164 43 228 73 12 34
1164 44 234 72 14 37
1164 45 423 85 17 38
1164 46 426 95 13 32
1164 47 419 105 16 27
1164 48 253 104 19 42
1164 49 203 194 23 59
1164 50 349 57 12 31
1165 1 245 260 37 75
1165 2 290 282 28 71
1165 3 250 274 33 75
1165 13 127 28 14 24
1165 14 103 34 13 26
1165 15 117 49 12 29
1165 16 125 48 14 31
1165 17 113 49 12 30
1165 18 94 47 14 33
1165 19 103 46 14 33
1165 23 239 42 13 28
1165 24 246 41 12 28
1165 25 261 97 15 41
1165 26 248 95 17 41
1165 27 267 1 10 13
1165 27 275 116 15 42
1165 28 283 113 16 44
1165 39 530 419 49 103
1165 40 523 387 44 69
1165 41 296 134 23 47
1165 42 286 137 17 48
1165 43 228 73 12 34
1165 44 234 72 15 40
1165 45 422 85 17 38
1165 46 425 95 13 32
1165 47 418 104 16 26
1165 48 253 104 19 42
1165 49 203 193 21 57
1165 50 349 57 12 31
1166 1 245 260 37 75
1166 2 290 281 28 72
1166 3 250 274 33 75
1166 13 127 28 14 24
1166 14 103 34 13 26
1166 15 117 49 12 29
1166 16 124 47 15 31
1166 17 113 49 12 30
1166 18 94 47 14 33
1166 19 103 46 13 32
1166 23 238 42 13 28
1166 24 246 41 12 28
1166 25 261 97 15 41
1166 26 247 94 18 42
1166 27 267 1 10 13
1166 27 275 116 15 42
1166 28 283 113 16 44
1166 39 529 419 52 104
1166 40 524 387 40 65
1166 41 294 134 22 46
1166 42 285 137 17 48
1166 43 228 73 12 33
1166 44 234 72 16 36
1166 45 422 85 17 38
1166 46 425 95 13 32
1166 47 418 105 16 26
1166 48 253 104 24 43
1166 49 203 192 21 57
1166 50 349 57 12 30
1167 1 245 260 37 75
1167 2 290 281 28 72
1167 3 250 274 33 75
1167 13 127 28 14 24
1167 14 103 33 13 26
1167 15 116 49 12 29
1167 16 124 47 15 31
1167 17 113 49 12 30
1167 18 94 46 14 34
1167 19 103 46 13 32
1167 23 238 42 13 28
1167 24 246 41 12 28
1167 25 259 96 17 40
1167 26 247 95 17 41
1167 27 267 1 10 13
1167 27 274 115 15 42
1167 28 282 112 16 44
1167 39 529 420 53 104
1167 40 524 388 40 65
1167 41 293 131 19 49
1167 42 282 137 20 48
1167 43 229 73 14 35
1167 44 234 72 16 36
1167 45 422 85 17 38
1167 46 421 95 17 32
1167 47 417 105 16 26
1167 48 253 104 24 43
1167 49 203 192 21 58
1167 50 349 57 12 30
1168 1 246 260 37 75
1168 2 289 280 28 73
1168 3 250 274 33 75
1168 13 127 28 14 24
1168 14 103 33 13 26
1168 15 116 49 12 29
1168 16 123 47 15 32
1168 17 112 49 11 30
1168 18 94 46 14 33
1168 19 103 46 14 34
1168 23 238 42 13 28
1168 24 246 41 12 28
1168 25 259 96 17 40
1168 26 247 95 17 42
1168 27 267 1 10 13
1168 27 274 115 15 41
1168 28 282 112 16 43
1168 39 528 421 52 99
1168 40 522 388 46 67
1168 41 292 131 19 49
1168 42 278 137 23 48
1168 43 229 73 14 35
1168 44 235 72 16 36
1168 45 421 85 17 38
1168 46 421 95 17 32
1168 47 417 105 16 25
1168 48 253 104 24 44
1168 49 203 192 21 58
1168 50 349 57 12 30
1169 1 246 261 37 75
1169 2 289 280 28 73
1169 3 250 274 33 75
1169 13 127 28 14 24
1169 14 102 33 13 26
1169 15 116 49 12 29
1169 16 123 47 15 32
1169 17 112 49 11 30
1169 18 94 46 14 34
1169 19 103 46 14 34
1169 23 237 42 13 28
1169 24 245 41 12 28
1169 25 259 96 17 40
1169 26 245 94 18 42
1169 27 267 1 10 13
1169 27 274 115 15 42
1169 28 281 112 16 44
1169 39 528 421 52 99
1169 40 522 388 46 67
1169 41 291 131 19 49
1169 42 274 137 28 48
1169 43 230 74 14 35
1169 44 235 73 15 36
1169 45 421 85 17 38
1169 46 423 91 13 36
1169 47 416 105 15 25
1169 48 259 103 17 41
1169 49 202 189 22 61
1169 50 349 57 12 30
1170 1 246 260 37 75
1170 2 289 280 28 73
1170 3 250 274 33 75
1170 13 127 28 14 24
1170 14 103 34 13 25
1170 15 116 49 12 29
1170 16 123 47 15 32
1170 17 112 49 11 30
1170 18 94 46 14 34
1170 19 103 46 14 33
1170 23 237 42 13 28
1170 24 245 41 12 28
1170 25 259 95 18 42
1170 26 245 94 18 42
1170 27 267 1 10 13
1170 27 274 115 15 42
1170 28 281 112 16 44
1170 39 524 421 55 99
1170 40 522 388 46 67
1170 41 291 131 19 49
1170 42 274 137 28 48
1170 43 230 74 14 35
1170 44 235 73 14 36
1170 45 421 85 17 38
1170 46 423 91 13 36
1170 47 416 105 15 25
1170 48 259 103 17 41
1170 49 202 189 20 59
1170 50 349 57 12 30
1171 1 246 261 37 75
1171 2 289 279 28 74
1171 3 250 274 33 75
1171 13 127 28 14 24
1171 14 102 34 13 26
1171 15 116 49 12 29
1171 16 123 47 16 31
1171 17 112 49 11 30
1171 18 94 47 14 33
1171 19 103 46 13 32
1171 23 237 42 13 28
1171 24 245 41 12 28
1171 25 259 95 17 40
1171 26 245 94 18 42
1171 27 267 1 10 13
1171 27 274 115 14 43
1171 28 283 112 15 45
1171 39 524 421 55 99
1171 40 522 388 46 67
1171 41 290 132 20 48
1171 42 273 137 28 48
1171 43 230 74 14 35
1171 44 235 73 14 36
1171 45 420 85 17 38
1171 46 423 91 13 36
1171 47 416 103 13 26
1171 48 259 103 17 41
1171 49 202 189 20 59
1171 50 349 57 12 30
1172 1 246 261 37 74
1172 2 289 279 29 74
1172 3 250 274 33 75
1172 13 127 28 14 24
1172 14 102 33 13 26
1172 15 116 49 12 29
1172 16 123 47 16 31
1172 17 112 49 11 30
1172 18 94 47 14 33
1172 19 103 46 14 33
1172 23 237 42 13 30
1172 24 245 41 12 28
1172 25 258 95 17 39
1172 26 245 94 18 41
1172 27 267 1 10 13
1172 27 274 115 14 43
1172 28 282 112 15 45
1172 39 523 422 55 99
1172 40 522 388 46 67
1172 41 286 132 23 48
1172 42 272 137 28 47
1172 43 230 74 14 35
1172 44 236 73 14 36
1172 45 420 85 17 38
1172 46 422 91 13 36
1172 47 416 103 13 26
1172 48 263 103 13 42
1172 49 202 189 20 59
1172 50 349 57 12 30
1173 1 247 261 37 74
1173 2 289 279 29 74
1173 3 250 274 33 75
1173 13 126 28 14 24
1173 14 102 33 13 26
1173 15 115 49 12 29
1173 16 123 47 15 30
1173 17 112 49 11 30
1173 18 93 47 14 33
1173 19 102 46 13 33
1173 23 237 41 13 29
1173 24 245 41 11 28
1173 25 259 95 15 41
1173 26 244 94 19 44
1173 27 267 1 10 13
1173 27 273 115 14 43
1173 28 282 112 15 45
1173 39 520 422 58 99
1173 40 521 388 46 68
1173 41 285 132 23 48
1173 42 272 138 28 47
1173 43 231 74 14 35
1173 44 236 73 14 36
1173 45 419 85 17 38
1173 46 422 91 13 36
1173 47 416 103 13 26
1173 48 263 104 19 41
1173 49 202 189 20 58
1173 50 349 57 12 30
1174 1 247 261 37 75
1174 2 289 278 29 75
1174 3 250 275 33 74
1174 13 126 28 14 24
1174 14 102 34 13 26
1174 15 115 48 12 29
1174 16 123 47 15 30
1174 17 112 48 11 30
1174 18 93 47 14 33
1174 19 102 46 14 33
1174 23 237 41 12 28
1174 24 245 41 12 28
1174 25 258 95 17 40
1174 26 245 94 18 41
1174 27 267 1 10 13
1174 27 273 115 14 43
1174 28 282 112 15 45
1174 39 520 422 58 99
1174 40 522 388 46 67
1174 41 282 133 27 48
1174 42 270 138 28 47
1174 43 231 74 14 35
1174 44 236 73 14 36
1174 45 419 85 17 38
1174 46 421 91 13 36
1174 47 415 103 13 26
1174 48 268 106 14 39
1174 49 202 189 20 58
1174 50 349 57 12 30
1175 1 248 262 37 74
1175 2 289 278 29 74
1175 3 250 275 33 74
1175 13 126 28 14 24
1175 14 102 35 12 25
1175 15 115 48 12 29
1175 16 123 47 15 30
1175 17 112 48 11 30
1175 18 94 47 14 33
1175 19 102 46 14 33
1175 23 237 41 12 28
1175 24 245 41 11 27
1175 25 258 95 17 41
1175 26 244 94 19 42
1175 27 267 1 10 13
1175 27 273 115 14 43
1175 28 281 112 15 44
1175 39 517 423 60 104
1175 40 522 388 46 67
1175 41 281 133 27 48
1175 42 270 138 27 47
1175 43 231 74 14 35
1175 44 237 73 14 36
1175 45 418 85 17 38
1175 46 421 91 13 36
1175 47 415 103 13 25
1175 48 268 106 14 39
1175 49 202 189 20 58
1175 50 349 57 12 31
1176 1 248 262 37 74
1176 2 289 278 29 74
1176 3 252 274 33 75
1176 13 126 28 14 24
1176 14 102 35 12 25
1176 15 115 49 12 29
1176 16 123 47 15 30
1176 17 112 48 11 30
1176 18 94 47 14 33
1176 19 102 46 14 33
1176 23 237 41 12 28
1176 24 245 41 11 27
1176 25 258 95 17 40
1176 26 244 94 19 41
1176 27 267 1 10 13
1176 27 273 115 14 43
1176 28 281 113 15 43
1176 39 517 423 60 104
1176 40 522 388 46 67
1176 41 281 133 27 48
1176 42 272 138 25 47
1176 43 232 74 14 35
1176 44 237 73 14 36
1176 45 418 85 17 38
1176 46 421 91 13 36
1176 47 415 103 13 25
1176 48 268 104 18 41
1176 49 202 189 20 58
1176 50 349 57 12 31
1177 1 248 262 36 74
1177 2 291 278 28 72
1177 3 252 274 33 75
1177 13 126 28 14 23
1177 14 102 35 12 25
1177 15 115 49 12 26
1177 16 123 47 15 30
1177 17 110 48 12 31
1177 18 93 47 14 33
1177 19 102 46 14 32
1177 23 236 41 12 28
1177 24 245 41 11 27
1177 25 258 95 17 41
1177 26 244 94 19 40
1177 27 267 1 10 13
1177 27 272 115 14 42
1177 28 280 112 15 44
1177 39 517 423 60 104
1177 40 522 388 46 67
1177 41 280 133 27 48
1177 42 271 138 25 47
1177 43 232 74 14 36
1177 44 237 73 14 36
1177 45 418 85 17 38
1177 46 421 91 13 35
1177 47 414 103 13 25
1177 48 268 104 18 40
1177 49 203 189 19 54
1177 50 349 58 12 30
1178 1 247 261 37 75
1178 2 291 278 28 72
1178 3 251 275 32 74
1178 13 126 28 13 23
1178 14 102 35 12 25
1178 15 115 49 12 26
1178 16 122 47 15 30
1178 17 110 48 12 30
1178 18 93 46 14 33
1178 19 102 46 14 32
1178 23 236 41 12 27
1178 24 244 41 12 28
1178 25 257 95 17 41
1178 26 244 94 17 40
1178 27 267 1 10 13
1178 27 272 115 14 41
1178 28 280 112 15 44
1178 39 516 424 60 104
1178 40 522 388 46 67
1178 41 281 133 25 49
1178 42 270 138 24 45
1178 43 232 74 14 36
1178 44 237 73 15 39
1178 45 417 84 17 39
1178 46 420 91 13 36
1178 47 414 103 13 26
1178 48 268 105 18 40
1178 49 201 183 21 59
1178 50 349 58 12 30
1179 1 251 261 34 75
1179 2 291 278 28 73
1179 3 251 275 33 74
1179 13 126 28 13 23
1179 14 101 35 12 25
1179 15 115 49 12 26
1179 16 122 47 15 30
1179 17 109 48 12 30
1179 18 92 46 14 33
1179 19 102 46 14 32
1179 23 236 41 12 27
1179 24 244 40 12 28
1179 25 258 96 16 39
1179 26 244 94 17 40
1179 27 267 1 10 13
1179 27 271 115 15 41
1179 28 279 112 15 44
1179 39 516 424 60 104
1179 40 522 388 46 67
1179 41 280 133 25 49
1179 42 273 139 17 41
1179 43 233 73 13 36
1179 44 240 73 14 36
1179 45 417 84 17 39
1179 46 420 91 13 36
1179 47 414 103 13 26
1179 48 269 105 17 40
1179 49 201 183 21 59
1179 50 349 58 12 30
1180 1 251 261 34 75
1180 2 291 278 28 73
1180 3 251 272 34 78
1180 13 126 28 13 23
1180 14 101 35 12 25
1180 15 114 48 13 27
1180 16 122 47 15 28
1180 17 110 48 12 30
1180 18 93 46 14 33
1180 19 101 46 14 32
1180 23 236 41 12 27
1180 24 244 40 11 27
1180 25 258 96 16 39
1180 26 244 94 17 40
1180 27 267 1 10 13
1180 27 271 115 15 41
1180 28 279 112 15 44
1180 39 516 424 60 104
1180 40 521 387 46 68
1180 41 279 133 24 47
1180 42 272 139 17 41
1180 43 233 73 13 36
1180 44 240 73 14 36
1180 45 416 84 17 39
1180 46 419 91 13 35
1180 47 413 103 13 26
1180 48 268 106 17 39
1180 49 201 183 21 59
1180 50 349 58 12 30
1181 1 252 261 34 75
1181 2 291 278 28 73
1181 3 251 275 32 74
1181 13 126 28 13 23
1181 14 101 35 12 25
1181 15 114 48 13 27
1181 16 122 47 15 28
1181 17 108 48 12 30
1181 18 92 46 14 33
1181 19 101 46 14 32
1181 23 236 41 12 27
1181 24 244 40 11 27
1181 25 257 96 16 39
1181 26 243 94 17 40
1181 27 267 1 10 13
1181 27 271 115 13 40
1181 28 278 112 17 44
1181 39 516 427 60 102
1181 40 521 387 47 68
1181 41 278 133 24 47
1181 42 271 136 14 44
1181 43 234 73 13 36
1181 44 240 73 14 36
1181 45 416 84 17 39
1181 46 419 91 13 35
1181 47 413 103 13 25
1181 48 275 105 16 39
1181 49 198 181 23 58
1181 50 349 58 12 30
1182 1 252 261 34 75
1182 2 291 278 28 73
1182 3 251 276 32 73
1182 13 126 28 13 23
1182 14 101 34 12 26
1182 15 114 48 13 27
1182 16 122 47 15 28
1182 17 110 48 12 30
1182 18 92 46 14 33
1182 19 101 46 14 32
1182 23 236 41 12 27
1182 24 244 40 12 28
1182 25 257 96 16 39
1182 26 243 94 17 40
1182 27 267 1 10 13
1182 27 271 115 13 40
1182 28 278 112 17 44
1182 39 516 427 60 102
1182 40 521 387 47 68
1182 41 278 133 24 47
1182 42 271 136 14 44
1182 43 234 73 13 36
1182 44 240 73 14 36
1182 45 416 84 17 39
1182 46 419 91 13 35
1182 47 413 103 13 25
1182 48 275 105 16 39
1182 49 198 181 23 58
1182 50 349 58 12 30
1183 1 252 262 34 74
1183 2 291 278 28 73
1183 3 252 274 33 75
1183 13 125 28 12 23
1183 14 101 34 12 26
1183 15 114 48 13 27
1183 16 122 47 15 28
1183 17 110 48 12 30
1183 18 92 46 14 33
1183 19 101 46 14 32
1183 23 236 41 12 27
1183 24 244 40 11 27
1183 25 257 96 16 39
1183 26 243 94 17 40
1183 27 267 1 10 13
1183 27 271 115 13 40
1183 28 277 112 17 44
1183 39 516 427 57 102
1183 40 521 386 47 68
1183 41 280 133 18 48
1183 42 269 136 15 47
1183 43 234 73 13 36
1183 44 241 75 14 34
1183 45 415 84 17 39
1183 46 418 91 14 34
1183 47 412 103 13 25
1183 48 275 105 16 39
1183 49 198 181 23 58
1183 50 349 58 12 30
1184 1 252 262 34 74
1184 2 292 278 28 72
1184 3 252 277 32 72
1184 13 125 28 12 23
1184 14 101 34 12 26
1184 15 112 48 15 27
1184 16 121 47 15 28
1184 17 110 48 12 30
1184 18 91 46 14 33
1184 19 101 45 14 33
1184 23 235 41 12 27
1184 24 244 40 11 27
1184 25 257 95 16 39
1184 26 242 93 17 40
1184 27 267 1 10 13
1184 27 270 114 13 40
1184 28 278 111 16 43
1184 39 516 427 57 102
1184 40 521 386 47 69
1184 41 279 133 18 48
1184 42 268 136 15 47
1184 43 234 73 13 36
1184 44 241 73 14 36
1184 45 414 83 17 39
1184 46 417 91 14 34
1184 47 412 102 13 25
1184 48 275 105 16 39
1184 49 198 181 23 58
1184 50 349 57 12 30
1185 1 252 262 34 74
1185 2 289 278 31 71
1185 3 252 276 32 73
1185 13 124 28 12 23
1185 14 101 34 12 25
1185 15 112 48 15 27
1185 16 121 47 15 28
1185 17 110 48 12 30
1185 18 91 46 14 33
1185 19 99 45 15 33
1185 23 235 41 12 27
1185 24 243 40 11 27
1185 25 256 95 16 39
1185 26 242 93 17 41
1185 27 267 1 10 13
1185 27 269 114 13 40
1185 28 278 111 16 43
1185 39 516 427 57 102
1185 40 520 385 47 69
1185 41 276 132 18 49
1185 42 262 136 22 47
1185 43 235 74 13 36
1185 44 242 75 14 35
1185 45 414 83 17 39
1185 46 417 91 14 34
1185 47 412 102 13 25
1185 48 278 104 15 40
1185 49 198 181 23 58
1185 50 349 57 12 30
1186 1 252 262 34 74
1186 2 289 278 31 71
1186 3 252 276 32 73
1186 13 124 28 12 23
1186 14 101 34 12 25
1186 15 112 48 13 27
1186 16 121 46 15 28
1186 17 109 48 12 30
1186 18 91 46 14 33
1186 19 99 45 15 32
1186 23 235 41 12 27
1186 24 243 40 11 27
1186 25 256 95 16 40
1186 26 241 93 18 42
1186 27 267 1 10 13
1186 27 269 114 13 40
1186 28 277 111 17 43
1186 39 515 427 57 102
1186 40 520 385 47 69
1186 41 275 132 18 49
1186 42 261 136 22 47
1186 43 235 74 13 36
1186 44 242 75 14 35
1186 45 414 83 17 39
1186 46 416 91 14 34
1186 47 411 102 12 25
1186 48 278 104 15 40
1186 49 198 181 24 57
1186 50 349 57 12 30
1187 1 252 262 34 74
1187 2 290 278 31 71
1187 3 252 277 32 73
1187 13 124 28 13 23
1187 14 101 34 12 25
1187 15 112 48 13 27
1187 16 121 46 14 28
1187 17 109 48 12 30
1187 18 91 46 14 33
1187 19 99 46 15 31
1187 23 235 41 12 27
1187 24 243 40 11 27
1187 25 256 95 16 38
1187 26 241 92 18 42
1187 27 267 1 10 13
1187 27 268 114 13 40
1187 28 277 111 17 43
1187 39 515 427 57 102
1187 40 519 384 48 70
1187 41 275 131 18 50
1187 42 260 136 22 47
1187 43 235 74 13 36
1187 44 242 75 14 35
1187 45 413 83 17 39
1187 46 416 91 14 34
1187 47 411 101 13 26
1187 48 278 104 15 40
1187 49 198 181 23 53
1187 50 349 57 12 30
1188 1 253 262 34 74
1188 2 290 278 31 71
1188 3 252 277 32 73
1188 13 124 28 13 23
1188 14 101 34 12 25
1188 15 112 48 13 27
1188 16 121 46 14 28
1188 17 109 48 12 30
1188 18 91 46 14 33
1188 19 99 46 15 31
1188 23 235 41 12 27
1188 24 243 40 11 27
1188 25 256 95 16 38
1188 26 242 94 17 40
1188 27 267 1 10 13
1188 27 268 114 13 40
1188 28 277 111 17 43
1188 39 515 427 57 102
1188 40 519 384 48 69
1188 41 272 131 21 49
1188 42 260 136 22 47
1188 43 235 74 13 36
1188 44 242 75 14 34
1188 45 413 83 17 39
1188 46 416 91 14 34
1188 47 411 101 13 26
1188 48 278 104 15 40
1188 49 198 181 23 54
1188 50 349 57 12 30
1189 1 252 262 34 75
1189 2 290 278 31 71
1189 3 252 277 32 73
1189 13 124 26 13 25
1189 14 100 34 12 25
1189 15 112 48 13 27
1189 16 121 47 14 27
1189 17 109 48 12 30
1189 18 91 46 14 33
1189 19 99 45 15 32
1189 23 233 39 13 28
1189 24 243 40 11 27
1189 25 255 95 16 38
1189 26 242 94 17 40
1189 27 268 1 10 13
1189 27 268 113 13 41
1189 28 277 110 16 44
1189 39 514 427 56 103
1189 40 519 384 44 66
1189 41 271 131 21 49
1189 42 259 136 22 48
1189 43 235 74 13 36
1189 44 242 75 14 34
1189 45 413 83 17 39
1189 46 416 91 14 34
1189 47 410 102 13 26
1189 48 278 103 15 41
1189 49 198 180 24 55
1189 50 349 58 12 30
1190 1 253 262 36 74
1190 2 290 278 31 71
1190 3 252 277 32 73
1190 13 124 26 13 25
1190 14 100 34 12 25
1190 15 112 48 13 27
1190 16 120 46 15 28
1190 17 108 47 12 31
1190 18 91 46 14 33
1190 19 99 45 15 32
1190 23 233 39 13 28
1190 24 242 40 11 27
1190 25 255 93 16 39
1190 26 242 94 17 39
1190 27 268 1 10 13
1190 27 269 113 13 42
1190 28 277 109 16 45
1190 39 514 426 56 103
1190 40 519 383 45 68
1190 41 268 131 24 49
1190 42 258 136 25 48
1190 43 236 74 13 36
1190 44 242 75 14 33
1190 45 412 83 17 39
1190 46 415 90 14 35
1190 47 410 102 13 26
1190 48 277 102 16 42
1190 49 198 180 23 54
1190 50 349 58 12 30
1191 1 253 262 36 74
1191 2 291 278 31 71
1191 3 252 277 32 73
1191 13 124 26 13 25
1191 14 100 34 12 25
1191 15 110 48 15 27
1191 16 121 47 14 28
1191 17 108 48 12 30
1191 18 90 46 14 33
1191 19 99 45 15 32
1191 23 233 39 13 28
1191 24 242 40 11 27
1191 25 254 93 16 40
1191 26 242 94 16 38
1191 27 268 1 10 13
1191 27 268 113 13 42
1191 28 276 109 16 45
1191 39 513 426 56 101
1191 40 519 383 44 64
1191 41 267 131 24 49
1191 42 257 136 25 48
1191 43 236 74 13 36
1191 44 243 76 14 33
1191 45 412 83 16 37
1191 46 415 90 14 35
1191 47 409 102 13 26
1191 48 280 103 15 40
1191 49 198 176 23 55
1191 50 349 58 12 30
1192 1 253 262 36 74
1192 2 291 278 31 71
1192 3 252 272 34 78
1192 13 124 26 13 25
1192 14 100 34 12 25
1192 15 110 48 15 27
1192 16 120 46 14 28
1192 17 108 47 12 30
1192 18 90 46 14 33
1192 19 98 45 15 32
1192 23 233 39 13 28
1192 24 242 40 11 27
1192 25 254 93 15 38
1192 26 242 94 15 38
1192 27 268 1 10 13
1192 27 268 113 13 42
1192 28 275 109 17 45
1192 39 513 426 56 101
1192 40 517 381 48 69
1192 41 268 131 24 50
1192 42 259 136 22 48
1192 43 236 76 13 34
1192 44 243 76 13 33
1192 45 412 83 16 37
1192 46 414 90 14 35
1192 47 408 102 13 25
1192 48 283 103 20 43
1192 49 198 176 24 53
1192 50 349 58 12 30
1193 1 253 262 36 74
1193 2 291 278 31 71
1193 3 253 278 31 72
1193 13 124 26 13 25
1193 14 99 34 12 25
1193 15 110 48 15 27
1193 16 120 46 14 27
1193 17 108 47 12 30
1193 18 90 46 14 33
1193 19 98 45 15 32
1193 23 233 39 13 28
1193 24 242 39 11 28
1193 25 254 93 16 41
1193 26 242 94 15 38
1193 27 268 1 10 13
1193 27 268 113 13 42
1193 28 275 109 17 46
1193 39 513 426 56 103
1193 40 516 381 48 69
1193 41 267 131 24 50
1193 42 258 136 21 48
1193 43 236 74 13 36
1193 44 243 76 14 33
1193 45 411 83 16 37
1193 46 414 90 14 35
1193 47 407 101 13 26
1193 48 284 103 20 43
1193 49 198 175 19 50
1193 50 349 58 12 30
1194 1 253 262 36 74
1194 2 291 278 31 71
1194 3 252 281 30 68
1194 13 124 26 13 25
1194 14 99 34 12 25
1194 15 110 48 14 27
1194 16 120 46 14 27
1194 17 108 47 12 30
1194 18 90 46 14 33
1194 19 98 45 15 32
1194 23 233 39 13 28
1194 24 242 39 11 28
1194 25 254 93 16 41
1194 26 242 94 15 38
1194 27 267 1 10 13
1194 27 268 113 13 43
1194 28 275 109 17 46
1194 39 513 426 56 103
1194 40 516 381 46 71
1194 41 267 131 24 50
1194 42 258 136 21 48
1194 43 236 74 13 36
1194 44 243 76 14 33
1194 45 411 83 16 37
1194 46 414 90 14 35
1194 47 407 101 13 26
1194 48 284 103 20 43
1194 49 198 175 19 46
1194 50 349 58 12 30
1195 1 253 262 36 74
1195 2 292 278 31 71
1195 3 253 282 30 67
1195 13 124 26 13 24
1195 14 99 34 12 25
1195 15 110 48 14 27
1195 16 120 46 14 27
1195 17 107 46 12 31
1195 18 88 46 16 30
1195 19 98 45 15 32
1195 23 232 39 13 28
1195 24 241 39 11 28
1195 25 254 93 16 41
1195 26 242 94 15 38
1195 27 267 1 10 13
1195 27 268 113 13 43
1195 28 275 109 17 46
1195 39 515 425 54 104
1195 40 516 381 46 71
1195 41 266 131 24 51
1195 42 257 133 18 51
1195 43 237 74 13 36
1195 44 244 75 14 34
1195 45 411 83 16 37
1195 46 414 90 14 35
1195 47 408 102 13 25
1195 48 285 103 20 43
1195 49 198 175 19 52
1195 50 349 58 12 30
1196 1 253 262 36 74
1196 2 292 278 31 71
1196 3 253 282 30 67
1196 13 123 26 13 24
1196 14 99 34 12 25
1196 15 110 48 14 27
1196 16 120 46 14 27
1196 17 107 46 12 31
1196 18 88 46 16 30
1196 19 98 45 15 32
1196 23 232 39 13 28
1196 24 241 39 11 28
1196 25 253 93 16 41
1196 26 242 94 15 37
1196 27 267 1 10 13
1196 27 267 113 13 43
1196 28 274 108 18 46
1196 39 515 425 54 104
1196 40 515 381 46 71
1196 41 265 131 23 48
1196 42 257 133 17 49
1196 43 237 74 13 36
1196 44 244 75 14 34
1196 45 410 83 16 37
1196 46 413 90 14 35
1196 47 407 102 13 25
1196 48 287 104 20 43
1196 49 198 174 19 51
1196 50 349 58 12 30
1197 1 253 262 36 74
1197 2 293 278 31 71
1197 3 253 282 30 67
1197 13 124 26 12 23
1197 14 99 34 12 25
1197 15 110 47 14 29
1197 16 120 46 14 27
1197 17 107 46 12 31
1197 18 87 46 16 31
1197 19 98 45 15 32
1197 23 232 39 13 28
1197 24 241 39 11 27
1197 25 253 93 16 41
1197 26 242 94 14 38
1197 27 267 1 10 13
1197 27 268 113 12 40
1197 28 273 108 18 48
1197 39 515 424 54 105
1197 40 514 381 45 75
1197 41 266 131 20 48
1197 42 256 133 17 50
1197 43 237 74 13 36
1197 44 244 75 14 34
1197 45 410 83 16 37
1197 46 413 90 15 37
1197 47 407 102 13 25
1197 48 288 104 20 43
1197 49 198 174 19 50
1197 50 349 58 12 31
1198 1 253 262 36 74
1198 2 294 278 31 70
1198 3 253 282 30 67
1198 13 124 26 12 23
1198 14 99 34 12 25
1198 15 110 47 14 29
1198 16 119 46 14 28
1198 17 107 46 12 31
1198 18 87 44 16 32
1198 19 98 45 15 32
1198 23 232 39 13 28
1198 24 241 39 11 28
1198 25 252 92 18 39
1198 26 242 94 14 38
1198 27 267 1 10 13
1198 27 267 113 12 40
1198 28 273 108 18 48
1198 39 514 424 55 106
1198 40 512 381 46 75
1198 41 265 131 20 48
1198 42 253 132 19 51
1198 43 237 74 13 36
1198 44 244 76 14 34
1198 45 410 83 16 37
1198 46 413 90 15 37
1198 47 407 102 13 26
1198 48 286 104 23 42
1198 49 196 174 22 52
1198 50 349 58 12 31
1199 1 253 262 36 74
1199 2 295 278 31 70
1199 3 253 282 30 68
1199 13 123 26 12 23
1199 14 99 34 12 25
1199 15 110 47 14 29
1199 16 119 45 15 28
1199 17 107 46 12 31
1199 18 87 44 16 32
1199 19 98 45 15 32
1199 23 231 39 13 28
1199 24 241 39 11 27
1199 25 252 92 18 39
1199 26 241 94 15 38
1199 27 267 1 10 13
1199 27 267 112 12 41
1199 28 274 108 16 46
1199 39 514 424 55 106
1199 40 511 382 46 77
1199 41 263 131 18 48
1199 42 250 132 21 52
1199 43 238 76 13 35
1199 44 244 76 14 34
1199 45 409 82 16 37
1199 46 412 90 13 36
1199 47 407 102 13 26
1199 48 287 104 21 42
1199 49 196 174 21 50
1199 50 349 58 12 31
1200 1 253 262 36 74
1200 2 294 278 31 71
1200 3 253 282 30 68
1200 13 123 26 12 23
1200 14 99 34 12 23
1200 15 110 47 14 29
1200 16 119 45 15 28
1200 17 107 46 12 31
1200 18 87 44 16 32
1200 19 98 45 15 32
1200 23 231 39 13 28
1200 24 241 39 11 27
1200 25 252 92 18 39
1200 26 241 94 15 38
1200 27 267 1 10 13
1200 27 267 112 13 39
1200 28 274 108 16 46
1200 39 516 425 53 105
1200 40 511 382 46 77
1200 41 263 131 18 48
1200 42 250 132 21 52
1200 43 238 76 13 35
1200 44 244 76 14 34
1200 45 409 82 16 37
1200 46 412 90 13 36
1200 47 407 101 13 26
1200 48 287 104 21 42
1200 49 196 174 20 51
1200 50 349 58 12 31
1201 1 253 263 34 73
1201 2 295 277 30 73
1201 3 253 275 30 75
1201 13 123 26 12 23
1201 14 98 33 12 24
1201 15 108 47 14 29
1201 16 119 45 15 29
1201 17 106 46 12 31
1201 18 87 44 15 32
1201 19 98 45 15 32
1201 23 231 39 13 28
1201 24 240 38 11 29
1201 25 252 92 18 39
1201 26 240 94 14 36
1201 27 267 1 10 13
1201 27 266 112 13 40
1201 28 274 108 16 46
1201 39 516 425 53 105
1201 40 507 384 49 75
1201 41 262 131 18 48
1201 42 247 134 23 49
1201 43 241 78 12 33
1201 44 247 76 12 33
1201 45 409 82 16 38
1201 46 413 90 12 36
1201 47 406 101 13 26
1201 48 287 103 21 43
1201 49 196 174 20 49
1201 50 349 58 12 31
